flight,drone_image,pos_lat,pos_lng,hard_negs,easy_negs
01,Datasets/UAV_VisLoc_dataset/01/drone/01_0001.JPG,29.7615715,115.9747732,"29.7723513,115.9933954;29.7723513,115.9913262;29.7418087,115.9954645;29.7507918,115.9954645","29.7076729,115.9727041;29.7507918,115.9727041"
01,Datasets/UAV_VisLoc_dataset/01/drone/01_0002.JPG,29.7597749,115.9747732,"29.7418087,115.9954645;29.7723513,115.9933954;29.7436053,115.9954645;29.7418087,115.9933954","29.7292323,115.9789115;29.7292323,115.9747732"
01,Datasets/UAV_VisLoc_dataset/01/drone/01_0003.JPG,29.7597749,115.9747732,"29.7418087,115.9954645;29.7436053,115.9954645;29.7418087,115.9933954;29.7400121,115.9954645","29.7454019,115.9809806;29.7076729,115.9706350"
01,Datasets/UAV_VisLoc_dataset/01/drone/01_0004.JPG,29.7579783,115.9747732,"29.7418087,115.9954645;29.7436053,115.9954645;29.7418087,115.9933954;29.7400121,115.9933954","29.7076729,115.9768424;29.7346222,115.9809806"
01,Datasets/UAV_VisLoc_dataset/01/drone/01_0005.JPG,29.7579783,115.9747732,"29.7418087,115.9954645;29.7436053,115.9954645;29.7400121,115.9933954;29.7418087,115.9933954","29.7471986,115.9892571;29.7489952,115.9892571"
01,Datasets/UAV_VisLoc_dataset/01/drone/01_0006.JPG,29.7579783,115.9747732,"29.7723513,115.9871880;29.7687580,115.9747732;29.7436053,115.9954645;29.7418087,115.9954645","29.7346222,115.9706350;29.7525884,115.9892571"
01,Datasets/UAV_VisLoc_dataset/01/drone/01_0007.JPG,29.7561817,115.9747732,"29.7723513,115.9871880;29.7687580,115.9747732;29.7436053,115.9954645;29.7418087,115.9954645","29.7615715,115.9871880;29.7292323,115.9913262"
01,Datasets/UAV_VisLoc_dataset/01/drone/01_0008.JPG,29.7561817,115.9747732,"29.7436053,115.9954645;29.7418087,115.9954645;29.7418087,115.9933954;29.7436053,115.9933954","29.7238425,115.9954645;29.7130627,115.9809806"
01,Datasets/UAV_VisLoc_dataset/01/drone/01_0009.JPG,29.7561817,115.9747732,"29.7418087,115.9954645;29.7400121,115.9933954;29.7723513,115.9871880;29.7436053,115.9954645","29.7418087,115.9830497;29.7543850,115.9913262"
01,Datasets/UAV_VisLoc_dataset/01/drone/01_0010.JPG,29.7543850,115.9747732,"29.7418087,115.9954645;29.7400121,115.9933954;29.7400121,115.9954645;29.7436053,115.9954645","29.7364188,115.9727041;29.7615715,115.9871880"
01,Datasets/UAV_VisLoc_dataset/01/drone/01_0011.JPG,29.7543850,115.9747732,"29.7418087,115.9954645;29.7400121,115.9933954;29.7400121,115.9954645;29.7418087,115.9933954","29.7148594,115.9954645;29.7292323,115.9892571"
01,Datasets/UAV_VisLoc_dataset/01/drone/01_0012.JPG,29.7525884,115.9747732,"29.7418087,115.9954645;29.7400121,115.9933954;29.7400121,115.9954645;29.7418087,115.9933954","29.7669614,115.9706350;29.7364188,115.9809806"
01,Datasets/UAV_VisLoc_dataset/01/drone/01_0013.JPG,29.7525884,115.9747732,"29.7418087,115.9954645;29.7400121,115.9933954;29.7400121,115.9954645;29.7418087,115.9933954","29.7615715,115.9954645;29.7633682,115.9954645"
01,Datasets/UAV_VisLoc_dataset/01/drone/01_0014.JPG,29.7525884,115.9747732,"29.7418087,115.9954645;29.7400121,115.9933954;29.7400121,115.9954645;29.7418087,115.9933954","29.7418087,115.9706350;29.7112661,115.9913262"
01,Datasets/UAV_VisLoc_dataset/01/drone/01_0015.JPG,29.7507918,115.9747732,"29.7723513,115.9933954;29.7723513,115.9913262;29.7705546,115.9933954;29.7687580,115.9933954","29.7238425,115.9809806;29.7471986,115.9954645"
01,Datasets/UAV_VisLoc_dataset/01/drone/01_0016.JPG,29.7507918,115.9747732,"29.7723513,115.9933954;29.7723513,115.9913262;29.7705546,115.9933954;29.7346222,115.9933954","29.7705546,115.9933954;29.7292323,115.9871880"
01,Datasets/UAV_VisLoc_dataset/01/drone/01_0017.JPG,29.7489952,115.9747732,"29.7418087,115.9954645;29.7400121,115.9933954;29.7400121,115.9954645;29.7418087,115.9933954","29.7471986,115.9871880;29.7597749,115.9747732"
01,Datasets/UAV_VisLoc_dataset/01/drone/01_0018.JPG,29.7489952,115.9747732,"29.7418087,115.9954645;29.7400121,115.9933954;29.7723513,115.9871880;29.7400121,115.9954645","29.7238425,115.9892571;29.7130627,115.9913262"
01,Datasets/UAV_VisLoc_dataset/01/drone/01_0019.JPG,29.7489952,115.9747732,"29.7418087,115.9954645;29.7418087,115.9933954;29.7436053,115.9954645;29.7400121,115.9954645","29.7328256,115.9789115;29.7040796,115.9830497"
01,Datasets/UAV_VisLoc_dataset/01/drone/01_0020.JPG,29.7471986,115.9747732,"29.7687580,115.9747732;29.7705546,115.9747732;29.7669614,115.9747732;29.7723513,115.9809806","29.7112661,115.9809806;29.7561817,115.9954645"
01,Datasets/UAV_VisLoc_dataset/01/drone/01_0021.JPG,29.7471986,115.9747732,"29.7687580,115.9747732;29.7202492,115.9789115;29.7202492,115.9809806;29.7220458,115.9789115","29.7579783,115.9706350;29.7687580,115.9747732"
01,Datasets/UAV_VisLoc_dataset/01/drone/01_0022.JPG,29.7454019,115.9747732,"29.7220458,115.9809806;29.7184526,115.9789115;29.7202492,115.9789115;29.7202492,115.9809806","29.7274357,115.9809806;29.7705546,115.9913262"
01,Datasets/UAV_VisLoc_dataset/01/drone/01_0023.JPG,29.7454019,115.9747732,"29.7130627,115.9933954;29.7112661,115.9933954;29.7166560,115.9933954;29.7148594,115.9954645","29.7238425,115.9954645;29.7669614,115.9871880"
01,Datasets/UAV_VisLoc_dataset/01/drone/01_0024.JPG,29.7454019,115.9747732,"29.7130627,115.9933954;29.7148594,115.9933954;29.7148594,115.9954645;29.7166560,115.9933954","29.7597749,115.9933954;29.7310290,115.9809806"
01,Datasets/UAV_VisLoc_dataset/01/drone/01_0025.JPG,29.7436053,115.9747732,"29.7130627,115.9933954;29.7148594,115.9933954;29.7166560,115.9933954;29.7148594,115.9954645","29.7310290,115.9747732;29.7094695,115.9851189"
01,Datasets/UAV_VisLoc_dataset/01/drone/01_0026.JPG,29.7436053,115.9747732,"29.7669614,115.9871880;29.7705546,115.9871880;29.7723513,115.9809806;29.7471986,115.9851189","29.7220458,115.9851189;29.7310290,115.9871880"
01,Datasets/UAV_VisLoc_dataset/01/drone/01_0027.JPG,29.7418087,115.9747732,"29.7669614,115.9871880;29.7471986,115.9851189;29.7471986,115.9830497;29.7489952,115.9851189","29.7400121,115.9871880;29.7525884,115.9809806"
01,Datasets/UAV_VisLoc_dataset/01/drone/01_0028.JPG,29.7418087,115.9747732,"29.7489952,115.9933954;29.7489952,115.9954645;29.7507918,115.9954645;29.7723513,115.9768424","29.7292323,115.9768424;29.7112661,115.9871880"
01,Datasets/UAV_VisLoc_dataset/01/drone/01_0029.JPG,29.7418087,115.9747732,"29.7454019,115.9954645;29.7471986,115.9954645;29.7454019,115.9933954;29.7436053,115.9933954","29.7543850,115.9830497;29.7489952,115.9954645"
01,Datasets/UAV_VisLoc_dataset/01/drone/01_0030.JPG,29.7400121,115.9747732,"29.7454019,115.9954645;29.7436053,115.9954645;29.7436053,115.9933954;29.7454019,115.9933954","29.7202492,115.9954645;29.7579783,115.9933954"
01,Datasets/UAV_VisLoc_dataset/01/drone/01_0031.JPG,29.7400121,115.9747732,"29.7454019,115.9954645;29.7436053,115.9954645;29.7436053,115.9933954;29.7454019,115.9933954","29.7292323,115.9768424;29.7615715,115.9727041"
01,Datasets/UAV_VisLoc_dataset/01/drone/01_0032.JPG,29.7382154,115.9747732,"29.7454019,115.9954645;29.7436053,115.9933954;29.7454019,115.9933954;29.7436053,115.9954645","29.7669614,115.9809806;29.7256391,115.9830497"
01,Datasets/UAV_VisLoc_dataset/01/drone/01_0033.JPG,29.7382154,115.9747732,"29.7633682,115.9954645;29.7615715,115.9727041;29.7597749,115.9706350;29.7597749,115.9727041","29.7166560,115.9789115;29.7525884,115.9933954"
01,Datasets/UAV_VisLoc_dataset/01/drone/01_0034.JPG,29.7382154,115.9747732,"29.7633682,115.9954645;29.7615715,115.9727041;29.7597749,115.9706350;29.7597749,115.9727041","29.7633682,115.9727041;29.7094695,115.9933954"
01,Datasets/UAV_VisLoc_dataset/01/drone/01_0035.JPG,29.7364188,115.9747732,"29.7633682,115.9954645;29.7615715,115.9727041;29.7597749,115.9727041;29.7597749,115.9706350","29.7615715,115.9727041;29.7022830,115.9768424"
01,Datasets/UAV_VisLoc_dataset/01/drone/01_0036.JPG,29.7364188,115.9747732,"29.7633682,115.9954645;29.7615715,115.9727041;29.7651648,115.9954645;29.7597749,115.9727041","29.7597749,115.9830497;29.7597749,115.9768424"
01,Datasets/UAV_VisLoc_dataset/01/drone/01_0037.JPG,29.7346222,115.9747732,"29.7615715,115.9727041;29.7633682,115.9954645;29.7597749,115.9727041;29.7597749,115.9706350","29.7543850,115.9871880;29.7364188,115.9871880"
01,Datasets/UAV_VisLoc_dataset/01/drone/01_0038.JPG,29.7346222,115.9747732,"29.7615715,115.9727041;29.7705546,115.9789115;29.7597749,115.9727041;29.7633682,115.9954645","29.7454019,115.9809806;29.7597749,115.9768424"
01,Datasets/UAV_VisLoc_dataset/01/drone/01_0039.JPG,29.7346222,115.9747732,"29.7615715,115.9727041;29.7633682,115.9954645;29.7597749,115.9727041;29.7705546,115.9789115","29.7454019,115.9933954;29.7418087,115.9871880"
01,Datasets/UAV_VisLoc_dataset/01/drone/01_0040.JPG,29.7328256,115.9747732,"29.7651648,115.9954645;29.7471986,115.9747732;29.7615715,115.9747732;29.7633682,115.9954645","29.7166560,115.9851189;29.7094695,115.9933954"
01,Datasets/UAV_VisLoc_dataset/01/drone/01_0041.JPG,29.7328256,115.9747732,"29.7651648,115.9954645;29.7687580,115.9851189;29.7471986,115.9747732;29.7615715,115.9747732","29.7346222,115.9954645;29.7525884,115.9789115"
01,Datasets/UAV_VisLoc_dataset/01/drone/01_0042.JPG,29.7310290,115.9747732,"29.7651648,115.9954645;29.7471986,115.9747732;29.7615715,115.9747732;29.7687580,115.9851189","29.7400121,115.9809806;29.7633682,115.9954645"
01,Datasets/UAV_VisLoc_dataset/01/drone/01_0043.JPG,29.7310290,115.9747732,"29.7651648,115.9954645;29.7471986,115.9747732;29.7615715,115.9747732;29.7633682,115.9954645","29.7058762,115.9892571;29.7579783,115.9913262"
01,Datasets/UAV_VisLoc_dataset/01/drone/01_0044.JPG,29.7310290,115.9747732,"29.7615715,115.9727041;29.7705546,115.9789115;29.7597749,115.9727041;29.7597749,115.9706350","29.7507918,115.9747732;29.7454019,115.9913262"
01,Datasets/UAV_VisLoc_dataset/01/drone/01_0045.JPG,29.7292323,115.9747732,"29.7615715,115.9727041;29.7705546,115.9789115;29.7597749,115.9727041;29.7597749,115.9706350","29.7076729,115.9747732;29.7454019,115.9830497"
01,Datasets/UAV_VisLoc_dataset/01/drone/01_0046.JPG,29.7292323,115.9747732,"29.7471986,115.9747732;29.7651648,115.9954645;29.7615715,115.9727041;29.7615715,115.9747732","29.7489952,115.9706350;29.7202492,115.9933954"
01,Datasets/UAV_VisLoc_dataset/01/drone/01_0047.JPG,29.7274357,115.9747732,"29.7687580,115.9851189;29.7705546,115.9871880;29.7687580,115.9871880;29.7615715,115.9747732","29.7274357,115.9871880;29.7382154,115.9768424"
01,Datasets/UAV_VisLoc_dataset/01/drone/01_0048.JPG,29.7274357,115.9747732,"29.7687580,115.9851189;29.7705546,115.9871880;29.7687580,115.9871880;29.7561817,115.9789115","29.7184526,115.9871880;29.7148594,115.9830497"
01,Datasets/UAV_VisLoc_dataset/01/drone/01_0049.JPG,29.7274357,115.9747732,"29.7454019,115.9954645;29.7436053,115.9954645;29.7436053,115.9933954;29.7454019,115.9933954","29.7633682,115.9933954;29.7723513,115.9871880"
01,Datasets/UAV_VisLoc_dataset/01/drone/01_0050.JPG,29.7256391,115.9747732,"29.7346222,115.9933954;29.7471986,115.9954645;29.7454019,115.9954645;29.7454019,115.9933954","29.7615715,115.9892571;29.7166560,115.9747732"
01,Datasets/UAV_VisLoc_dataset/01/drone/01_0051.JPG,29.7256391,115.9747732,"29.7723513,115.9933954;29.7256391,115.9954645;29.7723513,115.9913262;29.7705546,115.9933954","29.7633682,115.9933954;29.7220458,115.9871880"
01,Datasets/UAV_VisLoc_dataset/01/drone/01_0052.JPG,29.7238425,115.9747732,"29.7256391,115.9954645;29.7723513,115.9933954;29.7723513,115.9913262;29.7238425,115.9954645","29.7238425,115.9913262;29.7382154,115.9747732"
01,Datasets/UAV_VisLoc_dataset/01/drone/01_0053.JPG,29.7238425,115.9747732,"29.7723513,115.9933954;29.7256391,115.9954645;29.7723513,115.9913262;29.7238425,115.9954645","29.7094695,115.9809806;29.7454019,115.9830497"
01,Datasets/UAV_VisLoc_dataset/01/drone/01_0054.JPG,29.7238425,115.9747732,"29.7256391,115.9954645;29.7723513,115.9933954;29.7723513,115.9913262;29.7705546,115.9933954","29.7597749,115.9789115;29.7723513,115.9933954"
01,Datasets/UAV_VisLoc_dataset/01/drone/01_0055.JPG,29.7220458,115.9747732,"29.7256391,115.9954645;29.7723513,115.9933954;29.7723513,115.9913262;29.7238425,115.9954645","29.7364188,115.9747732;29.7364188,115.9768424"
01,Datasets/UAV_VisLoc_dataset/01/drone/01_0056.JPG,29.7220458,115.9747732,"29.7256391,115.9954645;29.7723513,115.9933954;29.7238425,115.9954645;29.7130627,115.9892571","29.7310290,115.9768424;29.7615715,115.9809806"
01,Datasets/UAV_VisLoc_dataset/01/drone/01_0057.JPG,29.7202492,115.9747732,"29.7256391,115.9954645;29.7723513,115.9933954;29.7238425,115.9954645;29.7723513,115.9913262","29.7022830,115.9913262;29.7310290,115.9871880"
01,Datasets/UAV_VisLoc_dataset/01/drone/01_0058.JPG,29.7202492,115.9747732,"29.7723513,115.9933954;29.7723513,115.9913262;29.7256391,115.9954645;29.7705546,115.9933954","29.7076729,115.9727041;29.7597749,115.9706350"
01,Datasets/UAV_VisLoc_dataset/01/drone/01_0059.JPG,29.7202492,115.9747732,"29.7723513,115.9933954;29.7723513,115.9913262;29.7256391,115.9954645;29.7705546,115.9933954","29.7543850,115.9789115;29.7400121,115.9727041"
01,Datasets/UAV_VisLoc_dataset/01/drone/01_0060.JPG,29.7184526,115.9747732,"29.7723513,115.9933954;29.7723513,115.9913262;29.7256391,115.9954645;29.7687580,115.9933954","29.7130627,115.9830497;29.7669614,115.9830497"
01,Datasets/UAV_VisLoc_dataset/01/drone/01_0061.JPG,29.7184526,115.9747732,"29.7723513,115.9933954;29.7723513,115.9913262;29.7687580,115.9933954;29.7256391,115.9954645","29.7130627,115.9851189;29.7687580,115.9892571"
01,Datasets/UAV_VisLoc_dataset/01/drone/01_0062.JPG,29.7166560,115.9747732,"29.7723513,115.9933954;29.7651648,115.9789115;29.7723513,115.9913262;29.7705546,115.9933954","29.7418087,115.9809806;29.7543850,115.9789115"
01,Datasets/UAV_VisLoc_dataset/01/drone/01_0063.JPG,29.7166560,115.9747732,"29.7723513,115.9933954;29.7723513,115.9913262;29.7651648,115.9789115;29.7256391,115.9954645","29.7346222,115.9789115;29.7148594,115.9933954"
01,Datasets/UAV_VisLoc_dataset/01/drone/01_0064.JPG,29.7166560,115.9747732,"29.7723513,115.9933954;29.7256391,115.9954645;29.7723513,115.9913262;29.7705546,115.9933954","29.7292323,115.9830497;29.7525884,115.9933954"
01,Datasets/UAV_VisLoc_dataset/01/drone/01_0065.JPG,29.7148594,115.9747732,"29.7723513,115.9933954;29.7723513,115.9913262;29.7256391,115.9954645;29.7705546,115.9933954","29.7489952,115.9747732;29.7328256,115.9851189"
01,Datasets/UAV_VisLoc_dataset/01/drone/01_0066.JPG,29.7148594,115.9747732,"29.7723513,115.9933954;29.7723513,115.9913262;29.7256391,115.9954645;29.7705546,115.9933954","29.7310290,115.9954645;29.7076729,115.9892571"
01,Datasets/UAV_VisLoc_dataset/01/drone/01_0067.JPG,29.7130627,115.9747732,"29.7723513,115.9933954;29.7723513,115.9913262;29.7256391,115.9954645;29.7705546,115.9933954","29.7705546,115.9871880;29.7310290,115.9913262"
01,Datasets/UAV_VisLoc_dataset/01/drone/01_0068.JPG,29.7130627,115.9747732,"29.7723513,115.9933954;29.7723513,115.9913262;29.7256391,115.9954645;29.7705546,115.9933954","29.7669614,115.9892571;29.7418087,115.9768424"
01,Datasets/UAV_VisLoc_dataset/01/drone/01_0069.JPG,29.7130627,115.9747732,"29.7723513,115.9933954;29.7723513,115.9913262;29.7256391,115.9954645;29.7705546,115.9933954","29.7382154,115.9954645;29.7274357,115.9768424"
01,Datasets/UAV_VisLoc_dataset/01/drone/01_0070.JPG,29.7112661,115.9747732,"29.7723513,115.9933954;29.7723513,115.9913262;29.7256391,115.9954645;29.7705546,115.9933954","29.7705546,115.9913262;29.7274357,115.9747732"
01,Datasets/UAV_VisLoc_dataset/01/drone/01_0071.JPG,29.7112661,115.9747732,"29.7723513,115.9933954;29.7705546,115.9933954;29.7723513,115.9913262;29.7687580,115.9933954","29.7274357,115.9706350;29.7561817,115.9706350"
01,Datasets/UAV_VisLoc_dataset/01/drone/01_0072.JPG,29.7112661,115.9747732,"29.7723513,115.9933954;29.7651648,115.9789115;29.7705546,115.9933954;29.7687580,115.9933954","29.7561817,115.9913262;29.7382154,115.9892571"
01,Datasets/UAV_VisLoc_dataset/01/drone/01_0073.JPG,29.7094695,115.9747732,"29.7723513,115.9933954;29.7651648,115.9789115;29.7687580,115.9933954;29.7705546,115.9933954","29.7148594,115.9892571;29.7130627,115.9871880"
01,Datasets/UAV_VisLoc_dataset/01/drone/01_0074.JPG,29.7094695,115.9747732,"29.7723513,115.9933954;29.7723513,115.9913262;29.7651648,115.9789115;29.7705546,115.9933954","29.7184526,115.9747732;29.7669614,115.9830497"
01,Datasets/UAV_VisLoc_dataset/01/drone/01_0075.JPG,29.7076729,115.9747732,"29.7723513,115.9933954;29.7723513,115.9913262;29.7705546,115.9933954;29.7256391,115.9954645","29.7543850,115.9809806;29.7220458,115.9892571"
01,Datasets/UAV_VisLoc_dataset/01/drone/01_0076.JPG,29.7076729,115.9747732,"29.7723513,115.9933954;29.7256391,115.9954645;29.7705546,115.9933954;29.7651648,115.9789115","29.7292323,115.9747732;29.7615715,115.9747732"
01,Datasets/UAV_VisLoc_dataset/01/drone/01_0077.JPG,29.7076729,115.9747732,"29.7723513,115.9933954;29.7705546,115.9933954;29.7687580,115.9933954;29.7723513,115.9913262","29.7202492,115.9851189;29.7436053,115.9892571"
01,Datasets/UAV_VisLoc_dataset/01/drone/01_0078.JPG,29.7058762,115.9747732,"29.7723513,115.9933954;29.7723513,115.9913262;29.7705546,115.9933954;29.7687580,115.9933954","29.7633682,115.9913262;29.7040796,115.9913262"
01,Datasets/UAV_VisLoc_dataset/01/drone/01_0079.JPG,29.7058762,115.9747732,"29.7723513,115.9933954;29.7723513,115.9913262;29.7705546,115.9933954;29.7687580,115.9933954","29.7400121,115.9851189;29.7543850,115.9913262"
01,Datasets/UAV_VisLoc_dataset/01/drone/01_0080.JPG,29.7058762,115.9768424,"29.7256391,115.9954645;29.7723513,115.9933954;29.7723513,115.9913262;29.7705546,115.9933954","29.7364188,115.9851189;29.7292323,115.9747732"
01,Datasets/UAV_VisLoc_dataset/01/drone/01_0081.JPG,29.7058762,115.9768424,"29.7723513,115.9933954;29.7256391,115.9954645;29.7723513,115.9913262;29.7705546,115.9933954","29.7471986,115.9768424;29.7184526,115.9851189"
01,Datasets/UAV_VisLoc_dataset/01/drone/01_0082.JPG,29.7076729,115.9768424,"29.7723513,115.9933954;29.7723513,115.9913262;29.7256391,115.9954645;29.7705546,115.9933954","29.7489952,115.9933954;29.7507918,115.9851189"
01,Datasets/UAV_VisLoc_dataset/01/drone/01_0083.JPG,29.7076729,115.9768424,"29.7723513,115.9933954;29.7256391,115.9954645;29.7723513,115.9913262;29.7651648,115.9789115","29.7579783,115.9809806;29.7364188,115.9851189"
01,Datasets/UAV_VisLoc_dataset/01/drone/01_0084.JPG,29.7094695,115.9768424,"29.7723513,115.9933954;29.7723513,115.9913262;29.7256391,115.9954645;29.7705546,115.9933954","29.7220458,115.9830497;29.7076729,115.9933954"
01,Datasets/UAV_VisLoc_dataset/01/drone/01_0085.JPG,29.7094695,115.9768424,"29.7723513,115.9933954;29.7723513,115.9913262;29.7705546,115.9933954;29.7256391,115.9954645","29.7220458,115.9913262;29.7310290,115.9892571"
01,Datasets/UAV_VisLoc_dataset/01/drone/01_0086.JPG,29.7094695,115.9768424,"29.7723513,115.9933954;29.7723513,115.9913262;29.7705546,115.9933954;29.7651648,115.9789115","29.7525884,115.9933954;29.7202492,115.9830497"
01,Datasets/UAV_VisLoc_dataset/01/drone/01_0087.JPG,29.7112661,115.9768424,"29.7723513,115.9933954;29.7651648,115.9789115;29.7705546,115.9933954;29.7687580,115.9933954","29.7220458,115.9851189;29.7471986,115.9913262"
01,Datasets/UAV_VisLoc_dataset/01/drone/01_0088.JPG,29.7112661,115.9768424,"29.7651648,115.9789115;29.7723513,115.9933954;29.7256391,115.9954645;29.7705546,115.9913262","29.7220458,115.9768424;29.7292323,115.9892571"
01,Datasets/UAV_VisLoc_dataset/01/drone/01_0089.JPG,29.7112661,115.9768424,"29.7723513,115.9933954;29.7256391,115.9954645;29.7687580,115.9933954;29.7723513,115.9913262","29.7471986,115.9871880;29.7723513,115.9851189"
01,Datasets/UAV_VisLoc_dataset/01/drone/01_0090.JPG,29.7130627,115.9768424,"29.7723513,115.9933954;29.7723513,115.9913262;29.7256391,115.9954645;29.7705546,115.9913262","29.7328256,115.9830497;29.7489952,115.9871880"
01,Datasets/UAV_VisLoc_dataset/01/drone/01_0091.JPG,29.7130627,115.9768424,"29.7723513,115.9933954;29.7723513,115.9913262;29.7256391,115.9954645;29.7705546,115.9933954","29.7022830,115.9913262;29.7292323,115.9871880"
01,Datasets/UAV_VisLoc_dataset/01/drone/01_0092.JPG,29.7148594,115.9768424,"29.7723513,115.9933954;29.7723513,115.9913262;29.7256391,115.9954645;29.7705546,115.9933954","29.7364188,115.9954645;29.7705546,115.9830497"
01,Datasets/UAV_VisLoc_dataset/01/drone/01_0093.JPG,29.7148594,115.9768424,"29.7723513,115.9933954;29.7723513,115.9913262;29.7256391,115.9954645;29.7705546,115.9933954","29.7597749,115.9830497;29.7400121,115.9830497"
01,Datasets/UAV_VisLoc_dataset/01/drone/01_0094.JPG,29.7148594,115.9768424,"29.7723513,115.9933954;29.7723513,115.9913262;29.7705546,115.9933954;29.7256391,115.9954645","29.7292323,115.9747732;29.7058762,115.9913262"
01,Datasets/UAV_VisLoc_dataset/01/drone/01_0095.JPG,29.7166560,115.9768424,"29.7723513,115.9933954;29.7256391,115.9954645;29.7723513,115.9913262;29.7651648,115.9789115","29.7418087,115.9809806;29.7525884,115.9851189"
01,Datasets/UAV_VisLoc_dataset/01/drone/01_0096.JPG,29.7166560,115.9768424,"29.7651648,115.9789115;29.7723513,115.9933954;29.7256391,115.9954645;29.7669614,115.9789115","29.7687580,115.9913262;29.7148594,115.9892571"
01,Datasets/UAV_VisLoc_dataset/01/drone/01_0097.JPG,29.7184526,115.9768424,"29.7651648,115.9789115;29.7723513,115.9933954;29.7256391,115.9954645;29.7705546,115.9913262","29.7454019,115.9747732;29.7400121,115.9933954"
01,Datasets/UAV_VisLoc_dataset/01/drone/01_0098.JPG,29.7184526,115.9768424,"29.7651648,115.9789115;29.7705546,115.9913262;29.7507918,115.9851189;29.7723513,115.9913262","29.7705546,115.9809806;29.7274357,115.9851189"
01,Datasets/UAV_VisLoc_dataset/01/drone/01_0099.JPG,29.7184526,115.9768424,"29.7705546,115.9913262;29.7507918,115.9851189;29.7651648,115.9789115;29.7723513,115.9913262","29.7454019,115.9789115;29.7436053,115.9830497"
01,Datasets/UAV_VisLoc_dataset/01/drone/01_0100.JPG,29.7202492,115.9768424,"29.7723513,115.9913262;29.7651648,115.9789115;29.7705546,115.9913262;29.7723513,115.9933954","29.7292323,115.9789115;29.7382154,115.9871880"
01,Datasets/UAV_VisLoc_dataset/01/drone/01_0101.JPG,29.7202492,115.9768424,"29.7705546,115.9954645;29.7471986,115.9768424;29.7471986,115.9789115;29.7723513,115.9954645","29.7633682,115.9706350;29.7346222,115.9706350"
01,Datasets/UAV_VisLoc_dataset/01/drone/01_0102.JPG,29.7220458,115.9768424,"29.7705546,115.9954645;29.7723513,115.9954645;29.7471986,115.9768424;29.7471986,115.9789115","29.7454019,115.9768424;29.7669614,115.9789115"
01,Datasets/UAV_VisLoc_dataset/01/drone/01_0103.JPG,29.7220458,115.9768424,"29.7705546,115.9954645;29.7723513,115.9954645;29.7489952,115.9789115;29.7471986,115.9789115","29.7454019,115.9851189;29.7292323,115.9892571"
01,Datasets/UAV_VisLoc_dataset/01/drone/01_0104.JPG,29.7220458,115.9768424,"29.7651648,115.9789115;29.7723513,115.9933954;29.7723513,115.9913262;29.7705546,115.9913262","29.7076729,115.9892571;29.7525884,115.9830497"
01,Datasets/UAV_VisLoc_dataset/01/drone/01_0105.JPG,29.7238425,115.9768424,"29.7256391,115.9954645;29.7723513,115.9933954;29.7723513,115.9913262;29.7651648,115.9789115","29.7256391,115.9871880;29.7094695,115.9727041"
01,Datasets/UAV_VisLoc_dataset/01/drone/01_0106.JPG,29.7238425,115.9768424,"29.7256391,115.9954645;29.7723513,115.9933954;29.7238425,115.9954645;29.7723513,115.9913262","29.7525884,115.9747732;29.7561817,115.9892571"
01,Datasets/UAV_VisLoc_dataset/01/drone/01_0107.JPG,29.7256391,115.9768424,"29.7256391,115.9954645;29.7238425,115.9954645;29.7723513,115.9933954;29.7220458,115.9933954","29.7597749,115.9706350;29.7687580,115.9913262"
01,Datasets/UAV_VisLoc_dataset/01/drone/01_0108.JPG,29.7256391,115.9768424,"29.7256391,115.9954645;29.7238425,115.9954645;29.7723513,115.9933954;29.7723513,115.9913262","29.7076729,115.9892571;29.7489952,115.9871880"
01,Datasets/UAV_VisLoc_dataset/01/drone/01_0109.JPG,29.7256391,115.9768424,"29.7723513,115.9933954;29.7256391,115.9954645;29.7705546,115.9933954;29.7687580,115.9933954","29.7148594,115.9933954;29.7723513,115.9706350"
01,Datasets/UAV_VisLoc_dataset/01/drone/01_0110.JPG,29.7274357,115.9768424,"29.7454019,115.9954645;29.7436053,115.9954645;29.7436053,115.9933954;29.7454019,115.9933954","29.7040796,115.9768424;29.7094695,115.9933954"
01,Datasets/UAV_VisLoc_dataset/01/drone/01_0111.JPG,29.7274357,115.9768424,"29.7454019,115.9954645;29.7436053,115.9954645;29.7436053,115.9933954;29.7454019,115.9933954","29.7310290,115.9954645;29.7454019,115.9789115"
01,Datasets/UAV_VisLoc_dataset/01/drone/01_0112.JPG,29.7292323,115.9768424,"29.7687580,115.9851189;29.7454019,115.9954645;29.7436053,115.9954645;29.7436053,115.9933954","29.7633682,115.9727041;29.7400121,115.9809806"
01,Datasets/UAV_VisLoc_dataset/01/drone/01_0113.JPG,29.7292323,115.9768424,"29.7687580,115.9851189;29.7436053,115.9954645;29.7454019,115.9954645;29.7705546,115.9871880","29.7220458,115.9706350;29.7705546,115.9871880"
01,Datasets/UAV_VisLoc_dataset/01/drone/01_0114.JPG,29.7292323,115.9768424,"29.7687580,115.9851189;29.7705546,115.9871880;29.7687580,115.9871880;29.7561817,115.9789115","29.7507918,115.9809806;29.7705546,115.9768424"
01,Datasets/UAV_VisLoc_dataset/01/drone/01_0115.JPG,29.7310290,115.9768424,"29.7687580,115.9851189;29.7705546,115.9871880;29.7687580,115.9871880;29.7615715,115.9747732","29.7489952,115.9933954;29.7436053,115.9768424"
01,Datasets/UAV_VisLoc_dataset/01/drone/01_0116.JPG,29.7310290,115.9768424,"29.7687580,115.9851189;29.7454019,115.9954645;29.7436053,115.9954645;29.7436053,115.9933954","29.7166560,115.9913262;29.7723513,115.9892571"
01,Datasets/UAV_VisLoc_dataset/01/drone/01_0117.JPG,29.7328256,115.9768424,"29.7687580,115.9851189;29.7705546,115.9871880;29.7687580,115.9871880;29.7615715,115.9747732","29.7130627,115.9747732;29.7112661,115.9871880"
01,Datasets/UAV_VisLoc_dataset/01/drone/01_0118.JPG,29.7328256,115.9768424,"29.7454019,115.9954645;29.7436053,115.9954645;29.7687580,115.9851189;29.7436053,115.9933954","29.7202492,115.9789115;29.7040796,115.9851189"
01,Datasets/UAV_VisLoc_dataset/01/drone/01_0119.JPG,29.7328256,115.9768424,"29.7687580,115.9851189;29.7705546,115.9871880;29.7436053,115.9954645;29.7454019,115.9954645","29.7723513,115.9892571;29.7705546,115.9933954"
01,Datasets/UAV_VisLoc_dataset/01/drone/01_0120.JPG,29.7346222,115.9768424,"29.7615715,115.9727041;29.7597749,115.9727041;29.7597749,115.9706350;29.7705546,115.9789115","29.7669614,115.9747732;29.7076729,115.9727041"
01,Datasets/UAV_VisLoc_dataset/01/drone/01_0121.JPG,29.7346222,115.9768424,"29.7615715,115.9727041;29.7705546,115.9789115;29.7597749,115.9727041;29.7597749,115.9706350","29.7669614,115.9768424;29.7633682,115.9871880"
01,Datasets/UAV_VisLoc_dataset/01/drone/01_0122.JPG,29.7364188,115.9768424,"29.7615715,115.9727041;29.7705546,115.9789115;29.7597749,115.9727041;29.7597749,115.9706350","29.7669614,115.9768424;29.7076729,115.9954645"
01,Datasets/UAV_VisLoc_dataset/01/drone/01_0123.JPG,29.7364188,115.9768424,"29.7615715,115.9727041;29.7705546,115.9789115;29.7597749,115.9727041;29.7597749,115.9706350","29.7202492,115.9954645;29.7346222,115.9871880"
01,Datasets/UAV_VisLoc_dataset/01/drone/01_0124.JPG,29.7364188,115.9768424,"29.7615715,115.9727041;29.7705546,115.9789115;29.7597749,115.9706350;29.7597749,115.9727041","29.7597749,115.9727041;29.7220458,115.9851189"
01,Datasets/UAV_VisLoc_dataset/01/drone/01_0125.JPG,29.7382154,115.9768424,"29.7705546,115.9789115;29.7615715,115.9727041;29.7597749,115.9706350;29.7597749,115.9727041","29.7274357,115.9727041;29.7238425,115.9933954"
01,Datasets/UAV_VisLoc_dataset/01/drone/01_0126.JPG,29.7382154,115.9768424,"29.7633682,115.9954645;29.7723513,115.9933954;29.7615715,115.9727041;29.7597749,115.9706350","29.7076729,115.9768424;29.7561817,115.9954645"
01,Datasets/UAV_VisLoc_dataset/01/drone/01_0127.JPG,29.7400121,115.9768424,"29.7454019,115.9933954;29.7471986,115.9954645;29.7454019,115.9954645;29.7436053,115.9933954","29.7184526,115.9706350;29.7256391,115.9706350"
01,Datasets/UAV_VisLoc_dataset/01/drone/01_0128.JPG,29.7400121,115.9768424,"29.7436053,115.9933954;29.7454019,115.9933954;29.7454019,115.9954645;29.7436053,115.9954645","29.7705546,115.9747732;29.7687580,115.9892571"
01,Datasets/UAV_VisLoc_dataset/01/drone/01_0129.JPG,29.7400121,115.9768424,"29.7436053,115.9933954;29.7454019,115.9954645;29.7436053,115.9954645;29.7454019,115.9933954","29.7094695,115.9747732;29.7040796,115.9727041"
01,Datasets/UAV_VisLoc_dataset/01/drone/01_0130.JPG,29.7418087,115.9768424,"29.7436053,115.9933954;29.7436053,115.9954645;29.7454019,115.9954645;29.7418087,115.9933954","29.7669614,115.9768424;29.7633682,115.9727041"
01,Datasets/UAV_VisLoc_dataset/01/drone/01_0131.JPG,29.7418087,115.9768424,"29.7454019,115.9933954;29.7454019,115.9954645;29.7436053,115.9933954;29.7400121,115.9954645","29.7130627,115.9747732;29.7579783,115.9747732"
01,Datasets/UAV_VisLoc_dataset/01/drone/01_0132.JPG,29.7436053,115.9768424,"29.7471986,115.9954645;29.7489952,115.9954645;29.7454019,115.9933954;29.7471986,115.9933954","29.7454019,115.9871880;29.7561817,115.9789115"
01,Datasets/UAV_VisLoc_dataset/01/drone/01_0133.JPG,29.7436053,115.9768424,"29.7597749,115.9768424;29.7166560,115.9789115;29.7597749,115.9789115;29.7166560,115.9809806","29.7130627,115.9913262;29.7040796,115.9851189"
01,Datasets/UAV_VisLoc_dataset/01/drone/01_0134.JPG,29.7436053,115.9768424,"29.7597749,115.9768424;29.7597749,115.9789115;29.7166560,115.9789115;29.7615715,115.9789115","29.7202492,115.9871880;29.7723513,115.9954645"
01,Datasets/UAV_VisLoc_dataset/01/drone/01_0135.JPG,29.7454019,115.9768424,"29.7597749,115.9768424;29.7597749,115.9789115;29.7166560,115.9789115;29.7615715,115.9789115","29.7723513,115.9706350;29.7220458,115.9706350"
01,Datasets/UAV_VisLoc_dataset/01/drone/01_0136.JPG,29.7454019,115.9768424,"29.7597749,115.9768424;29.7597749,115.9789115;29.7615715,115.9789115;29.7166560,115.9789115","29.7292323,115.9706350;29.7328256,115.9768424"
01,Datasets/UAV_VisLoc_dataset/01/drone/01_0137.JPG,29.7454019,115.9768424,"29.7597749,115.9789115;29.7597749,115.9768424;29.7615715,115.9789115;29.7166560,115.9789115","29.7022830,115.9830497;29.7687580,115.9871880"
01,Datasets/UAV_VisLoc_dataset/01/drone/01_0138.JPG,29.7471986,115.9768424,"29.7687580,115.9747732;29.7723513,115.9871880;29.7705546,115.9747732;29.7723513,115.9809806","29.7184526,115.9871880;29.7148594,115.9954645"
01,Datasets/UAV_VisLoc_dataset/01/drone/01_0139.JPG,29.7471986,115.9768424,"29.7687580,115.9747732;29.7418087,115.9954645;29.7436053,115.9954645;29.7418087,115.9933954","29.7022830,115.9871880;29.7489952,115.9933954"
01,Datasets/UAV_VisLoc_dataset/01/drone/01_0140.JPG,29.7489952,115.9768424,"29.7723513,115.9871880;29.7400121,115.9933954;29.7418087,115.9954645;29.7400121,115.9954645","29.7094695,115.9747732;29.7202492,115.9747732"
01,Datasets/UAV_VisLoc_dataset/01/drone/01_0141.JPG,29.7489952,115.9768424,"29.7723513,115.9871880;29.7256391,115.9747732;29.7400121,115.9933954;29.7418087,115.9954645","29.7687580,115.9809806;29.7489952,115.9933954"
01,Datasets/UAV_VisLoc_dataset/01/drone/01_0142.JPG,29.7507918,115.9768424,"29.7346222,115.9913262;29.7292323,115.9809806;29.7418087,115.9768424;29.7292323,115.9830497","29.7274357,115.9768424;29.7364188,115.9933954"
01,Datasets/UAV_VisLoc_dataset/01/drone/01_0143.JPG,29.7507918,115.9768424,"29.7723513,115.9933954;29.7346222,115.9913262;29.7292323,115.9830497;29.7723513,115.9913262","29.7615715,115.9747732;29.7651648,115.9768424"
01,Datasets/UAV_VisLoc_dataset/01/drone/01_0144.JPG,29.7507918,115.9768424,"29.7723513,115.9933954;29.7723513,115.9913262;29.7705546,115.9933954;29.7687580,115.9933954","29.7489952,115.9892571;29.7058762,115.9933954"
01,Datasets/UAV_VisLoc_dataset/01/drone/01_0145.JPG,29.7525884,115.9768424,"29.7723513,115.9933954;29.7723513,115.9913262;29.7705546,115.9933954;29.7687580,115.9933954","29.7094695,115.9830497;29.7615715,115.9954645"
01,Datasets/UAV_VisLoc_dataset/01/drone/01_0146.JPG,29.7525884,115.9768424,"29.7723513,115.9933954;29.7723513,115.9913262;29.7705546,115.9933954;29.7687580,115.9933954","29.7094695,115.9768424;29.7364188,115.9871880"
01,Datasets/UAV_VisLoc_dataset/01/drone/01_0147.JPG,29.7543850,115.9768424,"29.7723513,115.9933954;29.7723513,115.9913262;29.7705546,115.9933954;29.7687580,115.9933954","29.7058762,115.9892571;29.7256391,115.9871880"
01,Datasets/UAV_VisLoc_dataset/01/drone/01_0148.JPG,29.7543850,115.9768424,"29.7723513,115.9933954;29.7723513,115.9913262;29.7705546,115.9933954;29.7687580,115.9933954","29.7094695,115.9851189;29.7202492,115.9809806"
01,Datasets/UAV_VisLoc_dataset/01/drone/01_0149.JPG,29.7543850,115.9768424,"29.7346222,115.9913262;29.7418087,115.9954645;29.7292323,115.9830497;29.7400121,115.9933954","29.7418087,115.9913262;29.7328256,115.9830497"
01,Datasets/UAV_VisLoc_dataset/01/drone/01_0150.JPG,29.7561817,115.9768424,"29.7723513,115.9871880;29.7292323,115.9830497;29.7256391,115.9747732;29.7256391,115.9727041","29.7328256,115.9954645;29.7705546,115.9809806"
01,Datasets/UAV_VisLoc_dataset/01/drone/01_0151.JPG,29.7561817,115.9768424,"29.7723513,115.9871880;29.7418087,115.9954645;29.7400121,115.9933954;29.7400121,115.9954645","29.7687580,115.9809806;29.7705546,115.9851189"
01,Datasets/UAV_VisLoc_dataset/01/drone/01_0152.JPG,29.7561817,115.9768424,"29.7723513,115.9871880;29.7418087,115.9954645;29.7400121,115.9933954;29.7400121,115.9954645","29.7022830,115.9933954;29.7382154,115.9830497"
01,Datasets/UAV_VisLoc_dataset/01/drone/01_0153.JPG,29.7579783,115.9768424,"29.7723513,115.9871880;29.7418087,115.9954645;29.7400121,115.9933954;29.7400121,115.9954645","29.7112661,115.9727041;29.7400121,115.9933954"
01,Datasets/UAV_VisLoc_dataset/01/drone/01_0154.JPG,29.7579783,115.9768424,"29.7418087,115.9954645;29.7400121,115.9933954;29.7400121,115.9954645;29.7418087,115.9933954","29.7454019,115.9954645;29.7076729,115.9871880"
01,Datasets/UAV_VisLoc_dataset/01/drone/01_0155.JPG,29.7597749,115.9768424,"29.7418087,115.9954645;29.7400121,115.9933954;29.7400121,115.9954645;29.7723513,115.9933954","29.7274357,115.9809806;29.7471986,115.9892571"
01,Datasets/UAV_VisLoc_dataset/01/drone/01_0156.JPG,29.7597749,115.9768424,"29.7418087,115.9954645;29.7400121,115.9933954;29.7400121,115.9954645;29.7436053,115.9954645","29.7705546,115.9892571;29.7112661,115.9892571"
01,Datasets/UAV_VisLoc_dataset/01/drone/01_0157.JPG,29.7597749,115.9768424,"29.7418087,115.9954645;29.7436053,115.9954645;29.7418087,115.9933954;29.7400121,115.9933954","29.7130627,115.9747732;29.7687580,115.9892571"
01,Datasets/UAV_VisLoc_dataset/01/drone/01_0158.JPG,29.7615715,115.9768424,"29.7148594,115.9933954;29.7130627,115.9933954;29.7130627,115.9913262;29.7166560,115.9933954","29.7274357,115.9933954;29.7507918,115.9871880"
01,Datasets/UAV_VisLoc_dataset/01/drone/01_0159.JPG,29.7615715,115.9768424,"29.7148594,115.9933954;29.7130627,115.9913262;29.7166560,115.9933954;29.7130627,115.9933954","29.7400121,115.9913262;29.7507918,115.9706350"
01,Datasets/UAV_VisLoc_dataset/01/drone/01_0160.JPG,29.7633682,115.9768424,"29.7148594,115.9933954;29.7130627,115.9913262;29.7166560,115.9933954;29.7130627,115.9933954","29.7418087,115.9933954;29.7022830,115.9851189"
01,Datasets/UAV_VisLoc_dataset/01/drone/01_0161.JPG,29.7633682,115.9768424,"29.7723513,115.9871880;29.7705546,115.9871880;29.7723513,115.9809806;29.7471986,115.9871880","29.7525884,115.9871880;29.7184526,115.9933954"
01,Datasets/UAV_VisLoc_dataset/01/drone/01_0162.JPG,29.7615715,115.9789115,"29.7130627,115.9913262;29.7148594,115.9933954;29.7418087,115.9954645;29.7400121,115.9954645","29.7292323,115.9892571;29.7507918,115.9706350"
01,Datasets/UAV_VisLoc_dataset/01/drone/01_0163.JPG,29.7615715,115.9789115,"29.7148594,115.9933954;29.7130627,115.9913262;29.7166560,115.9933954;29.7148594,115.9954645","29.7220458,115.9809806;29.7346222,115.9747732"
01,Datasets/UAV_VisLoc_dataset/01/drone/01_0164.JPG,29.7615715,115.9789115,"29.7723513,115.9933954;29.7723513,115.9913262;29.7418087,115.9954645;29.7400121,115.9954645","29.7382154,115.9830497;29.7687580,115.9892571"
01,Datasets/UAV_VisLoc_dataset/01/drone/01_0165.JPG,29.7597749,115.9789115,"29.7723513,115.9933954;29.7723513,115.9913262;29.7418087,115.9954645;29.7346222,115.9933954","29.7382154,115.9851189;29.7471986,115.9851189"
01,Datasets/UAV_VisLoc_dataset/01/drone/01_0166.JPG,29.7597749,115.9789115,"29.7723513,115.9933954;29.7346222,115.9933954;29.7723513,115.9913262;29.7418087,115.9954645","29.7094695,115.9706350;29.7274357,115.9706350"
01,Datasets/UAV_VisLoc_dataset/01/drone/01_0167.JPG,29.7579783,115.9789115,"29.7723513,115.9933954;29.7346222,115.9933954;29.7346222,115.9954645;29.7418087,115.9954645","29.7274357,115.9830497;29.7687580,115.9809806"
01,Datasets/UAV_VisLoc_dataset/01/drone/01_0168.JPG,29.7579783,115.9789115,"29.7418087,115.9954645;29.7346222,115.9954645;29.7400121,115.9933954;29.7400121,115.9954645","29.7418087,115.9768424;29.7705546,115.9892571"
01,Datasets/UAV_VisLoc_dataset/01/drone/01_0169.JPG,29.7579783,115.9789115,"29.7418087,115.9954645;29.7400121,115.9933954;29.7400121,115.9954645;29.7723513,115.9871880","29.7184526,115.9768424;29.7292323,115.9809806"
01,Datasets/UAV_VisLoc_dataset/01/drone/01_0170.JPG,29.7561817,115.9789115,"29.7723513,115.9871880;29.7256391,115.9747732;29.7292323,115.9830497;29.7310290,115.9871880","29.7184526,115.9747732;29.7166560,115.9809806"
01,Datasets/UAV_VisLoc_dataset/01/drone/01_0171.JPG,29.7561817,115.9789115,"29.7723513,115.9871880;29.7256391,115.9747732;29.7400121,115.9933954;29.7418087,115.9954645","29.7723513,115.9892571;29.7471986,115.9871880"
01,Datasets/UAV_VisLoc_dataset/01/drone/01_0172.JPG,29.7543850,115.9789115,"29.7723513,115.9871880;29.7292323,115.9830497;29.7256391,115.9747732;29.7310290,115.9871880","29.7705546,115.9851189;29.7597749,115.9954645"
01,Datasets/UAV_VisLoc_dataset/01/drone/01_0173.JPG,29.7543850,115.9789115,"29.7292323,115.9830497;29.7256391,115.9747732;29.7723513,115.9933954;29.7346222,115.9954645","29.7058762,115.9768424;29.7651648,115.9933954"
01,Datasets/UAV_VisLoc_dataset/01/drone/01_0174.JPG,29.7543850,115.9789115,"29.7723513,115.9933954;29.7723513,115.9913262;29.7705546,115.9933954;29.7687580,115.9933954","29.7238425,115.9727041;29.7382154,115.9706350"
01,Datasets/UAV_VisLoc_dataset/01/drone/01_0175.JPG,29.7525884,115.9789115,"29.7723513,115.9933954;29.7723513,115.9913262;29.7705546,115.9933954;29.7687580,115.9933954","29.7633682,115.9706350;29.7130627,115.9830497"
01,Datasets/UAV_VisLoc_dataset/01/drone/01_0176.JPG,29.7525884,115.9789115,"29.7723513,115.9933954;29.7723513,115.9913262;29.7705546,115.9933954;29.7687580,115.9933954","29.7687580,115.9809806;29.7202492,115.9851189"
01,Datasets/UAV_VisLoc_dataset/01/drone/01_0177.JPG,29.7507918,115.9789115,"29.7723513,115.9933954;29.7723513,115.9913262;29.7705546,115.9933954;29.7687580,115.9933954","29.7687580,115.9706350;29.7687580,115.9789115"
01,Datasets/UAV_VisLoc_dataset/01/drone/01_0178.JPG,29.7507918,115.9789115,"29.7723513,115.9933954;29.7723513,115.9913262;29.7705546,115.9933954;29.7687580,115.9933954","29.7112661,115.9789115;29.7112661,115.9871880"
01,Datasets/UAV_VisLoc_dataset/01/drone/01_0179.JPG,29.7507918,115.9789115,"29.7723513,115.9933954;29.7346222,115.9954645;29.7687580,115.9933954;29.7705546,115.9933954","29.7112661,115.9747732;29.7364188,115.9851189"
01,Datasets/UAV_VisLoc_dataset/01/drone/01_0180.JPG,29.7489952,115.9789115,"29.7723513,115.9871880;29.7507918,115.9954645;29.7705546,115.9809806;29.7723513,115.9809806","29.7346222,115.9809806;29.7076729,115.9954645"
01,Datasets/UAV_VisLoc_dataset/01/drone/01_0181.JPG,29.7489952,115.9789115,"29.7723513,115.9871880;29.7723513,115.9809806;29.7561817,115.9789115;29.7705546,115.9809806","29.7040796,115.9933954;29.7543850,115.9871880"
01,Datasets/UAV_VisLoc_dataset/01/drone/01_0182.JPG,29.7471986,115.9789115,"29.7220458,115.9809806;29.7202492,115.9789115;29.7202492,115.9809806;29.7220458,115.9789115","29.7633682,115.9768424;29.7112661,115.9954645"
01,Datasets/UAV_VisLoc_dataset/01/drone/01_0183.JPG,29.7471986,115.9789115,"29.7238425,115.9809806;29.7166560,115.9789115;29.7184526,115.9789115;29.7202492,115.9830497","29.7274357,115.9871880;29.7382154,115.9768424"
01,Datasets/UAV_VisLoc_dataset/01/drone/01_0184.JPG,29.7471986,115.9789115,"29.7166560,115.9789115;29.7184526,115.9789115;29.7238425,115.9809806;29.7202492,115.9830497","29.7615715,115.9768424;29.7525884,115.9892571"
01,Datasets/UAV_VisLoc_dataset/01/drone/01_0185.JPG,29.7454019,115.9789115,"29.7597749,115.9789115;29.7597749,115.9768424;29.7166560,115.9789115;29.7184526,115.9789115","29.7633682,115.9727041;29.7202492,115.9913262"
01,Datasets/UAV_VisLoc_dataset/01/drone/01_0186.JPG,29.7454019,115.9789115,"29.7597749,115.9789115;29.7597749,115.9768424;29.7166560,115.9789115;29.7615715,115.9789115","29.7328256,115.9747732;29.7579783,115.9706350"
01,Datasets/UAV_VisLoc_dataset/01/drone/01_0187.JPG,29.7436053,115.9789115,"29.7184526,115.9789115;29.7220458,115.9789115;29.7597749,115.9768424;29.7238425,115.9809806","29.7597749,115.9933954;29.7633682,115.9954645"
01,Datasets/UAV_VisLoc_dataset/01/drone/01_0188.JPG,29.7436053,115.9789115,"29.7489952,115.9933954;29.7651648,115.9892571;29.7723513,115.9809806;29.7597749,115.9768424","29.7310290,115.9933954;29.7040796,115.9830497"
01,Datasets/UAV_VisLoc_dataset/01/drone/01_0189.JPG,29.7436053,115.9789115,"29.7489952,115.9933954;29.7489952,115.9954645;29.7489952,115.9913262;29.7651648,115.9892571","29.7166560,115.9706350;29.7669614,115.9747732"
01,Datasets/UAV_VisLoc_dataset/01/drone/01_0190.JPG,29.7418087,115.9789115,"29.7489952,115.9933954;29.7489952,115.9954645;29.7382154,115.9933954;29.7382154,115.9954645","29.7166560,115.9830497;29.7507918,115.9913262"
01,Datasets/UAV_VisLoc_dataset/01/drone/01_0191.JPG,29.7418087,115.9789115,"29.7454019,115.9933954;29.7436053,115.9933954;29.7454019,115.9954645;29.7471986,115.9954645","29.7274357,115.9747732;29.7705546,115.9747732"
01,Datasets/UAV_VisLoc_dataset/01/drone/01_0192.JPG,29.7400121,115.9789115,"29.7454019,115.9933954;29.7436053,115.9933954;29.7454019,115.9954645;29.7436053,115.9954645","29.7022830,115.9768424;29.7040796,115.9871880"
01,Datasets/UAV_VisLoc_dataset/01/drone/01_0193.JPG,29.7400121,115.9789115,"29.7454019,115.9933954;29.7454019,115.9954645;29.7436053,115.9933954;29.7436053,115.9954645","29.7687580,115.9809806;29.7346222,115.9954645"
01,Datasets/UAV_VisLoc_dataset/01/drone/01_0194.JPG,29.7400121,115.9789115,"29.7454019,115.9933954;29.7454019,115.9954645;29.7471986,115.9954645;29.7436053,115.9933954","29.7076729,115.9809806;29.7076729,115.9747732"
01,Datasets/UAV_VisLoc_dataset/01/drone/01_0195.JPG,29.7382154,115.9789115,"29.7454019,115.9954645;29.7436053,115.9954645;29.7454019,115.9933954;29.7436053,115.9933954","29.7040796,115.9913262;29.7076729,115.9871880"
01,Datasets/UAV_VisLoc_dataset/01/drone/01_0196.JPG,29.7382154,115.9789115,"29.7633682,115.9954645;29.7615715,115.9727041;29.7597749,115.9727041;29.7597749,115.9706350","29.7543850,115.9809806;29.7687580,115.9789115"
01,Datasets/UAV_VisLoc_dataset/01/drone/01_0197.JPG,29.7364188,115.9789115,"29.7633682,115.9954645;29.7615715,115.9727041;29.7597749,115.9727041;29.7597749,115.9706350","29.7633682,115.9809806;29.7633682,115.9892571"
01,Datasets/UAV_VisLoc_dataset/01/drone/01_0198.JPG,29.7364188,115.9789115,"29.7633682,115.9954645;29.7615715,115.9727041;29.7597749,115.9727041;29.7597749,115.9706350","29.7669614,115.9851189;29.7166560,115.9747732"
01,Datasets/UAV_VisLoc_dataset/01/drone/01_0199.JPG,29.7364188,115.9789115,"29.7615715,115.9727041;29.7633682,115.9954645;29.7597749,115.9727041;29.7597749,115.9706350","29.7202492,115.9933954;29.7615715,115.9768424"
01,Datasets/UAV_VisLoc_dataset/01/drone/01_0200.JPG,29.7346222,115.9789115,"29.7687580,115.9851189;29.7436053,115.9954645;29.7454019,115.9954645;29.7436053,115.9933954","29.7597749,115.9809806;29.7507918,115.9789115"
01,Datasets/UAV_VisLoc_dataset/01/drone/01_0201.JPG,29.7346222,115.9789115,"29.7454019,115.9954645;29.7436053,115.9954645;29.7436053,115.9933954;29.7454019,115.9933954","29.7489952,115.9933954;29.7597749,115.9830497"
01,Datasets/UAV_VisLoc_dataset/01/drone/01_0202.JPG,29.7328256,115.9789115,"29.7687580,115.9851189;29.7436053,115.9954645;29.7454019,115.9954645;29.7436053,115.9933954","29.7094695,115.9851189;29.7633682,115.9727041"
01,Datasets/UAV_VisLoc_dataset/01/drone/01_0203.JPG,29.7328256,115.9789115,"29.7633682,115.9954645;29.7615715,115.9727041;29.7597749,115.9706350;29.7597749,115.9727041","29.7220458,115.9706350;29.7436053,115.9809806"
01,Datasets/UAV_VisLoc_dataset/01/drone/01_0204.JPG,29.7328256,115.9789115,"29.7615715,115.9727041;29.7633682,115.9954645;29.7597749,115.9727041;29.7597749,115.9706350","29.7633682,115.9789115;29.7651648,115.9727041"
01,Datasets/UAV_VisLoc_dataset/01/drone/01_0205.JPG,29.7310290,115.9789115,"29.7615715,115.9727041;29.7633682,115.9954645;29.7597749,115.9727041;29.7597749,115.9706350","29.7597749,115.9851189;29.7274357,115.9892571"
01,Datasets/UAV_VisLoc_dataset/01/drone/01_0206.JPG,29.7310290,115.9789115,"29.7615715,115.9727041;29.7705546,115.9789115;29.7597749,115.9727041;29.7597749,115.9706350","29.7166560,115.9830497;29.7507918,115.9871880"
01,Datasets/UAV_VisLoc_dataset/01/drone/01_0207.JPG,29.7292323,115.9789115,"29.7687580,115.9851189;29.7705546,115.9871880;29.7687580,115.9871880;29.7561817,115.9789115","29.7094695,115.9892571;29.7058762,115.9706350"
01,Datasets/UAV_VisLoc_dataset/01/drone/01_0208.JPG,29.7292323,115.9789115,"29.7687580,115.9851189;29.7705546,115.9871880;29.7436053,115.9954645;29.7454019,115.9954645","29.7112661,115.9871880;29.7418087,115.9727041"
01,Datasets/UAV_VisLoc_dataset/01/drone/01_0209.JPG,29.7292323,115.9789115,"29.7454019,115.9954645;29.7436053,115.9954645;29.7436053,115.9933954;29.7454019,115.9933954","29.7148594,115.9954645;29.7489952,115.9830497"
01,Datasets/UAV_VisLoc_dataset/01/drone/01_0210.JPG,29.7274357,115.9789115,"29.7454019,115.9954645;29.7436053,115.9954645;29.7436053,115.9933954;29.7454019,115.9933954","29.7436053,115.9727041;29.7310290,115.9954645"
01,Datasets/UAV_VisLoc_dataset/01/drone/01_0211.JPG,29.7274357,115.9789115,"29.7454019,115.9954645;29.7436053,115.9954645;29.7436053,115.9933954;29.7418087,115.9933954","29.7256391,115.9933954;29.7561817,115.9954645"
01,Datasets/UAV_VisLoc_dataset/01/drone/01_0212.JPG,29.7274357,115.9789115,"29.7256391,115.9954645;29.7723513,115.9933954;29.7723513,115.9913262;29.7238425,115.9954645","29.7346222,115.9954645;29.7130627,115.9747732"
01,Datasets/UAV_VisLoc_dataset/01/drone/01_0213.JPG,29.7256391,115.9789115,"29.7256391,115.9954645;29.7723513,115.9933954;29.7651648,115.9789115;29.7723513,115.9913262","29.7166560,115.9706350;29.7220458,115.9913262"
01,Datasets/UAV_VisLoc_dataset/01/drone/01_0214.JPG,29.7256391,115.9789115,"29.7256391,115.9954645;29.7723513,115.9933954;29.7651648,115.9789115;29.7723513,115.9913262","29.7705546,115.9747732;29.7525884,115.9913262"
01,Datasets/UAV_VisLoc_dataset/01/drone/01_0215.JPG,29.7238425,115.9789115,"29.7471986,115.9789115;29.7489952,115.9789115;29.7651648,115.9789115;29.7705546,115.9954645","29.7633682,115.9954645;29.7418087,115.9789115"
01,Datasets/UAV_VisLoc_dataset/01/drone/01_0216.JPG,29.7238425,115.9789115,"29.7471986,115.9789115;29.7489952,115.9789115;29.7471986,115.9768424;29.7705546,115.9954645","29.7310290,115.9954645;29.7400121,115.9830497"
01,Datasets/UAV_VisLoc_dataset/01/drone/01_0217.JPG,29.7238425,115.9789115,"29.7471986,115.9789115;29.7471986,115.9768424;29.7489952,115.9789115;29.7705546,115.9954645","29.7633682,115.9933954;29.7705546,115.9851189"
01,Datasets/UAV_VisLoc_dataset/01/drone/01_0218.JPG,29.7220458,115.9789115,"29.7705546,115.9954645;29.7471986,115.9768424;29.7471986,115.9789115;29.7489952,115.9789115","29.7525884,115.9727041;29.7130627,115.9933954"
01,Datasets/UAV_VisLoc_dataset/01/drone/01_0219.JPG,29.7220458,115.9789115,"29.7471986,115.9768424;29.7705546,115.9954645;29.7471986,115.9789115;29.7454019,115.9809806","29.7454019,115.9892571;29.7454019,115.9706350"
01,Datasets/UAV_VisLoc_dataset/01/drone/01_0220.JPG,29.7202492,115.9789115,"29.7471986,115.9768424;29.7705546,115.9954645;29.7454019,115.9809806;29.7471986,115.9789115","29.7058762,115.9830497;29.7507918,115.9830497"
01,Datasets/UAV_VisLoc_dataset/01/drone/01_0221.JPG,29.7202492,115.9789115,"29.7471986,115.9768424;29.7471986,115.9789115;29.7489952,115.9789115;29.7454019,115.9809806","29.7561817,115.9954645;29.7130627,115.9871880"
01,Datasets/UAV_VisLoc_dataset/01/drone/01_0222.JPG,29.7202492,115.9789115,"29.7471986,115.9789115;29.7489952,115.9789115;29.7471986,115.9768424;29.7454019,115.9809806","29.7184526,115.9933954;29.7489952,115.9789115"
01,Datasets/UAV_VisLoc_dataset/01/drone/01_0223.JPG,29.7184526,115.9789115,"29.7471986,115.9789115;29.7471986,115.9768424;29.7489952,115.9789115;29.7454019,115.9809806","29.7436053,115.9706350;29.7651648,115.9768424"
01,Datasets/UAV_VisLoc_dataset/01/drone/01_0224.JPG,29.7184526,115.9789115,"29.7471986,115.9789115;29.7471986,115.9768424;29.7489952,115.9789115;29.7705546,115.9954645","29.7094695,115.9892571;29.7705546,115.9789115"
01,Datasets/UAV_VisLoc_dataset/01/drone/01_0225.JPG,29.7166560,115.9789115,"29.7454019,115.9809806;29.7471986,115.9768424;29.7471986,115.9789115;29.7705546,115.9954645","29.7507918,115.9851189;29.7076729,115.9768424"
01,Datasets/UAV_VisLoc_dataset/01/drone/01_0226.JPG,29.7166560,115.9789115,"29.7454019,115.9809806;29.7471986,115.9768424;29.7489952,115.9851189;29.7705546,115.9954645","29.7471986,115.9871880;29.7561817,115.9851189"
01,Datasets/UAV_VisLoc_dataset/01/drone/01_0227.JPG,29.7166560,115.9789115,"29.7489952,115.9851189;29.7454019,115.9809806;29.7669614,115.9892571;29.7669614,115.9871880","29.7436053,115.9913262;29.7687580,115.9913262"
01,Datasets/UAV_VisLoc_dataset/01/drone/01_0228.JPG,29.7148594,115.9789115,"29.7669614,115.9892571;29.7489952,115.9851189;29.7669614,115.9871880;29.7543850,115.9706350","29.7130627,115.9954645;29.7705546,115.9871880"
01,Datasets/UAV_VisLoc_dataset/01/drone/01_0229.JPG,29.7148594,115.9789115,"29.7543850,115.9706350;29.7669614,115.9892571;29.7561817,115.9706350;29.7669614,115.9871880","29.7615715,115.9747732;29.7220458,115.9871880"
01,Datasets/UAV_VisLoc_dataset/01/drone/01_0230.JPG,29.7130627,115.9789115,"29.7543850,115.9706350;29.7669614,115.9892571;29.7561817,115.9706350;29.7543850,115.9727041","29.7489952,115.9727041;29.7400121,115.9727041"
01,Datasets/UAV_VisLoc_dataset/01/drone/01_0231.JPG,29.7130627,115.9789115,"29.7723513,115.9913262;29.7705546,115.9913262;29.7723513,115.9933954;29.7705546,115.9933954","29.7723513,115.9913262;29.7597749,115.9954645"
01,Datasets/UAV_VisLoc_dataset/01/drone/01_0232.JPG,29.7130627,115.9789115,"29.7705546,115.9913262;29.7723513,115.9913262;29.7723513,115.9789115;29.7669614,115.9871880","29.7130627,115.9913262;29.7705546,115.9727041"
01,Datasets/UAV_VisLoc_dataset/01/drone/01_0233.JPG,29.7112661,115.9789115,"29.7723513,115.9789115;29.7507918,115.9954645;29.7669614,115.9871880;29.7669614,115.9933954","29.7489952,115.9706350;29.7561817,115.9830497"
01,Datasets/UAV_VisLoc_dataset/01/drone/01_0234.JPG,29.7112661,115.9789115,"29.7507918,115.9954645;29.7669614,115.9871880;29.7723513,115.9789115;29.7723513,115.9768424","29.7166560,115.9913262;29.7436053,115.9871880"
01,Datasets/UAV_VisLoc_dataset/01/drone/01_0235.JPG,29.7094695,115.9789115,"29.7687580,115.9933954;29.7507918,115.9954645;29.7256391,115.9954645;29.7651648,115.9789115","29.7220458,115.9933954;29.7220458,115.9892571"
01,Datasets/UAV_VisLoc_dataset/01/drone/01_0236.JPG,29.7094695,115.9789115,"29.7687580,115.9933954;29.7723513,115.9933954;29.7256391,115.9954645;29.7705546,115.9933954","29.7471986,115.9706350;29.7022830,115.9892571"
01,Datasets/UAV_VisLoc_dataset/01/drone/01_0237.JPG,29.7094695,115.9789115,"29.7723513,115.9933954;29.7256391,115.9954645;29.7687580,115.9933954;29.7705546,115.9933954","29.7418087,115.9706350;29.7400121,115.9892571"
01,Datasets/UAV_VisLoc_dataset/01/drone/01_0238.JPG,29.7076729,115.9789115,"29.7723513,115.9933954;29.7256391,115.9954645;29.7723513,115.9913262;29.7705546,115.9933954","29.7436053,115.9830497;29.7561817,115.9871880"
01,Datasets/UAV_VisLoc_dataset/01/drone/01_0239.JPG,29.7076729,115.9789115,"29.7256391,115.9954645;29.7723513,115.9933954;29.7687580,115.9933954;29.7705546,115.9933954","29.7687580,115.9727041;29.7615715,115.9706350"
01,Datasets/UAV_VisLoc_dataset/01/drone/01_0240.JPG,29.7058762,115.9789115,"29.7256391,115.9954645;29.7705546,115.9933954;29.7723513,115.9933954;29.7328256,115.9933954","29.7418087,115.9768424;29.7256391,115.9789115"
01,Datasets/UAV_VisLoc_dataset/01/drone/01_0241.JPG,29.7076729,115.9809806,"29.7346222,115.9954645;29.7328256,115.9954645;29.7615715,115.9809806;29.7633682,115.9809806","29.7184526,115.9954645;29.7687580,115.9851189"
01,Datasets/UAV_VisLoc_dataset/01/drone/01_0242.JPG,29.7076729,115.9809806,"29.7346222,115.9954645;29.7328256,115.9954645;29.7615715,115.9809806;29.7633682,115.9809806","29.7597749,115.9851189;29.7184526,115.9830497"
01,Datasets/UAV_VisLoc_dataset/01/drone/01_0243.JPG,29.7076729,115.9809806,"29.7328256,115.9954645;29.7346222,115.9954645;29.7633682,115.9809806;29.7615715,115.9809806","29.7166560,115.9768424;29.7561817,115.9789115"
01,Datasets/UAV_VisLoc_dataset/01/drone/01_0244.JPG,29.7094695,115.9809806,"29.7633682,115.9809806;29.7328256,115.9954645;29.7615715,115.9809806;29.7328256,115.9933954","29.7561817,115.9892571;29.7525884,115.9747732"
01,Datasets/UAV_VisLoc_dataset/01/drone/01_0245.JPG,29.7094695,115.9809806,"29.7723513,115.9933954;29.7633682,115.9809806;29.7651648,115.9789115;29.7256391,115.9954645","29.7597749,115.9789115;29.7687580,115.9768424"
01,Datasets/UAV_VisLoc_dataset/01/drone/01_0246.JPG,29.7112661,115.9809806,"29.7723513,115.9933954;29.7256391,115.9954645;29.7651648,115.9789115;29.7687580,115.9933954","29.7561817,115.9913262;29.7525884,115.9913262"
01,Datasets/UAV_VisLoc_dataset/01/drone/01_0247.JPG,29.7112661,115.9809806,"29.7256391,115.9954645;29.7723513,115.9933954;29.7651648,115.9789115;29.7687580,115.9933954","29.7561817,115.9954645;29.7669614,115.9830497"
01,Datasets/UAV_VisLoc_dataset/01/drone/01_0248.JPG,29.7112661,115.9809806,"29.7723513,115.9933954;29.7687580,115.9933954;29.7256391,115.9954645;29.7723513,115.9913262","29.7507918,115.9830497;29.7579783,115.9913262"
01,Datasets/UAV_VisLoc_dataset/01/drone/01_0249.JPG,29.7130627,115.9809806,"29.7723513,115.9933954;29.7723513,115.9913262;29.7687580,115.9933954;29.7705546,115.9933954","29.7597749,115.9954645;29.7346222,115.9789115"
01,Datasets/UAV_VisLoc_dataset/01/drone/01_0250.JPG,29.7130627,115.9809806,"29.7543850,115.9706350;29.7669614,115.9892571;29.7669614,115.9871880;29.7543850,115.9727041","29.7723513,115.9954645;29.7310290,115.9851189"
01,Datasets/UAV_VisLoc_dataset/01/drone/01_0251.JPG,29.7148594,115.9809806,"29.7669614,115.9892571;29.7543850,115.9706350;29.7489952,115.9851189;29.7669614,115.9871880","29.7202492,115.9727041;29.7705546,115.9851189"
01,Datasets/UAV_VisLoc_dataset/01/drone/01_0252.JPG,29.7148594,115.9809806,"29.7489952,115.9851189;29.7669614,115.9892571;29.7454019,115.9809806;29.7669614,115.9871880","29.7454019,115.9892571;29.7687580,115.9892571"
01,Datasets/UAV_VisLoc_dataset/01/drone/01_0253.JPG,29.7148594,115.9809806,"29.7489952,115.9851189;29.7454019,115.9809806;29.7669614,115.9892571;29.7669614,115.9871880","29.7346222,115.9954645;29.7561817,115.9954645"
01,Datasets/UAV_VisLoc_dataset/01/drone/01_0254.JPG,29.7166560,115.9809806,"29.7454019,115.9809806;29.7489952,115.9851189;29.7471986,115.9768424;29.7669614,115.9871880","29.7561817,115.9892571;29.7202492,115.9954645"
01,Datasets/UAV_VisLoc_dataset/01/drone/01_0255.JPG,29.7166560,115.9809806,"29.7471986,115.9768424;29.7454019,115.9809806;29.7471986,115.9789115;29.7489952,115.9851189","29.7687580,115.9913262;29.7705546,115.9747732"
01,Datasets/UAV_VisLoc_dataset/01/drone/01_0256.JPG,29.7184526,115.9809806,"29.7471986,115.9768424;29.7454019,115.9809806;29.7471986,115.9789115;29.7489952,115.9851189","29.7489952,115.9913262;29.7597749,115.9809806"
01,Datasets/UAV_VisLoc_dataset/01/drone/01_0257.JPG,29.7184526,115.9809806,"29.7454019,115.9809806;29.7471986,115.9768424;29.7471986,115.9789115;29.7489952,115.9789115","29.7094695,115.9933954;29.7346222,115.9871880"
01,Datasets/UAV_VisLoc_dataset/01/drone/01_0258.JPG,29.7184526,115.9809806,"29.7454019,115.9809806;29.7471986,115.9768424;29.7471986,115.9789115;29.7489952,115.9851189","29.7723513,115.9830497;29.7022830,115.9747732"
01,Datasets/UAV_VisLoc_dataset/01/drone/01_0259.JPG,29.7202492,115.9809806,"29.7471986,115.9768424;29.7454019,115.9809806;29.7471986,115.9789115;29.7489952,115.9851189","29.7705546,115.9789115;29.7633682,115.9892571"
01,Datasets/UAV_VisLoc_dataset/01/drone/01_0260.JPG,29.7202492,115.9809806,"29.7471986,115.9789115;29.7489952,115.9789115;29.7471986,115.9768424;29.7454019,115.9809806","29.7094695,115.9706350;29.7274357,115.9954645"
01,Datasets/UAV_VisLoc_dataset/01/drone/01_0261.JPG,29.7220458,115.9809806,"29.7471986,115.9789115;29.7489952,115.9789115;29.7471986,115.9768424;29.7454019,115.9809806","29.7507918,115.9871880;29.7651648,115.9913262"
01,Datasets/UAV_VisLoc_dataset/01/drone/01_0262.JPG,29.7220458,115.9809806,"29.7471986,115.9789115;29.7489952,115.9789115;29.7471986,115.9768424;29.7454019,115.9809806","29.7094695,115.9747732;29.7418087,115.9727041"
01,Datasets/UAV_VisLoc_dataset/01/drone/01_0263.JPG,29.7220458,115.9809806,"29.7454019,115.9809806;29.7471986,115.9768424;29.7705546,115.9954645;29.7489952,115.9789115","29.7040796,115.9727041;29.7543850,115.9768424"
01,Datasets/UAV_VisLoc_dataset/01/drone/01_0264.JPG,29.7238425,115.9809806,"29.7471986,115.9768424;29.7454019,115.9809806;29.7705546,115.9954645;29.7489952,115.9851189","29.7076729,115.9768424;29.7022830,115.9809806"
01,Datasets/UAV_VisLoc_dataset/01/drone/01_0265.JPG,29.7238425,115.9809806,"29.7705546,115.9954645;29.7471986,115.9768424;29.7723513,115.9954645;29.7471986,115.9789115","29.7633682,115.9706350;29.7561817,115.9830497"
01,Datasets/UAV_VisLoc_dataset/01/drone/01_0266.JPG,29.7256391,115.9809806,"29.7705546,115.9954645;29.7723513,115.9954645;29.7687580,115.9954645;29.7471986,115.9768424","29.7705546,115.9933954;29.7256391,115.9706350"
01,Datasets/UAV_VisLoc_dataset/01/drone/01_0267.JPG,29.7256391,115.9809806,"29.7705546,115.9954645;29.7723513,115.9954645;29.7597749,115.9747732;29.7705546,115.9789115","29.7382154,115.9933954;29.7274357,115.9954645"
01,Datasets/UAV_VisLoc_dataset/01/drone/01_0268.JPG,29.7256391,115.9809806,"29.7256391,115.9954645;29.7238425,115.9954645;29.7130627,115.9892571;29.7651648,115.9789115","29.7220458,115.9933954;29.7436053,115.9830497"
01,Datasets/UAV_VisLoc_dataset/01/drone/01_0269.JPG,29.7274357,115.9809806,"29.7256391,115.9954645;29.7238425,115.9954645;29.7310290,115.9933954;29.7130627,115.9892571","29.7579783,115.9706350;29.7597749,115.9851189"
01,Datasets/UAV_VisLoc_dataset/01/drone/01_0270.JPG,29.7274357,115.9809806,"29.7256391,115.9954645;29.7238425,115.9954645;29.7723513,115.9933954;29.7310290,115.9933954","29.7076729,115.9913262;29.7364188,115.9706350"
01,Datasets/UAV_VisLoc_dataset/01/drone/01_0271.JPG,29.7274357,115.9809806,"29.7687580,115.9851189;29.7454019,115.9954645;29.7436053,115.9954645;29.7436053,115.9933954","29.7040796,115.9830497;29.7651648,115.9933954"
01,Datasets/UAV_VisLoc_dataset/01/drone/01_0272.JPG,29.7292323,115.9809806,"29.7454019,115.9954645;29.7436053,115.9954645;29.7436053,115.9933954;29.7454019,115.9933954","29.7184526,115.9892571;29.7597749,115.9809806"
01,Datasets/UAV_VisLoc_dataset/01/drone/01_0273.JPG,29.7292323,115.9809806,"29.7454019,115.9954645;29.7436053,115.9954645;29.7436053,115.9933954;29.7687580,115.9851189","29.7040796,115.9830497;29.7076729,115.9871880"
01,Datasets/UAV_VisLoc_dataset/01/drone/01_0274.JPG,29.7310290,115.9809806,"29.7687580,115.9851189;29.7705546,115.9871880;29.7436053,115.9954645;29.7454019,115.9954645","29.7723513,115.9933954;29.7022830,115.9913262"
01,Datasets/UAV_VisLoc_dataset/01/drone/01_0275.JPG,29.7310290,115.9809806,"29.7615715,115.9727041;29.7705546,115.9789115;29.7597749,115.9727041;29.7597749,115.9706350","29.7094695,115.9871880;29.7525884,115.9706350"
01,Datasets/UAV_VisLoc_dataset/01/drone/01_0276.JPG,29.7310290,115.9809806,"29.7615715,115.9727041;29.7705546,115.9789115;29.7597749,115.9727041;29.7597749,115.9706350","29.7076729,115.9706350;29.7543850,115.9727041"
01,Datasets/UAV_VisLoc_dataset/01/drone/01_0277.JPG,29.7328256,115.9809806,"29.7615715,115.9727041;29.7705546,115.9789115;29.7597749,115.9727041;29.7597749,115.9706350","29.7022830,115.9954645;29.7651648,115.9768424"
01,Datasets/UAV_VisLoc_dataset/01/drone/01_0278.JPG,29.7328256,115.9809806,"29.7615715,115.9727041;29.7705546,115.9789115;29.7597749,115.9727041;29.7597749,115.9706350","29.7364188,115.9933954;29.7166560,115.9747732"
01,Datasets/UAV_VisLoc_dataset/01/drone/01_0279.JPG,29.7346222,115.9809806,"29.7633682,115.9954645;29.7615715,115.9727041;29.7597749,115.9727041;29.7597749,115.9706350","29.7633682,115.9954645;29.7597749,115.9809806"
01,Datasets/UAV_VisLoc_dataset/01/drone/01_0280.JPG,29.7346222,115.9809806,"29.7615715,115.9727041;29.7705546,115.9789115;29.7597749,115.9727041;29.7597749,115.9706350","29.7130627,115.9913262;29.7022830,115.9830497"
01,Datasets/UAV_VisLoc_dataset/01/drone/01_0281.JPG,29.7346222,115.9809806,"29.7615715,115.9727041;29.7705546,115.9789115;29.7597749,115.9727041;29.7597749,115.9706350","29.7184526,115.9913262;29.7525884,115.9789115"
01,Datasets/UAV_VisLoc_dataset/01/drone/01_0282.JPG,29.7364188,115.9809806,"29.7615715,115.9727041;29.7597749,115.9727041;29.7597749,115.9706350;29.7705546,115.9789115","29.7022830,115.9747732;29.7040796,115.9747732"
01,Datasets/UAV_VisLoc_dataset/01/drone/01_0283.JPG,29.7364188,115.9809806,"29.7633682,115.9954645;29.7615715,115.9727041;29.7597749,115.9727041;29.7597749,115.9706350","29.7112661,115.9789115;29.7040796,115.9892571"
01,Datasets/UAV_VisLoc_dataset/01/drone/01_0284.JPG,29.7382154,115.9809806,"29.7633682,115.9954645;29.7615715,115.9727041;29.7597749,115.9727041;29.7597749,115.9706350","29.7489952,115.9830497;29.7723513,115.9789115"
01,Datasets/UAV_VisLoc_dataset/01/drone/01_0285.JPG,29.7382154,115.9809806,"29.7633682,115.9954645;29.7615715,115.9727041;29.7597749,115.9706350;29.7597749,115.9727041","29.7166560,115.9747732;29.7705546,115.9871880"
01,Datasets/UAV_VisLoc_dataset/01/drone/01_0286.JPG,29.7382154,115.9809806,"29.7346222,115.9933954;29.7454019,115.9954645;29.7436053,115.9954645;29.7633682,115.9954645","29.7166560,115.9789115;29.7633682,115.9913262"
01,Datasets/UAV_VisLoc_dataset/01/drone/01_0287.JPG,29.7400121,115.9809806,"29.7454019,115.9933954;29.7454019,115.9954645;29.7471986,115.9954645;29.7436053,115.9933954","29.7525884,115.9871880;29.7615715,115.9747732"
01,Datasets/UAV_VisLoc_dataset/01/drone/01_0288.JPG,29.7400121,115.9809806,"29.7454019,115.9933954;29.7436053,115.9933954;29.7454019,115.9954645;29.7436053,115.9954645","29.7687580,115.9830497;29.7094695,115.9727041"
01,Datasets/UAV_VisLoc_dataset/01/drone/01_0289.JPG,29.7418087,115.9809806,"29.7436053,115.9933954;29.7454019,115.9933954;29.7454019,115.9954645;29.7436053,115.9954645","29.7633682,115.9871880;29.7543850,115.9871880"
01,Datasets/UAV_VisLoc_dataset/01/drone/01_0290.JPG,29.7418087,115.9809806,"29.7454019,115.9933954;29.7436053,115.9933954;29.7454019,115.9954645;29.7436053,115.9954645","29.7292323,115.9768424;29.7633682,115.9809806"
01,Datasets/UAV_VisLoc_dataset/01/drone/01_0291.JPG,29.7418087,115.9809806,"29.7454019,115.9933954;29.7471986,115.9954645;29.7436053,115.9933954;29.7454019,115.9954645","29.7130627,115.9933954;29.7292323,115.9830497"
01,Datasets/UAV_VisLoc_dataset/01/drone/01_0292.JPG,29.7436053,115.9809806,"29.7471986,115.9954645;29.7471986,115.9933954;29.7454019,115.9933954;29.7382154,115.9954645","29.7094695,115.9768424;29.7543850,115.9871880"
01,Datasets/UAV_VisLoc_dataset/01/drone/01_0293.JPG,29.7436053,115.9809806,"29.7400121,115.9933954;29.7400121,115.9954645;29.7382154,115.9933954;29.7418087,115.9954645","29.7346222,115.9789115;29.7579783,115.9789115"
01,Datasets/UAV_VisLoc_dataset/01/drone/01_0294.JPG,29.7454019,115.9809806,"29.7489952,115.9913262;29.7723513,115.9871880;29.7723513,115.9809806;29.7471986,115.9727041","29.7471986,115.9706350;29.7058762,115.9954645"
01,Datasets/UAV_VisLoc_dataset/01/drone/01_0295.JPG,29.7454019,115.9809806,"29.7723513,115.9871880;29.7597749,115.9768424;29.7166560,115.9789115;29.7184526,115.9789115","29.7292323,115.9789115;29.7112661,115.9789115"
01,Datasets/UAV_VisLoc_dataset/01/drone/01_0296.JPG,29.7454019,115.9809806,"29.7130627,115.9933954;29.7112661,115.9933954;29.7166560,115.9933954;29.7148594,115.9954645","29.7040796,115.9913262;29.7561817,115.9933954"
01,Datasets/UAV_VisLoc_dataset/01/drone/01_0297.JPG,29.7471986,115.9809806,"29.7130627,115.9933954;29.7148594,115.9954645;29.7148594,115.9933954;29.7166560,115.9933954","29.7184526,115.9747732;29.7022830,115.9830497"
01,Datasets/UAV_VisLoc_dataset/01/drone/01_0298.JPG,29.7471986,115.9809806,"29.7184526,115.9789115;29.7184526,115.9809806;29.7220458,115.9809806;29.7220458,115.9830497","29.7543850,115.9913262;29.7328256,115.9913262"
01,Datasets/UAV_VisLoc_dataset/01/drone/01_0299.JPG,29.7489952,115.9809806,"29.7220458,115.9830497;29.7184526,115.9789115;29.7220458,115.9809806;29.7184526,115.9809806","29.7579783,115.9789115;29.7382154,115.9933954"
01,Datasets/UAV_VisLoc_dataset/01/drone/01_0300.JPG,29.7489952,115.9809806,"29.7507918,115.9954645;29.7687580,115.9747732;29.7723513,115.9871880;29.7489952,115.9933954","29.7040796,115.9933954;29.7058762,115.9809806"
01,Datasets/UAV_VisLoc_dataset/01/drone/01_0301.JPG,29.7489952,115.9809806,"29.7489952,115.9933954;29.7507918,115.9954645;29.7400121,115.9954645;29.7418087,115.9954645","29.7040796,115.9809806;29.7022830,115.9727041"
01,Datasets/UAV_VisLoc_dataset/01/drone/01_0302.JPG,29.7507918,115.9809806,"29.7723513,115.9933954;29.7346222,115.9954645;29.7705546,115.9933954;29.7687580,115.9933954","29.7651648,115.9954645;29.7292323,115.9871880"
01,Datasets/UAV_VisLoc_dataset/01/drone/01_0303.JPG,29.7507918,115.9809806,"29.7723513,115.9933954;29.7705546,115.9933954;29.7687580,115.9933954;29.7723513,115.9913262","29.7112661,115.9933954;29.7256391,115.9954645"
01,Datasets/UAV_VisLoc_dataset/01/drone/01_0304.JPG,29.7525884,115.9809806,"29.7723513,115.9933954;29.7723513,115.9913262;29.7705546,115.9933954;29.7687580,115.9933954","29.7579783,115.9892571;29.7076729,115.9727041"
01,Datasets/UAV_VisLoc_dataset/01/drone/01_0305.JPG,29.7525884,115.9809806,"29.7723513,115.9933954;29.7723513,115.9913262;29.7705546,115.9933954;29.7687580,115.9933954","29.7238425,115.9933954;29.7723513,115.9789115"
01,Datasets/UAV_VisLoc_dataset/01/drone/01_0306.JPG,29.7525884,115.9809806,"29.7723513,115.9933954;29.7723513,115.9913262;29.7705546,115.9933954;29.7687580,115.9933954","29.7292323,115.9871880;29.7346222,115.9851189"
01,Datasets/UAV_VisLoc_dataset/01/drone/01_0307.JPG,29.7543850,115.9809806,"29.7723513,115.9933954;29.7723513,115.9913262;29.7705546,115.9933954;29.7687580,115.9933954","29.7166560,115.9871880;29.7400121,115.9871880"
01,Datasets/UAV_VisLoc_dataset/01/drone/01_0308.JPG,29.7543850,115.9809806,"29.7723513,115.9933954;29.7723513,115.9913262;29.7705546,115.9933954;29.7687580,115.9933954","29.7292323,115.9747732;29.7364188,115.9830497"
01,Datasets/UAV_VisLoc_dataset/01/drone/01_0309.JPG,29.7561817,115.9809806,"29.7723513,115.9871880;29.7346222,115.9954645;29.7579783,115.9789115;29.7328256,115.9954645","29.7166560,115.9809806;29.7705546,115.9747732"
01,Datasets/UAV_VisLoc_dataset/01/drone/01_0310.JPG,29.7561817,115.9809806,"29.7723513,115.9871880;29.7346222,115.9954645;29.7292323,115.9830497;29.7310290,115.9871880","29.7202492,115.9768424;29.7274357,115.9789115"
01,Datasets/UAV_VisLoc_dataset/01/drone/01_0311.JPG,29.7561817,115.9809806,"29.7723513,115.9871880;29.7346222,115.9954645;29.7328256,115.9954645;29.7633682,115.9809806","29.7436053,115.9933954;29.7346222,115.9789115"
01,Datasets/UAV_VisLoc_dataset/01/drone/01_0312.JPG,29.7579783,115.9809806,"29.7346222,115.9954645;29.7328256,115.9954645;29.7633682,115.9809806;29.7669614,115.9768424","29.7418087,115.9706350;29.7292323,115.9727041"
01,Datasets/UAV_VisLoc_dataset/01/drone/01_0313.JPG,29.7579783,115.9809806,"29.7723513,115.9933954;29.7346222,115.9954645;29.7687580,115.9933954;29.7705546,115.9933954","29.7112661,115.9706350;29.7112661,115.9789115"
01,Datasets/UAV_VisLoc_dataset/01/drone/01_0314.JPG,29.7597749,115.9809806,"29.7723513,115.9933954;29.7723513,115.9913262;29.7705546,115.9933954;29.7687580,115.9933954","29.7436053,115.9830497;29.7328256,115.9768424"
01,Datasets/UAV_VisLoc_dataset/01/drone/01_0315.JPG,29.7597749,115.9809806,"29.7723513,115.9933954;29.7723513,115.9913262;29.7687580,115.9933954;29.7705546,115.9933954","29.7310290,115.9768424;29.7669614,115.9954645"
01,Datasets/UAV_VisLoc_dataset/01/drone/01_0316.JPG,29.7597749,115.9809806,"29.7418087,115.9954645;29.7400121,115.9954645;29.7400121,115.9933954;29.7418087,115.9933954","29.7723513,115.9727041;29.7094695,115.9706350"
01,Datasets/UAV_VisLoc_dataset/01/drone/01_0317.JPG,29.7615715,115.9809806,"29.7418087,115.9954645;29.7400121,115.9954645;29.7418087,115.9933954;29.7400121,115.9933954","29.7184526,115.9830497;29.7705546,115.9727041"
01,Datasets/UAV_VisLoc_dataset/01/drone/01_0318.JPG,29.7615715,115.9809806,"29.7418087,115.9954645;29.7400121,115.9933954;29.7400121,115.9954645;29.7418087,115.9933954","29.7382154,115.9954645;29.7202492,115.9789115"
01,Datasets/UAV_VisLoc_dataset/01/drone/01_0319.JPG,29.7633682,115.9809806,"29.7418087,115.9954645;29.7400121,115.9933954;29.7400121,115.9954645;29.7418087,115.9933954","29.7382154,115.9913262;29.7489952,115.9871880"
01,Datasets/UAV_VisLoc_dataset/01/drone/01_0320.JPG,29.7633682,115.9809806,"29.7418087,115.9954645;29.7400121,115.9954645;29.7400121,115.9933954;29.7418087,115.9933954","29.7723513,115.9706350;29.7400121,115.9871880"
01,Datasets/UAV_VisLoc_dataset/01/drone/01_0321.JPG,29.7633682,115.9809806,"29.7400121,115.9954645;29.7400121,115.9933954;29.7418087,115.9954645;29.7382154,115.9933954","29.7112661,115.9747732;29.7256391,115.9954645"
01,Datasets/UAV_VisLoc_dataset/01/drone/01_0322.JPG,29.7651648,115.9809806,"29.7346222,115.9933954;29.7400121,115.9954645;29.7418087,115.9954645;29.7382154,115.9933954","29.7148594,115.9809806;29.7651648,115.9954645"
01,Datasets/UAV_VisLoc_dataset/01/drone/01_0323.JPG,29.7651648,115.9830497,"29.7346222,115.9933954;29.7364188,115.9954645;29.7723513,115.9933954;29.7489952,115.9954645","29.7382154,115.9809806;29.7202492,115.9913262"
01,Datasets/UAV_VisLoc_dataset/01/drone/01_0324.JPG,29.7633682,115.9830497,"29.7346222,115.9933954;29.7723513,115.9933954;29.7364188,115.9954645;29.7382154,115.9954645","29.7202492,115.9747732;29.7040796,115.9747732"
01,Datasets/UAV_VisLoc_dataset/01/drone/01_0325.JPG,29.7633682,115.9830497,"29.7382154,115.9933954;29.7400121,115.9954645;29.7400121,115.9933954;29.7418087,115.9954645","29.7723513,115.9954645;29.7310290,115.9747732"
01,Datasets/UAV_VisLoc_dataset/01/drone/01_0326.JPG,29.7615715,115.9830497,"29.7400121,115.9954645;29.7400121,115.9933954;29.7418087,115.9954645;29.7346222,115.9954645","29.7148594,115.9871880;29.7076729,115.9768424"
01,Datasets/UAV_VisLoc_dataset/01/drone/01_0327.JPG,29.7615715,115.9830497,"29.7346222,115.9954645;29.7489952,115.9933954;29.7400121,115.9954645;29.7400121,115.9933954","29.7220458,115.9954645;29.7364188,115.9789115"
01,Datasets/UAV_VisLoc_dataset/01/drone/01_0328.JPG,29.7615715,115.9830497,"29.7400121,115.9933954;29.7400121,115.9954645;29.7418087,115.9954645;29.7346222,115.9954645","29.7436053,115.9892571;29.7346222,115.9851189"
01,Datasets/UAV_VisLoc_dataset/01/drone/01_0329.JPG,29.7597749,115.9830497,"29.7723513,115.9933954;29.7705546,115.9933954;29.7687580,115.9933954;29.7346222,115.9954645","29.7364188,115.9954645;29.7418087,115.9768424"
01,Datasets/UAV_VisLoc_dataset/01/drone/01_0330.JPG,29.7597749,115.9830497,"29.7723513,115.9933954;29.7705546,115.9933954;29.7687580,115.9933954;29.7346222,115.9933954","29.7202492,115.9892571;29.7166560,115.9809806"
01,Datasets/UAV_VisLoc_dataset/01/drone/01_0331.JPG,29.7579783,115.9830497,"29.7723513,115.9933954;29.7687580,115.9933954;29.7705546,115.9933954;29.7597749,115.9954645","29.7346222,115.9892571;29.7220458,115.9871880"
01,Datasets/UAV_VisLoc_dataset/01/drone/01_0332.JPG,29.7579783,115.9830497,"29.7723513,115.9933954;29.7346222,115.9954645;29.7687580,115.9933954;29.7705546,115.9933954","29.7274357,115.9892571;29.7346222,115.9727041"
01,Datasets/UAV_VisLoc_dataset/01/drone/01_0333.JPG,29.7579783,115.9830497,"29.7346222,115.9954645;29.7723513,115.9933954;29.7687580,115.9933954;29.7651648,115.9789115","29.7328256,115.9933954;29.7238425,115.9768424"
01,Datasets/UAV_VisLoc_dataset/01/drone/01_0334.JPG,29.7561817,115.9830497,"29.7346222,115.9954645;29.7328256,115.9954645;29.7489952,115.9913262;29.7633682,115.9809806","29.7328256,115.9809806;29.7543850,115.9933954"
01,Datasets/UAV_VisLoc_dataset/01/drone/01_0335.JPG,29.7561817,115.9830497,"29.7346222,115.9954645;29.7328256,115.9954645;29.7633682,115.9809806;29.7615715,115.9809806","29.7669614,115.9727041;29.7346222,115.9954645"
01,Datasets/UAV_VisLoc_dataset/01/drone/01_0336.JPG,29.7543850,115.9830497,"29.7346222,115.9954645;29.7633682,115.9809806;29.7723513,115.9933954;29.7669614,115.9768424","29.7687580,115.9768424;29.7633682,115.9933954"
01,Datasets/UAV_VisLoc_dataset/01/drone/01_0337.JPG,29.7543850,115.9830497,"29.7723513,115.9933954;29.7346222,115.9954645;29.7705546,115.9933954;29.7651648,115.9789115","29.7328256,115.9913262;29.7471986,115.9706350"
01,Datasets/UAV_VisLoc_dataset/01/drone/01_0338.JPG,29.7543850,115.9830497,"29.7723513,115.9933954;29.7346222,115.9954645;29.7705546,115.9933954;29.7687580,115.9933954","29.7166560,115.9789115;29.7597749,115.9747732"
01,Datasets/UAV_VisLoc_dataset/01/drone/01_0339.JPG,29.7525884,115.9830497,"29.7346222,115.9954645;29.7633682,115.9809806;29.7723513,115.9933954;29.7489952,115.9913262","29.7633682,115.9809806;29.7328256,115.9871880"
01,Datasets/UAV_VisLoc_dataset/01/drone/01_0340.JPG,29.7525884,115.9830497,"29.7346222,115.9954645;29.7633682,115.9809806;29.7489952,115.9913262;29.7723513,115.9933954","29.7040796,115.9809806;29.7310290,115.9913262"
01,Datasets/UAV_VisLoc_dataset/01/drone/01_0341.JPG,29.7507918,115.9830497,"29.7346222,115.9954645;29.7723513,115.9933954;29.7633682,115.9809806;29.7705546,115.9933954","29.7040796,115.9933954;29.7058762,115.9809806"
01,Datasets/UAV_VisLoc_dataset/01/drone/01_0342.JPG,29.7507918,115.9830497,"29.7723513,115.9933954;29.7346222,115.9954645;29.7705546,115.9933954;29.7669614,115.9768424","29.7615715,115.9933954;29.7633682,115.9830497"
01,Datasets/UAV_VisLoc_dataset/01/drone/01_0343.JPG,29.7507918,115.9830497,"29.7489952,115.9933954;29.7507918,115.9954645;29.7669614,115.9768424;29.7723513,115.9933954","29.7058762,115.9871880;29.7184526,115.9851189"
01,Datasets/UAV_VisLoc_dataset/01/drone/01_0344.JPG,29.7489952,115.9830497,"29.7507918,115.9954645;29.7489952,115.9933954;29.7669614,115.9768424;29.7723513,115.9768424","29.7310290,115.9851189;29.7220458,115.9789115"
01,Datasets/UAV_VisLoc_dataset/01/drone/01_0345.JPG,29.7489952,115.9830497,"29.7723513,115.9871880;29.7723513,115.9809806;29.7705546,115.9871880;29.7687580,115.9747732","29.7202492,115.9892571;29.7561817,115.9913262"
01,Datasets/UAV_VisLoc_dataset/01/drone/01_0346.JPG,29.7471986,115.9830497,"29.7723513,115.9871880;29.7723513,115.9809806;29.7705546,115.9871880;29.7561817,115.9789115","29.7669614,115.9892571;29.7579783,115.9747732"
01,Datasets/UAV_VisLoc_dataset/01/drone/01_0347.JPG,29.7471986,115.9830497,"29.7723513,115.9871880;29.7561817,115.9789115;29.7705546,115.9871880;29.7723513,115.9809806","29.7274357,115.9933954;29.7633682,115.9727041"
01,Datasets/UAV_VisLoc_dataset/01/drone/01_0348.JPG,29.7471986,115.9830497,"29.7723513,115.9871880;29.7561817,115.9789115;29.7705546,115.9871880;29.7723513,115.9809806","29.7274357,115.9727041;29.7651648,115.9706350"
01,Datasets/UAV_VisLoc_dataset/01/drone/01_0349.JPG,29.7454019,115.9830497,"29.7723513,115.9871880;29.7561817,115.9789115;29.7256391,115.9747732;29.7705546,115.9871880","29.7112661,115.9768424;29.7561817,115.9706350"
01,Datasets/UAV_VisLoc_dataset/01/drone/01_0350.JPG,29.7454019,115.9830497,"29.7723513,115.9871880;29.7418087,115.9954645;29.7400121,115.9933954;29.7400121,115.9954645","29.7525884,115.9892571;29.7400121,115.9933954"
01,Datasets/UAV_VisLoc_dataset/01/drone/01_0351.JPG,29.7436053,115.9830497,"29.7418087,115.9954645;29.7400121,115.9933954;29.7400121,115.9954645;29.7418087,115.9933954","29.7328256,115.9747732;29.7238425,115.9789115"
01,Datasets/UAV_VisLoc_dataset/01/drone/01_0352.JPG,29.7436053,115.9830497,"29.7418087,115.9954645;29.7436053,115.9954645;29.7418087,115.9933954;29.7400121,115.9954645","29.7705546,115.9830497;29.7058762,115.9871880"
01,Datasets/UAV_VisLoc_dataset/01/drone/01_0353.JPG,29.7436053,115.9830497,"29.7418087,115.9954645;29.7436053,115.9954645;29.7418087,115.9933954;29.7400121,115.9933954","29.7597749,115.9768424;29.7292323,115.9768424"
01,Datasets/UAV_VisLoc_dataset/01/drone/01_0354.JPG,29.7418087,115.9830497,"29.7436053,115.9954645;29.7418087,115.9954645;29.7418087,115.9933954;29.7436053,115.9933954","29.7202492,115.9851189;29.7597749,115.9747732"
01,Datasets/UAV_VisLoc_dataset/01/drone/01_0355.JPG,29.7418087,115.9830497,"29.7436053,115.9954645;29.7418087,115.9954645;29.7418087,115.9933954;29.7436053,115.9933954","29.7094695,115.9933954;29.7543850,115.9954645"
01,Datasets/UAV_VisLoc_dataset/01/drone/01_0356.JPG,29.7400121,115.9830497,"29.7436053,115.9954645;29.7454019,115.9954645;29.7436053,115.9933954;29.7418087,115.9954645","29.7256391,115.9727041;29.7687580,115.9830497"
01,Datasets/UAV_VisLoc_dataset/01/drone/01_0357.JPG,29.7400121,115.9830497,"29.7436053,115.9954645;29.7454019,115.9954645;29.7436053,115.9933954;29.7418087,115.9933954","29.7220458,115.9789115;29.7022830,115.9789115"
01,Datasets/UAV_VisLoc_dataset/01/drone/01_0358.JPG,29.7400121,115.9830497,"29.7436053,115.9954645;29.7454019,115.9954645;29.7436053,115.9933954;29.7418087,115.9933954","29.7148594,115.9727041;29.7579783,115.9892571"
01,Datasets/UAV_VisLoc_dataset/01/drone/01_0359.JPG,29.7382154,115.9830497,"29.7436053,115.9954645;29.7454019,115.9954645;29.7436053,115.9933954;29.7418087,115.9933954","29.7292323,115.9933954;29.7112661,115.9851189"
01,Datasets/UAV_VisLoc_dataset/01/drone/01_0360.JPG,29.7382154,115.9830497,"29.7436053,115.9954645;29.7454019,115.9954645;29.7436053,115.9933954;29.7418087,115.9933954","29.7112661,115.9871880;29.7274357,115.9768424"
01,Datasets/UAV_VisLoc_dataset/01/drone/01_0361.JPG,29.7364188,115.9830497,"29.7436053,115.9954645;29.7454019,115.9954645;29.7436053,115.9933954;29.7418087,115.9933954","29.7687580,115.9747732;29.7723513,115.9871880"
01,Datasets/UAV_VisLoc_dataset/01/drone/01_0362.JPG,29.7364188,115.9830497,"29.7436053,115.9954645;29.7454019,115.9954645;29.7436053,115.9933954;29.7687580,115.9851189","29.7454019,115.9913262;29.7130627,115.9933954"
01,Datasets/UAV_VisLoc_dataset/01/drone/01_0363.JPG,29.7364188,115.9830497,"29.7454019,115.9954645;29.7436053,115.9954645;29.7436053,115.9933954;29.7454019,115.9933954","29.7615715,115.9747732;29.7723513,115.9871880"
01,Datasets/UAV_VisLoc_dataset/01/drone/01_0364.JPG,29.7346222,115.9830497,"29.7687580,115.9851189;29.7436053,115.9954645;29.7454019,115.9954645;29.7436053,115.9933954","29.7418087,115.9913262;29.7094695,115.9913262"
01,Datasets/UAV_VisLoc_dataset/01/drone/01_0365.JPG,29.7346222,115.9830497,"29.7687580,115.9851189;29.7436053,115.9954645;29.7454019,115.9954645;29.7436053,115.9933954","29.7256391,115.9809806;29.7633682,115.9851189"
01,Datasets/UAV_VisLoc_dataset/01/drone/01_0366.JPG,29.7328256,115.9830497,"29.7687580,115.9851189;29.7615715,115.9747732;29.7651648,115.9954645;29.7471986,115.9747732","29.7058762,115.9892571;29.7633682,115.9809806"
01,Datasets/UAV_VisLoc_dataset/01/drone/01_0367.JPG,29.7328256,115.9830497,"29.7651648,115.9954645;29.7633682,115.9954645;29.7471986,115.9747732;29.7615715,115.9747732","29.7328256,115.9933954;29.7040796,115.9809806"
01,Datasets/UAV_VisLoc_dataset/01/drone/01_0368.JPG,29.7328256,115.9830497,"29.7651648,115.9954645;29.7633682,115.9954645;29.7471986,115.9747732;29.7615715,115.9747732","29.7687580,115.9768424;29.7400121,115.9933954"
01,Datasets/UAV_VisLoc_dataset/01/drone/01_0369.JPG,29.7310290,115.9830497,"29.7651648,115.9954645;29.7687580,115.9851189;29.7615715,115.9747732;29.7471986,115.9747732","29.7130627,115.9747732;29.7202492,115.9809806"
01,Datasets/UAV_VisLoc_dataset/01/drone/01_0370.JPG,29.7310290,115.9830497,"29.7454019,115.9954645;29.7436053,115.9954645;29.7436053,115.9933954;29.7454019,115.9933954","29.7687580,115.9954645;29.7669614,115.9892571"
01,Datasets/UAV_VisLoc_dataset/01/drone/01_0371.JPG,29.7310290,115.9830497,"29.7454019,115.9954645;29.7436053,115.9954645;29.7436053,115.9933954;29.7454019,115.9933954","29.7148594,115.9933954;29.7507918,115.9830497"
01,Datasets/UAV_VisLoc_dataset/01/drone/01_0372.JPG,29.7292323,115.9830497,"29.7454019,115.9954645;29.7436053,115.9954645;29.7436053,115.9933954;29.7454019,115.9933954","29.7130627,115.9871880;29.7184526,115.9954645"
01,Datasets/UAV_VisLoc_dataset/01/drone/01_0373.JPG,29.7292323,115.9830497,"29.7256391,115.9954645;29.7723513,115.9933954;29.7238425,115.9954645;29.7723513,115.9913262","29.7723513,115.9913262;29.7471986,115.9933954"
01,Datasets/UAV_VisLoc_dataset/01/drone/01_0374.JPG,29.7274357,115.9830497,"29.7256391,115.9954645;29.7238425,115.9954645;29.7220458,115.9933954;29.7723513,115.9933954","29.7022830,115.9830497;29.7418087,115.9892571"
01,Datasets/UAV_VisLoc_dataset/01/drone/01_0375.JPG,29.7274357,115.9830497,"29.7256391,115.9954645;29.7238425,115.9954645;29.7022830,115.9913262;29.7058762,115.9871880","29.7184526,115.9747732;29.7166560,115.9789115"
01,Datasets/UAV_VisLoc_dataset/01/drone/01_0376.JPG,29.7274357,115.9830497,"29.7256391,115.9954645;29.7238425,115.9954645;29.7022830,115.9913262;29.7112661,115.9913262","29.7633682,115.9871880;29.7651648,115.9706350"
01,Datasets/UAV_VisLoc_dataset/01/drone/01_0377.JPG,29.7256391,115.9830497,"29.7256391,115.9954645;29.7238425,115.9954645;29.7112661,115.9913262;29.7022830,115.9913262","29.7525884,115.9706350;29.7454019,115.9913262"
01,Datasets/UAV_VisLoc_dataset/01/drone/01_0378.JPG,29.7256391,115.9830497,"29.7130627,115.9913262;29.7705546,115.9789115;29.7597749,115.9706350;29.7651648,115.9789115","29.7525884,115.9892571;29.7597749,115.9954645"
01,Datasets/UAV_VisLoc_dataset/01/drone/01_0379.JPG,29.7238425,115.9830497,"29.7130627,115.9913262;29.7130627,115.9933954;29.7723513,115.9954645;29.7112661,115.9933954","29.7489952,115.9913262;29.7040796,115.9954645"
01,Datasets/UAV_VisLoc_dataset/01/drone/01_0380.JPG,29.7238425,115.9830497,"29.7705546,115.9954645;29.7471986,115.9768424;29.7723513,115.9954645;29.7471986,115.9789115","29.7346222,115.9768424;29.7579783,115.9747732"
01,Datasets/UAV_VisLoc_dataset/01/drone/01_0381.JPG,29.7238425,115.9830497,"29.7471986,115.9789115;29.7471986,115.9768424;29.7489952,115.9789115;29.7705546,115.9954645","29.7651648,115.9933954;29.7328256,115.9830497"
01,Datasets/UAV_VisLoc_dataset/01/drone/01_0382.JPG,29.7220458,115.9830497,"29.7471986,115.9789115;29.7471986,115.9768424;29.7705546,115.9954645;29.7489952,115.9789115","29.7328256,115.9747732;29.7633682,115.9871880"
01,Datasets/UAV_VisLoc_dataset/01/drone/01_0383.JPG,29.7220458,115.9830497,"29.7471986,115.9789115;29.7471986,115.9768424;29.7705546,115.9954645;29.7489952,115.9789115","29.7436053,115.9954645;29.7597749,115.9727041"
01,Datasets/UAV_VisLoc_dataset/01/drone/01_0384.JPG,29.7202492,115.9830497,"29.7471986,115.9789115;29.7471986,115.9768424;29.7489952,115.9789115;29.7454019,115.9809806","29.7633682,115.9933954;29.7346222,115.9830497"
01,Datasets/UAV_VisLoc_dataset/01/drone/01_0385.JPG,29.7202492,115.9830497,"29.7471986,115.9789115;29.7471986,115.9768424;29.7489952,115.9789115;29.7454019,115.9809806","29.7669614,115.9933954;29.7382154,115.9830497"
01,Datasets/UAV_VisLoc_dataset/01/drone/01_0386.JPG,29.7202492,115.9830497,"29.7471986,115.9768424;29.7705546,115.9954645;29.7471986,115.9789115;29.7489952,115.9851189","29.7471986,115.9933954;29.7094695,115.9727041"
01,Datasets/UAV_VisLoc_dataset/01/drone/01_0387.JPG,29.7184526,115.9830497,"29.7471986,115.9768424;29.7489952,115.9851189;29.7705546,115.9954645;29.7454019,115.9809806","29.7346222,115.9954645;29.7328256,115.9830497"
01,Datasets/UAV_VisLoc_dataset/01/drone/01_0388.JPG,29.7184526,115.9830497,"29.7471986,115.9768424;29.7454019,115.9809806;29.7543850,115.9706350;29.7489952,115.9851189","29.7418087,115.9933954;29.7633682,115.9913262"
01,Datasets/UAV_VisLoc_dataset/01/drone/01_0389.JPG,29.7166560,115.9830497,"29.7543850,115.9706350;29.7471986,115.9768424;29.7669614,115.9892571;29.7489952,115.9851189","29.7076729,115.9851189;29.7436053,115.9830497"
01,Datasets/UAV_VisLoc_dataset/01/drone/01_0390.JPG,29.7166560,115.9830497,"29.7489952,115.9851189;29.7669614,115.9871880;29.7669614,115.9892571;29.7454019,115.9809806","29.7364188,115.9809806;29.7723513,115.9954645"
01,Datasets/UAV_VisLoc_dataset/01/drone/01_0391.JPG,29.7166560,115.9830497,"29.7489952,115.9851189;29.7669614,115.9871880;29.7669614,115.9892571;29.7454019,115.9809806","29.7507918,115.9809806;29.7507918,115.9789115"
01,Datasets/UAV_VisLoc_dataset/01/drone/01_0392.JPG,29.7148594,115.9830497,"29.7543850,115.9706350;29.7543850,115.9727041;29.7669614,115.9892571;29.7669614,115.9871880","29.7022830,115.9768424;29.7220458,115.9747732"
01,Datasets/UAV_VisLoc_dataset/01/drone/01_0393.JPG,29.7148594,115.9830497,"29.7561817,115.9706350;29.7543850,115.9706350;29.7543850,115.9727041;29.7561817,115.9727041","29.7238425,115.9809806;29.7310290,115.9871880"
01,Datasets/UAV_VisLoc_dataset/01/drone/01_0394.JPG,29.7130627,115.9830497,"29.7597749,115.9768424;29.7651648,115.9789115;29.7723513,115.9933954;29.7597749,115.9789115","29.7022830,115.9913262;29.7489952,115.9871880"
01,Datasets/UAV_VisLoc_dataset/01/drone/01_0395.JPG,29.7130627,115.9830497,"29.7723513,115.9933954;29.7651648,115.9789115;29.7723513,115.9768424;29.7723513,115.9913262","29.7400121,115.9727041;29.7543850,115.9789115"
01,Datasets/UAV_VisLoc_dataset/01/drone/01_0396.JPG,29.7130627,115.9830497,"29.7723513,115.9933954;29.7723513,115.9913262;29.7256391,115.9954645;29.7651648,115.9789115","29.7310290,115.9789115;29.7202492,115.9913262"
01,Datasets/UAV_VisLoc_dataset/01/drone/01_0397.JPG,29.7112661,115.9830497,"29.7723513,115.9933954;29.7256391,115.9954645;29.7723513,115.9913262;29.7687580,115.9933954","29.7022830,115.9768424;29.7471986,115.9747732"
01,Datasets/UAV_VisLoc_dataset/01/drone/01_0398.JPG,29.7112661,115.9830497,"29.7256391,115.9954645;29.7723513,115.9933954;29.7651648,115.9789115;29.7723513,115.9913262","29.7292323,115.9789115;29.7220458,115.9892571"
01,Datasets/UAV_VisLoc_dataset/01/drone/01_0399.JPG,29.7094695,115.9830497,"29.7723513,115.9933954;29.7651648,115.9789115;29.7112661,115.9768424;29.7256391,115.9954645","29.7436053,115.9913262;29.7507918,115.9830497"
01,Datasets/UAV_VisLoc_dataset/01/drone/01_0400.JPG,29.7094695,115.9830497,"29.7633682,115.9809806;29.7112661,115.9768424;29.7615715,115.9809806;29.7166560,115.9727041","29.7723513,115.9768424;29.7615715,115.9768424"
01,Datasets/UAV_VisLoc_dataset/01/drone/01_0401.JPG,29.7094695,115.9830497,"29.7166560,115.9727041;29.7633682,115.9809806;29.7615715,115.9809806;29.7148594,115.9727041","29.7651648,115.9913262;29.7418087,115.9706350"
01,Datasets/UAV_VisLoc_dataset/01/drone/01_0402.JPG,29.7076729,115.9830497,"29.7615715,115.9809806;29.7148594,115.9727041;29.7166560,115.9727041;29.7633682,115.9809806","29.7579783,115.9892571;29.7507918,115.9954645"
01,Datasets/UAV_VisLoc_dataset/01/drone/01_0403.JPG,29.7076729,115.9851189,"29.7723513,115.9933954;29.7651648,115.9789115;29.7723513,115.9913262;29.7705546,115.9913262","29.7561817,115.9809806;29.7436053,115.9789115"
01,Datasets/UAV_VisLoc_dataset/01/drone/01_0404.JPG,29.7094695,115.9851189,"29.7723513,115.9933954;29.7651648,115.9789115;29.7723513,115.9913262;29.7256391,115.9954645","29.7705546,115.9871880;29.7507918,115.9727041"
01,Datasets/UAV_VisLoc_dataset/01/drone/01_0405.JPG,29.7094695,115.9851189,"29.7723513,115.9933954;29.7723513,115.9913262;29.7651648,115.9789115;29.7705546,115.9913262","29.7651648,115.9809806;29.7400121,115.9851189"
01,Datasets/UAV_VisLoc_dataset/01/drone/01_0406.JPG,29.7112661,115.9851189,"29.7723513,115.9933954;29.7723513,115.9913262;29.7651648,115.9789115;29.7256391,115.9954645","29.7184526,115.9954645;29.7436053,115.9768424"
01,Datasets/UAV_VisLoc_dataset/01/drone/01_0407.JPG,29.7112661,115.9851189,"29.7723513,115.9933954;29.7256391,115.9954645;29.7723513,115.9913262;29.7651648,115.9789115","29.7615715,115.9809806;29.7382154,115.9913262"
01,Datasets/UAV_VisLoc_dataset/01/drone/01_0408.JPG,29.7112661,115.9851189,"29.7723513,115.9933954;29.7256391,115.9954645;29.7723513,115.9913262;29.7651648,115.9789115","29.7454019,115.9913262;29.7705546,115.9892571"
01,Datasets/UAV_VisLoc_dataset/01/drone/01_0409.JPG,29.7130627,115.9851189,"29.7723513,115.9933954;29.7256391,115.9954645;29.7651648,115.9789115;29.7669614,115.9789115","29.7705546,115.9954645;29.7382154,115.9727041"
01,Datasets/UAV_VisLoc_dataset/01/drone/01_0410.JPG,29.7130627,115.9851189,"29.7597749,115.9789115;29.7166560,115.9789115;29.7597749,115.9768424;29.7166560,115.9809806","29.7202492,115.9954645;29.7723513,115.9809806"
01,Datasets/UAV_VisLoc_dataset/01/drone/01_0411.JPG,29.7148594,115.9851189,"29.7597749,115.9768424;29.7597749,115.9789115;29.7112661,115.9933954;29.7058762,115.9913262","29.7615715,115.9933954;29.7561817,115.9954645"
01,Datasets/UAV_VisLoc_dataset/01/drone/01_0412.JPG,29.7148594,115.9851189,"29.7543850,115.9706350;29.7669614,115.9871880;29.7669614,115.9892571;29.7454019,115.9809806","29.7507918,115.9851189;29.7579783,115.9789115"
01,Datasets/UAV_VisLoc_dataset/01/drone/01_0413.JPG,29.7148594,115.9851189,"29.7669614,115.9871880;29.7669614,115.9892571;29.7543850,115.9706350;29.7489952,115.9851189","29.7112661,115.9727041;29.7022830,115.9747732"
01,Datasets/UAV_VisLoc_dataset/01/drone/01_0414.JPG,29.7166560,115.9851189,"29.7543850,115.9706350;29.7669614,115.9892571;29.7669614,115.9871880;29.7489952,115.9851189","29.7040796,115.9809806;29.7436053,115.9768424"
01,Datasets/UAV_VisLoc_dataset/01/drone/01_0415.JPG,29.7166560,115.9851189,"29.7543850,115.9706350;29.7669614,115.9892571;29.7454019,115.9809806;29.7489952,115.9851189","29.7705546,115.9871880;29.7418087,115.9851189"
01,Datasets/UAV_VisLoc_dataset/01/drone/01_0416.JPG,29.7184526,115.9851189,"29.7543850,115.9706350;29.7669614,115.9892571;29.7454019,115.9809806;29.7489952,115.9851189","29.7651648,115.9768424;29.7723513,115.9809806"
01,Datasets/UAV_VisLoc_dataset/01/drone/01_0417.JPG,29.7184526,115.9851189,"29.7543850,115.9706350;29.7669614,115.9892571;29.7454019,115.9809806;29.7489952,115.9851189","29.7723513,115.9768424;29.7310290,115.9933954"
01,Datasets/UAV_VisLoc_dataset/01/drone/01_0418.JPG,29.7184526,115.9851189,"29.7669614,115.9892571;29.7489952,115.9851189;29.7543850,115.9706350;29.7454019,115.9809806","29.7364188,115.9954645;29.7058762,115.9830497"
01,Datasets/UAV_VisLoc_dataset/01/drone/01_0419.JPG,29.7202492,115.9851189,"29.7669614,115.9892571;29.7454019,115.9809806;29.7543850,115.9706350;29.7489952,115.9851189","29.7058762,115.9933954;29.7525884,115.9706350"
01,Datasets/UAV_VisLoc_dataset/01/drone/01_0420.JPG,29.7202492,115.9851189,"29.7543850,115.9706350;29.7669614,115.9892571;29.7489952,115.9851189;29.7454019,115.9809806","29.7454019,115.9913262;29.7454019,115.9789115"
01,Datasets/UAV_VisLoc_dataset/01/drone/01_0421.JPG,29.7220458,115.9851189,"29.7669614,115.9871880;29.7669614,115.9892571;29.7489952,115.9851189;29.7454019,115.9809806","29.7687580,115.9809806;29.7274357,115.9747732"
01,Datasets/UAV_VisLoc_dataset/01/drone/01_0422.JPG,29.7220458,115.9851189,"29.7669614,115.9871880;29.7489952,115.9851189;29.7669614,115.9892571;29.7454019,115.9809806","29.7202492,115.9747732;29.7615715,115.9933954"
01,Datasets/UAV_VisLoc_dataset/01/drone/01_0423.JPG,29.7220458,115.9851189,"29.7471986,115.9768424;29.7705546,115.9954645;29.7669614,115.9871880;29.7489952,115.9851189","29.7040796,115.9933954;29.7346222,115.9871880"
01,Datasets/UAV_VisLoc_dataset/01/drone/01_0424.JPG,29.7238425,115.9851189,"29.7723513,115.9913262;29.7651648,115.9789115;29.7705546,115.9913262;29.7723513,115.9933954","29.7346222,115.9851189;29.7040796,115.9871880"
01,Datasets/UAV_VisLoc_dataset/01/drone/01_0425.JPG,29.7238425,115.9851189,"29.7723513,115.9933954;29.7723513,115.9913262;29.7256391,115.9954645;29.7651648,115.9789115","29.7687580,115.9851189;29.7525884,115.9954645"
01,Datasets/UAV_VisLoc_dataset/01/drone/01_0426.JPG,29.7256391,115.9851189,"29.7723513,115.9933954;29.7256391,115.9954645;29.7723513,115.9913262;29.7238425,115.9954645","29.7561817,115.9768424;29.7525884,115.9809806"
01,Datasets/UAV_VisLoc_dataset/01/drone/01_0427.JPG,29.7256391,115.9851189,"29.7256391,115.9954645;29.7723513,115.9933954;29.7238425,115.9954645;29.7310290,115.9933954","29.7022830,115.9768424;29.7651648,115.9809806"
01,Datasets/UAV_VisLoc_dataset/01/drone/01_0428.JPG,29.7256391,115.9851189,"29.7256391,115.9954645;29.7238425,115.9954645;29.7723513,115.9933954;29.7112661,115.9913262","29.7579783,115.9727041;29.7364188,115.9789115"
01,Datasets/UAV_VisLoc_dataset/01/drone/01_0429.JPG,29.7274357,115.9851189,"29.7256391,115.9954645;29.7238425,115.9954645;29.7112661,115.9913262;29.7022830,115.9913262","29.7346222,115.9954645;29.7040796,115.9871880"
01,Datasets/UAV_VisLoc_dataset/01/drone/01_0430.JPG,29.7274357,115.9851189,"29.7256391,115.9954645;29.7238425,115.9954645;29.7022830,115.9913262;29.7112661,115.9913262","29.7148594,115.9954645;29.7076729,115.9830497"
01,Datasets/UAV_VisLoc_dataset/01/drone/01_0431.JPG,29.7292323,115.9851189,"29.7256391,115.9954645;29.7238425,115.9954645;29.7112661,115.9913262;29.7723513,115.9933954","29.7651648,115.9747732;29.7148594,115.9933954"
01,Datasets/UAV_VisLoc_dataset/01/drone/01_0432.JPG,29.7292323,115.9851189,"29.7256391,115.9954645;29.7238425,115.9954645;29.7112661,115.9913262;29.7723513,115.9933954","29.7022830,115.9727041;29.7705546,115.9789115"
01,Datasets/UAV_VisLoc_dataset/01/drone/01_0433.JPG,29.7292323,115.9851189,"29.7256391,115.9954645;29.7723513,115.9933954;29.7238425,115.9954645;29.7651648,115.9789115","29.7166560,115.9933954;29.7543850,115.9706350"
01,Datasets/UAV_VisLoc_dataset/01/drone/01_0434.JPG,29.7310290,115.9851189,"29.7687580,115.9851189;29.7436053,115.9954645;29.7454019,115.9954645;29.7436053,115.9933954","29.7579783,115.9913262;29.7040796,115.9706350"
01,Datasets/UAV_VisLoc_dataset/01/drone/01_0435.JPG,29.7310290,115.9851189,"29.7436053,115.9954645;29.7454019,115.9954645;29.7436053,115.9933954;29.7687580,115.9851189","29.7543850,115.9892571;29.7669614,115.9809806"
01,Datasets/UAV_VisLoc_dataset/01/drone/01_0436.JPG,29.7310290,115.9851189,"29.7687580,115.9851189;29.7436053,115.9954645;29.7454019,115.9954645;29.7436053,115.9933954","29.7166560,115.9871880;29.7525884,115.9913262"
01,Datasets/UAV_VisLoc_dataset/01/drone/01_0437.JPG,29.7328256,115.9851189,"29.7687580,115.9851189;29.7705546,115.9871880;29.7687580,115.9871880;29.7615715,115.9747732","29.7310290,115.9954645;29.7633682,115.9954645"
01,Datasets/UAV_VisLoc_dataset/01/drone/01_0438.JPG,29.7328256,115.9851189,"29.7687580,115.9851189;29.7651648,115.9954645;29.7615715,115.9747732;29.7471986,115.9747732","29.7220458,115.9913262;29.7597749,115.9830497"
01,Datasets/UAV_VisLoc_dataset/01/drone/01_0439.JPG,29.7346222,115.9851189,"29.7651648,115.9954645;29.7687580,115.9851189;29.7615715,115.9747732;29.7471986,115.9747732","29.7669614,115.9871880;29.7202492,115.9747732"
01,Datasets/UAV_VisLoc_dataset/01/drone/01_0440.JPG,29.7346222,115.9851189,"29.7651648,115.9954645;29.7471986,115.9747732;29.7615715,115.9747732;29.7633682,115.9954645","29.7310290,115.9954645;29.7471986,115.9954645"
01,Datasets/UAV_VisLoc_dataset/01/drone/01_0441.JPG,29.7346222,115.9851189,"29.7651648,115.9954645;29.7687580,115.9851189;29.7615715,115.9747732;29.7471986,115.9747732","29.7076729,115.9933954;29.7184526,115.9768424"
01,Datasets/UAV_VisLoc_dataset/01/drone/01_0442.JPG,29.7364188,115.9851189,"29.7651648,115.9954645;29.7687580,115.9851189;29.7615715,115.9747732;29.7471986,115.9747732","29.7651648,115.9809806;29.7669614,115.9706350"
01,Datasets/UAV_VisLoc_dataset/01/drone/01_0443.JPG,29.7364188,115.9851189,"29.7454019,115.9954645;29.7436053,115.9954645;29.7436053,115.9933954;29.7454019,115.9933954","29.7543850,115.9706350;29.7058762,115.9933954"
01,Datasets/UAV_VisLoc_dataset/01/drone/01_0444.JPG,29.7382154,115.9851189,"29.7454019,115.9954645;29.7436053,115.9954645;29.7436053,115.9933954;29.7454019,115.9933954","29.7220458,115.9851189;29.7292323,115.9768424"
01,Datasets/UAV_VisLoc_dataset/01/drone/01_0445.JPG,29.7382154,115.9851189,"29.7436053,115.9954645;29.7454019,115.9954645;29.7687580,115.9851189;29.7471986,115.9747732","29.7274357,115.9830497;29.7615715,115.9809806"
01,Datasets/UAV_VisLoc_dataset/01/drone/01_0446.JPG,29.7382154,115.9851189,"29.7651648,115.9954645;29.7633682,115.9954645;29.7687580,115.9933954;29.7471986,115.9747732","29.7507918,115.9892571;29.7723513,115.9933954"
01,Datasets/UAV_VisLoc_dataset/01/drone/01_0447.JPG,29.7400121,115.9851189,"29.7651648,115.9954645;29.7633682,115.9954645;29.7687580,115.9933954;29.7471986,115.9747732","29.7597749,115.9768424;29.7256391,115.9933954"
01,Datasets/UAV_VisLoc_dataset/01/drone/01_0448.JPG,29.7400121,115.9851189,"29.7633682,115.9954645;29.7651648,115.9954645;29.7687580,115.9933954;29.7471986,115.9747732","29.7094695,115.9871880;29.7094695,115.9706350"
01,Datasets/UAV_VisLoc_dataset/01/drone/01_0449.JPG,29.7418087,115.9851189,"29.7633682,115.9954645;29.7651648,115.9954645;29.7687580,115.9933954;29.7346222,115.9933954","29.7130627,115.9789115;29.7723513,115.9933954"
01,Datasets/UAV_VisLoc_dataset/01/drone/01_0450.JPG,29.7418087,115.9851189,"29.7346222,115.9933954;29.7364188,115.9954645;29.7364188,115.9933954;29.7382154,115.9954645","29.7543850,115.9892571;29.7561817,115.9933954"
01,Datasets/UAV_VisLoc_dataset/01/drone/01_0451.JPG,29.7418087,115.9851189,"29.7364188,115.9933954;29.7346222,115.9933954;29.7471986,115.9954645;29.7364188,115.9954645","29.7256391,115.9789115;29.7058762,115.9706350"
01,Datasets/UAV_VisLoc_dataset/01/drone/01_0452.JPG,29.7436053,115.9851189,"29.7471986,115.9954645;29.7471986,115.9933954;29.7364188,115.9933954;29.7454019,115.9933954","29.7148594,115.9830497;29.7687580,115.9706350"
01,Datasets/UAV_VisLoc_dataset/01/drone/01_0453.JPG,29.7436053,115.9851189,"29.7454019,115.9933954;29.7436053,115.9933954;29.7454019,115.9954645;29.7471986,115.9954645","29.7094695,115.9851189;29.7220458,115.9892571"
01,Datasets/UAV_VisLoc_dataset/01/drone/01_0454.JPG,29.7454019,115.9851189,"29.7454019,115.9933954;29.7471986,115.9954645;29.7436053,115.9933954;29.7471986,115.9933954","29.7058762,115.9913262;29.7238425,115.9809806"
01,Datasets/UAV_VisLoc_dataset/01/drone/01_0455.JPG,29.7454019,115.9851189,"29.7489952,115.9954645;29.7471986,115.9933954;29.7382154,115.9933954;29.7382154,115.9954645","29.7220458,115.9954645;29.7130627,115.9933954"
01,Datasets/UAV_VisLoc_dataset/01/drone/01_0456.JPG,29.7454019,115.9851189,"29.7489952,115.9913262;29.7723513,115.9871880;29.7471986,115.9727041;29.7400121,115.9933954","29.7202492,115.9747732;29.7022830,115.9851189"
01,Datasets/UAV_VisLoc_dataset/01/drone/01_0457.JPG,29.7471986,115.9851189,"29.7723513,115.9871880;29.7489952,115.9913262;29.7471986,115.9727041;29.7561817,115.9789115","29.7705546,115.9871880;29.7436053,115.9727041"
01,Datasets/UAV_VisLoc_dataset/01/drone/01_0458.JPG,29.7471986,115.9851189,"29.7489952,115.9913262;29.7723513,115.9871880;29.7471986,115.9727041;29.7723513,115.9809806","29.7292323,115.9789115;29.7220458,115.9871880"
01,Datasets/UAV_VisLoc_dataset/01/drone/01_0459.JPG,29.7489952,115.9851189,"29.7723513,115.9871880;29.7723513,115.9809806;29.7705546,115.9871880;29.7705546,115.9809806","29.7669614,115.9727041;29.7705546,115.9851189"
01,Datasets/UAV_VisLoc_dataset/01/drone/01_0460.JPG,29.7489952,115.9851189,"29.7723513,115.9809806;29.7723513,115.9871880;29.7705546,115.9809806;29.7507918,115.9954645","29.7579783,115.9789115;29.7328256,115.9747732"
01,Datasets/UAV_VisLoc_dataset/01/drone/01_0461.JPG,29.7489952,115.9851189,"29.7507918,115.9954645;29.7723513,115.9809806;29.7705546,115.9809806;29.7723513,115.9871880","29.7184526,115.9871880;29.7723513,115.9768424"
01,Datasets/UAV_VisLoc_dataset/01/drone/01_0462.JPG,29.7507918,115.9851189,"29.7507918,115.9954645;29.7723513,115.9768424;29.7669614,115.9768424;29.7489952,115.9933954","29.7256391,115.9747732;29.7669614,115.9809806"
01,Datasets/UAV_VisLoc_dataset/01/drone/01_0463.JPG,29.7507918,115.9851189,"29.7723513,115.9933954;29.7723513,115.9747732;29.7687580,115.9933954;29.7507918,115.9954645","29.7364188,115.9706350;29.7220458,115.9727041"
01,Datasets/UAV_VisLoc_dataset/01/drone/01_0464.JPG,29.7525884,115.9851189,"29.7633682,115.9809806;29.7669614,115.9768424;29.7723513,115.9933954;29.7651648,115.9789115","29.7669614,115.9913262;29.7202492,115.9809806"
01,Datasets/UAV_VisLoc_dataset/01/drone/01_0465.JPG,29.7525884,115.9851189,"29.7489952,115.9913262;29.7633682,115.9809806;29.7346222,115.9954645;29.7633682,115.9892571","29.7507918,115.9747732;29.7723513,115.9789115"
01,Datasets/UAV_VisLoc_dataset/01/drone/01_0466.JPG,29.7525884,115.9851189,"29.7489952,115.9913262;29.7633682,115.9809806;29.7633682,115.9892571;29.7346222,115.9954645","29.7364188,115.9954645;29.7400121,115.9706350"
01,Datasets/UAV_VisLoc_dataset/01/drone/01_0467.JPG,29.7543850,115.9851189,"29.7633682,115.9809806;29.7687580,115.9933954;29.7651648,115.9789115;29.7346222,115.9954645","29.7022830,115.9933954;29.7202492,115.9747732"
01,Datasets/UAV_VisLoc_dataset/01/drone/01_0468.JPG,29.7543850,115.9851189,"29.7256391,115.9954645;29.7687580,115.9933954;29.7723513,115.9933954;29.7597749,115.9933954","29.7202492,115.9747732;29.7166560,115.9747732"
01,Datasets/UAV_VisLoc_dataset/01/drone/01_0469.JPG,29.7561817,115.9851189,"29.7256391,115.9954645;29.7723513,115.9933954;29.7687580,115.9933954;29.7651648,115.9789115","29.7112661,115.9768424;29.7130627,115.9706350"
01,Datasets/UAV_VisLoc_dataset/01/drone/01_0470.JPG,29.7561817,115.9851189,"29.7256391,115.9954645;29.7723513,115.9933954;29.7687580,115.9933954;29.7346222,115.9954645","29.7022830,115.9706350;29.7651648,115.9871880"
01,Datasets/UAV_VisLoc_dataset/01/drone/01_0471.JPG,29.7561817,115.9851189,"29.7256391,115.9954645;29.7687580,115.9933954;29.7346222,115.9954645;29.7723513,115.9933954","29.7364188,115.9706350;29.7058762,115.9706350"
01,Datasets/UAV_VisLoc_dataset/01/drone/01_0472.JPG,29.7579783,115.9851189,"29.7687580,115.9933954;29.7723513,115.9933954;29.7256391,115.9954645;29.7705546,115.9933954","29.7507918,115.9747732;29.7364188,115.9954645"
01,Datasets/UAV_VisLoc_dataset/01/drone/01_0473.JPG,29.7579783,115.9851189,"29.7256391,115.9954645;29.7723513,115.9933954;29.7687580,115.9933954;29.7705546,115.9933954","29.7400121,115.9851189;29.7274357,115.9954645"
01,Datasets/UAV_VisLoc_dataset/01/drone/01_0474.JPG,29.7597749,115.9851189,"29.7723513,115.9933954;29.7256391,115.9954645;29.7687580,115.9933954;29.7705546,115.9933954","29.7310290,115.9727041;29.7705546,115.9768424"
01,Datasets/UAV_VisLoc_dataset/01/drone/01_0475.JPG,29.7597749,115.9851189,"29.7723513,115.9933954;29.7346222,115.9933954;29.7346222,115.9954645;29.7687580,115.9933954","29.7436053,115.9727041;29.7382154,115.9727041"
01,Datasets/UAV_VisLoc_dataset/01/drone/01_0476.JPG,29.7597749,115.9851189,"29.7346222,115.9954645;29.7723513,115.9933954;29.7346222,115.9933954;29.7687580,115.9933954","29.7507918,115.9871880;29.7418087,115.9913262"
01,Datasets/UAV_VisLoc_dataset/01/drone/01_0477.JPG,29.7615715,115.9851189,"29.7346222,115.9954645;29.7346222,115.9933954;29.7723513,115.9933954;29.7489952,115.9933954","29.7489952,115.9913262;29.7184526,115.9706350"
01,Datasets/UAV_VisLoc_dataset/01/drone/01_0478.JPG,29.7615715,115.9851189,"29.7346222,115.9954645;29.7346222,115.9933954;29.7364188,115.9954645;29.7382154,115.9933954","29.7130627,115.9768424;29.7112661,115.9913262"
01,Datasets/UAV_VisLoc_dataset/01/drone/01_0479.JPG,29.7633682,115.9851189,"29.7346222,115.9954645;29.7346222,115.9933954;29.7489952,115.9933954;29.7364188,115.9954645","29.7076729,115.9809806;29.7202492,115.9913262"
01,Datasets/UAV_VisLoc_dataset/01/drone/01_0480.JPG,29.7633682,115.9851189,"29.7346222,115.9933954;29.7346222,115.9954645;29.7723513,115.9933954;29.7489952,115.9933954","29.7418087,115.9768424;29.7202492,115.9933954"
01,Datasets/UAV_VisLoc_dataset/01/drone/01_0481.JPG,29.7633682,115.9851189,"29.7346222,115.9933954;29.7364188,115.9954645;29.7489952,115.9954645;29.7382154,115.9954645","29.7489952,115.9809806;29.7328256,115.9809806"
01,Datasets/UAV_VisLoc_dataset/01/drone/01_0482.JPG,29.7651648,115.9851189,"29.7346222,115.9933954;29.7364188,115.9954645;29.7489952,115.9933954;29.7489952,115.9954645","29.7094695,115.9892571;29.7274357,115.9871880"
01,Datasets/UAV_VisLoc_dataset/01/drone/01_0483.JPG,29.7651648,115.9851189,"29.7346222,115.9933954;29.7364188,115.9954645;29.7382154,115.9933954;29.7382154,115.9954645","29.7615715,115.9706350;29.7669614,115.9706350"
01,Datasets/UAV_VisLoc_dataset/01/drone/01_0484.JPG,29.7669614,115.9851189,"29.7346222,115.9933954;29.7346222,115.9954645;29.7382154,115.9933954;29.7400121,115.9954645","29.7202492,115.9706350;29.7076729,115.9830497"
01,Datasets/UAV_VisLoc_dataset/01/drone/01_0485.JPG,29.7669614,115.9851189,"29.7346222,115.9954645;29.7346222,115.9933954;29.7382154,115.9933954;29.7400121,115.9954645","29.7040796,115.9892571;29.7166560,115.9830497"
01,Datasets/UAV_VisLoc_dataset/01/drone/01_0486.JPG,29.7669614,115.9871880,"29.7723513,115.9871880;29.7418087,115.9768424;29.7310290,115.9871880;29.7292323,115.9830497","29.7705546,115.9768424;29.7058762,115.9768424"
01,Datasets/UAV_VisLoc_dataset/01/drone/01_0487.JPG,29.7651648,115.9871880,"29.7723513,115.9871880;29.7561817,115.9789115;29.7346222,115.9954645;29.7292323,115.9830497","29.7184526,115.9706350;29.7328256,115.9871880"
01,Datasets/UAV_VisLoc_dataset/01/drone/01_0488.JPG,29.7651648,115.9871880,"29.7471986,115.9913262;29.7400121,115.9933954;29.7418087,115.9954645;29.7346222,115.9954645","29.7040796,115.9871880;29.7202492,115.9871880"
01,Datasets/UAV_VisLoc_dataset/01/drone/01_0489.JPG,29.7651648,115.9871880,"29.7346222,115.9954645;29.7400121,115.9933954;29.7400121,115.9954645;29.7418087,115.9954645","29.7525884,115.9913262;29.7076729,115.9913262"
01,Datasets/UAV_VisLoc_dataset/01/drone/01_0490.JPG,29.7633682,115.9871880,"29.7400121,115.9954645;29.7418087,115.9954645;29.7400121,115.9933954;29.7382154,115.9933954","29.7489952,115.9809806;29.7256391,115.9706350"
01,Datasets/UAV_VisLoc_dataset/01/drone/01_0491.JPG,29.7633682,115.9871880,"29.7400121,115.9933954;29.7400121,115.9954645;29.7418087,115.9954645;29.7382154,115.9933954","29.7436053,115.9892571;29.7579783,115.9747732"
01,Datasets/UAV_VisLoc_dataset/01/drone/01_0492.JPG,29.7615715,115.9871880,"29.7400121,115.9933954;29.7346222,115.9954645;29.7400121,115.9954645;29.7418087,115.9954645","29.7723513,115.9747732;29.7148594,115.9706350"
01,Datasets/UAV_VisLoc_dataset/01/drone/01_0493.JPG,29.7615715,115.9871880,"29.7723513,115.9871880;29.7346222,115.9954645;29.7256391,115.9747732;29.7292323,115.9830497","29.7256391,115.9830497;29.7310290,115.9892571"
01,Datasets/UAV_VisLoc_dataset/01/drone/01_0494.JPG,29.7615715,115.9871880,"29.7346222,115.9954645;29.7723513,115.9933954;29.7669614,115.9768424;29.7328256,115.9954645","29.7112661,115.9727041;29.7274357,115.9727041"
01,Datasets/UAV_VisLoc_dataset/01/drone/01_0495.JPG,29.7597749,115.9871880,"29.7346222,115.9954645;29.7723513,115.9933954;29.7687580,115.9933954;29.7489952,115.9933954","29.7076729,115.9913262;29.7184526,115.9913262"
01,Datasets/UAV_VisLoc_dataset/01/drone/01_0496.JPG,29.7597749,115.9871880,"29.7723513,115.9933954;29.7256391,115.9954645;29.7687580,115.9933954;29.7705546,115.9933954","29.7112661,115.9830497;29.7597749,115.9747732"
01,Datasets/UAV_VisLoc_dataset/01/drone/01_0497.JPG,29.7579783,115.9871880,"29.7256391,115.9954645;29.7723513,115.9933954;29.7687580,115.9933954;29.7651648,115.9789115","29.7328256,115.9768424;29.7076729,115.9892571"
01,Datasets/UAV_VisLoc_dataset/01/drone/01_0498.JPG,29.7579783,115.9871880,"29.7256391,115.9954645;29.7687580,115.9933954;29.7723513,115.9933954;29.7705546,115.9933954","29.7040796,115.9706350;29.7310290,115.9892571"
01,Datasets/UAV_VisLoc_dataset/01/drone/01_0499.JPG,29.7579783,115.9871880,"29.7256391,115.9954645;29.7723513,115.9933954;29.7687580,115.9933954;29.7705546,115.9933954","29.7256391,115.9933954;29.7274357,115.9871880"
01,Datasets/UAV_VisLoc_dataset/01/drone/01_0500.JPG,29.7561817,115.9871880,"29.7723513,115.9933954;29.7687580,115.9933954;29.7256391,115.9954645;29.7705546,115.9933954","29.7489952,115.9933954;29.7292323,115.9933954"
01,Datasets/UAV_VisLoc_dataset/01/drone/01_0501.JPG,29.7561817,115.9871880,"29.7723513,115.9933954;29.7687580,115.9933954;29.7705546,115.9933954;29.7256391,115.9954645","29.7166560,115.9933954;29.7328256,115.9954645"
01,Datasets/UAV_VisLoc_dataset/01/drone/01_0502.JPG,29.7543850,115.9871880,"29.7687580,115.9933954;29.7723513,115.9933954;29.7256391,115.9954645;29.7705546,115.9933954","29.7382154,115.9768424;29.7202492,115.9933954"
01,Datasets/UAV_VisLoc_dataset/01/drone/01_0503.JPG,29.7543850,115.9871880,"29.7687580,115.9933954;29.7723513,115.9933954;29.7651648,115.9789115;29.7346222,115.9954645","29.7669614,115.9954645;29.7310290,115.9809806"
01,Datasets/UAV_VisLoc_dataset/01/drone/01_0504.JPG,29.7543850,115.9871880,"29.7633682,115.9809806;29.7346222,115.9954645;29.7651648,115.9789115;29.7723513,115.9933954","29.7220458,115.9789115;29.7436053,115.9727041"
01,Datasets/UAV_VisLoc_dataset/01/drone/01_0505.JPG,29.7525884,115.9871880,"29.7633682,115.9809806;29.7346222,115.9954645;29.7651648,115.9789115;29.7615715,115.9809806","29.7220458,115.9768424;29.7489952,115.9747732"
01,Datasets/UAV_VisLoc_dataset/01/drone/01_0506.JPG,29.7525884,115.9871880,"29.7346222,115.9954645;29.7256391,115.9954645;29.7651648,115.9789115;29.7633682,115.9809806","29.7310290,115.9809806;29.7687580,115.9851189"
01,Datasets/UAV_VisLoc_dataset/01/drone/01_0507.JPG,29.7507918,115.9871880,"29.7687580,115.9933954;29.7723513,115.9933954;29.7705546,115.9933954;29.7256391,115.9954645","29.7310290,115.9892571;29.7292323,115.9871880"
01,Datasets/UAV_VisLoc_dataset/01/drone/01_0508.JPG,29.7507918,115.9871880,"29.7723513,115.9933954;29.7687580,115.9933954;29.7705546,115.9933954;29.7489952,115.9933954","29.7130627,115.9830497;29.7489952,115.9706350"
01,Datasets/UAV_VisLoc_dataset/01/drone/01_0509.JPG,29.7507918,115.9871880,"29.7489952,115.9933954;29.7489952,115.9954645;29.7723513,115.9933954;29.7346222,115.9933954","29.7040796,115.9851189;29.7382154,115.9809806"
01,Datasets/UAV_VisLoc_dataset/01/drone/01_0510.JPG,29.7489952,115.9871880,"29.7489952,115.9933954;29.7507918,115.9954645;29.7489952,115.9954645;29.7364188,115.9954645","29.7094695,115.9871880;29.7022830,115.9892571"
01,Datasets/UAV_VisLoc_dataset/01/drone/01_0511.JPG,29.7489952,115.9871880,"29.7723513,115.9871880;29.7507918,115.9954645;29.7597749,115.9768424;29.7489952,115.9933954","29.7076729,115.9706350;29.7022830,115.9789115"
01,Datasets/UAV_VisLoc_dataset/01/drone/01_0512.JPG,29.7471986,115.9871880,"29.7471986,115.9913262;29.7723513,115.9871880;29.7489952,115.9933954;29.7454019,115.9851189","29.7615715,115.9913262;29.7130627,115.9789115"
01,Datasets/UAV_VisLoc_dataset/01/drone/01_0513.JPG,29.7471986,115.9871880,"29.7400121,115.9933954;29.7400121,115.9954645;29.7418087,115.9954645;29.7382154,115.9933954","29.7112661,115.9768424;29.7076729,115.9913262"
01,Datasets/UAV_VisLoc_dataset/01/drone/01_0514.JPG,29.7471986,115.9871880,"29.7382154,115.9933954;29.7400121,115.9954645;29.7400121,115.9933954;29.7418087,115.9954645","29.7310290,115.9747732;29.7400121,115.9768424"
01,Datasets/UAV_VisLoc_dataset/01/drone/01_0515.JPG,29.7454019,115.9871880,"29.7418087,115.9954645;29.7400121,115.9933954;29.7400121,115.9954645;29.7418087,115.9933954","29.7364188,115.9789115;29.7076729,115.9706350"
01,Datasets/UAV_VisLoc_dataset/01/drone/01_0516.JPG,29.7454019,115.9871880,"29.7418087,115.9954645;29.7436053,115.9954645;29.7400121,115.9933954;29.7418087,115.9933954","29.7382154,115.9747732;29.7543850,115.9789115"
01,Datasets/UAV_VisLoc_dataset/01/drone/01_0517.JPG,29.7436053,115.9871880,"29.7418087,115.9954645;29.7436053,115.9954645;29.7400121,115.9933954;29.7418087,115.9933954","29.7022830,115.9747732;29.7310290,115.9892571"
01,Datasets/UAV_VisLoc_dataset/01/drone/01_0518.JPG,29.7436053,115.9871880,"29.7436053,115.9954645;29.7418087,115.9954645;29.7418087,115.9933954;29.7454019,115.9954645","29.7633682,115.9954645;29.7346222,115.9747732"
01,Datasets/UAV_VisLoc_dataset/01/drone/01_0519.JPG,29.7436053,115.9871880,"29.7436053,115.9954645;29.7418087,115.9954645;29.7418087,115.9933954;29.7454019,115.9954645","29.7292323,115.9830497;29.7112661,115.9830497"
01,Datasets/UAV_VisLoc_dataset/01/drone/01_0520.JPG,29.7418087,115.9871880,"29.7436053,115.9954645;29.7454019,115.9954645;29.7436053,115.9933954;29.7418087,115.9933954","29.7597749,115.9747732;29.7723513,115.9913262"
01,Datasets/UAV_VisLoc_dataset/01/drone/01_0521.JPG,29.7418087,115.9871880,"29.7436053,115.9954645;29.7454019,115.9954645;29.7436053,115.9933954;29.7418087,115.9933954","29.7166560,115.9871880;29.7184526,115.9933954"
01,Datasets/UAV_VisLoc_dataset/01/drone/01_0522.JPG,29.7400121,115.9871880,"29.7436053,115.9954645;29.7454019,115.9954645;29.7436053,115.9933954;29.7418087,115.9933954","29.7400121,115.9747732;29.7687580,115.9747732"
01,Datasets/UAV_VisLoc_dataset/01/drone/01_0523.JPG,29.7400121,115.9871880,"29.7436053,115.9954645;29.7454019,115.9954645;29.7436053,115.9933954;29.7418087,115.9933954","29.7705546,115.9913262;29.7489952,115.9789115"
01,Datasets/UAV_VisLoc_dataset/01/drone/01_0524.JPG,29.7400121,115.9871880,"29.7436053,115.9954645;29.7454019,115.9954645;29.7436053,115.9933954;29.7418087,115.9933954","29.7058762,115.9892571;29.7723513,115.9809806"
01,Datasets/UAV_VisLoc_dataset/01/drone/01_0525.JPG,29.7382154,115.9871880,"29.7436053,115.9954645;29.7454019,115.9954645;29.7436053,115.9933954;29.7418087,115.9933954","29.7615715,115.9871880;29.7561817,115.9933954"
01,Datasets/UAV_VisLoc_dataset/01/drone/01_0526.JPG,29.7382154,115.9871880,"29.7436053,115.9954645;29.7454019,115.9954645;29.7436053,115.9933954;29.7418087,115.9933954","29.7202492,115.9933954;29.7454019,115.9747732"
01,Datasets/UAV_VisLoc_dataset/01/drone/01_0527.JPG,29.7364188,115.9871880,"29.7436053,115.9954645;29.7454019,115.9954645;29.7436053,115.9933954;29.7418087,115.9933954","29.7489952,115.9830497;29.7076729,115.9913262"
01,Datasets/UAV_VisLoc_dataset/01/drone/01_0528.JPG,29.7364188,115.9871880,"29.7436053,115.9954645;29.7454019,115.9954645;29.7436053,115.9933954;29.7418087,115.9933954","29.7418087,115.9747732;29.7148594,115.9789115"
01,Datasets/UAV_VisLoc_dataset/01/drone/01_0529.JPG,29.7364188,115.9871880,"29.7436053,115.9954645;29.7454019,115.9954645;29.7436053,115.9933954;29.7418087,115.9933954","29.7507918,115.9851189;29.7202492,115.9913262"
01,Datasets/UAV_VisLoc_dataset/01/drone/01_0530.JPG,29.7346222,115.9871880,"29.7454019,115.9954645;29.7436053,115.9954645;29.7436053,115.9933954;29.7687580,115.9851189","29.7651648,115.9768424;29.7058762,115.9871880"
01,Datasets/UAV_VisLoc_dataset/01/drone/01_0531.JPG,29.7346222,115.9871880,"29.7687580,115.9851189;29.7615715,115.9747732;29.7651648,115.9954645;29.7705546,115.9871880","29.7220458,115.9933954;29.7561817,115.9933954"
01,Datasets/UAV_VisLoc_dataset/01/drone/01_0532.JPG,29.7346222,115.9871880,"29.7651648,115.9954645;29.7615715,115.9747732;29.7471986,115.9747732;29.7633682,115.9954645","29.7543850,115.9933954;29.7022830,115.9871880"
01,Datasets/UAV_VisLoc_dataset/01/drone/01_0533.JPG,29.7328256,115.9871880,"29.7687580,115.9851189;29.7615715,115.9747732;29.7651648,115.9954645;29.7633682,115.9954645","29.7525884,115.9789115;29.7561817,115.9871880"
01,Datasets/UAV_VisLoc_dataset/01/drone/01_0534.JPG,29.7328256,115.9871880,"29.7454019,115.9954645;29.7436053,115.9954645;29.7436053,115.9933954;29.7454019,115.9933954","29.7561817,115.9706350;29.7202492,115.9768424"
01,Datasets/UAV_VisLoc_dataset/01/drone/01_0535.JPG,29.7310290,115.9871880,"29.7454019,115.9954645;29.7436053,115.9954645;29.7436053,115.9933954;29.7454019,115.9933954","29.7202492,115.9913262;29.7633682,115.9706350"
01,Datasets/UAV_VisLoc_dataset/01/drone/01_0536.JPG,29.7310290,115.9871880,"29.7256391,115.9954645;29.7651648,115.9789115;29.7328256,115.9933954;29.7723513,115.9933954","29.7669614,115.9747732;29.7112661,115.9706350"
01,Datasets/UAV_VisLoc_dataset/01/drone/01_0537.JPG,29.7310290,115.9871880,"29.7256391,115.9954645;29.7058762,115.9871880;29.7238425,115.9954645;29.7112661,115.9913262","29.7148594,115.9954645;29.7094695,115.9768424"
01,Datasets/UAV_VisLoc_dataset/01/drone/01_0538.JPG,29.7292323,115.9871880,"29.7256391,115.9954645;29.7058762,115.9871880;29.7022830,115.9913262;29.7112661,115.9913262","29.7094695,115.9933954;29.7525884,115.9913262"
01,Datasets/UAV_VisLoc_dataset/01/drone/01_0539.JPG,29.7292323,115.9871880,"29.7256391,115.9954645;29.7022830,115.9913262;29.7238425,115.9954645;29.7112661,115.9913262","29.7058762,115.9706350;29.7112661,115.9933954"
01,Datasets/UAV_VisLoc_dataset/01/drone/01_0540.JPG,29.7274357,115.9871880,"29.7256391,115.9954645;29.7238425,115.9954645;29.7022830,115.9913262;29.7112661,115.9913262","29.7436053,115.9747732;29.7094695,115.9727041"
01,Datasets/UAV_VisLoc_dataset/01/drone/01_0541.JPG,29.7274357,115.9871880,"29.7256391,115.9954645;29.7238425,115.9954645;29.7022830,115.9913262;29.7112661,115.9913262","29.7184526,115.9706350;29.7022830,115.9727041"
01,Datasets/UAV_VisLoc_dataset/01/drone/01_0542.JPG,29.7274357,115.9871880,"29.7256391,115.9954645;29.7022830,115.9913262;29.7238425,115.9954645;29.7112661,115.9913262","29.7022830,115.9851189;29.7454019,115.9933954"
01,Datasets/UAV_VisLoc_dataset/01/drone/01_0543.JPG,29.7256391,115.9871880,"29.7256391,115.9954645;29.7238425,115.9954645;29.7058762,115.9871880;29.7112661,115.9913262","29.7471986,115.9933954;29.7471986,115.9851189"
01,Datasets/UAV_VisLoc_dataset/01/drone/01_0544.JPG,29.7256391,115.9871880,"29.7256391,115.9954645;29.7328256,115.9933954;29.7723513,115.9933954;29.7238425,115.9954645","29.7094695,115.9768424;29.7471986,115.9830497"
01,Datasets/UAV_VisLoc_dataset/01/drone/01_0545.JPG,29.7238425,115.9871880,"29.7256391,115.9954645;29.7723513,115.9933954;29.7238425,115.9954645;29.7651648,115.9789115","29.7651648,115.9954645;29.7076729,115.9727041"
01,Datasets/UAV_VisLoc_dataset/01/drone/01_0546.JPG,29.7238425,115.9871880,"29.7256391,115.9954645;29.7238425,115.9954645;29.7651648,115.9789115;29.7310290,115.9933954","29.7454019,115.9727041;29.7112661,115.9871880"
01,Datasets/UAV_VisLoc_dataset/01/drone/01_0547.JPG,29.7238425,115.9871880,"29.7256391,115.9954645;29.7651648,115.9789115;29.7238425,115.9954645;29.7130627,115.9892571","29.7130627,115.9747732;29.7256391,115.9706350"
01,Datasets/UAV_VisLoc_dataset/01/drone/01_0548.JPG,29.7220458,115.9871880,"29.7669614,115.9892571;29.7669614,115.9871880;29.7543850,115.9706350;29.7489952,115.9851189","29.7040796,115.9892571;29.7400121,115.9747732"
01,Datasets/UAV_VisLoc_dataset/01/drone/01_0549.JPG,29.7220458,115.9871880,"29.7669614,115.9871880;29.7543850,115.9706350;29.7669614,115.9892571;29.7489952,115.9851189","29.7310290,115.9706350;29.7094695,115.9830497"
01,Datasets/UAV_VisLoc_dataset/01/drone/01_0550.JPG,29.7202492,115.9871880,"29.7669614,115.9871880;29.7705546,115.9871880;29.7489952,115.9851189;29.7471986,115.9851189","29.7525884,115.9830497;29.7723513,115.9747732"
01,Datasets/UAV_VisLoc_dataset/01/drone/01_0551.JPG,29.7202492,115.9871880,"29.7669614,115.9871880;29.7489952,115.9851189;29.7669614,115.9892571;29.7705546,115.9871880","29.7022830,115.9871880;29.7148594,115.9706350"
01,Datasets/UAV_VisLoc_dataset/01/drone/01_0552.JPG,29.7202492,115.9871880,"29.7669614,115.9871880;29.7489952,115.9851189;29.7669614,115.9892571;29.7705546,115.9871880","29.7112661,115.9768424;29.7489952,115.9768424"
01,Datasets/UAV_VisLoc_dataset/01/drone/01_0553.JPG,29.7184526,115.9871880,"29.7669614,115.9871880;29.7543850,115.9706350;29.7669614,115.9892571;29.7489952,115.9851189","29.7633682,115.9892571;29.7651648,115.9892571"
01,Datasets/UAV_VisLoc_dataset/01/drone/01_0554.JPG,29.7184526,115.9871880,"29.7669614,115.9871880;29.7705546,115.9871880;29.7489952,115.9851189;29.7543850,115.9706350","29.7274357,115.9851189;29.7507918,115.9706350"
01,Datasets/UAV_VisLoc_dataset/01/drone/01_0555.JPG,29.7166560,115.9871880,"29.7669614,115.9871880;29.7705546,115.9871880;29.7471986,115.9851189;29.7489952,115.9851189","29.7202492,115.9727041;29.7454019,115.9933954"
01,Datasets/UAV_VisLoc_dataset/01/drone/01_0556.JPG,29.7166560,115.9871880,"29.7669614,115.9871880;29.7543850,115.9706350;29.7669614,115.9892571;29.7705546,115.9871880","29.7364188,115.9768424;29.7579783,115.9830497"
01,Datasets/UAV_VisLoc_dataset/01/drone/01_0557.JPG,29.7166560,115.9871880,"29.7669614,115.9871880;29.7471986,115.9851189;29.7669614,115.9892571;29.7543850,115.9706350","29.7454019,115.9727041;29.7561817,115.9892571"
01,Datasets/UAV_VisLoc_dataset/01/drone/01_0558.JPG,29.7148594,115.9871880,"29.7669614,115.9871880;29.7705546,115.9871880;29.7471986,115.9851189;29.7543850,115.9706350","29.7471986,115.9768424;29.7292323,115.9727041"
01,Datasets/UAV_VisLoc_dataset/01/drone/01_0559.JPG,29.7148594,115.9871880,"29.7471986,115.9830497;29.7471986,115.9851189;29.7669614,115.9871880;29.7669614,115.9892571","29.7723513,115.9809806;29.7561817,115.9789115"
01,Datasets/UAV_VisLoc_dataset/01/drone/01_0560.JPG,29.7130627,115.9871880,"29.7723513,115.9913262;29.7705546,115.9913262;29.7723513,115.9789115;29.7597749,115.9768424","29.7382154,115.9768424;29.7687580,115.9809806"
01,Datasets/UAV_VisLoc_dataset/01/drone/01_0561.JPG,29.7130627,115.9871880,"29.7723513,115.9913262;29.7507918,115.9954645;29.7705546,115.9913262;29.7723513,115.9933954","29.7022830,115.9809806;29.7687580,115.9954645"
01,Datasets/UAV_VisLoc_dataset/01/drone/01_0562.JPG,29.7130627,115.9871880,"29.7723513,115.9933954;29.7687580,115.9933954;29.7723513,115.9913262;29.7256391,115.9954645","29.7615715,115.9706350;29.7346222,115.9747732"
01,Datasets/UAV_VisLoc_dataset/01/drone/01_0563.JPG,29.7112661,115.9871880,"29.7723513,115.9933954;29.7723513,115.9913262;29.7256391,115.9954645;29.7687580,115.9933954","29.7382154,115.9830497;29.7364188,115.9933954"
01,Datasets/UAV_VisLoc_dataset/01/drone/01_0564.JPG,29.7112661,115.9871880,"29.7723513,115.9933954;29.7723513,115.9913262;29.7651648,115.9789115;29.7687580,115.9933954","29.7166560,115.9768424;29.7597749,115.9768424"
01,Datasets/UAV_VisLoc_dataset/01/drone/01_0565.JPG,29.7094695,115.9871880,"29.7723513,115.9933954;29.7651648,115.9789115;29.7723513,115.9913262;29.7669614,115.9789115","29.7364188,115.9830497;29.7525884,115.9789115"
01,Datasets/UAV_VisLoc_dataset/01/drone/01_0566.JPG,29.7094695,115.9871880,"29.7651648,115.9789115;29.7723513,115.9933954;29.7669614,115.9789115;29.7256391,115.9954645","29.7400121,115.9913262;29.7543850,115.9727041"
01,Datasets/UAV_VisLoc_dataset/01/drone/01_0567.JPG,29.7094695,115.9892571,"29.7651648,115.9789115;29.7723513,115.9933954;29.7669614,115.9768424;29.7687580,115.9933954","29.7705546,115.9871880;29.7328256,115.9933954"
01,Datasets/UAV_VisLoc_dataset/01/drone/01_0568.JPG,29.7112661,115.9892571,"29.7723513,115.9933954;29.7651648,115.9789115;29.7346222,115.9954645;29.7687580,115.9933954","29.7543850,115.9706350;29.7220458,115.9892571"
01,Datasets/UAV_VisLoc_dataset/01/drone/01_0569.JPG,29.7112661,115.9892571,"29.7723513,115.9933954;29.7705546,115.9933954;29.7687580,115.9933954;29.7651648,115.9789115","29.7687580,115.9747732;29.7651648,115.9727041"
01,Datasets/UAV_VisLoc_dataset/01/drone/01_0570.JPG,29.7112661,115.9892571,"29.7687580,115.9933954;29.7723513,115.9933954;29.7651648,115.9789115;29.7705546,115.9933954","29.7256391,115.9954645;29.7669614,115.9954645"
01,Datasets/UAV_VisLoc_dataset/01/drone/01_0571.JPG,29.7130627,115.9892571,"29.7687580,115.9933954;29.7669614,115.9933954;29.7705546,115.9933954;29.7723513,115.9933954","29.7328256,115.9789115;29.7400121,115.9892571"
01,Datasets/UAV_VisLoc_dataset/01/drone/01_0572.JPG,29.7130627,115.9892571,"29.7723513,115.9789115;29.7669614,115.9871880;29.7507918,115.9954645;29.7669614,115.9933954","29.7561817,115.9892571;29.7507918,115.9892571"
01,Datasets/UAV_VisLoc_dataset/01/drone/01_0573.JPG,29.7148594,115.9892571,"29.7471986,115.9830497;29.7489952,115.9851189;29.7471986,115.9851189;29.7669614,115.9892571","29.7346222,115.9871880;29.7507918,115.9913262"
01,Datasets/UAV_VisLoc_dataset/01/drone/01_0574.JPG,29.7148594,115.9892571,"29.7471986,115.9830497;29.7669614,115.9892571;29.7471986,115.9851189;29.7543850,115.9706350","29.7436053,115.9789115;29.7076729,115.9727041"
01,Datasets/UAV_VisLoc_dataset/01/drone/01_0575.JPG,29.7148594,115.9892571,"29.7543850,115.9706350;29.7561817,115.9706350;29.7669614,115.9871880;29.7669614,115.9892571","29.7507918,115.9954645;29.7561817,115.9892571"
01,Datasets/UAV_VisLoc_dataset/01/drone/01_0576.JPG,29.7166560,115.9892571,"29.7543850,115.9706350;29.7561817,115.9706350;29.7669614,115.9871880;29.7669614,115.9892571","29.7597749,115.9809806;29.7705546,115.9768424"
01,Datasets/UAV_VisLoc_dataset/01/drone/01_0577.JPG,29.7166560,115.9892571,"29.7669614,115.9871880;29.7705546,115.9871880;29.7471986,115.9851189;29.7489952,115.9851189","29.7382154,115.9913262;29.7076729,115.9851189"
01,Datasets/UAV_VisLoc_dataset/01/drone/01_0578.JPG,29.7184526,115.9892571,"29.7669614,115.9871880;29.7705546,115.9871880;29.7471986,115.9851189;29.7471986,115.9789115","29.7669614,115.9871880;29.7543850,115.9871880"
01,Datasets/UAV_VisLoc_dataset/01/drone/01_0579.JPG,29.7184526,115.9892571,"29.7454019,115.9809806;29.7669614,115.9871880;29.7489952,115.9851189;29.7669614,115.9892571","29.7651648,115.9727041;29.7615715,115.9706350"
01,Datasets/UAV_VisLoc_dataset/01/drone/01_0580.JPG,29.7184526,115.9892571,"29.7454019,115.9809806;29.7489952,115.9851189;29.7471986,115.9768424;29.7669614,115.9892571","29.7022830,115.9727041;29.7076729,115.9809806"
01,Datasets/UAV_VisLoc_dataset/01/drone/01_0581.JPG,29.7202492,115.9892571,"29.7471986,115.9768424;29.7471986,115.9789115;29.7454019,115.9809806;29.7489952,115.9851189","29.7579783,115.9747732;29.7382154,115.9789115"
01,Datasets/UAV_VisLoc_dataset/01/drone/01_0582.JPG,29.7202492,115.9892571,"29.7454019,115.9809806;29.7489952,115.9851189;29.7471986,115.9768424;29.7669614,115.9871880","29.7022830,115.9913262;29.7166560,115.9768424"
01,Datasets/UAV_VisLoc_dataset/01/drone/01_0583.JPG,29.7220458,115.9892571,"29.7543850,115.9706350;29.7669614,115.9892571;29.7669614,115.9871880;29.7543850,115.9727041","29.7723513,115.9830497;29.7346222,115.9851189"
01,Datasets/UAV_VisLoc_dataset/01/drone/01_0584.JPG,29.7220458,115.9892571,"29.7651648,115.9789115;29.7723513,115.9789115;29.7256391,115.9954645;29.7669614,115.9871880","29.7561817,115.9768424;29.7687580,115.9871880"
01,Datasets/UAV_VisLoc_dataset/01/drone/01_0585.JPG,29.7220458,115.9892571,"29.7651648,115.9789115;29.7723513,115.9789115;29.7705546,115.9913262;29.7507918,115.9954645","29.7507918,115.9747732;29.7364188,115.9727041"
01,Datasets/UAV_VisLoc_dataset/01/drone/01_0586.JPG,29.7238425,115.9892571,"29.7687580,115.9933954;29.7651648,115.9789115;29.7723513,115.9933954;29.7507918,115.9954645","29.7310290,115.9727041;29.7328256,115.9830497"
01,Datasets/UAV_VisLoc_dataset/01/drone/01_0587.JPG,29.7238425,115.9892571,"29.7723513,115.9933954;29.7687580,115.9933954;29.7256391,115.9954645;29.7723513,115.9913262","29.7471986,115.9851189;29.7471986,115.9747732"
01,Datasets/UAV_VisLoc_dataset/01/drone/01_0588.JPG,29.7256391,115.9892571,"29.7723513,115.9933954;29.7256391,115.9954645;29.7723513,115.9913262;29.7651648,115.9789115","29.7364188,115.9871880;29.7022830,115.9789115"
01,Datasets/UAV_VisLoc_dataset/01/drone/01_0589.JPG,29.7256391,115.9892571,"29.7256391,115.9954645;29.7723513,115.9933954;29.7723513,115.9913262;29.7687580,115.9933954","29.7471986,115.9789115;29.7687580,115.9913262"
01,Datasets/UAV_VisLoc_dataset/01/drone/01_0590.JPG,29.7256391,115.9892571,"29.7256391,115.9954645;29.7723513,115.9933954;29.7238425,115.9954645;29.7723513,115.9913262","29.7058762,115.9789115;29.7400121,115.9871880"
01,Datasets/UAV_VisLoc_dataset/01/drone/01_0591.JPG,29.7274357,115.9892571,"29.7256391,115.9954645;29.7238425,115.9954645;29.7112661,115.9913262;29.7058762,115.9871880","29.7346222,115.9727041;29.7292323,115.9706350"
01,Datasets/UAV_VisLoc_dataset/01/drone/01_0592.JPG,29.7274357,115.9892571,"29.7256391,115.9954645;29.7238425,115.9954645;29.7022830,115.9913262;29.7058762,115.9871880","29.7597749,115.9706350;29.7346222,115.9954645"
01,Datasets/UAV_VisLoc_dataset/01/drone/01_0593.JPG,29.7292323,115.9892571,"29.7256391,115.9954645;29.7238425,115.9954645;29.7022830,115.9913262;29.7112661,115.9913262","29.7112661,115.9851189;29.7238425,115.9768424"
01,Datasets/UAV_VisLoc_dataset/01/drone/01_0594.JPG,29.7292323,115.9892571,"29.7256391,115.9954645;29.7238425,115.9954645;29.7058762,115.9871880;29.7310290,115.9933954","29.7040796,115.9851189;29.7543850,115.9706350"
01,Datasets/UAV_VisLoc_dataset/01/drone/01_0595.JPG,29.7292323,115.9892571,"29.7256391,115.9954645;29.7238425,115.9954645;29.7723513,115.9933954;29.7723513,115.9913262","29.7022830,115.9913262;29.7705546,115.9809806"
01,Datasets/UAV_VisLoc_dataset/01/drone/01_0596.JPG,29.7310290,115.9892571,"29.7256391,115.9954645;29.7238425,115.9954645;29.7058762,115.9871880;29.7723513,115.9933954","29.7130627,115.9913262;29.7166560,115.9789115"
01,Datasets/UAV_VisLoc_dataset/01/drone/01_0597.JPG,29.7310290,115.9892571,"29.7256391,115.9954645;29.7723513,115.9933954;29.7310290,115.9933954;29.7238425,115.9954645","29.7400121,115.9913262;29.7579783,115.9830497"
01,Datasets/UAV_VisLoc_dataset/01/drone/01_0598.JPG,29.7310290,115.9892571,"29.7687580,115.9851189;29.7723513,115.9933954;29.7256391,115.9954645;29.7651648,115.9789115","29.7220458,115.9913262;29.7651648,115.9933954"
01,Datasets/UAV_VisLoc_dataset/01/drone/01_0599.JPG,29.7328256,115.9892571,"29.7687580,115.9851189;29.7454019,115.9954645;29.7436053,115.9954645;29.7436053,115.9933954","29.7400121,115.9954645;29.7130627,115.9954645"
01,Datasets/UAV_VisLoc_dataset/01/drone/01_0600.JPG,29.7328256,115.9892571,"29.7687580,115.9851189;29.7705546,115.9871880;29.7615715,115.9747732;29.7687580,115.9871880","29.7130627,115.9809806;29.7400121,115.9768424"
01,Datasets/UAV_VisLoc_dataset/01/drone/01_0601.JPG,29.7346222,115.9892571,"29.7687580,115.9851189;29.7615715,115.9747732;29.7651648,115.9954645;29.7705546,115.9871880","29.7382154,115.9727041;29.7040796,115.9954645"
01,Datasets/UAV_VisLoc_dataset/01/drone/01_0602.JPG,29.7346222,115.9892571,"29.7651648,115.9954645;29.7633682,115.9954645;29.7471986,115.9747732;29.7615715,115.9747732","29.7094695,115.9809806;29.7166560,115.9933954"
01,Datasets/UAV_VisLoc_dataset/01/drone/01_0603.JPG,29.7346222,115.9892571,"29.7633682,115.9954645;29.7651648,115.9954645;29.7615715,115.9727041;29.7615715,115.9747732","29.7382154,115.9706350;29.7022830,115.9768424"
01,Datasets/UAV_VisLoc_dataset/01/drone/01_0604.JPG,29.7364188,115.9892571,"29.7633682,115.9954645;29.7651648,115.9954645;29.7615715,115.9727041;29.7615715,115.9747732","29.7705546,115.9830497;29.7166560,115.9809806"
01,Datasets/UAV_VisLoc_dataset/01/drone/01_0605.JPG,29.7364188,115.9892571,"29.7651648,115.9954645;29.7633682,115.9954645;29.7471986,115.9747732;29.7615715,115.9747732","29.7525884,115.9892571;29.7364188,115.9747732"
01,Datasets/UAV_VisLoc_dataset/01/drone/01_0606.JPG,29.7382154,115.9892571,"29.7651648,115.9954645;29.7633682,115.9954645;29.7471986,115.9747732;29.7615715,115.9747732","29.7166560,115.9706350;29.7076729,115.9913262"
01,Datasets/UAV_VisLoc_dataset/01/drone/01_0607.JPG,29.7382154,115.9892571,"29.7651648,115.9954645;29.7633682,115.9954645;29.7471986,115.9747732;29.7615715,115.9747732","29.7202492,115.9747732;29.7094695,115.9871880"
01,Datasets/UAV_VisLoc_dataset/01/drone/01_0608.JPG,29.7382154,115.9892571,"29.7633682,115.9954645;29.7651648,115.9954645;29.7615715,115.9727041;29.7615715,115.9747732","29.7579783,115.9933954;29.7202492,115.9789115"
01,Datasets/UAV_VisLoc_dataset/01/drone/01_0609.JPG,29.7400121,115.9892571,"29.7633682,115.9954645;29.7651648,115.9954645;29.7615715,115.9727041;29.7597749,115.9706350","29.7669614,115.9851189;29.7597749,115.9727041"
01,Datasets/UAV_VisLoc_dataset/01/drone/01_0610.JPG,29.7400121,115.9892571,"29.7633682,115.9954645;29.7651648,115.9954645;29.7615715,115.9727041;29.7687580,115.9933954","29.7723513,115.9809806;29.7489952,115.9830497"
01,Datasets/UAV_VisLoc_dataset/01/drone/01_0611.JPG,29.7418087,115.9892571,"29.7633682,115.9954645;29.7651648,115.9954645;29.7687580,115.9933954;29.7615715,115.9727041","29.7238425,115.9747732;29.7705546,115.9789115"
01,Datasets/UAV_VisLoc_dataset/01/drone/01_0612.JPG,29.7418087,115.9892571,"29.7633682,115.9954645;29.7651648,115.9954645;29.7687580,115.9933954;29.7615715,115.9727041","29.7274357,115.9727041;29.7058762,115.9830497"
01,Datasets/UAV_VisLoc_dataset/01/drone/01_0613.JPG,29.7418087,115.9892571,"29.7633682,115.9954645;29.7651648,115.9954645;29.7687580,115.9933954;29.7705546,115.9933954","29.7202492,115.9830497;29.7687580,115.9933954"
01,Datasets/UAV_VisLoc_dataset/01/drone/01_0614.JPG,29.7436053,115.9892571,"29.7633682,115.9954645;29.7687580,115.9933954;29.7651648,115.9954645;29.7705546,115.9933954","29.7274357,115.9871880;29.7364188,115.9768424"
01,Datasets/UAV_VisLoc_dataset/01/drone/01_0615.JPG,29.7436053,115.9892571,"29.7633682,115.9954645;29.7723513,115.9933954;29.7723513,115.9913262;29.7705546,115.9933954","29.7615715,115.9851189;29.7633682,115.9871880"
01,Datasets/UAV_VisLoc_dataset/01/drone/01_0616.JPG,29.7454019,115.9892571,"29.7633682,115.9954645;29.7687580,115.9933954;29.7651648,115.9954645;29.7705546,115.9933954","29.7436053,115.9768424;29.7256391,115.9913262"
01,Datasets/UAV_VisLoc_dataset/01/drone/01_0617.JPG,29.7454019,115.9892571,"29.7471986,115.9954645;29.7454019,115.9933954;29.7454019,115.9954645;29.7471986,115.9933954","29.7112661,115.9892571;29.7328256,115.9933954"
01,Datasets/UAV_VisLoc_dataset/01/drone/01_0618.JPG,29.7454019,115.9892571,"29.7454019,115.9933954;29.7436053,115.9933954;29.7454019,115.9954645;29.7436053,115.9954645","29.7292323,115.9871880;29.7166560,115.9871880"
01,Datasets/UAV_VisLoc_dataset/01/drone/01_0619.JPG,29.7471986,115.9892571,"29.7454019,115.9933954;29.7454019,115.9954645;29.7436053,115.9933954;29.7471986,115.9954645","29.7633682,115.9933954;29.7076729,115.9871880"
01,Datasets/UAV_VisLoc_dataset/01/drone/01_0620.JPG,29.7471986,115.9892571,"29.7489952,115.9933954;29.7723513,115.9933954;29.7346222,115.9933954;29.7489952,115.9954645","29.7382154,115.9727041;29.7346222,115.9706350"
01,Datasets/UAV_VisLoc_dataset/01/drone/01_0621.JPG,29.7489952,115.9892571,"29.7687580,115.9768424;29.7723513,115.9747732;29.7723513,115.9768424;29.7507918,115.9954645","29.7561817,115.9954645;29.7202492,115.9747732"
01,Datasets/UAV_VisLoc_dataset/01/drone/01_0622.JPG,29.7489952,115.9892571,"29.7507918,115.9954645;29.7687580,115.9933954;29.7633682,115.9892571;29.7723513,115.9933954","29.7633682,115.9789115;29.7238425,115.9892571"
01,Datasets/UAV_VisLoc_dataset/01/drone/01_0623.JPG,29.7489952,115.9892571,"29.7687580,115.9933954;29.7723513,115.9933954;29.7705546,115.9933954;29.7507918,115.9954645","29.7579783,115.9809806;29.7076729,115.9913262"
01,Datasets/UAV_VisLoc_dataset/01/drone/01_0624.JPG,29.7507918,115.9892571,"29.7723513,115.9933954;29.7687580,115.9933954;29.7705546,115.9933954;29.7723513,115.9913262","29.7040796,115.9830497;29.7597749,115.9727041"
01,Datasets/UAV_VisLoc_dataset/01/drone/01_0625.JPG,29.7507918,115.9892571,"29.7723513,115.9933954;29.7687580,115.9933954;29.7705546,115.9933954;29.7597749,115.9954645","29.7687580,115.9954645;29.7382154,115.9892571"
01,Datasets/UAV_VisLoc_dataset/01/drone/01_0626.JPG,29.7525884,115.9892571,"29.7687580,115.9933954;29.7723513,115.9933954;29.7705546,115.9933954;29.7597749,115.9933954","29.7094695,115.9727041;29.7166560,115.9706350"
01,Datasets/UAV_VisLoc_dataset/01/drone/01_0627.JPG,29.7525884,115.9892571,"29.7687580,115.9933954;29.7723513,115.9933954;29.7705546,115.9933954;29.7597749,115.9933954","29.7076729,115.9809806;29.7489952,115.9706350"
01,Datasets/UAV_VisLoc_dataset/01/drone/01_0628.JPG,29.7525884,115.9892571,"29.7723513,115.9933954;29.7687580,115.9933954;29.7705546,115.9933954;29.7651648,115.9789115","29.7184526,115.9706350;29.7130627,115.9727041"
01,Datasets/UAV_VisLoc_dataset/01/drone/01_0629.JPG,29.7543850,115.9892571,"29.7723513,115.9933954;29.7687580,115.9933954;29.7705546,115.9933954;29.7328256,115.9933954","29.7400121,115.9768424;29.7130627,115.9747732"
01,Datasets/UAV_VisLoc_dataset/01/drone/01_0630.JPG,29.7543850,115.9892571,"29.7723513,115.9933954;29.7705546,115.9933954;29.7687580,115.9933954;29.7256391,115.9954645","29.7058762,115.9727041;29.7274357,115.9747732"
01,Datasets/UAV_VisLoc_dataset/01/drone/01_0631.JPG,29.7561817,115.9892571,"29.7723513,115.9933954;29.7723513,115.9913262;29.7705546,115.9933954;29.7687580,115.9933954","29.7130627,115.9789115;29.7166560,115.9809806"
01,Datasets/UAV_VisLoc_dataset/01/drone/01_0632.JPG,29.7561817,115.9892571,"29.7723513,115.9933954;29.7687580,115.9933954;29.7723513,115.9913262;29.7705546,115.9933954","29.7454019,115.9809806;29.7094695,115.9871880"
01,Datasets/UAV_VisLoc_dataset/01/drone/01_0633.JPG,29.7561817,115.9892571,"29.7723513,115.9933954;29.7687580,115.9933954;29.7705546,115.9933954;29.7723513,115.9913262","29.7364188,115.9892571;29.7651648,115.9789115"
01,Datasets/UAV_VisLoc_dataset/01/drone/01_0634.JPG,29.7579783,115.9892571,"29.7723513,115.9933954;29.7687580,115.9933954;29.7705546,115.9933954;29.7723513,115.9913262","29.7220458,115.9871880;29.7346222,115.9809806"
01,Datasets/UAV_VisLoc_dataset/01/drone/01_0635.JPG,29.7579783,115.9892571,"29.7723513,115.9933954;29.7687580,115.9933954;29.7705546,115.9933954;29.7723513,115.9913262","29.7166560,115.9851189;29.7454019,115.9892571"
01,Datasets/UAV_VisLoc_dataset/01/drone/01_0636.JPG,29.7597749,115.9892571,"29.7723513,115.9933954;29.7687580,115.9933954;29.7705546,115.9933954;29.7256391,115.9954645","29.7202492,115.9747732;29.7166560,115.9809806"
01,Datasets/UAV_VisLoc_dataset/01/drone/01_0637.JPG,29.7597749,115.9892571,"29.7723513,115.9933954;29.7687580,115.9933954;29.7256391,115.9954645;29.7705546,115.9933954","29.7687580,115.9954645;29.7040796,115.9768424"
01,Datasets/UAV_VisLoc_dataset/01/drone/01_0638.JPG,29.7597749,115.9892571,"29.7687580,115.9933954;29.7723513,115.9933954;29.7705546,115.9933954;29.7651648,115.9789115","29.7633682,115.9706350;29.7022830,115.9727041"
01,Datasets/UAV_VisLoc_dataset/01/drone/01_0639.JPG,29.7615715,115.9892571,"29.7489952,115.9913262;29.7346222,115.9954645;29.7687580,115.9933954;29.7633682,115.9809806","29.7328256,115.9913262;29.7220458,115.9768424"
01,Datasets/UAV_VisLoc_dataset/01/drone/01_0640.JPG,29.7615715,115.9892571,"29.7489952,115.9913262;29.7346222,115.9954645;29.7723513,115.9871880;29.7633682,115.9809806","29.7310290,115.9933954;29.7292323,115.9851189"
01,Datasets/UAV_VisLoc_dataset/01/drone/01_0641.JPG,29.7633682,115.9892571,"29.7489952,115.9913262;29.7723513,115.9871880;29.7346222,115.9954645;29.7561817,115.9789115","29.7256391,115.9830497;29.7346222,115.9809806"
01,Datasets/UAV_VisLoc_dataset/01/drone/01_0642.JPG,29.7633682,115.9892571,"29.7346222,115.9954645;29.7489952,115.9913262;29.7400121,115.9933954;29.7723513,115.9871880","29.7238425,115.9809806;29.7274357,115.9954645"
01,Datasets/UAV_VisLoc_dataset/01/drone/01_0643.JPG,29.7633682,115.9892571,"29.7723513,115.9933954;29.7705546,115.9933954;29.7346222,115.9954645;29.7687580,115.9933954","29.7094695,115.9789115;29.7238425,115.9789115"
01,Datasets/UAV_VisLoc_dataset/01/drone/01_0644.JPG,29.7651648,115.9892571,"29.7723513,115.9871880;29.7400121,115.9933954;29.7418087,115.9954645;29.7400121,115.9954645","29.7076729,115.9727041;29.7669614,115.9727041"
01,Datasets/UAV_VisLoc_dataset/01/drone/01_0645.JPG,29.7651648,115.9892571,"29.7723513,115.9871880;29.7561817,115.9789115;29.7400121,115.9933954;29.7418087,115.9954645","29.7651648,115.9747732;29.7525884,115.9913262"
01,Datasets/UAV_VisLoc_dataset/01/drone/01_0646.JPG,29.7669614,115.9892571,"29.7723513,115.9871880;29.7561817,115.9789115;29.7400121,115.9933954;29.7418087,115.9954645","29.7112661,115.9871880;29.7238425,115.9954645"
01,Datasets/UAV_VisLoc_dataset/01/drone/01_0647.JPG,29.7669614,115.9892571,"29.7723513,115.9871880;29.7561817,115.9789115;29.7418087,115.9768424;29.7310290,115.9871880","29.7148594,115.9768424;29.7651648,115.9747732"
01,Datasets/UAV_VisLoc_dataset/01/drone/01_0648.JPG,29.7669614,115.9892571,"29.7723513,115.9871880;29.7561817,115.9789115;29.7418087,115.9768424;29.7292323,115.9830497","29.7561817,115.9913262;29.7166560,115.9933954"
01,Datasets/UAV_VisLoc_dataset/01/drone/01_0649.JPG,29.7687580,115.9892571,"29.7346222,115.9954645;29.7507918,115.9954645;29.7669614,115.9768424;29.7489952,115.9913262","29.7094695,115.9747732;29.7256391,115.9809806"
01,Datasets/UAV_VisLoc_dataset/01/drone/01_0650.JPG,29.7687580,115.9892571,"29.7723513,115.9871880;29.7489952,115.9913262;29.7346222,115.9954645;29.7400121,115.9933954","29.7022830,115.9706350;29.7597749,115.9892571"
01,Datasets/UAV_VisLoc_dataset/01/drone/01_0651.JPG,29.7687580,115.9913262,"29.7346222,115.9954645;29.7489952,115.9913262;29.7633682,115.9809806;29.7328256,115.9954645","29.7400121,115.9933954;29.7597749,115.9954645"
01,Datasets/UAV_VisLoc_dataset/01/drone/01_0652.JPG,29.7687580,115.9913262,"29.7346222,115.9954645;29.7723513,115.9933954;29.7705546,115.9933954;29.7651648,115.9789115","29.7687580,115.9768424;29.7310290,115.9871880"
01,Datasets/UAV_VisLoc_dataset/01/drone/01_0653.JPG,29.7669614,115.9913262,"29.7346222,115.9954645;29.7489952,115.9913262;29.7633682,115.9809806;29.7669614,115.9768424","29.7346222,115.9913262;29.7346222,115.9954645"
01,Datasets/UAV_VisLoc_dataset/01/drone/01_0654.JPG,29.7669614,115.9913262,"29.7346222,115.9954645;29.7489952,115.9913262;29.7723513,115.9871880;29.7633682,115.9809806","29.7130627,115.9871880;29.7543850,115.9913262"
01,Datasets/UAV_VisLoc_dataset/01/drone/01_0655.JPG,29.7651648,115.9913262,"29.7723513,115.9871880;29.7561817,115.9789115;29.7489952,115.9913262;29.7346222,115.9954645","29.7112661,115.9706350;29.7525884,115.9933954"
01,Datasets/UAV_VisLoc_dataset/01/drone/01_0656.JPG,29.7651648,115.9913262,"29.7489952,115.9913262;29.7723513,115.9871880;29.7346222,115.9954645;29.7561817,115.9789115","29.7238425,115.9954645;29.7471986,115.9933954"
01,Datasets/UAV_VisLoc_dataset/01/drone/01_0657.JPG,29.7651648,115.9913262,"29.7489952,115.9913262;29.7346222,115.9954645;29.7687580,115.9933954;29.7723513,115.9933954","29.7543850,115.9789115;29.7112661,115.9789115"
01,Datasets/UAV_VisLoc_dataset/01/drone/01_0658.JPG,29.7633682,115.9913262,"29.7687580,115.9933954;29.7723513,115.9933954;29.7705546,115.9933954;29.7346222,115.9954645","29.7436053,115.9913262;29.7633682,115.9747732"
01,Datasets/UAV_VisLoc_dataset/01/drone/01_0659.JPG,29.7633682,115.9913262,"29.7723513,115.9933954;29.7705546,115.9933954;29.7687580,115.9933954;29.7723513,115.9913262","29.7364188,115.9830497;29.7040796,115.9892571"
01,Datasets/UAV_VisLoc_dataset/01/drone/01_0660.JPG,29.7615715,115.9913262,"29.7687580,115.9933954;29.7723513,115.9933954;29.7705546,115.9933954;29.7507918,115.9954645","29.7220458,115.9954645;29.7040796,115.9954645"
01,Datasets/UAV_VisLoc_dataset/01/drone/01_0661.JPG,29.7615715,115.9913262,"29.7687580,115.9933954;29.7723513,115.9933954;29.7705546,115.9933954;29.7597749,115.9933954","29.7400121,115.9913262;29.7418087,115.9954645"
01,Datasets/UAV_VisLoc_dataset/01/drone/01_0662.JPG,29.7615715,115.9913262,"29.7723513,115.9933954;29.7687580,115.9933954;29.7705546,115.9933954;29.7723513,115.9913262","29.7489952,115.9747732;29.7418087,115.9768424"
01,Datasets/UAV_VisLoc_dataset/01/drone/01_0663.JPG,29.7597749,115.9913262,"29.7723513,115.9933954;29.7687580,115.9933954;29.7705546,115.9933954;29.7256391,115.9954645","29.7148594,115.9809806;29.7543850,115.9747732"
01,Datasets/UAV_VisLoc_dataset/01/drone/01_0664.JPG,29.7597749,115.9913262,"29.7723513,115.9933954;29.7687580,115.9933954;29.7705546,115.9933954;29.7723513,115.9913262","29.7346222,115.9851189;29.7687580,115.9768424"
01,Datasets/UAV_VisLoc_dataset/01/drone/01_0665.JPG,29.7579783,115.9913262,"29.7723513,115.9933954;29.7687580,115.9933954;29.7723513,115.9913262;29.7705546,115.9933954","29.7202492,115.9706350;29.7418087,115.9789115"
01,Datasets/UAV_VisLoc_dataset/01/drone/01_0666.JPG,29.7579783,115.9913262,"29.7723513,115.9933954;29.7723513,115.9913262;29.7687580,115.9933954;29.7705546,115.9933954","29.7022830,115.9727041;29.7364188,115.9789115"
01,Datasets/UAV_VisLoc_dataset/01/drone/01_0667.JPG,29.7579783,115.9913262,"29.7723513,115.9933954;29.7687580,115.9933954;29.7723513,115.9913262;29.7705546,115.9933954","29.7184526,115.9913262;29.7723513,115.9954645"
01,Datasets/UAV_VisLoc_dataset/01/drone/01_0668.JPG,29.7561817,115.9913262,"29.7723513,115.9933954;29.7687580,115.9933954;29.7723513,115.9913262;29.7705546,115.9933954","29.7256391,115.9933954;29.7058762,115.9747732"
01,Datasets/UAV_VisLoc_dataset/01/drone/01_0669.JPG,29.7561817,115.9913262,"29.7687580,115.9933954;29.7723513,115.9933954;29.7597749,115.9933954;29.7723513,115.9913262","29.7094695,115.9830497;29.7561817,115.9768424"
01,Datasets/UAV_VisLoc_dataset/01/drone/01_0670.JPG,29.7543850,115.9913262,"29.7687580,115.9933954;29.7723513,115.9933954;29.7597749,115.9933954;29.7256391,115.9954645","29.7112661,115.9789115;29.7561817,115.9727041"
01,Datasets/UAV_VisLoc_dataset/01/drone/01_0671.JPG,29.7543850,115.9913262,"29.7723513,115.9933954;29.7256391,115.9954645;29.7687580,115.9933954;29.7597749,115.9933954","29.7256391,115.9892571;29.7328256,115.9789115"
01,Datasets/UAV_VisLoc_dataset/01/drone/01_0672.JPG,29.7543850,115.9913262,"29.7723513,115.9933954;29.7256391,115.9954645;29.7687580,115.9933954;29.7705546,115.9933954","29.7418087,115.9871880;29.7687580,115.9747732"
01,Datasets/UAV_VisLoc_dataset/01/drone/01_0673.JPG,29.7525884,115.9913262,"29.7687580,115.9933954;29.7723513,115.9933954;29.7256391,115.9954645;29.7705546,115.9933954","29.7274357,115.9809806;29.7489952,115.9768424"
01,Datasets/UAV_VisLoc_dataset/01/drone/01_0674.JPG,29.7525884,115.9913262,"29.7687580,115.9933954;29.7705546,115.9933954;29.7723513,115.9933954;29.7597749,115.9933954","29.7310290,115.9706350;29.7202492,115.9851189"
01,Datasets/UAV_VisLoc_dataset/01/drone/01_0675.JPG,29.7507918,115.9913262,"29.7687580,115.9933954;29.7705546,115.9933954;29.7723513,115.9933954;29.7597749,115.9933954","29.7382154,115.9954645;29.7418087,115.9954645"
01,Datasets/UAV_VisLoc_dataset/01/drone/01_0676.JPG,29.7507918,115.9913262,"29.7687580,115.9933954;29.7723513,115.9933954;29.7705546,115.9933954;29.7597749,115.9933954","29.7310290,115.9830497;29.7400121,115.9830497"
01,Datasets/UAV_VisLoc_dataset/01/drone/01_0677.JPG,29.7507918,115.9913262,"29.7723513,115.9933954;29.7705546,115.9933954;29.7723513,115.9913262;29.7687580,115.9933954","29.7346222,115.9789115;29.7220458,115.9954645"
01,Datasets/UAV_VisLoc_dataset/01/drone/01_0678.JPG,29.7489952,115.9913262,"29.7723513,115.9933954;29.7687580,115.9933954;29.7705546,115.9933954;29.7723513,115.9913262","29.7130627,115.9747732;29.7076729,115.9747732"
01,Datasets/UAV_VisLoc_dataset/01/drone/01_0679.JPG,29.7489952,115.9913262,"29.7723513,115.9933954;29.7687580,115.9933954;29.7705546,115.9933954;29.7597749,115.9954645","29.7723513,115.9809806;29.7633682,115.9871880"
01,Datasets/UAV_VisLoc_dataset/01/drone/01_0680.JPG,29.7471986,115.9913262,"29.7364188,115.9954645;29.7489952,115.9954645;29.7346222,115.9933954;29.7364188,115.9933954","29.7723513,115.9851189;29.7040796,115.9809806"
01,Datasets/UAV_VisLoc_dataset/01/drone/01_0681.JPG,29.7471986,115.9913262,"29.7471986,115.9954645;29.7346222,115.9933954;29.7364188,115.9933954;29.7454019,115.9954645","29.7202492,115.9727041;29.7669614,115.9768424"
01,Datasets/UAV_VisLoc_dataset/01/drone/01_0682.JPG,29.7471986,115.9913262,"29.7471986,115.9954645;29.7454019,115.9954645;29.7436053,115.9933954;29.7436053,115.9954645","29.7579783,115.9747732;29.7184526,115.9892571"
01,Datasets/UAV_VisLoc_dataset/01/drone/01_0683.JPG,29.7454019,115.9913262,"29.7471986,115.9954645;29.7454019,115.9954645;29.7436053,115.9933954;29.7364188,115.9933954","29.7292323,115.9933954;29.7346222,115.9871880"
01,Datasets/UAV_VisLoc_dataset/01/drone/01_0684.JPG,29.7454019,115.9913262,"29.7633682,115.9954645;29.7723513,115.9933954;29.7705546,115.9933954;29.7687580,115.9933954","29.7130627,115.9706350;29.7507918,115.9706350"
01,Datasets/UAV_VisLoc_dataset/01/drone/01_0685.JPG,29.7436053,115.9913262,"29.7633682,115.9954645;29.7723513,115.9933954;29.7723513,115.9913262;29.7705546,115.9933954","29.7238425,115.9851189;29.7705546,115.9747732"
01,Datasets/UAV_VisLoc_dataset/01/drone/01_0686.JPG,29.7436053,115.9913262,"29.7633682,115.9954645;29.7723513,115.9933954;29.7723513,115.9913262;29.7705546,115.9933954","29.7238425,115.9913262;29.7561817,115.9892571"
01,Datasets/UAV_VisLoc_dataset/01/drone/01_0687.JPG,29.7436053,115.9913262,"29.7723513,115.9933954;29.7723513,115.9913262;29.7633682,115.9954645;29.7705546,115.9933954","29.7256391,115.9913262;29.7274357,115.9727041"
01,Datasets/UAV_VisLoc_dataset/01/drone/01_0688.JPG,29.7418087,115.9913262,"29.7633682,115.9954645;29.7615715,115.9727041;29.7723513,115.9933954;29.7597749,115.9706350","29.7400121,115.9706350;29.7112661,115.9768424"
01,Datasets/UAV_VisLoc_dataset/01/drone/01_0689.JPG,29.7418087,115.9913262,"29.7633682,115.9954645;29.7615715,115.9727041;29.7597749,115.9727041;29.7597749,115.9706350","29.7454019,115.9727041;29.7328256,115.9954645"
01,Datasets/UAV_VisLoc_dataset/01/drone/01_0690.JPG,29.7400121,115.9913262,"29.7633682,115.9954645;29.7615715,115.9727041;29.7651648,115.9954645;29.7597749,115.9727041","29.7220458,115.9851189;29.7669614,115.9871880"
01,Datasets/UAV_VisLoc_dataset/01/drone/01_0691.JPG,29.7400121,115.9913262,"29.7633682,115.9954645;29.7615715,115.9727041;29.7597749,115.9727041;29.7597749,115.9706350","29.7507918,115.9871880;29.7130627,115.9851189"
01,Datasets/UAV_VisLoc_dataset/01/drone/01_0692.JPG,29.7400121,115.9913262,"29.7633682,115.9954645;29.7615715,115.9727041;29.7651648,115.9954645;29.7597749,115.9727041","29.7543850,115.9789115;29.7220458,115.9954645"
01,Datasets/UAV_VisLoc_dataset/01/drone/01_0693.JPG,29.7382154,115.9913262,"29.7615715,115.9727041;29.7633682,115.9954645;29.7597749,115.9727041;29.7597749,115.9706350","29.7292323,115.9809806;29.7310290,115.9768424"
01,Datasets/UAV_VisLoc_dataset/01/drone/01_0694.JPG,29.7382154,115.9913262,"29.7633682,115.9954645;29.7615715,115.9727041;29.7651648,115.9954645;29.7597749,115.9727041","29.7615715,115.9954645;29.7094695,115.9809806"
01,Datasets/UAV_VisLoc_dataset/01/drone/01_0695.JPG,29.7364188,115.9913262,"29.7633682,115.9954645;29.7615715,115.9727041;29.7651648,115.9954645;29.7597749,115.9727041","29.7525884,115.9809806;29.7220458,115.9789115"
01,Datasets/UAV_VisLoc_dataset/01/drone/01_0696.JPG,29.7364188,115.9913262,"29.7633682,115.9954645;29.7615715,115.9727041;29.7651648,115.9954645;29.7615715,115.9747732","29.7507918,115.9933954;29.7561817,115.9871880"
01,Datasets/UAV_VisLoc_dataset/01/drone/01_0697.JPG,29.7364188,115.9913262,"29.7651648,115.9954645;29.7471986,115.9747732;29.7633682,115.9954645;29.7615715,115.9747732","29.7202492,115.9871880;29.7022830,115.9892571"
01,Datasets/UAV_VisLoc_dataset/01/drone/01_0698.JPG,29.7346222,115.9913262,"29.7687580,115.9851189;29.7615715,115.9747732;29.7651648,115.9954645;29.7471986,115.9747732","29.7615715,115.9747732;29.7220458,115.9809806"
01,Datasets/UAV_VisLoc_dataset/01/drone/01_0699.JPG,29.7346222,115.9913262,"29.7687580,115.9851189;29.7705546,115.9871880;29.7615715,115.9747732;29.7687580,115.9871880","29.7112661,115.9871880;29.7597749,115.9768424"
01,Datasets/UAV_VisLoc_dataset/01/drone/01_0700.JPG,29.7346222,115.9913262,"29.7454019,115.9954645;29.7436053,115.9954645;29.7471986,115.9954645;29.7436053,115.9933954","29.7579783,115.9768424;29.7651648,115.9706350"
01,Datasets/UAV_VisLoc_dataset/01/drone/01_0701.JPG,29.7328256,115.9913262,"29.7471986,115.9954645;29.7454019,115.9954645;29.7454019,115.9933954;29.7436053,115.9933954","29.7525884,115.9809806;29.7669614,115.9933954"
01,Datasets/UAV_VisLoc_dataset/01/drone/01_0702.JPG,29.7328256,115.9913262,"29.7723513,115.9933954;29.7256391,115.9954645;29.7651648,115.9789115;29.7723513,115.9913262","29.7651648,115.9830497;29.7094695,115.9830497"
01,Datasets/UAV_VisLoc_dataset/01/drone/01_0703.JPG,29.7310290,115.9913262,"29.7256391,115.9954645;29.7723513,115.9933954;29.7651648,115.9789115;29.7687580,115.9933954","29.7094695,115.9933954;29.7579783,115.9892571"
01,Datasets/UAV_VisLoc_dataset/01/drone/01_0704.JPG,29.7310290,115.9913262,"29.7256391,115.9954645;29.7723513,115.9933954;29.7651648,115.9789115;29.7687580,115.9933954","29.7184526,115.9933954;29.7184526,115.9913262"
01,Datasets/UAV_VisLoc_dataset/01/drone/01_0705.JPG,29.7310290,115.9913262,"29.7256391,115.9954645;29.7238425,115.9954645;29.7723513,115.9933954;29.7651648,115.9789115","29.7669614,115.9954645;29.7669614,115.9933954"
01,Datasets/UAV_VisLoc_dataset/01/drone/01_0706.JPG,29.7292323,115.9913262,"29.7256391,115.9954645;29.7723513,115.9933954;29.7238425,115.9954645;29.7723513,115.9913262","29.7148594,115.9706350;29.7705546,115.9871880"
01,Datasets/UAV_VisLoc_dataset/01/drone/01_0707.JPG,29.7292323,115.9913262,"29.7256391,115.9954645;29.7238425,115.9954645;29.7723513,115.9933954;29.7112661,115.9913262","29.7454019,115.9706350;29.7543850,115.9851189"
01,Datasets/UAV_VisLoc_dataset/01/drone/01_0708.JPG,29.7274357,115.9913262,"29.7256391,115.9954645;29.7238425,115.9954645;29.7112661,115.9913262;29.7058762,115.9871880","29.7705546,115.9768424;29.7471986,115.9789115"
01,Datasets/UAV_VisLoc_dataset/01/drone/01_0709.JPG,29.7274357,115.9913262,"29.7256391,115.9954645;29.7238425,115.9954645;29.7112661,115.9913262;29.7022830,115.9913262","29.7166560,115.9933954;29.7579783,115.9706350"
01,Datasets/UAV_VisLoc_dataset/01/drone/01_0710.JPG,29.7274357,115.9913262,"29.7256391,115.9954645;29.7238425,115.9954645;29.7723513,115.9933954;29.7130627,115.9892571","29.7058762,115.9768424;29.7489952,115.9913262"
01,Datasets/UAV_VisLoc_dataset/01/drone/01_0711.JPG,29.7256391,115.9913262,"29.7256391,115.9954645;29.7238425,115.9954645;29.7723513,115.9933954;29.7310290,115.9933954","29.7561817,115.9727041;29.7723513,115.9747732"
01,Datasets/UAV_VisLoc_dataset/01/drone/01_0712.JPG,29.7256391,115.9913262,"29.7256391,115.9954645;29.7687580,115.9933954;29.7723513,115.9933954;29.7651648,115.9789115","29.7346222,115.9954645;29.7382154,115.9809806"
01,Datasets/UAV_VisLoc_dataset/01/drone/01_0713.JPG,29.7238425,115.9913262,"29.7256391,115.9954645;29.7687580,115.9933954;29.7723513,115.9933954;29.7651648,115.9789115","29.7454019,115.9706350;29.7022830,115.9913262"
01,Datasets/UAV_VisLoc_dataset/01/drone/01_0714.JPG,29.7238425,115.9913262,"29.7256391,115.9954645;29.7687580,115.9933954;29.7723513,115.9933954;29.7723513,115.9789115","29.7346222,115.9954645;29.7543850,115.9830497"
01,Datasets/UAV_VisLoc_dataset/01/drone/01_0715.JPG,29.7238425,115.9913262,"29.7256391,115.9954645;29.7687580,115.9933954;29.7723513,115.9933954;29.7651648,115.9789115","29.7489952,115.9789115;29.7705546,115.9851189"
01,Datasets/UAV_VisLoc_dataset/01/drone/01_0716.JPG,29.7220458,115.9913262,"29.7256391,115.9954645;29.7723513,115.9933954;29.7238425,115.9954645;29.7310290,115.9933954","29.7382154,115.9851189;29.7130627,115.9747732"
01,Datasets/UAV_VisLoc_dataset/01/drone/01_0717.JPG,29.7220458,115.9913262,"29.7256391,115.9954645;29.7723513,115.9933954;29.7651648,115.9789115;29.7112661,115.9768424","29.7633682,115.9933954;29.7633682,115.9851189"
01,Datasets/UAV_VisLoc_dataset/01/drone/01_0718.JPG,29.7202492,115.9913262,"29.7705546,115.9913262;29.7651648,115.9789115;29.7723513,115.9933954;29.7723513,115.9789115","29.7310290,115.9768424;29.7633682,115.9954645"
01,Datasets/UAV_VisLoc_dataset/01/drone/01_0719.JPG,29.7202492,115.9913262,"29.7669614,115.9892571;29.7669614,115.9871880;29.7471986,115.9768424;29.7489952,115.9851189","29.7418087,115.9727041;29.7543850,115.9851189"
01,Datasets/UAV_VisLoc_dataset/01/drone/01_0720.JPG,29.7202492,115.9913262,"29.7669614,115.9871880;29.7669614,115.9892571;29.7489952,115.9851189;29.7471986,115.9768424","29.7615715,115.9809806;29.7507918,115.9727041"
01,Datasets/UAV_VisLoc_dataset/01/drone/01_0721.JPG,29.7184526,115.9913262,"29.7669614,115.9871880;29.7489952,115.9851189;29.7705546,115.9871880;29.7669614,115.9892571","29.7238425,115.9789115;29.7615715,115.9768424"
01,Datasets/UAV_VisLoc_dataset/01/drone/01_0722.JPG,29.7184526,115.9913262,"29.7669614,115.9871880;29.7705546,115.9871880;29.7471986,115.9851189;29.7489952,115.9851189","29.7669614,115.9933954;29.7705546,115.9809806"
01,Datasets/UAV_VisLoc_dataset/01/drone/01_0723.JPG,29.7166560,115.9913262,"29.7669614,115.9871880;29.7543850,115.9706350;29.7705546,115.9871880;29.7669614,115.9892571","29.7310290,115.9706350;29.7633682,115.9830497"
01,Datasets/UAV_VisLoc_dataset/01/drone/01_0724.JPG,29.7166560,115.9913262,"29.7669614,115.9871880;29.7543850,115.9706350;29.7705546,115.9871880;29.7669614,115.9892571","29.7723513,115.9747732;29.7022830,115.9892571"
01,Datasets/UAV_VisLoc_dataset/01/drone/01_0725.JPG,29.7166560,115.9913262,"29.7669614,115.9871880;29.7543850,115.9706350;29.7705546,115.9871880;29.7489952,115.9851189","29.7579783,115.9892571;29.7723513,115.9913262"
01,Datasets/UAV_VisLoc_dataset/01/drone/01_0726.JPG,29.7148594,115.9913262,"29.7669614,115.9871880;29.7489952,115.9851189;29.7705546,115.9871880;29.7471986,115.9851189","29.7094695,115.9706350;29.7579783,115.9871880"
01,Datasets/UAV_VisLoc_dataset/01/drone/01_0727.JPG,29.7148594,115.9913262,"29.7669614,115.9871880;29.7705546,115.9871880;29.7489952,115.9851189;29.7471986,115.9851189","29.7489952,115.9933954;29.7400121,115.9706350"
01,Datasets/UAV_VisLoc_dataset/01/drone/01_0728.JPG,29.7130627,115.9913262,"29.7669614,115.9871880;29.7705546,115.9871880;29.7723513,115.9789115;29.7489952,115.9851189","29.7256391,115.9809806;29.7489952,115.9747732"
01,Datasets/UAV_VisLoc_dataset/01/drone/01_0729.JPG,29.7130627,115.9913262,"29.7471986,115.9768424;29.7471986,115.9789115;29.7454019,115.9809806;29.7489952,115.9789115","29.7292323,115.9727041;29.7507918,115.9727041"
01,Datasets/UAV_VisLoc_dataset/01/drone/01_0730.JPG,29.7130627,115.9913262,"29.7669614,115.9871880;29.7489952,115.9851189;29.7705546,115.9871880;29.7723513,115.9789115","29.7274357,115.9706350;29.7400121,115.9747732"
01,Datasets/UAV_VisLoc_dataset/01/drone/01_0731.JPG,29.7112661,115.9913262,"29.7543850,115.9706350;29.7669614,115.9892571;29.7669614,115.9871880;29.7651648,115.9892571","29.7364188,115.9789115;29.7328256,115.9871880"
01,Datasets/UAV_VisLoc_dataset/01/drone/01_0732.JPG,29.7112661,115.9933954,"29.7669614,115.9871880;29.7489952,115.9851189;29.7471986,115.9768424;29.7454019,115.9809806","29.7238425,115.9727041;29.7507918,115.9913262"
01,Datasets/UAV_VisLoc_dataset/01/drone/01_0733.JPG,29.7130627,115.9933954,"29.7471986,115.9768424;29.7454019,115.9809806;29.7489952,115.9851189;29.7471986,115.9789115","29.7274357,115.9892571;29.7651648,115.9706350"
01,Datasets/UAV_VisLoc_dataset/01/drone/01_0734.JPG,29.7130627,115.9933954,"29.7471986,115.9768424;29.7454019,115.9809806;29.7471986,115.9789115;29.7489952,115.9789115","29.7328256,115.9809806;29.7184526,115.9768424"
01,Datasets/UAV_VisLoc_dataset/01/drone/01_0735.JPG,29.7148594,115.9933954,"29.7454019,115.9809806;29.7471986,115.9768424;29.7471986,115.9789115;29.7705546,115.9954645","29.7310290,115.9768424;29.7040796,115.9809806"
01,Datasets/UAV_VisLoc_dataset/01/drone/01_0736.JPG,29.7148594,115.9933954,"29.7669614,115.9871880;29.7705546,115.9871880;29.7454019,115.9809806;29.7687580,115.9954645","29.7597749,115.9892571;29.7130627,115.9747732"
01,Datasets/UAV_VisLoc_dataset/01/drone/01_0737.JPG,29.7148594,115.9933954,"29.7669614,115.9871880;29.7454019,115.9809806;29.7705546,115.9871880;29.7489952,115.9851189","29.7238425,115.9809806;29.7130627,115.9727041"
01,Datasets/UAV_VisLoc_dataset/01/drone/01_0738.JPG,29.7166560,115.9933954,"29.7454019,115.9809806;29.7489952,115.9851189;29.7669614,115.9871880;29.7669614,115.9892571","29.7471986,115.9954645;29.7579783,115.9933954"
01,Datasets/UAV_VisLoc_dataset/01/drone/01_0739.JPG,29.7166560,115.9933954,"29.7669614,115.9871880;29.7489952,115.9851189;29.7454019,115.9809806;29.7705546,115.9954645","29.7346222,115.9768424;29.7094695,115.9727041"
01,Datasets/UAV_VisLoc_dataset/01/drone/01_0740.JPG,29.7184526,115.9933954,"29.7669614,115.9871880;29.7489952,115.9851189;29.7454019,115.9809806;29.7669614,115.9892571","29.7274357,115.9830497;29.7723513,115.9933954"
01,Datasets/UAV_VisLoc_dataset/01/drone/01_0741.JPG,29.7184526,115.9933954,"29.7543850,115.9706350;29.7669614,115.9871880;29.7669614,115.9892571;29.7543850,115.9727041","29.7112661,115.9851189;29.7687580,115.9954645"
01,Datasets/UAV_VisLoc_dataset/01/drone/01_0742.JPG,29.7184526,115.9933954,"29.7705546,115.9913262;29.7723513,115.9933954;29.7651648,115.9789115;29.7651648,115.9892571","29.7364188,115.9809806;29.7346222,115.9871880"
01,Datasets/UAV_VisLoc_dataset/01/drone/01_0743.JPG,29.7202492,115.9933954,"29.7723513,115.9789115;29.7705546,115.9913262;29.7651648,115.9892571;29.7669614,115.9871880","29.7687580,115.9851189;29.7651648,115.9851189"
01,Datasets/UAV_VisLoc_dataset/01/drone/01_0744.JPG,29.7202492,115.9933954,"29.7651648,115.9789115;29.7723513,115.9933954;29.7328256,115.9933954;29.7346222,115.9954645","29.7489952,115.9933954;29.7723513,115.9768424"
01,Datasets/UAV_VisLoc_dataset/01/drone/01_0745.JPG,29.7220458,115.9933954,"29.7723513,115.9933954;29.7651648,115.9789115;29.7256391,115.9954645;29.7723513,115.9913262","29.7687580,115.9892571;29.7094695,115.9954645"
01,Datasets/UAV_VisLoc_dataset/01/drone/01_0746.JPG,29.7220458,115.9933954,"29.7723513,115.9913262;29.7723513,115.9933954;29.7256391,115.9954645;29.7705546,115.9913262","29.7202492,115.9768424;29.7597749,115.9830497"
01,Datasets/UAV_VisLoc_dataset/01/drone/01_0747.JPG,29.7220458,115.9933954,"29.7256391,115.9954645;29.7723513,115.9933954;29.7723513,115.9913262;29.7651648,115.9789115","29.7651648,115.9933954;29.7400121,115.9768424"
01,Datasets/UAV_VisLoc_dataset/01/drone/01_0748.JPG,29.7238425,115.9933954,"29.7723513,115.9933954;29.7723513,115.9913262;29.7256391,115.9954645;29.7705546,115.9913262","29.7382154,115.9830497;29.7507918,115.9954645"
01,Datasets/UAV_VisLoc_dataset/01/drone/01_0749.JPG,29.7238425,115.9933954,"29.7723513,115.9933954;29.7723513,115.9913262;29.7687580,115.9933954;29.7651648,115.9789115","29.7543850,115.9871880;29.7633682,115.9706350"
01,Datasets/UAV_VisLoc_dataset/01/drone/01_0750.JPG,29.7256391,115.9933954,"29.7723513,115.9933954;29.7687580,115.9933954;29.7651648,115.9789115;29.7723513,115.9913262","29.7112661,115.9851189;29.7130627,115.9768424"
01,Datasets/UAV_VisLoc_dataset/01/drone/01_0751.JPG,29.7256391,115.9933954,"29.7723513,115.9933954;29.7238425,115.9954645;29.7723513,115.9913262;29.7687580,115.9933954","29.7454019,115.9706350;29.7418087,115.9789115"
01,Datasets/UAV_VisLoc_dataset/01/drone/01_0752.JPG,29.7256391,115.9933954,"29.7723513,115.9933954;29.7723513,115.9913262;29.7238425,115.9954645;29.7687580,115.9933954","29.7418087,115.9727041;29.7220458,115.9747732"
01,Datasets/UAV_VisLoc_dataset/01/drone/01_0753.JPG,29.7274357,115.9933954,"29.7723513,115.9933954;29.7651648,115.9789115;29.7238425,115.9954645;29.7669614,115.9789115","29.7507918,115.9851189;29.7597749,115.9871880"
01,Datasets/UAV_VisLoc_dataset/01/drone/01_0754.JPG,29.7274357,115.9933954,"29.7256391,115.9954645;29.7651648,115.9789115;29.7723513,115.9933954;29.7238425,115.9954645","29.7723513,115.9871880;29.7022830,115.9933954"
01,Datasets/UAV_VisLoc_dataset/01/drone/01_0755.JPG,29.7292323,115.9933954,"29.7256391,115.9954645;29.7238425,115.9954645;29.7723513,115.9933954;29.7651648,115.9789115","29.7418087,115.9892571;29.7040796,115.9727041"
01,Datasets/UAV_VisLoc_dataset/01/drone/01_0756.JPG,29.7292323,115.9933954,"29.7256391,115.9954645;29.7238425,115.9954645;29.7723513,115.9933954;29.7058762,115.9871880","29.7076729,115.9789115;29.7525884,115.9892571"
01,Datasets/UAV_VisLoc_dataset/01/drone/01_0757.JPG,29.7292323,115.9933954,"29.7256391,115.9954645;29.7723513,115.9933954;29.7651648,115.9789115;29.7328256,115.9933954","29.7723513,115.9747732;29.7094695,115.9747732"
01,Datasets/UAV_VisLoc_dataset/01/drone/01_0758.JPG,29.7310290,115.9933954,"29.7723513,115.9933954;29.7256391,115.9954645;29.7651648,115.9789115;29.7687580,115.9933954","29.7202492,115.9851189;29.7220458,115.9789115"
01,Datasets/UAV_VisLoc_dataset/01/drone/01_0759.JPG,29.7310290,115.9933954,"29.7723513,115.9933954;29.7705546,115.9933954;29.7687580,115.9933954;29.7651648,115.9789115","29.7346222,115.9706350;29.7130627,115.9789115"
01,Datasets/UAV_VisLoc_dataset/01/drone/01_0760.JPG,29.7310290,115.9933954,"29.7723513,115.9933954;29.7705546,115.9933954;29.7687580,115.9933954;29.7651648,115.9789115","29.7040796,115.9913262;29.7256391,115.9830497"
01,Datasets/UAV_VisLoc_dataset/01/drone/01_0761.JPG,29.7328256,115.9933954,"29.7723513,115.9933954;29.7723513,115.9913262;29.7705546,115.9913262;29.7705546,115.9933954","29.7238425,115.9851189;29.7579783,115.9830497"
01,Datasets/UAV_VisLoc_dataset/01/drone/01_0762.JPG,29.7328256,115.9933954,"29.7723513,115.9933954;29.7723513,115.9913262;29.7705546,115.9913262;29.7651648,115.9789115","29.7597749,115.9789115;29.7525884,115.9871880"
01,Datasets/UAV_VisLoc_dataset/01/drone/01_0763.JPG,29.7346222,115.9933954,"29.7687580,115.9851189;29.7615715,115.9747732;29.7489952,115.9933954;29.7687580,115.9933954","29.7669614,115.9851189;29.7615715,115.9871880"
01,Datasets/UAV_VisLoc_dataset/01/drone/01_0764.JPG,29.7346222,115.9933954,"29.7687580,115.9851189;29.7705546,115.9871880;29.7687580,115.9871880;29.7615715,115.9747732","29.7274357,115.9706350;29.7292323,115.9747732"
01,Datasets/UAV_VisLoc_dataset/01/drone/01_0765.JPG,29.7346222,115.9933954,"29.7687580,115.9851189;29.7705546,115.9871880;29.7687580,115.9871880;29.7615715,115.9747732","29.7166560,115.9789115;29.7579783,115.9706350"
01,Datasets/UAV_VisLoc_dataset/01/drone/01_0766.JPG,29.7364188,115.9933954,"29.7687580,115.9851189;29.7705546,115.9871880;29.7687580,115.9871880;29.7615715,115.9747732","29.7112661,115.9954645;29.7597749,115.9933954"
01,Datasets/UAV_VisLoc_dataset/01/drone/01_0767.JPG,29.7364188,115.9933954,"29.7687580,115.9851189;29.7705546,115.9871880;29.7687580,115.9871880;29.7615715,115.9747732","29.7669614,115.9747732;29.7148594,115.9933954"
01,Datasets/UAV_VisLoc_dataset/01/drone/01_0768.JPG,29.7382154,115.9933954,"29.7615715,115.9727041;29.7633682,115.9954645;29.7651648,115.9954645;29.7615715,115.9747732","29.7112661,115.9727041;29.7454019,115.9789115"
01,Datasets/UAV_VisLoc_dataset/01/drone/01_0769.JPG,29.7382154,115.9933954,"29.7615715,115.9727041;29.7705546,115.9789115;29.7597749,115.9727041;29.7597749,115.9706350","29.7076729,115.9809806;29.7669614,115.9933954"
01,Datasets/UAV_VisLoc_dataset/01/drone/01_0770.JPG,29.7382154,115.9933954,"29.7615715,115.9727041;29.7597749,115.9727041;29.7633682,115.9954645;29.7597749,115.9706350","29.7112661,115.9830497;29.7202492,115.9954645"
01,Datasets/UAV_VisLoc_dataset/01/drone/01_0771.JPG,29.7400121,115.9933954,"29.7651648,115.9954645;29.7471986,115.9747732;29.7633682,115.9954645;29.7615715,115.9747732","29.7184526,115.9954645;29.7058762,115.9809806"
01,Datasets/UAV_VisLoc_dataset/01/drone/01_0772.JPG,29.7400121,115.9933954,"29.7687580,115.9851189;29.7454019,115.9954645;29.7436053,115.9954645;29.7436053,115.9933954","29.7166560,115.9727041;29.7040796,115.9933954"
01,Datasets/UAV_VisLoc_dataset/01/drone/01_0773.JPG,29.7418087,115.9933954,"29.7651648,115.9954645;29.7471986,115.9747732;29.7615715,115.9747732;29.7687580,115.9851189","29.7076729,115.9727041;29.7292323,115.9851189"
01,Datasets/UAV_VisLoc_dataset/01/drone/01_0774.JPG,29.7418087,115.9933954,"29.7651648,115.9954645;29.7633682,115.9954645;29.7471986,115.9747732;29.7615715,115.9747732","29.7076729,115.9830497;29.7579783,115.9933954"
01,Datasets/UAV_VisLoc_dataset/01/drone/01_0775.JPG,29.7418087,115.9933954,"29.7615715,115.9727041;29.7633682,115.9954645;29.7597749,115.9727041;29.7597749,115.9706350","29.7238425,115.9706350;29.7507918,115.9768424"
01,Datasets/UAV_VisLoc_dataset/01/drone/01_0776.JPG,29.7436053,115.9933954,"29.7633682,115.9954645;29.7615715,115.9727041;29.7597749,115.9727041;29.7597749,115.9706350","29.7238425,115.9747732;29.7615715,115.9871880"
01,Datasets/UAV_VisLoc_dataset/01/drone/01_0777.JPG,29.7436053,115.9933954,"29.7633682,115.9954645;29.7615715,115.9727041;29.7597749,115.9727041;29.7651648,115.9954645","29.7112661,115.9747732;29.7022830,115.9954645"
01,Datasets/UAV_VisLoc_dataset/01/drone/01_0778.JPG,29.7454019,115.9933954,"29.7633682,115.9954645;29.7615715,115.9727041;29.7723513,115.9933954;29.7597749,115.9727041","29.7633682,115.9954645;29.7184526,115.9851189"
01,Datasets/UAV_VisLoc_dataset/01/drone/01_0779.JPG,29.7454019,115.9933954,"29.7633682,115.9954645;29.7723513,115.9933954;29.7687580,115.9933954;29.7705546,115.9933954","29.7364188,115.9768424;29.7364188,115.9892571"
01,Datasets/UAV_VisLoc_dataset/01/drone/01_0780.JPG,29.7454019,115.9933954,"29.7436053,115.9954645;29.7364188,115.9933954;29.7346222,115.9933954;29.7418087,115.9933954","29.7040796,115.9851189;29.7615715,115.9830497"
01,Datasets/UAV_VisLoc_dataset/01/drone/01_0781.JPG,29.7471986,115.9933954,"29.7436053,115.9933954;29.7436053,115.9954645;29.7418087,115.9933954;29.7364188,115.9933954","29.7292323,115.9706350;29.7274357,115.9706350"
01,Datasets/UAV_VisLoc_dataset/01/drone/01_0782.JPG,29.7471986,115.9933954,"29.7454019,115.9954645;29.7436053,115.9933954;29.7436053,115.9954645;29.7418087,115.9933954","29.7382154,115.9954645;29.7561817,115.9789115"
01,Datasets/UAV_VisLoc_dataset/01/drone/01_0783.JPG,29.7489952,115.9933954,"29.7436053,115.9954645;29.7436053,115.9933954;29.7454019,115.9954645;29.7418087,115.9933954","29.7579783,115.9747732;29.7220458,115.9871880"
01,Datasets/UAV_VisLoc_dataset/01/drone/01_0784.JPG,29.7489952,115.9933954,"29.7418087,115.9954645;29.7436053,115.9954645;29.7418087,115.9933954;29.7400121,115.9954645","29.7328256,115.9954645;29.7364188,115.9768424"
01,Datasets/UAV_VisLoc_dataset/01/drone/01_0785.JPG,29.7489952,115.9933954,"29.7723513,115.9933954;29.7346222,115.9933954;29.7705546,115.9933954;29.7382154,115.9933954","29.7310290,115.9851189;29.7525884,115.9727041"
01,Datasets/UAV_VisLoc_dataset/01/drone/01_0786.JPG,29.7507918,115.9933954,"29.7723513,115.9933954;29.7687580,115.9933954;29.7705546,115.9933954;29.7597749,115.9933954","29.7274357,115.9871880;29.7256391,115.9706350"
01,Datasets/UAV_VisLoc_dataset/01/drone/01_0787.JPG,29.7507918,115.9933954,"29.7723513,115.9933954;29.7687580,115.9933954;29.7705546,115.9933954;29.7597749,115.9933954","29.7418087,115.9747732;29.7148594,115.9809806"
01,Datasets/UAV_VisLoc_dataset/01/drone/01_0788.JPG,29.7525884,115.9933954,"29.7687580,115.9933954;29.7597749,115.9933954;29.7705546,115.9933954;29.7723513,115.9933954","29.7705546,115.9871880;29.7543850,115.9809806"
01,Datasets/UAV_VisLoc_dataset/01/drone/01_0789.JPG,29.7525884,115.9933954,"29.7687580,115.9933954;29.7597749,115.9933954;29.7723513,115.9933954;29.7705546,115.9933954","29.7076729,115.9706350;29.7543850,115.9809806"
01,Datasets/UAV_VisLoc_dataset/01/drone/01_0790.JPG,29.7525884,115.9933954,"29.7723513,115.9933954;29.7687580,115.9933954;29.7705546,115.9933954;29.7597749,115.9933954","29.7112661,115.9913262;29.7130627,115.9768424"
01,Datasets/UAV_VisLoc_dataset/01/drone/01_0791.JPG,29.7543850,115.9933954,"29.7723513,115.9933954;29.7687580,115.9933954;29.7723513,115.9913262;29.7705546,115.9933954","29.7615715,115.9809806;29.7040796,115.9851189"
01,Datasets/UAV_VisLoc_dataset/01/drone/01_0792.JPG,29.7543850,115.9933954,"29.7723513,115.9933954;29.7723513,115.9913262;29.7687580,115.9933954;29.7705546,115.9933954","29.7274357,115.9747732;29.7454019,115.9933954"
01,Datasets/UAV_VisLoc_dataset/01/drone/01_0793.JPG,29.7561817,115.9933954,"29.7723513,115.9933954;29.7723513,115.9913262;29.7687580,115.9933954;29.7256391,115.9954645","29.7633682,115.9809806;29.7094695,115.9933954"
01,Datasets/UAV_VisLoc_dataset/01/drone/01_0794.JPG,29.7561817,115.9933954,"29.7723513,115.9933954;29.7723513,115.9913262;29.7687580,115.9933954;29.7705546,115.9933954","29.7130627,115.9809806;29.7436053,115.9768424"
01,Datasets/UAV_VisLoc_dataset/01/drone/01_0795.JPG,29.7561817,115.9933954,"29.7723513,115.9933954;29.7687580,115.9933954;29.7723513,115.9913262;29.7705546,115.9933954","29.7274357,115.9706350;29.7669614,115.9954645"
01,Datasets/UAV_VisLoc_dataset/01/drone/01_0796.JPG,29.7579783,115.9933954,"29.7723513,115.9933954;29.7705546,115.9933954;29.7687580,115.9933954;29.7723513,115.9913262","29.7651648,115.9747732;29.7705546,115.9789115"
01,Datasets/UAV_VisLoc_dataset/01/drone/01_0797.JPG,29.7579783,115.9933954,"29.7723513,115.9933954;29.7705546,115.9933954;29.7687580,115.9933954;29.7723513,115.9913262","29.7633682,115.9809806;29.7705546,115.9789115"
01,Datasets/UAV_VisLoc_dataset/01/drone/01_0798.JPG,29.7597749,115.9933954,"29.7723513,115.9933954;29.7705546,115.9933954;29.7723513,115.9913262;29.7687580,115.9933954","29.7418087,115.9706350;29.7130627,115.9933954"
01,Datasets/UAV_VisLoc_dataset/01/drone/01_0799.JPG,29.7597749,115.9933954,"29.7723513,115.9933954;29.7705546,115.9933954;29.7723513,115.9913262;29.7687580,115.9933954","29.7310290,115.9933954;29.7436053,115.9809806"
01,Datasets/UAV_VisLoc_dataset/01/drone/01_0800.JPG,29.7597749,115.9933954,"29.7723513,115.9933954;29.7705546,115.9933954;29.7723513,115.9913262;29.7687580,115.9933954","29.7202492,115.9768424;29.7166560,115.9954645"
01,Datasets/UAV_VisLoc_dataset/01/drone/01_0801.JPG,29.7615715,115.9933954,"29.7723513,115.9933954;29.7705546,115.9933954;29.7687580,115.9933954;29.7723513,115.9913262","29.7022830,115.9747732;29.7382154,115.9747732"
01,Datasets/UAV_VisLoc_dataset/01/drone/01_0802.JPG,29.7615715,115.9933954,"29.7723513,115.9933954;29.7705546,115.9933954;29.7687580,115.9933954;29.7346222,115.9954645","29.7364188,115.9851189;29.7256391,115.9871880"
01,Datasets/UAV_VisLoc_dataset/01/drone/01_0803.JPG,29.7633682,115.9933954,"29.7723513,115.9933954;29.7705546,115.9933954;29.7687580,115.9933954;29.7723513,115.9913262","29.7471986,115.9789115;29.7256391,115.9747732"
01,Datasets/UAV_VisLoc_dataset/01/drone/01_0804.JPG,29.7633682,115.9933954,"29.7723513,115.9933954;29.7705546,115.9933954;29.7723513,115.9913262;29.7687580,115.9933954","29.7346222,115.9954645;29.7022830,115.9954645"
01,Datasets/UAV_VisLoc_dataset/01/drone/01_0805.JPG,29.7633682,115.9933954,"29.7723513,115.9933954;29.7705546,115.9933954;29.7346222,115.9954645;29.7723513,115.9913262","29.7400121,115.9809806;29.7651648,115.9789115"
01,Datasets/UAV_VisLoc_dataset/01/drone/01_0806.JPG,29.7651648,115.9933954,"29.7346222,115.9954645;29.7723513,115.9871880;29.7400121,115.9933954;29.7489952,115.9913262","29.7418087,115.9727041;29.7328256,115.9789115"
01,Datasets/UAV_VisLoc_dataset/01/drone/01_0807.JPG,29.7651648,115.9933954,"29.7723513,115.9871880;29.7561817,115.9789115;29.7400121,115.9933954;29.7418087,115.9954645","29.7274357,115.9954645;29.7202492,115.9768424"
01,Datasets/UAV_VisLoc_dataset/01/drone/01_0808.JPG,29.7669614,115.9933954,"29.7723513,115.9871880;29.7561817,115.9789115;29.7256391,115.9747732;29.7292323,115.9830497","29.7507918,115.9747732;29.7076729,115.9892571"
01,Datasets/UAV_VisLoc_dataset/01/drone/01_0809.JPG,29.7669614,115.9933954,"29.7723513,115.9871880;29.7292323,115.9830497;29.7256391,115.9747732;29.7561817,115.9789115","29.7382154,115.9768424;29.7238425,115.9851189"
01,Datasets/UAV_VisLoc_dataset/01/drone/01_0810.JPG,29.7669614,115.9933954,"29.7346222,115.9954645;29.7328256,115.9954645;29.7471986,115.9913262;29.7400121,115.9933954","29.7507918,115.9809806;29.7256391,115.9954645"
01,Datasets/UAV_VisLoc_dataset/01/drone/01_0811.JPG,29.7687580,115.9933954,"29.7346222,115.9954645;29.7489952,115.9913262;29.7400121,115.9933954;29.7400121,115.9954645","29.7346222,115.9954645;29.7094695,115.9913262"
01,Datasets/UAV_VisLoc_dataset/01/drone/01_0812.JPG,29.7687580,115.9933954,"29.7346222,115.9954645;29.7489952,115.9913262;29.7633682,115.9809806;29.7615715,115.9809806","29.7220458,115.9830497;29.7310290,115.9830497"
01,Datasets/UAV_VisLoc_dataset/01/drone/01_0813.JPG,29.7705546,115.9933954,"29.7489952,115.9913262;29.7346222,115.9954645;29.7633682,115.9809806;29.7615715,115.9809806","29.7436053,115.9830497;29.7454019,115.9954645"
01,Datasets/UAV_VisLoc_dataset/01/drone/01_0814.JPG,29.7705546,115.9933954,"29.7346222,115.9954645;29.7489952,115.9913262;29.7633682,115.9809806;29.7633682,115.9892571","29.7256391,115.9789115;29.7058762,115.9809806"
01,Datasets/UAV_VisLoc_dataset/01/drone/01_0815.JPG,29.7705546,115.9933954,"29.7489952,115.9913262;29.7346222,115.9954645;29.7400121,115.9933954;29.7400121,115.9954645","29.7022830,115.9789115;29.7148594,115.9933954"
01,Datasets/UAV_VisLoc_dataset/01/drone/01_0816.JPG,29.7723513,115.9933954,"29.7346222,115.9954645;29.7346222,115.9933954;29.7382154,115.9933954;29.7364188,115.9954645","29.7615715,115.9789115;29.7525884,115.9933954"
01,Datasets/UAV_VisLoc_dataset/01/drone/01_0817.JPG,29.7723513,115.9933954,"29.7346222,115.9954645;29.7346222,115.9933954;29.7382154,115.9933954;29.7400121,115.9954645","29.7543850,115.9727041;29.7130627,115.9809806"
03,Datasets/UAV_VisLoc_dataset/03/drone/03_0001.JPG,32.3046630,119.8973465,"32.3244258,119.8803381;32.3352056,119.8612035;32.3370022,119.8612035;32.3513752,119.8399429","32.2956799,119.8420690;32.3495785,119.8101781"
03,Datasets/UAV_VisLoc_dataset/03/drone/03_0002.JPG,32.3046630,119.8952205,"32.3244258,119.8803381;32.3352056,119.8612035;32.3370022,119.8612035;32.3513752,119.8399429","32.3441887,119.8930944;32.3226292,119.8356908"
03,Datasets/UAV_VisLoc_dataset/03/drone/03_0003.JPG,32.3064596,119.8952205,"32.3370022,119.8612035;32.3352056,119.8612035;32.3244258,119.8803381;32.3387988,119.8612035","32.3226292,119.8356908;32.3513752,119.8697078"
03,Datasets/UAV_VisLoc_dataset/03/drone/03_0004.JPG,32.3064596,119.8930944,"32.3370022,119.8612035;32.3352056,119.8612035;32.3387988,119.8612035;32.3405954,119.8930944","32.3046630,119.8186824;32.3136461,119.8463211"
03,Datasets/UAV_VisLoc_dataset/03/drone/03_0005.JPG,32.3064596,119.8930944,"32.3387988,119.8612035;32.3405954,119.8612035;32.3370022,119.8654556;32.3370022,119.8612035","32.3208326,119.8973465;32.3298157,119.8314387"
03,Datasets/UAV_VisLoc_dataset/03/drone/03_0006.JPG,32.3064596,119.8930944,"32.3387988,119.8612035;32.3370022,119.8612035;32.3352056,119.8612035;32.3513752,119.8399429","32.3352056,119.8675817;32.3100528,119.8697078"
03,Datasets/UAV_VisLoc_dataset/03/drone/03_0007.JPG,32.3082562,119.8909684,"32.3352056,119.8612035;32.3370022,119.8612035;32.2992731,119.8123042;32.3387988,119.8612035","32.3495785,119.8229345;32.3028664,119.8782120"
03,Datasets/UAV_VisLoc_dataset/03/drone/03_0008.JPG,32.3082562,119.8909684,"32.3352056,119.8612035;32.3513752,119.8399429;32.3370022,119.8612035;32.3531718,119.8378169","32.3028664,119.8463211;32.3190360,119.8335648"
03,Datasets/UAV_VisLoc_dataset/03/drone/03_0009.JPG,32.3082562,119.8909684,"32.3513752,119.8399429;32.3531718,119.8378169;32.3531718,119.8399429;32.3352056,119.8612035","32.3262224,119.8186824;32.3190360,119.8675817"
03,Datasets/UAV_VisLoc_dataset/03/drone/03_0010.JPG,32.3100528,119.8909684,"32.3513752,119.8399429;32.3531718,119.8378169;32.3531718,119.8399429;32.3370022,119.8909684","32.2938832,119.8760859;32.2974765,119.8760859"
03,Datasets/UAV_VisLoc_dataset/03/drone/03_0011.JPG,32.3100528,119.8888423,"32.3513752,119.8399429;32.3531718,119.8378169;32.3531718,119.8399429;32.3513752,119.8505732","32.3010697,119.8399429;32.3477819,119.8101781"
03,Datasets/UAV_VisLoc_dataset/03/drone/03_0012.JPG,32.3100528,119.8888423,"32.3513752,119.8399429;32.3531718,119.8378169;32.3352056,119.8612035;32.3531718,119.8399429","32.3154427,119.8165563;32.3136461,119.8314387"
03,Datasets/UAV_VisLoc_dataset/03/drone/03_0013.JPG,32.3100528,119.8867162,"32.3513752,119.8399429;32.3531718,119.8378169;32.3352056,119.8612035;32.3531718,119.8399429","32.3262224,119.8293126;32.2920866,119.8952205"
03,Datasets/UAV_VisLoc_dataset/03/drone/03_0014.JPG,32.3118495,119.8867162,"32.3513752,119.8399429;32.3531718,119.8378169;32.3352056,119.8612035;32.3370022,119.8612035","32.3136461,119.8144302;32.3064596,119.8548254"
03,Datasets/UAV_VisLoc_dataset/03/drone/03_0015.JPG,32.3118495,119.8867162,"32.3513752,119.8399429;32.3370022,119.8612035;32.3352056,119.8612035;32.3423920,119.8378169","32.3190360,119.8356908;32.3316123,119.8271866"
03,Datasets/UAV_VisLoc_dataset/03/drone/03_0016.JPG,32.3118495,119.8845902,"32.3513752,119.8399429;32.3370022,119.8612035;32.3531718,119.8378169;32.3352056,119.8612035","32.3495785,119.8101781;32.3423920,119.8973465"
03,Datasets/UAV_VisLoc_dataset/03/drone/03_0017.JPG,32.3136461,119.8845902,"32.3513752,119.8399429;32.3370022,119.8612035;32.3352056,119.8612035;32.3531718,119.8378169","32.3370022,119.8441951;32.3513752,119.8526993"
03,Datasets/UAV_VisLoc_dataset/03/drone/03_0018.JPG,32.3136461,119.8824641,"32.3513752,119.8399429;32.3531718,119.8378169;32.3352056,119.8612035;32.3370022,119.8612035","32.2956799,119.8803381;32.3405954,119.8314387"
03,Datasets/UAV_VisLoc_dataset/03/drone/03_0019.JPG,32.3136461,119.8824641,"32.3513752,119.8399429;32.3531718,119.8378169;32.3513752,119.8378169;32.3352056,119.8612035","32.2974765,119.8101781;32.3208326,119.8909684"
03,Datasets/UAV_VisLoc_dataset/03/drone/03_0020.JPG,32.3136461,119.8824641,"32.3513752,119.8399429;32.3531718,119.8378169;32.3513752,119.8378169;32.3352056,119.8612035","32.2974765,119.8335648;32.3172393,119.8484472"
03,Datasets/UAV_VisLoc_dataset/03/drone/03_0021.JPG,32.3154427,119.8803381,"32.3513752,119.8399429;32.3531718,119.8378169;32.3513752,119.8378169;32.3352056,119.8612035","32.3459853,119.8782120;32.3531718,119.8697078"
03,Datasets/UAV_VisLoc_dataset/03/drone/03_0022.JPG,32.3154427,119.8803381,"32.3513752,119.8399429;32.3531718,119.8378169;32.3352056,119.8612035;32.3513752,119.8378169","32.2956799,119.8675817;32.3441887,119.8675817"
03,Datasets/UAV_VisLoc_dataset/03/drone/03_0023.JPG,32.3154427,119.8782120,"32.3513752,119.8399429;32.3531718,119.8378169;32.3513752,119.8378169;32.3064596,119.8378169","32.3262224,119.8335648;32.2992731,119.8080521"
03,Datasets/UAV_VisLoc_dataset/03/drone/03_0024.JPG,32.3172393,119.8782120,"32.3064596,119.8378169;32.3423920,119.8378169;32.3513752,119.8399429;32.3513752,119.8378169","32.2920866,119.8590775;32.3190360,119.8675817"
03,Datasets/UAV_VisLoc_dataset/03/drone/03_0025.JPG,32.3172393,119.8782120,"32.3513752,119.8399429;32.3513752,119.8378169;32.3064596,119.8378169;32.3531718,119.8378169","32.2938832,119.8250605;32.3154427,119.8952205"
03,Datasets/UAV_VisLoc_dataset/03/drone/03_0026.JPG,32.3172393,119.8760859,"32.3513752,119.8399429;32.3531718,119.8378169;32.3513752,119.8378169;32.3352056,119.8612035","32.3531718,119.8229345;32.3208326,119.8888423"
03,Datasets/UAV_VisLoc_dataset/03/drone/03_0027.JPG,32.3190360,119.8760859,"32.3513752,119.8399429;32.3531718,119.8378169;32.3513752,119.8378169;32.3064596,119.8378169","32.3298157,119.8123042;32.3513752,119.8080521"
03,Datasets/UAV_VisLoc_dataset/03/drone/03_0028.JPG,32.3190360,119.8739599,"32.3513752,119.8399429;32.3352056,119.8612035;32.3531718,119.8378169;32.3513752,119.8378169","32.3513752,119.8378169;32.3010697,119.8059260"
03,Datasets/UAV_VisLoc_dataset/03/drone/03_0029.JPG,32.3190360,119.8739599,"32.3352056,119.8612035;32.3513752,119.8399429;32.3064596,119.8378169;32.3513752,119.8378169","32.3100528,119.8548254;32.3549684,119.8271866"
03,Datasets/UAV_VisLoc_dataset/03/drone/03_0030.JPG,32.3190360,119.8739599,"32.3352056,119.8612035;32.3064596,119.8378169;32.3423920,119.8378169;32.3513752,119.8378169","32.3226292,119.8526993;32.3262224,119.8250605"
03,Datasets/UAV_VisLoc_dataset/03/drone/03_0031.JPG,32.3208326,119.8739599,"32.3352056,119.8612035;32.3423920,119.8378169;32.3064596,119.8378169;32.3370022,119.8612035","32.3531718,119.8505732;32.3531718,119.8952205"
03,Datasets/UAV_VisLoc_dataset/03/drone/03_0032.JPG,32.3208326,119.8718338,"32.3352056,119.8612035;32.3244258,119.8803381;32.3423920,119.8378169;32.3513752,119.8399429","32.3441887,119.8144302;32.3154427,119.8250605"
03,Datasets/UAV_VisLoc_dataset/03/drone/03_0033.JPG,32.3208326,119.8718338,"32.3352056,119.8612035;32.3513752,119.8399429;32.3244258,119.8803381;32.3423920,119.8378169","32.3208326,119.8335648;32.3298157,119.8335648"
03,Datasets/UAV_VisLoc_dataset/03/drone/03_0034.JPG,32.3226292,119.8697078,"32.3352056,119.8612035;32.3370022,119.8612035;32.3513752,119.8399429;32.3423920,119.8378169","32.3100528,119.8356908;32.3334089,119.8824641"
03,Datasets/UAV_VisLoc_dataset/03/drone/03_0035.JPG,32.3226292,119.8697078,"32.3352056,119.8612035;32.3513752,119.8399429;32.3370022,119.8612035;32.3423920,119.8378169","32.3549684,119.8399429;32.3010697,119.8824641"
03,Datasets/UAV_VisLoc_dataset/03/drone/03_0036.JPG,32.3226292,119.8697078,"32.3352056,119.8612035;32.3513752,119.8378169;32.3423920,119.8378169;32.3064596,119.8378169","32.3477819,119.8314387;32.3423920,119.8888423"
03,Datasets/UAV_VisLoc_dataset/03/drone/03_0037.JPG,32.3226292,119.8675817,"32.3513752,119.8378169;32.3352056,119.8612035;32.3064596,119.8378169;32.3423920,119.8378169","32.3280191,119.8867162;32.3298157,119.8314387"
03,Datasets/UAV_VisLoc_dataset/03/drone/03_0038.JPG,32.3244258,119.8675817,"32.3352056,119.8612035;32.3513752,119.8378169;32.3423920,119.8378169;32.3513752,119.8399429","32.3154427,119.8441951;32.3352056,119.8271866"
03,Datasets/UAV_VisLoc_dataset/03/drone/03_0039.JPG,32.3244258,119.8654556,"32.3352056,119.8612035;32.3423920,119.8378169;32.3513752,119.8378169;32.3513752,119.8399429","32.3172393,119.8271866;32.3423920,119.8973465"
03,Datasets/UAV_VisLoc_dataset/03/drone/03_0040.JPG,32.3244258,119.8654556,"32.3352056,119.8612035;32.3370022,119.8612035;32.3064596,119.8378169;32.3423920,119.8378169","32.3136461,119.8378169;32.3513752,119.8441951"
03,Datasets/UAV_VisLoc_dataset/03/drone/03_0041.JPG,32.3262224,119.8654556,"32.3352056,119.8612035;32.3370022,119.8612035;32.3064596,119.8378169;32.3423920,119.8378169","32.3387988,119.8526993;32.3513752,119.8633296"
03,Datasets/UAV_VisLoc_dataset/03/drone/03_0042.JPG,32.3262224,119.8633296,"32.3352056,119.8612035;32.3370022,119.8612035;32.3423920,119.8378169;32.3064596,119.8378169","32.3100528,119.8633296;32.3405954,119.8973465"
03,Datasets/UAV_VisLoc_dataset/03/drone/03_0043.JPG,32.3262224,119.8633296,"32.3352056,119.8612035;32.3370022,119.8612035;32.3423920,119.8378169;32.3405954,119.8930944","32.3172393,119.8888423;32.3531718,119.8930944"
03,Datasets/UAV_VisLoc_dataset/03/drone/03_0044.JPG,32.3262224,119.8612035,"32.3352056,119.8612035;32.3370022,119.8612035;32.3423920,119.8378169;32.2992731,119.8123042","32.3190360,119.8314387;32.3136461,119.8548254"
03,Datasets/UAV_VisLoc_dataset/03/drone/03_0045.JPG,32.3280191,119.8612035,"32.2992731,119.8123042;32.3352056,119.8612035;32.3495785,119.8399429;32.3370022,119.8612035","32.3334089,119.8867162;32.3118495,119.8378169"
03,Datasets/UAV_VisLoc_dataset/03/drone/03_0046.JPG,32.3280191,119.8612035,"32.3352056,119.8612035;32.2992731,119.8123042;32.3495785,119.8399429;32.3370022,119.8612035","32.3136461,119.8101781;32.3100528,119.8356908"
03,Datasets/UAV_VisLoc_dataset/03/drone/03_0047.JPG,32.3280191,119.8590775,"32.3423920,119.8378169;32.3352056,119.8612035;32.3316123,119.8612035;32.3316123,119.8590775","32.2938832,119.8505732;32.3118495,119.8208084"
03,Datasets/UAV_VisLoc_dataset/03/drone/03_0048.JPG,32.3298157,119.8590775,"32.3352056,119.8612035;32.3423920,119.8378169;32.3370022,119.8612035;32.3423920,119.8930944","32.2956799,119.8378169;32.3226292,119.8994726"
03,Datasets/UAV_VisLoc_dataset/03/drone/03_0049.JPG,32.3298157,119.8569514,"32.3423920,119.8378169;32.3352056,119.8612035;32.3423920,119.8399429;32.3370022,119.8612035","32.2992731,119.8867162;32.3208326,119.8697078"
03,Datasets/UAV_VisLoc_dataset/03/drone/03_0050.JPG,32.3298157,119.8569514,"32.3352056,119.8612035;32.3423920,119.8378169;32.3513752,119.8399429;32.3370022,119.8612035","32.3531718,119.8888423;32.3136461,119.8718338"
03,Datasets/UAV_VisLoc_dataset/03/drone/03_0051.JPG,32.3298157,119.8569514,"32.3352056,119.8612035;32.3513752,119.8399429;32.3370022,119.8612035;32.3531718,119.8378169","32.3028664,119.8590775;32.3423920,119.8293126"
03,Datasets/UAV_VisLoc_dataset/03/drone/03_0052.JPG,32.3316123,119.8569514,"32.3100528,119.8973465;32.3118495,119.8994726;32.3208326,119.8952205;32.3459853,119.8526993","32.3405954,119.8484472;32.3405954,119.8420690"
03,Datasets/UAV_VisLoc_dataset/03/drone/03_0053.JPG,32.3316123,119.8548254,"32.3118495,119.8994726;32.3100528,119.8973465;32.3100528,119.8952205;32.3208326,119.8952205","32.3064596,119.8144302;32.3226292,119.8612035"
03,Datasets/UAV_VisLoc_dataset/03/drone/03_0054.JPG,32.3316123,119.8548254,"32.3118495,119.8994726;32.3100528,119.8973465;32.3208326,119.8952205;32.3100528,119.8952205","32.3513752,119.8484472;32.3531718,119.8952205"
03,Datasets/UAV_VisLoc_dataset/03/drone/03_0055.JPG,32.3334089,119.8548254,"32.3100528,119.8973465;32.3118495,119.8994726;32.3208326,119.8952205;32.3298157,119.8548254","32.3280191,119.8314387;32.2956799,119.8697078"
03,Datasets/UAV_VisLoc_dataset/03/drone/03_0056.JPG,32.3334089,119.8526993,"32.3100528,119.8973465;32.3208326,119.8952205;32.3118495,119.8994726;32.3298157,119.8548254","32.3549684,119.8718338;32.2920866,119.8867162"
03,Datasets/UAV_VisLoc_dataset/03/drone/03_0057.JPG,32.3334089,119.8526993,"32.3100528,119.8973465;32.3118495,119.8994726;32.3208326,119.8952205;32.3298157,119.8548254","32.3459853,119.8633296;32.3531718,119.8101781"
03,Datasets/UAV_VisLoc_dataset/03/drone/03_0058.JPG,32.3334089,119.8505732,"32.3100528,119.8973465;32.3118495,119.8994726;32.3100528,119.8952205;32.3298157,119.8548254","32.2956799,119.8675817;32.3513752,119.8356908"
03,Datasets/UAV_VisLoc_dataset/03/drone/03_0059.JPG,32.3352056,119.8505732,"32.3100528,119.8952205;32.3334089,119.8548254;32.3316123,119.8548254;32.3118495,119.8994726","32.3549684,119.8293126;32.3262224,119.8420690"
03,Datasets/UAV_VisLoc_dataset/03/drone/03_0060.JPG,32.3352056,119.8505732,"32.3100528,119.8973465;32.3118495,119.8994726;32.3298157,119.8548254;32.3316123,119.8548254","32.3280191,119.8867162;32.2920866,119.8399429"
03,Datasets/UAV_VisLoc_dataset/03/drone/03_0061.JPG,32.3352056,119.8484472,"32.3334089,119.8548254;32.3352056,119.8612035;32.3423920,119.8378169;32.3352056,119.8590775","32.3334089,119.8654556;32.3495785,119.8952205"
03,Datasets/UAV_VisLoc_dataset/03/drone/03_0062.JPG,32.3370022,119.8484472,"32.3352056,119.8612035;32.3423920,119.8378169;32.3064596,119.8378169;32.3495785,119.8399429","32.2902900,119.8952205;32.2938832,119.8930944"
03,Datasets/UAV_VisLoc_dataset/03/drone/03_0063.JPG,32.3370022,119.8463211,"32.3334089,119.8569514;32.3244258,119.8633296;32.3316123,119.8569514;32.3352056,119.8612035","32.3387988,119.8250605;32.2992731,119.8356908"
03,Datasets/UAV_VisLoc_dataset/03/drone/03_0064.JPG,32.3370022,119.8463211,"32.2974765,119.8165563;32.3334089,119.8569514;32.3298157,119.8633296;32.3244258,119.8633296","32.3208326,119.8526993;32.3046630,119.8463211"
03,Datasets/UAV_VisLoc_dataset/03/drone/03_0065.JPG,32.3387988,119.8463211,"32.3334089,119.8569514;32.2974765,119.8165563;32.3262224,119.8420690;32.3298157,119.8633296","32.3172393,119.8952205;32.3190360,119.8441951"
03,Datasets/UAV_VisLoc_dataset/03/drone/03_0066.JPG,32.3387988,119.8441951,"32.3334089,119.8569514;32.2974765,119.8165563;32.3244258,119.8633296;32.3298157,119.8633296","32.3244258,119.8994726;32.3405954,119.8973465"
03,Datasets/UAV_VisLoc_dataset/03/drone/03_0067.JPG,32.3387988,119.8441951,"32.3244258,119.8633296;32.3334089,119.8569514;32.2974765,119.8165563;32.3244258,119.8612035","32.3100528,119.8675817;32.3477819,119.8803381"
03,Datasets/UAV_VisLoc_dataset/03/drone/03_0068.JPG,32.3387988,119.8420690,"32.3495785,119.8399429;32.3352056,119.8612035;32.2992731,119.8123042;32.3298157,119.8590775","32.3549684,119.8590775;32.3136461,119.8186824"
03,Datasets/UAV_VisLoc_dataset/03/drone/03_0069.JPG,32.3405954,119.8420690,"32.3352056,119.8612035;32.3370022,119.8612035;32.3423920,119.8378169;32.3064596,119.8378169","32.2938832,119.8101781;32.3244258,119.8930944"
03,Datasets/UAV_VisLoc_dataset/03/drone/03_0070.JPG,32.3405954,119.8420690,"32.3100528,119.8973465;32.3118495,119.8994726;32.3352056,119.8612035;32.3208326,119.8952205","32.2992731,119.8697078;32.3316123,119.8739599"
03,Datasets/UAV_VisLoc_dataset/03/drone/03_0071.JPG,32.3405954,119.8399429,"32.3100528,119.8973465;32.3208326,119.8952205;32.3118495,119.8994726;32.3298157,119.8548254","32.2992731,119.8314387;32.3387988,119.8994726"
03,Datasets/UAV_VisLoc_dataset/03/drone/03_0072.JPG,32.3423920,119.8399429,"32.3100528,119.8973465;32.3118495,119.8994726;32.3208326,119.8952205;32.3334089,119.8526993","32.3226292,119.8909684;32.3028664,119.8590775"
03,Datasets/UAV_VisLoc_dataset/03/drone/03_0073.JPG,32.3423920,119.8399429,"32.3334089,119.8548254;32.3100528,119.8973465;32.3118495,119.8994726;32.3459853,119.8590775","32.3531718,119.8782120;32.2938832,119.8718338"
03,Datasets/UAV_VisLoc_dataset/03/drone/03_0074.JPG,32.3423920,119.8378169,"32.3100528,119.8973465;32.3334089,119.8548254;32.3118495,119.8994726;32.3459853,119.8590775","32.3405954,119.8590775;32.3459853,119.8505732"
03,Datasets/UAV_VisLoc_dataset/03/drone/03_0075.JPG,32.3423920,119.8378169,"32.3100528,119.8973465;32.3118495,119.8994726;32.3334089,119.8548254;32.3298157,119.8548254","32.3010697,119.8633296;32.3513752,119.8590775"
03,Datasets/UAV_VisLoc_dataset/03/drone/03_0076.JPG,32.3441887,119.8378169,"32.3100528,119.8973465;32.3118495,119.8994726;32.3298157,119.8548254;32.3100528,119.8952205","32.3531718,119.8675817;32.3477819,119.8250605"
03,Datasets/UAV_VisLoc_dataset/03/drone/03_0077.JPG,32.3441887,119.8356908,"32.3100528,119.8973465;32.3459853,119.8526993;32.3208326,119.8952205;32.3118495,119.8994726","32.2974765,119.8186824;32.3136461,119.8250605"
03,Datasets/UAV_VisLoc_dataset/03/drone/03_0078.JPG,32.3441887,119.8356908,"32.3100528,119.8973465;32.3459853,119.8526993;32.3208326,119.8952205;32.3118495,119.8994726","32.3136461,119.8739599;32.3423920,119.8101781"
03,Datasets/UAV_VisLoc_dataset/03/drone/03_0079.JPG,32.3459853,119.8335648,"32.3100528,119.8973465;32.3208326,119.8952205;32.3118495,119.8994726;32.3298157,119.8548254","32.3190360,119.8973465;32.3046630,119.8633296"
03,Datasets/UAV_VisLoc_dataset/03/drone/03_0080.JPG,32.3459853,119.8335648,"32.3100528,119.8973465;32.3208326,119.8952205;32.3118495,119.8994726;32.3100528,119.8952205","32.3298157,119.8505732;32.3549684,119.8399429"
03,Datasets/UAV_VisLoc_dataset/03/drone/03_0081.JPG,32.3459853,119.8335648,"32.3100528,119.8952205;32.3118495,119.8994726;32.3100528,119.8973465;32.3208326,119.8952205","32.3495785,119.8484472;32.3280191,119.8420690"
03,Datasets/UAV_VisLoc_dataset/03/drone/03_0082.JPG,32.3459853,119.8314387,"32.3100528,119.8973465;32.3118495,119.8994726;32.3100528,119.8952205;32.3208326,119.8952205","32.3136461,119.8080521;32.3513752,119.8484472"
03,Datasets/UAV_VisLoc_dataset/03/drone/03_0083.JPG,32.3477819,119.8314387,"32.3100528,119.8973465;32.3118495,119.8994726;32.3100528,119.8952205;32.3208326,119.8952205","32.2974765,119.8569514;32.3154427,119.8718338"
03,Datasets/UAV_VisLoc_dataset/03/drone/03_0084.JPG,32.3477819,119.8293126,"32.3100528,119.8973465;32.3208326,119.8952205;32.3118495,119.8994726;32.3298157,119.8548254","32.3405954,119.8101781;32.3459853,119.8845902"
03,Datasets/UAV_VisLoc_dataset/03/drone/03_0085.JPG,32.3477819,119.8293126,"32.3100528,119.8973465;32.3208326,119.8952205;32.3118495,119.8994726;32.3100528,119.8952205","32.2938832,119.8463211;32.3423920,119.8845902"
03,Datasets/UAV_VisLoc_dataset/03/drone/03_0086.JPG,32.3495785,119.8293126,"32.3100528,119.8973465;32.3208326,119.8952205;32.3118495,119.8994726;32.3100528,119.8952205","32.3334089,119.8952205;32.3082562,119.8760859"
03,Datasets/UAV_VisLoc_dataset/03/drone/03_0087.JPG,32.3495785,119.8271866,"32.3100528,119.8973465;32.3118495,119.8994726;32.3100528,119.8952205;32.3208326,119.8952205","32.2938832,119.8378169;32.3459853,119.8526993"
03,Datasets/UAV_VisLoc_dataset/03/drone/03_0088.JPG,32.3495785,119.8271866,"32.3100528,119.8973465;32.3118495,119.8994726;32.3208326,119.8952205;32.3100528,119.8952205","32.3513752,119.8484472;32.3226292,119.8505732"
03,Datasets/UAV_VisLoc_dataset/03/drone/03_0089.JPG,32.3513752,119.8250605,"32.3100528,119.8973465;32.3118495,119.8994726;32.3208326,119.8952205;32.3100528,119.8952205","32.3190360,119.8484472;32.3172393,119.8420690"
03,Datasets/UAV_VisLoc_dataset/03/drone/03_0090.JPG,32.3513752,119.8250605,"32.3100528,119.8973465;32.3118495,119.8994726;32.3208326,119.8952205;32.3100528,119.8952205","32.3262224,119.8633296;32.2992731,119.8824641"
03,Datasets/UAV_VisLoc_dataset/03/drone/03_0091.JPG,32.3513752,119.8250605,"32.3100528,119.8973465;32.3118495,119.8994726;32.3208326,119.8952205;32.3298157,119.8548254","32.2974765,119.8101781;32.3316123,119.8867162"
03,Datasets/UAV_VisLoc_dataset/03/drone/03_0092.JPG,32.3513752,119.8250605,"32.3100528,119.8973465;32.3100528,119.8952205;32.3118495,119.8994726;32.3298157,119.8548254","32.3298157,119.8123042;32.3405954,119.8208084"
03,Datasets/UAV_VisLoc_dataset/03/drone/03_0093.JPG,32.3531718,119.8229345,"32.3459853,119.8526993;32.3298157,119.8548254;32.3316123,119.8548254;32.3100528,119.8973465","32.3262224,119.8803381;32.2920866,119.8463211"
03,Datasets/UAV_VisLoc_dataset/03/drone/03_0094.JPG,32.3531718,119.8229345,"32.3100528,119.8973465;32.3459853,119.8526993;32.3298157,119.8548254;32.3208326,119.8952205","32.3531718,119.8399429;32.3226292,119.8697078"
03,Datasets/UAV_VisLoc_dataset/03/drone/03_0095.JPG,32.3531718,119.8229345,"32.3100528,119.8973465;32.3459853,119.8526993;32.3298157,119.8548254;32.3208326,119.8952205","32.3190360,119.8080521;32.3028664,119.8697078"
03,Datasets/UAV_VisLoc_dataset/03/drone/03_0096.JPG,32.3549684,119.8208084,"32.3100528,119.8973465;32.3316123,119.8548254;32.3280191,119.8973465;32.3298157,119.8548254","32.3010697,119.8782120;32.3262224,119.8612035"
03,Datasets/UAV_VisLoc_dataset/03/drone/03_0097.JPG,32.3531718,119.8186824,"32.3100528,119.8973465;32.3459853,119.8526993;32.3208326,119.8952205;32.3298157,119.8548254","32.3010697,119.8654556;32.3118495,119.8314387"
03,Datasets/UAV_VisLoc_dataset/03/drone/03_0098.JPG,32.3513752,119.8208084,"32.3459853,119.8526993;32.3100528,119.8973465;32.3298157,119.8548254;32.3208326,119.8952205","32.3513752,119.8697078;32.3226292,119.8271866"
03,Datasets/UAV_VisLoc_dataset/03/drone/03_0099.JPG,32.3513752,119.8208084,"32.3459853,119.8526993;32.3100528,119.8973465;32.3298157,119.8548254;32.3208326,119.8952205","32.3154427,119.8463211;32.3046630,119.8059260"
03,Datasets/UAV_VisLoc_dataset/03/drone/03_0100.JPG,32.3513752,119.8229345,"32.3459853,119.8526993;32.3100528,119.8973465;32.3208326,119.8952205;32.3298157,119.8548254","32.3531718,119.8909684;32.3154427,119.8760859"
03,Datasets/UAV_VisLoc_dataset/03/drone/03_0101.JPG,32.3513752,119.8229345,"32.3100528,119.8973465;32.3298157,119.8548254;32.3118495,119.8994726;32.3208326,119.8952205","32.2938832,119.8867162;32.3262224,119.8697078"
03,Datasets/UAV_VisLoc_dataset/03/drone/03_0102.JPG,32.3495785,119.8229345,"32.3100528,119.8973465;32.3208326,119.8952205;32.3118495,119.8994726;32.3298157,119.8548254","32.3549684,119.8675817;32.3459853,119.8441951"
03,Datasets/UAV_VisLoc_dataset/03/drone/03_0103.JPG,32.3495785,119.8250605,"32.3100528,119.8973465;32.3208326,119.8952205;32.3118495,119.8994726;32.3100528,119.8952205","32.3118495,119.8739599;32.3298157,119.8441951"
03,Datasets/UAV_VisLoc_dataset/03/drone/03_0104.JPG,32.3495785,119.8250605,"32.3100528,119.8973465;32.3208326,119.8952205;32.3118495,119.8994726;32.3298157,119.8548254","32.3172393,119.8293126;32.2974765,119.8739599"
03,Datasets/UAV_VisLoc_dataset/03/drone/03_0105.JPG,32.3477819,119.8250605,"32.3100528,119.8973465;32.3208326,119.8952205;32.3118495,119.8994726;32.3298157,119.8548254","32.2920866,119.8293126;32.3028664,119.8250605"
03,Datasets/UAV_VisLoc_dataset/03/drone/03_0106.JPG,32.3477819,119.8250605,"32.3100528,119.8973465;32.3118495,119.8994726;32.3208326,119.8952205;32.3298157,119.8548254","32.3549684,119.8782120;32.3136461,119.8059260"
03,Datasets/UAV_VisLoc_dataset/03/drone/03_0107.JPG,32.3477819,119.8271866,"32.3100528,119.8973465;32.3208326,119.8952205;32.3118495,119.8994726;32.3298157,119.8548254","32.3316123,119.8335648;32.3531718,119.8441951"
03,Datasets/UAV_VisLoc_dataset/03/drone/03_0108.JPG,32.3459853,119.8271866,"32.3100528,119.8973465;32.3208326,119.8952205;32.3118495,119.8994726;32.3298157,119.8548254","32.3028664,119.8208084;32.3334089,119.8909684"
03,Datasets/UAV_VisLoc_dataset/03/drone/03_0109.JPG,32.3459853,119.8293126,"32.3100528,119.8973465;32.3459853,119.8526993;32.3298157,119.8548254;32.3208326,119.8952205","32.3082562,119.8654556;32.3226292,119.8441951"
03,Datasets/UAV_VisLoc_dataset/03/drone/03_0110.JPG,32.3459853,119.8293126,"32.3100528,119.8973465;32.3118495,119.8994726;32.3298157,119.8548254;32.3208326,119.8952205","32.2920866,119.8612035;32.3136461,119.8718338"
03,Datasets/UAV_VisLoc_dataset/03/drone/03_0111.JPG,32.3459853,119.8293126,"32.3100528,119.8973465;32.3100528,119.8952205;32.3118495,119.8994726;32.3208326,119.8952205","32.3513752,119.8633296;32.3370022,119.8909684"
03,Datasets/UAV_VisLoc_dataset/03/drone/03_0112.JPG,32.3441887,119.8314387,"32.3100528,119.8973465;32.3208326,119.8952205;32.3118495,119.8994726;32.3100528,119.8952205","32.2974765,119.8186824;32.3495785,119.8654556"
03,Datasets/UAV_VisLoc_dataset/03/drone/03_0113.JPG,32.3441887,119.8314387,"32.3100528,119.8973465;32.3208326,119.8952205;32.3118495,119.8994726;32.3100528,119.8952205","32.2938832,119.8165563;32.2902900,119.8208084"
03,Datasets/UAV_VisLoc_dataset/03/drone/03_0114.JPG,32.3441887,119.8335648,"32.3100528,119.8973465;32.3208326,119.8952205;32.3118495,119.8994726;32.3298157,119.8548254","32.3513752,119.8782120;32.2992731,119.8526993"
03,Datasets/UAV_VisLoc_dataset/03/drone/03_0115.JPG,32.3423920,119.8335648,"32.3100528,119.8973465;32.3208326,119.8952205;32.3118495,119.8994726;32.3459853,119.8548254","32.3226292,119.8845902;32.2938832,119.8463211"
03,Datasets/UAV_VisLoc_dataset/03/drone/03_0116.JPG,32.3423920,119.8335648,"32.3100528,119.8973465;32.3118495,119.8994726;32.3208326,119.8952205;32.3298157,119.8548254","32.3477819,119.8123042;32.3262224,119.8059260"
03,Datasets/UAV_VisLoc_dataset/03/drone/03_0117.JPG,32.3423920,119.8356908,"32.3100528,119.8973465;32.3118495,119.8994726;32.3208326,119.8952205;32.3100528,119.8952205","32.3405954,119.8760859;32.3154427,119.8059260"
03,Datasets/UAV_VisLoc_dataset/03/drone/03_0118.JPG,32.3423920,119.8356908,"32.3100528,119.8973465;32.3118495,119.8994726;32.3208326,119.8952205;32.3100528,119.8952205","32.2938832,119.8271866;32.3549684,119.8612035"
03,Datasets/UAV_VisLoc_dataset/03/drone/03_0119.JPG,32.3405954,119.8378169,"32.3100528,119.8973465;32.3118495,119.8994726;32.3208326,119.8952205;32.3280191,119.8973465","32.3082562,119.8208084;32.3531718,119.8888423"
03,Datasets/UAV_VisLoc_dataset/03/drone/03_0120.JPG,32.3405954,119.8378169,"32.3100528,119.8973465;32.3334089,119.8548254;32.3316123,119.8548254;32.3387988,119.8612035","32.3405954,119.8888423;32.3010697,119.8718338"
03,Datasets/UAV_VisLoc_dataset/03/drone/03_0121.JPG,32.3405954,119.8378169,"32.3531718,119.8505732;32.3298157,119.8612035;32.3495785,119.8399429;32.3334089,119.8548254","32.3082562,119.8123042;32.3010697,119.8994726"
03,Datasets/UAV_VisLoc_dataset/03/drone/03_0122.JPG,32.3387988,119.8399429,"32.3244258,119.8590775;32.3334089,119.8548254;32.3477819,119.8356908;32.3495785,119.8420690","32.3028664,119.8080521;32.2956799,119.8356908"
03,Datasets/UAV_VisLoc_dataset/03/drone/03_0123.JPG,32.3387988,119.8399429,"32.3477819,119.8356908;32.3477819,119.8378169;32.3244258,119.8590775;32.3495785,119.8420690","32.3477819,119.8271866;32.2974765,119.8526993"
03,Datasets/UAV_VisLoc_dataset/03/drone/03_0124.JPG,32.3387988,119.8399429,"32.3531718,119.8378169;32.3531718,119.8505732;32.3549684,119.8505732;32.3495785,119.8399429","32.3441887,119.8888423;32.3244258,119.8080521"
03,Datasets/UAV_VisLoc_dataset/03/drone/03_0125.JPG,32.3370022,119.8420690,"32.3531718,119.8378169;32.3513752,119.8399429;32.3495785,119.8399429;32.3352056,119.8612035","32.3549684,119.8165563;32.3280191,119.8824641"
03,Datasets/UAV_VisLoc_dataset/03/drone/03_0126.JPG,32.3370022,119.8420690,"32.3495785,119.8399429;32.3352056,119.8612035;32.2992731,119.8123042;32.3513752,119.8399429","32.3118495,119.8782120;32.3531718,119.8059260"
03,Datasets/UAV_VisLoc_dataset/03/drone/03_0127.JPG,32.3370022,119.8420690,"32.3334089,119.8569514;32.3495785,119.8399429;32.2956799,119.8144302;32.3352056,119.8612035","32.2974765,119.8505732;32.3513752,119.8314387"
03,Datasets/UAV_VisLoc_dataset/03/drone/03_0128.JPG,32.3370022,119.8441951,"32.3262224,119.8399429;32.3262224,119.8420690;32.3244258,119.8399429;32.3334089,119.8569514","32.3244258,119.8271866;32.3082562,119.8612035"
03,Datasets/UAV_VisLoc_dataset/03/drone/03_0129.JPG,32.3352056,119.8441951,"32.3262224,119.8399429;32.3262224,119.8420690;32.3244258,119.8399429;32.3244258,119.8420690","32.3244258,119.8165563;32.3531718,119.8803381"
03,Datasets/UAV_VisLoc_dataset/03/drone/03_0130.JPG,32.3352056,119.8463211,"32.3334089,119.8569514;32.3262224,119.8420690;32.3262224,119.8399429;32.3244258,119.8399429","32.3549684,119.8059260;32.3028664,119.8633296"
03,Datasets/UAV_VisLoc_dataset/03/drone/03_0131.JPG,32.3352056,119.8463211,"32.3334089,119.8569514;32.3495785,119.8420690;32.3495785,119.8399429;32.2956799,119.8144302","32.3405954,119.8590775;32.3352056,119.8909684"
03,Datasets/UAV_VisLoc_dataset/03/drone/03_0132.JPG,32.3334089,119.8463211,"32.3495785,119.8399429;32.3495785,119.8420690;32.3477819,119.8441951;32.3352056,119.8612035","32.3190360,119.8123042;32.3549684,119.8994726"
03,Datasets/UAV_VisLoc_dataset/03/drone/03_0133.JPG,32.3334089,119.8484472,"32.3495785,119.8399429;32.3352056,119.8612035;32.3495785,119.8420690;32.3423920,119.8378169","32.3064596,119.8867162;32.3136461,119.8633296"
03,Datasets/UAV_VisLoc_dataset/03/drone/03_0134.JPG,32.3334089,119.8484472,"32.3352056,119.8612035;32.3513752,119.8399429;32.3423920,119.8378169;32.3370022,119.8612035","32.3136461,119.8824641;32.3010697,119.8888423"
03,Datasets/UAV_VisLoc_dataset/03/drone/03_0135.JPG,32.3334089,119.8505732,"32.3513752,119.8399429;32.3531718,119.8378169;32.3352056,119.8612035;32.3370022,119.8612035","32.3387988,119.8059260;32.2956799,119.8208084"
03,Datasets/UAV_VisLoc_dataset/03/drone/03_0136.JPG,32.3316123,119.8505732,"32.3100528,119.8973465;32.3531718,119.8505732;32.3531718,119.8378169;32.3334089,119.8548254","32.3262224,119.8165563;32.3423920,119.8293126"
03,Datasets/UAV_VisLoc_dataset/03/drone/03_0137.JPG,32.3316123,119.8505732,"32.3100528,119.8973465;32.3118495,119.8994726;32.3208326,119.8952205;32.3298157,119.8548254","32.3172393,119.8739599;32.3010697,119.8845902"
03,Datasets/UAV_VisLoc_dataset/03/drone/03_0138.JPG,32.3316123,119.8526993,"32.3100528,119.8973465;32.3118495,119.8994726;32.3208326,119.8952205;32.3298157,119.8548254","32.3298157,119.8208084;32.3459853,119.8208084"
03,Datasets/UAV_VisLoc_dataset/03/drone/03_0139.JPG,32.3298157,119.8526993,"32.3100528,119.8973465;32.3118495,119.8994726;32.3208326,119.8952205;32.3100528,119.8952205","32.3100528,119.8144302;32.2920866,119.8271866"
03,Datasets/UAV_VisLoc_dataset/03/drone/03_0140.JPG,32.3298157,119.8548254,"32.3100528,119.8973465;32.3118495,119.8994726;32.3208326,119.8952205;32.3100528,119.8952205","32.3028664,119.8293126;32.3477819,119.8101781"
03,Datasets/UAV_VisLoc_dataset/03/drone/03_0141.JPG,32.3298157,119.8548254,"32.3100528,119.8973465;32.3118495,119.8994726;32.3208326,119.8952205;32.3280191,119.8973465","32.3441887,119.8612035;32.3549684,119.8165563"
03,Datasets/UAV_VisLoc_dataset/03/drone/03_0142.JPG,32.3298157,119.8548254,"32.3298157,119.8590775;32.3316123,119.8612035;32.3405954,119.8590775;32.3334089,119.8548254","32.3136461,119.8526993;32.3226292,119.8293126"
03,Datasets/UAV_VisLoc_dataset/03/drone/03_0143.JPG,32.3280191,119.8569514,"32.3082562,119.8378169;32.3298157,119.8590775;32.3423920,119.8675817;32.3100528,119.8378169","32.3513752,119.8739599;32.3477819,119.8484472"
03,Datasets/UAV_VisLoc_dataset/03/drone/03_0144.JPG,32.3280191,119.8569514,"32.3423920,119.8675817;32.3082562,119.8378169;32.3423920,119.8378169;32.3495785,119.8399429","32.2920866,119.8463211;32.3046630,119.8378169"
03,Datasets/UAV_VisLoc_dataset/03/drone/03_0145.JPG,32.3280191,119.8569514,"32.3423920,119.8378169;32.2992731,119.8123042;32.3495785,119.8399429;32.3352056,119.8612035","32.3118495,119.8548254;32.2920866,119.8739599"
03,Datasets/UAV_VisLoc_dataset/03/drone/03_0146.JPG,32.3262224,119.8569514,"32.2992731,119.8123042;32.3423920,119.8378169;32.3298157,119.8590775;32.3082562,119.8378169","32.2938832,119.8271866;32.3513752,119.8633296"
03,Datasets/UAV_VisLoc_dataset/03/drone/03_0147.JPG,32.3262224,119.8590775,"32.3352056,119.8612035;32.3298157,119.8590775;32.3423920,119.8378169;32.2992731,119.8123042","32.3010697,119.8888423;32.2992731,119.8271866"
03,Datasets/UAV_VisLoc_dataset/03/drone/03_0148.JPG,32.3262224,119.8590775,"32.3352056,119.8612035;32.3370022,119.8612035;32.3298157,119.8590775;32.3423920,119.8930944","32.3495785,119.8930944;32.3118495,119.8845902"
03,Datasets/UAV_VisLoc_dataset/03/drone/03_0149.JPG,32.3262224,119.8612035,"32.3298157,119.8590775;32.2992731,119.8123042;32.3352056,119.8612035;32.3316123,119.8612035","32.3244258,119.8803381;32.3352056,119.8059260"
03,Datasets/UAV_VisLoc_dataset/03/drone/03_0150.JPG,32.3244258,119.8612035,"32.3352056,119.8612035;32.3046630,119.8101781;32.3495785,119.8399429;32.2974765,119.8144302","32.3423920,119.8824641;32.3028664,119.8165563"
03,Datasets/UAV_VisLoc_dataset/03/drone/03_0151.JPG,32.3244258,119.8612035,"32.3352056,119.8612035;32.3513752,119.8378169;32.3513752,119.8399429;32.3531718,119.8378169","32.3423920,119.8952205;32.3477819,119.8208084"
03,Datasets/UAV_VisLoc_dataset/03/drone/03_0152.JPG,32.3244258,119.8633296,"32.3352056,119.8612035;32.3423920,119.8378169;32.3370022,119.8612035;32.3513752,119.8399429","32.3334089,119.8718338;32.3477819,119.8250605"
03,Datasets/UAV_VisLoc_dataset/03/drone/03_0153.JPG,32.3226292,119.8633296,"32.3352056,119.8612035;32.3423920,119.8378169;32.3370022,119.8612035;32.3064596,119.8378169","32.2974765,119.8526993;32.3531718,119.8208084"
03,Datasets/UAV_VisLoc_dataset/03/drone/03_0154.JPG,32.3226292,119.8654556,"32.3352056,119.8612035;32.3370022,119.8612035;32.3423920,119.8378169;32.3064596,119.8378169","32.2956799,119.8229345;32.2956799,119.8952205"
03,Datasets/UAV_VisLoc_dataset/03/drone/03_0155.JPG,32.3226292,119.8654556,"32.3352056,119.8612035;32.3370022,119.8612035;32.3423920,119.8378169;32.3064596,119.8378169","32.3154427,119.8463211;32.3028664,119.8973465"
03,Datasets/UAV_VisLoc_dataset/03/drone/03_0156.JPG,32.3226292,119.8654556,"32.3352056,119.8612035;32.3370022,119.8612035;32.3423920,119.8378169;32.3064596,119.8378169","32.3316123,119.8654556;32.3531718,119.8123042"
03,Datasets/UAV_VisLoc_dataset/03/drone/03_0157.JPG,32.3208326,119.8675817,"32.3352056,119.8612035;32.3370022,119.8612035;32.3423920,119.8378169;32.3064596,119.8378169","32.3136461,119.8356908;32.3100528,119.8505732"
03,Datasets/UAV_VisLoc_dataset/03/drone/03_0158.JPG,32.3208326,119.8675817,"32.3352056,119.8612035;32.3370022,119.8612035;32.3064596,119.8378169;32.3423920,119.8378169","32.3262224,119.8505732;32.2974765,119.8399429"
03,Datasets/UAV_VisLoc_dataset/03/drone/03_0159.JPG,32.3208326,119.8697078,"32.3352056,119.8612035;32.3370022,119.8612035;32.3423920,119.8378169;32.3064596,119.8378169","32.3316123,119.8526993;32.3010697,119.8463211"
03,Datasets/UAV_VisLoc_dataset/03/drone/03_0160.JPG,32.3190360,119.8697078,"32.3352056,119.8612035;32.3513752,119.8378169;32.3513752,119.8399429;32.3423920,119.8378169","32.3334089,119.8782120;32.3010697,119.8569514"
03,Datasets/UAV_VisLoc_dataset/03/drone/03_0161.JPG,32.3190360,119.8697078,"32.3352056,119.8612035;32.3513752,119.8378169;32.3423920,119.8378169;32.3513752,119.8399429","32.2992731,119.8739599;32.3352056,119.8484472"
03,Datasets/UAV_VisLoc_dataset/03/drone/03_0162.JPG,32.3190360,119.8718338,"32.3352056,119.8612035;32.3064596,119.8378169;32.3370022,119.8612035;32.3423920,119.8378169","32.3441887,119.8250605;32.3046630,119.8101781"
03,Datasets/UAV_VisLoc_dataset/03/drone/03_0163.JPG,32.3172393,119.8718338,"32.3352056,119.8612035;32.3064596,119.8378169;32.3513752,119.8378169;32.3423920,119.8378169","32.3495785,119.8590775;32.3387988,119.8229345"
03,Datasets/UAV_VisLoc_dataset/03/drone/03_0164.JPG,32.3172393,119.8739599,"32.3352056,119.8612035;32.3513752,119.8378169;32.3423920,119.8378169;32.3513752,119.8399429","32.3370022,119.8952205;32.3513752,119.8782120"
03,Datasets/UAV_VisLoc_dataset/03/drone/03_0165.JPG,32.3172393,119.8739599,"32.3513752,119.8378169;32.3352056,119.8612035;32.3423920,119.8378169;32.3064596,119.8378169","32.3441887,119.8739599;32.3010697,119.8654556"
03,Datasets/UAV_VisLoc_dataset/03/drone/03_0166.JPG,32.3172393,119.8739599,"32.3423920,119.8378169;32.3513752,119.8378169;32.3064596,119.8378169;32.3352056,119.8612035","32.3298157,119.8505732;32.3244258,119.8208084"
03,Datasets/UAV_VisLoc_dataset/03/drone/03_0167.JPG,32.3154427,119.8739599,"32.3064596,119.8378169;32.3423920,119.8378169;32.3352056,119.8612035;32.3459853,119.8909684","32.3262224,119.8101781;32.2920866,119.8144302"
03,Datasets/UAV_VisLoc_dataset/03/drone/03_0168.JPG,32.3154427,119.8760859,"32.3064596,119.8378169;32.3423920,119.8378169;32.3459853,119.8909684;32.3513752,119.8803381","32.3190360,119.8548254;32.3513752,119.8760859"
03,Datasets/UAV_VisLoc_dataset/03/drone/03_0169.JPG,32.3154427,119.8760859,"32.3423920,119.8378169;32.3064596,119.8378169;32.3352056,119.8612035;32.3513752,119.8399429","32.2956799,119.8505732;32.3549684,119.8803381"
03,Datasets/UAV_VisLoc_dataset/03/drone/03_0170.JPG,32.3136461,119.8782120,"32.3423920,119.8378169;32.3352056,119.8612035;32.3064596,119.8378169;32.3513752,119.8399429","32.3244258,119.8824641;32.3226292,119.8526993"
03,Datasets/UAV_VisLoc_dataset/03/drone/03_0171.JPG,32.3136461,119.8782120,"32.3352056,119.8612035;32.3513752,119.8399429;32.3370022,119.8612035;32.2974765,119.8123042","32.3549684,119.8101781;32.3190360,119.8208084"
03,Datasets/UAV_VisLoc_dataset/03/drone/03_0172.JPG,32.3136461,119.8782120,"32.3352056,119.8612035;32.3513752,119.8399429;32.2974765,119.8123042;32.3531718,119.8378169","32.3298157,119.8675817;32.3387988,119.8633296"
03,Datasets/UAV_VisLoc_dataset/03/drone/03_0173.JPG,32.3136461,119.8803381,"32.3513752,119.8399429;32.3531718,119.8378169;32.3352056,119.8612035;32.3244258,119.8803381","32.3046630,119.8080521;32.3387988,119.8165563"
03,Datasets/UAV_VisLoc_dataset/03/drone/03_0174.JPG,32.3118495,119.8803381,"32.3513752,119.8399429;32.3352056,119.8612035;32.3531718,119.8378169;32.3370022,119.8612035","32.3316123,119.8335648;32.2920866,119.8803381"
03,Datasets/UAV_VisLoc_dataset/03/drone/03_0175.JPG,32.3118495,119.8824641,"32.3352056,119.8612035;32.3370022,119.8612035;32.3513752,119.8399429;32.3244258,119.8803381","32.2902900,119.8633296;32.3549684,119.8356908"
03,Datasets/UAV_VisLoc_dataset/03/drone/03_0176.JPG,32.3118495,119.8824641,"32.3352056,119.8612035;32.3370022,119.8612035;32.3244258,119.8803381;32.3513752,119.8399429","32.3495785,119.8399429;32.3244258,119.8208084"
03,Datasets/UAV_VisLoc_dataset/03/drone/03_0177.JPG,32.3100528,119.8824641,"32.3352056,119.8612035;32.3513752,119.8399429;32.3244258,119.8803381;32.3370022,119.8612035","32.3387988,119.8080521;32.3226292,119.8548254"
03,Datasets/UAV_VisLoc_dataset/03/drone/03_0178.JPG,32.3100528,119.8845902,"32.3513752,119.8399429;32.3352056,119.8612035;32.3244258,119.8803381;32.3370022,119.8612035","32.3423920,119.8973465;32.3441887,119.8739599"
03,Datasets/UAV_VisLoc_dataset/03/drone/03_0179.JPG,32.3100528,119.8845902,"32.3352056,119.8612035;32.3064596,119.8378169;32.3513752,119.8399429;32.3423920,119.8378169","32.3334089,119.8590775;32.3405954,119.8144302"
03,Datasets/UAV_VisLoc_dataset/03/drone/03_0180.JPG,32.3100528,119.8867162,"32.3513752,119.8399429;32.3064596,119.8378169;32.3352056,119.8612035;32.3423920,119.8378169","32.3190360,119.8867162;32.3495785,119.8590775"
03,Datasets/UAV_VisLoc_dataset/03/drone/03_0181.JPG,32.3082562,119.8867162,"32.2992731,119.8123042;32.3495785,119.8399429;32.3082562,119.8378169;32.3064596,119.8378169","32.3334089,119.8271866;32.3010697,119.8803381"
03,Datasets/UAV_VisLoc_dataset/03/drone/03_0182.JPG,32.3082562,119.8867162,"32.2992731,119.8123042;32.3082562,119.8378169;32.3495785,119.8420690;32.3495785,119.8399429","32.3316123,119.8994726;32.3405954,119.8888423"
03,Datasets/UAV_VisLoc_dataset/03/drone/03_0183.JPG,32.3082562,119.8888423,"32.3495785,119.8420690;32.2992731,119.8123042;32.3495785,119.8399429;32.3477819,119.8441951","32.3136461,119.8739599;32.3208326,119.8144302"
03,Datasets/UAV_VisLoc_dataset/03/drone/03_0184.JPG,32.3064596,119.8888423,"32.2992731,119.8123042;32.3495785,119.8420690;32.3495785,119.8399429;32.3352056,119.8612035","32.3423920,119.8208084;32.3352056,119.8463211"
03,Datasets/UAV_VisLoc_dataset/03/drone/03_0185.JPG,32.3064596,119.8909684,"32.2992731,119.8123042;32.3208326,119.8399429;32.3495785,119.8399429;32.3352056,119.8612035","32.3370022,119.8612035;32.3531718,119.8612035"
03,Datasets/UAV_VisLoc_dataset/03/drone/03_0186.JPG,32.3064596,119.8909684,"32.3352056,119.8612035;32.2992731,119.8123042;32.3370022,119.8612035;32.3495785,119.8399429","32.3298157,119.8867162;32.3190360,119.8760859"
03,Datasets/UAV_VisLoc_dataset/03/drone/03_0187.JPG,32.3064596,119.8909684,"32.3405954,119.8612035;32.3316123,119.8612035;32.3387988,119.8612035;32.3298157,119.8612035","32.3441887,119.8399429;32.3154427,119.8782120"
03,Datasets/UAV_VisLoc_dataset/03/drone/03_0188.JPG,32.3046630,119.8909684,"32.3387988,119.8612035;32.3405954,119.8612035;32.3370022,119.8612035;32.3370022,119.8654556","32.3387988,119.8718338;32.2920866,119.8633296"
03,Datasets/UAV_VisLoc_dataset/03/drone/03_0189.JPG,32.3046630,119.8930944,"32.3387988,119.8612035;32.3405954,119.8612035;32.3370022,119.8612035;32.3370022,119.8654556","32.3262224,119.8463211;32.3208326,119.8845902"
03,Datasets/UAV_VisLoc_dataset/03/drone/03_0190.JPG,32.3046630,119.8930944,"32.3387988,119.8612035;32.3370022,119.8612035;32.3405954,119.8612035;32.3352056,119.8612035","32.3387988,119.8973465;32.3298157,119.8739599"
03,Datasets/UAV_VisLoc_dataset/03/drone/03_0191.JPG,32.3028664,119.8930944,"32.3244258,119.8803381;32.3370022,119.8612035;32.3370022,119.8654556;32.3387988,119.8612035","32.3172393,119.8271866;32.2974765,119.8760859"
03,Datasets/UAV_VisLoc_dataset/03/drone/03_0192.JPG,32.3028664,119.8952205,"32.3495785,119.8399429;32.3495785,119.8420690;32.3352056,119.8612035;32.3010697,119.8441951","32.3316123,119.8739599;32.3154427,119.8739599"
03,Datasets/UAV_VisLoc_dataset/03/drone/03_0193.JPG,32.3010697,119.8930944,"32.3352056,119.8612035;32.3370022,119.8612035;32.3495785,119.8399429;32.3387988,119.8612035","32.3405954,119.8059260;32.3064596,119.8186824"
03,Datasets/UAV_VisLoc_dataset/03/drone/03_0194.JPG,32.3010697,119.8930944,"32.3387988,119.8612035;32.3370022,119.8633296;32.3370022,119.8654556;32.3352056,119.8612035","32.3387988,119.8548254;32.3100528,119.8229345"
03,Datasets/UAV_VisLoc_dataset/03/drone/03_0195.JPG,32.3028664,119.8909684,"32.3387988,119.8612035;32.3370022,119.8654556;32.3405954,119.8612035;32.3352056,119.8654556","32.2974765,119.8165563;32.2956799,119.8633296"
03,Datasets/UAV_VisLoc_dataset/03/drone/03_0196.JPG,32.3028664,119.8909684,"32.3387988,119.8612035;32.3370022,119.8654556;32.3405954,119.8612035;32.3370022,119.8612035","32.3010697,119.8080521;32.3423920,119.8994726"
03,Datasets/UAV_VisLoc_dataset/03/drone/03_0197.JPG,32.3028664,119.8909684,"32.3387988,119.8612035;32.3405954,119.8612035;32.3370022,119.8612035;32.3370022,119.8654556","32.3172393,119.8654556;32.3028664,119.8654556"
03,Datasets/UAV_VisLoc_dataset/03/drone/03_0198.JPG,32.3046630,119.8909684,"32.3387988,119.8612035;32.3405954,119.8612035;32.3370022,119.8612035;32.3405954,119.8930944","32.3262224,119.8463211;32.3136461,119.8356908"
03,Datasets/UAV_VisLoc_dataset/03/drone/03_0199.JPG,32.3046630,119.8888423,"32.3387988,119.8612035;32.3370022,119.8612035;32.3316123,119.8612035;32.3405954,119.8612035","32.3477819,119.8867162;32.3387988,119.8420690"
03,Datasets/UAV_VisLoc_dataset/03/drone/03_0200.JPG,32.3046630,119.8888423,"32.3298157,119.8590775;32.3316123,119.8612035;32.3495785,119.8399429;32.2992731,119.8123042","32.3010697,119.8314387;32.3370022,119.8739599"
03,Datasets/UAV_VisLoc_dataset/03/drone/03_0201.JPG,32.3046630,119.8867162,"32.2992731,119.8123042;32.2974765,119.8123042;32.3495785,119.8399429;32.3495785,119.8420690","32.3405954,119.8271866;32.3010697,119.8463211"
03,Datasets/UAV_VisLoc_dataset/03/drone/03_0202.JPG,32.3064596,119.8867162,"32.2992731,119.8123042;32.2974765,119.8123042;32.3477819,119.8441951;32.3495785,119.8420690","32.3423920,119.8526993;32.3226292,119.8633296"
03,Datasets/UAV_VisLoc_dataset/03/drone/03_0203.JPG,32.3064596,119.8867162,"32.2992731,119.8123042;32.2974765,119.8123042;32.2974765,119.8101781;32.3495785,119.8420690","32.3172393,119.8463211;32.2992731,119.8250605"
03,Datasets/UAV_VisLoc_dataset/03/drone/03_0204.JPG,32.3064596,119.8845902,"32.3352056,119.8612035;32.3370022,119.8612035;32.3423920,119.8378169;32.2992731,119.8123042","32.3118495,119.8250605;32.3064596,119.8463211"
03,Datasets/UAV_VisLoc_dataset/03/drone/03_0205.JPG,32.3082562,119.8845902,"32.3352056,119.8612035;32.3370022,119.8612035;32.3423920,119.8378169;32.3405954,119.8930944","32.2974765,119.8505732;32.3370022,119.8718338"
03,Datasets/UAV_VisLoc_dataset/03/drone/03_0206.JPG,32.3082562,119.8824641,"32.3352056,119.8612035;32.3513752,119.8399429;32.3370022,119.8612035;32.3423920,119.8378169","32.3370022,119.8612035;32.3441887,119.8973465"
03,Datasets/UAV_VisLoc_dataset/03/drone/03_0207.JPG,32.3082562,119.8824641,"32.3352056,119.8612035;32.3513752,119.8399429;32.3531718,119.8378169;32.3370022,119.8612035","32.3190360,119.8654556;32.2938832,119.8484472"
03,Datasets/UAV_VisLoc_dataset/03/drone/03_0208.JPG,32.3082562,119.8824641,"32.3352056,119.8612035;32.3423920,119.8378169;32.3513752,119.8399429;32.3064596,119.8378169","32.3046630,119.8930944;32.3423920,119.8356908"
03,Datasets/UAV_VisLoc_dataset/03/drone/03_0209.JPG,32.3100528,119.8803381,"32.3513752,119.8399429;32.3423920,119.8378169;32.3352056,119.8612035;32.3531718,119.8378169","32.3405954,119.8144302;32.2956799,119.8845902"
03,Datasets/UAV_VisLoc_dataset/03/drone/03_0210.JPG,32.3100528,119.8803381,"32.3423920,119.8378169;32.3352056,119.8612035;32.3064596,119.8378169;32.3370022,119.8612035","32.3208326,119.8548254;32.3028664,119.8314387"
03,Datasets/UAV_VisLoc_dataset/03/drone/03_0211.JPG,32.3100528,119.8782120,"32.3352056,119.8612035;32.3423920,119.8378169;32.3513752,119.8399429;32.3244258,119.8803381","32.3082562,119.8271866;32.3441887,119.8675817"
03,Datasets/UAV_VisLoc_dataset/03/drone/03_0212.JPG,32.3118495,119.8782120,"32.3352056,119.8612035;32.3423920,119.8378169;32.3513752,119.8399429;32.3370022,119.8612035","32.3154427,119.8059260;32.3136461,119.8080521"
03,Datasets/UAV_VisLoc_dataset/03/drone/03_0213.JPG,32.3118495,119.8782120,"32.3513752,119.8399429;32.3513752,119.8378169;32.3531718,119.8378169;32.3352056,119.8612035","32.3046630,119.8250605;32.3010697,119.8250605"
03,Datasets/UAV_VisLoc_dataset/03/drone/03_0214.JPG,32.3118495,119.8760859,"32.3513752,119.8399429;32.3531718,119.8378169;32.3513752,119.8378169;32.3423920,119.8378169","32.3136461,119.8101781;32.3172393,119.8250605"
03,Datasets/UAV_VisLoc_dataset/03/drone/03_0215.JPG,32.3118495,119.8760859,"32.3513752,119.8378169;32.3513752,119.8399429;32.3531718,119.8378169;32.3423920,119.8378169","32.3046630,119.8505732;32.3495785,119.8845902"
03,Datasets/UAV_VisLoc_dataset/03/drone/03_0216.JPG,32.3136461,119.8739599,"32.3423920,119.8378169;32.3352056,119.8612035;32.3064596,119.8378169;32.3513752,119.8378169","32.3100528,119.8484472;32.3010697,119.8186824"
03,Datasets/UAV_VisLoc_dataset/03/drone/03_0217.JPG,32.3136461,119.8739599,"32.3423920,119.8378169;32.3064596,119.8378169;32.3459853,119.8909684;32.3513752,119.8378169","32.3136461,119.8867162;32.3064596,119.8633296"
03,Datasets/UAV_VisLoc_dataset/03/drone/03_0218.JPG,32.3136461,119.8739599,"32.3423920,119.8378169;32.3513752,119.8378169;32.3064596,119.8378169;32.3459853,119.8909684","32.2902900,119.8526993;32.3190360,119.8973465"
03,Datasets/UAV_VisLoc_dataset/03/drone/03_0219.JPG,32.3154427,119.8739599,"32.3423920,119.8378169;32.3513752,119.8378169;32.3064596,119.8378169;32.3513752,119.8356908","32.3477819,119.8123042;32.3082562,119.8909684"
03,Datasets/UAV_VisLoc_dataset/03/drone/03_0220.JPG,32.3154427,119.8718338,"32.3423920,119.8378169;32.3513752,119.8378169;32.3064596,119.8378169;32.3352056,119.8612035","32.3495785,119.8505732;32.3046630,119.8378169"
03,Datasets/UAV_VisLoc_dataset/03/drone/03_0221.JPG,32.3154427,119.8718338,"32.3352056,119.8612035;32.3423920,119.8378169;32.3513752,119.8378169;32.3064596,119.8378169","32.3405954,119.8654556;32.2938832,119.8123042"
03,Datasets/UAV_VisLoc_dataset/03/drone/03_0222.JPG,32.3154427,119.8718338,"32.3352056,119.8612035;32.3423920,119.8378169;32.3064596,119.8378169;32.3513752,119.8378169","32.3136461,119.8314387;32.3244258,119.8250605"
03,Datasets/UAV_VisLoc_dataset/03/drone/03_0223.JPG,32.3172393,119.8697078,"32.3513752,119.8378169;32.3513752,119.8399429;32.3352056,119.8612035;32.3531718,119.8378169","32.3334089,119.8420690;32.2902900,119.8845902"
03,Datasets/UAV_VisLoc_dataset/03/drone/03_0224.JPG,32.3172393,119.8697078,"32.3513752,119.8378169;32.3513752,119.8399429;32.3352056,119.8612035;32.3531718,119.8378169","32.3549684,119.8973465;32.3316123,119.8739599"
03,Datasets/UAV_VisLoc_dataset/03/drone/03_0225.JPG,32.3172393,119.8675817,"32.3513752,119.8378169;32.3352056,119.8612035;32.3513752,119.8399429;32.3423920,119.8378169","32.3316123,119.8399429;32.3190360,119.8484472"
03,Datasets/UAV_VisLoc_dataset/03/drone/03_0226.JPG,32.3190360,119.8675817,"32.3513752,119.8399429;32.3513752,119.8378169;32.3352056,119.8612035;32.3423920,119.8378169","32.3459853,119.8123042;32.3495785,119.8803381"
03,Datasets/UAV_VisLoc_dataset/03/drone/03_0227.JPG,32.3190360,119.8675817,"32.3352056,119.8612035;32.3423920,119.8378169;32.3513752,119.8399429;32.3370022,119.8612035","32.3118495,119.8845902;32.3423920,119.8654556"
03,Datasets/UAV_VisLoc_dataset/03/drone/03_0228.JPG,32.3190360,119.8654556,"32.3352056,119.8612035;32.3370022,119.8612035;32.3423920,119.8378169;32.3064596,119.8378169","32.3405954,119.8548254;32.2938832,119.8867162"
03,Datasets/UAV_VisLoc_dataset/03/drone/03_0229.JPG,32.3208326,119.8654556,"32.3352056,119.8612035;32.3370022,119.8612035;32.3423920,119.8378169;32.3244258,119.8803381","32.3298157,119.8250605;32.2902900,119.8590775"
03,Datasets/UAV_VisLoc_dataset/03/drone/03_0230.JPG,32.3208326,119.8633296,"32.3423920,119.8378169;32.3352056,119.8612035;32.3370022,119.8612035;32.3513752,119.8399429","32.3226292,119.8463211;32.3208326,119.8335648"
03,Datasets/UAV_VisLoc_dataset/03/drone/03_0231.JPG,32.3208326,119.8633296,"32.3423920,119.8378169;32.3352056,119.8612035;32.3370022,119.8612035;32.3423920,119.8399429","32.3154427,119.8526993;32.3190360,119.8463211"
03,Datasets/UAV_VisLoc_dataset/03/drone/03_0232.JPG,32.3208326,119.8633296,"32.3423920,119.8378169;32.3513752,119.8399429;32.3352056,119.8612035;32.3513752,119.8378169","32.3405954,119.8675817;32.3262224,119.8973465"
03,Datasets/UAV_VisLoc_dataset/03/drone/03_0233.JPG,32.3226292,119.8612035,"32.3513752,119.8378169;32.3423920,119.8378169;32.3513752,119.8399429;32.3531718,119.8378169","32.3549684,119.8654556;32.3459853,119.8271866"
03,Datasets/UAV_VisLoc_dataset/03/drone/03_0234.JPG,32.3226292,119.8612035,"32.3513752,119.8378169;32.3513752,119.8399429;32.3423920,119.8378169;32.3531718,119.8378169","32.3028664,119.8973465;32.3370022,119.8845902"
03,Datasets/UAV_VisLoc_dataset/03/drone/03_0235.JPG,32.3226292,119.8590775,"32.3513752,119.8399429;32.3423920,119.8378169;32.3352056,119.8612035;32.3531718,119.8378169","32.3423920,119.8718338;32.2938832,119.8441951"
03,Datasets/UAV_VisLoc_dataset/03/drone/03_0236.JPG,32.3244258,119.8590775,"32.3352056,119.8612035;32.3370022,119.8612035;32.3405954,119.8612035;32.3387988,119.8612035","32.3405954,119.8909684;32.3549684,119.8824641"
03,Datasets/UAV_VisLoc_dataset/03/drone/03_0237.JPG,32.3244258,119.8590775,"32.3370022,119.8612035;32.3352056,119.8612035;32.3423920,119.8378169;32.3405954,119.8930944","32.3477819,119.8526993;32.2974765,119.8229345"
03,Datasets/UAV_VisLoc_dataset/03/drone/03_0238.JPG,32.3244258,119.8569514,"32.3423920,119.8378169;32.3352056,119.8612035;32.3370022,119.8612035;32.3405954,119.8930944","32.3100528,119.8123042;32.2992731,119.8654556"
03,Datasets/UAV_VisLoc_dataset/03/drone/03_0239.JPG,32.3244258,119.8569514,"32.3423920,119.8378169;32.3352056,119.8612035;32.3423920,119.8399429;32.3370022,119.8612035","32.3405954,119.8186824;32.3154427,119.8186824"
03,Datasets/UAV_VisLoc_dataset/03/drone/03_0240.JPG,32.3262224,119.8569514,"32.3082562,119.8378169;32.3423920,119.8675817;32.3298157,119.8590775;32.3100528,119.8378169","32.3441887,119.8739599;32.3298157,119.8824641"
03,Datasets/UAV_VisLoc_dataset/03/drone/03_0241.JPG,32.3262224,119.8548254,"32.3082562,119.8378169;32.3100528,119.8378169;32.3423920,119.8675817;32.3100528,119.8399429","32.3172393,119.8293126;32.3513752,119.8824641"
03,Datasets/UAV_VisLoc_dataset/03/drone/03_0242.JPG,32.3262224,119.8548254,"32.3082562,119.8378169;32.3100528,119.8378169;32.3423920,119.8675817;32.3100528,119.8399429","32.3549684,119.8803381;32.3262224,119.8335648"
03,Datasets/UAV_VisLoc_dataset/03/drone/03_0243.JPG,32.3280191,119.8548254,"32.3082562,119.8378169;32.3423920,119.8675817;32.3298157,119.8590775;32.2992731,119.8123042","32.3028664,119.8612035;32.3082562,119.8463211"
03,Datasets/UAV_VisLoc_dataset/03/drone/03_0244.JPG,32.3280191,119.8526993,"32.3423920,119.8378169;32.3423920,119.8590775;32.3298157,119.8590775;32.3387988,119.8612035","32.3028664,119.8888423;32.3010697,119.8888423"
03,Datasets/UAV_VisLoc_dataset/03/drone/03_0245.JPG,32.3280191,119.8526993,"32.3100528,119.8973465;32.3100528,119.8994726;32.3387988,119.8612035;32.3405954,119.8590775","32.2938832,119.8080521;32.3316123,119.8399429"
03,Datasets/UAV_VisLoc_dataset/03/drone/03_0246.JPG,32.3280191,119.8505732,"32.3100528,119.8973465;32.3100528,119.8994726;32.3334089,119.8548254;32.3387988,119.8612035","32.3154427,119.8229345;32.3405954,119.8739599"
03,Datasets/UAV_VisLoc_dataset/03/drone/03_0247.JPG,32.3298157,119.8505732,"32.3100528,119.8973465;32.3387988,119.8612035;32.3100528,119.8994726;32.3531718,119.8505732","32.3459853,119.8186824;32.2902900,119.8144302"
03,Datasets/UAV_VisLoc_dataset/03/drone/03_0248.JPG,32.3298157,119.8505732,"32.3387988,119.8612035;32.3531718,119.8505732;32.3405954,119.8612035;32.3495785,119.8399429","32.3352056,119.8080521;32.3010697,119.8782120"
03,Datasets/UAV_VisLoc_dataset/03/drone/03_0249.JPG,32.3298157,119.8484472,"32.3513752,119.8399429;32.3531718,119.8378169;32.3423920,119.8378169;32.3352056,119.8612035","32.3010697,119.8229345;32.3028664,119.8952205"
03,Datasets/UAV_VisLoc_dataset/03/drone/03_0250.JPG,32.3316123,119.8484472,"32.3423920,119.8378169;32.3513752,119.8399429;32.3352056,119.8612035;32.3370022,119.8612035","32.3549684,119.8271866;32.3064596,119.8356908"
03,Datasets/UAV_VisLoc_dataset/03/drone/03_0251.JPG,32.3316123,119.8463211,"32.3513752,119.8399429;32.3423920,119.8378169;32.3352056,119.8612035;32.3531718,119.8378169","32.3405954,119.8888423;32.3495785,119.8930944"
03,Datasets/UAV_VisLoc_dataset/03/drone/03_0252.JPG,32.3316123,119.8463211,"32.3513752,119.8399429;32.3495785,119.8399429;32.3352056,119.8612035;32.3531718,119.8378169","32.3082562,119.8569514;32.3352056,119.8101781"
03,Datasets/UAV_VisLoc_dataset/03/drone/03_0253.JPG,32.3316123,119.8463211,"32.3370022,119.8441951;32.3262224,119.8420690;32.3370022,119.8463211;32.3495785,119.8484472","32.3154427,119.8824641;32.3441887,119.8484472"
03,Datasets/UAV_VisLoc_dataset/03/drone/03_0254.JPG,32.3334089,119.8441951,"32.3334089,119.8569514;32.3010697,119.8441951;32.3495785,119.8399429;32.3298157,119.8590775","32.3064596,119.8739599;32.3531718,119.8612035"
03,Datasets/UAV_VisLoc_dataset/03/drone/03_0255.JPG,32.3334089,119.8441951,"32.3334089,119.8569514;32.3423920,119.8675817;32.3298157,119.8590775;32.3010697,119.8441951","32.3244258,119.8867162;32.3531718,119.8739599"
03,Datasets/UAV_VisLoc_dataset/03/drone/03_0256.JPG,32.3334089,119.8420690,"32.3495785,119.8399429;32.3010697,119.8441951;32.3298157,119.8590775;32.2956799,119.8144302","32.2902900,119.8229345;32.3172393,119.8186824"
03,Datasets/UAV_VisLoc_dataset/03/drone/03_0257.JPG,32.3352056,119.8420690,"32.3352056,119.8612035;32.3495785,119.8399429;32.3495785,119.8420690;32.3423920,119.8378169","32.3352056,119.8739599;32.3172393,119.8271866"
03,Datasets/UAV_VisLoc_dataset/03/drone/03_0258.JPG,32.3352056,119.8420690,"32.3423920,119.8378169;32.3352056,119.8612035;32.3495785,119.8399429;32.2992731,119.8123042","32.3405954,119.8952205;32.3405954,119.8973465"
03,Datasets/UAV_VisLoc_dataset/03/drone/03_0259.JPG,32.3352056,119.8399429,"32.3352056,119.8612035;32.3423920,119.8378169;32.3370022,119.8612035;32.3495785,119.8399429","32.3262224,119.8441951;32.3405954,119.8782120"
03,Datasets/UAV_VisLoc_dataset/03/drone/03_0260.JPG,32.3370022,119.8399429,"32.3352056,119.8612035;32.3531718,119.8378169;32.3477819,119.8356908;32.3495785,119.8399429","32.3387988,119.8123042;32.3459853,119.8229345"
03,Datasets/UAV_VisLoc_dataset/03/drone/03_0261.JPG,32.3370022,119.8399429,"32.3477819,119.8356908;32.3549684,119.8505732;32.3477819,119.8378169;32.3531718,119.8505732","32.3334089,119.8250605;32.3028664,119.8526993"
03,Datasets/UAV_VisLoc_dataset/03/drone/03_0262.JPG,32.3370022,119.8399429,"32.3477819,119.8356908;32.3334089,119.8548254;32.3477819,119.8378169;32.3477819,119.8505732","32.3262224,119.8165563;32.3262224,119.8186824"
03,Datasets/UAV_VisLoc_dataset/03/drone/03_0263.JPG,32.3370022,119.8378169,"32.3477819,119.8356908;32.3334089,119.8548254;32.3531718,119.8505732;32.3477819,119.8378169","32.3477819,119.8888423;32.3549684,119.8782120"
03,Datasets/UAV_VisLoc_dataset/03/drone/03_0264.JPG,32.3387988,119.8378169,"32.3334089,119.8548254;32.3531718,119.8505732;32.3334089,119.8973465;32.3298157,119.8612035","32.3028664,119.8378169;32.3028664,119.8356908"
03,Datasets/UAV_VisLoc_dataset/03/drone/03_0265.JPG,32.3387988,119.8356908,"32.3100528,119.8973465;32.3334089,119.8548254;32.3316123,119.8548254;32.3118495,119.8994726","32.3226292,119.8356908;32.3370022,119.8505732"
03,Datasets/UAV_VisLoc_dataset/03/drone/03_0266.JPG,32.3387988,119.8356908,"32.3100528,119.8973465;32.3118495,119.8994726;32.3100528,119.8952205;32.3280191,119.8973465","32.2956799,119.8186824;32.3387988,119.8952205"
03,Datasets/UAV_VisLoc_dataset/03/drone/03_0267.JPG,32.3405954,119.8356908,"32.3100528,119.8973465;32.3118495,119.8994726;32.3100528,119.8952205;32.3334089,119.8548254","32.3136461,119.8930944;32.3100528,119.8930944"
03,Datasets/UAV_VisLoc_dataset/03/drone/03_0268.JPG,32.3405954,119.8335648,"32.3100528,119.8973465;32.3118495,119.8994726;32.3100528,119.8952205;32.3208326,119.8952205","32.3136461,119.8144302;32.2992731,119.8526993"
03,Datasets/UAV_VisLoc_dataset/03/drone/03_0269.JPG,32.3405954,119.8335648,"32.3100528,119.8973465;32.3118495,119.8994726;32.3208326,119.8952205;32.3100528,119.8952205","32.3010697,119.8144302;32.3010697,119.8675817"
03,Datasets/UAV_VisLoc_dataset/03/drone/03_0270.JPG,32.3405954,119.8314387,"32.3100528,119.8973465;32.3118495,119.8994726;32.3208326,119.8952205;32.3100528,119.8952205","32.3154427,119.8463211;32.3244258,119.8867162"
03,Datasets/UAV_VisLoc_dataset/03/drone/03_0271.JPG,32.3423920,119.8314387,"32.3100528,119.8973465;32.3118495,119.8994726;32.3208326,119.8952205;32.3100528,119.8952205","32.3190360,119.8909684;32.3370022,119.8569514"
03,Datasets/UAV_VisLoc_dataset/03/drone/03_0272.JPG,32.3423920,119.8314387,"32.3100528,119.8973465;32.3118495,119.8994726;32.3208326,119.8952205;32.3100528,119.8952205","32.3226292,119.8590775;32.3298157,119.8675817"
03,Datasets/UAV_VisLoc_dataset/03/drone/03_0273.JPG,32.3423920,119.8293126,"32.3100528,119.8973465;32.3118495,119.8994726;32.3208326,119.8952205;32.3100528,119.8952205","32.3334089,119.8335648;32.2974765,119.8739599"
03,Datasets/UAV_VisLoc_dataset/03/drone/03_0274.JPG,32.3441887,119.8293126,"32.3100528,119.8973465;32.3118495,119.8994726;32.3298157,119.8548254;32.3316123,119.8548254","32.2992731,119.8824641;32.3154427,119.8548254"
03,Datasets/UAV_VisLoc_dataset/03/drone/03_0275.JPG,32.3441887,119.8271866,"32.3100528,119.8973465;32.3459853,119.8526993;32.3208326,119.8952205;32.3118495,119.8994726","32.3154427,119.8250605;32.3046630,119.8590775"
03,Datasets/UAV_VisLoc_dataset/03/drone/03_0276.JPG,32.3441887,119.8271866,"32.3100528,119.8973465;32.3459853,119.8526993;32.3208326,119.8952205;32.3118495,119.8994726","32.2938832,119.8548254;32.3046630,119.8697078"
03,Datasets/UAV_VisLoc_dataset/03/drone/03_0277.JPG,32.3441887,119.8271866,"32.3100528,119.8973465;32.3459853,119.8526993;32.3208326,119.8952205;32.3298157,119.8548254","32.3352056,119.8718338;32.2956799,119.8101781"
03,Datasets/UAV_VisLoc_dataset/03/drone/03_0278.JPG,32.3459853,119.8250605,"32.3459853,119.8526993;32.3100528,119.8973465;32.3459853,119.8548254;32.3244258,119.8952205","32.2956799,119.8463211;32.3531718,119.8909684"
03,Datasets/UAV_VisLoc_dataset/03/drone/03_0279.JPG,32.3459853,119.8250605,"32.3459853,119.8526993;32.3244258,119.8952205;32.3459853,119.8548254;32.3100528,119.8973465","32.2974765,119.8654556;32.3190360,119.8569514"
03,Datasets/UAV_VisLoc_dataset/03/drone/03_0280.JPG,32.3459853,119.8250605,"32.3459853,119.8526993;32.3100528,119.8973465;32.3298157,119.8548254;32.3208326,119.8952205","32.3010697,119.8548254;32.3010697,119.8165563"
03,Datasets/UAV_VisLoc_dataset/03/drone/03_0281.JPG,32.3477819,119.8229345,"32.3100528,119.8973465;32.3459853,119.8526993;32.3208326,119.8952205;32.3298157,119.8548254","32.3046630,119.8420690;32.3190360,119.8399429"
03,Datasets/UAV_VisLoc_dataset/03/drone/03_0282.JPG,32.3477819,119.8229345,"32.3100528,119.8973465;32.3208326,119.8952205;32.3459853,119.8526993;32.3118495,119.8994726","32.3405954,119.8335648;32.3010697,119.8803381"
03,Datasets/UAV_VisLoc_dataset/03/drone/03_0283.JPG,32.3477819,119.8229345,"32.3100528,119.8973465;32.3208326,119.8952205;32.3459853,119.8526993;32.3298157,119.8548254","32.3477819,119.8973465;32.3244258,119.8059260"
03,Datasets/UAV_VisLoc_dataset/03/drone/03_0284.JPG,32.3477819,119.8208084,"32.3100528,119.8973465;32.3298157,119.8548254;32.3208326,119.8952205;32.3316123,119.8548254","32.3298157,119.8505732;32.3064596,119.8420690"
03,Datasets/UAV_VisLoc_dataset/03/drone/03_0285.JPG,32.3495785,119.8208084,"32.3100528,119.8973465;32.3208326,119.8952205;32.3298157,119.8548254;32.3118495,119.8994726","32.2974765,119.8229345;32.3064596,119.8697078"
03,Datasets/UAV_VisLoc_dataset/03/drone/03_0286.JPG,32.3495785,119.8186824,"32.3459853,119.8526993;32.3100528,119.8973465;32.3208326,119.8952205;32.3298157,119.8548254","32.2974765,119.8803381;32.3064596,119.8782120"
03,Datasets/UAV_VisLoc_dataset/03/drone/03_0287.JPG,32.3495785,119.8186824,"32.3100528,119.8973465;32.3208326,119.8952205;32.3459853,119.8526993;32.3118495,119.8994726","32.3226292,119.8250605;32.3513752,119.8612035"
03,Datasets/UAV_VisLoc_dataset/03/drone/03_0288.JPG,32.3513752,119.8186824,"32.3100528,119.8973465;32.3118495,119.8994726;32.3208326,119.8952205;32.3100528,119.8952205","32.3028664,119.8973465;32.3495785,119.8867162"
03,Datasets/UAV_VisLoc_dataset/03/drone/03_0289.JPG,32.3495785,119.8165563,"32.3100528,119.8973465;32.3208326,119.8952205;32.3459853,119.8526993;32.3298157,119.8548254","32.3298157,119.8378169;32.3441887,119.8356908"
03,Datasets/UAV_VisLoc_dataset/03/drone/03_0290.JPG,32.3477819,119.8165563,"32.3100528,119.8973465;32.3459853,119.8526993;32.3298157,119.8548254;32.3208326,119.8952205","32.2920866,119.8271866;32.3064596,119.8080521"
03,Datasets/UAV_VisLoc_dataset/03/drone/03_0291.JPG,32.3477819,119.8186824,"32.3459853,119.8548254;32.3298157,119.8548254;32.3118495,119.8994726;32.3459853,119.8526993","32.2992731,119.8739599;32.3387988,119.8782120"
03,Datasets/UAV_VisLoc_dataset/03/drone/03_0292.JPG,32.3477819,119.8186824,"32.3100528,119.8973465;32.3118495,119.8994726;32.3208326,119.8952205;32.3298157,119.8548254","32.3387988,119.8675817;32.3172393,119.8314387"
03,Datasets/UAV_VisLoc_dataset/03/drone/03_0293.JPG,32.3477819,119.8186824,"32.3100528,119.8973465;32.3208326,119.8952205;32.3118495,119.8994726;32.3298157,119.8548254","32.3028664,119.8463211;32.3136461,119.8845902"
03,Datasets/UAV_VisLoc_dataset/03/drone/03_0294.JPG,32.3459853,119.8208084,"32.3100528,119.8973465;32.3208326,119.8952205;32.3118495,119.8994726;32.3298157,119.8548254","32.3441887,119.8697078;32.3280191,119.8633296"
03,Datasets/UAV_VisLoc_dataset/03/drone/03_0295.JPG,32.3459853,119.8208084,"32.3100528,119.8973465;32.3208326,119.8952205;32.3118495,119.8994726;32.3459853,119.8526993","32.2938832,119.8590775;32.3441887,119.8697078"
03,Datasets/UAV_VisLoc_dataset/03/drone/03_0296.JPG,32.3459853,119.8229345,"32.3100528,119.8973465;32.3459853,119.8526993;32.3208326,119.8952205;32.3298157,119.8548254","32.3226292,119.8420690;32.2920866,119.8803381"
03,Datasets/UAV_VisLoc_dataset/03/drone/03_0297.JPG,32.3441887,119.8229345,"32.3459853,119.8526993;32.3459853,119.8548254;32.3244258,119.8952205;32.3298157,119.8548254","32.3244258,119.8123042;32.3459853,119.8675817"
03,Datasets/UAV_VisLoc_dataset/03/drone/03_0298.JPG,32.3441887,119.8229345,"32.3459853,119.8526993;32.3459853,119.8548254;32.3244258,119.8952205;32.3298157,119.8548254","32.2956799,119.8526993;32.3280191,119.8845902"
03,Datasets/UAV_VisLoc_dataset/03/drone/03_0299.JPG,32.3441887,119.8250605,"32.3459853,119.8526993;32.3100528,119.8973465;32.3244258,119.8952205;32.3459853,119.8548254","32.3280191,119.8271866;32.3370022,119.8930944"
03,Datasets/UAV_VisLoc_dataset/03/drone/03_0300.JPG,32.3441887,119.8250605,"32.3100528,119.8973465;32.3459853,119.8526993;32.3208326,119.8952205;32.3298157,119.8548254","32.3387988,119.8994726;32.2974765,119.8314387"
03,Datasets/UAV_VisLoc_dataset/03/drone/03_0301.JPG,32.3423920,119.8250605,"32.3459853,119.8526993;32.3459853,119.8548254;32.3100528,119.8973465;32.3244258,119.8952205","32.3513752,119.8824641;32.2956799,119.8739599"
03,Datasets/UAV_VisLoc_dataset/03/drone/03_0302.JPG,32.3423920,119.8250605,"32.3100528,119.8973465;32.3459853,119.8548254;32.3459853,119.8526993;32.3118495,119.8994726","32.3172393,119.8590775;32.3549684,119.8144302"
03,Datasets/UAV_VisLoc_dataset/03/drone/03_0303.JPG,32.3423920,119.8271866,"32.3100528,119.8973465;32.3298157,119.8548254;32.3118495,119.8994726;32.3208326,119.8952205","32.3477819,119.8548254;32.3010697,119.8633296"
03,Datasets/UAV_VisLoc_dataset/03/drone/03_0304.JPG,32.3405954,119.8271866,"32.3100528,119.8973465;32.3298157,119.8548254;32.3118495,119.8994726;32.3208326,119.8952205","32.3370022,119.8718338;32.3549684,119.8463211"
03,Datasets/UAV_VisLoc_dataset/03/drone/03_0305.JPG,32.3405954,119.8293126,"32.3100528,119.8973465;32.3118495,119.8994726;32.3298157,119.8548254;32.3208326,119.8952205","32.3441887,119.8144302;32.2992731,119.8718338"
03,Datasets/UAV_VisLoc_dataset/03/drone/03_0306.JPG,32.3405954,119.8293126,"32.3100528,119.8973465;32.3118495,119.8994726;32.3298157,119.8548254;32.3316123,119.8548254","32.3082562,119.8186824;32.3280191,119.8888423"
03,Datasets/UAV_VisLoc_dataset/03/drone/03_0307.JPG,32.3405954,119.8293126,"32.3100528,119.8973465;32.3118495,119.8994726;32.3208326,119.8952205;32.3298157,119.8548254","32.3549684,119.8569514;32.2974765,119.8186824"
03,Datasets/UAV_VisLoc_dataset/03/drone/03_0308.JPG,32.3387988,119.8314387,"32.3100528,119.8973465;32.3208326,119.8952205;32.3118495,119.8994726;32.3298157,119.8548254","32.3082562,119.8888423;32.3208326,119.8739599"
03,Datasets/UAV_VisLoc_dataset/03/drone/03_0309.JPG,32.3387988,119.8314387,"32.3100528,119.8973465;32.3118495,119.8994726;32.3208326,119.8952205;32.3298157,119.8548254","32.3208326,119.8824641;32.3549684,119.8994726"
03,Datasets/UAV_VisLoc_dataset/03/drone/03_0310.JPG,32.3387988,119.8335648,"32.3100528,119.8973465;32.3118495,119.8994726;32.3208326,119.8952205;32.3100528,119.8952205","32.3459853,119.8973465;32.3136461,119.8930944"
03,Datasets/UAV_VisLoc_dataset/03/drone/03_0311.JPG,32.3370022,119.8335648,"32.3100528,119.8973465;32.3118495,119.8994726;32.3208326,119.8952205;32.3280191,119.8973465","32.3423920,119.8101781;32.3531718,119.8654556"
03,Datasets/UAV_VisLoc_dataset/03/drone/03_0312.JPG,32.3370022,119.8335648,"32.3100528,119.8973465;32.3208326,119.8952205;32.3118495,119.8994726;32.3316123,119.8548254","32.3423920,119.8718338;32.3046630,119.8718338"
03,Datasets/UAV_VisLoc_dataset/03/drone/03_0313.JPG,32.3370022,119.8356908,"32.3370022,119.8612035;32.3352056,119.8612035;32.3387988,119.8612035;32.3334089,119.8548254","32.3370022,119.8973465;32.3082562,119.8250605"
03,Datasets/UAV_VisLoc_dataset/03/drone/03_0314.JPG,32.3352056,119.8356908,"32.3334089,119.8548254;32.3100528,119.8973465;32.3423920,119.8590775;32.3531718,119.8505732","32.3046630,119.8909684;32.3226292,119.8463211"
03,Datasets/UAV_VisLoc_dataset/03/drone/03_0315.JPG,32.3352056,119.8378169,"32.3100528,119.8973465;32.3334089,119.8548254;32.3118495,119.8994726;32.3100528,119.8952205","32.3010697,119.8654556;32.3100528,119.8888423"
03,Datasets/UAV_VisLoc_dataset/03/drone/03_0316.JPG,32.3352056,119.8378169,"32.3262224,119.8612035;32.3100528,119.8952205;32.3334089,119.8548254;32.3118495,119.8994726","32.3531718,119.8633296;32.3190360,119.8080521"
03,Datasets/UAV_VisLoc_dataset/03/drone/03_0317.JPG,32.3352056,119.8378169,"32.3100528,119.8973465;32.3316123,119.8548254;32.3298157,119.8548254;32.3208326,119.8952205","32.3370022,119.8739599;32.3441887,119.8484472"
03,Datasets/UAV_VisLoc_dataset/03/drone/03_0318.JPG,32.3334089,119.8399429,"32.3334089,119.8548254;32.3423920,119.8378169;32.3423920,119.8590775;32.3244258,119.8590775","32.3549684,119.8463211;32.2992731,119.8548254"
03,Datasets/UAV_VisLoc_dataset/03/drone/03_0319.JPG,32.3334089,119.8399429,"32.3495785,119.8399429;32.3495785,119.8420690;32.3423920,119.8378169;32.3334089,119.8569514","32.3118495,119.8463211;32.3118495,119.8590775"
03,Datasets/UAV_VisLoc_dataset/03/drone/03_0320.JPG,32.3334089,119.8399429,"32.3495785,119.8399429;32.3495785,119.8420690;32.2992731,119.8123042;32.3082562,119.8378169","32.3190360,119.8739599;32.3334089,119.8080521"
03,Datasets/UAV_VisLoc_dataset/03/drone/03_0321.JPG,32.3316123,119.8420690,"32.3495785,119.8420690;32.3495785,119.8399429;32.2992731,119.8123042;32.3477819,119.8441951","32.3028664,119.8845902;32.3549684,119.8526993"
03,Datasets/UAV_VisLoc_dataset/03/drone/03_0322.JPG,32.3316123,119.8420690,"32.3495785,119.8420690;32.3495785,119.8399429;32.3477819,119.8441951;32.2992731,119.8123042","32.3280191,119.8569514;32.3154427,119.8569514"
03,Datasets/UAV_VisLoc_dataset/03/drone/03_0323.JPG,32.3316123,119.8420690,"32.3495785,119.8420690;32.3298157,119.8590775;32.3495785,119.8399429;32.3316123,119.8590775","32.2956799,119.8463211;32.3477819,119.8612035"
03,Datasets/UAV_VisLoc_dataset/03/drone/03_0324.JPG,32.3316123,119.8441951,"32.3298157,119.8633296;32.3280191,119.8633296;32.2974765,119.8144302;32.2956799,119.8144302","32.3226292,119.8229345;32.3423920,119.8548254"
03,Datasets/UAV_VisLoc_dataset/03/drone/03_0325.JPG,32.3298157,119.8441951,"32.3262224,119.8420690;32.3262224,119.8399429;32.3370022,119.8441951;32.3244258,119.8399429","32.3136461,119.8484472;32.3298157,119.8229345"
03,Datasets/UAV_VisLoc_dataset/03/drone/03_0326.JPG,32.3298157,119.8463211,"32.3262224,119.8420690;32.3262224,119.8399429;32.3244258,119.8399429;32.3370022,119.8441951","32.3190360,119.8930944;32.3477819,119.8909684"
03,Datasets/UAV_VisLoc_dataset/03/drone/03_0327.JPG,32.3298157,119.8463211,"32.3405954,119.8612035;32.3387988,119.8612035;32.3316123,119.8612035;32.3370022,119.8612035","32.3082562,119.8633296;32.3046630,119.8803381"
03,Datasets/UAV_VisLoc_dataset/03/drone/03_0328.JPG,32.3280191,119.8463211,"32.3387988,119.8612035;32.3370022,119.8633296;32.3405954,119.8612035;32.3316123,119.8612035","32.3100528,119.8888423;32.3028664,119.8335648"
03,Datasets/UAV_VisLoc_dataset/03/drone/03_0329.JPG,32.3280191,119.8484472,"32.3370022,119.8633296;32.3387988,119.8612035;32.3405954,119.8612035;32.3495785,119.8399429","32.3298157,119.8335648;32.3082562,119.8399429"
03,Datasets/UAV_VisLoc_dataset/03/drone/03_0330.JPG,32.3280191,119.8484472,"32.3352056,119.8612035;32.3387988,119.8612035;32.3370022,119.8612035;32.3405954,119.8612035","32.3513752,119.8697078;32.3441887,119.8994726"
03,Datasets/UAV_VisLoc_dataset/03/drone/03_0331.JPG,32.3280191,119.8505732,"32.3387988,119.8612035;32.3100528,119.8994726;32.3334089,119.8548254;32.3405954,119.8612035","32.3190360,119.8080521;32.2902900,119.8867162"
03,Datasets/UAV_VisLoc_dataset/03/drone/03_0332.JPG,32.3262224,119.8505732,"32.3387988,119.8612035;32.3405954,119.8612035;32.3334089,119.8548254;32.3100528,119.8994726","32.3370022,119.8867162;32.3513752,119.8123042"
03,Datasets/UAV_VisLoc_dataset/03/drone/03_0333.JPG,32.3262224,119.8505732,"32.3334089,119.8569514;32.3316123,119.8612035;32.3208326,119.8399429;32.3298157,119.8590775","32.3298157,119.8782120;32.3262224,119.8867162"
03,Datasets/UAV_VisLoc_dataset/03/drone/03_0334.JPG,32.3262224,119.8526993,"32.3298157,119.8590775;32.3208326,119.8399429;32.3316123,119.8612035;32.2992731,119.8123042","32.2920866,119.8952205;32.3190360,119.8930944"
03,Datasets/UAV_VisLoc_dataset/03/drone/03_0335.JPG,32.3244258,119.8526993,"32.3298157,119.8590775;32.2992731,119.8123042;32.3423920,119.8675817;32.3495785,119.8399429","32.3118495,119.8314387;32.3441887,119.8612035"
03,Datasets/UAV_VisLoc_dataset/03/drone/03_0336.JPG,32.3244258,119.8548254,"32.3298157,119.8590775;32.3316123,119.8612035;32.3316123,119.8590775;32.2992731,119.8123042","32.3405954,119.8229345;32.2920866,119.8123042"
03,Datasets/UAV_VisLoc_dataset/03/drone/03_0337.JPG,32.3244258,119.8548254,"32.3298157,119.8590775;32.3316123,119.8612035;32.3316123,119.8590775;32.3423920,119.8930944","32.3136461,119.8973465;32.3154427,119.8739599"
03,Datasets/UAV_VisLoc_dataset/03/drone/03_0338.JPG,32.3244258,119.8548254,"32.3316123,119.8612035;32.3298157,119.8590775;32.3405954,119.8612035;32.3316123,119.8590775","32.2920866,119.8803381;32.3477819,119.8335648"
03,Datasets/UAV_VisLoc_dataset/03/drone/03_0339.JPG,32.3226292,119.8569514,"32.3298157,119.8590775;32.3316123,119.8612035;32.3316123,119.8590775;32.3423920,119.8378169","32.3262224,119.8186824;32.3405954,119.8208084"
03,Datasets/UAV_VisLoc_dataset/03/drone/03_0340.JPG,32.3226292,119.8569514,"32.3352056,119.8612035;32.3370022,119.8612035;32.3423920,119.8930944;32.3405954,119.8930944","32.3477819,119.8314387;32.3244258,119.8739599"
03,Datasets/UAV_VisLoc_dataset/03/drone/03_0341.JPG,32.3226292,119.8569514,"32.3352056,119.8612035;32.3370022,119.8612035;32.2992731,119.8123042;32.3423920,119.8378169","32.3405954,119.8080521;32.3387988,119.8675817"
03,Datasets/UAV_VisLoc_dataset/03/drone/03_0342.JPG,32.3208326,119.8569514,"32.3352056,119.8612035;32.3423920,119.8378169;32.3513752,119.8399429;32.3370022,119.8612035","32.3082562,119.8526993;32.3028664,119.8633296"
03,Datasets/UAV_VisLoc_dataset/03/drone/03_0343.JPG,32.3208326,119.8590775,"32.3423920,119.8378169;32.3513752,119.8399429;32.3352056,119.8612035;32.3531718,119.8378169","32.3262224,119.8101781;32.3154427,119.8760859"
03,Datasets/UAV_VisLoc_dataset/03/drone/03_0344.JPG,32.3208326,119.8590775,"32.3423920,119.8378169;32.3352056,119.8612035;32.3513752,119.8399429;32.3064596,119.8378169","32.3423920,119.8909684;32.3046630,119.8675817"
03,Datasets/UAV_VisLoc_dataset/03/drone/03_0345.JPG,32.3208326,119.8612035,"32.3423920,119.8378169;32.3064596,119.8378169;32.3352056,119.8612035;32.3513752,119.8399429","32.3154427,119.8845902;32.3046630,119.8165563"
03,Datasets/UAV_VisLoc_dataset/03/drone/03_0346.JPG,32.3190360,119.8612035,"32.3064596,119.8378169;32.3423920,119.8378169;32.3352056,119.8612035;32.3513752,119.8399429","32.3531718,119.8569514;32.3100528,119.8994726"
03,Datasets/UAV_VisLoc_dataset/03/drone/03_0347.JPG,32.3190360,119.8612035,"32.3064596,119.8378169;32.3513752,119.8399429;32.3423920,119.8378169;32.3531718,119.8378169","32.3370022,119.8782120;32.2956799,119.8824641"
03,Datasets/UAV_VisLoc_dataset/03/drone/03_0348.JPG,32.3190360,119.8633296,"32.3513752,119.8399429;32.3423920,119.8378169;32.3513752,119.8378169;32.3064596,119.8378169","32.3136461,119.8356908;32.3387988,119.8973465"
03,Datasets/UAV_VisLoc_dataset/03/drone/03_0349.JPG,32.3172393,119.8633296,"32.3423920,119.8378169;32.3352056,119.8612035;32.3513752,119.8399429;32.3531718,119.8378169","32.2956799,119.8633296;32.3262224,119.8441951"
03,Datasets/UAV_VisLoc_dataset/03/drone/03_0350.JPG,32.3172393,119.8654556,"32.3423920,119.8378169;32.3244258,119.8633296;32.2974765,119.8144302;32.3352056,119.8612035","32.3208326,119.8080521;32.2974765,119.8378169"
03,Datasets/UAV_VisLoc_dataset/03/drone/03_0351.JPG,32.3172393,119.8654556,"32.3423920,119.8675817;32.3423920,119.8378169;32.2974765,119.8144302;32.3244258,119.8633296","32.3100528,119.8059260;32.3334089,119.8356908"
03,Datasets/UAV_VisLoc_dataset/03/drone/03_0352.JPG,32.3154427,119.8654556,"32.3513752,119.8378169;32.3513752,119.8399429;32.3531718,119.8378169;32.3423920,119.8675817","32.2902900,119.8633296;32.3495785,119.8101781"
03,Datasets/UAV_VisLoc_dataset/03/drone/03_0353.JPG,32.3154427,119.8675817,"32.3513752,119.8378169;32.3513752,119.8399429;32.3531718,119.8378169;32.2974765,119.8144302","32.2938832,119.8101781;32.3441887,119.8378169"
03,Datasets/UAV_VisLoc_dataset/03/drone/03_0354.JPG,32.3154427,119.8675817,"32.3513752,119.8378169;32.3513752,119.8399429;32.3531718,119.8378169;32.3352056,119.8612035","32.3298157,119.8186824;32.3531718,119.8973465"
03,Datasets/UAV_VisLoc_dataset/03/drone/03_0355.JPG,32.3154427,119.8697078,"32.3513752,119.8378169;32.3352056,119.8612035;32.3423920,119.8378169;32.3513752,119.8399429","32.2974765,119.8973465;32.3064596,119.8293126"
03,Datasets/UAV_VisLoc_dataset/03/drone/03_0356.JPG,32.3136461,119.8697078,"32.3423920,119.8378169;32.3513752,119.8378169;32.3513752,119.8399429;32.3352056,119.8612035","32.2992731,119.8994726;32.3495785,119.8590775"
03,Datasets/UAV_VisLoc_dataset/03/drone/03_0357.JPG,32.3136461,119.8697078,"32.3423920,119.8378169;32.3064596,119.8378169;32.3513752,119.8399429;32.3513752,119.8378169","32.3441887,119.8867162;32.3513752,119.8271866"
03,Datasets/UAV_VisLoc_dataset/03/drone/03_0358.JPG,32.3136461,119.8718338,"32.3423920,119.8378169;32.3513752,119.8378169;32.3064596,119.8378169;32.3513752,119.8399429","32.2992731,119.8973465;32.3441887,119.8930944"
03,Datasets/UAV_VisLoc_dataset/03/drone/03_0359.JPG,32.3118495,119.8718338,"32.3423920,119.8378169;32.3513752,119.8378169;32.3064596,119.8378169;32.3352056,119.8612035","32.2974765,119.8718338;32.3028664,119.8484472"
03,Datasets/UAV_VisLoc_dataset/03/drone/03_0360.JPG,32.3118495,119.8739599,"32.3423920,119.8378169;32.3064596,119.8378169;32.3513752,119.8356908;32.3513752,119.8378169","32.2974765,119.8271866;32.3010697,119.8633296"
03,Datasets/UAV_VisLoc_dataset/03/drone/03_0361.JPG,32.3118495,119.8739599,"32.3513752,119.8378169;32.3423920,119.8378169;32.3513752,119.8356908;32.3531718,119.8356908","32.2938832,119.8548254;32.2938832,119.8208084"
03,Datasets/UAV_VisLoc_dataset/03/drone/03_0362.JPG,32.3118495,119.8739599,"32.3423920,119.8378169;32.3513752,119.8378169;32.3513752,119.8399429;32.3064596,119.8378169","32.2938832,119.8633296;32.2956799,119.8144302"
03,Datasets/UAV_VisLoc_dataset/03/drone/03_0363.JPG,32.3100528,119.8739599,"32.3423920,119.8378169;32.3064596,119.8378169;32.3513752,119.8378169;32.3459853,119.8909684","32.2974765,119.8675817;32.3262224,119.8399429"
03,Datasets/UAV_VisLoc_dataset/03/drone/03_0364.JPG,32.3100528,119.8760859,"32.3423920,119.8378169;32.3064596,119.8378169;32.3513752,119.8378169;32.3010697,119.8463211","32.3298157,119.8208084;32.3387988,119.8633296"
03,Datasets/UAV_VisLoc_dataset/03/drone/03_0365.JPG,32.3100528,119.8760859,"32.3423920,119.8378169;32.3513752,119.8378169;32.3010697,119.8463211;32.3064596,119.8378169","32.3423920,119.8080521;32.2920866,119.8356908"
03,Datasets/UAV_VisLoc_dataset/03/drone/03_0366.JPG,32.3082562,119.8782120,"32.3513752,119.8378169;32.3423920,119.8378169;32.3513752,119.8356908;32.3423920,119.8675817","32.3477819,119.8867162;32.3190360,119.8208084"
03,Datasets/UAV_VisLoc_dataset/03/drone/03_0367.JPG,32.3082562,119.8782120,"32.3513752,119.8378169;32.3423920,119.8378169;32.3441887,119.8675817;32.3423920,119.8675817","32.3334089,119.8271866;32.3208326,119.8271866"
03,Datasets/UAV_VisLoc_dataset/03/drone/03_0368.JPG,32.3082562,119.8782120,"32.3423920,119.8378169;32.3064596,119.8378169;32.3423920,119.8675817;32.3352056,119.8612035","32.3370022,119.8888423;32.3513752,119.8824641"
03,Datasets/UAV_VisLoc_dataset/03/drone/03_0369.JPG,32.3082562,119.8803381,"32.3423920,119.8378169;32.3423920,119.8675817;32.3064596,119.8378169;32.3352056,119.8612035","32.3370022,119.8612035;32.3208326,119.8548254"
03,Datasets/UAV_VisLoc_dataset/03/drone/03_0370.JPG,32.3064596,119.8803381,"32.3352056,119.8612035;32.3423920,119.8378169;32.3513752,119.8399429;32.3064596,119.8378169","32.3226292,119.8271866;32.3010697,119.8080521"
03,Datasets/UAV_VisLoc_dataset/03/drone/03_0371.JPG,32.3064596,119.8824641,"32.3352056,119.8612035;32.3423920,119.8378169;32.3513752,119.8399429;32.3370022,119.8612035","32.3010697,119.8186824;32.3190360,119.8590775"
03,Datasets/UAV_VisLoc_dataset/03/drone/03_0372.JPG,32.3064596,119.8824641,"32.3352056,119.8612035;32.3370022,119.8612035;32.3387988,119.8612035;32.3423920,119.8378169","32.3082562,119.8271866;32.3423920,119.8314387"
03,Datasets/UAV_VisLoc_dataset/03/drone/03_0373.JPG,32.3046630,119.8824641,"32.3352056,119.8612035;32.3370022,119.8612035;32.3423920,119.8378169;32.3405954,119.8930944","32.3405954,119.8420690;32.2992731,119.8548254"
03,Datasets/UAV_VisLoc_dataset/03/drone/03_0374.JPG,32.3046630,119.8845902,"32.3352056,119.8612035;32.3370022,119.8612035;32.3405954,119.8930944;32.3423920,119.8930944","32.3423920,119.8930944;32.3459853,119.8463211"
03,Datasets/UAV_VisLoc_dataset/03/drone/03_0375.JPG,32.3046630,119.8845902,"32.3387988,119.8612035;32.3352056,119.8612035;32.3370022,119.8612035;32.3405954,119.8930944","32.3136461,119.8420690;32.3531718,119.8378169"
03,Datasets/UAV_VisLoc_dataset/03/drone/03_0376.JPG,32.3046630,119.8867162,"32.3387988,119.8612035;32.3370022,119.8612035;32.3352056,119.8612035;32.3405954,119.8612035","32.3334089,119.8526993;32.3459853,119.8952205"
03,Datasets/UAV_VisLoc_dataset/03/drone/03_0377.JPG,32.3028664,119.8867162,"32.3370022,119.8612035;32.3352056,119.8612035;32.3387988,119.8612035;32.3316123,119.8612035","32.2938832,119.8760859;32.3477819,119.8845902"
03,Datasets/UAV_VisLoc_dataset/03/drone/03_0378.JPG,32.3028664,119.8867162,"32.3352056,119.8612035;32.3370022,119.8612035;32.3513752,119.8399429;32.3405954,119.8930944","32.3046630,119.8293126;32.3118495,119.8590775"
03,Datasets/UAV_VisLoc_dataset/03/drone/03_0379.JPG,32.3028664,119.8888423,"32.3352056,119.8612035;32.3513752,119.8399429;32.2992731,119.8123042;32.3531718,119.8378169","32.3046630,119.8718338;32.3208326,119.8739599"
03,Datasets/UAV_VisLoc_dataset/03/drone/03_0380.JPG,32.3010697,119.8888423,"32.3352056,119.8612035;32.2992731,119.8123042;32.3495785,119.8399429;32.3405954,119.8952205","32.3495785,119.8824641;32.3334089,119.8675817"
03,Datasets/UAV_VisLoc_dataset/03/drone/03_0381.JPG,32.3010697,119.8909684,"32.2992731,119.8123042;32.3352056,119.8612035;32.3423920,119.8930944;32.3495785,119.8399429","32.3118495,119.8208084;32.3549684,119.8505732"
03,Datasets/UAV_VisLoc_dataset/03/drone/03_0382.JPG,32.3010697,119.8909684,"32.3352056,119.8612035;32.3423920,119.8930944;32.3334089,119.8548254;32.3370022,119.8612035","32.3100528,119.8973465;32.3082562,119.8420690"
03,Datasets/UAV_VisLoc_dataset/03/drone/03_0383.JPG,32.2992731,119.8909684,"32.3405954,119.8463211;32.3352056,119.8612035;32.3370022,119.8612035;32.3423920,119.8378169","32.3280191,119.8314387;32.3100528,119.8782120"
03,Datasets/UAV_VisLoc_dataset/03/drone/03_0384.JPG,32.2992731,119.8909684,"32.3405954,119.8463211;32.3477819,119.8484472;32.3405954,119.8441951;32.3352056,119.8612035","32.3316123,119.8271866;32.3208326,119.8420690"
03,Datasets/UAV_VisLoc_dataset/03/drone/03_0385.JPG,32.2974765,119.8909684,"32.3352056,119.8612035;32.3064596,119.8378169;32.3423920,119.8378169;32.3513752,119.8399429","32.3513752,119.8378169;32.3316123,119.8718338"
03,Datasets/UAV_VisLoc_dataset/03/drone/03_0386.JPG,32.2992731,119.8909684,"32.3064596,119.8378169;32.3352056,119.8612035;32.3513752,119.8399429;32.3531718,119.8378169","32.3136461,119.8335648;32.3370022,119.8250605"
03,Datasets/UAV_VisLoc_dataset/03/drone/03_0387.JPG,32.2992731,119.8888423,"32.3064596,119.8378169;32.3352056,119.8612035;32.3423920,119.8378169;32.3531718,119.8378169","32.3352056,119.8548254;32.3280191,119.8505732"
03,Datasets/UAV_VisLoc_dataset/03/drone/03_0388.JPG,32.2992731,119.8888423,"32.3064596,119.8378169;32.3441887,119.8675817;32.3423920,119.8675817;32.3082562,119.8378169","32.3316123,119.8250605;32.2938832,119.8760859"
03,Datasets/UAV_VisLoc_dataset/03/drone/03_0389.JPG,32.2992731,119.8867162,"32.3495785,119.8399429;32.3082562,119.8378169;32.3423920,119.8675817;32.2992731,119.8123042","32.2920866,119.8930944;32.3208326,119.8505732"
03,Datasets/UAV_VisLoc_dataset/03/drone/03_0390.JPG,32.3010697,119.8867162,"32.3495785,119.8399429;32.2992731,119.8123042;32.3495785,119.8420690;32.3423920,119.8675817","32.3208326,119.8123042;32.2956799,119.8335648"
03,Datasets/UAV_VisLoc_dataset/03/drone/03_0391.JPG,32.3010697,119.8867162,"32.3352056,119.8612035;32.3495785,119.8399429;32.3423920,119.8378169;32.3064596,119.8378169","32.3136461,119.8420690;32.3064596,119.8293126"
03,Datasets/UAV_VisLoc_dataset/03/drone/03_0392.JPG,32.3010697,119.8845902,"32.3495785,119.8399429;32.3423920,119.8378169;32.3352056,119.8612035;32.2992731,119.8123042","32.3459853,119.8123042;32.3387988,119.8952205"
03,Datasets/UAV_VisLoc_dataset/03/drone/03_0393.JPG,32.3028664,119.8845902,"32.3423920,119.8378169;32.3352056,119.8612035;32.3513752,119.8399429;32.3064596,119.8378169","32.3064596,119.8697078;32.3459853,119.8590775"
03,Datasets/UAV_VisLoc_dataset/03/drone/03_0394.JPG,32.3028664,119.8824641,"32.3423920,119.8378169;32.3352056,119.8612035;32.3513752,119.8378169;32.3352056,119.8590775","32.3262224,119.8994726;32.3226292,119.8144302"
03,Datasets/UAV_VisLoc_dataset/03/drone/03_0395.JPG,32.3028664,119.8824641,"32.3423920,119.8378169;32.3387988,119.8633296;32.3352056,119.8612035;32.3513752,119.8378169","32.3531718,119.8633296;32.3405954,119.8569514"
03,Datasets/UAV_VisLoc_dataset/03/drone/03_0396.JPG,32.3028664,119.8824641,"32.3423920,119.8378169;32.3352056,119.8612035;32.3064596,119.8378169;32.3423920,119.8399429","32.3244258,119.8399429;32.3262224,119.8824641"
03,Datasets/UAV_VisLoc_dataset/03/drone/03_0397.JPG,32.3046630,119.8803381,"32.3423920,119.8378169;32.3352056,119.8612035;32.3064596,119.8378169;32.3513752,119.8399429","32.3316123,119.8633296;32.3387988,119.8229345"
03,Datasets/UAV_VisLoc_dataset/03/drone/03_0398.JPG,32.3046630,119.8803381,"32.3423920,119.8378169;32.3064596,119.8378169;32.3531718,119.8356908;32.3495785,119.8399429","32.3513752,119.8526993;32.3244258,119.8101781"
03,Datasets/UAV_VisLoc_dataset/03/drone/03_0399.JPG,32.3046630,119.8782120,"32.3441887,119.8675817;32.3495785,119.8399429;32.3423920,119.8675817;32.3423920,119.8378169","32.3262224,119.8420690;32.3334089,119.8420690"
03,Datasets/UAV_VisLoc_dataset/03/drone/03_0400.JPG,32.3064596,119.8782120,"32.3495785,119.8420690;32.3495785,119.8399429;32.3423920,119.8675817;32.3441887,119.8675817","32.3387988,119.8760859;32.3549684,119.8930944"
03,Datasets/UAV_VisLoc_dataset/03/drone/03_0401.JPG,32.3064596,119.8782120,"32.3477819,119.8441951;32.3495785,119.8420690;32.3495785,119.8399429;32.3441887,119.8675817","32.2938832,119.8548254;32.3190360,119.8229345"
03,Datasets/UAV_VisLoc_dataset/03/drone/03_0402.JPG,32.3064596,119.8760859,"32.3423920,119.8675817;32.3441887,119.8675817;32.3495785,119.8420690;32.3495785,119.8399429","32.3352056,119.8335648;32.3226292,119.8739599"
03,Datasets/UAV_VisLoc_dataset/03/drone/03_0403.JPG,32.3064596,119.8760859,"32.3441887,119.8675817;32.3423920,119.8675817;32.3010697,119.8463211;32.3495785,119.8399429","32.3136461,119.8356908;32.3513752,119.8250605"
03,Datasets/UAV_VisLoc_dataset/03/drone/03_0404.JPG,32.3082562,119.8739599,"32.3423920,119.8378169;32.3513752,119.8356908;32.3010697,119.8463211;32.3441887,119.8675817","32.3280191,119.8420690;32.3226292,119.8314387"
03,Datasets/UAV_VisLoc_dataset/03/drone/03_0405.JPG,32.3082562,119.8739599,"32.3423920,119.8378169;32.3495785,119.8718338;32.3010697,119.8463211;32.3064596,119.8378169","32.3244258,119.8845902;32.3531718,119.8675817"
03,Datasets/UAV_VisLoc_dataset/03/drone/03_0406.JPG,32.3082562,119.8739599,"32.3423920,119.8378169;32.3513752,119.8356908;32.3531718,119.8356908;32.3423920,119.8356908","32.3010697,119.8420690;32.3298157,119.8505732"
03,Datasets/UAV_VisLoc_dataset/03/drone/03_0407.JPG,32.3100528,119.8739599,"32.3423920,119.8378169;32.3513752,119.8378169;32.3513752,119.8356908;32.3064596,119.8378169","32.2992731,119.8123042;32.3028664,119.8888423"
03,Datasets/UAV_VisLoc_dataset/03/drone/03_0408.JPG,32.3100528,119.8718338,"32.3423920,119.8378169;32.3513752,119.8356908;32.3513752,119.8378169;32.3531718,119.8356908","32.3298157,119.8463211;32.2902900,119.8059260"
03,Datasets/UAV_VisLoc_dataset/03/drone/03_0409.JPG,32.3100528,119.8718338,"32.3423920,119.8378169;32.3064596,119.8378169;32.3513752,119.8378169;32.3531718,119.8356908","32.3190360,119.8973465;32.3154427,119.8356908"
03,Datasets/UAV_VisLoc_dataset/03/drone/03_0410.JPG,32.3100528,119.8718338,"32.3423920,119.8378169;32.3513752,119.8378169;32.3531718,119.8356908;32.3513752,119.8356908","32.3262224,119.8739599;32.3387988,119.8633296"
03,Datasets/UAV_VisLoc_dataset/03/drone/03_0411.JPG,32.3118495,119.8697078,"32.3423920,119.8378169;32.3423920,119.8399429;32.3064596,119.8378169;32.3352056,119.8612035","32.2920866,119.8165563;32.3028664,119.8612035"
03,Datasets/UAV_VisLoc_dataset/03/drone/03_0412.JPG,32.3118495,119.8697078,"32.3423920,119.8378169;32.3513752,119.8378169;32.3513752,119.8399429;32.3531718,119.8378169","32.2992731,119.8484472;32.3549684,119.8165563"
03,Datasets/UAV_VisLoc_dataset/03/drone/03_0413.JPG,32.3118495,119.8675817,"32.3423920,119.8378169;32.3513752,119.8378169;32.3513752,119.8399429;32.3531718,119.8378169","32.3531718,119.8845902;32.3513752,119.8909684"
03,Datasets/UAV_VisLoc_dataset/03/drone/03_0414.JPG,32.3136461,119.8675817,"32.3423920,119.8378169;32.3513752,119.8378169;32.3513752,119.8399429;32.3531718,119.8378169","32.3316123,119.8867162;32.3172393,119.8484472"
03,Datasets/UAV_VisLoc_dataset/03/drone/03_0415.JPG,32.3136461,119.8675817,"32.3513752,119.8378169;32.3423920,119.8378169;32.3513752,119.8399429;32.3531718,119.8378169","32.3118495,119.8101781;32.3172393,119.8208084"
03,Datasets/UAV_VisLoc_dataset/03/drone/03_0416.JPG,32.3136461,119.8654556,"32.3495785,119.8399429;32.3423920,119.8675817;32.3046630,119.8101781;32.2974765,119.8144302","32.3172393,119.8909684;32.3100528,119.8186824"
03,Datasets/UAV_VisLoc_dataset/03/drone/03_0417.JPG,32.3136461,119.8654556,"32.3423920,119.8675817;32.3495785,119.8399429;32.3082562,119.8378169;32.3495785,119.8420690","32.2992731,119.8420690;32.3405954,119.8548254"
03,Datasets/UAV_VisLoc_dataset/03/drone/03_0418.JPG,32.3154427,119.8633296,"32.2992731,119.8123042;32.3082562,119.8378169;32.3495785,119.8399429;32.3208326,119.8399429","32.3046630,119.8824641;32.3495785,119.8697078"
03,Datasets/UAV_VisLoc_dataset/03/drone/03_0419.JPG,32.3154427,119.8633296,"32.3352056,119.8612035;32.3064596,119.8378169;32.3423920,119.8378169;32.3370022,119.8612035","32.3244258,119.8356908;32.2992731,119.8548254"
03,Datasets/UAV_VisLoc_dataset/03/drone/03_0420.JPG,32.3154427,119.8633296,"32.3352056,119.8612035;32.3423920,119.8378169;32.3064596,119.8378169;32.3370022,119.8612035","32.3459853,119.8718338;32.3226292,119.8994726"
03,Datasets/UAV_VisLoc_dataset/03/drone/03_0421.JPG,32.3172393,119.8612035,"32.3423920,119.8378169;32.3064596,119.8378169;32.3513752,119.8399429;32.3531718,119.8378169","32.3441887,119.8250605;32.3549684,119.8952205"
03,Datasets/UAV_VisLoc_dataset/03/drone/03_0422.JPG,32.3172393,119.8612035,"32.3423920,119.8378169;32.3352056,119.8612035;32.3423920,119.8399429;32.3513752,119.8399429","32.3082562,119.8165563;32.3387988,119.8335648"
03,Datasets/UAV_VisLoc_dataset/03/drone/03_0423.JPG,32.3172393,119.8590775,"32.3423920,119.8378169;32.3352056,119.8612035;32.3513752,119.8399429;32.3423920,119.8399429","32.3352056,119.8824641;32.3046630,119.8824641"
03,Datasets/UAV_VisLoc_dataset/03/drone/03_0424.JPG,32.3172393,119.8590775,"32.3423920,119.8378169;32.3513752,119.8399429;32.3352056,119.8612035;32.3064596,119.8378169","32.3334089,119.8293126;32.3298157,119.8335648"
03,Datasets/UAV_VisLoc_dataset/03/drone/03_0425.JPG,32.3190360,119.8590775,"32.3423920,119.8378169;32.3352056,119.8612035;32.3513752,119.8399429;32.3064596,119.8378169","32.3549684,119.8760859;32.2902900,119.8356908"
03,Datasets/UAV_VisLoc_dataset/03/drone/03_0426.JPG,32.3190360,119.8569514,"32.3513752,119.8399429;32.3531718,119.8378169;32.3064596,119.8378169;32.3352056,119.8612035","32.3262224,119.8186824;32.2956799,119.8867162"
03,Datasets/UAV_VisLoc_dataset/03/drone/03_0427.JPG,32.3190360,119.8569514,"32.3513752,119.8399429;32.3531718,119.8378169;32.3064596,119.8378169;32.3352056,119.8612035","32.3334089,119.8293126;32.3387988,119.8229345"
03,Datasets/UAV_VisLoc_dataset/03/drone/03_0428.JPG,32.3208326,119.8569514,"32.3352056,119.8612035;32.3531718,119.8378169;32.3513752,119.8399429;32.3513752,119.8378169","32.3513752,119.8654556;32.3154427,119.8420690"
03,Datasets/UAV_VisLoc_dataset/03/drone/03_0429.JPG,32.3208326,119.8548254,"32.3352056,119.8612035;32.3423920,119.8378169;32.3513752,119.8378169;32.3352056,119.8590775","32.3028664,119.8229345;32.3136461,119.8441951"
03,Datasets/UAV_VisLoc_dataset/03/drone/03_0430.JPG,32.3208326,119.8548254,"32.3423920,119.8378169;32.3352056,119.8590775;32.3423920,119.8399429;32.3531718,119.8356908","32.3459853,119.8144302;32.3352056,119.8314387"
03,Datasets/UAV_VisLoc_dataset/03/drone/03_0431.JPG,32.3226292,119.8548254,"32.3352056,119.8590775;32.3423920,119.8378169;32.3334089,119.8590775;32.3352056,119.8612035","32.3513752,119.8845902;32.3082562,119.8697078"
03,Datasets/UAV_VisLoc_dataset/03/drone/03_0432.JPG,32.3226292,119.8526993,"32.3387988,119.8612035;32.3405954,119.8930944;32.3352056,119.8590775;32.3370022,119.8612035","32.3549684,119.8526993;32.3046630,119.8548254"
03,Datasets/UAV_VisLoc_dataset/03/drone/03_0433.JPG,32.3226292,119.8526993,"32.3387988,119.8612035;32.3370022,119.8612035;32.3405954,119.8930944;32.3352056,119.8612035","32.3549684,119.8484472;32.3513752,119.8186824"
03,Datasets/UAV_VisLoc_dataset/03/drone/03_0434.JPG,32.3226292,119.8505732,"32.3423920,119.8378169;32.3370022,119.8612035;32.3387988,119.8612035;32.3352056,119.8612035","32.3298157,119.8059260;32.3423920,119.8909684"
03,Datasets/UAV_VisLoc_dataset/03/drone/03_0435.JPG,32.3244258,119.8505732,"32.3423920,119.8378169;32.3423920,119.8399429;32.3352056,119.8612035;32.3370022,119.8612035","32.2920866,119.8356908;32.3064596,119.8505732"
03,Datasets/UAV_VisLoc_dataset/03/drone/03_0436.JPG,32.3244258,119.8505732,"32.3423920,119.8378169;32.3423920,119.8399429;32.3531718,119.8356908;32.3495785,119.8399429","32.3262224,119.8335648;32.3334089,119.8208084"
03,Datasets/UAV_VisLoc_dataset/03/drone/03_0437.JPG,32.3244258,119.8484472,"32.3423920,119.8378169;32.3352056,119.8612035;32.3370022,119.8612035;32.3387988,119.8612035","32.3262224,119.8909684;32.3010697,119.8186824"
03,Datasets/UAV_VisLoc_dataset/03/drone/03_0438.JPG,32.3262224,119.8484472,"32.3370022,119.8654556;32.3370022,119.8633296;32.3387988,119.8612035;32.3513752,119.8399429","32.3334089,119.8123042;32.3280191,119.8590775"
03,Datasets/UAV_VisLoc_dataset/03/drone/03_0439.JPG,32.3262224,119.8463211,"32.3387988,119.8612035;32.3370022,119.8654556;32.3352056,119.8654556;32.3370022,119.8633296","32.3154427,119.8420690;32.3352056,119.8675817"
03,Datasets/UAV_VisLoc_dataset/03/drone/03_0440.JPG,32.3262224,119.8463211,"32.3387988,119.8612035;32.3352056,119.8654556;32.3370022,119.8654556;32.3405954,119.8612035","32.3100528,119.8782120;32.3441887,119.8250605"
03,Datasets/UAV_VisLoc_dataset/03/drone/03_0441.JPG,32.3262224,119.8463211,"32.3387988,119.8612035;32.3405954,119.8612035;32.3352056,119.8654556;32.3370022,119.8654556","32.3244258,119.8101781;32.3100528,119.8675817"
03,Datasets/UAV_VisLoc_dataset/03/drone/03_0442.JPG,32.3280191,119.8441951,"32.3405954,119.8612035;32.3298157,119.8633296;32.3316123,119.8612035;32.2956799,119.8165563","32.3172393,119.8186824;32.3010697,119.8675817"
03,Datasets/UAV_VisLoc_dataset/03/drone/03_0443.JPG,32.3280191,119.8441951,"32.3298157,119.8633296;32.3280191,119.8633296;32.2956799,119.8165563;32.3405954,119.8612035","32.3549684,119.8505732;32.3459853,119.8718338"
03,Datasets/UAV_VisLoc_dataset/03/drone/03_0444.JPG,32.3280191,119.8420690,"32.3298157,119.8633296;32.3280191,119.8633296;32.3316123,119.8612035;32.3495785,119.8484472","32.3046630,119.8080521;32.2920866,119.8994726"
03,Datasets/UAV_VisLoc_dataset/03/drone/03_0445.JPG,32.3298157,119.8420690,"32.3316123,119.8612035;32.3298157,119.8590775;32.3316123,119.8590775;32.3298157,119.8633296","32.3405954,119.8526993;32.3549684,119.8484472"
03,Datasets/UAV_VisLoc_dataset/03/drone/03_0446.JPG,32.3298157,119.8420690,"32.3495785,119.8399429;32.3298157,119.8590775;32.3316123,119.8612035;32.3495785,119.8420690","32.3010697,119.8271866;32.2902900,119.8760859"
03,Datasets/UAV_VisLoc_dataset/03/drone/03_0447.JPG,32.3298157,119.8399429,"32.3262224,119.8420690;32.3262224,119.8399429;32.3244258,119.8399429;32.3370022,119.8441951","32.2956799,119.8952205;32.3100528,119.8186824"
03,Datasets/UAV_VisLoc_dataset/03/drone/03_0448.JPG,32.3298157,119.8399429,"32.3334089,119.8548254;32.3262224,119.8420690;32.3262224,119.8399429;32.3244258,119.8399429","32.3046630,119.8994726;32.3334089,119.8250605"
03,Datasets/UAV_VisLoc_dataset/03/drone/03_0449.JPG,32.3316123,119.8399429,"32.3334089,119.8548254;32.3100528,119.8973465;32.3334089,119.8569514;32.3316123,119.8548254","32.3352056,119.8697078;32.3064596,119.8697078"
03,Datasets/UAV_VisLoc_dataset/03/drone/03_0450.JPG,32.3316123,119.8399429,"32.3100528,119.8973465;32.3118495,119.8994726;32.3334089,119.8548254;32.3208326,119.8952205","32.2902900,119.8399429;32.2920866,119.8952205"
03,Datasets/UAV_VisLoc_dataset/03/drone/03_0451.JPG,32.3316123,119.8378169,"32.3100528,119.8973465;32.3334089,119.8548254;32.3118495,119.8994726;32.3208326,119.8952205","32.3441887,119.8165563;32.3262224,119.8782120"
03,Datasets/UAV_VisLoc_dataset/03/drone/03_0452.JPG,32.3334089,119.8378169,"32.3100528,119.8973465;32.3118495,119.8994726;32.3208326,119.8952205;32.3100528,119.8952205","32.3459853,119.8697078;32.2902900,119.8803381"
03,Datasets/UAV_VisLoc_dataset/03/drone/03_0453.JPG,32.3334089,119.8356908,"32.3118495,119.8994726;32.3100528,119.8973465;32.3100528,119.8952205;32.3208326,119.8952205","32.2992731,119.8505732;32.3226292,119.8356908"
03,Datasets/UAV_VisLoc_dataset/03/drone/03_0454.JPG,32.3334089,119.8356908,"32.3100528,119.8973465;32.3118495,119.8994726;32.3100528,119.8952205;32.3208326,119.8952205","32.3046630,119.8101781;32.3172393,119.8697078"
03,Datasets/UAV_VisLoc_dataset/03/drone/03_0455.JPG,32.3334089,119.8356908,"32.3100528,119.8973465;32.3118495,119.8994726;32.3334089,119.8548254;32.3100528,119.8952205","32.3136461,119.8505732;32.3172393,119.8612035"
03,Datasets/UAV_VisLoc_dataset/03/drone/03_0456.JPG,32.3352056,119.8335648,"32.3100528,119.8973465;32.3118495,119.8994726;32.3208326,119.8952205;32.3280191,119.8973465","32.3172393,119.8930944;32.3441887,119.8101781"
03,Datasets/UAV_VisLoc_dataset/03/drone/03_0457.JPG,32.3352056,119.8335648,"32.3100528,119.8973465;32.3118495,119.8994726;32.3208326,119.8952205;32.3280191,119.8973465","32.2974765,119.8484472;32.3495785,119.8250605"
03,Datasets/UAV_VisLoc_dataset/03/drone/03_0458.JPG,32.3352056,119.8314387,"32.3100528,119.8973465;32.3118495,119.8994726;32.3208326,119.8952205;32.3100528,119.8952205","32.3244258,119.8335648;32.3010697,119.8335648"
03,Datasets/UAV_VisLoc_dataset/03/drone/03_0459.JPG,32.3370022,119.8314387,"32.3100528,119.8973465;32.3118495,119.8994726;32.3208326,119.8952205;32.3387988,119.8505732","32.3495785,119.8612035;32.3100528,119.8888423"
03,Datasets/UAV_VisLoc_dataset/03/drone/03_0460.JPG,32.3370022,119.8314387,"32.3100528,119.8973465;32.3208326,119.8952205;32.3118495,119.8994726;32.3298157,119.8548254","32.3334089,119.8590775;32.2992731,119.8335648"
03,Datasets/UAV_VisLoc_dataset/03/drone/03_0461.JPG,32.3370022,119.8293126,"32.3100528,119.8973465;32.3208326,119.8952205;32.3298157,119.8548254;32.3118495,119.8994726","32.3028664,119.8186824;32.3441887,119.8080521"
03,Datasets/UAV_VisLoc_dataset/03/drone/03_0462.JPG,32.3370022,119.8293126,"32.3100528,119.8973465;32.3280191,119.8973465;32.3334089,119.8548254;32.3208326,119.8952205","32.3370022,119.8441951;32.2974765,119.8973465"
03,Datasets/UAV_VisLoc_dataset/03/drone/03_0463.JPG,32.3387988,119.8271866,"32.3100528,119.8973465;32.3316123,119.8548254;32.3334089,119.8548254;32.3118495,119.8994726","32.3280191,119.8165563;32.3531718,119.8612035"
03,Datasets/UAV_VisLoc_dataset/03/drone/03_0464.JPG,32.3387988,119.8271866,"32.3100528,119.8973465;32.3316123,119.8548254;32.3298157,119.8548254;32.3118495,119.8994726","32.3477819,119.8463211;32.3208326,119.8463211"
03,Datasets/UAV_VisLoc_dataset/03/drone/03_0465.JPG,32.3387988,119.8271866,"32.3100528,119.8973465;32.3208326,119.8952205;32.3118495,119.8994726;32.3298157,119.8548254","32.3513752,119.8250605;32.3082562,119.8590775"
03,Datasets/UAV_VisLoc_dataset/03/drone/03_0466.JPG,32.3405954,119.8250605,"32.3100528,119.8973465;32.3208326,119.8952205;32.3459853,119.8526993;32.3118495,119.8994726","32.3405954,119.8080521;32.3118495,119.8697078"
03,Datasets/UAV_VisLoc_dataset/03/drone/03_0467.JPG,32.3405954,119.8250605,"32.3100528,119.8973465;32.3208326,119.8952205;32.3118495,119.8994726;32.3298157,119.8548254","32.3370022,119.8463211;32.3028664,119.8930944"
03,Datasets/UAV_VisLoc_dataset/03/drone/03_0468.JPG,32.3405954,119.8250605,"32.3100528,119.8973465;32.3208326,119.8952205;32.3459853,119.8526993;32.3118495,119.8994726","32.3118495,119.8441951;32.2956799,119.8718338"
03,Datasets/UAV_VisLoc_dataset/03/drone/03_0469.JPG,32.3423920,119.8229345,"32.3100528,119.8973465;32.3208326,119.8952205;32.3118495,119.8994726;32.3280191,119.8973465","32.3118495,119.8675817;32.3352056,119.8356908"
03,Datasets/UAV_VisLoc_dataset/03/drone/03_0470.JPG,32.3423920,119.8229345,"32.3100528,119.8973465;32.3208326,119.8952205;32.3118495,119.8994726;32.3298157,119.8548254","32.3100528,119.8505732;32.3172393,119.8526993"
03,Datasets/UAV_VisLoc_dataset/03/drone/03_0471.JPG,32.3423920,119.8229345,"32.3100528,119.8973465;32.3459853,119.8548254;32.3298157,119.8548254;32.3459853,119.8526993","32.3298157,119.8697078;32.3046630,119.8739599"
03,Datasets/UAV_VisLoc_dataset/03/drone/03_0472.JPG,32.3423920,119.8208084,"32.3459853,119.8548254;32.3244258,119.8952205;32.3459853,119.8526993;32.3208326,119.8952205","32.3298157,119.8293126;32.3387988,119.8845902"
03,Datasets/UAV_VisLoc_dataset/03/drone/03_0473.JPG,32.3441887,119.8208084,"32.3459853,119.8548254;32.3244258,119.8952205;32.2974765,119.8739599;32.3459853,119.8526993","32.3423920,119.8399429;32.3028664,119.8824641"
03,Datasets/UAV_VisLoc_dataset/03/drone/03_0474.JPG,32.3441887,119.8186824,"32.3459853,119.8548254;32.3459853,119.8526993;32.3244258,119.8952205;32.3208326,119.8952205","32.2920866,119.8633296;32.2956799,119.8654556"
03,Datasets/UAV_VisLoc_dataset/03/drone/03_0475.JPG,32.3441887,119.8186824,"32.3100528,119.8973465;32.3459853,119.8526993;32.3208326,119.8952205;32.3459853,119.8548254","32.3190360,119.8760859;32.3280191,119.8909684"
03,Datasets/UAV_VisLoc_dataset/03/drone/03_0476.JPG,32.3459853,119.8186824,"32.3100528,119.8973465;32.3208326,119.8952205;32.3118495,119.8994726;32.3298157,119.8548254","32.3046630,119.8675817;32.3334089,119.8505732"
03,Datasets/UAV_VisLoc_dataset/03/drone/03_0477.JPG,32.3459853,119.8165563,"32.3100528,119.8973465;32.3118495,119.8994726;32.3208326,119.8952205;32.3298157,119.8548254","32.3459853,119.8548254;32.2920866,119.8526993"
03,Datasets/UAV_VisLoc_dataset/03/drone/03_0478.JPG,32.3459853,119.8165563,"32.3100528,119.8973465;32.3334089,119.8548254;32.3118495,119.8994726;32.3208326,119.8952205","32.3190360,119.8080521;32.3262224,119.8293126"
03,Datasets/UAV_VisLoc_dataset/03/drone/03_0479.JPG,32.3459853,119.8144302,"32.3100528,119.8973465;32.3118495,119.8994726;32.3208326,119.8952205;32.3298157,119.8548254","32.2938832,119.8930944;32.3154427,119.8590775"
03,Datasets/UAV_VisLoc_dataset/03/drone/03_0480.JPG,32.3477819,119.8144302,"32.3100528,119.8973465;32.3459853,119.8548254;32.3118495,119.8994726;32.3208326,119.8952205","32.2974765,119.8930944;32.3423920,119.8484472"
03,Datasets/UAV_VisLoc_dataset/03/drone/03_0481.JPG,32.3459853,119.8123042,"32.3100528,119.8973465;32.3208326,119.8952205;32.3118495,119.8994726;32.3298157,119.8548254","32.3172393,119.8463211;32.3513752,119.8250605"
03,Datasets/UAV_VisLoc_dataset/03/drone/03_0482.JPG,32.3459853,119.8144302,"32.3100528,119.8973465;32.3208326,119.8952205;32.3118495,119.8994726;32.3298157,119.8548254","32.3280191,119.8484472;32.3513752,119.8441951"
03,Datasets/UAV_VisLoc_dataset/03/drone/03_0483.JPG,32.3441887,119.8144302,"32.3100528,119.8973465;32.3208326,119.8952205;32.3118495,119.8994726;32.3298157,119.8548254","32.2902900,119.8654556;32.3082562,119.8718338"
03,Datasets/UAV_VisLoc_dataset/03/drone/03_0484.JPG,32.3441887,119.8144302,"32.3100528,119.8973465;32.3208326,119.8952205;32.3298157,119.8548254;32.3118495,119.8994726","32.3226292,119.8314387;32.3531718,119.8335648"
03,Datasets/UAV_VisLoc_dataset/03/drone/03_0485.JPG,32.3441887,119.8165563,"32.3459853,119.8526993;32.3100528,119.8973465;32.3298157,119.8548254;32.3208326,119.8952205","32.2902900,119.8463211;32.3477819,119.8293126"
03,Datasets/UAV_VisLoc_dataset/03/drone/03_0486.JPG,32.3423920,119.8165563,"32.3100528,119.8973465;32.3459853,119.8526993;32.3208326,119.8952205;32.3298157,119.8548254","32.3531718,119.8952205;32.3352056,119.8314387"
03,Datasets/UAV_VisLoc_dataset/03/drone/03_0487.JPG,32.3423920,119.8186824,"32.3100528,119.8973465;32.3118495,119.8994726;32.3208326,119.8952205;32.3298157,119.8548254","32.3495785,119.8633296;32.3046630,119.8250605"
03,Datasets/UAV_VisLoc_dataset/03/drone/03_0488.JPG,32.3423920,119.8186824,"32.3100528,119.8973465;32.3118495,119.8994726;32.3208326,119.8952205;32.3280191,119.8973465","32.3010697,119.8760859;32.3244258,119.8420690"
03,Datasets/UAV_VisLoc_dataset/03/drone/03_0489.JPG,32.3423920,119.8186824,"32.3100528,119.8973465;32.3118495,119.8994726;32.3208326,119.8952205;32.3100528,119.8952205","32.2938832,119.8760859;32.2938832,119.8378169"
03,Datasets/UAV_VisLoc_dataset/03/drone/03_0490.JPG,32.3405954,119.8208084,"32.3100528,119.8973465;32.3334089,119.8548254;32.3208326,119.8952205;32.3316123,119.8548254","32.2938832,119.8165563;32.3280191,119.8633296"
03,Datasets/UAV_VisLoc_dataset/03/drone/03_0491.JPG,32.3405954,119.8208084,"32.3100528,119.8973465;32.3298157,119.8548254;32.3334089,119.8548254;32.3316123,119.8548254","32.3190360,119.8994726;32.3280191,119.8718338"
03,Datasets/UAV_VisLoc_dataset/03/drone/03_0492.JPG,32.3405954,119.8229345,"32.3459853,119.8548254;32.3298157,119.8548254;32.3459853,119.8526993;32.3316123,119.8548254","32.3298157,119.8484472;32.3262224,119.8165563"
03,Datasets/UAV_VisLoc_dataset/03/drone/03_0493.JPG,32.3387988,119.8229345,"32.3459853,119.8548254;32.3459853,119.8526993;32.3118495,119.8994726;32.3298157,119.8548254","32.2992731,119.8441951;32.3316123,119.8526993"
03,Datasets/UAV_VisLoc_dataset/03/drone/03_0494.JPG,32.3387988,119.8229345,"32.3459853,119.8548254;32.3118495,119.8994726;32.3208326,119.8952205;32.3298157,119.8548254","32.3352056,119.8484472;32.2938832,119.8675817"
03,Datasets/UAV_VisLoc_dataset/03/drone/03_0495.JPG,32.3387988,119.8250605,"32.3118495,119.8994726;32.3100528,119.8973465;32.3208326,119.8952205;32.3459853,119.8548254","32.3370022,119.8548254;32.3010697,119.8505732"
03,Datasets/UAV_VisLoc_dataset/03/drone/03_0496.JPG,32.3370022,119.8250605,"32.3100528,119.8973465;32.3244258,119.8952205;32.3208326,119.8952205;32.3118495,119.8994726","32.3226292,119.8463211;32.3190360,119.8654556"
03,Datasets/UAV_VisLoc_dataset/03/drone/03_0497.JPG,32.3370022,119.8250605,"32.3100528,119.8973465;32.3208326,119.8952205;32.3118495,119.8994726;32.3298157,119.8548254","32.3244258,119.8229345;32.3208326,119.8952205"
03,Datasets/UAV_VisLoc_dataset/03/drone/03_0498.JPG,32.3370022,119.8271866,"32.3100528,119.8973465;32.3118495,119.8994726;32.3208326,119.8952205;32.3298157,119.8548254","32.3531718,119.8930944;32.3513752,119.8463211"
03,Datasets/UAV_VisLoc_dataset/03/drone/03_0499.JPG,32.3370022,119.8271866,"32.3100528,119.8973465;32.3118495,119.8994726;32.3334089,119.8526993;32.3280191,119.8973465","32.2902900,119.8845902;32.3370022,119.8930944"
03,Datasets/UAV_VisLoc_dataset/03/drone/03_0500.JPG,32.3352056,119.8271866,"32.3100528,119.8973465;32.3118495,119.8994726;32.3334089,119.8526993;32.3208326,119.8952205","32.3010697,119.8186824;32.3531718,119.8930944"
03,Datasets/UAV_VisLoc_dataset/03/drone/03_0501.JPG,32.3352056,119.8293126,"32.3100528,119.8973465;32.3118495,119.8994726;32.3208326,119.8952205;32.3100528,119.8952205","32.3370022,119.8888423;32.3028664,119.8760859"
03,Datasets/UAV_VisLoc_dataset/03/drone/03_0502.JPG,32.3352056,119.8293126,"32.3100528,119.8973465;32.3118495,119.8994726;32.3208326,119.8952205;32.3100528,119.8952205","32.3262224,119.8973465;32.3513752,119.8973465"
03,Datasets/UAV_VisLoc_dataset/03/drone/03_0503.JPG,32.3334089,119.8314387,"32.3100528,119.8973465;32.3118495,119.8994726;32.3208326,119.8952205;32.3100528,119.8952205","32.2956799,119.8484472;32.3387988,119.8208084"
03,Datasets/UAV_VisLoc_dataset/03/drone/03_0504.JPG,32.3334089,119.8314387,"32.3100528,119.8973465;32.3118495,119.8994726;32.3208326,119.8952205;32.3280191,119.8973465","32.3531718,119.8144302;32.3477819,119.8101781"
03,Datasets/UAV_VisLoc_dataset/03/drone/03_0505.JPG,32.3334089,119.8314387,"32.3100528,119.8973465;32.3118495,119.8994726;32.3208326,119.8952205;32.3280191,119.8973465","32.3136461,119.8356908;32.3028664,119.8101781"
03,Datasets/UAV_VisLoc_dataset/03/drone/03_0506.JPG,32.3334089,119.8335648,"32.3100528,119.8973465;32.3118495,119.8994726;32.3208326,119.8952205;32.3280191,119.8973465","32.3423920,119.8441951;32.3046630,119.8548254"
03,Datasets/UAV_VisLoc_dataset/03/drone/03_0507.JPG,32.3316123,119.8335648,"32.3100528,119.8973465;32.3118495,119.8994726;32.3208326,119.8952205;32.3280191,119.8973465","32.3298157,119.8505732;32.3190360,119.8845902"
03,Datasets/UAV_VisLoc_dataset/03/drone/03_0508.JPG,32.3316123,119.8356908,"32.3100528,119.8973465;32.3118495,119.8994726;32.3208326,119.8952205;32.3459853,119.8548254","32.3064596,119.8144302;32.2974765,119.8399429"
03,Datasets/UAV_VisLoc_dataset/03/drone/03_0509.JPG,32.3316123,119.8356908,"32.3100528,119.8973465;32.3208326,119.8952205;32.3118495,119.8994726;32.3459853,119.8548254","32.3352056,119.8888423;32.3316123,119.8760859"
03,Datasets/UAV_VisLoc_dataset/03/drone/03_0510.JPG,32.3298157,119.8356908,"32.3100528,119.8973465;32.3208326,119.8952205;32.3118495,119.8994726;32.3298157,119.8548254","32.2992731,119.8335648;32.3244258,119.8250605"
03,Datasets/UAV_VisLoc_dataset/03/drone/03_0511.JPG,32.3298157,119.8378169,"32.3100528,119.8973465;32.3118495,119.8994726;32.3208326,119.8952205;32.3298157,119.8548254","32.2956799,119.8165563;32.3352056,119.8101781"
03,Datasets/UAV_VisLoc_dataset/03/drone/03_0512.JPG,32.3298157,119.8378169,"32.3100528,119.8973465;32.3118495,119.8994726;32.3208326,119.8952205;32.3334089,119.8548254","32.3100528,119.8994726;32.3459853,119.8973465"
03,Datasets/UAV_VisLoc_dataset/03/drone/03_0513.JPG,32.3298157,119.8399429,"32.3334089,119.8548254;32.3100528,119.8973465;32.3118495,119.8994726;32.3316123,119.8548254","32.3154427,119.8654556;32.2938832,119.8526993"
03,Datasets/UAV_VisLoc_dataset/03/drone/03_0514.JPG,32.3280191,119.8399429,"32.3334089,119.8548254;32.3100528,119.8973465;32.3405954,119.8590775;32.3405954,119.8612035","32.3405954,119.8356908;32.3405954,119.8378169"
03,Datasets/UAV_VisLoc_dataset/03/drone/03_0515.JPG,32.3280191,119.8399429,"32.3334089,119.8548254;32.3334089,119.8569514;32.3405954,119.8590775;32.3405954,119.8612035","32.3226292,119.8271866;32.3082562,119.8123042"
03,Datasets/UAV_VisLoc_dataset/03/drone/03_0516.JPG,32.3280191,119.8399429,"32.3298157,119.8633296;32.3316123,119.8612035;32.3405954,119.8612035;32.3316123,119.8590775","32.2902900,119.8909684;32.3459853,119.8590775"
03,Datasets/UAV_VisLoc_dataset/03/drone/03_0517.JPG,32.3262224,119.8420690,"32.3298157,119.8633296;32.2974765,119.8165563;32.3316123,119.8590775;32.3316123,119.8612035","32.3226292,119.8803381;32.3100528,119.8229345"
03,Datasets/UAV_VisLoc_dataset/03/drone/03_0518.JPG,32.3262224,119.8420690,"32.3316123,119.8590775;32.3298157,119.8590775;32.3316123,119.8612035;32.3495785,119.8484472","32.2920866,119.8271866;32.3172393,119.8739599"
03,Datasets/UAV_VisLoc_dataset/03/drone/03_0519.JPG,32.3262224,119.8420690,"32.3298157,119.8633296;32.3280191,119.8633296;32.2956799,119.8165563;32.3477819,119.8463211","32.3531718,119.8356908;32.3046630,119.8867162"
03,Datasets/UAV_VisLoc_dataset/03/drone/03_0520.JPG,32.3262224,119.8441951,"32.3298157,119.8633296;32.3280191,119.8633296;32.3405954,119.8612035;32.2956799,119.8165563","32.2974765,119.8123042;32.3010697,119.8697078"
03,Datasets/UAV_VisLoc_dataset/03/drone/03_0521.JPG,32.3244258,119.8441951,"32.3405954,119.8612035;32.3405954,119.8590775;32.3316123,119.8612035;32.3298157,119.8633296","32.3370022,119.8101781;32.3477819,119.8930944"
03,Datasets/UAV_VisLoc_dataset/03/drone/03_0522.JPG,32.3244258,119.8463211,"32.3405954,119.8590775;32.2938832,119.8165563;32.2902900,119.8165563;32.3387988,119.8590775","32.2974765,119.8994726;32.3064596,119.8973465"
03,Datasets/UAV_VisLoc_dataset/03/drone/03_0523.JPG,32.3244258,119.8463211,"32.3405954,119.8590775;32.3387988,119.8590775;32.2938832,119.8165563;32.2902900,119.8165563","32.2992731,119.8399429;32.3010697,119.8612035"
03,Datasets/UAV_VisLoc_dataset/03/drone/03_0524.JPG,32.3226292,119.8463211,"32.3387988,119.8612035;32.3298157,119.8612035;32.3405954,119.8612035;32.3405954,119.8590775","32.2974765,119.8697078;32.2920866,119.8697078"
03,Datasets/UAV_VisLoc_dataset/03/drone/03_0525.JPG,32.3226292,119.8484472,"32.3387988,119.8612035;32.3405954,119.8612035;32.3352056,119.8612035;32.3370022,119.8612035","32.3190360,119.8378169;32.3082562,119.8144302"
03,Datasets/UAV_VisLoc_dataset/03/drone/03_0526.JPG,32.3226292,119.8484472,"32.3352056,119.8612035;32.3370022,119.8612035;32.3405954,119.8612035;32.3423920,119.8930944","32.3028664,119.8441951;32.3172393,119.8930944"
03,Datasets/UAV_VisLoc_dataset/03/drone/03_0527.JPG,32.3208326,119.8505732,"32.3352056,119.8590775;32.3405954,119.8930944;32.3352056,119.8612035;32.3423920,119.8930944","32.3154427,119.8845902;32.3262224,119.8633296"
03,Datasets/UAV_VisLoc_dataset/03/drone/03_0528.JPG,32.3208326,119.8505732,"32.3352056,119.8590775;32.3513752,119.8378169;32.3352056,119.8612035;32.3334089,119.8590775","32.3064596,119.8867162;32.3064596,119.8505732"
03,Datasets/UAV_VisLoc_dataset/03/drone/03_0529.JPG,32.3208326,119.8505732,"32.3513752,119.8378169;32.3352056,119.8590775;32.3046630,119.8080521;32.3531718,119.8378169","32.2920866,119.8165563;32.3352056,119.8909684"
03,Datasets/UAV_VisLoc_dataset/03/drone/03_0530.JPG,32.3208326,119.8526993,"32.3513752,119.8378169;32.3513752,119.8399429;32.3046630,119.8080521;32.3226292,119.8505732","32.3136461,119.8271866;32.3082562,119.8782120"
03,Datasets/UAV_VisLoc_dataset/03/drone/03_0531.JPG,32.3190360,119.8526993,"32.3513752,119.8378169;32.3513752,119.8399429;32.3423920,119.8378169;32.3387988,119.8633296","32.3405954,119.8548254;32.3334089,119.8718338"
03,Datasets/UAV_VisLoc_dataset/03/drone/03_0532.JPG,32.3190360,119.8548254,"32.3513752,119.8378169;32.3423920,119.8378169;32.3352056,119.8590775;32.3513752,119.8356908","32.2902900,119.8505732;32.3172393,119.8123042"
03,Datasets/UAV_VisLoc_dataset/03/drone/03_0533.JPG,32.3190360,119.8548254,"32.3513752,119.8378169;32.3513752,119.8399429;32.3352056,119.8612035;32.3423920,119.8378169","32.3100528,119.8909684;32.3046630,119.8760859"
03,Datasets/UAV_VisLoc_dataset/03/drone/03_0534.JPG,32.3172393,119.8548254,"32.3513752,119.8378169;32.3513752,119.8399429;32.3531718,119.8378169;32.3064596,119.8378169","32.3100528,119.8420690;32.3154427,119.8378169"
03,Datasets/UAV_VisLoc_dataset/03/drone/03_0535.JPG,32.3172393,119.8569514,"32.3513752,119.8399429;32.3513752,119.8378169;32.3531718,119.8378169;32.3064596,119.8378169","32.2902900,119.8250605;32.3441887,119.8335648"
03,Datasets/UAV_VisLoc_dataset/03/drone/03_0536.JPG,32.3172393,119.8569514,"32.3513752,119.8399429;32.3531718,119.8378169;32.3513752,119.8378169;32.3064596,119.8378169","32.3262224,119.8441951;32.3459853,119.8590775"
03,Datasets/UAV_VisLoc_dataset/03/drone/03_0537.JPG,32.3172393,119.8569514,"32.3352056,119.8612035;32.3513752,119.8399429;32.3370022,119.8612035;32.3064596,119.8378169","32.2992731,119.8165563;32.3298157,119.8675817"
03,Datasets/UAV_VisLoc_dataset/03/drone/03_0538.JPG,32.3154427,119.8590775,"32.3352056,119.8612035;32.3423920,119.8378169;32.3370022,119.8612035;32.3513752,119.8399429","32.3334089,119.8059260;32.3244258,119.8909684"
03,Datasets/UAV_VisLoc_dataset/03/drone/03_0539.JPG,32.3154427,119.8590775,"32.3423920,119.8378169;32.3370022,119.8612035;32.3352056,119.8612035;32.3064596,119.8378169","32.3459853,119.8867162;32.3118495,119.8484472"
03,Datasets/UAV_VisLoc_dataset/03/drone/03_0540.JPG,32.3154427,119.8590775,"32.2992731,119.8123042;32.3298157,119.8590775;32.3495785,119.8399429;32.3423920,119.8378169","32.2956799,119.8548254;32.3387988,119.8782120"
03,Datasets/UAV_VisLoc_dataset/03/drone/03_0541.JPG,32.3136461,119.8612035,"32.2992731,119.8123042;32.3082562,119.8378169;32.3208326,119.8399429;32.3495785,119.8399429","32.3423920,119.8356908;32.3459853,119.8186824"
03,Datasets/UAV_VisLoc_dataset/03/drone/03_0542.JPG,32.3136461,119.8612035,"32.3208326,119.8399429;32.2992731,119.8123042;32.3082562,119.8378169;32.3208326,119.8186824","32.3100528,119.8952205;32.2902900,119.8803381"
03,Datasets/UAV_VisLoc_dataset/03/drone/03_0543.JPG,32.3136461,119.8633296,"32.2992731,119.8123042;32.2974765,119.8123042;32.3208326,119.8399429;32.3082562,119.8378169","32.3298157,119.8952205;32.3046630,119.8782120"
03,Datasets/UAV_VisLoc_dataset/03/drone/03_0544.JPG,32.3136461,119.8633296,"32.2974765,119.8123042;32.2956799,119.8123042;32.2992731,119.8123042;32.2974765,119.8101781","32.3495785,119.8612035;32.3082562,119.8314387"
03,Datasets/UAV_VisLoc_dataset/03/drone/03_0545.JPG,32.3118495,119.8633296,"32.3477819,119.8441951;32.2974765,119.8123042;32.3495785,119.8399429;32.3495785,119.8420690","32.3423920,119.8526993;32.3244258,119.8484472"
03,Datasets/UAV_VisLoc_dataset/03/drone/03_0546.JPG,32.3118495,119.8654556,"32.3423920,119.8378169;32.3531718,119.8356908;32.3423920,119.8399429;32.3513752,119.8399429","32.3064596,119.8824641;32.3513752,119.8526993"
03,Datasets/UAV_VisLoc_dataset/03/drone/03_0547.JPG,32.3118495,119.8654556,"32.3423920,119.8378169;32.3082562,119.8378169;32.3531718,119.8356908;32.3495785,119.8399429","32.3387988,119.8760859;32.3549684,119.8335648"
03,Datasets/UAV_VisLoc_dataset/03/drone/03_0548.JPG,32.3100528,119.8675817,"32.2992731,119.8123042;32.3495785,119.8399429;32.3423920,119.8675817;32.3082562,119.8378169","32.3154427,119.8293126;32.3208326,119.8484472"
03,Datasets/UAV_VisLoc_dataset/03/drone/03_0549.JPG,32.3100528,119.8675817,"32.3423920,119.8675817;32.3495785,119.8399429;32.3495785,119.8420690;32.2992731,119.8123042","32.3262224,119.8654556;32.3280191,119.8059260"
03,Datasets/UAV_VisLoc_dataset/03/drone/03_0550.JPG,32.3100528,119.8675817,"32.3334089,119.8569514;32.3495785,119.8399429;32.3423920,119.8378169;32.3495785,119.8420690","32.3136461,119.8144302;32.3423920,119.8718338"
03,Datasets/UAV_VisLoc_dataset/03/drone/03_0551.JPG,32.3100528,119.8697078,"32.3046630,119.8101781;32.3495785,119.8399429;32.3423920,119.8378169;32.3423920,119.8675817","32.3010697,119.8803381;32.3549684,119.8569514"
03,Datasets/UAV_VisLoc_dataset/03/drone/03_0552.JPG,32.3082562,119.8697078,"32.3046630,119.8101781;32.3423920,119.8675817;32.3423920,119.8378169;32.3513752,119.8378169","32.3208326,119.8718338;32.2938832,119.8760859"
03,Datasets/UAV_VisLoc_dataset/03/drone/03_0553.JPG,32.3082562,119.8718338,"32.3423920,119.8378169;32.3423920,119.8675817;32.3531718,119.8356908;32.3441887,119.8675817","32.3244258,119.8803381;32.3459853,119.8463211"
03,Datasets/UAV_VisLoc_dataset/03/drone/03_0554.JPG,32.3082562,119.8718338,"32.3423920,119.8378169;32.3513752,119.8378169;32.3064596,119.8378169;32.3531718,119.8356908","32.3226292,119.8697078;32.2902900,119.8144302"
03,Datasets/UAV_VisLoc_dataset/03/drone/03_0555.JPG,32.3064596,119.8718338,"32.3423920,119.8378169;32.3513752,119.8378169;32.3064596,119.8378169;32.3531718,119.8356908","32.3100528,119.8399429;32.3549684,119.8250605"
03,Datasets/UAV_VisLoc_dataset/03/drone/03_0556.JPG,32.3064596,119.8739599,"32.3423920,119.8378169;32.3352056,119.8612035;32.3064596,119.8378169;32.3513752,119.8378169","32.2974765,119.8633296;32.2902900,119.8675817"
03,Datasets/UAV_VisLoc_dataset/03/drone/03_0557.JPG,32.3064596,119.8739599,"32.3423920,119.8378169;32.3513752,119.8378169;32.3352056,119.8612035;32.3064596,119.8378169","32.2920866,119.8845902;32.3387988,119.8356908"
03,Datasets/UAV_VisLoc_dataset/03/drone/03_0558.JPG,32.3064596,119.8739599,"32.3513752,119.8378169;32.3423920,119.8675817;32.3423920,119.8378169;32.3441887,119.8675817","32.3549684,119.8484472;32.3082562,119.8505732"
03,Datasets/UAV_VisLoc_dataset/03/drone/03_0559.JPG,32.3046630,119.8739599,"32.3423920,119.8675817;32.3441887,119.8675817;32.3495785,119.8399429;32.3010697,119.8463211","32.2920866,119.8633296;32.3244258,119.8548254"
03,Datasets/UAV_VisLoc_dataset/03/drone/03_0560.JPG,32.3046630,119.8760859,"32.3423920,119.8675817;32.3441887,119.8675817;32.3010697,119.8463211;32.3513752,119.8803381","32.3190360,119.8654556;32.3280191,119.8059260"
03,Datasets/UAV_VisLoc_dataset/03/drone/03_0561.JPG,32.3046630,119.8760859,"32.3513752,119.8803381;32.3423920,119.8675817;32.3441887,119.8675817;32.3010697,119.8463211","32.3513752,119.8548254;32.3387988,119.8526993"
03,Datasets/UAV_VisLoc_dataset/03/drone/03_0562.JPG,32.3028664,119.8782120,"32.3423920,119.8675817;32.3441887,119.8675817;32.3423920,119.8378169;32.3064596,119.8378169","32.3549684,119.8548254;32.3531718,119.8994726"
03,Datasets/UAV_VisLoc_dataset/03/drone/03_0563.JPG,32.3028664,119.8782120,"32.3423920,119.8378169;32.3423920,119.8675817;32.2992731,119.8123042;32.2974765,119.8123042","32.3082562,119.8526993;32.3477819,119.8803381"
03,Datasets/UAV_VisLoc_dataset/03/drone/03_0564.JPG,32.3028664,119.8782120,"32.3423920,119.8378169;32.3531718,119.8356908;32.2992731,119.8144302;32.3495785,119.8399429","32.3477819,119.8101781;32.3387988,119.8378169"
03,Datasets/UAV_VisLoc_dataset/03/drone/03_0565.JPG,32.3028664,119.8803381,"32.3423920,119.8378169;32.3531718,119.8356908;32.3423920,119.8675817;32.3495785,119.8399429","32.2974765,119.8994726;32.3208326,119.8569514"
03,Datasets/UAV_VisLoc_dataset/03/drone/03_0566.JPG,32.3010697,119.8803381,"32.3423920,119.8378169;32.3531718,119.8356908;32.3423920,119.8675817;32.3441887,119.8675817","32.3190360,119.8356908;32.3459853,119.8909684"
03,Datasets/UAV_VisLoc_dataset/03/drone/03_0567.JPG,32.3010697,119.8824641,"32.3082562,119.8378169;32.3423920,119.8675817;32.3423920,119.8378169;32.3441887,119.8675817","32.3172393,119.8505732;32.3136461,119.8378169"
03,Datasets/UAV_VisLoc_dataset/03/drone/03_0568.JPG,32.3010697,119.8824641,"32.3082562,119.8378169;32.3423920,119.8675817;32.3423920,119.8378169;32.3064596,119.8378169","32.3549684,119.8208084;32.3495785,119.8888423"
03,Datasets/UAV_VisLoc_dataset/03/drone/03_0569.JPG,32.2992731,119.8824641,"32.3082562,119.8378169;32.3064596,119.8378169;32.2992731,119.8123042;32.3423920,119.8378169","32.3370022,119.8675817;32.3028664,119.8718338"
03,Datasets/UAV_VisLoc_dataset/03/drone/03_0570.JPG,32.2992731,119.8845902,"32.2992731,119.8123042;32.3064596,119.8378169;32.3495785,119.8399429;32.3423920,119.8675817","32.2920866,119.8144302;32.3046630,119.8441951"
03,Datasets/UAV_VisLoc_dataset/03/drone/03_0571.JPG,32.2992731,119.8845902,"32.2992731,119.8123042;32.3423920,119.8675817;32.3064596,119.8378169;32.3495785,119.8399429","32.3280191,119.8612035;32.3172393,119.8569514"
03,Datasets/UAV_VisLoc_dataset/03/drone/03_0572.JPG,32.2974765,119.8867162,"32.3423920,119.8675817;32.2992731,119.8123042;32.3190360,119.8186824;32.3064596,119.8378169","32.3352056,119.8739599;32.3370022,119.8930944"
03,Datasets/UAV_VisLoc_dataset/03/drone/03_0573.JPG,32.2974765,119.8867162,"32.3100528,119.8973465;32.3118495,119.8994726;32.3208326,119.8952205;32.3334089,119.8526993","32.3028664,119.8718338;32.3244258,119.8633296"
03,Datasets/UAV_VisLoc_dataset/03/drone/03_0574.JPG,32.2974765,119.8867162,"32.3100528,119.8973465;32.3118495,119.8994726;32.3334089,119.8548254;32.3100528,119.8952205","32.3154427,119.8845902;32.3082562,119.8973465"
03,Datasets/UAV_VisLoc_dataset/03/drone/03_0575.JPG,32.2974765,119.8888423,"32.3100528,119.8973465;32.3118495,119.8994726;32.3334089,119.8548254;32.3316123,119.8548254","32.3172393,119.8867162;32.3154427,119.8271866"
03,Datasets/UAV_VisLoc_dataset/03/drone/03_0576.JPG,32.2956799,119.8888423,"32.3316123,119.8548254;32.3334089,119.8548254;32.3118495,119.8994726;32.3100528,119.8973465","32.3370022,119.8994726;32.3118495,119.8378169"
03,Datasets/UAV_VisLoc_dataset/03/drone/03_0577.JPG,32.2938832,119.8888423,"32.3100528,119.8973465;32.3118495,119.8994726;32.3316123,119.8548254;32.3100528,119.8952205","32.3334089,119.8697078;32.3226292,119.8101781"
03,Datasets/UAV_VisLoc_dataset/03/drone/03_0578.JPG,32.2956799,119.8867162,"32.3118495,119.8994726;32.3100528,119.8973465;32.3100528,119.8952205;32.3316123,119.8548254","32.3459853,119.8782120;32.2974765,119.8463211"
03,Datasets/UAV_VisLoc_dataset/03/drone/03_0579.JPG,32.2956799,119.8867162,"32.3100528,119.8973465;32.3118495,119.8994726;32.3208326,119.8952205;32.3387988,119.8505732","32.3082562,119.8973465;32.3280191,119.8824641"
03,Datasets/UAV_VisLoc_dataset/03/drone/03_0580.JPG,32.2956799,119.8845902,"32.3100528,119.8973465;32.3118495,119.8994726;32.3208326,119.8952205;32.3387988,119.8505732","32.3495785,119.8505732;32.2920866,119.8675817"
03,Datasets/UAV_VisLoc_dataset/03/drone/03_0581.JPG,32.2956799,119.8845902,"32.3100528,119.8973465;32.3118495,119.8994726;32.3208326,119.8952205;32.3100528,119.8952205","32.3387988,119.8867162;32.3136461,119.8803381"
03,Datasets/UAV_VisLoc_dataset/03/drone/03_0582.JPG,32.2974765,119.8845902,"32.3100528,119.8973465;32.3118495,119.8994726;32.3100528,119.8952205;32.3316123,119.8548254","32.3280191,119.8633296;32.3244258,119.8186824"
03,Datasets/UAV_VisLoc_dataset/03/drone/03_0583.JPG,32.2974765,119.8824641,"32.2974765,119.8123042;32.3495785,119.8399429;32.3531718,119.8378169;32.2992731,119.8123042","32.3531718,119.8356908;32.2992731,119.8356908"
03,Datasets/UAV_VisLoc_dataset/03/drone/03_0584.JPG,32.2974765,119.8824641,"32.3495785,119.8399429;32.3495785,119.8420690;32.2974765,119.8123042;32.2992731,119.8123042","32.3405954,119.8144302;32.3352056,119.8675817"
03,Datasets/UAV_VisLoc_dataset/03/drone/03_0585.JPG,32.2992731,119.8803381,"32.3082562,119.8378169;32.3423920,119.8675817;32.3495785,119.8399429;32.3495785,119.8420690","32.2992731,119.8484472;32.3118495,119.8271866"
03,Datasets/UAV_VisLoc_dataset/03/drone/03_0586.JPG,32.2992731,119.8803381,"32.3082562,119.8378169;32.3423920,119.8675817;32.2992731,119.8123042;32.3495785,119.8399429","32.3513752,119.8782120;32.3495785,119.8697078"
03,Datasets/UAV_VisLoc_dataset/03/drone/03_0587.JPG,32.2992731,119.8803381,"32.3082562,119.8378169;32.3423920,119.8675817;32.3423920,119.8378169;32.3495785,119.8399429","32.3316123,119.8165563;32.3010697,119.8293126"
03,Datasets/UAV_VisLoc_dataset/03/drone/03_0588.JPG,32.3010697,119.8782120,"32.3423920,119.8378169;32.3064596,119.8378169;32.3082562,119.8378169;32.3423920,119.8675817","32.3190360,119.8420690;32.3370022,119.8909684"
03,Datasets/UAV_VisLoc_dataset/03/drone/03_0589.JPG,32.3010697,119.8782120,"32.3423920,119.8378169;32.3423920,119.8675817;32.2992731,119.8123042;32.3082562,119.8378169","32.3226292,119.8973465;32.3549684,119.8739599"
03,Datasets/UAV_VisLoc_dataset/03/drone/03_0590.JPG,32.3010697,119.8760859,"32.3423920,119.8378169;32.3423920,119.8675817;32.3531718,119.8356908;32.3495785,119.8399429","32.3010697,119.8505732;32.3262224,119.8335648"
03,Datasets/UAV_VisLoc_dataset/03/drone/03_0591.JPG,32.3010697,119.8760859,"32.3441887,119.8675817;32.3423920,119.8675817;32.3495785,119.8399429;32.3495785,119.8420690","32.3262224,119.8059260;32.3441887,119.8845902"
03,Datasets/UAV_VisLoc_dataset/03/drone/03_0592.JPG,32.3028664,119.8760859,"32.3423920,119.8675817;32.3441887,119.8675817;32.3495785,119.8399429;32.3423920,119.8378169","32.3028664,119.8144302;32.3423920,119.8314387"
03,Datasets/UAV_VisLoc_dataset/03/drone/03_0593.JPG,32.3028664,119.8739599,"32.3423920,119.8378169;32.3064596,119.8378169;32.3531718,119.8356908;32.3423920,119.8675817","32.3154427,119.8080521;32.3316123,119.8399429"
03,Datasets/UAV_VisLoc_dataset/03/drone/03_0594.JPG,32.3028664,119.8739599,"32.3423920,119.8378169;32.3513752,119.8378169;32.3064596,119.8378169;32.3513752,119.8356908","32.2938832,119.8612035;32.3513752,119.8484472"
03,Datasets/UAV_VisLoc_dataset/03/drone/03_0595.JPG,32.3046630,119.8739599,"32.3423920,119.8378169;32.3513752,119.8378169;32.3064596,119.8378169;32.3352056,119.8612035","32.3082562,119.8484472;32.3082562,119.8845902"
03,Datasets/UAV_VisLoc_dataset/03/drone/03_0596.JPG,32.3046630,119.8718338,"32.3423920,119.8378169;32.3513752,119.8378169;32.3064596,119.8378169;32.3352056,119.8612035","32.3531718,119.8080521;32.2956799,119.8888423"
03,Datasets/UAV_VisLoc_dataset/03/drone/03_0597.JPG,32.3046630,119.8718338,"32.3423920,119.8378169;32.3513752,119.8378169;32.3064596,119.8378169;32.3352056,119.8612035","32.3136461,119.8526993;32.3064596,119.8420690"
03,Datasets/UAV_VisLoc_dataset/03/drone/03_0598.JPG,32.3046630,119.8718338,"32.3423920,119.8378169;32.3513752,119.8378169;32.3046630,119.8101781;32.3531718,119.8356908","32.2920866,119.8208084;32.3441887,119.8803381"
03,Datasets/UAV_VisLoc_dataset/03/drone/03_0599.JPG,32.3064596,119.8697078,"32.3046630,119.8101781;32.3423920,119.8378169;32.3495785,119.8399429;32.3334089,119.8569514","32.3082562,119.8909684;32.3100528,119.8165563"
03,Datasets/UAV_VisLoc_dataset/03/drone/03_0600.JPG,32.3064596,119.8697078,"32.3477819,119.8356908;32.3495785,119.8399429;32.3477819,119.8378169;32.3226292,119.8505732","32.3172393,119.8123042;32.3495785,119.8909684"
03,Datasets/UAV_VisLoc_dataset/03/drone/03_0601.JPG,32.3064596,119.8675817,"32.3495785,119.8399429;32.2992731,119.8123042;32.3477819,119.8356908;32.3495785,119.8420690","32.3549684,119.8335648;32.3172393,119.8335648"
03,Datasets/UAV_VisLoc_dataset/03/drone/03_0602.JPG,32.3082562,119.8675817,"32.2992731,119.8123042;32.3495785,119.8399429;32.3495785,119.8420690;32.3477819,119.8378169","32.3136461,119.8101781;32.3136461,119.8548254"
03,Datasets/UAV_VisLoc_dataset/03/drone/03_0603.JPG,32.3082562,119.8675817,"32.2992731,119.8123042;32.3082562,119.8378169;32.3495785,119.8399429;32.3298157,119.8590775","32.3316123,119.8080521;32.2956799,119.8208084"
03,Datasets/UAV_VisLoc_dataset/03/drone/03_0604.JPG,32.3082562,119.8654556,"32.3082562,119.8378169;32.3423920,119.8675817;32.3298157,119.8590775;32.2992731,119.8123042","32.3028664,119.8293126;32.3046630,119.8314387"
03,Datasets/UAV_VisLoc_dataset/03/drone/03_0605.JPG,32.3082562,119.8654556,"32.3423920,119.8675817;32.3082562,119.8378169;32.2992731,119.8123042;32.3298157,119.8590775","32.3405954,119.8441951;32.3298157,119.8909684"
03,Datasets/UAV_VisLoc_dataset/03/drone/03_0606.JPG,32.3100528,119.8633296,"32.3423920,119.8378169;32.3495785,119.8399429;32.2992731,119.8123042;32.3423920,119.8675817","32.3513752,119.8505732;32.3136461,119.8867162"
03,Datasets/UAV_VisLoc_dataset/03/drone/03_0607.JPG,32.3100528,119.8633296,"32.3423920,119.8378169;32.3423920,119.8399429;32.3352056,119.8612035;32.3495785,119.8399429","32.3244258,119.8526993;32.3423920,119.8909684"
03,Datasets/UAV_VisLoc_dataset/03/drone/03_0608.JPG,32.3100528,119.8633296,"32.2992731,119.8123042;32.3495785,119.8399429;32.3423920,119.8378169;32.3495785,119.8420690","32.3100528,119.8994726;32.3513752,119.8654556"
03,Datasets/UAV_VisLoc_dataset/03/drone/03_0609.JPG,32.3118495,119.8612035,"32.3082562,119.8378169;32.2992731,119.8123042;32.3423920,119.8675817;32.3495785,119.8420690","32.3423920,119.8059260;32.2938832,119.8420690"
03,Datasets/UAV_VisLoc_dataset/03/drone/03_0610.JPG,32.3118495,119.8612035,"32.3082562,119.8378169;32.2992731,119.8123042;32.3208326,119.8399429;32.3495785,119.8420690","32.3459853,119.8526993;32.3387988,119.8612035"
03,Datasets/UAV_VisLoc_dataset/03/drone/03_0611.JPG,32.3118495,119.8590775,"32.3208326,119.8399429;32.2992731,119.8123042;32.3082562,119.8378169;32.3208326,119.8186824","32.2992731,119.8994726;32.3495785,119.8335648"
03,Datasets/UAV_VisLoc_dataset/03/drone/03_0612.JPG,32.3118495,119.8590775,"32.2992731,119.8123042;32.3208326,119.8399429;32.3082562,119.8378169;32.3495785,119.8420690","32.2974765,119.8335648;32.3405954,119.8803381"
03,Datasets/UAV_VisLoc_dataset/03/drone/03_0613.JPG,32.3136461,119.8590775,"32.2992731,119.8123042;32.3495785,119.8399429;32.3082562,119.8378169;32.3423920,119.8378169","32.3405954,119.8697078;32.3441887,119.8186824"
03,Datasets/UAV_VisLoc_dataset/03/drone/03_0614.JPG,32.3136461,119.8569514,"32.3423920,119.8378169;32.3064596,119.8378169;32.2992731,119.8123042;32.3495785,119.8399429","32.3513752,119.8526993;32.2938832,119.8420690"
03,Datasets/UAV_VisLoc_dataset/03/drone/03_0615.JPG,32.3136461,119.8569514,"32.3423920,119.8378169;32.3352056,119.8612035;32.3513752,119.8399429;32.3064596,119.8378169","32.2956799,119.8356908;32.3513752,119.8463211"
03,Datasets/UAV_VisLoc_dataset/03/drone/03_0616.JPG,32.3154427,119.8569514,"32.3423920,119.8378169;32.3513752,119.8399429;32.3064596,119.8378169;32.3531718,119.8378169","32.3405954,119.8909684;32.3208326,119.8229345"
03,Datasets/UAV_VisLoc_dataset/03/drone/03_0617.JPG,32.3154427,119.8569514,"32.3513752,119.8399429;32.3423920,119.8378169;32.3531718,119.8378169;32.3513752,119.8378169","32.2956799,119.8314387;32.3064596,119.8803381"
03,Datasets/UAV_VisLoc_dataset/03/drone/03_0618.JPG,32.3154427,119.8548254,"32.3513752,119.8378169;32.3513752,119.8399429;32.3531718,119.8378169;32.3423920,119.8378169","32.2974765,119.8718338;32.2920866,119.8250605"
03,Datasets/UAV_VisLoc_dataset/03/drone/03_0619.JPG,32.3154427,119.8548254,"32.3513752,119.8378169;32.3513752,119.8399429;32.3531718,119.8378169;32.3423920,119.8378169","32.3405954,119.8888423;32.3387988,119.8824641"
03,Datasets/UAV_VisLoc_dataset/03/drone/03_0620.JPG,32.3172393,119.8526993,"32.3423920,119.8378169;32.3423920,119.8399429;32.3531718,119.8356908;32.3441887,119.8675817","32.3441887,119.8080521;32.3298157,119.8994726"
03,Datasets/UAV_VisLoc_dataset/03/drone/03_0621.JPG,32.3172393,119.8526993,"32.3423920,119.8378169;32.3423920,119.8399429;32.3064596,119.8378169;32.3495785,119.8399429","32.3118495,119.8612035;32.3459853,119.8930944"
03,Datasets/UAV_VisLoc_dataset/03/drone/03_0622.JPG,32.3172393,119.8526993,"32.3423920,119.8399429;32.3423920,119.8378169;32.3441887,119.8675817;32.3064596,119.8378169","32.3405954,119.8293126;32.3064596,119.8739599"
03,Datasets/UAV_VisLoc_dataset/03/drone/03_0623.JPG,32.3190360,119.8505732,"32.3423920,119.8378169;32.3423920,119.8399429;32.3513752,119.8378169;32.3513752,119.8399429","32.3459853,119.8803381;32.3172393,119.8271866"
03,Datasets/UAV_VisLoc_dataset/03/drone/03_0624.JPG,32.3190360,119.8505732,"32.3513752,119.8378169;32.3513752,119.8399429;32.3423920,119.8378169;32.3477819,119.8697078","32.3190360,119.8824641;32.3334089,119.8973465"
03,Datasets/UAV_VisLoc_dataset/03/drone/03_0625.JPG,32.3190360,119.8484472,"32.3513752,119.8399429;32.3513752,119.8378169;32.3423920,119.8378169;32.3531718,119.8378169","32.3531718,119.8994726;32.3064596,119.8378169"
03,Datasets/UAV_VisLoc_dataset/03/drone/03_0626.JPG,32.3208326,119.8484472,"32.3370022,119.8612035;32.3352056,119.8612035;32.3244258,119.8803381;32.3423920,119.8378169","32.3172393,119.8654556;32.3459853,119.8739599"
03,Datasets/UAV_VisLoc_dataset/03/drone/03_0627.JPG,32.3208326,119.8484472,"32.3370022,119.8612035;32.3352056,119.8612035;32.3387988,119.8612035;32.3405954,119.8930944","32.3010697,119.8548254;32.3477819,119.8739599"
03,Datasets/UAV_VisLoc_dataset/03/drone/03_0628.JPG,32.3208326,119.8463211,"32.3387988,119.8612035;32.3370022,119.8612035;32.3370022,119.8654556;32.3352056,119.8612035","32.3477819,119.8123042;32.3495785,119.8293126"
03,Datasets/UAV_VisLoc_dataset/03/drone/03_0629.JPG,32.3208326,119.8463211,"32.3387988,119.8612035;32.3370022,119.8654556;32.3405954,119.8612035;32.3370022,119.8633296","32.3405954,119.8463211;32.3172393,119.8314387"
03,Datasets/UAV_VisLoc_dataset/03/drone/03_0630.JPG,32.3226292,119.8441951,"32.3405954,119.8612035;32.3405954,119.8590775;32.3316123,119.8612035;32.3352056,119.8654556","32.3226292,119.8782120;32.3387988,119.8867162"
03,Datasets/UAV_VisLoc_dataset/03/drone/03_0631.JPG,32.3226292,119.8441951,"32.3298157,119.8633296;32.3405954,119.8612035;32.3405954,119.8590775;32.3316123,119.8612035","32.3208326,119.8101781;32.3154427,119.8909684"
03,Datasets/UAV_VisLoc_dataset/03/drone/03_0632.JPG,32.3226292,119.8441951,"32.3298157,119.8633296;32.3280191,119.8633296;32.2956799,119.8165563;32.3405954,119.8612035","32.3226292,119.8633296;32.3136461,119.8229345"
03,Datasets/UAV_VisLoc_dataset/03/drone/03_0633.JPG,32.3244258,119.8420690,"32.3298157,119.8633296;32.2974765,119.8165563;32.3280191,119.8633296;32.2974765,119.8144302","32.3405954,119.8803381;32.2992731,119.8378169"
03,Datasets/UAV_VisLoc_dataset/03/drone/03_0634.JPG,32.3244258,119.8420690,"32.2974765,119.8165563;32.3316123,119.8590775;32.3298157,119.8633296;32.3405954,119.8612035","32.3316123,119.8101781;32.3280191,119.8250605"
03,Datasets/UAV_VisLoc_dataset/03/drone/03_0635.JPG,32.3244258,119.8399429,"32.2974765,119.8165563;32.3298157,119.8633296;32.3334089,119.8569514;32.3244258,119.8633296","32.3154427,119.8569514;32.3208326,119.8590775"
03,Datasets/UAV_VisLoc_dataset/03/drone/03_0636.JPG,32.3244258,119.8399429,"32.3298157,119.8633296;32.3334089,119.8569514;32.2974765,119.8165563;32.3244258,119.8633296","32.3531718,119.8760859;32.3064596,119.8101781"
03,Datasets/UAV_VisLoc_dataset/03/drone/03_0637.JPG,32.3262224,119.8399429,"32.3334089,119.8548254;32.3334089,119.8569514;32.3298157,119.8633296;32.3405954,119.8590775","32.3531718,119.8930944;32.2902900,119.8314387"
03,Datasets/UAV_VisLoc_dataset/03/drone/03_0638.JPG,32.3262224,119.8399429,"32.3334089,119.8548254;32.3100528,119.8973465;32.3118495,119.8994726;32.3316123,119.8548254","32.3208326,119.8824641;32.3531718,119.8867162"
03,Datasets/UAV_VisLoc_dataset/03/drone/03_0639.JPG,32.3262224,119.8378169,"32.3100528,119.8973465;32.3334089,119.8548254;32.3118495,119.8994726;32.3316123,119.8548254","32.2992731,119.8867162;32.3459853,119.8314387"
03,Datasets/UAV_VisLoc_dataset/03/drone/03_0640.JPG,32.3280191,119.8378169,"32.3316123,119.8548254;32.3118495,119.8994726;32.3298157,119.8548254;32.3100528,119.8973465","32.3513752,119.8420690;32.3226292,119.8973465"
03,Datasets/UAV_VisLoc_dataset/03/drone/03_0641.JPG,32.3280191,119.8356908,"32.3100528,119.8973465;32.3208326,119.8952205;32.3459853,119.8548254;32.3118495,119.8994726","32.2992731,119.8994726;32.3028664,119.8994726"
03,Datasets/UAV_VisLoc_dataset/03/drone/03_0642.JPG,32.3280191,119.8356908,"32.3100528,119.8973465;32.3208326,119.8952205;32.3118495,119.8994726;32.3459853,119.8548254","32.3280191,119.8548254;32.3082562,119.8697078"
03,Datasets/UAV_VisLoc_dataset/03/drone/03_0643.JPG,32.3280191,119.8356908,"32.3100528,119.8973465;32.3208326,119.8952205;32.3118495,119.8994726;32.3459853,119.8548254","32.3064596,119.8314387;32.2992731,119.8867162"
03,Datasets/UAV_VisLoc_dataset/03/drone/03_0644.JPG,32.3298157,119.8335648,"32.3100528,119.8973465;32.3208326,119.8952205;32.3459853,119.8548254;32.3118495,119.8994726","32.2974765,119.8101781;32.3513752,119.8867162"
03,Datasets/UAV_VisLoc_dataset/03/drone/03_0645.JPG,32.3298157,119.8335648,"32.3100528,119.8973465;32.3208326,119.8952205;32.3118495,119.8994726;32.3459853,119.8548254","32.3262224,119.8441951;32.3136461,119.8548254"
03,Datasets/UAV_VisLoc_dataset/03/drone/03_0646.JPG,32.3298157,119.8314387,"32.3100528,119.8973465;32.3118495,119.8994726;32.3208326,119.8952205;32.3100528,119.8952205","32.2938832,119.8123042;32.3064596,119.8208084"
03,Datasets/UAV_VisLoc_dataset/03/drone/03_0647.JPG,32.3316123,119.8314387,"32.3100528,119.8973465;32.3118495,119.8994726;32.3100528,119.8952205;32.3208326,119.8952205","32.3280191,119.8718338;32.3010697,119.8399429"
03,Datasets/UAV_VisLoc_dataset/03/drone/03_0648.JPG,32.3316123,119.8314387,"32.3100528,119.8973465;32.3118495,119.8994726;32.3208326,119.8952205;32.3334089,119.8526993","32.2902900,119.8463211;32.2938832,119.8420690"
03,Datasets/UAV_VisLoc_dataset/03/drone/03_0649.JPG,32.3316123,119.8293126,"32.3100528,119.8973465;32.3118495,119.8994726;32.3208326,119.8952205;32.3298157,119.8548254","32.3082562,119.8420690;32.3226292,119.8101781"
03,Datasets/UAV_VisLoc_dataset/03/drone/03_0650.JPG,32.3316123,119.8293126,"32.3100528,119.8973465;32.3118495,119.8994726;32.3208326,119.8952205;32.3334089,119.8526993","32.3334089,119.8484472;32.2938832,119.8484472"
03,Datasets/UAV_VisLoc_dataset/03/drone/03_0651.JPG,32.3334089,119.8271866,"32.3100528,119.8973465;32.3118495,119.8994726;32.3208326,119.8952205;32.3280191,119.8973465","32.2974765,119.8208084;32.3154427,119.8123042"
03,Datasets/UAV_VisLoc_dataset/03/drone/03_0652.JPG,32.3334089,119.8271866,"32.3100528,119.8973465;32.3118495,119.8994726;32.3208326,119.8952205;32.3280191,119.8973465","32.3495785,119.8314387;32.3064596,119.8250605"
03,Datasets/UAV_VisLoc_dataset/03/drone/03_0653.JPG,32.3334089,119.8271866,"32.3100528,119.8973465;32.3118495,119.8994726;32.3334089,119.8526993;32.3208326,119.8952205","32.3064596,119.8229345;32.3010697,119.8569514"
03,Datasets/UAV_VisLoc_dataset/03/drone/03_0654.JPG,32.3352056,119.8250605,"32.3100528,119.8973465;32.3118495,119.8994726;32.3334089,119.8526993;32.3208326,119.8952205","32.3262224,119.8803381;32.2974765,119.8293126"
03,Datasets/UAV_VisLoc_dataset/03/drone/03_0655.JPG,32.3352056,119.8250605,"32.3100528,119.8973465;32.3118495,119.8994726;32.3100528,119.8952205;32.3334089,119.8526993","32.3208326,119.8378169;32.3370022,119.8590775"
03,Datasets/UAV_VisLoc_dataset/03/drone/03_0656.JPG,32.3352056,119.8250605,"32.3100528,119.8973465;32.3118495,119.8994726;32.3100528,119.8952205;32.3334089,119.8526993","32.3190360,119.8612035;32.2992731,119.8548254"
03,Datasets/UAV_VisLoc_dataset/03/drone/03_0657.JPG,32.3352056,119.8250605,"32.3100528,119.8973465;32.3118495,119.8994726;32.3208326,119.8952205;32.3100528,119.8952205","32.2956799,119.8675817;32.3370022,119.8548254"
03,Datasets/UAV_VisLoc_dataset/03/drone/03_0658.JPG,32.3370022,119.8229345,"32.3100528,119.8973465;32.3118495,119.8994726;32.3100528,119.8952205;32.3208326,119.8952205","32.3190360,119.8123042;32.3405954,119.8420690"
03,Datasets/UAV_VisLoc_dataset/03/drone/03_0659.JPG,32.3370022,119.8229345,"32.3100528,119.8973465;32.3118495,119.8994726;32.3100528,119.8952205;32.3208326,119.8952205","32.3064596,119.8101781;32.3477819,119.8505732"
03,Datasets/UAV_VisLoc_dataset/03/drone/03_0660.JPG,32.3370022,119.8208084,"32.3334089,119.8548254;32.3531718,119.8505732;32.3100528,119.8973465;32.3316123,119.8548254","32.3405954,119.8505732;32.3513752,119.8293126"
03,Datasets/UAV_VisLoc_dataset/03/drone/03_0661.JPG,32.3387988,119.8208084,"32.3100528,119.8973465;32.3334089,119.8548254;32.3118495,119.8994726;32.3316123,119.8548254","32.3495785,119.8441951;32.2956799,119.8123042"
03,Datasets/UAV_VisLoc_dataset/03/drone/03_0662.JPG,32.3387988,119.8208084,"32.3100528,119.8973465;32.3334089,119.8548254;32.3118495,119.8994726;32.3334089,119.8526993","32.3262224,119.8612035;32.3513752,119.8548254"
03,Datasets/UAV_VisLoc_dataset/03/drone/03_0663.JPG,32.3387988,119.8186824,"32.3334089,119.8548254;32.3100528,119.8973465;32.3370022,119.8612035;32.3387988,119.8612035","32.3118495,119.8186824;32.3531718,119.8165563"
03,Datasets/UAV_VisLoc_dataset/03/drone/03_0664.JPG,32.3405954,119.8186824,"32.3100528,119.8973465;32.3334089,119.8548254;32.3118495,119.8994726;32.3208326,119.8952205","32.3100528,119.8526993;32.3118495,119.8548254"
03,Datasets/UAV_VisLoc_dataset/03/drone/03_0665.JPG,32.3405954,119.8165563,"32.3100528,119.8973465;32.3118495,119.8994726;32.3208326,119.8952205;32.3459853,119.8548254","32.3370022,119.8612035;32.3172393,119.8952205"
03,Datasets/UAV_VisLoc_dataset/03/drone/03_0666.JPG,32.3405954,119.8165563,"32.3100528,119.8973465;32.3208326,119.8952205;32.3118495,119.8994726;32.3459853,119.8548254","32.3082562,119.8867162;32.3010697,119.8718338"
03,Datasets/UAV_VisLoc_dataset/03/drone/03_0667.JPG,32.3405954,119.8165563,"32.3100528,119.8973465;32.3208326,119.8952205;32.3118495,119.8994726;32.3298157,119.8548254","32.3459853,119.8803381;32.3495785,119.8441951"
03,Datasets/UAV_VisLoc_dataset/03/drone/03_0668.JPG,32.3423920,119.8144302,"32.3100528,119.8973465;32.3208326,119.8952205;32.3118495,119.8994726;32.3298157,119.8548254","32.3190360,119.8845902;32.3334089,119.8952205"
03,Datasets/UAV_VisLoc_dataset/03/drone/03_0669.JPG,32.3423920,119.8144302,"32.3100528,119.8973465;32.3118495,119.8994726;32.3100528,119.8952205;32.3208326,119.8952205","32.3262224,119.8909684;32.2938832,119.8399429"
03,Datasets/UAV_VisLoc_dataset/03/drone/03_0670.JPG,32.3423920,119.8123042,"32.3100528,119.8973465;32.3118495,119.8994726;32.3100528,119.8952205;32.3334089,119.8526993","32.3316123,119.8144302;32.2974765,119.8165563"
03,Datasets/UAV_VisLoc_dataset/03/drone/03_0671.JPG,32.3441887,119.8123042,"32.3118495,119.8994726;32.3100528,119.8973465;32.3100528,119.8952205;32.3334089,119.8548254","32.3118495,119.8059260;32.3262224,119.8845902"
03,Datasets/UAV_VisLoc_dataset/03/drone/03_0672.JPG,32.3441887,119.8123042,"32.3549684,119.8441951;32.3531718,119.8441951;32.3100528,119.8973465;32.3118495,119.8994726","32.3172393,119.8803381;32.2956799,119.8378169"
03,Datasets/UAV_VisLoc_dataset/03/drone/03_0673.JPG,32.3423920,119.8101781,"32.3100528,119.8973465;32.3208326,119.8952205;32.3118495,119.8994726;32.3298157,119.8526993","32.3531718,119.8229345;32.3477819,119.8930944"
03,Datasets/UAV_VisLoc_dataset/03/drone/03_0674.JPG,32.3423920,119.8101781,"32.3100528,119.8973465;32.3118495,119.8994726;32.3208326,119.8952205;32.3334089,119.8526993","32.3477819,119.8526993;32.3154427,119.8293126"
03,Datasets/UAV_VisLoc_dataset/03/drone/03_0675.JPG,32.3405954,119.8101781,"32.3100528,119.8973465;32.3334089,119.8548254;32.3405954,119.8590775;32.3118495,119.8994726","32.3459853,119.8505732;32.2974765,119.8845902"
03,Datasets/UAV_VisLoc_dataset/03/drone/03_0676.JPG,32.3405954,119.8123042,"32.3100528,119.8973465;32.3334089,119.8548254;32.3118495,119.8994726;32.3334089,119.8526993","32.3513752,119.8824641;32.3136461,119.8123042"
03,Datasets/UAV_VisLoc_dataset/03/drone/03_0677.JPG,32.3405954,119.8123042,"32.3334089,119.8548254;32.3100528,119.8973465;32.3118495,119.8994726;32.3549684,119.8441951","32.3190360,119.8548254;32.3226292,119.8994726"
03,Datasets/UAV_VisLoc_dataset/03/drone/03_0678.JPG,32.3405954,119.8144302,"32.3100528,119.8973465;32.3118495,119.8994726;32.3334089,119.8526993;32.3100528,119.8952205","32.2938832,119.8186824;32.3441887,119.8952205"
03,Datasets/UAV_VisLoc_dataset/03/drone/03_0679.JPG,32.3387988,119.8144302,"32.3100528,119.8973465;32.3118495,119.8994726;32.3334089,119.8548254;32.3334089,119.8526993","32.3244258,119.8186824;32.3118495,119.8994726"
03,Datasets/UAV_VisLoc_dataset/03/drone/03_0680.JPG,32.3387988,119.8144302,"32.3100528,119.8973465;32.3118495,119.8994726;32.3334089,119.8548254;32.3477819,119.8590775","32.3136461,119.8633296;32.3316123,119.8633296"
03,Datasets/UAV_VisLoc_dataset/03/drone/03_0681.JPG,32.3387988,119.8165563,"32.3100528,119.8973465;32.3118495,119.8994726;32.3334089,119.8548254;32.3334089,119.8526993","32.3334089,119.8973465;32.3010697,119.8930944"
03,Datasets/UAV_VisLoc_dataset/03/drone/03_0682.JPG,32.3370022,119.8165563,"32.3100528,119.8973465;32.3118495,119.8994726;32.3334089,119.8548254;32.3459853,119.8590775","32.3298157,119.8229345;32.3082562,119.8824641"
03,Datasets/UAV_VisLoc_dataset/03/drone/03_0683.JPG,32.3370022,119.8186824,"32.3100528,119.8973465;32.3118495,119.8994726;32.3208326,119.8952205;32.3334089,119.8526993","32.3046630,119.8633296;32.3136461,119.8697078"
03,Datasets/UAV_VisLoc_dataset/03/drone/03_0684.JPG,32.3370022,119.8186824,"32.3100528,119.8973465;32.3118495,119.8994726;32.3334089,119.8526993;32.3208326,119.8952205","32.3352056,119.8080521;32.3226292,119.8845902"
03,Datasets/UAV_VisLoc_dataset/03/drone/03_0685.JPG,32.3352056,119.8186824,"32.3100528,119.8973465;32.3118495,119.8994726;32.3208326,119.8952205;32.3298157,119.8548254","32.2902900,119.8612035;32.3405954,119.8697078"
03,Datasets/UAV_VisLoc_dataset/03/drone/03_0686.JPG,32.3352056,119.8208084,"32.3100528,119.8973465;32.3208326,119.8952205;32.3118495,119.8994726;32.3298157,119.8548254","32.3262224,119.8718338;32.3082562,119.8250605"
03,Datasets/UAV_VisLoc_dataset/03/drone/03_0687.JPG,32.3352056,119.8208084,"32.3100528,119.8973465;32.3208326,119.8952205;32.3118495,119.8994726;32.3459853,119.8548254","32.3531718,119.8803381;32.3082562,119.8612035"
03,Datasets/UAV_VisLoc_dataset/03/drone/03_0688.JPG,32.3352056,119.8229345,"32.3100528,119.8973465;32.3118495,119.8994726;32.3208326,119.8952205;32.3334089,119.8526993","32.2974765,119.8356908;32.3495785,119.8824641"
03,Datasets/UAV_VisLoc_dataset/03/drone/03_0689.JPG,32.3334089,119.8229345,"32.3100528,119.8973465;32.3118495,119.8994726;32.3208326,119.8952205;32.3100528,119.8952205","32.3118495,119.8441951;32.3423920,119.8718338"
03,Datasets/UAV_VisLoc_dataset/03/drone/03_0690.JPG,32.3334089,119.8229345,"32.3100528,119.8973465;32.3118495,119.8994726;32.3298157,119.8548254;32.3316123,119.8548254","32.3370022,119.8420690;32.3172393,119.8208084"
03,Datasets/UAV_VisLoc_dataset/03/drone/03_0691.JPG,32.3334089,119.8250605,"32.3334089,119.8548254;32.3100528,119.8973465;32.3118495,119.8994726;32.3316123,119.8548254","32.3352056,119.8867162;32.3226292,119.8994726"
03,Datasets/UAV_VisLoc_dataset/03/drone/03_0692.JPG,32.3316123,119.8250605,"32.3334089,119.8548254;32.3100528,119.8973465;32.3118495,119.8994726;32.3316123,119.8548254","32.3190360,119.8186824;32.3423920,119.8952205"
03,Datasets/UAV_VisLoc_dataset/03/drone/03_0693.JPG,32.3316123,119.8250605,"32.3118495,119.8994726;32.3100528,119.8973465;32.3549684,119.8441951;32.3334089,119.8548254","32.2956799,119.8314387;32.3172393,119.8654556"
03,Datasets/UAV_VisLoc_dataset/03/drone/03_0694.JPG,32.3316123,119.8271866,"32.3100528,119.8973465;32.3118495,119.8994726;32.3334089,119.8526993;32.3549684,119.8441951","32.2920866,119.8101781;32.2974765,119.8505732"
03,Datasets/UAV_VisLoc_dataset/03/drone/03_0695.JPG,32.3316123,119.8271866,"32.3100528,119.8973465;32.3118495,119.8994726;32.3334089,119.8526993;32.3208326,119.8952205","32.3405954,119.8271866;32.2920866,119.8101781"
03,Datasets/UAV_VisLoc_dataset/03/drone/03_0696.JPG,32.3298157,119.8271866,"32.3100528,119.8973465;32.3118495,119.8994726;32.3208326,119.8952205;32.3334089,119.8526993","32.2938832,119.8867162;32.3387988,119.8208084"
03,Datasets/UAV_VisLoc_dataset/03/drone/03_0697.JPG,32.3298157,119.8293126,"32.3100528,119.8973465;32.3118495,119.8994726;32.3208326,119.8952205;32.3334089,119.8526993","32.3477819,119.8399429;32.3280191,119.8867162"
03,Datasets/UAV_VisLoc_dataset/03/drone/03_0698.JPG,32.3298157,119.8293126,"32.3100528,119.8973465;32.3118495,119.8994726;32.3208326,119.8952205;32.3334089,119.8526993","32.3298157,119.8654556;32.3513752,119.8420690"
03,Datasets/UAV_VisLoc_dataset/03/drone/03_0699.JPG,32.3280191,119.8314387,"32.3100528,119.8973465;32.3118495,119.8994726;32.3208326,119.8952205;32.3100528,119.8952205","32.3405954,119.8356908;32.3280191,119.8739599"
03,Datasets/UAV_VisLoc_dataset/03/drone/03_0700.JPG,32.3280191,119.8314387,"32.3100528,119.8973465;32.3118495,119.8994726;32.3208326,119.8952205;32.3100528,119.8952205","32.3477819,119.8420690;32.3226292,119.8824641"
03,Datasets/UAV_VisLoc_dataset/03/drone/03_0701.JPG,32.3280191,119.8314387,"32.3100528,119.8973465;32.3118495,119.8994726;32.3208326,119.8952205;32.3298157,119.8548254","32.2920866,119.8314387;32.2956799,119.8526993"
03,Datasets/UAV_VisLoc_dataset/03/drone/03_0702.JPG,32.3280191,119.8335648,"32.3100528,119.8973465;32.3118495,119.8994726;32.3208326,119.8952205;32.3100528,119.8952205","32.3028664,119.8633296;32.3370022,119.8760859"
03,Datasets/UAV_VisLoc_dataset/03/drone/03_0703.JPG,32.3262224,119.8335648,"32.3100528,119.8973465;32.3118495,119.8994726;32.3208326,119.8952205;32.3100528,119.8952205","32.3477819,119.8101781;32.3405954,119.8250605"
03,Datasets/UAV_VisLoc_dataset/03/drone/03_0704.JPG,32.3262224,119.8356908,"32.3100528,119.8973465;32.3118495,119.8994726;32.3208326,119.8952205;32.3100528,119.8952205","32.3154427,119.8845902;32.3208326,119.8590775"
03,Datasets/UAV_VisLoc_dataset/03/drone/03_0705.JPG,32.3262224,119.8356908,"32.3100528,119.8973465;32.3208326,119.8952205;32.3118495,119.8994726;32.3298157,119.8548254","32.3495785,119.8399429;32.3010697,119.8633296"
03,Datasets/UAV_VisLoc_dataset/03/drone/03_0706.JPG,32.3244258,119.8356908,"32.3100528,119.8973465;32.3118495,119.8994726;32.3208326,119.8952205;32.3298157,119.8548254","32.3549684,119.8994726;32.3370022,119.8590775"
03,Datasets/UAV_VisLoc_dataset/03/drone/03_0707.JPG,32.3244258,119.8378169,"32.3100528,119.8973465;32.3118495,119.8994726;32.3334089,119.8548254;32.3334089,119.8526993","32.3370022,119.8165563;32.3028664,119.8229345"
03,Datasets/UAV_VisLoc_dataset/03/drone/03_0708.JPG,32.3244258,119.8378169,"32.3334089,119.8548254;32.3100528,119.8973465;32.3441887,119.8569514;32.3459853,119.8590775","32.3226292,119.8101781;32.3495785,119.8101781"
03,Datasets/UAV_VisLoc_dataset/03/drone/03_0709.JPG,32.3244258,119.8399429,"32.3334089,119.8548254;32.3334089,119.8569514;32.3298157,119.8633296;32.3244258,119.8633296","32.2938832,119.8952205;32.3405954,119.8697078"
03,Datasets/UAV_VisLoc_dataset/03/drone/03_0710.JPG,32.3226292,119.8399429,"32.3334089,119.8569514;32.3244258,119.8633296;32.2974765,119.8165563;32.3298157,119.8633296","32.3082562,119.8335648;32.3064596,119.8697078"
03,Datasets/UAV_VisLoc_dataset/03/drone/03_0711.JPG,32.3226292,119.8399429,"32.3334089,119.8569514;32.3244258,119.8633296;32.2974765,119.8165563;32.3298157,119.8633296","32.3531718,119.8994726;32.2992731,119.8845902"
03,Datasets/UAV_VisLoc_dataset/03/drone/03_0712.JPG,32.3226292,119.8399429,"32.3334089,119.8569514;32.2974765,119.8165563;32.3244258,119.8633296;32.3316123,119.8590775","32.3316123,119.8293126;32.3298157,119.8356908"
03,Datasets/UAV_VisLoc_dataset/03/drone/03_0713.JPG,32.3208326,119.8420690,"32.3316123,119.8590775;32.2974765,119.8165563;32.3298157,119.8590775;32.3316123,119.8612035","32.3316123,119.8165563;32.3082562,119.8867162"
03,Datasets/UAV_VisLoc_dataset/03/drone/03_0714.JPG,32.3208326,119.8420690,"32.3298157,119.8633296;32.3280191,119.8633296;32.2974765,119.8144302;32.2956799,119.8144302","32.2920866,119.8420690;32.3370022,119.8250605"
03,Datasets/UAV_VisLoc_dataset/03/drone/03_0715.JPG,32.3208326,119.8420690,"32.3262224,119.8420690;32.3262224,119.8399429;32.3244258,119.8399429;32.3370022,119.8463211","32.3316123,119.8526993;32.3387988,119.8441951"
03,Datasets/UAV_VisLoc_dataset/03/drone/03_0716.JPG,32.3190360,119.8441951,"32.3262224,119.8420690;32.3298157,119.8633296;32.3405954,119.8612035;32.2974765,119.8144302","32.3495785,119.8463211;32.2902900,119.8208084"
03,Datasets/UAV_VisLoc_dataset/03/drone/03_0717.JPG,32.3190360,119.8441951,"32.3513752,119.8399429;32.3370022,119.8612035;32.3352056,119.8612035;32.3387988,119.8612035","32.3387988,119.8484472;32.3549684,119.8612035"
03,Datasets/UAV_VisLoc_dataset/03/drone/03_0718.JPG,32.3190360,119.8463211,"32.3352056,119.8612035;32.3423920,119.8378169;32.3370022,119.8612035;32.3513752,119.8399429","32.3405954,119.8441951;32.3100528,119.8080521"
03,Datasets/UAV_VisLoc_dataset/03/drone/03_0719.JPG,32.3190360,119.8463211,"32.3370022,119.8612035;32.3352056,119.8612035;32.3423920,119.8378169;32.3423920,119.8399429","32.3046630,119.8484472;32.3208326,119.8909684"
03,Datasets/UAV_VisLoc_dataset/03/drone/03_0720.JPG,32.3172393,119.8463211,"32.3423920,119.8378169;32.3352056,119.8612035;32.3423920,119.8399429;32.3495785,119.8399429","32.3190360,119.8314387;32.3477819,119.8505732"
03,Datasets/UAV_VisLoc_dataset/03/drone/03_0721.JPG,32.3172393,119.8484472,"32.3423920,119.8378169;32.3495785,119.8399429;32.3423920,119.8399429;32.3352056,119.8612035","32.3100528,119.8612035;32.3423920,119.8484472"
03,Datasets/UAV_VisLoc_dataset/03/drone/03_0722.JPG,32.3172393,119.8484472,"32.3423920,119.8378169;32.3495785,119.8399429;32.3064596,119.8378169;32.3423920,119.8399429","32.3190360,119.8271866;32.3280191,119.8505732"
03,Datasets/UAV_VisLoc_dataset/03/drone/03_0723.JPG,32.3154427,119.8505732,"32.3423920,119.8378169;32.3423920,119.8399429;32.3064596,119.8378169;32.3531718,119.8356908","32.3298157,119.8845902;32.3334089,119.8123042"
03,Datasets/UAV_VisLoc_dataset/03/drone/03_0724.JPG,32.3154427,119.8505732,"32.3423920,119.8378169;32.3064596,119.8378169;32.3423920,119.8399429;32.3531718,119.8356908","32.3316123,119.8548254;32.3549684,119.8845902"
03,Datasets/UAV_VisLoc_dataset/03/drone/03_0725.JPG,32.3154427,119.8505732,"32.3513752,119.8399429;32.3423920,119.8378169;32.3531718,119.8378169;32.3513752,119.8378169","32.3154427,119.8845902;32.2938832,119.8782120"
03,Datasets/UAV_VisLoc_dataset/03/drone/03_0726.JPG,32.3154427,119.8526993,"32.3513752,119.8378169;32.3513752,119.8399429;32.3531718,119.8378169;32.3423920,119.8378169","32.2902900,119.8144302;32.3010697,119.8399429"
03,Datasets/UAV_VisLoc_dataset/03/drone/03_0727.JPG,32.3136461,119.8526993,"32.3513752,119.8399429;32.3513752,119.8378169;32.3531718,119.8378169;32.3423920,119.8378169","32.2992731,119.8250605;32.3136461,119.8123042"
03,Datasets/UAV_VisLoc_dataset/03/drone/03_0728.JPG,32.3136461,119.8548254,"32.3423920,119.8378169;32.3513752,119.8378169;32.3513752,119.8399429;32.3531718,119.8378169","32.3010697,119.8208084;32.3064596,119.8824641"
03,Datasets/UAV_VisLoc_dataset/03/drone/03_0729.JPG,32.3136461,119.8548254,"32.3423920,119.8378169;32.3352056,119.8612035;32.3513752,119.8399429;32.3064596,119.8378169","32.3441887,119.8824641;32.3405954,119.8675817"
03,Datasets/UAV_VisLoc_dataset/03/drone/03_0730.JPG,32.3118495,119.8548254,"32.3423920,119.8378169;32.3352056,119.8612035;32.3064596,119.8378169;32.3513752,119.8378169","32.3316123,119.8463211;32.3513752,119.8186824"
03,Datasets/UAV_VisLoc_dataset/03/drone/03_0731.JPG,32.3118495,119.8569514,"32.3423920,119.8378169;32.3064596,119.8378169;32.3513752,119.8378169;32.3352056,119.8612035","32.3531718,119.8378169;32.2920866,119.8186824"
03,Datasets/UAV_VisLoc_dataset/03/drone/03_0732.JPG,32.3118495,119.8569514,"32.3423920,119.8378169;32.3064596,119.8378169;32.3513752,119.8378169;32.3423920,119.8399429","32.2902900,119.8952205;32.3172393,119.8845902"
03,Datasets/UAV_VisLoc_dataset/03/drone/03_0733.JPG,32.3118495,119.8569514,"32.3423920,119.8378169;32.3423920,119.8399429;32.3064596,119.8378169;32.3352056,119.8612035","32.3082562,119.8952205;32.2938832,119.8845902"
03,Datasets/UAV_VisLoc_dataset/03/drone/03_0734.JPG,32.3100528,119.8590775,"32.3423920,119.8378169;32.3423920,119.8399429;32.3064596,119.8378169;32.3352056,119.8590775","32.3549684,119.8526993;32.3172393,119.8675817"
03,Datasets/UAV_VisLoc_dataset/03/drone/03_0735.JPG,32.3100528,119.8590775,"32.3423920,119.8378169;32.3352056,119.8612035;32.3423920,119.8399429;32.3352056,119.8590775","32.2974765,119.8356908;32.3028664,119.8441951"
03,Datasets/UAV_VisLoc_dataset/03/drone/03_0736.JPG,32.3100528,119.8590775,"32.3423920,119.8378169;32.3352056,119.8612035;32.3370022,119.8612035;32.3513752,119.8399429","32.3280191,119.8994726;32.2974765,119.8697078"
03,Datasets/UAV_VisLoc_dataset/03/drone/03_0737.JPG,32.3082562,119.8612035,"32.3423920,119.8378169;32.3513752,119.8378169;32.3423920,119.8399429;32.3495785,119.8399429","32.3244258,119.8335648;32.3459853,119.8123042"
03,Datasets/UAV_VisLoc_dataset/03/drone/03_0738.JPG,32.3082562,119.8612035,"32.3423920,119.8378169;32.3513752,119.8378169;32.3352056,119.8612035;32.3513752,119.8399429","32.3154427,119.8994726;32.2992731,119.8484472"
03,Datasets/UAV_VisLoc_dataset/03/drone/03_0739.JPG,32.3082562,119.8633296,"32.3423920,119.8378169;32.3352056,119.8612035;32.3370022,119.8612035;32.3423920,119.8399429","32.3118495,119.8144302;32.3441887,119.8888423"
03,Datasets/UAV_VisLoc_dataset/03/drone/03_0740.JPG,32.3082562,119.8633296,"32.3423920,119.8378169;32.3352056,119.8612035;32.3513752,119.8399429;32.3370022,119.8612035","32.3190360,119.8867162;32.3387988,119.8697078"
03,Datasets/UAV_VisLoc_dataset/03/drone/03_0741.JPG,32.3064596,119.8633296,"32.3423920,119.8378169;32.3352056,119.8612035;32.3513752,119.8399429;32.3064596,119.8378169","32.3370022,119.8080521;32.3028664,119.8930944"
03,Datasets/UAV_VisLoc_dataset/03/drone/03_0742.JPG,32.3064596,119.8654556,"32.3423920,119.8378169;32.3513752,119.8399429;32.3064596,119.8378169;32.3531718,119.8378169","32.3459853,119.8123042;32.3154427,119.8760859"
03,Datasets/UAV_VisLoc_dataset/03/drone/03_0743.JPG,32.3064596,119.8654556,"32.3423920,119.8378169;32.3513752,119.8399429;32.3513752,119.8378169;32.3352056,119.8612035","32.3334089,119.8803381;32.3280191,119.8760859"
03,Datasets/UAV_VisLoc_dataset/03/drone/03_0744.JPG,32.3046630,119.8675817,"32.3513752,119.8399429;32.3531718,119.8378169;32.3352056,119.8612035;32.3513752,119.8378169","32.3136461,119.8144302;32.3010697,119.8314387"
03,Datasets/UAV_VisLoc_dataset/03/drone/03_0745.JPG,32.3046630,119.8675817,"32.3352056,119.8612035;32.2992731,119.8123042;32.3423920,119.8378169;32.3495785,119.8399429","32.2938832,119.8463211;32.3244258,119.8973465"
03,Datasets/UAV_VisLoc_dataset/03/drone/03_0746.JPG,32.3046630,119.8675817,"32.3352056,119.8612035;32.3423920,119.8378169;32.3064596,119.8378169;32.2992731,119.8123042","32.3100528,119.8803381;32.3531718,119.8208084"
03,Datasets/UAV_VisLoc_dataset/03/drone/03_0747.JPG,32.3046630,119.8697078,"32.3423920,119.8378169;32.3423920,119.8675817;32.3064596,119.8378169;32.3352056,119.8612035","32.2902900,119.8101781;32.3387988,119.8293126"
03,Datasets/UAV_VisLoc_dataset/03/drone/03_0748.JPG,32.3028664,119.8697078,"32.3423920,119.8675817;32.3423920,119.8378169;32.3495785,119.8399429;32.2974765,119.8144302","32.3549684,119.8654556;32.3477819,119.8186824"
03,Datasets/UAV_VisLoc_dataset/03/drone/03_0749.JPG,32.3028664,119.8718338,"32.3513752,119.8378169;32.3046630,119.8101781;32.3423920,119.8378169;32.3423920,119.8675817","32.2938832,119.8675817;32.3459853,119.8229345"
03,Datasets/UAV_VisLoc_dataset/03/drone/03_0750.JPG,32.3028664,119.8718338,"32.3423920,119.8378169;32.3513752,119.8378169;32.3531718,119.8356908;32.3423920,119.8675817","32.3118495,119.8420690;32.2902900,119.8845902"
03,Datasets/UAV_VisLoc_dataset/03/drone/03_0751.JPG,32.3010697,119.8718338,"32.3423920,119.8378169;32.3531718,119.8356908;32.3513752,119.8356908;32.3423920,119.8675817","32.2920866,119.8994726;32.3262224,119.8930944"
03,Datasets/UAV_VisLoc_dataset/03/drone/03_0752.JPG,32.3010697,119.8739599,"32.3423920,119.8378169;32.3531718,119.8356908;32.3423920,119.8675817;32.3010697,119.8463211","32.3064596,119.8888423;32.3387988,119.8675817"
03,Datasets/UAV_VisLoc_dataset/03/drone/03_0753.JPG,32.3010697,119.8739599,"32.3423920,119.8378169;32.3531718,119.8356908;32.3423920,119.8675817;32.3064596,119.8378169","32.3405954,119.8824641;32.3280191,119.8101781"
03,Datasets/UAV_VisLoc_dataset/03/drone/03_0754.JPG,32.2992731,119.8739599,"32.3423920,119.8378169;32.3423920,119.8399429;32.3064596,119.8378169;32.3531718,119.8356908","32.3100528,119.8824641;32.3423920,119.8803381"
03,Datasets/UAV_VisLoc_dataset/03/drone/03_0755.JPG,32.2992731,119.8739599,"32.3423920,119.8378169;32.3423920,119.8399429;32.3064596,119.8378169;32.3531718,119.8356908","32.3226292,119.8973465;32.2902900,119.8994726"
03,Datasets/UAV_VisLoc_dataset/03/drone/03_0756.JPG,32.2992731,119.8760859,"32.3423920,119.8378169;32.3423920,119.8399429;32.3064596,119.8378169;32.3531718,119.8356908","32.3549684,119.8633296;32.3495785,119.8123042"
03,Datasets/UAV_VisLoc_dataset/03/drone/03_0757.JPG,32.2992731,119.8760859,"32.3423920,119.8378169;32.3064596,119.8378169;32.3352056,119.8612035;32.3423920,119.8399429","32.3010697,119.8399429;32.3280191,119.8930944"
03,Datasets/UAV_VisLoc_dataset/03/drone/03_0758.JPG,32.2974765,119.8782120,"32.3423920,119.8378169;32.3064596,119.8378169;32.3352056,119.8612035;32.3513752,119.8399429","32.2938832,119.8144302;32.3531718,119.8080521"
03,Datasets/UAV_VisLoc_dataset/03/drone/03_0759.JPG,32.2974765,119.8782120,"32.3082562,119.8378169;32.3513752,119.8399429;32.3423920,119.8378169;32.3064596,119.8378169","32.3226292,119.8569514;32.2974765,119.8250605"
03,Datasets/UAV_VisLoc_dataset/03/drone/03_0760.JPG,32.2974765,119.8782120,"32.3423920,119.8675817;32.3495785,119.8399429;32.2992731,119.8123042;32.3082562,119.8378169","32.2974765,119.8952205;32.3352056,119.8229345"
03,Datasets/UAV_VisLoc_dataset/03/drone/03_0761.JPG,32.2956799,119.8803381,"32.3495785,119.8399429;32.3441887,119.8675817;32.3423920,119.8675817;32.3495785,119.8420690","32.3405954,119.8654556;32.3352056,119.8867162"
03,Datasets/UAV_VisLoc_dataset/03/drone/03_0762.JPG,32.2956799,119.8803381,"32.3513752,119.8378169;32.3495785,119.8399429;32.3531718,119.8378169;32.3513752,119.8399429","32.3190360,119.8463211;32.3441887,119.8888423"
03,Datasets/UAV_VisLoc_dataset/03/drone/03_0763.JPG,32.2956799,119.8824641,"32.3513752,119.8378169;32.3531718,119.8378169;32.3513752,119.8399429;32.3352056,119.8612035","32.3154427,119.8548254;32.3136461,119.8952205"
03,Datasets/UAV_VisLoc_dataset/03/drone/03_0764.JPG,32.2956799,119.8824641,"32.3513752,119.8378169;32.3531718,119.8378169;32.3513752,119.8399429;32.3064596,119.8378169","32.3208326,119.8930944;32.3082562,119.8930944"
03,Datasets/UAV_VisLoc_dataset/03/drone/03_0765.JPG,32.2938832,119.8824641,"32.3513752,119.8378169;32.3531718,119.8378169;32.3513752,119.8399429;32.3064596,119.8378169","32.3370022,119.8250605;32.3136461,119.8123042"
03,Datasets/UAV_VisLoc_dataset/03/drone/03_0766.JPG,32.2938832,119.8845902,"32.3513752,119.8378169;32.3064596,119.8378169;32.3531718,119.8378169;32.3010697,119.8463211","32.3405954,119.8675817;32.3082562,119.8356908"
03,Datasets/UAV_VisLoc_dataset/03/drone/03_0767.JPG,32.2938832,119.8845902,"32.3495785,119.8399429;32.3441887,119.8675817;32.3423920,119.8675817;32.3010697,119.8463211","32.2920866,119.8675817;32.3154427,119.8378169"
03,Datasets/UAV_VisLoc_dataset/03/drone/03_0768.JPG,32.2920866,119.8867162,"32.3495785,119.8399429;32.3477819,119.8441951;32.3495785,119.8420690;32.3477819,119.8420690","32.3477819,119.8463211;32.3441887,119.8123042"
04,Datasets/UAV_VisLoc_dataset/04/drone/04_0001.JPG,32.1564079,119.9293357,"32.2318660,119.9314589;32.1510180,119.9208427;32.2300694,119.9420751;32.2300694,119.9441983","32.2121032,119.9335821;32.2156964,119.9081032"
04,Datasets/UAV_VisLoc_dataset/04/drone/04_0002.JPG,32.1564079,119.9293357,"32.1510180,119.9208427;32.2300694,119.9420751;32.2318660,119.9314589;32.2300694,119.9441983","32.1995268,119.9484448;32.2246795,119.9144730"
04,Datasets/UAV_VisLoc_dataset/04/drone/04_0003.JPG,32.1582045,119.9293357,"32.2300694,119.9420751;32.2318660,119.9314589;32.2354593,119.9229659;32.1510180,119.9208427","32.1653910,119.9357054;32.2390525,119.9357054"
04,Datasets/UAV_VisLoc_dataset/04/drone/04_0004.JPG,32.1582045,119.9272124,"32.2300694,119.9420751;32.2354593,119.9229659;32.2300694,119.9441983;32.2318660,119.9314589","32.1995268,119.9165962;32.1707808,119.9378286"
04,Datasets/UAV_VisLoc_dataset/04/drone/04_0005.JPG,32.1600011,119.9272124,"32.2300694,119.9420751;32.2354593,119.9229659;32.2318660,119.9314589;32.1510180,119.9208427","32.1671876,119.9378286;32.1510180,119.9357054"
04,Datasets/UAV_VisLoc_dataset/04/drone/04_0006.JPG,32.1600011,119.9272124,"32.1510180,119.9208427;32.2300694,119.9441983;32.2318660,119.9314589;32.2300694,119.9420751","32.2318660,119.9059800;32.1851538,119.9335821"
04,Datasets/UAV_VisLoc_dataset/04/drone/04_0007.JPG,32.1617977,119.9272124,"32.2318660,119.9314589;32.1510180,119.9208427;32.2300694,119.9441983;32.2300694,119.9420751","32.1833572,119.9123497;32.2534255,119.9165962"
04,Datasets/UAV_VisLoc_dataset/04/drone/04_0008.JPG,32.1617977,119.9272124,"32.2318660,119.9314589;32.1510180,119.9208427;32.2300694,119.9441983;32.2300694,119.9420751","32.2300694,119.9165962;32.1887471,119.9399519"
04,Datasets/UAV_VisLoc_dataset/04/drone/04_0009.JPG,32.1635944,119.9272124,"32.2300694,119.9441983;32.2300694,119.9420751;32.1510180,119.9208427;32.1510180,119.9272124","32.1582045,119.9378286;32.2390525,119.9420751"
04,Datasets/UAV_VisLoc_dataset/04/drone/04_0010.JPG,32.1635944,119.9272124,"32.2300694,119.9420751;32.2300694,119.9441983;32.1510180,119.9272124;32.1510180,119.9208427","32.1905437,119.9123497;32.2300694,119.9378286"
04,Datasets/UAV_VisLoc_dataset/04/drone/04_0011.JPG,32.1653910,119.9272124,"32.1510180,119.9272124;32.1528146,119.9272124;32.2300694,119.9420751;32.1546112,119.9250892","32.2103065,119.9526913;32.1905437,119.9484448"
04,Datasets/UAV_VisLoc_dataset/04/drone/04_0012.JPG,32.1671876,119.9272124,"32.1510180,119.9272124;32.1528146,119.9272124;32.2300694,119.9420751;32.2300694,119.9441983","32.2138998,119.9484448;32.1869504,119.9102265"
04,Datasets/UAV_VisLoc_dataset/04/drone/04_0013.JPG,32.1671876,119.9250892,"32.1510180,119.9272124;32.2300694,119.9420751;32.1528146,119.9272124;32.2300694,119.9441983","32.2516289,119.9250892;32.2534255,119.9293357"
04,Datasets/UAV_VisLoc_dataset/04/drone/04_0014.JPG,32.1689842,119.9250892,"32.1510180,119.9272124;32.2300694,119.9420751;32.1528146,119.9272124;32.2300694,119.9441983","32.1959336,119.9081032;32.1743741,119.9144730"
04,Datasets/UAV_VisLoc_dataset/04/drone/04_0015.JPG,32.1689842,119.9250892,"32.2300694,119.9420751;32.1510180,119.9272124;32.1528146,119.9272124;32.2300694,119.9441983","32.1635944,119.9059800;32.1941369,119.9441983"
04,Datasets/UAV_VisLoc_dataset/04/drone/04_0016.JPG,32.1707808,119.9250892,"32.2300694,119.9420751;32.1510180,119.9272124;32.2300694,119.9441983;32.1528146,119.9272124","32.2156964,119.9059800;32.2156964,119.9463216"
04,Datasets/UAV_VisLoc_dataset/04/drone/04_0017.JPG,32.1707808,119.9250892,"32.2300694,119.9420751;32.2300694,119.9441983;32.1510180,119.9272124;32.1689842,119.9165962","32.2336626,119.9357054;32.2246795,119.9144730"
04,Datasets/UAV_VisLoc_dataset/04/drone/04_0018.JPG,32.1725775,119.9250892,"32.2300694,119.9420751;32.2300694,119.9441983;32.1689842,119.9165962;32.1510180,119.9208427","32.2444424,119.9102265;32.2013234,119.9484448"
04,Datasets/UAV_VisLoc_dataset/04/drone/04_0019.JPG,32.1725775,119.9250892,"32.2300694,119.9420751;32.1510180,119.9272124;32.2318660,119.9314589;32.1689842,119.9165962","32.1725775,119.9463216;32.2354593,119.9229659"
04,Datasets/UAV_VisLoc_dataset/04/drone/04_0020.JPG,32.1743741,119.9250892,"32.2300694,119.9420751;32.2318660,119.9314589;32.1689842,119.9165962;32.1510180,119.9272124","32.2085099,119.9081032;32.2103065,119.9378286"
04,Datasets/UAV_VisLoc_dataset/04/drone/04_0021.JPG,32.1761707,119.9250892,"32.2318660,119.9314589;32.2300694,119.9420751;32.2300694,119.9441983;32.1689842,119.9165962","32.2426457,119.9081032;32.1851538,119.9378286"
04,Datasets/UAV_VisLoc_dataset/04/drone/04_0022.JPG,32.1761707,119.9250892,"32.2318660,119.9314589;32.2300694,119.9314589;32.1510180,119.9208427;32.2300694,119.9420751","32.2085099,119.9293357;32.2480356,119.9187194"
04,Datasets/UAV_VisLoc_dataset/04/drone/04_0023.JPG,32.1779673,119.9229659,"32.2318660,119.9314589;32.2300694,119.9314589;32.1510180,119.9208427;32.2318660,119.9335821","32.2228829,119.9357054;32.2462390,119.9059800"
04,Datasets/UAV_VisLoc_dataset/04/drone/04_0024.JPG,32.1779673,119.9229659,"32.1510180,119.9272124;32.2300694,119.9420751;32.2300694,119.9441983;32.1689842,119.9165962","32.1977302,119.9144730;32.2049167,119.9378286"
04,Datasets/UAV_VisLoc_dataset/04/drone/04_0025.JPG,32.1797640,119.9229659,"32.1510180,119.9272124;32.1689842,119.9165962;32.2300694,119.9420751;32.2300694,119.9441983","32.2462390,119.9314589;32.2085099,119.9420751"
04,Datasets/UAV_VisLoc_dataset/04/drone/04_0026.JPG,32.1797640,119.9229659,"32.1510180,119.9272124;32.1528146,119.9314589;32.2300694,119.9441983;32.1689842,119.9165962","32.1600011,119.9463216;32.1905437,119.9272124"
04,Datasets/UAV_VisLoc_dataset/04/drone/04_0027.JPG,32.1815606,119.9229659,"32.1761707,119.9059800;32.1797640,119.9059800;32.1779673,119.9059800;32.1815606,119.9059800","32.1743741,119.9081032;32.2516289,119.9399519"
04,Datasets/UAV_VisLoc_dataset/04/drone/04_0028.JPG,32.1815606,119.9229659,"32.1779673,119.9059800;32.1707808,119.9165962;32.1725775,119.9165962;32.1779673,119.9081032","32.1635944,119.9293357;32.1564079,119.9378286"
04,Datasets/UAV_VisLoc_dataset/04/drone/04_0029.JPG,32.1833572,119.9229659,"32.1707808,119.9165962;32.1779673,119.9059800;32.1707808,119.9144730;32.1779673,119.9081032","32.2318660,119.9081032;32.2480356,119.9144730"
04,Datasets/UAV_VisLoc_dataset/04/drone/04_0030.JPG,32.1833572,119.9229659,"32.1779673,119.9059800;32.1707808,119.9165962;32.1779673,119.9081032;32.1689842,119.9165962","32.1600011,119.9229659;32.1689842,119.9441983"
04,Datasets/UAV_VisLoc_dataset/04/drone/04_0031.JPG,32.1851538,119.9229659,"32.1689842,119.9165962;32.2300694,119.9441983;32.1779673,119.9081032;32.1707808,119.9165962","32.2390525,119.9102265;32.2318660,119.9102265"
04,Datasets/UAV_VisLoc_dataset/04/drone/04_0032.JPG,32.1869504,119.9229659,"32.2300694,119.9441983;32.2300694,119.9420751;32.1510180,119.9208427;32.1689842,119.9165962","32.1653910,119.9229659;32.2444424,119.9314589"
04,Datasets/UAV_VisLoc_dataset/04/drone/04_0033.JPG,32.1869504,119.9229659,"32.2300694,119.9441983;32.1510180,119.9208427;32.2300694,119.9420751;32.1510180,119.9272124","32.1600011,119.9441983;32.2282728,119.9059800"
04,Datasets/UAV_VisLoc_dataset/04/drone/04_0034.JPG,32.1887471,119.9229659,"32.2300694,119.9441983;32.1510180,119.9208427;32.1689842,119.9165962;32.1510180,119.9272124","32.1564079,119.9059800;32.2246795,119.9123497"
04,Datasets/UAV_VisLoc_dataset/04/drone/04_0035.JPG,32.1887471,119.9229659,"32.1689842,119.9165962;32.2300694,119.9441983;32.1510180,119.9208427;32.1510180,119.9505681","32.2174930,119.9484448;32.1761707,119.9187194"
04,Datasets/UAV_VisLoc_dataset/04/drone/04_0036.JPG,32.1905437,119.9229659,"32.1582045,119.9463216;32.1510180,119.9505681;32.1923403,119.9399519;32.1689842,119.9165962","32.1564079,119.9165962;32.2372559,119.9357054"
04,Datasets/UAV_VisLoc_dataset/04/drone/04_0037.JPG,32.1905437,119.9208427,"32.1582045,119.9463216;32.1510180,119.9505681;32.1689842,119.9165962;32.1923403,119.9399519","32.2264761,119.9335821;32.2426457,119.9250892"
04,Datasets/UAV_VisLoc_dataset/04/drone/04_0038.JPG,32.1923403,119.9208427,"32.1582045,119.9463216;32.1510180,119.9505681;32.1923403,119.9399519;32.1689842,119.9165962","32.2013234,119.9505681;32.1815606,119.9357054"
04,Datasets/UAV_VisLoc_dataset/04/drone/04_0039.JPG,32.1923403,119.9208427,"32.1510180,119.9505681;32.1689842,119.9165962;32.2300694,119.9441983;32.1582045,119.9463216","32.2246795,119.9272124;32.1689842,119.9250892"
04,Datasets/UAV_VisLoc_dataset/04/drone/04_0040.JPG,32.1941369,119.9208427,"32.1600011,119.9059800;32.1600011,119.9081032;32.1635944,119.9059800;32.1617977,119.9081032","32.2138998,119.9250892;32.1564079,119.9165962"
04,Datasets/UAV_VisLoc_dataset/04/drone/04_0041.JPG,32.1941369,119.9208427,"32.1707808,119.9165962;32.1779673,119.9059800;32.1779673,119.9081032;32.1707808,119.9144730","32.1923403,119.9441983;32.2210863,119.9378286"
04,Datasets/UAV_VisLoc_dataset/04/drone/04_0042.JPG,32.1959336,119.9208427,"32.1779673,119.9059800;32.1707808,119.9165962;32.1779673,119.9081032;32.1689842,119.9165962","32.2300694,119.9378286;32.2228829,119.9059800"
04,Datasets/UAV_VisLoc_dataset/04/drone/04_0043.JPG,32.1977302,119.9208427,"32.1510180,119.9505681;32.1510180,119.9293357;32.2336626,119.9441983;32.1510180,119.9272124","32.2049167,119.9357054;32.2534255,119.9463216"
04,Datasets/UAV_VisLoc_dataset/04/drone/04_0044.JPG,32.1977302,119.9208427,"32.2300694,119.9505681;32.1528146,119.9250892;32.2318660,119.9526913;32.1528146,119.9229659","32.1510180,119.9229659;32.1707808,119.9081032"
04,Datasets/UAV_VisLoc_dataset/04/drone/04_0045.JPG,32.1995268,119.9208427,"32.2300694,119.9505681;32.1528146,119.9250892;32.2300694,119.9484448;32.1528146,119.9229659","32.1833572,119.9250892;32.2085099,119.9484448"
04,Datasets/UAV_VisLoc_dataset/04/drone/04_0046.JPG,32.1995268,119.9187194,"32.1528146,119.9250892;32.1510180,119.9272124;32.1546112,119.9250892;32.2300694,119.9505681","32.2121032,119.9335821;32.2390525,119.9102265"
04,Datasets/UAV_VisLoc_dataset/04/drone/04_0047.JPG,32.2013234,119.9187194,"32.1689842,119.9165962;32.1510180,119.9505681;32.1510180,119.9272124;32.2300694,119.9441983","32.1995268,119.9526913;32.1546112,119.9378286"
04,Datasets/UAV_VisLoc_dataset/04/drone/04_0048.JPG,32.2013234,119.9187194,"32.1510180,119.9272124;32.1528146,119.9250892;32.2300694,119.9441983;32.1546112,119.9250892","32.2390525,119.9441983;32.2138998,119.9165962"
04,Datasets/UAV_VisLoc_dataset/04/drone/04_0049.JPG,32.2031200,119.9187194,"32.2300694,119.9505681;32.1528146,119.9250892;32.1528146,119.9229659;32.2318660,119.9526913","32.2138998,119.9208427;32.1833572,119.9484448"
04,Datasets/UAV_VisLoc_dataset/04/drone/04_0050.JPG,32.2031200,119.9187194,"32.2300694,119.9505681;32.1528146,119.9250892;32.1528146,119.9229659;32.2318660,119.9526913","32.2264761,119.9399519;32.2174930,119.9208427"
04,Datasets/UAV_VisLoc_dataset/04/drone/04_0051.JPG,32.2049167,119.9187194,"32.2300694,119.9505681;32.2444424,119.9250892;32.2300694,119.9484448;32.1528146,119.9250892","32.2192896,119.9250892;32.1779673,119.9335821"
04,Datasets/UAV_VisLoc_dataset/04/drone/04_0052.JPG,32.2049167,119.9187194,"32.2300694,119.9505681;32.1528146,119.9250892;32.2300694,119.9484448;32.2318660,119.9526913","32.2336626,119.9526913;32.2174930,119.9293357"
04,Datasets/UAV_VisLoc_dataset/04/drone/04_0053.JPG,32.2067133,119.9187194,"32.2300694,119.9505681;32.1528146,119.9250892;32.1528146,119.9229659;32.2318660,119.9526913","32.2049167,119.9420751;32.1528146,119.9229659"
04,Datasets/UAV_VisLoc_dataset/04/drone/04_0054.JPG,32.2085099,119.9187194,"32.1510180,119.9272124;32.1528146,119.9250892;32.1528146,119.9229659;32.1546112,119.9250892","32.1600011,119.9293357;32.2318660,119.9463216"
04,Datasets/UAV_VisLoc_dataset/04/drone/04_0055.JPG,32.2085099,119.9187194,"32.2300694,119.9441983;32.1510180,119.9272124;32.2264761,119.9399519;32.1546112,119.9250892","32.1761707,119.9484448;32.2390525,119.9293357"
04,Datasets/UAV_VisLoc_dataset/04/drone/04_0056.JPG,32.2103065,119.9165962,"32.2354593,119.9526913;32.2300694,119.9441983;32.1689842,119.9165962;32.1582045,119.9463216","32.2516289,119.9378286;32.2426457,119.9081032"
04,Datasets/UAV_VisLoc_dataset/04/drone/04_0057.JPG,32.2103065,119.9165962,"32.2300694,119.9441983;32.1510180,119.9272124;32.2264761,119.9399519;32.1689842,119.9165962","32.1833572,119.9081032;32.2228829,119.9272124"
04,Datasets/UAV_VisLoc_dataset/04/drone/04_0058.JPG,32.2121032,119.9165962,"32.2300694,119.9441983;32.1510180,119.9208427;32.2264761,119.9399519;32.1510180,119.9272124","32.2103065,119.9505681;32.1887471,119.9420751"
04,Datasets/UAV_VisLoc_dataset/04/drone/04_0059.JPG,32.2121032,119.9165962,"32.2300694,119.9441983;32.1510180,119.9272124;32.1510180,119.9208427;32.2300694,119.9420751","32.1725775,119.9102265;32.1510180,119.9441983"
04,Datasets/UAV_VisLoc_dataset/04/drone/04_0060.JPG,32.2138998,119.9165962,"32.2300694,119.9441983;32.1510180,119.9272124;32.1510180,119.9208427;32.2300694,119.9420751","32.2372559,119.9335821;32.2444424,119.9272124"
04,Datasets/UAV_VisLoc_dataset/04/drone/04_0061.JPG,32.2138998,119.9165962,"32.2300694,119.9441983;32.1510180,119.9272124;32.1510180,119.9208427;32.2300694,119.9420751","32.2085099,119.9463216;32.2498322,119.9463216"
04,Datasets/UAV_VisLoc_dataset/04/drone/04_0062.JPG,32.2156964,119.9165962,"32.2300694,119.9441983;32.2264761,119.9399519;32.1546112,119.9250892;32.1510180,119.9272124","32.1797640,119.9123497;32.1833572,119.9293357"
04,Datasets/UAV_VisLoc_dataset/04/drone/04_0063.JPG,32.2174930,119.9165962,"32.2300694,119.9441983;32.1546112,119.9250892;32.2264761,119.9399519;32.1510180,119.9272124","32.1941369,119.9208427;32.2390525,119.9102265"
04,Datasets/UAV_VisLoc_dataset/04/drone/04_0064.JPG,32.2174930,119.9165962,"32.2300694,119.9441983;32.1546112,119.9250892;32.1510180,119.9272124;32.2264761,119.9399519","32.2264761,119.9484448;32.1528146,119.9505681"
04,Datasets/UAV_VisLoc_dataset/04/drone/04_0065.JPG,32.2192896,119.9144730,"32.2300694,119.9441983;32.1510180,119.9208427;32.2264761,119.9399519;32.1510180,119.9272124","32.1761707,119.9272124;32.2013234,119.9208427"
04,Datasets/UAV_VisLoc_dataset/04/drone/04_0066.JPG,32.2192896,119.9144730,"32.2300694,119.9441983;32.1510180,119.9208427;32.2264761,119.9399519;32.1510180,119.9272124","32.1833572,119.9059800;32.1546112,119.9420751"
04,Datasets/UAV_VisLoc_dataset/04/drone/04_0067.JPG,32.2210863,119.9144730,"32.2300694,119.9441983;32.1510180,119.9208427;32.1510180,119.9272124;32.2264761,119.9399519","32.1869504,119.9293357;32.1635944,119.9441983"
04,Datasets/UAV_VisLoc_dataset/04/drone/04_0068.JPG,32.2210863,119.9144730,"32.1546112,119.9250892;32.1528146,119.9250892;32.1510180,119.9272124;32.1528146,119.9229659","32.1653910,119.9420751;32.1869504,119.9229659"
04,Datasets/UAV_VisLoc_dataset/04/drone/04_0069.JPG,32.2228829,119.9144730,"32.1528146,119.9250892;32.1564079,119.9399519;32.1546112,119.9250892;32.1510180,119.9272124","32.2480356,119.9484448;32.1869504,119.9463216"
04,Datasets/UAV_VisLoc_dataset/04/drone/04_0070.JPG,32.2228829,119.9144730,"32.1528146,119.9250892;32.1564079,119.9399519;32.1564079,119.9378286;32.1546112,119.9250892","32.2534255,119.9144730;32.1725775,119.9463216"
04,Datasets/UAV_VisLoc_dataset/04/drone/04_0071.JPG,32.2246795,119.9144730,"32.1528146,119.9250892;32.1510180,119.9272124;32.1528146,119.9272124;32.1564079,119.9399519","32.1725775,119.9229659;32.1600011,119.9441983"
04,Datasets/UAV_VisLoc_dataset/04/drone/04_0072.JPG,32.2246795,119.9144730,"32.2300694,119.9420751;32.1510180,119.9272124;32.1546112,119.9250892;32.2354593,119.9229659","32.1546112,119.9059800;32.2354593,119.9505681"
04,Datasets/UAV_VisLoc_dataset/04/drone/04_0073.JPG,32.2264761,119.9144730,"32.1510180,119.9208427;32.2300694,119.9420751;32.2300694,119.9441983;32.2318660,119.9314589","32.1869504,119.9526913;32.2390525,119.9059800"
04,Datasets/UAV_VisLoc_dataset/04/drone/04_0074.JPG,32.2282728,119.9144730,"32.1510180,119.9208427;32.2318660,119.9314589;32.2300694,119.9441983;32.2300694,119.9420751","32.2336626,119.9484448;32.2354593,119.9059800"
04,Datasets/UAV_VisLoc_dataset/04/drone/04_0075.JPG,32.2282728,119.9123497,"32.1510180,119.9208427;32.2318660,119.9314589;32.2300694,119.9441983;32.2300694,119.9420751","32.1617977,119.9081032;32.2462390,119.9441983"
04,Datasets/UAV_VisLoc_dataset/04/drone/04_0076.JPG,32.2300694,119.9123497,"32.2318660,119.9314589;32.2300694,119.9420751;32.1510180,119.9208427;32.2318660,119.9293357","32.2498322,119.9420751;32.2444424,119.9314589"
04,Datasets/UAV_VisLoc_dataset/04/drone/04_0077.JPG,32.2300694,119.9123497,"32.2318660,119.9314589;32.1510180,119.9208427;32.2336626,119.9187194;32.2300694,119.9420751","32.1689842,119.9314589;32.1905437,119.9059800"
04,Datasets/UAV_VisLoc_dataset/04/drone/04_0078.JPG,32.2318660,119.9123497,"32.2318660,119.9314589;32.1510180,119.9208427;32.2300694,119.9420751;32.2318660,119.9378286","32.2516289,119.9102265;32.2462390,119.9441983"
04,Datasets/UAV_VisLoc_dataset/04/drone/04_0079.JPG,32.2318660,119.9123497,"32.2318660,119.9314589;32.2300694,119.9420751;32.2354593,119.9229659;32.2300694,119.9441983","32.2426457,119.9335821;32.2138998,119.9293357"
04,Datasets/UAV_VisLoc_dataset/04/drone/04_0080.JPG,32.2336626,119.9123497,"32.1689842,119.9165962;32.2318660,119.9314589;32.2300694,119.9420751;32.2354593,119.9229659","32.2534255,119.9293357;32.2049167,119.9229659"
04,Datasets/UAV_VisLoc_dataset/04/drone/04_0081.JPG,32.2336626,119.9123497,"32.1689842,119.9165962;32.2318660,119.9314589;32.1510180,119.9293357;32.1779673,119.9081032","32.1707808,119.9357054;32.2246795,119.9059800"
04,Datasets/UAV_VisLoc_dataset/04/drone/04_0082.JPG,32.2354593,119.9123497,"32.1689842,119.9165962;32.2318660,119.9314589;32.2318660,119.9399519;32.1510180,119.9293357","32.1995268,119.9272124;32.2174930,119.9208427"
04,Datasets/UAV_VisLoc_dataset/04/drone/04_0083.JPG,32.2354593,119.9123497,"32.2336626,119.9187194;32.2318660,119.9399519;32.2318660,119.9314589;32.2318660,119.9378286","32.1528146,119.9463216;32.2121032,119.9272124"
04,Datasets/UAV_VisLoc_dataset/04/drone/04_0084.JPG,32.2372559,119.9123497,"32.2354593,119.9229659;32.2300694,119.9420751;32.2300694,119.9399519;32.2336626,119.9187194","32.2498322,119.9187194;32.2264761,119.9314589"
04,Datasets/UAV_VisLoc_dataset/04/drone/04_0085.JPG,32.2390525,119.9102265,"32.2300694,119.9420751;32.2300694,119.9399519;32.2300694,119.9441983;32.1546112,119.9250892","32.2210863,119.9272124;32.2336626,119.9229659"
04,Datasets/UAV_VisLoc_dataset/04/drone/04_0086.JPG,32.2390525,119.9102265,"32.2300694,119.9420751;32.2300694,119.9441983;32.1546112,119.9250892;32.1510180,119.9272124","32.2354593,119.9229659;32.1546112,119.9505681"
04,Datasets/UAV_VisLoc_dataset/04/drone/04_0087.JPG,32.2408491,119.9102265,"32.1510180,119.9272124;32.1528146,119.9250892;32.2300694,119.9420751;32.1546112,119.9250892","32.2480356,119.9378286;32.2156964,119.9187194"
04,Datasets/UAV_VisLoc_dataset/04/drone/04_0088.JPG,32.2408491,119.9102265,"32.2300694,119.9420751;32.1510180,119.9272124;32.2300694,119.9441983;32.1528146,119.9272124","32.1564079,119.9102265;32.2031200,119.9208427"
04,Datasets/UAV_VisLoc_dataset/04/drone/04_0089.JPG,32.2426457,119.9102265,"32.2300694,119.9420751;32.2300694,119.9441983;32.1510180,119.9272124;32.1689842,119.9165962","32.2390525,119.9399519;32.2138998,119.9293357"
04,Datasets/UAV_VisLoc_dataset/04/drone/04_0090.JPG,32.2426457,119.9123497,"32.1528146,119.9272124;32.1510180,119.9272124;32.1510180,119.9250892;32.1528146,119.9314589","32.2174930,119.9250892;32.1923403,119.9059800"
04,Datasets/UAV_VisLoc_dataset/04/drone/04_0091.JPG,32.2426457,119.9144730,"32.2300694,119.9420751;32.2318660,119.9314589;32.1528146,119.9293357;32.2354593,119.9229659","32.1743741,119.9484448;32.1617977,119.9314589"
04,Datasets/UAV_VisLoc_dataset/04/drone/04_0092.JPG,32.2408491,119.9144730,"32.2318660,119.9314589;32.2300694,119.9420751;32.1528146,119.9293357;32.2300694,119.9441983","32.1725775,119.9420751;32.2192896,119.9250892"
04,Datasets/UAV_VisLoc_dataset/04/drone/04_0093.JPG,32.2390525,119.9144730,"32.2300694,119.9420751;32.2318660,119.9314589;32.2354593,119.9229659;32.2336626,119.9187194","32.1851538,119.9378286;32.2318660,119.9484448"
04,Datasets/UAV_VisLoc_dataset/04/drone/04_0094.JPG,32.2390525,119.9144730,"32.2318660,119.9314589;32.2300694,119.9420751;32.2354593,119.9229659;32.2336626,119.9187194","32.1528146,119.9123497;32.1725775,119.9250892"
04,Datasets/UAV_VisLoc_dataset/04/drone/04_0095.JPG,32.2372559,119.9144730,"32.2318660,119.9314589;32.2336626,119.9187194;32.2354593,119.9229659;32.2300694,119.9420751","32.2534255,119.9399519;32.2049167,119.9059800"
04,Datasets/UAV_VisLoc_dataset/04/drone/04_0096.JPG,32.2372559,119.9144730,"32.2318660,119.9314589;32.2336626,119.9187194;32.2300694,119.9420751;32.2354593,119.9229659","32.1653910,119.9484448;32.1851538,119.9123497"
04,Datasets/UAV_VisLoc_dataset/04/drone/04_0097.JPG,32.2354593,119.9144730,"32.2318660,119.9314589;32.2336626,119.9187194;32.2300694,119.9420751;32.2354593,119.9229659","32.2300694,119.9399519;32.2049167,119.9399519"
04,Datasets/UAV_VisLoc_dataset/04/drone/04_0098.JPG,32.2354593,119.9144730,"32.2318660,119.9314589;32.2300694,119.9420751;32.2354593,119.9229659;32.2336626,119.9187194","32.2121032,119.9144730;32.2264761,119.9102265"
04,Datasets/UAV_VisLoc_dataset/04/drone/04_0099.JPG,32.2336626,119.9144730,"32.2318660,119.9314589;32.2300694,119.9420751;32.2354593,119.9229659;32.2300694,119.9441983","32.1923403,119.9399519;32.2462390,119.9123497"
04,Datasets/UAV_VisLoc_dataset/04/drone/04_0100.JPG,32.2336626,119.9144730,"32.2318660,119.9314589;32.2300694,119.9420751;32.2354593,119.9229659;32.1689842,119.9165962","32.2462390,119.9187194;32.2498322,119.9505681"
04,Datasets/UAV_VisLoc_dataset/04/drone/04_0101.JPG,32.2318660,119.9165962,"32.2318660,119.9314589;32.2300694,119.9420751;32.1689842,119.9165962;32.2354593,119.9229659","32.2444424,119.9357054;32.2498322,119.9102265"
04,Datasets/UAV_VisLoc_dataset/04/drone/04_0102.JPG,32.2300694,119.9165962,"32.2300694,119.9420751;32.2318660,119.9314589;32.1510180,119.9272124;32.1689842,119.9165962","32.1743741,119.9484448;32.2121032,119.9250892"
04,Datasets/UAV_VisLoc_dataset/04/drone/04_0103.JPG,32.2300694,119.9165962,"32.1510180,119.9272124;32.2300694,119.9420751;32.1689842,119.9165962;32.1528146,119.9314589","32.2103065,119.9463216;32.2103065,119.9378286"
04,Datasets/UAV_VisLoc_dataset/04/drone/04_0104.JPG,32.2282728,119.9165962,"32.1510180,119.9208427;32.2300694,119.9441983;32.2300694,119.9420751;32.2264761,119.9399519","32.2013234,119.9059800;32.2174930,119.9357054"
04,Datasets/UAV_VisLoc_dataset/04/drone/04_0105.JPG,32.2282728,119.9165962,"32.2300694,119.9441983;32.2300694,119.9420751;32.1510180,119.9208427;32.2264761,119.9399519","32.1510180,119.9484448;32.1528146,119.9505681"
04,Datasets/UAV_VisLoc_dataset/04/drone/04_0106.JPG,32.2264761,119.9165962,"32.2300694,119.9420751;32.1510180,119.9272124;32.2300694,119.9441983;32.2264761,119.9399519","32.2067133,119.9505681;32.2462390,119.9059800"
04,Datasets/UAV_VisLoc_dataset/04/drone/04_0107.JPG,32.2264761,119.9165962,"32.1528146,119.9250892;32.1528146,119.9272124;32.1510180,119.9272124;32.1546112,119.9250892","32.1635944,119.9441983;32.2318660,119.9441983"
04,Datasets/UAV_VisLoc_dataset/04/drone/04_0108.JPG,32.2246795,119.9165962,"32.1510180,119.9272124;32.1528146,119.9272124;32.2300694,119.9420751;32.1546112,119.9250892","32.1815606,119.9526913;32.1510180,119.9378286"
04,Datasets/UAV_VisLoc_dataset/04/drone/04_0109.JPG,32.2246795,119.9165962,"32.1510180,119.9272124;32.2300694,119.9420751;32.1528146,119.9272124;32.2300694,119.9441983","32.1995268,119.9441983;32.1815606,119.9165962"
04,Datasets/UAV_VisLoc_dataset/04/drone/04_0110.JPG,32.2228829,119.9187194,"32.1510180,119.9272124;32.1546112,119.9250892;32.1528146,119.9250892;32.1528146,119.9272124","32.1510180,119.9059800;32.1923403,119.9463216"
04,Datasets/UAV_VisLoc_dataset/04/drone/04_0111.JPG,32.2228829,119.9187194,"32.1546112,119.9250892;32.1528146,119.9250892;32.1510180,119.9272124;32.1528146,119.9229659","32.2372559,119.9420751;32.1833572,119.9314589"
04,Datasets/UAV_VisLoc_dataset/04/drone/04_0112.JPG,32.2210863,119.9187194,"32.2300694,119.9441983;32.1546112,119.9250892;32.1510180,119.9272124;32.1510180,119.9208427","32.1635944,119.9314589;32.2013234,119.9463216"
04,Datasets/UAV_VisLoc_dataset/04/drone/04_0113.JPG,32.2192896,119.9187194,"32.2300694,119.9441983;32.1510180,119.9272124;32.1546112,119.9250892;32.2264761,119.9399519","32.1869504,119.9272124;32.1546112,119.9314589"
04,Datasets/UAV_VisLoc_dataset/04/drone/04_0114.JPG,32.2192896,119.9187194,"32.2300694,119.9441983;32.1546112,119.9250892;32.1510180,119.9272124;32.2264761,119.9399519","32.1941369,119.9165962;32.1671876,119.9272124"
04,Datasets/UAV_VisLoc_dataset/04/drone/04_0115.JPG,32.2174930,119.9187194,"32.1546112,119.9250892;32.2300694,119.9441983;32.1528146,119.9250892;32.1510180,119.9272124","32.2480356,119.9335821;32.1815606,119.9272124"
04,Datasets/UAV_VisLoc_dataset/04/drone/04_0116.JPG,32.2174930,119.9187194,"32.2300694,119.9441983;32.1546112,119.9250892;32.1528146,119.9250892;32.1528146,119.9229659","32.2031200,119.9378286;32.2049167,119.9059800"
04,Datasets/UAV_VisLoc_dataset/04/drone/04_0117.JPG,32.2156964,119.9187194,"32.2300694,119.9441983;32.1546112,119.9250892;32.1510180,119.9272124;32.2264761,119.9399519","32.1995268,119.9165962;32.1600011,119.9505681"
04,Datasets/UAV_VisLoc_dataset/04/drone/04_0118.JPG,32.2156964,119.9187194,"32.1510180,119.9272124;32.1546112,119.9250892;32.2300694,119.9441983;32.1528146,119.9250892","32.2498322,119.9187194;32.2300694,119.9420751"
04,Datasets/UAV_VisLoc_dataset/04/drone/04_0119.JPG,32.2138998,119.9187194,"32.1528146,119.9250892;32.2300694,119.9505681;32.1546112,119.9250892;32.1528146,119.9229659","32.1779673,119.9335821;32.2031200,119.9526913"
04,Datasets/UAV_VisLoc_dataset/04/drone/04_0120.JPG,32.2138998,119.9208427,"32.2300694,119.9505681;32.1528146,119.9250892;32.1528146,119.9229659;32.2318660,119.9526913","32.1528146,119.9229659;32.2534255,119.9314589"
04,Datasets/UAV_VisLoc_dataset/04/drone/04_0121.JPG,32.2121032,119.9208427,"32.2300694,119.9505681;32.1528146,119.9250892;32.2300694,119.9484448;32.2318660,119.9526913","32.1743741,119.9505681;32.1761707,119.9208427"
04,Datasets/UAV_VisLoc_dataset/04/drone/04_0122.JPG,32.2103065,119.9208427,"32.2300694,119.9505681;32.1528146,119.9250892;32.2300694,119.9484448;32.1528146,119.9229659","32.2426457,119.9059800;32.1528146,119.9378286"
04,Datasets/UAV_VisLoc_dataset/04/drone/04_0123.JPG,32.2103065,119.9208427,"32.2300694,119.9505681;32.1528146,119.9250892;32.2300694,119.9484448;32.1528146,119.9229659","32.2156964,119.9463216;32.2156964,119.9420751"
04,Datasets/UAV_VisLoc_dataset/04/drone/04_0124.JPG,32.2085099,119.9208427,"32.2300694,119.9505681;32.1528146,119.9250892;32.2318660,119.9526913;32.1528146,119.9229659","32.2300694,119.9144730;32.1617977,119.9187194"
04,Datasets/UAV_VisLoc_dataset/04/drone/04_0125.JPG,32.2085099,119.9208427,"32.2300694,119.9505681;32.1528146,119.9250892;32.1528146,119.9229659;32.2318660,119.9526913","32.2013234,119.9357054;32.2228829,119.9208427"
04,Datasets/UAV_VisLoc_dataset/04/drone/04_0126.JPG,32.2067133,119.9208427,"32.2300694,119.9505681;32.1528146,119.9250892;32.1528146,119.9229659;32.2318660,119.9526913","32.1887471,119.9357054;32.1815606,119.9357054"
04,Datasets/UAV_VisLoc_dataset/04/drone/04_0127.JPG,32.2067133,119.9208427,"32.2300694,119.9505681;32.1528146,119.9250892;32.2444424,119.9250892;32.1528146,119.9229659","32.2282728,119.9059800;32.1546112,119.9165962"
04,Datasets/UAV_VisLoc_dataset/04/drone/04_0128.JPG,32.2049167,119.9208427,"32.2300694,119.9505681;32.1528146,119.9250892;32.2300694,119.9484448;32.2444424,119.9250892","32.2210863,119.9123497;32.1959336,119.9059800"
04,Datasets/UAV_VisLoc_dataset/04/drone/04_0129.JPG,32.2049167,119.9229659,"32.2300694,119.9505681;32.1528146,119.9250892;32.1528146,119.9229659;32.2444424,119.9250892","32.1869504,119.9335821;32.2534255,119.9399519"
04,Datasets/UAV_VisLoc_dataset/04/drone/04_0130.JPG,32.2031200,119.9229659,"32.1528146,119.9250892;32.1528146,119.9229659;32.1546112,119.9250892;32.2300694,119.9505681","32.2210863,119.9208427;32.2103065,119.9420751"
04,Datasets/UAV_VisLoc_dataset/04/drone/04_0131.JPG,32.2031200,119.9229659,"32.1528146,119.9229659;32.1528146,119.9250892;32.1546112,119.9250892;32.2300694,119.9441983","32.2300694,119.9229659;32.1977302,119.9420751"
04,Datasets/UAV_VisLoc_dataset/04/drone/04_0132.JPG,32.2013234,119.9229659,"32.1617977,119.9441983;32.1600011,119.9441983;32.1635944,119.9463216;32.1582045,119.9463216","32.2103065,119.9102265;32.1869504,119.9123497"
04,Datasets/UAV_VisLoc_dataset/04/drone/04_0133.JPG,32.1995268,119.9229659,"32.1635944,119.9441983;32.1617977,119.9441983;32.1635944,119.9463216;32.2300694,119.9505681","32.2174930,119.9165962;32.1761707,119.9187194"
04,Datasets/UAV_VisLoc_dataset/04/drone/04_0134.JPG,32.1995268,119.9229659,"32.1510180,119.9293357;32.1600011,119.9441983;32.2534255,119.9378286;32.1617977,119.9441983","32.2354593,119.9081032;32.2408491,119.9187194"
04,Datasets/UAV_VisLoc_dataset/04/drone/04_0135.JPG,32.1977302,119.9229659,"32.1510180,119.9272124;32.1510180,119.9293357;32.2300694,119.9441983;32.1689842,119.9165962","32.1617977,119.9378286;32.1635944,119.9314589"
04,Datasets/UAV_VisLoc_dataset/04/drone/04_0136.JPG,32.1977302,119.9229659,"32.1510180,119.9272124;32.2300694,119.9441983;32.1510180,119.9505681;32.2300694,119.9420751","32.1528146,119.9250892;32.1869504,119.9441983"
04,Datasets/UAV_VisLoc_dataset/04/drone/04_0137.JPG,32.1959336,119.9229659,"32.1510180,119.9293357;32.2318660,119.9420751;32.1510180,119.9272124;32.2300694,119.9441983","32.1851538,119.9250892;32.2390525,119.9059800"
04,Datasets/UAV_VisLoc_dataset/04/drone/04_0138.JPG,32.1959336,119.9229659,"32.2318660,119.9420751;32.1510180,119.9293357;32.2318660,119.9399519;32.2300694,119.9441983","32.1689842,119.9357054;32.2264761,119.9420751"
04,Datasets/UAV_VisLoc_dataset/04/drone/04_0139.JPG,32.1941369,119.9229659,"32.2318660,119.9420751;32.1510180,119.9293357;32.2300694,119.9441983;32.1689842,119.9165962","32.2156964,119.9187194;32.1510180,119.9144730"
04,Datasets/UAV_VisLoc_dataset/04/drone/04_0140.JPG,32.1941369,119.9229659,"32.1510180,119.9208427;32.1689842,119.9165962;32.2318660,119.9420751;32.2300694,119.9441983","32.1833572,119.9165962;32.2408491,119.9399519"
04,Datasets/UAV_VisLoc_dataset/04/drone/04_0141.JPG,32.1923403,119.9229659,"32.1510180,119.9293357;32.2318660,119.9420751;32.1510180,119.9208427;32.1689842,119.9165962","32.1689842,119.9484448;32.1671876,119.9059800"
04,Datasets/UAV_VisLoc_dataset/04/drone/04_0142.JPG,32.1923403,119.9229659,"32.1779673,119.9059800;32.1761707,119.9059800;32.1797640,119.9059800;32.1761707,119.9081032","32.1582045,119.9420751;32.1941369,119.9102265"
04,Datasets/UAV_VisLoc_dataset/04/drone/04_0143.JPG,32.1905437,119.9229659,"32.1779673,119.9059800;32.1779673,119.9081032;32.1797640,119.9059800;32.2318660,119.9420751","32.2318660,119.9187194;32.2192896,119.9144730"
04,Datasets/UAV_VisLoc_dataset/04/drone/04_0144.JPG,32.1887471,119.9250892,"32.1779673,119.9059800;32.1779673,119.9081032;32.1707808,119.9165962;32.1689842,119.9165962","32.2318660,119.9526913;32.2210863,119.9081032"
04,Datasets/UAV_VisLoc_dataset/04/drone/04_0145.JPG,32.1887471,119.9250892,"32.1707808,119.9165962;32.1779673,119.9059800;32.1779673,119.9081032;32.1689842,119.9165962","32.2372559,119.9081032;32.1617977,119.9441983"
04,Datasets/UAV_VisLoc_dataset/04/drone/04_0146.JPG,32.1869504,119.9250892,"32.1779673,119.9059800;32.1779673,119.9081032;32.1689842,119.9165962;32.1707808,119.9165962","32.2462390,119.9187194;32.2282728,119.9229659"
04,Datasets/UAV_VisLoc_dataset/04/drone/04_0147.JPG,32.1869504,119.9250892,"32.1510180,119.9208427;32.2300694,119.9441983;32.1510180,119.9272124;32.1510180,119.9293357","32.1923403,119.9081032;32.1582045,119.9463216"
04,Datasets/UAV_VisLoc_dataset/04/drone/04_0148.JPG,32.1851538,119.9250892,"32.1689842,119.9165962;32.1510180,119.9293357;32.2300694,119.9441983;32.2318660,119.9399519","32.2480356,119.9293357;32.2480356,119.9463216"
04,Datasets/UAV_VisLoc_dataset/04/drone/04_0149.JPG,32.1851538,119.9250892,"32.1689842,119.9165962;32.1510180,119.9505681;32.1779673,119.9059800;32.1510180,119.9272124","32.1995268,119.9187194;32.2498322,119.9187194"
04,Datasets/UAV_VisLoc_dataset/04/drone/04_0150.JPG,32.1833572,119.9250892,"32.1689842,119.9165962;32.1510180,119.9505681;32.2300694,119.9441983;32.1510180,119.9272124","32.2390525,119.9059800;32.2210863,119.9463216"
04,Datasets/UAV_VisLoc_dataset/04/drone/04_0151.JPG,32.1833572,119.9250892,"32.1689842,119.9165962;32.2300694,119.9441983;32.1510180,119.9272124;32.2300694,119.9420751","32.2013234,119.9229659;32.2246795,119.9505681"
04,Datasets/UAV_VisLoc_dataset/04/drone/04_0152.JPG,32.1815606,119.9250892,"32.2300694,119.9420751;32.1689842,119.9165962;32.2300694,119.9441983;32.1510180,119.9272124","32.1528146,119.9399519;32.2049167,119.9144730"
04,Datasets/UAV_VisLoc_dataset/04/drone/04_0153.JPG,32.1815606,119.9272124,"32.1689842,119.9165962;32.2300694,119.9420751;32.1510180,119.9272124;32.2300694,119.9441983","32.1635944,119.9463216;32.2013234,119.9378286"
04,Datasets/UAV_VisLoc_dataset/04/drone/04_0154.JPG,32.1797640,119.9272124,"32.2300694,119.9420751;32.1510180,119.9208427;32.2318660,119.9314589;32.2354593,119.9229659","32.2354593,119.9165962;32.1743741,119.9059800"
04,Datasets/UAV_VisLoc_dataset/04/drone/04_0155.JPG,32.1779673,119.9272124,"32.2300694,119.9420751;32.1510180,119.9208427;32.2318660,119.9314589;32.2300694,119.9441983","32.1546112,119.9441983;32.2210863,119.9420751"
04,Datasets/UAV_VisLoc_dataset/04/drone/04_0156.JPG,32.1779673,119.9272124,"32.1510180,119.9208427;32.2300694,119.9420751;32.2300694,119.9441983;32.2318660,119.9314589","32.1851538,119.9484448;32.2426457,119.9441983"
04,Datasets/UAV_VisLoc_dataset/04/drone/04_0157.JPG,32.1761707,119.9272124,"32.2300694,119.9420751;32.2300694,119.9441983;32.1510180,119.9272124;32.1510180,119.9208427","32.2085099,119.9165962;32.2372559,119.9102265"
04,Datasets/UAV_VisLoc_dataset/04/drone/04_0158.JPG,32.1761707,119.9272124,"32.2300694,119.9420751;32.1510180,119.9272124;32.2300694,119.9441983;32.2354593,119.9229659","32.2318660,119.9357054;32.1869504,119.9272124"
04,Datasets/UAV_VisLoc_dataset/04/drone/04_0159.JPG,32.1743741,119.9272124,"32.2300694,119.9420751;32.1510180,119.9272124;32.1528146,119.9272124;32.2354593,119.9229659","32.1635944,119.9229659;32.1833572,119.9102265"
04,Datasets/UAV_VisLoc_dataset/04/drone/04_0160.JPG,32.1743741,119.9272124,"32.1510180,119.9272124;32.2300694,119.9420751;32.1528146,119.9272124;32.2354593,119.9229659","32.1725775,119.9059800;32.1851538,119.9463216"
04,Datasets/UAV_VisLoc_dataset/04/drone/04_0161.JPG,32.1725775,119.9272124,"32.1510180,119.9272124;32.2300694,119.9420751;32.2300694,119.9441983;32.1689842,119.9165962","32.2408491,119.9229659;32.2103065,119.9484448"
04,Datasets/UAV_VisLoc_dataset/04/drone/04_0162.JPG,32.1725775,119.9272124,"32.2300694,119.9420751;32.1510180,119.9272124;32.2300694,119.9441983;32.1528146,119.9272124","32.2444424,119.9378286;32.2462390,119.9187194"
04,Datasets/UAV_VisLoc_dataset/04/drone/04_0163.JPG,32.1707808,119.9293357,"32.2300694,119.9420751;32.1510180,119.9272124;32.2300694,119.9441983;32.1528146,119.9272124","32.2426457,119.9187194;32.2462390,119.9081032"
04,Datasets/UAV_VisLoc_dataset/04/drone/04_0164.JPG,32.1707808,119.9293357,"32.2300694,119.9420751;32.1510180,119.9272124;32.1528146,119.9272124;32.2300694,119.9441983","32.1905437,119.9335821;32.1779673,119.9505681"
04,Datasets/UAV_VisLoc_dataset/04/drone/04_0165.JPG,32.1689842,119.9293357,"32.1510180,119.9272124;32.2300694,119.9420751;32.2300694,119.9441983;32.1546112,119.9250892","32.2480356,119.9165962;32.2444424,119.9335821"
04,Datasets/UAV_VisLoc_dataset/04/drone/04_0166.JPG,32.1671876,119.9293357,"32.1510180,119.9272124;32.2300694,119.9420751;32.2300694,119.9441983;32.1546112,119.9250892","32.1671876,119.9484448;32.1977302,119.9293357"
04,Datasets/UAV_VisLoc_dataset/04/drone/04_0167.JPG,32.1671876,119.9293357,"32.1510180,119.9272124;32.2300694,119.9420751;32.2300694,119.9441983;32.1528146,119.9272124","32.1905437,119.9187194;32.2103065,119.9526913"
04,Datasets/UAV_VisLoc_dataset/04/drone/04_0168.JPG,32.1653910,119.9293357,"32.1510180,119.9272124;32.2300694,119.9420751;32.2300694,119.9441983;32.1528146,119.9272124","32.1564079,119.9165962;32.1851538,119.9144730"
04,Datasets/UAV_VisLoc_dataset/04/drone/04_0169.JPG,32.1653910,119.9293357,"32.1510180,119.9272124;32.2300694,119.9420751;32.1528146,119.9272124;32.2300694,119.9441983","32.2534255,119.9357054;32.1797640,119.9357054"
04,Datasets/UAV_VisLoc_dataset/04/drone/04_0170.JPG,32.1635944,119.9293357,"32.2300694,119.9420751;32.2300694,119.9441983;32.1510180,119.9272124;32.2300694,119.9399519","32.2138998,119.9293357;32.2049167,119.9293357"
04,Datasets/UAV_VisLoc_dataset/04/drone/04_0171.JPG,32.1635944,119.9293357,"32.2318660,119.9314589;32.2300694,119.9420751;32.2300694,119.9441983;32.2318660,119.9293357","32.2426457,119.9463216;32.2103065,119.9102265"
04,Datasets/UAV_VisLoc_dataset/04/drone/04_0172.JPG,32.1617977,119.9314589,"32.2300694,119.9420751;32.2300694,119.9441983;32.2318660,119.9314589;32.1510180,119.9272124","32.2067133,119.9463216;32.2246795,119.9314589"
04,Datasets/UAV_VisLoc_dataset/04/drone/04_0173.JPG,32.1617977,119.9314589,"32.2300694,119.9420751;32.1510180,119.9272124;32.2300694,119.9441983;32.2354593,119.9229659","32.1797640,119.9357054;32.1977302,119.9463216"
04,Datasets/UAV_VisLoc_dataset/04/drone/04_0174.JPG,32.1600011,119.9314589,"32.2300694,119.9420751;32.1510180,119.9272124;32.2300694,119.9441983;32.2354593,119.9229659","32.1761707,119.9420751;32.2156964,119.9505681"
04,Datasets/UAV_VisLoc_dataset/04/drone/04_0175.JPG,32.1582045,119.9314589,"32.2300694,119.9420751;32.1510180,119.9272124;32.1528146,119.9272124;32.2354593,119.9229659","32.1941369,119.9081032;32.2372559,119.9208427"
04,Datasets/UAV_VisLoc_dataset/04/drone/04_0176.JPG,32.1582045,119.9314589,"32.2300694,119.9420751;32.1510180,119.9272124;32.1528146,119.9272124;32.2354593,119.9229659","32.2264761,119.9187194;32.2264761,119.9293357"
04,Datasets/UAV_VisLoc_dataset/04/drone/04_0177.JPG,32.1564079,119.9314589,"32.1510180,119.9272124;32.2300694,119.9420751;32.2354593,119.9229659;32.2300694,119.9399519","32.2300694,119.9463216;32.2534255,119.9314589"
04,Datasets/UAV_VisLoc_dataset/04/drone/04_0178.JPG,32.1564079,119.9314589,"32.1510180,119.9272124;32.2300694,119.9420751;32.1528146,119.9272124;32.2354593,119.9229659","32.2408491,119.9272124;32.1833572,119.9441983"
04,Datasets/UAV_VisLoc_dataset/04/drone/04_0179.JPG,32.1564079,119.9357054,"32.1510180,119.9441983;32.1671876,119.9378286;32.1564079,119.9399519;32.1510180,119.9272124","32.1851538,119.9102265;32.2372559,119.9335821"
04,Datasets/UAV_VisLoc_dataset/04/drone/04_0180.JPG,32.1582045,119.9357054,"32.1510180,119.9441983;32.1671876,119.9378286;32.1564079,119.9399519;32.1528146,119.9250892","32.1887471,119.9441983;32.2282728,119.9144730"
04,Datasets/UAV_VisLoc_dataset/04/drone/04_0181.JPG,32.1582045,119.9335821,"32.1510180,119.9441983;32.1671876,119.9378286;32.1564079,119.9399519;32.1510180,119.9272124","32.2336626,119.9526913;32.1510180,119.9187194"
04,Datasets/UAV_VisLoc_dataset/04/drone/04_0182.JPG,32.1600011,119.9335821,"32.1510180,119.9441983;32.1671876,119.9378286;32.1564079,119.9399519;32.1528146,119.9272124","32.2390525,119.9357054;32.1725775,119.9399519"
04,Datasets/UAV_VisLoc_dataset/04/drone/04_0183.JPG,32.1600011,119.9335821,"32.2300694,119.9420751;32.1528146,119.9293357;32.2354593,119.9229659;32.1510180,119.9272124","32.1743741,119.9102265;32.2534255,119.9335821"
04,Datasets/UAV_VisLoc_dataset/04/drone/04_0184.JPG,32.1617977,119.9335821,"32.2300694,119.9420751;32.1510180,119.9272124;32.1528146,119.9272124;32.1528146,119.9293357","32.2354593,119.9463216;32.1797640,119.9144730"
04,Datasets/UAV_VisLoc_dataset/04/drone/04_0185.JPG,32.1617977,119.9335821,"32.2300694,119.9420751;32.2300694,119.9441983;32.1510180,119.9272124;32.2300694,119.9399519","32.1582045,119.9144730;32.2300694,119.9059800"
04,Datasets/UAV_VisLoc_dataset/04/drone/04_0186.JPG,32.1635944,119.9335821,"32.2300694,119.9420751;32.2300694,119.9441983;32.2318660,119.9314589;32.1510180,119.9272124","32.2480356,119.9059800;32.2462390,119.9102265"
04,Datasets/UAV_VisLoc_dataset/04/drone/04_0187.JPG,32.1635944,119.9335821,"32.2300694,119.9420751;32.2300694,119.9441983;32.1510180,119.9272124;32.2354593,119.9229659","32.1941369,119.9526913;32.1959336,119.9441983"
04,Datasets/UAV_VisLoc_dataset/04/drone/04_0188.JPG,32.1653910,119.9335821,"32.2300694,119.9420751;32.1510180,119.9272124;32.2300694,119.9441983;32.2354593,119.9229659","32.2085099,119.9378286;32.1617977,119.9463216"
04,Datasets/UAV_VisLoc_dataset/04/drone/04_0189.JPG,32.1671876,119.9335821,"32.2300694,119.9420751;32.1510180,119.9272124;32.2300694,119.9441983;32.1510180,119.9208427","32.1779673,119.9420751;32.1869504,119.9357054"
04,Datasets/UAV_VisLoc_dataset/04/drone/04_0190.JPG,32.1671876,119.9314589,"32.2300694,119.9420751;32.1510180,119.9272124;32.2300694,119.9441983;32.1510180,119.9208427","32.2246795,119.9059800;32.1959336,119.9081032"
04,Datasets/UAV_VisLoc_dataset/04/drone/04_0191.JPG,32.1689842,119.9314589,"32.1510180,119.9272124;32.2300694,119.9420751;32.1528146,119.9272124;32.1546112,119.9250892","32.2121032,119.9208427;32.1941369,119.9505681"
04,Datasets/UAV_VisLoc_dataset/04/drone/04_0192.JPG,32.1689842,119.9314589,"32.1510180,119.9272124;32.2300694,119.9420751;32.1528146,119.9272124;32.1546112,119.9250892","32.1725775,119.9187194;32.2049167,119.9165962"
04,Datasets/UAV_VisLoc_dataset/04/drone/04_0193.JPG,32.1707808,119.9314589,"32.2300694,119.9420751;32.1510180,119.9272124;32.1528146,119.9272124;32.2300694,119.9441983","32.2354593,119.9229659;32.1941369,119.9420751"
04,Datasets/UAV_VisLoc_dataset/04/drone/04_0194.JPG,32.1707808,119.9314589,"32.2300694,119.9420751;32.1510180,119.9272124;32.2300694,119.9441983;32.1528146,119.9272124","32.2156964,119.9314589;32.1564079,119.9441983"
04,Datasets/UAV_VisLoc_dataset/04/drone/04_0195.JPG,32.1725775,119.9314589,"32.2300694,119.9441983;32.2300694,119.9420751;32.1510180,119.9208427;32.1510180,119.9272124","32.1941369,119.9378286;32.2121032,119.9420751"
04,Datasets/UAV_VisLoc_dataset/04/drone/04_0196.JPG,32.1725775,119.9314589,"32.1689842,119.9165962;32.1923403,119.9399519;32.2300694,119.9441983;32.1510180,119.9272124","32.1851538,119.9505681;32.2156964,119.9526913"
04,Datasets/UAV_VisLoc_dataset/04/drone/04_0197.JPG,32.1743741,119.9314589,"32.1510180,119.9272124;32.2300694,119.9441983;32.1689842,119.9165962;32.2300694,119.9420751","32.1833572,119.9526913;32.1995268,119.9441983"
04,Datasets/UAV_VisLoc_dataset/04/drone/04_0198.JPG,32.1743741,119.9314589,"32.2300694,119.9441983;32.2300694,119.9420751;32.1510180,119.9272124;32.1689842,119.9165962","32.2031200,119.9144730;32.2049167,119.9335821"
04,Datasets/UAV_VisLoc_dataset/04/drone/04_0199.JPG,32.1761707,119.9314589,"32.2300694,119.9441983;32.2300694,119.9420751;32.1510180,119.9272124;32.1510180,119.9208427","32.2138998,119.9102265;32.1743741,119.9463216"
04,Datasets/UAV_VisLoc_dataset/04/drone/04_0200.JPG,32.1779673,119.9293357,"32.2300694,119.9441983;32.2300694,119.9420751;32.1510180,119.9272124;32.1510180,119.9208427","32.1617977,119.9357054;32.2031200,119.9165962"
04,Datasets/UAV_VisLoc_dataset/04/drone/04_0201.JPG,32.1779673,119.9293357,"32.2300694,119.9441983;32.2300694,119.9420751;32.1510180,119.9272124;32.2300694,119.9399519","32.2372559,119.9059800;32.2246795,119.9208427"
04,Datasets/UAV_VisLoc_dataset/04/drone/04_0202.JPG,32.1797640,119.9293357,"32.1510180,119.9272124;32.2300694,119.9420751;32.2300694,119.9441983;32.1546112,119.9250892","32.1564079,119.9335821;32.1905437,119.9102265"
04,Datasets/UAV_VisLoc_dataset/04/drone/04_0203.JPG,32.1797640,119.9293357,"32.1528146,119.9250892;32.1510180,119.9272124;32.1546112,119.9250892;32.1528146,119.9229659","32.2354593,119.9081032;32.2138998,119.9165962"
04,Datasets/UAV_VisLoc_dataset/04/drone/04_0204.JPG,32.1815606,119.9293357,"32.1528146,119.9250892;32.2300694,119.9505681;32.1546112,119.9250892;32.1528146,119.9229659","32.1653910,119.9229659;32.1797640,119.9102265"
04,Datasets/UAV_VisLoc_dataset/04/drone/04_0205.JPG,32.1815606,119.9293357,"32.1510180,119.9272124;32.1528146,119.9250892;32.1546112,119.9250892;32.1528146,119.9272124","32.2210863,119.9399519;32.2138998,119.9144730"
04,Datasets/UAV_VisLoc_dataset/04/drone/04_0206.JPG,32.1833572,119.9293357,"32.1510180,119.9272124;32.1528146,119.9250892;32.1582045,119.9463216;32.1653910,119.9378286","32.2282728,119.9420751;32.2336626,119.9123497"
04,Datasets/UAV_VisLoc_dataset/04/drone/04_0207.JPG,32.1833572,119.9293357,"32.1528146,119.9250892;32.1510180,119.9272124;32.2300694,119.9505681;32.1546112,119.9250892","32.1743741,119.9059800;32.2282728,119.9505681"
04,Datasets/UAV_VisLoc_dataset/04/drone/04_0208.JPG,32.1851538,119.9293357,"32.1510180,119.9272124;32.1528146,119.9250892;32.1582045,119.9463216;32.1546112,119.9250892","32.1743741,119.9505681;32.1671876,119.9208427"
04,Datasets/UAV_VisLoc_dataset/04/drone/04_0209.JPG,32.1851538,119.9272124,"32.2300694,119.9505681;32.1528146,119.9250892;32.2318660,119.9526913;32.1564079,119.9399519","32.2067133,119.9187194;32.1671876,119.9081032"
04,Datasets/UAV_VisLoc_dataset/04/drone/04_0210.JPG,32.1869504,119.9272124,"32.2300694,119.9505681;32.2318660,119.9526913;32.1528146,119.9250892;32.1600011,119.9441983","32.1923403,119.9484448;32.1941369,119.9187194"
04,Datasets/UAV_VisLoc_dataset/04/drone/04_0211.JPG,32.1887471,119.9272124,"32.2300694,119.9505681;32.2318660,119.9526913;32.2534255,119.9378286;32.1600011,119.9441983","32.2426457,119.9144730;32.1725775,119.9441983"
04,Datasets/UAV_VisLoc_dataset/04/drone/04_0212.JPG,32.1887471,119.9272124,"32.2318660,119.9526913;32.2300694,119.9505681;32.2336626,119.9441983;32.1600011,119.9441983","32.2426457,119.9123497;32.2049167,119.9293357"
04,Datasets/UAV_VisLoc_dataset/04/drone/04_0213.JPG,32.1905437,119.9272124,"32.2318660,119.9526913;32.2300694,119.9505681;32.1528146,119.9250892;32.1510180,119.9272124","32.1671876,119.9059800;32.2354593,119.9123497"
04,Datasets/UAV_VisLoc_dataset/04/drone/04_0214.JPG,32.1905437,119.9272124,"32.1761707,119.9059800;32.1779673,119.9059800;32.1797640,119.9059800;32.1815606,119.9059800","32.2103065,119.9059800;32.1528146,119.9420751"
04,Datasets/UAV_VisLoc_dataset/04/drone/04_0215.JPG,32.1923403,119.9272124,"32.1779673,119.9059800;32.1797640,119.9059800;32.1761707,119.9059800;32.1779673,119.9081032","32.1923403,119.9102265;32.2480356,119.9293357"
04,Datasets/UAV_VisLoc_dataset/04/drone/04_0216.JPG,32.1923403,119.9272124,"32.1707808,119.9165962;32.1779673,119.9059800;32.1779673,119.9081032;32.1689842,119.9165962","32.2390525,119.9463216;32.2246795,119.9059800"
04,Datasets/UAV_VisLoc_dataset/04/drone/04_0217.JPG,32.1941369,119.9272124,"32.2318660,119.9420751;32.2318660,119.9399519;32.1510180,119.9293357;32.1510180,119.9505681","32.1528146,119.9229659;32.2085099,119.9272124"
04,Datasets/UAV_VisLoc_dataset/04/drone/04_0218.JPG,32.1941369,119.9272124,"32.1779673,119.9059800;32.1689842,119.9165962;32.1779673,119.9081032;32.1510180,119.9505681","32.2282728,119.9187194;32.2354593,119.9420751"
04,Datasets/UAV_VisLoc_dataset/04/drone/04_0219.JPG,32.1959336,119.9250892,"32.1689842,119.9165962;32.1510180,119.9293357;32.1510180,119.9505681;32.2318660,119.9420751","32.1528146,119.9144730;32.2264761,119.9102265"
04,Datasets/UAV_VisLoc_dataset/04/drone/04_0220.JPG,32.1959336,119.9250892,"32.1510180,119.9208427;32.2300694,119.9441983;32.1689842,119.9165962;32.1510180,119.9293357","32.2444424,119.9123497;32.2067133,119.9102265"
04,Datasets/UAV_VisLoc_dataset/04/drone/04_0221.JPG,32.1977302,119.9250892,"32.1510180,119.9208427;32.1689842,119.9165962;32.2300694,119.9441983;32.1510180,119.9293357","32.1851538,119.9165962;32.1725775,119.9314589"
04,Datasets/UAV_VisLoc_dataset/04/drone/04_0222.JPG,32.1995268,119.9250892,"32.1510180,119.9208427;32.2300694,119.9441983;32.1510180,119.9293357;32.1510180,119.9272124","32.2103065,119.9484448;32.2192896,119.9293357"
04,Datasets/UAV_VisLoc_dataset/04/drone/04_0223.JPG,32.1995268,119.9250892,"32.2300694,119.9441983;32.1510180,119.9208427;32.1510180,119.9272124;32.2300694,119.9420751","32.1582045,119.9059800;32.2516289,119.9250892"
04,Datasets/UAV_VisLoc_dataset/04/drone/04_0224.JPG,32.2013234,119.9250892,"32.2300694,119.9441983;32.1510180,119.9272124;32.1546112,119.9250892;32.2300694,119.9420751","32.1797640,119.9250892;32.1743741,119.9357054"
04,Datasets/UAV_VisLoc_dataset/04/drone/04_0225.JPG,32.2013234,119.9250892,"32.1510180,119.9272124;32.2300694,119.9441983;32.1546112,119.9250892;32.1528146,119.9250892","32.1635944,119.9357054;32.1528146,119.9357054"
04,Datasets/UAV_VisLoc_dataset/04/drone/04_0226.JPG,32.2031200,119.9250892,"32.1510180,119.9272124;32.1546112,119.9250892;32.1528146,119.9250892;32.2300694,119.9441983","32.1725775,119.9229659;32.2498322,119.9463216"
04,Datasets/UAV_VisLoc_dataset/04/drone/04_0227.JPG,32.2031200,119.9250892,"32.1510180,119.9272124;32.2300694,119.9441983;32.1546112,119.9250892;32.2300694,119.9420751","32.2013234,119.9420751;32.2049167,119.9484448"
04,Datasets/UAV_VisLoc_dataset/04/drone/04_0228.JPG,32.2049167,119.9229659,"32.1528146,119.9229659;32.1546112,119.9250892;32.2300694,119.9441983;32.1510180,119.9272124","32.1510180,119.9378286;32.1905437,119.9059800"
04,Datasets/UAV_VisLoc_dataset/04/drone/04_0229.JPG,32.2049167,119.9229659,"32.1528146,119.9229659;32.1546112,119.9250892;32.2300694,119.9441983;32.1528146,119.9250892","32.2085099,119.9505681;32.2031200,119.9081032"
04,Datasets/UAV_VisLoc_dataset/04/drone/04_0230.JPG,32.2067133,119.9229659,"32.1528146,119.9229659;32.2300694,119.9505681;32.1528146,119.9250892;32.1546112,119.9250892","32.2354593,119.9293357;32.2462390,119.9399519"
04,Datasets/UAV_VisLoc_dataset/04/drone/04_0231.JPG,32.2085099,119.9229659,"32.1528146,119.9229659;32.1528146,119.9250892;32.1546112,119.9250892;32.1510180,119.9272124","32.2210863,119.9484448;32.1851538,119.9229659"
04,Datasets/UAV_VisLoc_dataset/04/drone/04_0232.JPG,32.2085099,119.9229659,"32.1528146,119.9229659;32.1528146,119.9250892;32.1546112,119.9250892;32.1510180,119.9272124","32.1671876,119.9123497;32.1923403,119.9208427"
04,Datasets/UAV_VisLoc_dataset/04/drone/04_0233.JPG,32.2103065,119.9229659,"32.1528146,119.9250892;32.1528146,119.9229659;32.2300694,119.9505681;32.1546112,119.9250892","32.2282728,119.9441983;32.2390525,119.9250892"
04,Datasets/UAV_VisLoc_dataset/04/drone/04_0234.JPG,32.2103065,119.9229659,"32.2300694,119.9505681;32.1528146,119.9250892;32.1528146,119.9229659;32.1546112,119.9250892","32.1635944,119.9272124;32.1797640,119.9441983"
04,Datasets/UAV_VisLoc_dataset/04/drone/04_0235.JPG,32.2121032,119.9229659,"32.2300694,119.9505681;32.1528146,119.9250892;32.1528146,119.9229659;32.1546112,119.9250892","32.1887471,119.9293357;32.2013234,119.9187194"
04,Datasets/UAV_VisLoc_dataset/04/drone/04_0236.JPG,32.2121032,119.9229659,"32.1528146,119.9250892;32.2300694,119.9505681;32.1528146,119.9229659;32.1546112,119.9250892","32.2444424,119.9250892;32.1510180,119.9123497"
04,Datasets/UAV_VisLoc_dataset/04/drone/04_0237.JPG,32.2138998,119.9229659,"32.2300694,119.9505681;32.1528146,119.9250892;32.1528146,119.9229659;32.1546112,119.9250892","32.1797640,119.9208427;32.1689842,119.9441983"
04,Datasets/UAV_VisLoc_dataset/04/drone/04_0238.JPG,32.2138998,119.9229659,"32.1510180,119.9272124;32.2300694,119.9441983;32.1546112,119.9250892;32.1510180,119.9293357","32.1528146,119.9463216;32.1833572,119.9165962"
04,Datasets/UAV_VisLoc_dataset/04/drone/04_0239.JPG,32.2156964,119.9229659,"32.1510180,119.9272124;32.1689842,119.9165962;32.2300694,119.9441983;32.2300694,119.9420751","32.2085099,119.9399519;32.1761707,119.9463216"
04,Datasets/UAV_VisLoc_dataset/04/drone/04_0240.JPG,32.2156964,119.9229659,"32.1510180,119.9272124;32.1546112,119.9250892;32.2300694,119.9441983;32.2300694,119.9420751","32.1671876,119.9484448;32.2354593,119.9059800"
04,Datasets/UAV_VisLoc_dataset/04/drone/04_0241.JPG,32.2174930,119.9229659,"32.1510180,119.9272124;32.1546112,119.9250892;32.1528146,119.9250892;32.2300694,119.9441983","32.2013234,119.9484448;32.1761707,119.9059800"
04,Datasets/UAV_VisLoc_dataset/04/drone/04_0242.JPG,32.2192896,119.9229659,"32.1510180,119.9272124;32.2300694,119.9441983;32.1546112,119.9250892;32.2300694,119.9420751","32.1600011,119.9081032;32.2067133,119.9229659"
04,Datasets/UAV_VisLoc_dataset/04/drone/04_0243.JPG,32.2192896,119.9208427,"32.2300694,119.9441983;32.1510180,119.9272124;32.2264761,119.9399519;32.1546112,119.9250892","32.1600011,119.9081032;32.1797640,119.9293357"
04,Datasets/UAV_VisLoc_dataset/04/drone/04_0244.JPG,32.2210863,119.9208427,"32.1510180,119.9272124;32.2300694,119.9441983;32.2264761,119.9399519;32.1546112,119.9250892","32.1671876,119.9314589;32.2031200,119.9102265"
04,Datasets/UAV_VisLoc_dataset/04/drone/04_0245.JPG,32.2210863,119.9208427,"32.1510180,119.9272124;32.2300694,119.9441983;32.2264761,119.9399519;32.1546112,119.9250892","32.2408491,119.9250892;32.2318660,119.9102265"
04,Datasets/UAV_VisLoc_dataset/04/drone/04_0246.JPG,32.2228829,119.9208427,"32.1510180,119.9272124;32.2300694,119.9441983;32.2264761,119.9399519;32.2300694,119.9420751","32.2336626,119.9123497;32.1959336,119.9463216"
04,Datasets/UAV_VisLoc_dataset/04/drone/04_0247.JPG,32.2228829,119.9208427,"32.1510180,119.9272124;32.2300694,119.9441983;32.2264761,119.9399519;32.2300694,119.9420751","32.2318660,119.9399519;32.1707808,119.9165962"
04,Datasets/UAV_VisLoc_dataset/04/drone/04_0248.JPG,32.2246795,119.9208427,"32.2300694,119.9441983;32.1510180,119.9272124;32.2300694,119.9420751;32.2300694,119.9399519","32.2318660,119.9272124;32.1995268,119.9102265"
04,Datasets/UAV_VisLoc_dataset/04/drone/04_0249.JPG,32.2246795,119.9208427,"32.2300694,119.9420751;32.2300694,119.9399519;32.2300694,119.9441983;32.1510180,119.9272124","32.2498322,119.9081032;32.1528146,119.9441983"
04,Datasets/UAV_VisLoc_dataset/04/drone/04_0250.JPG,32.2264761,119.9208427,"32.2300694,119.9420751;32.2354593,119.9229659;32.1510180,119.9208427;32.2318660,119.9314589","32.1528146,119.9505681;32.2228829,119.9357054"
04,Datasets/UAV_VisLoc_dataset/04/drone/04_0251.JPG,32.2282728,119.9208427,"32.1510180,119.9208427;32.2300694,119.9441983;32.2300694,119.9420751;32.2264761,119.9399519","32.1600011,119.9505681;32.2390525,119.9081032"
04,Datasets/UAV_VisLoc_dataset/04/drone/04_0252.JPG,32.2282728,119.9187194,"32.1510180,119.9208427;32.2300694,119.9441983;32.2300694,119.9420751;32.1510180,119.9229659","32.2426457,119.9314589;32.2049167,119.9526913"
04,Datasets/UAV_VisLoc_dataset/04/drone/04_0253.JPG,32.2300694,119.9187194,"32.1510180,119.9208427;32.2300694,119.9441983;32.2300694,119.9420751;32.2264761,119.9399519","32.2336626,119.9059800;32.2444424,119.9484448"
04,Datasets/UAV_VisLoc_dataset/04/drone/04_0254.JPG,32.2300694,119.9187194,"32.2300694,119.9420751;32.1510180,119.9272124;32.2354593,119.9229659;32.1528146,119.9314589","32.1995268,119.9420751;32.2192896,119.9123497"
04,Datasets/UAV_VisLoc_dataset/04/drone/04_0255.JPG,32.2318660,119.9187194,"32.2300694,119.9420751;32.1510180,119.9272124;32.1528146,119.9314589;32.1510180,119.9293357","32.2156964,119.9441983;32.2049167,119.9526913"
04,Datasets/UAV_VisLoc_dataset/04/drone/04_0256.JPG,32.2318660,119.9187194,"32.2318660,119.9314589;32.2300694,119.9420751;32.2354593,119.9229659;32.1510180,119.9293357","32.1923403,119.9463216;32.2138998,119.9357054"
04,Datasets/UAV_VisLoc_dataset/04/drone/04_0257.JPG,32.2336626,119.9187194,"32.2300694,119.9420751;32.2354593,119.9229659;32.1689842,119.9165962;32.1510180,119.9272124","32.2103065,119.9250892;32.2462390,119.9314589"
04,Datasets/UAV_VisLoc_dataset/04/drone/04_0258.JPG,32.2336626,119.9187194,"32.2318660,119.9314589;32.2354593,119.9229659;32.2300694,119.9420751;32.2300694,119.9441983","32.1815606,119.9144730;32.2067133,119.9526913"
04,Datasets/UAV_VisLoc_dataset/04/drone/04_0259.JPG,32.2354593,119.9187194,"32.2318660,119.9314589;32.2354593,119.9229659;32.2318660,119.9378286;32.2300694,119.9187194","32.1564079,119.9505681;32.2085099,119.9187194"
04,Datasets/UAV_VisLoc_dataset/04/drone/04_0260.JPG,32.2354593,119.9187194,"32.2318660,119.9378286;32.2318660,119.9314589;32.2336626,119.9165962;32.2336626,119.9144730","32.1941369,119.9187194;32.1995268,119.9314589"
04,Datasets/UAV_VisLoc_dataset/04/drone/04_0261.JPG,32.2372559,119.9187194,"32.2318660,119.9314589;32.2336626,119.9187194;32.2318660,119.9378286;32.2336626,119.9165962","32.2156964,119.9484448;32.1564079,119.9059800"
04,Datasets/UAV_VisLoc_dataset/04/drone/04_0262.JPG,32.2390525,119.9165962,"32.2318660,119.9314589;32.2336626,119.9187194;32.2318660,119.9378286;32.2336626,119.9165962","32.2534255,119.9293357;32.2300694,119.9378286"
04,Datasets/UAV_VisLoc_dataset/04/drone/04_0263.JPG,32.2390525,119.9165962,"32.2318660,119.9314589;32.2318660,119.9378286;32.2336626,119.9187194;32.2282728,119.9187194","32.1653910,119.9463216;32.1797640,119.9229659"
04,Datasets/UAV_VisLoc_dataset/04/drone/04_0264.JPG,32.2408491,119.9165962,"32.2318660,119.9314589;32.2318660,119.9378286;32.2336626,119.9187194;32.2300694,119.9314589","32.2408491,119.9314589;32.1707808,119.9505681"
04,Datasets/UAV_VisLoc_dataset/04/drone/04_0265.JPG,32.2408491,119.9165962,"32.2318660,119.9314589;32.2336626,119.9187194;32.2354593,119.9229659;32.2300694,119.9420751","32.1546112,119.9378286;32.1707808,119.9526913"
04,Datasets/UAV_VisLoc_dataset/04/drone/04_0266.JPG,32.2426457,119.9165962,"32.2318660,119.9314589;32.2300694,119.9420751;32.2354593,119.9229659;32.1689842,119.9293357","32.2085099,119.9463216;32.1851538,119.9229659"
04,Datasets/UAV_VisLoc_dataset/04/drone/04_0267.JPG,32.2426457,119.9165962,"32.2300694,119.9420751;32.2354593,119.9229659;32.2300694,119.9399519;32.1528146,119.9293357","32.2138998,119.9229659;32.2049167,119.9187194"
04,Datasets/UAV_VisLoc_dataset/04/drone/04_0268.JPG,32.2444424,119.9165962,"32.2300694,119.9420751;32.1510180,119.9272124;32.1528146,119.9293357;32.2354593,119.9229659","32.1600011,119.9314589;32.1761707,119.9123497"
04,Datasets/UAV_VisLoc_dataset/04/drone/04_0269.JPG,32.2444424,119.9165962,"32.2300694,119.9420751;32.1510180,119.9272124;32.1528146,119.9272124;32.1528146,119.9293357","32.1959336,119.9505681;32.1635944,119.9229659"
04,Datasets/UAV_VisLoc_dataset/04/drone/04_0270.JPG,32.2462390,119.9187194,"32.2300694,119.9420751;32.1510180,119.9272124;32.1528146,119.9293357;32.2300694,119.9399519","32.1600011,119.9357054;32.2264761,119.9505681"
04,Datasets/UAV_VisLoc_dataset/04/drone/04_0271.JPG,32.2444424,119.9187194,"32.2318660,119.9314589;32.2336626,119.9187194;32.2318660,119.9378286;32.2318660,119.9293357","32.1725775,119.9059800;32.2121032,119.9441983"
04,Datasets/UAV_VisLoc_dataset/04/drone/04_0272.JPG,32.2444424,119.9187194,"32.2318660,119.9314589;32.2336626,119.9187194;32.2318660,119.9378286;32.2318660,119.9293357","32.1815606,119.9123497;32.1707808,119.9441983"
04,Datasets/UAV_VisLoc_dataset/04/drone/04_0273.JPG,32.2426457,119.9187194,"32.2318660,119.9314589;32.2318660,119.9378286;32.2300694,119.9314589;32.2336626,119.9187194","32.2174930,119.9441983;32.1743741,119.9081032"
04,Datasets/UAV_VisLoc_dataset/04/drone/04_0274.JPG,32.2408491,119.9208427,"32.2318660,119.9314589;32.2318660,119.9378286;32.2336626,119.9187194;32.2318660,119.9335821","32.2192896,119.9505681;32.2031200,119.9272124"
04,Datasets/UAV_VisLoc_dataset/04/drone/04_0275.JPG,32.2408491,119.9208427,"32.2318660,119.9314589;32.2318660,119.9378286;32.2336626,119.9187194;32.2318660,119.9293357","32.1941369,119.9420751;32.2480356,119.9123497"
04,Datasets/UAV_VisLoc_dataset/04/drone/04_0276.JPG,32.2390525,119.9208427,"32.2318660,119.9314589;32.2336626,119.9187194;32.2318660,119.9378286;32.2354593,119.9187194","32.2031200,119.9208427;32.2318660,119.9420751"
04,Datasets/UAV_VisLoc_dataset/04/drone/04_0277.JPG,32.2390525,119.9208427,"32.2336626,119.9187194;32.2318660,119.9378286;32.2318660,119.9314589;32.2354593,119.9165962","32.1582045,119.9102265;32.1959336,119.9081032"
04,Datasets/UAV_VisLoc_dataset/04/drone/04_0278.JPG,32.2372559,119.9208427,"32.2318660,119.9378286;32.2336626,119.9187194;32.2318660,119.9314589;32.2282728,119.9187194","32.1725775,119.9144730;32.2534255,119.9229659"
04,Datasets/UAV_VisLoc_dataset/04/drone/04_0279.JPG,32.2372559,119.9208427,"32.2336626,119.9187194;32.2318660,119.9378286;32.2318660,119.9314589;32.2354593,119.9165962","32.2354593,119.9463216;32.1582045,119.9272124"
04,Datasets/UAV_VisLoc_dataset/04/drone/04_0280.JPG,32.2354593,119.9208427,"32.2318660,119.9314589;32.2336626,119.9187194;32.2300694,119.9420751;32.2318660,119.9378286","32.2013234,119.9441983;32.2121032,119.9165962"
04,Datasets/UAV_VisLoc_dataset/04/drone/04_0281.JPG,32.2354593,119.9208427,"32.2318660,119.9314589;32.2300694,119.9420751;32.1510180,119.9208427;32.2300694,119.9441983","32.1851538,119.9187194;32.2031200,119.9123497"
04,Datasets/UAV_VisLoc_dataset/04/drone/04_0282.JPG,32.2336626,119.9208427,"32.2300694,119.9441983;32.2318660,119.9314589;32.2300694,119.9420751;32.1689842,119.9165962","32.2264761,119.9123497;32.2246795,119.9144730"
04,Datasets/UAV_VisLoc_dataset/04/drone/04_0283.JPG,32.2336626,119.9208427,"32.1689842,119.9165962;32.2300694,119.9420751;32.1510180,119.9272124;32.2300694,119.9441983","32.1510180,119.9314589;32.2534255,119.9463216"
04,Datasets/UAV_VisLoc_dataset/04/drone/04_0284.JPG,32.2318660,119.9229659,"32.2300694,119.9420751;32.2300694,119.9441983;32.1689842,119.9165962;32.1510180,119.9272124","32.1564079,119.9208427;32.2103065,119.9123497"
04,Datasets/UAV_VisLoc_dataset/04/drone/04_0285.JPG,32.2300694,119.9229659,"32.1510180,119.9208427;32.2300694,119.9441983;32.2300694,119.9420751;32.1510180,119.9272124","32.2103065,119.9123497;32.2085099,119.9293357"
04,Datasets/UAV_VisLoc_dataset/04/drone/04_0286.JPG,32.2300694,119.9229659,"32.1510180,119.9208427;32.2300694,119.9441983;32.1510180,119.9229659;32.2300694,119.9420751","32.1779673,119.9102265;32.1743741,119.9229659"
04,Datasets/UAV_VisLoc_dataset/04/drone/04_0287.JPG,32.2282728,119.9229659,"32.1510180,119.9208427;32.2300694,119.9441983;32.2300694,119.9420751;32.1510180,119.9229659","32.1815606,119.9505681;32.2067133,119.9144730"
04,Datasets/UAV_VisLoc_dataset/04/drone/04_0288.JPG,32.2282728,119.9229659,"32.1510180,119.9208427;32.2300694,119.9420751;32.2300694,119.9441983;32.1510180,119.9229659","32.2336626,119.9378286;32.1689842,119.9081032"
04,Datasets/UAV_VisLoc_dataset/04/drone/04_0289.JPG,32.2264761,119.9229659,"32.1510180,119.9272124;32.2300694,119.9420751;32.2300694,119.9441983;32.1528146,119.9272124","32.1528146,119.9144730;32.1671876,119.9081032"
04,Datasets/UAV_VisLoc_dataset/04/drone/04_0290.JPG,32.2264761,119.9229659,"32.1510180,119.9272124;32.2300694,119.9420751;32.2300694,119.9441983;32.1689842,119.9165962","32.2426457,119.9081032;32.1689842,119.9526913"
04,Datasets/UAV_VisLoc_dataset/04/drone/04_0291.JPG,32.2246795,119.9229659,"32.1510180,119.9272124;32.1689842,119.9165962;32.2300694,119.9441983;32.2246795,119.9420751","32.1905437,119.9484448;32.2192896,119.9102265"
04,Datasets/UAV_VisLoc_dataset/04/drone/04_0292.JPG,32.2246795,119.9229659,"32.1689842,119.9165962;32.2300694,119.9441983;32.1510180,119.9272124;32.2246795,119.9420751","32.1528146,119.9314589;32.1941369,119.9165962"
04,Datasets/UAV_VisLoc_dataset/04/drone/04_0293.JPG,32.2228829,119.9229659,"32.2300694,119.9441983;32.1689842,119.9165962;32.1510180,119.9229659;32.1510180,119.9208427","32.2013234,119.9250892;32.2049167,119.9272124"
04,Datasets/UAV_VisLoc_dataset/04/drone/04_0294.JPG,32.2228829,119.9229659,"32.1689842,119.9165962;32.2300694,119.9441983;32.1510180,119.9208427;32.1510180,119.9229659","32.2085099,119.9314589;32.2318660,119.9165962"
04,Datasets/UAV_VisLoc_dataset/04/drone/04_0295.JPG,32.2210863,119.9229659,"32.2300694,119.9441983;32.1689842,119.9165962;32.1510180,119.9208427;32.2264761,119.9399519","32.1923403,119.9378286;32.1600011,119.9505681"
04,Datasets/UAV_VisLoc_dataset/04/drone/04_0296.JPG,32.2192896,119.9229659,"32.2300694,119.9441983;32.1510180,119.9208427;32.1689842,119.9165962;32.2246795,119.9420751","32.2300694,119.9293357;32.1779673,119.9399519"
04,Datasets/UAV_VisLoc_dataset/04/drone/04_0297.JPG,32.2192896,119.9229659,"32.2300694,119.9441983;32.1689842,119.9165962;32.1510180,119.9208427;32.2300694,119.9420751","32.2103065,119.9187194;32.2210863,119.9059800"
04,Datasets/UAV_VisLoc_dataset/04/drone/04_0298.JPG,32.2174930,119.9250892,"32.2300694,119.9420751;32.1510180,119.9272124;32.2300694,119.9441983;32.1546112,119.9250892","32.2426457,119.9208427;32.2498322,119.9335821"
04,Datasets/UAV_VisLoc_dataset/04/drone/04_0299.JPG,32.2174930,119.9250892,"32.1510180,119.9272124;32.2300694,119.9420751;32.1546112,119.9250892;32.2300694,119.9441983","32.2516289,119.9484448;32.2480356,119.9102265"
04,Datasets/UAV_VisLoc_dataset/04/drone/04_0300.JPG,32.2156964,119.9250892,"32.1510180,119.9272124;32.1528146,119.9250892;32.1546112,119.9250892;32.2300694,119.9420751","32.1959336,119.9250892;32.1564079,119.9102265"
04,Datasets/UAV_VisLoc_dataset/04/drone/04_0301.JPG,32.2156964,119.9250892,"32.1689842,119.9165962;32.1510180,119.9272124;32.2300694,119.9441983;32.2300694,119.9420751","32.1725775,119.9059800;32.2372559,119.9420751"
04,Datasets/UAV_VisLoc_dataset/04/drone/04_0302.JPG,32.2138998,119.9250892,"32.2300694,119.9441983;32.2300694,119.9420751;32.1689842,119.9165962;32.1510180,119.9272124","32.2282728,119.9335821;32.2013234,119.9293357"
04,Datasets/UAV_VisLoc_dataset/04/drone/04_0303.JPG,32.2138998,119.9250892,"32.2300694,119.9441983;32.2300694,119.9420751;32.1510180,119.9272124;32.1689842,119.9165962","32.2408491,119.9229659;32.1725775,119.9102265"
04,Datasets/UAV_VisLoc_dataset/04/drone/04_0304.JPG,32.2121032,119.9250892,"32.2300694,119.9441983;32.1510180,119.9272124;32.2300694,119.9420751;32.2300694,119.9399519","32.1959336,119.9187194;32.2031200,119.9463216"
04,Datasets/UAV_VisLoc_dataset/04/drone/04_0305.JPG,32.2103065,119.9250892,"32.2300694,119.9441983;32.2300694,119.9420751;32.1510180,119.9272124;32.1510180,119.9208427","32.2372559,119.9293357;32.2300694,119.9441983"
04,Datasets/UAV_VisLoc_dataset/04/drone/04_0306.JPG,32.2103065,119.9250892,"32.2300694,119.9420751;32.2300694,119.9441983;32.1510180,119.9272124;32.1510180,119.9208427","32.1851538,119.9165962;32.2192896,119.9314589"
04,Datasets/UAV_VisLoc_dataset/04/drone/04_0307.JPG,32.2085099,119.9272124,"32.2300694,119.9441983;32.2300694,119.9420751;32.1510180,119.9272124;32.1510180,119.9208427","32.1977302,119.9526913;32.2192896,119.9463216"
04,Datasets/UAV_VisLoc_dataset/04/drone/04_0308.JPG,32.2085099,119.9272124,"32.2300694,119.9441983;32.1510180,119.9272124;32.2300694,119.9420751;32.2264761,119.9399519","32.2013234,119.9526913;32.1869504,119.9187194"
04,Datasets/UAV_VisLoc_dataset/04/drone/04_0309.JPG,32.2067133,119.9272124,"32.2300694,119.9441983;32.1510180,119.9272124;32.1689842,119.9165962;32.2264761,119.9399519","32.1546112,119.9293357;32.1689842,119.9229659"
04,Datasets/UAV_VisLoc_dataset/04/drone/04_0310.JPG,32.2067133,119.9272124,"32.2300694,119.9441983;32.1510180,119.9272124;32.2354593,119.9526913;32.1546112,119.9272124","32.1869504,119.9420751;32.1923403,119.9357054"
04,Datasets/UAV_VisLoc_dataset/04/drone/04_0311.JPG,32.2049167,119.9272124,"32.2354593,119.9526913;32.2300694,119.9441983;32.1546112,119.9272124;32.2264761,119.9399519","32.2300694,119.9441983;32.1923403,119.9484448"
04,Datasets/UAV_VisLoc_dataset/04/drone/04_0312.JPG,32.2049167,119.9272124,"32.2300694,119.9441983;32.2354593,119.9526913;32.2264761,119.9399519;32.1510180,119.9272124","32.1707808,119.9250892;32.2300694,119.9441983"
04,Datasets/UAV_VisLoc_dataset/04/drone/04_0313.JPG,32.2031200,119.9272124,"32.2300694,119.9441983;32.1510180,119.9272124;32.2300694,119.9420751;32.2264761,119.9399519","32.2426457,119.9420751;32.2138998,119.9272124"
04,Datasets/UAV_VisLoc_dataset/04/drone/04_0314.JPG,32.2031200,119.9272124,"32.2300694,119.9441983;32.1510180,119.9505681;32.1689842,119.9165962;32.1510180,119.9272124","32.1564079,119.9293357;32.2138998,119.9272124"
04,Datasets/UAV_VisLoc_dataset/04/drone/04_0315.JPG,32.2013234,119.9272124,"32.2300694,119.9441983;32.1689842,119.9165962;32.1510180,119.9505681;32.1510180,119.9208427","32.2264761,119.9357054;32.2318660,119.9165962"
04,Datasets/UAV_VisLoc_dataset/04/drone/04_0316.JPG,32.1995268,119.9272124,"32.1689842,119.9165962;32.1510180,119.9208427;32.2300694,119.9441983;32.1923403,119.9399519","32.1869504,119.9420751;32.2174930,119.9250892"
04,Datasets/UAV_VisLoc_dataset/04/drone/04_0317.JPG,32.1995268,119.9293357,"32.2318660,119.9399519;32.2318660,119.9420751;32.1510180,119.9208427;32.1510180,119.9293357","32.1923403,119.9505681;32.1815606,119.9059800"
04,Datasets/UAV_VisLoc_dataset/04/drone/04_0318.JPG,32.1977302,119.9293357,"32.2318660,119.9399519;32.2318660,119.9420751;32.1510180,119.9293357;32.1510180,119.9208427","32.1905437,119.9378286;32.1815606,119.9293357"
04,Datasets/UAV_VisLoc_dataset/04/drone/04_0319.JPG,32.1977302,119.9293357,"32.2318660,119.9399519;32.1510180,119.9102265;32.1528146,119.9102265;32.2282728,119.9187194","32.2300694,119.9420751;32.1761707,119.9505681"
04,Datasets/UAV_VisLoc_dataset/04/drone/04_0320.JPG,32.1959336,119.9293357,"32.2318660,119.9399519;32.2318660,119.9420751;32.1510180,119.9293357;32.2336626,119.9187194","32.1995268,119.9463216;32.2210863,119.9293357"
04,Datasets/UAV_VisLoc_dataset/04/drone/04_0321.JPG,32.1959336,119.9293357,"32.1779673,119.9081032;32.1510180,119.9293357;32.2318660,119.9399519;32.1779673,119.9059800","32.1959336,119.9144730;32.1689842,119.9484448"
04,Datasets/UAV_VisLoc_dataset/04/drone/04_0322.JPG,32.1941369,119.9293357,"32.2318660,119.9420751;32.2318660,119.9399519;32.1510180,119.9293357;32.1779673,119.9081032","32.1510180,119.9229659;32.2013234,119.9081032"
04,Datasets/UAV_VisLoc_dataset/04/drone/04_0323.JPG,32.1941369,119.9293357,"32.1510180,119.9272124;32.2300694,119.9441983;32.1546112,119.9250892;32.2300694,119.9420751","32.1941369,119.9187194;32.2228829,119.9420751"
04,Datasets/UAV_VisLoc_dataset/04/drone/04_0324.JPG,32.1923403,119.9293357,"32.1510180,119.9272124;32.1528146,119.9250892;32.1546112,119.9250892;32.1528146,119.9272124","32.1707808,119.9399519;32.1815606,119.9229659"
04,Datasets/UAV_VisLoc_dataset/04/drone/04_0325.JPG,32.1905437,119.9293357,"32.1528146,119.9250892;32.2300694,119.9505681;32.1564079,119.9399519;32.1510180,119.9272124","32.1959336,119.9165962;32.1600011,119.9378286"
04,Datasets/UAV_VisLoc_dataset/04/drone/04_0326.JPG,32.1905437,119.9293357,"32.1528146,119.9250892;32.2300694,119.9505681;32.1528146,119.9229659;32.2318660,119.9526913","32.2372559,119.9505681;32.1617977,119.9420751"
04,Datasets/UAV_VisLoc_dataset/04/drone/04_0327.JPG,32.1887471,119.9314589,"32.2300694,119.9505681;32.1617977,119.9441983;32.1600011,119.9441983;32.2444424,119.9484448","32.1959336,119.9229659;32.2192896,119.9526913"
04,Datasets/UAV_VisLoc_dataset/04/drone/04_0328.JPG,32.1887471,119.9314589,"32.1617977,119.9441983;32.2534255,119.9378286;32.1600011,119.9441983;32.2534255,119.9399519","32.2480356,119.9144730;32.1797640,119.9229659"
04,Datasets/UAV_VisLoc_dataset/04/drone/04_0329.JPG,32.1869504,119.9314589,"32.2300694,119.9505681;32.2318660,119.9526913;32.1528146,119.9250892;32.1600011,119.9441983","32.1528146,119.9526913;32.2300694,119.9229659"
04,Datasets/UAV_VisLoc_dataset/04/drone/04_0330.JPG,32.1869504,119.9314589,"32.1510180,119.9272124;32.1528146,119.9250892;32.1528146,119.9272124;32.2300694,119.9420751","32.2013234,119.9250892;32.2426457,119.9526913"
04,Datasets/UAV_VisLoc_dataset/04/drone/04_0331.JPG,32.1851538,119.9314589,"32.2300694,119.9420751;32.1510180,119.9272124;32.1689842,119.9165962;32.2300694,119.9441983","32.1995268,119.9081032;32.1528146,119.9102265"
04,Datasets/UAV_VisLoc_dataset/04/drone/04_0332.JPG,32.1851538,119.9314589,"32.2300694,119.9420751;32.1510180,119.9272124;32.2300694,119.9441983;32.1689842,119.9165962","32.2462390,119.9399519;32.1617977,119.9272124"
04,Datasets/UAV_VisLoc_dataset/04/drone/04_0333.JPG,32.1833572,119.9314589,"32.1510180,119.9272124;32.2300694,119.9420751;32.1689842,119.9165962;32.2300694,119.9441983","32.1617977,119.9293357;32.1707808,119.9463216"
04,Datasets/UAV_VisLoc_dataset/04/drone/04_0334.JPG,32.1833572,119.9314589,"32.1510180,119.9272124;32.2300694,119.9420751;32.1689842,119.9165962;32.2300694,119.9441983","32.1959336,119.9229659;32.1635944,119.9463216"
04,Datasets/UAV_VisLoc_dataset/04/drone/04_0335.JPG,32.1815606,119.9314589,"32.1510180,119.9272124;32.1689842,119.9165962;32.2300694,119.9420751;32.2300694,119.9441983","32.2085099,119.9399519;32.2085099,119.9165962"
04,Datasets/UAV_VisLoc_dataset/04/drone/04_0336.JPG,32.1797640,119.9335821,"32.1510180,119.9272124;32.1689842,119.9165962;32.1528146,119.9272124;32.1582045,119.9463216","32.1653910,119.9441983;32.1617977,119.9441983"
04,Datasets/UAV_VisLoc_dataset/04/drone/04_0337.JPG,32.1797640,119.9335821,"32.1510180,119.9272124;32.1582045,119.9463216;32.1689842,119.9165962;32.1528146,119.9272124","32.1600011,119.9102265;32.1869504,119.9208427"
04,Datasets/UAV_VisLoc_dataset/04/drone/04_0338.JPG,32.1779673,119.9335821,"32.1510180,119.9272124;32.1528146,119.9314589;32.2300694,119.9441983;32.1689842,119.9165962","32.1887471,119.9229659;32.1869504,119.9102265"
04,Datasets/UAV_VisLoc_dataset/04/drone/04_0339.JPG,32.1779673,119.9335821,"32.1510180,119.9272124;32.1689842,119.9165962;32.2300694,119.9441983;32.2300694,119.9420751","32.1887471,119.9272124;32.2103065,119.9208427"
04,Datasets/UAV_VisLoc_dataset/04/drone/04_0340.JPG,32.1761707,119.9335821,"32.1510180,119.9272124;32.2300694,119.9441983;32.1689842,119.9165962;32.2300694,119.9420751","32.1528146,119.9208427;32.1959336,119.9420751"
04,Datasets/UAV_VisLoc_dataset/04/drone/04_0341.JPG,32.1761707,119.9335821,"32.1510180,119.9272124;32.2300694,119.9441983;32.2300694,119.9420751;32.1689842,119.9165962","32.1959336,119.9102265;32.2480356,119.9420751"
04,Datasets/UAV_VisLoc_dataset/04/drone/04_0342.JPG,32.1743741,119.9335821,"32.1510180,119.9272124;32.2300694,119.9441983;32.2300694,119.9420751;32.1689842,119.9165962","32.1617977,119.9505681;32.2246795,119.9526913"
04,Datasets/UAV_VisLoc_dataset/04/drone/04_0343.JPG,32.1743741,119.9335821,"32.1510180,119.9272124;32.1528146,119.9314589;32.2300694,119.9441983;32.2300694,119.9420751","32.1635944,119.9526913;32.2426457,119.9378286"
04,Datasets/UAV_VisLoc_dataset/04/drone/04_0344.JPG,32.1725775,119.9335821,"32.1510180,119.9272124;32.2300694,119.9441983;32.2300694,119.9420751;32.1528146,119.9314589","32.2121032,119.9272124;32.2174930,119.9102265"
04,Datasets/UAV_VisLoc_dataset/04/drone/04_0345.JPG,32.1725775,119.9335821,"32.2300694,119.9441983;32.1510180,119.9272124;32.2300694,119.9420751;32.1689842,119.9165962","32.2156964,119.9399519;32.2103065,119.9102265"
04,Datasets/UAV_VisLoc_dataset/04/drone/04_0346.JPG,32.1707808,119.9357054,"32.1510180,119.9272124;32.2300694,119.9420751;32.2300694,119.9441983;32.2354593,119.9229659","32.1582045,119.9463216;32.2282728,119.9229659"
04,Datasets/UAV_VisLoc_dataset/04/drone/04_0347.JPG,32.1689842,119.9357054,"32.1510180,119.9272124;32.2300694,119.9420751;32.2300694,119.9441983;32.1528146,119.9272124","32.1959336,119.9272124;32.2516289,119.9335821"
04,Datasets/UAV_VisLoc_dataset/04/drone/04_0348.JPG,32.1689842,119.9357054,"32.1510180,119.9272124;32.2300694,119.9420751;32.1546112,119.9250892;32.2300694,119.9441983","32.2408491,119.9420751;32.2174930,119.9250892"
04,Datasets/UAV_VisLoc_dataset/04/drone/04_0349.JPG,32.1671876,119.9357054,"32.1510180,119.9272124;32.1546112,119.9250892;32.1528146,119.9250892;32.2300694,119.9420751","32.1635944,119.9208427;32.1977302,119.9229659"
04,Datasets/UAV_VisLoc_dataset/04/drone/04_0350.JPG,32.1671876,119.9357054,"32.2300694,119.9420751;32.1528146,119.9272124;32.1510180,119.9272124;32.1546112,119.9250892","32.2480356,119.9165962;32.1995268,119.9187194"
04,Datasets/UAV_VisLoc_dataset/04/drone/04_0351.JPG,32.1653910,119.9357054,"32.2300694,119.9420751;32.1528146,119.9272124;32.1510180,119.9272124;32.2300694,119.9441983","32.1689842,119.9208427;32.1977302,119.9399519"
04,Datasets/UAV_VisLoc_dataset/04/drone/04_0352.JPG,32.1653910,119.9357054,"32.2300694,119.9420751;32.2300694,119.9441983;32.1510180,119.9272124;32.2300694,119.9399519","32.2031200,119.9399519;32.1941369,119.9102265"
04,Datasets/UAV_VisLoc_dataset/04/drone/04_0353.JPG,32.1635944,119.9357054,"32.2300694,119.9420751;32.2300694,119.9441983;32.1510180,119.9272124;32.2300694,119.9399519","32.2192896,119.9441983;32.1851538,119.9399519"
04,Datasets/UAV_VisLoc_dataset/04/drone/04_0354.JPG,32.1635944,119.9357054,"32.2300694,119.9420751;32.2300694,119.9441983;32.2300694,119.9399519;32.1510180,119.9272124","32.1564079,119.9208427;32.2138998,119.9420751"
04,Datasets/UAV_VisLoc_dataset/04/drone/04_0355.JPG,32.1617977,119.9378286,"32.2300694,119.9420751;32.2300694,119.9399519;32.1510180,119.9272124;32.1528146,119.9272124","32.2462390,119.9420751;32.1941369,119.9484448"
04,Datasets/UAV_VisLoc_dataset/04/drone/04_0356.JPG,32.1617977,119.9378286,"32.2300694,119.9420751;32.2354593,119.9229659;32.1510180,119.9272124;32.1528146,119.9293357","32.2156964,119.9441983;32.2246795,119.9463216"
04,Datasets/UAV_VisLoc_dataset/04/drone/04_0357.JPG,32.1600011,119.9378286,"32.2300694,119.9420751;32.1528146,119.9293357;32.1510180,119.9272124;32.1528146,119.9272124","32.1707808,119.9314589;32.2067133,119.9357054"
04,Datasets/UAV_VisLoc_dataset/04/drone/04_0358.JPG,32.1582045,119.9378286,"32.1564079,119.9399519;32.1510180,119.9441983;32.1671876,119.9378286;32.1510180,119.9272124","32.2228829,119.9144730;32.1707808,119.9441983"
04,Datasets/UAV_VisLoc_dataset/04/drone/04_0359.JPG,32.1582045,119.9378286,"32.1510180,119.9441983;32.1671876,119.9378286;32.1671876,119.9250892;32.1564079,119.9399519","32.1887471,119.9250892;32.2013234,119.9187194"
04,Datasets/UAV_VisLoc_dataset/04/drone/04_0360.JPG,32.1564079,119.9378286,"32.1671876,119.9250892;32.1510180,119.9441983;32.1671876,119.9378286;32.1510180,119.9420751","32.1797640,119.9314589;32.2372559,119.9165962"
04,Datasets/UAV_VisLoc_dataset/04/drone/04_0361.JPG,32.1564079,119.9399519,"32.1510180,119.9441983;32.1671876,119.9378286;32.1564079,119.9378286;32.1510180,119.9272124","32.2426457,119.9187194;32.2390525,119.9526913"
04,Datasets/UAV_VisLoc_dataset/04/drone/04_0362.JPG,32.1582045,119.9399519,"32.1510180,119.9441983;32.1671876,119.9378286;32.1510180,119.9272124;32.1528146,119.9272124","32.1833572,119.9272124;32.2264761,119.9081032"
04,Datasets/UAV_VisLoc_dataset/04/drone/04_0363.JPG,32.1600011,119.9399519,"32.1510180,119.9272124;32.1528146,119.9272124;32.1528146,119.9250892;32.1671876,119.9378286","32.2103065,119.9378286;32.2534255,119.9505681"
04,Datasets/UAV_VisLoc_dataset/04/drone/04_0364.JPG,32.1600011,119.9399519,"32.1510180,119.9272124;32.2300694,119.9420751;32.1528146,119.9272124;32.1528146,119.9250892","32.1725775,119.9123497;32.2426457,119.9081032"
04,Datasets/UAV_VisLoc_dataset/04/drone/04_0365.JPG,32.1617977,119.9399519,"32.1510180,119.9272124;32.2300694,119.9420751;32.1528146,119.9272124;32.1546112,119.9250892","32.2156964,119.9208427;32.2228829,119.9123497"
04,Datasets/UAV_VisLoc_dataset/04/drone/04_0366.JPG,32.1617977,119.9399519,"32.1510180,119.9272124;32.1528146,119.9272124;32.2300694,119.9420751;32.1546112,119.9250892","32.2138998,119.9335821;32.1725775,119.9335821"
04,Datasets/UAV_VisLoc_dataset/04/drone/04_0367.JPG,32.1635944,119.9399519,"32.1510180,119.9272124;32.1528146,119.9272124;32.2300694,119.9420751;32.1546112,119.9250892","32.2228829,119.9399519;32.1959336,119.9484448"
04,Datasets/UAV_VisLoc_dataset/04/drone/04_0368.JPG,32.1635944,119.9399519,"32.2300694,119.9420751;32.1510180,119.9272124;32.2300694,119.9441983;32.2300694,119.9399519","32.1923403,119.9229659;32.2031200,119.9208427"
04,Datasets/UAV_VisLoc_dataset/04/drone/04_0369.JPG,32.1653910,119.9399519,"32.1528146,119.9250892;32.1546112,119.9250892;32.1528146,119.9229659;32.1510180,119.9272124","32.2246795,119.9272124;32.2067133,119.9293357"
04,Datasets/UAV_VisLoc_dataset/04/drone/04_0370.JPG,32.1653910,119.9399519,"32.1528146,119.9250892;32.1528146,119.9229659;32.1546112,119.9250892;32.2300694,119.9505681","32.2121032,119.9484448;32.1761707,119.9420751"
04,Datasets/UAV_VisLoc_dataset/04/drone/04_0371.JPG,32.1671876,119.9378286,"32.1528146,119.9250892;32.1546112,119.9250892;32.1510180,119.9272124;32.1528146,119.9272124","32.2121032,119.9081032;32.2264761,119.9335821"
04,Datasets/UAV_VisLoc_dataset/04/drone/04_0372.JPG,32.1689842,119.9378286,"32.1528146,119.9250892;32.1546112,119.9250892;32.1510180,119.9272124;32.1528146,119.9272124","32.2462390,119.9463216;32.2210863,119.9441983"
04,Datasets/UAV_VisLoc_dataset/04/drone/04_0373.JPG,32.1689842,119.9378286,"32.1510180,119.9272124;32.1528146,119.9272124;32.1546112,119.9250892;32.1528146,119.9250892","32.2282728,119.9378286;32.2031200,119.9123497"
04,Datasets/UAV_VisLoc_dataset/04/drone/04_0374.JPG,32.1707808,119.9378286,"32.1510180,119.9272124;32.1528146,119.9272124;32.2300694,119.9441983;32.2300694,119.9420751","32.2264761,119.9165962;32.1582045,119.9378286"
04,Datasets/UAV_VisLoc_dataset/04/drone/04_0375.JPG,32.1707808,119.9378286,"32.1510180,119.9272124;32.1528146,119.9272124;32.1528146,119.9250892;32.1546112,119.9250892","32.2210863,119.9165962;32.1797640,119.9420751"
04,Datasets/UAV_VisLoc_dataset/04/drone/04_0376.JPG,32.1725775,119.9378286,"32.2318660,119.9526913;32.2300694,119.9505681;32.1510180,119.9272124;32.1528146,119.9250892","32.1653910,119.9484448;32.2534255,119.9187194"
04,Datasets/UAV_VisLoc_dataset/04/drone/04_0377.JPG,32.1725775,119.9378286,"32.2300694,119.9505681;32.2318660,119.9526913;32.1600011,119.9441983;32.2300694,119.9526913","32.1761707,119.9229659;32.1635944,119.9123497"
04,Datasets/UAV_VisLoc_dataset/04/drone/04_0378.JPG,32.1743741,119.9378286,"32.2300694,119.9505681;32.2318660,119.9526913;32.1600011,119.9441983;32.2300694,119.9526913","32.2534255,119.9250892;32.1671876,119.9187194"
04,Datasets/UAV_VisLoc_dataset/04/drone/04_0379.JPG,32.1743741,119.9378286,"32.1528146,119.9250892;32.2300694,119.9505681;32.2318660,119.9526913;32.1510180,119.9272124","32.2300694,119.9081032;32.1833572,119.9484448"
04,Datasets/UAV_VisLoc_dataset/04/drone/04_0380.JPG,32.1761707,119.9378286,"32.1528146,119.9250892;32.1510180,119.9272124;32.1546112,119.9250892;32.1528146,119.9314589","32.1617977,119.9463216;32.1887471,119.9102265"
04,Datasets/UAV_VisLoc_dataset/04/drone/04_0381.JPG,32.1761707,119.9357054,"32.1510180,119.9272124;32.1528146,119.9250892;32.1528146,119.9314589;32.1546112,119.9250892","32.2336626,119.9526913;32.1528146,119.9123497"
04,Datasets/UAV_VisLoc_dataset/04/drone/04_0382.JPG,32.1779673,119.9357054,"32.1510180,119.9272124;32.1528146,119.9314589;32.2354593,119.9229659;32.2300694,119.9420751","32.2192896,119.9441983;32.2426457,119.9144730"
04,Datasets/UAV_VisLoc_dataset/04/drone/04_0383.JPG,32.1797640,119.9357054,"32.1510180,119.9272124;32.1689842,119.9165962;32.2300694,119.9420751;32.2354593,119.9229659","32.1653910,119.9229659;32.1600011,119.9102265"
04,Datasets/UAV_VisLoc_dataset/04/drone/04_0384.JPG,32.1797640,119.9357054,"32.1510180,119.9272124;32.2300694,119.9420751;32.2300694,119.9441983;32.1528146,119.9272124","32.1653910,119.9081032;32.1689842,119.9165962"
04,Datasets/UAV_VisLoc_dataset/04/drone/04_0385.JPG,32.1815606,119.9357054,"32.1510180,119.9272124;32.2300694,119.9420751;32.1689842,119.9165962;32.2300694,119.9441983","32.2462390,119.9165962;32.2336626,119.9463216"
04,Datasets/UAV_VisLoc_dataset/04/drone/04_0386.JPG,32.1815606,119.9357054,"32.1510180,119.9272124;32.2300694,119.9420751;32.2300694,119.9441983;32.1528146,119.9272124","32.1689842,119.9399519;32.1887471,119.9250892"
04,Datasets/UAV_VisLoc_dataset/04/drone/04_0387.JPG,32.1833572,119.9357054,"32.2300694,119.9420751;32.2300694,119.9441983;32.1510180,119.9272124;32.1689842,119.9165962","32.2085099,119.9081032;32.1653910,119.9314589"
04,Datasets/UAV_VisLoc_dataset/04/drone/04_0388.JPG,32.1833572,119.9357054,"32.2300694,119.9441983;32.2300694,119.9420751;32.1510180,119.9272124;32.2318660,119.9314589","32.1851538,119.9526913;32.1743741,119.9293357"
04,Datasets/UAV_VisLoc_dataset/04/drone/04_0389.JPG,32.1851538,119.9357054,"32.2300694,119.9420751;32.2300694,119.9441983;32.2318660,119.9314589;32.1510180,119.9272124","32.2462390,119.9187194;32.1635944,119.9526913"
04,Datasets/UAV_VisLoc_dataset/04/drone/04_0390.JPG,32.1851538,119.9335821,"32.2300694,119.9441983;32.2300694,119.9420751;32.1510180,119.9272124;32.1689842,119.9165962","32.2210863,119.9144730;32.2516289,119.9229659"
04,Datasets/UAV_VisLoc_dataset/04/drone/04_0391.JPG,32.1869504,119.9335821,"32.2300694,119.9505681;32.1510180,119.9272124;32.1528146,119.9250892;32.1528146,119.9229659","32.1600011,119.9293357;32.2282728,119.9526913"
04,Datasets/UAV_VisLoc_dataset/04/drone/04_0392.JPG,32.1887471,119.9335821,"32.2300694,119.9505681;32.2318660,119.9526913;32.1528146,119.9250892;32.2300694,119.9484448","32.1617977,119.9123497;32.1761707,119.9059800"
04,Datasets/UAV_VisLoc_dataset/04/drone/04_0393.JPG,32.1887471,119.9335821,"32.2300694,119.9505681;32.2318660,119.9526913;32.2300694,119.9484448;32.1528146,119.9250892","32.1851538,119.9102265;32.2103065,119.9059800"
04,Datasets/UAV_VisLoc_dataset/04/drone/04_0394.JPG,32.1905437,119.9335821,"32.2300694,119.9505681;32.2318660,119.9526913;32.1528146,119.9250892;32.2300694,119.9484448","32.1779673,119.9272124;32.2390525,119.9102265"
04,Datasets/UAV_VisLoc_dataset/04/drone/04_0395.JPG,32.1905437,119.9335821,"32.1528146,119.9250892;32.2300694,119.9505681;32.2318660,119.9526913;32.1564079,119.9399519","32.2534255,119.9335821;32.2121032,119.9399519"
04,Datasets/UAV_VisLoc_dataset/04/drone/04_0396.JPG,32.1923403,119.9335821,"32.1510180,119.9272124;32.1528146,119.9250892;32.1528146,119.9272124;32.2300694,119.9505681","32.2031200,119.9059800;32.1743741,119.9505681"
04,Datasets/UAV_VisLoc_dataset/04/drone/04_0397.JPG,32.1923403,119.9335821,"32.1510180,119.9272124;32.2300694,119.9441983;32.1689842,119.9165962;32.2300694,119.9420751","32.1743741,119.9463216;32.2192896,119.9505681"
04,Datasets/UAV_VisLoc_dataset/04/drone/04_0398.JPG,32.1941369,119.9335821,"32.2300694,119.9441983;32.1510180,119.9272124;32.1689842,119.9165962;32.2300694,119.9420751","32.1761707,119.9165962;32.2480356,119.9144730"
04,Datasets/UAV_VisLoc_dataset/04/drone/04_0399.JPG,32.1941369,119.9335821,"32.2300694,119.9441983;32.1689842,119.9165962;32.1510180,119.9272124;32.2264761,119.9399519","32.2067133,119.9059800;32.1905437,119.9229659"
04,Datasets/UAV_VisLoc_dataset/04/drone/04_0400.JPG,32.1959336,119.9314589,"32.2318660,119.9420751;32.2318660,119.9399519;32.1510180,119.9293357;32.1510180,119.9272124","32.1689842,119.9335821;32.2210863,119.9102265"
04,Datasets/UAV_VisLoc_dataset/04/drone/04_0401.JPG,32.1959336,119.9314589,"32.1779673,119.9081032;32.1779673,119.9059800;32.1510180,119.9293357;32.2318660,119.9399519","32.2264761,119.9123497;32.1707808,119.9484448"
04,Datasets/UAV_VisLoc_dataset/04/drone/04_0402.JPG,32.1977302,119.9314589,"32.1510180,119.9293357;32.2318660,119.9399519;32.2318660,119.9420751;32.1510180,119.9208427","32.2426457,119.9144730;32.2156964,119.9420751"
04,Datasets/UAV_VisLoc_dataset/04/drone/04_0403.JPG,32.1995268,119.9314589,"32.1510180,119.9293357;32.2318660,119.9399519;32.1689842,119.9165962;32.2318660,119.9420751","32.2372559,119.9399519;32.2156964,119.9505681"
04,Datasets/UAV_VisLoc_dataset/04/drone/04_0404.JPG,32.1995268,119.9314589,"32.1779673,119.9059800;32.1689842,119.9165962;32.1510180,119.9293357;32.1779673,119.9081032","32.2282728,119.9526913;32.1600011,119.9250892"
04,Datasets/UAV_VisLoc_dataset/04/drone/04_0405.JPG,32.2013234,119.9314589,"32.1689842,119.9165962;32.1510180,119.9272124;32.1510180,119.9293357;32.2300694,119.9441983","32.1689842,119.9293357;32.2156964,119.9293357"
04,Datasets/UAV_VisLoc_dataset/04/drone/04_0406.JPG,32.2013234,119.9314589,"32.1689842,119.9165962;32.1510180,119.9272124;32.2300694,119.9441983;32.1510180,119.9505681","32.1743741,119.9123497;32.2300694,119.9081032"
04,Datasets/UAV_VisLoc_dataset/04/drone/04_0407.JPG,32.2031200,119.9314589,"32.1689842,119.9165962;32.2300694,119.9441983;32.1510180,119.9272124;32.1510180,119.9505681","32.1564079,119.9208427;32.2516289,119.9059800"
04,Datasets/UAV_VisLoc_dataset/04/drone/04_0408.JPG,32.2031200,119.9314589,"32.1689842,119.9165962;32.2300694,119.9441983;32.1510180,119.9272124;32.2300694,119.9420751","32.1653910,119.9420751;32.2480356,119.9165962"
04,Datasets/UAV_VisLoc_dataset/04/drone/04_0409.JPG,32.2049167,119.9293357,"32.1689842,119.9165962;32.2300694,119.9441983;32.2300694,119.9420751;32.1510180,119.9272124","32.2156964,119.9399519;32.2156964,119.9250892"
04,Datasets/UAV_VisLoc_dataset/04/drone/04_0410.JPG,32.2049167,119.9293357,"32.2300694,119.9441983;32.1689842,119.9165962;32.2300694,119.9420751;32.1510180,119.9272124","32.2372559,119.9187194;32.2480356,119.9059800"
04,Datasets/UAV_VisLoc_dataset/04/drone/04_0411.JPG,32.2067133,119.9293357,"32.2300694,119.9441983;32.2264761,119.9399519;32.1510180,119.9272124;32.1689842,119.9165962","32.1797640,119.9484448;32.2462390,119.9187194"
04,Datasets/UAV_VisLoc_dataset/04/drone/04_0412.JPG,32.2067133,119.9293357,"32.2300694,119.9441983;32.1510180,119.9272124;32.1689842,119.9165962;32.2300694,119.9420751","32.2085099,119.9484448;32.2408491,119.9399519"
04,Datasets/UAV_VisLoc_dataset/04/drone/04_0413.JPG,32.2085099,119.9293357,"32.2300694,119.9441983;32.1510180,119.9272124;32.2300694,119.9420751;32.1546112,119.9250892","32.1959336,119.9441983;32.2372559,119.9250892"
04,Datasets/UAV_VisLoc_dataset/04/drone/04_0414.JPG,32.2103065,119.9293357,"32.2300694,119.9441983;32.2300694,119.9420751;32.2300694,119.9399519;32.1510180,119.9272124","32.1635944,119.9165962;32.1707808,119.9272124"
04,Datasets/UAV_VisLoc_dataset/04/drone/04_0415.JPG,32.2103065,119.9293357,"32.2300694,119.9441983;32.2300694,119.9420751;32.2300694,119.9399519;32.2264761,119.9399519","32.2300694,119.9293357;32.2516289,119.9441983"
04,Datasets/UAV_VisLoc_dataset/04/drone/04_0416.JPG,32.2121032,119.9293357,"32.2300694,119.9441983;32.1689842,119.9165962;32.2300694,119.9420751;32.2300694,119.9399519","32.2156964,119.9187194;32.2372559,119.9378286"
04,Datasets/UAV_VisLoc_dataset/04/drone/04_0417.JPG,32.2121032,119.9293357,"32.1510180,119.9272124;32.2300694,119.9441983;32.1510180,119.9293357;32.2300694,119.9420751","32.1959336,119.9314589;32.2103065,119.9420751"
04,Datasets/UAV_VisLoc_dataset/04/drone/04_0418.JPG,32.2138998,119.9293357,"32.1689842,119.9165962;32.1510180,119.9272124;32.2300694,119.9441983;32.2300694,119.9420751","32.2300694,119.9102265;32.1779673,119.9208427"
04,Datasets/UAV_VisLoc_dataset/04/drone/04_0419.JPG,32.2138998,119.9272124,"32.1689842,119.9165962;32.1707808,119.9165962;32.1510180,119.9272124;32.2300694,119.9441983","32.1582045,119.9335821;32.1887471,119.9357054"
04,Datasets/UAV_VisLoc_dataset/04/drone/04_0420.JPG,32.2156964,119.9272124,"32.1689842,119.9165962;32.1510180,119.9272124;32.2300694,119.9420751;32.2300694,119.9441983","32.2192896,119.9165962;32.2085099,119.9208427"
04,Datasets/UAV_VisLoc_dataset/04/drone/04_0421.JPG,32.2156964,119.9272124,"32.2354593,119.9229659;32.1510180,119.9272124;32.2300694,119.9420751;32.2300694,119.9441983","32.1833572,119.9081032;32.1617977,119.9059800"
04,Datasets/UAV_VisLoc_dataset/04/drone/04_0422.JPG,32.2174930,119.9272124,"32.1510180,119.9272124;32.2300694,119.9441983;32.2300694,119.9420751;32.2300694,119.9399519","32.2300694,119.9250892;32.2300694,119.9420751"
04,Datasets/UAV_VisLoc_dataset/04/drone/04_0423.JPG,32.2192896,119.9272124,"32.1510180,119.9272124;32.1528146,119.9272124;32.1528146,119.9250892;32.1546112,119.9250892","32.1779673,119.9526913;32.1815606,119.9208427"
04,Datasets/UAV_VisLoc_dataset/04/drone/04_0424.JPG,32.2192896,119.9272124,"32.1510180,119.9272124;32.1546112,119.9250892;32.2300694,119.9441983;32.2300694,119.9420751","32.2300694,119.9526913;32.1977302,119.9399519"
04,Datasets/UAV_VisLoc_dataset/04/drone/04_0425.JPG,32.2210863,119.9272124,"32.1528146,119.9250892;32.1510180,119.9272124;32.1546112,119.9250892;32.1528146,119.9272124","32.2013234,119.9463216;32.2228829,119.9144730"
04,Datasets/UAV_VisLoc_dataset/04/drone/04_0426.JPG,32.2210863,119.9272124,"32.1528146,119.9250892;32.1510180,119.9272124;32.1528146,119.9272124;32.1546112,119.9250892","32.2426457,119.9144730;32.2228829,119.9484448"
04,Datasets/UAV_VisLoc_dataset/04/drone/04_0427.JPG,32.2228829,119.9272124,"32.1510180,119.9272124;32.1528146,119.9250892;32.1528146,119.9272124;32.1546112,119.9250892","32.1743741,119.9335821;32.2498322,119.9102265"
04,Datasets/UAV_VisLoc_dataset/04/drone/04_0428.JPG,32.2228829,119.9272124,"32.1510180,119.9272124;32.1528146,119.9250892;32.1528146,119.9272124;32.1671876,119.9378286","32.1815606,119.9441983;32.2067133,119.9420751"
04,Datasets/UAV_VisLoc_dataset/04/drone/04_0429.JPG,32.2246795,119.9250892,"32.1510180,119.9272124;32.1528146,119.9250892;32.1528146,119.9272124;32.1671876,119.9378286","32.1887471,119.9399519;32.1725775,119.9441983"
04,Datasets/UAV_VisLoc_dataset/04/drone/04_0430.JPG,32.2246795,119.9250892,"32.1510180,119.9272124;32.1528146,119.9272124;32.2300694,119.9420751;32.1528146,119.9250892","32.1851538,119.9102265;32.2264761,119.9399519"
04,Datasets/UAV_VisLoc_dataset/04/drone/04_0431.JPG,32.2264761,119.9250892,"32.1510180,119.9272124;32.2300694,119.9420751;32.1528146,119.9272124;32.1546112,119.9250892","32.1959336,119.9463216;32.1617977,119.9123497"
04,Datasets/UAV_VisLoc_dataset/04/drone/04_0432.JPG,32.2264761,119.9250892,"32.2318660,119.9314589;32.2300694,119.9420751;32.2354593,119.9229659;32.1510180,119.9272124","32.1815606,119.9123497;32.1671876,119.9314589"
04,Datasets/UAV_VisLoc_dataset/04/drone/04_0433.JPG,32.2282728,119.9250892,"32.2318660,119.9314589;32.1510180,119.9208427;32.2300694,119.9441983;32.2300694,119.9420751","32.1887471,119.9208427;32.1635944,119.9399519"
04,Datasets/UAV_VisLoc_dataset/04/drone/04_0434.JPG,32.2300694,119.9250892,"32.1510180,119.9208427;32.2300694,119.9441983;32.2300694,119.9420751;32.1510180,119.9272124","32.2408491,119.9229659;32.2390525,119.9420751"
04,Datasets/UAV_VisLoc_dataset/04/drone/04_0435.JPG,32.2300694,119.9250892,"32.1546112,119.9250892;32.1510180,119.9272124;32.2300694,119.9441983;32.2300694,119.9420751","32.2138998,119.9081032;32.2085099,119.9505681"
04,Datasets/UAV_VisLoc_dataset/04/drone/04_0436.JPG,32.2318660,119.9250892,"32.1528146,119.9250892;32.1546112,119.9250892;32.1510180,119.9272124;32.1528146,119.9229659","32.2300694,119.9420751;32.1959336,119.9357054"
04,Datasets/UAV_VisLoc_dataset/04/drone/04_0437.JPG,32.2318660,119.9250892,"32.1528146,119.9250892;32.1546112,119.9250892;32.1510180,119.9272124;32.1528146,119.9272124","32.1869504,119.9229659;32.1564079,119.9293357"
04,Datasets/UAV_VisLoc_dataset/04/drone/04_0438.JPG,32.2336626,119.9229659,"32.1528146,119.9250892;32.1546112,119.9250892;32.1510180,119.9272124;32.1528146,119.9229659","32.1725775,119.9314589;32.1869504,119.9463216"
04,Datasets/UAV_VisLoc_dataset/04/drone/04_0439.JPG,32.2336626,119.9229659,"32.2300694,119.9420751;32.2300694,119.9441983;32.1546112,119.9250892;32.1528146,119.9293357","32.2534255,119.9123497;32.1635944,119.9059800"
04,Datasets/UAV_VisLoc_dataset/04/drone/04_0440.JPG,32.2354593,119.9229659,"32.2318660,119.9314589;32.2300694,119.9420751;32.1510180,119.9208427;32.2300694,119.9441983","32.2210863,119.9102265;32.2103065,119.9399519"
04,Datasets/UAV_VisLoc_dataset/04/drone/04_0441.JPG,32.2354593,119.9229659,"32.2336626,119.9187194;32.2318660,119.9314589;32.2318660,119.9378286;32.2354593,119.9165962","32.1797640,119.9272124;32.1510180,119.9187194"
04,Datasets/UAV_VisLoc_dataset/04/drone/04_0442.JPG,32.2372559,119.9229659,"32.2336626,119.9187194;32.2318660,119.9187194;32.2336626,119.9144730;32.2354593,119.9165962","32.2067133,119.9250892;32.2121032,119.9357054"
04,Datasets/UAV_VisLoc_dataset/04/drone/04_0443.JPG,32.2372559,119.9229659,"32.2336626,119.9187194;32.2318660,119.9314589;32.2318660,119.9378286;32.2318660,119.9187194","32.1869504,119.9399519;32.1725775,119.9484448"
04,Datasets/UAV_VisLoc_dataset/04/drone/04_0444.JPG,32.2390525,119.9229659,"32.2336626,119.9187194;32.2318660,119.9378286;32.2318660,119.9314589;32.2354593,119.9165962","32.2246795,119.9463216;32.2156964,119.9441983"
04,Datasets/UAV_VisLoc_dataset/04/drone/04_0445.JPG,32.2408491,119.9229659,"32.2336626,119.9187194;32.2354593,119.9165962;32.2318660,119.9314589;32.2354593,119.9187194","32.1941369,119.9250892;32.1887471,119.9187194"
04,Datasets/UAV_VisLoc_dataset/04/drone/04_0446.JPG,32.2408491,119.9229659,"32.2336626,119.9187194;32.2318660,119.9314589;32.2318660,119.9378286;32.2318660,119.9187194","32.2516289,119.9378286;32.1707808,119.9293357"
04,Datasets/UAV_VisLoc_dataset/04/drone/04_0447.JPG,32.2426457,119.9229659,"32.2318660,119.9314589;32.2336626,119.9187194;32.2318660,119.9378286;32.2300694,119.9420751","32.1959336,119.9123497;32.1815606,119.9144730"
04,Datasets/UAV_VisLoc_dataset/04/drone/04_0448.JPG,32.2426457,119.9229659,"32.2336626,119.9187194;32.2318660,119.9314589;32.2300694,119.9187194;32.2318660,119.9187194","32.2174930,119.9102265;32.2426457,119.9526913"
04,Datasets/UAV_VisLoc_dataset/04/drone/04_0449.JPG,32.2444424,119.9229659,"32.2336626,119.9187194;32.2300694,119.9420751;32.2300694,119.9187194;32.2354593,119.9229659","32.1743741,119.9314589;32.1707808,119.9165962"
04,Datasets/UAV_VisLoc_dataset/04/drone/04_0450.JPG,32.2444424,119.9229659,"32.2300694,119.9420751;32.1528146,119.9250892;32.1546112,119.9250892;32.1510180,119.9272124","32.1977302,119.9335821;32.1600011,119.9208427"
04,Datasets/UAV_VisLoc_dataset/04/drone/04_0451.JPG,32.2462390,119.9229659,"32.1528146,119.9250892;32.1528146,119.9272124;32.1546112,119.9250892;32.1510180,119.9272124","32.2138998,119.9229659;32.1528146,119.9250892"
04,Datasets/UAV_VisLoc_dataset/04/drone/04_0452.JPG,32.2462390,119.9208427,"32.1510180,119.9272124;32.1528146,119.9272124;32.2300694,119.9420751;32.1528146,119.9250892","32.2103065,119.9165962;32.2103065,119.9357054"
04,Datasets/UAV_VisLoc_dataset/04/drone/04_0453.JPG,32.2480356,119.9208427,"32.2300694,119.9420751;32.1510180,119.9272124;32.1528146,119.9272124;32.1546112,119.9250892","32.1995268,119.9165962;32.1959336,119.9229659"
04,Datasets/UAV_VisLoc_dataset/04/drone/04_0454.JPG,32.2480356,119.9208427,"32.1528146,119.9250892;32.1528146,119.9229659;32.1546112,119.9250892;32.1510180,119.9272124","32.1689842,119.9484448;32.1653910,119.9229659"
04,Datasets/UAV_VisLoc_dataset/04/drone/04_0455.JPG,32.2498322,119.9229659,"32.1528146,119.9250892;32.1528146,119.9229659;32.1510180,119.9272124;32.1546112,119.9250892","32.1995268,119.9463216;32.1707808,119.9484448"
04,Datasets/UAV_VisLoc_dataset/04/drone/04_0456.JPG,32.2480356,119.9229659,"32.2300694,119.9420751;32.2300694,119.9441983;32.1510180,119.9272124;32.1689842,119.9165962","32.1725775,119.9378286;32.2085099,119.9463216"
04,Datasets/UAV_VisLoc_dataset/04/drone/04_0457.JPG,32.2480356,119.9229659,"32.2300694,119.9441983;32.2300694,119.9420751;32.2318660,119.9314589;32.1510180,119.9208427","32.1635944,119.9335821;32.1941369,119.9144730"
04,Datasets/UAV_VisLoc_dataset/04/drone/04_0458.JPG,32.2462390,119.9250892,"32.1510180,119.9208427;32.2300694,119.9441983;32.2300694,119.9420751;32.2300694,119.9399519","32.2372559,119.9229659;32.1671876,119.9059800"
04,Datasets/UAV_VisLoc_dataset/04/drone/04_0459.JPG,32.2462390,119.9250892,"32.2300694,119.9420751;32.1510180,119.9208427;32.2300694,119.9441983;32.2300694,119.9399519","32.1564079,119.9484448;32.1869504,119.9229659"
04,Datasets/UAV_VisLoc_dataset/04/drone/04_0460.JPG,32.2444424,119.9250892,"32.2300694,119.9441983;32.2300694,119.9420751;32.2300694,119.9399519;32.1510180,119.9208427","32.2408491,119.9526913;32.1905437,119.9272124"
04,Datasets/UAV_VisLoc_dataset/04/drone/04_0461.JPG,32.2444424,119.9250892,"32.2300694,119.9420751;32.2300694,119.9441983;32.2300694,119.9399519;32.1510180,119.9208427","32.1671876,119.9484448;32.1635944,119.9441983"
04,Datasets/UAV_VisLoc_dataset/04/drone/04_0462.JPG,32.2426457,119.9250892,"32.2300694,119.9420751;32.2300694,119.9441983;32.2300694,119.9399519;32.2354593,119.9229659","32.1941369,119.9314589;32.1564079,119.9335821"
04,Datasets/UAV_VisLoc_dataset/04/drone/04_0463.JPG,32.2408491,119.9250892,"32.1510180,119.9208427;32.2300694,119.9420751;32.2300694,119.9399519;32.2300694,119.9441983","32.1510180,119.9484448;32.2013234,119.9526913"
04,Datasets/UAV_VisLoc_dataset/04/drone/04_0464.JPG,32.2408491,119.9250892,"32.2336626,119.9187194;32.1510180,119.9208427;32.2354593,119.9187194;32.2318660,119.9378286","32.1564079,119.9420751;32.2300694,119.9293357"
04,Datasets/UAV_VisLoc_dataset/04/drone/04_0465.JPG,32.2390525,119.9250892,"32.1510180,119.9208427;32.2336626,119.9187194;32.2318660,119.9187194;32.1528146,119.9208427","32.2210863,119.9250892;32.1600011,119.9187194"
04,Datasets/UAV_VisLoc_dataset/04/drone/04_0466.JPG,32.2390525,119.9250892,"32.1510180,119.9208427;32.2300694,119.9441983;32.2300694,119.9420751;32.2300694,119.9399519","32.1510180,119.9357054;32.2444424,119.9378286"
04,Datasets/UAV_VisLoc_dataset/04/drone/04_0467.JPG,32.2372559,119.9250892,"32.2300694,119.9441983;32.2300694,119.9420751;32.1510180,119.9208427;32.1510180,119.9272124","32.1833572,119.9250892;32.1510180,119.9229659"
04,Datasets/UAV_VisLoc_dataset/04/drone/04_0468.JPG,32.2372559,119.9272124,"32.2300694,119.9441983;32.2300694,119.9420751;32.1510180,119.9272124;32.2318660,119.9314589","32.1582045,119.9420751;32.2103065,119.9165962"
04,Datasets/UAV_VisLoc_dataset/04/drone/04_0469.JPG,32.2354593,119.9272124,"32.2300694,119.9441983;32.1510180,119.9272124;32.1689842,119.9165962;32.2300694,119.9420751","32.1743741,119.9081032;32.1761707,119.9335821"
04,Datasets/UAV_VisLoc_dataset/04/drone/04_0470.JPG,32.2354593,119.9272124,"32.2300694,119.9441983;32.1510180,119.9272124;32.2300694,119.9420751;32.1689842,119.9165962","32.1617977,119.9144730;32.1725775,119.9165962"
04,Datasets/UAV_VisLoc_dataset/04/drone/04_0471.JPG,32.2336626,119.9272124,"32.2300694,119.9441983;32.1510180,119.9272124;32.2300694,119.9420751;32.1689842,119.9165962","32.2156964,119.9059800;32.1797640,119.9314589"
04,Datasets/UAV_VisLoc_dataset/04/drone/04_0472.JPG,32.2318660,119.9272124,"32.1510180,119.9272124;32.2300694,119.9441983;32.2300694,119.9420751;32.1528146,119.9272124","32.2336626,119.9463216;32.2246795,119.9399519"
04,Datasets/UAV_VisLoc_dataset/04/drone/04_0473.JPG,32.2318660,119.9272124,"32.1510180,119.9272124;32.2300694,119.9420751;32.2300694,119.9441983;32.1528146,119.9272124","32.2480356,119.9123497;32.1815606,119.9165962"
04,Datasets/UAV_VisLoc_dataset/04/drone/04_0474.JPG,32.2300694,119.9272124,"32.2300694,119.9441983;32.1510180,119.9272124;32.2300694,119.9420751;32.2264761,119.9399519","32.1959336,119.9187194;32.1941369,119.9399519"
04,Datasets/UAV_VisLoc_dataset/04/drone/04_0475.JPG,32.2300694,119.9272124,"32.2300694,119.9441983;32.1510180,119.9272124;32.2300694,119.9420751;32.1510180,119.9208427","32.2031200,119.9441983;32.2336626,119.9081032"
04,Datasets/UAV_VisLoc_dataset/04/drone/04_0476.JPG,32.2282728,119.9272124,"32.2300694,119.9441983;32.2300694,119.9420751;32.1510180,119.9272124;32.1510180,119.9208427","32.2426457,119.9144730;32.1887471,119.9187194"
04,Datasets/UAV_VisLoc_dataset/04/drone/04_0477.JPG,32.2282728,119.9293357,"32.2300694,119.9420751;32.2354593,119.9229659;32.1510180,119.9272124;32.1689842,119.9165962","32.2462390,119.9229659;32.1671876,119.9399519"
04,Datasets/UAV_VisLoc_dataset/04/drone/04_0478.JPG,32.2264761,119.9293357,"32.2300694,119.9420751;32.1510180,119.9272124;32.2354593,119.9229659;32.1528146,119.9314589","32.2516289,119.9081032;32.1887471,119.9187194"
04,Datasets/UAV_VisLoc_dataset/04/drone/04_0479.JPG,32.2264761,119.9293357,"32.2300694,119.9420751;32.2354593,119.9229659;32.1510180,119.9272124;32.2300694,119.9441983","32.2444424,119.9357054;32.1959336,119.9229659"
04,Datasets/UAV_VisLoc_dataset/04/drone/04_0480.JPG,32.2246795,119.9293357,"32.2300694,119.9420751;32.1689842,119.9165962;32.1510180,119.9272124;32.2300694,119.9441983","32.1582045,119.9335821;32.1761707,119.9272124"
04,Datasets/UAV_VisLoc_dataset/04/drone/04_0481.JPG,32.2246795,119.9293357,"32.1689842,119.9165962;32.2300694,119.9420751;32.1510180,119.9272124;32.2300694,119.9441983","32.2103065,119.9420751;32.1887471,119.9187194"
04,Datasets/UAV_VisLoc_dataset/04/drone/04_0482.JPG,32.2228829,119.9293357,"32.1689842,119.9165962;32.1510180,119.9272124;32.2300694,119.9441983;32.2300694,119.9420751","32.1653910,119.9378286;32.1671876,119.9187194"
04,Datasets/UAV_VisLoc_dataset/04/drone/04_0483.JPG,32.2210863,119.9293357,"32.1689842,119.9165962;32.2300694,119.9441983;32.1510180,119.9272124;32.2300694,119.9420751","32.1725775,119.9081032;32.2498322,119.9250892"
04,Datasets/UAV_VisLoc_dataset/04/drone/04_0484.JPG,32.2210863,119.9293357,"32.2300694,119.9441983;32.1689842,119.9165962;32.1582045,119.9463216;32.1510180,119.9272124","32.1546112,119.9526913;32.2498322,119.9420751"
04,Datasets/UAV_VisLoc_dataset/04/drone/04_0485.JPG,32.2192896,119.9293357,"32.1689842,119.9165962;32.1510180,119.9272124;32.2300694,119.9441983;32.2300694,119.9420751","32.2300694,119.9505681;32.1779673,119.9463216"
04,Datasets/UAV_VisLoc_dataset/04/drone/04_0486.JPG,32.2192896,119.9293357,"32.1510180,119.9272124;32.2300694,119.9420751;32.2300694,119.9441983;32.1528146,119.9272124","32.1564079,119.9187194;32.2192896,119.9505681"
04,Datasets/UAV_VisLoc_dataset/04/drone/04_0487.JPG,32.2174930,119.9314589,"32.1510180,119.9272124;32.2300694,119.9420751;32.1528146,119.9272124;32.2300694,119.9441983","32.1833572,119.9081032;32.2264761,119.9081032"
04,Datasets/UAV_VisLoc_dataset/04/drone/04_0488.JPG,32.2174930,119.9314589,"32.1510180,119.9272124;32.2300694,119.9420751;32.1528146,119.9272124;32.2300694,119.9441983","32.1689842,119.9144730;32.1923403,119.9505681"
04,Datasets/UAV_VisLoc_dataset/04/drone/04_0489.JPG,32.2156964,119.9314589,"32.1510180,119.9272124;32.1689842,119.9165962;32.1510180,119.9293357;32.2300694,119.9441983","32.1779673,119.9229659;32.2480356,119.9314589"
04,Datasets/UAV_VisLoc_dataset/04/drone/04_0490.JPG,32.2156964,119.9314589,"32.1510180,119.9293357;32.1510180,119.9272124;32.1725775,119.9165962;32.1528146,119.9314589","32.1743741,119.9505681;32.2228829,119.9229659"
04,Datasets/UAV_VisLoc_dataset/04/drone/04_0491.JPG,32.2138998,119.9314589,"32.1510180,119.9293357;32.1510180,119.9272124;32.1725775,119.9165962;32.1528146,119.9314589","32.2264761,119.9144730;32.2103065,119.9123497"
04,Datasets/UAV_VisLoc_dataset/04/drone/04_0492.JPG,32.2121032,119.9314589,"32.1510180,119.9272124;32.2300694,119.9441983;32.1510180,119.9293357;32.1689842,119.9165962","32.1941369,119.9335821;32.1510180,119.9165962"
04,Datasets/UAV_VisLoc_dataset/04/drone/04_0493.JPG,32.2121032,119.9314589,"32.1510180,119.9272124;32.1510180,119.9293357;32.2300694,119.9441983;32.1689842,119.9165962","32.1653910,119.9187194;32.2174930,119.9187194"
04,Datasets/UAV_VisLoc_dataset/04/drone/04_0494.JPG,32.2103065,119.9314589,"32.2300694,119.9441983;32.1510180,119.9272124;32.1546112,119.9250892;32.1528146,119.9229659","32.2318660,119.9059800;32.2228829,119.9144730"
04,Datasets/UAV_VisLoc_dataset/04/drone/04_0495.JPG,32.2103065,119.9314589,"32.1528146,119.9250892;32.2300694,119.9505681;32.1528146,119.9229659;32.1546112,119.9250892","32.2534255,119.9463216;32.1761707,119.9420751"
04,Datasets/UAV_VisLoc_dataset/04/drone/04_0496.JPG,32.2085099,119.9335821,"32.1528146,119.9250892;32.1546112,119.9250892;32.2300694,119.9505681;32.1510180,119.9272124","32.2192896,119.9505681;32.1653910,119.9463216"
04,Datasets/UAV_VisLoc_dataset/04/drone/04_0497.JPG,32.2085099,119.9335821,"32.1510180,119.9272124;32.1528146,119.9250892;32.1546112,119.9250892;32.1689842,119.9165962","32.2354593,119.9165962;32.1833572,119.9102265"
04,Datasets/UAV_VisLoc_dataset/04/drone/04_0498.JPG,32.2067133,119.9335821,"32.1510180,119.9272124;32.2300694,119.9441983;32.1689842,119.9165962;32.1546112,119.9250892","32.1941369,119.9441983;32.2336626,119.9314589"
04,Datasets/UAV_VisLoc_dataset/04/drone/04_0499.JPG,32.2067133,119.9335821,"32.1510180,119.9272124;32.2300694,119.9441983;32.2300694,119.9420751;32.1546112,119.9250892","32.2228829,119.9399519;32.1689842,119.9229659"
04,Datasets/UAV_VisLoc_dataset/04/drone/04_0500.JPG,32.2049167,119.9335821,"32.1689842,119.9165962;32.1510180,119.9293357;32.1510180,119.9272124;32.1510180,119.9505681","32.2067133,119.9484448;32.1779673,119.9059800"
04,Datasets/UAV_VisLoc_dataset/04/drone/04_0501.JPG,32.2049167,119.9335821,"32.1779673,119.9059800;32.1779673,119.9081032;32.1707808,119.9165962;32.1689842,119.9165962","32.1635944,119.9059800;32.2174930,119.9293357"
04,Datasets/UAV_VisLoc_dataset/04/drone/04_0502.JPG,32.2031200,119.9335821,"32.1779673,119.9059800;32.1797640,119.9059800;32.1779673,119.9081032;32.1510180,119.9293357","32.2480356,119.9505681;32.2282728,119.9229659"
04,Datasets/UAV_VisLoc_dataset/04/drone/04_0503.JPG,32.2013234,119.9335821,"32.1761707,119.9059800;32.1797640,119.9059800;32.1779673,119.9059800;32.1815606,119.9059800","32.1923403,119.9187194;32.1725775,119.9420751"
04,Datasets/UAV_VisLoc_dataset/04/drone/04_0504.JPG,32.2013234,119.9335821,"32.1689842,119.9165962;32.1510180,119.9293357;32.1510180,119.9272124;32.1779673,119.9059800","32.2085099,119.9463216;32.1600011,119.9229659"
04,Datasets/UAV_VisLoc_dataset/04/drone/04_0505.JPG,32.1995268,119.9335821,"32.1510180,119.9272124;32.1510180,119.9293357;32.1689842,119.9165962;32.1528146,119.9314589","32.1546112,119.9208427;32.1761707,119.9505681"
04,Datasets/UAV_VisLoc_dataset/04/drone/04_0506.JPG,32.1995268,119.9357054,"32.1510180,119.9272124;32.1510180,119.9293357;32.1689842,119.9165962;32.1510180,119.9505681","32.2049167,119.9250892;32.2300694,119.9526913"
04,Datasets/UAV_VisLoc_dataset/04/drone/04_0507.JPG,32.1977302,119.9357054,"32.1510180,119.9272124;32.1528146,119.9250892;32.1510180,119.9505681;32.1510180,119.9293357","32.2121032,119.9123497;32.2390525,119.9250892"
04,Datasets/UAV_VisLoc_dataset/04/drone/04_0508.JPG,32.1977302,119.9357054,"32.1510180,119.9272124;32.1528146,119.9250892;32.1546112,119.9250892;32.1528146,119.9272124","32.2318660,119.9463216;32.1564079,119.9484448"
04,Datasets/UAV_VisLoc_dataset/04/drone/04_0509.JPG,32.1959336,119.9357054,"32.1510180,119.9272124;32.1528146,119.9250892;32.2300694,119.9505681;32.2300694,119.9441983","32.1510180,119.9484448;32.1869504,119.9314589"
04,Datasets/UAV_VisLoc_dataset/04/drone/04_0510.JPG,32.1959336,119.9357054,"32.1510180,119.9272124;32.2300694,119.9441983;32.2300694,119.9505681;32.1689842,119.9165962","32.1671876,119.9272124;32.2138998,119.9463216"
04,Datasets/UAV_VisLoc_dataset/04/drone/04_0511.JPG,32.1941369,119.9357054,"32.1689842,119.9165962;32.2300694,119.9441983;32.1510180,119.9272124;32.2300694,119.9505681","32.1564079,119.9463216;32.2534255,119.9399519"
04,Datasets/UAV_VisLoc_dataset/04/drone/04_0512.JPG,32.1941369,119.9357054,"32.2300694,119.9505681;32.2318660,119.9526913;32.1528146,119.9250892;32.2300694,119.9526913","32.2372559,119.9314589;32.1761707,119.9441983"
04,Datasets/UAV_VisLoc_dataset/04/drone/04_0513.JPG,32.1923403,119.9357054,"32.2300694,119.9505681;32.2318660,119.9526913;32.2300694,119.9526913;32.1600011,119.9441983","32.2192896,119.9187194;32.1528146,119.9463216"
04,Datasets/UAV_VisLoc_dataset/04/drone/04_0514.JPG,32.1905437,119.9357054,"32.2300694,119.9505681;32.2534255,119.9378286;32.2318660,119.9526913;32.1617977,119.9441983","32.2264761,119.9187194;32.1564079,119.9378286"
04,Datasets/UAV_VisLoc_dataset/04/drone/04_0515.JPG,32.1905437,119.9378286,"32.2318660,119.9526913;32.2300694,119.9505681;32.1600011,119.9441983;32.1617977,119.9441983","32.1797640,119.9123497;32.2408491,119.9165962"
04,Datasets/UAV_VisLoc_dataset/04/drone/04_0516.JPG,32.1887471,119.9378286,"32.2300694,119.9505681;32.2318660,119.9526913;32.1617977,119.9441983;32.1600011,119.9441983","32.1510180,119.9081032;32.1833572,119.9484448"
04,Datasets/UAV_VisLoc_dataset/04/drone/04_0517.JPG,32.1887471,119.9378286,"32.2300694,119.9505681;32.2318660,119.9526913;32.2534255,119.9378286;32.1600011,119.9441983","32.1797640,119.9250892;32.2156964,119.9081032"
04,Datasets/UAV_VisLoc_dataset/04/drone/04_0518.JPG,32.1869504,119.9378286,"32.2300694,119.9441983;32.1582045,119.9463216;32.1510180,119.9272124;32.2300694,119.9420751","32.1617977,119.9420751;32.2354593,119.9272124"
04,Datasets/UAV_VisLoc_dataset/04/drone/04_0519.JPG,32.1869504,119.9378286,"32.2300694,119.9441983;32.2300694,119.9420751;32.1510180,119.9272124;32.1689842,119.9165962","32.2031200,119.9441983;32.1689842,119.9123497"
04,Datasets/UAV_VisLoc_dataset/04/drone/04_0520.JPG,32.1851538,119.9378286,"32.2300694,119.9441983;32.2300694,119.9420751;32.1689842,119.9165962;32.1510180,119.9208427","32.1546112,119.9314589;32.1564079,119.9463216"
04,Datasets/UAV_VisLoc_dataset/04/drone/04_0521.JPG,32.1851538,119.9378286,"32.2300694,119.9441983;32.2300694,119.9420751;32.1689842,119.9165962;32.1510180,119.9208427","32.1564079,119.9102265;32.2336626,119.9123497"
04,Datasets/UAV_VisLoc_dataset/04/drone/04_0522.JPG,32.1833572,119.9378286,"32.2300694,119.9441983;32.1582045,119.9463216;32.1689842,119.9165962;32.1510180,119.9272124","32.2013234,119.9399519;32.1833572,119.9250892"
04,Datasets/UAV_VisLoc_dataset/04/drone/04_0523.JPG,32.1833572,119.9378286,"32.2300694,119.9505681;32.1582045,119.9463216;32.1743741,119.9484448;32.1743741,119.9420751","32.2516289,119.9526913;32.1617977,119.9335821"
04,Datasets/UAV_VisLoc_dataset/04/drone/04_0524.JPG,32.1815606,119.9378286,"32.2318660,119.9526913;32.2300694,119.9505681;32.1743741,119.9484448;32.2300694,119.9526913","32.1635944,119.9441983;32.2480356,119.9484448"
04,Datasets/UAV_VisLoc_dataset/04/drone/04_0525.JPG,32.1797640,119.9399519,"32.2300694,119.9505681;32.2318660,119.9526913;32.1528146,119.9250892;32.2300694,119.9526913","32.2264761,119.9250892;32.1582045,119.9165962"
04,Datasets/UAV_VisLoc_dataset/04/drone/04_0526.JPG,32.1797640,119.9399519,"32.2300694,119.9505681;32.1528146,119.9250892;32.2318660,119.9526913;32.1564079,119.9399519","32.2246795,119.9102265;32.1564079,119.9314589"
04,Datasets/UAV_VisLoc_dataset/04/drone/04_0527.JPG,32.1779673,119.9399519,"32.2300694,119.9505681;32.1528146,119.9250892;32.2318660,119.9526913;32.1564079,119.9399519","32.1564079,119.9357054;32.1600011,119.9165962"
04,Datasets/UAV_VisLoc_dataset/04/drone/04_0528.JPG,32.1779673,119.9399519,"32.1528146,119.9250892;32.2300694,119.9505681;32.2318660,119.9526913;32.1564079,119.9399519","32.2085099,119.9505681;32.1582045,119.9144730"
04,Datasets/UAV_VisLoc_dataset/04/drone/04_0529.JPG,32.1761707,119.9399519,"32.1528146,119.9250892;32.2300694,119.9505681;32.2318660,119.9526913;32.1564079,119.9399519","32.2156964,119.9229659;32.1851538,119.9314589"
04,Datasets/UAV_VisLoc_dataset/04/drone/04_0530.JPG,32.1761707,119.9399519,"32.2300694,119.9505681;32.1528146,119.9250892;32.2318660,119.9526913;32.1564079,119.9399519","32.2228829,119.9081032;32.2210863,119.9208427"
04,Datasets/UAV_VisLoc_dataset/04/drone/04_0531.JPG,32.1743741,119.9399519,"32.2300694,119.9505681;32.2318660,119.9526913;32.2462390,119.9250892;32.2444424,119.9081032","32.2264761,119.9123497;32.2103065,119.9484448"
04,Datasets/UAV_VisLoc_dataset/04/drone/04_0532.JPG,32.1743741,119.9399519,"32.2534255,119.9399519;32.2534255,119.9378286;32.1653910,119.9441983;32.2534255,119.9420751","32.2228829,119.9250892;32.2031200,119.9293357"
04,Datasets/UAV_VisLoc_dataset/04/drone/04_0533.JPG,32.1725775,119.9399519,"32.2534255,119.9378286;32.2534255,119.9399519;32.2534255,119.9420751;32.1653910,119.9441983","32.1546112,119.9144730;32.1635944,119.9059800"
04,Datasets/UAV_VisLoc_dataset/04/drone/04_0534.JPG,32.1707808,119.9399519,"32.1653910,119.9441983;32.2534255,119.9420751;32.2534255,119.9102265;32.2462390,119.9250892","32.2282728,119.9378286;32.1923403,119.9229659"
04,Datasets/UAV_VisLoc_dataset/04/drone/04_0535.JPG,32.1707808,119.9399519,"32.2300694,119.9505681;32.2318660,119.9526913;32.1528146,119.9250892;32.1743741,119.9484448","32.1510180,119.9165962;32.1546112,119.9059800"
04,Datasets/UAV_VisLoc_dataset/04/drone/04_0536.JPG,32.1689842,119.9399519,"32.1528146,119.9250892;32.2300694,119.9505681;32.2318660,119.9526913;32.1510180,119.9272124","32.2174930,119.9293357;32.2480356,119.9314589"
04,Datasets/UAV_VisLoc_dataset/04/drone/04_0537.JPG,32.1689842,119.9399519,"32.1528146,119.9250892;32.2300694,119.9505681;32.1564079,119.9399519;32.2318660,119.9526913","32.2354593,119.9505681;32.1815606,119.9293357"
04,Datasets/UAV_VisLoc_dataset/04/drone/04_0538.JPG,32.1671876,119.9399519,"32.1528146,119.9250892;32.2300694,119.9505681;32.1564079,119.9399519;32.1564079,119.9378286","32.1725775,119.9123497;32.2372559,119.9293357"
04,Datasets/UAV_VisLoc_dataset/04/drone/04_0539.JPG,32.1671876,119.9420751,"32.2300694,119.9505681;32.1653910,119.9229659;32.1528146,119.9250892;32.1564079,119.9399519","32.2534255,119.9293357;32.1564079,119.9123497"
04,Datasets/UAV_VisLoc_dataset/04/drone/04_0540.JPG,32.1653910,119.9420751,"32.1653910,119.9229659;32.2300694,119.9505681;32.1528146,119.9250892;32.1564079,119.9399519","32.2282728,119.9081032;32.2480356,119.9357054"
04,Datasets/UAV_VisLoc_dataset/04/drone/04_0541.JPG,32.1653910,119.9420751,"32.1653910,119.9229659;32.2300694,119.9505681;32.1528146,119.9250892;32.1564079,119.9399519","32.1689842,119.9208427;32.2408491,119.9314589"
04,Datasets/UAV_VisLoc_dataset/04/drone/04_0542.JPG,32.1635944,119.9420751,"32.1528146,119.9250892;32.2300694,119.9505681;32.1564079,119.9399519;32.1546112,119.9250892","32.1851538,119.9102265;32.2121032,119.9420751"
04,Datasets/UAV_VisLoc_dataset/04/drone/04_0543.JPG,32.1635944,119.9420751,"32.1528146,119.9250892;32.2300694,119.9505681;32.1564079,119.9399519;32.1546112,119.9250892","32.2156964,119.9357054;32.1761707,119.9102265"
04,Datasets/UAV_VisLoc_dataset/04/drone/04_0544.JPG,32.1617977,119.9420751,"32.2300694,119.9505681;32.1528146,119.9250892;32.1564079,119.9399519;32.2300694,119.9484448","32.2103065,119.9357054;32.1797640,119.9420751"
04,Datasets/UAV_VisLoc_dataset/04/drone/04_0545.JPG,32.1600011,119.9420751,"32.1528146,119.9250892;32.2300694,119.9505681;32.1546112,119.9250892;32.1510180,119.9272124","32.2246795,119.9335821;32.1779673,119.9165962"
04,Datasets/UAV_VisLoc_dataset/04/drone/04_0546.JPG,32.1600011,119.9420751,"32.1528146,119.9250892;32.1510180,119.9272124;32.1528146,119.9272124;32.1546112,119.9250892","32.1941369,119.9357054;32.2300694,119.9463216"
04,Datasets/UAV_VisLoc_dataset/04/drone/04_0547.JPG,32.1582045,119.9420751,"32.1528146,119.9250892;32.1510180,119.9272124;32.1528146,119.9272124;32.2300694,119.9505681","32.2138998,119.9059800;32.2103065,119.9378286"
04,Datasets/UAV_VisLoc_dataset/04/drone/04_0548.JPG,32.1582045,119.9420751,"32.1528146,119.9250892;32.1510180,119.9272124;32.1528146,119.9272124;32.1546112,119.9250892","32.2121032,119.9144730;32.1707808,119.9420751"
04,Datasets/UAV_VisLoc_dataset/04/drone/04_0549.JPG,32.1582045,119.9463216,"32.1528146,119.9250892;32.2300694,119.9505681;32.2318660,119.9526913;32.1510180,119.9272124","32.2480356,119.9144730;32.2085099,119.9335821"
04,Datasets/UAV_VisLoc_dataset/04/drone/04_0550.JPG,32.1600011,119.9463216,"32.2300694,119.9505681;32.1510180,119.9272124;32.1528146,119.9250892;32.2318660,119.9526913","32.1869504,119.9123497;32.2462390,119.9420751"
04,Datasets/UAV_VisLoc_dataset/04/drone/04_0551.JPG,32.1600011,119.9463216,"32.2300694,119.9505681;32.1743741,119.9484448;32.1743741,119.9420751;32.2534255,119.9505681","32.2462390,119.9229659;32.2282728,119.9441983"
04,Datasets/UAV_VisLoc_dataset/04/drone/04_0552.JPG,32.1617977,119.9463216,"32.2300694,119.9505681;32.2318660,119.9526913;32.1528146,119.9250892;32.1510180,119.9272124","32.2067133,119.9505681;32.2480356,119.9081032"
04,Datasets/UAV_VisLoc_dataset/04/drone/04_0553.JPG,32.1617977,119.9463216,"32.1528146,119.9250892;32.2318660,119.9526913;32.1564079,119.9399519;32.2300694,119.9505681","32.1600011,119.9335821;32.1959336,119.9526913"
04,Datasets/UAV_VisLoc_dataset/04/drone/04_0554.JPG,32.1635944,119.9441983,"32.1528146,119.9250892;32.1510180,119.9272124;32.1528146,119.9272124;32.1564079,119.9399519","32.1564079,119.9314589;32.1797640,119.9081032"
04,Datasets/UAV_VisLoc_dataset/04/drone/04_0555.JPG,32.1635944,119.9441983,"32.1528146,119.9250892;32.1564079,119.9399519;32.1510180,119.9272124;32.1528146,119.9272124","32.2516289,119.9526913;32.1635944,119.9208427"
04,Datasets/UAV_VisLoc_dataset/04/drone/04_0556.JPG,32.1653910,119.9441983,"32.1528146,119.9250892;32.1564079,119.9399519;32.2318660,119.9526913;32.2300694,119.9505681","32.1905437,119.9293357;32.2174930,119.9314589"
04,Datasets/UAV_VisLoc_dataset/04/drone/04_0557.JPG,32.1653910,119.9441983,"32.1528146,119.9250892;32.1564079,119.9399519;32.2300694,119.9505681;32.2318660,119.9526913","32.2246795,119.9357054;32.2516289,119.9229659"
04,Datasets/UAV_VisLoc_dataset/04/drone/04_0558.JPG,32.1671876,119.9441983,"32.1528146,119.9250892;32.1671876,119.9378286;32.1564079,119.9399519;32.2318660,119.9526913","32.2516289,119.9335821;32.2138998,119.9335821"
04,Datasets/UAV_VisLoc_dataset/04/drone/04_0559.JPG,32.1689842,119.9441983,"32.2318660,119.9526913;32.1528146,119.9250892;32.1528146,119.9272124;32.1510180,119.9272124","32.1671876,119.9187194;32.2390525,119.9505681"
04,Datasets/UAV_VisLoc_dataset/04/drone/04_0560.JPG,32.1689842,119.9441983,"32.1600011,119.9463216;32.1743741,119.9420751;32.1743741,119.9484448;32.1582045,119.9463216","32.1815606,119.9144730;32.1905437,119.9399519"
04,Datasets/UAV_VisLoc_dataset/04/drone/04_0561.JPG,32.1707808,119.9441983,"32.1743741,119.9420751;32.1743741,119.9484448;32.1600011,119.9463216;32.1725775,119.9378286","32.2372559,119.9081032;32.1510180,119.9399519"
04,Datasets/UAV_VisLoc_dataset/04/drone/04_0562.JPG,32.1707808,119.9441983,"32.2300694,119.9505681;32.2318660,119.9526913;32.1743741,119.9484448;32.1528146,119.9250892","32.1582045,119.9102265;32.1887471,119.9250892"
04,Datasets/UAV_VisLoc_dataset/04/drone/04_0563.JPG,32.1725775,119.9420751,"32.2300694,119.9505681;32.2318660,119.9526913;32.2300694,119.9484448;32.1528146,119.9250892","32.1833572,119.9229659;32.2085099,119.9463216"
04,Datasets/UAV_VisLoc_dataset/04/drone/04_0564.JPG,32.1725775,119.9420751,"32.2300694,119.9505681;32.2300694,119.9484448;32.2318660,119.9526913;32.1528146,119.9250892","32.2300694,119.9484448;32.1528146,119.9463216"
04,Datasets/UAV_VisLoc_dataset/04/drone/04_0565.JPG,32.1743741,119.9420751,"32.2300694,119.9505681;32.1528146,119.9250892;32.2300694,119.9484448;32.2318660,119.9526913","32.1689842,119.9526913;32.2246795,119.9229659"
04,Datasets/UAV_VisLoc_dataset/04/drone/04_0566.JPG,32.1743741,119.9420751,"32.2300694,119.9505681;32.1528146,119.9250892;32.2318660,119.9526913;32.1564079,119.9399519","32.2336626,119.9250892;32.2354593,119.9293357"
04,Datasets/UAV_VisLoc_dataset/04/drone/04_0567.JPG,32.1761707,119.9420751,"32.1528146,119.9250892;32.2300694,119.9505681;32.1510180,119.9272124;32.2318660,119.9526913","32.2013234,119.9463216;32.2228829,119.9229659"
04,Datasets/UAV_VisLoc_dataset/04/drone/04_0568.JPG,32.1761707,119.9420751,"32.1510180,119.9272124;32.2300694,119.9505681;32.1528146,119.9250892;32.2318660,119.9526913","32.2192896,119.9441983;32.1851538,119.9208427"
04,Datasets/UAV_VisLoc_dataset/04/drone/04_0569.JPG,32.1779673,119.9420751,"32.1510180,119.9272124;32.2300694,119.9505681;32.2318660,119.9526913;32.1528146,119.9250892","32.1671876,119.9144730;32.2031200,119.9399519"
04,Datasets/UAV_VisLoc_dataset/04/drone/04_0570.JPG,32.1797640,119.9420751,"32.2318660,119.9526913;32.2300694,119.9505681;32.1510180,119.9272124;32.1528146,119.9250892","32.1617977,119.9102265;32.1743741,119.9293357"
04,Datasets/UAV_VisLoc_dataset/04/drone/04_0571.JPG,32.1797640,119.9420751,"32.2300694,119.9505681;32.2318660,119.9526913;32.1528146,119.9250892;32.1510180,119.9272124","32.1923403,119.9208427;32.2067133,119.9357054"
04,Datasets/UAV_VisLoc_dataset/04/drone/04_0572.JPG,32.1815606,119.9420751,"32.2300694,119.9505681;32.2318660,119.9526913;32.1653910,119.9441983;32.2462390,119.9250892","32.1653910,119.9526913;32.2067133,119.9250892"
04,Datasets/UAV_VisLoc_dataset/04/drone/04_0573.JPG,32.1815606,119.9399519,"32.1653910,119.9441983;32.2534255,119.9102265;32.2462390,119.9250892;32.2534255,119.9399519","32.1635944,119.9165962;32.1995268,119.9484448"
04,Datasets/UAV_VisLoc_dataset/04/drone/04_0574.JPG,32.1833572,119.9399519,"32.2516289,119.9102265;32.1653910,119.9441983;32.2372559,119.9272124;32.2534255,119.9102265","32.1797640,119.9208427;32.1743741,119.9123497"
04,Datasets/UAV_VisLoc_dataset/04/drone/04_0575.JPG,32.1833572,119.9399519,"32.2534255,119.9505681;32.1653910,119.9441983;32.2516289,119.9102265;32.2372559,119.9272124","32.2264761,119.9335821;32.1905437,119.9250892"
04,Datasets/UAV_VisLoc_dataset/04/drone/04_0576.JPG,32.1851538,119.9399519,"32.2300694,119.9505681;32.1582045,119.9463216;32.2300694,119.9441983;32.1510180,119.9272124","32.2210863,119.9187194;32.2444424,119.9272124"
04,Datasets/UAV_VisLoc_dataset/04/drone/04_0577.JPG,32.1851538,119.9399519,"32.1582045,119.9463216;32.2300694,119.9441983;32.2300694,119.9505681;32.1510180,119.9272124","32.2121032,119.9102265;32.2264761,119.9208427"
04,Datasets/UAV_VisLoc_dataset/04/drone/04_0578.JPG,32.1869504,119.9399519,"32.1582045,119.9463216;32.2300694,119.9505681;32.1582045,119.9441983;32.1600011,119.9463216","32.1797640,119.9272124;32.2336626,119.9187194"
04,Datasets/UAV_VisLoc_dataset/04/drone/04_0579.JPG,32.1869504,119.9399519,"32.2300694,119.9505681;32.1600011,119.9441983;32.1617977,119.9441983;32.2318660,119.9526913","32.1617977,119.9187194;32.2426457,119.9314589"
04,Datasets/UAV_VisLoc_dataset/04/drone/04_0580.JPG,32.1887471,119.9399519,"32.2534255,119.9378286;32.2534255,119.9399519;32.1617977,119.9441983;32.1635944,119.9441983","32.1851538,119.9272124;32.1797640,119.9165962"
04,Datasets/UAV_VisLoc_dataset/04/drone/04_0581.JPG,32.1905437,119.9399519,"32.2300694,119.9505681;32.2318660,119.9526913;32.1617977,119.9441983;32.1600011,119.9441983","32.2354593,119.9123497;32.2156964,119.9463216"
04,Datasets/UAV_VisLoc_dataset/04/drone/04_0582.JPG,32.1905437,119.9399519,"32.2534255,119.9378286;32.2534255,119.9399519;32.1617977,119.9441983;32.2300694,119.9505681","32.2031200,119.9165962;32.1797640,119.9272124"
04,Datasets/UAV_VisLoc_dataset/04/drone/04_0583.JPG,32.1923403,119.9399519,"32.2534255,119.9378286;32.1617977,119.9441983;32.2534255,119.9399519;32.1635944,119.9441983","32.2516289,119.9250892;32.2067133,119.9229659"
04,Datasets/UAV_VisLoc_dataset/04/drone/04_0584.JPG,32.1923403,119.9399519,"32.2300694,119.9505681;32.2318660,119.9526913;32.1600011,119.9441983;32.2300694,119.9526913","32.1941369,119.9250892;32.1761707,119.9441983"
04,Datasets/UAV_VisLoc_dataset/04/drone/04_0585.JPG,32.1941369,119.9399519,"32.1510180,119.9272124;32.1528146,119.9250892;32.2300694,119.9505681;32.1546112,119.9250892","32.2228829,119.9187194;32.2049167,119.9102265"
04,Datasets/UAV_VisLoc_dataset/04/drone/04_0586.JPG,32.1941369,119.9399519,"32.1510180,119.9272124;32.2300694,119.9441983;32.1546112,119.9250892;32.2300694,119.9420751","32.2354593,119.9208427;32.1779673,119.9081032"
04,Datasets/UAV_VisLoc_dataset/04/drone/04_0587.JPG,32.1959336,119.9378286,"32.2300694,119.9441983;32.1510180,119.9272124;32.2318660,119.9526913;32.2300694,119.9505681","32.2354593,119.9357054;32.1600011,119.9314589"
04,Datasets/UAV_VisLoc_dataset/04/drone/04_0588.JPG,32.1959336,119.9378286,"32.1510180,119.9272124;32.2300694,119.9441983;32.2300694,119.9505681;32.2318660,119.9526913","32.2121032,119.9187194;32.1761707,119.9505681"
04,Datasets/UAV_VisLoc_dataset/04/drone/04_0589.JPG,32.1977302,119.9378286,"32.2300694,119.9441983;32.1510180,119.9272124;32.2300694,119.9505681;32.2264761,119.9399519","32.1510180,119.9165962;32.1546112,119.9229659"
04,Datasets/UAV_VisLoc_dataset/04/drone/04_0590.JPG,32.1977302,119.9378286,"32.1510180,119.9272124;32.2300694,119.9441983;32.2300694,119.9420751;32.2264761,119.9399519","32.2246795,119.9250892;32.1653910,119.9357054"
04,Datasets/UAV_VisLoc_dataset/04/drone/04_0591.JPG,32.1995268,119.9378286,"32.1510180,119.9272124;32.2300694,119.9441983;32.1528146,119.9314589;32.1546112,119.9250892","32.1510180,119.9441983;32.1564079,119.9505681"
04,Datasets/UAV_VisLoc_dataset/04/drone/04_0592.JPG,32.2013234,119.9378286,"32.1510180,119.9272124;32.1528146,119.9314589;32.1689842,119.9165962;32.1528146,119.9250892","32.1833572,119.9293357;32.2390525,119.9165962"
04,Datasets/UAV_VisLoc_dataset/04/drone/04_0593.JPG,32.2013234,119.9378286,"32.1510180,119.9272124;32.1528146,119.9314589;32.1528146,119.9272124;32.1689842,119.9165962","32.2031200,119.9102265;32.1725775,119.9272124"
04,Datasets/UAV_VisLoc_dataset/04/drone/04_0594.JPG,32.2031200,119.9378286,"32.1510180,119.9272124;32.1528146,119.9314589;32.1510180,119.9293357;32.1528146,119.9250892","32.2318660,119.9102265;32.2516289,119.9441983"
04,Datasets/UAV_VisLoc_dataset/04/drone/04_0595.JPG,32.2031200,119.9378286,"32.1779673,119.9059800;32.1510180,119.9293357;32.1510180,119.9272124;32.1797640,119.9059800","32.1815606,119.9399519;32.2498322,119.9208427"
04,Datasets/UAV_VisLoc_dataset/04/drone/04_0596.JPG,32.2049167,119.9378286,"32.1779673,119.9059800;32.1510180,119.9293357;32.1689842,119.9165962;32.1510180,119.9272124","32.2498322,119.9441983;32.2480356,119.9335821"
04,Datasets/UAV_VisLoc_dataset/04/drone/04_0597.JPG,32.2049167,119.9357054,"32.1689842,119.9165962;32.1779673,119.9059800;32.1510180,119.9272124;32.1510180,119.9293357","32.2138998,119.9463216;32.1671876,119.9272124"
04,Datasets/UAV_VisLoc_dataset/04/drone/04_0598.JPG,32.2067133,119.9357054,"32.2300694,119.9441983;32.1689842,119.9165962;32.1510180,119.9272124;32.2264761,119.9399519","32.2246795,119.9081032;32.2264761,119.9123497"
04,Datasets/UAV_VisLoc_dataset/04/drone/04_0599.JPG,32.2067133,119.9357054,"32.2300694,119.9441983;32.1689842,119.9165962;32.1510180,119.9272124;32.2300694,119.9420751","32.2246795,119.9441983;32.2085099,119.9059800"
04,Datasets/UAV_VisLoc_dataset/04/drone/04_0600.JPG,32.2085099,119.9357054,"32.1689842,119.9165962;32.2300694,119.9441983;32.1510180,119.9272124;32.2354593,119.9229659","32.1977302,119.9250892;32.1671876,119.9441983"
04,Datasets/UAV_VisLoc_dataset/04/drone/04_0601.JPG,32.2085099,119.9357054,"32.1689842,119.9165962;32.1510180,119.9272124;32.1510180,119.9505681;32.1528146,119.9314589","32.1635944,119.9420751;32.2031200,119.9187194"
04,Datasets/UAV_VisLoc_dataset/04/drone/04_0602.JPG,32.2103065,119.9357054,"32.1528146,119.9314589;32.2300694,119.9441983;32.1510180,119.9272124;32.1689842,119.9165962","32.2498322,119.9272124;32.1600011,119.9420751"
04,Datasets/UAV_VisLoc_dataset/04/drone/04_0603.JPG,32.2121032,119.9357054,"32.2300694,119.9441983;32.1510180,119.9272124;32.1689842,119.9165962;32.2300694,119.9420751","32.1959336,119.9463216;32.2210863,119.9399519"
04,Datasets/UAV_VisLoc_dataset/04/drone/04_0604.JPG,32.2121032,119.9357054,"32.2300694,119.9441983;32.1510180,119.9272124;32.1689842,119.9165962;32.2300694,119.9420751","32.1779673,119.9081032;32.1528146,119.9484448"
04,Datasets/UAV_VisLoc_dataset/04/drone/04_0605.JPG,32.2138998,119.9357054,"32.2300694,119.9441983;32.1510180,119.9272124;32.2300694,119.9420751;32.1689842,119.9165962","32.1653910,119.9399519;32.1600011,119.9123497"
04,Datasets/UAV_VisLoc_dataset/04/drone/04_0606.JPG,32.2138998,119.9335821,"32.1510180,119.9272124;32.2300694,119.9441983;32.2300694,119.9420751;32.1528146,119.9272124","32.2174930,119.9102265;32.2390525,119.9123497"
04,Datasets/UAV_VisLoc_dataset/04/drone/04_0607.JPG,32.2156964,119.9335821,"32.2300694,119.9441983;32.1510180,119.9272124;32.2300694,119.9420751;32.2264761,119.9399519","32.1635944,119.9272124;32.2138998,119.9484448"
04,Datasets/UAV_VisLoc_dataset/04/drone/04_0608.JPG,32.2156964,119.9335821,"32.2300694,119.9441983;32.1510180,119.9272124;32.2300694,119.9420751;32.2264761,119.9399519","32.1582045,119.9505681;32.1546112,119.9081032"
04,Datasets/UAV_VisLoc_dataset/04/drone/04_0609.JPG,32.2174930,119.9335821,"32.1510180,119.9272124;32.2300694,119.9441983;32.2300694,119.9420751;32.2264761,119.9399519","32.1959336,119.9187194;32.1923403,119.9357054"
04,Datasets/UAV_VisLoc_dataset/04/drone/04_0610.JPG,32.2174930,119.9335821,"32.1510180,119.9272124;32.2300694,119.9441983;32.2300694,119.9420751;32.1528146,119.9272124","32.2121032,119.9059800;32.2264761,119.9420751"
04,Datasets/UAV_VisLoc_dataset/04/drone/04_0611.JPG,32.2192896,119.9335821,"32.2300694,119.9441983;32.1510180,119.9272124;32.2300694,119.9420751;32.2264761,119.9399519","32.2031200,119.9463216;32.2067133,119.9357054"
04,Datasets/UAV_VisLoc_dataset/04/drone/04_0612.JPG,32.2210863,119.9335821,"32.2300694,119.9441983;32.1510180,119.9272124;32.2300694,119.9420751;32.2264761,119.9399519","32.1977302,119.9314589;32.1725775,119.9505681"
04,Datasets/UAV_VisLoc_dataset/04/drone/04_0613.JPG,32.2210863,119.9335821,"32.2300694,119.9441983;32.1510180,119.9272124;32.2300694,119.9420751;32.1689842,119.9165962","32.2516289,119.9102265;32.1869504,119.9144730"
04,Datasets/UAV_VisLoc_dataset/04/drone/04_0614.JPG,32.2228829,119.9335821,"32.2300694,119.9441983;32.1510180,119.9272124;32.1689842,119.9165962;32.2300694,119.9420751","32.2498322,119.9335821;32.1995268,119.9102265"
04,Datasets/UAV_VisLoc_dataset/04/drone/04_0615.JPG,32.2228829,119.9335821,"32.2300694,119.9441983;32.1510180,119.9272124;32.1689842,119.9165962;32.2300694,119.9420751","32.1635944,119.9165962;32.1977302,119.9102265"
04,Datasets/UAV_VisLoc_dataset/04/drone/04_0616.JPG,32.2246795,119.9314589,"32.1510180,119.9272124;32.2300694,119.9441983;32.2300694,119.9420751;32.1546112,119.9250892","32.2480356,119.9463216;32.1635944,119.9250892"
04,Datasets/UAV_VisLoc_dataset/04/drone/04_0617.JPG,32.2246795,119.9314589,"32.1510180,119.9272124;32.2300694,119.9441983;32.2300694,119.9420751;32.1528146,119.9272124","32.1941369,119.9208427;32.1815606,119.9250892"
04,Datasets/UAV_VisLoc_dataset/04/drone/04_0618.JPG,32.2264761,119.9314589,"32.1510180,119.9272124;32.2300694,119.9441983;32.2300694,119.9420751;32.1546112,119.9250892","32.2534255,119.9526913;32.2408491,119.9484448"
04,Datasets/UAV_VisLoc_dataset/04/drone/04_0619.JPG,32.2264761,119.9314589,"32.1510180,119.9272124;32.2300694,119.9441983;32.2300694,119.9420751;32.2264761,119.9399519","32.1833572,119.9187194;32.2210863,119.9229659"
04,Datasets/UAV_VisLoc_dataset/04/drone/04_0620.JPG,32.2282728,119.9314589,"32.1510180,119.9272124;32.1546112,119.9250892;32.1528146,119.9250892;32.2300694,119.9420751","32.1564079,119.9229659;32.2462390,119.9399519"
04,Datasets/UAV_VisLoc_dataset/04/drone/04_0621.JPG,32.2282728,119.9314589,"32.2300694,119.9441983;32.1510180,119.9272124;32.2300694,119.9420751;32.2264761,119.9399519","32.1528146,119.9229659;32.1959336,119.9399519"
04,Datasets/UAV_VisLoc_dataset/04/drone/04_0622.JPG,32.2300694,119.9314589,"32.2300694,119.9441983;32.1510180,119.9272124;32.1510180,119.9208427;32.2300694,119.9420751","32.1564079,119.9484448;32.1815606,119.9293357"
04,Datasets/UAV_VisLoc_dataset/04/drone/04_0623.JPG,32.2318660,119.9314589,"32.2300694,119.9441983;32.1510180,119.9208427;32.2300694,119.9420751;32.1510180,119.9272124","32.2480356,119.9208427;32.2336626,119.9081032"
04,Datasets/UAV_VisLoc_dataset/04/drone/04_0624.JPG,32.2318660,119.9314589,"32.2300694,119.9441983;32.1510180,119.9208427;32.2300694,119.9420751;32.1510180,119.9272124","32.2013234,119.9526913;32.2031200,119.9441983"
04,Datasets/UAV_VisLoc_dataset/04/drone/04_0625.JPG,32.2336626,119.9293357,"32.2300694,119.9441983;32.1689842,119.9165962;32.1510180,119.9272124;32.2300694,119.9420751","32.1923403,119.9420751;32.2103065,119.9335821"
04,Datasets/UAV_VisLoc_dataset/04/drone/04_0626.JPG,32.2336626,119.9293357,"32.2300694,119.9441983;32.1510180,119.9272124;32.1546112,119.9250892;32.2300694,119.9420751","32.1564079,119.9293357;32.1977302,119.9293357"
04,Datasets/UAV_VisLoc_dataset/04/drone/04_0627.JPG,32.2354593,119.9293357,"32.2300694,119.9441983;32.1510180,119.9272124;32.1546112,119.9250892;32.1528146,119.9250892","32.2408491,119.9144730;32.2228829,119.9144730"
04,Datasets/UAV_VisLoc_dataset/04/drone/04_0628.JPG,32.2354593,119.9293357,"32.1510180,119.9272124;32.2300694,119.9441983;32.1546112,119.9250892;32.1528146,119.9250892","32.1600011,119.9187194;32.1582045,119.9378286"
04,Datasets/UAV_VisLoc_dataset/04/drone/04_0629.JPG,32.2372559,119.9293357,"32.2300694,119.9441983;32.1510180,119.9272124;32.1689842,119.9165962;32.2300694,119.9420751","32.1815606,119.9463216;32.1797640,119.9526913"
04,Datasets/UAV_VisLoc_dataset/04/drone/04_0630.JPG,32.2372559,119.9293357,"32.2300694,119.9441983;32.1689842,119.9165962;32.1582045,119.9463216;32.1510180,119.9272124","32.2516289,119.9272124;32.1923403,119.9378286"
04,Datasets/UAV_VisLoc_dataset/04/drone/04_0631.JPG,32.2390525,119.9293357,"32.2300694,119.9441983;32.1510180,119.9272124;32.1510180,119.9208427;32.2300694,119.9420751","32.2192896,119.9357054;32.1635944,119.9420751"
04,Datasets/UAV_VisLoc_dataset/04/drone/04_0632.JPG,32.2408491,119.9293357,"32.2300694,119.9441983;32.1689842,119.9165962;32.1510180,119.9272124;32.1510180,119.9208427","32.2085099,119.9526913;32.2049167,119.9059800"
04,Datasets/UAV_VisLoc_dataset/04/drone/04_0633.JPG,32.2408491,119.9293357,"32.1510180,119.9208427;32.2300694,119.9441983;32.2300694,119.9399519;32.2300694,119.9420751","32.2462390,119.9505681;32.2336626,119.9144730"
04,Datasets/UAV_VisLoc_dataset/04/drone/04_0634.JPG,32.2426457,119.9293357,"32.2300694,119.9441983;32.1510180,119.9208427;32.1689842,119.9165962;32.1510180,119.9272124","32.1600011,119.9059800;32.2336626,119.9208427"
04,Datasets/UAV_VisLoc_dataset/04/drone/04_0635.JPG,32.2426457,119.9272124,"32.2300694,119.9441983;32.1510180,119.9208427;32.2300694,119.9399519;32.2300694,119.9420751","32.2067133,119.9335821;32.1995268,119.9357054"
04,Datasets/UAV_VisLoc_dataset/04/drone/04_0636.JPG,32.2444424,119.9272124,"32.2300694,119.9441983;32.1510180,119.9272124;32.2300694,119.9420751;32.2300694,119.9399519","32.2462390,119.9526913;32.1564079,119.9378286"
04,Datasets/UAV_VisLoc_dataset/04/drone/04_0637.JPG,32.2444424,119.9272124,"32.2300694,119.9441983;32.1510180,119.9272124;32.2264761,119.9399519;32.1510180,119.9208427","32.2174930,119.9463216;32.1761707,119.9526913"
04,Datasets/UAV_VisLoc_dataset/04/drone/04_0638.JPG,32.2462390,119.9272124,"32.2300694,119.9441983;32.1689842,119.9165962;32.1510180,119.9272124;32.2264761,119.9399519","32.1743741,119.9165962;32.1582045,119.9229659"
04,Datasets/UAV_VisLoc_dataset/04/drone/04_0639.JPG,32.2462390,119.9272124,"32.2300694,119.9441983;32.1689842,119.9165962;32.1510180,119.9208427;32.1510180,119.9272124","32.1689842,119.9165962;32.1869504,119.9059800"
04,Datasets/UAV_VisLoc_dataset/04/drone/04_0640.JPG,32.2480356,119.9272124,"32.1689842,119.9165962;32.2300694,119.9441983;32.1510180,119.9272124;32.1510180,119.9208427","32.1833572,119.9208427;32.2013234,119.9463216"
04,Datasets/UAV_VisLoc_dataset/04/drone/04_0641.JPG,32.2480356,119.9272124,"32.1510180,119.9272124;32.1689842,119.9165962;32.2300694,119.9441983;32.2300694,119.9420751","32.2300694,119.9250892;32.2372559,119.9335821"
04,Datasets/UAV_VisLoc_dataset/04/drone/04_0642.JPG,32.2498322,119.9272124,"32.1600011,119.9441983;32.2300694,119.9505681;32.1528146,119.9229659;32.1510180,119.9272124","32.2013234,119.9441983;32.2390525,119.9484448"
04,Datasets/UAV_VisLoc_dataset/04/drone/04_0643.JPG,32.2516289,119.9272124,"32.2534255,119.9378286;32.2534255,119.9399519;32.2408491,119.9526913;32.2516289,119.9378286","32.1833572,119.9463216;32.2246795,119.9123497"
04,Datasets/UAV_VisLoc_dataset/04/drone/04_0644.JPG,32.2516289,119.9293357,"32.1617977,119.9441983;32.1600011,119.9441983;32.2300694,119.9505681;32.2444424,119.9250892","32.1653910,119.9420751;32.1869504,119.9420751"
04,Datasets/UAV_VisLoc_dataset/04/drone/04_0645.JPG,32.2498322,119.9293357,"32.1600011,119.9441983;32.2534255,119.9378286;32.2300694,119.9505681;32.1617977,119.9441983","32.1600011,119.9399519;32.2192896,119.9378286"
04,Datasets/UAV_VisLoc_dataset/04/drone/04_0646.JPG,32.2498322,119.9293357,"32.2534255,119.9378286;32.2534255,119.9399519;32.1600011,119.9441983;32.2300694,119.9505681","32.1941369,119.9484448;32.2174930,119.9081032"
04,Datasets/UAV_VisLoc_dataset/04/drone/04_0647.JPG,32.2480356,119.9293357,"32.2534255,119.9378286;32.1600011,119.9441983;32.2534255,119.9399519;32.1510180,119.9505681","32.2282728,119.9378286;32.1635944,119.9314589"
04,Datasets/UAV_VisLoc_dataset/04/drone/04_0648.JPG,32.2480356,119.9293357,"32.2534255,119.9378286;32.1600011,119.9441983;32.2534255,119.9399519;32.1617977,119.9441983","32.2264761,119.9208427;32.2372559,119.9165962"
04,Datasets/UAV_VisLoc_dataset/04/drone/04_0649.JPG,32.2462390,119.9314589,"32.1600011,119.9441983;32.2300694,119.9505681;32.2534255,119.9378286;32.1617977,119.9441983","32.2372559,119.9378286;32.1887471,119.9272124"
04,Datasets/UAV_VisLoc_dataset/04/drone/04_0650.JPG,32.2462390,119.9314589,"32.1617977,119.9441983;32.2534255,119.9378286;32.1635944,119.9463216;32.1600011,119.9441983","32.2013234,119.9357054;32.1617977,119.9208427"
04,Datasets/UAV_VisLoc_dataset/04/drone/04_0651.JPG,32.2444424,119.9314589,"32.1510180,119.9505681;32.2534255,119.9378286;32.1617977,119.9441983;32.1600011,119.9441983","32.1528146,119.9187194;32.1546112,119.9102265"
04,Datasets/UAV_VisLoc_dataset/04/drone/04_0652.JPG,32.2426457,119.9314589,"32.1510180,119.9293357;32.1510180,119.9505681;32.1689842,119.9165962;32.1779673,119.9059800","32.1995268,119.9059800;32.1689842,119.9505681"
04,Datasets/UAV_VisLoc_dataset/04/drone/04_0653.JPG,32.2426457,119.9314589,"32.1510180,119.9293357;32.1689842,119.9165962;32.1779673,119.9059800;32.1510180,119.9505681","32.1851538,119.9272124;32.2049167,119.9463216"
04,Datasets/UAV_VisLoc_dataset/04/drone/04_0654.JPG,32.2408491,119.9314589,"32.1689842,119.9165962;32.1510180,119.9293357;32.1510180,119.9505681;32.2318660,119.9420751","32.2462390,119.9505681;32.1977302,119.9165962"
04,Datasets/UAV_VisLoc_dataset/04/drone/04_0655.JPG,32.2408491,119.9314589,"32.1689842,119.9165962;32.1510180,119.9505681;32.2300694,119.9441983;32.1510180,119.9272124","32.2156964,119.9526913;32.1671876,119.9293357"
04,Datasets/UAV_VisLoc_dataset/04/drone/04_0656.JPG,32.2390525,119.9314589,"32.1510180,119.9505681;32.2300694,119.9441983;32.1689842,119.9165962;32.1510180,119.9272124","32.1815606,119.9229659;32.2354593,119.9505681"
04,Datasets/UAV_VisLoc_dataset/04/drone/04_0657.JPG,32.2390525,119.9314589,"32.1510180,119.9505681;32.2300694,119.9441983;32.1689842,119.9165962;32.1582045,119.9463216","32.1833572,119.9484448;32.1779673,119.9059800"
04,Datasets/UAV_VisLoc_dataset/04/drone/04_0658.JPG,32.2372559,119.9335821,"32.2300694,119.9441983;32.1510180,119.9272124;32.1546112,119.9250892;32.1510180,119.9505681","32.2085099,119.9335821;32.2372559,119.9526913"
04,Datasets/UAV_VisLoc_dataset/04/drone/04_0659.JPG,32.2372559,119.9335821,"32.2300694,119.9505681;32.1528146,119.9250892;32.1546112,119.9250892;32.1528146,119.9229659","32.2174930,119.9357054;32.1815606,119.9123497"
04,Datasets/UAV_VisLoc_dataset/04/drone/04_0660.JPG,32.2354593,119.9335821,"32.2300694,119.9505681;32.1528146,119.9250892;32.1528146,119.9229659;32.2318660,119.9526913","32.2174930,119.9484448;32.2067133,119.9526913"
04,Datasets/UAV_VisLoc_dataset/04/drone/04_0661.JPG,32.2354593,119.9335821,"32.2300694,119.9505681;32.1528146,119.9250892;32.2318660,119.9526913;32.1528146,119.9229659","32.1887471,119.9399519;32.2138998,119.9187194"
04,Datasets/UAV_VisLoc_dataset/04/drone/04_0662.JPG,32.2336626,119.9335821,"32.2300694,119.9505681;32.1528146,119.9250892;32.2300694,119.9484448;32.1528146,119.9229659","32.1941369,119.9102265;32.1869504,119.9208427"
04,Datasets/UAV_VisLoc_dataset/04/drone/04_0663.JPG,32.2318660,119.9335821,"32.2300694,119.9505681;32.1528146,119.9229659;32.1528146,119.9250892;32.1546112,119.9250892","32.2013234,119.9441983;32.2444424,119.9102265"
04,Datasets/UAV_VisLoc_dataset/04/drone/04_0664.JPG,32.2318660,119.9335821,"32.2300694,119.9441983;32.2300694,119.9420751;32.1510180,119.9272124;32.1528146,119.9229659","32.2408491,119.9102265;32.2408491,119.9420751"
04,Datasets/UAV_VisLoc_dataset/04/drone/04_0665.JPG,32.2300694,119.9335821,"32.2300694,119.9441983;32.1510180,119.9272124;32.2300694,119.9420751;32.2264761,119.9399519","32.1653910,119.9484448;32.1851538,119.9463216"
04,Datasets/UAV_VisLoc_dataset/04/drone/04_0666.JPG,32.2300694,119.9335821,"32.2300694,119.9420751;32.2300694,119.9441983;32.1510180,119.9272124;32.2300694,119.9399519","32.2210863,119.9399519;32.1923403,119.9123497"
04,Datasets/UAV_VisLoc_dataset/04/drone/04_0667.JPG,32.2282728,119.9335821,"32.2300694,119.9420751;32.1510180,119.9272124;32.2354593,119.9229659;32.2300694,119.9441983","32.1510180,119.9314589;32.2138998,119.9505681"
04,Datasets/UAV_VisLoc_dataset/04/drone/04_0668.JPG,32.2282728,119.9357054,"32.2300694,119.9420751;32.2300694,119.9441983;32.2300694,119.9399519;32.1510180,119.9272124","32.1941369,119.9441983;32.2013234,119.9357054"
04,Datasets/UAV_VisLoc_dataset/04/drone/04_0669.JPG,32.2264761,119.9357054,"32.2300694,119.9420751;32.2300694,119.9441983;32.1510180,119.9272124;32.2300694,119.9399519","32.1528146,119.9441983;32.2498322,119.9272124"
04,Datasets/UAV_VisLoc_dataset/04/drone/04_0670.JPG,32.2264761,119.9357054,"32.2300694,119.9420751;32.2300694,119.9441983;32.2300694,119.9399519;32.2336626,119.9187194","32.2408491,119.9399519;32.1635944,119.9314589"
04,Datasets/UAV_VisLoc_dataset/04/drone/04_0671.JPG,32.2246795,119.9357054,"32.2336626,119.9187194;32.2300694,119.9420751;32.2354593,119.9229659;32.2300694,119.9441983","32.2462390,119.9399519;32.2156964,119.9229659"
04,Datasets/UAV_VisLoc_dataset/04/drone/04_0672.JPG,32.2246795,119.9357054,"32.2336626,119.9187194;32.2318660,119.9314589;32.2300694,119.9420751;32.2354593,119.9229659","32.2013234,119.9144730;32.1707808,119.9081032"
04,Datasets/UAV_VisLoc_dataset/04/drone/04_0673.JPG,32.2228829,119.9357054,"32.2300694,119.9420751;32.2354593,119.9229659;32.2300694,119.9441983;32.2300694,119.9399519","32.2192896,119.9081032;32.2516289,119.9102265"
04,Datasets/UAV_VisLoc_dataset/04/drone/04_0674.JPG,32.2210863,119.9357054,"32.2300694,119.9420751;32.2300694,119.9441983;32.2354593,119.9229659;32.2300694,119.9399519","32.2480356,119.9357054;32.2480356,119.9526913"
04,Datasets/UAV_VisLoc_dataset/04/drone/04_0675.JPG,32.2210863,119.9357054,"32.1510180,119.9208427;32.2300694,119.9441983;32.2300694,119.9420751;32.2318660,119.9314589","32.1635944,119.9441983;32.1923403,119.9526913"
04,Datasets/UAV_VisLoc_dataset/04/drone/04_0676.JPG,32.2192896,119.9357054,"32.2300694,119.9420751;32.1510180,119.9272124;32.2300694,119.9441983;32.1510180,119.9208427","32.1635944,119.9314589;32.2426457,119.9229659"
04,Datasets/UAV_VisLoc_dataset/04/drone/04_0677.JPG,32.2192896,119.9357054,"32.1510180,119.9272124;32.2300694,119.9420751;32.2300694,119.9441983;32.1528146,119.9272124","32.2228829,119.9526913;32.1743741,119.9123497"
04,Datasets/UAV_VisLoc_dataset/04/drone/04_0678.JPG,32.2174930,119.9378286,"32.2300694,119.9441983;32.2300694,119.9420751;32.1510180,119.9272124;32.1510180,119.9208427","32.1528146,119.9314589;32.2156964,119.9250892"
04,Datasets/UAV_VisLoc_dataset/04/drone/04_0679.JPG,32.2174930,119.9378286,"32.2300694,119.9441983;32.1510180,119.9272124;32.2246795,119.9420751;32.2300694,119.9420751","32.2282728,119.9463216;32.2408491,119.9314589"
04,Datasets/UAV_VisLoc_dataset/04/drone/04_0680.JPG,32.2156964,119.9378286,"32.1510180,119.9272124;32.2300694,119.9441983;32.2300694,119.9420751;32.2246795,119.9420751","32.2390525,119.9463216;32.1582045,119.9081032"
04,Datasets/UAV_VisLoc_dataset/04/drone/04_0681.JPG,32.2156964,119.9378286,"32.1510180,119.9272124;32.2300694,119.9441983;32.2300694,119.9420751;32.2264761,119.9399519","32.1617977,119.9059800;32.1582045,119.9144730"
04,Datasets/UAV_VisLoc_dataset/04/drone/04_0682.JPG,32.2138998,119.9378286,"32.1510180,119.9272124;32.2300694,119.9441983;32.1546112,119.9250892;32.2300694,119.9420751","32.1977302,119.9144730;32.2192896,119.9102265"
04,Datasets/UAV_VisLoc_dataset/04/drone/04_0683.JPG,32.2121032,119.9378286,"32.1510180,119.9272124;32.1546112,119.9250892;32.2300694,119.9441983;32.1528146,119.9314589","32.1564079,119.9420751;32.2013234,119.9441983"
04,Datasets/UAV_VisLoc_dataset/04/drone/04_0684.JPG,32.2121032,119.9378286,"32.1779673,119.9059800;32.1689842,119.9165962;32.1707808,119.9165962;32.1779673,119.9081032","32.2013234,119.9357054;32.1941369,119.9081032"
04,Datasets/UAV_VisLoc_dataset/04/drone/04_0685.JPG,32.2103065,119.9378286,"32.1761707,119.9059800;32.1779673,119.9059800;32.1797640,119.9059800;32.1815606,119.9059800","32.2444424,119.9484448;32.1546112,119.9399519"
04,Datasets/UAV_VisLoc_dataset/04/drone/04_0686.JPG,32.2103065,119.9378286,"32.1779673,119.9059800;32.1779673,119.9081032;32.1707808,119.9165962;32.1797640,119.9059800","32.2354593,119.9420751;32.2354593,119.9505681"
04,Datasets/UAV_VisLoc_dataset/04/drone/04_0687.JPG,32.2085099,119.9399519,"32.1797640,119.9059800;32.1761707,119.9059800;32.1815606,119.9059800;32.1779673,119.9059800","32.1869504,119.9102265;32.2013234,119.9081032"
04,Datasets/UAV_VisLoc_dataset/04/drone/04_0688.JPG,32.2085099,119.9399519,"32.1528146,119.9314589;32.1510180,119.9314589;32.1510180,119.9293357;32.1510180,119.9505681","32.2426457,119.9123497;32.1995268,119.9335821"
04,Datasets/UAV_VisLoc_dataset/04/drone/04_0689.JPG,32.2067133,119.9399519,"32.2300694,119.9441983;32.1510180,119.9272124;32.1528146,119.9314589;32.1510180,119.9505681","32.1600011,119.9293357;32.2336626,119.9293357"
04,Datasets/UAV_VisLoc_dataset/04/drone/04_0690.JPG,32.2067133,119.9399519,"32.1510180,119.9272124;32.2300694,119.9441983;32.2300694,119.9420751;32.2264761,119.9399519","32.2534255,119.9463216;32.1635944,119.9208427"
04,Datasets/UAV_VisLoc_dataset/04/drone/04_0691.JPG,32.2049167,119.9399519,"32.1510180,119.9272124;32.2300694,119.9441983;32.1689842,119.9165962;32.2300694,119.9420751","32.2067133,119.9187194;32.2013234,119.9272124"
04,Datasets/UAV_VisLoc_dataset/04/drone/04_0692.JPG,32.2031200,119.9399519,"32.1510180,119.9272124;32.1689842,119.9165962;32.2300694,119.9441983;32.2300694,119.9420751","32.1977302,119.9059800;32.1797640,119.9229659"
04,Datasets/UAV_VisLoc_dataset/04/drone/04_0693.JPG,32.2031200,119.9399519,"32.1510180,119.9272124;32.2300694,119.9441983;32.1528146,119.9314589;32.1689842,119.9165962","32.1725775,119.9378286;32.1923403,119.9441983"
04,Datasets/UAV_VisLoc_dataset/04/drone/04_0694.JPG,32.2013234,119.9399519,"32.1510180,119.9272124;32.1528146,119.9314589;32.2300694,119.9441983;32.1510180,119.9293357","32.1564079,119.9293357;32.2336626,119.9229659"
04,Datasets/UAV_VisLoc_dataset/04/drone/04_0695.JPG,32.2013234,119.9399519,"32.1510180,119.9272124;32.2300694,119.9441983;32.1528146,119.9314589;32.2300694,119.9420751","32.1564079,119.9102265;32.1564079,119.9314589"
04,Datasets/UAV_VisLoc_dataset/04/drone/04_0696.JPG,32.1995268,119.9399519,"32.1510180,119.9272124;32.2300694,119.9441983;32.1528146,119.9314589;32.2300694,119.9420751","32.2408491,119.9229659;32.1779673,119.9272124"
04,Datasets/UAV_VisLoc_dataset/04/drone/04_0697.JPG,32.1995268,119.9399519,"32.1510180,119.9272124;32.2300694,119.9441983;32.1689842,119.9165962;32.2300694,119.9420751","32.1833572,119.9357054;32.1761707,119.9505681"
04,Datasets/UAV_VisLoc_dataset/04/drone/04_0698.JPG,32.1977302,119.9399519,"32.1510180,119.9272124;32.2300694,119.9441983;32.1689842,119.9165962;32.1510180,119.9505681","32.1887471,119.9526913;32.1600011,119.9526913"
04,Datasets/UAV_VisLoc_dataset/04/drone/04_0699.JPG,32.1977302,119.9399519,"32.2300694,119.9441983;32.1653910,119.9399519;32.1510180,119.9272124;32.1510180,119.9505681","32.1653910,119.9250892;32.1851538,119.9165962"
04,Datasets/UAV_VisLoc_dataset/04/drone/04_0700.JPG,32.1959336,119.9399519,"32.1653910,119.9420751;32.1653910,119.9399519;32.2372559,119.9250892;32.1653910,119.9441983","32.2228829,119.9229659;32.1582045,119.9399519"
04,Datasets/UAV_VisLoc_dataset/04/drone/04_0701.JPG,32.1959336,119.9399519,"32.1653910,119.9420751;32.1671876,119.9420751;32.2516289,119.9123497;32.1653910,119.9399519","32.2426457,119.9208427;32.2246795,119.9144730"
04,Datasets/UAV_VisLoc_dataset/04/drone/04_0702.JPG,32.1941369,119.9420751,"32.1653910,119.9420751;32.1653910,119.9399519;32.1671876,119.9420751;32.1671876,119.9399519","32.1959336,119.9144730;32.2372559,119.9165962"
04,Datasets/UAV_VisLoc_dataset/04/drone/04_0703.JPG,32.1923403,119.9420751,"32.1510180,119.9272124;32.1528146,119.9250892;32.1653910,119.9399519;32.1546112,119.9250892","32.2121032,119.9102265;32.1671876,119.9441983"
04,Datasets/UAV_VisLoc_dataset/04/drone/04_0704.JPG,32.1923403,119.9420751,"32.2300694,119.9505681;32.1528146,119.9250892;32.2318660,119.9526913;32.1510180,119.9272124","32.2534255,119.9123497;32.2444424,119.9314589"
04,Datasets/UAV_VisLoc_dataset/04/drone/04_0705.JPG,32.1905437,119.9420751,"32.2300694,119.9505681;32.2318660,119.9526913;32.1528146,119.9250892;32.1600011,119.9441983","32.2300694,119.9144730;32.1743741,119.9314589"
04,Datasets/UAV_VisLoc_dataset/04/drone/04_0706.JPG,32.1905437,119.9420751,"32.2534255,119.9378286;32.2534255,119.9399519;32.2300694,119.9505681;32.1635944,119.9441983","32.1653910,119.9165962;32.2121032,119.9102265"
04,Datasets/UAV_VisLoc_dataset/04/drone/04_0707.JPG,32.1887471,119.9420751,"32.2534255,119.9378286;32.2534255,119.9399519;32.1635944,119.9441983;32.1617977,119.9441983","32.1995268,119.9357054;32.1833572,119.9123497"
04,Datasets/UAV_VisLoc_dataset/04/drone/04_0708.JPG,32.1887471,119.9420751,"32.2534255,119.9378286;32.2534255,119.9399519;32.2534255,119.9420751;32.1653910,119.9441983","32.1995268,119.9272124;32.1510180,119.9229659"
04,Datasets/UAV_VisLoc_dataset/04/drone/04_0709.JPG,32.1869504,119.9420751,"32.1653910,119.9441983;32.2534255,119.9420751;32.2534255,119.9399519;32.2534255,119.9378286","32.1815606,119.9293357;32.2138998,119.9505681"
04,Datasets/UAV_VisLoc_dataset/04/drone/04_0710.JPG,32.1869504,119.9420751,"32.2318660,119.9526913;32.1653910,119.9441983;32.2300694,119.9505681;32.2372559,119.9250892","32.1689842,119.9165962;32.2300694,119.9526913"
04,Datasets/UAV_VisLoc_dataset/04/drone/04_0711.JPG,32.1851538,119.9441983,"32.2372559,119.9250892;32.1653910,119.9399519;32.2300694,119.9505681;32.2318660,119.9526913","32.2426457,119.9314589;32.1546112,119.9144730"
04,Datasets/UAV_VisLoc_dataset/04/drone/04_0712.JPG,32.1851538,119.9441983,"32.2300694,119.9505681;32.2426457,119.9081032;32.2318660,119.9526913;32.2534255,119.9505681","32.2426457,119.9250892;32.1600011,119.9314589"
04,Datasets/UAV_VisLoc_dataset/04/drone/04_0713.JPG,32.1833572,119.9441983,"32.1653910,119.9441983;32.2300694,119.9505681;32.2318660,119.9526913;32.2444424,119.9081032","32.1887471,119.9059800;32.1528146,119.9123497"
04,Datasets/UAV_VisLoc_dataset/04/drone/04_0714.JPG,32.1815606,119.9441983,"32.1653910,119.9441983;32.2534255,119.9102265;32.1653910,119.9420751;32.2516289,119.9102265","32.2300694,119.9399519;32.2246795,119.9335821"
04,Datasets/UAV_VisLoc_dataset/04/drone/04_0715.JPG,32.1815606,119.9441983,"32.1653910,119.9441983;32.2534255,119.9399519;32.2462390,119.9250892;32.2534255,119.9420751","32.1887471,119.9081032;32.2480356,119.9357054"
04,Datasets/UAV_VisLoc_dataset/04/drone/04_0716.JPG,32.1797640,119.9441983,"32.2300694,119.9505681;32.1510180,119.9272124;32.1528146,119.9250892;32.2318660,119.9526913","32.1546112,119.9059800;32.2246795,119.9123497"
04,Datasets/UAV_VisLoc_dataset/04/drone/04_0717.JPG,32.1797640,119.9441983,"32.1510180,119.9272124;32.2300694,119.9505681;32.2318660,119.9526913;32.2300694,119.9441983","32.2192896,119.9208427;32.2103065,119.9463216"
04,Datasets/UAV_VisLoc_dataset/04/drone/04_0718.JPG,32.1779673,119.9441983,"32.2300694,119.9505681;32.1743741,119.9484448;32.2318660,119.9526913;32.1743741,119.9420751","32.1528146,119.9505681;32.1528146,119.9357054"
04,Datasets/UAV_VisLoc_dataset/04/drone/04_0719.JPG,32.1779673,119.9441983,"32.2300694,119.9505681;32.2318660,119.9526913;32.1743741,119.9484448;32.1743741,119.9420751","32.2534255,119.9272124;32.2174930,119.9526913"
04,Datasets/UAV_VisLoc_dataset/04/drone/04_0720.JPG,32.1761707,119.9441983,"32.1653910,119.9399519;32.2372559,119.9250892;32.1510180,119.9272124;32.1653910,119.9420751","32.2480356,119.9335821;32.1851538,119.9208427"
04,Datasets/UAV_VisLoc_dataset/04/drone/04_0721.JPG,32.1761707,119.9463216,"32.1510180,119.9272124;32.1689842,119.9165962;32.2372559,119.9250892;32.2300694,119.9441983","32.1528146,119.9378286;32.2444424,119.9335821"
04,Datasets/UAV_VisLoc_dataset/04/drone/04_0722.JPG,32.1743741,119.9463216,"32.1510180,119.9272124;32.1689842,119.9165962;32.1528146,119.9250892;32.2318660,119.9526913","32.2336626,119.9335821;32.1582045,119.9208427"
04,Datasets/UAV_VisLoc_dataset/04/drone/04_0723.JPG,32.1743741,119.9463216,"32.2300694,119.9505681;32.2318660,119.9526913;32.1528146,119.9250892;32.1510180,119.9272124","32.1995268,119.9484448;32.2031200,119.9059800"
04,Datasets/UAV_VisLoc_dataset/04/drone/04_0724.JPG,32.1725775,119.9463216,"32.2300694,119.9505681;32.2318660,119.9526913;32.1528146,119.9250892;32.1743741,119.9484448","32.1510180,119.9229659;32.1905437,119.9165962"
04,Datasets/UAV_VisLoc_dataset/04/drone/04_0725.JPG,32.1707808,119.9463216,"32.2300694,119.9505681;32.2318660,119.9526913;32.1743741,119.9484448;32.1743741,119.9420751","32.1833572,119.9463216;32.2282728,119.9144730"
04,Datasets/UAV_VisLoc_dataset/04/drone/04_0726.JPG,32.1707808,119.9463216,"32.1743741,119.9420751;32.1600011,119.9463216;32.1743741,119.9484448;32.1725775,119.9378286","32.2336626,119.9335821;32.1600011,119.9081032"
04,Datasets/UAV_VisLoc_dataset/04/drone/04_0727.JPG,32.1689842,119.9463216,"32.1743741,119.9420751;32.1600011,119.9463216;32.1743741,119.9484448;32.1725775,119.9378286","32.1941369,119.9272124;32.2174930,119.9081032"
04,Datasets/UAV_VisLoc_dataset/04/drone/04_0728.JPG,32.1689842,119.9463216,"32.1743741,119.9420751;32.1743741,119.9484448;32.1600011,119.9463216;32.2300694,119.9505681","32.2031200,119.9314589;32.1869504,119.9081032"
04,Datasets/UAV_VisLoc_dataset/04/drone/04_0729.JPG,32.1671876,119.9463216,"32.1743741,119.9420751;32.1743741,119.9484448;32.2300694,119.9505681;32.1600011,119.9463216","32.2354593,119.9463216;32.2516289,119.9102265"
04,Datasets/UAV_VisLoc_dataset/04/drone/04_0730.JPG,32.1671876,119.9484448,"32.1510180,119.9272124;32.2300694,119.9505681;32.1528146,119.9250892;32.2318660,119.9526913","32.2049167,119.9335821;32.1995268,119.9293357"
04,Datasets/UAV_VisLoc_dataset/04/drone/04_0731.JPG,32.1653910,119.9484448,"32.1510180,119.9272124;32.2300694,119.9505681;32.1528146,119.9250892;32.2318660,119.9526913","32.2013234,119.9378286;32.2103065,119.9187194"
04,Datasets/UAV_VisLoc_dataset/04/drone/04_0732.JPG,32.1653910,119.9484448,"32.1510180,119.9272124;32.1528146,119.9250892;32.1528146,119.9272124;32.1546112,119.9250892","32.1923403,119.9314589;32.2103065,119.9208427"
04,Datasets/UAV_VisLoc_dataset/04/drone/04_0733.JPG,32.1635944,119.9484448,"32.1510180,119.9272124;32.2300694,119.9505681;32.2318660,119.9526913;32.1528146,119.9250892","32.1977302,119.9378286;32.2354593,119.9208427"
04,Datasets/UAV_VisLoc_dataset/04/drone/04_0734.JPG,32.1635944,119.9484448,"32.1510180,119.9272124;32.2300694,119.9505681;32.2318660,119.9526913;32.1743741,119.9484448","32.2444424,119.9526913;32.1977302,119.9272124"
04,Datasets/UAV_VisLoc_dataset/04/drone/04_0735.JPG,32.1617977,119.9484448,"32.1743741,119.9420751;32.1743741,119.9484448;32.2300694,119.9505681;32.1600011,119.9463216","32.2480356,119.9144730;32.1833572,119.9463216"
04,Datasets/UAV_VisLoc_dataset/04/drone/04_0736.JPG,32.1600011,119.9484448,"32.2426457,119.9081032;32.1653910,119.9441983;32.2534255,119.9505681;32.1743741,119.9484448","32.1995268,119.9123497;32.1833572,119.9250892"
04,Datasets/UAV_VisLoc_dataset/04/drone/04_0737.JPG,32.1600011,119.9484448,"32.1653910,119.9441983;32.2426457,119.9081032;32.2534255,119.9505681;32.2534255,119.9102265","32.2246795,119.9357054;32.1617977,119.9059800"
04,Datasets/UAV_VisLoc_dataset/04/drone/04_0738.JPG,32.1582045,119.9484448,"32.1653910,119.9441983;32.2300694,119.9441983;32.2300694,119.9505681;32.2426457,119.9081032","32.2444424,119.9357054;32.2103065,119.9441983"
08,Datasets/UAV_VisLoc_dataset/08/drone/08_0001.JPG,30.9448433,120.1448664,"30.9394534,120.1888481;30.9430467,120.1909424;30.9430467,120.1972255;30.9412501,120.1888481","30.9322670,120.2370184;30.9107075,120.2286409"
08,Datasets/UAV_VisLoc_dataset/08/drone/08_0002.JPG,30.9448433,120.1448664,"30.9466399,120.1993199;30.9430467,120.1888481;30.9466399,120.1972255;30.9430467,120.1909424","30.9322670,120.1720932;30.9125041,120.1658101"
08,Datasets/UAV_VisLoc_dataset/08/drone/08_0003.JPG,30.9448433,120.1469608,"30.9466399,120.1993199;30.9430467,120.1888481;30.9466399,120.1972255;30.9466399,120.1951311","30.9376568,120.1385834;30.9340636,120.2453958"
08,Datasets/UAV_VisLoc_dataset/08/drone/08_0004.JPG,30.9448433,120.1469608,"30.9394534,120.1888481;30.9430467,120.1909424;30.9466399,120.1951311;30.9430467,120.1972255","30.9232838,120.2516789;30.9286737,120.2349240"
08,Datasets/UAV_VisLoc_dataset/08/drone/08_0005.JPG,30.9448433,120.1469608,"30.9466399,120.1951311;30.9466399,120.1972255;30.9430467,120.1888481;30.9466399,120.1993199","30.9466399,120.2328297;30.9286737,120.1574326"
08,Datasets/UAV_VisLoc_dataset/08/drone/08_0006.JPG,30.9448433,120.1469608,"30.9466399,120.1951311;30.9466399,120.1972255;30.9430467,120.1888481;30.9448433,120.1972255","30.9448433,120.2265466;30.9394534,120.2370184"
08,Datasets/UAV_VisLoc_dataset/08/drone/08_0007.JPG,30.9448433,120.1469608,"30.9466399,120.1951311;30.9466399,120.1972255;30.9430467,120.1888481;30.9448433,120.1972255","30.9178940,120.2370184;30.9286737,120.2118860"
08,Datasets/UAV_VisLoc_dataset/08/drone/08_0008.JPG,30.9448433,120.1469608,"30.9466399,120.1951311;30.9466399,120.1972255;30.9430467,120.1888481;30.9448433,120.1972255","30.9376568,120.2202635;30.9268771,120.2202635"
08,Datasets/UAV_VisLoc_dataset/08/drone/08_0009.JPG,30.9448433,120.1490552,"30.9466399,120.1951311;30.9466399,120.1972255;30.9430467,120.1888481;30.9448433,120.1972255","30.9340636,120.1616213;30.9340636,120.2495846"
08,Datasets/UAV_VisLoc_dataset/08/drone/08_0010.JPG,30.9448433,120.1490552,"30.9466399,120.1951311;30.9466399,120.1972255;30.9430467,120.1909424;30.9430467,120.1951311","30.9196906,120.1825650;30.9178940,120.1532439"
08,Datasets/UAV_VisLoc_dataset/08/drone/08_0011.JPG,30.9448433,120.1490552,"30.9466399,120.1951311;30.9466399,120.1972255;30.9430467,120.1909424;30.9430467,120.1888481","30.9430467,120.1658101;30.9394534,120.2265466"
08,Datasets/UAV_VisLoc_dataset/08/drone/08_0012.JPG,30.9448433,120.1490552,"30.9466399,120.1951311;30.9466399,120.1972255;30.9448433,120.1888481;30.9430467,120.1888481","30.9268771,120.2160748;30.9466399,120.1658101"
08,Datasets/UAV_VisLoc_dataset/08/drone/08_0013.JPG,30.9448433,120.1511495,"30.9448433,120.1888481;30.9466399,120.1951311;30.9466399,120.1972255;30.9376568,120.1888481","30.9035210,120.1364890;30.9286737,120.2118860"
08,Datasets/UAV_VisLoc_dataset/08/drone/08_0014.JPG,30.9448433,120.1511495,"30.9466399,120.1951311;30.9466399,120.1972255;30.9448433,120.1888481;30.9376568,120.1888481","30.9340636,120.1616213;30.9466399,120.1616213"
08,Datasets/UAV_VisLoc_dataset/08/drone/08_0015.JPG,30.9448433,120.1511495,"30.9466399,120.1951311;30.9466399,120.1972255;30.9448433,120.1888481;30.9448433,120.1909424","30.9340636,120.2286409;30.9268771,120.2035086"
08,Datasets/UAV_VisLoc_dataset/08/drone/08_0016.JPG,30.9448433,120.1511495,"30.9466399,120.1951311;30.9466399,120.1972255;30.9448433,120.1888481;30.9430467,120.1888481","30.9214872,120.1679044;30.9376568,120.2056030"
08,Datasets/UAV_VisLoc_dataset/08/drone/08_0017.JPG,30.9448433,120.1532439,"30.9466399,120.1951311;30.9466399,120.1972255;30.9448433,120.1888481;30.9448433,120.1909424","30.9232838,120.1490552;30.9322670,120.1720932"
08,Datasets/UAV_VisLoc_dataset/08/drone/08_0018.JPG,30.9448433,120.1532439,"30.9466399,120.1951311;30.9466399,120.1972255;30.9448433,120.1888481;30.9448433,120.1909424","30.9250805,120.1867537;30.9448433,120.2370184"
08,Datasets/UAV_VisLoc_dataset/08/drone/08_0019.JPG,30.9448433,120.1532439,"30.9466399,120.1951311;30.9466399,120.1972255;30.9448433,120.1888481;30.9448433,120.1909424","30.9322670,120.2433015;30.9071142,120.2495846"
08,Datasets/UAV_VisLoc_dataset/08/drone/08_0020.JPG,30.9430467,120.1532439,"30.9466399,120.1951311;30.9466399,120.1972255;30.9448433,120.1888481;30.9448433,120.1909424","30.9466399,120.1720932;30.9125041,120.2349240"
08,Datasets/UAV_VisLoc_dataset/08/drone/08_0021.JPG,30.9430467,120.1553383,"30.9448433,120.1888481;30.9466399,120.1909424;30.9466399,120.1930368;30.9448433,120.1909424","30.9430467,120.2181691;30.9412501,120.2391128"
08,Datasets/UAV_VisLoc_dataset/08/drone/08_0022.JPG,30.9430467,120.1553383,"30.9466399,120.1951311;30.9466399,120.1972255;30.9448433,120.1888481;30.9448433,120.1909424","30.9430467,120.2097917;30.9286737,120.2056030"
08,Datasets/UAV_VisLoc_dataset/08/drone/08_0023.JPG,30.9430467,120.1553383,"30.9448433,120.1888481;30.9466399,120.1909424;30.9448433,120.1909424;30.9466399,120.1951311","30.9107075,120.1490552;30.9053176,120.2160748"
08,Datasets/UAV_VisLoc_dataset/08/drone/08_0024.JPG,30.9430467,120.1553383,"30.9448433,120.1888481;30.9466399,120.1951311;30.9448433,120.1909424;30.9466399,120.1909424","30.9376568,120.2014142;30.9358602,120.1804706"
08,Datasets/UAV_VisLoc_dataset/08/drone/08_0025.JPG,30.9430467,120.1574326,"30.9466399,120.1951311;30.9448433,120.1909424;30.9448433,120.1888481;30.9466399,120.1909424","30.9250805,120.1867537;30.9286737,120.2035086"
08,Datasets/UAV_VisLoc_dataset/08/drone/08_0026.JPG,30.9430467,120.1574326,"30.9466399,120.1951311;30.9448433,120.1909424;30.9466399,120.1930368;30.9466399,120.1972255","30.9394534,120.1951311;30.9071142,120.2076973"
08,Datasets/UAV_VisLoc_dataset/08/drone/08_0027.JPG,30.9430467,120.1574326,"30.9466399,120.1951311;30.9466399,120.1972255;30.9448433,120.1909424;30.9466399,120.1930368","30.9196906,120.1469608;30.9376568,120.1762819"
08,Datasets/UAV_VisLoc_dataset/08/drone/08_0028.JPG,30.9430467,120.1595270,"30.9448433,120.1909424;30.9466399,120.1930368;30.9466399,120.1951311;30.9466399,120.1909424","30.9466399,120.2265466;30.9214872,120.1741875"
08,Datasets/UAV_VisLoc_dataset/08/drone/08_0029.JPG,30.9430467,120.1595270,"30.9466399,120.1930368;30.9448433,120.1909424;30.9466399,120.1909424;30.9448433,120.1930368","30.9448433,120.1406777;30.9071142,120.2056030"
08,Datasets/UAV_VisLoc_dataset/08/drone/08_0030.JPG,30.9430467,120.1595270,"30.9466399,120.1930368;30.9448433,120.1909424;30.9466399,120.1951311;30.9466399,120.1909424","30.9196906,120.1385834;30.9394534,120.1846593"
08,Datasets/UAV_VisLoc_dataset/08/drone/08_0031.JPG,30.9430467,120.1595270,"30.9466399,120.1951311;30.9466399,120.1930368;30.9448433,120.1909424;30.9466399,120.1972255","30.9232838,120.2035086;30.9232838,120.2014142"
08,Datasets/UAV_VisLoc_dataset/08/drone/08_0032.JPG,30.9430467,120.1616213,"30.9466399,120.1930368;30.9448433,120.1909424;30.9466399,120.1909424;30.9466399,120.1951311","30.9035210,120.1825650;30.9466399,120.1909424"
08,Datasets/UAV_VisLoc_dataset/08/drone/08_0033.JPG,30.9430467,120.1616213,"30.9466399,120.1930368;30.9466399,120.1909424;30.9448433,120.1930368;30.9448433,120.1909424","30.9035210,120.1448664;30.9232838,120.1699988"
08,Datasets/UAV_VisLoc_dataset/08/drone/08_0034.JPG,30.9430467,120.1616213,"30.9466399,120.1930368;30.9466399,120.1909424;30.9448433,120.1930368;30.9448433,120.1909424","30.9322670,120.2328297;30.9286737,120.2495846"
08,Datasets/UAV_VisLoc_dataset/08/drone/08_0035.JPG,30.9430467,120.1616213,"30.9466399,120.1930368;30.9466399,120.1909424;30.9448433,120.1930368;30.9466399,120.1888481","30.9286737,120.1909424;30.9376568,120.1490552"
08,Datasets/UAV_VisLoc_dataset/08/drone/08_0036.JPG,30.9430467,120.1637157,"30.9466399,120.1930368;30.9466399,120.1909424;30.9448433,120.1930368;30.9448433,120.1909424","30.9322670,120.2474902;30.9286737,120.1469608"
08,Datasets/UAV_VisLoc_dataset/08/drone/08_0037.JPG,30.9430467,120.1637157,"30.9466399,120.1930368;30.9466399,120.1909424;30.9448433,120.1930368;30.9448433,120.1909424","30.9125041,120.1930368;30.9089109,120.2139804"
08,Datasets/UAV_VisLoc_dataset/08/drone/08_0038.JPG,30.9430467,120.1637157,"30.9466399,120.1930368;30.9466399,120.1909424;30.9448433,120.1930368;30.9448433,120.1909424","30.9178940,120.1511495;30.9412501,120.2349240"
08,Datasets/UAV_VisLoc_dataset/08/drone/08_0039.JPG,30.9430467,120.1637157,"30.9466399,120.1930368;30.9466399,120.1909424;30.9448433,120.1909424;30.9448433,120.1930368","30.9250805,120.2474902;30.9250805,120.2370184"
08,Datasets/UAV_VisLoc_dataset/08/drone/08_0040.JPG,30.9430467,120.1658101,"30.9466399,120.1930368;30.9466399,120.1909424;30.9448433,120.1909424;30.9448433,120.1930368","30.9125041,120.1783762;30.9214872,120.2097917"
08,Datasets/UAV_VisLoc_dataset/08/drone/08_0041.JPG,30.9430467,120.1658101,"30.9466399,120.1930368;30.9466399,120.1909424;30.9448433,120.1909424;30.9448433,120.1930368","30.9304703,120.1993199;30.9160974,120.2349240"
08,Datasets/UAV_VisLoc_dataset/08/drone/08_0042.JPG,30.9430467,120.1658101,"30.9466399,120.1930368;30.9448433,120.1909424;30.9466399,120.1909424;30.9448433,120.1930368","30.9214872,120.1385834;30.9232838,120.1846593"
08,Datasets/UAV_VisLoc_dataset/08/drone/08_0043.JPG,30.9412501,120.1658101,"30.9466399,120.1930368;30.9448433,120.1909424;30.9466399,120.1909424;30.9448433,120.1930368","30.9089109,120.2328297;30.9466399,120.2433015"
08,Datasets/UAV_VisLoc_dataset/08/drone/08_0044.JPG,30.9412501,120.1679044,"30.9466399,120.1930368;30.9448433,120.1909424;30.9466399,120.1909424;30.9448433,120.1930368","30.9394534,120.2286409;30.9125041,120.2286409"
08,Datasets/UAV_VisLoc_dataset/08/drone/08_0045.JPG,30.9412501,120.1679044,"30.9466399,120.1930368;30.9466399,120.1909424;30.9448433,120.1909424;30.9448433,120.1930368","30.9412501,120.1448664;30.9304703,120.1825650"
08,Datasets/UAV_VisLoc_dataset/08/drone/08_0046.JPG,30.9412501,120.1699988,"30.9466399,120.1930368;30.9448433,120.1909424;30.9466399,120.1909424;30.9448433,120.1930368","30.9178940,120.1553383;30.9143007,120.2139804"
08,Datasets/UAV_VisLoc_dataset/08/drone/08_0047.JPG,30.9412501,120.1699988,"30.9466399,120.1930368;30.9466399,120.1909424;30.9448433,120.1930368;30.9448433,120.1909424","30.9143007,120.2160748;30.9250805,120.1783762"
08,Datasets/UAV_VisLoc_dataset/08/drone/08_0048.JPG,30.9412501,120.1699988,"30.9466399,120.1930368;30.9466399,120.1909424;30.9448433,120.1909424;30.9466399,120.1888481","30.9035210,120.2453958;30.9376568,120.1595270"
08,Datasets/UAV_VisLoc_dataset/08/drone/08_0049.JPG,30.9412501,120.1720932,"30.9466399,120.1888481;30.9466399,120.1930368;30.9466399,120.1909424;30.9466399,120.1867537","30.9232838,120.2328297;30.9250805,120.2223579"
08,Datasets/UAV_VisLoc_dataset/08/drone/08_0050.JPG,30.9412501,120.1720932,"30.9466399,120.1930368;30.9466399,120.1909424;30.9466399,120.1888481;30.9448433,120.1930368","30.9286737,120.2244522;30.9250805,120.1490552"
08,Datasets/UAV_VisLoc_dataset/08/drone/08_0051.JPG,30.9412501,120.1741875,"30.9466399,120.1930368;30.9466399,120.1909424;30.9466399,120.1888481;30.9448433,120.1930368","30.9250805,120.1553383;30.9250805,120.1783762"
08,Datasets/UAV_VisLoc_dataset/08/drone/08_0052.JPG,30.9412501,120.1762819,"30.9466399,120.1888481;30.9466399,120.1867537;30.9448433,120.1867537;30.9466399,120.1909424","30.9232838,120.2453958;30.9286737,120.1720932"
08,Datasets/UAV_VisLoc_dataset/08/drone/08_0053.JPG,30.9412501,120.1762819,"30.9466399,120.1888481;30.9466399,120.1909424;30.9448433,120.1888481;30.9466399,120.1930368","30.9412501,120.2391128;30.9430467,120.1658101"
08,Datasets/UAV_VisLoc_dataset/08/drone/08_0054.JPG,30.9412501,120.1783762,"30.9466399,120.1888481;30.9466399,120.1909424;30.9466399,120.1867537;30.9448433,120.1867537","30.9466399,120.1637157;30.9143007,120.2453958"
08,Datasets/UAV_VisLoc_dataset/08/drone/08_0055.JPG,30.9394534,120.1783762,"30.9466399,120.1888481;30.9448433,120.1888481;30.9466399,120.1909424;30.9376568,120.1888481","30.9376568,120.2223579;30.9358602,120.2474902"
08,Datasets/UAV_VisLoc_dataset/08/drone/08_0056.JPG,30.9394534,120.1804706,"30.9466399,120.1888481;30.9358602,120.1888481;30.9448433,120.1888481;30.9448433,120.1867537","30.9035210,120.1804706;30.9232838,120.1846593"
08,Datasets/UAV_VisLoc_dataset/08/drone/08_0057.JPG,30.9394534,120.1804706,"30.9466399,120.1888481;30.9448433,120.1888481;30.9448433,120.1867537;30.9466399,120.1909424","30.9125041,120.1720932;30.9394534,120.1972255"
08,Datasets/UAV_VisLoc_dataset/08/drone/08_0058.JPG,30.9394534,120.1825650,"30.9466399,120.1888481;30.9448433,120.1888481;30.9358602,120.1888481;30.9376568,120.1888481","30.9107075,120.1658101;30.9358602,120.1658101"
08,Datasets/UAV_VisLoc_dataset/08/drone/08_0059.JPG,30.9394534,120.1825650,"30.9466399,120.1888481;30.9358602,120.1888481;30.9448433,120.1888481;30.9376568,120.1888481","30.9125041,120.1951311;30.9089109,120.1720932"
08,Datasets/UAV_VisLoc_dataset/08/drone/08_0060.JPG,30.9394534,120.1846593,"30.9358602,120.1888481;30.9466399,120.1888481;30.9448433,120.1888481;30.9376568,120.1888481","30.9214872,120.1993199;30.9412501,120.2474902"
08,Datasets/UAV_VisLoc_dataset/08/drone/08_0061.JPG,30.9394534,120.1846593,"30.9466399,120.1888481;30.9448433,120.1888481;30.9358602,120.1888481;30.9376568,120.1888481","30.9286737,120.1490552;30.9160974,120.2056030"
08,Datasets/UAV_VisLoc_dataset/08/drone/08_0062.JPG,30.9394534,120.1867537,"30.9448433,120.1888481;30.9466399,120.1888481;30.9358602,120.1888481;30.9376568,120.1888481","30.9376568,120.2516789;30.9089109,120.1720932"
08,Datasets/UAV_VisLoc_dataset/08/drone/08_0063.JPG,30.9394534,120.1867537,"30.9358602,120.1888481;30.9466399,120.1888481;30.9448433,120.1888481;30.9412501,120.1679044","30.9143007,120.1427721;30.9340636,120.1972255"
08,Datasets/UAV_VisLoc_dataset/08/drone/08_0064.JPG,30.9394534,120.1888481,"30.9358602,120.1888481;30.9412501,120.1679044;30.9448433,120.1888481;30.9394534,120.1679044","30.9053176,120.2223579;30.9089109,120.2118860"
08,Datasets/UAV_VisLoc_dataset/08/drone/08_0065.JPG,30.9394534,120.1888481,"30.9466399,120.1888481;30.9448433,120.1888481;30.9358602,120.1888481;30.9412501,120.1679044","30.9358602,120.2014142;30.9286737,120.2244522"
08,Datasets/UAV_VisLoc_dataset/08/drone/08_0066.JPG,30.9376568,120.1909424,"30.9412501,120.1679044;30.9358602,120.1888481;30.9448433,120.1888481;30.9466399,120.1888481","30.9286737,120.2244522;30.9196906,120.1909424"
08,Datasets/UAV_VisLoc_dataset/08/drone/08_0067.JPG,30.9376568,120.1909424,"30.9358602,120.1888481;30.9412501,120.1679044;30.9448433,120.1888481;30.9466399,120.1888481","30.9340636,120.1658101;30.9196906,120.1846593"
08,Datasets/UAV_VisLoc_dataset/08/drone/08_0068.JPG,30.9376568,120.1930368,"30.9412501,120.1679044;30.9358602,120.1888481;30.9448433,120.1888481;30.9376568,120.1888481","30.9430467,120.1699988;30.9376568,120.2076973"
08,Datasets/UAV_VisLoc_dataset/08/drone/08_0069.JPG,30.9376568,120.1930368,"30.9412501,120.1679044;30.9448433,120.1888481;30.9358602,120.1888481;30.9376568,120.1888481","30.9071142,120.2160748;30.9196906,120.1616213"
08,Datasets/UAV_VisLoc_dataset/08/drone/08_0070.JPG,30.9376568,120.1930368,"30.9412501,120.1679044;30.9448433,120.1888481;30.9376568,120.1888481;30.9466399,120.1993199","30.9358602,120.2495846;30.9340636,120.2516789"
08,Datasets/UAV_VisLoc_dataset/08/drone/08_0071.JPG,30.9376568,120.1951311,"30.9412501,120.1679044;30.9448433,120.1888481;30.9376568,120.1888481;30.9358602,120.1888481","30.9143007,120.2433015;30.9214872,120.1993199"
08,Datasets/UAV_VisLoc_dataset/08/drone/08_0072.JPG,30.9376568,120.1951311,"30.9412501,120.1679044;30.9466399,120.1993199;30.9448433,120.1888481;30.9376568,120.1888481","30.9160974,120.2223579;30.9053176,120.1867537"
08,Datasets/UAV_VisLoc_dataset/08/drone/08_0073.JPG,30.9376568,120.1972255,"30.9412501,120.1679044;30.9448433,120.1888481;30.9466399,120.1993199;30.9376568,120.1888481","30.9232838,120.1469608;30.9376568,120.2370184"
08,Datasets/UAV_VisLoc_dataset/08/drone/08_0074.JPG,30.9376568,120.1972255,"30.9412501,120.1679044;30.9448433,120.1888481;30.9466399,120.1993199;30.9376568,120.1888481","30.9053176,120.1406777;30.9143007,120.1553383"
08,Datasets/UAV_VisLoc_dataset/08/drone/08_0075.JPG,30.9376568,120.1993199,"30.9412501,120.1679044;30.9466399,120.1993199;30.9448433,120.1888481;30.9394534,120.1595270","30.9466399,120.2433015;30.9268771,120.1804706"
08,Datasets/UAV_VisLoc_dataset/08/drone/08_0076.JPG,30.9376568,120.1993199,"30.9412501,120.1679044;30.9466399,120.1993199;30.9430467,120.1888481;30.9448433,120.1888481","30.9430467,120.1364890;30.9340636,120.2516789"
08,Datasets/UAV_VisLoc_dataset/08/drone/08_0077.JPG,30.9376568,120.2014142,"30.9412501,120.1679044;30.9466399,120.1993199;30.9448433,120.1888481;30.9376568,120.1888481","30.9125041,120.2097917;30.9448433,120.2328297"
08,Datasets/UAV_VisLoc_dataset/08/drone/08_0078.JPG,30.9358602,120.2014142,"30.9412501,120.1679044;30.9466399,120.1993199;30.9394534,120.1595270;30.9430467,120.1888481","30.9143007,120.2244522;30.9322670,120.1637157"
08,Datasets/UAV_VisLoc_dataset/08/drone/08_0079.JPG,30.9358602,120.2035086,"30.9412501,120.1679044;30.9466399,120.1993199;30.9394534,120.1595270;30.9430467,120.1888481","30.9089109,120.1427721;30.9035210,120.1469608"
08,Datasets/UAV_VisLoc_dataset/08/drone/08_0080.JPG,30.9358602,120.2035086,"30.9412501,120.1679044;30.9466399,120.1993199;30.9394534,120.1595270;30.9430467,120.1888481","30.9125041,120.1574326;30.9466399,120.2139804"
08,Datasets/UAV_VisLoc_dataset/08/drone/08_0081.JPG,30.9358602,120.2056030,"30.9412501,120.1679044;30.9394534,120.1679044;30.9394534,120.1595270;30.9448433,120.1679044","30.9358602,120.2516789;30.9448433,120.1825650"
08,Datasets/UAV_VisLoc_dataset/08/drone/08_0082.JPG,30.9358602,120.2056030,"30.9412501,120.1679044;30.9466399,120.1993199;30.9394534,120.1595270;30.9430467,120.1888481","30.9089109,120.1804706;30.9232838,120.2307353"
08,Datasets/UAV_VisLoc_dataset/08/drone/08_0083.JPG,30.9358602,120.2076973,"30.9412501,120.1679044;30.9466399,120.1993199;30.9394534,120.1595270;30.9430467,120.1888481","30.9286737,120.1909424;30.9125041,120.2307353"
08,Datasets/UAV_VisLoc_dataset/08/drone/08_0084.JPG,30.9358602,120.2076973,"30.9412501,120.1679044;30.9466399,120.1993199;30.9394534,120.1595270;30.9430467,120.1888481","30.9125041,120.1741875;30.9125041,120.2453958"
08,Datasets/UAV_VisLoc_dataset/08/drone/08_0085.JPG,30.9358602,120.2097917,"30.9412501,120.1679044;30.9466399,120.1993199;30.9394534,120.1595270;30.9430467,120.1888481","30.9196906,120.1867537;30.9304703,120.2307353"
08,Datasets/UAV_VisLoc_dataset/08/drone/08_0086.JPG,30.9358602,120.2118860,"30.9466399,120.1993199;30.9412501,120.1679044;30.9430467,120.1888481;30.9466399,120.1972255","30.9286737,120.2014142;30.9250805,120.1574326"
08,Datasets/UAV_VisLoc_dataset/08/drone/08_0087.JPG,30.9358602,120.2118860,"30.9466399,120.1993199;30.9430467,120.1888481;30.9412501,120.1679044;30.9466399,120.1511495","30.9430467,120.1720932;30.9448433,120.1385834"
08,Datasets/UAV_VisLoc_dataset/08/drone/08_0088.JPG,30.9358602,120.2139804,"30.9412501,120.1679044;30.9394534,120.1595270;30.9466399,120.1993199;30.9430467,120.1888481","30.9322670,120.2412071;30.9268771,120.1993199"
08,Datasets/UAV_VisLoc_dataset/08/drone/08_0089.JPG,30.9340636,120.2139804,"30.9394534,120.1595270;30.9412501,120.1679044;30.9466399,120.1993199;30.9394534,120.1574326","30.9178940,120.1741875;30.9178940,120.2076973"
08,Datasets/UAV_VisLoc_dataset/08/drone/08_0090.JPG,30.9340636,120.2139804,"30.9394534,120.1595270;30.9394534,120.1574326;30.9466399,120.1511495;30.9466399,120.1993199","30.9160974,120.2014142;30.9412501,120.1427721"
08,Datasets/UAV_VisLoc_dataset/08/drone/08_0091.JPG,30.9340636,120.2160748,"30.9394534,120.1595270;30.9412501,120.1679044;30.9466399,120.1993199;30.9412501,120.1658101","30.9466399,120.1511495;30.9232838,120.2495846"
08,Datasets/UAV_VisLoc_dataset/08/drone/08_0092.JPG,30.9340636,120.2160748,"30.9394534,120.1595270;30.9412501,120.1679044;30.9394534,120.1574326;30.9466399,120.1993199","30.9125041,120.2265466;30.9143007,120.1993199"
08,Datasets/UAV_VisLoc_dataset/08/drone/08_0093.JPG,30.9340636,120.2181691,"30.9394534,120.1595270;30.9412501,120.1679044;30.9466399,120.1993199;30.9394534,120.1574326","30.9214872,120.2097917;30.9089109,120.1930368"
08,Datasets/UAV_VisLoc_dataset/08/drone/08_0094.JPG,30.9340636,120.2181691,"30.9412501,120.1679044;30.9466399,120.1993199;30.9394534,120.1595270;30.9430467,120.1888481","30.9322670,120.1595270;30.9196906,120.1951311"
08,Datasets/UAV_VisLoc_dataset/08/drone/08_0095.JPG,30.9340636,120.2202635,"30.9394534,120.1595270;30.9412501,120.1679044;30.9466399,120.1993199;30.9412501,120.1658101","30.9268771,120.1658101;30.9376568,120.1699988"
08,Datasets/UAV_VisLoc_dataset/08/drone/08_0096.JPG,30.9340636,120.2202635,"30.9394534,120.1595270;30.9412501,120.1679044;30.9466399,120.1993199;30.9412501,120.1658101","30.9107075,120.2391128;30.9322670,120.1720932"
08,Datasets/UAV_VisLoc_dataset/08/drone/08_0097.JPG,30.9340636,120.2223579,"30.9412501,120.1679044;30.9466399,120.1993199;30.9394534,120.1595270;30.9430467,120.1888481","30.9089109,120.1804706;30.9304703,120.1909424"
08,Datasets/UAV_VisLoc_dataset/08/drone/08_0098.JPG,30.9340636,120.2223579,"30.9466399,120.1993199;30.9412501,120.1679044;30.9430467,120.1888481;30.9466399,120.1972255","30.9107075,120.2265466;30.9071142,120.1951311"
08,Datasets/UAV_VisLoc_dataset/08/drone/08_0099.JPG,30.9340636,120.2244522,"30.9412501,120.1679044;30.9466399,120.1993199;30.9430467,120.1888481;30.9466399,120.1972255","30.9466399,120.1553383;30.9250805,120.1574326"
08,Datasets/UAV_VisLoc_dataset/08/drone/08_0100.JPG,30.9340636,120.2244522,"30.9412501,120.1679044;30.9448433,120.1888481;30.9412501,120.1762819;30.9376568,120.1888481","30.9196906,120.2286409;30.9376568,120.1699988"
08,Datasets/UAV_VisLoc_dataset/08/drone/08_0101.JPG,30.9322670,120.2265466,"30.9412501,120.1679044;30.9448433,120.1888481;30.9412501,120.1762819;30.9376568,120.1888481","30.9160974,120.1574326;30.9286737,120.1427721"
08,Datasets/UAV_VisLoc_dataset/08/drone/08_0102.JPG,30.9322670,120.2265466,"30.9412501,120.1679044;30.9394534,120.1679044;30.9448433,120.1679044;30.9448433,120.1888481","30.9394534,120.2076973;30.9268771,120.1888481"
08,Datasets/UAV_VisLoc_dataset/08/drone/08_0103.JPG,30.9322670,120.2286409,"30.9412501,120.1679044;30.9394534,120.1679044;30.9448433,120.1679044;30.9358602,120.1888481","30.9125041,120.1490552;30.9143007,120.1595270"
08,Datasets/UAV_VisLoc_dataset/08/drone/08_0104.JPG,30.9322670,120.2286409,"30.9412501,120.1679044;30.9394534,120.1679044;30.9448433,120.1679044;30.9394534,120.1595270","30.9232838,120.2412071;30.9250805,120.2056030"
08,Datasets/UAV_VisLoc_dataset/08/drone/08_0105.JPG,30.9322670,120.2307353,"30.9412501,120.1679044;30.9394534,120.1679044;30.9448433,120.1679044;30.9358602,120.1888481","30.9340636,120.2076973;30.9143007,120.1972255"
08,Datasets/UAV_VisLoc_dataset/08/drone/08_0106.JPG,30.9322670,120.2307353,"30.9412501,120.1679044;30.9394534,120.1679044;30.9448433,120.1679044;30.9394534,120.1595270","30.9071142,120.2160748;30.9394534,120.1972255"
08,Datasets/UAV_VisLoc_dataset/08/drone/08_0107.JPG,30.9322670,120.2328297,"30.9412501,120.1679044;30.9394534,120.1595270;30.9448433,120.1679044;30.9466399,120.1993199","30.9214872,120.1762819;30.9107075,120.1532439"
08,Datasets/UAV_VisLoc_dataset/08/drone/08_0108.JPG,30.9322670,120.2328297,"30.9412501,120.1679044;30.9394534,120.1595270;30.9448433,120.1679044;30.9394534,120.1679044","30.9376568,120.1385834;30.9322670,120.1972255"
08,Datasets/UAV_VisLoc_dataset/08/drone/08_0109.JPG,30.9322670,120.2349240,"30.9412501,120.1679044;30.9394534,120.1595270;30.9448433,120.1679044;30.9412501,120.1658101","30.9125041,120.2035086;30.9178940,120.1637157"
08,Datasets/UAV_VisLoc_dataset/08/drone/08_0110.JPG,30.9322670,120.2349240,"30.9412501,120.1679044;30.9394534,120.1595270;30.9466399,120.1993199;30.9430467,120.1888481","30.9125041,120.2328297;30.9143007,120.1846593"
08,Datasets/UAV_VisLoc_dataset/08/drone/08_0111.JPG,30.9322670,120.2370184,"30.9466399,120.1993199;30.9430467,120.1888481;30.9412501,120.1679044;30.9448433,120.1972255","30.9376568,120.1574326;30.9412501,120.2139804"
08,Datasets/UAV_VisLoc_dataset/08/drone/08_0112.JPG,30.9322670,120.2370184,"30.9412501,120.1679044;30.9466399,120.1993199;30.9394534,120.1595270;30.9430467,120.1888481","30.9448433,120.2097917;30.9107075,120.2474902"
08,Datasets/UAV_VisLoc_dataset/08/drone/08_0113.JPG,30.9304703,120.2370184,"30.9466399,120.1993199;30.9412501,120.1679044;30.9394534,120.1595270;30.9430467,120.1888481","30.9250805,120.2474902;30.9160974,120.1699988"
08,Datasets/UAV_VisLoc_dataset/08/drone/08_0114.JPG,30.9304703,120.2391128,"30.9412501,120.1679044;30.9466399,120.1993199;30.9394534,120.1595270;30.9430467,120.1888481","30.9376568,120.1574326;30.9160974,120.1930368"
08,Datasets/UAV_VisLoc_dataset/08/drone/08_0115.JPG,30.9304703,120.2391128,"30.9466399,120.1511495;30.9466399,120.1993199;30.9394534,120.1595270;30.9430467,120.1888481","30.9232838,120.2328297;30.9053176,120.2474902"
08,Datasets/UAV_VisLoc_dataset/08/drone/08_0116.JPG,30.9286737,120.2412071,"30.9466399,120.2014142;30.9412501,120.1888481;30.9448433,120.2035086;30.9412501,120.1951311","30.9430467,120.1783762;30.9196906,120.2349240"
08,Datasets/UAV_VisLoc_dataset/08/drone/08_0117.JPG,30.9286737,120.2391128,"30.9412501,120.1888481;30.9412501,120.1511495;30.9412501,120.1951311;30.9466399,120.2014142","30.9268771,120.1469608;30.9430467,120.1511495"
08,Datasets/UAV_VisLoc_dataset/08/drone/08_0118.JPG,30.9286737,120.2391128,"30.9412501,120.1909424;30.9412501,120.1888481;30.9412501,120.1951311;30.9412501,120.1972255","30.9125041,120.1616213;30.9125041,120.1385834"
08,Datasets/UAV_VisLoc_dataset/08/drone/08_0119.JPG,30.9286737,120.2370184,"30.9412501,120.1511495;30.9430467,120.1993199;30.9412501,120.1888481;30.9466399,120.1532439","30.9430467,120.2328297;30.9232838,120.1762819"
08,Datasets/UAV_VisLoc_dataset/08/drone/08_0120.JPG,30.9286737,120.2370184,"30.9412501,120.1888481;30.9412501,120.1511495;30.9412501,120.1951311;30.9412501,120.1909424","30.9340636,120.1448664;30.9125041,120.2307353"
08,Datasets/UAV_VisLoc_dataset/08/drone/08_0121.JPG,30.9286737,120.2370184,"30.9412501,120.1888481;30.9412501,120.2160748;30.9412501,120.1511495;30.9412501,120.1951311","30.9125041,120.2412071;30.9125041,120.2139804"
08,Datasets/UAV_VisLoc_dataset/08/drone/08_0122.JPG,30.9286737,120.2349240,"30.9412501,120.1888481;30.9430467,120.2244522;30.9412501,120.1951311;30.9430467,120.2265466","30.9107075,120.2516789;30.9178940,120.1385834"
08,Datasets/UAV_VisLoc_dataset/08/drone/08_0123.JPG,30.9286737,120.2328297,"30.9412501,120.2160748;30.9412501,120.1888481;30.9412501,120.1951311;30.9430467,120.1511495","30.9466399,120.1679044;30.9089109,120.1385834"
08,Datasets/UAV_VisLoc_dataset/08/drone/08_0124.JPG,30.9286737,120.2328297,"30.9412501,120.2160748;30.9412501,120.1888481;30.9430467,120.1511495;30.9412501,120.1951311","30.9071142,120.1972255;30.9286737,120.1490552"
08,Datasets/UAV_VisLoc_dataset/08/drone/08_0125.JPG,30.9304703,120.2307353,"30.9412501,120.2160748;30.9412501,120.1888481;30.9430467,120.1909424;30.9430467,120.1511495","30.9178940,120.1930368;30.9412501,120.1762819"
08,Datasets/UAV_VisLoc_dataset/08/drone/08_0126.JPG,30.9304703,120.2307353,"30.9412501,120.2160748;30.9430467,120.1909424;30.9412501,120.1888481;30.9394534,120.1888481","30.9143007,120.2495846;30.9358602,120.2076973"
08,Datasets/UAV_VisLoc_dataset/08/drone/08_0127.JPG,30.9304703,120.2286409,"30.9412501,120.1888481;30.9394534,120.1888481;30.9430467,120.1909424;30.9430467,120.1972255","30.9178940,120.1532439;30.9448433,120.1616213"
08,Datasets/UAV_VisLoc_dataset/08/drone/08_0128.JPG,30.9304703,120.2286409,"30.9412501,120.1888481;30.9430467,120.1909424;30.9394534,120.1888481;30.9430467,120.1972255","30.9430467,120.1511495;30.9376568,120.2391128"
08,Datasets/UAV_VisLoc_dataset/08/drone/08_0129.JPG,30.9304703,120.2265466,"30.9412501,120.1888481;30.9430467,120.1909424;30.9394534,120.1888481;30.9430467,120.1972255","30.9160974,120.2056030;30.9448433,120.1637157"
08,Datasets/UAV_VisLoc_dataset/08/drone/08_0130.JPG,30.9304703,120.2265466,"30.9412501,120.1888481;30.9412501,120.2160748;30.9430467,120.1909424;30.9412501,120.1951311","30.9160974,120.1385834;30.9143007,120.2035086"
08,Datasets/UAV_VisLoc_dataset/08/drone/08_0131.JPG,30.9304703,120.2244522,"30.9412501,120.1888481;30.9412501,120.1951311;30.9412501,120.1804706;30.9394534,120.1804706","30.9053176,120.1658101;30.9053176,120.1888481"
08,Datasets/UAV_VisLoc_dataset/08/drone/08_0132.JPG,30.9304703,120.2244522,"30.9412501,120.1888481;30.9412501,120.1951311;30.9394534,120.1804706;30.9412501,120.1804706","30.9035210,120.1385834;30.9107075,120.1385834"
08,Datasets/UAV_VisLoc_dataset/08/drone/08_0133.JPG,30.9304703,120.2223579,"30.9412501,120.1888481;30.9466399,120.1511495;30.9430467,120.1972255;30.9412501,120.1804706","30.9358602,120.1658101;30.9214872,120.1406777"
08,Datasets/UAV_VisLoc_dataset/08/drone/08_0134.JPG,30.9304703,120.2223579,"30.9394534,120.1574326;30.9466399,120.1511495;30.9412501,120.1888481;30.9448433,120.1993199","30.9071142,120.1511495;30.9107075,120.1762819"
08,Datasets/UAV_VisLoc_dataset/08/drone/08_0135.JPG,30.9304703,120.2202635,"30.9412501,120.1888481;30.9412501,120.1951311;30.9394534,120.1804706;30.9412501,120.1804706","30.9286737,120.1825650;30.9071142,120.1616213"
08,Datasets/UAV_VisLoc_dataset/08/drone/08_0136.JPG,30.9322670,120.2202635,"30.9412501,120.1888481;30.9394534,120.1888481;30.9430467,120.1909424;30.9430467,120.1972255","30.9178940,120.2202635;30.9448433,120.2391128"
08,Datasets/UAV_VisLoc_dataset/08/drone/08_0137.JPG,30.9322670,120.2181691,"30.9394534,120.1888481;30.9430467,120.1972255;30.9412501,120.1888481;30.9430467,120.1909424","30.9178940,120.1658101;30.9286737,120.2516789"
08,Datasets/UAV_VisLoc_dataset/08/drone/08_0138.JPG,30.9322670,120.2181691,"30.9430467,120.1972255;30.9394534,120.1888481;30.9430467,120.1909424;30.9412501,120.1888481","30.9035210,120.2433015;30.9340636,120.1385834"
08,Datasets/UAV_VisLoc_dataset/08/drone/08_0139.JPG,30.9322670,120.2160748,"30.9412501,120.1888481;30.9394534,120.1888481;30.9430467,120.1972255;30.9430467,120.1909424","30.9304703,120.1553383;30.9286737,120.1867537"
08,Datasets/UAV_VisLoc_dataset/08/drone/08_0140.JPG,30.9322670,120.2160748,"30.9394534,120.1888481;30.9430467,120.1972255;30.9430467,120.1909424;30.9412501,120.1888481","30.9250805,120.2516789;30.9376568,120.2391128"
08,Datasets/UAV_VisLoc_dataset/08/drone/08_0141.JPG,30.9322670,120.2139804,"30.9412501,120.1888481;30.9394534,120.1888481;30.9430467,120.1909424;30.9430467,120.1972255","30.9466399,120.2265466;30.9358602,120.2391128"
08,Datasets/UAV_VisLoc_dataset/08/drone/08_0142.JPG,30.9322670,120.2139804,"30.9412501,120.1888481;30.9394534,120.1888481;30.9430467,120.1909424;30.9430467,120.1972255","30.9143007,120.2181691;30.9160974,120.1448664"
08,Datasets/UAV_VisLoc_dataset/08/drone/08_0143.JPG,30.9322670,120.2139804,"30.9412501,120.1888481;30.9394534,120.1888481;30.9430467,120.1972255;30.9430467,120.1909424","30.9232838,120.1825650;30.9053176,120.1490552"
08,Datasets/UAV_VisLoc_dataset/08/drone/08_0144.JPG,30.9322670,120.2118860,"30.9466399,120.1993199;30.9430467,120.1888481;30.9430467,120.1972255;30.9448433,120.1972255","30.9035210,120.2433015;30.9214872,120.1532439"
08,Datasets/UAV_VisLoc_dataset/08/drone/08_0145.JPG,30.9322670,120.2118860,"30.9394534,120.1888481;30.9430467,120.1909424;30.9430467,120.1972255;30.9412501,120.1888481","30.9071142,120.1427721;30.9430467,120.1637157"
08,Datasets/UAV_VisLoc_dataset/08/drone/08_0146.JPG,30.9322670,120.2097917,"30.9412501,120.1888481;30.9394534,120.1888481;30.9430467,120.1909424;30.9430467,120.1972255","30.9196906,120.2453958;30.9268771,120.2244522"
08,Datasets/UAV_VisLoc_dataset/08/drone/08_0147.JPG,30.9322670,120.2097917,"30.9394534,120.1888481;30.9412501,120.1888481;30.9430467,120.1909424;30.9430467,120.1972255","30.9250805,120.2265466;30.9322670,120.2328297"
08,Datasets/UAV_VisLoc_dataset/08/drone/08_0148.JPG,30.9340636,120.2076973,"30.9412501,120.1888481;30.9394534,120.1888481;30.9430467,120.1909424;30.9412501,120.1951311","30.9053176,120.2412071;30.9089109,120.2076973"
08,Datasets/UAV_VisLoc_dataset/08/drone/08_0149.JPG,30.9340636,120.2076973,"30.9412501,120.1888481;30.9394534,120.1888481;30.9430467,120.1909424;30.9430467,120.1972255","30.9160974,120.2286409;30.9125041,120.2139804"
08,Datasets/UAV_VisLoc_dataset/08/drone/08_0150.JPG,30.9340636,120.2056030,"30.9412501,120.1888481;30.9412501,120.2160748;30.9448433,120.2181691;30.9412501,120.1951311","30.9394534,120.1846593;30.9214872,120.1783762"
08,Datasets/UAV_VisLoc_dataset/08/drone/08_0151.JPG,30.9340636,120.2056030,"30.9412501,120.1888481;30.9394534,120.1888481;30.9430467,120.1972255;30.9430467,120.1909424","30.9358602,120.1490552;30.9340636,120.2181691"
08,Datasets/UAV_VisLoc_dataset/08/drone/08_0152.JPG,30.9340636,120.2035086,"30.9412501,120.1888481;30.9394534,120.1888481;30.9430467,120.1972255;30.9430467,120.1909424","30.9107075,120.1741875;30.9358602,120.2391128"
08,Datasets/UAV_VisLoc_dataset/08/drone/08_0153.JPG,30.9340636,120.2035086,"30.9412501,120.1888481;30.9394534,120.1888481;30.9430467,120.1909424;30.9430467,120.1972255","30.9466399,120.2286409;30.9268771,120.2244522"
08,Datasets/UAV_VisLoc_dataset/08/drone/08_0154.JPG,30.9340636,120.2014142,"30.9466399,120.1993199;30.9466399,120.1511495;30.9430467,120.1888481;30.9430467,120.1972255","30.9430467,120.1720932;30.9412501,120.1783762"
08,Datasets/UAV_VisLoc_dataset/08/drone/08_0155.JPG,30.9340636,120.2014142,"30.9412501,120.1679044;30.9466399,120.1993199;30.9394534,120.1595270;30.9430467,120.1888481","30.9394534,120.2349240;30.9178940,120.2516789"
08,Datasets/UAV_VisLoc_dataset/08/drone/08_0156.JPG,30.9340636,120.1993199,"30.9412501,120.1679044;30.9466399,120.1993199;30.9430467,120.1888481;30.9394534,120.1595270","30.9196906,120.2160748;30.9376568,120.2495846"
08,Datasets/UAV_VisLoc_dataset/08/drone/08_0157.JPG,30.9340636,120.1972255,"30.9412501,120.1679044;30.9466399,120.1993199;30.9448433,120.1888481;30.9394534,120.1595270","30.9268771,120.2453958;30.9448433,120.1867537"
08,Datasets/UAV_VisLoc_dataset/08/drone/08_0158.JPG,30.9340636,120.1972255,"30.9466399,120.1993199;30.9430467,120.1888481;30.9430467,120.1909424;30.9430467,120.1972255","30.9089109,120.2412071;30.9304703,120.1679044"
08,Datasets/UAV_VisLoc_dataset/08/drone/08_0159.JPG,30.9358602,120.1951311,"30.9430467,120.1909424;30.9394534,120.1888481;30.9430467,120.1972255;30.9466399,120.1993199","30.9250805,120.1511495;30.9322670,120.1699988"
08,Datasets/UAV_VisLoc_dataset/08/drone/08_0160.JPG,30.9358602,120.1951311,"30.9412501,120.1679044;30.9466399,120.1993199;30.9430467,120.1888481;30.9466399,120.1972255","30.9089109,120.1951311;30.9214872,120.1553383"
08,Datasets/UAV_VisLoc_dataset/08/drone/08_0161.JPG,30.9358602,120.1930368,"30.9412501,120.1679044;30.9466399,120.1993199;30.9430467,120.1888481;30.9466399,120.1972255","30.9394534,120.1783762;30.9376568,120.1616213"
08,Datasets/UAV_VisLoc_dataset/08/drone/08_0162.JPG,30.9358602,120.1930368,"30.9412501,120.1679044;30.9466399,120.1993199;30.9430467,120.1888481;30.9466399,120.1972255","30.9412501,120.1762819;30.9466399,120.1469608"
08,Datasets/UAV_VisLoc_dataset/08/drone/08_0163.JPG,30.9358602,120.1930368,"30.9412501,120.1679044;30.9466399,120.1993199;30.9394534,120.1595270;30.9430467,120.1888481","30.9125041,120.2370184;30.9268771,120.1679044"
08,Datasets/UAV_VisLoc_dataset/08/drone/08_0164.JPG,30.9358602,120.1909424,"30.9412501,120.1679044;30.9394534,120.1595270;30.9466399,120.1993199;30.9430467,120.1888481","30.9071142,120.1804706;30.9358602,120.2160748"
08,Datasets/UAV_VisLoc_dataset/08/drone/08_0165.JPG,30.9358602,120.1909424,"30.9412501,120.1679044;30.9394534,120.1595270;30.9448433,120.1679044;30.9394534,120.1679044","30.9448433,120.1888481;30.9107075,120.2516789"
08,Datasets/UAV_VisLoc_dataset/08/drone/08_0166.JPG,30.9358602,120.1888481,"30.9412501,120.1679044;30.9466399,120.1993199;30.9430467,120.1888481;30.9466399,120.1972255","30.9214872,120.2035086;30.9268771,120.1993199"
08,Datasets/UAV_VisLoc_dataset/08/drone/08_0167.JPG,30.9358602,120.1888481,"30.9412501,120.1679044;30.9466399,120.1993199;30.9430467,120.1888481;30.9466399,120.1972255","30.9430467,120.2160748;30.9268771,120.2118860"
08,Datasets/UAV_VisLoc_dataset/08/drone/08_0168.JPG,30.9358602,120.1867537,"30.9412501,120.1679044;30.9394534,120.1595270;30.9394534,120.1679044;30.9448433,120.1679044","30.9466399,120.1825650;30.9340636,120.2244522"
08,Datasets/UAV_VisLoc_dataset/08/drone/08_0169.JPG,30.9358602,120.1867537,"30.9412501,120.1679044;30.9448433,120.1888481;30.9466399,120.1993199;30.9412501,120.1762819","30.9143007,120.1364890;30.9232838,120.1595270"
08,Datasets/UAV_VisLoc_dataset/08/drone/08_0170.JPG,30.9358602,120.1846593,"30.9466399,120.1993199;30.9430467,120.1888481;30.9466399,120.1972255;30.9430467,120.1909424","30.9466399,120.1364890;30.9376568,120.2139804"
08,Datasets/UAV_VisLoc_dataset/08/drone/08_0171.JPG,30.9376568,120.1846593,"30.9412501,120.1679044;30.9358602,120.1888481;30.9448433,120.1888481;30.9376568,120.1888481","30.9304703,120.1679044;30.9214872,120.1804706"
08,Datasets/UAV_VisLoc_dataset/08/drone/08_0172.JPG,30.9376568,120.1825650,"30.9412501,120.1679044;30.9448433,120.1888481;30.9376568,120.1888481;30.9412501,120.1762819","30.9107075,120.1888481;30.9214872,120.2412071"
08,Datasets/UAV_VisLoc_dataset/08/drone/08_0173.JPG,30.9376568,120.1825650,"30.9358602,120.1888481;30.9412501,120.1679044;30.9466399,120.1888481;30.9376568,120.1888481","30.9412501,120.1595270;30.9376568,120.2328297"
08,Datasets/UAV_VisLoc_dataset/08/drone/08_0174.JPG,30.9376568,120.1804706,"30.9466399,120.1972255;30.9466399,120.1951311;30.9466399,120.1993199;30.9430467,120.1888481","30.9071142,120.1511495;30.9035210,120.1762819"
08,Datasets/UAV_VisLoc_dataset/08/drone/08_0175.JPG,30.9376568,120.1804706,"30.9358602,120.1888481;30.9412501,120.1679044;30.9376568,120.1888481;30.9448433,120.1888481","30.9107075,120.2307353;30.9340636,120.1595270"
08,Datasets/UAV_VisLoc_dataset/08/drone/08_0176.JPG,30.9376568,120.1783762,"30.9466399,120.1972255;30.9466399,120.1951311;30.9448433,120.1888481;30.9430467,120.1888481","30.9412501,120.1888481;30.9412501,120.2328297"
08,Datasets/UAV_VisLoc_dataset/08/drone/08_0177.JPG,30.9376568,120.1783762,"30.9448433,120.1888481;30.9376568,120.1888481;30.9466399,120.1972255;30.9466399,120.1888481","30.9268771,120.2160748;30.9160974,120.1699988"
08,Datasets/UAV_VisLoc_dataset/08/drone/08_0178.JPG,30.9376568,120.1762819,"30.9448433,120.1888481;30.9466399,120.1888481;30.9376568,120.1888481;30.9466399,120.1909424","30.9412501,120.1532439;30.9071142,120.1364890"
08,Datasets/UAV_VisLoc_dataset/08/drone/08_0179.JPG,30.9376568,120.1762819,"30.9448433,120.1888481;30.9466399,120.1909424;30.9466399,120.1888481;30.9376568,120.1888481","30.9358602,120.1658101;30.9250805,120.1427721"
08,Datasets/UAV_VisLoc_dataset/08/drone/08_0180.JPG,30.9376568,120.1741875,"30.9466399,120.1888481;30.9466399,120.1909424;30.9448433,120.1888481;30.9466399,120.1930368","30.9089109,120.2202635;30.9358602,120.1448664"
08,Datasets/UAV_VisLoc_dataset/08/drone/08_0181.JPG,30.9376568,120.1741875,"30.9448433,120.1888481;30.9466399,120.1909424;30.9466399,120.1888481;30.9376568,120.1888481","30.9178940,120.2286409;30.9214872,120.2474902"
08,Datasets/UAV_VisLoc_dataset/08/drone/08_0182.JPG,30.9394534,120.1720932,"30.9466399,120.1909424;30.9466399,120.1930368;30.9448433,120.1888481;30.9448433,120.1909424","30.9143007,120.1553383;30.9232838,120.1762819"
08,Datasets/UAV_VisLoc_dataset/08/drone/08_0183.JPG,30.9394534,120.1720932,"30.9466399,120.1909424;30.9466399,120.1930368;30.9466399,120.1888481;30.9448433,120.1888481","30.9143007,120.2014142;30.9035210,120.1699988"
08,Datasets/UAV_VisLoc_dataset/08/drone/08_0184.JPG,30.9394534,120.1699988,"30.9466399,120.1909424;30.9466399,120.1930368;30.9466399,120.1888481;30.9448433,120.1930368","30.9089109,120.2391128;30.9125041,120.2035086"
08,Datasets/UAV_VisLoc_dataset/08/drone/08_0185.JPG,30.9394534,120.1699988,"30.9448433,120.1888481;30.9466399,120.1909424;30.9466399,120.1930368;30.9466399,120.1888481","30.9232838,120.1679044;30.9466399,120.2181691"
08,Datasets/UAV_VisLoc_dataset/08/drone/08_0186.JPG,30.9394534,120.1699988,"30.9448433,120.1888481;30.9466399,120.1909424;30.9466399,120.1930368;30.9376568,120.1888481","30.9071142,120.1448664;30.9196906,120.1972255"
08,Datasets/UAV_VisLoc_dataset/08/drone/08_0187.JPG,30.9394534,120.1679044,"30.9466399,120.1909424;30.9466399,120.1930368;30.9448433,120.1888481;30.9448433,120.1930368","30.9376568,120.2056030;30.9125041,120.2391128"
08,Datasets/UAV_VisLoc_dataset/08/drone/08_0188.JPG,30.9394534,120.1679044,"30.9466399,120.1930368;30.9466399,120.1909424;30.9448433,120.1930368;30.9448433,120.1909424","30.9214872,120.1406777;30.9376568,120.1448664"
08,Datasets/UAV_VisLoc_dataset/08/drone/08_0189.JPG,30.9394534,120.1658101,"30.9466399,120.1888481;30.9466399,120.1909424;30.9466399,120.1930368;30.9448433,120.1888481","30.9125041,120.1658101;30.9250805,120.1469608"
08,Datasets/UAV_VisLoc_dataset/08/drone/08_0190.JPG,30.9394534,120.1637157,"30.9466399,120.1888481;30.9466399,120.1909424;30.9466399,120.1930368;30.9448433,120.1888481","30.9304703,120.2139804;30.9125041,120.1658101"
08,Datasets/UAV_VisLoc_dataset/08/drone/08_0191.JPG,30.9394534,120.1637157,"30.9448433,120.1888481;30.9466399,120.1888481;30.9376568,120.1888481;30.9466399,120.1909424","30.9286737,120.2391128;30.9304703,120.1930368"
08,Datasets/UAV_VisLoc_dataset/08/drone/08_0192.JPG,30.9394534,120.1616213,"30.9466399,120.1888481;30.9448433,120.1888481;30.9466399,120.1909424;30.9376568,120.1888481","30.9448433,120.2474902;30.9178940,120.2244522"
08,Datasets/UAV_VisLoc_dataset/08/drone/08_0193.JPG,30.9394534,120.1616213,"30.9466399,120.1909424;30.9448433,120.1888481;30.9466399,120.1930368;30.9466399,120.1888481","30.9322670,120.1448664;30.9304703,120.2097917"
08,Datasets/UAV_VisLoc_dataset/08/drone/08_0194.JPG,30.9412501,120.1595270,"30.9448433,120.1888481;30.9466399,120.1951311;30.9466399,120.1972255;30.9466399,120.1909424","30.9376568,120.1469608;30.9232838,120.1469608"
08,Datasets/UAV_VisLoc_dataset/08/drone/08_0195.JPG,30.9412501,120.1595270,"30.9466399,120.1909424;30.9448433,120.1888481;30.9466399,120.1888481;30.9466399,120.1930368","30.9232838,120.2076973;30.9232838,120.2328297"
08,Datasets/UAV_VisLoc_dataset/08/drone/08_0196.JPG,30.9412501,120.1574326,"30.9466399,120.1888481;30.9466399,120.1909424;30.9448433,120.1888481;30.9448433,120.1867537","30.9286737,120.2097917;30.9053176,120.2349240"
08,Datasets/UAV_VisLoc_dataset/08/drone/08_0197.JPG,30.9412501,120.1574326,"30.9448433,120.1888481;30.9376568,120.1888481;30.9412501,120.1762819;30.9466399,120.1972255","30.9358602,120.1658101;30.9071142,120.1909424"
08,Datasets/UAV_VisLoc_dataset/08/drone/08_0198.JPG,30.9412501,120.1553383,"30.9466399,120.1972255;30.9466399,120.1951311;30.9448433,120.1888481;30.9376568,120.1888481","30.9071142,120.1364890;30.9304703,120.2118860"
08,Datasets/UAV_VisLoc_dataset/08/drone/08_0199.JPG,30.9412501,120.1553383,"30.9466399,120.1972255;30.9448433,120.1888481;30.9466399,120.1951311;30.9376568,120.1888481","30.9394534,120.1867537;30.9143007,120.2097917"
08,Datasets/UAV_VisLoc_dataset/08/drone/08_0200.JPG,30.9412501,120.1532439,"30.9466399,120.1951311;30.9466399,120.1972255;30.9430467,120.1888481;30.9466399,120.1993199","30.9125041,120.1783762;30.9196906,120.2453958"
08,Datasets/UAV_VisLoc_dataset/08/drone/08_0201.JPG,30.9412501,120.1532439,"30.9448433,120.1888481;30.9466399,120.1972255;30.9412501,120.1679044;30.9466399,120.1951311","30.9250805,120.1909424;30.9322670,120.1783762"
08,Datasets/UAV_VisLoc_dataset/08/drone/08_0202.JPG,30.9412501,120.1511495,"30.9466399,120.1951311;30.9448433,120.1888481;30.9466399,120.1972255;30.9376568,120.1888481","30.9107075,120.2076973;30.9448433,120.2433015"
08,Datasets/UAV_VisLoc_dataset/08/drone/08_0203.JPG,30.9412501,120.1511495,"30.9448433,120.1888481;30.9466399,120.1909424;30.9466399,120.1888481;30.9376568,120.1888481","30.9430467,120.2453958;30.9089109,120.1406777"
08,Datasets/UAV_VisLoc_dataset/08/drone/08_0204.JPG,30.9412501,120.1490552,"30.9466399,120.1951311;30.9466399,120.1972255;30.9448433,120.1888481;30.9448433,120.1909424","30.9322670,120.2056030;30.9286737,120.2223579"
08,Datasets/UAV_VisLoc_dataset/08/drone/08_0205.JPG,30.9430467,120.1490552,"30.9466399,120.1951311;30.9466399,120.1972255;30.9430467,120.1888481;30.9448433,120.1972255","30.9322670,120.1762819;30.9125041,120.1679044"
08,Datasets/UAV_VisLoc_dataset/08/drone/08_0206.JPG,30.9430467,120.1469608,"30.9430467,120.2328297;30.9394534,120.1888481;30.9430467,120.1909424;30.9448433,120.2328297","30.9035210,120.1616213;30.9035210,120.2014142"
08,Datasets/UAV_VisLoc_dataset/08/drone/08_0207.JPG,30.9430467,120.1469608,"30.9394534,120.1888481;30.9430467,120.1909424;30.9430467,120.1972255;30.9466399,120.1951311","30.9089109,120.2118860;30.9071142,120.1825650"
08,Datasets/UAV_VisLoc_dataset/08/drone/08_0208.JPG,30.9430467,120.1469608,"30.9448433,120.1888481;30.9466399,120.1888481;30.9376568,120.1888481;30.9412501,120.1762819","30.9071142,120.2328297;30.9304703,120.1993199"
08,Datasets/UAV_VisLoc_dataset/08/drone/08_0209.JPG,30.9430467,120.1448664,"30.9394534,120.1679044;30.9412501,120.1679044;30.9358602,120.1888481;30.9448433,120.1679044","30.9304703,120.1888481;30.9232838,120.2202635"
08,Datasets/UAV_VisLoc_dataset/08/drone/08_0210.JPG,30.9430467,120.1448664,"30.9394534,120.1595270;30.9412501,120.1679044;30.9394534,120.1574326;30.9412501,120.1658101","30.9196906,120.2453958;30.9304703,120.1846593"
08,Datasets/UAV_VisLoc_dataset/08/drone/08_0211.JPG,30.9412501,120.1448664,"30.9430467,120.1574326;30.9448433,120.1532439;30.9412501,120.1574326;30.9412501,120.1993199","30.9089109,120.1490552;30.9143007,120.1930368"
08,Datasets/UAV_VisLoc_dataset/08/drone/08_0212.JPG,30.9394534,120.1448664,"30.9322670,120.2244522;30.9358602,120.2265466;30.9322670,120.2223579;30.9340636,120.2265466","30.9107075,120.2391128;30.9143007,120.1888481"
08,Datasets/UAV_VisLoc_dataset/08/drone/08_0213.JPG,30.9394534,120.1469608,"30.9412501,120.1888481;30.9412501,120.1951311;30.9412501,120.1909424;30.9430467,120.1993199","30.9232838,120.2516789;30.9160974,120.1804706"
08,Datasets/UAV_VisLoc_dataset/08/drone/08_0214.JPG,30.9394534,120.1469608,"30.9412501,120.1888481;30.9466399,120.2014142;30.9466399,120.1511495;30.9412501,120.1951311","30.9035210,120.1909424;30.9143007,120.1888481"
08,Datasets/UAV_VisLoc_dataset/08/drone/08_0215.JPG,30.9412501,120.1448664,"30.9448433,120.1532439;30.9412501,120.1993199;30.9412501,120.1553383;30.9412501,120.1574326","30.9089109,120.2223579;30.9214872,120.2223579"
08,Datasets/UAV_VisLoc_dataset/08/drone/08_0216.JPG,30.9394534,120.1448664,"30.9358602,120.2265466;30.9322670,120.2244522;30.9304703,120.2244522;30.9322670,120.2223579","30.9376568,120.1553383;30.9286737,120.2412071"
08,Datasets/UAV_VisLoc_dataset/08/drone/08_0217.JPG,30.9394534,120.1469608,"30.9358602,120.2265466;30.9322670,120.2244522;30.9322670,120.2223579;30.9304703,120.2244522","30.9448433,120.1762819;30.9143007,120.1406777"
08,Datasets/UAV_VisLoc_dataset/08/drone/08_0218.JPG,30.9394534,120.1469608,"30.9322670,120.2244522;30.9340636,120.2265466;30.9358602,120.2265466;30.9322670,120.2223579","30.9448433,120.1783762;30.9268771,120.1867537"
08,Datasets/UAV_VisLoc_dataset/08/drone/08_0219.JPG,30.9394534,120.1469608,"30.9322670,120.2244522;30.9340636,120.2265466;30.9322670,120.2223579;30.9358602,120.2265466","30.9089109,120.1637157;30.9412501,120.2181691"
08,Datasets/UAV_VisLoc_dataset/08/drone/08_0220.JPG,30.9394534,120.1490552,"30.9322670,120.2244522;30.9340636,120.2265466;30.9340636,120.2223579;30.9376568,120.2244522","30.9125041,120.1637157;30.9053176,120.1888481"
08,Datasets/UAV_VisLoc_dataset/08/drone/08_0221.JPG,30.9394534,120.1490552,"30.9322670,120.2244522;30.9340636,120.2244522;30.9340636,120.2265466;30.9376568,120.2244522","30.9160974,120.1720932;30.9214872,120.1553383"
08,Datasets/UAV_VisLoc_dataset/08/drone/08_0222.JPG,30.9394534,120.1511495,"30.9340636,120.2244522;30.9322670,120.2244522;30.9340636,120.2265466;30.9376568,120.2265466","30.9214872,120.1490552;30.9466399,120.2265466"
08,Datasets/UAV_VisLoc_dataset/08/drone/08_0223.JPG,30.9394534,120.1511495,"30.9340636,120.2244522;30.9376568,120.2265466;30.9340636,120.2328297;30.9340636,120.2265466","30.9143007,120.2056030;30.9089109,120.1867537"
08,Datasets/UAV_VisLoc_dataset/08/drone/08_0224.JPG,30.9394534,120.1532439,"30.9340636,120.2244522;30.9322670,120.2244522;30.9340636,120.2265466;30.9376568,120.2265466","30.9376568,120.2014142;30.9394534,120.2181691"
08,Datasets/UAV_VisLoc_dataset/08/drone/08_0225.JPG,30.9394534,120.1532439,"30.9322670,120.2244522;30.9340636,120.2244522;30.9340636,120.2265466;30.9376568,120.2244522","30.9358602,120.2056030;30.9196906,120.2328297"
08,Datasets/UAV_VisLoc_dataset/08/drone/08_0226.JPG,30.9394534,120.1553383,"30.9322670,120.2244522;30.9340636,120.2265466;30.9322670,120.2223579;30.9340636,120.2286409","30.9071142,120.1972255;30.9250805,120.2181691"
08,Datasets/UAV_VisLoc_dataset/08/drone/08_0227.JPG,30.9394534,120.1553383,"30.9322670,120.2244522;30.9340636,120.2265466;30.9376568,120.2244522;30.9340636,120.2223579","30.9035210,120.2223579;30.9250805,120.2433015"
08,Datasets/UAV_VisLoc_dataset/08/drone/08_0228.JPG,30.9376568,120.1574326,"30.9322670,120.2244522;30.9340636,120.2265466;30.9322670,120.2223579;30.9340636,120.2244522","30.9250805,120.2349240;30.9178940,120.2118860"
08,Datasets/UAV_VisLoc_dataset/08/drone/08_0229.JPG,30.9376568,120.1574326,"30.9322670,120.2244522;30.9340636,120.2265466;30.9340636,120.2223579;30.9340636,120.2244522","30.9089109,120.1427721;30.9143007,120.1804706"
08,Datasets/UAV_VisLoc_dataset/08/drone/08_0230.JPG,30.9376568,120.1595270,"30.9340636,120.2244522;30.9322670,120.2244522;30.9340636,120.2265466;30.9376568,120.2244522","30.9376568,120.2160748;30.9448433,120.1846593"
08,Datasets/UAV_VisLoc_dataset/08/drone/08_0231.JPG,30.9376568,120.1595270,"30.9322670,120.2244522;30.9340636,120.2265466;30.9340636,120.2244522;30.9340636,120.2223579","30.9286737,120.1909424;30.9286737,120.2202635"
08,Datasets/UAV_VisLoc_dataset/08/drone/08_0232.JPG,30.9376568,120.1616213,"30.9322670,120.2244522;30.9340636,120.2265466;30.9376568,120.2244522;30.9340636,120.2244522","30.9196906,120.2495846;30.9286737,120.2118860"
08,Datasets/UAV_VisLoc_dataset/08/drone/08_0233.JPG,30.9376568,120.1616213,"30.9322670,120.2223579;30.9340636,120.2286409;30.9358602,120.2265466;30.9322670,120.2244522","30.9268771,120.1783762;30.9196906,120.2244522"
08,Datasets/UAV_VisLoc_dataset/08/drone/08_0234.JPG,30.9376568,120.1637157,"30.9340636,120.2286409;30.9322670,120.2223579;30.9340636,120.2307353;30.9322670,120.2244522","30.9143007,120.2349240;30.9143007,120.2223579"
08,Datasets/UAV_VisLoc_dataset/08/drone/08_0235.JPG,30.9376568,120.1637157,"30.9322670,120.2244522;30.9340636,120.2265466;30.9376568,120.2244522;30.9340636,120.2244522","30.9214872,120.1804706;30.9340636,120.1532439"
08,Datasets/UAV_VisLoc_dataset/08/drone/08_0236.JPG,30.9376568,120.1658101,"30.9322670,120.2244522;30.9340636,120.2265466;30.9340636,120.2244522;30.9340636,120.2223579","30.9466399,120.2118860;30.9035210,120.2453958"
08,Datasets/UAV_VisLoc_dataset/08/drone/08_0237.JPG,30.9376568,120.1658101,"30.9322670,120.2244522;30.9340636,120.2265466;30.9340636,120.2223579;30.9340636,120.2244522","30.9214872,120.1699988;30.9376568,120.2076973"
08,Datasets/UAV_VisLoc_dataset/08/drone/08_0238.JPG,30.9376568,120.1679044,"30.9322670,120.2244522;30.9340636,120.2244522;30.9340636,120.2265466;30.9340636,120.2223579","30.9178940,120.1846593;30.9322670,120.1867537"
08,Datasets/UAV_VisLoc_dataset/08/drone/08_0239.JPG,30.9358602,120.1679044,"30.9412501,120.2160748;30.9430467,120.1909424;30.9430467,120.1888481;30.9466399,120.1993199","30.9304703,120.1762819;30.9250805,120.1490552"
08,Datasets/UAV_VisLoc_dataset/08/drone/08_0240.JPG,30.9358602,120.1699988,"30.9430467,120.1888481;30.9466399,120.1993199;30.9466399,120.1951311;30.9412501,120.2160748","30.9286737,120.1846593;30.9053176,120.2139804"
08,Datasets/UAV_VisLoc_dataset/08/drone/08_0241.JPG,30.9358602,120.1699988,"30.9430467,120.1909424;30.9394534,120.1888481;30.9412501,120.2160748;30.9430467,120.1972255","30.9466399,120.1364890;30.9430467,120.1595270"
08,Datasets/UAV_VisLoc_dataset/08/drone/08_0242.JPG,30.9358602,120.1699988,"30.9412501,120.2160748;30.9430467,120.1909424;30.9394534,120.1888481;30.9430467,120.1972255","30.9178940,120.2307353;30.9340636,120.2370184"
08,Datasets/UAV_VisLoc_dataset/08/drone/08_0243.JPG,30.9358602,120.1720932,"30.9412501,120.2160748;30.9430467,120.1888481;30.9430467,120.1909424;30.9466399,120.1993199","30.9250805,120.1574326;30.9340636,120.1385834"
08,Datasets/UAV_VisLoc_dataset/08/drone/08_0244.JPG,30.9358602,120.1720932,"30.9412501,120.2160748;30.9430467,120.1888481;30.9466399,120.1993199;30.9430467,120.1909424","30.9053176,120.2202635;30.9143007,120.2160748"
08,Datasets/UAV_VisLoc_dataset/08/drone/08_0245.JPG,30.9358602,120.1741875,"30.9412501,120.1679044;30.9466399,120.1993199;30.9430467,120.1888481;30.9394534,120.1595270","30.9232838,120.2495846;30.9214872,120.1385834"
08,Datasets/UAV_VisLoc_dataset/08/drone/08_0246.JPG,30.9358602,120.1762819,"30.9466399,120.1993199;30.9412501,120.1679044;30.9430467,120.1888481;30.9394534,120.1595270","30.9448433,120.1951311;30.9178940,120.2118860"
08,Datasets/UAV_VisLoc_dataset/08/drone/08_0247.JPG,30.9358602,120.1762819,"30.9466399,120.1993199;30.9430467,120.1888481;30.9412501,120.2160748;30.9448433,120.1993199","30.9196906,120.1595270;30.9214872,120.1888481"
08,Datasets/UAV_VisLoc_dataset/08/drone/08_0248.JPG,30.9358602,120.1783762,"30.9448433,120.1993199;30.9466399,120.1993199;30.9430467,120.1909424;30.9412501,120.2160748","30.9125041,120.1574326;30.9143007,120.1595270"
08,Datasets/UAV_VisLoc_dataset/08/drone/08_0249.JPG,30.9358602,120.1783762,"30.9412501,120.2160748;30.9466399,120.1993199;30.9412501,120.1679044;30.9430467,120.1888481","30.9089109,120.1825650;30.9376568,120.2516789"
08,Datasets/UAV_VisLoc_dataset/08/drone/08_0250.JPG,30.9358602,120.1804706,"30.9448433,120.1993199;30.9412501,120.1888481;30.9376568,120.1909424;30.9412501,120.1951311","30.9340636,120.1553383;30.9322670,120.1595270"
08,Datasets/UAV_VisLoc_dataset/08/drone/08_0251.JPG,30.9340636,120.1804706,"30.9448433,120.1993199;30.9376568,120.1909424;30.9466399,120.2014142;30.9412501,120.1888481","30.9035210,120.1783762;30.9053176,120.2433015"
08,Datasets/UAV_VisLoc_dataset/08/drone/08_0252.JPG,30.9340636,120.1825650,"30.9412501,120.1888481;30.9412501,120.1951311;30.9430467,120.1993199;30.9448433,120.1993199","30.9394534,120.1553383;30.9035210,120.2139804"
08,Datasets/UAV_VisLoc_dataset/08/drone/08_0253.JPG,30.9340636,120.1825650,"30.9412501,120.1888481;30.9412501,120.1951311;30.9430467,120.1993199;30.9448433,120.1993199","30.9035210,120.1574326;30.9322670,120.1951311"
08,Datasets/UAV_VisLoc_dataset/08/drone/08_0254.JPG,30.9340636,120.1846593,"30.9412501,120.1888481;30.9412501,120.1951311;30.9430467,120.1993199;30.9412501,120.1909424","30.9125041,120.1595270;30.9448433,120.2286409"
08,Datasets/UAV_VisLoc_dataset/08/drone/08_0255.JPG,30.9340636,120.1846593,"30.9322670,120.2244522;30.9412501,120.1909424;30.9340636,120.2265466;30.9340636,120.2244522","30.9160974,120.2118860;30.9143007,120.2014142"
08,Datasets/UAV_VisLoc_dataset/08/drone/08_0256.JPG,30.9340636,120.1867537,"30.9322670,120.2244522;30.9340636,120.2265466;30.9340636,120.2244522;30.9412501,120.1909424","30.9143007,120.1448664;30.9035210,120.1490552"
08,Datasets/UAV_VisLoc_dataset/08/drone/08_0257.JPG,30.9340636,120.1867537,"30.9322670,120.2244522;30.9412501,120.1909424;30.9340636,120.2265466;30.9340636,120.2244522","30.9322670,120.1679044;30.9286737,120.2453958"
08,Datasets/UAV_VisLoc_dataset/08/drone/08_0258.JPG,30.9340636,120.1888481,"30.9412501,120.1909424;30.9412501,120.1972255;30.9448433,120.2181691;30.9412501,120.1951311","30.9089109,120.1699988;30.9178940,120.2223579"
08,Datasets/UAV_VisLoc_dataset/08/drone/08_0259.JPG,30.9340636,120.1888481,"30.9412501,120.1909424;30.9412501,120.1972255;30.9412501,120.1951311;30.9448433,120.2181691","30.9089109,120.2349240;30.9107075,120.2307353"
08,Datasets/UAV_VisLoc_dataset/08/drone/08_0260.JPG,30.9340636,120.1909424,"30.9322670,120.2244522;30.9340636,120.2265466;30.9340636,120.2244522;30.9376568,120.2244522","30.9394534,120.2035086;30.9071142,120.2328297"
08,Datasets/UAV_VisLoc_dataset/08/drone/08_0261.JPG,30.9340636,120.1909424,"30.9322670,120.2244522;30.9340636,120.2265466;30.9340636,120.2244522;30.9376568,120.2244522","30.9304703,120.2139804;30.9466399,120.2474902"
08,Datasets/UAV_VisLoc_dataset/08/drone/08_0262.JPG,30.9322670,120.1930368,"30.9322670,120.2244522;30.9340636,120.2265466;30.9340636,120.2244522;30.9376568,120.2244522","30.9035210,120.1406777;30.9107075,120.2370184"
08,Datasets/UAV_VisLoc_dataset/08/drone/08_0263.JPG,30.9322670,120.1930368,"30.9322670,120.2244522;30.9340636,120.2244522;30.9340636,120.2265466;30.9376568,120.2265466","30.9089109,120.1804706;30.9448433,120.2370184"
08,Datasets/UAV_VisLoc_dataset/08/drone/08_0264.JPG,30.9322670,120.1930368,"30.9322670,120.2244522;30.9340636,120.2244522;30.9340636,120.2265466;30.9376568,120.2265466","30.9196906,120.2370184;30.9394534,120.2035086"
08,Datasets/UAV_VisLoc_dataset/08/drone/08_0265.JPG,30.9322670,120.1951311,"30.9340636,120.2265466;30.9322670,120.2244522;30.9340636,120.2244522;30.9376568,120.2244522","30.9340636,120.2307353;30.9250805,120.1762819"
08,Datasets/UAV_VisLoc_dataset/08/drone/08_0266.JPG,30.9322670,120.1951311,"30.9394534,120.2181691;30.9340636,120.2265466;30.9340636,120.2244522;30.9376568,120.2244522","30.9232838,120.1385834;30.9340636,120.2244522"
08,Datasets/UAV_VisLoc_dataset/08/drone/08_0267.JPG,30.9322670,120.1972255,"30.9322670,120.2244522;30.9340636,120.2244522;30.9340636,120.2265466;30.9376568,120.2244522","30.9214872,120.2453958;30.9143007,120.2202635"
08,Datasets/UAV_VisLoc_dataset/08/drone/08_0268.JPG,30.9322670,120.1972255,"30.9412501,120.1888481;30.9430467,120.2244522;30.9412501,120.2160748;30.9430467,120.2265466","30.9125041,120.1762819;30.9035210,120.2453958"
08,Datasets/UAV_VisLoc_dataset/08/drone/08_0269.JPG,30.9322670,120.1993199,"30.9412501,120.1888481;30.9448433,120.1993199;30.9394534,120.1888481;30.9430467,120.1972255","30.9466399,120.2139804;30.9071142,120.1406777"
08,Datasets/UAV_VisLoc_dataset/08/drone/08_0270.JPG,30.9322670,120.1993199,"30.9412501,120.1888481;30.9448433,120.2223579;30.9430467,120.2265466;30.9430467,120.2286409","30.9448433,120.1741875;30.9394534,120.2516789"
08,Datasets/UAV_VisLoc_dataset/08/drone/08_0271.JPG,30.9322670,120.2014142,"30.9394534,120.1595270;30.9394534,120.1574326;30.9466399,120.1511495;30.9466399,120.2014142","30.9250805,120.1511495;30.9143007,120.1364890"
08,Datasets/UAV_VisLoc_dataset/08/drone/08_0272.JPG,30.9322670,120.2014142,"30.9394534,120.1595270;30.9394534,120.1574326;30.9466399,120.2014142;30.9430467,120.1679044","30.9322670,120.1741875;30.9412501,120.1679044"
08,Datasets/UAV_VisLoc_dataset/08/drone/08_0273.JPG,30.9322670,120.2035086,"30.9394534,120.1595270;30.9394534,120.1574326;30.9412501,120.1658101;30.9412501,120.1679044","30.9250805,120.1616213;30.9340636,120.2370184"
08,Datasets/UAV_VisLoc_dataset/08/drone/08_0274.JPG,30.9304703,120.2035086,"30.9394534,120.1574326;30.9412501,120.1888481;30.9466399,120.2014142;30.9466399,120.1511495","30.9412501,120.1595270;30.9448433,120.1616213"
08,Datasets/UAV_VisLoc_dataset/08/drone/08_0275.JPG,30.9304703,120.2056030,"30.9466399,120.1553383;30.9394534,120.1574326;30.9466399,120.1532439;30.9412501,120.1511495","30.9358602,120.2223579;30.9304703,120.1553383"
08,Datasets/UAV_VisLoc_dataset/08/drone/08_0276.JPG,30.9304703,120.2056030,"30.9466399,120.1574326;30.9466399,120.1553383;30.9394534,120.1574326;30.9466399,120.2014142","30.9035210,120.2412071;30.9196906,120.1867537"
08,Datasets/UAV_VisLoc_dataset/08/drone/08_0277.JPG,30.9304703,120.2076973,"30.9466399,120.1574326;30.9466399,120.1553383;30.9466399,120.2014142;30.9412501,120.1888481","30.9268771,120.1490552;30.9089109,120.1532439"
08,Datasets/UAV_VisLoc_dataset/08/drone/08_0278.JPG,30.9304703,120.2076973,"30.9412501,120.1658101;30.9412501,120.2160748;30.9448433,120.1679044;30.9412501,120.1679044","30.9214872,120.1511495;30.9089109,120.1804706"
08,Datasets/UAV_VisLoc_dataset/08/drone/08_0279.JPG,30.9304703,120.2097917,"30.9430467,120.1972255;30.9430467,120.1909424;30.9412501,120.1888481;30.9466399,120.1993199","30.9394534,120.1930368;30.9376568,120.1553383"
08,Datasets/UAV_VisLoc_dataset/08/drone/08_0280.JPG,30.9304703,120.2118860,"30.9412501,120.1888481;30.9430467,120.1972255;30.9430467,120.1909424;30.9394534,120.1888481","30.9250805,120.2286409;30.9125041,120.1993199"
08,Datasets/UAV_VisLoc_dataset/08/drone/08_0281.JPG,30.9304703,120.2118860,"30.9412501,120.1888481;30.9430467,120.1972255;30.9466399,120.1511495;30.9430467,120.1909424","30.9178940,120.2328297;30.9250805,120.1511495"
08,Datasets/UAV_VisLoc_dataset/08/drone/08_0282.JPG,30.9304703,120.2139804,"30.9412501,120.1888481;30.9412501,120.1951311;30.9394534,120.1888481;30.9430467,120.1972255","30.9394534,120.2056030;30.9071142,120.1679044"
08,Datasets/UAV_VisLoc_dataset/08/drone/08_0283.JPG,30.9304703,120.2139804,"30.9412501,120.1888481;30.9466399,120.1511495;30.9430467,120.1972255;30.9448433,120.1993199","30.9430467,120.1553383;30.9250805,120.2307353"
08,Datasets/UAV_VisLoc_dataset/08/drone/08_0284.JPG,30.9304703,120.2139804,"30.9430467,120.1888481;30.9466399,120.1993199;30.9430467,120.1972255;30.9430467,120.1951311","30.9394534,120.2244522;30.9340636,120.1804706"
08,Datasets/UAV_VisLoc_dataset/08/drone/08_0285.JPG,30.9286737,120.2160748,"30.9430467,120.1888481;30.9466399,120.1993199;30.9430467,120.1951311;30.9412501,120.1679044","30.9035210,120.2181691;30.9250805,120.1658101"
08,Datasets/UAV_VisLoc_dataset/08/drone/08_0286.JPG,30.9286737,120.2160748,"30.9430467,120.1888481;30.9466399,120.1993199;30.9412501,120.1679044;30.9430467,120.1951311","30.9412501,120.2328297;30.9394534,120.2035086"
08,Datasets/UAV_VisLoc_dataset/08/drone/08_0287.JPG,30.9286737,120.2181691,"30.9466399,120.1993199;30.9430467,120.1888481;30.9430467,120.1951311;30.9430467,120.1972255","30.9268771,120.1825650;30.9196906,120.1490552"
08,Datasets/UAV_VisLoc_dataset/08/drone/08_0288.JPG,30.9286737,120.2181691,"30.9430467,120.1972255;30.9394534,120.1888481;30.9430467,120.1909424;30.9466399,120.1993199","30.9160974,120.1574326;30.9107075,120.1574326"
08,Datasets/UAV_VisLoc_dataset/08/drone/08_0289.JPG,30.9286737,120.2202635,"30.9412501,120.1888481;30.9430467,120.1972255;30.9466399,120.1511495;30.9394534,120.1888481","30.9250805,120.1909424;30.9448433,120.1511495"
08,Datasets/UAV_VisLoc_dataset/08/drone/08_0290.JPG,30.9286737,120.2202635,"30.9394534,120.1574326;30.9466399,120.1511495;30.9466399,120.1553383;30.9412501,120.1888481","30.9196906,120.1511495;30.9322670,120.1993199"
08,Datasets/UAV_VisLoc_dataset/08/drone/08_0291.JPG,30.9286737,120.2223579,"30.9394534,120.1574326;30.9466399,120.1553383;30.9466399,120.1532439;30.9448433,120.2035086","30.9232838,120.2328297;30.9214872,120.1574326"
08,Datasets/UAV_VisLoc_dataset/08/drone/08_0292.JPG,30.9286737,120.2223579,"30.9394534,120.1574326;30.9466399,120.1532439;30.9466399,120.1553383;30.9448433,120.1595270","30.9412501,120.2349240;30.9412501,120.2286409"
08,Datasets/UAV_VisLoc_dataset/08/drone/08_0293.JPG,30.9286737,120.2244522,"30.9448433,120.1595270;30.9466399,120.1553383;30.9466399,120.1532439;30.9394534,120.1574326","30.9178940,120.1532439;30.9143007,120.1846593"
08,Datasets/UAV_VisLoc_dataset/08/drone/08_0294.JPG,30.9286737,120.2244522,"30.9466399,120.1574326;30.9394534,120.1595270;30.9466399,120.1553383;30.9466399,120.1595270","30.9107075,120.2391128;30.9053176,120.1993199"
08,Datasets/UAV_VisLoc_dataset/08/drone/08_0295.JPG,30.9286737,120.2265466,"30.9466399,120.1574326;30.9466399,120.1595270;30.9394534,120.1595270;30.9448433,120.1679044","30.9268771,120.2391128;30.9125041,120.2370184"
08,Datasets/UAV_VisLoc_dataset/08/drone/08_0296.JPG,30.9286737,120.2265466,"30.9394534,120.1595270;30.9412501,120.1679044;30.9448433,120.1679044;30.9412501,120.1658101","30.9394534,120.2474902;30.9376568,120.1385834"
08,Datasets/UAV_VisLoc_dataset/08/drone/08_0297.JPG,30.9268771,120.2286409,"30.9412501,120.1679044;30.9448433,120.1679044;30.9358602,120.1888481;30.9412501,120.1658101","30.9089109,120.1679044;30.9071142,120.1637157"
08,Datasets/UAV_VisLoc_dataset/08/drone/08_0298.JPG,30.9268771,120.2286409,"30.9412501,120.1679044;30.9394534,120.1595270;30.9448433,120.1679044;30.9412501,120.1658101","30.9322670,120.1846593;30.9268771,120.1448664"
08,Datasets/UAV_VisLoc_dataset/08/drone/08_0299.JPG,30.9268771,120.2307353,"30.9412501,120.1679044;30.9394534,120.1595270;30.9448433,120.1679044;30.9412501,120.1658101","30.9286737,120.1993199;30.9125041,120.1993199"
08,Datasets/UAV_VisLoc_dataset/08/drone/08_0300.JPG,30.9268771,120.2307353,"30.9394534,120.1595270;30.9412501,120.1679044;30.9412501,120.1658101;30.9448433,120.1951311","30.9340636,120.2433015;30.9035210,120.2349240"
08,Datasets/UAV_VisLoc_dataset/08/drone/08_0301.JPG,30.9268771,120.2328297,"30.9143007,120.2453958;30.9412501,120.1679044;30.9394534,120.1595270;30.9412501,120.1658101","30.9053176,120.2097917;30.9250805,120.1511495"
08,Datasets/UAV_VisLoc_dataset/08/drone/08_0302.JPG,30.9268771,120.2328297,"30.9125041,120.2474902;30.9143007,120.2453958;30.9035210,120.2474902;30.9053176,120.2453958","30.9178940,120.1490552;30.9214872,120.2181691"
08,Datasets/UAV_VisLoc_dataset/08/drone/08_0303.JPG,30.9268771,120.2349240,"30.9125041,120.2474902;30.9143007,120.2453958;30.9035210,120.2474902;30.9035210,120.2433015","30.9196906,120.2035086;30.9322670,120.1888481"
08,Datasets/UAV_VisLoc_dataset/08/drone/08_0304.JPG,30.9268771,120.2349240,"30.9125041,120.2474902;30.9035210,120.2433015;30.9053176,120.2453958;30.9035210,120.2412071","30.9071142,120.1595270;30.9394534,120.1616213"
08,Datasets/UAV_VisLoc_dataset/08/drone/08_0305.JPG,30.9268771,120.2370184,"30.9125041,120.2474902;30.9035210,120.2433015;30.9053176,120.2453958;30.9035210,120.2412071","30.9448433,120.1699988;30.9053176,120.2202635"
08,Datasets/UAV_VisLoc_dataset/08/drone/08_0306.JPG,30.9268771,120.2370184,"30.9125041,120.2474902;30.9035210,120.2433015;30.9178940,120.2516789;30.9053176,120.2453958","30.9107075,120.1951311;30.9394534,120.2202635"
08,Datasets/UAV_VisLoc_dataset/08/drone/08_0307.JPG,30.9268771,120.2370184,"30.9125041,120.2474902;30.9035210,120.2433015;30.9178940,120.2516789;30.9035210,120.2412071","30.9412501,120.1385834;30.9304703,120.1804706"
08,Datasets/UAV_VisLoc_dataset/08/drone/08_0308.JPG,30.9250805,120.2391128,"30.9125041,120.2474902;30.9035210,120.2433015;30.9178940,120.2516789;30.9286737,120.1637157","30.9430467,120.1595270;30.9125041,120.1385834"
08,Datasets/UAV_VisLoc_dataset/08/drone/08_0309.JPG,30.9250805,120.2391128,"30.9125041,120.2474902;30.9286737,120.1637157;30.9035210,120.2433015;30.9286737,120.1658101","30.9358602,120.2474902;30.9107075,120.2453958"
08,Datasets/UAV_VisLoc_dataset/08/drone/08_0310.JPG,30.9250805,120.2412071,"30.9125041,120.2474902;30.9286737,120.1637157;30.9035210,120.2433015;30.9286737,120.1658101","30.9412501,120.2349240;30.9430467,120.1427721"
08,Datasets/UAV_VisLoc_dataset/08/drone/08_0311.JPG,30.9250805,120.2412071,"30.9125041,120.2474902;30.9286737,120.1637157;30.9286737,120.1658101;30.9035210,120.2433015","30.9071142,120.2160748;30.9143007,120.2474902"
08,Datasets/UAV_VisLoc_dataset/08/drone/08_0312.JPG,30.9232838,120.2412071,"30.9107075,120.1679044;30.9035210,120.1574326;30.9143007,120.1532439;30.9214872,120.1699988","30.9178940,120.1385834;30.9466399,120.1385834"
08,Datasets/UAV_VisLoc_dataset/08/drone/08_0313.JPG,30.9232838,120.2412071,"30.9286737,120.1637157;30.9107075,120.1679044;30.9035210,120.1574326;30.9089109,120.1741875","30.9448433,120.2139804;30.9376568,120.1490552"
08,Datasets/UAV_VisLoc_dataset/08/drone/08_0314.JPG,30.9232838,120.2391128,"30.9286737,120.1637157;30.9035210,120.1574326;30.9071142,120.1595270;30.9107075,120.1679044","30.9053176,120.2097917;30.9071142,120.2097917"
08,Datasets/UAV_VisLoc_dataset/08/drone/08_0315.JPG,30.9232838,120.2391128,"30.9286737,120.1637157;30.9125041,120.2474902;30.9071142,120.1595270;30.9125041,120.1699988","30.9304703,120.1595270;30.9107075,120.2244522"
08,Datasets/UAV_VisLoc_dataset/08/drone/08_0316.JPG,30.9232838,120.2370184,"30.9286737,120.1637157;30.9125041,120.2474902;30.9089109,120.1741875;30.9125041,120.2160748","30.9089109,120.1511495;30.9448433,120.2223579"
08,Datasets/UAV_VisLoc_dataset/08/drone/08_0317.JPG,30.9232838,120.2370184,"30.9286737,120.1637157;30.9089109,120.1741875;30.9125041,120.2474902;30.9214872,120.2495846","30.9053176,120.1804706;30.9071142,120.1951311"
08,Datasets/UAV_VisLoc_dataset/08/drone/08_0318.JPG,30.9232838,120.2370184,"30.9125041,120.2474902;30.9214872,120.2495846;30.9035210,120.2412071;30.9214872,120.2433015","30.9178940,120.1427721;30.9160974,120.1888481"
08,Datasets/UAV_VisLoc_dataset/08/drone/08_0319.JPG,30.9232838,120.2349240,"30.9125041,120.2474902;30.9214872,120.2495846;30.9035210,120.2412071;30.9035210,120.2433015","30.9089109,120.1427721;30.9089109,120.1406777"
08,Datasets/UAV_VisLoc_dataset/08/drone/08_0320.JPG,30.9250805,120.2349240,"30.9125041,120.2474902;30.9286737,120.1637157;30.9053176,120.2453958;30.9035210,120.2412071","30.9466399,120.2244522;30.9143007,120.1888481"
08,Datasets/UAV_VisLoc_dataset/08/drone/08_0321.JPG,30.9250805,120.2328297,"30.9125041,120.2474902;30.9286737,120.1637157;30.9053176,120.2453958;30.9035210,120.2433015","30.9160974,120.2516789;30.9178940,120.1574326"
08,Datasets/UAV_VisLoc_dataset/08/drone/08_0322.JPG,30.9250805,120.2328297,"30.9125041,120.2474902;30.9286737,120.1637157;30.9286737,120.1658101;30.9053176,120.2453958","30.9214872,120.1679044;30.9250805,120.1825650"
08,Datasets/UAV_VisLoc_dataset/08/drone/08_0323.JPG,30.9250805,120.2307353,"30.9125041,120.2474902;30.9286737,120.1637157;30.9053176,120.2453958;30.9286737,120.1658101","30.9107075,120.1888481;30.9089109,120.2202635"
08,Datasets/UAV_VisLoc_dataset/08/drone/08_0324.JPG,30.9250805,120.2307353,"30.9125041,120.2474902;30.9286737,120.1637157;30.9035210,120.2433015;30.9053176,120.2453958","30.9053176,120.2118860;30.9089109,120.1804706"
08,Datasets/UAV_VisLoc_dataset/08/drone/08_0325.JPG,30.9250805,120.2286409,"30.9125041,120.2474902;30.9035210,120.2433015;30.9286737,120.1637157;30.9035210,120.2412071","30.9286737,120.1951311;30.9448433,120.2391128"
08,Datasets/UAV_VisLoc_dataset/08/drone/08_0326.JPG,30.9250805,120.2286409,"30.9125041,120.2474902;30.9286737,120.1637157;30.9035210,120.2433015;30.9035210,120.2412071","30.9466399,120.2265466;30.9268771,120.1448664"
08,Datasets/UAV_VisLoc_dataset/08/drone/08_0327.JPG,30.9250805,120.2265466,"30.9125041,120.2474902;30.9286737,120.1637157;30.9035210,120.2433015;30.9178940,120.2516789","30.9286737,120.2035086;30.9107075,120.2118860"
08,Datasets/UAV_VisLoc_dataset/08/drone/08_0328.JPG,30.9250805,120.2265466,"30.9125041,120.2474902;30.9035210,120.2433015;30.9286737,120.1637157;30.9035210,120.2412071","30.9304703,120.2495846;30.9107075,120.2265466"
08,Datasets/UAV_VisLoc_dataset/08/drone/08_0329.JPG,30.9250805,120.2244522,"30.9125041,120.2474902;30.9035210,120.2433015;30.9035210,120.2412071;30.9214872,120.2495846","30.9322670,120.2076973;30.9053176,120.1699988"
08,Datasets/UAV_VisLoc_dataset/08/drone/08_0330.JPG,30.9250805,120.2223579,"30.9125041,120.2474902;30.9035210,120.2433015;30.9035210,120.2412071;30.9286737,120.1637157","30.9340636,120.1993199;30.9250805,120.1574326"
08,Datasets/UAV_VisLoc_dataset/08/drone/08_0331.JPG,30.9268771,120.2223579,"30.9125041,120.2474902;30.9035210,120.2433015;30.9035210,120.2412071;30.9053176,120.2453958","30.9178940,120.2349240;30.9322670,120.2014142"
08,Datasets/UAV_VisLoc_dataset/08/drone/08_0332.JPG,30.9268771,120.2202635,"30.9125041,120.2474902;30.9035210,120.2433015;30.9035210,120.2412071;30.9053176,120.2453958","30.9214872,120.2056030;30.9304703,120.1469608"
08,Datasets/UAV_VisLoc_dataset/08/drone/08_0333.JPG,30.9268771,120.2202635,"30.9125041,120.2474902;30.9394534,120.1825650;30.9412501,120.1930368;30.9394534,120.1951311","30.9107075,120.2474902;30.9286737,120.2014142"
08,Datasets/UAV_VisLoc_dataset/08/drone/08_0334.JPG,30.9268771,120.2181691,"30.9125041,120.2474902;30.9035210,120.2433015;30.9035210,120.2412071;30.9286737,120.1637157","30.9178940,120.2328297;30.9035210,120.1595270"
08,Datasets/UAV_VisLoc_dataset/08/drone/08_0335.JPG,30.9268771,120.2181691,"30.9125041,120.2474902;30.9035210,120.2433015;30.9412501,120.1930368;30.9286737,120.1637157","30.9214872,120.1867537;30.9053176,120.2160748"
08,Datasets/UAV_VisLoc_dataset/08/drone/08_0336.JPG,30.9268771,120.2160748,"30.9125041,120.2474902;30.9035210,120.2433015;30.9286737,120.1637157;30.9035210,120.2412071","30.9232838,120.1699988;30.9089109,120.1532439"
08,Datasets/UAV_VisLoc_dataset/08/drone/08_0337.JPG,30.9268771,120.2160748,"30.9125041,120.2474902;30.9035210,120.2433015;30.9286737,120.1637157;30.9286737,120.1658101","30.9466399,120.2244522;30.9232838,120.1825650"
08,Datasets/UAV_VisLoc_dataset/08/drone/08_0338.JPG,30.9268771,120.2139804,"30.9125041,120.2474902;30.9286737,120.1637157;30.9286737,120.1658101;30.9035210,120.2433015","30.9430467,120.1574326;30.9466399,120.1972255"
08,Datasets/UAV_VisLoc_dataset/08/drone/08_0339.JPG,30.9268771,120.2139804,"30.9125041,120.2474902;30.9286737,120.1637157;30.9035210,120.2433015;30.9178940,120.2516789","30.9358602,120.1741875;30.9214872,120.1448664"
08,Datasets/UAV_VisLoc_dataset/08/drone/08_0340.JPG,30.9268771,120.2139804,"30.9125041,120.2474902;30.9035210,120.2433015;30.9053176,120.2453958;30.9178940,120.2516789","30.9160974,120.2097917;30.9412501,120.1616213"
08,Datasets/UAV_VisLoc_dataset/08/drone/08_0341.JPG,30.9268771,120.2118860,"30.9125041,120.2474902;30.9035210,120.2433015;30.9053176,120.2453958;30.9286737,120.1637157","30.9125041,120.2202635;30.9125041,120.2076973"
08,Datasets/UAV_VisLoc_dataset/08/drone/08_0342.JPG,30.9268771,120.2118860,"30.9125041,120.2474902;30.9035210,120.2433015;30.9214872,120.2495846;30.9053176,120.2453958","30.9322670,120.2495846;30.9071142,120.1637157"
08,Datasets/UAV_VisLoc_dataset/08/drone/08_0343.JPG,30.9286737,120.2097917,"30.9125041,120.2474902;30.9035210,120.2433015;30.9214872,120.2495846;30.9053176,120.2453958","30.9358602,120.1679044;30.9214872,120.2391128"
08,Datasets/UAV_VisLoc_dataset/08/drone/08_0344.JPG,30.9286737,120.2097917,"30.9125041,120.2474902;30.9035210,120.2433015;30.9125041,120.2160748;30.9286737,120.1637157","30.9089109,120.1469608;30.9107075,120.1637157"
08,Datasets/UAV_VisLoc_dataset/08/drone/08_0345.JPG,30.9286737,120.2076973,"30.9125041,120.2160748;30.9286737,120.1637157;30.9125041,120.2474902;30.9035210,120.2433015","30.9143007,120.1720932;30.9358602,120.1574326"
08,Datasets/UAV_VisLoc_dataset/08/drone/08_0346.JPG,30.9286737,120.2076973,"30.9125041,120.2160748;30.9125041,120.2474902;30.9286737,120.1637157;30.9035210,120.2433015","30.9412501,120.1951311;30.9448433,120.2160748"
08,Datasets/UAV_VisLoc_dataset/08/drone/08_0347.JPG,30.9286737,120.2056030,"30.9125041,120.2474902;30.9214872,120.2495846;30.9035210,120.2433015;30.9035210,120.2412071","30.9125041,120.2160748;30.9160974,120.1490552"
08,Datasets/UAV_VisLoc_dataset/08/drone/08_0348.JPG,30.9286737,120.2056030,"30.9125041,120.2474902;30.9214872,120.2495846;30.9035210,120.2433015;30.9035210,120.2412071","30.9107075,120.1762819;30.9268771,120.2516789"
08,Datasets/UAV_VisLoc_dataset/08/drone/08_0349.JPG,30.9286737,120.2035086,"30.9125041,120.2474902;30.9035210,120.2433015;30.9214872,120.2495846;30.9125041,120.2433015","30.9394534,120.1616213;30.9232838,120.2453958"
08,Datasets/UAV_VisLoc_dataset/08/drone/08_0350.JPG,30.9286737,120.2035086,"30.9125041,120.2474902;30.9035210,120.2433015;30.9035210,120.2412071;30.9214872,120.2495846","30.9089109,120.2307353;30.9196906,120.2097917"
08,Datasets/UAV_VisLoc_dataset/08/drone/08_0351.JPG,30.9286737,120.2014142,"30.9125041,120.2474902;30.9035210,120.2433015;30.9286737,120.1637157;30.9035210,120.2412071","30.9143007,120.2244522;30.9304703,120.1574326"
08,Datasets/UAV_VisLoc_dataset/08/drone/08_0352.JPG,30.9286737,120.2014142,"30.9125041,120.2474902;30.9035210,120.2433015;30.9286737,120.1637157;30.9125041,120.2160748","30.9107075,120.1427721;30.9466399,120.2391128"
08,Datasets/UAV_VisLoc_dataset/08/drone/08_0353.JPG,30.9286737,120.1993199,"30.9125041,120.2474902;30.9286737,120.1637157;30.9035210,120.2433015;30.9125041,120.2160748","30.9268771,120.1762819;30.9448433,120.1741875"
08,Datasets/UAV_VisLoc_dataset/08/drone/08_0354.JPG,30.9304703,120.1993199,"30.9125041,120.2474902;30.9286737,120.1637157;30.9286737,120.1658101;30.9107075,120.1511495","30.9268771,120.2349240;30.9214872,120.1364890"
08,Datasets/UAV_VisLoc_dataset/08/drone/08_0355.JPG,30.9304703,120.1972255,"30.9394534,120.1825650;30.9412501,120.1909424;30.9412501,120.1972255;30.9412501,120.1930368","30.9322670,120.1553383;30.9268771,120.1658101"
08,Datasets/UAV_VisLoc_dataset/08/drone/08_0356.JPG,30.9304703,120.1972255,"30.9412501,120.1972255;30.9412501,120.1909424;30.9412501,120.1951311;30.9412501,120.1888481","30.9394534,120.2014142;30.9214872,120.2223579"
08,Datasets/UAV_VisLoc_dataset/08/drone/08_0357.JPG,30.9304703,120.1951311,"30.9412501,120.1888481;30.9412501,120.1951311;30.9394534,120.1804706;30.9412501,120.1804706","30.9071142,120.1427721;30.9160974,120.2097917"
08,Datasets/UAV_VisLoc_dataset/08/drone/08_0358.JPG,30.9304703,120.1951311,"30.9412501,120.1909424;30.9412501,120.1888481;30.9412501,120.1972255;30.9412501,120.1951311","30.9430467,120.1951311;30.9125041,120.1637157"
08,Datasets/UAV_VisLoc_dataset/08/drone/08_0359.JPG,30.9304703,120.1930368,"30.9448433,120.2181691;30.9376568,120.2265466;30.9340636,120.2244522;30.9322670,120.2244522","30.9196906,120.2307353;30.9107075,120.2014142"
08,Datasets/UAV_VisLoc_dataset/08/drone/08_0360.JPG,30.9304703,120.1930368,"30.9412501,120.1909424;30.9394534,120.1909424;30.9448433,120.2181691;30.9412501,120.1972255","30.9214872,120.1385834;30.9430467,120.2160748"
08,Datasets/UAV_VisLoc_dataset/08/drone/08_0361.JPG,30.9304703,120.1930368,"30.9394534,120.1909424;30.9412501,120.1930368;30.9412501,120.1909424;30.9322670,120.2244522","30.9394534,120.1532439;30.9125041,120.2516789"
08,Datasets/UAV_VisLoc_dataset/08/drone/08_0362.JPG,30.9304703,120.1909424,"30.9412501,120.1930368;30.9394534,120.1909424;30.9394534,120.1825650;30.9412501,120.1532439","30.9214872,120.1658101;30.9322670,120.1532439"
08,Datasets/UAV_VisLoc_dataset/08/drone/08_0363.JPG,30.9304703,120.1888481,"30.9412501,120.1930368;30.9394534,120.1909424;30.9394534,120.1825650;30.9430467,120.1532439","30.9286737,120.2223579;30.9322670,120.1762819"
08,Datasets/UAV_VisLoc_dataset/08/drone/08_0364.JPG,30.9304703,120.1888481,"30.9125041,120.2474902;30.9035210,120.2474902;30.9412501,120.1930368;30.9394534,120.1909424","30.9430467,120.2244522;30.9304703,120.2516789"
08,Datasets/UAV_VisLoc_dataset/08/drone/08_0365.JPG,30.9304703,120.1867537,"30.9125041,120.2474902;30.9035210,120.2433015;30.9286737,120.1637157;30.9053176,120.2453958","30.9107075,120.1637157;30.9250805,120.1511495"
08,Datasets/UAV_VisLoc_dataset/08/drone/08_0366.JPG,30.9322670,120.1867537,"30.9125041,120.2474902;30.9035210,120.2433015;30.9286737,120.1637157;30.9053176,120.2453958","30.9304703,120.2307353;30.9376568,120.1972255"
08,Datasets/UAV_VisLoc_dataset/08/drone/08_0367.JPG,30.9322670,120.1846593,"30.9125041,120.2474902;30.9286737,120.1637157;30.9035210,120.2433015;30.9053176,120.2453958","30.9394534,120.2014142;30.9268771,120.1427721"
08,Datasets/UAV_VisLoc_dataset/08/drone/08_0368.JPG,30.9322670,120.1846593,"30.9286737,120.1637157;30.9125041,120.2474902;30.9286737,120.1658101;30.9107075,120.1511495","30.9053176,120.1888481;30.9196906,120.1658101"
08,Datasets/UAV_VisLoc_dataset/08/drone/08_0369.JPG,30.9322670,120.1825650,"30.9286737,120.1637157;30.9125041,120.2474902;30.9286737,120.1658101;30.9304703,120.1637157","30.9160974,120.1804706;30.9394534,120.2265466"
08,Datasets/UAV_VisLoc_dataset/08/drone/08_0370.JPG,30.9322670,120.1825650,"30.9286737,120.1637157;30.9125041,120.2474902;30.9143007,120.1532439;30.9125041,120.2160748","30.9178940,120.2453958;30.9250805,120.2181691"
08,Datasets/UAV_VisLoc_dataset/08/drone/08_0371.JPG,30.9322670,120.1804706,"30.9286737,120.1637157;30.9143007,120.1532439;30.9286737,120.1658101;30.9125041,120.2474902","30.9430467,120.1972255;30.9394534,120.2265466"
08,Datasets/UAV_VisLoc_dataset/08/drone/08_0372.JPG,30.9322670,120.1804706,"30.9286737,120.1637157;30.9286737,120.1658101;30.9304703,120.1637157;30.9143007,120.1532439","30.9250805,120.1574326;30.9358602,120.2412071"
08,Datasets/UAV_VisLoc_dataset/08/drone/08_0373.JPG,30.9322670,120.1783762,"30.9286737,120.1658101;30.9125041,120.2474902;30.9286737,120.1637157;30.9107075,120.1511495","30.9089109,120.1574326;30.9322670,120.2097917"
08,Datasets/UAV_VisLoc_dataset/08/drone/08_0374.JPG,30.9322670,120.1783762,"30.9125041,120.2474902;30.9286737,120.1637157;30.9286737,120.1658101;30.9107075,120.1511495","30.9358602,120.2265466;30.9232838,120.1762819"
08,Datasets/UAV_VisLoc_dataset/08/drone/08_0375.JPG,30.9322670,120.1762819,"30.9125041,120.2474902;30.9286737,120.1637157;30.9053176,120.2453958;30.9286737,120.1658101","30.9322670,120.1511495;30.9143007,120.1490552"
08,Datasets/UAV_VisLoc_dataset/08/drone/08_0376.JPG,30.9322670,120.1762819,"30.9107075,120.1511495;30.9125041,120.2474902;30.9286737,120.1658101;30.9053176,120.2453958","30.9143007,120.1658101;30.9178940,120.1427721"
08,Datasets/UAV_VisLoc_dataset/08/drone/08_0377.JPG,30.9322670,120.1741875,"30.9107075,120.1511495;30.9125041,120.2474902;30.9286737,120.1658101;30.9286737,120.1637157","30.9178940,120.2118860;30.9053176,120.2474902"
08,Datasets/UAV_VisLoc_dataset/08/drone/08_0378.JPG,30.9340636,120.1741875,"30.9107075,120.1511495;30.9286737,120.1637157;30.9125041,120.2474902;30.9089109,120.1511495","30.9448433,120.2307353;30.9214872,120.1825650"
08,Datasets/UAV_VisLoc_dataset/08/drone/08_0379.JPG,30.9340636,120.1720932,"30.9286737,120.1658101;30.9286737,120.1637157;30.9125041,120.2474902;30.9107075,120.1511495","30.9322670,120.1867537;30.9107075,120.1616213"
08,Datasets/UAV_VisLoc_dataset/08/drone/08_0380.JPG,30.9340636,120.1720932,"30.9125041,120.2474902;30.9286737,120.1637157;30.9286737,120.1658101;30.9053176,120.2453958","30.9232838,120.2035086;30.9214872,120.2056030"
08,Datasets/UAV_VisLoc_dataset/08/drone/08_0381.JPG,30.9340636,120.1699988,"30.9125041,120.2474902;30.9286737,120.1637157;30.9286737,120.1658101;30.9053176,120.2453958","30.9394534,120.2328297;30.9160974,120.1909424"
08,Datasets/UAV_VisLoc_dataset/08/drone/08_0382.JPG,30.9340636,120.1699988,"30.9125041,120.2474902;30.9035210,120.2433015;30.9053176,120.2453958;30.9107075,120.1511495","30.9143007,120.2453958;30.9107075,120.1783762"
08,Datasets/UAV_VisLoc_dataset/08/drone/08_0383.JPG,30.9340636,120.1699988,"30.9125041,120.2474902;30.9035210,120.2433015;30.9053176,120.2453958;30.9178940,120.2516789","30.9071142,120.2286409;30.9448433,120.2391128"
08,Datasets/UAV_VisLoc_dataset/08/drone/08_0384.JPG,30.9340636,120.1679044,"30.9125041,120.2474902;30.9286737,120.1637157;30.9286737,120.1658101;30.9053176,120.2453958","30.9376568,120.2495846;30.9214872,120.1385834"
08,Datasets/UAV_VisLoc_dataset/08/drone/08_0385.JPG,30.9340636,120.1679044,"30.9286737,120.1658101;30.9125041,120.2474902;30.9232838,120.1448664;30.9304703,120.1637157","30.9466399,120.1595270;30.9358602,120.1825650"
08,Datasets/UAV_VisLoc_dataset/08/drone/08_0386.JPG,30.9340636,120.1658101,"30.9286737,120.1658101;30.9304703,120.1637157;30.9232838,120.1448664;30.9107075,120.1511495","30.9089109,120.2307353;30.9358602,120.2118860"
08,Datasets/UAV_VisLoc_dataset/08/drone/08_0387.JPG,30.9340636,120.1658101,"30.9286737,120.1658101;30.9125041,120.2474902;30.9304703,120.1637157;30.9286737,120.1637157","30.9107075,120.2412071;30.9268771,120.2391128"
08,Datasets/UAV_VisLoc_dataset/08/drone/08_0388.JPG,30.9340636,120.1637157,"30.9304703,120.1637157;30.9286737,120.1658101;30.9232838,120.1448664;30.9286737,120.1637157","30.9089109,120.1595270;30.9376568,120.2139804"
08,Datasets/UAV_VisLoc_dataset/08/drone/08_0389.JPG,30.9358602,120.1637157,"30.9286737,120.1658101;30.9125041,120.2474902;30.9286737,120.1637157;30.9304703,120.1637157","30.9143007,120.2097917;30.9358602,120.1448664"
08,Datasets/UAV_VisLoc_dataset/08/drone/08_0390.JPG,30.9358602,120.1616213,"30.9232838,120.1448664;30.9160974,120.1448664;30.9304703,120.1637157;30.9322670,120.1783762","30.9394534,120.1867537;30.9430467,120.2391128"
08,Datasets/UAV_VisLoc_dataset/08/drone/08_0391.JPG,30.9358602,120.1616213,"30.9232838,120.1448664;30.9160974,120.1448664;30.9286737,120.1658101;30.9340636,120.1658101","30.9358602,120.2516789;30.9107075,120.1658101"
08,Datasets/UAV_VisLoc_dataset/08/drone/08_0392.JPG,30.9358602,120.1595270,"30.9232838,120.1448664;30.9071142,120.2265466;30.9160974,120.1448664;30.9125041,120.1427721","30.9196906,120.1951311;30.9304703,120.2035086"
08,Datasets/UAV_VisLoc_dataset/08/drone/08_0393.JPG,30.9358602,120.1595270,"30.9071142,120.2265466;30.9196906,120.2202635;30.9268771,120.2412071;30.9232838,120.1448664","30.9466399,120.2516789;30.9196906,120.2412071"
08,Datasets/UAV_VisLoc_dataset/08/drone/08_0394.JPG,30.9358602,120.1574326,"30.9071142,120.2265466;30.9268771,120.2412071;30.9196906,120.2202635;30.9035210,120.2286409","30.9071142,120.1699988;30.9035210,120.2160748"
08,Datasets/UAV_VisLoc_dataset/08/drone/08_0395.JPG,30.9358602,120.1553383,"30.9071142,120.2265466;30.9268771,120.2412071;30.9178940,120.2495846;30.9196906,120.2202635","30.9196906,120.2056030;30.9214872,120.1741875"
08,Datasets/UAV_VisLoc_dataset/08/drone/08_0396.JPG,30.9358602,120.1553383,"30.9268771,120.2412071;30.9196906,120.2202635;30.9071142,120.2265466;30.9178940,120.2495846","30.9268771,120.1993199;30.9214872,120.1679044"
08,Datasets/UAV_VisLoc_dataset/08/drone/08_0397.JPG,30.9358602,120.1532439,"30.9412501,120.1909424;30.9412501,120.1972255;30.9412501,120.1951311;30.9268771,120.2412071","30.9448433,120.1825650;30.9089109,120.2160748"
08,Datasets/UAV_VisLoc_dataset/08/drone/08_0398.JPG,30.9358602,120.1532439,"30.9125041,120.2474902;30.9268771,120.2412071;30.9232838,120.1448664;30.9196906,120.2202635","30.9178940,120.2202635;30.9089109,120.2474902"
08,Datasets/UAV_VisLoc_dataset/08/drone/08_0399.JPG,30.9358602,120.1511495,"30.9125041,120.2474902;30.9268771,120.2412071;30.9232838,120.1448664;30.9053176,120.2453958","30.9143007,120.1888481;30.9143007,120.2433015"
08,Datasets/UAV_VisLoc_dataset/08/drone/08_0400.JPG,30.9358602,120.1511495,"30.9125041,120.2474902;30.9232838,120.1448664;30.9268771,120.2412071;30.9107075,120.1385834","30.9160974,120.1699988;30.9071142,120.1951311"
08,Datasets/UAV_VisLoc_dataset/08/drone/08_0401.JPG,30.9376568,120.1490552,"30.9125041,120.2474902;30.9232838,120.1448664;30.9286737,120.1658101;30.9394534,120.1825650","30.9250805,120.2202635;30.9412501,120.2495846"
08,Datasets/UAV_VisLoc_dataset/08/drone/08_0402.JPG,30.9376568,120.1490552,"30.9412501,120.1909424;30.9412501,120.1972255;30.9394534,120.1825650;30.9412501,120.1951311","30.9250805,120.2223579;30.9160974,120.1385834"
08,Datasets/UAV_VisLoc_dataset/08/drone/08_0403.JPG,30.9376568,120.1469608,"30.9232838,120.1448664;30.9286737,120.1658101;30.9125041,120.2474902;30.9107075,120.1385834","30.9089109,120.2056030;30.9286737,120.2056030"
08,Datasets/UAV_VisLoc_dataset/08/drone/08_0404.JPG,30.9376568,120.1469608,"30.9232838,120.1448664;30.9125041,120.2474902;30.9286737,120.1658101;30.9107075,120.1385834","30.9107075,120.1595270;30.9322670,120.1595270"
08,Datasets/UAV_VisLoc_dataset/08/drone/08_0405.JPG,30.9376568,120.1469608,"30.9232838,120.1448664;30.9125041,120.2474902;30.9286737,120.1658101;30.9107075,120.1385834","30.9071142,120.1804706;30.9358602,120.1616213"
08,Datasets/UAV_VisLoc_dataset/08/drone/08_0406.JPG,30.9376568,120.1448664,"30.9232838,120.1448664;30.9286737,120.1658101;30.9125041,120.2474902;30.9053176,120.2453958","30.9394534,120.2160748;30.9268771,120.2056030"
08,Datasets/UAV_VisLoc_dataset/08/drone/08_0407.JPG,30.9376568,120.1448664,"30.9232838,120.1448664;30.9286737,120.1658101;30.9125041,120.2474902;30.9286737,120.1637157","30.9089109,120.2035086;30.9107075,120.1825650"
08,Datasets/UAV_VisLoc_dataset/08/drone/08_0408.JPG,30.9376568,120.1427721,"30.9232838,120.1448664;30.9286737,120.1658101;30.9304703,120.1637157;30.9125041,120.1720932","30.9160974,120.2139804;30.9107075,120.2223579"
08,Datasets/UAV_VisLoc_dataset/08/drone/08_0409.JPG,30.9358602,120.1427721,"30.9232838,120.1448664;30.9304703,120.1637157;30.9286737,120.1658101;30.9107075,120.1511495","30.9286737,120.1574326;30.9089109,120.1972255"
08,Datasets/UAV_VisLoc_dataset/08/drone/08_0410.JPG,30.9358602,120.1448664,"30.9125041,120.2474902;30.9232838,120.1448664;30.9286737,120.1658101;30.9125041,120.1720932","30.9160974,120.2412071;30.9322670,120.2181691"
08,Datasets/UAV_VisLoc_dataset/08/drone/08_0411.JPG,30.9358602,120.1448664,"30.9125041,120.2474902;30.9178940,120.2516789;30.9053176,120.2453958;30.9286737,120.1637157","30.9214872,120.1804706;30.9430467,120.2223579"
08,Datasets/UAV_VisLoc_dataset/08/drone/08_0412.JPG,30.9358602,120.1469608,"30.9125041,120.2474902;30.9053176,120.2453958;30.9178940,120.2516789;30.9125041,120.1720932","30.9304703,120.2391128;30.9268771,120.2474902"
08,Datasets/UAV_VisLoc_dataset/08/drone/08_0413.JPG,30.9340636,120.1469608,"30.9125041,120.1720932;30.9125041,120.1448664;30.9232838,120.1448664;30.9125041,120.1427721","30.9232838,120.1490552;30.9268771,120.1699988"
08,Datasets/UAV_VisLoc_dataset/08/drone/08_0414.JPG,30.9340636,120.1469608,"30.9232838,120.1448664;30.9160974,120.1448664;30.9340636,120.1679044;30.9125041,120.1720932","30.9160974,120.1825650;30.9430467,120.2307353"
08,Datasets/UAV_VisLoc_dataset/08/drone/08_0415.JPG,30.9340636,120.1490552,"30.9232838,120.1448664;30.9160974,120.1448664;30.9340636,120.1679044;30.9125041,120.1720932","30.9071142,120.1658101;30.9466399,120.1469608"
08,Datasets/UAV_VisLoc_dataset/08/drone/08_0416.JPG,30.9340636,120.1490552,"30.9232838,120.1448664;30.9125041,120.2474902;30.9053176,120.2453958;30.9071142,120.2265466","30.9053176,120.1574326;30.9340636,120.2453958"
08,Datasets/UAV_VisLoc_dataset/08/drone/08_0417.JPG,30.9340636,120.1511495,"30.9232838,120.1448664;30.9125041,120.2474902;30.9107075,120.1511495;30.9107075,120.1385834","30.9430467,120.2516789;30.9232838,120.2014142"
08,Datasets/UAV_VisLoc_dataset/08/drone/08_0418.JPG,30.9340636,120.1511495,"30.9125041,120.2474902;30.9107075,120.1511495;30.9232838,120.1448664;30.9286737,120.1658101","30.9160974,120.1867537;30.9160974,120.2056030"
08,Datasets/UAV_VisLoc_dataset/08/drone/08_0419.JPG,30.9340636,120.1532439,"30.9107075,120.1511495;30.9125041,120.2474902;30.9286737,120.1658101;30.9286737,120.1637157","30.9394534,120.2328297;30.9430467,120.1846593"
08,Datasets/UAV_VisLoc_dataset/08/drone/08_0420.JPG,30.9340636,120.1532439,"30.9286737,120.1637157;30.9107075,120.1511495;30.9286737,120.1658101;30.9232838,120.1448664","30.9232838,120.2286409;30.9286737,120.2118860"
08,Datasets/UAV_VisLoc_dataset/08/drone/08_0421.JPG,30.9340636,120.1553383,"30.9286737,120.1637157;30.9107075,120.1511495;30.9286737,120.1658101;30.9232838,120.1448664","30.9160974,120.1951311;30.9376568,120.1699988"
08,Datasets/UAV_VisLoc_dataset/08/drone/08_0422.JPG,30.9340636,120.1553383,"30.9232838,120.1448664;30.9107075,120.1511495;30.9089109,120.1427721;30.9286737,120.1637157","30.9286737,120.1448664;30.9412501,120.2370184"
08,Datasets/UAV_VisLoc_dataset/08/drone/08_0423.JPG,30.9340636,120.1574326,"30.9232838,120.1448664;30.9125041,120.1720932;30.9125041,120.2474902;30.9107075,120.1511495","30.9466399,120.1490552;30.9412501,120.2307353"
08,Datasets/UAV_VisLoc_dataset/08/drone/08_0424.JPG,30.9340636,120.1574326,"30.9125041,120.1720932;30.9125041,120.1427721;30.9125041,120.1448664;30.9125041,120.2474902","30.9250805,120.1762819;30.9232838,120.1825650"
08,Datasets/UAV_VisLoc_dataset/08/drone/08_0425.JPG,30.9322670,120.1595270,"30.9232838,120.1448664;30.9125041,120.1720932;30.9125041,120.1448664;30.9322670,120.1783762","30.9448433,120.2328297;30.9268771,120.1385834"
08,Datasets/UAV_VisLoc_dataset/08/drone/08_0426.JPG,30.9322670,120.1595270,"30.9125041,120.1448664;30.9304703,120.1637157;30.9376568,120.1427721;30.9143007,120.1532439","30.9430467,120.1741875;30.9286737,120.1825650"
08,Datasets/UAV_VisLoc_dataset/08/drone/08_0427.JPG,30.9322670,120.1616213,"30.9125041,120.2474902;30.9071142,120.2097917;30.9053176,120.2453958;30.9125041,120.2160748","30.9196906,120.1448664;30.9196906,120.2495846"
08,Datasets/UAV_VisLoc_dataset/08/drone/08_0428.JPG,30.9322670,120.1616213,"30.9125041,120.2474902;30.9125041,120.2160748;30.9071142,120.2097917;30.9053176,120.2453958","30.9089109,120.2056030;30.9286737,120.2328297"
08,Datasets/UAV_VisLoc_dataset/08/drone/08_0429.JPG,30.9322670,120.1637157,"30.9125041,120.2474902;30.9125041,120.2160748;30.9286737,120.1637157;30.9053176,120.2453958","30.9394534,120.1804706;30.9250805,120.1762819"
08,Datasets/UAV_VisLoc_dataset/08/drone/08_0430.JPG,30.9322670,120.1637157,"30.9125041,120.2474902;30.9125041,120.2160748;30.9286737,120.1637157;30.9053176,120.2453958","30.9268771,120.1930368;30.9394534,120.1511495"
08,Datasets/UAV_VisLoc_dataset/08/drone/08_0431.JPG,30.9322670,120.1658101,"30.9286737,120.1637157;30.9125041,120.2474902;30.9286737,120.1658101;30.9107075,120.1511495","30.9430467,120.2328297;30.9304703,120.2160748"
08,Datasets/UAV_VisLoc_dataset/08/drone/08_0432.JPG,30.9322670,120.1658101,"30.9125041,120.2474902;30.9286737,120.1637157;30.9286737,120.1658101;30.9107075,120.1511495","30.9304703,120.1909424;30.9376568,120.2223579"
08,Datasets/UAV_VisLoc_dataset/08/drone/08_0433.JPG,30.9322670,120.1679044,"30.9125041,120.2474902;30.9286737,120.1637157;30.9107075,120.1511495;30.9286737,120.1658101","30.9214872,120.1427721;30.9089109,120.1741875"
08,Datasets/UAV_VisLoc_dataset/08/drone/08_0434.JPG,30.9322670,120.1679044,"30.9125041,120.2474902;30.9286737,120.1637157;30.9053176,120.2453958;30.9035210,120.2433015","30.9250805,120.1448664;30.9089109,120.1804706"
08,Datasets/UAV_VisLoc_dataset/08/drone/08_0435.JPG,30.9322670,120.1699988,"30.9286737,120.1637157;30.9125041,120.2474902;30.9107075,120.1511495;30.9053176,120.2453958","30.9035210,120.1909424;30.9071142,120.2453958"
08,Datasets/UAV_VisLoc_dataset/08/drone/08_0436.JPG,30.9304703,120.1699988,"30.9286737,120.1637157;30.9125041,120.2474902;30.9107075,120.1511495;30.9053176,120.2453958","30.9053176,120.2370184;30.9412501,120.2056030"
08,Datasets/UAV_VisLoc_dataset/08/drone/08_0437.JPG,30.9304703,120.1699988,"30.9286737,120.1637157;30.9125041,120.2474902;30.9107075,120.1511495;30.9053176,120.2453958","30.9340636,120.2286409;30.9107075,120.1427721"
08,Datasets/UAV_VisLoc_dataset/08/drone/08_0438.JPG,30.9304703,120.1720932,"30.9125041,120.2474902;30.9286737,120.1637157;30.9107075,120.1511495;30.9035210,120.2433015","30.9196906,120.1616213;30.9304703,120.2181691"
08,Datasets/UAV_VisLoc_dataset/08/drone/08_0439.JPG,30.9304703,120.1720932,"30.9107075,120.1511495;30.9089109,120.1427721;30.9125041,120.2474902;30.9286737,120.1637157","30.9394534,120.1532439;30.9250805,120.2202635"
08,Datasets/UAV_VisLoc_dataset/08/drone/08_0440.JPG,30.9304703,120.1741875,"30.9107075,120.1511495;30.9089109,120.1511495;30.9322670,120.2139804;30.9340636,120.2139804","30.9053176,120.1637157;30.9196906,120.1385834"
08,Datasets/UAV_VisLoc_dataset/08/drone/08_0441.JPG,30.9304703,120.1762819,"30.9107075,120.1511495;30.9322670,120.2139804;30.9125041,120.2474902;30.9322670,120.2118860","30.9214872,120.1427721;30.9232838,120.1595270"
08,Datasets/UAV_VisLoc_dataset/08/drone/08_0442.JPG,30.9304703,120.1762819,"30.9107075,120.1511495;30.9125041,120.2474902;30.9286737,120.1637157;30.9053176,120.2453958","30.9035210,120.2223579;30.9053176,120.1846593"
08,Datasets/UAV_VisLoc_dataset/08/drone/08_0443.JPG,30.9304703,120.1783762,"30.9107075,120.1511495;30.9286737,120.1637157;30.9286737,120.1658101;30.9125041,120.2474902","30.9376568,120.2474902;30.9340636,120.1888481"
08,Datasets/UAV_VisLoc_dataset/08/drone/08_0444.JPG,30.9304703,120.1783762,"30.9107075,120.1511495;30.9286737,120.1637157;30.9286737,120.1658101;30.9268771,120.1637157","30.9053176,120.2328297;30.9196906,120.2307353"
08,Datasets/UAV_VisLoc_dataset/08/drone/08_0445.JPG,30.9304703,120.1804706,"30.9107075,120.1511495;30.9143007,120.1532439;30.9286737,120.1637157;30.9089109,120.1511495","30.9125041,120.2412071;30.9232838,120.2265466"
08,Datasets/UAV_VisLoc_dataset/08/drone/08_0446.JPG,30.9304703,120.1804706,"30.9286737,120.1637157;30.9143007,120.1532439;30.9107075,120.1511495;30.9304703,120.1637157","30.9214872,120.1741875;30.9160974,120.2265466"
08,Datasets/UAV_VisLoc_dataset/08/drone/08_0447.JPG,30.9304703,120.1825650,"30.9286737,120.1637157;30.9143007,120.1532439;30.9107075,120.1511495;30.9304703,120.1637157","30.9232838,120.1637157;30.9358602,120.1532439"
08,Datasets/UAV_VisLoc_dataset/08/drone/08_0448.JPG,30.9286737,120.1825650,"30.9286737,120.1637157;30.9107075,120.1511495;30.9286737,120.1658101;30.9304703,120.1637157","30.9035210,120.1532439;30.9053176,120.1658101"
08,Datasets/UAV_VisLoc_dataset/08/drone/08_0449.JPG,30.9286737,120.1846593,"30.9107075,120.1511495;30.9286737,120.1658101;30.9268771,120.1637157;30.9304703,120.1637157","30.9035210,120.2370184;30.9430467,120.2307353"
08,Datasets/UAV_VisLoc_dataset/08/drone/08_0450.JPG,30.9286737,120.1846593,"30.9107075,120.1511495;30.9125041,120.2474902;30.9286737,120.1658101;30.9304703,120.1637157","30.9214872,120.2202635;30.9340636,120.1448664"
08,Datasets/UAV_VisLoc_dataset/08/drone/08_0451.JPG,30.9286737,120.1867537,"30.9125041,120.2474902;30.9107075,120.1511495;30.9286737,120.1658101;30.9286737,120.1637157","30.9107075,120.2391128;30.9322670,120.2307353"
08,Datasets/UAV_VisLoc_dataset/08/drone/08_0452.JPG,30.9286737,120.1867537,"30.9125041,120.2474902;30.9107075,120.1511495;30.9178940,120.2516789;30.9035210,120.2433015","30.9322670,120.1364890;30.9143007,120.2076973"
08,Datasets/UAV_VisLoc_dataset/08/drone/08_0453.JPG,30.9286737,120.1888481,"30.9125041,120.2474902;30.9178940,120.2516789;30.9178940,120.2495846;30.9214872,120.2202635","30.9160974,120.1930368;30.9412501,120.2139804"
08,Datasets/UAV_VisLoc_dataset/08/drone/08_0454.JPG,30.9286737,120.1888481,"30.9125041,120.2474902;30.9178940,120.2516789;30.9071142,120.2516789;30.9178940,120.2495846","30.9322670,120.1448664;30.9089109,120.2370184"
08,Datasets/UAV_VisLoc_dataset/08/drone/08_0455.JPG,30.9286737,120.1909424,"30.9125041,120.2474902;30.9232838,120.1448664;30.9178940,120.2516789;30.9268771,120.2412071","30.9358602,120.1490552;30.9125041,120.2370184"
08,Datasets/UAV_VisLoc_dataset/08/drone/08_0456.JPG,30.9286737,120.1909424,"30.9125041,120.2474902;30.9232838,120.1448664;30.9107075,120.1385834;30.9178940,120.2516789","30.9196906,120.2056030;30.9466399,120.2202635"
08,Datasets/UAV_VisLoc_dataset/08/drone/08_0457.JPG,30.9286737,120.1930368,"30.9125041,120.2474902;30.9232838,120.1448664;30.9107075,120.1385834;30.9178940,120.2516789","30.9322670,120.1490552;30.9268771,120.1532439"
08,Datasets/UAV_VisLoc_dataset/08/drone/08_0458.JPG,30.9286737,120.1930368,"30.9125041,120.2474902;30.9232838,120.1448664;30.9107075,120.1385834;30.9178940,120.2516789","30.9466399,120.1469608;30.9430467,120.1658101"
08,Datasets/UAV_VisLoc_dataset/08/drone/08_0459.JPG,30.9268771,120.1930368,"30.9125041,120.2474902;30.9232838,120.1448664;30.9286737,120.1658101;30.9107075,120.1385834","30.9358602,120.1364890;30.9160974,120.1469608"
08,Datasets/UAV_VisLoc_dataset/08/drone/08_0460.JPG,30.9268771,120.1951311,"30.9286737,120.1658101;30.9232838,120.1448664;30.9125041,120.2474902;30.9304703,120.1637157","30.9125041,120.2495846;30.9143007,120.2474902"
08,Datasets/UAV_VisLoc_dataset/08/drone/08_0461.JPG,30.9268771,120.1951311,"30.9286737,120.1658101;30.9232838,120.1448664;30.9304703,120.1637157;30.9286737,120.1637157","30.9394534,120.1364890;30.9089109,120.1385834"
08,Datasets/UAV_VisLoc_dataset/08/drone/08_0462.JPG,30.9268771,120.1972255,"30.9286737,120.1637157;30.9304703,120.1637157;30.9286737,120.1658101;30.9232838,120.1448664","30.9178940,120.1532439;30.9304703,120.1741875"
08,Datasets/UAV_VisLoc_dataset/08/drone/08_0463.JPG,30.9268771,120.1972255,"30.9286737,120.1637157;30.9125041,120.2474902;30.9304703,120.1637157;30.9286737,120.1658101","30.9466399,120.2118860;30.9448433,120.1867537"
08,Datasets/UAV_VisLoc_dataset/08/drone/08_0464.JPG,30.9268771,120.1993199,"30.9304703,120.2118860;30.9286737,120.1637157;30.9304703,120.2056030;30.9304703,120.2076973","30.9430467,120.2076973;30.9340636,120.1699988"
08,Datasets/UAV_VisLoc_dataset/08/drone/08_0465.JPG,30.9268771,120.1993199,"30.9304703,120.2118860;30.9304703,120.2056030;30.9286737,120.1637157;30.9304703,120.2076973","30.9376568,120.2076973;30.9358602,120.1951311"
08,Datasets/UAV_VisLoc_dataset/08/drone/08_0466.JPG,30.9268771,120.2014142,"30.9089109,120.1427721;30.9304703,120.2118860;30.9035210,120.1574326;30.9286737,120.1637157","30.9340636,120.2412071;30.9430467,120.1574326"
08,Datasets/UAV_VisLoc_dataset/08/drone/08_0467.JPG,30.9268771,120.2014142,"30.9089109,120.1741875;30.9286737,120.1637157;30.9304703,120.1616213;30.9394534,120.1364890","30.9232838,120.2391128;30.9250805,120.1385834"
08,Datasets/UAV_VisLoc_dataset/08/drone/08_0468.JPG,30.9268771,120.2035086,"30.9089109,120.1741875;30.9035210,120.1574326;30.9214872,120.1699988;30.9286737,120.1637157","30.9466399,120.1658101;30.9394534,120.1867537"
08,Datasets/UAV_VisLoc_dataset/08/drone/08_0469.JPG,30.9268771,120.2035086,"30.9125041,120.2474902;30.9286737,120.1637157;30.9107075,120.1679044;30.9394534,120.1364890","30.9430467,120.2516789;30.9071142,120.1888481"
08,Datasets/UAV_VisLoc_dataset/08/drone/08_0470.JPG,30.9268771,120.2056030,"30.9125041,120.2474902;30.9286737,120.1637157;30.9125041,120.2160748;30.9071142,120.2097917","30.9089109,120.2453958;30.9053176,120.2097917"
08,Datasets/UAV_VisLoc_dataset/08/drone/08_0471.JPG,30.9250805,120.2056030,"30.9286737,120.1637157;30.9125041,120.2474902;30.9125041,120.2160748;30.9125041,120.2139804","30.9125041,120.2014142;30.9250805,120.1553383"
08,Datasets/UAV_VisLoc_dataset/08/drone/08_0472.JPG,30.9250805,120.2076973,"30.9125041,120.2160748;30.9125041,120.2474902;30.9286737,120.1637157;30.9035210,120.2433015","30.9196906,120.2453958;30.9358602,120.1930368"
08,Datasets/UAV_VisLoc_dataset/08/drone/08_0473.JPG,30.9250805,120.2097917,"30.9340636,120.1469608;30.9268771,120.1469608;30.9268771,120.1448664;30.9376568,120.1364890","30.9268771,120.2474902;30.9304703,120.1867537"
08,Datasets/UAV_VisLoc_dataset/08/drone/08_0474.JPG,30.9250805,120.2097917,"30.9268771,120.1448664;30.9340636,120.1469608;30.9268771,120.1469608;30.9214872,120.2495846","30.9430467,120.2139804;30.9143007,120.2056030"
08,Datasets/UAV_VisLoc_dataset/08/drone/08_0475.JPG,30.9250805,120.2118860,"30.9268771,120.1469608;30.9268771,120.1448664;30.9214872,120.2433015;30.9214872,120.2495846","30.9448433,120.1762819;30.9268771,120.1364890"
08,Datasets/UAV_VisLoc_dataset/08/drone/08_0476.JPG,30.9250805,120.2118860,"30.9214872,120.2433015;30.9268771,120.1469608;30.9268771,120.1448664;30.9214872,120.2495846","30.9071142,120.1699988;30.9430467,120.1679044"
08,Datasets/UAV_VisLoc_dataset/08/drone/08_0477.JPG,30.9250805,120.2139804,"30.9125041,120.2474902;30.9089109,120.1741875;30.9286737,120.1637157;30.9107075,120.1720932","30.9430467,120.1972255;30.9107075,120.1490552"
08,Datasets/UAV_VisLoc_dataset/08/drone/08_0478.JPG,30.9250805,120.2139804,"30.9286737,120.1637157;30.9125041,120.2474902;30.9286737,120.1658101;30.9071142,120.1595270","30.9107075,120.2349240;30.9340636,120.1909424"
08,Datasets/UAV_VisLoc_dataset/08/drone/08_0479.JPG,30.9250805,120.2139804,"30.9286737,120.1637157;30.9125041,120.2474902;30.9286737,120.1658101;30.9304703,120.1637157","30.9412501,120.1825650;30.9394534,120.1846593"
08,Datasets/UAV_VisLoc_dataset/08/drone/08_0480.JPG,30.9250805,120.2160748,"30.9286737,120.1637157;30.9125041,120.2474902;30.9286737,120.1658101;30.9143007,120.1532439","30.9304703,120.2286409;30.9071142,120.1595270"
08,Datasets/UAV_VisLoc_dataset/08/drone/08_0481.JPG,30.9250805,120.2160748,"30.9286737,120.1637157;30.9143007,120.1532439;30.9125041,120.2474902;30.9107075,120.1679044","30.9358602,120.2516789;30.9448433,120.1364890"
08,Datasets/UAV_VisLoc_dataset/08/drone/08_0482.JPG,30.9232838,120.2181691,"30.9286737,120.1637157;30.9107075,120.1511495;30.9143007,120.1532439;30.9412501,120.2014142","30.9125041,120.1867537;30.9107075,120.1909424"
08,Datasets/UAV_VisLoc_dataset/08/drone/08_0483.JPG,30.9232838,120.2181691,"30.9286737,120.1637157;30.9125041,120.2474902;30.9107075,120.1511495;30.9286737,120.2244522","30.9268771,120.2035086;30.9053176,120.1888481"
08,Datasets/UAV_VisLoc_dataset/08/drone/08_0484.JPG,30.9232838,120.2202635,"30.9286737,120.1637157;30.9107075,120.1511495;30.9430467,120.2014142;30.9143007,120.1532439","30.9358602,120.2474902;30.9107075,120.2265466"
08,Datasets/UAV_VisLoc_dataset/08/drone/08_0485.JPG,30.9232838,120.2202635,"30.9286737,120.1637157;30.9107075,120.1511495;30.9143007,120.1532439;30.9286737,120.1658101","30.9125041,120.2097917;30.9340636,120.2412071"
08,Datasets/UAV_VisLoc_dataset/08/drone/08_0486.JPG,30.9232838,120.2223579,"30.9286737,120.1637157;30.9143007,120.1532439;30.9107075,120.1679044;30.9053176,120.1637157","30.9232838,120.1595270;30.9053176,120.2014142"
08,Datasets/UAV_VisLoc_dataset/08/drone/08_0487.JPG,30.9232838,120.2223579,"30.9107075,120.1679044;30.9035210,120.1574326;30.9286737,120.1637157;30.9143007,120.1532439","30.9071142,120.2139804;30.9286737,120.1741875"
08,Datasets/UAV_VisLoc_dataset/08/drone/08_0488.JPG,30.9232838,120.2244522,"30.9035210,120.1574326;30.9089109,120.1741875;30.9286737,120.1637157;30.9304703,120.1616213","30.9107075,120.1804706;30.9071142,120.1385834"
08,Datasets/UAV_VisLoc_dataset/08/drone/08_0489.JPG,30.9232838,120.2244522,"30.9286737,120.1637157;30.9035210,120.1574326;30.9089109,120.1741875;30.9071142,120.1595270","30.9178940,120.1490552;30.9340636,120.1825650"
08,Datasets/UAV_VisLoc_dataset/08/drone/08_0490.JPG,30.9232838,120.2265466,"30.9286737,120.1637157;30.9286737,120.1658101;30.9071142,120.1595270;30.9304703,120.1637157","30.9466399,120.1867537;30.9107075,120.1951311"
08,Datasets/UAV_VisLoc_dataset/08/drone/08_0491.JPG,30.9232838,120.2265466,"30.9286737,120.1637157;30.9035210,120.1574326;30.9125041,120.2474902;30.9286737,120.1658101","30.9232838,120.2412071;30.9340636,120.1993199"
08,Datasets/UAV_VisLoc_dataset/08/drone/08_0492.JPG,30.9232838,120.2286409,"30.9286737,120.1637157;30.9143007,120.1532439;30.9286737,120.1658101;30.9107075,120.1679044","30.9160974,120.1720932;30.9035210,120.1741875"
08,Datasets/UAV_VisLoc_dataset/08/drone/08_0493.JPG,30.9232838,120.2286409,"30.9107075,120.1679044;30.9286737,120.1637157;30.9143007,120.1532439;30.9107075,120.2097917","30.9250805,120.2118860;30.9178940,120.1448664"
08,Datasets/UAV_VisLoc_dataset/08/drone/08_0494.JPG,30.9214872,120.2307353,"30.9107075,120.1679044;30.9107075,120.2097917;30.9071142,120.1658101;30.9143007,120.1532439","30.9394534,120.2328297;30.9125041,120.1532439"
08,Datasets/UAV_VisLoc_dataset/08/drone/08_0495.JPG,30.9214872,120.2307353,"30.9143007,120.1532439;30.9286737,120.1637157;30.9304703,120.1637157;30.9340636,120.1448664","30.9412501,120.2495846;30.9358602,120.1616213"
08,Datasets/UAV_VisLoc_dataset/08/drone/08_0496.JPG,30.9214872,120.2328297,"30.9286737,120.1637157;30.9286737,120.1658101;30.9143007,120.1532439;30.9304703,120.1637157","30.9430467,120.1762819;30.9107075,120.1532439"
08,Datasets/UAV_VisLoc_dataset/08/drone/08_0497.JPG,30.9214872,120.2328297,"30.9286737,120.1637157;30.9125041,120.2474902;30.9286737,120.1658101;30.9143007,120.1532439","30.9214872,120.1595270;30.9286737,120.1762819"
08,Datasets/UAV_VisLoc_dataset/08/drone/08_0498.JPG,30.9214872,120.2349240,"30.9286737,120.1637157;30.9089109,120.1741875;30.9125041,120.2474902;30.9304703,120.1616213","30.9358602,120.2495846;30.9466399,120.1867537"
08,Datasets/UAV_VisLoc_dataset/08/drone/08_0499.JPG,30.9214872,120.2349240,"30.9089109,120.1741875;30.9286737,120.1616213;30.9304703,120.1616213;30.9268771,120.1448664","30.9035210,120.2265466;30.9250805,120.1364890"
08,Datasets/UAV_VisLoc_dataset/08/drone/08_0500.JPG,30.9214872,120.2370184,"30.9125041,120.2160748;30.9089109,120.1741875;30.9286737,120.1637157;30.9286737,120.1616213","30.9214872,120.1364890;30.9376568,120.2118860"
08,Datasets/UAV_VisLoc_dataset/08/drone/08_0501.JPG,30.9214872,120.2370184,"30.9035210,120.1574326;30.9286737,120.1637157;30.9125041,120.2160748;30.9214872,120.1679044","30.9286737,120.1909424;30.9053176,120.2035086"
08,Datasets/UAV_VisLoc_dataset/08/drone/08_0502.JPG,30.9214872,120.2370184,"30.9286737,120.1637157;30.9035210,120.1574326;30.9071142,120.1595270;30.9125041,120.2160748","30.9250805,120.1930368;30.9196906,120.2014142"
08,Datasets/UAV_VisLoc_dataset/08/drone/08_0503.JPG,30.9214872,120.2391128,"30.9125041,120.2160748;30.9286737,120.1637157;30.9125041,120.2139804;30.9071142,120.1595270","30.9412501,120.2370184;30.9232838,120.2244522"
08,Datasets/UAV_VisLoc_dataset/08/drone/08_0504.JPG,30.9214872,120.2391128,"30.9286737,120.1637157;30.9125041,120.2160748;30.9125041,120.2474902;30.9071142,120.1595270","30.9322670,120.1553383;30.9322670,120.2370184"
08,Datasets/UAV_VisLoc_dataset/08/drone/08_0505.JPG,30.9214872,120.2412071,"30.9286737,120.1637157;30.9125041,120.2474902;30.9125041,120.2160748;30.9143007,120.1532439","30.9376568,120.2370184;30.9466399,120.2035086"
08,Datasets/UAV_VisLoc_dataset/08/drone/08_0506.JPG,30.9196906,120.2433015,"30.9286737,120.1637157;30.9286737,120.1658101;30.9125041,120.2474902;30.9107075,120.1511495","30.9250805,120.1699988;30.9089109,120.1553383"
08,Datasets/UAV_VisLoc_dataset/08/drone/08_0507.JPG,30.9196906,120.2433015,"30.9394534,120.1930368;30.9358602,120.1951311;30.9430467,120.1553383;30.9394534,120.1993199","30.9268771,120.1595270;30.9268771,120.2139804"
08,Datasets/UAV_VisLoc_dataset/08/drone/08_0508.JPG,30.9196906,120.2453958,"30.9394534,120.1930368;30.9376568,120.1930368;30.9358602,120.1951311;30.9358602,120.1930368","30.9143007,120.1741875;30.9214872,120.2118860"
08,Datasets/UAV_VisLoc_dataset/08/drone/08_0509.JPG,30.9178940,120.2433015,"30.9430467,120.1532439;30.9358602,120.1930368;30.9394534,120.1930368;30.9430467,120.1553383","30.9160974,120.2328297;30.9412501,120.1993199"
08,Datasets/UAV_VisLoc_dataset/08/drone/08_0510.JPG,30.9178940,120.2433015,"30.9412501,120.1930368;30.9394534,120.1909424;30.9430467,120.1532439;30.9394534,120.1951311","30.9466399,120.1846593;30.9107075,120.2139804"
08,Datasets/UAV_VisLoc_dataset/08/drone/08_0511.JPG,30.9178940,120.2412071,"30.9125041,120.2474902;30.9107075,120.1511495;30.9322670,120.2139804;30.9286737,120.1637157","30.9143007,120.2223579;30.9394534,120.1658101"
08,Datasets/UAV_VisLoc_dataset/08/drone/08_0512.JPG,30.9178940,120.2412071,"30.9125041,120.2474902;30.9286737,120.1637157;30.9178940,120.2516789;30.9125041,120.2160748","30.9089109,120.1993199;30.9160974,120.1406777"
08,Datasets/UAV_VisLoc_dataset/08/drone/08_0513.JPG,30.9178940,120.2391128,"30.9286737,120.1637157;30.9125041,120.2474902;30.9035210,120.1574326;30.9125041,120.2160748","30.9107075,120.1825650;30.9250805,120.1448664"
08,Datasets/UAV_VisLoc_dataset/08/drone/08_0514.JPG,30.9178940,120.2391128,"30.9125041,120.2160748;30.9125041,120.2139804;30.9071142,120.2097917;30.9286737,120.1637157","30.9035210,120.1804706;30.9412501,120.1783762"
08,Datasets/UAV_VisLoc_dataset/08/drone/08_0515.JPG,30.9178940,120.2370184,"30.9035210,120.1867537;30.9286737,120.1637157;30.9125041,120.2160748;30.9071142,120.1595270","30.9412501,120.1699988;30.9053176,120.2139804"
08,Datasets/UAV_VisLoc_dataset/08/drone/08_0516.JPG,30.9178940,120.2370184,"30.9035210,120.1867537;30.9035210,120.1574326;30.9286737,120.1637157;30.9089109,120.1679044","30.9286737,120.2076973;30.9250805,120.1532439"
08,Datasets/UAV_VisLoc_dataset/08/drone/08_0517.JPG,30.9196906,120.2370184,"30.9286737,120.1637157;30.9071142,120.1595270;30.9071142,120.1616213;30.9035210,120.1574326","30.9448433,120.1679044;30.9448433,120.2474902"
08,Datasets/UAV_VisLoc_dataset/08/drone/08_0518.JPG,30.9196906,120.2349240,"30.9286737,120.1637157;30.9071142,120.1616213;30.9071142,120.1595270;30.9304703,120.1637157","30.9304703,120.1427721;30.9466399,120.1385834"
08,Datasets/UAV_VisLoc_dataset/08/drone/08_0519.JPG,30.9196906,120.2349240,"30.9286737,120.1637157;30.9286737,120.1658101;30.9304703,120.1637157;30.9071142,120.1616213","30.9232838,120.1699988;30.9430467,120.1741875"
08,Datasets/UAV_VisLoc_dataset/08/drone/08_0520.JPG,30.9196906,120.2328297,"30.9125041,120.2474902;30.9286737,120.1658101;30.9286737,120.1637157;30.9304703,120.1637157","30.9268771,120.1762819;30.9394534,120.2160748"
08,Datasets/UAV_VisLoc_dataset/08/drone/08_0521.JPG,30.9196906,120.2328297,"30.9125041,120.2474902;30.9286737,120.1637157;30.9286737,120.1658101;30.9107075,120.1511495","30.9340636,120.2035086;30.9358602,120.1448664"
08,Datasets/UAV_VisLoc_dataset/08/drone/08_0522.JPG,30.9196906,120.2307353,"30.9286737,120.1637157;30.9286737,120.1658101;30.9125041,120.2474902;30.9268771,120.1637157","30.9214872,120.2474902;30.9160974,120.2495846"
08,Datasets/UAV_VisLoc_dataset/08/drone/08_0523.JPG,30.9196906,120.2307353,"30.9053176,120.1637157;30.9286737,120.1637157;30.9268771,120.1616213;30.9071142,120.1637157","30.9394534,120.2076973;30.9286737,120.1930368"
08,Datasets/UAV_VisLoc_dataset/08/drone/08_0524.JPG,30.9196906,120.2286409,"30.9071142,120.1658101;30.9107075,120.1679044;30.9053176,120.1637157;30.9071142,120.1637157","30.9035210,120.2118860;30.9376568,120.1658101"
08,Datasets/UAV_VisLoc_dataset/08/drone/08_0525.JPG,30.9196906,120.2286409,"30.9107075,120.1679044;30.9053176,120.1637157;30.9071142,120.1658101;30.9250805,120.1595270","30.9250805,120.1616213;30.9466399,120.2453958"
08,Datasets/UAV_VisLoc_dataset/08/drone/08_0526.JPG,30.9196906,120.2265466,"30.9286737,120.1637157;30.9143007,120.1532439;30.9107075,120.2097917;30.9214872,120.1699988","30.9089109,120.1364890;30.9394534,120.1867537"
08,Datasets/UAV_VisLoc_dataset/08/drone/08_0527.JPG,30.9196906,120.2265466,"30.9286737,120.1637157;30.9304703,120.1637157;30.9143007,120.1532439;30.9286737,120.1658101","30.9071142,120.1574326;30.9412501,120.2223579"
08,Datasets/UAV_VisLoc_dataset/08/drone/08_0528.JPG,30.9196906,120.2244522,"30.9286737,120.1637157;30.9304703,120.1637157;30.9143007,120.1532439;30.9071142,120.1595270","30.9430467,120.1448664;30.9035210,120.2516789"
08,Datasets/UAV_VisLoc_dataset/08/drone/08_0529.JPG,30.9214872,120.2244522,"30.9286737,120.1637157;30.9071142,120.1595270;30.9143007,120.1532439;30.9304703,120.1637157","30.9214872,120.1616213;30.9448433,120.2035086"
08,Datasets/UAV_VisLoc_dataset/08/drone/08_0530.JPG,30.9214872,120.2223579,"30.9286737,120.1637157;30.9053176,120.1637157;30.9268771,120.1616213;30.9071142,120.1637157","30.9430467,120.1993199;30.9160974,120.1364890"
08,Datasets/UAV_VisLoc_dataset/08/drone/08_0531.JPG,30.9214872,120.2223579,"30.9286737,120.1637157;30.9268771,120.1616213;30.9071142,120.1637157;30.9053176,120.1637157","30.9466399,120.1637157;30.9340636,120.2433015"
08,Datasets/UAV_VisLoc_dataset/08/drone/08_0532.JPG,30.9214872,120.2202635,"30.9286737,120.1637157;30.9071142,120.1637157;30.9268771,120.1616213;30.9107075,120.1658101","30.9178940,120.2370184;30.9466399,120.1867537"
08,Datasets/UAV_VisLoc_dataset/08/drone/08_0533.JPG,30.9214872,120.2202635,"30.9286737,120.1637157;30.9107075,120.1511495;30.9071142,120.1637157;30.9143007,120.1532439","30.9376568,120.2349240;30.9304703,120.2433015"
08,Datasets/UAV_VisLoc_dataset/08/drone/08_0534.JPG,30.9214872,120.2181691,"30.9286737,120.1637157;30.9107075,120.1511495;30.9143007,120.1532439;30.9268771,120.1637157","30.9035210,120.2474902;30.9430467,120.2014142"
08,Datasets/UAV_VisLoc_dataset/08/drone/08_0535.JPG,30.9214872,120.2181691,"30.9107075,120.2097917;30.9214872,120.1699988;30.9107075,120.1679044;30.9143007,120.1595270","30.9089109,120.2160748;30.9430467,120.2202635"
08,Datasets/UAV_VisLoc_dataset/08/drone/08_0536.JPG,30.9214872,120.2160748,"30.9107075,120.1679044;30.9071142,120.1658101;30.9035210,120.1679044;30.9107075,120.2097917","30.9466399,120.2433015;30.9125041,120.1469608"
08,Datasets/UAV_VisLoc_dataset/08/drone/08_0537.JPG,30.9214872,120.2160748,"30.9107075,120.1679044;30.9107075,120.2097917;30.9250805,120.1595270;30.9053176,120.1637157","30.9466399,120.2349240;30.9430467,120.2181691"
08,Datasets/UAV_VisLoc_dataset/08/drone/08_0538.JPG,30.9214872,120.2139804,"30.9107075,120.1679044;30.9286737,120.1637157;30.9143007,120.1532439;30.9053176,120.1637157","30.9053176,120.2516789;30.9107075,120.2118860"
08,Datasets/UAV_VisLoc_dataset/08/drone/08_0539.JPG,30.9214872,120.2139804,"30.9286737,120.1637157;30.9125041,120.2474902;30.9143007,120.1532439;30.9250805,120.1469608","30.9107075,120.2076973;30.9053176,120.1993199"
08,Datasets/UAV_VisLoc_dataset/08/drone/08_0540.JPG,30.9232838,120.2118860,"30.9268771,120.1469608;30.9268771,120.1448664;30.9250805,120.1469608;30.9214872,120.2495846","30.9376568,120.1804706;30.9304703,120.1637157"
08,Datasets/UAV_VisLoc_dataset/08/drone/08_0541.JPG,30.9232838,120.2118860,"30.9268771,120.1469608;30.9268771,120.1448664;30.9196906,120.2474902;30.9214872,120.2495846","30.9214872,120.1595270;30.9394534,120.1930368"
08,Datasets/UAV_VisLoc_dataset/08/drone/08_0542.JPG,30.9232838,120.2097917,"30.9268771,120.1469608;30.9268771,120.1448664;30.9340636,120.1469608;30.9214872,120.2223579","30.9232838,120.1574326;30.9107075,120.2391128"
08,Datasets/UAV_VisLoc_dataset/08/drone/08_0543.JPG,30.9232838,120.2097917,"30.9340636,120.1469608;30.9268771,120.1469608;30.9268771,120.1448664;30.9035210,120.1511495","30.9304703,120.1595270;30.9466399,120.2453958"
08,Datasets/UAV_VisLoc_dataset/08/drone/08_0544.JPG,30.9232838,120.2076973,"30.9268771,120.1469608;30.9268771,120.1448664;30.9340636,120.1469608;30.9196906,120.2474902","30.9160974,120.1469608;30.9340636,120.2097917"
08,Datasets/UAV_VisLoc_dataset/08/drone/08_0545.JPG,30.9232838,120.2076973,"30.9286737,120.1637157;30.9268771,120.1448664;30.9268771,120.1469608;30.9125041,120.2474902","30.9232838,120.2453958;30.9125041,120.2412071"
08,Datasets/UAV_VisLoc_dataset/08/drone/08_0546.JPG,30.9232838,120.2056030,"30.9286737,120.1637157;30.9125041,120.2474902;30.9125041,120.2160748;30.9035210,120.2433015","30.9466399,120.2453958;30.9107075,120.1846593"
08,Datasets/UAV_VisLoc_dataset/08/drone/08_0547.JPG,30.9232838,120.2056030,"30.9125041,120.2160748;30.9125041,120.2474902;30.9286737,120.1637157;30.9035210,120.2433015","30.9358602,120.2014142;30.9178940,120.1783762"
08,Datasets/UAV_VisLoc_dataset/08/drone/08_0548.JPG,30.9232838,120.2035086,"30.9125041,120.2160748;30.9125041,120.2474902;30.9035210,120.2433015;30.9214872,120.2495846","30.9071142,120.2495846;30.9107075,120.2265466"
08,Datasets/UAV_VisLoc_dataset/08/drone/08_0549.JPG,30.9232838,120.2035086,"30.9125041,120.2474902;30.9125041,120.2160748;30.9035210,120.2433015;30.9214872,120.2495846","30.9107075,120.1637157;30.9286737,120.1511495"
08,Datasets/UAV_VisLoc_dataset/08/drone/08_0550.JPG,30.9232838,120.2014142,"30.9125041,120.2160748;30.9286737,120.1637157;30.9035210,120.2433015;30.9089109,120.1427721","30.9448433,120.2035086;30.9376568,120.2076973"
08,Datasets/UAV_VisLoc_dataset/08/drone/08_0551.JPG,30.9232838,120.2014142,"30.9304703,120.2118860;30.9125041,120.2160748;30.9089109,120.1427721;30.9286737,120.1637157","30.9322670,120.1511495;30.9035210,120.2056030"
08,Datasets/UAV_VisLoc_dataset/08/drone/08_0552.JPG,30.9250805,120.1993199,"30.9089109,120.1427721;30.9286737,120.1637157;30.9430467,120.1364890;30.9071142,120.1616213","30.9394534,120.1637157;30.9430467,120.1511495"
08,Datasets/UAV_VisLoc_dataset/08/drone/08_0553.JPG,30.9250805,120.1993199,"30.9304703,120.2118860;30.9304703,120.2076973;30.9304703,120.2056030;30.9322670,120.2076973","30.9143007,120.1469608;30.9376568,120.2412071"
08,Datasets/UAV_VisLoc_dataset/08/drone/08_0554.JPG,30.9250805,120.1972255,"30.9286737,120.1637157;30.9125041,120.2160748;30.9125041,120.2474902;30.9071142,120.1616213","30.9035210,120.1448664;30.9143007,120.2076973"
08,Datasets/UAV_VisLoc_dataset/08/drone/08_0555.JPG,30.9250805,120.1972255,"30.9286737,120.1637157;30.9125041,120.2160748;30.9125041,120.2474902;30.9304703,120.1637157","30.9304703,120.2433015;30.9214872,120.2495846"
08,Datasets/UAV_VisLoc_dataset/08/drone/08_0556.JPG,30.9250805,120.1951311,"30.9125041,120.2474902;30.9286737,120.1637157;30.9304703,120.1637157;30.9107075,120.1511495","30.9376568,120.2516789;30.9394534,120.2035086"
08,Datasets/UAV_VisLoc_dataset/08/drone/08_0557.JPG,30.9250805,120.1951311,"30.9125041,120.2474902;30.9286737,120.1637157;30.9232838,120.1448664;30.9304703,120.1637157","30.9376568,120.1595270;30.9412501,120.1972255"
08,Datasets/UAV_VisLoc_dataset/08/drone/08_0558.JPG,30.9250805,120.1930368,"30.9125041,120.2474902;30.9125041,120.2160748;30.9286737,120.1637157;30.9178940,120.2516789","30.9304703,120.1385834;30.9394534,120.2349240"
08,Datasets/UAV_VisLoc_dataset/08/drone/08_0559.JPG,30.9250805,120.1930368,"30.9125041,120.2160748;30.9125041,120.2474902;30.9178940,120.2516789;30.9071142,120.2097917","30.9268771,120.2391128;30.9035210,120.2495846"
08,Datasets/UAV_VisLoc_dataset/08/drone/08_0560.JPG,30.9250805,120.1930368,"30.9125041,120.2160748;30.9125041,120.2474902;30.9178940,120.2516789;30.9178940,120.2495846","30.9340636,120.1783762;30.9053176,120.1804706"
08,Datasets/UAV_VisLoc_dataset/08/drone/08_0561.JPG,30.9250805,120.1909424,"30.9125041,120.2474902;30.9178940,120.2495846;30.9178940,120.2516789;30.9053176,120.2453958","30.9107075,120.2244522;30.9430467,120.1846593"
08,Datasets/UAV_VisLoc_dataset/08/drone/08_0562.JPG,30.9250805,120.1909424,"30.9125041,120.2474902;30.9178940,120.2495846;30.9268771,120.2412071;30.9178940,120.2516789","30.9053176,120.1804706;30.9160974,120.2056030"
08,Datasets/UAV_VisLoc_dataset/08/drone/08_0563.JPG,30.9268771,120.1888481,"30.9125041,120.2474902;30.9178940,120.2495846;30.9178940,120.2516789;30.9125041,120.2160748","30.9358602,120.2391128;30.9178940,120.2495846"
08,Datasets/UAV_VisLoc_dataset/08/drone/08_0564.JPG,30.9268771,120.1888481,"30.9178940,120.2495846;30.9125041,120.2474902;30.9178940,120.2516789;30.9322670,120.2139804","30.9125041,120.1867537;30.9448433,120.1490552"
08,Datasets/UAV_VisLoc_dataset/08/drone/08_0565.JPG,30.9268771,120.1867537,"30.9322670,120.2139804;30.9322670,120.2118860;30.9107075,120.1511495;30.9125041,120.2474902","30.9071142,120.1825650;30.9322670,120.2035086"
08,Datasets/UAV_VisLoc_dataset/08/drone/08_0566.JPG,30.9268771,120.1867537,"30.9322670,120.2139804;30.9322670,120.2118860;30.9107075,120.1511495;30.9125041,120.2474902","30.9160974,120.2076973;30.9053176,120.2056030"
08,Datasets/UAV_VisLoc_dataset/08/drone/08_0567.JPG,30.9268771,120.1846593,"30.9107075,120.1511495;30.9286737,120.1658101;30.9268771,120.1637157;30.9304703,120.1637157","30.9232838,120.2118860;30.9035210,120.2097917"
08,Datasets/UAV_VisLoc_dataset/08/drone/08_0568.JPG,30.9268771,120.1846593,"30.9107075,120.1511495;30.9268771,120.1637157;30.9286737,120.1658101;30.9304703,120.1637157","30.9053176,120.2139804;30.9340636,120.1699988"
08,Datasets/UAV_VisLoc_dataset/08/drone/08_0569.JPG,30.9268771,120.1825650,"30.9268771,120.1637157;30.9286737,120.1658101;30.9268771,120.1616213;30.9107075,120.1511495","30.9448433,120.2453958;30.9035210,120.1867537"
08,Datasets/UAV_VisLoc_dataset/08/drone/08_0570.JPG,30.9268771,120.1825650,"30.9268771,120.1637157;30.9286737,120.1658101;30.9286737,120.1637157;30.9107075,120.1511495","30.9394534,120.1553383;30.9250805,120.2118860"
08,Datasets/UAV_VisLoc_dataset/08/drone/08_0571.JPG,30.9268771,120.1804706,"30.9286737,120.1637157;30.9286737,120.1658101;30.9268771,120.1637157;30.9268771,120.1616213","30.9430467,120.1972255;30.9394534,120.1993199"
08,Datasets/UAV_VisLoc_dataset/08/drone/08_0572.JPG,30.9268771,120.1804706,"30.9286737,120.1637157;30.9286737,120.1658101;30.9268771,120.1637157;30.9107075,120.1511495","30.9035210,120.1846593;30.9071142,120.2453958"
08,Datasets/UAV_VisLoc_dataset/08/drone/08_0573.JPG,30.9268771,120.1783762,"30.9286737,120.1637157;30.9268771,120.1616213;30.9286737,120.1658101;30.9268771,120.1637157","30.9053176,120.2495846;30.9286737,120.1490552"
08,Datasets/UAV_VisLoc_dataset/08/drone/08_0574.JPG,30.9268771,120.1762819,"30.9286737,120.1637157;30.9053176,120.1637157;30.9071142,120.1637157;30.9268771,120.1616213","30.9358602,120.2097917;30.9268771,120.1595270"
08,Datasets/UAV_VisLoc_dataset/08/drone/08_0575.JPG,30.9286737,120.1762819,"30.9107075,120.1511495;30.9143007,120.1532439;30.9286737,120.1637157;30.9053176,120.1637157","30.9448433,120.2286409;30.9466399,120.2307353"
08,Datasets/UAV_VisLoc_dataset/08/drone/08_0576.JPG,30.9286737,120.1741875,"30.9107075,120.1511495;30.9286737,120.1637157;30.9125041,120.2474902;30.9286737,120.1658101","30.9214872,120.2391128;30.9430467,120.1469608"
08,Datasets/UAV_VisLoc_dataset/08/drone/08_0577.JPG,30.9286737,120.1741875,"30.9107075,120.1511495;30.9286737,120.1637157;30.9125041,120.2474902;30.9035210,120.2433015","30.9250805,120.2244522;30.9214872,120.2118860"
08,Datasets/UAV_VisLoc_dataset/08/drone/08_0578.JPG,30.9286737,120.1720932,"30.9125041,120.2474902;30.9107075,120.1511495;30.9035210,120.2433015;30.9053176,120.2453958","30.9268771,120.2265466;30.9107075,120.1720932"
08,Datasets/UAV_VisLoc_dataset/08/drone/08_0579.JPG,30.9286737,120.1720932,"30.9035210,120.2433015;30.9125041,120.2474902;30.9394534,120.1532439;30.9286737,120.1637157","30.9053176,120.2076973;30.9340636,120.2181691"
08,Datasets/UAV_VisLoc_dataset/08/drone/08_0580.JPG,30.9286737,120.1699988,"30.9107075,120.1511495;30.9125041,120.2474902;30.9286737,120.1637157;30.9035210,120.2433015","30.9053176,120.1616213;30.9286737,120.2097917"
08,Datasets/UAV_VisLoc_dataset/08/drone/08_0581.JPG,30.9286737,120.1699988,"30.9107075,120.1511495;30.9125041,120.2474902;30.9286737,120.1637157;30.9035210,120.2433015","30.9430467,120.1867537;30.9125041,120.2139804"
08,Datasets/UAV_VisLoc_dataset/08/drone/08_0582.JPG,30.9286737,120.1699988,"30.9107075,120.1511495;30.9286737,120.1637157;30.9125041,120.2474902;30.9089109,120.1511495","30.9412501,120.2118860;30.9448433,120.2370184"
08,Datasets/UAV_VisLoc_dataset/08/drone/08_0583.JPG,30.9286737,120.1679044,"30.9107075,120.1511495;30.9286737,120.1637157;30.9125041,120.2474902;30.9125041,120.1699988","30.9340636,120.2202635;30.9160974,120.1825650"
08,Datasets/UAV_VisLoc_dataset/08/drone/08_0584.JPG,30.9286737,120.1679044,"30.9107075,120.1511495;30.9286737,120.1637157;30.9394534,120.1532439;30.9125041,120.2474902","30.9304703,120.2160748;30.9358602,120.2328297"
08,Datasets/UAV_VisLoc_dataset/08/drone/08_0585.JPG,30.9286737,120.1658101,"30.9394534,120.1532439;30.9107075,120.1511495;30.9430467,120.1637157;30.9376568,120.1553383","30.9125041,120.2202635;30.9376568,120.1553383"
08,Datasets/UAV_VisLoc_dataset/08/drone/08_0586.JPG,30.9304703,120.1658101,"30.9089109,120.1427721;30.9053176,120.1637157;30.9376568,120.1553383;30.9394534,120.1532439","30.9448433,120.1762819;30.9322670,120.2076973"
08,Datasets/UAV_VisLoc_dataset/08/drone/08_0587.JPG,30.9304703,120.1637157,"30.9053176,120.1637157;30.9089109,120.1427721;30.9376568,120.1553383;30.9107075,120.1679044","30.9466399,120.1930368;30.9466399,120.2370184"
08,Datasets/UAV_VisLoc_dataset/08/drone/08_0588.JPG,30.9304703,120.1637157,"30.9053176,120.1637157;30.9143007,120.1595270;30.9107075,120.1679044;30.9089109,120.1427721","30.9071142,120.2265466;30.9286737,120.2244522"
08,Datasets/UAV_VisLoc_dataset/08/drone/08_0589.JPG,30.9304703,120.1616213,"30.9107075,120.1679044;30.9053176,120.1637157;30.9143007,120.1532439;30.9143007,120.1595270","30.9232838,120.1804706;30.9376568,120.2328297"
08,Datasets/UAV_VisLoc_dataset/08/drone/08_0590.JPG,30.9304703,120.1616213,"30.9107075,120.1679044;30.9214872,120.1699988;30.9286737,120.1637157;30.9143007,120.1532439","30.9214872,120.1825650;30.9089109,120.1888481"
08,Datasets/UAV_VisLoc_dataset/08/drone/08_0591.JPG,30.9304703,120.1595270,"30.9107075,120.1679044;30.9035210,120.1574326;30.9394534,120.1364890;30.9053176,120.1658101","30.9035210,120.2349240;30.9214872,120.1574326"
08,Datasets/UAV_VisLoc_dataset/08/drone/08_0592.JPG,30.9304703,120.1595270,"30.9286737,120.1637157;30.9394534,120.1364890;30.9143007,120.1532439;30.9053176,120.1637157","30.9071142,120.2307353;30.9430467,120.1511495"
08,Datasets/UAV_VisLoc_dataset/08/drone/08_0593.JPG,30.9304703,120.1574326,"30.9286737,120.1637157;30.9250805,120.1469608;30.9053176,120.1637157;30.9143007,120.1532439","30.9053176,120.2495846;30.9250805,120.1741875"
08,Datasets/UAV_VisLoc_dataset/08/drone/08_0594.JPG,30.9304703,120.1574326,"30.9286737,120.1637157;30.9053176,120.1637157;30.9376568,120.1553383;30.9125041,120.1699988","30.9286737,120.1951311;30.9448433,120.2035086"
08,Datasets/UAV_VisLoc_dataset/08/drone/08_0595.JPG,30.9304703,120.1553383,"30.9089109,120.1427721;30.9107075,120.1511495;30.9394534,120.1532439;30.9286737,120.1637157","30.9089109,120.2516789;30.9214872,120.1385834"
08,Datasets/UAV_VisLoc_dataset/08/drone/08_0596.JPG,30.9304703,120.1553383,"30.9394534,120.1532439;30.9448433,120.1637157;30.9107075,120.1511495;30.9430467,120.1637157","30.9358602,120.1867537;30.9107075,120.2056030"
08,Datasets/UAV_VisLoc_dataset/08/drone/08_0597.JPG,30.9304703,120.1532439,"30.9394534,120.1532439;30.9376568,120.1553383;30.9089109,120.1427721;30.9448433,120.1637157","30.9125041,120.1762819;30.9430467,120.1972255"
08,Datasets/UAV_VisLoc_dataset/08/drone/08_0598.JPG,30.9322670,120.1532439,"30.9286737,120.1637157;30.9268771,120.1616213;30.9286737,120.1658101;30.9268771,120.1637157","30.9466399,120.1364890;30.9250805,120.1972255"
08,Datasets/UAV_VisLoc_dataset/08/drone/08_0599.JPG,30.9322670,120.1511495,"30.9107075,120.1511495;30.9286737,120.1658101;30.9304703,120.1637157;30.9268771,120.1637157","30.9160974,120.1406777;30.9160974,120.1993199"
08,Datasets/UAV_VisLoc_dataset/08/drone/08_0600.JPG,30.9322670,120.1511495,"30.9107075,120.1511495;30.9232838,120.1448664;30.9125041,120.2474902;30.9304703,120.1637157","30.9232838,120.1574326;30.9125041,120.1490552"
08,Datasets/UAV_VisLoc_dataset/08/drone/08_0601.JPG,30.9322670,120.1490552,"30.9232838,120.1448664;30.9125041,120.2474902;30.9107075,120.1511495;30.9286737,120.1658101","30.9412501,120.1658101;30.9250805,120.1595270"
08,Datasets/UAV_VisLoc_dataset/08/drone/08_0602.JPG,30.9322670,120.1490552,"30.9232838,120.1448664;30.9304703,120.1637157;30.9053176,120.2453958;30.9160974,120.1448664","30.9232838,120.2391128;30.9160974,120.1553383"
08,Datasets/UAV_VisLoc_dataset/08/drone/08_0603.JPG,30.9322670,120.1469608,"30.9232838,120.1448664;30.9304703,120.1637157;30.9232838,120.1469608;30.9160974,120.1448664","30.9089109,120.2097917;30.9394534,120.2349240"
08,Datasets/UAV_VisLoc_dataset/08/drone/08_0604.JPG,30.9322670,120.1469608,"30.9125041,120.1720932;30.9125041,120.1448664;30.9071142,120.1469608;30.9340636,120.1679044","30.9089109,120.1909424;30.9268771,120.2516789"
08,Datasets/UAV_VisLoc_dataset/08/drone/08_0605.JPG,30.9322670,120.1469608,"30.9178940,120.2495846;30.9125041,120.2474902;30.9232838,120.1448664;30.9125041,120.1720932","30.9107075,120.2223579;30.9071142,120.2391128"
08,Datasets/UAV_VisLoc_dataset/08/drone/08_0606.JPG,30.9322670,120.1448664,"30.9178940,120.2495846;30.9125041,120.2474902;30.9232838,120.1448664;30.9178940,120.2516789","30.9250805,120.1804706;30.9143007,120.1637157"
08,Datasets/UAV_VisLoc_dataset/08/drone/08_0607.JPG,30.9322670,120.1427721,"30.9178940,120.2495846;30.9125041,120.2474902;30.9196906,120.2202635;30.9035210,120.2286409","30.9053176,120.1553383;30.9304703,120.2516789"
08,Datasets/UAV_VisLoc_dataset/08/drone/08_0608.JPG,30.9322670,120.1427721,"30.9035210,120.2286409;30.9196906,120.2202635;30.9178940,120.2495846;30.9268771,120.2412071","30.9268771,120.1574326;30.9214872,120.1867537"
08,Datasets/UAV_VisLoc_dataset/08/drone/08_0609.JPG,30.9304703,120.1427721,"30.9035210,120.2286409;30.9178940,120.2495846;30.9196906,120.2202635;30.9035210,120.2265466","30.9107075,120.1699988;30.9214872,120.1951311"
08,Datasets/UAV_VisLoc_dataset/08/drone/08_0610.JPG,30.9304703,120.1427721,"30.9196906,120.2202635;30.9268771,120.2412071;30.9035210,120.2286409;30.9232838,120.1448664","30.9160974,120.2412071;30.9089109,120.2202635"
08,Datasets/UAV_VisLoc_dataset/08/drone/08_0611.JPG,30.9304703,120.1448664,"30.9035210,120.2286409;30.9196906,120.2202635;30.9232838,120.1448664;30.9035210,120.2244522","30.9376568,120.2223579;30.9340636,120.1574326"
08,Datasets/UAV_VisLoc_dataset/08/drone/08_0612.JPG,30.9304703,120.1448664,"30.9035210,120.2286409;30.9232838,120.1448664;30.9196906,120.2202635;30.9304703,120.1658101","30.9376568,120.2244522;30.9358602,120.2453958"
08,Datasets/UAV_VisLoc_dataset/08/drone/08_0613.JPG,30.9304703,120.1469608,"30.9196906,120.2202635;30.9035210,120.2286409;30.9268771,120.2412071;30.9035210,120.2265466","30.9286737,120.2223579;30.9035210,120.1888481"
08,Datasets/UAV_VisLoc_dataset/08/drone/08_0614.JPG,30.9304703,120.1469608,"30.9232838,120.1448664;30.9196906,120.2202635;30.9035210,120.2286409;30.9268771,120.2412071","30.9376568,120.2097917;30.9232838,120.1637157"
08,Datasets/UAV_VisLoc_dataset/08/drone/08_0615.JPG,30.9304703,120.1469608,"30.9232838,120.1448664;30.9304703,120.1637157;30.9268771,120.2412071;30.9286737,120.1658101","30.9286737,120.2223579;30.9268771,120.1951311"
08,Datasets/UAV_VisLoc_dataset/08/drone/08_0616.JPG,30.9286737,120.1490552,"30.9232838,120.1448664;30.9125041,120.2474902;30.9286737,120.1658101;30.9107075,120.1511495","30.9178940,120.2370184;30.9232838,120.1846593"
08,Datasets/UAV_VisLoc_dataset/08/drone/08_0617.JPG,30.9286737,120.1490552,"30.9232838,120.1448664;30.9286737,120.1658101;30.9107075,120.1511495;30.9125041,120.2474902","30.9376568,120.1658101;30.9430467,120.1406777"
08,Datasets/UAV_VisLoc_dataset/08/drone/08_0618.JPG,30.9286737,120.1511495,"30.9107075,120.1511495;30.9286737,120.1658101;30.9286737,120.1637157;30.9304703,120.1637157","30.9232838,120.2328297;30.9178940,120.2244522"
08,Datasets/UAV_VisLoc_dataset/08/drone/08_0619.JPG,30.9286737,120.1511495,"30.9286737,120.1637157;30.9286737,120.1658101;30.9268771,120.1637157;30.9107075,120.1511495","30.9053176,120.1637157;30.9358602,120.1616213"
08,Datasets/UAV_VisLoc_dataset/08/drone/08_0620.JPG,30.9286737,120.1532439,"30.9394534,120.1532439;30.9448433,120.1637157;30.9466399,120.2035086;30.9430467,120.1637157","30.9125041,120.1762819;30.9089109,120.2014142"
08,Datasets/UAV_VisLoc_dataset/08/drone/08_0621.JPG,30.9286737,120.1532439,"30.9448433,120.1637157;30.9394534,120.1532439;30.9430467,120.1637157;30.9394534,120.1637157","30.9143007,120.1427721;30.9448433,120.2076973"
08,Datasets/UAV_VisLoc_dataset/08/drone/08_0622.JPG,30.9286737,120.1553383,"30.9394534,120.1532439;30.9448433,120.1637157;30.9466399,120.1616213;30.9466399,120.1637157","30.9448433,120.2433015;30.9268771,120.1427721"
08,Datasets/UAV_VisLoc_dataset/08/drone/08_0623.JPG,30.9286737,120.1553383,"30.9394534,120.1532439;30.9448433,120.1637157;30.9430467,120.1637157;30.9466399,120.1616213","30.9143007,120.2349240;30.9035210,120.1741875"
08,Datasets/UAV_VisLoc_dataset/08/drone/08_0624.JPG,30.9286737,120.1574326,"30.9394534,120.1532439;30.9448433,120.1637157;30.9430467,120.1637157;30.9376568,120.1553383","30.9250805,120.1993199;30.9340636,120.1699988"
08,Datasets/UAV_VisLoc_dataset/08/drone/08_0625.JPG,30.9286737,120.1574326,"30.9394534,120.1532439;30.9089109,120.1427721;30.9448433,120.1637157;30.9376568,120.1553383","30.9322670,120.1783762;30.9160974,120.1574326"
08,Datasets/UAV_VisLoc_dataset/08/drone/08_0626.JPG,30.9286737,120.1595270,"30.9376568,120.1553383;30.9089109,120.1427721;30.9107075,120.1511495;30.9394534,120.1532439","30.9304703,120.1951311;30.9250805,120.2097917"
08,Datasets/UAV_VisLoc_dataset/08/drone/08_0627.JPG,30.9286737,120.1595270,"30.9089109,120.1427721;30.9376568,120.1553383;30.9107075,120.1511495;30.9071142,120.1658101","30.9125041,120.1804706;30.9178940,120.1762819"
08,Datasets/UAV_VisLoc_dataset/08/drone/08_0628.JPG,30.9268771,120.1616213,"30.9071142,120.1658101;30.9071142,120.1637157;30.9107075,120.1658101;30.9053176,120.1637157","30.9125041,120.2516789;30.9178940,120.2453958"
08,Datasets/UAV_VisLoc_dataset/08/drone/08_0629.JPG,30.9268771,120.1616213,"30.9071142,120.1658101;30.9071142,120.1637157;30.9053176,120.1637157;30.9107075,120.1658101","30.9286737,120.1511495;30.9107075,120.1825650"
08,Datasets/UAV_VisLoc_dataset/08/drone/08_0630.JPG,30.9268771,120.1637157,"30.9071142,120.1637157;30.9053176,120.1637157;30.9107075,120.1658101;30.9071142,120.1658101","30.9125041,120.2035086;30.9089109,120.1783762"
08,Datasets/UAV_VisLoc_dataset/08/drone/08_0631.JPG,30.9268771,120.1637157,"30.9053176,120.1637157;30.9071142,120.1637157;30.9394534,120.1532439;30.9376568,120.1553383","30.9466399,120.1469608;30.9035210,120.2181691"
08,Datasets/UAV_VisLoc_dataset/08/drone/08_0632.JPG,30.9268771,120.1658101,"30.9430467,120.1637157;30.9394534,120.1532439;30.9340636,120.1930368;30.9394534,120.1637157","30.9394534,120.1783762;30.9430467,120.2160748"
08,Datasets/UAV_VisLoc_dataset/08/drone/08_0633.JPG,30.9268771,120.1658101,"30.9358602,120.1930368;30.9340636,120.1951311;30.9340636,120.1993199;30.9340636,120.1930368","30.9071142,120.1783762;30.9394534,120.2516789"
08,Datasets/UAV_VisLoc_dataset/08/drone/08_0634.JPG,30.9268771,120.1679044,"30.9340636,120.1993199;30.9340636,120.1930368;30.9107075,120.1511495;30.9358602,120.1846593","30.9286737,120.2035086;30.9358602,120.2516789"
08,Datasets/UAV_VisLoc_dataset/08/drone/08_0635.JPG,30.9268771,120.1679044,"30.9107075,120.1511495;30.9340636,120.1951311;30.9340636,120.2014142;30.9394534,120.2014142","30.9286737,120.1825650;30.9394534,120.1804706"
08,Datasets/UAV_VisLoc_dataset/08/drone/08_0636.JPG,30.9268771,120.1699988,"30.9107075,120.1511495;30.9089109,120.1511495;30.9268771,120.1637157;30.9286737,120.1658101","30.9125041,120.2014142;30.9196906,120.1490552"
08,Datasets/UAV_VisLoc_dataset/08/drone/08_0637.JPG,30.9268771,120.1699988,"30.9107075,120.1511495;30.9089109,120.1511495;30.9376568,120.1658101;30.9268771,120.1637157","30.9178940,120.1574326;30.9160974,120.1364890"
08,Datasets/UAV_VisLoc_dataset/08/drone/08_0638.JPG,30.9268771,120.1699988,"30.9394534,120.1637157;30.9394534,120.1532439;30.9376568,120.1762819;30.9430467,120.1637157","30.9035210,120.2474902;30.9232838,120.1490552"
08,Datasets/UAV_VisLoc_dataset/08/drone/08_0639.JPG,30.9250805,120.1720932,"30.9358602,120.1846593;30.9430467,120.2076973;30.9394534,120.1637157;30.9376568,120.1762819","30.9160974,120.1846593;30.9089109,120.2076973"
08,Datasets/UAV_VisLoc_dataset/08/drone/08_0640.JPG,30.9250805,120.1720932,"30.9358602,120.1930368;30.9107075,120.1511495;30.9340636,120.1993199;30.9358602,120.1846593","30.9340636,120.1658101;30.9430467,120.2433015"
08,Datasets/UAV_VisLoc_dataset/08/drone/08_0641.JPG,30.9250805,120.1741875,"30.9107075,120.1511495;30.9286737,120.1637157;30.9125041,120.1699988;30.9125041,120.2474902","30.9430467,120.2244522;30.9071142,120.2035086"
08,Datasets/UAV_VisLoc_dataset/08/drone/08_0642.JPG,30.9250805,120.1762819,"30.9053176,120.1637157;30.9107075,120.1679044;30.9286737,120.1637157;30.9107075,120.2097917","30.9196906,120.1469608;30.9340636,120.1993199"
08,Datasets/UAV_VisLoc_dataset/08/drone/08_0643.JPG,30.9250805,120.1762819,"30.9107075,120.1679044;30.9286737,120.1490552;30.9071142,120.1658101;30.9035210,120.1699988","30.9250805,120.1511495;30.9143007,120.2202635"
08,Datasets/UAV_VisLoc_dataset/08/drone/08_0644.JPG,30.9250805,120.1783762,"30.9071142,120.1658101;30.9107075,120.1679044;30.9286737,120.1490552;30.9035210,120.1699988","30.9035210,120.1909424;30.9358602,120.2160748"
08,Datasets/UAV_VisLoc_dataset/08/drone/08_0645.JPG,30.9250805,120.1783762,"30.9053176,120.1637157;30.9071142,120.1658101;30.9071142,120.1637157;30.9268771,120.1616213","30.9412501,120.1658101;30.9286737,120.2035086"
08,Datasets/UAV_VisLoc_dataset/08/drone/08_0646.JPG,30.9250805,120.1804706,"30.9107075,120.1511495;30.9268771,120.1637157;30.9304703,120.1637157;30.9286737,120.1658101","30.9304703,120.2014142;30.9322670,120.2328297"
08,Datasets/UAV_VisLoc_dataset/08/drone/08_0647.JPG,30.9250805,120.1804706,"30.9107075,120.1511495;30.9286737,120.1658101;30.9268771,120.1637157;30.9304703,120.1637157","30.9322670,120.2495846;30.9160974,120.2328297"
08,Datasets/UAV_VisLoc_dataset/08/drone/08_0648.JPG,30.9250805,120.1825650,"30.9286737,120.1658101;30.9304703,120.1637157;30.9107075,120.1511495;30.9268771,120.1637157","30.9125041,120.1993199;30.9160974,120.2474902"
08,Datasets/UAV_VisLoc_dataset/08/drone/08_0649.JPG,30.9250805,120.1825650,"30.9286737,120.1658101;30.9107075,120.1511495;30.9232838,120.1448664;30.9304703,120.1637157","30.9089109,120.1951311;30.9340636,120.1679044"
08,Datasets/UAV_VisLoc_dataset/08/drone/08_0650.JPG,30.9250805,120.1846593,"30.9286737,120.1658101;30.9232838,120.1448664;30.9304703,120.1637157;30.9107075,120.1511495","30.9160974,120.1658101;30.9053176,120.1427721"
08,Datasets/UAV_VisLoc_dataset/08/drone/08_0651.JPG,30.9232838,120.1846593,"30.9232838,120.1448664;30.9286737,120.1658101;30.9125041,120.2474902;30.9286737,120.1637157","30.9358602,120.2097917;30.9394534,120.2349240"
08,Datasets/UAV_VisLoc_dataset/08/drone/08_0652.JPG,30.9232838,120.1867537,"30.9125041,120.2474902;30.9107075,120.1511495;30.9053176,120.2453958;30.9232838,120.1448664","30.9214872,120.1553383;30.9322670,120.2328297"
08,Datasets/UAV_VisLoc_dataset/08/drone/08_0653.JPG,30.9232838,120.1867537,"30.9125041,120.2474902;30.9178940,120.2495846;30.9178940,120.2516789;30.9053176,120.2453958","30.9160974,120.2307353;30.9107075,120.2495846"
08,Datasets/UAV_VisLoc_dataset/08/drone/08_0654.JPG,30.9232838,120.1888481,"30.9125041,120.2474902;30.9053176,120.2453958;30.9286737,120.1637157;30.9035210,120.2433015","30.9340636,120.1490552;30.9107075,120.1511495"
08,Datasets/UAV_VisLoc_dataset/08/drone/08_0655.JPG,30.9232838,120.1888481,"30.9286737,120.1637157;30.9125041,120.2474902;30.9089109,120.1427721;30.9053176,120.2453958","30.9304703,120.1637157;30.9089109,120.2035086"
08,Datasets/UAV_VisLoc_dataset/08/drone/08_0656.JPG,30.9232838,120.1909424,"30.9125041,120.2160748;30.9286737,120.1637157;30.9089109,120.1427721;30.9125041,120.2474902","30.9178940,120.2286409;30.9322670,120.2474902"
08,Datasets/UAV_VisLoc_dataset/08/drone/08_0657.JPG,30.9232838,120.1909424,"30.9125041,120.2160748;30.9125041,120.2474902;30.9089109,120.1427721;30.9286737,120.1637157","30.9430467,120.1972255;30.9466399,120.2286409"
08,Datasets/UAV_VisLoc_dataset/08/drone/08_0658.JPG,30.9232838,120.1930368,"30.9125041,120.2160748;30.9125041,120.2474902;30.9286737,120.1637157;30.9071142,120.2097917","30.9071142,120.1595270;30.9430467,120.2265466"
08,Datasets/UAV_VisLoc_dataset/08/drone/08_0659.JPG,30.9232838,120.1930368,"30.9125041,120.2160748;30.9125041,120.2139804;30.9304703,120.2118860;30.9089109,120.1427721","30.9143007,120.2097917;30.9035210,120.1888481"
08,Datasets/UAV_VisLoc_dataset/08/drone/08_0660.JPG,30.9232838,120.1930368,"30.9286737,120.1637157;30.9107075,120.1511495;30.9089109,120.1427721;30.9071142,120.1616213","30.9053176,120.2286409;30.9035210,120.2474902"
08,Datasets/UAV_VisLoc_dataset/08/drone/08_0661.JPG,30.9232838,120.1951311,"30.9107075,120.1511495;30.9125041,120.2160748;30.9286737,120.1637157;30.9125041,120.2139804","30.9250805,120.2202635;30.9071142,120.2118860"
08,Datasets/UAV_VisLoc_dataset/08/drone/08_0662.JPG,30.9214872,120.1951311,"30.9125041,120.2160748;30.9286737,120.1637157;30.9125041,120.2139804;30.9125041,120.2474902","30.9196906,120.1427721;30.9268771,120.2370184"
08,Datasets/UAV_VisLoc_dataset/08/drone/08_0663.JPG,30.9214872,120.1972255,"30.9125041,120.2160748;30.9286737,120.1637157;30.9125041,120.2139804;30.9125041,120.2474902","30.9125041,120.2056030;30.9322670,120.2139804"
08,Datasets/UAV_VisLoc_dataset/08/drone/08_0664.JPG,30.9214872,120.1972255,"30.9376568,120.1490552;30.9125041,120.2160748;30.9286737,120.1637157;30.9125041,120.2474902","30.9466399,120.1699988;30.9214872,120.2202635"
08,Datasets/UAV_VisLoc_dataset/08/drone/08_0665.JPG,30.9214872,120.1993199,"30.9107075,120.1511495;30.9286737,120.1637157;30.9376568,120.1490552;30.9143007,120.1532439","30.9232838,120.2223579;30.9430467,120.1679044"
08,Datasets/UAV_VisLoc_dataset/08/drone/08_0666.JPG,30.9214872,120.1993199,"30.9107075,120.1511495;30.9286737,120.1637157;30.9268771,120.1637157;30.9286737,120.1658101","30.9412501,120.2391128;30.9394534,120.1406777"
08,Datasets/UAV_VisLoc_dataset/08/drone/08_0667.JPG,30.9214872,120.2014142,"30.9286737,120.1637157;30.9466399,120.1637157;30.9448433,120.1637157;30.9394534,120.1532439","30.9125041,120.2181691;30.9214872,120.1364890"
08,Datasets/UAV_VisLoc_dataset/08/drone/08_0668.JPG,30.9214872,120.2014142,"30.9448433,120.1637157;30.9376568,120.1720932;30.9466399,120.1637157;30.9466399,120.1616213","30.9143007,120.2223579;30.9304703,120.2433015"
08,Datasets/UAV_VisLoc_dataset/08/drone/08_0669.JPG,30.9214872,120.2035086,"30.9035210,120.2433015;30.9125041,120.2474902;30.9286737,120.1637157;30.9035210,120.2412071","30.9107075,120.1595270;30.9376568,120.2181691"
08,Datasets/UAV_VisLoc_dataset/08/drone/08_0670.JPG,30.9214872,120.2035086,"30.9286737,120.1637157;30.9125041,120.2474902;30.9035210,120.2433015;30.9125041,120.2160748","30.9376568,120.1867537;30.9143007,120.2495846"
08,Datasets/UAV_VisLoc_dataset/08/drone/08_0671.JPG,30.9214872,120.2056030,"30.9286737,120.1637157;30.9125041,120.2474902;30.9035210,120.2433015;30.9376568,120.1364890","30.9268771,120.2433015;30.9466399,120.2474902"
08,Datasets/UAV_VisLoc_dataset/08/drone/08_0672.JPG,30.9214872,120.2056030,"30.9286737,120.1637157;30.9035210,120.2433015;30.9125041,120.2474902;30.9035210,120.2412071","30.9412501,120.1909424;30.9412501,120.2370184"
08,Datasets/UAV_VisLoc_dataset/08/drone/08_0673.JPG,30.9214872,120.2076973,"30.9035210,120.2433015;30.9125041,120.2474902;30.9286737,120.1637157;30.9035210,120.2412071","30.9376568,120.1364890;30.9466399,120.2391128"
08,Datasets/UAV_VisLoc_dataset/08/drone/08_0674.JPG,30.9196906,120.2097917,"30.9394534,120.1364890;30.9035210,120.2433015;30.9214872,120.2495846;30.9035210,120.2453958","30.9143007,120.1909424;30.9035210,120.1511495"
08,Datasets/UAV_VisLoc_dataset/08/drone/08_0675.JPG,30.9196906,120.2097917,"30.9340636,120.1469608;30.9394534,120.1364890;30.9340636,120.1448664;30.9268771,120.1469608","30.9466399,120.2433015;30.9178940,120.2495846"
08,Datasets/UAV_VisLoc_dataset/08/drone/08_0676.JPG,30.9196906,120.2118860,"30.9394534,120.1364890;30.9214872,120.2495846;30.9268771,120.1469608;30.9340636,120.1469608","30.9250805,120.2412071;30.9035210,120.2014142"
08,Datasets/UAV_VisLoc_dataset/08/drone/08_0677.JPG,30.9196906,120.2118860,"30.9214872,120.2495846;30.9035210,120.2412071;30.9125041,120.2433015;30.9196906,120.2516789","30.9412501,120.2035086;30.9071142,120.1511495"
08,Datasets/UAV_VisLoc_dataset/08/drone/08_0678.JPG,30.9196906,120.2139804,"30.9214872,120.2495846;30.9035210,120.2412071;30.9286737,120.1637157;30.9125041,120.2474902","30.9232838,120.1909424;30.9035210,120.1867537"
08,Datasets/UAV_VisLoc_dataset/08/drone/08_0679.JPG,30.9196906,120.2139804,"30.9286737,120.1637157;30.9089109,120.1741875;30.9304703,120.1616213;30.9394534,120.1364890","30.9232838,120.2328297;30.9376568,120.2056030"
08,Datasets/UAV_VisLoc_dataset/08/drone/08_0680.JPG,30.9196906,120.2139804,"30.9107075,120.1679044;30.9035210,120.1658101;30.9304703,120.1616213;30.9107075,120.2097917","30.9250805,120.1385834;30.9376568,120.2495846"
08,Datasets/UAV_VisLoc_dataset/08/drone/08_0681.JPG,30.9196906,120.2160748,"30.9107075,120.1679044;30.9035210,120.1658101;30.9107075,120.2097917;30.9304703,120.1616213","30.9250805,120.1364890;30.9089109,120.1448664"
08,Datasets/UAV_VisLoc_dataset/08/drone/08_0682.JPG,30.9196906,120.2160748,"30.9286737,120.1637157;30.9304703,120.1616213;30.9394534,120.1364890;30.9089109,120.1741875","30.9394534,120.1511495;30.9214872,120.1993199"
08,Datasets/UAV_VisLoc_dataset/08/drone/08_0683.JPG,30.9196906,120.2181691,"30.9107075,120.1511495;30.9286737,120.1637157;30.9143007,120.1532439;30.9430467,120.2014142","30.9107075,120.1846593;30.9196906,120.2453958"
08,Datasets/UAV_VisLoc_dataset/08/drone/08_0684.JPG,30.9196906,120.2181691,"30.9107075,120.1511495;30.9358602,120.1720932;30.9143007,120.1532439;30.9107075,120.1658101","30.9071142,120.2433015;30.9178940,120.1469608"
08,Datasets/UAV_VisLoc_dataset/08/drone/08_0685.JPG,30.9196906,120.2202635,"30.9358602,120.1720932;30.9107075,120.1511495;30.9107075,120.1658101;30.9071142,120.1637157","30.9304703,120.1699988;30.9376568,120.2265466"
08,Datasets/UAV_VisLoc_dataset/08/drone/08_0686.JPG,30.9178940,120.2202635,"30.9268771,120.1616213;30.9268771,120.1637157;30.9286737,120.1637157;30.9107075,120.1637157","30.9412501,120.2139804;30.9430467,120.1490552"
08,Datasets/UAV_VisLoc_dataset/08/drone/08_0687.JPG,30.9178940,120.2223579,"30.9286737,120.1637157;30.9268771,120.1616213;30.9268771,120.1637157;30.9286737,120.1658101","30.9304703,120.1762819;30.9071142,120.2391128"
08,Datasets/UAV_VisLoc_dataset/08/drone/08_0688.JPG,30.9178940,120.2223579,"30.9286737,120.1637157;30.9286737,120.1658101;30.9125041,120.2474902;30.9268771,120.1637157","30.9125041,120.1930368;30.9160974,120.1930368"
08,Datasets/UAV_VisLoc_dataset/08/drone/08_0689.JPG,30.9178940,120.2244522,"30.9125041,120.2474902;30.9286737,120.1637157;30.9286737,120.1658101;30.9232838,120.1448664","30.9412501,120.2307353;30.9232838,120.1679044"
08,Datasets/UAV_VisLoc_dataset/08/drone/08_0690.JPG,30.9178940,120.2244522,"30.9286737,120.1637157;30.9286737,120.1658101;30.9143007,120.1532439;30.9268771,120.1616213","30.9304703,120.2474902;30.9376568,120.1825650"
08,Datasets/UAV_VisLoc_dataset/08/drone/08_0691.JPG,30.9178940,120.2265466,"30.9107075,120.1679044;30.9053176,120.1637157;30.9268771,120.1616213;30.9071142,120.1658101","30.9358602,120.2181691;30.9143007,120.1427721"
08,Datasets/UAV_VisLoc_dataset/08/drone/08_0692.JPG,30.9178940,120.2265466,"30.9053176,120.1637157;30.9107075,120.1679044;30.9250805,120.1616213;30.9071142,120.1658101","30.9286737,120.1595270;30.9214872,120.2453958"
08,Datasets/UAV_VisLoc_dataset/08/drone/08_0693.JPG,30.9178940,120.2286409,"30.9268771,120.1616213;30.9286737,120.1637157;30.9286737,120.1658101;30.9053176,120.1637157","30.9376568,120.2097917;30.9448433,120.1679044"
08,Datasets/UAV_VisLoc_dataset/08/drone/08_0694.JPG,30.9178940,120.2286409,"30.9358602,120.2139804;30.9412501,120.1427721;30.9322670,120.1930368;30.9358602,120.1783762","30.9358602,120.2181691;30.9214872,120.2181691"
08,Datasets/UAV_VisLoc_dataset/08/drone/08_0695.JPG,30.9178940,120.2307353,"30.9448433,120.1637157;30.9448433,120.2076973;30.9394534,120.2118860;30.9466399,120.1637157","30.9286737,120.2035086;30.9053176,120.1490552"
08,Datasets/UAV_VisLoc_dataset/08/drone/08_0696.JPG,30.9178940,120.2307353,"30.9448433,120.1637157;30.9466399,120.1637157;30.9286737,120.1637157;30.9430467,120.1637157","30.9466399,120.1595270;30.9340636,120.1930368"
08,Datasets/UAV_VisLoc_dataset/08/drone/08_0697.JPG,30.9160974,120.2328297,"30.9286737,120.1637157;30.9286737,120.1658101;30.9107075,120.1637157;30.9268771,120.1616213","30.9125041,120.2223579;30.9466399,120.2349240"
08,Datasets/UAV_VisLoc_dataset/08/drone/08_0698.JPG,30.9160974,120.2328297,"30.9286737,120.1637157;30.9125041,120.2474902;30.9286737,120.1658101;30.9107075,120.1637157","30.9340636,120.1699988;30.9376568,120.2035086"
08,Datasets/UAV_VisLoc_dataset/08/drone/08_0699.JPG,30.9160974,120.2349240,"30.9286737,120.1658101;30.9286737,120.1637157;30.9268771,120.1637157;30.9107075,120.1637157","30.9178940,120.1616213;30.9304703,120.2349240"
08,Datasets/UAV_VisLoc_dataset/08/drone/08_0700.JPG,30.9160974,120.2349240,"30.9286737,120.1637157;30.9286737,120.1658101;30.9071142,120.1616213;30.9107075,120.1637157","30.9412501,120.2076973;30.9250805,120.2160748"
08,Datasets/UAV_VisLoc_dataset/08/drone/08_0701.JPG,30.9160974,120.2370184,"30.9340636,120.2139804;30.9322670,120.2139804;30.9107075,120.1511495;30.9286737,120.1637157","30.9071142,120.2181691;30.9268771,120.1679044"
08,Datasets/UAV_VisLoc_dataset/08/drone/08_0702.JPG,30.9160974,120.2370184,"30.9322670,120.2139804;30.9322670,120.2118860;30.9340636,120.2139804;30.9340636,120.2118860","30.9340636,120.1469608;30.9035210,120.1930368"
08,Datasets/UAV_VisLoc_dataset/08/drone/08_0703.JPG,30.9160974,120.2370184,"30.9322670,120.2118860;30.9322670,120.2139804;30.9340636,120.2118860;30.9340636,120.2139804","30.9340636,120.2495846;30.9412501,120.2307353"
08,Datasets/UAV_VisLoc_dataset/08/drone/08_0704.JPG,30.9160974,120.2391128,"30.9322670,120.2139804;30.9322670,120.2118860;30.9340636,120.2118860;30.9340636,120.2097917","30.9071142,120.1783762;30.9196906,120.2118860"
08,Datasets/UAV_VisLoc_dataset/08/drone/08_0705.JPG,30.9160974,120.2391128,"30.9322670,120.2139804;30.9107075,120.1511495;30.9322670,120.2118860;30.9340636,120.2139804","30.9107075,120.2056030;30.9053176,120.1532439"
08,Datasets/UAV_VisLoc_dataset/08/drone/08_0706.JPG,30.9160974,120.2412071,"30.9107075,120.1511495;30.9322670,120.2139804;30.9125041,120.2474902;30.9286737,120.1637157","30.9232838,120.1427721;30.9466399,120.2244522"
08,Datasets/UAV_VisLoc_dataset/08/drone/08_0707.JPG,30.9160974,120.2433015,"30.9322670,120.2139804;30.9322670,120.2118860;30.9340636,120.2139804;30.9107075,120.1511495","30.9089109,120.1909424;30.9268771,120.1406777"
08,Datasets/UAV_VisLoc_dataset/08/drone/08_0708.JPG,30.9160974,120.2433015,"30.9322670,120.2139804;30.9340636,120.1993199;30.9322670,120.2118860;30.9340636,120.1951311","30.9268771,120.2223579;30.9160974,120.1553383"
08,Datasets/UAV_VisLoc_dataset/08/drone/08_0709.JPG,30.9143007,120.2453958,"30.9376568,120.2265466;30.9340636,120.2244522;30.9340636,120.2265466;30.9322670,120.2244522","30.9125041,120.1637157;30.9466399,120.1951311"
08,Datasets/UAV_VisLoc_dataset/08/drone/08_0710.JPG,30.9143007,120.2453958,"30.9394534,120.1930368;30.9358602,120.1930368;30.9376568,120.1930368;30.9358602,120.1951311","30.9358602,120.1909424;30.9089109,120.1448664"
08,Datasets/UAV_VisLoc_dataset/08/drone/08_0711.JPG,30.9143007,120.2474902,"30.9430467,120.1532439;30.9358602,120.1930368;30.9394534,120.1930368;30.9430467,120.1553383","30.9125041,120.2014142;30.9160974,120.1804706"
08,Datasets/UAV_VisLoc_dataset/08/drone/08_0712.JPG,30.9143007,120.2474902,"30.9107075,120.1511495;30.9035210,120.2433015;30.9125041,120.2412071;30.9125041,120.2433015","30.9340636,120.1846593;30.9250805,120.1888481"
08,Datasets/UAV_VisLoc_dataset/08/drone/08_0713.JPG,30.9125041,120.2474902,"30.9035210,120.2433015;30.9286737,120.1637157;30.9107075,120.1511495;30.9125041,120.2433015","30.9035210,120.1406777;30.9250805,120.1846593"
08,Datasets/UAV_VisLoc_dataset/08/drone/08_0714.JPG,30.9125041,120.2474902,"30.9394534,120.1930368;30.9358602,120.1930368;30.9376568,120.1930368;30.9358602,120.1951311","30.9143007,120.2139804;30.9196906,120.1699988"
08,Datasets/UAV_VisLoc_dataset/08/drone/08_0715.JPG,30.9125041,120.2453958,"30.9394534,120.1930368;30.9358602,120.1951311;30.9358602,120.1930368;30.9376568,120.1930368","30.9358602,120.2474902;30.9412501,120.2181691"
08,Datasets/UAV_VisLoc_dataset/08/drone/08_0716.JPG,30.9125041,120.2453958,"30.9394534,120.1930368;30.9376568,120.1930368;30.9358602,120.1951311;30.9358602,120.1930368","30.9358602,120.1888481;30.9268771,120.2014142"
08,Datasets/UAV_VisLoc_dataset/08/drone/08_0717.JPG,30.9125041,120.2433015,"30.9322670,120.2139804;30.9107075,120.1511495;30.9322670,120.2118860;30.9340636,120.1951311","30.9035210,120.2035086;30.9214872,120.1364890"
08,Datasets/UAV_VisLoc_dataset/08/drone/08_0718.JPG,30.9125041,120.2433015,"30.9322670,120.2139804;30.9107075,120.1511495;30.9322670,120.2118860;30.9089109,120.1511495","30.9322670,120.2118860;30.9466399,120.2244522"
08,Datasets/UAV_VisLoc_dataset/08/drone/08_0719.JPG,30.9125041,120.2412071,"30.9322670,120.2139804;30.9322670,120.2118860;30.9107075,120.1511495;30.9376568,120.1553383","30.9035210,120.1616213;30.9143007,120.1930368"
08,Datasets/UAV_VisLoc_dataset/08/drone/08_0720.JPG,30.9125041,120.2412071,"30.9107075,120.1511495;30.9322670,120.2139804;30.9071142,120.1637157;30.9107075,120.1658101","30.9394534,120.2056030;30.9430467,120.1427721"
08,Datasets/UAV_VisLoc_dataset/08/drone/08_0721.JPG,30.9125041,120.2391128,"30.9322670,120.2139804;30.9107075,120.1511495;30.9322670,120.2118860;30.9071142,120.1637157","30.9107075,120.1511495;30.9286737,120.2181691"
08,Datasets/UAV_VisLoc_dataset/08/drone/08_0722.JPG,30.9125041,120.2391128,"30.9322670,120.2139804;30.9322670,120.2118860;30.9107075,120.1511495;30.9089109,120.1511495","30.9376568,120.1616213;30.9466399,120.2014142"
08,Datasets/UAV_VisLoc_dataset/08/drone/08_0723.JPG,30.9143007,120.2370184,"30.9089109,120.1511495;30.9107075,120.1511495;30.9322670,120.2139804;30.9322670,120.1951311","30.9035210,120.2391128;30.9322670,120.1783762"
08,Datasets/UAV_VisLoc_dataset/08/drone/08_0724.JPG,30.9143007,120.2370184,"30.9448433,120.1637157;30.9322670,120.2056030;30.9358602,120.2139804;30.9358602,120.1720932","30.9448433,120.1511495;30.9286737,120.2495846"
08,Datasets/UAV_VisLoc_dataset/08/drone/08_0725.JPG,30.9143007,120.2370184,"30.9286737,120.1637157;30.9268771,120.1616213;30.9448433,120.1637157;30.9358602,120.1720932","30.9178940,120.1574326;30.9071142,120.1469608"
08,Datasets/UAV_VisLoc_dataset/08/drone/08_0726.JPG,30.9143007,120.2349240,"30.9268771,120.1616213;30.9107075,120.1658101;30.9071142,120.1637157;30.9358602,120.1720932","30.9394534,120.2391128;30.9107075,120.1574326"
08,Datasets/UAV_VisLoc_dataset/08/drone/08_0727.JPG,30.9143007,120.2349240,"30.9304703,120.2118860;30.9322670,120.2056030;30.9358602,120.2139804;30.9322670,120.2076973","30.9196906,120.2223579;30.9232838,120.2202635"
08,Datasets/UAV_VisLoc_dataset/08/drone/08_0728.JPG,30.9143007,120.2328297,"30.9089109,120.1427721;30.9107075,120.1448664;30.9304703,120.2118860;30.9286737,120.1637157","30.9107075,120.2433015;30.9412501,120.1637157"
08,Datasets/UAV_VisLoc_dataset/08/drone/08_0729.JPG,30.9143007,120.2328297,"30.9322670,120.2076973;30.9089109,120.1427721;30.9304703,120.2118860;30.9322670,120.2097917","30.9448433,120.1406777;30.9394534,120.2265466"
08,Datasets/UAV_VisLoc_dataset/08/drone/08_0730.JPG,30.9143007,120.2307353,"30.9448433,120.1951311;30.9448433,120.1909424;30.9430467,120.1930368;30.9466399,120.1930368","30.9412501,120.1427721;30.9250805,120.2453958"
08,Datasets/UAV_VisLoc_dataset/08/drone/08_0731.JPG,30.9143007,120.2286409,"30.9394534,120.1846593;30.9466399,120.1846593;30.9412501,120.1846593;30.9448433,120.1846593","30.9053176,120.2265466;30.9340636,120.1888481"
08,Datasets/UAV_VisLoc_dataset/08/drone/08_0732.JPG,30.9143007,120.2286409,"30.9430467,120.1846593;30.9430467,120.1825650;30.9412501,120.1427721;30.9430467,120.1427721","30.9340636,120.1406777;30.9394534,120.1427721"
08,Datasets/UAV_VisLoc_dataset/08/drone/08_0733.JPG,30.9143007,120.2265466,"30.9286737,120.1637157;30.9286737,120.1658101;30.9125041,120.2474902;30.9268771,120.1637157","30.9412501,120.1867537;30.9358602,120.2516789"
08,Datasets/UAV_VisLoc_dataset/08/drone/08_0734.JPG,30.9160974,120.2265466,"30.9286737,120.1637157;30.9286737,120.1658101;30.9268771,120.1616213;30.9268771,120.1637157","30.9340636,120.1720932;30.9340636,120.1679044"
08,Datasets/UAV_VisLoc_dataset/08/drone/08_0735.JPG,30.9160974,120.2244522,"30.9286737,120.1637157;30.9286737,120.1658101;30.9125041,120.2474902;30.9107075,120.1511495","30.9376568,120.1993199;30.9053176,120.2160748"
08,Datasets/UAV_VisLoc_dataset/08/drone/08_0736.JPG,30.9160974,120.2244522,"30.9286737,120.1637157;30.9125041,120.2474902;30.9286737,120.1658101;30.9430467,120.1846593","30.9430467,120.2453958;30.9232838,120.1762819"
08,Datasets/UAV_VisLoc_dataset/08/drone/08_0737.JPG,30.9160974,120.2223579,"30.9286737,120.1637157;30.9286737,120.1658101;30.9125041,120.2474902;30.9430467,120.1846593","30.9322670,120.2035086;30.9107075,120.1951311"
08,Datasets/UAV_VisLoc_dataset/08/drone/08_0738.JPG,30.9160974,120.2223579,"30.9286737,120.1637157;30.9089109,120.1511495;30.9286737,120.1658101;30.9107075,120.1511495","30.9412501,120.1930368;30.9143007,120.1406777"
08,Datasets/UAV_VisLoc_dataset/08/drone/08_0739.JPG,30.9160974,120.2202635,"30.9286737,120.1637157;30.9268771,120.1637157;30.9107075,120.1511495;30.9286737,120.1658101","30.9268771,120.1490552;30.9466399,120.1720932"
08,Datasets/UAV_VisLoc_dataset/08/drone/08_0740.JPG,30.9160974,120.2202635,"30.9466399,120.1637157;30.9268771,120.1637157;30.9376568,120.1658101;30.9268771,120.1616213","30.9125041,120.1406777;30.9035210,120.2307353"
08,Datasets/UAV_VisLoc_dataset/08/drone/08_0741.JPG,30.9160974,120.2181691,"30.9107075,120.1511495;30.9268771,120.1637157;30.9412501,120.1406777;30.9268771,120.1616213","30.9125041,120.1616213;30.9089109,120.1490552"
08,Datasets/UAV_VisLoc_dataset/08/drone/08_0742.JPG,30.9160974,120.2181691,"30.9107075,120.1511495;30.9286737,120.1637157;30.9430467,120.1637157;30.9394534,120.1532439","30.9232838,120.1909424;30.9412501,120.2412071"
08,Datasets/UAV_VisLoc_dataset/08/drone/08_0743.JPG,30.9160974,120.2160748,"30.9286737,120.1637157;30.9125041,120.2474902;30.9107075,120.1511495;30.9286737,120.1658101","30.9448433,120.1364890;30.9107075,120.1804706"
08,Datasets/UAV_VisLoc_dataset/08/drone/08_0744.JPG,30.9160974,120.2160748,"30.9286737,120.1637157;30.9125041,120.2474902;30.9196906,120.2453958;30.9214872,120.2495846","30.9214872,120.1846593;30.9035210,120.1699988"
08,Datasets/UAV_VisLoc_dataset/08/drone/08_0745.JPG,30.9160974,120.2139804,"30.9125041,120.2160748;30.9268771,120.1469608;30.9214872,120.2495846;30.9268771,120.1448664","30.9322670,120.1469608;30.9178940,120.2391128"
08,Datasets/UAV_VisLoc_dataset/08/drone/08_0746.JPG,30.9178940,120.2139804,"30.9268771,120.1469608;30.9304703,120.1616213;30.9089109,120.1741875;30.9286737,120.1616213","30.9466399,120.2160748;30.9322670,120.2035086"
08,Datasets/UAV_VisLoc_dataset/08/drone/08_0747.JPG,30.9178940,120.2139804,"30.9089109,120.1741875;30.9286737,120.1637157;30.9035210,120.1574326;30.9286737,120.1616213","30.9322670,120.2244522;30.9196906,120.1909424"
08,Datasets/UAV_VisLoc_dataset/08/drone/08_0748.JPG,30.9178940,120.2118860,"30.9035210,120.2412071;30.9035210,120.2433015;30.9214872,120.2495846;30.9196906,120.2516789","30.9358602,120.2516789;30.9178940,120.1679044"
08,Datasets/UAV_VisLoc_dataset/08/drone/08_0749.JPG,30.9178940,120.2118860,"30.9286737,120.1637157;30.9125041,120.2433015;30.9035210,120.2412071;30.9394534,120.1364890","30.9430467,120.1951311;30.9412501,120.2076973"
08,Datasets/UAV_VisLoc_dataset/08/drone/08_0750.JPG,30.9178940,120.2097917,"30.9358602,120.1658101;30.9358602,120.1699988;30.9125041,120.1595270;30.9107075,120.1595270","30.9071142,120.1951311;30.9358602,120.1720932"
08,Datasets/UAV_VisLoc_dataset/08/drone/08_0751.JPG,30.9178940,120.2097917,"30.9107075,120.1595270;30.9125041,120.1595270;30.9394534,120.1406777;30.9143007,120.1532439","30.9466399,120.1762819;30.9089109,120.2076973"
08,Datasets/UAV_VisLoc_dataset/08/drone/08_0752.JPG,30.9178940,120.2076973,"30.9107075,120.1511495;30.9358602,120.1699988;30.9358602,120.1658101;30.9089109,120.1511495","30.9160974,120.2244522;30.9232838,120.1679044"
08,Datasets/UAV_VisLoc_dataset/08/drone/08_0753.JPG,30.9178940,120.2076973,"30.9035210,120.2433015;30.9125041,120.2474902;30.9286737,120.1637157;30.9107075,120.1511495","30.9358602,120.1846593;30.9340636,120.1720932"
08,Datasets/UAV_VisLoc_dataset/08/drone/08_0754.JPG,30.9178940,120.2056030,"30.9035210,120.2433015;30.9125041,120.2474902;30.9286737,120.1637157;30.9178940,120.2307353","30.9394534,120.1951311;30.9178940,120.1574326"
08,Datasets/UAV_VisLoc_dataset/08/drone/08_0755.JPG,30.9178940,120.2056030,"30.9107075,120.1511495;30.9089109,120.1511495;30.9286737,120.1637157;30.9376568,120.1553383","30.9304703,120.1532439;30.9160974,120.1511495"
08,Datasets/UAV_VisLoc_dataset/08/drone/08_0756.JPG,30.9178940,120.2035086,"30.9286737,120.1637157;30.9107075,120.1511495;30.9268771,120.1637157;30.9376568,120.1553383","30.9250805,120.1888481;30.9286737,120.1804706"
08,Datasets/UAV_VisLoc_dataset/08/drone/08_0757.JPG,30.9196906,120.2035086,"30.9376568,120.1553383;30.9286737,120.1637157;30.9268771,120.1637157;30.9107075,120.1511495","30.9232838,120.2244522;30.9322670,120.2056030"
08,Datasets/UAV_VisLoc_dataset/08/drone/08_0758.JPG,30.9196906,120.2014142,"30.9376568,120.1553383;30.9286737,120.1637157;30.9143007,120.1532439;30.9268771,120.1637157","30.9160974,120.1364890;30.9125041,120.1532439"
08,Datasets/UAV_VisLoc_dataset/08/drone/08_0759.JPG,30.9196906,120.2014142,"30.9376568,120.1553383;30.9286737,120.1637157;30.9143007,120.1532439;30.9376568,120.1490552","30.9448433,120.1972255;30.9376568,120.1553383"
08,Datasets/UAV_VisLoc_dataset/08/drone/08_0760.JPG,30.9196906,120.1993199,"30.9286737,120.1637157;30.9143007,120.1532439;30.9376568,120.1490552;30.9376568,120.1553383","30.9448433,120.1511495;30.9430467,120.2097917"
08,Datasets/UAV_VisLoc_dataset/08/drone/08_0761.JPG,30.9196906,120.1993199,"30.9376568,120.1490552;30.9286737,120.1637157;30.9143007,120.1532439;30.9107075,120.1511495","30.9071142,120.2035086;30.9322670,120.1783762"
08,Datasets/UAV_VisLoc_dataset/08/drone/08_0762.JPG,30.9196906,120.1972255,"30.9125041,120.2160748;30.9035210,120.1469608;30.9178940,120.2516789;30.9125041,120.2474902","30.9143007,120.2328297;30.9412501,120.1867537"
08,Datasets/UAV_VisLoc_dataset/08/drone/08_0763.JPG,30.9196906,120.1951311,"30.9125041,120.2160748;30.9125041,120.2474902;30.9178940,120.2495846;30.9178940,120.2516789","30.9250805,120.1804706;30.9178940,120.1616213"
08,Datasets/UAV_VisLoc_dataset/08/drone/08_0764.JPG,30.9196906,120.1951311,"30.9125041,120.2160748;30.9286737,120.1637157;30.9071142,120.2097917;30.9125041,120.2139804","30.9143007,120.1762819;30.9107075,120.1595270"
08,Datasets/UAV_VisLoc_dataset/08/drone/08_0765.JPG,30.9196906,120.1930368,"30.9286737,120.1637157;30.9089109,120.1427721;30.9053176,120.1637157;30.9071142,120.1595270","30.9089109,120.2035086;30.9143007,120.2160748"
08,Datasets/UAV_VisLoc_dataset/08/drone/08_0766.JPG,30.9196906,120.1930368,"30.9286737,120.1637157;30.9089109,120.1427721;30.9071142,120.1595270;30.9125041,120.2139804","30.9322670,120.1469608;30.9178940,120.1448664"
08,Datasets/UAV_VisLoc_dataset/08/drone/08_0767.JPG,30.9196906,120.1930368,"30.9286737,120.1637157;30.9125041,120.2139804;30.9125041,120.2160748;30.9340636,120.1448664","30.9143007,120.2076973;30.9358602,120.1364890"
08,Datasets/UAV_VisLoc_dataset/08/drone/08_0768.JPG,30.9196906,120.1909424,"30.9286737,120.1637157;30.9125041,120.2474902;30.9035210,120.2433015;30.9053176,120.2453958","30.9466399,120.1406777;30.9053176,120.1658101"
08,Datasets/UAV_VisLoc_dataset/08/drone/08_0769.JPG,30.9214872,120.1909424,"30.9286737,120.1637157;30.9035210,120.2433015;30.9053176,120.2453958;30.9125041,120.2474902","30.9178940,120.1783762;30.9053176,120.2014142"
08,Datasets/UAV_VisLoc_dataset/08/drone/08_0770.JPG,30.9214872,120.1888481,"30.9286737,120.1637157;30.9286737,120.1658101;30.9268771,120.2412071;30.9125041,120.2474902","30.9107075,120.1406777;30.9107075,120.1532439"
08,Datasets/UAV_VisLoc_dataset/08/drone/08_0771.JPG,30.9214872,120.1888481,"30.9286737,120.1637157;30.9089109,120.1427721;30.9286737,120.1658101;30.9376568,120.1720932","30.9286737,120.1616213;30.9125041,120.1595270"
08,Datasets/UAV_VisLoc_dataset/08/drone/08_0772.JPG,30.9214872,120.1867537,"30.9268771,120.2412071;30.9196906,120.2202635;30.9232838,120.1448664;30.9286737,120.1637157","30.9035210,120.1385834;30.9071142,120.2433015"
08,Datasets/UAV_VisLoc_dataset/08/drone/08_0773.JPG,30.9214872,120.1867537,"30.9232838,120.1448664;30.9125041,120.2474902;30.9178940,120.2495846;30.9196906,120.2202635","30.9232838,120.1406777;30.9250805,120.1532439"
08,Datasets/UAV_VisLoc_dataset/08/drone/08_0774.JPG,30.9214872,120.1846593,"30.9232838,120.1448664;30.9178940,120.2495846;30.9196906,120.2202635;30.9268771,120.2412071","30.9178940,120.2160748;30.9143007,120.2035086"
08,Datasets/UAV_VisLoc_dataset/08/drone/08_0775.JPG,30.9214872,120.1846593,"30.9125041,120.2474902;30.9178940,120.2495846;30.9268771,120.2412071;30.9232838,120.1448664","30.9466399,120.2370184;30.9340636,120.2202635"
08,Datasets/UAV_VisLoc_dataset/08/drone/08_0776.JPG,30.9214872,120.1825650,"30.9268771,120.2412071;30.9196906,120.2202635;30.9178940,120.2495846;30.9035210,120.2286409","30.9107075,120.1972255;30.9125041,120.1448664"
08,Datasets/UAV_VisLoc_dataset/08/drone/08_0777.JPG,30.9214872,120.1825650,"30.9268771,120.2412071;30.9035210,120.2286409;30.9214872,120.2202635;30.9196906,120.2202635","30.9412501,120.1867537;30.9160974,120.1993199"
08,Datasets/UAV_VisLoc_dataset/08/drone/08_0778.JPG,30.9214872,120.1804706,"30.9125041,120.2474902;30.9304703,120.1637157;30.9107075,120.1511495;30.9232838,120.1448664","30.9107075,120.2223579;30.9412501,120.1741875"
08,Datasets/UAV_VisLoc_dataset/08/drone/08_0779.JPG,30.9214872,120.1804706,"30.9125041,120.2474902;30.9071142,120.2516789;30.9268771,120.2412071;30.9214872,120.2202635","30.9232838,120.2014142;30.9394534,120.1741875"
08,Datasets/UAV_VisLoc_dataset/08/drone/08_0780.JPG,30.9232838,120.1783762,"30.9125041,120.2474902;30.9394534,120.1930368;30.9286737,120.1658101;30.9376568,120.1930368","30.9340636,120.1909424;30.9071142,120.2453958"
08,Datasets/UAV_VisLoc_dataset/08/drone/08_0781.JPG,30.9232838,120.1783762,"30.9268771,120.1616213;30.9071142,120.1637157;30.9286737,120.1637157;30.9053176,120.1637157","30.9214872,120.1972255;30.9394534,120.1448664"
08,Datasets/UAV_VisLoc_dataset/08/drone/08_0782.JPG,30.9232838,120.1762819,"30.9107075,120.1679044;30.9071142,120.1658101;30.9143007,120.1616213;30.9071142,120.1637157","30.9430467,120.1616213;30.9214872,120.1469608"
08,Datasets/UAV_VisLoc_dataset/08/drone/08_0783.JPG,30.9232838,120.1762819,"30.9107075,120.1679044;30.9071142,120.1658101;30.9053176,120.1637157;30.9286737,120.1490552","30.9071142,120.1972255;30.9466399,120.2349240"
08,Datasets/UAV_VisLoc_dataset/08/drone/08_0784.JPG,30.9232838,120.1741875,"30.9107075,120.1679044;30.9053176,120.1637157;30.9071142,120.1658101;30.9143007,120.1595270","30.9089109,120.2139804;30.9232838,120.1867537"
08,Datasets/UAV_VisLoc_dataset/08/drone/08_0785.JPG,30.9232838,120.1741875,"30.9286737,120.1637157;30.9125041,120.1699988;30.9053176,120.1637157;30.9125041,120.2474902","30.9340636,120.2014142;30.9394534,120.2265466"
08,Datasets/UAV_VisLoc_dataset/08/drone/08_0786.JPG,30.9232838,120.1720932,"30.9394534,120.1532439;30.9394534,120.1637157;30.9286737,120.1637157;30.9376568,120.1846593","30.9232838,120.1972255;30.9214872,120.1406777"
08,Datasets/UAV_VisLoc_dataset/08/drone/08_0787.JPG,30.9232838,120.1720932,"30.9394534,120.1637157;30.9394534,120.1658101;30.9466399,120.2056030;30.9376568,120.1846593","30.9053176,120.2474902;30.9214872,120.2391128"
08,Datasets/UAV_VisLoc_dataset/08/drone/08_0788.JPG,30.9232838,120.1699988,"30.9394534,120.1532439;30.9430467,120.1637157;30.9448433,120.1637157;30.9286737,120.1637157","30.9071142,120.1888481;30.9214872,120.1406777"
08,Datasets/UAV_VisLoc_dataset/08/drone/08_0789.JPG,30.9232838,120.1699988,"30.9448433,120.1637157;30.9358602,120.2139804;30.9466399,120.1637157;30.9268771,120.1616213","30.9448433,120.1993199;30.9394534,120.1951311"
08,Datasets/UAV_VisLoc_dataset/08/drone/08_0790.JPG,30.9232838,120.1699988,"30.9268771,120.1616213;30.9071142,120.1637157;30.9358602,120.1720932;30.9071142,120.1616213","30.9196906,120.2076973;30.9430467,120.1406777"
08,Datasets/UAV_VisLoc_dataset/08/drone/08_0791.JPG,30.9232838,120.1679044,"30.9268771,120.1637157;30.9107075,120.1511495;30.9286737,120.1637157;30.9071142,120.1637157","30.9340636,120.2035086;30.9143007,120.1888481"
08,Datasets/UAV_VisLoc_dataset/08/drone/08_0792.JPG,30.9250805,120.1679044,"30.9286737,120.1637157;30.9394534,120.1532439;30.9107075,120.1511495;30.9376568,120.1553383","30.9232838,120.1469608;30.9160974,120.1616213"
08,Datasets/UAV_VisLoc_dataset/08/drone/08_0793.JPG,30.9250805,120.1658101,"30.9448433,120.1637157;30.9466399,120.1616213;30.9466399,120.1637157;30.9286737,120.1637157","30.9412501,120.2076973;30.9035210,120.2328297"
08,Datasets/UAV_VisLoc_dataset/08/drone/08_0794.JPG,30.9250805,120.1658101,"30.9448433,120.1637157;30.9430467,120.1637157;30.9466399,120.1637157;30.9466399,120.1616213","30.9035210,120.2349240;30.9322670,120.2516789"
08,Datasets/UAV_VisLoc_dataset/08/drone/08_0795.JPG,30.9250805,120.1637157,"30.9394534,120.1532439;30.9107075,120.1511495;30.9340636,120.2139804;30.9448433,120.1637157","30.9035210,120.2412071;30.9089109,120.1762819"
08,Datasets/UAV_VisLoc_dataset/08/drone/08_0796.JPG,30.9250805,120.1637157,"30.9071142,120.1637157;30.9107075,120.1658101;30.9107075,120.1511495;30.9107075,120.1637157","30.9196906,120.2453958;30.9089109,120.1511495"
08,Datasets/UAV_VisLoc_dataset/08/drone/08_0797.JPG,30.9250805,120.1616213,"30.9071142,120.1637157;30.9107075,120.1658101;30.9268771,120.1637157;30.9071142,120.1658101","30.9053176,120.2328297;30.9394534,120.1364890"
08,Datasets/UAV_VisLoc_dataset/08/drone/08_0798.JPG,30.9250805,120.1595270,"30.9071142,120.1637157;30.9107075,120.1658101;30.9071142,120.1658101;30.9143007,120.1532439","30.9358602,120.1699988;30.9448433,120.2160748"
08,Datasets/UAV_VisLoc_dataset/08/drone/08_0799.JPG,30.9250805,120.1595270,"30.9071142,120.1637157;30.9268771,120.1616213;30.9376568,120.1553383;30.9286737,120.1637157","30.9053176,120.1469608;30.9178940,120.1448664"
08,Datasets/UAV_VisLoc_dataset/08/drone/08_0800.JPG,30.9250805,120.1574326,"30.9286737,120.1637157;30.9053176,120.1637157;30.9340636,120.1448664;30.9143007,120.1532439","30.9178940,120.1364890;30.9358602,120.2286409"
08,Datasets/UAV_VisLoc_dataset/08/drone/08_0801.JPG,30.9250805,120.1574326,"30.9286737,120.1637157;30.9340636,120.1448664;30.9053176,120.1637157;30.9268771,120.1637157","30.9160974,120.2286409;30.9466399,120.2412071"
08,Datasets/UAV_VisLoc_dataset/08/drone/08_0802.JPG,30.9250805,120.1553383,"30.9286737,120.1637157;30.9035210,120.2433015;30.9268771,120.1637157;30.9125041,120.2474902","30.9143007,120.2202635;30.9035210,120.2035086"
08,Datasets/UAV_VisLoc_dataset/08/drone/08_0803.JPG,30.9268771,120.1553383,"30.9286737,120.1637157;30.9286737,120.1658101;30.9035210,120.2433015;30.9125041,120.2474902","30.9232838,120.1406777;30.9214872,120.1699988"
08,Datasets/UAV_VisLoc_dataset/08/drone/08_0804.JPG,30.9268771,120.1532439,"30.9286737,120.1637157;30.9286737,120.1658101;30.9125041,120.2474902;30.9268771,120.1637157","30.9358602,120.2056030;30.9376568,120.2118860"
08,Datasets/UAV_VisLoc_dataset/08/drone/08_0805.JPG,30.9268771,120.1532439,"30.9286737,120.1637157;30.9286737,120.1658101;30.9268771,120.1637157;30.9394534,120.1532439","30.9358602,120.2076973;30.9232838,120.2097917"
08,Datasets/UAV_VisLoc_dataset/08/drone/08_0806.JPG,30.9268771,120.1511495,"30.9286737,120.1637157;30.9268771,120.1637157;30.9286737,120.1658101;30.9053176,120.1637157","30.9214872,120.1720932;30.9358602,120.2014142"
08,Datasets/UAV_VisLoc_dataset/08/drone/08_0807.JPG,30.9268771,120.1511495,"30.9286737,120.1637157;30.9394534,120.1532439;30.9053176,120.1637157;30.9376568,120.1553383","30.9214872,120.1930368;30.9412501,120.1993199"
08,Datasets/UAV_VisLoc_dataset/08/drone/08_0808.JPG,30.9268771,120.1490552,"30.9286737,120.1637157;30.9286737,120.1658101;30.9035210,120.2433015;30.9125041,120.2474902","30.9340636,120.1574326;30.9196906,120.1427721"
08,Datasets/UAV_VisLoc_dataset/08/drone/08_0809.JPG,30.9268771,120.1490552,"30.9286737,120.1637157;30.9125041,120.2474902;30.9053176,120.2453958;30.9035210,120.2433015","30.9089109,120.2495846;30.9196906,120.2014142"
08,Datasets/UAV_VisLoc_dataset/08/drone/08_0810.JPG,30.9268771,120.1469608,"30.9125041,120.2474902;30.9053176,120.2453958;30.9286737,120.1637157;30.9232838,120.1448664","30.9125041,120.2035086;30.9250805,120.2495846"
08,Datasets/UAV_VisLoc_dataset/08/drone/08_0811.JPG,30.9268771,120.1469608,"30.9178940,120.2495846;30.9125041,120.2474902;30.9053176,120.2453958;30.9196906,120.2202635","30.9376568,120.2160748;30.9232838,120.2139804"
08,Datasets/UAV_VisLoc_dataset/08/drone/08_0812.JPG,30.9268771,120.1469608,"30.9196906,120.2202635;30.9035210,120.2286409;30.9178940,120.2495846;30.9268771,120.2412071","30.9466399,120.1951311;30.9214872,120.2202635"
08,Datasets/UAV_VisLoc_dataset/08/drone/08_0813.JPG,30.9268771,120.1448664,"30.9196906,120.2202635;30.9035210,120.2286409;30.9232838,120.1448664;30.9214872,120.2202635","30.9430467,120.1511495;30.9178940,120.1448664"
08,Datasets/UAV_VisLoc_dataset/08/drone/08_0814.JPG,30.9268771,120.1448664,"30.9035210,120.2286409;30.9232838,120.1448664;30.9196906,120.2202635;30.9178940,120.2495846","30.9143007,120.1469608;30.9089109,120.1553383"
08,Datasets/UAV_VisLoc_dataset/08/drone/08_0815.JPG,30.9286737,120.1427721,"30.9232838,120.1448664;30.9035210,120.2286409;30.9304703,120.1637157;30.9178940,120.2495846","30.9394534,120.2035086;30.9160974,120.1385834"
08,Datasets/UAV_VisLoc_dataset/08/drone/08_0816.JPG,30.9286737,120.1427721,"30.9035210,120.2286409;30.9035210,120.2244522;30.9178940,120.2495846;30.9196906,120.2202635","30.9214872,120.1783762;30.9250805,120.1762819"
08,Datasets/UAV_VisLoc_dataset/08/drone/08_0817.JPG,30.9286737,120.1406777,"30.9035210,120.2286409;30.9035210,120.2244522;30.9035210,120.2265466;30.9196906,120.2202635","30.9053176,120.2244522;30.9089109,120.2516789"
08,Datasets/UAV_VisLoc_dataset/08/drone/08_0818.JPG,30.9250805,120.1406777,"30.9196906,120.2495846;30.9053176,120.2453958;30.9178940,120.2495846;30.9286737,120.1637157","30.9394534,120.1448664;30.9232838,120.2118860"
08,Datasets/UAV_VisLoc_dataset/08/drone/08_0819.JPG,30.9250805,120.1427721,"30.9340636,120.1448664;30.9286737,120.1637157;30.9053176,120.1637157;30.9071142,120.1637157","30.9125041,120.2349240;30.9143007,120.1637157"
08,Datasets/UAV_VisLoc_dataset/08/drone/08_0820.JPG,30.9250805,120.1427721,"30.9286737,120.1637157;30.9340636,120.1448664;30.9053176,120.1637157;30.9071142,120.1637157","30.9430467,120.2118860;30.9214872,120.2181691"
08,Datasets/UAV_VisLoc_dataset/08/drone/08_0821.JPG,30.9250805,120.1448664,"30.9286737,120.1637157;30.9304703,120.1637157;30.9340636,120.1448664;30.9268771,120.1637157","30.9053176,120.1951311;30.9286737,120.1888481"
08,Datasets/UAV_VisLoc_dataset/08/drone/08_0822.JPG,30.9250805,120.1448664,"30.9286737,120.1637157;30.9268771,120.1616213;30.9071142,120.1637157;30.9268771,120.1637157","30.9178940,120.1679044;30.9412501,120.1867537"
08,Datasets/UAV_VisLoc_dataset/08/drone/08_0823.JPG,30.9250805,120.1469608,"30.9286737,120.1637157;30.9053176,120.2453958;30.9035210,120.2433015;30.9125041,120.2474902","30.9304703,120.1616213;30.9053176,120.1783762"
08,Datasets/UAV_VisLoc_dataset/08/drone/08_0824.JPG,30.9250805,120.1469608,"30.9286737,120.1637157;30.9035210,120.2433015;30.9053176,120.2453958;30.9053176,120.1637157","30.9089109,120.1951311;30.9178940,120.1762819"
08,Datasets/UAV_VisLoc_dataset/08/drone/08_0825.JPG,30.9250805,120.1469608,"30.9286737,120.1637157;30.9053176,120.1637157;30.9340636,120.1448664;30.9071142,120.1637157","30.9232838,120.1595270;30.9107075,120.1804706"
08,Datasets/UAV_VisLoc_dataset/08/drone/08_0826.JPG,30.9250805,120.1490552,"30.9286737,120.1637157;30.9053176,120.1637157;30.9340636,120.1448664;30.9286737,120.1469608","30.9358602,120.2516789;30.9143007,120.1720932"
08,Datasets/UAV_VisLoc_dataset/08/drone/08_0827.JPG,30.9250805,120.1490552,"30.9286737,120.1637157;30.9340636,120.1448664;30.9053176,120.1637157;30.9071142,120.1637157","30.9376568,120.2118860;30.9304703,120.2265466"
08,Datasets/UAV_VisLoc_dataset/08/drone/08_0828.JPG,30.9232838,120.1511495,"30.9286737,120.1637157;30.9340636,120.1448664;30.9053176,120.1637157;30.9071142,120.1637157","30.9376568,120.1951311;30.9178940,120.1385834"
08,Datasets/UAV_VisLoc_dataset/08/drone/08_0829.JPG,30.9232838,120.1511495,"30.9286737,120.1637157;30.9340636,120.1448664;30.9053176,120.1637157;30.9071142,120.1637157","30.9125041,120.2412071;30.9394534,120.1804706"
08,Datasets/UAV_VisLoc_dataset/08/drone/08_0830.JPG,30.9232838,120.1532439,"30.9286737,120.1637157;30.9053176,120.1637157;30.9268771,120.1616213;30.9071142,120.1616213","30.9053176,120.1825650;30.9304703,120.2097917"
08,Datasets/UAV_VisLoc_dataset/08/drone/08_0831.JPG,30.9232838,120.1532439,"30.9286737,120.1637157;30.9125041,120.2474902;30.9286737,120.1658101;30.9035210,120.2433015","30.9089109,120.2286409;30.9214872,120.1658101"
08,Datasets/UAV_VisLoc_dataset/08/drone/08_0832.JPG,30.9232838,120.1553383,"30.9286737,120.1637157;30.9053176,120.1637157;30.9035210,120.2433015;30.9125041,120.2474902","30.9448433,120.1385834;30.9196906,120.2412071"
08,Datasets/UAV_VisLoc_dataset/08/drone/08_0833.JPG,30.9232838,120.1553383,"30.9286737,120.1637157;30.9053176,120.1637157;30.9107075,120.1679044;30.9035210,120.2453958","30.9322670,120.1867537;30.9178940,120.1783762"
08,Datasets/UAV_VisLoc_dataset/08/drone/08_0834.JPG,30.9232838,120.1574326,"30.9286737,120.1637157;30.9340636,120.1448664;30.9053176,120.1637157;30.9107075,120.1679044","30.9430467,120.2370184;30.9430467,120.1658101"
08,Datasets/UAV_VisLoc_dataset/08/drone/08_0835.JPG,30.9232838,120.1574326,"30.9286737,120.1637157;30.9125041,120.2474902;30.9304703,120.1637157;30.9053176,120.2453958","30.9358602,120.2516789;30.9376568,120.1637157"
08,Datasets/UAV_VisLoc_dataset/08/drone/08_0836.JPG,30.9232838,120.1595270,"30.9286737,120.1637157;30.9125041,120.2474902;30.9286737,120.1658101;30.9304703,120.1637157","30.9053176,120.1553383;30.9107075,120.1825650"
08,Datasets/UAV_VisLoc_dataset/08/drone/08_0837.JPG,30.9232838,120.1595270,"30.9286737,120.1637157;30.9107075,120.1511495;30.9125041,120.2474902;30.9304703,120.1637157","30.9089109,120.1469608;30.9143007,120.2474902"
08,Datasets/UAV_VisLoc_dataset/08/drone/08_0838.JPG,30.9232838,120.1616213,"30.9322670,120.2139804;30.9340636,120.2139804;30.9322670,120.2118860;30.9340636,120.2118860","30.9107075,120.2453958;30.9304703,120.1699988"
08,Datasets/UAV_VisLoc_dataset/08/drone/08_0839.JPG,30.9232838,120.1616213,"30.9340636,120.2118860;30.9376568,120.2076973;30.9358602,120.2076973;30.9340636,120.2014142","30.9125041,120.1720932;30.9232838,120.2056030"
08,Datasets/UAV_VisLoc_dataset/08/drone/08_0840.JPG,30.9214872,120.1637157,"30.9340636,120.2118860;30.9322670,120.2118860;30.9340636,120.2139804;30.9322670,120.2139804","30.9178940,120.2516789;30.9143007,120.2328297"
08,Datasets/UAV_VisLoc_dataset/08/drone/08_0841.JPG,30.9214872,120.1637157,"30.9340636,120.2139804;30.9322670,120.2118860;30.9322670,120.2139804;30.9340636,120.2118860","30.9125041,120.1741875;30.9053176,120.2160748"
08,Datasets/UAV_VisLoc_dataset/08/drone/08_0842.JPG,30.9214872,120.1658101,"30.9107075,120.1511495;30.9394534,120.1532439;30.9089109,120.1511495;30.9286737,120.1637157","30.9268771,120.2118860;30.9232838,120.1804706"
08,Datasets/UAV_VisLoc_dataset/08/drone/08_0843.JPG,30.9214872,120.1658101,"30.9394534,120.1532439;30.9376568,120.1553383;30.9107075,120.1511495;30.9376568,120.1595270","30.9304703,120.2474902;30.9196906,120.2370184"
08,Datasets/UAV_VisLoc_dataset/08/drone/08_0844.JPG,30.9214872,120.1679044,"30.9394534,120.1532439;30.9376568,120.1553383;30.9358602,120.1720932;30.9107075,120.1658101","30.9448433,120.1427721;30.9071142,120.2076973"
08,Datasets/UAV_VisLoc_dataset/08/drone/08_0845.JPG,30.9214872,120.1679044,"30.9394534,120.1532439;30.9376568,120.1616213;30.9358602,120.1720932;30.9376568,120.1637157","30.9107075,120.2118860;30.9125041,120.2412071"
08,Datasets/UAV_VisLoc_dataset/08/drone/08_0846.JPG,30.9214872,120.1699988,"30.9394534,120.1532439;30.9376568,120.1616213;30.9358602,120.1720932;30.9448433,120.1637157","30.9196906,120.1406777;30.9035210,120.2160748"
08,Datasets/UAV_VisLoc_dataset/08/drone/08_0847.JPG,30.9214872,120.1699988,"30.9448433,120.1637157;30.9394534,120.1532439;30.9466399,120.1616213;30.9466399,120.1637157","30.9250805,120.1993199;30.9394534,120.2076973"
08,Datasets/UAV_VisLoc_dataset/08/drone/08_0848.JPG,30.9214872,120.1699988,"30.9448433,120.1637157;30.9430467,120.1637157;30.9466399,120.1616213;30.9376568,120.1720932","30.9286737,120.1553383;30.9107075,120.2516789"
08,Datasets/UAV_VisLoc_dataset/08/drone/08_0849.JPG,30.9214872,120.1720932,"30.9430467,120.1637157;30.9394534,120.1637157;30.9394534,120.1532439;30.9430467,120.2076973","30.9214872,120.2118860;30.9322670,120.1741875"
08,Datasets/UAV_VisLoc_dataset/08/drone/08_0850.JPG,30.9214872,120.1741875,"30.9107075,120.1511495;30.9286737,120.1637157;30.9430467,120.1637157;30.9089109,120.1511495","30.9214872,120.1846593;30.9053176,120.1993199"
08,Datasets/UAV_VisLoc_dataset/08/drone/08_0851.JPG,30.9196906,120.1741875,"30.9125041,120.2474902;30.9286737,120.1637157;30.9286737,120.1658101;30.9107075,120.1511495","30.9448433,120.1804706;30.9160974,120.2474902"
08,Datasets/UAV_VisLoc_dataset/08/drone/08_0852.JPG,30.9196906,120.1762819,"30.9125041,120.2474902;30.9286737,120.1658101;30.9232838,120.1448664;30.9304703,120.1637157","30.9268771,120.1469608;30.9412501,120.2223579"
08,Datasets/UAV_VisLoc_dataset/08/drone/08_0853.JPG,30.9196906,120.1762819,"30.9232838,120.1448664;30.9286737,120.1658101;30.9304703,120.1637157;30.9125041,120.2474902","30.9448433,120.1532439;30.9394534,120.2495846"
08,Datasets/UAV_VisLoc_dataset/08/drone/08_0854.JPG,30.9196906,120.1783762,"30.9125041,120.2474902;30.9232838,120.1448664;30.9286737,120.1658101;30.9304703,120.1637157","30.9089109,120.2307353;30.9232838,120.1679044"
08,Datasets/UAV_VisLoc_dataset/08/drone/08_0855.JPG,30.9196906,120.1783762,"30.9125041,120.2474902;30.9232838,120.1448664;30.9107075,120.1511495;30.9286737,120.1658101","30.9143007,120.2139804;30.9286737,120.1406777"
08,Datasets/UAV_VisLoc_dataset/08/drone/08_0856.JPG,30.9196906,120.1804706,"30.9125041,120.2474902;30.9107075,120.1511495;30.9232838,120.1448664;30.9286737,120.1658101","30.9071142,120.1364890;30.9286737,120.2328297"
08,Datasets/UAV_VisLoc_dataset/08/drone/08_0857.JPG,30.9196906,120.1804706,"30.9125041,120.2474902;30.9286737,120.1658101;30.9232838,120.1448664;30.9286737,120.1637157","30.9125041,120.1448664;30.9286737,120.1741875"
08,Datasets/UAV_VisLoc_dataset/08/drone/08_0858.JPG,30.9196906,120.1825650,"30.9286737,120.1658101;30.9125041,120.2474902;30.9232838,120.1448664;30.9268771,120.2412071","30.9322670,120.2056030;30.9053176,120.1406777"
08,Datasets/UAV_VisLoc_dataset/08/drone/08_0859.JPG,30.9196906,120.1825650,"30.9286737,120.1658101;30.9125041,120.2474902;30.9232838,120.1448664;30.9107075,120.1364890","30.9322670,120.2181691;30.9214872,120.1595270"
08,Datasets/UAV_VisLoc_dataset/08/drone/08_0860.JPG,30.9196906,120.1846593,"30.9125041,120.2474902;30.9268771,120.2412071;30.9286737,120.1658101;30.9232838,120.1448664","30.9035210,120.1825650;30.9232838,120.2223579"
08,Datasets/UAV_VisLoc_dataset/08/drone/08_0861.JPG,30.9196906,120.1846593,"30.9125041,120.2474902;30.9268771,120.2412071;30.9160974,120.2307353;30.9286737,120.1658101","30.9394534,120.1364890;30.9035210,120.1511495"
08,Datasets/UAV_VisLoc_dataset/08/drone/08_0862.JPG,30.9196906,120.1867537,"30.9286737,120.1637157;30.9286737,120.1658101;30.9125041,120.2474902;30.9466399,120.1637157","30.9232838,120.1616213;30.9250805,120.2349240"
08,Datasets/UAV_VisLoc_dataset/08/drone/08_0863.JPG,30.9178940,120.1867537,"30.9466399,120.1930368;30.9448433,120.1930368;30.9466399,120.1909424;30.9448433,120.1951311","30.9376568,120.1574326;30.9053176,120.2453958"
08,Datasets/UAV_VisLoc_dataset/08/drone/08_0864.JPG,30.9178940,120.1888481,"30.9394534,120.1679044;30.9089109,120.2453958;30.9466399,120.1679044;30.9394534,120.1699988","30.9376568,120.2056030;30.9322670,120.2391128"
08,Datasets/UAV_VisLoc_dataset/08/drone/08_0865.JPG,30.9178940,120.1888481,"30.9466399,120.1699988;30.9448433,120.1699988;30.9394534,120.1699988;30.9466399,120.1658101","30.9160974,120.2307353;30.9322670,120.2286409"
08,Datasets/UAV_VisLoc_dataset/08/drone/08_0866.JPG,30.9178940,120.1909424,"30.9035210,120.2433015;30.9286737,120.1637157;30.9376568,120.2139804;30.9412501,120.2118860","30.9448433,120.1385834;30.9448433,120.1553383"
08,Datasets/UAV_VisLoc_dataset/08/drone/08_0867.JPG,30.9178940,120.1909424,"30.9035210,120.2433015;30.9214872,120.2495846;30.9125041,120.2474902;30.9196906,120.2516789","30.9304703,120.1553383;30.9214872,120.1699988"
08,Datasets/UAV_VisLoc_dataset/08/drone/08_0868.JPG,30.9178940,120.1930368,"30.9071142,120.1699988;30.9053176,120.1699988;30.9089109,120.1699988;30.9125041,120.2474902","30.9412501,120.2391128;30.9448433,120.2307353"
08,Datasets/UAV_VisLoc_dataset/08/drone/08_0869.JPG,30.9178940,120.1930368,"30.9035210,120.1574326;30.9089109,120.1679044;30.9071142,120.1679044;30.9053176,120.1679044","30.9178940,120.1574326;30.9358602,120.1574326"
08,Datasets/UAV_VisLoc_dataset/08/drone/08_0870.JPG,30.9178940,120.1930368,"30.9035210,120.1574326;30.9089109,120.1679044;30.9286737,120.1637157;30.9071142,120.1595270","30.9089109,120.1616213;30.9196906,120.1469608"
08,Datasets/UAV_VisLoc_dataset/08/drone/08_0871.JPG,30.9178940,120.1951311,"30.9035210,120.1574326;30.9107075,120.1720932;30.9089109,120.1741875;30.9286737,120.1637157","30.9250805,120.1385834;30.9340636,120.1993199"
08,Datasets/UAV_VisLoc_dataset/08/drone/08_0872.JPG,30.9178940,120.1951311,"30.9125041,120.2474902;30.9286737,120.1637157;30.9089109,120.1741875;30.9178940,120.2516789","30.9394534,120.2097917;30.9035210,120.1825650"
08,Datasets/UAV_VisLoc_dataset/08/drone/08_0873.JPG,30.9178940,120.1972255,"30.9125041,120.2474902;30.9286737,120.1637157;30.9125041,120.2160748;30.9178940,120.2516789","30.9143007,120.2495846;30.9448433,120.1804706"
08,Datasets/UAV_VisLoc_dataset/08/drone/08_0874.JPG,30.9160974,120.1972255,"30.9286737,120.1637157;30.9071142,120.1595270;30.9125041,120.2474902;30.9071142,120.1616213","30.9178940,120.1532439;30.9268771,120.1637157"
08,Datasets/UAV_VisLoc_dataset/08/drone/08_0875.JPG,30.9160974,120.1993199,"30.9035210,120.1574326;30.9071142,120.1595270;30.9286737,120.1637157;30.9071142,120.1616213","30.9466399,120.2495846;30.9107075,120.1783762"
08,Datasets/UAV_VisLoc_dataset/08/drone/08_0876.JPG,30.9160974,120.1993199,"30.9286737,120.1637157;30.9089109,120.1427721;30.9071142,120.1616213;30.9071142,120.1595270","30.9232838,120.2412071;30.9250805,120.2202635"
08,Datasets/UAV_VisLoc_dataset/08/drone/08_0877.JPG,30.9160974,120.2014142,"30.9107075,120.1511495;30.9376568,120.1553383;30.9143007,120.1532439;30.9286737,120.1637157","30.9412501,120.1679044;30.9286737,120.2035086"
08,Datasets/UAV_VisLoc_dataset/08/drone/08_0878.JPG,30.9160974,120.2014142,"30.9358602,120.1679044;30.9358602,120.1658101;30.9358602,120.1720932;30.9107075,120.1595270","30.9232838,120.2139804;30.9286737,120.2244522"
08,Datasets/UAV_VisLoc_dataset/08/drone/08_0879.JPG,30.9160974,120.2035086,"30.9376568,120.1637157;30.9358602,120.1720932;30.9376568,120.1616213;30.9268771,120.1616213","30.9232838,120.1909424;30.9125041,120.1574326"
08,Datasets/UAV_VisLoc_dataset/08/drone/08_0880.JPG,30.9160974,120.2035086,"30.9376568,120.1616213;30.9394534,120.1532439;30.9322670,120.2076973;30.9376568,120.1637157","30.9250805,120.1720932;30.9178940,120.1658101"
08,Datasets/UAV_VisLoc_dataset/08/drone/08_0881.JPG,30.9160974,120.2056030,"30.9286737,120.1637157;30.9268771,120.1637157;30.9107075,120.1511495;30.9125041,120.2474902","30.9394534,120.2076973;30.9466399,120.1637157"
08,Datasets/UAV_VisLoc_dataset/08/drone/08_0882.JPG,30.9160974,120.2056030,"30.9125041,120.2474902;30.9286737,120.1637157;30.9286737,120.1658101;30.9107075,120.1511495","30.9053176,120.2370184;30.9214872,120.2474902"
08,Datasets/UAV_VisLoc_dataset/08/drone/08_0883.JPG,30.9160974,120.2076973,"30.9125041,120.2474902;30.9035210,120.2433015;30.9286737,120.1637157;30.9107075,120.1511495","30.9250805,120.1595270;30.9304703,120.1846593"
08,Datasets/UAV_VisLoc_dataset/08/drone/08_0884.JPG,30.9160974,120.2097917,"30.9286737,120.1637157;30.9107075,120.1511495;30.9035210,120.2433015;30.9035210,120.2412071","30.9304703,120.1448664;30.9214872,120.2433015"
08,Datasets/UAV_VisLoc_dataset/08/drone/08_0885.JPG,30.9160974,120.2097917,"30.9286737,120.1637157;30.9125041,120.2433015;30.9304703,120.1574326;30.9250805,120.2433015","30.9268771,120.2076973;30.9125041,120.1616213"
08,Datasets/UAV_VisLoc_dataset/08/drone/08_0886.JPG,30.9143007,120.2118860,"30.9286737,120.1637157;30.9035210,120.2433015;30.9035210,120.2412071;30.9178940,120.2516789","30.9268771,120.1804706;30.9412501,120.2286409"
08,Datasets/UAV_VisLoc_dataset/08/drone/08_0887.JPG,30.9143007,120.2118860,"30.9286737,120.1637157;30.9125041,120.2474902;30.9035210,120.2433015;30.9035210,120.2412071","30.9322670,120.2495846;30.9448433,120.2035086"
08,Datasets/UAV_VisLoc_dataset/08/drone/08_0888.JPG,30.9143007,120.2139804,"30.9286737,120.1637157;30.9125041,120.2474902;30.9286737,120.1658101;30.9035210,120.2433015","30.9035210,120.1804706;30.9035210,120.2139804"
08,Datasets/UAV_VisLoc_dataset/08/drone/08_0889.JPG,30.9143007,120.2139804,"30.9125041,120.2474902;30.9286737,120.1637157;30.9035210,120.2433015;30.9035210,120.2412071","30.9143007,120.1490552;30.9358602,120.1846593"
08,Datasets/UAV_VisLoc_dataset/08/drone/08_0890.JPG,30.9143007,120.2139804,"30.9286737,120.1637157;30.9125041,120.2474902;30.9286737,120.1658101;30.9143007,120.2453958","30.9466399,120.2495846;30.9286737,120.1553383"
08,Datasets/UAV_VisLoc_dataset/08/drone/08_0891.JPG,30.9143007,120.2160748,"30.9286737,120.1637157;30.9394534,120.1511495;30.9394534,120.1637157;30.9466399,120.2035086","30.9286737,120.1825650;30.9196906,120.2014142"
08,Datasets/UAV_VisLoc_dataset/08/drone/08_0892.JPG,30.9143007,120.2160748,"30.9394534,120.1532439;30.9286737,120.1637157;30.9430467,120.1637157;30.9107075,120.1511495","30.9160974,120.1699988;30.9250805,120.1364890"
08,Datasets/UAV_VisLoc_dataset/08/drone/08_0893.JPG,30.9143007,120.2181691,"30.9107075,120.1511495;30.9268771,120.1637157;30.9268771,120.1616213;30.9107075,120.1637157","30.9340636,120.1448664;30.9214872,120.1553383"
08,Datasets/UAV_VisLoc_dataset/08/drone/08_0894.JPG,30.9143007,120.2181691,"30.9268771,120.1616213;30.9358602,120.1720932;30.9107075,120.1637157;30.9268771,120.1637157","30.9232838,120.1490552;30.9466399,120.1972255"
08,Datasets/UAV_VisLoc_dataset/08/drone/08_0895.JPG,30.9143007,120.2202635,"30.9358602,120.1720932;30.9448433,120.1637157;30.9466399,120.1637157;30.9268771,120.1616213","30.9412501,120.1574326;30.9214872,120.2391128"
08,Datasets/UAV_VisLoc_dataset/08/drone/08_0896.JPG,30.9143007,120.2202635,"30.9358602,120.1720932;30.9376568,120.1658101;30.9466399,120.1637157;30.9448433,120.1637157","30.9466399,120.1783762;30.9232838,120.1553383"
08,Datasets/UAV_VisLoc_dataset/08/drone/08_0897.JPG,30.9125041,120.2223579,"30.9358602,120.1720932;30.9448433,120.1637157;30.9358602,120.2139804;30.9466399,120.1637157","30.9376568,120.2474902;30.9376568,120.2412071"
08,Datasets/UAV_VisLoc_dataset/08/drone/08_0898.JPG,30.9125041,120.2223579,"30.9107075,120.1637157;30.9412501,120.1406777;30.9358602,120.2139804;30.9071142,120.1616213","30.9304703,120.1846593;30.9107075,120.2412071"
08,Datasets/UAV_VisLoc_dataset/08/drone/08_0899.JPG,30.9125041,120.2244522,"30.9358602,120.2139804;30.9412501,120.1427721;30.9107075,120.1637157;30.9448433,120.1637157","30.9178940,120.1511495;30.9035210,120.2474902"
08,Datasets/UAV_VisLoc_dataset/08/drone/08_0900.JPG,30.9125041,120.2244522,"30.9107075,120.1637157;30.9268771,120.1637157;30.9376568,120.1658101;30.9232838,120.1637157","30.9358602,120.2370184;30.9304703,120.2223579"
08,Datasets/UAV_VisLoc_dataset/08/drone/08_0901.JPG,30.9125041,120.2265466,"30.9412501,120.1427721;30.9466399,120.2035086;30.9448433,120.1637157;30.9412501,120.1448664","30.9196906,120.1448664;30.9340636,120.1783762"
08,Datasets/UAV_VisLoc_dataset/08/drone/08_0902.JPG,30.9125041,120.2265466,"30.9412501,120.1427721;30.9466399,120.1406777;30.9430467,120.1825650;30.9430467,120.1427721","30.9053176,120.2349240;30.9430467,120.1679044"
08,Datasets/UAV_VisLoc_dataset/08/drone/08_0903.JPG,30.9125041,120.2286409,"30.9430467,120.1846593;30.9430467,120.1427721;30.9412501,120.1427721;30.9430467,120.1825650","30.9394534,120.2202635;30.9035210,120.1658101"
08,Datasets/UAV_VisLoc_dataset/08/drone/08_0904.JPG,30.9125041,120.2286409,"30.9448433,120.1490552;30.9430467,120.1490552;30.9430467,120.1846593;30.9466399,120.1490552","30.9107075,120.1511495;30.9394534,120.2286409"
08,Datasets/UAV_VisLoc_dataset/08/drone/08_0905.JPG,30.9125041,120.2307353,"30.9430467,120.1846593;30.9430467,120.1825650;30.9448433,120.1846593;30.9448433,120.1490552","30.9232838,120.2265466;30.9430467,120.1511495"
08,Datasets/UAV_VisLoc_dataset/08/drone/08_0906.JPG,30.9125041,120.2307353,"30.9178940,120.2307353;30.9448433,120.1846593;30.9412501,120.1846593;30.9035210,120.2433015","30.9322670,120.2118860;30.9160974,120.1951311"
08,Datasets/UAV_VisLoc_dataset/08/drone/08_0907.JPG,30.9125041,120.2328297,"30.9178940,120.2307353;30.9286737,120.1637157;30.9125041,120.2474902;30.9160974,120.2307353","30.9160974,120.1930368;30.9232838,120.1972255"
08,Datasets/UAV_VisLoc_dataset/08/drone/08_0908.JPG,30.9107075,120.2328297,"30.9286737,120.1658101;30.9286737,120.1637157;30.9232838,120.1448664;30.9125041,120.2474902","30.9035210,120.1532439;30.9178940,120.1720932"
08,Datasets/UAV_VisLoc_dataset/08/drone/08_0909.JPG,30.9107075,120.2349240,"30.9268771,120.1616213;30.9268771,120.1637157;30.9107075,120.1574326;30.9286737,120.1637157","30.9089109,120.2076973;30.9089109,120.1532439"
08,Datasets/UAV_VisLoc_dataset/08/drone/08_0910.JPG,30.9107075,120.2349240,"30.9394534,120.1532439;30.9322670,120.2056030;30.9322670,120.2076973;30.9358602,120.1720932","30.9232838,120.1930368;30.9089109,120.2056030"
08,Datasets/UAV_VisLoc_dataset/08/drone/08_0911.JPG,30.9107075,120.2370184,"30.9322670,120.2076973;30.9394534,120.1532439;30.9322670,120.2056030;30.9322670,120.2097917","30.9035210,120.2433015;30.9376568,120.2160748"
08,Datasets/UAV_VisLoc_dataset/08/drone/08_0912.JPG,30.9107075,120.2370184,"30.9394534,120.1532439;30.9448433,120.1637157;30.9466399,120.1637157;30.9322670,120.2097917","30.9358602,120.2118860;30.9214872,120.1490552"
08,Datasets/UAV_VisLoc_dataset/08/drone/08_0913.JPG,30.9107075,120.2370184,"30.9358602,120.2139804;30.9340636,120.2139804;30.9430467,120.1637157;30.9394534,120.1532439","30.9178940,120.2307353;30.9394534,120.1825650"
08,Datasets/UAV_VisLoc_dataset/08/drone/08_0914.JPG,30.9107075,120.2391128,"30.9340636,120.2139804;30.9358602,120.1783762;30.9430467,120.1637157;30.9394534,120.1532439","30.9071142,120.1720932;30.9412501,120.2223579"
08,Datasets/UAV_VisLoc_dataset/08/drone/08_0915.JPG,30.9107075,120.2391128,"30.9340636,120.2139804;30.9394534,120.1532439;30.9358602,120.1783762;30.9322670,120.1951311","30.9268771,120.2118860;30.9448433,120.2286409"
08,Datasets/UAV_VisLoc_dataset/08/drone/08_0916.JPG,30.9107075,120.2412071,"30.9340636,120.2139804;30.9394534,120.1532439;30.9107075,120.1511495;30.9376568,120.1616213","30.9340636,120.2056030;30.9322670,120.1658101"
08,Datasets/UAV_VisLoc_dataset/08/drone/08_0917.JPG,30.9107075,120.2433015,"30.9340636,120.2139804;30.9322670,120.2014142;30.9107075,120.1511495;30.9304703,120.2139804","30.9286737,120.1825650;30.9035210,120.1993199"
08,Datasets/UAV_VisLoc_dataset/08/drone/08_0918.JPG,30.9107075,120.2433015,"30.9394534,120.2035086;30.9376568,120.2035086;30.9412501,120.2056030;30.9376568,120.2056030","30.9268771,120.1679044;30.9394534,120.1846593"
08,Datasets/UAV_VisLoc_dataset/08/drone/08_0919.JPG,30.9107075,120.2453958,"30.9430467,120.1553383;30.9412501,120.2014142;30.9430467,120.1532439;30.9430467,120.1574326","30.9160974,120.2265466;30.9430467,120.1679044"
08,Datasets/UAV_VisLoc_dataset/08/drone/08_0920.JPG,30.9089109,120.2453958,"30.9394534,120.1993199;30.9358602,120.1951311;30.9376568,120.1993199;30.9394534,120.1930368","30.9448433,120.1909424;30.9376568,120.2118860"
08,Datasets/UAV_VisLoc_dataset/08/drone/08_0921.JPG,30.9089109,120.2474902,"30.9358602,120.1951311;30.9394534,120.1993199;30.9394534,120.1930368;30.9376568,120.1993199","30.9430467,120.2370184;30.9322670,120.2433015"
08,Datasets/UAV_VisLoc_dataset/08/drone/08_0922.JPG,30.9089109,120.2474902,"30.9376568,120.1930368;30.9340636,120.1951311;30.9340636,120.2014142;30.9358602,120.2076973","30.9160974,120.2391128;30.9304703,120.1804706"
08,Datasets/UAV_VisLoc_dataset/08/drone/08_0923.JPG,30.9089109,120.2495846,"30.9340636,120.1951311;30.9340636,120.2014142;30.9358602,120.2076973;30.9376568,120.1930368","30.9125041,120.1972255;30.9143007,120.1846593"
08,Datasets/UAV_VisLoc_dataset/08/drone/08_0924.JPG,30.9089109,120.2495846,"30.9358602,120.1930368;30.9394534,120.1930368;30.9107075,120.1511495;30.9358602,120.1951311","30.9322670,120.1574326;30.9448433,120.1364890"
08,Datasets/UAV_VisLoc_dataset/08/drone/08_0925.JPG,30.9089109,120.2516789,"30.9107075,120.1511495;30.9071142,120.1637157;30.9268771,120.1637157;30.9107075,120.1658101","30.9268771,120.2076973;30.9232838,120.1679044"
08,Datasets/UAV_VisLoc_dataset/08/drone/08_0926.JPG,30.9071142,120.2495846,"30.9394534,120.2014142;30.9376568,120.2014142;30.9376568,120.1993199;30.9394534,120.1993199","30.9340636,120.2076973;30.9268771,120.1762819"
08,Datasets/UAV_VisLoc_dataset/08/drone/08_0927.JPG,30.9071142,120.2495846,"30.9376568,120.1930368;30.9394534,120.1930368;30.9358602,120.1951311;30.9394534,120.1993199","30.9286737,120.2433015;30.9340636,120.2453958"
08,Datasets/UAV_VisLoc_dataset/08/drone/08_0928.JPG,30.9071142,120.2474902,"30.9394534,120.2014142;30.9376568,120.1993199;30.9376568,120.2014142;30.9394534,120.1993199","30.9160974,120.2391128;30.9286737,120.1616213"
08,Datasets/UAV_VisLoc_dataset/08/drone/08_0929.JPG,30.9071142,120.2474902,"30.9107075,120.1511495;30.9340636,120.1951311;30.9394534,120.2014142;30.9358602,120.1951311","30.9143007,120.1532439;30.9286737,120.2244522"
08,Datasets/UAV_VisLoc_dataset/08/drone/08_0930.JPG,30.9071142,120.2453958,"30.9430467,120.1553383;30.9430467,120.1532439;30.9358602,120.1930368;30.9394534,120.1930368","30.9178940,120.2139804;30.9214872,120.1658101"
08,Datasets/UAV_VisLoc_dataset/08/drone/08_0931.JPG,30.9071142,120.2453958,"30.9412501,120.1930368;30.9358602,120.1930368;30.9430467,120.1532439;30.9071142,120.2516789","30.9304703,120.1804706;30.9196906,120.2244522"
08,Datasets/UAV_VisLoc_dataset/08/drone/08_0932.JPG,30.9071142,120.2433015,"30.9394534,120.1532439;30.9430467,120.1511495;30.9466399,120.2014142;30.9448433,120.1511495","30.9448433,120.1595270;30.9304703,120.1783762"
08,Datasets/UAV_VisLoc_dataset/08/drone/08_0933.JPG,30.9071142,120.2433015,"30.9394534,120.1532439;30.9430467,120.1637157;30.9394534,120.1637157;30.9448433,120.1637157","30.9196906,120.2118860;30.9304703,120.1972255"
08,Datasets/UAV_VisLoc_dataset/08/drone/08_0934.JPG,30.9071142,120.2412071,"30.9322670,120.2056030;30.9394534,120.1532439;30.9322670,120.2076973;30.9322670,120.2097917","30.9412501,120.2139804;30.9340636,120.2391128"
08,Datasets/UAV_VisLoc_dataset/08/drone/08_0935.JPG,30.9071142,120.2412071,"30.9394534,120.1532439;30.9322670,120.2097917;30.9322670,120.2076973;30.9430467,120.1637157","30.9394534,120.2474902;30.9412501,120.1720932"
08,Datasets/UAV_VisLoc_dataset/08/drone/08_0936.JPG,30.9071142,120.2391128,"30.9322670,120.2076973;30.9322670,120.2097917;30.9394534,120.1532439;30.9322670,120.2056030","30.9089109,120.1448664;30.9340636,120.2223579"
08,Datasets/UAV_VisLoc_dataset/08/drone/08_0937.JPG,30.9089109,120.2391128,"30.9394534,120.1532439;30.9322670,120.2076973;30.9322670,120.2097917;30.9430467,120.1637157","30.9214872,120.2035086;30.9322670,120.1888481"
08,Datasets/UAV_VisLoc_dataset/08/drone/08_0938.JPG,30.9089109,120.2370184,"30.9394534,120.1532439;30.9322670,120.2076973;30.9322670,120.2097917;30.9322670,120.2056030","30.9178940,120.2412071;30.9143007,120.1762819"
08,Datasets/UAV_VisLoc_dataset/08/drone/08_0939.JPG,30.9089109,120.2370184,"30.9394534,120.1532439;30.9322670,120.2097917;30.9322670,120.2076973;30.9322670,120.2056030","30.9250805,120.1867537;30.9160974,120.2265466"
08,Datasets/UAV_VisLoc_dataset/08/drone/08_0940.JPG,30.9089109,120.2370184,"30.9340636,120.2139804;30.9394534,120.1532439;30.9322670,120.2097917;30.9322670,120.2056030","30.9268771,120.2160748;30.9160974,120.1993199"
08,Datasets/UAV_VisLoc_dataset/08/drone/08_0941.JPG,30.9089109,120.2349240,"30.9340636,120.2139804;30.9394534,120.1532439;30.9322670,120.1951311;30.9322670,120.2097917","30.9125041,120.2056030;30.9340636,120.2118860"
08,Datasets/UAV_VisLoc_dataset/08/drone/08_0942.JPG,30.9089109,120.2349240,"30.9107075,120.1511495;30.9340636,120.2139804;30.9394534,120.1532439;30.9286737,120.1637157","30.9053176,120.1951311;30.9143007,120.1658101"
08,Datasets/UAV_VisLoc_dataset/08/drone/08_0943.JPG,30.9089109,120.2328297,"30.9196906,120.2202635;30.9268771,120.2412071;30.9286737,120.1658101;30.9160974,120.2307353","30.9268771,120.1679044;30.9322670,120.1406777"
08,Datasets/UAV_VisLoc_dataset/08/drone/08_0944.JPG,30.9089109,120.2328297,"30.9268771,120.2412071;30.9160974,120.2307353;30.9196906,120.2202635;30.9178940,120.2307353","30.9358602,120.1595270;30.9394534,120.1448664"
08,Datasets/UAV_VisLoc_dataset/08/drone/08_0945.JPG,30.9089109,120.2307353,"30.9160974,120.2307353;30.9178940,120.2307353;30.9268771,120.2412071;30.9125041,120.2474902","30.9322670,120.1699988;30.9268771,120.1490552"
08,Datasets/UAV_VisLoc_dataset/08/drone/08_0946.JPG,30.9089109,120.2307353,"30.9125041,120.2474902;30.9286737,120.1637157;30.9286737,120.1658101;30.9232838,120.1448664","30.9430467,120.1825650;30.9125041,120.1469608"
08,Datasets/UAV_VisLoc_dataset/08/drone/08_0947.JPG,30.9089109,120.2286409,"30.9412501,120.1825650;30.9448433,120.1846593;30.9430467,120.1846593;30.9430467,120.1825650","30.9430467,120.1469608;30.9089109,120.2516789"
08,Datasets/UAV_VisLoc_dataset/08/drone/08_0948.JPG,30.9107075,120.2286409,"30.9340636,120.2139804;30.9340636,120.1930368;30.9448433,120.1846593;30.9448433,120.1637157","30.9286737,120.2391128;30.9466399,120.2223579"
08,Datasets/UAV_VisLoc_dataset/08/drone/08_0949.JPG,30.9107075,120.2265466,"30.9340636,120.2139804;30.9322670,120.1951311;30.9340636,120.1930368;30.9340636,120.2014142","30.9268771,120.1909424;30.9430467,120.1511495"
08,Datasets/UAV_VisLoc_dataset/08/drone/08_0950.JPG,30.9107075,120.2265466,"30.9340636,120.2139804;30.9340636,120.2097917;30.9340636,120.2118860;30.9340636,120.2035086","30.9340636,120.1930368;30.9160974,120.1364890"
08,Datasets/UAV_VisLoc_dataset/08/drone/08_0951.JPG,30.9107075,120.2244522,"30.9340636,120.2139804;30.9412501,120.2076973;30.9376568,120.2056030;30.9340636,120.2097917","30.9394534,120.1637157;30.9143007,120.1427721"
08,Datasets/UAV_VisLoc_dataset/08/drone/08_0952.JPG,30.9107075,120.2244522,"30.9340636,120.2139804;30.9107075,120.1511495;30.9394534,120.2035086;30.9376568,120.2056030","30.9250805,120.1783762;30.9143007,120.1490552"
08,Datasets/UAV_VisLoc_dataset/08/drone/08_0953.JPG,30.9107075,120.2223579,"30.9340636,120.2139804;30.9322670,120.1951311;30.9340636,120.2014142;30.9340636,120.2118860","30.9214872,120.1951311;30.9430467,120.2370184"
08,Datasets/UAV_VisLoc_dataset/08/drone/08_0954.JPG,30.9107075,120.2223579,"30.9340636,120.2139804;30.9232838,120.1637157;30.9107075,120.1637157;30.9268771,120.1616213","30.9196906,120.1364890;30.9412501,120.2474902"
08,Datasets/UAV_VisLoc_dataset/08/drone/08_0955.JPG,30.9107075,120.2202635,"30.9232838,120.1637157;30.9268771,120.1616213;30.9107075,120.1658101;30.9376568,120.1658101","30.9394534,120.2076973;30.9214872,120.1616213"
08,Datasets/UAV_VisLoc_dataset/08/drone/08_0956.JPG,30.9107075,120.2202635,"30.9107075,120.1511495;30.9089109,120.1511495;30.9412501,120.1406777;30.9268771,120.1637157","30.9089109,120.1574326;30.9340636,120.1532439"
08,Datasets/UAV_VisLoc_dataset/08/drone/08_0957.JPG,30.9107075,120.2181691,"30.9107075,120.1511495;30.9340636,120.2139804;30.9358602,120.1783762;30.9358602,120.2139804","30.9071142,120.2286409;30.9448433,120.1490552"
08,Datasets/UAV_VisLoc_dataset/08/drone/08_0958.JPG,30.9107075,120.2160748,"30.9412501,120.2035086;30.9430467,120.2014142;30.9412501,120.2014142;30.9430467,120.1553383","30.9466399,120.2223579;30.9214872,120.2056030"
08,Datasets/UAV_VisLoc_dataset/08/drone/08_0959.JPG,30.9107075,120.2160748,"30.9430467,120.2014142;30.9448433,120.1532439;30.9412501,120.1574326;30.9412501,120.1532439","30.9358602,120.2056030;30.9107075,120.1741875"
08,Datasets/UAV_VisLoc_dataset/08/drone/08_0960.JPG,30.9125041,120.2139804,"30.9412501,120.1930368;30.9394534,120.1909424;30.9448433,120.2181691;30.9412501,120.1532439","30.9286737,120.2391128;30.9430467,120.1553383"
08,Datasets/UAV_VisLoc_dataset/08/drone/08_0961.JPG,30.9125041,120.2139804,"30.9412501,120.1951311;30.9412501,120.1972255;30.9412501,120.1909424;30.9394534,120.1825650","30.9125041,120.1532439;30.9250805,120.2014142"
08,Datasets/UAV_VisLoc_dataset/08/drone/08_0962.JPG,30.9125041,120.2139804,"30.9412501,120.1825650;30.9394534,120.1825650;30.9430467,120.1825650;30.9430467,120.1846593","30.9412501,120.1867537;30.9125041,120.2453958"
08,Datasets/UAV_VisLoc_dataset/08/drone/08_0963.JPG,30.9125041,120.2118860,"30.9125041,120.2474902;30.9412501,120.1825650;30.9286737,120.1637157;30.9286737,120.1658101","30.9250805,120.2328297;30.9178940,120.2370184"
08,Datasets/UAV_VisLoc_dataset/08/drone/08_0964.JPG,30.9125041,120.2118860,"30.9340636,120.2139804;30.9412501,120.1825650;30.9430467,120.2014142;30.9430467,120.1637157","30.9196906,120.2474902;30.9160974,120.2433015"
08,Datasets/UAV_VisLoc_dataset/08/drone/08_0965.JPG,30.9125041,120.2097917,"30.9286737,120.1637157;30.9448433,120.1490552;30.9412501,120.1825650;30.9466399,120.1490552","30.9376568,120.1658101;30.9412501,120.2286409"
08,Datasets/UAV_VisLoc_dataset/08/drone/08_0966.JPG,30.9125041,120.2097917,"30.9286737,120.1637157;30.9125041,120.2474902;30.9035210,120.2433015;30.9035210,120.2412071","30.9376568,120.2516789;30.9340636,120.1364890"
08,Datasets/UAV_VisLoc_dataset/08/drone/08_0967.JPG,30.9125041,120.2076973,"30.9035210,120.2433015;30.9125041,120.2474902;30.9178940,120.2516789;30.9035210,120.2412071","30.9143007,120.2307353;30.9250805,120.2307353"
08,Datasets/UAV_VisLoc_dataset/08/drone/08_0968.JPG,30.9125041,120.2076973,"30.9178940,120.2516789;30.9035210,120.2433015;30.9125041,120.2474902;30.9286737,120.1637157","30.9322670,120.2118860;30.9107075,120.1364890"
08,Datasets/UAV_VisLoc_dataset/08/drone/08_0969.JPG,30.9125041,120.2056030,"30.9125041,120.2474902;30.9035210,120.2433015;30.9053176,120.2453958;30.9125041,120.2160748","30.9196906,120.2433015;30.9430467,120.1469608"
08,Datasets/UAV_VisLoc_dataset/08/drone/08_0970.JPG,30.9125041,120.2056030,"30.9125041,120.2474902;30.9035210,120.2433015;30.9035210,120.2474902;30.9286737,120.1637157","30.9466399,120.2035086;30.9322670,120.1741875"
08,Datasets/UAV_VisLoc_dataset/08/drone/08_0971.JPG,30.9143007,120.2035086,"30.9394534,120.1532439;30.9376568,120.1637157;30.9286737,120.1637157;30.9071142,120.1637157","30.9107075,120.2453958;30.9214872,120.2328297"
08,Datasets/UAV_VisLoc_dataset/08/drone/08_0972.JPG,30.9143007,120.2035086,"30.9394534,120.1532439;30.9322670,120.2076973;30.9376568,120.1637157;30.9322670,120.2014142","30.9053176,120.1658101;30.9214872,120.1741875"
08,Datasets/UAV_VisLoc_dataset/08/drone/08_0973.JPG,30.9143007,120.2014142,"30.9071142,120.1637157;30.9268771,120.1616213;30.9107075,120.1658101;30.9268771,120.1637157","30.9304703,120.1867537;30.9322670,120.1658101"
08,Datasets/UAV_VisLoc_dataset/08/drone/08_0974.JPG,30.9143007,120.2014142,"30.9107075,120.1511495;30.9286737,120.1637157;30.9394534,120.1532439;30.9268771,120.1637157","30.9448433,120.1846593;30.9268771,120.2474902"
08,Datasets/UAV_VisLoc_dataset/08/drone/08_0975.JPG,30.9143007,120.1993199,"30.9286737,120.1637157;30.9286737,120.1658101;30.9107075,120.1511495;30.9125041,120.2474902","30.9394534,120.1679044;30.9053176,120.1532439"
08,Datasets/UAV_VisLoc_dataset/08/drone/08_0976.JPG,30.9143007,120.1993199,"30.9286737,120.1637157;30.9125041,120.2474902;30.9286737,120.1658101;30.9232838,120.1448664","30.9250805,120.2014142;30.9376568,120.2370184"
08,Datasets/UAV_VisLoc_dataset/08/drone/08_0977.JPG,30.9143007,120.1972255,"30.9286737,120.1637157;30.9125041,120.2474902;30.9286737,120.1658101;30.9304703,120.1637157","30.9322670,120.2370184;30.9322670,120.2412071"
08,Datasets/UAV_VisLoc_dataset/08/drone/08_0978.JPG,30.9143007,120.1972255,"30.9286737,120.1637157;30.9125041,120.2474902;30.9178940,120.2516789;30.9304703,120.1637157","30.9125041,120.2433015;30.9304703,120.1448664"
08,Datasets/UAV_VisLoc_dataset/08/drone/08_0979.JPG,30.9143007,120.1951311,"30.9035210,120.1574326;30.9125041,120.2474902;30.9071142,120.1595270;30.9053176,120.1469608","30.9322670,120.1364890;30.9358602,120.2412071"
08,Datasets/UAV_VisLoc_dataset/08/drone/08_0980.JPG,30.9143007,120.1951311,"30.9035210,120.1574326;30.9035210,120.1867537;30.9286737,120.1637157;30.9071142,120.1595270","30.9430467,120.1469608;30.9466399,120.1993199"
08,Datasets/UAV_VisLoc_dataset/08/drone/08_0981.JPG,30.9143007,120.1930368,"30.9286737,120.1637157;30.9035210,120.1574326;30.9125041,120.2474902;30.9071142,120.1595270","30.9448433,120.1993199;30.9125041,120.2412071"
08,Datasets/UAV_VisLoc_dataset/08/drone/08_0982.JPG,30.9160974,120.1930368,"30.9125041,120.2474902;30.9286737,120.1637157;30.9178940,120.2516789;30.9053176,120.2453958","30.9232838,120.2056030;30.9412501,120.2139804"
08,Datasets/UAV_VisLoc_dataset/08/drone/08_0983.JPG,30.9160974,120.1930368,"30.9035210,120.1867537;30.9035210,120.1574326;30.9286737,120.1637157;30.9089109,120.1679044","30.9053176,120.2391128;30.9143007,120.1616213"
08,Datasets/UAV_VisLoc_dataset/08/drone/08_0984.JPG,30.9160974,120.1909424,"30.9125041,120.2160748;30.9214872,120.2495846;30.9125041,120.2474902;30.9196906,120.2516789","30.9358602,120.1658101;30.9340636,120.1637157"
08,Datasets/UAV_VisLoc_dataset/08/drone/08_0985.JPG,30.9160974,120.1909424,"30.9125041,120.2160748;30.9268771,120.1469608;30.9214872,120.2495846;30.9214872,120.2223579","30.9340636,120.2474902;30.9089109,120.2412071"
08,Datasets/UAV_VisLoc_dataset/08/drone/08_0986.JPG,30.9160974,120.1888481,"30.9268771,120.1469608;30.9268771,120.1448664;30.9376568,120.1364890;30.9250805,120.1469608","30.9053176,120.1951311;30.9250805,120.2370184"
08,Datasets/UAV_VisLoc_dataset/08/drone/08_0987.JPG,30.9160974,120.1888481,"30.9376568,120.1720932;30.9376568,120.1741875;30.9196906,120.1762819;30.9466399,120.1637157","30.9125041,120.1679044;30.9143007,120.1595270"
08,Datasets/UAV_VisLoc_dataset/08/drone/08_0988.JPG,30.9160974,120.1867537,"30.9394534,120.1532439;30.9394534,120.1637157;30.9394534,120.1616213;30.9394534,120.1658101","30.9035210,120.1616213;30.9196906,120.1406777"
08,Datasets/UAV_VisLoc_dataset/08/drone/08_0989.JPG,30.9160974,120.1867537,"30.9394534,120.1532439;30.9448433,120.1637157;30.9466399,120.1637157;30.9376568,120.1637157","30.9035210,120.1909424;30.9196906,120.2349240"
08,Datasets/UAV_VisLoc_dataset/08/drone/08_0990.JPG,30.9160974,120.1846593,"30.9107075,120.1511495;30.9376568,120.1658101;30.9268771,120.1637157;30.9268771,120.1616213","30.9304703,120.1469608;30.9035210,120.2223579"
08,Datasets/UAV_VisLoc_dataset/08/drone/08_0991.JPG,30.9160974,120.1825650,"30.9107075,120.1511495;30.9286737,120.1658101;30.9286737,120.1637157;30.9125041,120.2474902","30.9322670,120.1406777;30.9286737,120.2433015"
08,Datasets/UAV_VisLoc_dataset/08/drone/08_0992.JPG,30.9160974,120.1825650,"30.9125041,120.2474902;30.9286737,120.1658101;30.9286737,120.1637157;30.9232838,120.1448664","30.9053176,120.2139804;30.9394534,120.1930368"
08,Datasets/UAV_VisLoc_dataset/08/drone/08_0993.JPG,30.9160974,120.1804706,"30.9125041,120.2474902;30.9286737,120.1658101;30.9035210,120.2433015;30.9286737,120.1637157","30.9178940,120.1574326;30.9340636,120.2118860"
08,Datasets/UAV_VisLoc_dataset/08/drone/08_0994.JPG,30.9178940,120.1804706,"30.9322670,120.2139804;30.9322670,120.2118860;30.9125041,120.2474902;30.9340636,120.2139804","30.9304703,120.1532439;30.9448433,120.1427721"
08,Datasets/UAV_VisLoc_dataset/08/drone/08_0995.JPG,30.9178940,120.1783762,"30.9322670,120.2139804;30.9322670,120.2118860;30.9125041,120.2474902;30.9340636,120.2139804","30.9053176,120.1825650;30.9214872,120.2433015"
08,Datasets/UAV_VisLoc_dataset/08/drone/08_0996.JPG,30.9178940,120.1783762,"30.9322670,120.2139804;30.9322670,120.2118860;30.9340636,120.2097917;30.9125041,120.2474902","30.9268771,120.1930368;30.9125041,120.1469608"
08,Datasets/UAV_VisLoc_dataset/08/drone/08_0997.JPG,30.9178940,120.1762819,"30.9125041,120.2474902;30.9053176,120.2453958;30.9125041,120.1427721;30.9286737,120.1637157","30.9394534,120.1993199;30.9160974,120.2265466"
08,Datasets/UAV_VisLoc_dataset/08/drone/08_0998.JPG,30.9178940,120.1762819,"30.9107075,120.1364890;30.9125041,120.1427721;30.9107075,120.1385834;30.9035210,120.1364890","30.9071142,120.1972255;30.9430467,120.2391128"
08,Datasets/UAV_VisLoc_dataset/08/drone/08_0999.JPG,30.9178940,120.1741875,"30.9232838,120.1448664;30.9125041,120.2474902;30.9268771,120.2412071;30.9107075,120.1364890","30.9322670,120.2202635;30.9125041,120.1993199"
08,Datasets/UAV_VisLoc_dataset/08/drone/08_1000.JPG,30.9178940,120.1741875,"30.9268771,120.2412071;30.9125041,120.2474902;30.9232838,120.1448664;30.9268771,120.2391128","30.9089109,120.2286409;30.9394534,120.1658101"
08,Datasets/UAV_VisLoc_dataset/08/drone/08_1001.JPG,30.9178940,120.1720932,"30.9268771,120.2412071;30.9125041,120.2474902;30.9035210,120.2286409;30.9214872,120.2202635","30.9107075,120.2307353;30.9160974,120.2328297"
08,Datasets/UAV_VisLoc_dataset/08/drone/08_1002.JPG,30.9178940,120.1720932,"30.9125041,120.2474902;30.9107075,120.1511495;30.9053176,120.2453958;30.9286737,120.1658101","30.9304703,120.2056030;30.9322670,120.1741875"
08,Datasets/UAV_VisLoc_dataset/08/drone/08_1003.JPG,30.9178940,120.1699988,"30.9286737,120.1637157;30.9394534,120.1532439;30.9107075,120.1511495;30.9430467,120.1637157","30.9107075,120.2014142;30.9107075,120.2370184"
08,Datasets/UAV_VisLoc_dataset/08/drone/08_1004.JPG,30.9178940,120.1699988,"30.9286737,120.1637157;30.9322670,120.2076973;30.9322670,120.2056030;30.9394534,120.1532439","30.9071142,120.1867537;30.9143007,120.1532439"
08,Datasets/UAV_VisLoc_dataset/08/drone/08_1005.JPG,30.9196906,120.1699988,"30.9322670,120.2076973;30.9322670,120.2056030;30.9376568,120.1553383;30.9089109,120.1427721","30.9035210,120.1553383;30.9178940,120.2286409"
08,Datasets/UAV_VisLoc_dataset/08/drone/08_1006.JPG,30.9196906,120.1679044,"30.9376568,120.1553383;30.9394534,120.1532439;30.9071142,120.1637157;30.9053176,120.1637157","30.9358602,120.1364890;30.9143007,120.2118860"
08,Datasets/UAV_VisLoc_dataset/08/drone/08_1007.JPG,30.9196906,120.1679044,"30.9340636,120.2139804;30.9394534,120.1532439;30.9376568,120.1553383;30.9107075,120.1511495","30.9196906,120.1427721;30.9340636,120.1364890"
08,Datasets/UAV_VisLoc_dataset/08/drone/08_1008.JPG,30.9196906,120.1658101,"30.9340636,120.1951311;30.9340636,120.2014142;30.9340636,120.2139804;30.9376568,120.1930368","30.9178940,120.1364890;30.9125041,120.1888481"
08,Datasets/UAV_VisLoc_dataset/08/drone/08_1009.JPG,30.9196906,120.1658101,"30.9340636,120.1951311;30.9340636,120.2014142;30.9376568,120.1951311;30.9358602,120.1951311","30.9466399,120.1406777;30.9089109,120.2495846"
08,Datasets/UAV_VisLoc_dataset/08/drone/08_1010.JPG,30.9196906,120.1637157,"30.9358602,120.2076973;30.9376568,120.2076973;30.9340636,120.2118860;30.9340636,120.2014142","30.9466399,120.2412071;30.9178940,120.2474902"
08,Datasets/UAV_VisLoc_dataset/08/drone/08_1011.JPG,30.9196906,120.1637157,"30.9340636,120.2118860;30.9376568,120.2076973;30.9358602,120.2076973;30.9340636,120.2097917","30.9178940,120.2056030;30.9304703,120.2391128"
08,Datasets/UAV_VisLoc_dataset/08/drone/08_1012.JPG,30.9196906,120.1616213,"30.9340636,120.2097917;30.9394534,120.2076973;30.9340636,120.2118860;30.9376568,120.2076973","30.9340636,120.1406777;30.9268771,120.2097917"
08,Datasets/UAV_VisLoc_dataset/08/drone/08_1013.JPG,30.9196906,120.1616213,"30.9340636,120.2097917;30.9376568,120.2076973;30.9340636,120.2118860;30.9394534,120.2076973","30.9322670,120.1909424;30.9376568,120.1930368"
08,Datasets/UAV_VisLoc_dataset/08/drone/08_1014.JPG,30.9196906,120.1595270,"30.9125041,120.2474902;30.9268771,120.2412071;30.9340636,120.1951311;30.9178940,120.2495846","30.9448433,120.1972255;30.9053176,120.1385834"
08,Datasets/UAV_VisLoc_dataset/08/drone/08_1015.JPG,30.9196906,120.1595270,"30.9125041,120.2474902;30.9268771,120.2412071;30.9286737,120.1658101;30.9107075,120.1511495","30.9232838,120.1846593;30.9322670,120.2349240"
08,Datasets/UAV_VisLoc_dataset/08/drone/08_1016.JPG,30.9196906,120.1574326,"30.9286737,120.1658101;30.9125041,120.2474902;30.9286737,120.1637157;30.9232838,120.1448664","30.9340636,120.2076973;30.9322670,120.2265466"
08,Datasets/UAV_VisLoc_dataset/08/drone/08_1017.JPG,30.9214872,120.1574326,"30.9286737,120.1637157;30.9286737,120.1658101;30.9125041,120.2474902;30.9268771,120.1637157","30.9394534,120.2056030;30.9340636,120.2474902"
08,Datasets/UAV_VisLoc_dataset/08/drone/08_1018.JPG,30.9214872,120.1553383,"30.9286737,120.1637157;30.9107075,120.1511495;30.9125041,120.2474902;30.9286737,120.1658101","30.9107075,120.2265466;30.9125041,120.2076973"
08,Datasets/UAV_VisLoc_dataset/08/drone/08_1019.JPG,30.9214872,120.1553383,"30.9286737,120.1637157;30.9286737,120.1658101;30.9268771,120.1616213;30.9125041,120.2474902","30.9053176,120.2307353;30.9268771,120.2349240"
08,Datasets/UAV_VisLoc_dataset/08/drone/08_1020.JPG,30.9214872,120.1532439,"30.9286737,120.1637157;30.9268771,120.1616213;30.9286737,120.1658101;30.9071142,120.1616213","30.9466399,120.1616213;30.9358602,120.1993199"
08,Datasets/UAV_VisLoc_dataset/08/drone/08_1021.JPG,30.9214872,120.1532439,"30.9071142,120.1616213;30.9268771,120.1616213;30.9286737,120.1637157;30.9107075,120.1637157","30.9053176,120.1951311;30.9107075,120.2118860"
08,Datasets/UAV_VisLoc_dataset/08/drone/08_1022.JPG,30.9214872,120.1511495,"30.9071142,120.1616213;30.9268771,120.1616213;30.9071142,120.1637157;30.9053176,120.1637157","30.9412501,120.2076973;30.9268771,120.1658101"
08,Datasets/UAV_VisLoc_dataset/08/drone/08_1023.JPG,30.9214872,120.1511495,"30.9304703,120.2118860;30.9322670,120.2076973;30.9304703,120.2076973;30.9304703,120.2097917","30.9250805,120.2014142;30.9250805,120.2118860"
08,Datasets/UAV_VisLoc_dataset/08/drone/08_1024.JPG,30.9214872,120.1490552,"30.9304703,120.2076973;30.9322670,120.2076973;30.9304703,120.2118860;30.9304703,120.2056030","30.9466399,120.1364890;30.9232838,120.1595270"
08,Datasets/UAV_VisLoc_dataset/08/drone/08_1025.JPG,30.9214872,120.1469608,"30.9286737,120.1637157;30.9053176,120.1637157;30.9268771,120.1616213;30.9286737,120.1364890","30.9448433,120.1448664;30.9196906,120.1762819"
08,Datasets/UAV_VisLoc_dataset/08/drone/08_1026.JPG,30.9214872,120.1469608,"30.9286737,120.1637157;30.9053176,120.1637157;30.9286737,120.1658101;30.9268771,120.1616213","30.9430467,120.1532439;30.9268771,120.2328297"
08,Datasets/UAV_VisLoc_dataset/08/drone/08_1027.JPG,30.9214872,120.1469608,"30.9286737,120.1637157;30.9394534,120.1532439;30.9394534,120.1637157;30.9430467,120.1637157","30.9322670,120.1637157;30.9160974,120.2349240"
08,Datasets/UAV_VisLoc_dataset/08/drone/08_1028.JPG,30.9232838,120.1448664,"30.9448433,120.1637157;30.9466399,120.1616213;30.9394534,120.1637157;30.9466399,120.1637157","30.9160974,120.2412071;30.9304703,120.2286409"
08,Datasets/UAV_VisLoc_dataset/08/drone/08_1029.JPG,30.9232838,120.1448664,"30.9448433,120.1637157;30.9466399,120.1616213;30.9466399,120.1637157;30.9286737,120.1637157","30.9214872,120.2307353;30.9214872,120.2453958"
08,Datasets/UAV_VisLoc_dataset/08/drone/08_1030.JPG,30.9232838,120.1427721,"30.9286737,120.1637157;30.9053176,120.1637157;30.9448433,120.1637157;30.9286737,120.1658101","30.9358602,120.2056030;30.9304703,120.1741875"
08,Datasets/UAV_VisLoc_dataset/08/drone/08_1031.JPG,30.9232838,120.1427721,"30.9286737,120.1637157;30.9053176,120.1637157;30.9107075,120.1679044;30.9286737,120.1469608","30.9071142,120.2076973;30.9035210,120.2056030"
08,Datasets/UAV_VisLoc_dataset/08/drone/08_1032.JPG,30.9232838,120.1406777,"30.9107075,120.1679044;30.9286737,120.1490552;30.9286737,120.1469608;30.9053176,120.1637157","30.9412501,120.1909424;30.9412501,120.1846593"
08,Datasets/UAV_VisLoc_dataset/08/drone/08_1033.JPG,30.9232838,120.1406777,"30.9107075,120.1679044;30.9286737,120.1490552;30.9143007,120.1616213;30.9250805,120.1595270","30.9053176,120.1490552;30.9376568,120.2244522"
10,Datasets/UAV_VisLoc_dataset/10/drone/10_0001.JPG,40.3504581,115.7763560,"40.3414750,115.7763560;40.3414750,115.7787134;40.3414750,115.7810708;40.3414750,115.7834282","40.3468649,115.7905003;40.3432716,115.7857856"
10,Datasets/UAV_VisLoc_dataset/10/drone/10_0002.JPG,40.3504581,115.7763560,"40.3414750,115.7763560;40.3414750,115.7787134;40.3414750,115.7810708;40.3414750,115.7834282","40.3414750,115.7905003;40.3432716,115.7928577"
10,Datasets/UAV_VisLoc_dataset/10/drone/10_0003.JPG,40.3504581,115.7787134,"40.3414750,115.7763560;40.3414750,115.7787134;40.3414750,115.7810708;40.3414750,115.7834282","40.3504581,115.7905003;40.3414750,115.7905003"
10,Datasets/UAV_VisLoc_dataset/10/drone/10_0004.JPG,40.3486615,115.7787134,"40.3414750,115.7763560;40.3414750,115.7787134;40.3414750,115.7810708;40.3504581,115.7810708","40.3522547,115.7928577;40.3540514,115.7928577"
10,Datasets/UAV_VisLoc_dataset/10/drone/10_0005.JPG,40.3486615,115.7787134,"40.3414750,115.7763560;40.3414750,115.7787134;40.3414750,115.7810708;40.3504581,115.7810708","40.3432716,115.7881430;40.3414750,115.7905003"
10,Datasets/UAV_VisLoc_dataset/10/drone/10_0006.JPG,40.3486615,115.7787134,"40.3414750,115.7763560;40.3414750,115.7787134;40.3414750,115.7810708;40.3450682,115.7928577","40.3432716,115.7881430;40.3414750,115.7928577"
10,Datasets/UAV_VisLoc_dataset/10/drone/10_0007.JPG,40.3468649,115.7787134,"40.3414750,115.7763560;40.3414750,115.7787134;40.3504581,115.7810708;40.3450682,115.7928577","40.3450682,115.7928577;40.3486615,115.7928577"
10,Datasets/UAV_VisLoc_dataset/10/drone/10_0008.JPG,40.3468649,115.7787134,"40.3414750,115.7763560;40.3414750,115.7787134;40.3504581,115.7810708;40.3450682,115.7928577","40.3432716,115.7928577;40.3432716,115.7905003"
10,Datasets/UAV_VisLoc_dataset/10/drone/10_0009.JPG,40.3468649,115.7787134,"40.3414750,115.7763560;40.3414750,115.7787134;40.3504581,115.7810708;40.3450682,115.7928577","40.3504581,115.7905003;40.3432716,115.7928577"
10,Datasets/UAV_VisLoc_dataset/10/drone/10_0010.JPG,40.3468649,115.7787134,"40.3414750,115.7763560;40.3504581,115.7810708;40.3432716,115.7905003;40.3450682,115.7928577","40.3540514,115.7928577;40.3540514,115.7857856"
10,Datasets/UAV_VisLoc_dataset/10/drone/10_0011.JPG,40.3450682,115.7810708,"40.3414750,115.7763560;40.3414750,115.7905003;40.3432716,115.7905003;40.3450682,115.7928577","40.3522547,115.7881430;40.3540514,115.7928577"
10,Datasets/UAV_VisLoc_dataset/10/drone/10_0012.JPG,40.3450682,115.7810708,"40.3504581,115.7810708;40.3432716,115.7905003;40.3450682,115.7928577;40.3414750,115.7763560","40.3540514,115.7905003;40.3468649,115.7928577"
10,Datasets/UAV_VisLoc_dataset/10/drone/10_0013.JPG,40.3450682,115.7810708,"40.3450682,115.7928577;40.3432716,115.7905003;40.3504581,115.7810708;40.3414750,115.7763560","40.3522547,115.7905003;40.3540514,115.7763560"
10,Datasets/UAV_VisLoc_dataset/10/drone/10_0014.JPG,40.3432716,115.7810708,"40.3450682,115.7928577;40.3414750,115.7763560;40.3504581,115.7810708;40.3432716,115.7905003","40.3450682,115.7928577;40.3522547,115.7928577"
10,Datasets/UAV_VisLoc_dataset/10/drone/10_0015.JPG,40.3432716,115.7810708,"40.3414750,115.7763560;40.3450682,115.7928577;40.3414750,115.7787134;40.3432716,115.7928577","40.3504581,115.7905003;40.3522547,115.7905003"
10,Datasets/UAV_VisLoc_dataset/10/drone/10_0016.JPG,40.3432716,115.7810708,"40.3414750,115.7763560;40.3450682,115.7928577;40.3414750,115.7905003;40.3432716,115.7905003","40.3522547,115.7857856;40.3540514,115.7763560"
10,Datasets/UAV_VisLoc_dataset/10/drone/10_0017.JPG,40.3432716,115.7810708,"40.3414750,115.7763560;40.3414750,115.7905003;40.3450682,115.7928577;40.3432716,115.7905003","40.3540514,115.7905003;40.3522547,115.7905003"
10,Datasets/UAV_VisLoc_dataset/10/drone/10_0018.JPG,40.3414750,115.7810708,"40.3414750,115.7763560;40.3414750,115.7905003;40.3450682,115.7928577;40.3432716,115.7928577","40.3522547,115.7881430;40.3486615,115.7905003"
10,Datasets/UAV_VisLoc_dataset/10/drone/10_0019.JPG,40.3432716,115.7834282,"40.3414750,115.7905003;40.3414750,115.7763560;40.3432716,115.7905003;40.3432716,115.7928577","40.3540514,115.7787134;40.3504581,115.7928577"
10,Datasets/UAV_VisLoc_dataset/10/drone/10_0020.JPG,40.3432716,115.7834282,"40.3414750,115.7763560;40.3414750,115.7905003;40.3432716,115.7905003;40.3432716,115.7928577","40.3522547,115.7881430;40.3522547,115.7810708"
10,Datasets/UAV_VisLoc_dataset/10/drone/10_0021.JPG,40.3432716,115.7834282,"40.3414750,115.7905003;40.3432716,115.7905003;40.3432716,115.7928577;40.3450682,115.7928577","40.3540514,115.7905003;40.3522547,115.7763560"
10,Datasets/UAV_VisLoc_dataset/10/drone/10_0022.JPG,40.3450682,115.7810708,"40.3450682,115.7928577;40.3414750,115.7905003;40.3432716,115.7905003;40.3504581,115.7810708","40.3540514,115.7763560;40.3540514,115.7928577"
10,Datasets/UAV_VisLoc_dataset/10/drone/10_0023.JPG,40.3450682,115.7810708,"40.3504581,115.7810708;40.3450682,115.7928577;40.3504581,115.7834282;40.3504581,115.7881430","40.3540514,115.7763560;40.3486615,115.7928577"
10,Datasets/UAV_VisLoc_dataset/10/drone/10_0024.JPG,40.3450682,115.7810708,"40.3450682,115.7928577;40.3414750,115.7905003;40.3504581,115.7810708;40.3414750,115.7763560","40.3522547,115.7905003;40.3504581,115.7928577"
10,Datasets/UAV_VisLoc_dataset/10/drone/10_0025.JPG,40.3450682,115.7810708,"40.3414750,115.7763560;40.3414750,115.7905003;40.3450682,115.7928577;40.3432716,115.7905003","40.3540514,115.7928577;40.3522547,115.7905003"
10,Datasets/UAV_VisLoc_dataset/10/drone/10_0026.JPG,40.3468649,115.7810708,"40.3414750,115.7905003;40.3414750,115.7763560;40.3450682,115.7928577;40.3432716,115.7905003","40.3450682,115.7928577;40.3468649,115.7928577"
10,Datasets/UAV_VisLoc_dataset/10/drone/10_0027.JPG,40.3468649,115.7810708,"40.3414750,115.7763560;40.3414750,115.7787134;40.3450682,115.7928577;40.3432716,115.7905003","40.3540514,115.7905003;40.3504581,115.7928577"
10,Datasets/UAV_VisLoc_dataset/10/drone/10_0028.JPG,40.3468649,115.7810708,"40.3414750,115.7763560;40.3414750,115.7787134;40.3450682,115.7928577;40.3432716,115.7905003","40.3504581,115.7928577;40.3540514,115.7905003"
10,Datasets/UAV_VisLoc_dataset/10/drone/10_0029.JPG,40.3468649,115.7810708,"40.3414750,115.7763560;40.3414750,115.7787134;40.3450682,115.7928577;40.3432716,115.7905003","40.3468649,115.7928577;40.3450682,115.7928577"
10,Datasets/UAV_VisLoc_dataset/10/drone/10_0030.JPG,40.3486615,115.7810708,"40.3414750,115.7763560;40.3414750,115.7787134;40.3450682,115.7928577;40.3432716,115.7905003","40.3540514,115.7928577;40.3414750,115.7905003"
10,Datasets/UAV_VisLoc_dataset/10/drone/10_0031.JPG,40.3486615,115.7810708,"40.3414750,115.7763560;40.3414750,115.7787134;40.3450682,115.7928577;40.3414750,115.7905003","40.3540514,115.7905003;40.3504581,115.7928577"
10,Datasets/UAV_VisLoc_dataset/10/drone/10_0032.JPG,40.3486615,115.7810708,"40.3414750,115.7763560;40.3414750,115.7787134;40.3414750,115.7810708;40.3450682,115.7928577","40.3414750,115.7905003;40.3432716,115.7928577"
10,Datasets/UAV_VisLoc_dataset/10/drone/10_0033.JPG,40.3504581,115.7787134,"40.3414750,115.7763560;40.3414750,115.7787134;40.3414750,115.7810708;40.3450682,115.7928577","40.3450682,115.7905003;40.3432716,115.7928577"
10,Datasets/UAV_VisLoc_dataset/10/drone/10_0034.JPG,40.3504581,115.7787134,"40.3414750,115.7763560;40.3414750,115.7787134;40.3414750,115.7810708;40.3414750,115.7834282","40.3414750,115.7834282;40.3522547,115.7928577"
10,Datasets/UAV_VisLoc_dataset/10/drone/10_0035.JPG,40.3504581,115.7787134,"40.3414750,115.7763560;40.3414750,115.7787134;40.3414750,115.7810708;40.3414750,115.7834282","40.3414750,115.7787134;40.3432716,115.7881430"
10,Datasets/UAV_VisLoc_dataset/10/drone/10_0036.JPG,40.3504581,115.7787134,"40.3414750,115.7763560;40.3414750,115.7787134;40.3414750,115.7810708;40.3450682,115.7928577","40.3540514,115.7928577;40.3486615,115.7905003"
10,Datasets/UAV_VisLoc_dataset/10/drone/10_0037.JPG,40.3522547,115.7810708,"40.3414750,115.7763560;40.3414750,115.7787134;40.3414750,115.7810708;40.3414750,115.7834282","40.3450682,115.7928577;40.3522547,115.7928577"
10,Datasets/UAV_VisLoc_dataset/10/drone/10_0038.JPG,40.3504581,115.7810708,"40.3414750,115.7763560;40.3414750,115.7787134;40.3414750,115.7810708;40.3450682,115.7928577","40.3486615,115.7928577;40.3414750,115.7857856"
10,Datasets/UAV_VisLoc_dataset/10/drone/10_0039.JPG,40.3504581,115.7810708,"40.3414750,115.7763560;40.3414750,115.7787134;40.3450682,115.7928577;40.3414750,115.7810708","40.3414750,115.7763560;40.3468649,115.7928577"
10,Datasets/UAV_VisLoc_dataset/10/drone/10_0040.JPG,40.3504581,115.7810708,"40.3414750,115.7763560;40.3414750,115.7787134;40.3450682,115.7928577;40.3414750,115.7810708","40.3432716,115.7905003;40.3414750,115.7928577"
10,Datasets/UAV_VisLoc_dataset/10/drone/10_0041.JPG,40.3504581,115.7810708,"40.3414750,115.7763560;40.3414750,115.7905003;40.3432716,115.7928577;40.3414750,115.7787134","40.3540514,115.7928577;40.3414750,115.7905003"
10,Datasets/UAV_VisLoc_dataset/10/drone/10_0042.JPG,40.3486615,115.7810708,"40.3414750,115.7763560;40.3414750,115.7905003;40.3414750,115.7787134;40.3450682,115.7928577","40.3432716,115.7928577;40.3414750,115.7905003"
10,Datasets/UAV_VisLoc_dataset/10/drone/10_0043.JPG,40.3486615,115.7810708,"40.3414750,115.7763560;40.3414750,115.7787134;40.3414750,115.7905003;40.3450682,115.7928577","40.3522547,115.7928577;40.3450682,115.7928577"
10,Datasets/UAV_VisLoc_dataset/10/drone/10_0044.JPG,40.3486615,115.7810708,"40.3414750,115.7763560;40.3414750,115.7787134;40.3450682,115.7928577;40.3414750,115.7905003","40.3522547,115.7928577;40.3540514,115.7928577"
10,Datasets/UAV_VisLoc_dataset/10/drone/10_0045.JPG,40.3468649,115.7810708,"40.3414750,115.7763560;40.3414750,115.7787134;40.3432716,115.7905003;40.3450682,115.7928577","40.3414750,115.7928577;40.3522547,115.7928577"
10,Datasets/UAV_VisLoc_dataset/10/drone/10_0046.JPG,40.3468649,115.7834282,"40.3414750,115.7763560;40.3432716,115.7905003;40.3450682,115.7928577;40.3414750,115.7905003","40.3540514,115.7905003;40.3414750,115.7928577"
10,Datasets/UAV_VisLoc_dataset/10/drone/10_0047.JPG,40.3468649,115.7834282,"40.3414750,115.7763560;40.3414750,115.7787134;40.3450682,115.7928577;40.3414750,115.7905003","40.3540514,115.7905003;40.3540514,115.7928577"
10,Datasets/UAV_VisLoc_dataset/10/drone/10_0048.JPG,40.3468649,115.7834282,"40.3414750,115.7763560;40.3414750,115.7787134;40.3414750,115.7905003;40.3450682,115.7928577","40.3522547,115.7928577;40.3540514,115.7905003"
10,Datasets/UAV_VisLoc_dataset/10/drone/10_0049.JPG,40.3450682,115.7834282,"40.3450682,115.7928577;40.3414750,115.7763560;40.3432716,115.7905003;40.3504581,115.7810708","40.3540514,115.7905003;40.3522547,115.7928577"
10,Datasets/UAV_VisLoc_dataset/10/drone/10_0050.JPG,40.3450682,115.7834282,"40.3504581,115.7810708;40.3450682,115.7928577;40.3432716,115.7905003;40.3414750,115.7763560","40.3540514,115.7763560;40.3540514,115.7857856"
10,Datasets/UAV_VisLoc_dataset/10/drone/10_0051.JPG,40.3450682,115.7834282,"40.3450682,115.7928577;40.3504581,115.7810708;40.3414750,115.7905003;40.3432716,115.7905003","40.3540514,115.7905003;40.3540514,115.7834282"
10,Datasets/UAV_VisLoc_dataset/10/drone/10_0052.JPG,40.3432716,115.7834282,"40.3414750,115.7763560;40.3414750,115.7905003;40.3432716,115.7905003;40.3450682,115.7928577","40.3522547,115.7787134;40.3540514,115.7763560"
10,Datasets/UAV_VisLoc_dataset/10/drone/10_0053.JPG,40.3432716,115.7857856,"40.3414750,115.7763560;40.3414750,115.7905003;40.3432716,115.7905003;40.3450682,115.7928577","40.3540514,115.7857856;40.3540514,115.7834282"
10,Datasets/UAV_VisLoc_dataset/10/drone/10_0054.JPG,40.3432716,115.7857856,"40.3414750,115.7763560;40.3414750,115.7905003;40.3432716,115.7905003;40.3450682,115.7928577","40.3504581,115.7928577;40.3540514,115.7881430"
10,Datasets/UAV_VisLoc_dataset/10/drone/10_0055.JPG,40.3432716,115.7881430,"40.3414750,115.7905003;40.3432716,115.7905003;40.3432716,115.7928577;40.3450682,115.7928577","40.3540514,115.7905003;40.3486615,115.7763560"
10,Datasets/UAV_VisLoc_dataset/10/drone/10_0056.JPG,40.3450682,115.7857856,"40.3414750,115.7905003;40.3432716,115.7905003;40.3432716,115.7928577;40.3450682,115.7928577","40.3540514,115.7810708;40.3540514,115.7881430"
10,Datasets/UAV_VisLoc_dataset/10/drone/10_0057.JPG,40.3450682,115.7857856,"40.3414750,115.7905003;40.3432716,115.7905003;40.3432716,115.7928577;40.3450682,115.7928577","40.3504581,115.7763560;40.3540514,115.7905003"
10,Datasets/UAV_VisLoc_dataset/10/drone/10_0058.JPG,40.3450682,115.7857856,"40.3414750,115.7905003;40.3450682,115.7928577;40.3504581,115.7810708;40.3432716,115.7905003","40.3540514,115.7810708;40.3540514,115.7881430"
10,Datasets/UAV_VisLoc_dataset/10/drone/10_0059.JPG,40.3450682,115.7857856,"40.3504581,115.7810708;40.3450682,115.7928577;40.3432716,115.7905003;40.3414750,115.7905003","40.3540514,115.7763560;40.3540514,115.7787134"
10,Datasets/UAV_VisLoc_dataset/10/drone/10_0060.JPG,40.3468649,115.7857856,"40.3504581,115.7810708;40.3414750,115.7905003;40.3450682,115.7928577;40.3432716,115.7905003","40.3540514,115.7763560;40.3540514,115.7928577"
10,Datasets/UAV_VisLoc_dataset/10/drone/10_0061.JPG,40.3468649,115.7857856,"40.3414750,115.7905003;40.3450682,115.7928577;40.3432716,115.7905003;40.3432716,115.7928577","40.3540514,115.7763560;40.3540514,115.7928577"
10,Datasets/UAV_VisLoc_dataset/10/drone/10_0062.JPG,40.3468649,115.7857856,"40.3432716,115.7905003;40.3414750,115.7905003;40.3450682,115.7928577;40.3414750,115.7881430","40.3540514,115.7928577;40.3540514,115.7763560"
10,Datasets/UAV_VisLoc_dataset/10/drone/10_0063.JPG,40.3468649,115.7834282,"40.3450682,115.7928577;40.3432716,115.7905003;40.3414750,115.7881430;40.3414750,115.7905003","40.3540514,115.7928577;40.3414750,115.7928577"
10,Datasets/UAV_VisLoc_dataset/10/drone/10_0064.JPG,40.3486615,115.7834282,"40.3504581,115.7881430;40.3450682,115.7928577;40.3432716,115.7905003;40.3522547,115.7881430","40.3414750,115.7928577"
10,Datasets/UAV_VisLoc_dataset/10/drone/10_0065.JPG,40.3486615,115.7834282,"40.3504581,115.7881430;40.3504581,115.7905003;40.3504581,115.7928577;40.3522547,115.7881430","40.3414750,115.7928577;40.3414750,115.7763560"
10,Datasets/UAV_VisLoc_dataset/10/drone/10_0066.JPG,40.3486615,115.7834282,"40.3504581,115.7881430;40.3522547,115.7881430;40.3504581,115.7905003;40.3522547,115.7905003","40.3414750,115.7928577;40.3432716,115.7928577"
10,Datasets/UAV_VisLoc_dataset/10/drone/10_0067.JPG,40.3504581,115.7834282,"40.3504581,115.7905003;40.3504581,115.7928577;40.3504581,115.7881430;40.3450682,115.7928577","40.3414750,115.7763560;40.3414750,115.7928577"
10,Datasets/UAV_VisLoc_dataset/10/drone/10_0068.JPG,40.3504581,115.7834282,"40.3414750,115.7763560;40.3432716,115.7928577;40.3450682,115.7928577;40.3414750,115.7928577","40.3432716,115.7928577;40.3414750,115.7787134"
10,Datasets/UAV_VisLoc_dataset/10/drone/10_0069.JPG,40.3504581,115.7834282,"40.3414750,115.7763560;40.3414750,115.7787134;40.3450682,115.7928577;40.3432716,115.7928577","40.3414750,115.7834282;40.3414750,115.7810708"
10,Datasets/UAV_VisLoc_dataset/10/drone/10_0070.JPG,40.3504581,115.7810708,"40.3414750,115.7763560;40.3414750,115.7787134;40.3414750,115.7810708;40.3450682,115.7928577","40.3414750,115.7857856;40.3450682,115.7928577"
10,Datasets/UAV_VisLoc_dataset/10/drone/10_0071.JPG,40.3522547,115.7810708,"40.3414750,115.7763560;40.3414750,115.7787134;40.3414750,115.7810708;40.3450682,115.7928577","40.3468649,115.7928577;40.3414750,115.7928577"
10,Datasets/UAV_VisLoc_dataset/10/drone/10_0072.JPG,40.3522547,115.7810708,"40.3414750,115.7763560;40.3414750,115.7787134;40.3414750,115.7810708;40.3450682,115.7928577","40.3414750,115.7857856;40.3414750,115.7763560"
10,Datasets/UAV_VisLoc_dataset/10/drone/10_0073.JPG,40.3522547,115.7834282,"40.3414750,115.7763560;40.3414750,115.7905003;40.3432716,115.7905003;40.3414750,115.7787134","40.3414750,115.7857856;40.3414750,115.7905003"
10,Datasets/UAV_VisLoc_dataset/10/drone/10_0074.JPG,40.3522547,115.7834282,"40.3414750,115.7763560;40.3414750,115.7905003;40.3432716,115.7905003;40.3450682,115.7928577","40.3432716,115.7810708;40.3432716,115.7857856"
10,Datasets/UAV_VisLoc_dataset/10/drone/10_0075.JPG,40.3522547,115.7834282,"40.3414750,115.7763560;40.3450682,115.7928577;40.3432716,115.7928577;40.3414750,115.7905003","40.3450682,115.7928577;40.3414750,115.7928577"
10,Datasets/UAV_VisLoc_dataset/10/drone/10_0076.JPG,40.3504581,115.7834282,"40.3432716,115.7928577;40.3414750,115.7928577;40.3414750,115.7905003;40.3450682,115.7928577","40.3450682,115.7928577;40.3432716,115.7763560"
10,Datasets/UAV_VisLoc_dataset/10/drone/10_0077.JPG,40.3504581,115.7857856,"40.3432716,115.7928577;40.3414750,115.7928577;40.3414750,115.7905003;40.3450682,115.7928577","40.3414750,115.7810708;40.3414750,115.7834282"
10,Datasets/UAV_VisLoc_dataset/10/drone/10_0078.JPG,40.3504581,115.7857856,"40.3486615,115.7810708;40.3486615,115.7881430;40.3468649,115.7834282;40.3432716,115.7787134","40.3414750,115.7763560;40.3432716,115.7928577"
10,Datasets/UAV_VisLoc_dataset/10/drone/10_0079.JPG,40.3504581,115.7857856,"40.3450682,115.7881430;40.3468649,115.7881430;40.3450682,115.7857856;40.3414750,115.7787134","40.3414750,115.7787134;40.3414750,115.7905003"
10,Datasets/UAV_VisLoc_dataset/10/drone/10_0080.JPG,40.3486615,115.7857856,"40.3450682,115.7881430;40.3468649,115.7881430;40.3468649,115.7810708;40.3450682,115.7810708","40.3414750,115.7763560;40.3414750,115.7787134"
10,Datasets/UAV_VisLoc_dataset/10/drone/10_0081.JPG,40.3486615,115.7857856,"40.3522547,115.7881430;40.3540514,115.7881430;40.3540514,115.7905003;40.3522547,115.7905003","40.3414750,115.7763560;40.3414750,115.7787134"
10,Datasets/UAV_VisLoc_dataset/10/drone/10_0082.JPG,40.3486615,115.7857856,"40.3504581,115.7810708;40.3504581,115.7834282;40.3504581,115.7881430;40.3522547,115.7881430","40.3540514,115.7763560;40.3414750,115.7763560"
10,Datasets/UAV_VisLoc_dataset/10/drone/10_0083.JPG,40.3468649,115.7857856,"40.3504581,115.7810708;40.3450682,115.7928577;40.3504581,115.7834282;40.3504581,115.7881430","40.3540514,115.7763560;40.3414750,115.7763560"
10,Datasets/UAV_VisLoc_dataset/10/drone/10_0084.JPG,40.3468649,115.7857856,"40.3504581,115.7810708;40.3450682,115.7928577;40.3432716,115.7905003;40.3414750,115.7881430","40.3540514,115.7763560;40.3414750,115.7763560"
10,Datasets/UAV_VisLoc_dataset/10/drone/10_0085.JPG,40.3468649,115.7881430,"40.3450682,115.7928577;40.3504581,115.7810708;40.3414750,115.7905003;40.3432716,115.7905003","40.3414750,115.7763560;40.3522547,115.7763560"
10,Datasets/UAV_VisLoc_dataset/10/drone/10_0086.JPG,40.3468649,115.7881430,"40.3414750,115.7905003;40.3432716,115.7928577;40.3432716,115.7905003;40.3450682,115.7928577","40.3504581,115.7763560;40.3540514,115.7763560"
10,Datasets/UAV_VisLoc_dataset/10/drone/10_0087.JPG,40.3450682,115.7881430,"40.3414750,115.7905003;40.3432716,115.7905003;40.3432716,115.7928577;40.3450682,115.7928577","40.3522547,115.7787134;40.3522547,115.7763560"
10,Datasets/UAV_VisLoc_dataset/10/drone/10_0088.JPG,40.3450682,115.7881430,"40.3414750,115.7905003;40.3432716,115.7905003;40.3432716,115.7928577;40.3450682,115.7928577","40.3486615,115.7763560;40.3540514,115.7928577"
10,Datasets/UAV_VisLoc_dataset/10/drone/10_0089.JPG,40.3450682,115.7881430,"40.3414750,115.7905003;40.3432716,115.7928577;40.3450682,115.7928577;40.3414750,115.7881430","40.3522547,115.7787134;40.3540514,115.7905003"
10,Datasets/UAV_VisLoc_dataset/10/drone/10_0090.JPG,40.3450682,115.7881430,"40.3414750,115.7905003;40.3450682,115.7928577;40.3504581,115.7810708;40.3414750,115.7763560","40.3540514,115.7881430;40.3468649,115.7763560"
10,Datasets/UAV_VisLoc_dataset/10/drone/10_0091.JPG,40.3450682,115.7905003,"40.3504581,115.7810708;40.3414750,115.7763560;40.3414750,115.7905003;40.3504581,115.7834282","40.3540514,115.7763560;40.3522547,115.7834282"
10,Datasets/UAV_VisLoc_dataset/10/drone/10_0092.JPG,40.3450682,115.7905003,"40.3504581,115.7810708;40.3414750,115.7905003;40.3414750,115.7763560;40.3414750,115.7881430","40.3522547,115.7763560;40.3540514,115.7763560"
10,Datasets/UAV_VisLoc_dataset/10/drone/10_0093.JPG,40.3450682,115.7881430,"40.3414750,115.7905003;40.3432716,115.7928577;40.3450682,115.7928577;40.3414750,115.7928577","40.3540514,115.7763560;40.3468649,115.7763560"
10,Datasets/UAV_VisLoc_dataset/10/drone/10_0094.JPG,40.3468649,115.7881430,"40.3414750,115.7905003;40.3450682,115.7928577;40.3432716,115.7928577;40.3432716,115.7905003","40.3540514,115.7787134;40.3414750,115.7787134"
10,Datasets/UAV_VisLoc_dataset/10/drone/10_0095.JPG,40.3468649,115.7881430,"40.3504581,115.7810708;40.3450682,115.7928577;40.3504581,115.7834282;40.3504581,115.7881430","40.3522547,115.7763560;40.3522547,115.7787134"
10,Datasets/UAV_VisLoc_dataset/10/drone/10_0096.JPG,40.3468649,115.7881430,"40.3504581,115.7810708;40.3504581,115.7834282;40.3450682,115.7928577;40.3504581,115.7881430","40.3504581,115.7763560;40.3522547,115.7763560"
10,Datasets/UAV_VisLoc_dataset/10/drone/10_0097.JPG,40.3468649,115.7881430,"40.3450682,115.7928577;40.3504581,115.7810708;40.3504581,115.7881430;40.3504581,115.7834282","40.3540514,115.7763560;40.3414750,115.7763560"
10,Datasets/UAV_VisLoc_dataset/10/drone/10_0098.JPG,40.3486615,115.7881430,"40.3414750,115.7905003;40.3450682,115.7928577;40.3432716,115.7928577;40.3432716,115.7905003","40.3540514,115.7787134;40.3414750,115.7787134"
10,Datasets/UAV_VisLoc_dataset/10/drone/10_0099.JPG,40.3486615,115.7881430,"40.3414750,115.7905003;40.3432716,115.7928577;40.3414750,115.7928577;40.3432716,115.7905003","40.3414750,115.7787134;40.3540514,115.7763560"
10,Datasets/UAV_VisLoc_dataset/10/drone/10_0100.JPG,40.3486615,115.7881430,"40.3414750,115.7905003;40.3432716,115.7928577;40.3414750,115.7928577;40.3432716,115.7905003","40.3414750,115.7763560;40.3540514,115.7763560"
10,Datasets/UAV_VisLoc_dataset/10/drone/10_0101.JPG,40.3504581,115.7881430,"40.3414750,115.7905003;40.3432716,115.7928577;40.3414750,115.7928577;40.3432716,115.7905003","40.3432716,115.7763560;40.3450682,115.7763560"
10,Datasets/UAV_VisLoc_dataset/10/drone/10_0102.JPG,40.3504581,115.7881430,"40.3414750,115.7905003;40.3432716,115.7928577;40.3414750,115.7928577;40.3432716,115.7905003","40.3414750,115.7905003;40.3414750,115.7928577"
10,Datasets/UAV_VisLoc_dataset/10/drone/10_0103.JPG,40.3504581,115.7857856,"40.3414750,115.7905003;40.3432716,115.7928577;40.3414750,115.7928577;40.3450682,115.7928577","40.3414750,115.7763560;40.3414750,115.7905003"
10,Datasets/UAV_VisLoc_dataset/10/drone/10_0104.JPG,40.3504581,115.7857856,"40.3432716,115.7928577;40.3414750,115.7905003;40.3450682,115.7928577;40.3414750,115.7928577","40.3414750,115.7857856;40.3414750,115.7928577"
10,Datasets/UAV_VisLoc_dataset/10/drone/10_0105.JPG,40.3522547,115.7857856,"40.3450682,115.7928577;40.3414750,115.7905003;40.3432716,115.7928577;40.3432716,115.7905003","40.3432716,115.7928577;40.3414750,115.7787134"
10,Datasets/UAV_VisLoc_dataset/10/drone/10_0106.JPG,40.3522547,115.7857856,"40.3414750,115.7763560;40.3414750,115.7905003;40.3432716,115.7905003;40.3450682,115.7928577","40.3414750,115.7763560;40.3432716,115.7905003"
10,Datasets/UAV_VisLoc_dataset/10/drone/10_0107.JPG,40.3522547,115.7857856,"40.3414750,115.7763560;40.3414750,115.7905003;40.3432716,115.7905003;40.3414750,115.7787134","40.3450682,115.7787134;40.3432716,115.7763560"
10,Datasets/UAV_VisLoc_dataset/10/drone/10_0108.JPG,40.3540514,115.7857856,"40.3414750,115.7763560;40.3414750,115.7905003;40.3432716,115.7905003;40.3432716,115.7928577","40.3432716,115.7834282;40.3432716,115.7928577"
10,Datasets/UAV_VisLoc_dataset/10/drone/10_0109.JPG,40.3540514,115.7881430,"40.3414750,115.7763560;40.3414750,115.7787134;40.3432716,115.7905003;40.3450682,115.7928577","40.3414750,115.7857856;40.3450682,115.7787134"
10,Datasets/UAV_VisLoc_dataset/10/drone/10_0110.JPG,40.3540514,115.7881430,"40.3414750,115.7763560;40.3414750,115.7787134;40.3432716,115.7905003;40.3450682,115.7928577","40.3414750,115.7810708;40.3414750,115.7834282"
10,Datasets/UAV_VisLoc_dataset/10/drone/10_0111.JPG,40.3522547,115.7881430,"40.3414750,115.7763560;40.3432716,115.7905003;40.3414750,115.7787134;40.3414750,115.7881430","40.3450682,115.7787134;40.3414750,115.7810708"
10,Datasets/UAV_VisLoc_dataset/10/drone/10_0112.JPG,40.3522547,115.7881430,"40.3414750,115.7905003;40.3432716,115.7905003;40.3432716,115.7928577;40.3450682,115.7928577","40.3432716,115.7928577;40.3504581,115.7763560"
10,Datasets/UAV_VisLoc_dataset/10/drone/10_0113.JPG,40.3522547,115.7881430,"40.3414750,115.7905003;40.3432716,115.7928577;40.3432716,115.7905003;40.3450682,115.7928577","40.3414750,115.7857856;40.3414750,115.7905003"
10,Datasets/UAV_VisLoc_dataset/10/drone/10_0114.JPG,40.3504581,115.7881430,"40.3414750,115.7905003;40.3432716,115.7928577;40.3450682,115.7928577;40.3432716,115.7905003","40.3450682,115.7763560;40.3414750,115.7834282"
10,Datasets/UAV_VisLoc_dataset/10/drone/10_0115.JPG,40.3504581,115.7881430,"40.3414750,115.7905003;40.3432716,115.7928577;40.3450682,115.7928577;40.3414750,115.7928577","40.3522547,115.7763560;40.3414750,115.7857856"
10,Datasets/UAV_VisLoc_dataset/10/drone/10_0116.JPG,40.3504581,115.7881430,"40.3414750,115.7905003;40.3432716,115.7928577;40.3450682,115.7928577;40.3414750,115.7928577","40.3504581,115.7763560;40.3414750,115.7810708"
10,Datasets/UAV_VisLoc_dataset/10/drone/10_0117.JPG,40.3504581,115.7881430,"40.3414750,115.7905003;40.3432716,115.7928577;40.3414750,115.7928577;40.3432716,115.7905003","40.3432716,115.7787134;40.3414750,115.7834282"
10,Datasets/UAV_VisLoc_dataset/10/drone/10_0118.JPG,40.3486615,115.7881430,"40.3414750,115.7905003;40.3432716,115.7928577;40.3414750,115.7928577;40.3432716,115.7905003","40.3486615,115.7763560;40.3414750,115.7787134"
10,Datasets/UAV_VisLoc_dataset/10/drone/10_0119.JPG,40.3486615,115.7905003,"40.3504581,115.7810708;40.3450682,115.7928577;40.3504581,115.7834282;40.3504581,115.7857856","40.3414750,115.7763560;40.3540514,115.7763560"
10,Datasets/UAV_VisLoc_dataset/10/drone/10_0120.JPG,40.3486615,115.7905003,"40.3450682,115.7928577;40.3504581,115.7810708;40.3414750,115.7763560;40.3432716,115.7905003","40.3414750,115.7810708;40.3540514,115.7763560"
10,Datasets/UAV_VisLoc_dataset/10/drone/10_0121.JPG,40.3468649,115.7905003,"40.3450682,115.7928577;40.3432716,115.7905003;40.3414750,115.7905003;40.3504581,115.7810708","40.3522547,115.7763560;40.3414750,115.7787134"
10,Datasets/UAV_VisLoc_dataset/10/drone/10_0122.JPG,40.3468649,115.7905003,"40.3414750,115.7905003;40.3450682,115.7928577;40.3432716,115.7928577;40.3432716,115.7905003","40.3540514,115.7787134;40.3468649,115.7763560"
10,Datasets/UAV_VisLoc_dataset/10/drone/10_0123.JPG,40.3468649,115.7905003,"40.3414750,115.7905003;40.3432716,115.7928577;40.3414750,115.7928577;40.3432716,115.7905003","40.3414750,115.7810708;40.3540514,115.7834282"
10,Datasets/UAV_VisLoc_dataset/10/drone/10_0124.JPG,40.3468649,115.7905003,"40.3432716,115.7928577;40.3414750,115.7905003;40.3414750,115.7928577;40.3432716,115.7905003","40.3468649,115.7763560;40.3540514,115.7787134"
10,Datasets/UAV_VisLoc_dataset/10/drone/10_0125.JPG,40.3450682,115.7905003,"40.3432716,115.7928577;40.3414750,115.7905003;40.3414750,115.7928577;40.3414750,115.7763560","40.3486615,115.7763560;40.3504581,115.7763560"
10,Datasets/UAV_VisLoc_dataset/10/drone/10_0126.JPG,40.3450682,115.7905003,"40.3414750,115.7763560;40.3414750,115.7787134;40.3414750,115.7905003;40.3504581,115.7810708","40.3522547,115.7787134;40.3486615,115.7763560"
10,Datasets/UAV_VisLoc_dataset/10/drone/10_0127.JPG,40.3450682,115.7928577,"40.3504581,115.7834282;40.3504581,115.7881430;40.3504581,115.7857856;40.3522547,115.7881430","40.3450682,115.7810708;40.3468649,115.7763560"
10,Datasets/UAV_VisLoc_dataset/10/drone/10_0128.JPG,40.3468649,115.7928577,"40.3504581,115.7834282;40.3504581,115.7857856;40.3504581,115.7881430;40.3522547,115.7881430","40.3486615,115.7787134;40.3432716,115.7763560"
10,Datasets/UAV_VisLoc_dataset/10/drone/10_0129.JPG,40.3468649,115.7928577,"40.3432716,115.7928577;40.3504581,115.7810708;40.3414750,115.7905003;40.3504581,115.7881430","40.3450682,115.7787134;40.3504581,115.7763560"
10,Datasets/UAV_VisLoc_dataset/10/drone/10_0130.JPG,40.3468649,115.7928577,"40.3414750,115.7905003;40.3432716,115.7928577;40.3432716,115.7905003;40.3414750,115.7928577","40.3468649,115.7787134;40.3414750,115.7787134"
10,Datasets/UAV_VisLoc_dataset/10/drone/10_0131.JPG,40.3486615,115.7928577,"40.3414750,115.7905003;40.3432716,115.7928577;40.3450682,115.7928577;40.3432716,115.7905003","40.3468649,115.7763560;40.3468649,115.7787134"
10,Datasets/UAV_VisLoc_dataset/10/drone/10_0132.JPG,40.3486615,115.7928577,"40.3414750,115.7905003;40.3432716,115.7928577;40.3414750,115.7928577;40.3450682,115.7928577","40.3540514,115.7787134;40.3450682,115.7787134"
10,Datasets/UAV_VisLoc_dataset/10/drone/10_0133.JPG,40.3486615,115.7905003,"40.3414750,115.7905003;40.3432716,115.7928577;40.3450682,115.7928577;40.3414750,115.7928577","40.3414750,115.7763560;40.3414750,115.7787134"
10,Datasets/UAV_VisLoc_dataset/10/drone/10_0134.JPG,40.3486615,115.7905003,"40.3414750,115.7905003;40.3432716,115.7928577;40.3450682,115.7928577;40.3432716,115.7905003","40.3414750,115.7787134;40.3414750,115.7834282"
10,Datasets/UAV_VisLoc_dataset/10/drone/10_0135.JPG,40.3504581,115.7905003,"40.3414750,115.7905003;40.3432716,115.7928577;40.3450682,115.7928577;40.3432716,115.7905003","40.3522547,115.7763560;40.3540514,115.7763560"
10,Datasets/UAV_VisLoc_dataset/10/drone/10_0136.JPG,40.3504581,115.7905003,"40.3414750,115.7905003;40.3432716,115.7928577;40.3450682,115.7928577;40.3414750,115.7928577","40.3414750,115.7857856;40.3522547,115.7787134"
10,Datasets/UAV_VisLoc_dataset/10/drone/10_0137.JPG,40.3504581,115.7905003,"40.3414750,115.7905003;40.3432716,115.7928577;40.3414750,115.7928577;40.3450682,115.7928577","40.3414750,115.7905003;40.3432716,115.7763560"
10,Datasets/UAV_VisLoc_dataset/10/drone/10_0138.JPG,40.3504581,115.7905003,"40.3432716,115.7928577;40.3414750,115.7905003;40.3414750,115.7928577;40.3450682,115.7928577","40.3450682,115.7810708;40.3450682,115.7787134"
10,Datasets/UAV_VisLoc_dataset/10/drone/10_0139.JPG,40.3522547,115.7905003,"40.3414750,115.7763560;40.3432716,115.7928577;40.3414750,115.7905003;40.3450682,115.7928577","40.3414750,115.7857856;40.3468649,115.7763560"
10,Datasets/UAV_VisLoc_dataset/10/drone/10_0140.JPG,40.3522547,115.7905003,"40.3414750,115.7763560;40.3414750,115.7787134;40.3450682,115.7928577;40.3432716,115.7928577","40.3450682,115.7810708;40.3414750,115.7810708"
10,Datasets/UAV_VisLoc_dataset/10/drone/10_0141.JPG,40.3522547,115.7881430,"40.3414750,115.7763560;40.3414750,115.7787134;40.3414750,115.7905003;40.3450682,115.7928577","40.3432716,115.7905003;40.3432716,115.7928577"
10,Datasets/UAV_VisLoc_dataset/10/drone/10_0142.JPG,40.3540514,115.7881430,"40.3414750,115.7763560;40.3414750,115.7787134;40.3450682,115.7928577;40.3414750,115.7905003","40.3540514,115.7763560;40.3414750,115.7834282"
10,Datasets/UAV_VisLoc_dataset/10/drone/10_0143.JPG,40.3540514,115.7881430,"40.3414750,115.7763560;40.3414750,115.7787134;40.3432716,115.7905003;40.3450682,115.7928577","40.3414750,115.7834282;40.3432716,115.7763560"
10,Datasets/UAV_VisLoc_dataset/10/drone/10_0144.JPG,40.3540514,115.7881430,"40.3414750,115.7763560;40.3414750,115.7905003;40.3432716,115.7905003;40.3414750,115.7787134","40.3522547,115.7763560;40.3414750,115.7928577"
