Frame,Time_Sec,Raw_Lat,Raw_Lng,Predicted_Lat,Predicted_Lng,Filtered_Lat,Filtered_Lng,Match_Confidence,Innovation_M,Outlier_Rejected,Best_Match_Idx,Algorithm,Inliers,Measurement_Valid,Correct_Candidate_Rank,Top1_Min_Dist_M,Top5_Min_Dist_M,Top10_Min_Dist_M
1,4.00,32.15627621,119.92861426,32.15560000,119.92900000,32.15627621,119.92861426,1.0000,83.59,0,57,split_finetuned_disk,33,1,1,33.46,33.46,33.46
2,8.00,32.16947488,119.92534414,32.15679638,119.92831754,32.16947488,119.92534414,1.0000,1438.89,0,216,split_finetuned_disk,33,1,6,1330.10,84.31,84.31
3,13.00,32.15893119,119.92787314,32.18597320,119.92125648,32.18597320,119.92125648,0.6500,3074.16,1,79,split_finetuned_disk,15,1,1,81.17,81.17,81.17
4,17.00,32.15893119,119.92787314,32.19917187,119.91798636,32.19917187,119.91798636,0.6500,4575.37,1,79,split_finetuned_disk,15,1,3,162.41,92.52,92.52
5,22.00,32.15534867,119.91568461,32.21567019,119.91389870,32.21567019,119.91389870,0.6967,6717.10,1,28,split_finetuned_disk,17,1,10,1258.47,92.76,92.76
6,26.00,32.16025572,119.92017901,32.22886886,119.91062858,32.22886886,119.91062858,0.6500,7690.81,1,98,split_finetuned_disk,15,1,9,889.90,81.01,81.01
7,31.00,32.15300485,119.94157626,32.24536718,119.90654092,32.24536718,119.90654092,0.5567,10798.43,1,16,split_finetuned_disk,11,1,7,1628.46,81.04,81.04
8,36.00,32.16164462,119.92028614,32.26186551,119.90245327,32.26186551,119.90245327,0.6733,11282.34,1,122,split_finetuned_disk,16,1,5,606.77,29.32,29.32
9,41.00,32.16164462,119.92028614,32.27836384,119.89836561,32.27836384,119.89836561,0.6733,13156.23,1,122,split_finetuned_disk,16,1,2,648.34,92.23,92.23
10,46.00,32.16164462,119.92028614,32.29486217,119.89427796,32.29486217,119.89427796,0.6733,15030.77,1,122,split_finetuned_disk,16,1,2,705.20,20.18,20.18
11,51.00,32.16463702,119.92727718,32.31136049,119.89019030,32.31136049,119.89019030,0.5567,16702.67,1,171,split_finetuned_disk,11,1,1,114.43,89.64,89.64
12,56.00,32.17049898,119.93340598,32.32785882,119.88610264,32.17049898,119.93340598,0.5567,18075.11,1,243,split_finetuned_disk,11,1,5,807.26,88.96,88.96
13,60.00,32.16164462,119.92028614,32.17049898,119.93340598,32.17049898,119.93340598,0.6733,1580.77,1,122,split_finetuned_disk,16,1,-1,881.20,472.54,472.54
14,65.00,32.16947488,119.92534414,32.17049898,119.93340598,32.16947568,119.92535051,1.0000,767.90,0,216,split_finetuned_disk,33,1,1,97.52,97.52,97.52
15,70.00,32.16947488,119.92534414,32.16936208,119.92445620,32.16946038,119.92523006,1.0000,84.58,0,216,split_finetuned_disk,33,1,5,169.96,100.84,100.84
16,74.00,32.22759983,119.93722834,32.16943464,119.92502738,32.16943464,119.92502738,0.6967,6576.15,1,957,split_finetuned_disk,17,1,3,6209.57,103.52,103.52
17,79.00,32.18255551,119.91397981,32.16940245,119.92477403,32.16940245,119.92477403,0.6033,1782.61,1,372,split_finetuned_disk,13,1,4,1430.06,31.73,31.73
18,84.00,32.21743648,119.92876642,32.16937027,119.92452068,32.16937027,119.92452068,0.6967,5365.66,1,839,split_finetuned_disk,17,1,4,4936.18,81.20,81.20
19,89.00,32.16288923,119.93181530,32.16933809,119.92426733,32.16933809,119.92426733,0.5567,1010.38,1,127,split_finetuned_disk,11,1,3,1519.27,11.64,11.64
20,94.00,32.17665064,119.92366470,32.16930590,119.92401398,32.16930590,119.92401398,0.6733,818.28,1,307,split_finetuned_disk,16,1,3,214.46,96.98,96.98
21,99.00,32.17665064,119.92366470,32.16927372,119.92376062,32.16927372,119.92376062,0.6733,821.25,1,307,split_finetuned_disk,16,1,8,191.51,9.25,9.25
22,104.00,32.17665064,119.92366470,32.16924154,119.92350727,32.16924154,119.92350727,0.6733,824.91,1,307,split_finetuned_disk,16,1,-1,150.55,150.55,150.55
23,108.00,32.18255551,119.91397981,32.16921579,119.92330459,32.16921579,119.92330459,0.6033,1725.30,1,372,split_finetuned_disk,13,1,5,972.02,106.02,106.02
24,113.00,32.18255551,119.91397981,32.16918361,119.92305124,32.16918361,119.92305124,0.6033,1716.38,1,372,split_finetuned_disk,13,1,3,934.87,120.22,120.22
25,117.00,32.17985762,119.92478622,32.16915786,119.92284856,32.17985762,119.92478622,0.5333,1205.00,1,354,split_finetuned_disk,10,1,1,113.75,108.86,108.86
26,122.00,32.17595322,119.93705082,32.17985762,119.92478622,32.17985762,119.92478622,0.6967,1234.33,1,313,split_finetuned_disk,17,1,6,1321.52,39.94,39.94
27,127.00,32.18520457,119.90660269,32.17985762,119.92478622,32.17985762,119.92478622,0.6967,1813.29,1,414,split_finetuned_disk,17,1,9,1636.39,71.57,71.57
28,131.00,32.17994346,119.91996914,32.17985762,119.92478622,32.17985762,119.92478622,0.6267,453.85,1,352,split_finetuned_disk,14,1,7,423.55,28.48,28.48
29,136.00,32.19667580,119.93102346,32.17985762,119.92478622,32.19666205,119.93101836,0.7900,1962.22,0,586,split_finetuned_disk,21,1,8,1630.20,83.07,83.07
30,141.00,32.19609160,119.92280246,32.19839111,119.93165960,32.19641926,119.92406454,0.7667,872.69,0,560,split_finetuned_disk,20,1,3,1205.67,6.45,6.45
31,145.00,32.18607846,119.92272638,32.19651769,119.91962872,32.18845096,119.92202238,0.7200,1198.17,0,445,split_finetuned_disk,18,1,1,131.16,131.16,131.16
32,150.00,32.18607846,119.92272638,32.18258606,119.91825441,32.18536091,119.92180756,0.7200,573.23,0,445,split_finetuned_disk,18,1,1,92.68,92.68,92.68
33,155.00,32.19609160,119.92280246,32.18127536,119.92031803,32.19295437,119.92227640,0.7667,1665.86,0,560,split_finetuned_disk,20,1,9,876.46,115.95,115.95
34,159.00,32.19358684,119.91729497,32.19546128,119.92205320,32.19410152,119.91860148,0.7433,494.40,0,534,split_finetuned_disk,19,1,2,765.24,112.55,112.55
35,164.00,32.18859396,119.92064118,32.19630009,119.91594884,32.19630009,119.91594884,0.6267,965.02,1,467,split_finetuned_disk,14,1,6,177.20,124.42,124.42
36,168.00,32.19358684,119.91729497,32.19805895,119.91382672,32.19402540,119.91695485,0.7433,595.46,0,534,split_finetuned_disk,19,1,6,541.93,53.19,53.19
37,173.00,32.18535478,119.91626789,32.19419371,119.91587673,32.19419371,119.91587673,0.6500,984.64,1,419,split_finetuned_disk,15,1,9,867.92,40.33,40.33
38,178.00,32.19358684,119.91729497,32.19436202,119.91479861,32.19365044,119.91709015,0.7433,250.48,0,534,split_finetuned_disk,19,1,4,433.48,75.21,75.21
39,182.00,32.19358684,119.91729497,32.19352183,119.91707544,32.19356953,119.91723652,0.7433,21.91,0,534,split_finetuned_disk,19,1,7,414.96,20.94,20.94
40,186.00,32.18520457,119.90660269,32.19346612,119.91730693,32.19346612,119.91730693,0.6967,1364.72,1,414,split_finetuned_disk,17,1,5,1789.81,104.64,104.64
41,191.00,32.19733029,119.91976057,32.19333686,119.91739495,32.19333686,119.91739495,0.6733,497.27,1,581,split_finetuned_disk,16,1,2,236.42,79.58,79.58
42,196.00,32.19733029,119.91976057,32.19320760,119.91748296,32.19320760,119.91748296,0.6733,506.61,1,581,split_finetuned_disk,16,1,3,151.66,121.66,121.66
43,200.00,32.19733029,119.91976057,32.19310419,119.91755337,32.19310419,119.91755337,0.6733,514.34,1,581,split_finetuned_disk,16,1,1,122.02,81.80,81.80
44,205.00,32.20043590,119.92272069,32.19297494,119.91764138,32.20033896,119.92265470,0.7667,958.51,0,605,split_finetuned_disk,20,1,1,105.57,105.57,105.57
45,209.00,32.20003891,119.93687330,32.20176664,119.92376745,32.20047022,119.93360157,0.7900,1249.41,0,612,split_finetuned_disk,21,1,6,1574.26,49.44,49.44
46,214.00,32.20973498,119.94513103,32.20131837,119.94209610,32.20131837,119.94209610,0.6500,979.58,1,755,split_finetuned_disk,15,1,9,2778.45,53.69,53.69
47,218.00,32.17230633,119.94354735,32.20199688,119.94889173,32.20199688,119.94889173,0.6500,3343.27,1,270,split_finetuned_disk,15,1,8,3921.99,69.66,69.66
48,223.00,32.20858212,119.91860669,32.20284502,119.95738627,32.20284502,119.95738627,0.6733,3708.28,1,719,split_finetuned_disk,16,1,5,635.85,44.02,44.02
49,228.00,32.20525711,119.91907585,32.20369317,119.96588081,32.20369317,119.96588081,0.5100,4412.26,1,673,split_finetuned_disk,9,1,1,126.74,80.44,80.44
50,232.00,32.21971592,119.92590206,32.20437168,119.97267643,32.20437168,119.97267643,0.6033,4725.46,1,860,split_finetuned_disk,13,1,3,1745.50,69.07,69.07
51,237.00,32.19952390,119.91447433,32.20521983,119.98117097,32.20521983,119.98117097,0.5567,6314.45,1,602,split_finetuned_disk,11,1,2,773.57,119.76,119.76
52,241.00,32.25264524,119.91785858,32.20589834,119.98796660,32.20589834,119.98796660,0.6500,8407.81,1,1271,split_finetuned_disk,15,1,3,4990.49,68.63,68.63
53,245.00,32.19032620,119.94812919,32.20657686,119.99476223,32.19038097,119.94828634,0.9533,4750.55,0,503,split_finetuned_disk,28,1,2,3451.99,103.94,103.94
54,250.00,32.20858212,119.91860669,32.18835179,119.94852409,32.18835179,119.94852409,0.6733,3607.40,1,719,split_finetuned_disk,16,1,1,71.22,71.22,71.22
55,255.00,32.20800273,119.91671169,32.18632261,119.94876185,32.18632261,119.94876185,0.6267,3865.09,1,718,split_finetuned_disk,14,1,1,138.11,138.11,138.11
56,259.00,32.20858212,119.91860669,32.18469927,119.94895205,32.18469927,119.94895205,0.6733,3903.69,1,719,split_finetuned_disk,16,1,-1,293.04,160.42,160.42
57,264.00,32.21202515,119.91565357,32.18267010,119.94918980,32.18267010,119.94918980,0.6733,4545.06,1,763,split_finetuned_disk,16,1,8,242.04,58.50,58.50
58,268.00,32.23538124,119.93577014,32.18104676,119.94938000,32.18104676,119.94938000,0.5567,6182.88,1,1072,split_finetuned_disk,11,1,7,3085.82,76.77,76.77
59,273.00,32.21673426,119.90617157,32.17901758,119.94961775,32.17901758,119.94961775,0.6733,5863.15,1,805,split_finetuned_disk,16,1,-1,1061.37,938.14,938.14
60,277.00,32.21673426,119.90617157,32.17739424,119.94980795,32.17739424,119.94980795,0.6733,6006.13,1,805,split_finetuned_disk,16,1,-1,950.17,950.17,950.17
61,281.00,32.25067103,119.92932434,32.17577090,119.94999815,32.17577090,119.94999815,0.5333,8562.28,1,1276,split_finetuned_disk,10,1,6,4202.58,57.24,57.24
62,286.00,32.21768326,119.91532389,32.17374172,119.95023591,32.21756744,119.91541591,0.7200,5894.24,0,832,split_finetuned_disk,18,1,7,174.56,113.96,113.96
63,290.00,32.21971592,119.92590206,32.22136709,119.91129749,32.22136709,119.91129749,0.6033,1387.91,1,860,split_finetuned_disk,13,1,-1,876.63,682.62,682.62
64,295.00,32.21202515,119.91565357,32.22611665,119.90614945,32.22611665,119.90614945,0.6733,1806.15,1,763,split_finetuned_disk,16,1,6,725.24,91.08,91.08
65,299.00,32.20043590,119.92272069,32.22991631,119.90203103,32.20139449,119.92204795,0.7667,3816.81,0,605,split_finetuned_disk,20,1,-1,2301.67,154.47,154.47
66,304.00,32.20043590,119.92272069,32.19461668,119.92498995,32.19922855,119.92319151,0.7667,682.15,0,605,split_finetuned_disk,20,1,-1,2409.91,159.82,159.82
67,308.00,32.20800273,119.91671169,32.19614179,119.92463437,32.19614179,119.92463437,0.6267,1516.67,1,718,split_finetuned_disk,14,1,-1,1465.26,150.85,150.85
68,313.00,32.20800273,119.91671169,32.19228335,119.92643794,32.19228335,119.92643794,0.6267,1975.21,1,718,split_finetuned_disk,14,1,9,1564.95,65.12,65.12
69,318.00,32.21232558,119.95172331,32.18842490,119.92824151,32.21137043,119.95078490,0.7667,3459.96,0,780,split_finetuned_disk,20,1,3,3671.00,82.22,82.22
70,322.00,32.21232558,119.95172331,32.21520962,119.95903233,32.21308938,119.95365900,0.7667,759.65,0,780,split_finetuned_disk,20,1,3,3710.95,48.81,48.81
71,327.00,32.19032620,119.94812919,32.21647269,119.96038055,32.19498209,119.95031078,0.9533,3131.06,0,503,split_finetuned_disk,28,1,4,5066.85,117.19,117.19
72,332.00,32.22617281,119.91442361,32.18405771,119.95032823,32.18405771,119.95032823,0.6500,5780.83,1,947,split_finetuned_disk,15,1,1,44.78,44.78,44.78
73,336.00,32.22617281,119.91442361,32.17531822,119.95034220,32.17531822,119.95034220,0.6500,6595.12,1,947,split_finetuned_disk,15,1,1,122.72,122.72,122.72
74,341.00,32.22697752,119.92986958,32.16439385,119.95035965,32.16439385,119.95035965,0.5333,7229.22,1,954,split_finetuned_disk,10,1,-1,1553.75,641.10,641.10
75,345.00,32.22791579,119.91256665,32.15565435,119.95037361,32.22620399,119.91346226,0.8367,8797.20,0,969,split_finetuned_disk,23,1,1,139.87,96.13,96.13
76,350.00,32.22588312,119.90986013,32.23810555,119.90153726,32.22848110,119.90809103,0.7667,1570.30,0,945,split_finetuned_disk,20,1,6,509.18,71.52,71.52
77,355.00,32.16947488,119.92534414,32.23397701,119.90052797,32.18044798,119.92112241,1.0000,7551.30,0,216,split_finetuned_disk,33,1,-1,7041.16,1966.05,1966.05
78,359.00,32.17378107,119.91493081,32.15711729,119.92573964,32.15711729,119.92573964,0.6967,2116.05,1,280,split_finetuned_disk,17,1,-1,6461.26,1861.58,1861.58
79,364.00,32.25326163,119.94617079,32.12795393,119.93151117,32.12795393,119.93151117,0.6267,14017.43,1,1307,split_finetuned_disk,14,1,-1,3926.93,231.29,231.29
80,368.00,32.19339962,119.90709720,32.10462324,119.93612840,32.10462324,119.93612840,0.6033,10253.96,1,506,split_finetuned_disk,13,1,3,4716.60,88.80,88.80
81,372.00,32.18255551,119.91397981,32.08129255,119.94074563,32.08129255,119.94074563,0.6033,11551.10,1,372,split_finetuned_disk,13,1,-1,5987.13,185.57,185.57
82,377.00,32.25135772,119.90983477,32.05212919,119.94651717,32.05212919,119.94651717,0.6733,22445.67,1,1267,split_finetuned_disk,16,1,3,1714.23,99.57,99.57
83,381.00,32.23856196,119.91449401,32.02879849,119.95113440,32.02879849,119.95113440,0.5567,23604.55,1,1084,split_finetuned_disk,11,1,1,33.48,33.48,33.48
84,386.00,32.23850239,119.90996157,31.99963513,119.95690593,31.99963513,119.95690593,0.6033,26955.87,1,1106,split_finetuned_disk,13,1,1,110.69,110.69,110.69
85,390.00,32.20776187,119.92720809,31.97630444,119.96152316,31.97630444,119.96152316,0.6967,25967.80,1,699,split_finetuned_disk,17,1,3,3863.04,77.89,77.89
86,395.00,32.24221366,119.91002497,31.94714108,119.96729470,31.94714108,119.96729470,0.6733,33287.51,1,1152,split_finetuned_disk,16,1,5,270.76,94.80,94.80
87,399.00,32.24221366,119.91002497,31.92381039,119.97191193,32.24221366,119.91002497,0.6733,35920.83,1,1152,split_finetuned_disk,16,1,5,176.32,82.71,82.71
88,403.00,32.24221366,119.91002497,32.24221366,119.91002497,32.24221366,119.91002497,0.6733,0.00,0,1152,split_finetuned_disk,16,1,1,53.77,53.77,53.77
89,448.00,32.24787176,119.92455798,32.24221366,119.91002497,32.24221366,119.91002497,0.6733,1506.90,1,1228,split_finetuned_disk,16,1,6,1284.31,61.45,61.45
90,454.00,32.24253554,119.91019549,32.24221366,119.91002497,32.24253449,119.91019494,0.5333,39.27,0,1153,split_finetuned_disk,10,1,5,181.46,103.92,103.92
91,461.00,32.24716954,119.91797969,32.24257946,119.91021876,32.24257946,119.91021876,0.6267,891.92,1,1201,split_finetuned_disk,14,1,4,652.74,44.98,44.98
92,468.00,32.24521198,119.91816989,32.24262444,119.91024259,32.24262444,119.91024259,0.6733,800.35,1,1178,split_finetuned_disk,16,1,8,571.49,94.73,94.73
93,476.00,32.23973628,119.91245253,32.24267584,119.91026982,32.24267584,119.91026982,0.5100,386.46,1,1107,split_finetuned_disk,9,1,6,157.79,52.61,52.61
94,482.00,32.23856196,119.91449401,32.24271439,119.91029024,32.24271439,119.91029024,0.5567,608.66,1,1084,split_finetuned_disk,11,1,6,166.83,75.53,75.53
95,489.00,32.23709203,119.91879121,32.24275937,119.91031407,32.24275937,119.91031407,0.5333,1017.66,1,1086,split_finetuned_disk,10,1,6,158.71,70.67,70.67
96,496.00,32.23709203,119.91879121,32.24280434,119.91033790,32.24280434,119.91033790,0.5333,1019.02,1,1086,split_finetuned_disk,10,1,5,220.92,62.57,62.57
97,502.00,32.22759983,119.93722834,32.24284289,119.91035832,32.24284289,119.91035832,0.6967,3047.21,1,957,split_finetuned_disk,17,1,6,2164.34,146.68,146.68
98,509.00,32.22759983,119.93722834,32.24288787,119.91038215,32.24288787,119.91038215,0.6967,3048.14,1,957,split_finetuned_disk,17,1,4,2118.47,56.28,56.28
99,516.00,32.23709203,119.91879121,32.24293284,119.91040597,32.24293284,119.91040597,0.5333,1023.05,1,1086,split_finetuned_disk,10,1,6,507.40,98.00,98.00
100,522.00,32.23850239,119.90996157,32.24297139,119.91042640,32.23850239,119.90996157,0.6033,499.41,1,1106,split_finetuned_disk,13,1,4,963.88,56.44,56.44
101,528.00,32.22714919,119.95266731,32.23850239,119.90996157,32.23850239,119.90996157,0.6267,4216.56,1,965,split_finetuned_disk,14,1,3,3491.24,108.53,108.53
102,534.00,32.22922478,119.91979861,32.23850239,119.90996157,32.22923062,119.91979241,0.8600,1387.53,0,972,split_finetuned_disk,24,1,-1,314.03,314.03,314.03
103,540.00,32.22922478,119.91979861,32.22827151,119.92080936,32.22912049,119.91990919,0.8600,142.57,0,972,split_finetuned_disk,24,1,-1,268.87,268.87,268.87
104,546.00,32.22922478,119.91979861,32.22889034,119.92015322,32.22917514,119.91985124,0.8600,50.02,0,972,split_finetuned_disk,24,1,6,164.85,48.37,48.37
105,553.00,32.22588312,119.90986013,32.22914025,119.91988823,32.22640460,119.91146565,0.7667,1011.80,0,945,split_finetuned_disk,20,1,6,640.60,69.82,69.82
106,560.00,32.24431071,119.93611250,32.22438641,119.90539644,32.22438641,119.90539644,0.6033,3645.64,1,1187,split_finetuned_disk,13,1,7,2705.27,64.90,64.90
107,567.00,32.25264524,119.91785858,32.22236823,119.89932722,32.22236823,119.89932722,0.6500,3795.64,1,1271,split_finetuned_disk,15,1,7,2968.43,52.28,52.28
108,574.00,32.24496520,119.93184066,32.22035004,119.89325800,32.22035004,119.89325800,0.6033,4551.56,1,1185,split_finetuned_disk,13,1,3,2651.86,84.32,84.32
109,580.00,32.21232558,119.95172331,32.21862017,119.88805582,32.21240705,119.95089929,0.7667,6038.00,0,780,split_finetuned_disk,20,1,3,3299.13,69.20,69.20
110,587.00,32.19742686,119.92138929,32.20843902,119.96455199,32.20843902,119.96455199,0.5800,4246.53,1,582,split_finetuned_disk,12,1,10,2726.37,110.22,110.22
111,594.00,32.20003891,119.93687330,32.20447099,119.97820470,32.20023828,119.93873245,0.7900,3924.37,0,612,split_finetuned_disk,21,1,4,2924.17,67.92,67.92
112,599.00,32.20003891,119.93687330,32.19586084,119.93409390,32.19907908,119.93623478,0.7900,533.73,0,612,split_finetuned_disk,21,1,3,2833.45,113.16,113.16
113,605.00,32.19528689,119.94535359,32.19613576,119.93220495,32.19613576,119.93220495,0.6267,1242.14,1,570,split_finetuned_disk,14,1,7,3569.71,71.01,71.01
114,611.00,32.20003891,119.93687330,32.19319244,119.92817512,32.19961900,119.93633981,0.7900,1119.01,0,612,split_finetuned_disk,21,1,-1,2598.60,1781.60,1781.60
115,617.00,32.19032620,119.94812919,32.19981277,119.93629554,32.19187261,119.94620019,0.9533,1535.49,0,503,split_finetuned_disk,28,1,6,4053.98,50.77,50.77
116,623.00,32.21598320,119.91878421,32.18676421,119.95276990,32.18676421,119.95276990,0.6267,4563.78,1,811,split_finetuned_disk,14,1,1,62.21,62.21,62.21
117,629.00,32.21598320,119.91878421,32.18165582,119.95933961,32.18165582,119.95933961,0.6267,5403.33,1,811,split_finetuned_disk,14,1,1,60.91,60.91,60.91
118,634.00,32.21598320,119.91878421,32.17739883,119.96481437,32.17739883,119.96481437,0.6267,6103.14,1,811,split_finetuned_disk,14,1,4,168.32,42.78,42.78
119,640.00,32.20800273,119.91671169,32.17229044,119.97138407,32.17229044,119.97138407,0.6267,6505.84,1,718,split_finetuned_disk,14,1,7,612.90,145.97,145.97
120,646.00,32.21186421,119.91765570,32.16718205,119.97795378,32.16718205,119.97795378,0.5100,7549.91,1,765,split_finetuned_disk,9,1,1,121.00,80.28,80.28
121,652.00,32.21186421,119.91765570,32.16207366,119.98452349,32.16207366,119.98452349,0.5100,8390.14,1,765,split_finetuned_disk,9,1,5,156.72,127.59,127.59
122,658.00,32.20858212,119.91860669,32.15696526,119.99109320,32.15696526,119.99109320,0.6733,8923.94,1,719,split_finetuned_disk,16,1,7,223.69,80.34,80.34
123,664.00,32.20800273,119.91671169,32.15185687,119.99766291,32.15185687,119.99766291,0.6267,9859.46,1,718,split_finetuned_disk,14,1,5,332.43,118.80,118.80
124,670.00,32.20800273,119.91671169,32.14674848,120.00423262,32.14674848,120.00423262,0.6267,10698.66,1,718,split_finetuned_disk,14,1,8,415.33,27.33,27.33
125,676.00,32.24181186,119.90914437,32.14164009,120.01080232,32.24181186,119.90914437,0.6733,14698.37,1,1128,split_finetuned_disk,16,1,10,3926.95,67.26,67.26
126,681.00,32.24496520,119.93184066,32.24181186,119.90914437,32.24181186,119.90914437,0.6033,2166.52,1,1185,split_finetuned_disk,13,1,-1,4358.52,155.01,155.01
127,688.00,32.24496520,119.93184066,32.24181186,119.90914437,32.24181186,119.90914437,0.6033,2166.52,1,1185,split_finetuned_disk,13,1,3,4467.03,45.44,45.44
128,693.00,32.20800273,119.91671169,32.24181186,119.90914437,32.24181186,119.90914437,0.6267,3830.54,1,718,split_finetuned_disk,14,1,2,691.59,113.89,113.89
129,700.00,32.19032620,119.94812919,32.24181186,119.90914437,32.19035065,119.94811068,0.9533,6806.89,0,503,split_finetuned_disk,28,1,3,2873.12,96.40,96.40
130,706.00,32.22061128,119.92605422,32.18515034,119.95204835,32.18515034,119.95204835,0.6267,4645.23,1,883,split_finetuned_disk,14,1,3,2100.11,121.14,121.14
131,713.00,32.20043590,119.92272069,32.17908331,119.95664229,32.19982568,119.92369011,0.7667,3982.42,0,605,split_finetuned_disk,20,1,6,235.53,91.54,91.54
132,719.00,32.24496520,119.93184066,32.20440462,119.91209207,32.20440462,119.91209207,0.6033,4883.39,1,1185,split_finetuned_disk,13,1,4,4982.80,133.47,133.47
133,726.00,32.19726592,119.92365202,32.20974671,119.89856102,32.20974671,119.89856102,0.6267,2741.58,1,583,split_finetuned_disk,14,1,4,186.23,14.13,14.13
134,733.00,32.24181186,119.90914437,32.21508881,119.88502997,32.21508881,119.88502997,0.6733,3742.87,1,1128,split_finetuned_disk,16,1,2,4929.03,74.95,74.95
135,739.00,32.19032620,119.94812919,32.21966774,119.87343192,32.19064675,119.94731315,0.9533,7757.33,0,503,split_finetuned_disk,28,1,3,2515.60,36.56,36.56
136,746.00,32.19032620,119.94812919,32.18664476,119.95757013,32.18983668,119.94938456,0.9533,979.18,0,503,split_finetuned_disk,28,1,3,2487.03,63.45,63.45
137,753.00,32.19667580,119.93102346,32.18836076,119.95316352,32.19533820,119.93458502,0.7900,2281.69,0,586,split_finetuned_disk,21,1,2,646.36,48.04,48.04
138,759.00,32.25135772,119.90983477,32.19849814,119.92604184,32.19849814,119.92604184,0.6733,6079.14,1,1267,split_finetuned_disk,16,1,-1,6490.23,189.52,189.52
139,765.00,32.25342257,119.94419971,32.20165809,119.91749866,32.20165809,119.91749866,0.5567,6287.40,1,1306,split_finetuned_disk,11,1,3,6936.64,120.18,120.18
140,772.00,32.25135772,119.90983477,32.20534469,119.90753162,32.20534469,119.90753162,0.6733,5126.76,1,1267,split_finetuned_disk,16,1,7,6708.53,98.95,98.95
141,779.00,32.19667580,119.93102346,32.20903129,119.89756458,32.19683501,119.93059230,0.7900,3438.73,0,586,split_finetuned_disk,21,1,2,856.32,134.73,134.73
142,786.00,32.19667580,119.93102346,32.19657739,119.93130629,32.19666077,119.93106665,0.7900,28.81,0,586,split_finetuned_disk,21,1,10,948.69,102.82,102.82
143,793.00,32.19667580,119.93102346,32.19646622,119.93159935,32.19664376,119.93111149,0.7900,59.05,0,586,split_finetuned_disk,21,1,2,992.69,95.65,95.65
144,800.00,32.19678309,119.93071214,32.19657765,119.93129126,32.19674767,119.93081200,0.7200,59.15,0,587,split_finetuned_disk,18,1,2,1184.34,18.17,18.17
145,807.00,32.17994346,119.91996914,32.19680247,119.93065094,32.19680247,119.93065094,0.6267,2129.45,1,352,split_finetuned_disk,14,1,3,956.42,73.13,73.13
146,813.00,32.18612138,119.92542022,32.19684944,119.93051288,32.19684944,119.93051288,0.5333,1286.99,1,446,split_finetuned_disk,10,1,1,39.62,39.62,39.62
147,820.00,32.18372983,119.92563578,32.19690424,119.93035181,32.19690424,119.93035181,0.6267,1532.38,1,400,split_finetuned_disk,14,1,3,264.26,99.19,99.19
148,826.00,32.18372983,119.92563578,32.19695121,119.93021375,32.19695121,119.93021375,0.6267,1533.68,1,400,split_finetuned_disk,14,1,2,163.00,105.36,105.36
149,833.00,32.18372983,119.92563578,32.19700601,119.93005269,32.19700601,119.93005269,0.6267,1535.35,1,400,split_finetuned_disk,14,1,1,93.91,93.91,93.91
150,840.00,32.18380494,119.92754346,32.19706082,119.92989162,32.18387030,119.92755504,0.7200,1492.13,0,401,split_finetuned_disk,18,1,1,135.56,112.45,112.45
151,846.00,32.18255551,119.91397981,32.18134826,119.92696190,32.18134826,119.92696190,0.6033,1230.22,1,372,split_finetuned_disk,13,1,3,1085.78,115.43,115.43
152,853.00,32.22878487,119.91057021,32.17840589,119.92626991,32.17840589,119.92626991,0.6267,5799.89,1,968,split_finetuned_disk,14,1,2,5526.12,97.58,97.58
153,860.00,32.18255551,119.91397981,32.17546351,119.92557792,32.17546351,119.92557792,0.6033,1347.89,1,372,split_finetuned_disk,13,1,4,1197.85,21.25,21.25
154,866.00,32.22878487,119.91057021,32.17294147,119.92498479,32.17294147,119.92498479,0.6267,6363.04,1,968,split_finetuned_disk,14,1,5,5739.82,84.32,84.32
155,873.00,32.17577082,119.92704894,32.16999910,119.92429280,32.16999910,119.92429280,0.5333,692.98,1,309,split_finetuned_disk,10,1,3,171.75,35.67,35.67
156,880.00,32.19339962,119.90709720,32.16705672,119.92360081,32.16705672,119.92360081,0.6033,3319.06,1,506,split_finetuned_disk,13,1,2,2628.97,73.20,73.20
157,886.00,32.17616781,119.93146026,32.16453468,119.92300767,32.16453468,119.92300767,0.6733,1520.18,1,311,split_finetuned_disk,16,1,-1,328.50,328.50,328.50
158,893.00,32.18255551,119.91397981,32.16159231,119.92231568,32.16159231,119.92231568,0.6033,2462.18,1,372,split_finetuned_disk,13,1,7,1479.57,88.11,88.11
159,899.00,32.19952390,119.91447433,32.15907027,119.92172255,32.15907027,119.92172255,0.5567,4554.76,1,602,split_finetuned_disk,11,1,6,3134.22,97.61,97.61
160,905.00,32.18255551,119.91397981,32.15654823,119.92112941,32.18255551,119.91397981,0.6033,2972.43,1,372,split_finetuned_disk,13,1,9,1604.26,128.42,128.42
161,911.00,32.19339962,119.90709720,32.18255551,119.91397981,32.18255551,119.91397981,0.6033,1370.24,1,506,split_finetuned_disk,13,1,9,3086.83,113.66,113.66
162,917.00,32.17665064,119.92366470,32.18255551,119.91397981,32.18255551,119.91397981,0.6733,1124.42,1,307,split_finetuned_disk,16,1,4,824.60,31.84,31.84
163,924.00,32.17077794,119.93146026,32.18255551,119.91397981,32.18255551,119.91397981,0.6733,2104.79,1,242,split_finetuned_disk,16,1,3,251.51,102.76,102.76
164,930.00,32.15640497,119.92084406,32.18255551,119.91397981,32.18255551,119.91397981,0.6267,2982.02,1,53,split_finetuned_disk,14,1,9,1589.01,33.01,33.01
165,936.00,32.15893119,119.92787314,32.18255551,119.91397981,32.18255551,119.91397981,0.6500,2937.49,1,79,split_finetuned_disk,15,1,10,1092.66,85.72,85.72
166,943.00,32.15990165,119.93985179,32.18255551,119.91397981,32.18255551,119.91397981,0.5800,3506.95,1,108,split_finetuned_disk,12,1,7,1286.39,44.86,44.86
167,949.00,32.15990165,119.93985179,32.18255551,119.91397981,32.18255551,119.91397981,0.5800,3506.95,1,108,split_finetuned_disk,12,1,-1,1144.83,156.05,156.05
168,956.00,32.16435805,119.92976814,32.18255551,119.91397981,32.18255551,119.91397981,0.6267,2513.04,1,172,split_finetuned_disk,14,1,1,82.78,82.78,82.78
169,962.00,32.17665064,119.92366470,32.18255551,119.91397981,32.18255551,119.91397981,0.6733,1124.42,1,307,split_finetuned_disk,16,1,-1,1507.83,166.66,166.66
170,968.00,32.17665064,119.92366470,32.18255551,119.91397981,32.17665064,119.92366470,0.6733,1124.42,1,307,split_finetuned_disk,16,1,6,1608.58,147.98,147.98
171,974.00,32.19339962,119.90709720,32.17665064,119.92366470,32.17665064,119.92366470,0.6033,2431.41,1,506,split_finetuned_disk,13,1,2,4118.13,49.00,49.00
172,980.00,32.21743648,119.92876642,32.17665064,119.92366470,32.17665064,119.92366470,0.6967,4565.64,1,839,split_finetuned_disk,17,1,5,6290.43,98.53,98.53
173,986.00,32.15970852,119.93312134,32.17665064,119.92366470,32.17665064,119.92366470,0.6500,2085.78,1,104,split_finetuned_disk,15,1,1,43.36,43.36,43.36
174,992.00,32.15893119,119.92787314,32.17665064,119.92366470,32.17665064,119.92366470,0.6500,2011.97,1,79,split_finetuned_disk,15,1,2,367.55,98.89,98.89
175,997.00,32.15893119,119.92787314,32.17665064,119.92366470,32.17665064,119.92366470,0.6500,2011.97,1,79,split_finetuned_disk,15,1,5,357.35,48.82,48.82
176,1003.00,32.16947488,119.92534414,32.17665064,119.92366470,32.16947536,119.92534402,1.0000,814.32,0,216,split_finetuned_disk,33,1,-1,1474.09,851.73,851.73
177,1009.00,32.22791579,119.91256665,32.16909977,119.92543193,32.22398210,119.91342710,0.8367,6658.61,0,969,split_finetuned_disk,23,1,3,8244.39,61.13,61.13
178,1052.00,32.18255551,119.91397981,32.58803319,119.83383662,32.58803319,119.83383662,0.6033,45764.70,1,372,split_finetuned_disk,13,1,-1,3393.97,1820.22,1820.22
179,1057.00,32.15809429,119.93315238,32.63036471,119.82458191,32.63036471,119.82458191,0.6267,53558.60,1,82,split_finetuned_disk,14,1,3,160.52,111.33,111.33
180,1062.00,32.15809429,119.93315238,32.67269623,119.81532720,32.67269623,119.81532720,0.6267,58350.72,1,82,split_finetuned_disk,14,1,1,45.02,45.02,45.02
181,1067.00,32.15809429,119.93315238,32.71502775,119.80607250,32.71502775,119.80607250,0.6267,63142.86,1,82,split_finetuned_disk,14,1,1,139.06,77.29,77.29
182,1071.00,32.15809429,119.93315238,32.74889297,119.79866873,32.74889297,119.79866873,0.6267,66976.59,1,82,split_finetuned_disk,14,1,9,247.85,59.50,59.50
183,1076.00,32.16131201,119.94052383,32.79122449,119.78941402,32.79122449,119.78941402,0.6033,71551.93,1,131,split_finetuned_disk,13,1,4,562.49,58.92,58.92
184,1081.00,32.21743648,119.92876642,32.83355601,119.78015932,32.83355601,119.78015932,0.6967,70000.33,1,839,split_finetuned_disk,17,1,7,6142.33,86.94,86.94
185,1085.00,32.16108188,119.94584111,32.86742123,119.77275555,32.86742123,119.77275555,0.6033,80302.22,1,111,split_finetuned_disk,13,1,6,1307.68,63.83,63.83
186,1090.00,32.22635521,119.92046366,32.90975275,119.76350085,32.90975275,119.76350085,0.5333,77499.24,1,950,split_finetuned_disk,10,1,6,7015.20,96.14,96.14
187,1095.00,32.15809429,119.93315238,32.95208427,119.75424614,32.15809429,119.93315238,0.6267,89979.17,1,82,split_finetuned_disk,14,1,4,792.10,55.83,55.83
188,1100.00,32.16463702,119.92727718,32.15809429,119.93315238,32.15809429,119.93315238,0.5567,914.74,1,171,split_finetuned_disk,11,1,-1,554.41,175.31,175.31
189,1105.00,32.16164462,119.92028614,32.15809429,119.93315238,32.15809429,119.93315238,0.6733,1274.76,1,122,split_finetuned_disk,16,1,4,1216.48,52.44,52.44
190,1109.00,32.21630508,119.93966159,32.15809429,119.93315238,32.15809429,119.93315238,0.6267,6508.97,1,821,split_finetuned_disk,14,1,5,5328.77,91.31,91.31
191,1114.00,32.16624643,119.91897441,32.15809429,119.93315238,32.15809429,119.93315238,0.6033,1614.66,1,167,split_finetuned_disk,13,1,3,1324.48,61.99,61.99
192,1119.00,32.17077794,119.93146026,32.15809429,119.93315238,32.15809429,119.93315238,0.6733,1420.91,1,242,split_finetuned_disk,16,1,1,82.00,82.00,82.00
193,1123.00,32.15627621,119.92861426,32.15809429,119.93315238,32.15627683,119.92861579,1.0000,472.96,0,57,split_finetuned_disk,33,1,2,1665.98,69.23,69.23
194,1128.00,32.17077794,119.93146026,32.15614337,119.92828267,32.15614337,119.92828267,0.6733,1656.39,1,242,split_finetuned_disk,16,1,3,164.13,60.15,60.15
195,1133.00,32.18255551,119.91397981,32.15600991,119.92794955,32.15600991,119.92794955,0.6033,3234.80,1,372,split_finetuned_disk,13,1,2,1813.49,82.02,82.02
196,1137.00,32.18255551,119.91397981,32.15590315,119.92768305,32.15590315,119.92768305,0.6033,3235.56,1,372,split_finetuned_disk,13,1,5,1758.98,47.36,47.36
197,1142.00,32.18255551,119.91397981,32.15576969,119.92734992,32.15576969,119.92734992,0.6033,3236.85,1,372,split_finetuned_disk,13,1,6,1709.98,101.94,101.94
198,1146.00,32.17616781,119.93146026,32.15566292,119.92708342,32.15566292,119.92708342,0.6733,2319.54,1,311,split_finetuned_disk,16,1,1,44.01,44.01,44.01
199,1151.00,32.19339962,119.90709720,32.15552946,119.92675030,32.15552946,119.92675030,0.6033,4604.26,1,506,split_finetuned_disk,13,1,2,2827.70,114.72,114.72
200,1155.00,32.19339962,119.90709720,32.15542270,119.92648380,32.15542270,119.92648380,0.6033,4605.14,1,506,split_finetuned_disk,13,1,4,2762.36,64.25,64.25
201,1160.00,32.23159006,119.90857377,32.15528924,119.92615068,32.15528924,119.92615068,0.6733,8653.67,1,990,split_finetuned_disk,16,1,6,6036.83,96.52,96.52
202,1164.00,32.18350451,119.93308898,32.15518248,119.92588418,32.15518248,119.92588418,0.6033,3225.03,1,404,split_finetuned_disk,13,1,4,495.16,72.96,72.96
203,1169.00,32.25314953,119.94052383,32.15504902,119.92555105,32.25314953,119.94052383,0.6267,11011.25,1,1281,split_finetuned_disk,14,1,6,7918.45,60.03,60.03
204,1173.00,32.16270091,119.94820527,32.25314953,119.94052383,32.25314953,119.94052383,0.5100,10094.70,1,158,split_finetuned_disk,9,1,2,2756.89,68.21,68.21
205,1178.00,32.17986243,119.93496562,32.25314953,119.94052383,32.25314953,119.94052383,0.5567,8175.10,1,381,split_finetuned_disk,11,1,9,460.63,50.63,50.63
206,1183.00,32.18380494,119.92754346,32.25314953,119.94052383,32.18385097,119.92755208,0.7200,7815.67,0,401,split_finetuned_disk,18,1,-1,182.96,182.96,182.96
207,1188.00,32.19797406,119.91048145,32.17684248,119.92624018,32.17684248,119.92624018,0.6733,2781.56,1,577,split_finetuned_disk,16,1,2,2265.84,35.92,35.92
208,1193.00,32.17986243,119.93496562,32.16983398,119.92492828,32.16983398,119.92492828,0.5567,1462.94,1,381,split_finetuned_disk,11,1,4,721.92,120.08,120.08
209,1198.00,32.21216464,119.90805389,32.16282548,119.92361639,32.16282548,119.92361639,0.5800,5684.70,1,760,split_finetuned_disk,12,1,8,3364.44,126.08,126.08
210,1203.00,32.20028569,119.91827133,32.15581698,119.92230449,32.15581698,119.92230449,0.6267,4964.81,1,603,split_finetuned_disk,14,1,-1,1673.11,150.74,150.74
211,1208.00,32.20028569,119.91827133,32.14880849,119.92099260,32.14880849,119.92099260,0.6267,5736.17,1,603,split_finetuned_disk,14,1,8,1589.36,129.12,129.12
212,1212.00,32.19167219,119.93063038,32.14320169,119.91994308,32.19143487,119.93057805,0.7200,5488.84,0,517,split_finetuned_disk,18,1,-1,299.14,299.14,299.14
213,1217.00,32.19667580,119.93102346,32.19400959,119.93137917,32.19618349,119.93108914,0.7900,298.69,0,586,split_finetuned_disk,21,1,-1,791.25,161.27,161.27
214,1221.00,32.18885146,119.92416490,32.19945496,119.93156837,32.19945496,119.93156837,0.6967,1371.00,1,469,split_finetuned_disk,17,1,2,394.67,52.69,52.69
215,1226.00,32.19128593,119.92903970,32.20354430,119.93216742,32.20354430,119.93216742,0.5800,1396.04,1,516,split_finetuned_disk,12,1,1,65.79,65.79,65.79
216,1230.00,32.18885146,119.92416490,32.20681578,119.93264665,32.20681578,119.93264665,0.6967,2153.48,1,469,split_finetuned_disk,17,1,3,601.47,32.93,32.93
217,1235.00,32.19663880,119.91940553,32.21090512,119.93324570,32.21090512,119.93324570,0.6033,2054.69,1,558,split_finetuned_disk,13,1,5,788.26,116.49,116.49
218,1240.00,32.19358684,119.91729497,32.21499446,119.93384474,32.19385330,119.91750097,0.7433,2847.70,0,534,split_finetuned_disk,19,1,7,907.22,85.74,85.74
219,1244.00,32.19609160,119.92280246,32.19278376,119.91462426,32.19525086,119.92072385,0.7667,853.83,0,560,split_finetuned_disk,20,1,2,301.61,129.25,129.25
220,1249.00,32.19609160,119.92280246,32.19566673,119.92146150,32.19600842,119.92253994,0.7667,134.88,0,560,split_finetuned_disk,20,1,2,353.43,86.05,86.05
221,1254.00,32.19845688,119.92686573,32.19665626,119.92400974,32.19665626,119.92400974,0.5800,335.49,1,584,split_finetuned_disk,12,1,1,146.97,117.61,117.61
222,1258.00,32.20137417,119.93124470,32.19717453,119.92518558,32.19717453,119.92518558,0.6967,737.77,1,633,split_finetuned_disk,17,1,6,541.47,91.01,91.01
223,1263.00,32.20099864,119.92417758,32.19782238,119.92665538,32.19782238,119.92665538,0.6967,423.67,1,630,split_finetuned_disk,17,1,1,58.57,58.57,58.57
224,1267.00,32.19032620,119.94812919,32.19834065,119.92783123,32.19048766,119.94772026,0.9533,2109.89,0,503,split_finetuned_disk,28,1,3,2539.40,54.05,54.05
225,1272.00,32.20666747,119.90912469,32.18863740,119.95551694,32.18863740,119.95551694,0.5567,4808.84,1,692,split_finetuned_disk,11,1,3,1461.33,47.21,47.21
226,1277.00,32.24697641,119.90768617,32.18678714,119.96331361,32.18678714,119.96331361,0.6033,8505.87,1,1197,split_finetuned_disk,13,1,3,4995.41,65.44,65.44
227,1281.00,32.21347843,119.92984422,32.18530694,119.96955095,32.21244497,119.93130085,0.8600,4880.97,0,793,split_finetuned_disk,24,1,4,1140.57,100.14,100.14
228,1286.00,32.20776187,119.92720809,32.22111642,119.92426755,32.22111642,119.92426755,0.6967,1512.21,1,699,split_finetuned_disk,17,1,3,152.33,134.95,134.95
229,1291.00,32.20776187,119.92720809,32.22978787,119.91723424,32.22978787,119.91723424,0.6967,2625.76,1,699,split_finetuned_disk,17,1,1,102.73,97.28,97.28
230,1295.00,32.20776187,119.92720809,32.23672503,119.91160760,32.23672503,119.91160760,0.6967,3543.27,1,699,split_finetuned_disk,17,1,3,150.63,132.41,132.41
231,1300.00,32.24787176,119.92455798,32.24539648,119.90457430,32.24539648,119.90457430,0.6733,1902.44,1,1228,split_finetuned_disk,16,1,-1,4379.72,1204.71,1204.71
232,1305.00,32.24787176,119.92455798,32.25406793,119.89754099,32.25406793,119.89754099,0.6733,2636.70,1,1228,split_finetuned_disk,16,1,-1,4282.86,1340.85,1340.85
233,1310.00,32.23493061,119.93049090,32.26273938,119.89050769,32.26273938,119.89050769,0.6967,4875.22,1,1069,split_finetuned_disk,17,1,4,2830.66,33.13,33.13
234,1315.00,32.24787176,119.92455798,32.27141083,119.88347439,32.27141083,119.88347439,0.6733,4673.59,1,1228,split_finetuned_disk,16,1,7,4060.47,55.77,55.77
235,1319.00,32.24787176,119.92455798,32.27834799,119.87784775,32.27834799,119.87784775,0.6733,5555.98,1,1228,split_finetuned_disk,16,1,10,3949.28,144.40,144.40
236,1324.00,32.18255551,119.91397981,32.28701944,119.87081444,32.28701944,119.87081444,0.6033,12319.26,1,372,split_finetuned_disk,13,1,10,3656.24,33.19,33.19
237,1328.00,32.18255551,119.91397981,32.29395660,119.86518780,32.18255551,119.91397981,0.6033,13225.44,1,372,split_finetuned_disk,13,1,-1,3745.96,152.05,152.05
238,1333.00,32.21669134,119.92548362,32.18255551,119.91397981,32.18255551,119.91397981,0.5567,3951.48,1,814,split_finetuned_disk,11,1,2,291.91,93.63,93.63
239,1337.00,32.19358684,119.91729497,32.18255551,119.91397981,32.19357117,119.91729026,0.7433,1267.09,0,534,split_finetuned_disk,19,1,5,2541.25,127.92,127.92
240,1341.00,32.19358684,119.91729497,32.19464387,119.91761263,32.19380175,119.91735956,0.7433,121.41,0,534,split_finetuned_disk,19,1,7,2650.41,91.12,91.12
241,1346.00,32.25326163,119.94617079,32.19439570,119.91753805,32.19439570,119.91753805,0.6267,7086.29,1,1307,split_finetuned_disk,14,1,-1,4512.48,156.51,156.51
242,1350.00,32.20776187,119.92720809,32.19487086,119.91768085,32.19487086,119.91768085,0.6967,1692.54,1,699,split_finetuned_disk,17,1,2,1474.96,27.92,27.92
243,1355.00,32.20923661,119.92422261,32.19546480,119.91785934,32.19546480,119.91785934,0.6033,1646.09,1,721,split_finetuned_disk,13,1,10,1347.86,66.58,66.58
244,1359.00,32.22617281,119.91442361,32.19593996,119.91800214,32.19593996,119.91800214,0.6500,3382.36,1,947,split_finetuned_disk,15,1,7,827.25,48.65,48.65
245,1364.00,32.21232558,119.95172331,32.19653390,119.91818063,32.21216198,119.95137582,0.7667,3615.69,0,780,split_finetuned_disk,20,1,-1,3012.07,664.88,664.88
246,1368.00,32.20767604,119.91354869,32.21576318,119.95815856,32.21576318,119.95815856,0.6733,4297.41,1,694,split_finetuned_disk,16,1,-1,1929.42,523.70,523.70
247,1372.00,32.19032620,119.94812919,32.21936438,119.96494131,32.19285113,119.94959104,0.9533,3599.60,0,503,split_finetuned_disk,28,1,2,4624.57,85.26,85.26
248,1377.00,32.24350119,119.92446353,32.18227573,119.94934046,32.18227573,119.94934046,0.6500,7207.20,1,1158,split_finetuned_disk,15,1,3,1939.72,143.51,143.51
249,1381.00,32.24350119,119.92446353,32.17381542,119.94914000,32.17381542,119.94914000,0.6500,8098.18,1,1158,split_finetuned_disk,15,1,5,1829.63,79.92,79.92
250,1386.00,32.22922478,119.91979861,32.16324002,119.94888942,32.22678060,119.92087618,0.8600,7839.90,0,972,split_finetuned_disk,24,1,7,154.58,125.29,125.29
251,1390.00,32.22922478,119.91979861,32.23788459,119.91205037,32.23141965,119.91783478,0.8600,1209.13,0,972,split_finetuned_disk,24,1,1,30.02,30.02,30.02
252,1395.00,32.18057057,119.90797781,32.24080558,119.91082351,32.24080558,119.91082351,0.5567,6710.72,1,369,split_finetuned_disk,11,1,-1,5412.86,208.14,208.14
253,1399.00,32.25326163,119.94617079,32.24831432,119.90521450,32.24831432,119.90521450,0.6267,3897.01,1,1307,split_finetuned_disk,14,1,9,3639.98,36.98,36.98
254,1404.00,32.15530576,119.95394799,32.25770026,119.89820323,32.25770026,119.89820323,0.5800,12549.87,1,45,split_finetuned_disk,12,1,5,9108.14,67.98,67.98
255,1409.00,32.17378107,119.91493081,32.26708619,119.89119196,32.26708619,119.89119196,0.6967,10624.70,1,280,split_finetuned_disk,17,1,7,6462.71,55.29,55.29
256,1414.00,32.23856196,119.91449401,32.27647212,119.88418069,32.27647212,119.88418069,0.5567,5095.38,1,1084,split_finetuned_disk,11,1,8,690.49,78.83,78.83
257,1418.00,32.24787176,119.92455798,32.28398086,119.87857167,32.28398086,119.87857167,0.6733,5909.43,1,1228,split_finetuned_disk,16,1,4,1668.26,98.44,98.44
258,1423.00,32.16359146,119.92509054,32.29336680,119.87156040,32.29336680,119.87156040,0.5333,15301.27,1,147,split_finetuned_disk,10,1,4,7999.39,73.65,73.65
259,1428.00,32.23709203,119.91879121,32.30275273,119.86454913,32.30275273,119.86454913,0.5333,8918.08,1,1086,split_finetuned_disk,10,1,2,176.61,107.07,107.07
260,1432.00,32.23709203,119.91879121,32.31026147,119.85894011,32.31026147,119.85894011,0.5333,9905.98,1,1086,split_finetuned_disk,10,1,1,132.23,68.15,68.15
261,1437.00,32.23709203,119.91879121,32.31964740,119.85192884,32.23709203,119.91879121,0.5333,11141.09,1,1086,split_finetuned_disk,10,1,1,112.03,101.89,101.89
262,1441.00,32.23709203,119.91879121,32.23709203,119.91879121,32.23709203,119.91879121,0.5333,0.00,0,1086,split_finetuned_disk,10,1,4,220.03,41.44,41.44
263,1446.00,32.24521198,119.91816989,32.23709203,119.91879121,32.23709203,119.91879121,0.6733,905.81,1,1178,split_finetuned_disk,16,1,3,473.46,81.31,81.31
264,1450.00,32.24628973,119.91569161,32.23709203,119.91879121,32.23709203,119.91879121,0.5800,1064.70,1,1200,split_finetuned_disk,12,1,7,609.01,54.66,54.66
265,1455.00,32.24521198,119.91816989,32.23709203,119.91879121,32.23709203,119.91879121,0.6733,905.81,1,1178,split_finetuned_disk,16,1,10,266.44,82.58,82.58
266,1460.00,32.24521198,119.91816989,32.23709203,119.91879121,32.23709203,119.91879121,0.6733,905.81,1,1178,split_finetuned_disk,16,1,-1,159.38,159.38,159.38
267,1465.00,32.24521198,119.91816989,32.23709203,119.91879121,32.23709203,119.91879121,0.6733,905.81,1,1178,split_finetuned_disk,16,1,1,67.80,67.80,67.80
268,1470.00,32.24521198,119.91816989,32.23709203,119.91879121,32.23709203,119.91879121,0.6733,905.81,1,1178,split_finetuned_disk,16,1,1,92.60,92.60,92.60
269,1511.00,32.24628973,119.91569161,32.23709203,119.91879121,32.23709203,119.91879121,0.5800,1064.70,1,1200,split_finetuned_disk,12,1,4,432.14,75.53,75.53
270,1518.00,32.23856196,119.91449401,32.23709203,119.91879121,32.23709203,119.91879121,0.5567,436.60,1,1084,split_finetuned_disk,11,1,3,1030.13,31.80,31.80
271,1524.00,32.24232096,119.91802342,32.23709203,119.91879121,32.23709203,119.91879121,0.5567,586.56,1,1156,split_finetuned_disk,11,1,1,109.75,97.08,97.08
272,1531.00,32.24628973,119.91569161,32.23709203,119.91879121,32.24628973,119.91569161,0.5800,1064.70,1,1200,split_finetuned_disk,12,1,2,580.24,27.06,27.06
273,1538.00,32.24628973,119.91569161,32.24628973,119.91569161,32.24628973,119.91569161,0.5800,0.00,0,1200,split_finetuned_disk,12,1,6,725.19,123.91,123.91
274,1545.00,32.24716954,119.91797969,32.24628973,119.91569161,32.24628973,119.91569161,0.6267,236.74,1,1201,split_finetuned_disk,14,1,5,694.63,81.16,81.16
275,1552.00,32.24521198,119.91816989,32.24628973,119.91569161,32.24628973,119.91569161,0.6733,262.47,1,1178,split_finetuned_disk,16,1,8,617.31,140.57,140.57
276,1558.00,32.23856196,119.91449401,32.24628973,119.91569161,32.24628973,119.91569161,0.5567,867.62,1,1084,split_finetuned_disk,11,1,7,738.28,88.52,88.52
277,1563.00,32.24521198,119.91816989,32.24628973,119.91569161,32.24628973,119.91569161,0.6733,262.47,1,1178,split_finetuned_disk,16,1,5,815.83,93.80,93.80
278,1570.00,32.24521198,119.91816989,32.24628973,119.91569161,32.24628973,119.91569161,0.6733,262.47,1,1178,split_finetuned_disk,16,1,3,956.16,139.22,139.22
279,1576.00,32.24521198,119.91816989,32.24628973,119.91569161,32.24628973,119.91569161,0.6733,262.47,1,1178,split_finetuned_disk,16,1,5,1047.34,40.98,40.98
280,1582.00,32.21743648,119.92876642,32.24628973,119.91569161,32.24628973,119.91569161,0.6967,3439.97,1,839,split_finetuned_disk,17,1,-1,2080.82,817.96,817.96
281,1589.00,32.25395904,119.95146971,32.24628973,119.91569161,32.24628973,119.91569161,0.6733,3476.60,1,1309,split_finetuned_disk,16,1,-1,3539.70,1563.48,1563.48
282,1595.00,32.18255551,119.91397981,32.24628973,119.91569161,32.24628973,119.91569161,0.6033,7096.73,1,372,split_finetuned_disk,13,1,3,5737.32,105.32,105.32
283,1602.00,32.23033472,119.95014531,32.24628973,119.91569161,32.23033472,119.95014531,0.6500,3699.61,1,1009,split_finetuned_disk,15,1,4,2498.58,109.11,109.11
284,1608.00,32.23033472,119.95014531,32.23033472,119.95014531,32.23033472,119.95014531,0.6500,0.00,0,1009,split_finetuned_disk,15,1,8,2492.45,136.10,136.10
285,1615.00,32.22617281,119.91442361,32.23033472,119.95014531,32.23033472,119.95014531,0.6500,3396.57,1,947,split_finetuned_disk,15,1,9,799.79,95.82,95.82
286,1621.00,32.22588312,119.90986013,32.23033472,119.95014531,32.22602404,119.91113541,0.7667,3826.91,0,945,split_finetuned_disk,20,1,5,1141.32,114.99,114.99
287,1628.00,32.21736137,119.92731522,32.22367958,119.88991898,32.21836383,119.92138185,0.7433,3592.09,0,838,split_finetuned_disk,19,1,-1,1224.92,399.05,399.05
288,1635.00,32.25321871,119.91901245,32.21220423,119.92274651,32.21220423,119.92274651,0.5567,4579.26,1,1294,split_finetuned_disk,11,1,-1,2979.88,247.53,247.53
289,1641.00,32.21743648,119.92876642,32.20692457,119.92391622,32.20692457,119.92391622,0.6967,1256.21,1,839,split_finetuned_disk,17,1,9,1110.30,136.22,136.22
290,1648.00,32.19032620,119.94812919,32.20076496,119.92528089,32.19053831,119.94766493,0.9533,2445.88,0,503,split_finetuned_disk,28,1,9,4513.85,25.06,25.06
291,1654.00,32.18885146,119.92416490,32.18179475,119.95641640,32.18179475,119.95641640,0.6967,3137.87,1,469,split_finetuned_disk,17,1,5,3918.50,86.51,86.51
292,1661.00,32.21971592,119.92590206,32.17159394,119.96662645,32.17159394,119.96662645,0.6033,6588.79,1,860,split_finetuned_disk,13,1,7,425.93,98.19,98.19
293,1667.00,32.22061128,119.92605422,32.16285038,119.97537792,32.16285038,119.97537792,0.6267,7932.86,1,883,split_finetuned_disk,14,1,1,144.79,138.05,138.05
294,1673.00,32.21347843,119.92984422,32.15410682,119.98412939,32.21272955,119.93052895,0.8600,8356.39,0,793,split_finetuned_disk,24,1,2,937.00,97.72,97.72
295,1679.00,32.20858212,119.91860669,32.22094681,119.92377265,32.22094681,119.92377265,0.6733,1459.92,1,719,split_finetuned_disk,16,1,3,1372.64,129.83,129.83
296,1685.00,32.20800273,119.91671169,32.22916408,119.91701636,32.22916408,119.91701636,0.6267,2355.86,1,718,split_finetuned_disk,14,1,2,1360.37,102.38,102.38
297,1691.00,32.18372983,119.92563578,32.23738135,119.91026006,32.23738135,119.91026006,0.6267,6145.59,1,400,split_finetuned_disk,14,1,3,3856.77,57.40,57.40
298,1697.00,32.22791579,119.91256665,32.24559861,119.90350376,32.22814052,119.91245147,0.8367,2145.60,0,969,split_finetuned_disk,23,1,3,1730.18,55.22,55.22
299,1703.00,32.21743648,119.92876642,32.23117330,119.90835235,32.23117330,119.90835235,0.6967,2456.83,1,839,split_finetuned_disk,17,1,4,436.86,46.05,46.05
300,1709.00,32.24787176,119.92455798,32.23420608,119.90425323,32.23420608,119.90425323,0.6733,2443.84,1,1228,split_finetuned_disk,16,1,4,3666.08,66.62,66.62
301,1715.00,32.21497463,119.92810138,32.23723886,119.90015411,32.23723886,119.90015411,0.5800,3615.64,1,815,split_finetuned_disk,12,1,6,273.77,24.17,24.17
302,1721.00,32.21347843,119.92984422,32.24027164,119.89605500,32.21381153,119.92942415,0.8600,4361.90,0,793,split_finetuned_disk,24,1,6,326.61,123.32,123.32
303,1728.00,32.17665064,119.92366470,32.20818717,119.93619690,32.20818717,119.93619690,0.6733,3703.81,1,307,split_finetuned_disk,16,1,8,4010.16,85.67,85.67
304,1734.00,32.21736137,119.92731522,32.20336630,119.94200212,32.21657946,119.92813578,0.7433,2083.52,0,838,split_finetuned_disk,19,1,8,720.48,140.49,140.49
305,1741.00,32.21513557,119.92894394,32.21817986,119.92732664,32.21817986,119.92732664,0.6033,371.56,1,816,split_finetuned_disk,13,1,2,687.59,114.91,114.91
306,1746.00,32.24027275,119.92727149,32.21932300,119.92674868,32.21932300,119.92674868,0.6500,2332.65,1,1113,split_finetuned_disk,15,1,-1,3327.72,437.73,437.73
307,1752.00,32.20858212,119.91860669,32.22069477,119.92605513,32.22069477,119.92605513,0.6733,1520.00,1,719,split_finetuned_disk,16,1,8,780.61,39.67,39.67
308,1758.00,32.20767604,119.91354869,32.22206654,119.92536158,32.22206654,119.92536158,0.6733,1950.49,1,694,split_finetuned_disk,16,1,-1,1181.12,990.61,990.61
309,1764.00,32.22127650,119.91610305,32.22343831,119.92466803,32.22343831,119.92466803,0.5100,841.91,1,879,split_finetuned_disk,9,1,8,1924.88,60.28,60.28
310,1770.00,32.19526062,119.94499855,32.22481008,119.92397447,32.19543552,119.94487411,0.7200,3839.57,0,547,split_finetuned_disk,18,1,10,2035.27,37.69,37.69
311,1776.00,32.19491136,119.93968126,32.19048738,119.94867709,32.19417787,119.94117276,0.7433,980.08,0,567,split_finetuned_disk,19,1,9,1305.67,108.62,108.62
312,1782.00,32.22287999,119.90810461,32.19197806,119.93938723,32.19197806,119.93938723,0.5800,4529.52,1,898,split_finetuned_disk,12,1,3,2874.53,76.80,76.80
313,1788.00,32.22287999,119.90810461,32.18977826,119.93760170,32.18977826,119.93760170,0.5800,4615.02,1,898,split_finetuned_disk,12,1,2,2959.83,117.30,117.30
314,1795.00,32.18350451,119.93308898,32.18721181,119.93551858,32.18721181,119.93551858,0.6033,471.90,1,404,split_finetuned_disk,13,1,5,2065.79,74.09,74.09
315,1801.00,32.18831499,119.95319987,32.18501200,119.93373305,32.18501200,119.93373305,0.6033,1870.19,1,482,split_finetuned_disk,13,1,-1,2657.97,169.61,169.61
316,1808.00,32.19667580,119.93102346,32.18244556,119.93164993,32.19657981,119.93102768,0.7900,1585.21,0,586,split_finetuned_disk,21,1,8,177.93,40.36,40.36
317,1816.00,32.19667580,119.93102346,32.19794345,119.92845782,32.19682557,119.93072033,0.7900,279.86,0,586,split_finetuned_disk,21,1,1,71.22,71.22,71.22
318,1823.00,32.19667580,119.93102346,32.19721617,119.93009607,32.19675973,119.93087941,0.7900,106.06,0,586,split_finetuned_disk,21,1,1,48.32,48.32,48.32
319,1829.00,32.19678309,119.93071214,32.19681550,119.93082321,32.19678976,119.93073499,0.7200,11.07,0,587,split_finetuned_disk,18,1,6,274.84,61.14,61.14
320,1836.00,32.19667580,119.93102346,32.19683485,119.93060101,32.19670023,119.93095858,0.7900,43.55,0,586,split_finetuned_disk,21,1,-1,261.01,219.48,219.48
321,1842.00,32.18885146,119.92416490,32.19665646,119.93106263,32.19665646,119.93106263,0.6967,1084.93,1,469,split_finetuned_disk,17,1,3,781.19,69.11,69.11
322,1849.00,32.19167219,119.93063038,32.19660541,119.93118403,32.19198659,119.93066566,0.7200,551.64,0,517,split_finetuned_disk,18,1,1,133.76,133.76,133.76
323,1855.00,32.22438692,119.92471014,32.18983634,119.93053331,32.18983634,119.93053331,0.6033,3885.09,1,929,split_finetuned_disk,13,1,5,3622.67,137.73,137.73
324,1862.00,32.22438692,119.92471014,32.18732773,119.93037889,32.18732773,119.93037889,0.6033,4159.84,1,929,split_finetuned_disk,13,1,6,3733.11,114.23,114.23
325,1868.00,32.22438692,119.92471014,32.18517748,119.93024654,32.18517748,119.93024654,0.6033,4395.84,1,929,split_finetuned_disk,13,1,5,3832.54,62.61,62.61
326,1874.00,32.18886219,119.93195478,32.18302724,119.93011418,32.18302724,119.93011418,0.6267,672.29,1,472,split_finetuned_disk,14,1,1,94.65,94.65,94.65
327,1880.00,32.18886219,119.93195478,32.18087699,119.92998183,32.18087699,119.92998183,0.6267,908.13,1,472,split_finetuned_disk,14,1,1,51.17,51.17,51.17
328,1887.00,32.18255551,119.91397981,32.17836837,119.92982741,32.17836837,119.92982741,0.6033,1563.85,1,372,split_finetuned_disk,13,1,-1,1691.37,416.90,416.90
329,1893.00,32.18712995,119.93247466,32.17621813,119.92969506,32.17621813,119.92969506,0.6500,1242.60,1,449,split_finetuned_disk,15,1,1,66.04,66.04,66.04
330,1899.00,32.18712995,119.93247466,32.17406788,119.92956270,32.17406788,119.92956270,0.6500,1479.71,1,449,split_finetuned_disk,15,1,4,168.97,63.99,63.99
331,1906.00,32.18363327,119.93502203,32.17155926,119.92940829,32.17155926,119.92940829,0.5567,1444.36,1,405,split_finetuned_disk,11,1,3,371.72,88.52,88.52
332,1912.00,32.18350451,119.93308898,32.16940902,119.92927594,32.18350451,119.93308898,0.6033,1609.69,1,404,split_finetuned_disk,13,1,8,151.65,57.73,57.73
333,1919.00,32.18350451,119.93308898,32.18350451,119.93308898,32.18350451,119.93308898,0.6033,0.00,0,404,split_finetuned_disk,13,1,8,171.17,98.16,98.16
334,1926.00,32.18363327,119.93502203,32.18350451,119.93308898,32.18350451,119.93308898,0.5567,182.65,1,405,split_finetuned_disk,11,1,-1,400.06,201.80,201.80
335,1933.00,32.19167219,119.93063038,32.18350451,119.93308898,32.19142176,119.93070576,0.7200,938.26,0,517,split_finetuned_disk,18,1,-1,1351.40,180.00,180.00
336,1939.00,32.21439043,119.91873349,32.19486225,119.92967012,32.19486225,119.92967012,0.5333,2405.62,1,788,split_finetuned_disk,10,1,-1,4047.93,758.26,758.26
337,1946.00,32.17616781,119.93146026,32.19887616,119.92846186,32.19887616,119.92846186,0.6733,2543.62,1,311,split_finetuned_disk,16,1,2,307.15,89.59,89.59
338,1953.00,32.17616781,119.93146026,32.20289007,119.92725361,32.20289007,119.92725361,0.6733,3001.00,1,311,split_finetuned_disk,16,1,3,215.53,68.31,68.31
339,1960.00,32.17616781,119.93146026,32.20690397,119.92604536,32.20690397,119.92604536,0.6733,3459.36,1,311,split_finetuned_disk,16,1,7,156.67,80.81,80.81
340,1967.00,32.18255551,119.91397981,32.21091788,119.92483711,32.21091788,119.92483711,0.6033,3318.81,1,372,split_finetuned_disk,13,1,-1,1951.40,281.27,281.27
341,1974.00,32.18350451,119.93308898,32.21493178,119.92362885,32.21493178,119.92362885,0.6033,3610.19,1,404,split_finetuned_disk,13,1,6,964.20,53.66,53.66
342,1981.00,32.24350119,119.92446353,32.21894569,119.92242060,32.21894569,119.92242060,0.6500,2740.28,1,1158,split_finetuned_disk,15,1,7,7744.76,131.28,131.28
343,1987.00,32.17665064,119.92366470,32.22238618,119.92138496,32.22238618,119.92138496,0.6733,5095.81,1,307,split_finetuned_disk,16,1,7,1108.62,41.64,41.64
344,1994.00,32.15627621,119.92861426,32.22640009,119.92017671,32.15635868,119.92860434,1.0000,7846.55,0,57,split_finetuned_disk,33,1,5,1758.39,104.96,104.96
345,2000.00,32.21743648,119.92876642,32.15054751,119.92868189,32.15054751,119.92868189,0.6967,7446.08,1,839,split_finetuned_disk,17,1,5,5224.85,133.45,133.45
346,2006.00,32.16624643,119.91897441,32.14473634,119.92875944,32.14473634,119.92875944,0.6033,2565.77,1,167,split_finetuned_disk,13,1,5,1610.16,112.86,112.86
347,2012.00,32.24350119,119.92446353,32.13892517,119.92883698,32.13892517,119.92883698,0.6500,11648.69,1,1158,split_finetuned_disk,15,1,4,8297.96,69.56,69.56
348,2019.00,32.24350119,119.92446353,32.13214547,119.92892746,32.13214547,119.92892746,0.6500,12403.25,1,1158,split_finetuned_disk,15,1,4,8408.25,95.52,95.52
349,2025.00,32.17665064,119.92366470,32.12633430,119.92900501,32.12633430,119.92900501,0.6733,5623.76,1,307,split_finetuned_disk,16,1,7,1610.76,50.96,50.96
350,2032.00,32.15625475,119.92860858,32.11955460,119.92909548,32.15615662,119.92860988,1.0000,4085.72,0,56,split_finetuned_disk,39,1,-1,1333.71,274.91,274.91
351,2039.00,32.24350119,119.92446353,32.15747815,119.92859287,32.15747815,119.92859287,0.6500,9583.98,1,1158,split_finetuned_disk,15,1,6,8751.99,71.05,71.05
352,2046.00,32.21736137,119.92731522,32.15879967,119.92857587,32.21487262,119.92736879,0.7433,6520.17,0,838,split_finetuned_disk,19,1,8,6022.79,44.08,44.08
353,2052.00,32.21743648,119.92876642,32.24097390,119.92681672,32.24097390,119.92681672,0.6967,2626.61,1,839,split_finetuned_disk,17,1,7,6109.30,81.78,81.78
354,2059.00,32.15809429,119.93315238,32.27142539,119.92617264,32.27142539,119.92617264,0.6267,12633.14,1,82,split_finetuned_disk,14,1,8,522.56,79.05,79.05
355,2066.00,32.15809429,119.93315238,32.30187688,119.92552856,32.30187688,119.92552856,0.6267,16021.98,1,82,split_finetuned_disk,14,1,4,440.23,127.24,127.24
356,2073.00,32.15374518,119.92399437,32.33232837,119.92488448,32.33232837,119.92488448,0.6967,19880.06,1,8,split_finetuned_disk,17,1,3,1539.43,78.94,78.94
357,2080.00,32.15809429,119.93315238,32.36277986,119.92424040,32.36277986,119.92424040,0.6267,22801.06,1,82,split_finetuned_disk,14,1,2,331.08,110.26,110.26
358,2087.00,32.16947488,119.92534414,32.39323136,119.92359632,32.17023427,119.92533821,1.0000,24909.12,0,216,split_finetuned_disk,33,1,5,1667.39,126.36,126.36
359,2094.00,32.16947488,119.92534414,32.15182971,119.92507575,32.16741893,119.92531287,1.0000,1964.42,0,216,split_finetuned_disk,33,1,8,1804.88,68.15,68.15
360,2137.00,32.18255551,119.91397981,32.13408595,119.92491326,32.13408595,119.92491326,0.6033,5493.04,1,372,split_finetuned_disk,13,1,-1,3678.99,581.71,581.71
361,2141.00,32.18255551,119.91397981,32.13098521,119.92487609,32.13098521,119.92487609,0.6033,5831.84,1,372,split_finetuned_disk,13,1,-1,3533.32,576.57,576.57
362,2146.00,32.17077794,119.93146026,32.12710928,119.92482962,32.12710928,119.92482962,0.6733,4901.15,1,242,split_finetuned_disk,16,1,5,1509.85,122.35,122.35
363,2151.00,32.15809429,119.93315238,32.12323335,119.92478315,32.12323335,119.92478315,0.6267,3959.98,1,82,split_finetuned_disk,14,1,-1,647.98,233.64,233.64
364,2155.00,32.15990165,119.93985179,32.12013261,119.92474598,32.12013261,119.92474598,0.5800,4650.14,1,108,split_finetuned_disk,12,1,1,144.98,144.98,144.98
365,2160.00,32.15970852,119.93312134,32.11625669,119.92469951,32.11625669,119.92469951,0.6500,4901.68,1,104,split_finetuned_disk,15,1,-1,844.23,249.90,249.90
366,2165.00,32.21513557,119.92894394,32.11238076,119.92465305,32.11238076,119.92465305,0.6033,11445.80,1,816,split_finetuned_disk,13,1,4,5903.04,95.47,95.47
367,2169.00,32.17149682,119.93674650,32.10928002,119.92461588,32.10928002,119.92461588,0.5333,7019.60,1,244,split_finetuned_disk,10,1,2,795.25,112.48,112.48
368,2174.00,32.16131201,119.94052383,32.10540409,119.92456941,32.10540409,119.92456941,0.6033,6402.54,1,131,split_finetuned_disk,13,1,9,389.55,92.20,92.20
369,2178.00,32.16922810,119.93694239,32.10230335,119.92453224,32.16922810,119.93694239,0.5800,7541.22,1,222,split_finetuned_disk,12,1,7,328.65,127.40,127.40
370,2182.00,32.16922810,119.93694239,32.16922810,119.93694239,32.16922810,119.93694239,0.5800,0.00,0,222,split_finetuned_disk,12,1,-1,198.94,198.94,198.94
371,2187.00,32.16131201,119.94052383,32.16922810,119.93694239,32.16922810,119.93694239,0.6033,943.59,1,131,split_finetuned_disk,13,1,2,736.38,88.44,88.44
372,2191.00,32.16131201,119.94052383,32.16922810,119.93694239,32.16922810,119.93694239,0.6033,943.59,1,131,split_finetuned_disk,13,1,2,844.63,29.14,29.14
373,2195.00,32.21513557,119.92894394,32.16922810,119.93694239,32.16922810,119.93694239,0.6033,5165.66,1,816,split_finetuned_disk,13,1,2,5140.65,77.15,77.15
374,2200.00,32.16922810,119.93694239,32.16922810,119.93694239,32.16922810,119.93694239,0.5800,0.00,0,222,split_finetuned_disk,12,1,5,236.39,39.27,39.27
375,2204.00,32.17759963,119.93148562,32.16922810,119.93694239,32.16922810,119.93694239,0.6033,1064.27,1,334,split_finetuned_disk,13,1,6,835.75,94.36,94.36
376,2209.00,32.17595322,119.93705082,32.16922810,119.93694239,32.16922810,119.93694239,0.6967,748.71,1,313,split_finetuned_disk,17,1,-1,362.59,161.67,161.67
377,2213.00,32.22467662,119.92721378,32.16922810,119.93694239,32.22229718,119.92763126,0.7667,6240.18,0,930,split_finetuned_disk,20,1,6,5705.15,83.81,83.81
378,2218.00,32.17759963,119.93148562,32.24339624,119.92392936,32.24339624,119.92392936,0.6033,7358.98,1,334,split_finetuned_disk,13,1,-1,611.53,343.07,343.07
379,2222.00,32.17595322,119.93705082,32.26027549,119.92096785,32.26027549,119.92096785,0.6967,9508.22,1,313,split_finetuned_disk,17,1,1,122.05,122.05,122.05
380,2227.00,32.17595322,119.93705082,32.28137456,119.91726596,32.28137456,119.91726596,0.6967,11882.56,1,313,split_finetuned_disk,17,1,1,96.67,96.67,96.67
381,2231.00,32.17616781,119.93146026,32.29825381,119.91430444,32.29825381,119.91430444,0.6733,13686.35,1,311,split_finetuned_disk,16,1,4,473.77,27.91,27.91
382,2236.00,32.18255551,119.91397981,32.31935287,119.91060255,32.31935287,119.91060255,0.6033,15231.60,1,372,split_finetuned_disk,13,1,5,2047.52,89.11,89.11
383,2240.00,32.20973498,119.94513103,32.33623212,119.90764103,32.33623212,119.90764103,0.6500,14517.71,1,755,split_finetuned_disk,15,1,-1,3510.75,175.59,175.59
384,2245.00,32.21216464,119.90805389,32.35733119,119.90393914,32.35733119,119.90393914,0.5800,16164.59,1,760,split_finetuned_disk,12,1,3,4346.31,67.95,67.95
385,2249.00,32.16320520,119.95003687,32.37421044,119.90097763,32.37421044,119.90097763,0.6267,23939.36,1,159,split_finetuned_disk,14,1,3,2519.96,82.80,82.80
386,2254.00,32.18859396,119.92064118,32.39530950,119.89727573,32.39530950,119.89727573,0.6267,23116.59,1,467,split_finetuned_disk,14,1,2,1483.67,83.60,83.60
387,2258.00,32.18255551,119.91397981,32.41218875,119.89431422,32.18255551,119.91397981,0.6033,25629.80,1,372,split_finetuned_disk,13,1,-1,1950.93,154.35,154.35
388,2263.00,32.18255551,119.91397981,32.18255551,119.91397981,32.18255551,119.91397981,0.6033,0.00,0,372,split_finetuned_disk,13,1,7,1968.90,72.19,72.19
389,2267.00,32.18350451,119.93308898,32.18255551,119.91397981,32.18255551,119.91397981,0.6033,1803.10,1,404,split_finetuned_disk,13,1,5,286.09,92.16,92.16
390,2272.00,32.17230633,119.94354735,32.18255551,119.91397981,32.18255551,119.91397981,0.6500,3009.77,1,270,split_finetuned_disk,15,1,4,1766.88,39.59,39.59
391,2276.00,32.17230633,119.94354735,32.18255551,119.91397981,32.18255551,119.91397981,0.6500,3009.77,1,270,split_finetuned_disk,15,1,2,1867.97,101.83,101.83
392,2280.00,32.19952390,119.91447433,32.18255551,119.91397981,32.18255551,119.91397981,0.5567,1889.50,1,602,split_finetuned_disk,11,1,4,2186.65,42.90,42.90
393,2285.00,32.18886219,119.93195478,32.18255551,119.91397981,32.18255551,119.91397981,0.6267,1832.95,1,472,split_finetuned_disk,14,1,3,266.55,91.32,91.32
394,2289.00,32.22438692,119.92471014,32.18255551,119.91397981,32.18255551,119.91397981,0.6033,4765.10,1,929,split_finetuned_disk,13,1,4,3844.04,62.08,62.08
395,2294.00,32.19019745,119.93661970,32.18255551,119.91397981,32.18255551,119.91397981,0.5567,2295.99,1,497,split_finetuned_disk,11,1,9,290.96,81.24,81.24
396,2299.00,32.20973498,119.94513103,32.18255551,119.91397981,32.18255551,119.91397981,0.6500,4214.80,1,755,split_finetuned_disk,15,1,10,2317.67,75.32,75.32
397,2303.00,32.19019745,119.93661970,32.18255551,119.91397981,32.18255551,119.91397981,0.5567,2295.99,1,497,split_finetuned_disk,11,1,-1,443.44,171.84,171.84
398,2308.00,32.19656369,119.93459790,32.18255551,119.91397981,32.19656369,119.93459790,0.5800,2490.70,1,565,split_finetuned_disk,12,1,1,137.34,137.34,137.34
399,2312.00,32.19678309,119.93071214,32.19656369,119.93459790,32.19678277,119.93071788,0.7200,366.84,0,587,split_finetuned_disk,18,1,2,220.49,52.88,52.88
400,2317.00,32.19667580,119.93102346,32.19681086,119.93022036,32.19669635,119.93090125,0.7900,77.13,0,586,split_finetuned_disk,21,1,2,275.68,99.60,99.60
401,2321.00,32.19667580,119.93102346,32.19664805,119.93092405,32.19666965,119.93100143,0.7900,9.86,0,586,split_finetuned_disk,21,1,2,250.86,50.93,50.93
402,2325.00,32.19667580,119.93102346,32.19663425,119.93107043,32.19666557,119.93103502,0.7900,6.40,0,586,split_finetuned_disk,21,1,6,273.22,104.87,104.87
403,2330.00,32.19667580,119.93102346,32.19664401,119.93109560,32.19666923,119.93103837,0.7900,7.66,0,586,split_finetuned_disk,21,1,6,333.39,54.49,54.49
404,2334.00,32.20137417,119.93124470,32.19666509,119.93105708,32.19666509,119.93105708,0.6967,524.51,1,633,split_finetuned_disk,17,1,1,81.56,81.56,81.56
405,2339.00,32.20137417,119.93124470,32.19665992,119.93108048,32.19665992,119.93108048,0.6967,525.02,1,633,split_finetuned_disk,17,1,1,60.53,60.53,60.53
406,2344.00,32.25341184,119.91032929,32.19665474,119.93110387,32.19665474,119.93110387,0.6267,6614.30,1,1290,split_finetuned_disk,14,1,-1,5986.36,2612.43,2612.43
407,2348.00,32.24013326,119.92881146,32.19665060,119.93112259,32.19665060,119.93112259,0.5800,4845.38,1,1114,split_finetuned_disk,12,1,-1,3962.33,3057.77,3057.77
408,2353.00,32.24013326,119.92881146,32.19664543,119.93114598,32.19664543,119.93114598,0.5800,4846.06,1,1114,split_finetuned_disk,12,1,8,3843.90,141.92,141.92
409,2358.00,32.24933578,119.91195801,32.19664025,119.93116938,32.19664025,119.93116938,0.5567,6138.85,1,1245,split_finetuned_disk,11,1,2,5196.70,98.67,98.67
410,2363.00,32.25234482,119.92045098,32.19663508,119.93119277,32.25201996,119.92051362,0.7433,6283.61,0,1272,split_finetuned_disk,19,1,-1,5085.95,4005.71,4005.71
411,2367.00,32.25326163,119.94617079,32.26061655,119.91887396,32.26061655,119.91887396,0.6267,2698.45,1,1307,split_finetuned_disk,14,1,-1,5327.66,2443.44,2443.44
412,2372.00,32.19032620,119.94812919,32.27136230,119.91682440,32.19560375,119.94609044,0.9533,9490.66,0,503,split_finetuned_disk,28,1,10,2657.18,63.30,63.30
413,2376.00,32.21347843,119.92984422,32.17223650,119.95679864,32.20297432,119.93670938,0.8600,5246.35,0,793,split_finetuned_disk,24,1,8,490.49,94.93,94.93
414,2381.00,32.21347843,119.92984422,32.19564976,119.93579160,32.20990671,119.93103569,0.8600,2062.24,0,793,split_finetuned_disk,24,1,8,379.47,38.54,38.54
415,2385.00,32.21347843,119.92984422,32.21166962,119.92775871,32.21301771,119.92931302,0.8600,281.31,0,793,split_finetuned_disk,24,1,6,268.70,73.98,73.98
416,2389.00,32.21347843,119.92984422,32.21554119,119.92691294,32.21400312,119.92909861,0.8600,359.12,0,793,split_finetuned_disk,24,1,7,158.71,54.66,54.66
417,2394.00,32.21347843,119.92984422,32.21603096,119.92769935,32.21399513,119.92941005,0.8600,348.65,0,793,split_finetuned_disk,24,1,1,54.40,54.40,54.40
418,2398.00,32.21347843,119.92984422,32.21454252,119.92919385,32.21375166,119.92967722,0.8600,133.36,0,793,split_finetuned_disk,24,1,1,142.72,99.96,99.96
419,2403.00,32.21347843,119.92984422,32.21387995,119.92974677,32.21356108,119.92982416,0.8600,45.63,0,793,split_finetuned_disk,24,1,3,218.42,77.13,77.13
420,2408.00,32.21736137,119.92731522,32.21347906,119.92994476,32.21646267,119.92792392,0.7433,498.13,0,838,split_finetuned_disk,19,1,1,142.17,108.03,108.03
421,2412.00,32.21736137,119.92731522,32.21792121,119.92698807,32.21751404,119.92722600,0.7433,69.52,0,838,split_finetuned_disk,19,1,1,74.74,74.74,74.74
422,2417.00,32.21736137,119.92731522,32.21905789,119.92621942,32.21773161,119.92707608,0.7433,215.22,0,838,split_finetuned_disk,19,1,1,125.47,123.41,123.41
423,2421.00,32.17595322,119.93705082,32.21828135,119.92671348,32.21828135,119.92671348,0.6967,4811.53,1,313,split_finetuned_disk,17,1,4,4881.99,23.76,23.76
424,2426.00,32.22163057,119.92671926,32.21896853,119.92626022,32.21896853,119.92626022,0.6267,299.48,1,884,split_finetuned_disk,14,1,1,78.69,78.69,78.69
425,2430.00,32.22163057,119.92671926,32.21951827,119.92589762,32.21951827,119.92589762,0.6267,247.55,1,884,split_finetuned_disk,14,1,1,40.59,40.59,40.59
426,2435.00,32.21202515,119.91565357,32.22020545,119.92544437,32.22020545,119.92544437,0.6733,1296.07,1,763,split_finetuned_disk,16,1,2,1637.46,67.63,67.63
427,2439.00,32.18380494,119.92754346,32.22075519,119.92508177,32.18439624,119.92750407,0.7200,4119.83,0,401,split_finetuned_disk,18,1,6,4446.80,50.91,50.91
428,2444.00,32.22438692,119.92471014,32.17515732,119.92771211,32.17515732,119.92771211,0.6033,5487.53,1,929,split_finetuned_disk,13,1,1,95.38,95.38,95.38
429,2448.00,32.22467662,119.92721378,32.16776618,119.92787854,32.21977576,119.92727103,0.7667,6335.58,0,930,split_finetuned_disk,20,1,1,133.74,110.25,110.25
430,2453.00,32.22467662,119.92721378,32.23733169,119.92716608,32.22726479,119.92720402,0.7667,1408.77,0,930,split_finetuned_disk,20,1,-1,213.85,213.85,213.85
431,2457.00,32.25314953,119.94052383,32.23621284,119.92713928,32.23621284,119.92713928,0.6267,2268.09,1,1281,split_finetuned_disk,14,1,2,3010.07,125.74,125.74
432,2462.00,32.23061368,119.92597814,32.24739790,119.92705835,32.24739790,119.92705835,0.5800,1871.19,1,998,split_finetuned_disk,12,1,2,196.83,9.16,9.16
433,2467.00,32.23061368,119.92597814,32.25858296,119.92697741,32.25858296,119.92697741,0.5800,3114.96,1,998,split_finetuned_disk,12,1,1,96.83,96.83,96.83
434,2471.00,32.23061368,119.92597814,32.26753101,119.92691267,32.26753101,119.92691267,0.5800,4110.58,1,998,split_finetuned_disk,12,1,1,17.14,17.14,17.14
435,2476.00,32.22467662,119.92721378,32.27871607,119.92683174,32.22540492,119.92720863,0.7667,6015.78,0,930,split_finetuned_disk,20,1,6,755.53,74.31,74.31
436,2481.00,32.23304815,119.92216846,32.22265967,119.92722618,32.22265967,119.92722618,0.6500,1250.74,1,1043,split_finetuned_disk,15,1,8,251.13,38.46,38.46
437,2485.00,32.23304815,119.92216846,32.22046346,119.92724022,32.22046346,119.92724022,0.6500,1480.15,1,1043,split_finetuned_disk,15,1,1,109.92,109.92,109.92
438,2490.00,32.23304815,119.92216846,32.21771821,119.92725777,32.21771821,119.92725777,0.6500,1772.59,1,1043,split_finetuned_disk,15,1,1,114.37,114.37,114.37
439,2495.00,32.17665064,119.92366470,32.21497295,119.92727532,32.21497295,119.92727532,0.6733,4279.58,1,307,split_finetuned_disk,16,1,5,6561.05,105.05,105.05
440,2499.00,32.23789674,119.90681824,32.21277675,119.92728936,32.21277675,119.92728936,0.6967,3396.75,1,1081,split_finetuned_disk,17,1,5,1702.12,125.24,125.24
441,2503.00,32.23789674,119.90681824,32.21058055,119.92730341,32.21058055,119.92730341,0.6967,3601.40,1,1081,split_finetuned_disk,17,1,7,1697.36,98.76,98.76
442,2508.00,32.24027275,119.92727149,32.20783529,119.92732096,32.20783529,119.92732096,0.6500,3610.94,1,1113,split_finetuned_disk,15,1,8,223.50,94.34,94.34
443,2513.00,32.24350119,119.92446353,32.20509004,119.92733851,32.20509004,119.92733851,0.6500,4284.50,1,1158,split_finetuned_disk,15,1,10,394.40,6.40,6.40
444,2517.00,32.24350119,119.92446353,32.20289383,119.92735255,32.20289383,119.92735255,0.6500,4528.60,1,1158,split_finetuned_disk,15,1,4,283.09,83.13,83.13
445,2522.00,32.24350119,119.92446353,32.20014858,119.92737010,32.24350119,119.92446353,0.6500,4833.77,1,1158,split_finetuned_disk,15,1,3,171.78,28.42,28.42
446,2526.00,32.24350119,119.92446353,32.24350119,119.92446353,32.24350119,119.92446353,0.6500,0.00,0,1158,split_finetuned_disk,15,1,1,71.63,71.63,71.63
447,2531.00,32.24350119,119.92446353,32.24350119,119.92446353,32.24350119,119.92446353,0.6500,0.00,0,1158,split_finetuned_disk,15,1,1,99.41,99.41,99.41
448,2535.00,32.21014270,119.92778438,32.24350119,119.92446353,32.24350119,119.92446353,0.5800,3726.62,1,746,split_finetuned_disk,12,1,3,3783.09,103.42,103.42
449,2540.00,32.21630508,119.93966159,32.24350119,119.92446353,32.24350119,119.92446353,0.6267,3348.89,1,821,split_finetuned_disk,14,1,8,3674.66,125.50,125.50
450,2544.00,32.18082808,119.92848178,32.24350119,119.92446353,32.24350119,119.92446353,0.5567,6987.03,1,378,split_finetuned_disk,11,1,7,7190.51,112.01,112.01
451,2549.00,32.16288923,119.93181530,32.24350119,119.92446353,32.24350119,119.92446353,0.5567,9000.40,1,127,split_finetuned_disk,11,1,7,9536.08,86.30,86.30
452,2553.00,32.21736137,119.92731522,32.24350119,119.92446353,32.21768765,119.92727962,0.7433,2922.26,0,838,split_finetuned_disk,19,1,7,3446.42,15.13,15.13
453,2557.00,32.20858212,119.91860669,32.21229925,119.92786746,32.21229925,119.92786746,0.6733,965.49,1,719,split_finetuned_disk,16,1,5,4501.67,104.49,104.49
454,2602.00,32.19032620,119.94812919,32.15167968,119.93448067,32.19022965,119.94809509,0.9533,4490.12,0,503,split_finetuned_disk,28,1,7,6955.57,103.96,103.96
455,2608.00,32.24787176,119.92455798,32.18692641,119.95066475,32.18692641,119.95066475,0.6733,7216.37,1,1228,split_finetuned_disk,16,1,1,115.14,115.14,115.14
456,2615.00,32.22604406,119.93049658,32.18307263,119.95366268,32.18307263,119.95366268,0.5567,5257.79,1,955,split_finetuned_disk,11,1,-1,2443.91,328.89,328.89
457,2621.00,32.21729700,119.92626978,32.17976938,119.95623234,32.17976938,119.95623234,0.6033,5041.60,1,837,split_finetuned_disk,13,1,-1,3229.39,256.46,256.46
458,2628.00,32.24382788,119.92586402,32.17591560,119.95923027,32.17591560,119.95923027,0.6500,8187.29,1,1182,split_finetuned_disk,15,1,1,118.37,82.38,82.38
459,2635.00,32.24382788,119.92586402,32.17206182,119.96222820,32.17206182,119.96222820,0.6500,8692.36,1,1182,split_finetuned_disk,15,1,1,10.87,10.87,10.87
460,2642.00,32.24350119,119.92446353,32.16820803,119.96522614,32.16820803,119.96522614,0.6500,9219.26,1,1158,split_finetuned_disk,15,1,2,219.12,93.84,93.84
461,2649.00,32.24350119,119.92446353,32.16435425,119.96822407,32.16435425,119.96822407,0.6500,9727.21,1,1158,split_finetuned_disk,15,1,-1,191.53,191.53,191.53
462,2656.00,32.24027275,119.92727149,32.16050047,119.97122200,32.16050047,119.97122200,0.6500,9797.86,1,1113,split_finetuned_disk,15,1,2,296.55,119.92,119.92
463,2663.00,32.17616781,119.93146026,32.15664669,119.97421993,32.15664669,119.97421993,0.6733,4576.60,1,311,split_finetuned_disk,16,1,-1,7191.01,192.68,192.68
464,2670.00,32.24027275,119.92727149,32.15279290,119.97721786,32.24027275,119.92727149,0.6500,10815.18,1,1113,split_finetuned_disk,15,1,1,105.32,105.32,105.32
465,2677.00,32.18372983,119.92563578,32.24027275,119.92727149,32.24027275,119.92727149,0.6267,6296.24,1,400,split_finetuned_disk,14,1,2,6150.55,124.81,124.81
466,2684.00,32.18255551,119.91397981,32.24027275,119.92727149,32.24027275,119.92727149,0.6033,6545.93,1,372,split_finetuned_disk,13,1,-1,6332.39,1441.18,1441.18
467,2690.00,32.24027275,119.92727149,32.24027275,119.92727149,32.24027275,119.92727149,0.6500,0.00,0,1113,split_finetuned_disk,15,1,7,326.66,75.43,75.43
468,2696.00,32.21673426,119.90617157,32.24027275,119.92727149,32.24027275,119.92727149,0.6733,3288.80,1,805,split_finetuned_disk,16,1,7,2979.92,33.78,33.78
469,2702.00,32.21145168,119.91414465,32.24027275,119.92727149,32.24027275,119.92727149,0.6267,3438.38,1,740,split_finetuned_disk,14,1,-1,2961.02,1351.18,1351.18
470,2709.00,32.23411036,119.92644030,32.24027275,119.92727149,32.24027275,119.92727149,0.5567,690.45,1,1045,split_finetuned_disk,11,1,1,20.63,20.63,20.63
471,2716.00,32.21202515,119.91565357,32.24027275,119.92727149,32.24027275,119.92727149,0.6733,3329.51,1,763,split_finetuned_disk,16,1,-1,2623.32,2390.77,2390.77
472,2722.00,32.20973498,119.94513103,32.24027275,119.92727149,32.24027275,119.92727149,0.6500,3792.95,1,755,split_finetuned_disk,15,1,-1,2941.44,2499.16,2499.16
473,2728.00,32.22759391,119.92747306,32.24027275,119.92727149,32.24027275,119.92727149,0.5100,1411.54,1,977,split_finetuned_disk,9,1,3,298.40,144.34,144.34
474,2734.00,32.23186310,119.93782999,32.24027275,119.92727149,32.24027275,119.92727149,0.6733,1365.85,1,1027,split_finetuned_disk,16,1,2,954.00,79.78,79.78
475,2740.00,32.16804305,119.91581841,32.24027275,119.92727149,32.16813198,119.91583251,0.9533,8112.66,0,188,split_finetuned_disk,28,1,6,6976.34,94.70,94.70
476,2747.00,32.23636835,119.90829481,32.15595194,119.91390119,32.15595194,119.91390119,0.5567,8967.52,1,1059,split_finetuned_disk,11,1,4,2144.87,61.18,61.18
477,2754.00,32.22473026,119.93904027,32.14377191,119.91196986,32.14377191,119.91196986,0.5800,9366.07,1,936,split_finetuned_disk,12,1,2,1058.48,48.28,48.28
478,2760.00,32.23046347,119.90638713,32.13333188,119.91031444,32.13333188,119.91031444,0.6500,10819.02,1,989,split_finetuned_disk,15,1,2,2219.66,81.39,81.39
479,2766.00,32.25348695,119.91356137,32.12289185,119.90865902,32.12289185,119.90865902,0.5100,14545.18,1,1292,split_finetuned_disk,9,1,5,3467.62,34.59,34.59
480,2772.00,32.24013326,119.92881146,32.11245182,119.90700360,32.11245182,119.90700360,0.5800,14361.17,1,1114,split_finetuned_disk,12,1,6,1705.90,102.62,102.62
481,2779.00,32.24013326,119.92881146,32.10027179,119.90507227,32.10027179,119.90507227,0.5800,15729.14,1,1114,split_finetuned_disk,12,1,8,1816.83,62.49,62.49
482,2785.00,32.24013326,119.92881146,32.08983176,119.90341685,32.08983176,119.90341685,0.5800,16901.69,1,1114,split_finetuned_disk,12,1,7,1927.05,110.29,110.29
483,2791.00,32.24013326,119.92881146,32.07939173,119.90176143,32.07939173,119.90176143,0.5800,18074.25,1,1114,split_finetuned_disk,12,1,6,2037.39,65.70,65.70
484,2798.00,32.24221366,119.91002497,32.06721169,119.89983011,32.06721169,119.89983011,0.6733,19504.87,1,1152,split_finetuned_disk,16,1,5,3142.99,92.52,92.52
485,2804.00,32.22004854,119.93116862,32.05677166,119.89817469,32.22004854,119.93116862,0.5333,18439.77,1,863,split_finetuned_disk,10,1,1,144.13,75.85,75.85
486,2811.00,32.21679863,119.93186602,32.22004854,119.93116862,32.22004854,119.93116862,0.5567,367.70,1,817,split_finetuned_disk,11,1,2,249.42,62.94,62.94
487,2818.00,32.21679863,119.93186602,32.22004854,119.93116862,32.22004854,119.93116862,0.5567,367.70,1,817,split_finetuned_disk,11,1,2,151.76,69.69,69.69
488,2824.00,32.21679863,119.93186602,32.22004854,119.93116862,32.22004854,119.93116862,0.5567,367.70,1,817,split_finetuned_disk,11,1,1,55.17,55.17,55.17
489,2831.00,32.21736137,119.92731522,32.22004854,119.93116862,32.21736244,119.92731675,0.7433,470.35,0,838,split_finetuned_disk,19,1,5,451.70,88.54,88.54
490,2838.00,32.17665064,119.92366470,32.21708864,119.92692412,32.21708864,119.92692412,0.6733,4512.02,1,307,split_finetuned_disk,16,1,8,4278.91,44.85,44.85
491,2845.00,32.18372983,119.92563578,32.21681484,119.92653150,32.21681484,119.92653150,0.6267,3683.99,1,400,split_finetuned_disk,14,1,3,3363.72,112.04,112.04
492,2852.00,32.24221366,119.91002497,32.21654105,119.92613887,32.21654105,119.92613887,0.6733,3235.95,1,1152,split_finetuned_disk,16,1,10,3980.20,149.58,149.58
493,2859.00,32.21497463,119.92810138,32.21626725,119.92574624,32.21626725,119.92574624,0.5800,264.42,1,815,split_finetuned_disk,12,1,3,690.10,92.70,92.70
494,2866.00,32.21347843,119.92984422,32.21599345,119.92535361,32.21348603,119.92983065,0.8600,507.26,0,793,split_finetuned_disk,24,1,9,491.50,55.67,55.67
495,2873.00,32.18372983,119.92563578,32.21264225,119.93045575,32.21264225,119.93045575,0.6267,3250.40,1,400,split_finetuned_disk,14,1,6,2961.27,85.90,85.90
496,2880.00,32.22004854,119.93116862,32.21179846,119.93108084,32.21179846,119.93108084,0.5333,918.44,1,863,split_finetuned_disk,10,1,5,1253.73,71.23,71.23
497,2887.00,32.24013326,119.92881146,32.21095468,119.93170594,32.21095468,119.93170594,0.5800,3259.58,1,1114,split_finetuned_disk,12,1,7,3598.15,70.01,70.01
498,2894.00,32.25135772,119.90983477,32.21011089,119.93233103,32.21011089,119.93233103,0.6733,5056.99,1,1267,split_finetuned_disk,16,1,8,5503.21,87.40,87.40
499,2901.00,32.20003891,119.93687330,32.20926711,119.93295613,32.20008843,119.93685228,0.7900,1091.54,0,612,split_finetuned_disk,21,1,3,671.05,58.74,58.74
500,2908.00,32.22560416,119.94710911,32.19699876,119.93843071,32.19699876,119.93843071,0.5100,3287.61,1,962,split_finetuned_disk,9,1,3,2737.72,126.77,126.77
501,2915.00,32.19413404,119.92721378,32.19390909,119.94000913,32.19390909,119.94000913,0.5333,1205.53,1,539,split_finetuned_disk,10,1,3,1194.63,40.30,40.30
502,2922.00,32.19667580,119.93102346,32.19081942,119.94158756,32.19656986,119.93121455,0.7900,1189.63,0,586,split_finetuned_disk,21,1,3,663.95,105.47,105.47
503,2928.00,32.22560416,119.94710911,32.19577230,119.92922902,32.19577230,119.92922902,0.5100,3723.56,1,962,split_finetuned_disk,9,1,7,3043.47,41.46,41.46
504,2935.00,32.19663880,119.91940553,32.19484182,119.92691258,32.19484182,119.92691258,0.6033,734.88,1,558,split_finetuned_disk,13,1,7,1515.67,84.87,84.87
505,2941.00,32.19733029,119.91976057,32.19404426,119.92492705,32.19404426,119.92492705,0.6733,608.81,1,581,split_finetuned_disk,16,1,-1,1542.17,211.38,211.38
506,2948.00,32.19656369,119.93459790,32.19311377,119.92261060,32.19311377,119.92261060,0.5800,1192.67,1,565,split_finetuned_disk,12,1,3,285.69,84.86,84.86
507,2954.00,32.20858212,119.94552411,32.19231621,119.92062507,32.19231621,119.92062507,0.6500,2963.03,1,732,split_finetuned_disk,15,1,-1,1641.34,1641.34,1641.34
508,2961.00,32.25326163,119.94617079,32.19138573,119.91830863,32.19138573,119.91830863,0.6267,7371.08,1,1307,split_finetuned_disk,14,1,2,6447.71,78.25,78.25
509,2967.00,32.25326163,119.94617079,32.19058817,119.91632310,32.19058817,119.91632310,0.6267,7522.00,1,1307,split_finetuned_disk,14,1,5,6542.86,75.44,75.44
510,2973.00,32.16815516,119.95094983,32.18979061,119.91433757,32.18979061,119.91433757,0.5567,4206.46,1,228,split_finetuned_disk,11,1,-1,3134.84,220.21,220.21
511,2979.00,32.16815516,119.95094983,32.18899305,119.91235205,32.18899305,119.91235205,0.5567,4312.71,1,228,split_finetuned_disk,11,1,8,3035.15,110.66,110.66
512,2985.00,32.21019634,119.91114649,32.18819549,119.91036652,32.21019634,119.91114649,0.5800,2450.24,1,739,split_finetuned_disk,12,1,7,2996.50,27.94,27.94
513,2991.00,32.19262711,119.93874294,32.21019634,119.91114649,32.21019634,119.91114649,0.5800,3253.06,1,521,split_finetuned_disk,12,1,2,207.49,88.91,88.91
514,2997.00,32.18886219,119.93195478,32.21019634,119.91114649,32.21019634,119.91114649,0.6267,3079.29,1,472,split_finetuned_disk,14,1,2,553.42,79.74,79.74
515,3004.00,32.17230633,119.94354735,32.21019634,119.91114649,32.21019634,119.91114649,0.6500,5206.31,1,270,split_finetuned_disk,15,1,5,1933.08,142.02,142.02
516,3010.00,32.17230633,119.94354735,32.21019634,119.91114649,32.21019634,119.91114649,0.6500,5206.31,1,270,split_finetuned_disk,15,1,-1,1825.43,280.81,280.81
517,3017.00,32.18255551,119.91397981,32.21019634,119.91114649,32.21019634,119.91114649,0.6033,3088.53,1,372,split_finetuned_disk,13,1,4,2219.26,93.00,93.00
518,3022.00,32.18255551,119.91397981,32.21019634,119.91114649,32.21019634,119.91114649,0.6033,3088.53,1,372,split_finetuned_disk,13,1,3,2189.22,99.13,99.13
519,3028.00,32.18255551,119.91397981,32.21019634,119.91114649,32.21019634,119.91114649,0.6033,3088.53,1,372,split_finetuned_disk,13,1,2,2256.92,32.02,32.02
520,3034.00,32.18255551,119.91397981,32.21019634,119.91114649,32.21019634,119.91114649,0.6033,3088.53,1,372,split_finetuned_disk,13,1,2,2238.49,85.11,85.11
521,3039.00,32.18859396,119.92064118,32.21019634,119.91114649,32.21019634,119.91114649,0.6267,2565.70,1,467,split_finetuned_disk,14,1,-1,1718.23,216.62,216.62
522,3045.00,32.19526062,119.94499855,32.21019634,119.91114649,32.19526378,119.94499140,0.7200,3596.15,0,547,split_finetuned_disk,18,1,-1,1420.68,771.99,771.99
523,3050.00,32.17612489,119.94537195,32.19439491,119.94696069,32.17812512,119.94554589,0.8133,2039.32,0,318,split_finetuned_disk,22,1,-1,983.35,704.23,704.23
524,3056.00,32.20243046,119.90604477,32.16049676,119.94646677,32.16049676,119.94646677,0.6267,6023.99,1,644,split_finetuned_disk,14,1,-1,4001.55,688.14,688.14
525,3062.00,32.17616781,119.93146026,32.14286840,119.94738764,32.14286840,119.94738764,0.6733,3998.99,1,311,split_finetuned_disk,16,1,6,801.25,113.98,113.98
526,3068.00,32.17616781,119.93146026,32.12524005,119.94830852,32.12524005,119.94830852,0.6733,5887.22,1,311,split_finetuned_disk,16,1,9,756.18,107.78,107.78
527,3074.00,32.17616781,119.93146026,32.10761169,119.94922939,32.10761169,119.94922939,0.6733,7813.06,1,311,split_finetuned_disk,16,1,10,727.89,98.53,98.53
528,3080.00,32.15227525,119.94848423,32.08998334,119.95015027,32.08998334,119.95015027,0.5567,6936.11,1,20,split_finetuned_disk,11,1,-1,2793.60,381.49,381.49
529,3086.00,32.15227525,119.94848423,32.07235498,119.95107115,32.07235498,119.95107115,0.5567,8900.06,1,20,split_finetuned_disk,11,1,8,2658.62,63.36,63.36
530,3092.00,32.25322944,119.92538218,32.05472663,119.95199202,32.05472663,119.95199202,0.5800,22239.04,1,1297,split_finetuned_disk,12,1,-1,8886.21,1208.27,1208.27
531,3099.00,32.17230633,119.94354735,32.03416021,119.95306638,32.03416021,119.95306638,0.6500,15404.54,1,270,split_finetuned_disk,15,1,5,226.47,85.96,85.96
532,3106.00,32.20795500,119.91587481,32.01359380,119.95414073,32.01359380,119.95414073,0.5100,21934.48,1,695,split_finetuned_disk,9,1,3,4390.66,5.24,5.24
533,3112.00,32.25264524,119.91785858,31.99596544,119.95506161,32.25264524,119.91785858,0.6500,28787.69,1,1271,split_finetuned_disk,15,1,-1,9152.34,307.74,307.74
534,3119.00,32.17230633,119.94354735,32.25264524,119.91785858,32.25264524,119.91785858,0.6500,9264.90,1,270,split_finetuned_disk,15,1,6,232.01,98.98,98.98
535,3126.00,32.17230633,119.94354735,32.25264524,119.91785858,32.25264524,119.91785858,0.6500,9264.90,1,270,split_finetuned_disk,15,1,7,335.68,126.98,126.98
536,3133.00,32.17230633,119.94354735,32.25264524,119.91785858,32.25264524,119.91785858,0.6500,9264.90,1,270,split_finetuned_disk,15,1,7,443.08,106.12,106.12
537,3139.00,32.17985762,119.92478622,32.25264524,119.91785858,32.25264524,119.91785858,0.5333,8128.95,1,354,split_finetuned_disk,10,1,-1,2012.08,1326.06,1326.06
538,3145.00,32.22438692,119.92471014,32.25264524,119.91785858,32.25264524,119.91785858,0.6033,3211.24,1,929,split_finetuned_disk,13,1,-1,6647.60,2156.62,2156.62
539,3151.00,32.20973498,119.94513103,32.25264524,119.91785858,32.25264524,119.91785858,0.6500,5423.75,1,755,split_finetuned_disk,15,1,2,4981.95,35.46,35.46
540,3157.00,32.16464775,119.94295139,32.25264524,119.91785858,32.25264524,119.91785858,0.6267,10077.01,1,178,split_finetuned_disk,14,1,1,65.86,65.86,65.86
541,3164.00,32.22467662,119.92721378,32.25264524,119.91785858,32.22468271,119.92721174,0.7667,3235.77,0,930,split_finetuned_disk,20,1,-1,6918.43,2697.29,2697.29
542,3170.00,32.22438692,119.92471014,32.22268244,119.92788081,32.22268244,119.92788081,0.6033,353.84,1,929,split_finetuned_disk,13,1,-1,7069.86,235.49,235.49
543,3177.00,32.22438692,119.92471014,32.22034879,119.92866139,32.22034879,119.92866139,0.6033,583.61,1,929,split_finetuned_disk,13,1,3,7199.85,113.01,113.01
544,3184.00,32.18255551,119.91397981,32.21801513,119.92944197,32.21801513,119.92944197,0.6033,4207.49,1,372,split_finetuned_disk,13,1,-1,3543.93,322.69,322.69
545,3191.00,32.17595322,119.93705082,32.21568148,119.93022255,32.21568148,119.93022255,0.6967,4469.08,1,313,split_finetuned_disk,17,1,-1,1947.27,1947.27,1947.27
546,3198.00,32.16464775,119.94295139,32.21334783,119.93100314,32.21334783,119.93100314,0.6267,5536.89,1,178,split_finetuned_disk,14,1,-1,738.53,738.53,738.53
547,3204.00,32.25264524,119.91785858,32.21134755,119.93167221,32.21134755,119.93167221,0.6500,4777.85,1,1271,split_finetuned_disk,15,1,10,10681.28,117.89,117.89
548,3247.00,32.15787971,119.94776847,32.19701225,119.93646721,32.19701225,119.93646721,0.5567,4484.42,1,88,split_finetuned_disk,11,1,1,30.42,30.42,30.42
549,3251.00,32.19526062,119.94499855,32.19567874,119.93691325,32.19526078,119.94499556,0.7200,763.02,0,547,split_finetuned_disk,18,1,-1,3892.55,246.96,246.96
550,3256.00,32.21311955,119.91454473,32.19356681,119.94607656,32.19356681,119.94607656,0.6033,3682.32,1,762,split_finetuned_disk,13,1,2,6589.85,37.82,37.82
551,3260.00,32.18712995,119.93247466,32.19221164,119.94694137,32.19221164,119.94694137,0.6500,1475.45,1,449,split_finetuned_disk,15,1,9,3176.63,72.87,72.87
552,3264.00,32.18712995,119.93247466,32.19085647,119.94780618,32.19085647,119.94780618,0.6500,1502.56,1,449,split_finetuned_disk,15,1,9,3076.56,54.40,54.40
553,3269.00,32.25314953,119.94052383,32.18916251,119.94888718,32.18916251,119.94888718,0.6267,7166.47,1,1281,split_finetuned_disk,14,1,2,9855.05,87.07,87.07
554,3273.00,32.25318653,119.92324626,32.18780734,119.94975199,32.18780734,119.94975199,0.5567,7694.35,1,1296,split_finetuned_disk,11,1,-1,10157.67,5821.95,5821.95
555,3278.00,32.18712995,119.93247466,32.18611337,119.95083299,32.18611337,119.95083299,0.6500,1732.97,1,449,split_finetuned_disk,15,1,3,2746.19,81.92,81.92
556,3282.00,32.19952390,119.91447433,32.18475820,119.95169780,32.18475820,119.95169780,0.5567,3872.45,1,602,split_finetuned_disk,11,1,8,4702.32,142.35,142.35
557,3287.00,32.16320520,119.95003687,32.18306424,119.95277881,32.18306424,119.95277881,0.6267,2225.74,1,159,split_finetuned_disk,14,1,8,731.76,21.04,21.04
558,3292.00,32.16748512,119.94618347,32.18137027,119.95385981,32.18137027,119.95385981,0.6733,1706.46,1,203,split_finetuned_disk,16,1,3,241.37,99.90,99.90
559,3296.00,32.17230633,119.94354735,32.18001510,119.95472462,32.17230633,119.94354735,0.6500,1358.27,1,270,split_finetuned_disk,15,1,2,427.12,22.99,22.99
560,3301.00,32.17230633,119.94354735,32.17230633,119.94354735,32.17230633,119.94354735,0.6500,0.00,0,270,split_finetuned_disk,15,1,2,339.07,88.62,88.62
561,3306.00,32.17230633,119.94354735,32.17230633,119.94354735,32.17230633,119.94354735,0.6500,0.00,0,270,split_finetuned_disk,15,1,3,252.10,31.06,31.06
562,3310.00,32.17230633,119.94354735,32.17230633,119.94354735,32.17230633,119.94354735,0.6500,0.00,0,270,split_finetuned_disk,15,1,1,107.98,107.98,107.98
563,3315.00,32.19019745,119.93661970,32.17230633,119.94354735,32.17230633,119.94354735,0.5567,2095.82,1,497,split_finetuned_disk,11,1,-1,2069.97,189.92,189.92
564,3320.00,32.21019634,119.91114649,32.17230633,119.94354735,32.17230633,119.94354735,0.5800,5206.31,1,739,split_finetuned_disk,12,1,3,4966.59,96.31,96.31
565,3324.00,32.15787971,119.94776847,32.17230633,119.94354735,32.17230633,119.94354735,0.5567,1654.46,1,88,split_finetuned_disk,11,1,4,1896.01,111.66,111.66
566,3329.00,32.18380494,119.92754346,32.17230633,119.94354735,32.18356162,119.92788211,0.7200,1977.63,0,401,split_finetuned_disk,18,1,9,1697.46,88.98,88.98
567,3333.00,32.25241993,119.94463083,32.18624558,119.92414654,32.18624558,119.92414654,0.5567,7615.04,1,1283,split_finetuned_disk,11,1,-1,8321.07,1132.83,1132.83
568,3338.00,32.25234482,119.92045098,32.18960053,119.91947709,32.24664603,119.92036252,0.7433,6985.30,0,1272,split_finetuned_disk,19,1,-1,8445.65,1025.50,1025.50
569,3343.00,32.24475061,119.94283727,32.27919868,119.91614626,32.25224286,119.93703213,0.7200,4585.46,0,1190,split_finetuned_disk,18,1,-1,7295.86,7098.47,7098.47
570,3347.00,32.18831499,119.95319987,32.26497672,119.94397062,32.26497672,119.94397062,0.6033,8578.15,1,482,split_finetuned_disk,13,1,-1,1408.46,1408.46,1408.46
571,3352.00,32.24787176,119.92455798,32.28089404,119.95264372,32.28089404,119.95264372,0.6733,4529.04,1,1228,split_finetuned_disk,16,1,-1,7641.07,4387.03,4387.03
572,3357.00,32.24787176,119.92455798,32.29681136,119.96131682,32.29681136,119.96131682,0.6733,6455.17,1,1228,split_finetuned_disk,16,1,-1,7512.87,3159.54,3159.54
573,3361.00,32.17230633,119.94354735,32.30954522,119.96825530,32.30954522,119.96825530,0.6500,15453.69,1,270,split_finetuned_disk,15,1,5,1153.89,110.81,110.81
574,3366.00,32.17230633,119.94354735,32.32546254,119.97692840,32.32546254,119.97692840,0.6500,17336.87,1,270,split_finetuned_disk,15,1,-1,1253.72,889.36,889.36
575,3371.00,32.25314953,119.94052383,32.34137986,119.98560151,32.34137986,119.98560151,0.6267,10700.34,1,1281,split_finetuned_disk,14,1,6,7439.72,106.06,106.06
576,3376.00,32.25314953,119.94052383,32.35729718,119.99427461,32.35729718,119.99427461,0.6267,12651.05,1,1281,split_finetuned_disk,14,1,6,7328.41,122.24,122.24
577,3381.00,32.18255551,119.91397981,32.37321450,120.00294771,32.37321450,120.00294771,0.6033,22818.76,1,372,split_finetuned_disk,13,1,7,2474.21,17.01,17.01
578,3385.00,32.18255551,119.91397981,32.38594835,120.00988619,32.38594835,120.00988619,0.6033,24377.42,1,372,split_finetuned_disk,13,1,6,2502.81,95.00,95.00
579,3390.00,32.20028569,119.91827133,32.40186567,120.01855929,32.20028569,119.91827133,0.6267,24347.24,1,603,split_finetuned_disk,14,1,-1,2506.90,290.36,290.36
580,3395.00,32.18886219,119.93195478,32.20028569,119.91827133,32.20028569,119.91827133,0.6267,1810.65,1,472,split_finetuned_disk,14,1,-1,811.41,415.10,415.10
581,3400.00,32.18886219,119.93195478,32.20028569,119.91827133,32.20028569,119.91827133,0.6267,1810.65,1,472,split_finetuned_disk,14,1,-1,742.83,310.72,310.72
582,3404.00,32.18165424,119.95337739,32.20028569,119.91827133,32.20028569,119.91827133,0.5567,3903.44,1,390,split_finetuned_disk,11,1,7,1714.15,114.44,114.44
583,3408.00,32.19528689,119.94535359,32.20028569,119.91827133,32.20028569,119.91827133,0.6267,2611.02,1,570,split_finetuned_disk,14,1,-1,607.65,348.88,348.88
584,3413.00,32.19667580,119.93102346,32.20028569,119.91827133,32.19667843,119.93101416,0.7900,1266.63,0,586,split_finetuned_disk,21,1,-1,1014.63,567.43,567.43
585,3417.00,32.19656369,119.93459790,32.19639305,119.93202228,32.19639305,119.93202228,0.5800,243.35,1,565,split_finetuned_disk,12,1,-1,528.28,339.11,339.11
586,3422.00,32.19491136,119.93968126,32.19603632,119.93328244,32.19496969,119.93934951,0.7433,615.61,0,567,split_finetuned_disk,19,1,1,30.26,30.26,30.26
587,3427.00,32.24773228,119.92989494,32.19403193,119.94391458,32.19403193,119.94391458,0.6033,6122.05,1,1230,split_finetuned_disk,13,1,8,5783.35,126.51,126.51
588,3432.00,32.21971592,119.92590206,32.19309418,119.94847964,32.19309418,119.94847964,0.6033,3647.66,1,860,split_finetuned_disk,13,1,6,2703.13,21.38,21.38
589,3437.00,32.20973498,119.94513103,32.19215643,119.95304470,32.19215643,119.95304470,0.6500,2094.02,1,755,split_finetuned_disk,15,1,7,1520.54,98.46,98.46
590,3442.00,32.20003891,119.93687330,32.19121868,119.95760976,32.19987411,119.93726076,0.7900,2186.18,0,612,split_finetuned_disk,21,1,7,216.18,18.12,18.12
591,3446.00,32.20003891,119.93687330,32.20111097,119.93624120,32.20031634,119.93670973,0.7900,133.37,0,612,split_finetuned_disk,21,1,5,170.85,112.01,112.01
592,3451.00,32.19528689,119.94535359,32.20130299,119.93576512,32.20130299,119.93576512,0.6267,1124.40,1,570,split_finetuned_disk,14,1,-1,926.41,839.99,839.99
593,3455.00,32.25357278,119.94049847,32.20209231,119.93500944,32.24892833,119.94000326,0.7433,5754.08,0,1304,split_finetuned_disk,19,1,10,5675.52,139.86,139.86
594,3460.00,32.17595322,119.93705082,32.27378461,119.94160372,32.27378461,119.94160372,0.6967,10899.03,1,313,split_finetuned_disk,17,1,9,3045.06,129.06,129.06
595,3465.00,32.17994346,119.91996914,32.29864089,119.94320417,32.29864089,119.94320417,0.6267,13393.43,1,352,split_finetuned_disk,14,1,7,3146.44,130.24,130.24
596,3470.00,32.18476466,119.92363934,32.32349717,119.94480463,32.32349717,119.94480463,0.6033,15571.86,1,422,split_finetuned_disk,13,1,5,2576.52,70.86,70.86
597,3474.00,32.18476466,119.92363934,32.34338219,119.94608500,32.34338219,119.94608500,0.6033,17783.43,1,422,split_finetuned_disk,13,1,7,2674.92,36.22,36.22
598,3479.00,32.19667580,119.93102346,32.36823847,119.94768545,32.19879231,119.93122901,0.7900,19162.74,0,586,split_finetuned_disk,21,1,6,1255.96,92.14,92.14
599,3483.00,32.21679863,119.93186602,32.18438269,119.92917872,32.18438269,119.92917872,0.5567,3617.41,1,817,split_finetuned_disk,11,1,6,907.81,27.63,27.63
600,3488.00,32.24013326,119.92881146,32.16637067,119.92661585,32.16637067,119.92661585,0.5800,8213.86,1,1114,split_finetuned_disk,12,1,3,3381.10,120.63,120.63
601,3492.00,32.21679863,119.93186602,32.15196106,119.92456555,32.15196106,119.92456555,0.5567,7250.40,1,817,split_finetuned_disk,11,1,3,677.06,67.43,67.43
602,3496.00,32.21679863,119.93186602,32.13755144,119.92251526,32.13755144,119.92251526,0.5567,8865.66,1,817,split_finetuned_disk,11,1,3,582.76,102.51,102.51
603,3500.00,32.21429387,119.93302558,32.12314183,119.92046496,32.12314183,119.92046496,0.5333,10215.79,1,795,split_finetuned_disk,10,1,10,213.47,137.54,137.54
604,3505.00,32.21429387,119.93302558,32.10512981,119.91790209,32.10512981,119.91790209,0.5333,12235.36,1,795,split_finetuned_disk,10,1,1,144.44,144.44,144.44
605,3510.00,32.16804305,119.91581841,32.08711779,119.91533922,32.16766682,119.91581618,0.9533,9008.71,0,188,split_finetuned_disk,28,1,-1,5568.52,170.24,170.24
606,3514.00,32.18255551,119.91397981,32.16634543,119.91384339,32.16634543,119.91384339,0.6033,1804.55,1,372,split_finetuned_disk,13,1,10,4192.32,51.06,51.06
607,3519.00,32.24013326,119.92881146,32.16469369,119.91137739,32.16469369,119.91137739,0.5800,8556.99,1,1114,split_finetuned_disk,12,1,4,2611.91,78.09,78.09
608,3523.00,32.24013326,119.92881146,32.16337230,119.90940460,32.16337230,119.90940460,0.5800,8738.38,1,1114,split_finetuned_disk,12,1,3,2504.13,44.58,44.58
609,3528.00,32.22004854,119.93116862,32.16172056,119.90693860,32.16172056,119.90693860,0.5333,6882.52,1,863,split_finetuned_disk,10,1,2,263.24,98.32,98.32
610,3533.00,32.21743648,119.92876642,32.16006882,119.90447261,32.16006882,119.90447261,0.6967,6783.79,1,839,split_finetuned_disk,17,1,3,399.55,54.98,54.98
611,3537.00,32.21669134,119.92548362,32.15874743,119.90249981,32.15874743,119.90249981,0.5567,6803.95,1,814,split_finetuned_disk,11,1,4,904.45,125.47,125.47
612,3542.00,32.24787176,119.92455798,32.15709569,119.90003382,32.15709569,119.90003382,0.6733,10365.87,1,1228,split_finetuned_disk,16,1,-1,3067.73,379.88,379.88
613,3547.00,32.17595322,119.93705082,32.15544395,119.89756782,32.15544395,119.89756782,0.6967,4363.99,1,313,split_finetuned_disk,17,1,-1,5130.64,1710.85,1710.85
614,3552.00,32.24787176,119.92455798,32.15379221,119.89510183,32.15379221,119.89510183,0.6733,10834.25,1,1228,split_finetuned_disk,16,1,-1,2863.02,173.32,173.32
615,3556.00,32.24787176,119.92455798,32.15247082,119.89312904,32.24787176,119.92455798,0.6733,11024.95,1,1228,split_finetuned_disk,16,1,-1,2731.72,549.30,549.30
616,3561.00,32.19733029,119.91976057,32.24787176,119.92455798,32.24787176,119.92455798,0.6733,5644.40,1,581,split_finetuned_disk,16,1,-1,3304.18,1208.53,1208.53
617,3566.00,32.17058482,119.91706673,32.24787176,119.92455798,32.17067916,119.91707588,0.7433,8632.47,0,235,split_finetuned_disk,19,1,4,6337.88,59.25,59.25
618,3571.00,32.16597820,119.91499421,32.16161459,119.91619727,32.16161459,119.91619727,0.6033,498.80,1,165,split_finetuned_disk,13,1,3,7076.16,95.55,95.55
619,3576.00,32.18255551,119.91397981,32.15255003,119.91531866,32.15255003,119.91531866,0.6033,3342.59,1,372,split_finetuned_disk,13,1,6,5420.55,44.05,44.05
620,3581.00,32.22467662,119.92721378,32.14348546,119.91444005,32.22289656,119.92693372,0.7667,9117.94,0,930,split_finetuned_disk,20,1,6,608.00,102.08,102.08
621,3585.00,32.23045274,119.92581898,32.23815758,119.92977274,32.23815758,119.92977274,0.5333,935.07,1,999,split_finetuned_disk,10,1,6,356.66,43.51,43.51
622,3590.00,32.19339962,119.90709720,32.25723387,119.93332150,32.25723387,119.93332150,0.6033,7523.14,1,506,split_finetuned_disk,13,1,8,4916.65,122.95,122.95
623,3594.00,32.22759391,119.92747306,32.27249490,119.93616051,32.27249490,119.93616051,0.5100,5064.92,1,977,split_finetuned_disk,9,1,7,454.24,50.75,50.75
624,3599.00,32.19032620,119.94812919,32.29157118,119.93970928,32.19229100,119.94796579,0.9533,11298.46,0,503,split_finetuned_disk,28,1,-1,5046.27,151.19,151.19
625,3603.00,32.19032620,119.94812919,32.18211784,119.95292001,32.18834607,119.94928490,0.9533,1019.12,0,503,split_finetuned_disk,28,1,-1,5150.92,652.01,652.01
626,3608.00,32.22004854,119.93116862,32.18023560,119.95278938,32.18023560,119.95278938,0.5333,4877.51,1,863,split_finetuned_disk,10,1,-1,1765.70,804.35,804.35
627,3612.00,32.24787176,119.92455798,32.17374723,119.95559297,32.17374723,119.95559297,0.6733,8754.09,1,1228,split_finetuned_disk,16,1,-1,1417.06,345.18,345.18
628,3617.00,32.24787176,119.92455798,32.16563676,119.95909745,32.16563676,119.95909745,0.6733,9715.35,1,1228,split_finetuned_disk,16,1,-1,1312.34,236.55,236.55
629,3621.00,32.24221366,119.91002497,32.15914839,119.96190104,32.15914839,119.96190104,0.6733,10458.57,1,1152,split_finetuned_disk,16,1,4,1842.24,89.01,89.01
630,3626.00,32.24221366,119.91002497,32.15103792,119.96540552,32.15103792,119.96540552,0.6733,11411.79,1,1152,split_finetuned_disk,16,1,8,1814.16,32.22,32.22
631,3630.00,32.21347843,119.92984422,32.14454955,119.96820910,32.21293225,119.93014822,0.8600,8481.57,0,793,split_finetuned_disk,24,1,9,2905.97,99.41,99.41
632,3635.00,32.21669134,119.92548362,32.22054418,119.92490183,32.22054418,119.92490183,0.5567,432.39,1,814,split_finetuned_disk,11,1,6,2841.09,36.07,36.07
633,3639.00,32.21669134,119.92548362,32.22663373,119.92070471,32.22663373,119.92070471,0.5567,1194.83,1,814,split_finetuned_disk,11,1,8,2940.46,88.58,88.58
634,3644.00,32.21669134,119.92548362,32.23424567,119.91545832,32.23424567,119.91545832,0.5567,2170.36,1,814,split_finetuned_disk,11,1,3,3041.00,79.40,79.40
635,3648.00,32.24221366,119.91002497,32.24033522,119.91126120,32.24033522,119.91126120,0.6733,239.35,1,1152,split_finetuned_disk,16,1,7,1679.90,95.35,95.35
636,3653.00,32.20800273,119.91671169,32.24794715,119.90601481,32.24794715,119.90601481,0.6267,4559.34,1,718,split_finetuned_disk,14,1,6,4191.23,90.07,90.07
637,3657.00,32.21743648,119.92876642,32.25403670,119.90181769,32.25403670,119.90181769,0.6967,4800.41,1,839,split_finetuned_disk,17,1,3,3165.09,82.97,82.97
638,3662.00,32.24773228,119.92989494,32.26164864,119.89657130,32.26164864,119.89657130,0.6033,3500.41,1,1230,split_finetuned_disk,13,1,6,178.22,104.63,104.63
639,3666.00,32.24221366,119.91002497,32.26773819,119.89237419,32.26773819,119.89237419,0.6733,3292.09,1,1152,split_finetuned_disk,16,1,7,1684.77,24.97,24.97
640,3671.00,32.22617281,119.91442361,32.27535012,119.88712779,32.27535012,119.88712779,0.6500,6048.14,1,947,split_finetuned_disk,15,1,4,2751.25,87.76,87.76
641,3675.00,32.25321871,119.91901245,32.28143967,119.88293068,32.25321871,119.91901245,0.5567,4628.27,1,1294,split_finetuned_disk,11,1,5,877.96,20.40,20.40
642,3679.00,32.20776187,119.92720809,32.25321871,119.91901245,32.25321871,119.91901245,0.6967,5118.80,1,699,split_finetuned_disk,17,1,-1,4911.35,741.49,741.49
643,3723.00,32.22617281,119.91442361,32.25321871,119.91901245,32.25321871,119.91901245,0.6500,3041.62,1,947,split_finetuned_disk,15,1,-1,3126.80,1284.37,1284.37
644,3729.00,32.20858212,119.91860669,32.25321871,119.91901245,32.25321871,119.91901245,0.6733,4969.09,1,719,split_finetuned_disk,16,1,5,4772.17,81.52,81.52
645,3735.00,32.20800273,119.91671169,32.25321871,119.91901245,32.25321871,119.91901245,0.6267,5038.11,1,718,split_finetuned_disk,14,1,4,4724.02,78.64,78.64
646,3742.00,32.24773228,119.92989494,32.25321871,119.91901245,32.25321871,119.91901245,0.6033,1193.23,1,1230,split_finetuned_disk,13,1,1,74.64,74.64,74.64
647,3748.00,32.20800273,119.91671169,32.25321871,119.91901245,32.25321871,119.91901245,0.6267,5038.11,1,718,split_finetuned_disk,14,1,2,4509.87,94.13,94.13
648,3755.00,32.20800273,119.91671169,32.25321871,119.91901245,32.25321871,119.91901245,0.6267,5038.11,1,718,split_finetuned_disk,14,1,6,4431.04,47.04,47.04
649,3762.00,32.24496520,119.93184066,32.25321871,119.91901245,32.25321871,119.91901245,0.6033,1517.99,1,1185,split_finetuned_disk,13,1,1,115.38,102.68,102.68
650,3769.00,32.24181186,119.90914437,32.25321871,119.91901245,32.25321871,119.91901245,0.6733,1573.67,1,1128,split_finetuned_disk,16,1,3,2192.63,43.58,43.58
651,3776.00,32.19032620,119.94812919,32.25321871,119.91901245,32.19033165,119.94812667,0.9533,7519.24,0,503,split_finetuned_disk,28,1,-1,6120.18,298.58,298.58
652,3783.00,32.19032620,119.94812919,32.18649692,119.94990200,32.19010310,119.94823248,0.9533,457.82,0,503,split_finetuned_disk,28,1,9,6013.02,46.18,46.18
653,3790.00,32.19032620,119.94812919,32.18962611,119.94845331,32.19024000,119.94816910,0.9533,83.70,0,503,split_finetuned_disk,28,1,-1,5880.50,478.52,478.52
654,3797.00,32.19032620,119.94812919,32.19021558,119.94818041,32.19030989,119.94813674,0.9533,13.23,0,503,split_finetuned_disk,28,1,5,5773.19,63.80,63.80
655,3803.00,32.24496520,119.93184066,32.19034777,119.94811921,32.19034777,119.94811921,0.6033,6270.39,1,1185,split_finetuned_disk,13,1,10,552.21,71.41,71.41
656,3810.00,32.21145168,119.91414465,32.19039196,119.94809875,32.19039196,119.94809875,0.6267,3965.52,1,740,split_finetuned_disk,14,1,-1,3546.47,1325.79,1325.79
657,3817.00,32.21232558,119.95172331,32.19043615,119.94807829,32.21176554,119.95163005,0.7667,2460.80,0,780,split_finetuned_disk,20,1,-1,3276.23,1255.26,1255.26
658,3824.00,32.25326163,119.94617079,32.22031269,119.95302550,32.22031269,119.95302550,0.6267,3724.28,1,1307,split_finetuned_disk,14,1,-1,2254.31,812.10,812.10
659,3831.00,32.20800273,119.91671169,32.22885983,119.95442096,32.22885983,119.95442096,0.6267,4243.57,1,718,split_finetuned_disk,14,1,5,3388.71,57.24,57.24
660,3838.00,32.20800273,119.91671169,32.23740698,119.95581641,32.23740698,119.95581641,0.6267,4927.73,1,718,split_finetuned_disk,14,1,-1,3290.02,1860.37,1860.37
661,3844.00,32.21971592,119.92590206,32.24473310,119.95701251,32.24473310,119.95701251,0.6033,4042.69,1,860,split_finetuned_disk,13,1,-1,1758.93,1758.93,1758.93
662,3850.00,32.22467662,119.93358350,32.25205922,119.95820861,32.25205922,119.95820861,0.5333,3830.42,1,933,split_finetuned_disk,10,1,-1,882.90,841.67,841.67
663,3857.00,32.21743648,119.92876642,32.26060637,119.95960406,32.26060637,119.95960406,0.6967,5615.35,1,839,split_finetuned_disk,17,1,7,1630.97,48.96,48.96
664,3863.00,32.23186310,119.93782999,32.26793249,119.96080016,32.26793249,119.96080016,0.6733,4561.11,1,1027,split_finetuned_disk,16,1,8,383.30,80.70,80.70
665,3870.00,32.23186310,119.93782999,32.27647963,119.96219561,32.27647963,119.96219561,0.6733,5471.37,1,1027,split_finetuned_disk,16,1,8,433.75,56.60,56.60
666,3877.00,32.17665064,119.92366470,32.28502678,119.96359106,32.28502678,119.96359106,0.6733,12637.04,1,307,split_finetuned_disk,16,1,6,5939.51,61.90,61.90
667,3883.00,32.22759983,119.93722834,32.29235290,119.96478716,32.22759983,119.93722834,0.6967,7661.50,1,957,split_finetuned_disk,17,1,3,151.93,91.96,91.96
668,3889.00,32.22759983,119.93722834,32.22759983,119.93722834,32.22759983,119.93722834,0.6967,0.00,0,957,split_finetuned_disk,17,1,1,71.20,71.20,71.20
669,3895.00,32.24109299,119.92448190,32.22759983,119.93722834,32.22759983,119.93722834,0.6267,1922.96,1,1136,split_finetuned_disk,14,1,-1,1927.21,1746.05,1746.05
670,3901.00,32.22759983,119.93722834,32.22759983,119.93722834,32.22759983,119.93722834,0.6967,0.00,0,957,split_finetuned_disk,17,1,6,208.32,66.62,66.62
671,3907.00,32.24350119,119.92446353,32.22759983,119.93722834,32.22759983,119.93722834,0.6500,2139.89,1,1158,split_finetuned_disk,15,1,9,2384.22,118.13,118.13
672,3913.00,32.24350119,119.92446353,32.22759983,119.93722834,32.22759983,119.93722834,0.6500,2139.89,1,1158,split_finetuned_disk,15,1,6,2527.12,29.02,29.02
673,3918.00,32.16164462,119.92028614,32.22759983,119.93722834,32.22759983,119.93722834,0.6733,7513.57,1,122,split_finetuned_disk,16,1,5,6830.63,84.42,84.42
674,3925.00,32.17665064,119.92366470,32.22759983,119.93722834,32.22759983,119.93722834,0.6733,5813.79,1,307,split_finetuned_disk,16,1,10,5117.87,41.93,41.93
675,3931.00,32.15300485,119.94157626,32.22759983,119.93722834,32.22759983,119.93722834,0.5567,8314.01,1,16,split_finetuned_disk,11,1,6,7466.43,63.46,63.46
676,3937.00,32.15300485,119.94157626,32.22759983,119.93722834,32.22759983,119.93722834,0.5567,8314.01,1,16,split_finetuned_disk,11,1,6,7355.25,60.82,60.82
677,3943.00,32.17239217,119.93299454,32.22759983,119.93722834,32.22759983,119.93722834,0.5333,6158.64,1,265,split_finetuned_disk,10,1,6,5061.47,126.61,126.61
678,3950.00,32.18255551,119.91397981,32.22759983,119.93722834,32.22759983,119.93722834,0.6033,5471.68,1,372,split_finetuned_disk,13,1,5,4470.00,138.40,138.40
679,3958.00,32.17239217,119.93299454,32.22759983,119.93722834,32.22759983,119.93722834,0.5333,6158.64,1,265,split_finetuned_disk,10,1,7,4851.13,123.97,123.97
680,3964.00,32.24360257,119.91187625,32.22759983,119.93722834,32.24360257,119.91187625,0.5100,2979.31,1,1175,split_finetuned_disk,9,1,-1,4144.00,150.47,150.47
681,3970.00,32.24221366,119.91002497,32.24360257,119.91187625,32.24360257,119.91187625,0.6733,233.05,1,1152,split_finetuned_disk,16,1,-1,4132.95,416.01,416.01
682,3977.00,32.23636835,119.90829481,32.24360257,119.91187625,32.24360257,119.91187625,0.5567,873.12,1,1059,split_finetuned_disk,11,1,-1,3772.92,625.93,625.93
683,3983.00,32.18885146,119.92416490,32.24360257,119.91187625,32.24360257,119.91187625,0.6967,6203.84,1,469,split_finetuned_disk,17,1,-1,2850.13,816.32,816.32
684,3989.00,32.18885146,119.92416490,32.24360257,119.91187625,32.24360257,119.91187625,0.6967,6203.84,1,469,split_finetuned_disk,17,1,4,2749.86,68.29,68.29
685,3996.00,32.18885146,119.92416490,32.24360257,119.91187625,32.24360257,119.91187625,0.6967,6203.84,1,469,split_finetuned_disk,17,1,2,2660.37,37.40,37.40
686,4002.00,32.18885146,119.92416490,32.24360257,119.91187625,32.24360257,119.91187625,0.6967,6203.84,1,469,split_finetuned_disk,17,1,2,2607.90,105.23,105.23
687,4008.00,32.18885146,119.92416490,32.24360257,119.91187625,32.24360257,119.91187625,0.6967,6203.84,1,469,split_finetuned_disk,17,1,5,2512.27,123.82,123.82
688,4015.00,32.21669134,119.92548362,32.24360257,119.91187625,32.24360257,119.91187625,0.5567,3258.44,1,814,split_finetuned_disk,11,1,8,1628.87,114.83,114.83
689,4021.00,32.21679863,119.93186602,32.24360257,119.91187625,32.24360257,119.91187625,0.5567,3528.26,1,817,split_finetuned_disk,11,1,10,1291.83,135.65,135.65
690,4029.00,32.20324590,119.94228634,32.24360257,119.91187625,32.20325337,119.94228071,0.7200,5328.03,0,660,split_finetuned_disk,18,1,5,228.02,90.30,90.30
691,4036.00,32.20324590,119.94228634,32.20014138,119.94462570,32.20301552,119.94245994,0.7200,409.87,0,660,split_finetuned_disk,18,1,1,98.38,98.38,98.38
692,4043.00,32.19661734,119.93139686,32.20252011,119.94283325,32.20252011,119.94283325,0.6967,1261.85,1,564,split_finetuned_disk,17,1,-1,1133.15,1133.15,1133.15
693,4051.00,32.19528689,119.94535359,32.20195393,119.94325989,32.20195393,119.94325989,0.6267,767.93,1,570,split_finetuned_disk,14,1,-1,792.56,792.56,792.56
694,4058.00,32.19667580,119.93102346,32.20145852,119.94363319,32.19675560,119.93123387,0.7900,1301.65,0,586,split_finetuned_disk,21,1,-1,1072.28,711.53,711.53
695,4064.00,32.19667580,119.93102346,32.19493231,119.92786626,32.19634417,119.93042293,0.7900,355.12,0,586,split_finetuned_disk,21,1,-1,1038.55,659.60,659.60
696,4071.00,32.25135772,119.90983477,32.19535336,119.92855184,32.19535336,119.92855184,0.6733,6478.90,1,1267,split_finetuned_disk,16,1,-1,6526.22,4304.72,4304.72
697,4077.00,32.25314953,119.94052383,32.19450410,119.92694806,32.19450410,119.92694806,0.6267,6652.47,1,1281,split_finetuned_disk,14,1,-1,5959.32,500.32,500.32
698,4083.00,32.25314953,119.94052383,32.19365483,119.92534427,32.19365483,119.92534427,0.6267,6775.54,1,1281,split_finetuned_disk,14,1,-1,6059.50,1344.92,1344.92
699,4090.00,32.21019634,119.91114649,32.19266402,119.92347318,32.19266402,119.92347318,0.5800,2270.97,1,739,split_finetuned_disk,12,1,-1,3122.08,343.61,343.61
700,4096.00,32.25326163,119.94617079,32.19181476,119.92186940,32.19181476,119.92186940,0.6267,7213.12,1,1307,split_finetuned_disk,14,1,-1,6500.70,4907.02,4907.02
701,4103.00,32.25326163,119.94617079,32.19082395,119.91999831,32.19082395,119.91999831,0.6267,7374.83,1,1307,split_finetuned_disk,14,1,-1,6605.22,731.22,731.22
702,4111.00,32.25326163,119.94617079,32.18969160,119.91785993,32.18969160,119.91785993,0.6267,7562.41,1,1307,split_finetuned_disk,14,1,-1,6716.33,4920.85,4920.85
703,4117.00,32.19656369,119.93459790,32.18884233,119.91625614,32.18884233,119.91625614,0.5800,1929.72,1,565,split_finetuned_disk,12,1,-1,894.99,894.99,894.99
704,4124.00,32.22794798,119.94612007,32.18785152,119.91438506,32.18785152,119.91438506,0.5333,5372.06,1,985,split_finetuned_disk,10,1,-1,4146.66,676.82,676.82
705,4130.00,32.22794798,119.94612007,32.18700226,119.91278127,32.22794798,119.94612007,0.5333,5535.16,1,985,split_finetuned_disk,10,1,-1,4238.38,365.79,365.79
706,4137.00,32.18885146,119.92416490,32.22794798,119.94612007,32.22794798,119.94612007,0.6967,4818.59,1,469,split_finetuned_disk,17,1,8,1688.13,106.75,106.75
707,4144.00,32.24797906,119.93291146,32.22794798,119.94612007,32.22794798,119.94612007,0.5567,2553.49,1,1232,split_finetuned_disk,11,1,6,6708.34,100.06,100.06
708,4151.00,32.19526062,119.94499855,32.22794798,119.94612007,32.19527940,119.94499919,0.7200,3640.29,0,547,split_finetuned_disk,18,1,-1,769.11,769.11,769.11
709,4158.00,32.21019634,119.91114649,32.19165416,119.94487481,32.19165416,119.94487481,0.5800,3788.70,1,739,split_finetuned_disk,12,1,-1,3933.80,339.26,339.26
710,4165.00,32.24475061,119.94283727,32.18802892,119.94475042,32.24319390,119.94288977,0.7200,6316.83,0,1190,split_finetuned_disk,18,1,-1,6585.90,1274.92,1274.92
711,4172.00,32.24475061,119.94283727,32.26770048,119.94181653,32.24855247,119.94266817,0.7200,2556.59,0,1190,split_finetuned_disk,18,1,-1,6686.05,6486.12,6486.12
712,4178.00,32.24206345,119.94320499,32.25806464,119.94225944,32.24522211,119.94301833,0.7200,1783.48,0,1167,split_finetuned_disk,18,1,7,6597.40,19.49,19.49
713,4184.00,32.25234482,119.92045098,32.24623853,119.94311164,32.25118396,119.92475896,0.7433,2240.16,0,1272,split_finetuned_disk,19,1,-1,8008.97,1066.11,1066.11
714,4191.00,32.23493061,119.93049090,32.25622490,119.91056137,32.25622490,119.91056137,0.6967,3023.79,1,1069,split_finetuned_disk,17,1,-1,6174.03,974.68,974.68
715,4197.00,32.18831499,119.95319987,32.26054570,119.89839200,32.26054570,119.89839200,0.6033,9555.43,1,482,split_finetuned_disk,13,1,-1,1178.08,795.75,795.75
716,4204.00,32.25326163,119.94617079,32.26558663,119.88419441,32.26558663,119.88419441,0.6267,5996.96,1,1307,split_finetuned_disk,14,1,-1,8241.14,1246.44,1246.44
717,4211.00,32.21019634,119.91114649,32.27062757,119.86999682,32.27062757,119.86999682,0.5800,7763.99,1,739,split_finetuned_disk,12,1,-1,4698.00,372.95,372.95
718,4217.00,32.19528689,119.94535359,32.27494837,119.85782746,32.27494837,119.85782746,0.6267,12108.38,1,570,split_finetuned_disk,14,1,-1,2053.09,369.92,369.92
719,4224.00,32.17612489,119.94537195,32.27998931,119.84362986,32.17657479,119.94493125,0.8133,15017.68,0,318,split_finetuned_disk,22,1,1,129.99,129.99,129.99
720,4230.00,32.17612489,119.94537195,32.16090482,119.95234418,32.17367212,119.94649555,0.8133,1817.13,0,318,split_finetuned_disk,22,1,1,80.32,80.32,80.32
721,4237.00,32.17612489,119.94537195,32.16675506,119.94993793,32.17484127,119.94599747,0.8133,1128.24,0,318,split_finetuned_disk,22,1,-1,188.14,188.14,188.14
722,4244.00,32.19526062,119.94499855,32.17391657,119.94651973,32.19158922,119.94526021,0.7200,2380.34,0,547,split_finetuned_disk,18,1,8,2303.23,101.64,101.64
723,4250.00,32.21232558,119.95172331,32.20157039,119.94494002,32.21025427,119.95041694,0.7667,1357.10,0,780,split_finetuned_disk,20,1,-1,4429.26,1208.68,1208.68
724,4257.00,32.17230633,119.94354735,32.22852153,119.95422023,32.22852153,119.95422023,0.6500,6338.12,1,270,split_finetuned_disk,15,1,5,478.95,102.61,102.61
725,4263.00,32.16179483,119.94844619,32.24417919,119.95748020,32.24417919,119.95748020,0.6500,9210.42,1,135,split_finetuned_disk,15,1,6,989.61,66.78,66.78
726,4270.00,32.16748512,119.94618347,32.26244645,119.96128349,32.26244645,119.96128349,0.6733,10666.36,1,203,split_finetuned_disk,16,1,6,276.33,93.86,93.86
727,4277.00,32.16748512,119.94618347,32.28071371,119.96508678,32.28071371,119.96508678,0.6733,12729.76,1,203,split_finetuned_disk,16,1,3,169.97,76.61,76.61
728,4284.00,32.16748512,119.94618347,32.29898097,119.96889007,32.29898097,119.96889007,0.6733,14793.55,1,203,split_finetuned_disk,16,1,1,78.77,78.77,78.77
729,4291.00,32.17230633,119.94354735,32.31724823,119.97269336,32.31724823,119.97269336,0.6500,16366.84,1,270,split_finetuned_disk,15,1,-1,868.14,462.16,462.16
730,4298.00,32.23033472,119.95014531,32.33551550,119.97649665,32.33551550,119.97649665,0.6500,11968.94,1,1009,split_finetuned_disk,15,1,-1,7176.53,1700.54,1700.54
731,4305.00,32.24181186,119.90914437,32.35378276,119.98029994,32.35378276,119.98029994,0.6733,14152.40,1,1128,split_finetuned_disk,16,1,-1,9272.27,1016.02,1016.02
732,4311.00,32.24181186,119.90914437,32.36944041,119.98355991,32.36944041,119.98355991,0.6733,15842.69,1,1128,split_finetuned_disk,16,1,-1,9374.15,1841.75,1841.75
733,4319.00,32.19491136,119.93968126,32.39031728,119.98790652,32.19512924,119.93973503,0.7433,22221.84,0,567,split_finetuned_disk,19,1,-1,3821.26,901.74,901.74
734,4326.00,32.20973498,119.94513103,32.18640777,119.93687763,32.18640777,119.93687763,0.6500,2710.66,1,755,split_finetuned_disk,15,1,-1,5416.43,791.16,791.16
735,4334.00,32.17230633,119.94354735,32.17644037,119.93361203,32.17644037,119.93361203,0.6500,1042.89,1,270,split_finetuned_disk,15,1,-1,1474.00,923.35,923.35
736,4341.00,32.20636705,119.95267999,32.16771890,119.93075463,32.16771890,119.93075463,0.5567,4772.34,1,712,split_finetuned_disk,11,1,4,5244.74,61.83,61.83
737,4349.00,32.16464775,119.94295139,32.15775151,119.92748903,32.15775151,119.92748903,0.6267,1646.42,1,178,split_finetuned_disk,14,1,-1,989.76,989.76,989.76
