Frame,Time_Sec,Raw_Lat,Raw_Lng,Predicted_Lat,Predicted_Lng,Filtered_Lat,Filtered_Lng,Match_Confidence,Innovation_M,Outlier_Rejected,Best_Match_Idx,Algorithm,Inliers,Measurement_Valid,Correct_Candidate_Rank,Top1_Min_Dist_M,Top5_Min_Dist_M,Top10_Min_Dist_M
1,3.00,29.70386059,115.98739447,29.76100000,115.97500000,29.76100000,115.97500000,0.5333,6472.60,1,7,split_learned_disk,10,1,-1,6323.93,1026.23,1026.23
2,7.00,29.70386059,115.98739447,29.76100000,115.97500000,29.76100000,115.97500000,0.5333,6472.60,1,7,split_learned_disk,10,1,-1,6246.96,602.68,602.68
3,10.00,29.70386059,115.98739447,29.76100000,115.97500000,29.76100000,115.97500000,0.5333,6472.60,1,7,split_learned_disk,10,1,-1,6170.01,431.67,431.67
4,14.00,29.74523036,115.97549166,29.76100000,115.97500000,29.76100000,115.97500000,0.6267,1756.12,1,314,split_learned_disk,14,1,7,1214.23,25.90,25.90
5,17.00,29.71712827,115.97768959,29.76100000,115.97500000,29.76100000,115.97500000,0.6033,4890.72,1,108,split_learned_disk,13,1,6,4352.58,67.49,67.49
6,21.00,29.74066679,115.97110624,29.76100000,115.97500000,29.76100000,115.97500000,0.6033,2294.57,1,273,split_learned_disk,13,1,4,1710.99,62.13,62.13
7,24.00,29.74066679,115.97110624,29.76100000,115.97500000,29.76100000,115.97500000,0.6033,2294.57,1,273,split_learned_disk,13,1,-1,1635.58,867.11,867.11
8,28.00,29.75324934,115.99552788,29.76100000,115.97500000,29.76100000,115.97500000,0.5567,2163.68,1,363,split_learned_disk,11,1,2,2001.21,100.05,100.05
9,31.00,29.75171480,115.97989466,29.76100000,115.97500000,29.76100000,115.97500000,0.5333,1136.76,1,356,split_learned_disk,10,1,-1,616.32,613.67,613.67
10,34.00,29.75356054,115.99214874,29.76100000,115.97500000,29.75356054,115.99214874,0.5567,1852.95,1,362,split_learned_disk,11,1,-1,1783.38,593.87,593.87
11,38.00,29.75356054,115.99214874,29.75356054,115.99214874,29.75356054,115.99214874,0.5567,0.00,0,362,split_learned_disk,11,1,-1,1779.17,581.08,581.08
12,41.00,29.75171480,115.97989466,29.75356054,115.99214874,29.75356054,115.99214874,0.5333,1202.16,1,356,split_learned_disk,10,1,-1,578.60,578.60,578.60
13,44.00,29.75069081,115.97689342,29.75356054,115.99214874,29.75356054,115.99214874,0.6500,1508.78,1,341,split_learned_disk,15,1,-1,205.16,203.60,203.60
14,48.00,29.75623545,115.98441081,29.75356054,115.99214874,29.75356054,115.99214874,0.5333,805.04,1,396,split_learned_disk,10,1,-1,1099.25,604.53,604.53
15,51.00,29.72383806,115.99339697,29.75356054,115.99214874,29.75356054,115.99214874,0.6033,3310.91,1,154,split_learned_disk,13,1,-1,3440.86,1155.60,1155.60
16,55.00,29.75171480,115.97989466,29.75356054,115.99214874,29.75356054,115.99214874,0.5333,1202.16,1,356,split_learned_disk,10,1,-1,666.86,503.40,503.40
17,58.00,29.75171480,115.97989466,29.75356054,115.99214874,29.75356054,115.99214874,0.5333,1202.16,1,356,split_learned_disk,10,1,2,715.40,30.41,30.41
18,62.00,29.72204144,115.97063661,29.75356054,115.99214874,29.75356054,115.99214874,0.5800,4078.57,1,130,split_learned_disk,12,1,-1,2931.34,901.10,901.10
19,65.00,29.74523036,115.97549166,29.75356054,115.99214874,29.75356054,115.99214874,0.6267,1858.01,1,314,split_learned_disk,14,1,1,31.60,31.60,31.60
20,69.00,29.74523036,115.97549166,29.75356054,115.99214874,29.75356054,115.99214874,0.6267,1858.01,1,314,split_learned_disk,14,1,1,59.16,59.16,59.16
21,72.00,29.71987996,115.98468792,29.75356054,115.99214874,29.71987996,115.98468792,0.5800,3818.05,1,124,split_learned_disk,12,1,-1,3029.36,463.02,463.02
22,75.00,29.71987996,115.98468792,29.71987996,115.98468792,29.71987996,115.98468792,0.5800,0.00,0,124,split_learned_disk,12,1,-1,2955.72,819.71,819.71
23,78.00,29.76875362,115.97063661,29.71987996,115.98468792,29.71987996,115.98468792,0.5800,5607.58,1,468,split_learned_disk,12,1,7,2721.66,113.33,113.33
24,82.00,29.74496828,115.97399626,29.71987996,115.98468792,29.71987996,115.98468792,0.6033,2977.91,1,301,split_learned_disk,13,1,8,168.12,39.78,39.78
25,85.00,29.73952476,115.98728847,29.71987996,115.98468792,29.71987996,115.98468792,0.6267,2201.26,1,268,split_learned_disk,14,1,9,1227.50,59.86,59.86
26,89.00,29.74496828,115.97399626,29.71987996,115.98468792,29.71987996,115.98468792,0.6033,2977.91,1,301,split_learned_disk,13,1,7,334.39,69.79,69.79
27,92.00,29.75008534,115.97683162,29.71987996,115.98468792,29.71987996,115.98468792,0.5567,3447.15,1,328,split_learned_disk,11,1,9,830.95,24.66,24.66
28,96.00,29.72619723,115.97479957,29.71987996,115.98468792,29.71987996,115.98468792,0.5333,1186.63,1,171,split_learned_disk,10,1,7,1510.62,112.59,112.59
29,99.00,29.72598261,115.98111817,29.71987996,115.98468792,29.71987996,115.98468792,0.6500,761.95,1,174,split_learned_disk,15,1,-1,1544.84,244.56,244.56
30,102.00,29.72447572,115.97047595,29.71987996,115.98468792,29.71987996,115.98468792,0.5567,1465.89,1,156,split_learned_disk,11,1,9,1610.81,50.33,50.33
31,106.00,29.74190086,115.98541708,29.71987996,115.98468792,29.71987996,115.98468792,0.5567,2452.38,1,280,split_learned_disk,11,1,-1,1030.28,468.64,468.64
32,110.00,29.73763156,115.99138964,29.71987996,115.98468792,29.73763156,115.99138964,0.6033,2079.57,1,257,split_learned_disk,13,1,-1,1578.24,427.29,427.29
33,113.00,29.73763156,115.99138964,29.73763156,115.99138964,29.73763156,115.99138964,0.6033,0.00,0,257,split_learned_disk,13,1,-1,1580.82,393.83,393.83
34,116.00,29.74190086,115.98541708,29.73763156,115.99138964,29.73763156,115.99138964,0.5567,747.76,1,280,split_learned_disk,11,1,-1,1131.29,379.57,379.57
35,119.00,29.74190086,115.98541708,29.73763156,115.99138964,29.73763156,115.99138964,0.5567,747.76,1,280,split_learned_disk,11,1,-1,1172.36,381.04,381.04
36,123.00,29.73471437,115.98883853,29.73763156,115.99138964,29.73763156,115.99138964,0.6033,407.75,1,230,split_learned_disk,13,1,-1,1380.33,328.50,328.50
37,126.00,29.74190086,115.98541708,29.73763156,115.99138964,29.73763156,115.99138964,0.5567,747.76,1,280,split_learned_disk,11,1,-1,1264.96,428.79,428.79
38,129.00,29.74150381,115.99255135,29.73763156,115.99138964,29.73763156,115.99138964,0.5333,445.44,1,283,split_learned_disk,10,1,-1,1806.95,470.54,470.54
39,133.00,29.73763156,115.99138964,29.73763156,115.99138964,29.73763156,115.99138964,0.6033,0.00,0,257,split_learned_disk,13,1,-1,1673.92,1423.93,1423.93
40,136.00,29.72753861,115.97265630,29.73763156,115.99138964,29.73763156,115.99138964,0.6033,2131.00,1,170,split_learned_disk,13,1,10,595.92,51.69,51.69
41,139.00,29.72750642,115.97026585,29.73763156,115.99138964,29.73763156,115.99138964,0.6500,2332.25,1,169,split_learned_disk,15,1,4,635.37,78.28,78.28
42,143.00,29.74190086,115.98541708,29.73763156,115.99138964,29.73763156,115.99138964,0.5567,747.76,1,280,split_learned_disk,11,1,-1,1550.33,711.58,711.58
43,146.00,29.74262438,115.99213116,29.73763156,115.99138964,29.73763156,115.99138964,0.5333,560.40,1,296,split_learned_disk,10,1,-1,2164.07,583.84,583.84
44,150.00,29.74190086,115.98541708,29.73763156,115.99138964,29.73763156,115.99138964,0.5567,747.76,1,280,split_learned_disk,11,1,-1,1674.12,847.65,847.65
45,153.00,29.73471437,115.98883853,29.73763156,115.99138964,29.73763156,115.99138964,0.6033,407.75,1,230,split_learned_disk,13,1,-1,1518.12,624.73,624.73
46,157.00,29.73668269,115.99321159,29.73763156,115.99138964,29.73763156,115.99138964,0.6033,205.36,1,245,split_learned_disk,13,1,-1,1999.58,211.81,211.81
47,160.00,29.74163258,115.97760308,29.73763156,115.99138964,29.73763156,115.99138964,0.6033,1405.06,1,277,split_learned_disk,13,1,-1,1636.66,262.24,262.24
48,164.00,29.72204144,115.97063661,29.73763156,115.99138964,29.73763156,115.99138964,0.5800,2652.52,1,130,split_learned_disk,12,1,3,668.45,120.57,120.57
49,167.00,29.70764699,115.97936324,29.73763156,115.99138964,29.70764699,115.97936324,0.5100,3534.51,1,31,split_learned_disk,9,1,-1,2121.01,677.96,677.96
50,170.00,29.72383806,115.99339697,29.70764699,115.97936324,29.70764699,115.97936324,0.6033,2255.81,1,154,split_learned_disk,13,1,-1,1785.67,164.19,164.19
51,174.00,29.72383806,115.99339697,29.70764699,115.97936324,29.70764699,115.97936324,0.6033,2255.81,1,154,split_learned_disk,13,1,-1,1780.26,1609.40,1609.40
52,177.00,29.72383806,115.99339697,29.70764699,115.97936324,29.70764699,115.97936324,0.6033,2255.81,1,154,split_learned_disk,13,1,-1,1778.25,1626.46,1626.46
53,180.00,29.75324934,115.99552788,29.70764699,115.97936324,29.70764699,115.97936324,0.5567,5311.47,1,363,split_learned_disk,11,1,-1,3822.70,558.19,558.19
54,184.00,29.75324934,115.99552788,29.70764699,115.97936324,29.70764699,115.97936324,0.5567,5311.47,1,363,split_learned_disk,11,1,-1,3889.59,484.99,484.99
55,187.00,29.72383806,115.99339697,29.70764699,115.97936324,29.70764699,115.97936324,0.6033,2255.81,1,154,split_learned_disk,13,1,-1,1792.65,999.31,999.31
56,190.00,29.75356054,115.99214874,29.70764699,115.97936324,29.70764699,115.97936324,0.5567,5258.38,1,362,split_learned_disk,11,1,-1,3940.04,1660.43,1660.43
57,193.00,29.75356054,115.99214874,29.70764699,115.97936324,29.70764699,115.97936324,0.5567,5258.38,1,362,split_learned_disk,11,1,-1,4009.73,1686.27,1686.27
58,196.00,29.75171480,115.97989466,29.70764699,115.97936324,29.70764699,115.97936324,0.5333,4905.90,1,356,split_learned_disk,10,1,-1,3717.03,1448.63,1448.63
59,200.00,29.75409090,115.99129077,29.70764699,115.97936324,29.75409090,115.99129077,0.5100,5297.12,1,374,split_learned_disk,9,1,-1,4253.35,1747.25,1747.25
60,203.00,29.73131429,115.98914749,29.75409090,115.99129077,29.75409090,115.99129077,0.5100,2543.94,1,204,split_learned_disk,9,1,9,1984.35,35.17,35.17
61,206.00,29.70386059,115.98739447,29.75409090,115.99129077,29.75409090,115.99129077,0.5333,5604.31,1,7,split_learned_disk,10,1,7,1786.15,96.92,96.92
62,210.00,29.70357085,115.99135256,29.75409090,115.99129077,29.75409090,115.99129077,0.5100,5623.89,1,10,split_learned_disk,9,1,6,2120.70,27.32,27.32
63,213.00,29.75171480,115.97989466,29.75409090,115.99129077,29.75409090,115.99129077,0.5333,1132.85,1,356,split_learned_disk,10,1,-1,4102.36,1199.78,1199.78
64,216.00,29.70386059,115.98739447,29.75409090,115.99129077,29.75409090,115.99129077,0.5333,5604.31,1,7,split_learned_disk,10,1,-1,1586.92,1586.92,1586.92
65,220.00,29.70386059,115.98739447,29.75409090,115.99129077,29.75409090,115.99129077,0.5333,5604.31,1,7,split_learned_disk,10,1,-1,1526.32,1042.64,1042.64
66,223.00,29.70386059,115.98739447,29.75409090,115.99129077,29.75409090,115.99129077,0.5333,5604.31,1,7,split_learned_disk,10,1,-1,1467.35,307.08,307.08
67,226.00,29.73131429,115.98914749,29.75409090,115.99129077,29.75409090,115.99129077,0.5100,2543.94,1,204,split_learned_disk,9,1,-1,2415.93,816.06,816.06
68,230.00,29.75171480,115.97989466,29.75409090,115.99129077,29.75409090,115.99129077,0.5333,1132.85,1,356,split_learned_disk,10,1,-1,4499.46,738.17,738.17
69,233.00,29.75171480,115.97989466,29.75409090,115.99129077,29.75171480,115.97989466,0.5333,1132.85,1,356,split_learned_disk,10,1,-1,4576.75,738.84,738.84
70,237.00,29.75171480,115.97989466,29.75171480,115.97989466,29.75171480,115.97989466,0.5333,0.00,0,356,split_learned_disk,10,1,-1,4654.06,582.41,582.41
71,240.00,29.75171480,115.97989466,29.75171480,115.97989466,29.75171480,115.97989466,0.5333,0.00,0,356,split_learned_disk,10,1,-1,4731.39,504.54,504.54
72,243.00,29.76251599,115.98860371,29.75171480,115.97989466,29.75171480,115.97989466,0.5100,1467.78,1,438,split_learned_disk,9,1,-1,6141.62,415.59,415.59
73,247.00,29.70386059,115.98739447,29.75171480,115.97989466,29.75171480,115.97989466,0.5333,5376.23,1,7,split_learned_disk,10,1,-1,1115.98,537.54,537.54
74,250.00,29.70357085,115.99135256,29.75171480,115.97989466,29.75171480,115.97989466,0.5100,5472.62,1,10,split_learned_disk,9,1,-1,1643.68,459.69,459.69
75,253.00,29.75294887,115.97577591,29.75171480,115.97989466,29.75171480,115.97989466,0.5333,421.15,1,353,split_learned_disk,10,1,-1,5018.80,381.87,381.87
76,257.00,29.75171480,115.97989466,29.75171480,115.97989466,29.75171480,115.97989466,0.5333,0.00,0,356,split_learned_disk,10,1,-1,5129.37,586.26,586.26
77,260.00,29.75171480,115.97989466,29.75171480,115.97989466,29.75171480,115.97989466,0.5333,0.00,0,356,split_learned_disk,10,1,-1,5206.81,226.45,226.45
78,263.00,29.70764699,115.97936324,29.75171480,115.97989466,29.75171480,115.97989466,0.5100,4905.90,1,31,split_learned_disk,9,1,8,630.97,149.07,149.07
79,311.00,29.75171480,115.97989466,29.75171480,115.97989466,29.75171480,115.97989466,0.5333,0.00,0,356,split_learned_disk,10,1,-1,5233.30,442.92,442.92
80,316.00,29.75171480,115.97989466,29.75171480,115.97989466,29.75171480,115.97989466,0.5333,0.00,0,356,split_learned_disk,10,1,-1,5155.59,2550.05,2550.05
81,321.00,29.75171480,115.97989466,29.75171480,115.97989466,29.75171480,115.97989466,0.5333,0.00,0,356,split_learned_disk,10,1,-1,5077.89,390.09,390.09
82,326.00,29.75623545,115.98441081,29.75171480,115.97989466,29.75171480,115.97989466,0.5333,666.19,1,396,split_learned_disk,10,1,-1,5615.90,4735.98,4735.98
83,332.00,29.75171480,115.97989466,29.75171480,115.97989466,29.75171480,115.97989466,0.5333,0.00,0,356,split_learned_disk,10,1,-1,4911.41,2052.33,2052.33
84,337.00,29.75294887,115.97577591,29.75171480,115.97989466,29.75171480,115.97989466,0.5333,421.15,1,353,split_learned_disk,10,1,-1,4823.17,425.62,425.62
85,342.00,29.75171480,115.97989466,29.75171480,115.97989466,29.75171480,115.97989466,0.5333,0.00,0,356,split_learned_disk,10,1,-1,4756.05,464.25,464.25
86,346.00,29.75409090,115.99129077,29.75171480,115.97989466,29.75171480,115.97989466,0.5100,1132.85,1,374,split_learned_disk,9,1,-1,5055.91,408.73,408.73
87,351.00,29.75356054,115.99214874,29.75171480,115.97989466,29.75171480,115.97989466,0.5567,1202.16,1,362,split_learned_disk,11,1,-1,4850.83,1699.18,1699.18
88,356.00,29.75171480,115.97989466,29.75171480,115.97989466,29.75171480,115.97989466,0.5333,0.00,0,356,split_learned_disk,10,1,-1,4523.09,738.69,738.69
89,361.00,29.77184250,115.97662152,29.75171480,115.97989466,29.75171480,115.97989466,0.5800,2262.84,1,497,split_learned_disk,12,1,-1,6628.77,171.91,171.91
90,366.00,29.72722741,115.99452683,29.75171480,115.97989466,29.75171480,115.97989466,0.5333,3071.00,1,181,split_learned_disk,10,1,-1,2364.53,249.62,249.62
91,371.00,29.75171480,115.97989466,29.75171480,115.97989466,29.75171480,115.97989466,0.5333,0.00,0,356,split_learned_disk,10,1,-1,4290.21,1373.47,1373.47
92,376.00,29.75171480,115.97989466,29.75171480,115.97989466,29.75171480,115.97989466,0.5333,0.00,0,356,split_learned_disk,10,1,-1,4201.52,902.36,902.36
93,381.00,29.75356054,115.99214874,29.75171480,115.97989466,29.75171480,115.97989466,0.5567,1202.16,1,362,split_learned_disk,11,1,-1,4401.21,793.66,793.66
94,386.00,29.75356054,115.99214874,29.75171480,115.97989466,29.75171480,115.97989466,0.5567,1202.16,1,362,split_learned_disk,11,1,-1,4328.60,1724.76,1724.76
95,391.00,29.70386059,115.98739447,29.75171480,115.97989466,29.75171480,115.97989466,0.5333,5376.23,1,7,split_learned_disk,10,1,-1,1648.75,1085.69,1085.69
96,396.00,29.72383806,115.99339697,29.75171480,115.97989466,29.75171480,115.97989466,0.6033,3366.52,1,154,split_learned_disk,13,1,-1,1721.56,1092.24,1092.24
97,402.00,29.75171480,115.97989466,29.75171480,115.97989466,29.75171480,115.97989466,0.5333,0.00,0,356,split_learned_disk,10,1,-1,3813.71,1265.72,1265.72
98,407.00,29.75171480,115.97989466,29.75171480,115.97989466,29.75171480,115.97989466,0.5333,0.00,0,356,split_learned_disk,10,1,10,3736.19,85.04,85.04
99,412.00,29.75171480,115.97989466,29.75171480,115.97989466,29.75171480,115.97989466,0.5333,0.00,0,356,split_learned_disk,10,1,-1,3647.62,1425.69,1425.69
100,417.00,29.76797025,115.98054445,29.75171480,115.97989466,29.75171480,115.97989466,0.5333,1810.65,1,472,split_learned_disk,10,1,-1,5352.52,1500.87,1500.87
101,423.00,29.75324934,115.99552788,29.75171480,115.97989466,29.75171480,115.97989466,0.5567,1520.72,1,363,split_learned_disk,11,1,4,3903.41,72.98,72.98
102,427.00,29.75324934,115.99552788,29.75171480,115.97989466,29.75171480,115.97989466,0.5567,1520.72,1,363,split_learned_disk,11,1,-1,3834.27,434.77,434.77
103,432.00,29.75171480,115.97989466,29.75171480,115.97989466,29.75171480,115.97989466,0.5333,0.00,0,356,split_learned_disk,10,1,-1,3337.83,365.75,365.75
104,437.00,29.75171480,115.97989466,29.75171480,115.97989466,29.75171480,115.97989466,0.5333,0.00,0,356,split_learned_disk,10,1,-1,3260.43,820.10,820.10
105,442.00,29.72383806,115.99339697,29.75171480,115.97989466,29.75171480,115.97989466,0.6033,3366.52,1,154,split_learned_disk,13,1,-1,1585.43,985.74,985.74
106,447.00,29.75171480,115.97989466,29.75171480,115.97989466,29.75171480,115.97989466,0.5333,0.00,0,356,split_learned_disk,10,1,-1,3105.73,789.17,789.17
107,452.00,29.75171480,115.97989466,29.75171480,115.97989466,29.75171480,115.97989466,0.5333,0.00,0,356,split_learned_disk,10,1,-1,3017.38,615.85,615.85
108,457.00,29.75171480,115.97989466,29.75171480,115.97989466,29.75171480,115.97989466,0.5333,0.00,0,356,split_learned_disk,10,1,-1,2940.11,1387.54,1387.54
109,463.00,29.72190193,115.99239591,29.75171480,115.97989466,29.75171480,115.97989466,0.5100,3531.91,1,141,split_learned_disk,9,1,-1,1681.98,864.84,864.84
110,468.00,29.72204144,115.97063661,29.75171480,115.97989466,29.75171480,115.97989466,0.5800,3422.31,1,130,split_learned_disk,12,1,3,888.40,43.73,43.73
111,473.00,29.72447572,115.97047595,29.75171480,115.97989466,29.75171480,115.97989466,0.5567,3165.98,1,156,split_learned_disk,11,1,7,692.87,82.42,82.42
112,478.00,29.72750642,115.97026585,29.75171480,115.97989466,29.75171480,115.97989466,0.6500,2851.07,1,169,split_learned_disk,15,1,5,645.83,15.40,15.40
113,484.00,29.72753861,115.97265630,29.75171480,115.97989466,29.75171480,115.97989466,0.6033,2780.75,1,170,split_learned_disk,13,1,-1,497.81,248.86,248.86
114,489.00,29.73471437,115.98883853,29.75171480,115.97989466,29.75171480,115.97989466,0.6033,2080.60,1,230,split_learned_disk,13,1,-1,1266.52,220.21,220.21
115,494.00,29.73471437,115.98883853,29.75171480,115.97989466,29.75171480,115.97989466,0.6033,2080.60,1,230,split_learned_disk,13,1,-1,1237.88,219.10,219.10
116,499.00,29.74190086,115.98541708,29.75171480,115.97989466,29.75171480,115.97989466,0.5567,1215.92,1,280,split_learned_disk,11,1,-1,1335.33,514.65,514.65
117,504.00,29.73763156,115.99138964,29.75171480,115.97989466,29.75171480,115.97989466,0.6033,1921.55,1,257,split_learned_disk,13,1,-1,1510.24,184.93,184.93
118,509.00,29.73763156,115.99138964,29.75171480,115.97989466,29.73763156,115.99138964,0.6033,1921.55,1,257,split_learned_disk,13,1,-1,1480.89,473.39,473.39
119,513.00,29.74262438,115.99213116,29.73763156,115.99138964,29.73763156,115.99138964,0.5333,560.40,1,296,split_learned_disk,10,1,-1,1735.85,308.16,308.16
120,518.00,29.74262438,115.99213116,29.73763156,115.99138964,29.73763156,115.99138964,0.5333,560.40,1,296,split_learned_disk,10,1,-1,1690.02,1196.85,1196.85
121,523.00,29.74262438,115.99213116,29.73763156,115.99138964,29.73763156,115.99138964,0.5333,560.40,1,296,split_learned_disk,10,1,-1,1646.60,638.43,638.43
122,529.00,29.73763156,115.99138964,29.73763156,115.99138964,29.73763156,115.99138964,0.6033,0.00,0,257,split_learned_disk,13,1,-1,1401.16,185.36,185.36
123,534.00,29.73763156,115.99138964,29.73763156,115.99138964,29.73763156,115.99138964,0.6033,0.00,0,257,split_learned_disk,13,1,-1,1390.43,200.05,200.05
124,539.00,29.74262438,115.99213116,29.73763156,115.99138964,29.73763156,115.99138964,0.5333,560.40,1,296,split_learned_disk,10,1,-1,1528.07,240.80,240.80
125,544.00,29.74190086,115.98541708,29.73763156,115.99138964,29.73763156,115.99138964,0.5567,747.76,1,280,split_learned_disk,11,1,-1,866.83,296.81,296.81
126,549.00,29.73763156,115.99138964,29.73763156,115.99138964,29.73763156,115.99138964,0.6033,0.00,0,257,split_learned_disk,13,1,-1,1389.29,741.95,741.95
127,554.00,29.72753861,115.97265630,29.73763156,115.99138964,29.73763156,115.99138964,0.6033,2131.00,1,170,split_learned_disk,13,1,-1,1448.75,816.84,816.84
128,560.00,29.71712827,115.97768959,29.73763156,115.99138964,29.73763156,115.99138964,0.6033,2638.76,1,108,split_learned_disk,13,1,6,2472.86,67.64,67.64
129,565.00,29.74711450,115.98774574,29.73763156,115.99138964,29.73763156,115.99138964,0.5567,1112.85,1,307,split_learned_disk,11,1,-1,1085.42,258.76,258.76
130,570.00,29.74163258,115.97760308,29.73763156,115.99138964,29.73763156,115.99138964,0.6033,1405.06,1,277,split_learned_disk,13,1,5,186.20,26.50,26.50
131,575.00,29.74711450,115.98774574,29.73763156,115.99138964,29.73763156,115.99138964,0.5567,1112.85,1,307,split_learned_disk,11,1,-1,1026.49,1026.49,1026.49
132,581.00,29.74015789,115.97106916,29.73763156,115.99138964,29.73763156,115.99138964,0.5567,1984.19,1,260,split_learned_disk,11,1,-1,727.64,185.26,185.26
133,586.00,29.71987996,115.98468792,29.73763156,115.99138964,29.73763156,115.99138964,0.5800,2079.57,1,124,split_learned_disk,12,1,-1,2779.81,225.18,225.18
134,592.00,29.71987996,115.98468792,29.73763156,115.99138964,29.73763156,115.99138964,0.5800,2079.57,1,124,split_learned_disk,12,1,-1,2854.65,259.18,259.18
135,597.00,29.74015789,115.97106916,29.73763156,115.99138964,29.73763156,115.99138964,0.5567,1984.19,1,260,split_learned_disk,11,1,-1,875.15,420.32,420.32
136,602.00,29.74015789,115.97106916,29.73763156,115.99138964,29.74015789,115.97106916,0.5567,1984.19,1,260,split_learned_disk,11,1,-1,932.19,352.02,352.02
137,608.00,29.74523036,115.97549166,29.74015789,115.97106916,29.74015789,115.97106916,0.6267,708.23,1,314,split_learned_disk,14,1,-1,216.16,216.16,216.16
138,613.00,29.74523036,115.97549166,29.74015789,115.97106916,29.74015789,115.97106916,0.6267,708.23,1,314,split_learned_disk,14,1,4,222.33,58.30,58.30
139,618.00,29.76797025,115.98054445,29.74015789,115.97106916,29.74015789,115.97106916,0.5333,3228.70,1,472,split_learned_disk,10,1,-1,2262.20,418.66,418.66
140,623.00,29.75773780,115.98003774,29.74015789,115.97106916,29.74015789,115.97106916,0.5333,2140.41,1,394,split_learned_disk,10,1,-1,994.06,255.78,255.78
141,628.00,29.75069081,115.97689342,29.74015789,115.97106916,29.74015789,115.97106916,0.6500,1300.67,1,341,split_learned_disk,15,1,1,99.93,99.93,99.93
142,633.00,29.75171480,115.97989466,29.74015789,115.97106916,29.74015789,115.97106916,0.5333,1543.65,1,356,split_learned_disk,10,1,-1,443.78,443.78,443.78
143,638.00,29.75069081,115.97689342,29.74015789,115.97106916,29.74015789,115.97106916,0.6500,1300.67,1,341,split_learned_disk,15,1,1,59.02,59.02,59.02
144,642.00,29.75356054,115.99214874,29.74015789,115.97106916,29.74015789,115.97106916,0.5567,2525.38,1,362,split_learned_disk,11,1,-1,1586.25,390.37,390.37
145,647.00,29.75171480,115.97989466,29.74015789,115.97106916,29.74015789,115.97106916,0.5333,1543.65,1,356,split_learned_disk,10,1,10,385.14,19.85,19.85
146,652.00,29.71030664,115.97653501,29.74015789,115.97106916,29.71030664,115.97653501,0.5333,3364.78,1,55,split_learned_disk,10,1,8,4701.99,103.08,103.08
147,657.00,29.75572655,115.98311314,29.71030664,115.97653501,29.71030664,115.97653501,0.5800,5095.97,1,383,split_learned_disk,12,1,3,624.96,25.14,25.14
148,662.00,29.73209146,115.98981486,29.71030664,115.97653501,29.71030664,115.97653501,0.6267,2743.85,1,217,split_learned_disk,14,1,-1,2728.53,388.95,388.95
149,668.00,29.75535097,115.97636199,29.71030664,115.97653501,29.71030664,115.97653501,0.5333,5014.36,1,380,split_learned_disk,10,1,1,66.01,66.01,66.01
150,673.00,29.75773780,115.98003774,29.71030664,115.97653501,29.71030664,115.97653501,0.5333,5290.88,1,394,split_learned_disk,10,1,2,262.52,20.35,20.35
151,678.00,29.75324934,115.99552788,29.71030664,115.97653501,29.71030664,115.97653501,0.5567,5120.78,1,363,split_learned_disk,11,1,2,1851.38,92.82,92.82
152,683.00,29.71713447,115.99607167,29.71030664,115.97653501,29.71030664,115.97653501,0.5333,2035.62,1,103,split_learned_disk,10,1,5,4905.75,34.01,34.01
153,689.00,29.74523036,115.97549166,29.71030664,115.97653501,29.71030664,115.97653501,0.6267,3889.02,1,314,split_learned_disk,14,1,4,1265.84,49.77,49.77
154,695.00,29.77088744,115.97968457,29.71030664,115.97653501,29.71030664,115.97653501,0.5800,6750.72,1,499,split_learned_disk,12,1,-1,1513.28,1300.71,1300.71
155,700.00,29.77088744,115.97968457,29.71030664,115.97653501,29.71030664,115.97653501,0.5800,6750.72,1,499,split_learned_disk,12,1,-1,1438.06,566.54,566.54
156,706.00,29.75896567,115.97585529,29.71030664,115.97653501,29.75896567,115.97585529,0.5567,5417.12,1,406,split_learned_disk,11,1,1,93.56,93.56,93.56
157,711.00,29.75896567,115.97585529,29.75896567,115.97585529,29.75896567,115.97585529,0.5567,0.00,0,406,split_learned_disk,11,1,-1,170.93,170.93,170.93
158,716.00,29.72107110,115.98571891,29.75896567,115.97585529,29.75896567,115.97585529,0.5567,4324.82,1,125,split_learned_disk,11,1,-1,4751.39,2280.90,2280.90
159,721.00,29.71987996,115.98468792,29.75896567,115.97585529,29.75896567,115.97585529,0.5800,4433.99,1,124,split_learned_disk,12,1,-1,4790.85,2757.53,2757.53
160,725.00,29.71382476,115.98061147,29.75896567,115.97585529,29.75896567,115.97585529,0.5333,5046.07,1,83,split_learned_disk,10,1,3,5395.52,23.66,23.66
161,772.00,29.75324934,115.99552788,29.75896567,115.97585529,29.75896567,115.97585529,0.5567,2005.19,1,363,split_learned_disk,11,1,8,1918.09,70.95,70.95
162,775.00,29.71740274,115.98056203,29.75896567,115.97585529,29.75896567,115.97585529,0.4867,4649.10,1,96,split_learned_disk,8,1,9,4996.20,11.24,11.24
163,778.00,29.71987996,115.98468792,29.75896567,115.97585529,29.75896567,115.97585529,0.5800,4433.99,1,124,split_learned_disk,12,1,10,4553.20,85.81,85.81
164,782.00,29.75324934,115.99552788,29.75896567,115.97585529,29.75896567,115.97585529,0.5567,2005.19,1,363,split_learned_disk,11,1,-1,1798.12,163.54,163.54
165,785.00,29.76809449,115.97450297,29.75896567,115.97585529,29.75896567,115.97585529,0.5333,1024.59,1,457,split_learned_disk,10,1,5,945.16,53.05,53.05
166,789.00,29.75428406,115.97840640,29.75896567,115.97585529,29.75896567,115.97585529,0.6033,576.55,1,368,split_learned_disk,13,1,-1,469.77,469.77,469.77
167,792.00,29.75171480,115.97989466,29.75896567,115.97585529,29.75171480,115.97989466,0.5333,896.64,1,356,split_learned_disk,10,1,-1,622.02,436.12,436.12
168,796.00,29.75171480,115.97989466,29.75171480,115.97989466,29.75171480,115.97989466,0.5333,0.00,0,356,split_learned_disk,10,1,-1,548.41,513.92,513.92
169,799.00,29.75623545,115.98441081,29.75171480,115.97989466,29.75171480,115.97989466,0.5333,666.19,1,396,split_learned_disk,10,1,3,424.58,36.90,36.90
170,803.00,29.75069081,115.97689342,29.75171480,115.97989466,29.75171480,115.97989466,0.6500,311.69,1,341,split_learned_disk,15,1,-1,595.65,358.10,358.10
171,807.00,29.75428406,115.97840640,29.75171480,115.97989466,29.75171480,115.97989466,0.6033,320.15,1,368,split_learned_disk,13,1,1,80.52,80.52,80.52
172,810.00,29.75428406,115.97840640,29.75171480,115.97989466,29.75171480,115.97989466,0.6033,320.15,1,368,split_learned_disk,13,1,1,8.67,8.67,8.67
173,814.00,29.75069081,115.97689342,29.75171480,115.97989466,29.75171480,115.97989466,0.6500,311.69,1,341,split_learned_disk,15,1,-1,376.11,222.49,222.49
174,817.00,29.75171480,115.97989466,29.75171480,115.97989466,29.75171480,115.97989466,0.5333,0.00,0,356,split_learned_disk,10,1,-1,194.80,194.80,194.80
175,821.00,29.75356054,115.99214874,29.75171480,115.97989466,29.75171480,115.97989466,0.5567,1202.16,1,362,split_learned_disk,11,1,4,1392.26,43.57,43.57
176,824.00,29.75171480,115.97989466,29.75171480,115.97989466,29.75171480,115.97989466,0.5333,0.00,0,356,split_learned_disk,10,1,-1,226.43,226.43,226.43
177,828.00,29.75171480,115.97989466,29.75171480,115.97989466,29.75171480,115.97989466,0.5333,0.00,0,356,split_learned_disk,10,1,-1,275.96,191.61,191.61
178,831.00,29.75356054,115.99214874,29.75171480,115.97989466,29.75171480,115.97989466,0.5567,1202.16,1,362,split_learned_disk,11,1,-1,1418.81,206.32,206.32
179,835.00,29.75623545,115.98441081,29.75171480,115.97989466,29.75171480,115.97989466,0.5333,666.19,1,396,split_learned_disk,10,1,-1,1031.66,246.10,246.10
180,838.00,29.75008534,115.97683162,29.75171480,115.97989466,29.75171480,115.97989466,0.5567,347.22,1,328,split_learned_disk,11,1,-1,212.89,196.48,196.48
181,842.00,29.75318495,115.97182827,29.75171480,115.97989466,29.75171480,115.97989466,0.6733,796.68,1,352,split_learned_disk,16,1,5,801.27,121.71,121.71
182,846.00,29.71712827,115.97768959,29.75171480,115.97989466,29.75171480,115.97989466,0.6033,3856.07,1,108,split_learned_disk,13,1,-1,3200.66,199.53,199.53
183,849.00,29.71987996,115.98468792,29.75171480,115.97989466,29.75171480,115.97989466,0.5800,3574.01,1,124,split_learned_disk,12,1,-1,2982.00,322.84,322.84
184,853.00,29.71557393,115.98358800,29.75171480,115.97989466,29.75171480,115.97989466,0.5567,4039.01,1,85,split_learned_disk,11,1,-1,3495.23,1305.61,1305.61
185,856.00,29.71987996,115.98468792,29.75171480,115.97989466,29.75171480,115.97989466,0.5800,3574.01,1,124,split_learned_disk,12,1,2,2829.42,34.17,34.17
186,859.00,29.75324934,115.99552788,29.75171480,115.97989466,29.75171480,115.97989466,0.5567,1520.72,1,363,split_learned_disk,11,1,4,1833.90,89.35,89.35
187,863.00,29.75324934,115.99552788,29.75171480,115.97989466,29.75324934,115.99552788,0.5567,1520.72,1,363,split_learned_disk,11,1,4,1873.83,13.87,13.87
188,866.00,29.75356054,115.99214874,29.75324934,115.99552788,29.75324934,115.99552788,0.5567,328.46,1,362,split_learned_disk,11,1,-1,1760.31,878.06,878.06
189,870.00,29.74711450,115.98774574,29.75324934,115.99552788,29.75324934,115.99552788,0.5567,1015.98,1,307,split_learned_disk,11,1,-1,867.95,779.85,779.85
190,873.00,29.74163258,115.97760308,29.75324934,115.99552788,29.75324934,115.99552788,0.6033,2161.99,1,277,split_learned_disk,13,1,1,34.90,34.90,34.90
191,877.00,29.72753861,115.97265630,29.75324934,115.99552788,29.75324934,115.99552788,0.6033,3616.51,1,170,split_learned_disk,13,1,-1,1607.76,714.38,714.38
192,880.00,29.73763156,115.99138964,29.75324934,115.99552788,29.75324934,115.99552788,0.6033,1783.99,1,257,split_learned_disk,13,1,-1,1210.01,410.37,410.37
193,883.00,29.74190086,115.98541708,29.75324934,115.99552788,29.75324934,115.99552788,0.5567,1597.21,1,280,split_learned_disk,11,1,8,649.33,132.62,132.62
194,887.00,29.73763156,115.99138964,29.75324934,115.99552788,29.75324934,115.99552788,0.6033,1783.99,1,257,split_learned_disk,13,1,-1,1192.84,254.57,254.57
195,890.00,29.73763156,115.99138964,29.75324934,115.99552788,29.75324934,115.99552788,0.6033,1783.99,1,257,split_learned_disk,13,1,-1,1191.83,1007.19,1007.19
196,894.00,29.73763156,115.99138964,29.75324934,115.99552788,29.75324934,115.99552788,0.6033,1783.99,1,257,split_learned_disk,13,1,-1,1196.90,995.45,995.45
197,897.00,29.74262438,115.99213116,29.75324934,115.99552788,29.74262438,115.99213116,0.5333,1227.50,1,296,split_learned_disk,10,1,-1,1429.95,991.65,991.65
198,901.00,29.73763156,115.99138964,29.74262438,115.99213116,29.74262438,115.99213116,0.6033,560.40,1,257,split_learned_disk,13,1,-1,1221.45,993.96,993.96
199,904.00,29.72753861,115.97265630,29.74262438,115.99213116,29.74262438,115.99213116,0.6033,2522.64,1,170,split_learned_disk,13,1,-1,1048.29,198.98,198.98
200,908.00,29.72753861,115.97265630,29.74262438,115.99213116,29.74262438,115.99213116,0.6033,2522.64,1,170,split_learned_disk,13,1,-1,985.87,193.13,193.13
201,911.00,29.73952476,115.98728847,29.74262438,115.99213116,29.74262438,115.99213116,0.6267,581.52,1,268,split_learned_disk,14,1,-1,1058.15,302.29,302.29
202,915.00,29.73763156,115.99138964,29.74262438,115.99213116,29.74262438,115.99213116,0.6033,560.40,1,257,split_learned_disk,13,1,-1,1325.30,1250.75,1250.75
203,918.00,29.73763156,115.99138964,29.74262438,115.99213116,29.74262438,115.99213116,0.6033,560.40,1,257,split_learned_disk,13,1,-1,1361.21,1276.59,1276.59
204,922.00,29.73763156,115.99138964,29.74262438,115.99213116,29.74262438,115.99213116,0.6033,560.40,1,257,split_learned_disk,13,1,-1,1406.42,1311.18,1311.18
205,925.00,29.74262438,115.99213116,29.74262438,115.99213116,29.74262438,115.99213116,0.5333,0.00,0,296,split_learned_disk,10,1,-1,1857.56,1172.13,1172.13
206,929.00,29.73668269,115.99321159,29.74262438,115.99213116,29.74262438,115.99213116,0.6033,669.62,1,245,split_learned_disk,13,1,-1,1559.05,1297.11,1297.11
207,932.00,29.72447572,115.97047595,29.74262438,115.99213116,29.74262438,115.99213116,0.5567,2909.13,1,156,split_learned_disk,11,1,3,910.60,20.92,20.92
208,936.00,29.72447572,115.97047595,29.74262438,115.99213116,29.74262438,115.99213116,0.5567,2909.13,1,156,split_learned_disk,11,1,5,877.47,59.37,59.37
209,939.00,29.72204144,115.97063661,29.74262438,115.99213116,29.74262438,115.99213116,0.5800,3093.00,1,130,split_learned_disk,12,1,-1,1045.70,217.80,217.80
210,943.00,29.70386059,115.98739447,29.74262438,115.99213116,29.74262438,115.99213116,0.5333,4339.41,1,7,split_learned_disk,10,1,-1,2652.21,391.87,391.87
211,947.00,29.75171480,115.97989466,29.74262438,115.99213116,29.74262438,115.99213116,0.5333,1556.59,1,356,split_learned_disk,10,1,-1,2898.88,601.28,601.28
212,950.00,29.72383806,115.99339697,29.74262438,115.99213116,29.74262438,115.99213116,0.6033,2094.87,1,154,split_learned_disk,13,1,-1,1408.64,1205.36,1205.36
213,954.00,29.75171480,115.97989466,29.74262438,115.99213116,29.74262438,115.99213116,0.5333,1556.59,1,356,split_learned_disk,10,1,-1,3065.51,1193.09,1193.09
214,957.00,29.75171480,115.97989466,29.74262438,115.99213116,29.74262438,115.99213116,0.5333,1556.59,1,356,split_learned_disk,10,1,-1,3143.29,834.01,834.01
215,961.00,29.75171480,115.97989466,29.74262438,115.99213116,29.75171480,115.97989466,0.5333,1556.59,1,356,split_learned_disk,10,1,-1,3221.07,620.66,620.66
216,964.00,29.71712827,115.97768959,29.75171480,115.97989466,29.75171480,115.97989466,0.6033,3856.07,1,108,split_learned_disk,13,1,-1,506.78,306.82,306.82
217,968.00,29.73471437,115.98883853,29.75171480,115.97989466,29.75171480,115.97989466,0.6033,2080.60,1,230,split_learned_disk,13,1,-1,1692.19,392.66,392.66
218,971.00,29.74190086,115.98541708,29.75171480,115.97989466,29.75171480,115.97989466,0.5567,1215.92,1,280,split_learned_disk,11,1,-1,2325.64,1069.64,1069.64
219,975.00,29.74190086,115.98541708,29.75171480,115.97989466,29.75171480,115.97989466,0.5567,1215.92,1,280,split_learned_disk,11,1,-1,2401.09,837.33,837.33
220,979.00,29.73763156,115.99138964,29.75171480,115.97989466,29.75171480,115.97989466,0.6033,1921.55,1,257,split_learned_disk,13,1,-1,2341.93,2069.19,2069.19
221,982.00,29.73763156,115.99138964,29.75171480,115.97989466,29.75171480,115.97989466,0.6033,1921.55,1,257,split_learned_disk,13,1,-1,2409.34,2237.70,2237.70
222,986.00,29.73763156,115.99138964,29.75171480,115.97989466,29.75171480,115.97989466,0.6033,1921.55,1,257,split_learned_disk,13,1,2,2477.37,29.26,29.26
223,989.00,29.73763156,115.99138964,29.75171480,115.97989466,29.75171480,115.97989466,0.6033,1921.55,1,257,split_learned_disk,13,1,-1,2545.96,1462.50,1462.50
224,992.00,29.71712827,115.97768959,29.75171480,115.97989466,29.75171480,115.97989466,0.6033,3856.07,1,108,split_learned_disk,13,1,1,128.09,72.67,72.67
225,996.00,29.71712827,115.97768959,29.75171480,115.97989466,29.71712827,115.97768959,0.6033,3856.07,1,108,split_learned_disk,13,1,-1,205.91,191.69,191.69
226,1000.00,29.71712827,115.97768959,29.71712827,115.97768959,29.71712827,115.97768959,0.6033,0.00,0,108,split_learned_disk,13,1,-1,283.79,283.79,283.79
227,1003.00,29.75171480,115.97989466,29.71712827,115.97768959,29.71712827,115.97768959,0.5333,3856.07,1,356,split_learned_disk,10,1,-1,4166.00,1129.00,1129.00
228,1007.00,29.70386059,115.98739447,29.71712827,115.97768959,29.71712827,115.97768959,0.5333,1749.68,1,7,split_learned_disk,10,1,4,1292.68,149.59,149.59
229,1010.00,29.75623545,115.98441081,29.71712827,115.97768959,29.71712827,115.97768959,0.5333,4401.62,1,396,split_learned_disk,10,1,-1,4944.10,508.88,508.88
230,1014.00,29.72383806,115.99339697,29.71712827,115.97768959,29.71712827,115.97768959,0.6033,1692.05,1,154,split_learned_disk,13,1,-1,1841.79,191.71,191.71
231,1017.00,29.72383806,115.99339697,29.71712827,115.97768959,29.71712827,115.97768959,0.6033,1692.05,1,154,split_learned_disk,13,1,-1,1893.75,715.63,715.63
232,1021.00,29.75171480,115.97989466,29.71712827,115.97768959,29.71712827,115.97768959,0.5333,3856.07,1,356,split_learned_disk,10,1,-1,4566.36,637.71,637.71
233,1024.00,29.75171480,115.97989466,29.71712827,115.97768959,29.71712827,115.97768959,0.5333,3856.07,1,356,split_learned_disk,10,1,-1,4644.22,559.80,559.80
234,1028.00,29.75356054,115.99214874,29.71712827,115.97768959,29.71712827,115.97768959,0.5567,4289.70,1,362,split_learned_disk,11,1,-1,4919.13,208.34,208.34
235,1031.00,29.75356054,115.99214874,29.71712827,115.97768959,29.71712827,115.97768959,0.5567,4289.70,1,362,split_learned_disk,11,1,-1,4993.92,403.97,403.97
236,1035.00,29.75356054,115.99214874,29.71712827,115.97768959,29.75356054,115.99214874,0.5567,4289.70,1,362,split_learned_disk,11,1,-1,5079.51,2230.20,2230.20
237,1039.00,29.75356054,115.99214874,29.75356054,115.99214874,29.75356054,115.99214874,0.5567,0.00,0,362,split_learned_disk,11,1,-1,5154.50,2296.44,2296.44
238,1042.00,29.75356054,115.99214874,29.75356054,115.99214874,29.75356054,115.99214874,0.5567,0.00,0,362,split_learned_disk,11,1,-1,5229.57,2363.40,2363.40
239,1046.00,29.75356054,115.99214874,29.75356054,115.99214874,29.75356054,115.99214874,0.5567,0.00,0,362,split_learned_disk,11,1,-1,5304.72,2431.01,2431.01
240,1094.00,29.72383806,115.99339697,29.75356054,115.99214874,29.75356054,115.99214874,0.6033,3310.91,1,154,split_learned_disk,13,1,4,2224.70,74.43,74.43
241,1099.00,29.75356054,115.99214874,29.75356054,115.99214874,29.75356054,115.99214874,0.5567,0.00,0,362,split_learned_disk,11,1,-1,5138.17,196.50,196.50
242,1104.00,29.75356054,115.99214874,29.75356054,115.99214874,29.75356054,115.99214874,0.5567,0.00,0,362,split_learned_disk,11,1,8,5062.43,118.58,118.58
243,1109.00,29.75356054,115.99214874,29.75356054,115.99214874,29.75356054,115.99214874,0.5567,0.00,0,362,split_learned_disk,11,1,10,4986.75,40.68,40.68
244,1114.00,29.75171480,115.97989466,29.75356054,115.99214874,29.75356054,115.99214874,0.5333,1202.16,1,356,split_learned_disk,10,1,10,4762.72,37.32,37.32
245,1120.00,29.75171480,115.97989466,29.75356054,115.99214874,29.75356054,115.99214874,0.5333,1202.16,1,356,split_learned_disk,10,1,8,4684.79,115.22,115.22
246,1125.00,29.75171480,115.97989466,29.75356054,115.99214874,29.75356054,115.99214874,0.5333,1202.16,1,356,split_learned_disk,10,1,-1,4606.87,887.52,887.52
247,1130.00,29.72383806,115.99339697,29.75356054,115.99214874,29.75356054,115.99214874,0.6033,3310.91,1,154,split_learned_disk,13,1,-1,1781.15,1638.71,1638.71
248,1135.00,29.74711450,115.98774574,29.75356054,115.99214874,29.75356054,115.99214874,0.5567,834.29,1,307,split_learned_disk,11,1,-1,3688.73,799.28,799.28
249,1140.00,29.70386059,115.98739447,29.75356054,115.99214874,29.75356054,115.99214874,0.5333,5551.65,1,7,split_learned_disk,10,1,-1,1111.82,205.27,205.27
250,1145.00,29.74163258,115.97760308,29.75356054,115.99214874,29.75356054,115.99214874,0.6033,1933.87,1,277,split_learned_disk,13,1,-1,3090.63,229.70,229.70
251,1150.00,29.71557393,115.98358800,29.75356054,115.99214874,29.75356054,115.99214874,0.5567,4308.87,1,85,split_learned_disk,11,1,2,398.33,6.35,6.35
252,1155.00,29.72107110,115.98571891,29.75356054,115.99214874,29.75356054,115.99214874,0.5567,3669.74,1,125,split_learned_disk,11,1,2,798.08,71.83,71.83
253,1160.00,29.71382476,115.98061147,29.75356054,115.99214874,29.71382476,115.98061147,0.5333,4561.80,1,83,split_learned_disk,10,1,1,149.74,50.30,50.30
254,1165.00,29.71987996,115.98468792,29.71382476,115.98061147,29.71382476,115.98061147,0.5800,780.78,1,124,split_learned_disk,12,1,5,545.22,27.71,27.71
255,1170.00,29.72753861,115.97265630,29.71382476,115.98061147,29.71382476,115.98061147,0.6033,1709.34,1,170,split_learned_disk,13,1,-1,1347.69,1347.69,1347.69
256,1175.00,29.74190086,115.98541708,29.71382476,115.98061147,29.71382476,115.98061147,0.5567,3159.76,1,280,split_learned_disk,11,1,-1,2635.63,1901.92,1901.92
257,1180.00,29.73763156,115.99138964,29.71382476,115.98061147,29.71382476,115.98061147,0.6033,2847.59,1,257,split_learned_disk,13,1,-1,2350.01,1386.89,1386.89
258,1185.00,29.74190086,115.98541708,29.71382476,115.98061147,29.71382476,115.98061147,0.5567,3159.76,1,280,split_learned_disk,11,1,-1,2481.68,616.92,616.92
259,1190.00,29.74190086,115.98541708,29.71382476,115.98061147,29.71382476,115.98061147,0.5567,3159.76,1,280,split_learned_disk,11,1,-1,2404.80,640.40,640.40
260,1195.00,29.73471437,115.98883853,29.71382476,115.98061147,29.71382476,115.98061147,0.6033,2457.64,1,230,split_learned_disk,13,1,-1,1693.61,672.15,672.15
261,1200.00,29.73471437,115.98883853,29.71382476,115.98061147,29.71382476,115.98061147,0.6033,2457.64,1,230,split_learned_disk,13,1,-1,1625.30,1092.30,1092.30
262,1205.00,29.74190086,115.98541708,29.71382476,115.98061147,29.71382476,115.98061147,0.5567,3159.76,1,280,split_learned_disk,11,1,-1,2174.60,1020.24,1020.24
263,1210.00,29.72753861,115.97265630,29.71382476,115.98061147,29.72753861,115.97265630,0.6033,1709.34,1,170,split_learned_disk,13,1,-1,918.77,918.77,918.77
264,1215.00,29.71987996,115.98468792,29.72753861,115.97265630,29.72753861,115.97265630,0.5800,1442.00,1,124,split_learned_disk,12,1,10,585.50,29.21,29.21
265,1221.00,29.71712827,115.97768959,29.72753861,115.97265630,29.72753861,115.97265630,0.6033,1256.86,1,108,split_learned_disk,13,1,10,735.29,107.10,107.10
266,1226.00,29.71712827,115.97768959,29.72753861,115.97265630,29.72753861,115.97265630,0.6033,1256.86,1,108,split_learned_disk,13,1,-1,810.51,198.85,198.85
267,1231.00,29.75409090,115.99129077,29.72753861,115.97265630,29.72753861,115.97265630,0.5100,3461.37,1,374,split_learned_disk,9,1,-1,3292.08,241.05,241.05
268,1237.00,29.75171480,115.97989466,29.72753861,115.97265630,29.72753861,115.97265630,0.5333,2780.75,1,356,split_learned_disk,10,1,-1,2859.15,1000.03,1000.03
269,1242.00,29.75171480,115.97989466,29.72753861,115.97265630,29.72753861,115.97265630,0.5333,2780.75,1,356,split_learned_disk,10,1,-1,2781.22,998.46,998.46
270,1247.00,29.75409090,115.99129077,29.72753861,115.97265630,29.72753861,115.97265630,0.5100,3461.37,1,374,split_learned_disk,9,1,-1,3070.13,636.67,636.67
271,1252.00,29.72447572,115.97047595,29.72753861,115.97265630,29.72753861,115.97265630,0.5567,400.84,1,156,split_learned_disk,11,1,-1,1073.43,198.79,198.79
272,1258.00,29.77088744,115.97968457,29.72753861,115.97265630,29.72753861,115.97265630,0.5800,4873.18,1,499,split_learned_disk,12,1,-1,4736.32,406.73,406.73
273,1263.00,29.73668269,115.99321159,29.72753861,115.97265630,29.73668269,115.99321159,0.6033,2232.44,1,245,split_learned_disk,13,1,10,1367.25,58.42,58.42
274,1268.00,29.74262438,115.99213116,29.73668269,115.99321159,29.73668269,115.99321159,0.5333,669.62,1,296,split_learned_disk,10,1,-1,1703.60,987.01,987.01
275,1273.00,29.73763156,115.99138964,29.73668269,115.99321159,29.73668269,115.99321159,0.6033,205.36,1,257,split_learned_disk,13,1,-1,1220.71,1117.64,1117.64
276,1278.00,29.73763156,115.99138964,29.73668269,115.99321159,29.73668269,115.99321159,0.6033,205.36,1,257,split_learned_disk,13,1,-1,1177.59,1084.84,1084.84
277,1283.00,29.73763156,115.99138964,29.73668269,115.99321159,29.73668269,115.99321159,0.6033,205.36,1,257,split_learned_disk,13,1,-1,1138.18,1138.18,1138.18
278,1288.00,29.73763156,115.99138964,29.73668269,115.99321159,29.73668269,115.99321159,0.6033,205.36,1,257,split_learned_disk,13,1,-1,1098.18,1030.99,1030.99
279,1293.00,29.73763156,115.99138964,29.73668269,115.99321159,29.73668269,115.99321159,0.6033,205.36,1,257,split_learned_disk,13,1,-1,1068.06,1014.33,1014.33
280,1298.00,29.73763156,115.99138964,29.73668269,115.99321159,29.73668269,115.99321159,0.6033,205.36,1,257,split_learned_disk,13,1,-1,1042.90,1003.46,1003.46
281,1303.00,29.73763156,115.99138964,29.73668269,115.99321159,29.73668269,115.99321159,0.6033,205.36,1,257,split_learned_disk,13,1,-1,1023.08,1023.08,1023.08
282,1307.00,29.73763156,115.99138964,29.73668269,115.99321159,29.73668269,115.99321159,0.6033,205.36,1,257,split_learned_disk,13,1,-1,1008.89,1008.89,1008.89
283,1312.00,29.73763156,115.99138964,29.73668269,115.99321159,29.73763156,115.99138964,0.6033,205.36,1,257,split_learned_disk,13,1,-1,1000.60,1000.60,1000.60
284,1317.00,29.73763156,115.99138964,29.73763156,115.99138964,29.73763156,115.99138964,0.6033,0.00,0,257,split_learned_disk,13,1,-1,998.33,714.22,714.22
285,1322.00,29.73763156,115.99138964,29.73763156,115.99138964,29.73763156,115.99138964,0.6033,0.00,0,257,split_learned_disk,13,1,-1,1002.14,413.78,413.78
286,1327.00,29.74711450,115.98774574,29.73763156,115.99138964,29.73763156,115.99138964,0.5567,1112.85,1,307,split_learned_disk,11,1,-1,863.84,581.08,581.08
287,1332.00,29.70742164,115.99263073,29.73763156,115.99138964,29.73763156,115.99138964,0.5567,3365.11,1,37,split_learned_disk,11,1,-1,3846.23,527.05,527.05
288,1337.00,29.72753861,115.97265630,29.73763156,115.99138964,29.73763156,115.99138964,0.6033,2131.00,1,170,split_learned_disk,13,1,-1,1729.74,684.58,684.58
289,1342.00,29.73952476,115.98728847,29.73763156,115.99138964,29.73763156,115.99138964,0.6267,448.96,1,268,split_learned_disk,14,1,7,634.28,10.79,10.79
290,1347.00,29.74163258,115.97760308,29.73763156,115.99138964,29.73763156,115.99138964,0.6033,1405.06,1,277,split_learned_disk,13,1,-1,220.31,220.31,220.31
291,1353.00,29.74163258,115.97760308,29.73763156,115.99138964,29.73763156,115.99138964,0.6033,1405.06,1,277,split_learned_disk,13,1,-1,261.56,261.56,261.56
292,1358.00,29.74711450,115.98774574,29.73763156,115.99138964,29.73763156,115.99138964,0.5567,1112.85,1,307,split_learned_disk,11,1,-1,618.18,555.58,555.58
293,1364.00,29.71976191,115.97022877,29.73763156,115.99138964,29.73763156,115.99138964,0.4867,2853.20,1,117,split_learned_disk,8,1,-1,2900.80,1036.17,1036.17
294,1369.00,29.74015789,115.97106916,29.73763156,115.99138964,29.73763156,115.99138964,0.5567,1984.19,1,260,split_learned_disk,11,1,-1,1173.57,437.83,437.83
295,1373.00,29.74066679,115.97110624,29.73763156,115.99138964,29.74066679,115.97110624,0.6033,1989.48,1,273,split_learned_disk,13,1,-1,1114.85,677.18,677.18
296,1378.00,29.74066679,115.97110624,29.74066679,115.97110624,29.74066679,115.97110624,0.6033,0.00,0,273,split_learned_disk,13,1,3,1151.18,32.79,32.79
297,1383.00,29.74711450,115.98774574,29.74066679,115.97110624,29.74066679,115.97110624,0.5567,1761.25,1,307,split_learned_disk,11,1,7,646.57,45.21,45.21
298,1388.00,29.74711450,115.98774574,29.74066679,115.97110624,29.74066679,115.97110624,0.5567,1761.25,1,307,split_learned_disk,11,1,6,679.95,123.12,123.12
299,1392.00,29.75409090,115.99129077,29.74066679,115.97110624,29.74066679,115.97110624,0.5100,2457.57,1,374,split_learned_disk,9,1,-1,1164.19,563.74,563.74
300,1398.00,29.75409090,115.99129077,29.74066679,115.97110624,29.74066679,115.97110624,0.5100,2457.57,1,374,split_learned_disk,9,1,2,1126.08,121.06,121.06
301,1403.00,29.75356054,115.99214874,29.74066679,115.97110624,29.74066679,115.97110624,0.5567,2489.41,1,362,split_learned_disk,11,1,-1,1222.70,243.13,243.13
302,1408.00,29.75171480,115.97989466,29.74066679,115.97110624,29.74066679,115.97110624,0.5333,1494.72,1,356,split_learned_disk,10,1,-1,154.08,154.08,154.08
303,1412.00,29.75171480,115.97989466,29.74066679,115.97110624,29.74066679,115.97110624,0.5333,1494.72,1,356,split_learned_disk,10,1,1,76.16,76.16,76.16
304,1417.00,29.75171480,115.97989466,29.74066679,115.97110624,29.74066679,115.97110624,0.5333,1494.72,1,356,split_learned_disk,10,1,1,2.47,2.47,2.47
305,1423.00,29.75171480,115.97989466,29.74066679,115.97110624,29.74066679,115.97110624,0.5333,1494.72,1,356,split_learned_disk,10,1,1,79.72,79.72,79.72
306,1428.00,29.75171480,115.97989466,29.74066679,115.97110624,29.75171480,115.97989466,0.5333,1494.72,1,356,split_learned_disk,10,1,-1,157.64,157.64,157.64
307,1433.00,29.75623545,115.98441081,29.75171480,115.97989466,29.75171480,115.97989466,0.5333,666.19,1,396,split_learned_disk,10,1,7,414.90,35.59,35.59
308,1438.00,29.75623545,115.98441081,29.75171480,115.97989466,29.75171480,115.97989466,0.5333,666.19,1,396,split_learned_disk,10,1,4,348.44,86.54,86.54
309,1443.00,29.75428406,115.97840640,29.75171480,115.97989466,29.75171480,115.97989466,0.6033,320.15,1,368,split_learned_disk,13,1,7,278.07,8.77,8.77
310,1447.00,29.75623545,115.98441081,29.75171480,115.97989466,29.75171480,115.97989466,0.5333,666.19,1,396,split_learned_disk,10,1,4,231.53,119.56,119.56
311,1452.00,29.75623545,115.98441081,29.75171480,115.97989466,29.75171480,115.97989466,0.5333,666.19,1,396,split_learned_disk,10,1,-1,202.60,202.60,202.60
312,1457.00,29.75623545,115.98441081,29.75171480,115.97989466,29.75171480,115.97989466,0.5333,666.19,1,396,split_learned_disk,10,1,-1,201.58,201.58,201.58
313,1462.00,29.75572655,115.98311314,29.75171480,115.97989466,29.75171480,115.97989466,0.5800,544.26,1,383,split_learned_disk,12,1,-1,371.56,228.83,228.83
314,1467.00,29.71030664,115.97653501,29.75171480,115.97989466,29.75171480,115.97989466,0.5333,4620.98,1,55,split_learned_disk,10,1,-1,5407.09,1207.85,1207.85
315,1472.00,29.75171480,115.97989466,29.75171480,115.97989466,29.75171480,115.97989466,0.5333,0.00,0,356,split_learned_disk,10,1,-1,870.08,481.22,481.22
316,1477.00,29.72204144,115.97063661,29.75171480,115.97989466,29.75171480,115.97989466,0.5800,3422.31,1,130,split_learned_disk,12,1,-1,4461.90,204.99,204.99
317,1482.00,29.72722741,115.99452683,29.75171480,115.97989466,29.75171480,115.97989466,0.5333,3071.00,1,181,split_learned_disk,10,1,-1,4073.44,585.48,585.48
318,1486.00,29.75870359,115.97363264,29.75171480,115.97989466,29.75171480,115.97989466,0.5333,985.72,1,391,split_learned_disk,10,1,-1,952.87,653.13,653.13
319,1491.00,29.76466674,115.97093322,29.75171480,115.97989466,29.75171480,115.97989466,0.5333,1682.00,1,442,split_learned_disk,10,1,-1,1022.90,571.93,571.93
320,1496.00,29.75572655,115.98311314,29.75171480,115.97989466,29.75171480,115.97989466,0.5800,544.26,1,383,split_learned_disk,12,1,-1,893.12,519.36,519.36
321,1501.00,29.76243015,115.97956098,29.75171480,115.97989466,29.75171480,115.97989466,0.6267,1193.27,1,434,split_learned_disk,14,1,1,148.76,148.76,148.76
322,1552.00,29.75171480,115.97989466,29.75171480,115.97989466,29.75171480,115.97989466,0.5333,0.00,0,356,split_learned_disk,10,1,-1,1329.74,513.27,513.27
323,1555.00,29.75572655,115.98311314,29.75171480,115.97989466,29.75171480,115.97989466,0.5800,544.26,1,383,split_learned_disk,12,1,-1,837.45,637.45,637.45
324,1559.00,29.75572655,115.98311314,29.75171480,115.97989466,29.75171480,115.97989466,0.5800,544.26,1,383,split_learned_disk,12,1,-1,759.52,559.53,559.53
325,1562.00,29.75171480,115.97989466,29.75171480,115.97989466,29.75171480,115.97989466,0.5333,0.00,0,356,split_learned_disk,10,1,-1,1088.07,411.05,411.05
326,1566.00,29.75171480,115.97989466,29.75171480,115.97989466,29.75171480,115.97989466,0.5333,0.00,0,356,split_learned_disk,10,1,-1,1011.51,205.10,205.10
327,1569.00,29.75171480,115.97989466,29.75171480,115.97989466,29.75171480,115.97989466,0.5333,0.00,0,356,split_learned_disk,10,1,-1,935.17,222.04,222.04
328,1573.00,29.75171480,115.97989466,29.75171480,115.97989466,29.75171480,115.97989466,0.5333,0.00,0,356,split_learned_disk,10,1,-1,859.11,313.09,313.09
329,1577.00,29.75572655,115.98311314,29.75171480,115.97989466,29.75171480,115.97989466,0.5800,544.26,1,383,split_learned_disk,12,1,-1,358.79,158.83,158.83
330,1580.00,29.75171480,115.97989466,29.75171480,115.97989466,29.75171480,115.97989466,0.5333,0.00,0,356,split_learned_disk,10,1,-1,708.22,220.33,220.33
331,1584.00,29.75356054,115.99214874,29.75171480,115.97989466,29.75171480,115.97989466,0.5567,1202.16,1,362,split_learned_disk,11,1,2,1171.94,5.75,5.75
332,1588.00,29.75356054,115.99214874,29.75171480,115.97989466,29.75171480,115.97989466,0.5567,1202.16,1,362,split_learned_disk,11,1,2,1133.83,75.18,75.18
333,1591.00,29.75356054,115.99214874,29.75171480,115.97989466,29.75171480,115.97989466,0.5567,1202.16,1,362,split_learned_disk,11,1,-1,1099.92,153.02,153.02
334,1595.00,29.75171480,115.97989466,29.75171480,115.97989466,29.75171480,115.97989466,0.5333,0.00,0,356,split_learned_disk,10,1,-1,407.68,242.05,242.05
335,1598.00,29.75572655,115.98311314,29.75171480,115.97989466,29.75171480,115.97989466,0.5800,544.26,1,383,split_learned_disk,12,1,1,120.02,80.23,80.23
336,1602.00,29.75409090,115.99129077,29.75171480,115.97989466,29.75171480,115.97989466,0.5100,1132.85,1,374,split_learned_disk,9,1,8,804.97,5.41,5.41
337,1605.00,29.75356054,115.99214874,29.75171480,115.97989466,29.75171480,115.97989466,0.5567,1202.16,1,362,split_learned_disk,11,1,9,1012.61,75.93,75.93
338,1609.00,29.75356054,115.99214874,29.75171480,115.97989466,29.75171480,115.97989466,0.5567,1202.16,1,362,split_learned_disk,11,1,-1,1006.03,200.46,200.46
339,1613.00,29.75356054,115.99214874,29.75171480,115.97989466,29.75171480,115.97989466,0.5567,1202.16,1,362,split_learned_disk,11,1,-1,1005.46,197.58,197.58
340,1617.00,29.75356054,115.99214874,29.75171480,115.97989466,29.75171480,115.97989466,0.5567,1202.16,1,362,split_learned_disk,11,1,-1,1010.92,223.69,223.69
341,1620.00,29.75409090,115.99129077,29.75171480,115.97989466,29.75171480,115.97989466,0.5100,1132.85,1,374,split_learned_disk,9,1,-1,898.25,398.63,398.63
342,1624.00,29.75623545,115.98441081,29.75171480,115.97989466,29.75171480,115.97989466,0.5333,666.19,1,396,split_learned_disk,10,1,-1,876.53,402.38,402.38
343,1627.00,29.75101274,115.98279182,29.75171480,115.97989466,29.75171480,115.97989466,0.5333,290.74,1,344,split_learned_disk,10,1,-1,154.52,154.52,154.52
344,1630.00,29.74523036,115.97549166,29.75171480,115.97989466,29.74523036,115.97549166,0.6267,837.97,1,314,split_learned_disk,14,1,4,812.52,32.75,32.75
345,1633.00,29.74711450,115.98774574,29.74523036,115.97549166,29.74523036,115.97549166,0.5567,1202.90,1,307,split_learned_disk,11,1,-1,497.92,497.92,497.92
346,1637.00,29.72204144,115.97063661,29.74523036,115.97549166,29.74523036,115.97549166,0.5800,2623.70,1,130,split_learned_disk,12,1,-1,3055.20,1856.09,1856.09
347,1640.00,29.75171480,115.97989466,29.74523036,115.97549166,29.74523036,115.97549166,0.5333,837.97,1,356,split_learned_disk,10,1,-1,694.11,505.30,505.30
348,1644.00,29.76797025,115.98054445,29.74523036,115.97549166,29.74523036,115.97549166,0.5333,2578.09,1,472,split_learned_disk,10,1,-1,2574.55,429.83,429.83
349,1647.00,29.75171480,115.97989466,29.74523036,115.97549166,29.74523036,115.97549166,0.5333,837.97,1,356,split_learned_disk,10,1,-1,855.65,662.48,662.48
350,1651.00,29.74711450,115.98774574,29.74523036,115.97549166,29.74523036,115.97549166,0.5567,1202.90,1,307,split_learned_disk,11,1,-1,419.91,419.91,419.91
351,1654.00,29.74163258,115.97760308,29.74523036,115.97549166,29.74523036,115.97549166,0.6033,449.51,1,277,split_learned_disk,13,1,-1,447.87,446.88,446.88
352,1658.00,29.74163258,115.97760308,29.74523036,115.97549166,29.74523036,115.97549166,0.6033,449.51,1,277,split_learned_disk,13,1,-1,416.86,236.13,236.13
353,1661.00,29.73763156,115.99138964,29.74523036,115.97549166,29.74523036,115.97549166,0.6033,1754.12,1,257,split_learned_disk,13,1,-1,924.75,765.06,765.06
354,1664.00,29.73763156,115.99138964,29.74523036,115.97549166,29.73763156,115.99138964,0.6033,1754.12,1,257,split_learned_disk,13,1,-1,888.98,405.60,405.60
355,1668.00,29.73763156,115.99138964,29.73763156,115.99138964,29.73763156,115.99138964,0.6033,0.00,0,257,split_learned_disk,13,1,-1,858.82,811.23,811.23
356,1671.00,29.73763156,115.99138964,29.73763156,115.99138964,29.73763156,115.99138964,0.6033,0.00,0,257,split_learned_disk,13,1,-1,834.86,824.54,824.54
357,1674.00,29.73763156,115.99138964,29.73763156,115.99138964,29.73763156,115.99138964,0.6033,0.00,0,257,split_learned_disk,13,1,-1,815.77,815.77,815.77
358,1678.00,29.73763156,115.99138964,29.73763156,115.99138964,29.73763156,115.99138964,0.6033,0.00,0,257,split_learned_disk,13,1,-1,806.80,806.80,806.80
359,1681.00,29.73763156,115.99138964,29.73763156,115.99138964,29.73763156,115.99138964,0.6033,0.00,0,257,split_learned_disk,13,1,-1,805.31,805.31,805.31
360,1685.00,29.74262438,115.99213116,29.73763156,115.99138964,29.73763156,115.99138964,0.5333,560.40,1,296,split_learned_disk,10,1,-1,1067.69,810.98,810.98
361,1689.00,29.73763156,115.99138964,29.73763156,115.99138964,29.73763156,115.99138964,0.6033,0.00,0,257,split_learned_disk,13,1,-1,824.70,805.23,805.23
362,1692.00,29.73763156,115.99138964,29.73763156,115.99138964,29.73763156,115.99138964,0.6033,0.00,0,257,split_learned_disk,13,1,-1,845.07,807.00,807.00
363,1696.00,29.73763156,115.99138964,29.73763156,115.99138964,29.73763156,115.99138964,0.6033,0.00,0,257,split_learned_disk,13,1,-1,871.96,816.24,816.24
364,1699.00,29.74262438,115.99213116,29.73763156,115.99138964,29.73763156,115.99138964,0.5333,560.40,1,296,split_learned_disk,10,1,-1,1293.97,832.70,832.70
365,1703.00,29.73763156,115.99138964,29.73763156,115.99138964,29.73763156,115.99138964,0.6033,0.00,0,257,split_learned_disk,13,1,-1,948.76,948.76,948.76
366,1706.00,29.73763156,115.99138964,29.73763156,115.99138964,29.73763156,115.99138964,0.6033,0.00,0,257,split_learned_disk,13,1,-1,992.21,890.19,890.19
367,1709.00,29.73763156,115.99138964,29.73763156,115.99138964,29.73763156,115.99138964,0.6033,0.00,0,257,split_learned_disk,13,1,-1,1039.69,1039.69,1039.69
368,1713.00,29.73763156,115.99138964,29.73763156,115.99138964,29.73763156,115.99138964,0.6033,0.00,0,257,split_learned_disk,13,1,-1,1090.68,808.22,808.22
369,1716.00,29.71987996,115.98468792,29.73763156,115.99138964,29.73763156,115.99138964,0.5800,2079.57,1,124,split_learned_disk,12,1,-1,1203.71,786.15,786.15
370,1720.00,29.71844819,115.99339697,29.73763156,115.99138964,29.73763156,115.99138964,0.5333,2144.29,1,115,split_learned_disk,10,1,-1,1649.66,708.23,708.23
371,1723.00,29.71844819,115.99339697,29.73763156,115.99138964,29.73763156,115.99138964,0.5333,2144.29,1,115,split_learned_disk,10,1,-1,1588.57,1588.57,1588.57
372,1726.00,29.75428406,115.97840640,29.73763156,115.99138964,29.73763156,115.99138964,0.6033,2238.60,1,368,split_learned_disk,13,1,8,2874.91,47.89,47.89
373,1730.00,29.75171480,115.97989466,29.73763156,115.99138964,29.73763156,115.99138964,0.5333,1921.55,1,356,split_learned_disk,10,1,-1,2743.63,2283.29,2283.29
374,1733.00,29.75356054,115.99214874,29.73763156,115.99138964,29.73763156,115.99138964,0.5567,1774.73,1,362,split_learned_disk,11,1,-1,2988.65,826.03,826.03
375,1737.00,29.75171480,115.97989466,29.73763156,115.99138964,29.73763156,115.99138964,0.5333,1921.55,1,356,split_learned_disk,10,1,5,2899.11,92.67,92.67
376,1740.00,29.72750642,115.98159303,29.73763156,115.99138964,29.73763156,115.99138964,0.4867,1472.11,1,175,split_learned_disk,8,1,-1,170.54,170.54,170.54
377,1743.00,29.75171480,115.97989466,29.73763156,115.99138964,29.73763156,115.99138964,0.5333,1921.55,1,356,split_learned_disk,10,1,-1,3054.62,536.31,536.31
378,1747.00,29.75171480,115.97989466,29.73763156,115.99138964,29.75171480,115.97989466,0.5333,1921.55,1,356,split_learned_disk,10,1,-1,3132.39,814.81,814.81
379,1750.00,29.75009607,115.99292734,29.75171480,115.97989466,29.75171480,115.97989466,0.4867,1272.55,1,336,split_learned_disk,8,1,3,2978.87,6.53,6.53
380,1754.00,29.73209146,115.98981486,29.75171480,115.97989466,29.75171480,115.97989466,0.6267,2385.66,1,217,split_learned_disk,14,1,5,1239.78,82.31,82.31
381,1757.00,29.73471437,115.98883853,29.75171480,115.97989466,29.75171480,115.97989466,0.6033,2080.60,1,230,split_learned_disk,13,1,-1,1498.74,872.55,872.55
382,1761.00,29.74190086,115.98541708,29.75171480,115.97989466,29.75171480,115.97989466,0.5567,1215.92,1,280,split_learned_disk,11,1,-1,2258.46,535.82,535.82
383,1765.00,29.74190086,115.98541708,29.75171480,115.97989466,29.75171480,115.97989466,0.5567,1215.92,1,280,split_learned_disk,11,1,-1,2336.07,488.35,488.35
384,1768.00,29.71987996,115.98468792,29.75171480,115.97989466,29.75171480,115.97989466,0.5800,3574.01,1,124,split_learned_disk,12,1,2,205.02,7.04,7.04
385,1772.00,29.71987996,115.98468792,29.75171480,115.97989466,29.75171480,115.97989466,0.5800,3574.01,1,124,split_learned_disk,12,1,2,221.10,83.06,83.06
386,1775.00,29.71987996,115.98468792,29.75171480,115.97989466,29.75171480,115.97989466,0.5800,3574.01,1,124,split_learned_disk,12,1,8,260.53,39.48,39.48
387,1779.00,29.71987996,115.98468792,29.75171480,115.97989466,29.75171480,115.97989466,0.5800,3574.01,1,124,split_learned_disk,12,1,7,314.67,39.08,39.08
388,1782.00,29.71987996,115.98468792,29.75171480,115.97989466,29.71987996,115.98468792,0.5800,3574.01,1,124,split_learned_disk,12,1,5,386.62,72.35,72.35
389,1786.00,29.71987996,115.98468792,29.71987996,115.98468792,29.71987996,115.98468792,0.5800,0.00,0,124,split_learned_disk,12,1,4,454.57,7.59,7.59
390,1789.00,29.70639146,115.98426772,29.71987996,115.98468792,29.71987996,115.98468792,0.5100,1502.09,1,33,split_learned_disk,9,1,-1,938.98,713.73,713.73
391,1793.00,29.75171480,115.97989466,29.71987996,115.98468792,29.71987996,115.98468792,0.5333,3574.01,1,356,split_learned_disk,10,1,-1,4166.16,862.56,862.56
392,1797.00,29.75171480,115.97989466,29.71987996,115.98468792,29.71987996,115.98468792,0.5333,3574.01,1,356,split_learned_disk,10,1,-1,4244.00,980.09,980.09
393,1800.00,29.75069081,115.97689342,29.71987996,115.98468792,29.71987996,115.98468792,0.6500,3511.64,1,341,split_learned_disk,15,1,-1,4160.21,1333.29,1333.29
394,1803.00,29.72383806,115.99339697,29.71987996,115.98468792,29.71987996,115.98468792,0.6033,950.15,1,154,split_learned_disk,13,1,-1,1561.68,993.25,993.25
395,1807.00,29.70386059,115.98739447,29.71987996,115.98468792,29.71987996,115.98468792,0.5333,1802.36,1,7,split_learned_disk,10,1,-1,949.11,380.50,380.50
396,1810.00,29.75171480,115.97989466,29.71987996,115.98468792,29.71987996,115.98468792,0.5333,3574.01,1,356,split_learned_disk,10,1,-1,4566.51,1300.68,1300.68
397,1813.00,29.72383806,115.99339697,29.71987996,115.98468792,29.71987996,115.98468792,0.6033,950.15,1,154,split_learned_disk,13,1,-1,1756.22,409.21,409.21
398,1817.00,29.75171480,115.97989466,29.71987996,115.98468792,29.71987996,115.98468792,0.5333,3574.01,1,356,split_learned_disk,10,1,-1,4722.22,211.50,211.50
399,1820.00,29.70386059,115.98739447,29.71987996,115.98468792,29.70386059,115.98739447,0.5333,1802.36,1,7,split_learned_disk,10,1,-1,637.72,637.72,637.72
400,1824.00,29.70386059,115.98739447,29.70386059,115.98739447,29.70386059,115.98739447,0.5333,0.00,0,7,split_learned_disk,10,1,-1,564.49,564.49,564.49
401,1827.00,29.72383806,115.99339697,29.70386059,115.98739447,29.70386059,115.98739447,0.6033,2298.33,1,154,split_learned_disk,13,1,-1,2019.73,492.70,492.70
402,1873.00,29.75171480,115.97989466,29.70386059,115.98739447,29.70386059,115.98739447,0.5333,5376.23,1,356,split_learned_disk,10,1,-1,4933.87,481.58,481.58
403,1878.00,29.75171480,115.97989466,29.70386059,115.98739447,29.70386059,115.98739447,0.5333,5376.23,1,356,split_learned_disk,10,1,-1,4856.19,159.78,159.78
404,1883.00,29.75171480,115.97989466,29.70386059,115.98739447,29.70386059,115.98739447,0.5333,5376.23,1,356,split_learned_disk,10,1,-1,4778.52,455.11,455.11
405,1889.00,29.75171480,115.97989466,29.70386059,115.98739447,29.70386059,115.98739447,0.5333,5376.23,1,356,split_learned_disk,10,1,-1,4700.86,500.18,500.18
406,1894.00,29.72383806,115.99339697,29.70386059,115.98739447,29.70386059,115.98739447,0.6033,2298.33,1,154,split_learned_disk,13,1,-1,1614.57,804.35,804.35
407,1899.00,29.72722741,115.99452683,29.70386059,115.98739447,29.70386059,115.98739447,0.5333,2691.00,1,181,split_learned_disk,10,1,-1,1993.57,419.77,419.77
408,1904.00,29.70639146,115.98426772,29.70386059,115.98739447,29.70386059,115.98739447,0.5100,413.18,1,33,split_learned_disk,9,1,2,560.23,41.55,41.55
409,1910.00,29.71557393,115.98358800,29.70386059,115.98739447,29.70386059,115.98739447,0.5567,1354.84,1,85,split_learned_disk,11,1,10,162.38,39.78,39.78
410,1915.00,29.71987996,115.98468792,29.70386059,115.98739447,29.71987996,115.98468792,0.5800,1802.36,1,124,split_learned_disk,12,1,2,684.14,84.84,84.84
411,1920.00,29.71987996,115.98468792,29.71987996,115.98468792,29.71987996,115.98468792,0.5800,0.00,0,124,split_learned_disk,12,1,-1,606.23,206.45,206.45
412,1925.00,29.73209146,115.98981486,29.71987996,115.98468792,29.71987996,115.98468792,0.6267,1446.90,1,217,split_learned_disk,14,1,-1,1971.64,526.46,526.46
413,1931.00,29.74190086,115.98541708,29.71987996,115.98468792,29.71987996,115.98468792,0.5567,2452.38,1,280,split_learned_disk,11,1,-1,2850.29,2061.16,2061.16
414,1935.00,29.73763156,115.99138964,29.71987996,115.98468792,29.71987996,115.98468792,0.6033,2079.57,1,257,split_learned_disk,13,1,-1,2449.92,1983.67,1983.67
415,1940.00,29.73763156,115.99138964,29.71987996,115.98468792,29.71987996,115.98468792,0.6033,2079.57,1,257,split_learned_disk,13,1,-1,2363.79,1895.14,1895.14
416,1945.00,29.74190086,115.98541708,29.71987996,115.98468792,29.71987996,115.98468792,0.5567,2452.38,1,280,split_learned_disk,11,1,-1,2605.39,1611.38,1611.38
417,1950.00,29.73952476,115.98728847,29.71987996,115.98468792,29.71987996,115.98468792,0.6267,2201.26,1,268,split_learned_disk,14,1,-1,2337.04,1383.08,1383.08
418,1955.00,29.71712827,115.97768959,29.71987996,115.98468792,29.71987996,115.98468792,0.6033,742.58,1,108,split_learned_disk,13,1,2,607.29,50.87,50.87
419,1960.00,29.73763156,115.99138964,29.71987996,115.98468792,29.71987996,115.98468792,0.6033,2079.57,1,257,split_learned_disk,13,1,2,2064.29,30.70,30.70
420,1966.00,29.71987996,115.98468792,29.71987996,115.98468792,29.71987996,115.98468792,0.5800,0.00,0,124,split_learned_disk,12,1,1,106.97,106.97,106.97
421,1971.00,29.71382476,115.98061147,29.71987996,115.98468792,29.71987996,115.98468792,0.5333,780.78,1,83,split_learned_disk,10,1,4,875.14,19.58,19.58
422,1976.00,29.75171480,115.97989466,29.71987996,115.98468792,29.71987996,115.98468792,0.5333,3574.01,1,356,split_learned_disk,10,1,6,3360.34,63.26,63.26
423,1981.00,29.75171480,115.97989466,29.71987996,115.98468792,29.71987996,115.98468792,0.5333,3574.01,1,356,split_learned_disk,10,1,-1,3271.89,438.55,438.55
424,1987.00,29.75623545,115.98441081,29.71987996,115.98468792,29.71987996,115.98468792,0.5333,4047.18,1,396,split_learned_disk,10,1,-1,3775.54,171.24,171.24
425,1992.00,29.75623545,115.98441081,29.71987996,115.98468792,29.71987996,115.98468792,0.5333,4047.18,1,396,split_learned_disk,10,1,4,3697.72,93.64,93.64
426,1997.00,29.75409090,115.99129077,29.71987996,115.98468792,29.71987996,115.98468792,0.5100,3861.47,1,374,split_learned_disk,9,1,-1,3272.66,185.37,185.37
427,2002.00,29.75623545,115.98441081,29.71987996,115.98468792,29.71987996,115.98468792,0.5333,4047.18,1,396,split_learned_disk,10,1,-1,3542.08,1902.98,1902.98
428,2007.00,29.75356054,115.99214874,29.71987996,115.98468792,29.71987996,115.98468792,0.5567,3818.05,1,362,split_learned_disk,11,1,-1,2972.12,627.65,627.65
429,2013.00,29.75171480,115.97989466,29.71987996,115.98468792,29.71987996,115.98468792,0.5333,3574.01,1,356,split_learned_disk,10,1,-1,2808.20,611.93,611.93
430,2018.00,29.75409090,115.99129077,29.71987996,115.98468792,29.75409090,115.99129077,0.5100,3861.47,1,374,split_learned_disk,9,1,-1,2956.13,2328.83,2328.83
431,2023.00,29.75171480,115.97989466,29.75409090,115.99129077,29.75409090,115.99129077,0.5333,1132.85,1,356,split_learned_disk,10,1,-1,2642.93,2417.16,2417.16
432,2029.00,29.75171480,115.97989466,29.75409090,115.99129077,29.75409090,115.99129077,0.5333,1132.85,1,356,split_learned_disk,10,1,-1,2565.88,463.83,463.83
433,2034.00,29.73209146,115.98981486,29.75409090,115.99129077,29.75409090,115.99129077,0.6267,2453.13,1,217,split_learned_disk,14,1,-1,486.02,486.02,486.02
434,2039.00,29.73471437,115.98883853,29.75409090,115.99129077,29.75409090,115.99129077,0.6033,2169.98,1,230,split_learned_disk,13,1,-1,560.54,278.14,278.14
435,2044.00,29.73471437,115.98883853,29.75409090,115.99129077,29.75409090,115.99129077,0.6033,2169.98,1,230,split_learned_disk,13,1,-1,510.87,214.46,214.46
436,2049.00,29.74262438,115.99213116,29.75409090,115.99129077,29.75409090,115.99129077,0.5333,1279.04,1,296,split_learned_disk,10,1,-1,1368.87,426.12,426.12
437,2054.00,29.73763156,115.99138964,29.75409090,115.99129077,29.75409090,115.99129077,0.6033,1832.28,1,257,split_learned_disk,13,1,-1,820.36,820.36,820.36
438,2060.00,29.73763156,115.99138964,29.75409090,115.99129077,29.75409090,115.99129077,0.6033,1832.28,1,257,split_learned_disk,13,1,-1,763.90,763.90,763.90
439,2065.00,29.73763156,115.99138964,29.75409090,115.99129077,29.75409090,115.99129077,0.6033,1832.28,1,257,split_learned_disk,13,1,-1,719.93,719.93,719.93
440,2070.00,29.74262438,115.99213116,29.75409090,115.99129077,29.74262438,115.99213116,0.5333,1279.04,1,296,split_learned_disk,10,1,-1,1089.65,424.04,424.04
441,2075.00,29.74262438,115.99213116,29.74262438,115.99213116,29.74262438,115.99213116,0.5333,0.00,0,296,split_learned_disk,10,1,-1,1026.09,412.34,412.34
442,2080.00,29.73763156,115.99138964,29.74262438,115.99213116,29.74262438,115.99213116,0.6033,560.40,1,257,split_learned_disk,13,1,-1,628.82,597.48,597.48
443,2085.00,29.73763156,115.99138964,29.74262438,115.99213116,29.74262438,115.99213116,0.6033,560.40,1,257,split_learned_disk,13,1,-1,615.42,615.42,615.42
444,2090.00,29.73763156,115.99138964,29.74262438,115.99213116,29.74262438,115.99213116,0.6033,560.40,1,257,split_learned_disk,13,1,-1,611.73,611.73,611.73
445,2095.00,29.73763156,115.99138964,29.74262438,115.99213116,29.74262438,115.99213116,0.6033,560.40,1,257,split_learned_disk,13,1,-1,617.92,377.15,377.15
446,2100.00,29.73763156,115.99138964,29.74262438,115.99213116,29.74262438,115.99213116,0.6033,560.40,1,257,split_learned_disk,13,1,-1,636.71,307.53,307.53
447,2106.00,29.73763156,115.99138964,29.74262438,115.99213116,29.74262438,115.99213116,0.6033,560.40,1,257,split_learned_disk,13,1,-1,662.60,256.66,256.66
448,2112.00,29.74429223,115.99535486,29.74262438,115.99213116,29.74262438,115.99213116,0.5333,362.72,1,311,split_learned_disk,10,1,6,1114.35,133.24,133.24
449,2117.00,29.74262438,115.99213116,29.74262438,115.99213116,29.74262438,115.99213116,0.5333,0.00,0,296,split_learned_disk,10,1,-1,640.28,211.91,211.91
450,2121.00,29.74429223,115.99535486,29.74262438,115.99213116,29.74262438,115.99213116,0.5333,362.72,1,311,split_learned_disk,10,1,-1,1058.49,229.43,229.43
451,2126.00,29.73763156,115.99138964,29.74262438,115.99213116,29.74262438,115.99213116,0.6033,560.40,1,257,split_learned_disk,13,1,-1,833.69,269.29,269.29
452,2131.00,29.74163258,115.97760308,29.74262438,115.99213116,29.74262438,115.99213116,0.6033,1408.61,1,277,split_learned_disk,13,1,-1,637.11,262.67,262.67
453,2137.00,29.74163258,115.97760308,29.74262438,115.99213116,29.74262438,115.99213116,0.6033,1408.61,1,277,split_learned_disk,13,1,-1,670.87,225.44,225.44
454,2141.00,29.74711450,115.98774574,29.74262438,115.99213116,29.74262438,115.99213116,0.5567,655.38,1,307,split_learned_disk,11,1,-1,211.95,211.95,211.95
455,2146.00,29.75171480,115.97989466,29.74262438,115.99213116,29.74262438,115.99213116,0.5333,1556.59,1,356,split_learned_disk,10,1,-1,809.86,515.72,515.72
456,2152.00,29.75171480,115.97989466,29.74262438,115.99213116,29.74262438,115.99213116,0.5333,1556.59,1,356,split_learned_disk,10,1,-1,742.42,667.20,667.20
457,2157.00,29.74711450,115.98774574,29.74262438,115.99213116,29.74262438,115.99213116,0.5567,655.38,1,307,split_learned_disk,11,1,-1,323.89,262.23,262.23
458,2162.00,29.75101274,115.98279182,29.74262438,115.99213116,29.74262438,115.99213116,0.5333,1298.81,1,344,split_learned_disk,10,1,-1,334.89,225.18,225.18
459,2168.00,29.75623545,115.98441081,29.74262438,115.99213116,29.75623545,115.98441081,0.5333,1688.98,1,396,split_learned_disk,10,1,-1,1016.57,211.65,211.65
460,2173.00,29.75356054,115.99214874,29.75623545,115.98441081,29.75623545,115.98441081,0.5567,805.04,1,362,split_learned_disk,11,1,-1,872.83,225.89,225.89
461,2178.00,29.75171480,115.97989466,29.75623545,115.98441081,29.75623545,115.98441081,0.5333,666.19,1,356,split_learned_disk,10,1,-1,458.18,215.99,215.99
462,2183.00,29.73065969,115.99396547,29.75623545,115.98441081,29.75623545,115.98441081,0.5100,2993.14,1,206,split_learned_disk,9,1,-1,2388.09,154.51,154.51
463,2187.00,29.75623545,115.98441081,29.75623545,115.98441081,29.75623545,115.98441081,0.5333,0.00,0,396,split_learned_disk,10,1,10,701.89,77.03,77.03
464,2192.00,29.75356054,115.99214874,29.75623545,115.98441081,29.75623545,115.98441081,0.5567,805.04,1,362,split_learned_disk,11,1,-1,811.65,273.44,273.44
465,2197.00,29.75356054,115.99214874,29.75623545,115.98441081,29.75623545,115.98441081,0.5567,805.04,1,362,split_learned_disk,11,1,-1,815.55,223.49,223.49
466,2202.00,29.75356054,115.99214874,29.75623545,115.98441081,29.75623545,115.98441081,0.5567,805.04,1,362,split_learned_disk,11,1,-1,826.81,193.06,193.06
467,2208.00,29.75171480,115.97989466,29.75623545,115.98441081,29.75623545,115.98441081,0.5333,666.19,1,356,split_learned_disk,10,1,-1,454.21,164.86,164.86
468,2213.00,29.75623545,115.98441081,29.75623545,115.98441081,29.75623545,115.98441081,0.5333,0.00,0,396,split_learned_disk,10,1,10,342.89,87.30,87.30
469,2218.00,29.75356054,115.99214874,29.75623545,115.98441081,29.75623545,115.98441081,0.5567,805.04,1,362,split_learned_disk,11,1,-1,901.09,268.54,268.54
470,2223.00,29.75356054,115.99214874,29.75623545,115.98441081,29.75623545,115.98441081,0.5567,805.04,1,362,split_learned_disk,11,1,5,943.19,120.11,120.11
471,2228.00,29.75356054,115.99214874,29.75623545,115.98441081,29.75623545,115.98441081,0.5567,805.04,1,362,split_learned_disk,11,1,-1,985.17,158.81,158.81
472,2233.00,29.75171480,115.97989466,29.75623545,115.98441081,29.75623545,115.98441081,0.5333,666.19,1,356,split_learned_disk,10,1,2,745.45,38.13,38.13
473,2238.00,29.70357085,115.99135256,29.75623545,115.98441081,29.75623545,115.98441081,0.5100,5900.90,1,10,split_learned_disk,9,1,10,6144.74,86.56,86.56
474,2243.00,29.75845058,115.98151887,29.75623545,115.98441081,29.75623545,115.98441081,0.5100,372.75,1,409,split_learned_disk,9,1,7,188.52,14.04,14.04
475,2248.00,29.75171480,115.97989466,29.75623545,115.98441081,29.75623545,115.98441081,0.5333,666.19,1,356,split_learned_disk,10,1,7,952.81,130.45,130.45
476,2253.00,29.72383806,115.99339697,29.75623545,115.98441081,29.75623545,115.98441081,0.6033,3709.60,1,154,split_learned_disk,13,1,7,4226.66,53.29,53.29
477,2258.00,29.75171480,115.97989466,29.75623545,115.98441081,29.75623545,115.98441081,0.5333,666.19,1,356,split_learned_disk,10,1,9,1107.39,38.84,38.84
478,2263.00,29.75171480,115.97989466,29.75623545,115.98441081,29.75171480,115.97989466,0.5333,666.19,1,356,split_learned_disk,10,1,9,1180.68,115.57,115.57
479,2268.00,29.75171480,115.97989466,29.75171480,115.97989466,29.75171480,115.97989466,0.5333,0.00,0,356,split_learned_disk,10,1,-1,1254.53,593.02,593.02
480,2273.00,29.75171480,115.97989466,29.75171480,115.97989466,29.75171480,115.97989466,0.5333,0.00,0,356,split_learned_disk,10,1,-1,1328.84,271.08,271.08
481,2278.00,29.75356054,115.99214874,29.75171480,115.97989466,29.75171480,115.97989466,0.5567,1202.16,1,362,split_learned_disk,11,1,-1,1574.13,883.40,883.40
482,2283.00,29.72383806,115.99339697,29.75171480,115.97989466,29.75171480,115.97989466,0.6033,3366.52,1,154,split_learned_disk,13,1,-1,4697.33,826.76,826.76
483,2288.00,29.72383806,115.99339697,29.75171480,115.97989466,29.75171480,115.97989466,0.6033,3366.52,1,154,split_learned_disk,13,1,-1,4774.10,904.67,904.67
484,2292.00,29.76797025,115.98054445,29.75171480,115.97989466,29.75171480,115.97989466,0.5333,1810.65,1,472,split_learned_disk,10,1,-1,627.26,627.26,627.26
485,2342.00,29.74711450,115.98774574,29.75171480,115.97989466,29.75171480,115.97989466,0.5567,915.51,1,307,split_learned_disk,11,1,4,2349.20,54.07,54.07
486,2345.00,29.75171480,115.97989466,29.75171480,115.97989466,29.75171480,115.97989466,0.5333,0.00,0,356,split_learned_disk,10,1,-1,1582.02,471.56,471.56
487,2348.00,29.75171480,115.97989466,29.75171480,115.97989466,29.75171480,115.97989466,0.5333,0.00,0,356,split_learned_disk,10,1,-1,1509.83,813.82,813.82
488,2351.00,29.75409090,115.99129077,29.75171480,115.97989466,29.75171480,115.97989466,0.5100,1132.85,1,374,split_learned_disk,9,1,-1,1191.22,505.98,505.98
489,2355.00,29.75623545,115.98441081,29.75171480,115.97989466,29.75171480,115.97989466,0.5333,666.19,1,396,split_learned_disk,10,1,-1,742.96,742.96,742.96
490,2358.00,29.75623545,115.98441081,29.75171480,115.97989466,29.75171480,115.97989466,0.5333,666.19,1,396,split_learned_disk,10,1,-1,677.29,607.48,607.48
491,2362.00,29.75356054,115.99214874,29.75171480,115.97989466,29.75171480,115.97989466,0.5567,1202.16,1,362,split_learned_disk,11,1,10,1245.85,83.62,83.62
492,2365.00,29.75356054,115.99214874,29.75171480,115.97989466,29.75171480,115.97989466,0.5567,1202.16,1,362,split_learned_disk,11,1,9,1169.38,19.79,19.79
493,2369.00,29.75356054,115.99214874,29.75171480,115.97989466,29.75171480,115.97989466,0.5567,1202.16,1,362,split_learned_disk,11,1,10,1104.00,87.34,87.34
494,2372.00,29.72383806,115.99339697,29.75171480,115.97989466,29.75171480,115.97989466,0.6033,3366.52,1,154,split_learned_disk,13,1,4,4083.76,41.00,41.00
495,2376.00,29.72383806,115.99339697,29.75171480,115.97989466,29.75171480,115.97989466,0.6033,3366.52,1,154,split_learned_disk,13,1,-1,4006.75,241.26,241.26
496,2379.00,29.72383806,115.99339697,29.75171480,115.97989466,29.75171480,115.97989466,0.6033,3366.52,1,154,split_learned_disk,13,1,-1,3929.78,198.84,198.84
497,2383.00,29.75356054,115.99214874,29.75171480,115.97989466,29.75356054,115.99214874,0.5567,1202.16,1,362,split_learned_disk,11,1,-1,863.61,181.70,181.70
498,2386.00,29.75356054,115.99214874,29.75356054,115.99214874,29.75356054,115.99214874,0.5567,0.00,0,362,split_learned_disk,11,1,-1,811.13,196.55,196.55
499,2390.00,29.72383806,115.99339697,29.75356054,115.99214874,29.75356054,115.99214874,0.6033,3310.91,1,154,split_learned_disk,13,1,-1,3699.10,187.67,187.67
500,2393.00,29.75171480,115.97989466,29.75356054,115.99214874,29.75356054,115.99214874,0.5333,1202.16,1,356,split_learned_disk,10,1,-1,683.02,159.06,159.06
501,2397.00,29.75356054,115.99214874,29.75356054,115.99214874,29.75356054,115.99214874,0.5567,0.00,0,362,split_learned_disk,11,1,7,678.80,82.15,82.15
502,2400.00,29.75171480,115.97989466,29.75356054,115.99214874,29.75356054,115.99214874,0.5333,1202.16,1,356,split_learned_disk,10,1,6,615.80,18.45,18.45
503,2404.00,29.75409090,115.99129077,29.75356054,115.99214874,29.75356054,115.99214874,0.5100,101.80,1,374,split_learned_disk,9,1,3,425.13,77.95,77.95
504,2407.00,29.72383806,115.99339697,29.75356054,115.99214874,29.75356054,115.99214874,0.6033,3310.91,1,154,split_learned_disk,13,1,10,3304.67,49.80,49.80
505,2410.00,29.75356054,115.99214874,29.75356054,115.99214874,29.75356054,115.99214874,0.5567,0.00,0,362,split_learned_disk,11,1,-1,619.13,428.22,428.22
506,2414.00,29.75623545,115.98441081,29.75356054,115.99214874,29.75356054,115.99214874,0.5333,805.04,1,396,split_learned_disk,10,1,-1,805.68,363.36,363.36
507,2417.00,29.76797025,115.98054445,29.75356054,115.99214874,29.75356054,115.99214874,0.5333,1957.35,1,472,split_learned_disk,10,1,9,2135.66,22.20,22.20
508,2420.00,29.75356054,115.99214874,29.75356054,115.99214874,29.75356054,115.99214874,0.5567,0.00,0,362,split_learned_disk,11,1,3,677.34,78.68,78.68
509,2424.00,29.75356054,115.99214874,29.75356054,115.99214874,29.75356054,115.99214874,0.5567,0.00,0,362,split_learned_disk,11,1,4,712.71,49.10,49.10
510,2427.00,29.75356054,115.99214874,29.75356054,115.99214874,29.75356054,115.99214874,0.5567,0.00,0,362,split_learned_disk,11,1,2,754.50,37.20,37.20
511,2430.00,29.70764699,115.97936324,29.75356054,115.99214874,29.75356054,115.99214874,0.5100,5258.38,1,31,split_learned_disk,9,1,9,4527.23,91.56,91.56
512,2434.00,29.75171480,115.97989466,29.75356054,115.99214874,29.75356054,115.99214874,0.5333,1202.16,1,356,split_learned_disk,10,1,-1,827.25,288.26,288.26
513,2437.00,29.76448431,115.98394118,29.75356054,115.99214874,29.75356054,115.99214874,0.5333,1451.94,1,448,split_learned_disk,10,1,9,2101.10,68.63,68.63
514,2441.00,29.74711450,115.98774574,29.75356054,115.99214874,29.75356054,115.99214874,0.5567,834.29,1,307,split_learned_disk,11,1,1,58.86,58.86,58.86
515,2444.00,29.74163258,115.97760308,29.75356054,115.99214874,29.75356054,115.99214874,0.6033,1933.87,1,277,split_learned_disk,13,1,4,868.28,28.62,28.62
516,2447.00,29.73763156,115.99138964,29.75356054,115.99214874,29.75356054,115.99214874,0.6033,1774.73,1,257,split_learned_disk,13,1,-1,806.01,427.68,427.68
517,2451.00,29.73763156,115.99138964,29.75356054,115.99214874,29.75356054,115.99214874,0.6033,1774.73,1,257,split_learned_disk,13,1,-1,740.51,418.47,418.47
518,2454.00,29.73763156,115.99138964,29.75356054,115.99214874,29.75356054,115.99214874,0.6033,1774.73,1,257,split_learned_disk,13,1,-1,677.64,423.64,423.64
519,2458.00,29.73763156,115.99138964,29.75356054,115.99214874,29.75356054,115.99214874,0.6033,1774.73,1,257,split_learned_disk,13,1,-1,618.21,421.95,421.95
520,2461.00,29.73763156,115.99138964,29.75356054,115.99214874,29.73763156,115.99138964,0.6033,1774.73,1,257,split_learned_disk,13,1,-1,563.31,418.94,418.94
521,2464.00,29.73763156,115.99138964,29.73763156,115.99138964,29.73763156,115.99138964,0.6033,0.00,0,257,split_learned_disk,13,1,-1,514.39,429.96,429.96
522,2468.00,29.73763156,115.99138964,29.73763156,115.99138964,29.73763156,115.99138964,0.6033,0.00,0,257,split_learned_disk,13,1,-1,473.31,454.85,454.85
523,2471.00,29.73763156,115.99138964,29.73763156,115.99138964,29.73763156,115.99138964,0.6033,0.00,0,257,split_learned_disk,13,1,-1,442.25,422.13,422.13
524,2474.00,29.74262438,115.99213116,29.73763156,115.99138964,29.73763156,115.99138964,0.5333,560.40,1,296,split_learned_disk,10,1,-1,687.49,442.93,442.93
525,2477.00,29.73763156,115.99138964,29.73763156,115.99138964,29.73763156,115.99138964,0.6033,0.00,0,257,split_learned_disk,13,1,-1,418.99,418.99,418.99
526,2481.00,29.74262438,115.99213116,29.73763156,115.99138964,29.73763156,115.99138964,0.5333,560.40,1,296,split_learned_disk,10,1,-1,816.69,429.79,429.79
527,2484.00,29.73763156,115.99138964,29.73763156,115.99138964,29.73763156,115.99138964,0.6033,0.00,0,257,split_learned_disk,13,1,-1,455.15,418.84,418.84
528,2487.00,29.73763156,115.99138964,29.73763156,115.99138964,29.73763156,115.99138964,0.6033,0.00,0,257,split_learned_disk,13,1,-1,491.10,422.23,422.23
529,2490.00,29.74262438,115.99213116,29.73763156,115.99138964,29.73763156,115.99138964,0.5333,560.40,1,296,split_learned_disk,10,1,-1,1024.49,439.63,439.63
530,2493.00,29.74262438,115.99213116,29.73763156,115.99138964,29.73763156,115.99138964,0.5333,560.40,1,296,split_learned_disk,10,1,-1,1096.08,469.48,469.48
531,2496.00,29.73763156,115.99138964,29.73763156,115.99138964,29.73763156,115.99138964,0.6033,0.00,0,257,split_learned_disk,13,1,-1,645.07,509.61,509.61
532,2500.00,29.72750642,115.97026585,29.73763156,115.99138964,29.73763156,115.99138964,0.6500,2332.25,1,169,split_learned_disk,15,1,-1,1698.82,380.53,380.53
533,2503.00,29.74429223,115.99535486,29.73763156,115.99138964,29.73763156,115.99138964,0.5333,834.67,1,311,split_learned_disk,10,1,-1,1671.97,1401.76,1401.76
534,2506.00,29.72579565,115.97604780,29.73763156,115.99138964,29.73763156,115.99138964,0.5333,1983.70,1,158,split_learned_disk,10,1,-1,1355.48,464.11,464.11
535,2510.00,29.73131429,115.98914749,29.73763156,115.99138964,29.73763156,115.99138964,0.5100,735.88,1,204,split_learned_disk,9,1,-1,218.77,187.04,187.04
536,2513.00,29.75356054,115.99214874,29.73763156,115.99138964,29.73763156,115.99138964,0.5567,1774.73,1,362,split_learned_disk,11,1,-1,2567.36,519.61,519.61
537,2516.00,29.72383806,115.99339697,29.73763156,115.99138964,29.73763156,115.99138964,0.6033,1547.70,1,154,split_learned_disk,13,1,-1,882.94,477.52,477.52
538,2520.00,29.72383806,115.99339697,29.73763156,115.99138964,29.73763156,115.99138964,0.6033,1547.70,1,154,split_learned_disk,13,1,-1,829.12,445.21,445.21
539,2523.00,29.75356054,115.99214874,29.73763156,115.99138964,29.73763156,115.99138964,0.5567,1774.73,1,362,split_learned_disk,11,1,-1,2794.82,500.31,500.31
540,2527.00,29.75171480,115.97989466,29.73763156,115.99138964,29.73763156,115.99138964,0.5333,1921.55,1,356,split_learned_disk,10,1,-1,2874.09,418.58,418.58
541,2530.00,29.70386059,115.98739447,29.73763156,115.99138964,29.70386059,115.98739447,0.5333,3779.17,1,7,split_learned_disk,10,1,-1,2514.03,357.12,357.12
542,2533.00,29.75171480,115.97989466,29.70386059,115.98739447,29.70386059,115.98739447,0.5333,5376.23,1,356,split_learned_disk,10,1,-1,3026.88,276.99,276.99
543,2536.00,29.75356054,115.99214874,29.70386059,115.98739447,29.70386059,115.98739447,0.5567,5551.65,1,362,split_learned_disk,11,1,-1,3110.47,421.12,421.12
544,2540.00,29.75356054,115.99214874,29.70386059,115.98739447,29.70386059,115.98739447,0.5567,5551.65,1,362,split_learned_disk,11,1,-1,3186.87,436.98,436.98
545,2543.00,29.75356054,115.99214874,29.70386059,115.98739447,29.70386059,115.98739447,0.5567,5551.65,1,362,split_learned_disk,11,1,8,3263.35,18.81,18.81
546,2546.00,29.75171480,115.97989466,29.70386059,115.98739447,29.70386059,115.98739447,0.5333,5376.23,1,356,split_learned_disk,10,1,7,3333.30,119.26,119.26
547,2549.00,29.75623545,115.98441081,29.70386059,115.98739447,29.70386059,115.98739447,0.5333,5837.50,1,396,split_learned_disk,10,1,9,3978.43,43.92,43.92
548,2553.00,29.74711450,115.98774574,29.70386059,115.98739447,29.70386059,115.98739447,0.5567,4815.14,1,307,split_learned_disk,11,1,5,2649.20,52.45,52.45
549,2556.00,29.73209146,115.98981486,29.70386059,115.98739447,29.70386059,115.98739447,0.6267,3151.36,1,217,split_learned_disk,14,1,4,1344.90,75.20,75.20
550,2560.00,29.71991215,115.98250757,29.70386059,115.98739447,29.70386059,115.98739447,0.5333,1848.24,1,123,split_learned_disk,10,1,-1,381.71,195.87,195.87
551,2563.00,29.74190086,115.98541708,29.70386059,115.98739447,29.74190086,115.98541708,0.5567,4238.95,1,280,split_learned_disk,11,1,-1,2489.55,1615.41,1615.41
552,2566.00,29.74190086,115.98541708,29.74190086,115.98541708,29.74190086,115.98541708,0.5567,0.00,0,280,split_learned_disk,11,1,-1,2567.27,1972.95,1972.95
553,2569.00,29.74190086,115.98541708,29.74190086,115.98541708,29.74190086,115.98541708,0.5567,0.00,0,280,split_learned_disk,11,1,-1,2645.01,2050.42,2050.42
554,2573.00,29.74190086,115.98541708,29.74190086,115.98541708,29.74190086,115.98541708,0.5567,0.00,0,280,split_learned_disk,11,1,-1,2722.75,1916.77,1916.77
555,2576.00,29.73471437,115.98883853,29.74190086,115.98541708,29.74190086,115.98541708,0.6033,865.66,1,230,split_learned_disk,13,1,-1,2017.59,206.56,206.56
556,2579.00,29.75535097,115.97636199,29.74190086,115.98541708,29.74190086,115.98541708,0.5333,1734.32,1,380,split_learned_disk,10,1,4,4589.87,117.77,117.77
557,2582.00,29.75101274,115.98279182,29.74190086,115.98541708,29.74190086,115.98541708,0.5333,1045.59,1,344,split_learned_disk,10,1,5,3979.93,42.56,42.56
558,2586.00,29.72190193,115.99239591,29.74190086,115.98541708,29.74190086,115.98541708,0.5100,2326.24,1,141,split_learned_disk,9,1,-1,1042.65,242.41,242.41
559,2589.00,29.72383806,115.99339697,29.74190086,115.98541708,29.74190086,115.98541708,0.6033,2153.62,1,154,split_learned_disk,13,1,-1,1277.10,233.42,233.42
560,2592.00,29.75324934,115.99552788,29.74190086,115.98541708,29.74190086,115.98541708,0.5567,1597.21,1,363,split_learned_disk,11,1,3,4470.89,18.90,18.90
561,2596.00,29.70386059,115.98739447,29.74190086,115.98541708,29.74190086,115.98541708,0.5333,4238.95,1,7,split_learned_disk,10,1,3,944.36,75.54,75.54
562,2599.00,29.70386059,115.98739447,29.74190086,115.98541708,29.74190086,115.98541708,0.5333,4238.95,1,7,split_learned_disk,10,1,-1,868.02,734.68,734.68
563,2603.00,29.75171480,115.97989466,29.74190086,115.98541708,29.74190086,115.98541708,0.5333,1215.92,1,356,split_learned_disk,10,1,-1,4676.58,683.93,683.93
564,2606.00,29.75171480,115.97989466,29.74190086,115.98541708,29.75171480,115.97989466,0.5333,1215.92,1,356,split_learned_disk,10,1,-1,4753.91,646.35,646.35
565,2610.00,29.75171480,115.97989466,29.75171480,115.97989466,29.75171480,115.97989466,0.5333,0.00,0,356,split_learned_disk,10,1,-1,4831.26,616.37,616.37
566,2659.00,29.70386059,115.98739447,29.75171480,115.97989466,29.75171480,115.97989466,0.5333,5376.23,1,7,split_learned_disk,10,1,-1,739.43,739.43,739.43
567,2664.00,29.72722741,115.99452683,29.75171480,115.97989466,29.75171480,115.97989466,0.5333,3071.00,1,181,split_learned_disk,10,1,-1,1985.72,581.21,581.21
568,2670.00,29.76297743,115.98488044,29.75171480,115.97989466,29.75171480,115.97989466,0.5333,1343.19,1,435,split_learned_disk,10,1,-1,5824.19,551.41,551.41
569,2675.00,29.70386059,115.98739447,29.75171480,115.97989466,29.75171480,115.97989466,0.5333,5376.23,1,7,split_learned_disk,10,1,7,958.58,120.44,120.44
570,2680.00,29.72383806,115.99339697,29.75171480,115.97989466,29.75171480,115.97989466,0.6033,3366.52,1,154,split_learned_disk,13,1,7,1310.71,47.08,47.08
571,2686.00,29.72190193,115.99239591,29.75171480,115.97989466,29.75171480,115.97989466,0.5100,3531.91,1,141,split_learned_disk,9,1,7,1051.67,45.52,45.52
572,2691.00,29.71382476,115.98061147,29.75171480,115.97989466,29.75171480,115.97989466,0.5333,4218.49,1,83,split_learned_disk,10,1,5,779.54,87.68,87.68
573,2696.00,29.71277932,115.98291541,29.75171480,115.97989466,29.75171480,115.97989466,0.5800,4344.12,1,71,split_learned_disk,12,1,-1,606.80,261.18,261.18
574,2701.00,29.71987996,115.98468792,29.75171480,115.97989466,29.75171480,115.97989466,0.5800,3574.01,1,124,split_learned_disk,12,1,-1,647.77,329.14,329.14
575,2707.00,29.74190086,115.98541708,29.75171480,115.97989466,29.74190086,115.98541708,0.5567,1215.92,1,280,split_learned_disk,11,1,-1,2874.83,2250.41,2250.41
576,2712.00,29.74190086,115.98541708,29.74190086,115.98541708,29.74190086,115.98541708,0.5567,0.00,0,280,split_learned_disk,11,1,-1,2786.56,1953.97,1953.97
577,2717.00,29.74190086,115.98541708,29.74190086,115.98541708,29.74190086,115.98541708,0.5567,0.00,0,280,split_learned_disk,11,1,-1,2709.36,1891.40,1891.40
578,2723.00,29.73763156,115.99138964,29.74190086,115.98541708,29.74190086,115.98541708,0.6033,747.76,1,257,split_learned_disk,13,1,-1,2216.81,1813.83,1813.83
579,2729.00,29.71987996,115.98468792,29.74190086,115.98541708,29.74190086,115.98541708,0.5800,2452.38,1,124,split_learned_disk,12,1,4,396.06,76.75,76.75
580,2734.00,29.71712827,115.97768959,29.74190086,115.98541708,29.74190086,115.98541708,0.6033,2857.05,1,108,split_learned_disk,13,1,6,986.54,55.47,55.47
581,2740.00,29.75171480,115.97989466,29.74190086,115.98541708,29.74190086,115.98541708,0.5333,1215.92,1,356,split_learned_disk,10,1,-1,3654.71,173.41,173.41
582,2745.00,29.72383806,115.99339697,29.74190086,115.98541708,29.74190086,115.98541708,0.6033,2153.62,1,154,split_learned_disk,13,1,9,516.60,96.95,96.95
583,2751.00,29.72190193,115.99239591,29.74190086,115.98541708,29.74190086,115.98541708,0.5100,2326.24,1,141,split_learned_disk,9,1,10,425.30,29.55,29.55
584,2756.00,29.75171480,115.97989466,29.74190086,115.98541708,29.74190086,115.98541708,0.5333,1215.92,1,356,split_learned_disk,10,1,10,3415.77,77.46,77.46
585,2761.00,29.72383806,115.99339697,29.74190086,115.98541708,29.74190086,115.98541708,0.6033,2153.62,1,154,split_learned_disk,13,1,-1,427.80,153.29,153.29
586,2767.00,29.72383806,115.99339697,29.74190086,115.98541708,29.74190086,115.98541708,0.6033,2153.62,1,154,split_learned_disk,13,1,-1,426.01,230.52,230.52
587,2772.00,29.75171480,115.97989466,29.74190086,115.98541708,29.75171480,115.97989466,0.5333,1215.92,1,356,split_learned_disk,10,1,8,3188.53,96.22,96.22
588,2778.00,29.75171480,115.97989466,29.75171480,115.97989466,29.75171480,115.97989466,0.5333,0.00,0,356,split_learned_disk,10,1,10,3113.00,29.16,29.16
589,2783.00,29.72383806,115.99339697,29.75171480,115.97989466,29.75171480,115.97989466,0.6033,3366.52,1,154,split_learned_disk,13,1,-1,499.76,263.47,263.47
590,2789.00,29.75171480,115.97989466,29.75171480,115.97989466,29.75171480,115.97989466,0.5333,0.00,0,356,split_learned_disk,10,1,-1,2962.32,232.65,232.65
591,2795.00,29.75171480,115.97989466,29.75171480,115.97989466,29.75171480,115.97989466,0.5333,0.00,0,356,split_learned_disk,10,1,-1,2887.18,225.79,225.79
592,2800.00,29.72383806,115.99339697,29.75171480,115.97989466,29.75171480,115.97989466,0.6033,3366.52,1,154,split_learned_disk,13,1,-1,662.21,249.51,249.51
593,2805.00,29.75171480,115.97989466,29.75171480,115.97989466,29.75171480,115.97989466,0.5333,0.00,0,356,split_learned_disk,10,1,-1,2726.70,291.78,291.78
594,2811.00,29.75356054,115.99214874,29.75171480,115.97989466,29.75171480,115.97989466,0.5567,1202.16,1,362,split_learned_disk,11,1,-1,2571.68,346.64,346.64
595,2816.00,29.72383806,115.99339697,29.75171480,115.97989466,29.75171480,115.97989466,0.6033,3366.52,1,154,split_learned_disk,13,1,-1,854.76,409.05,409.05
596,2822.00,29.75171480,115.97989466,29.75171480,115.97989466,29.75171480,115.97989466,0.5333,0.00,0,356,split_learned_disk,10,1,-1,2503.45,476.06,476.06
597,2828.00,29.75623545,115.98441081,29.75171480,115.97989466,29.75171480,115.97989466,0.5333,666.19,1,396,split_learned_disk,10,1,-1,2958.95,545.98,545.98
598,2833.00,29.73209146,115.98981486,29.75171480,115.97989466,29.75171480,115.97989466,0.6267,2385.66,1,217,split_learned_disk,14,1,1,35.09,35.09,35.09
599,2839.00,29.73952476,115.98728847,29.75171480,115.97989466,29.75171480,115.97989466,0.6267,1533.69,1,268,split_learned_disk,14,1,-1,766.93,182.93,182.93
600,2844.00,29.72750642,115.97026585,29.75171480,115.97989466,29.75171480,115.97989466,0.6500,2851.07,1,169,split_learned_disk,15,1,-1,1923.98,458.32,458.32
601,2850.00,29.72750642,115.97026585,29.75171480,115.97989466,29.75171480,115.97989466,0.6500,2851.07,1,169,split_learned_disk,15,1,-1,1955.37,380.54,380.54
602,2856.00,29.74262438,115.99213116,29.75171480,115.97989466,29.75171480,115.97989466,0.5333,1556.59,1,296,split_learned_disk,10,1,-1,929.44,246.96,246.96
603,2862.00,29.74262438,115.99213116,29.75171480,115.97989466,29.75171480,115.97989466,0.5333,1556.59,1,296,split_learned_disk,10,1,-1,854.04,226.27,226.27
604,2868.00,29.72753861,115.97265630,29.75171480,115.97989466,29.75171480,115.97989466,0.6033,2780.75,1,170,split_learned_disk,13,1,4,1895.16,148.07,148.07
605,2873.00,29.73155037,115.97352141,29.75171480,115.97989466,29.75171480,115.97989466,0.5567,2327.70,1,196,split_learned_disk,11,1,3,1736.78,72.47,72.47
606,2879.00,29.73155037,115.97352141,29.75171480,115.97989466,29.73155037,115.97352141,0.5567,2327.70,1,196,split_learned_disk,11,1,-1,1771.03,425.12,425.12
607,2885.00,29.73763156,115.99138964,29.73155037,115.97352141,29.73155037,115.97352141,0.6033,1855.06,1,257,split_learned_disk,13,1,-1,241.54,241.54,241.54
608,2890.00,29.73763156,115.99138964,29.73155037,115.97352141,29.73155037,115.97352141,0.6033,1855.06,1,257,split_learned_disk,13,1,-1,286.21,286.21,286.21
609,2896.00,29.73763156,115.99138964,29.73155037,115.97352141,29.73155037,115.97352141,0.6033,1855.06,1,257,split_learned_disk,13,1,-1,339.93,267.79,267.79
610,2901.00,29.73763156,115.99138964,29.73155037,115.97352141,29.73155037,115.97352141,0.6033,1855.06,1,257,split_learned_disk,13,1,-1,401.67,234.85,234.85
611,2907.00,29.73763156,115.99138964,29.73155037,115.97352141,29.73155037,115.97352141,0.6033,1855.06,1,257,split_learned_disk,13,1,-1,468.26,225.26,225.26
612,2913.00,29.73763156,115.99138964,29.73155037,115.97352141,29.73155037,115.97352141,0.6033,1855.06,1,257,split_learned_disk,13,1,-1,537.90,241.82,241.82
613,2918.00,29.73763156,115.99138964,29.73155037,115.97352141,29.73155037,115.97352141,0.6033,1855.06,1,257,split_learned_disk,13,1,-1,609.55,227.49,227.49
614,2924.00,29.73763156,115.99138964,29.73155037,115.97352141,29.73155037,115.97352141,0.6033,1855.06,1,257,split_learned_disk,13,1,-1,682.58,229.35,229.35
615,2929.00,29.73763156,115.99138964,29.73155037,115.97352141,29.73155037,115.97352141,0.6033,1855.06,1,257,split_learned_disk,13,1,-1,756.58,238.03,238.03
616,2934.00,29.74299996,115.98804235,29.73155037,115.97352141,29.74299996,115.98804235,0.5333,1895.94,1,294,split_learned_disk,10,1,-1,274.44,274.44,274.44
617,2940.00,29.74711450,115.98774574,29.74299996,115.98804235,29.74299996,115.98804235,0.5567,458.93,1,307,split_learned_disk,11,1,-1,196.47,196.47,196.47
618,2946.00,29.75356054,115.99214874,29.74299996,115.98804235,29.74299996,115.98804235,0.5567,1240.80,1,362,split_learned_disk,11,1,-1,762.23,234.08,234.08
619,2951.00,29.75356054,115.99214874,29.74299996,115.98804235,29.74299996,115.98804235,0.5567,1240.80,1,362,split_learned_disk,11,1,-1,698.90,156.83,156.83
620,2956.00,29.75171480,115.97989466,29.74299996,115.98804235,29.74299996,115.98804235,0.5333,1249.56,1,356,split_learned_disk,10,1,5,909.97,80.86,80.86
621,2962.00,29.75356054,115.99214874,29.74299996,115.98804235,29.74299996,115.98804235,0.5567,1240.80,1,362,split_learned_disk,11,1,7,582.93,25.03,25.03
622,2968.00,29.75356054,115.99214874,29.74299996,115.98804235,29.74299996,115.98804235,0.5567,1240.80,1,362,split_learned_disk,11,1,4,532.64,82.82,82.82
623,2974.00,29.75623545,115.98441081,29.74299996,115.98804235,29.74299996,115.98804235,0.5333,1514.61,1,396,split_learned_disk,10,1,4,1011.35,40.61,40.61
624,2979.00,29.75171480,115.97989466,29.74299996,115.98804235,29.74299996,115.98804235,0.5333,1249.56,1,356,split_learned_disk,10,1,7,790.16,52.30,52.30
625,2984.00,29.74923758,115.98768395,29.74299996,115.98804235,29.74299996,115.98804235,0.5100,695.24,1,333,split_learned_disk,9,1,5,368.11,126.35,126.35
626,2989.00,29.75068008,115.99280375,29.74299996,115.98804235,29.75068008,115.99280375,0.4867,970.96,1,349,split_learned_disk,8,1,-1,470.47,203.32,203.32
627,2995.00,29.75623545,115.98441081,29.75068008,115.99280375,29.75068008,115.99280375,0.5333,1020.09,1,396,split_learned_disk,10,1,5,775.45,122.87,122.87
628,3000.00,29.72383806,115.99339697,29.75068008,115.99280375,29.75068008,115.99280375,0.6033,2988.60,1,154,split_learned_disk,13,1,-1,3384.42,180.05,180.05
629,3006.00,29.75572655,115.98311314,29.75068008,115.99280375,29.75068008,115.99280375,0.5800,1092.23,1,383,split_learned_disk,12,1,-1,598.05,166.34,166.34
630,3011.00,29.75572655,115.98311314,29.75068008,115.99280375,29.75068008,115.99280375,0.5800,1092.23,1,383,split_learned_disk,12,1,4,581.47,90.07,90.07
631,3017.00,29.75356054,115.99214874,29.75068008,115.99280375,29.75068008,115.99280375,0.5567,326.84,1,362,split_learned_disk,11,1,5,577.78,26.45,26.45
632,3022.00,29.75409090,115.99129077,29.75068008,115.99280375,29.75068008,115.99280375,0.5100,406.88,1,374,split_learned_disk,9,1,4,359.56,84.25,84.25
633,3027.00,29.75171480,115.97989466,29.75068008,115.99280375,29.75068008,115.99280375,0.5333,1253.09,1,356,split_learned_disk,10,1,-1,955.20,228.82,228.82
634,3032.00,29.75356054,115.99214874,29.75068008,115.99280375,29.75068008,115.99280375,0.5567,326.84,1,362,split_learned_disk,11,1,-1,765.19,237.62,237.62
635,3037.00,29.75356054,115.99214874,29.75068008,115.99280375,29.75068008,115.99280375,0.5567,326.84,1,362,split_learned_disk,11,1,-1,831.12,386.48,386.48
636,3042.00,29.75171480,115.97989466,29.75068008,115.99280375,29.75171480,115.97989466,0.5333,1253.09,1,356,split_learned_disk,10,1,-1,1108.20,452.12,452.12
637,3048.00,29.75356054,115.99214874,29.75171480,115.97989466,29.75171480,115.97989466,0.5567,1202.16,1,362,split_learned_disk,11,1,-1,968.33,706.84,706.84
638,3053.00,29.75356054,115.99214874,29.75171480,115.97989466,29.75171480,115.97989466,0.5567,1202.16,1,362,split_learned_disk,11,1,-1,1038.91,548.57,548.57
639,3059.00,29.75356054,115.99214874,29.75171480,115.97989466,29.75171480,115.97989466,0.5567,1202.16,1,362,split_learned_disk,11,1,-1,1120.77,637.55,637.55
640,3066.00,29.72383806,115.99339697,29.75171480,115.97989466,29.75171480,115.97989466,0.6033,3366.52,1,154,split_learned_disk,13,1,-1,4335.86,392.22,392.22
641,3072.00,29.75171480,115.97989466,29.75171480,115.97989466,29.75171480,115.97989466,0.5333,0.00,0,356,split_learned_disk,10,1,-1,1422.54,701.54,701.54
642,3078.00,29.75171480,115.97989466,29.75171480,115.97989466,29.75171480,115.97989466,0.5333,0.00,0,356,split_learned_disk,10,1,-1,1488.49,381.62,381.62
643,3084.00,29.75171480,115.97989466,29.75171480,115.97989466,29.75171480,115.97989466,0.5333,0.00,0,356,split_learned_disk,10,1,-1,1555.55,390.19,390.19
644,3089.00,29.75171480,115.97989466,29.75171480,115.97989466,29.75171480,115.97989466,0.5333,0.00,0,356,split_learned_disk,10,1,-1,1623.58,461.17,461.17
645,3095.00,29.75623545,115.98441081,29.75171480,115.97989466,29.75171480,115.97989466,0.5333,666.19,1,396,split_learned_disk,10,1,-1,1071.88,244.40,244.40
646,3101.00,29.75069081,115.97689342,29.75171480,115.97989466,29.75171480,115.97989466,0.6500,311.69,1,341,split_learned_disk,15,1,-1,2134.95,225.69,225.69
647,3107.00,29.75069081,115.97689342,29.75171480,115.97989466,29.75171480,115.97989466,0.6500,311.69,1,341,split_learned_disk,15,1,-1,2209.85,1135.30,1135.30
648,3114.00,29.75171480,115.97989466,29.75171480,115.97989466,29.75171480,115.97989466,0.5333,0.00,0,356,split_learned_disk,10,1,-1,1913.47,769.66,769.66
649,3120.00,29.75171480,115.97989466,29.75171480,115.97989466,29.75171480,115.97989466,0.5333,0.00,0,356,split_learned_disk,10,1,-1,1984.97,845.73,845.73
650,3169.00,29.75171480,115.97989466,29.75171480,115.97989466,29.75171480,115.97989466,0.5333,0.00,0,356,split_learned_disk,10,1,-1,2038.67,875.29,875.29
651,3172.00,29.75171480,115.97989466,29.75171480,115.97989466,29.75171480,115.97989466,0.5333,0.00,0,356,split_learned_disk,10,1,-1,1970.44,805.27,805.27
652,3175.00,29.75069081,115.97689342,29.75171480,115.97989466,29.75171480,115.97989466,0.6500,311.69,1,341,split_learned_disk,15,1,-1,2291.55,736.84,736.84
653,3178.00,29.76778329,115.99011147,29.75171480,115.97989466,29.75171480,115.97989466,0.5333,2043.25,1,464,split_learned_disk,10,1,2,175.83,59.94,59.94
654,3181.00,29.76473113,115.99073463,29.75171480,115.97989466,29.75171480,115.97989466,0.5333,1788.12,1,452,split_learned_disk,10,1,1,77.94,77.94,77.94
655,3184.00,29.76473113,115.99073463,29.75171480,115.97989466,29.75171480,115.97989466,0.5333,1788.12,1,452,split_learned_disk,10,1,1,32.39,32.39,32.39
656,3187.00,29.76473113,115.99073463,29.75171480,115.97989466,29.75171480,115.97989466,0.5333,1788.12,1,452,split_learned_disk,10,1,1,90.38,90.38,90.38
657,3190.00,29.75171480,115.97989466,29.75171480,115.97989466,29.75171480,115.97989466,0.5333,0.00,0,356,split_learned_disk,10,1,-1,1571.26,569.54,569.54
658,3194.00,29.75356054,115.99214874,29.75171480,115.97989466,29.75171480,115.97989466,0.5567,1202.16,1,362,split_learned_disk,11,1,-1,1182.43,760.17,760.17
659,3197.00,29.75356054,115.99214874,29.75171480,115.97989466,29.75171480,115.97989466,0.5567,1202.16,1,362,split_learned_disk,11,1,-1,1106.12,482.62,482.62
660,3200.00,29.75356054,115.99214874,29.75171480,115.97989466,29.75171480,115.97989466,0.5567,1202.16,1,362,split_learned_disk,11,1,-1,1019.21,568.36,568.36
661,3203.00,29.75356054,115.99214874,29.75171480,115.97989466,29.75171480,115.97989466,0.5567,1202.16,1,362,split_learned_disk,11,1,-1,943.49,316.20,316.20
662,3206.00,29.75356054,115.99214874,29.75171480,115.97989466,29.75171480,115.97989466,0.5567,1202.16,1,362,split_learned_disk,11,1,-1,868.17,238.79,238.79
663,3210.00,29.75171480,115.97989466,29.75171480,115.97989466,29.75171480,115.97989466,0.5333,0.00,0,356,split_learned_disk,10,1,-1,1230.18,360.15,360.15
664,3213.00,29.75356054,115.99214874,29.75171480,115.97989466,29.75171480,115.97989466,0.5567,1202.16,1,362,split_learned_disk,11,1,5,719.17,86.82,86.82
665,3216.00,29.75356054,115.99214874,29.75171480,115.97989466,29.75171480,115.97989466,0.5567,1202.16,1,362,split_learned_disk,11,1,3,645.89,31.82,31.82
666,3220.00,29.75409090,115.99129077,29.75171480,115.97989466,29.75171480,115.97989466,0.5100,1132.85,1,374,split_learned_disk,9,1,2,326.52,81.44,81.44
667,3223.00,29.75745879,115.99161209,29.75171480,115.97989466,29.75171480,115.97989466,0.5100,1300.63,1,400,split_learned_disk,9,1,9,156.19,56.73,56.73
668,3227.00,29.75356054,115.99214874,29.75171480,115.97989466,29.75171480,115.97989466,0.5567,1202.16,1,362,split_learned_disk,11,1,7,426.43,52.61,52.61
669,3230.00,29.75356054,115.99214874,29.75171480,115.97989466,29.75171480,115.97989466,0.5567,1202.16,1,362,split_learned_disk,11,1,2,363.49,86.12,86.12
670,3233.00,29.75356054,115.99214874,29.75171480,115.97989466,29.75171480,115.97989466,0.5567,1202.16,1,362,split_learned_disk,11,1,3,307.48,31.76,31.76
671,3237.00,29.75356054,115.99214874,29.75171480,115.97989466,29.75171480,115.97989466,0.5567,1202.16,1,362,split_learned_disk,11,1,2,262.89,82.13,82.13
672,3240.00,29.75356054,115.99214874,29.75171480,115.97989466,29.75171480,115.97989466,0.5567,1202.16,1,362,split_learned_disk,11,1,-1,236.27,156.93,156.93
673,3244.00,29.75409090,115.99129077,29.75171480,115.97989466,29.75409090,115.99129077,0.5100,1132.85,1,374,split_learned_disk,9,1,7,233.77,44.76,44.76
674,3247.00,29.75356054,115.99214874,29.75409090,115.99129077,29.75409090,115.99129077,0.5567,101.80,1,362,split_learned_disk,11,1,9,256.28,95.85,95.85
675,3251.00,29.75356054,115.99214874,29.75409090,115.99129077,29.75409090,115.99129077,0.5567,101.80,1,362,split_learned_disk,11,1,-1,298.03,232.03,232.03
676,3254.00,29.75356054,115.99214874,29.75409090,115.99129077,29.75409090,115.99129077,0.5567,101.80,1,362,split_learned_disk,11,1,-1,360.75,184.89,184.89
677,3257.00,29.75171480,115.97989466,29.75409090,115.99129077,29.75409090,115.99129077,0.5333,1132.85,1,356,split_learned_disk,10,1,-1,1031.14,228.43,228.43
678,3260.00,29.75623545,115.98441081,29.75409090,115.99129077,29.75409090,115.99129077,0.5333,706.56,1,396,split_learned_disk,10,1,-1,1286.89,171.40,171.40
679,3263.00,29.72383806,115.99339697,29.75409090,115.99129077,29.75409090,115.99129077,0.6033,3373.89,1,154,split_learned_disk,13,1,-1,2699.67,190.72,190.72
680,3266.00,29.75171480,115.97989466,29.75409090,115.99129077,29.75409090,115.99129077,0.5333,1132.85,1,356,split_learned_disk,10,1,7,1132.97,33.81,33.81
681,3270.00,29.72447572,115.97047595,29.75409090,115.99129077,29.75409090,115.99129077,0.5567,3862.20,1,156,split_learned_disk,11,1,-1,3053.06,1175.95,1175.95
682,3273.00,29.73763156,115.99138964,29.75409090,115.99129077,29.75409090,115.99129077,0.6033,1832.28,1,257,split_learned_disk,13,1,-1,856.52,448.50,448.50
683,3276.00,29.73763156,115.99138964,29.75409090,115.99129077,29.73763156,115.99138964,0.6033,1832.28,1,257,split_learned_disk,13,1,-1,778.66,180.81,180.81
684,3279.00,29.73763156,115.99138964,29.73763156,115.99138964,29.73763156,115.99138964,0.6033,0.00,0,257,split_learned_disk,13,1,3,689.68,94.43,94.43
685,3282.00,29.74190086,115.98541708,29.73763156,115.99138964,29.73763156,115.99138964,0.5567,747.76,1,280,split_learned_disk,11,1,3,606.23,33.55,33.55
686,3285.00,29.73763156,115.99138964,29.73763156,115.99138964,29.73763156,115.99138964,0.6033,0.00,0,257,split_learned_disk,13,1,2,534.05,74.02,74.02
687,3288.00,29.74262438,115.99213116,29.73763156,115.99138964,29.73763156,115.99138964,0.5333,560.40,1,296,split_learned_disk,10,1,1,148.24,63.64,63.64
688,3291.00,29.73763156,115.99138964,29.73763156,115.99138964,29.73763156,115.99138964,0.6033,0.00,0,257,split_learned_disk,13,1,3,378.59,39.00,39.00
689,3295.00,29.73763156,115.99138964,29.73763156,115.99138964,29.73763156,115.99138964,0.6033,0.00,0,257,split_learned_disk,13,1,3,301.01,105.53,105.53
690,3298.00,29.74190086,115.98541708,29.73763156,115.99138964,29.73763156,115.99138964,0.5567,747.76,1,280,split_learned_disk,11,1,-1,595.71,181.38,181.38
691,3302.00,29.74262438,115.99213116,29.73763156,115.99138964,29.73763156,115.99138964,0.5333,560.40,1,296,split_learned_disk,10,1,-1,457.61,258.46,258.46
692,3305.00,29.73763156,115.99138964,29.73763156,115.99138964,29.73763156,115.99138964,0.6033,0.00,0,257,split_learned_disk,13,1,1,62.98,62.98,62.98
693,3309.00,29.74190086,115.98541708,29.73763156,115.99138964,29.73763156,115.99138964,0.5567,747.76,1,280,split_learned_disk,11,1,-1,708.75,179.33,179.33
694,3312.00,29.74190086,115.98541708,29.73763156,115.99138964,29.73763156,115.99138964,0.5567,747.76,1,280,split_learned_disk,11,1,10,757.89,103.55,103.55
695,3315.00,29.74262438,115.99213116,29.73763156,115.99138964,29.73763156,115.99138964,0.5333,560.40,1,296,split_learned_disk,10,1,9,779.98,37.83,37.83
696,3319.00,29.74190086,115.98541708,29.73763156,115.99138964,29.73763156,115.99138964,0.5567,747.76,1,280,split_learned_disk,11,1,10,868.89,65.45,65.45
697,3322.00,29.72753861,115.97265630,29.73763156,115.99138964,29.73763156,115.99138964,0.6033,2131.00,1,170,split_learned_disk,13,1,-1,1968.46,375.07,375.07
698,3325.00,29.71712827,115.97768959,29.73763156,115.99138964,29.73763156,115.99138964,0.6033,2638.76,1,108,split_learned_disk,13,1,-1,2134.93,446.08,446.08
699,3328.00,29.72476546,115.97208780,29.73763156,115.99138964,29.73763156,115.99138964,0.5567,2352.06,1,157,split_learned_disk,11,1,-1,1988.25,441.18,441.18
700,3332.00,29.70764699,115.97936324,29.73763156,115.99138964,29.73763156,115.99138964,0.5100,3534.51,1,31,split_learned_disk,9,1,-1,2981.53,1595.16,1595.16
701,3335.00,29.72383806,115.99339697,29.73763156,115.99138964,29.73763156,115.99138964,0.6033,1547.70,1,154,split_learned_disk,13,1,-1,970.06,542.91,542.91
702,3339.00,29.72383806,115.99339697,29.73763156,115.99138964,29.72383806,115.99339697,0.6033,1547.70,1,154,split_learned_disk,13,1,-1,894.58,465.14,465.14
703,3342.00,29.72383806,115.99339697,29.72383806,115.99339697,29.72383806,115.99339697,0.6033,0.00,0,154,split_learned_disk,13,1,-1,819.57,188.81,188.81
704,3346.00,29.75171480,115.97989466,29.72383806,115.99339697,29.72383806,115.99339697,0.5333,3366.52,1,356,split_learned_disk,10,1,8,2673.32,112.76,112.76
705,3349.00,29.72383806,115.99339697,29.72383806,115.99339697,29.72383806,115.99339697,0.6033,0.00,0,154,split_learned_disk,13,1,8,671.52,43.84,43.84
706,3352.00,29.72383806,115.99339697,29.72383806,115.99339697,29.72383806,115.99339697,0.6033,0.00,0,154,split_learned_disk,13,1,-1,598.99,155.62,155.62
707,3355.00,29.72383806,115.99339697,29.72383806,115.99339697,29.72383806,115.99339697,0.6033,0.00,0,154,split_learned_disk,13,1,7,527.99,80.90,80.90
708,3358.00,29.75171480,115.97989466,29.72383806,115.99339697,29.72383806,115.99339697,0.5333,3366.52,1,356,split_learned_disk,10,1,6,2976.52,34.90,34.90
709,3361.00,29.75356054,115.99214874,29.72383806,115.99339697,29.72383806,115.99339697,0.5567,3310.91,1,362,split_learned_disk,11,1,6,2901.80,97.82,97.82
710,3365.00,29.75356054,115.99214874,29.72383806,115.99339697,29.72383806,115.99339697,0.5567,3310.91,1,362,split_learned_disk,11,1,5,2979.49,43.32,43.32
711,3368.00,29.75171480,115.97989466,29.72383806,115.99339697,29.72383806,115.99339697,0.5333,3366.52,1,356,split_learned_disk,10,1,4,3198.48,57.84,57.84
712,3371.00,29.75356054,115.99214874,29.72383806,115.99339697,29.72383806,115.99339697,0.5567,3310.91,1,362,split_learned_disk,11,1,6,3134.89,130.23,130.23
713,3375.00,29.72383806,115.99339697,29.72383806,115.99339697,29.72383806,115.99339697,0.6033,0.00,0,154,split_learned_disk,13,1,-1,231.73,198.31,198.31
714,3378.00,29.75171480,115.97989466,29.72383806,115.99339697,29.72383806,115.99339697,0.5333,3366.52,1,356,split_learned_disk,10,1,4,3422.02,122.03,122.03
715,3382.00,29.75171480,115.97989466,29.72383806,115.99339697,29.72383806,115.99339697,0.5333,3366.52,1,356,split_learned_disk,10,1,-1,3496.83,235.10,235.10
716,3385.00,29.72383806,115.99339697,29.72383806,115.99339697,29.72383806,115.99339697,0.6033,0.00,0,154,split_learned_disk,13,1,9,340.22,58.47,58.47
717,3389.00,29.75171480,115.97989466,29.72383806,115.99339697,29.72383806,115.99339697,0.5333,3366.52,1,356,split_learned_disk,10,1,-1,3657.57,242.90,242.90
718,3392.00,29.71382476,115.98061147,29.72383806,115.99339697,29.72383806,115.99339697,0.5333,1664.27,1,83,split_learned_disk,10,1,3,1136.51,32.08,32.08
719,3396.00,29.71557393,115.98358800,29.72383806,115.99339697,29.72383806,115.99339697,0.5567,1321.09,1,85,split_learned_disk,11,1,3,768.35,88.76,88.76
720,3399.00,29.75324934,115.99552788,29.72383806,115.99339697,29.72383806,115.99339697,0.5567,3280.54,1,363,split_learned_disk,11,1,-1,3785.53,515.61,515.61
721,3403.00,29.71277932,115.98291541,29.72383806,115.99339697,29.72383806,115.99339697,0.5800,1594.35,1,71,split_learned_disk,12,1,-1,951.47,292.12,292.12
722,3406.00,29.71277932,115.98291541,29.72383806,115.99339697,29.72383806,115.99339697,0.5800,1594.35,1,71,split_learned_disk,12,1,-1,907.69,204.80,204.80
723,3410.00,29.73763156,115.99138964,29.72383806,115.99339697,29.72383806,115.99339697,0.6033,1547.70,1,257,split_learned_disk,13,1,-1,2394.82,416.56,416.56
724,3413.00,29.74190086,115.98541708,29.72383806,115.99339697,29.72383806,115.99339697,0.5567,2153.62,1,280,split_learned_disk,11,1,-1,2939.13,464.89,464.89
725,3417.00,29.71987996,115.98468792,29.72383806,115.99339697,29.72383806,115.99339697,0.5800,950.15,1,124,split_learned_disk,12,1,-1,798.97,233.32,233.32
726,3420.00,29.71382476,115.98061147,29.72383806,115.99339697,29.71382476,115.98061147,0.5333,1664.27,1,83,split_learned_disk,10,1,-1,969.12,370.42,370.42
727,3423.00,29.71286516,115.99072227,29.71382476,115.98061147,29.71382476,115.98061147,0.5800,983.12,1,75,split_learned_disk,12,1,1,88.44,88.44,88.44
728,3427.00,29.75171480,115.97989466,29.71382476,115.98061147,29.71382476,115.98061147,0.5333,4218.49,1,356,split_learned_disk,10,1,-1,4500.76,416.92,416.92
729,3430.00,29.74923758,115.98768395,29.71382476,115.98061147,29.71382476,115.98061147,0.5100,4000.99,1,333,split_learned_disk,9,1,-1,4089.90,974.16,974.16
730,3434.00,29.72204144,115.97063661,29.71382476,115.98061147,29.71382476,115.98061147,0.5800,1329.00,1,130,split_learned_disk,12,1,-1,2280.25,1044.58,1044.58
731,3483.00,29.73209146,115.98981486,29.71382476,115.98061147,29.71382476,115.98061147,0.6267,2219.52,1,217,split_learned_disk,14,1,-1,2345.85,1165.48,1165.48
732,3489.00,29.73471437,115.98883853,29.71382476,115.98061147,29.71382476,115.98061147,0.6033,2457.64,1,230,split_learned_disk,13,1,-1,2466.54,735.01,735.01
733,3494.00,29.74190086,115.98541708,29.71382476,115.98061147,29.71382476,115.98061147,0.5567,3159.76,1,280,split_learned_disk,11,1,-1,3252.40,2507.59,2507.59
734,3499.00,29.74190086,115.98541708,29.71382476,115.98061147,29.71382476,115.98061147,0.5567,3159.76,1,280,split_learned_disk,11,1,-1,3176.69,2352.08,2352.08
735,3505.00,29.74190086,115.98541708,29.71382476,115.98061147,29.71382476,115.98061147,0.5567,3159.76,1,280,split_learned_disk,11,1,-1,3101.10,2276.48,2276.48
736,3509.00,29.74190086,115.98541708,29.71382476,115.98061147,29.74190086,115.98541708,0.5567,3159.76,1,280,split_learned_disk,11,1,-1,3025.62,2329.24,2329.24
737,3514.00,29.73763156,115.99138964,29.74190086,115.98541708,29.74190086,115.98541708,0.6033,747.76,1,257,split_learned_disk,13,1,-1,2444.49,2115.07,2115.07
738,3520.00,29.74711450,115.98774574,29.74190086,115.98541708,29.74190086,115.98541708,0.5567,622.50,1,307,split_learned_disk,11,1,-1,3210.72,165.72,165.72
739,3525.00,29.75101274,115.98279182,29.74190086,115.98541708,29.74190086,115.98541708,0.5333,1045.59,1,344,split_learned_disk,10,1,-1,3806.75,252.50,252.50
740,3530.00,29.76785221,115.98801763,29.74190086,115.98541708,29.74190086,115.98541708,0.6500,2899.82,1,476,split_learned_disk,15,1,-1,5633.43,238.43,238.43
741,3535.00,29.72722741,115.99452683,29.74190086,115.98541708,29.74190086,115.98541708,0.5333,1855.67,1,181,split_learned_disk,10,1,-1,957.58,249.17,249.17
742,3541.00,29.76797025,115.98054445,29.74190086,115.98541708,29.74190086,115.98541708,0.5333,2940.01,1,472,split_learned_disk,10,1,7,5617.05,62.64,62.64
743,3546.00,29.75324934,115.99552788,29.74190086,115.98541708,29.74190086,115.98541708,0.5567,1597.21,1,363,split_learned_disk,11,1,6,3579.54,47.74,47.74
744,3551.00,29.72383806,115.99339697,29.74190086,115.98541708,29.74190086,115.98541708,0.6033,2153.62,1,154,split_learned_disk,13,1,-1,296.16,186.81,186.81
745,3557.00,29.75171480,115.97989466,29.74190086,115.98541708,29.74190086,115.98541708,0.5333,1215.92,1,356,split_learned_disk,10,1,3,3597.33,38.65,38.65
746,3562.00,29.72383806,115.99339697,29.74190086,115.98541708,29.72383806,115.99339697,0.6033,2153.62,1,154,split_learned_disk,13,1,1,132.37,82.75,82.75
747,3567.00,29.72383806,115.99339697,29.72383806,115.99339697,29.72383806,115.99339697,0.6033,0.00,0,154,split_learned_disk,13,1,1,62.05,62.05,62.05
748,3573.00,29.72383806,115.99339697,29.72383806,115.99339697,29.72383806,115.99339697,0.6033,0.00,0,154,split_learned_disk,13,1,1,48.19,48.19,48.19
749,3579.00,29.75171480,115.97989466,29.72383806,115.99339697,29.72383806,115.99339697,0.5333,3366.52,1,356,split_learned_disk,10,1,-1,3303.86,186.43,186.43
750,3584.00,29.72383806,115.99339697,29.72383806,115.99339697,29.72383806,115.99339697,0.6033,0.00,0,154,split_learned_disk,13,1,-1,188.94,162.32,162.32
751,3590.00,29.75171480,115.97989466,29.72383806,115.99339697,29.72383806,115.99339697,0.5333,3366.52,1,356,split_learned_disk,10,1,-1,3158.44,173.45,173.45
752,3595.00,29.75171480,115.97989466,29.72383806,115.99339697,29.72383806,115.99339697,0.5333,3366.52,1,356,split_learned_disk,10,1,-1,3086.11,214.39,214.39
753,3601.00,29.72383806,115.99339697,29.72383806,115.99339697,29.72383806,115.99339697,0.6033,0.00,0,154,split_learned_disk,13,1,-1,431.62,164.37,164.37
754,3607.00,29.75171480,115.97989466,29.72383806,115.99339697,29.72383806,115.99339697,0.5333,3366.52,1,356,split_learned_disk,10,1,-1,2932.09,194.30,194.30
755,3612.00,29.75171480,115.97989466,29.72383806,115.99339697,29.72383806,115.99339697,0.5333,3366.52,1,356,split_learned_disk,10,1,-1,2860.71,246.23,246.23
756,3618.00,29.75171480,115.97989466,29.72383806,115.99339697,29.72383806,115.99339697,0.5333,3366.52,1,356,split_learned_disk,10,1,-1,2789.67,465.27,465.27
757,3624.00,29.75409090,115.99129077,29.72383806,115.99339697,29.72383806,115.99339697,0.5100,3373.89,1,374,split_learned_disk,9,1,-1,2663.30,565.21,565.21
758,3629.00,29.72383806,115.99339697,29.72383806,115.99339697,29.72383806,115.99339697,0.6033,0.00,0,154,split_learned_disk,13,1,-1,820.43,162.81,162.81
759,3635.00,29.75171480,115.97989466,29.72383806,115.99339697,29.72383806,115.99339697,0.5333,3366.52,1,356,split_learned_disk,10,1,-1,2578.97,523.05,523.05
760,3640.00,29.72383806,115.99339697,29.72383806,115.99339697,29.72383806,115.99339697,0.6033,0.00,0,154,split_learned_disk,13,1,-1,976.13,597.65,597.65
761,3646.00,29.75356054,115.99214874,29.72383806,115.99339697,29.72383806,115.99339697,0.5567,3310.91,1,362,split_learned_disk,11,1,-1,2135.91,879.42,879.42
762,3651.00,29.70386059,115.98739447,29.72383806,115.99339697,29.72383806,115.99339697,0.5333,2298.33,1,7,split_learned_disk,10,1,9,3428.04,69.24,69.24
763,3657.00,29.76797025,115.98054445,29.72383806,115.99339697,29.72383806,115.99339697,0.5333,5067.44,1,472,split_learned_disk,10,1,10,4017.50,43.40,43.40
764,3662.00,29.73668269,115.99321159,29.72383806,115.99339697,29.72383806,115.99339697,0.6033,1429.98,1,245,split_learned_disk,13,1,1,108.78,108.78,108.78
765,3667.00,29.73668269,115.99321159,29.72383806,115.99339697,29.72383806,115.99339697,0.6033,1429.98,1,245,split_learned_disk,13,1,1,45.19,45.19,45.19
766,3672.00,29.74262438,115.99213116,29.72383806,115.99339697,29.72383806,115.99339697,0.5333,2094.87,1,296,split_learned_disk,10,1,-1,763.25,170.43,170.43
767,3678.00,29.73763156,115.99138964,29.72383806,115.99339697,29.72383806,115.99339697,0.6033,1547.70,1,257,split_learned_disk,13,1,-1,175.36,175.36,175.36
768,3684.00,29.74262438,115.99213116,29.72383806,115.99339697,29.72383806,115.99339697,0.5333,2094.87,1,296,split_learned_disk,10,1,-1,611.83,264.92,264.92
769,3690.00,29.74262438,115.99213116,29.72383806,115.99339697,29.72383806,115.99339697,0.5333,2094.87,1,296,split_learned_disk,10,1,-1,526.47,339.85,339.85
770,3695.00,29.73155037,115.97352141,29.72383806,115.99339697,29.73155037,115.97352141,0.5567,2104.26,1,196,split_learned_disk,11,1,-1,2191.41,296.83,296.83
771,3701.00,29.72750642,115.97026585,29.73155037,115.97352141,29.73155037,115.97352141,0.6500,549.25,1,169,split_learned_disk,15,1,8,2605.59,66.90,66.90
772,3706.00,29.73763156,115.99138964,29.73155037,115.97352141,29.73155037,115.97352141,0.6033,1855.06,1,257,split_learned_disk,13,1,-1,369.91,175.07,175.07
773,3713.00,29.73763156,115.99138964,29.73155037,115.97352141,29.73155037,115.97352141,0.6033,1855.06,1,257,split_learned_disk,13,1,-1,441.32,161.98,161.98
774,3718.00,29.73763156,115.99138964,29.73155037,115.97352141,29.73155037,115.97352141,0.6033,1855.06,1,257,split_learned_disk,13,1,7,514.62,117.84,117.84
775,3724.00,29.73763156,115.99138964,29.73155037,115.97352141,29.73155037,115.97352141,0.6033,1855.06,1,257,split_learned_disk,13,1,8,589.11,50.93,50.93
776,3730.00,29.73763156,115.99138964,29.73155037,115.97352141,29.73155037,115.97352141,0.6033,1855.06,1,257,split_learned_disk,13,1,7,664.39,58.70,58.70
777,3736.00,29.73763156,115.99138964,29.73155037,115.97352141,29.73155037,115.97352141,0.6033,1855.06,1,257,split_learned_disk,13,1,8,751.08,76.79,76.79
778,3743.00,29.73763156,115.99138964,29.73155037,115.97352141,29.73155037,115.97352141,0.6033,1855.06,1,257,split_learned_disk,13,1,9,827.35,40.03,40.03
779,3748.00,29.73763156,115.99138964,29.73155037,115.97352141,29.73155037,115.97352141,0.6033,1855.06,1,257,split_learned_disk,13,1,-1,903.90,254.56,254.56
780,3754.00,29.73668269,115.99321159,29.73155037,115.97352141,29.73668269,115.99321159,0.6033,1987.14,1,245,split_learned_disk,13,1,-1,1167.89,164.91,164.91
781,3759.00,29.73155037,115.97352141,29.73668269,115.99321159,29.73668269,115.99321159,0.5567,1987.14,1,196,split_learned_disk,11,1,10,2693.08,59.27,59.27
782,3764.00,29.74163258,115.97760308,29.73668269,115.99321159,29.73668269,115.99321159,0.6033,1606.18,1,277,split_learned_disk,13,1,-1,1541.72,203.17,203.17
783,3770.00,29.75101274,115.98279182,29.73668269,115.99321159,29.73668269,115.99321159,0.5333,1886.56,1,344,split_learned_disk,10,1,-1,982.00,161.63,161.63
784,3775.00,29.75356054,115.99214874,29.73668269,115.99321159,29.73668269,115.99321159,0.5567,1881.65,1,362,split_learned_disk,11,1,5,323.33,126.98,126.98
785,3782.00,29.75356054,115.99214874,29.73668269,115.99321159,29.73668269,115.99321159,0.5567,1881.65,1,362,split_learned_disk,11,1,6,235.14,49.96,49.96
786,3788.00,29.75356054,115.99214874,29.73668269,115.99321159,29.73668269,115.99321159,0.5567,1881.65,1,362,split_learned_disk,11,1,5,158.77,59.85,59.85
787,3794.00,29.75356054,115.99214874,29.73668269,115.99321159,29.73668269,115.99321159,0.5567,1881.65,1,362,split_learned_disk,11,1,1,85.27,85.27,85.27
788,3799.00,29.75356054,115.99214874,29.73668269,115.99321159,29.73668269,115.99321159,0.5567,1881.65,1,362,split_learned_disk,11,1,1,38.41,38.41,38.41
789,3805.00,29.75409090,115.99129077,29.73668269,115.99321159,29.73668269,115.99321159,0.5100,1946.76,1,374,split_learned_disk,9,1,10,201.48,126.27,126.27
790,3811.00,29.75171480,115.97989466,29.73668269,115.99321159,29.75171480,115.97989466,0.5333,2111.18,1,356,split_learned_disk,10,1,10,1172.28,57.16,57.16
791,3818.00,29.75409090,115.99129077,29.75171480,115.97989466,29.75171480,115.97989466,0.5100,1132.85,1,374,split_learned_disk,9,1,8,165.49,52.31,52.31
792,3824.00,29.75623545,115.98441081,29.75171480,115.97989466,29.75171480,115.97989466,0.5333,666.19,1,396,split_learned_disk,10,1,10,1000.29,130.38,130.38
793,3830.00,29.75572655,115.98311314,29.75171480,115.97989466,29.75171480,115.97989466,0.5800,544.26,1,383,split_learned_disk,12,1,6,961.63,38.45,38.45
794,3836.00,29.75171480,115.97989466,29.75171480,115.97989466,29.75171480,115.97989466,0.5333,0.00,0,356,split_learned_disk,10,1,7,1257.07,89.14,89.14
795,3842.00,29.75356054,115.99214874,29.75171480,115.97989466,29.75171480,115.97989466,0.5567,1202.16,1,362,split_learned_disk,11,1,9,559.70,56.61,56.61
796,3848.00,29.75356054,115.99214874,29.75171480,115.97989466,29.75171480,115.97989466,0.5567,1202.16,1,362,split_learned_disk,11,1,-1,637.46,165.66,165.66
797,3853.00,29.75171480,115.97989466,29.75171480,115.97989466,29.75171480,115.97989466,0.5333,0.00,0,356,split_learned_disk,10,1,-1,1363.64,515.66,515.66
798,3859.00,29.75171480,115.97989466,29.75171480,115.97989466,29.75171480,115.97989466,0.5333,0.00,0,356,split_learned_disk,10,1,-1,1406.02,424.15,424.15
799,3864.00,29.75623545,115.98441081,29.75171480,115.97989466,29.75171480,115.97989466,0.5333,666.19,1,396,split_learned_disk,10,1,-1,998.84,497.09,497.09
800,3870.00,29.75171480,115.97989466,29.75171480,115.97989466,29.75171480,115.97989466,0.5333,0.00,0,356,split_learned_disk,10,1,-1,1506.42,509.66,509.66
801,3877.00,29.75171480,115.97989466,29.75171480,115.97989466,29.75171480,115.97989466,0.5333,0.00,0,356,split_learned_disk,10,1,-1,1557.20,657.24,657.24
802,3883.00,29.75797388,115.98512047,29.75171480,115.97989466,29.75171480,115.97989466,0.5100,860.60,1,397,split_learned_disk,9,1,-1,919.39,733.02,733.02
803,3889.00,29.75409090,115.99129077,29.75171480,115.97989466,29.75171480,115.97989466,0.5100,1132.85,1,374,split_learned_disk,9,1,5,1005.97,39.02,39.02
804,3895.00,29.75572655,115.98311314,29.75171480,115.97989466,29.75171480,115.97989466,0.5800,544.26,1,383,split_learned_disk,12,1,-1,1297.33,553.31,553.31
805,3902.00,29.75745879,115.99161209,29.75171480,115.97989466,29.75171480,115.97989466,0.5100,1300.63,1,400,split_learned_disk,9,1,5,766.00,64.02,64.02
806,3907.00,29.74723707,115.98484336,29.75171480,115.97989466,29.75171480,115.97989466,0.5333,690.85,1,318,split_learned_disk,10,1,7,2243.24,46.73,46.73
807,3913.00,29.75745879,115.99161209,29.75171480,115.97989466,29.75171480,115.97989466,0.5100,1300.63,1,400,split_learned_disk,9,1,6,918.93,102.83,102.83
808,3918.00,29.76732185,115.99062340,29.75171480,115.97989466,29.75171480,115.97989466,0.5100,2023.34,1,465,split_learned_disk,9,1,-1,161.75,161.75,161.75
809,3924.00,29.75171480,115.97989466,29.75171480,115.97989466,29.75171480,115.97989466,0.5333,0.00,0,356,split_learned_disk,10,1,-1,2035.57,1281.81,1281.81
810,3931.00,29.75171480,115.97989466,29.75171480,115.97989466,29.75171480,115.97989466,0.5333,0.00,0,356,split_learned_disk,10,1,-1,2100.03,1378.93,1378.93
811,3937.00,29.75171480,115.97989466,29.75171480,115.97989466,29.75171480,115.97989466,0.5333,0.00,0,356,split_learned_disk,10,1,-1,2165.38,1228.03,1228.03
812,3943.00,29.75171480,115.97989466,29.75171480,115.97989466,29.75171480,115.97989466,0.5333,0.00,0,356,split_learned_disk,10,1,-1,2231.53,1165.48,1165.48
813,3949.00,29.71030664,115.97653501,29.75171480,115.97989466,29.75171480,115.97989466,0.5333,4620.98,1,55,split_learned_disk,10,1,3,6765.96,41.86,41.86
814,3954.00,29.70742164,115.99263073,29.75171480,115.97989466,29.75171480,115.97989466,0.5567,5082.07,1,37,split_learned_disk,11,1,4,7061.30,72.23,72.23
815,3959.00,29.70386059,115.98739447,29.75171480,115.97989466,29.75171480,115.97989466,0.5333,5376.23,1,7,split_learned_disk,10,1,-1,7577.50,2260.44,2260.44
816,3963.00,29.75171480,115.97989466,29.75171480,115.97989466,29.75171480,115.97989466,0.5333,0.00,0,356,split_learned_disk,10,1,-1,2483.24,1177.85,1177.85
