Frame,Time_Sec,Raw_Lat,Raw_Lng,Predicted_Lat,Predicted_Lng,Filtered_Lat,Filtered_Lng,Match_Confidence,Innovation_M,Outlier_Rejected,Best_Match_Idx,Algorithm,Inliers,Measurement_Valid,Correct_Candidate_Rank,Top1_Min_Dist_M,Top5_Min_Dist_M,Top10_Min_Dist_M
1,2.00,30.94650129,120.23704115,30.94530000,120.14500000,30.94530000,120.14500000,0.5800,8790.44,1,1392,split_learned_disk,12,1,-1,8788.49,8788.49,8788.49
2,4.00,30.94363770,120.24190533,30.94530000,120.14500000,30.94530000,120.14500000,0.5100,9255.77,1,1282,split_learned_disk,9,1,-1,9094.69,8844.84,8844.84
3,6.00,30.94650129,120.23704115,30.94530000,120.14500000,30.94530000,120.14500000,0.5800,8790.44,1,1392,split_learned_disk,12,1,-1,8693.23,8693.23,8693.23
4,8.00,30.93660144,120.22158713,30.94530000,120.14500000,30.94530000,120.14500000,0.6267,7377.47,1,1048,split_learned_disk,14,1,-1,7069.62,7069.62,7069.62
5,10.00,30.93942816,120.22395668,30.94530000,120.14500000,30.94530000,120.14500000,0.5100,7568.21,1,1105,split_learned_disk,9,1,-1,7242.31,7138.17,7138.17
6,12.00,30.93745380,120.22054893,30.94530000,120.14500000,30.94530000,120.14500000,0.5567,7267.18,1,1104,split_learned_disk,11,1,-1,6947.48,6947.48,6947.48
7,13.00,30.94646910,120.24239861,30.94530000,120.14500000,30.94530000,120.14500000,0.5333,9301.94,1,1395,split_learned_disk,10,1,-1,9102.85,8648.91,8648.91
8,15.00,30.93225708,120.25235212,30.94530000,120.14500000,30.94530000,120.14500000,0.5567,10353.84,1,951,split_learned_disk,11,1,-1,9902.24,8553.00,8553.00
9,17.00,30.94646910,120.24239861,30.94530000,120.14500000,30.94530000,120.14500000,0.5333,9301.94,1,1395,split_learned_disk,10,1,-1,9007.92,8550.95,8550.95
10,19.00,30.94646910,120.24239861,30.94530000,120.14500000,30.94646910,120.24239861,0.5333,9301.94,1,1395,split_learned_disk,10,1,-1,8912.45,8457.10,8457.10
11,21.00,30.93441853,120.24778815,30.94646910,120.24239861,30.94646910,120.24239861,0.6500,1436.81,1,1005,split_learned_disk,15,1,-1,9381.76,8511.09,8511.09
12,23.00,30.93441853,120.24778815,30.94646910,120.24239861,30.94646910,120.24239861,0.6500,1436.81,1,1005,split_learned_disk,15,1,-1,9285.62,8359.13,8359.13
13,25.00,30.93441853,120.24778815,30.94646910,120.24239861,30.94646910,120.24239861,0.6500,1436.81,1,1005,split_learned_disk,15,1,-1,9284.25,8665.14,8665.14
14,27.00,30.93441853,120.24778815,30.94646910,120.24239861,30.94646910,120.24239861,0.6500,1436.81,1,1005,split_learned_disk,15,1,-1,9189.48,8152.17,8152.17
15,29.00,30.93441853,120.24778815,30.94646910,120.24239861,30.94646910,120.24239861,0.6500,1436.81,1,1005,split_learned_disk,15,1,-1,9188.11,8261.16,8261.16
16,31.00,30.93094332,120.24130492,30.94646910,120.24239861,30.94646910,120.24239861,0.4867,1731.48,1,890,split_learned_disk,8,1,-1,8558.62,8165.26,8165.26
17,33.00,30.93553914,120.24584388,30.94646910,120.24239861,30.94646910,120.24239861,0.4867,1260.42,1,1060,split_learned_disk,8,1,-1,8870.62,8165.26,8165.26
18,35.00,30.93094332,120.24130492,30.94646910,120.24239861,30.94646910,120.24239861,0.4867,1731.48,1,890,split_learned_disk,8,1,-1,8462.67,8069.36,8069.36
19,37.00,30.93441853,120.24778815,30.94646910,120.24239861,30.94646910,120.24239861,0.6500,1436.81,1,1005,split_learned_disk,15,1,-1,8994.47,7957.98,7957.98
20,38.00,30.93094332,120.24130492,30.94646910,120.24239861,30.93094332,120.24130492,0.4867,1731.48,1,890,split_learned_disk,8,1,-1,8364.74,7971.39,7971.39
21,40.00,30.93441853,120.24778815,30.93094332,120.24130492,30.93094332,120.24130492,0.6500,730.04,1,1005,split_learned_disk,15,1,-1,8896.98,7969.33,7969.33
22,42.00,30.93094332,120.24130492,30.93094332,120.24130492,30.93094332,120.24130492,0.4867,0.00,0,890,split_learned_disk,8,1,-1,8266.81,7873.43,7873.43
23,44.00,30.93441853,120.24778815,30.93094332,120.24130492,30.93094332,120.24130492,0.6500,730.04,1,1005,split_learned_disk,15,1,-1,8800.84,7936.83,7936.83
24,46.00,30.93094332,120.24130492,30.93094332,120.24130492,30.93094332,120.24130492,0.4867,0.00,0,890,split_learned_disk,8,1,-1,8170.85,7777.53,7777.53
25,48.00,30.93441853,120.24778815,30.93094332,120.24130492,30.93094332,120.24130492,0.6500,730.04,1,1005,split_learned_disk,15,1,-1,8703.37,8041.19,8041.19
26,50.00,30.93942816,120.22395668,30.93094332,120.24130492,30.93094332,120.24130492,0.5100,1907.01,1,1105,split_learned_disk,9,1,-1,6178.76,6073.38,6073.38
27,52.00,30.93660144,120.22158713,30.93094332,120.24130492,30.93094332,120.24130492,0.6267,1985.49,1,1048,split_learned_disk,14,1,-1,5908.43,5908.43,5908.43
28,53.00,30.93441853,120.24778815,30.93094332,120.24130492,30.93094332,120.24130492,0.6500,730.04,1,1005,split_learned_disk,15,1,-1,8511.08,5975.35,5975.35
29,55.00,30.93441853,120.24778815,30.93094332,120.24130492,30.93094332,120.24130492,0.6500,730.04,1,1005,split_learned_disk,15,1,-1,8414.94,7754.62,7754.62
30,57.00,30.93094332,120.24130492,30.93094332,120.24130492,30.93094332,120.24130492,0.4867,0.00,0,890,split_learned_disk,8,1,-1,7879.04,7485.69,7485.69
31,59.00,30.94646910,120.24239861,30.93094332,120.24130492,30.93094332,120.24130492,0.5333,1731.48,1,1395,split_learned_disk,10,1,-1,7869.56,7283.44,7283.44
32,61.00,30.93094332,120.24130492,30.93094332,120.24130492,30.93094332,120.24130492,0.4867,0.00,0,890,split_learned_disk,8,1,-1,7783.08,7389.80,7389.80
33,63.00,30.93441853,120.24778815,30.93094332,120.24130492,30.93094332,120.24130492,0.6500,730.04,1,1005,split_learned_disk,15,1,-1,8221.34,7563.67,7563.67
34,65.00,30.93441853,120.24778815,30.93094332,120.24130492,30.93094332,120.24130492,0.6500,730.04,1,1005,split_learned_disk,15,1,-1,8220.03,7563.72,7563.72
35,67.00,30.93441853,120.24778815,30.93094332,120.24130492,30.93094332,120.24130492,0.6500,730.04,1,1005,split_learned_disk,15,1,-1,8123.89,7468.30,7468.30
36,69.00,30.93441853,120.24778815,30.93094332,120.24130492,30.93094332,120.24130492,0.6500,730.04,1,1005,split_learned_disk,15,1,-1,8123.89,7089.51,7089.51
37,71.00,30.93094332,120.24130492,30.93094332,120.24130492,30.93094332,120.24130492,0.4867,0.00,0,890,split_learned_disk,8,1,-1,7493.25,7100.05,7100.05
38,73.00,30.93094332,120.24130492,30.93094332,120.24130492,30.93094332,120.24130492,0.4867,0.00,0,890,split_learned_disk,8,1,-1,7491.27,7097.96,7097.96
39,75.00,30.93553914,120.24584388,30.93094332,120.24130492,30.93094332,120.24130492,0.4867,670.54,1,1060,split_learned_disk,8,1,-1,7710.53,7002.07,7002.07
40,77.00,30.93094332,120.24130492,30.93094332,120.24130492,30.93094332,120.24130492,0.4867,0.00,0,890,split_learned_disk,8,1,-1,7395.32,7002.07,7002.07
41,79.00,30.93094332,120.24130492,30.93094332,120.24130492,30.93094332,120.24130492,0.4867,0.00,0,890,split_learned_disk,8,1,-1,7299.37,6906.19,6906.19
42,81.00,30.93441853,120.24778815,30.93094332,120.24130492,30.93094332,120.24130492,0.6500,730.04,1,1005,split_learned_disk,15,1,-1,7832.89,7182.42,7182.42
43,85.00,30.93094332,120.24130492,30.93094332,120.24130492,30.93094332,120.24130492,0.4867,0.00,0,890,split_learned_disk,8,1,-1,7199.46,6806.12,6806.12
44,89.00,30.93094332,120.24130492,30.93094332,120.24130492,30.93094332,120.24130492,0.4867,0.00,0,890,split_learned_disk,8,1,-1,7103.50,6710.23,6710.23
45,93.00,30.94363770,120.24190533,30.93094332,120.24130492,30.93094332,120.24130492,0.5100,1414.30,1,1282,split_learned_disk,9,1,-1,6897.05,6709.53,6709.53
46,96.00,30.94363770,120.24190533,30.93094332,120.24130492,30.93094332,120.24130492,0.5100,1414.30,1,1282,split_learned_disk,9,1,-1,6801.85,6613.52,6613.52
47,100.00,30.94363770,120.24190533,30.93094332,120.24130492,30.93094332,120.24130492,0.5100,1414.30,1,1282,split_learned_disk,9,1,-1,6707.00,6418.39,6418.39
48,104.00,30.93225708,120.25235212,30.93094332,120.24130492,30.93094332,120.24130492,0.5567,1065.04,1,951,split_learned_disk,11,1,-1,7673.38,6715.73,6715.73
49,108.00,30.93225708,120.25235212,30.93094332,120.24130492,30.93094332,120.24130492,0.5567,1065.04,1,951,split_learned_disk,11,1,-1,7575.81,6517.17,6517.17
50,112.00,30.93225708,120.25235212,30.93094332,120.24130492,30.93094332,120.24130492,0.5567,1065.04,1,951,split_learned_disk,11,1,-1,7479.68,5822.60,5822.60
51,116.00,30.93225708,120.25235212,30.93094332,120.24130492,30.93094332,120.24130492,0.5567,1065.04,1,951,split_learned_disk,11,1,-1,7287.41,6232.18,6232.18
52,120.00,30.93225708,120.25235212,30.93094332,120.24130492,30.93094332,120.24130492,0.5567,1065.04,1,951,split_learned_disk,11,1,-1,7189.85,6137.76,6137.76
53,124.00,30.93441853,120.24778815,30.93094332,120.24130492,30.93094332,120.24130492,0.6500,730.04,1,1005,split_learned_disk,15,1,-1,6673.09,5643.41,5643.41
54,128.00,30.93441853,120.24778815,30.93094332,120.24130492,30.93441853,120.24778815,0.6500,730.04,1,1005,split_learned_disk,15,1,-1,6575.79,5549.28,5549.28
55,132.00,30.93094332,120.24130492,30.93441853,120.24778815,30.93441853,120.24778815,0.4867,730.04,1,890,split_learned_disk,8,1,-1,5942.20,5549.23,5549.23
56,136.00,30.93441853,120.24778815,30.93441853,120.24778815,30.93441853,120.24778815,0.6500,0.00,0,1005,split_learned_disk,15,1,-1,6382.38,5451.23,5451.23
57,140.00,30.93441853,120.24778815,30.93441853,120.24778815,30.93441853,120.24778815,0.6500,0.00,0,1005,split_learned_disk,15,1,-1,6286.24,5665.28,5665.28
58,144.00,30.93441853,120.24778815,30.93441853,120.24778815,30.93441853,120.24778815,0.6500,0.00,0,1005,split_learned_disk,15,1,-1,6189.00,5571.47,5571.47
59,148.00,30.94363770,120.24190533,30.93441853,120.24778815,30.93441853,120.24778815,0.5100,1169.97,1,1282,split_learned_disk,9,1,-1,5477.00,5161.55,5161.55
60,152.00,30.93441853,120.24778815,30.93441853,120.24778815,30.93441853,120.24778815,0.6500,0.00,0,1005,split_learned_disk,15,1,-1,5995.65,5383.44,5383.44
61,156.00,30.93225708,120.25235212,30.93441853,120.24778815,30.93441853,120.24778815,0.5567,497.84,1,951,split_learned_disk,11,1,-1,6317.70,5284.07,5284.07
62,160.00,30.93441853,120.24778815,30.93441853,120.24778815,30.93441853,120.24778815,0.6500,0.00,0,1005,split_learned_disk,15,1,-1,5802.33,5195.84,5195.84
63,164.00,30.93441853,120.24778815,30.93441853,120.24778815,30.93441853,120.24778815,0.6500,0.00,0,1005,split_learned_disk,15,1,-1,5705.18,4771.71,4771.71
64,168.00,30.93441853,120.24778815,30.93441853,120.24778815,30.93441853,120.24778815,0.6500,0.00,0,1005,split_learned_disk,15,1,-1,5609.06,5008.71,5008.71
65,172.00,30.94363770,120.24190533,30.93441853,120.24778815,30.93441853,120.24778815,0.5100,1169.97,1,1282,split_learned_disk,9,1,-1,4915.91,4577.88,4577.88
66,176.00,30.94650129,120.23704115,30.93441853,120.24778815,30.93441853,120.24778815,0.5800,1691.87,1,1392,split_learned_disk,12,1,-1,4489.02,4482.05,4482.05
67,180.00,30.93441853,120.24778815,30.93441853,120.24778815,30.93441853,120.24778815,0.6500,0.00,0,1005,split_learned_disk,15,1,-1,5318.75,4499.20,4499.20
68,184.00,30.93441853,120.24778815,30.93441853,120.24778815,30.93441853,120.24778815,0.6500,0.00,0,1005,split_learned_disk,15,1,-1,5221.71,4439.00,4439.00
69,188.00,30.93441853,120.24778815,30.93441853,120.24778815,30.93441853,120.24778815,0.6500,0.00,0,1005,split_learned_disk,15,1,-1,5125.62,4345.75,4345.75
70,192.00,30.94363770,120.24190533,30.93441853,120.24778815,30.93441853,120.24778815,0.5100,1169.97,1,1282,split_learned_disk,9,1,-1,4452.28,4254.16,4254.16
71,196.00,30.93441853,120.24778815,30.93441853,120.24778815,30.93441853,120.24778815,0.6500,0.00,0,1005,split_learned_disk,15,1,-1,4932.54,4161.24,4161.24
72,200.00,30.93441853,120.24778815,30.93441853,120.24778815,30.93441853,120.24778815,0.6500,0.00,0,1005,split_learned_disk,15,1,-1,4835.60,4070.17,4070.17
73,204.00,30.93441853,120.24778815,30.93441853,120.24778815,30.93441853,120.24778815,0.6500,0.00,0,1005,split_learned_disk,15,1,-1,4739.53,3977.62,3977.62
74,208.00,30.93441853,120.24778815,30.93441853,120.24778815,30.93441853,120.24778815,0.6500,0.00,0,1005,split_learned_disk,15,1,-1,4642.64,3690.21,3690.21
75,212.00,30.93441853,120.24778815,30.93441853,120.24778815,30.93441853,120.24778815,0.6500,0.00,0,1005,split_learned_disk,15,1,-1,4546.59,3735.55,3735.55
76,216.00,30.93441853,120.24778815,30.93441853,120.24778815,30.93441853,120.24778815,0.6500,0.00,0,1005,split_learned_disk,15,1,-1,4449.77,3705.20,3705.20
77,220.00,30.93441853,120.24778815,30.93441853,120.24778815,30.93441853,120.24778815,0.6500,0.00,0,1005,split_learned_disk,15,1,-1,4353.74,3613.61,3613.61
78,224.00,30.94363770,120.24190533,30.93441853,120.24778815,30.93441853,120.24778815,0.5100,1169.97,1,1282,split_learned_disk,9,1,-1,3720.45,3524.54,3524.54
79,228.00,30.93441853,120.24778815,30.93441853,120.24778815,30.93441853,120.24778815,0.6500,0.00,0,1005,split_learned_disk,15,1,-1,4160.31,3435.97,3435.97
80,232.00,30.94363770,120.24190533,30.93441853,120.24778815,30.93441853,120.24778815,0.5100,1169.97,1,1282,split_learned_disk,9,1,-1,3540.40,3345.36,3345.36
81,236.00,30.93441853,120.24778815,30.93441853,120.24778815,30.93441853,120.24778815,0.6500,0.00,0,1005,split_learned_disk,15,1,-1,3967.72,3257.75,3257.75
82,240.00,30.93441853,120.24778815,30.93441853,120.24778815,30.93441853,120.24778815,0.6500,0.00,0,1005,split_learned_disk,15,1,-1,3871.77,3167.92,3167.92
83,244.00,30.93441853,120.24778815,30.93441853,120.24778815,30.93441853,120.24778815,0.6500,0.00,0,1005,split_learned_disk,15,1,-1,3775.27,3081.42,3081.42
84,248.00,30.93441853,120.24778815,30.93441853,120.24778815,30.93441853,120.24778815,0.6500,0.00,0,1005,split_learned_disk,15,1,-1,3583.46,2904.09,2904.09
85,252.00,30.93225708,120.25235212,30.93441853,120.24778815,30.93441853,120.24778815,0.5567,497.84,1,951,split_learned_disk,11,1,-1,3900.01,1916.38,1916.38
86,256.00,30.94363770,120.24190533,30.93441853,120.24778815,30.93441853,120.24778815,0.5100,1169.97,1,1282,split_learned_disk,9,1,-1,2922.52,2732.32,2732.32
87,260.00,30.93225708,120.25235212,30.93441853,120.24778815,30.93441853,120.24778815,0.5567,497.84,1,951,split_learned_disk,11,1,-1,3706.84,1722.51,1722.51
88,264.00,30.93441853,120.24778815,30.93441853,120.24778815,30.93441853,120.24778815,0.6500,0.00,0,1005,split_learned_disk,15,1,-1,3199.27,2563.71,2563.71
89,268.00,30.94363770,120.24190533,30.93441853,120.24778815,30.93441853,120.24778815,0.5100,1169.97,1,1282,split_learned_disk,9,1,-1,2665.53,2522.56,2522.56
90,272.00,30.93441853,120.24778815,30.93441853,120.24778815,30.93441853,120.24778815,0.6500,0.00,0,1005,split_learned_disk,15,1,-1,3007.51,2398.92,2398.92
91,276.00,30.93441853,120.24778815,30.93441853,120.24778815,30.93441853,120.24778815,0.6500,0.00,0,1005,split_learned_disk,15,1,-1,2911.83,2315.93,2315.93
92,280.00,30.93250387,120.23042033,30.93441853,120.24778815,30.93441853,120.24778815,0.5567,1672.17,1,941,split_learned_disk,11,1,-1,1236.80,1236.80,1236.80
93,284.00,30.93250387,120.23042033,30.93441853,120.24778815,30.93441853,120.24778815,0.5567,1672.17,1,941,split_learned_disk,11,1,-1,1138.85,1138.85,1138.85
94,288.00,30.93250387,120.23042033,30.93441853,120.24778815,30.93441853,120.24778815,0.5567,1672.17,1,941,split_learned_disk,11,1,-1,1042.93,1042.93,1042.93
95,291.00,30.93250387,120.23042033,30.93441853,120.24778815,30.93441853,120.24778815,0.5567,1672.17,1,941,split_learned_disk,11,1,-1,944.97,944.97,944.97
96,295.00,30.93250387,120.23042033,30.93441853,120.24778815,30.93441853,120.24778815,0.5567,1672.17,1,941,split_learned_disk,11,1,-1,849.06,230.19,230.19
97,299.00,30.93250387,120.23042033,30.93441853,120.24778815,30.93441853,120.24778815,0.5567,1672.17,1,941,split_learned_disk,11,1,-1,751.09,751.09,751.09
98,303.00,30.93250387,120.23042033,30.93441853,120.24778815,30.93441853,120.24778815,0.5567,1672.17,1,941,split_learned_disk,11,1,-1,655.20,655.20,655.20
99,307.00,30.93250387,120.23042033,30.93441853,120.24778815,30.93441853,120.24778815,0.5567,1672.17,1,941,split_learned_disk,11,1,-1,557.22,362.64,362.64
100,311.00,30.93441853,120.24778815,30.93441853,120.24778815,30.93441853,120.24778815,0.6500,0.00,0,1005,split_learned_disk,15,1,-1,2054.79,1671.44,1671.44
101,315.00,30.93441853,120.24778815,30.93441853,120.24778815,30.93441853,120.24778815,0.6500,0.00,0,1005,split_learned_disk,15,1,-1,1960.77,1616.63,1616.63
102,319.00,30.94363770,120.24190533,30.93441853,120.24778815,30.93441853,120.24778815,0.5100,1169.97,1,1282,split_learned_disk,9,1,-1,1707.91,1661.69,1661.69
103,323.00,30.93250387,120.23042033,30.93441853,120.24778815,30.93441853,120.24778815,0.5567,1672.17,1,941,split_learned_disk,11,1,3,169.58,50.58,50.58
104,327.00,30.93250387,120.23042033,30.93441853,120.24778815,30.93441853,120.24778815,0.5567,1672.17,1,941,split_learned_disk,11,1,1,71.53,71.53,71.53
105,331.00,30.93250387,120.23042033,30.93441853,120.24778815,30.93441853,120.24778815,0.5567,1672.17,1,941,split_learned_disk,11,1,1,25.74,25.74,25.74
106,334.00,30.94363770,120.24190533,30.93441853,120.24778815,30.93441853,120.24778815,0.5100,1169.97,1,1282,split_learned_disk,9,1,-1,1502.61,1279.15,1279.15
107,338.00,30.93250387,120.23042033,30.93441853,120.24778815,30.93441853,120.24778815,0.5567,1672.17,1,941,split_learned_disk,11,1,-1,218.52,218.52,218.52
108,342.00,30.93441853,120.24778815,30.93441853,120.24778815,30.93441853,120.24778815,0.6500,0.00,0,1005,split_learned_disk,15,1,-1,1312.46,514.62,514.62
109,346.00,30.93250387,120.23042033,30.93441853,120.24778815,30.93441853,120.24778815,0.5567,1672.17,1,941,split_learned_disk,11,1,-1,412.34,412.34,412.34
110,350.00,30.93250387,120.23042033,30.93441853,120.24778815,30.93441853,120.24778815,0.5567,1672.17,1,941,split_learned_disk,11,1,-1,510.18,510.18,510.18
111,354.00,30.93250387,120.23042033,30.93441853,120.24778815,30.93441853,120.24778815,0.5567,1672.17,1,941,split_learned_disk,11,1,-1,606.21,606.21,606.21
112,358.00,30.93250387,120.23042033,30.93441853,120.24778815,30.93441853,120.24778815,0.5567,1672.17,1,941,split_learned_disk,11,1,-1,704.06,704.06,704.06
113,362.00,30.93250387,120.23042033,30.93441853,120.24778815,30.93441853,120.24778815,0.5567,1672.17,1,941,split_learned_disk,11,1,-1,801.96,801.96,801.96
114,366.00,30.93745380,120.22054893,30.93441853,120.24778815,30.93441853,120.24778815,0.5567,2623.05,1,1104,split_learned_disk,11,1,-1,2029.51,1721.37,1721.37
115,428.00,30.90998941,120.18277535,30.93441853,120.24778815,30.93441853,120.24778815,0.6033,6777.84,1,246,split_learned_disk,13,1,-1,5914.07,2740.71,2740.71
116,434.00,30.90998941,120.18277535,30.93441853,120.24778815,30.93441853,120.24778815,0.6033,6777.84,1,246,split_learned_disk,13,1,-1,5831.57,5108.06,5108.06
117,440.00,30.93929334,120.15045386,30.93441853,120.24778815,30.93441853,120.24778815,0.5333,9310.71,1,1126,split_learned_disk,10,1,-1,8674.02,589.51,589.51
118,447.00,30.92742985,120.23435889,30.93441853,120.24778815,30.92742985,120.23435889,0.5100,1499.95,1,831,split_learned_disk,9,1,-1,294.29,294.29,294.29
119,453.00,30.93929334,120.15045386,30.92742985,120.23435889,30.92742985,120.23435889,0.5333,8120.57,1,1126,split_learned_disk,10,1,-1,8480.24,200.04,200.04
120,459.00,30.93250387,120.23042033,30.92742985,120.23435889,30.92742985,120.23435889,0.5567,678.60,1,941,split_learned_disk,11,1,2,614.27,113.33,113.33
121,465.00,30.91621624,120.22846356,30.92742985,120.23435889,30.92742985,120.23435889,0.5333,1369.38,1,436,split_learned_disk,10,1,3,1579.94,58.97,58.97
122,471.00,30.93250387,120.23042033,30.92742985,120.23435889,30.92742985,120.23435889,0.5567,678.60,1,941,split_learned_disk,11,1,-1,385.72,385.72,385.72
123,477.00,30.93250387,120.23042033,30.92742985,120.23435889,30.92742985,120.23435889,0.5567,678.60,1,941,split_learned_disk,11,1,-1,331.02,331.02,331.02
124,483.00,30.93250387,120.23042033,30.92742985,120.23435889,30.92742985,120.23435889,0.5567,678.60,1,941,split_learned_disk,11,1,-1,286.98,286.98,286.98
125,489.00,30.93225708,120.25235212,30.92742985,120.23435889,30.92742985,120.23435889,0.5567,1800.32,1,951,split_learned_disk,11,1,-1,2088.15,283.49,283.49
126,495.00,30.93250387,120.23042033,30.92742985,120.23435889,30.92742985,120.23435889,0.5567,678.60,1,941,split_learned_disk,11,1,-1,301.86,254.80,254.80
127,501.00,30.93250387,120.23042033,30.92742985,120.23435889,30.92742985,120.23435889,0.5567,678.60,1,941,split_learned_disk,11,1,-1,348.00,238.13,238.13
128,507.00,30.93225708,120.25235212,30.92742985,120.23435889,30.93225708,120.25235212,0.5567,1800.32,1,951,split_learned_disk,11,1,-1,2366.64,269.21,269.21
129,513.00,30.93250387,120.23042033,30.93225708,120.25235212,30.93225708,120.25235212,0.5567,2094.54,1,941,split_learned_disk,11,1,-1,492.96,319.72,319.72
130,519.00,30.93250387,120.23042033,30.93225708,120.25235212,30.93225708,120.25235212,0.5567,2094.54,1,941,split_learned_disk,11,1,-1,578.10,393.96,393.96
131,525.00,30.93250387,120.23042033,30.93225708,120.25235212,30.93225708,120.25235212,0.5567,2094.54,1,941,split_learned_disk,11,1,-1,663.41,472.14,472.14
132,531.00,30.93250387,120.23042033,30.93225708,120.25235212,30.93225708,120.25235212,0.5567,2094.54,1,941,split_learned_disk,11,1,-1,754.00,559.58,559.58
133,537.00,30.93250387,120.23042033,30.93225708,120.25235212,30.93225708,120.25235212,0.5567,2094.54,1,941,split_learned_disk,11,1,-1,844.03,644.12,644.12
134,543.00,30.93225708,120.25235212,30.93225708,120.25235212,30.93225708,120.25235212,0.5567,0.00,0,951,split_learned_disk,11,1,-1,2931.86,585.17,585.17
135,549.00,30.93225708,120.25235212,30.93225708,120.25235212,30.93225708,120.25235212,0.5567,0.00,0,951,split_learned_disk,11,1,-1,3026.49,830.58,830.58
136,555.00,30.93225708,120.25235212,30.93225708,120.25235212,30.93225708,120.25235212,0.5567,0.00,0,951,split_learned_disk,11,1,-1,3121.33,923.44,923.44
137,561.00,30.93250387,120.23042033,30.93225708,120.25235212,30.93225708,120.25235212,0.5567,2094.54,1,941,split_learned_disk,11,1,-1,1217.58,1017.90,1017.90
138,567.00,30.93225708,120.25235212,30.93225708,120.25235212,30.93225708,120.25235212,0.5567,0.00,0,951,split_learned_disk,11,1,-1,3311.68,449.75,449.75
139,573.00,30.93225708,120.25235212,30.93225708,120.25235212,30.93225708,120.25235212,0.5567,0.00,0,951,split_learned_disk,11,1,-1,3407.05,1207.29,1207.29
140,579.00,30.93225708,120.25235212,30.93225708,120.25235212,30.93225708,120.25235212,0.5567,0.00,0,951,split_learned_disk,11,1,-1,3502.43,502.48,502.48
141,585.00,30.93225708,120.25235212,30.93225708,120.25235212,30.93225708,120.25235212,0.5567,0.00,0,951,split_learned_disk,11,1,-1,3597.91,1397.92,1397.92
142,591.00,30.93225708,120.25235212,30.93225708,120.25235212,30.93225708,120.25235212,0.5567,0.00,0,951,split_learned_disk,11,1,-1,3693.50,693.89,693.89
143,597.00,30.93225708,120.25235212,30.93225708,120.25235212,30.93225708,120.25235212,0.5567,0.00,0,951,split_learned_disk,11,1,-1,3789.21,1789.55,1789.55
144,603.00,30.93225708,120.25235212,30.93225708,120.25235212,30.93225708,120.25235212,0.5567,0.00,0,951,split_learned_disk,11,1,-1,3884.85,1685.44,1685.44
145,609.00,30.93225708,120.25235212,30.93225708,120.25235212,30.93225708,120.25235212,0.5567,0.00,0,951,split_learned_disk,11,1,-1,3980.73,1781.76,1781.76
146,615.00,30.93225708,120.25235212,30.93225708,120.25235212,30.93225708,120.25235212,0.5567,0.00,0,951,split_learned_disk,11,1,-1,4076.44,1877.67,1877.67
147,621.00,30.93225708,120.25235212,30.93225708,120.25235212,30.93225708,120.25235212,0.5567,0.00,0,951,split_learned_disk,11,1,-1,4172.46,1974.23,1974.23
148,627.00,30.93225708,120.25235212,30.93225708,120.25235212,30.93225708,120.25235212,0.5567,0.00,0,951,split_learned_disk,11,1,-1,4268.24,2070.21,2070.21
149,633.00,30.93225708,120.25235212,30.93225708,120.25235212,30.93225708,120.25235212,0.5567,0.00,0,951,split_learned_disk,11,1,-1,4364.39,2166.95,2166.95
150,639.00,30.93225708,120.25235212,30.93225708,120.25235212,30.93225708,120.25235212,0.5567,0.00,0,951,split_learned_disk,11,1,-1,4460.63,1278.12,1278.12
151,645.00,30.93225708,120.25235212,30.93225708,120.25235212,30.93225708,120.25235212,0.5567,0.00,0,951,split_learned_disk,11,1,-1,4556.48,1370.36,1370.36
152,651.00,30.93225708,120.25235212,30.93225708,120.25235212,30.93225708,120.25235212,0.5567,0.00,0,951,split_learned_disk,11,1,-1,4652.82,1461.56,1461.56
153,657.00,30.93225708,120.25235212,30.93225708,120.25235212,30.93225708,120.25235212,0.5567,0.00,0,951,split_learned_disk,11,1,-1,4748.72,1554.88,1554.88
154,663.00,30.93225708,120.25235212,30.93225708,120.25235212,30.93225708,120.25235212,0.5567,0.00,0,951,split_learned_disk,11,1,-1,4845.16,1647.39,1647.39
155,669.00,30.93225708,120.25235212,30.93225708,120.25235212,30.93225708,120.25235212,0.5567,0.00,0,951,split_learned_disk,11,1,-1,5036.46,2841.22,2841.22
156,675.00,30.93225708,120.25235212,30.93225708,120.25235212,30.93225708,120.25235212,0.5567,0.00,0,951,split_learned_disk,11,1,-1,5132.97,3137.53,3137.53
157,681.00,30.93225708,120.25235212,30.93225708,120.25235212,30.93225708,120.25235212,0.5567,0.00,0,951,split_learned_disk,11,1,-1,5228.92,4320.01,4320.01
158,687.00,30.93225708,120.25235212,30.93225708,120.25235212,30.93225708,120.25235212,0.5567,0.00,0,951,split_learned_disk,11,1,-1,5325.51,3330.73,3330.73
159,693.00,30.93225708,120.25235212,30.93225708,120.25235212,30.93225708,120.25235212,0.5567,0.00,0,951,split_learned_disk,11,1,-1,5421.48,3227.74,3227.74
160,699.00,30.93225708,120.25235212,30.93225708,120.25235212,30.93225708,120.25235212,0.5567,0.00,0,951,split_learned_disk,11,1,-1,5518.14,3524.00,3524.00
161,705.00,30.93225708,120.25235212,30.93225708,120.25235212,30.93225708,120.25235212,0.5567,0.00,0,951,split_learned_disk,11,1,-1,5614.13,3620.13,3620.13
162,711.00,30.93225708,120.25235212,30.93225708,120.25235212,30.93225708,120.25235212,0.5567,0.00,0,951,split_learned_disk,11,1,-1,5710.85,4771.37,4771.37
163,717.00,30.93225708,120.25235212,30.93225708,120.25235212,30.93225708,120.25235212,0.5567,0.00,0,951,split_learned_disk,11,1,-1,5807.61,4861.70,4861.70
164,723.00,30.93225708,120.25235212,30.93225708,120.25235212,30.93225708,120.25235212,0.5567,0.00,0,951,split_learned_disk,11,1,-1,5903.64,4954.09,4954.09
165,729.00,30.93225708,120.25235212,30.93225708,120.25235212,30.93225708,120.25235212,0.5567,0.00,0,951,split_learned_disk,11,1,-1,6000.46,4008.04,4008.04
166,735.00,30.93225708,120.25235212,30.93225708,120.25235212,30.93225708,120.25235212,0.5567,0.00,0,951,split_learned_disk,11,1,-1,6096.50,5137.63,5137.63
167,741.00,30.93225708,120.25235212,30.93225708,120.25235212,30.93225708,120.25235212,0.5567,0.00,0,951,split_learned_disk,11,1,-1,6193.37,5228.89,5228.89
168,746.00,30.93225708,120.25235212,30.93225708,120.25235212,30.93225708,120.25235212,0.5567,0.00,0,951,split_learned_disk,11,1,-1,6290.27,5320.39,5320.39
169,752.00,30.93225708,120.25235212,30.93225708,120.25235212,30.93225708,120.25235212,0.5567,0.00,0,951,split_learned_disk,11,1,-1,6386.34,5413.57,5413.57
170,758.00,30.93225708,120.25235212,30.93225708,120.25235212,30.93225708,120.25235212,0.5567,0.00,0,951,split_learned_disk,11,1,-1,6483.29,5505.45,5505.45
171,764.00,30.93225708,120.25235212,30.93225708,120.25235212,30.93225708,120.25235212,0.5567,0.00,0,951,split_learned_disk,11,1,-1,6579.36,5598.86,5598.86
172,770.00,30.93225708,120.25235212,30.93225708,120.25235212,30.93225708,120.25235212,0.5567,0.00,0,951,split_learned_disk,11,1,-1,6676.35,5691.09,5691.09
173,776.00,30.93225708,120.25235212,30.93225708,120.25235212,30.93225708,120.25235212,0.5567,0.00,0,951,split_learned_disk,11,1,-1,6772.44,5585.99,5585.99
174,782.00,30.93225708,120.25235212,30.93225708,120.25235212,30.93225708,120.25235212,0.5567,0.00,0,951,split_learned_disk,11,1,-1,6869.46,5678.41,5678.41
175,788.00,30.93225708,120.25235212,30.93225708,120.25235212,30.93225708,120.25235212,0.5567,0.00,0,951,split_learned_disk,11,1,-1,6965.56,5772.16,5772.16
176,794.00,30.94363770,120.24190533,30.93225708,120.25235212,30.93225708,120.25235212,0.5100,1612.53,1,1282,split_learned_disk,9,1,-1,6063.92,5864.88,5864.88
177,800.00,30.93225708,120.25235212,30.93225708,120.25235212,30.93225708,120.25235212,0.5567,0.00,0,951,split_learned_disk,11,1,-1,7159.70,5957.76,5957.76
178,806.00,30.93225708,120.25235212,30.93225708,120.25235212,30.93225708,120.25235212,0.5567,0.00,0,951,split_learned_disk,11,1,-1,7255.81,6051.82,6051.82
179,811.00,30.94363770,120.24190533,30.93225708,120.25235212,30.93225708,120.25235212,0.5100,1612.53,1,1282,split_learned_disk,9,1,-1,6344.25,6144.97,6144.97
180,817.00,30.93225708,120.25235212,30.93225708,120.25235212,30.93225708,120.25235212,0.5567,0.00,0,951,split_learned_disk,11,1,-1,7449.04,6438.51,6438.51
181,823.00,30.93225708,120.25235212,30.93225708,120.25235212,30.93225708,120.25235212,0.5567,0.00,0,951,split_learned_disk,11,1,-1,7546.18,5558.07,5558.07
182,829.00,30.93225708,120.25235212,30.93225708,120.25235212,30.93225708,120.25235212,0.5567,0.00,0,951,split_learned_disk,11,1,-1,7642.30,6626.38,6626.38
183,835.00,30.93225708,120.25235212,30.93225708,120.25235212,30.93225708,120.25235212,0.5567,0.00,0,951,split_learned_disk,11,1,-1,7739.47,5751.76,5751.76
184,841.00,30.93225708,120.25235212,30.93225708,120.25235212,30.93225708,120.25235212,0.5567,0.00,0,951,split_learned_disk,11,1,-1,7835.59,6814.58,6814.58
185,847.00,30.93225708,120.25235212,30.93225708,120.25235212,30.93225708,120.25235212,0.5567,0.00,0,951,split_learned_disk,11,1,-1,7932.79,6908.45,6908.45
186,853.00,30.93225708,120.25235212,30.93225708,120.25235212,30.93225708,120.25235212,0.5567,0.00,0,951,split_learned_disk,11,1,-1,8030.01,6043.04,6043.04
187,859.00,30.93225708,120.25235212,30.93225708,120.25235212,30.93225708,120.25235212,0.5567,0.00,0,951,split_learned_disk,11,1,-1,8126.13,7097.15,7097.15
188,865.00,30.93225708,120.25235212,30.93225708,120.25235212,30.93225708,120.25235212,0.5567,0.00,0,951,split_learned_disk,11,1,-1,8318.39,6331.43,6331.43
189,871.00,30.93225708,120.25235212,30.93225708,120.25235212,30.93225708,120.25235212,0.5567,0.00,0,951,split_learned_disk,11,1,-1,8414.52,6427.56,6427.56
190,876.00,30.93225708,120.25235212,30.93225708,120.25235212,30.93225708,120.25235212,0.5567,0.00,0,951,split_learned_disk,11,1,-1,8511.76,7475.83,7475.83
191,882.00,30.93225708,120.25235212,30.93225708,120.25235212,30.93225708,120.25235212,0.5567,0.00,0,951,split_learned_disk,11,1,-1,8607.89,7570.74,7570.74
192,888.00,30.93225708,120.25235212,30.93225708,120.25235212,30.93225708,120.25235212,0.5567,0.00,0,951,split_learned_disk,11,1,-1,8705.16,6520.71,6520.71
193,894.00,30.93225708,120.25235212,30.93225708,120.25235212,30.93225708,120.25235212,0.5567,0.00,0,951,split_learned_disk,11,1,-1,8801.29,6815.01,6815.01
194,900.00,30.93225708,120.25235212,30.93225708,120.25235212,30.93225708,120.25235212,0.5567,0.00,0,951,split_learned_disk,11,1,-1,8898.58,6912.62,6912.62
195,907.00,30.93225708,120.25235212,30.93225708,120.25235212,30.93225708,120.25235212,0.5567,0.00,0,951,split_learned_disk,11,1,-1,8995.88,5771.85,5771.85
196,913.00,30.93225708,120.25235212,30.93225708,120.25235212,30.93225708,120.25235212,0.5567,0.00,0,951,split_learned_disk,11,1,-1,9092.02,7242.89,7242.89
197,919.00,30.93225708,120.25235212,30.93225708,120.25235212,30.93225708,120.25235212,0.5567,0.00,0,951,split_learned_disk,11,1,-1,9189.34,7204.00,7204.00
198,925.00,30.93225708,120.25235212,30.93225708,120.25235212,30.93225708,120.25235212,0.5567,0.00,0,951,split_learned_disk,11,1,-1,9285.48,7300.12,7300.12
199,931.00,30.93225708,120.25235212,30.93225708,120.25235212,30.93225708,120.25235212,0.5567,0.00,0,951,split_learned_disk,11,1,-1,9382.82,8415.98,8415.98
200,937.00,30.93225708,120.25235212,30.93225708,120.25235212,30.93225708,120.25235212,0.5567,0.00,0,951,split_learned_disk,11,1,-1,9478.95,8512.08,8512.08
201,944.00,30.93225708,120.25235212,30.93225708,120.25235212,30.93225708,120.25235212,0.5567,0.00,0,951,split_learned_disk,11,1,-1,9576.31,8214.23,8214.23
202,950.00,30.93225708,120.25235212,30.93225708,120.25235212,30.93225708,120.25235212,0.5567,0.00,0,951,split_learned_disk,11,1,-1,9673.67,9039.10,9039.10
203,957.00,30.93225708,120.25235212,30.93225708,120.25235212,30.93225708,120.25235212,0.5567,0.00,0,951,split_learned_disk,11,1,-1,9769.81,7785.31,7785.31
204,963.00,30.93225708,120.25235212,30.93225708,120.25235212,30.93225708,120.25235212,0.5567,0.00,0,951,split_learned_disk,11,1,-1,9867.19,7685.00,7685.00
205,969.00,30.93225708,120.25235212,30.93225708,120.25235212,30.93225708,120.25235212,0.5567,0.00,0,951,split_learned_disk,11,1,-1,9963.33,9328.13,9328.13
206,975.00,30.93225708,120.25235212,30.93225708,120.25235212,30.93225708,120.25235212,0.5567,0.00,0,951,split_learned_disk,11,1,-1,10060.73,8996.25,8996.25
207,981.00,30.93225708,120.25235212,30.93225708,120.25235212,30.93225708,120.25235212,0.5567,0.00,0,951,split_learned_disk,11,1,-1,10156.87,9191.25,9191.25
208,987.00,30.93225708,120.25235212,30.93225708,120.25235212,30.93225708,120.25235212,0.5567,0.00,0,951,split_learned_disk,11,1,-1,10254.28,9396.76,9396.76
209,993.00,30.93225708,120.25235212,30.93225708,120.25235212,30.93225708,120.25235212,0.5567,0.00,0,951,split_learned_disk,11,1,-1,10351.70,8991.35,8991.35
210,1059.00,30.90998941,120.18277535,30.93225708,120.25235212,30.93225708,120.25235212,0.6033,7091.54,1,246,split_learned_disk,13,1,-1,4948.32,150.91,150.91
211,1063.00,30.90505022,120.15748039,30.93225708,120.25235212,30.93225708,120.25235212,0.5567,9552.56,1,66,split_learned_disk,11,1,-1,4060.40,242.99,242.99
212,1067.00,30.93929334,120.15045386,30.93225708,120.25235212,30.93225708,120.25235212,0.5333,9762.19,1,1126,split_learned_disk,10,1,-1,300.27,300.27,300.27
213,1071.00,30.93929334,120.15045386,30.93225708,120.25235212,30.93225708,120.25235212,0.5333,9762.19,1,1126,split_learned_disk,10,1,-1,202.22,202.22,202.22
214,1639.00,30.90998941,120.18277535,30.93225708,120.25235212,30.93225708,120.25235212,0.6033,7091.54,1,246,split_learned_disk,13,1,-1,4948.32,150.91,150.91
215,1643.00,30.90998941,120.18277535,30.93225708,120.25235212,30.93225708,120.25235212,0.6033,7091.54,1,246,split_learned_disk,13,1,-1,4870.13,237.83,237.83
216,1647.00,30.93929334,120.15045386,30.93225708,120.25235212,30.93225708,120.25235212,0.5333,9762.19,1,1126,split_learned_disk,10,1,-1,300.27,300.27,300.27
217,1650.00,30.93929334,120.15045386,30.93225708,120.25235212,30.93225708,120.25235212,0.5333,9762.19,1,1126,split_learned_disk,10,1,-1,205.24,205.24,205.24
218,1654.00,30.93929334,120.15045386,30.93225708,120.25235212,30.93225708,120.25235212,0.5333,9762.19,1,1126,split_learned_disk,10,1,1,107.66,107.66,107.66
219,1658.00,30.93225708,120.25235212,30.93225708,120.25235212,30.93225708,120.25235212,0.5567,0.00,0,951,split_learned_disk,11,1,-1,9839.90,7816.74,7816.74
220,0.00,30.93929334,120.15045386,30.93225708,120.25235212,30.93225708,120.25235212,0.5333,9762.19,1,1126,split_learned_disk,10,1,,,,
221,0.00,30.93929334,120.15045386,30.93225708,120.25235212,30.93225708,120.25235212,0.5333,9762.19,1,1126,split_learned_disk,10,1,,,,
222,0.00,30.93529235,120.18420132,30.93225708,120.25235212,30.93225708,120.25235212,0.4867,6516.79,1,1030,split_learned_disk,8,1,,,,
223,0.00,30.93929334,120.15045386,30.93225708,120.25235212,30.93225708,120.25235212,0.5333,9762.19,1,1126,split_learned_disk,10,1,,,,
224,0.00,30.93225708,120.25235212,30.93225708,120.25235212,30.93225708,120.25235212,0.5567,0.00,0,951,split_learned_disk,11,1,,,,
225,0.00,30.94444247,120.23502890,30.93225708,120.25235212,30.93225708,120.25235212,0.4867,2139.31,1,1278,split_learned_disk,8,1,,,,
226,0.00,30.94338018,120.22245566,30.93225708,120.25235212,30.93225708,120.25235212,0.4867,3111.90,1,1273,split_learned_disk,8,1,,,,
227,0.00,30.94338018,120.22245566,30.93225708,120.25235212,30.93225708,120.25235212,0.4867,3111.90,1,1273,split_learned_disk,8,1,,,,
228,0.00,30.93929334,120.15045386,30.93225708,120.25235212,30.93225708,120.25235212,0.5333,9762.19,1,1126,split_learned_disk,10,1,,,,
229,0.00,30.93745380,120.22054893,30.93225708,120.25235212,30.93225708,120.25235212,0.5567,3091.64,1,1104,split_learned_disk,11,1,,,,
230,0.00,30.93929334,120.15045386,30.93225708,120.25235212,30.93225708,120.25235212,0.5333,9762.19,1,1126,split_learned_disk,10,1,,,,
231,0.00,30.92799856,120.22244315,30.93225708,120.25235212,30.93225708,120.25235212,0.5333,2895.22,1,825,split_learned_disk,10,1,,,,
232,0.00,30.93929334,120.15045386,30.93225708,120.25235212,30.93225708,120.25235212,0.5333,9762.19,1,1126,split_learned_disk,10,1,,,,
233,0.00,30.93929334,120.15045386,30.93225708,120.25235212,30.93225708,120.25235212,0.5333,9762.19,1,1126,split_learned_disk,10,1,,,,
234,0.00,30.93929334,120.15045386,30.93225708,120.25235212,30.93929334,120.15045386,0.5333,9762.19,1,1126,split_learned_disk,10,1,,,,
235,0.00,30.93929334,120.15045386,30.93929334,120.15045386,30.93929334,120.15045386,0.5333,0.00,0,1126,split_learned_disk,10,1,,,,
236,0.00,30.93929334,120.15045386,30.93929334,120.15045386,30.93929334,120.15045386,0.5333,0.00,0,1126,split_learned_disk,10,1,,,,
237,0.00,30.93929334,120.15045386,30.93929334,120.15045386,30.93929334,120.15045386,0.5333,0.00,0,1126,split_learned_disk,10,1,,,,
238,0.00,30.93929334,120.15045386,30.93929334,120.15045386,30.93929334,120.15045386,0.5333,0.00,0,1126,split_learned_disk,10,1,,,,
239,0.00,30.93929334,120.15045386,30.93929334,120.15045386,30.93929334,120.15045386,0.5333,0.00,0,1126,split_learned_disk,10,1,,,,
240,0.00,30.91081564,120.16416375,30.93929334,120.15045386,30.93929334,120.15045386,0.5333,3429.84,1,237,split_learned_disk,10,1,,,,
241,0.00,30.93245022,120.16045580,30.93929334,120.15045386,30.93929334,120.15045386,0.5333,1221.71,1,908,split_learned_disk,10,1,,,,
242,0.00,30.93929334,120.15045386,30.93929334,120.15045386,30.93929334,120.15045386,0.5333,0.00,0,1126,split_learned_disk,10,1,,,,
243,0.00,30.93929334,120.15045386,30.93929334,120.15045386,30.93929334,120.15045386,0.5333,0.00,0,1126,split_learned_disk,10,1,,,,
244,0.00,30.93929334,120.15045386,30.93929334,120.15045386,30.93929334,120.15045386,0.5333,0.00,0,1126,split_learned_disk,10,1,,,,
245,0.00,30.93929334,120.15045386,30.93929334,120.15045386,30.93929334,120.15045386,0.5333,0.00,0,1126,split_learned_disk,10,1,,,,
246,0.00,30.93929334,120.15045386,30.93929334,120.15045386,30.93929334,120.15045386,0.5333,0.00,0,1126,split_learned_disk,10,1,,,,
247,0.00,30.93929334,120.15045386,30.93929334,120.15045386,30.93929334,120.15045386,0.5333,0.00,0,1126,split_learned_disk,10,1,,,,
248,0.00,30.93929334,120.15045386,30.93929334,120.15045386,30.93929334,120.15045386,0.5333,0.00,0,1126,split_learned_disk,10,1,,,,
249,0.00,30.93929334,120.15045386,30.93929334,120.15045386,30.93929334,120.15045386,0.5333,0.00,0,1126,split_learned_disk,10,1,,,,
250,0.00,30.93929334,120.15045386,30.93929334,120.15045386,30.93929334,120.15045386,0.5333,0.00,0,1126,split_learned_disk,10,1,,,,
251,0.00,30.93929334,120.15045386,30.93929334,120.15045386,30.93929334,120.15045386,0.5333,0.00,0,1126,split_learned_disk,10,1,,,,
252,0.00,30.93929334,120.15045386,30.93929334,120.15045386,30.93929334,120.15045386,0.5333,0.00,0,1126,split_learned_disk,10,1,,,,
253,0.00,30.93929334,120.15045386,30.93929334,120.15045386,30.93929334,120.15045386,0.5333,0.00,0,1126,split_learned_disk,10,1,,,,
254,0.00,30.93929334,120.15045386,30.93929334,120.15045386,30.93929334,120.15045386,0.5333,0.00,0,1126,split_learned_disk,10,1,,,,
255,0.00,30.92072623,120.21945524,30.93929334,120.15045386,30.93929334,120.15045386,0.5800,6905.81,1,599,split_learned_disk,12,1,,,,
256,0.00,30.93929334,120.15045386,30.93929334,120.15045386,30.93929334,120.15045386,0.5333,0.00,0,1126,split_learned_disk,10,1,,,,
257,0.00,30.93929334,120.15045386,30.93929334,120.15045386,30.93929334,120.15045386,0.5333,0.00,0,1126,split_learned_disk,10,1,,,,
258,0.00,30.93929334,120.15045386,30.93929334,120.15045386,30.93929334,120.15045386,0.5333,0.00,0,1126,split_learned_disk,10,1,,,,
259,0.00,30.93929334,120.15045386,30.93929334,120.15045386,30.93929334,120.15045386,0.5333,0.00,0,1126,split_learned_disk,10,1,,,,
260,1662.00,30.93929334,120.15045386,30.93929334,120.15045386,30.93929334,120.15045386,0.5333,0.00,0,1126,split_learned_disk,10,1,1,90.58,90.58,90.58
261,1666.00,30.94484416,120.24539358,30.93929334,120.15045386,30.93929334,120.15045386,0.5333,9087.25,1,1340,split_learned_disk,10,1,-1,9035.17,6660.23,6660.23
262,1670.00,30.94484416,120.24539358,30.93929334,120.15045386,30.93929334,120.15045386,0.5333,9087.25,1,1340,split_learned_disk,10,1,-1,8940.67,6590.59,6590.59
263,1674.00,30.93250387,120.23042033,30.93929334,120.15045386,30.93929334,120.15045386,0.5567,7673.67,1,941,split_learned_disk,11,1,-1,7460.81,6466.65,6466.65
264,1677.00,30.94363770,120.24190533,30.93929334,120.15045386,30.93929334,120.15045386,0.5100,8746.49,1,1282,split_learned_disk,9,1,-1,8340.37,8340.37,8340.37
265,1681.00,30.94363770,120.24190533,30.93929334,120.15045386,30.93929334,120.15045386,0.5100,8746.49,1,1282,split_learned_disk,9,1,-1,8246.30,8246.30,8246.30
266,1685.00,30.94484416,120.24539358,30.93929334,120.15045386,30.93929334,120.15045386,0.5333,9087.25,1,1340,split_learned_disk,10,1,-1,8564.84,8564.84,8564.84
267,1689.00,30.93929334,120.15045386,30.93929334,120.15045386,30.93929334,120.15045386,0.5333,0.00,0,1126,split_learned_disk,10,1,-1,767.92,767.92,767.92
268,1693.00,30.93929334,120.15045386,30.93929334,120.15045386,30.93929334,120.15045386,0.5333,0.00,0,1126,split_learned_disk,10,1,-1,865.73,865.73,865.73
269,1697.00,30.91667764,120.21624763,30.93929334,120.15045386,30.93929334,120.15045386,0.5100,6768.57,1,430,split_learned_disk,9,1,-1,5975.15,3770.84,3770.84
270,1701.00,30.91193626,120.17741789,30.93929334,120.15045386,30.93929334,120.15045386,0.5100,3988.06,1,299,split_learned_disk,9,1,-1,3236.00,2266.03,2266.03
271,1704.00,30.91193626,120.17741789,30.93929334,120.15045386,30.93929334,120.15045386,0.5100,3988.06,1,299,split_learned_disk,9,1,-1,3171.44,1636.49,1636.49
272,1708.00,30.93929334,120.15045386,30.93929334,120.15045386,30.93929334,120.15045386,0.5333,0.00,0,1126,split_learned_disk,10,1,-1,1253.49,1253.49,1253.49
273,1712.00,30.91214013,120.18485721,30.93929334,120.15045386,30.93929334,120.15045386,0.5333,4464.31,1,303,split_learned_disk,10,1,-1,3466.87,2566.07,2566.07
274,1716.00,30.91250496,120.16371345,30.93929334,120.15045386,30.93929334,120.15045386,0.5567,3239.77,1,293,split_learned_disk,11,1,-1,2760.32,2760.32,2760.32
275,1719.00,30.91667764,120.21624763,30.93929334,120.15045386,30.93929334,120.15045386,0.5100,6768.57,1,430,split_learned_disk,9,1,-1,5413.37,2726.94,2726.94
276,1723.00,30.92385340,120.21417283,30.93929334,120.15045386,30.93929334,120.15045386,0.5100,6322.90,1,652,split_learned_disk,9,1,-1,4640.03,2986.60,2986.60
277,1727.00,30.91667764,120.21624763,30.93929334,120.15045386,30.93929334,120.15045386,0.5100,6768.57,1,430,split_learned_disk,9,1,-1,5227.07,2915.07,2915.07
278,1731.00,30.93929334,120.15045386,30.93929334,120.15045386,30.93929334,120.15045386,0.5333,0.00,0,1126,split_learned_disk,10,1,-1,1835.14,419.86,419.86
279,1735.00,30.91696736,120.23309008,30.93929334,120.15045386,30.93929334,120.15045386,0.5567,8273.42,1,438,split_learned_disk,11,1,-1,6504.54,509.82,509.82
280,1738.00,30.91021475,120.16899041,30.93929334,120.15045386,30.93929334,120.15045386,0.5100,3689.41,1,239,split_learned_disk,9,1,-1,2867.00,2867.00,2867.00
281,1742.00,30.90998941,120.18277535,30.93929334,120.15045386,30.93929334,120.15045386,0.6033,4490.88,1,246,split_learned_disk,13,1,-1,3044.98,1930.13,1930.13
282,1746.00,30.90998941,120.18277535,30.93929334,120.15045386,30.93929334,120.15045386,0.6033,4490.88,1,246,split_learned_disk,13,1,-1,3001.18,2222.91,2222.91
283,1749.00,30.93929334,120.15045386,30.93929334,120.15045386,30.93929334,120.15045386,0.5333,0.00,0,1126,split_learned_disk,10,1,-1,2320.79,1198.81,1198.81
284,1753.00,30.93929334,120.15045386,30.93929334,120.15045386,30.93929334,120.15045386,0.5333,0.00,0,1126,split_learned_disk,10,1,-1,2416.79,2416.79,2416.79
285,1757.00,30.93929334,120.15045386,30.93929334,120.15045386,30.93929334,120.15045386,0.5333,0.00,0,1126,split_learned_disk,10,1,-1,2608.82,1238.56,1238.56
286,1761.00,30.93929334,120.15045386,30.93929334,120.15045386,30.93929334,120.15045386,0.5333,0.00,0,1126,split_learned_disk,10,1,-1,2704.85,1819.47,1819.47
287,1764.00,30.92742985,120.23435889,30.93929334,120.15045386,30.93929334,120.15045386,0.5100,8120.57,1,831,split_learned_disk,9,1,-1,5485.52,2528.63,2528.63
288,1768.00,30.92328470,120.15324164,30.93929334,120.15045386,30.93929334,120.15045386,0.6033,1801.86,1,624,split_learned_disk,13,1,-1,2789.35,1435.86,1435.86
289,1772.00,30.92328470,120.15324164,30.93929334,120.15045386,30.93929334,120.15045386,0.6033,1801.86,1,624,split_learned_disk,13,1,-1,2868.84,2868.84,2868.84
290,1776.00,30.92328470,120.15324164,30.93929334,120.15045386,30.93929334,120.15045386,0.6033,1801.86,1,624,split_learned_disk,13,1,-1,2944.45,2704.53,2704.53
291,1780.00,30.91667764,120.21624763,30.93929334,120.15045386,30.93929334,120.15045386,0.5100,6768.57,1,430,split_learned_disk,9,1,-1,3856.79,3502.81,3502.81
292,1783.00,30.90676100,120.22482521,30.93929334,120.15045386,30.93929334,120.15045386,0.5567,7972.10,1,154,split_learned_disk,11,1,-1,4996.09,3448.80,3448.80
293,1787.00,30.91193626,120.17741789,30.93929334,120.15045386,30.93929334,120.15045386,0.5100,3988.06,1,299,split_learned_disk,9,1,-1,2546.42,877.94,877.94
294,1791.00,30.92742985,120.23435889,30.93929334,120.15045386,30.93929334,120.15045386,0.5100,8120.57,1,831,split_learned_disk,9,1,-1,4806.77,3678.13,3678.13
295,1795.00,30.91024227,120.21046488,30.93929334,120.15045386,30.93929334,120.15045386,0.4867,6580.25,1,203,split_learned_disk,8,1,-1,3600.11,3600.11,3600.11
296,1799.00,30.90505022,120.15748039,30.93929334,120.15045386,30.90505022,120.15748039,0.5567,3870.55,1,66,split_learned_disk,11,1,-1,4254.02,2592.39,2592.39
297,1803.00,30.92385340,120.21417283,30.90505022,120.15748039,30.90505022,120.15748039,0.5100,5804.37,1,652,split_learned_disk,9,1,-1,2558.55,199.08,199.08
298,1807.00,30.92328470,120.15324164,30.90505022,120.15748039,30.90505022,120.15748039,0.6033,2069.83,1,624,split_learned_disk,13,1,-1,3602.63,1835.21,1835.21
299,1810.00,30.92070009,120.19910496,30.90505022,120.15748039,30.90505022,120.15748039,0.5100,4339.93,1,534,split_learned_disk,9,1,-1,1766.49,781.48,781.48
300,1814.00,30.92238941,120.23494678,30.90505022,120.15748039,30.90505022,120.15748039,0.5333,7645.28,1,607,split_learned_disk,10,1,-1,4395.57,2940.25,2940.25
301,1818.00,30.92238941,120.23494678,30.90505022,120.15748039,30.90505022,120.15748039,0.5333,7645.28,1,607,split_learned_disk,10,1,-1,4297.79,2842.58,2842.58
302,1822.00,30.92238941,120.23494678,30.90505022,120.15748039,30.90505022,120.15748039,0.5333,7645.28,1,607,split_learned_disk,10,1,-1,4203.41,2863.06,2863.06
303,1826.00,30.92338127,120.22392460,30.90505022,120.15748039,30.90505022,120.15748039,0.6033,6665.12,1,658,split_learned_disk,13,1,-1,3094.72,2786.90,2786.90
304,1830.00,30.92717839,120.22388707,30.90505022,120.15748039,30.90505022,120.15748039,0.5333,6803.10,1,770,split_learned_disk,10,1,-1,2886.02,1739.96,1739.96
305,1834.00,30.92338127,120.22392460,30.90505022,120.15748039,30.90505022,120.15748039,0.6033,6665.12,1,658,split_learned_disk,13,1,-1,2904.04,1658.30,1658.30
306,1838.00,30.92717839,120.22388707,30.90505022,120.15748039,30.92717839,120.22388707,0.5333,6803.10,1,770,split_learned_disk,10,1,-1,2689.91,2301.86,2301.86
307,1842.00,30.92338127,120.22392460,30.92717839,120.22388707,30.92717839,120.22388707,0.6033,422.71,1,658,split_learned_disk,13,1,-1,2713.81,2072.13,2072.13
308,1846.00,30.92699597,120.22366898,30.92717839,120.22388707,30.92699606,120.22366909,0.5333,29.09,0,769,split_learned_disk,10,1,-1,2302.06,2302.06,2302.06
309,1850.00,30.92338127,120.22392460,30.92698404,120.22365472,30.92698404,120.22365472,0.6033,401.89,1,658,split_learned_disk,13,1,-1,2524.13,1923.31,1923.31
310,1853.00,30.92699597,120.22366898,30.92697503,120.22364394,30.92699427,120.22366695,0.5333,3.34,0,769,split_learned_disk,10,1,-1,2108.80,1134.17,1134.17
311,1857.00,30.92667407,120.20553815,30.92699246,120.22366479,30.92699246,120.22366479,0.5567,1731.36,1,761,split_learned_disk,11,1,-1,628.13,628.13,628.13
312,1861.00,30.92667407,120.20553815,30.92699066,120.22366263,30.92699066,120.22366263,0.5567,1731.15,1,761,split_learned_disk,11,1,-1,561.33,561.33,561.33
313,1865.00,30.92386413,120.24103680,30.92698886,120.22366048,30.92698886,120.22366048,0.5800,1695.41,1,665,split_learned_disk,12,1,-1,3466.71,504.83,504.83
314,1869.00,30.92386413,120.24103680,30.92698705,120.22365832,30.92698705,120.22365832,0.5800,1695.57,1,665,split_learned_disk,12,1,-1,3371.54,1701.76,1701.76
315,1873.00,30.92386413,120.24103680,30.92698525,120.22365617,30.92698525,120.22365617,0.5800,1695.73,1,665,split_learned_disk,12,1,-1,3273.54,1690.86,1690.86
316,1877.00,30.92386413,120.24103680,30.92698345,120.22365401,30.92698345,120.22365401,0.5800,1695.89,1,665,split_learned_disk,12,1,-1,3178.45,1204.37,1204.37
317,1881.00,30.92305936,120.24254326,30.92698165,120.22365186,30.92698165,120.22365186,0.4633,1856.11,1,666,split_learned_disk,7,1,-1,3273.78,1121.34,1121.34
318,1885.00,30.92667407,120.20553815,30.92697984,120.22364970,30.92697984,120.22364970,0.5567,1729.89,1,761,split_learned_disk,11,1,-1,582.30,582.30,582.30
319,1889.00,30.92315593,120.21692308,30.92697804,120.22364754,30.92697804,120.22364754,0.4400,770.32,1,654,split_learned_disk,6,1,-1,918.97,918.97,918.97
320,1893.00,30.91118047,120.20133692,30.92697624,120.22364539,30.91118047,120.20133692,0.5333,2762.29,1,255,split_learned_disk,10,1,-1,2393.83,862.47,862.47
321,1897.00,30.92338127,120.22392460,30.91118047,120.20133692,30.91118047,120.20133692,0.6033,2548.99,1,658,split_learned_disk,13,1,-1,1324.53,958.63,958.63
322,1901.00,30.92338127,120.22392460,30.91118047,120.20133692,30.91118047,120.20133692,0.6033,2548.99,1,658,split_learned_disk,13,1,-1,1233.64,751.80,751.80
323,1905.00,30.92386413,120.24103680,30.91118047,120.20133692,30.91118047,120.20133692,0.5800,4045.51,1,665,split_learned_disk,12,1,-1,2410.63,1001.70,1001.70
324,1909.00,30.92046403,120.21061498,30.91118047,120.20133692,30.91118047,120.20133692,0.4867,1361.25,1,539,split_learned_disk,8,1,-1,1242.56,781.22,781.22
325,1913.00,30.91441962,120.22751998,30.91118047,120.20133692,30.91118047,120.20133692,0.5567,2526.20,1,379,split_learned_disk,11,1,-1,1911.97,583.42,583.42
326,1917.00,30.92338127,120.22392460,30.91118047,120.20133692,30.91118047,120.20133692,0.6033,2548.99,1,658,split_learned_disk,13,1,-1,901.66,489.71,489.71
327,1921.00,30.92338127,120.22392460,30.91118047,120.20133692,30.91118047,120.20133692,0.6033,2548.99,1,658,split_learned_disk,13,1,-1,830.62,404.81,404.81
328,1925.00,30.92338127,120.22392460,30.91118047,120.20133692,30.91118047,120.20133692,0.6033,2548.99,1,658,split_learned_disk,13,1,-1,755.86,318.23,318.23
329,1929.00,30.92699597,120.22366898,30.91118047,120.20133692,30.91118047,120.20133692,0.5333,2765.43,1,769,split_learned_disk,10,1,-1,250.08,250.08,250.08
330,1933.00,30.92338127,120.22392460,30.91118047,120.20133692,30.92338127,120.22392460,0.6033,2548.99,1,658,split_learned_disk,13,1,-1,636.27,194.68,194.68
331,1936.00,30.92338127,120.22392460,30.92338127,120.22392460,30.92338127,120.22392460,0.6033,0.00,0,658,split_learned_disk,13,1,-1,586.03,180.26,180.26
332,1940.00,30.92699597,120.22366898,30.92338127,120.22392460,30.92338127,120.22392460,0.5333,403.13,1,769,split_learned_disk,10,1,-1,222.98,164.03,164.03
333,1944.00,30.93122697,120.20287546,30.92338127,120.22392460,30.92338127,120.22392460,0.5567,2191.62,1,927,split_learned_disk,11,1,-1,2299.81,472.53,472.53
334,1948.00,30.91812016,120.15342926,30.92338127,120.22392460,30.92338127,120.22392460,0.5567,6757.34,1,456,split_learned_disk,11,1,-1,7038.49,1769.53,1769.53
335,1952.00,30.92717839,120.22388707,30.92338127,120.22392460,30.92338127,120.22392460,0.5333,422.71,1,770,split_learned_disk,10,1,-1,264.26,264.26,264.26
336,1956.00,30.92717839,120.22388707,30.92338127,120.22392460,30.92338127,120.22392460,0.5333,422.71,1,770,split_learned_disk,10,1,-1,351.14,297.82,297.82
337,1960.00,30.92338127,120.22392460,30.92338127,120.22392460,30.92338127,120.22392460,0.6033,0.00,0,658,split_learned_disk,13,1,-1,639.52,271.45,271.45
338,1964.00,30.92338127,120.22392460,30.92338127,120.22392460,30.92338127,120.22392460,0.6033,0.00,0,658,split_learned_disk,13,1,-1,700.55,289.00,289.00
339,1968.00,30.91209721,120.20112427,30.92338127,120.22392460,30.92338127,120.22392460,0.6500,2513.67,1,311,split_learned_disk,15,1,-1,3264.88,427.00,427.00
340,1972.00,30.91814162,120.14556466,30.92338127,120.22392460,30.92338127,120.22392460,0.5333,7505.64,1,452,split_learned_disk,10,1,-1,8382.49,321.27,321.27
341,1976.00,30.92717839,120.22388707,30.92338127,120.22392460,30.92338127,120.22392460,0.5333,422.71,1,770,split_learned_disk,10,1,-1,816.49,416.49,416.49
342,1980.00,30.92338127,120.22392460,30.92338127,120.22392460,30.92338127,120.22392460,0.6033,0.00,0,658,split_learned_disk,13,1,-1,988.05,586.83,586.83
343,1984.00,30.91250496,120.22444996,30.92338127,120.22392460,30.92338127,120.22392460,0.5567,1211.79,1,322,split_learned_disk,11,1,-1,1864.66,569.11,569.11
344,1988.00,30.92699597,120.22366898,30.92338127,120.22392460,30.92338127,120.22392460,0.5333,403.13,1,769,split_learned_disk,10,1,-1,1304.05,556.41,556.41
345,1992.00,30.92370317,120.13703711,30.92338127,120.22392460,30.92338127,120.22392460,0.6267,8297.35,1,616,split_learned_disk,14,1,-1,9604.33,208.63,208.63
346,1996.00,30.92667407,120.20553815,30.92338127,120.22392460,30.92338127,120.22392460,0.5567,1793.66,1,761,split_learned_disk,11,1,-1,3095.17,597.70,597.70
347,2000.00,30.92046403,120.21061498,30.92338127,120.22392460,30.92338127,120.22392460,0.4867,1311.83,1,539,split_learned_disk,8,1,-1,2873.79,534.37,534.37
348,2004.00,30.92338127,120.22392460,30.92338127,120.22392460,30.92338127,120.22392460,0.6033,0.00,0,658,split_learned_disk,13,1,-1,1511.11,767.92,767.92
349,2008.00,30.91250496,120.22444996,30.92338127,120.22392460,30.92338127,120.22392460,0.5567,1211.79,1,322,split_learned_disk,11,1,-1,2150.07,1302.68,1302.68
350,2011.00,30.90891172,120.17627962,30.92338127,120.22392460,30.92338127,120.22392460,0.5333,4826.54,1,187,split_learned_disk,10,1,-1,6541.96,1245.90,1245.90
351,2072.00,30.91696736,120.23309008,30.92338127,120.22392460,30.92338127,120.22392460,0.5567,1129.54,1,438,split_learned_disk,11,1,-1,1165.14,1023.32,1023.32
352,2078.00,30.91312732,120.22569374,30.92338127,120.22392460,30.92338127,120.22392460,0.5100,1153.90,1,323,split_learned_disk,9,1,-1,1822.93,980.77,980.77
353,2085.00,30.90531847,120.19931761,30.92338127,120.22392460,30.92338127,120.22392460,0.4633,3092.71,1,86,split_learned_disk,7,1,-1,4370.31,1070.13,1070.13
354,2091.00,30.93570010,120.16363840,30.92338127,120.22392460,30.92338127,120.22392460,0.5100,5918.07,1,1021,split_learned_disk,9,1,-1,7319.95,4307.32,4307.32
355,2097.00,30.91393675,120.16785920,30.92338127,120.22392460,30.92338127,120.22392460,0.6033,5456.19,1,350,split_learned_disk,13,1,-1,6971.23,2254.34,2254.34
356,2103.00,30.91393675,120.16785920,30.92338127,120.22392460,30.92338127,120.22392460,0.6033,5456.19,1,350,split_learned_disk,13,1,-1,6880.19,2895.32,2895.32
357,2109.00,30.91250496,120.16371345,30.92338127,120.22392460,30.92338127,120.22392460,0.5567,5875.92,1,293,split_learned_disk,11,1,-1,7020.57,1397.53,1397.53
358,2115.00,30.91518146,120.17160307,30.92338127,120.22392460,30.91518146,120.17160307,0.5800,5079.11,1,353,split_learned_disk,12,1,-1,6105.69,3384.80,3384.80
359,2121.00,30.91393675,120.16785920,30.91518146,120.17160307,30.91518146,120.17160307,0.6033,383.43,1,350,split_learned_disk,13,1,-1,6606.41,1565.68,1565.68
360,2127.00,30.92328470,120.15324164,30.91518146,120.17160307,30.91518146,120.17160307,0.6033,1971.84,1,624,split_learned_disk,13,1,-1,7617.49,1306.24,1306.24
361,2133.00,30.90615543,120.16506436,30.91518146,120.17160307,30.90615772,120.16506602,0.8133,1182.99,0,69,split_learned_disk,22,1,-1,6865.16,1259.25,1259.25
362,2139.00,30.93178495,120.18780215,30.90559260,120.16465663,30.90559260,120.16465663,0.4633,3658.79,1,920,split_learned_disk,7,1,-1,4308.66,3555.06,3555.06
363,2145.00,30.91789483,120.15114727,30.90502747,120.16424724,30.90502747,120.16424724,0.5100,1901.76,1,455,split_learned_disk,9,1,-1,7570.27,1541.76,1541.76
364,2151.00,30.92370317,120.13703711,30.90446235,120.16383785,30.90446235,120.16383785,0.6267,3337.34,1,616,split_learned_disk,14,1,-1,8836.57,1846.38,1846.38
365,2157.00,30.90994649,120.20349382,30.90389722,120.16342845,30.90389722,120.16342845,0.5100,3884.83,1,256,split_learned_disk,9,1,-1,2841.38,825.01,825.01
366,2163.00,30.92328470,120.15324164,30.90333209,120.16301906,30.90333209,120.16301906,0.6033,2409.39,1,624,split_learned_disk,13,1,-1,7047.45,908.35,908.35
367,2169.00,30.92414312,120.14805930,30.90276697,120.16260967,30.90276697,120.16260967,0.5567,2755.56,1,621,split_learned_disk,11,1,-1,7552.05,959.70,959.70
368,2175.00,30.91518146,120.17160307,30.90220184,120.16220028,30.90220184,120.16220028,0.5800,1701.16,1,353,split_learned_disk,12,1,-1,5116.85,1157.03,1157.03
369,2181.00,30.92641654,120.21336523,30.90163672,120.16179089,30.90163672,120.16179089,0.5100,5644.96,1,765,split_learned_disk,9,1,-1,869.85,869.85,869.85
370,2187.00,30.91609821,120.23701613,30.90107159,120.16138149,30.90107159,120.16138149,0.5100,7413.86,1,440,split_learned_disk,9,1,-1,1808.65,839.66,839.66
371,2193.00,30.91098733,120.23715372,30.90050647,120.16097210,30.91098733,120.23715372,0.4867,7367.89,1,272,split_learned_disk,8,1,-1,2296.73,1518.93,1518.93
372,2200.00,30.90541504,120.18406373,30.91098733,120.23715372,30.91098733,120.23715372,0.6033,5107.61,1,78,split_learned_disk,13,1,-1,4270.40,1135.94,1135.94
373,2206.00,30.93586105,120.13648674,30.91098733,120.23715372,30.91098733,120.23715372,0.4867,10003.97,1,1008,split_learned_disk,8,1,-1,7948.17,1360.26,1360.26
374,2212.00,30.91067615,120.25255226,30.91098733,120.23715372,30.91098733,120.23715372,0.4633,1470.88,1,279,split_learned_disk,7,1,-1,3670.40,1216.33,1216.33
375,2219.00,30.93290089,120.17548614,30.91098733,120.23715372,30.91098733,120.23715372,0.5100,6374.17,1,914,split_learned_disk,9,1,-1,4133.63,1643.95,1643.95
376,2225.00,30.91314878,120.16226953,30.91098733,120.23715372,30.91098733,120.23715372,0.4867,7155.07,1,292,split_learned_disk,8,1,-1,5434.69,1653.32,1653.32
377,2231.00,30.90891172,120.17627962,30.91098733,120.23715372,30.91098733,120.23715372,0.5333,5817.73,1,187,split_learned_disk,10,1,-1,4215.64,1409.45,1409.45
378,2238.00,30.91609821,120.23492177,30.91098733,120.23715372,30.91098733,120.23715372,0.4867,607.56,1,439,split_learned_disk,8,1,-1,2349.25,1741.70,1741.70
379,2244.00,30.91757292,120.25028822,30.91098733,120.23715372,30.91098733,120.23715372,0.4400,1452.81,1,503,split_learned_disk,6,1,-1,3841.99,2207.00,2207.00
380,2251.00,30.93514818,120.16977845,30.91098733,120.23715372,30.91098733,120.23715372,0.5333,6973.51,1,967,split_learned_disk,10,1,-1,4274.03,1364.32,1364.32
381,2256.00,30.92370317,120.13703711,30.91098733,120.23715372,30.92370317,120.13703711,0.6267,9664.80,1,616,split_learned_disk,14,1,-1,7132.56,760.13,760.13
382,2262.00,30.92370317,120.13703711,30.92370317,120.13703711,30.92370317,120.13703711,0.6267,0.00,0,616,split_learned_disk,14,1,-1,7038.08,1184.35,1184.35
383,2269.00,30.93570010,120.16363840,30.92370317,120.13703711,30.92370317,120.13703711,0.5100,2869.94,1,1021,split_learned_disk,9,1,-1,4412.26,2278.81,2278.81
384,2275.00,30.90928728,120.14422625,30.92370317,120.13703711,30.92370317,120.13703711,0.5333,1745.46,1,172,split_learned_disk,10,1,-1,6400.05,1792.29,1792.29
385,2281.00,30.93570010,120.16363840,30.92370317,120.13703711,30.92370317,120.13703711,0.5100,2869.94,1,1021,split_learned_disk,9,1,-1,4218.45,2158.07,2158.07
386,2288.00,30.93570010,120.16363840,30.92370317,120.13703711,30.92370317,120.13703711,0.5100,2869.94,1,1021,split_learned_disk,9,1,-1,4120.43,2568.22,2568.22
387,2294.00,30.93570010,120.16363840,30.92370317,120.13703711,30.92370317,120.13703711,0.5100,2869.94,1,1021,split_learned_disk,9,1,-1,4024.64,2005.06,2005.06
388,2300.00,30.90928728,120.14422625,30.92370317,120.13703711,30.92370317,120.13703711,0.5333,1745.46,1,172,split_learned_disk,10,1,-1,6065.63,1934.22,1934.22
389,2307.00,30.93514818,120.16977845,30.92370317,120.13703711,30.92370317,120.13703711,0.5333,3376.23,1,967,split_learned_disk,10,1,-1,3400.60,1416.71,1416.71
390,2313.00,30.92804148,120.22620659,30.92370317,120.13703711,30.92370317,120.13703711,0.5800,8528.88,1,827,split_learned_disk,12,1,-1,2344.32,1557.50,1557.50
391,2320.00,30.93570010,120.16363840,30.92370317,120.13703711,30.92370317,120.13703711,0.5100,2869.94,1,1021,split_learned_disk,9,1,-1,3634.80,1730.75,1730.75
392,2327.00,30.90371499,120.16300046,30.92370317,120.13703711,30.90371499,120.16300046,0.4867,3331.40,1,13,split_learned_disk,8,1,-1,4506.23,1663.93,1663.93
393,2333.00,30.93501942,120.16598293,30.90371499,120.16300046,30.90371499,120.16300046,0.4867,3496.43,1,966,split_learned_disk,8,1,-1,3208.40,1607.73,1607.73
394,2340.00,30.93570010,120.16363840,30.90371499,120.16300046,30.90371499,120.16300046,0.5100,3561.10,1,1021,split_learned_disk,9,1,-1,3345.24,1111.56,1111.56
395,2346.00,30.93501942,120.16598293,30.90371499,120.16300046,30.90371499,120.16300046,0.4867,3496.43,1,966,split_learned_disk,8,1,-1,3014.54,1013.56,1013.56
396,2353.00,30.93514818,120.16375097,30.90371499,120.16300046,30.90371499,120.16300046,0.5333,3499.88,1,965,split_learned_disk,10,1,-1,3116.21,2721.07,2721.07
397,2359.00,30.90891172,120.17627962,30.90371499,120.16300046,30.90371499,120.16300046,0.5333,1393.81,1,187,split_learned_disk,10,1,-1,2968.48,2623.21,2623.21
398,2366.00,30.93290089,120.17548614,30.90371499,120.16300046,30.90371499,120.16300046,0.5100,3460.84,1,914,split_learned_disk,9,1,-1,1904.84,726.03,726.03
399,2372.00,30.92370317,120.13703711,30.90371499,120.16300046,30.90371499,120.16300046,0.6267,3331.40,1,616,split_learned_disk,14,1,-1,5456.15,3733.99,3733.99
400,2379.00,30.92338127,120.22392460,30.90371499,120.16300046,30.90371499,120.16300046,0.6033,6216.19,1,658,split_learned_disk,13,1,-1,3206.85,2374.32,2374.32
401,2386.00,30.92072623,120.21945524,30.90371499,120.16300046,30.90371499,120.16300046,0.5800,5714.04,1,599,split_learned_disk,12,1,-1,2882.61,350.62,350.62
402,2392.00,30.92717839,120.22388707,30.90371499,120.16300046,30.92717839,120.22388707,0.5333,6374.07,1,770,split_learned_disk,10,1,-1,3416.23,256.95,256.95
403,2399.00,30.93142618,120.16547714,30.92717839,120.22388707,30.92717839,120.22388707,0.5800,5597.83,1,853,split_learned_disk,12,1,-1,2320.29,1947.40,1947.40
404,2406.00,30.90891172,120.17627962,30.92717839,120.22388707,30.92717839,120.22388707,0.5333,4980.29,1,187,split_learned_disk,10,1,-1,2694.33,1849.52,1849.52
405,2413.00,30.93514818,120.16977845,30.92717839,120.22388707,30.92717839,120.22388707,0.5333,5242.69,1,967,split_learned_disk,10,1,-1,1753.51,1753.51,1753.51
406,2419.00,30.92294133,120.24271132,30.92717839,120.22388707,30.92717839,120.22388707,0.5567,1858.46,1,667,split_learned_disk,11,1,-1,5643.68,2036.27,2036.27
407,2426.00,30.92370317,120.13703711,30.92717839,120.22388707,30.92717839,120.22388707,0.6267,8302.71,1,616,split_learned_disk,14,1,-1,4632.95,2131.45,2131.45
408,2432.00,30.92370317,120.13703711,30.92717839,120.22388707,30.92717839,120.22388707,0.6267,8302.71,1,616,split_learned_disk,14,1,-1,4544.12,2623.35,2623.35
409,2438.00,30.92370317,120.13703711,30.92717839,120.22388707,30.92717839,120.22388707,0.6267,8302.71,1,616,split_learned_disk,14,1,-1,4455.67,2904.79,2904.79
410,2445.00,30.92370317,120.13703711,30.92717839,120.22388707,30.92717839,120.22388707,0.6267,8302.71,1,616,split_learned_disk,14,1,-1,4365.09,1267.87,1267.87
411,2451.00,30.92370317,120.13703711,30.92717839,120.22388707,30.92717839,120.22388707,0.6267,8302.71,1,616,split_learned_disk,14,1,-1,4277.38,1170.04,1170.04
412,2457.00,30.92370317,120.13703711,30.92717839,120.22388707,30.92370317,120.13703711,0.6267,8302.71,1,616,split_learned_disk,14,1,-1,4187.38,888.95,888.95
413,2463.00,30.92370317,120.13703711,30.92370317,120.13703711,30.92370317,120.13703711,0.6267,0.00,0,616,split_learned_disk,14,1,-1,4100.50,3023.21,3023.21
414,2469.00,30.92370317,120.13703711,30.92370317,120.13703711,30.92370317,120.13703711,0.6267,0.00,0,616,split_learned_disk,14,1,-1,4011.18,3116.73,3116.73
415,2476.00,30.92414312,120.14805930,30.92370317,120.13703711,30.92370317,120.13703711,0.5567,1053.70,1,621,split_learned_disk,11,1,-1,2976.72,1224.06,1224.06
416,2482.00,30.92414312,120.14805930,30.92370317,120.13703711,30.92370317,120.13703711,0.5567,1053.70,1,621,split_learned_disk,11,1,-1,2892.14,2279.71,2279.71
417,2488.00,30.93338375,120.17968737,30.92370317,120.13703711,30.92370317,120.13703711,0.6267,4213.02,1,916,split_learned_disk,14,1,4,433.21,116.26,116.26
418,2494.00,30.92672772,120.17884931,30.92370317,120.13703711,30.92370317,120.13703711,0.6033,4007.00,1,748,split_learned_disk,13,1,-1,898.21,898.21,898.21
419,2500.00,30.92370317,120.13703711,30.92370317,120.13703711,30.92370317,120.13703711,0.6267,0.00,0,616,split_learned_disk,14,1,-1,3580.45,3138.04,3138.04
420,2507.00,30.92370317,120.13703711,30.92370317,120.13703711,30.92370317,120.13703711,0.6267,0.00,0,616,split_learned_disk,14,1,-1,3497.53,2028.78,2028.78
421,2513.00,30.92370317,120.13703711,30.92370317,120.13703711,30.92370317,120.13703711,0.6267,0.00,0,616,split_learned_disk,14,1,-1,3411.53,1967.23,1967.23
422,2519.00,30.92370317,120.13703711,30.92370317,120.13703711,30.92370317,120.13703711,0.6267,0.00,0,616,split_learned_disk,14,1,-1,3330.09,1916.69,1916.69
423,2525.00,30.92370317,120.13703711,30.92370317,120.13703711,30.92370317,120.13703711,0.6267,0.00,0,616,split_learned_disk,14,1,-1,3245.39,582.98,582.98
424,2532.00,30.90891172,120.17627962,30.92370317,120.13703711,30.92370317,120.13703711,0.5333,4093.23,1,187,split_learned_disk,10,1,-1,2972.52,2972.52,2972.52
425,2538.00,30.93570010,120.16363840,30.92370317,120.13703711,30.92370317,120.13703711,0.5100,2869.94,1,1021,split_learned_disk,9,1,-1,265.77,265.77,265.77
426,2543.00,30.92370317,120.13703711,30.92370317,120.13703711,30.92370317,120.13703711,0.6267,0.00,0,616,split_learned_disk,14,1,-1,3004.79,178.32,178.32
427,2549.00,30.92370317,120.13703711,30.92370317,120.13703711,30.92370317,120.13703711,0.6267,0.00,0,616,split_learned_disk,14,1,-1,2928.30,1437.18,1437.18
428,2555.00,30.92717839,120.22388707,30.92370317,120.13703711,30.92370317,120.13703711,0.5333,8302.71,1,770,split_learned_disk,10,1,-1,5937.38,2288.43,2288.43
429,2561.00,30.91209721,120.20112427,30.92370317,120.13703711,30.92370317,120.13703711,0.6500,6254.86,1,311,split_learned_disk,15,1,-1,4532.95,1208.54,1208.54
430,2567.00,30.91441962,120.22751998,30.92370317,120.13703711,30.92370317,120.13703711,0.5567,8702.20,1,379,split_learned_disk,11,1,-1,6681.37,1303.58,1303.58
431,2573.00,30.90711509,120.25167667,30.92370317,120.13703711,30.92370317,120.13703711,0.6967,11102.09,1,167,split_learned_disk,17,1,-1,9307.40,1381.77,1381.77
432,2580.00,30.91441962,120.22751998,30.92370317,120.13703711,30.92370317,120.13703711,0.5567,8702.20,1,379,split_learned_disk,11,1,-1,6872.06,1496.80,1496.80
433,2586.00,30.92370317,120.13703711,30.92370317,120.13703711,30.92370317,120.13703711,0.6267,0.00,0,616,split_learned_disk,14,1,-1,2482.25,1290.08,1290.08
434,2592.00,30.92370317,120.13703711,30.92370317,120.13703711,30.92370317,120.13703711,0.6267,0.00,0,616,split_learned_disk,14,1,-1,2333.33,2176.94,2176.94
435,2598.00,30.92315593,120.21692308,30.92370317,120.13703711,30.92370317,120.13703711,0.4400,7628.91,1,654,split_learned_disk,6,1,-1,6004.03,1563.17,1563.17
436,2604.00,30.92370317,120.13703711,30.92370317,120.13703711,30.92370317,120.13703711,0.6267,0.00,0,616,split_learned_disk,14,1,-1,2212.73,2065.73,2065.73
437,2611.00,30.92414312,120.14805930,30.92370317,120.13703711,30.92370317,120.13703711,0.5567,1053.70,1,621,split_learned_disk,11,1,-1,1569.85,1385.80,1385.80
438,2617.00,30.92414312,120.14805930,30.92370317,120.13703711,30.92370317,120.13703711,0.5567,1053.70,1,621,split_learned_disk,11,1,-1,1558.48,1369.66,1369.66
439,2622.00,30.91250496,120.22444996,30.92370317,120.13703711,30.92370317,120.13703711,0.5567,8440.01,1,322,split_learned_disk,11,1,-1,7513.42,2268.37,2268.37
440,2628.00,30.91441962,120.22751998,30.92370317,120.13703711,30.92370317,120.13703711,0.5567,8702.20,1,379,split_learned_disk,11,1,-1,7730.34,1542.21,1542.21
441,2635.00,30.92338127,120.22392460,30.92370317,120.13703711,30.92370317,120.13703711,0.6033,8297.35,1,658,split_learned_disk,13,1,-1,7365.04,7169.51,7169.51
442,2641.00,30.92370317,120.13703711,30.92370317,120.13703711,30.92370317,120.13703711,0.6267,0.00,0,616,split_learned_disk,14,1,-1,1899.57,1899.57,1899.57
443,2647.00,30.92370317,120.13703711,30.92370317,120.13703711,30.92370317,120.13703711,0.6267,0.00,0,616,split_learned_disk,14,1,-1,1855.29,1855.29,1855.29
444,2653.00,30.92641654,120.21336523,30.92370317,120.13703711,30.92370317,120.13703711,0.5100,7295.17,1,765,split_learned_disk,9,1,-1,6598.35,2543.80,2543.80
445,2659.00,30.92370317,120.13703711,30.92370317,120.13703711,30.92370317,120.13703711,0.6267,0.00,0,616,split_learned_disk,14,1,-1,1798.89,1717.80,1717.80
446,2665.00,30.92163224,120.23257179,30.92370317,120.13703711,30.92370317,120.13703711,0.5333,9125.94,1,661,split_learned_disk,10,1,-1,8438.67,2613.15,2613.15
447,2671.00,30.92315593,120.21692308,30.92370317,120.13703711,30.92370317,120.13703711,0.4400,7628.91,1,654,split_learned_disk,6,1,-1,7167.72,1498.74,1498.74
448,2730.00,30.92386413,120.24103680,30.92370317,120.13703711,30.92370317,120.13703711,0.5800,9931.41,1,665,split_learned_disk,12,1,-1,9278.21,6314.65,6314.65
449,2734.00,30.92338127,120.22392460,30.92370317,120.13703711,30.92370317,120.13703711,0.6033,8297.35,1,658,split_learned_disk,13,1,-1,7800.01,3954.05,3954.05
450,2738.00,30.90553308,120.25148359,30.92370317,120.13703711,30.92370317,120.13703711,0.6267,11114.61,1,110,split_learned_disk,14,1,-1,10526.43,1542.33,1542.33
451,2743.00,30.92867456,120.18465707,30.92370317,120.13703711,30.92370317,120.13703711,0.5800,4580.99,1,807,split_learned_disk,12,1,-1,3760.19,1893.43,1893.43
452,2747.00,30.91667764,120.21624763,30.92370317,120.13703711,30.92370317,120.13703711,0.5100,7604.49,1,430,split_learned_disk,9,1,-1,6920.15,4006.77,4006.77
453,2751.00,30.92414312,120.14805930,30.92370317,120.13703711,30.92370317,120.13703711,0.5567,1053.70,1,621,split_learned_disk,11,1,-1,1285.74,704.23,704.23
454,2754.00,30.92072623,120.21945524,30.92370317,120.13703711,30.92370317,120.13703711,0.5800,7877.45,1,599,split_learned_disk,12,1,-1,6764.41,6669.55,6669.55
455,2758.00,30.92072623,120.21945524,30.92370317,120.13703711,30.92072623,120.21945524,0.5800,7877.45,1,599,split_learned_disk,12,1,-1,6666.36,3517.58,3517.58
456,2762.00,30.92699597,120.22366898,30.92072623,120.21945524,30.92072623,120.21945524,0.5333,805.64,1,769,split_learned_disk,10,1,-1,6863.97,6863.97,6863.97
457,2766.00,30.92457700,120.23423380,30.92072623,120.21945524,30.92072623,120.21945524,0.5333,1474.94,1,719,split_learned_disk,10,1,-1,7981.96,5488.81,5488.81
458,2770.00,30.93363055,120.16762699,30.92072623,120.21945524,30.92072623,120.21945524,0.6267,5153.57,1,911,split_learned_disk,14,1,-1,1434.63,1434.63,1434.63
459,2773.00,30.92370317,120.13703711,30.92072623,120.21945524,30.92072623,120.21945524,0.6267,7877.45,1,616,split_learned_disk,14,1,-1,2041.37,2041.37,2041.37
460,2777.00,30.92667407,120.20553815,30.92072623,120.21945524,30.92072623,120.21945524,0.5567,1484.81,1,761,split_learned_disk,11,1,-1,4889.68,4889.68,4889.68
461,2781.00,30.91242985,120.24378705,30.92072623,120.21945524,30.92072623,120.21945524,0.5567,2500.37,1,331,split_learned_disk,11,1,-1,8658.01,8658.01,8658.01
462,2785.00,30.90891172,120.17627962,30.92072623,120.21945524,30.92072623,120.21945524,0.5333,4327.72,1,187,split_learned_disk,10,1,-1,3280.30,3280.30,3280.30
463,2789.00,30.92046403,120.21061498,30.92072623,120.21945524,30.92072623,120.21945524,0.4867,844.70,1,539,split_learned_disk,8,1,-1,5169.17,174.53,174.53
464,2793.00,30.90855762,120.24121736,30.92072623,120.21945524,30.92072623,120.21945524,0.4867,2480.67,1,218,split_learned_disk,8,1,-1,8295.46,6021.33,6021.33
465,2796.00,30.92323571,120.25069556,30.92072623,120.21945524,30.92323571,120.25069556,0.4867,2996.33,1,726,split_learned_disk,8,1,-1,8598.78,5927.92,5927.92
466,2800.00,30.92305936,120.24254326,30.92323571,120.25069556,30.92323571,120.25069556,0.4633,778.75,1,666,split_learned_disk,7,1,-1,7730.50,4680.31,4680.31
467,2804.00,30.92370317,120.13703711,30.92323571,120.25069556,30.92323571,120.25069556,0.6267,10853.88,1,616,split_learned_disk,14,1,-1,2643.54,2383.99,2383.99
468,2808.00,30.92370317,120.13703711,30.92323571,120.25069556,30.92323571,120.25069556,0.6267,10853.88,1,616,split_learned_disk,14,1,-1,2727.64,2470.10,2470.10
469,2812.00,30.92370317,120.13703711,30.92323571,120.25069556,30.92323571,120.25069556,0.6267,10853.88,1,616,split_learned_disk,14,1,-1,2808.56,2744.27,2744.27
470,2816.00,30.92370317,120.13703711,30.92323571,120.25069556,30.92323571,120.25069556,0.6267,10853.88,1,616,split_learned_disk,14,1,-1,2894.30,2262.08,2262.08
471,2820.00,30.92338127,120.22392460,30.92323571,120.25069556,30.92323571,120.25069556,0.6033,2556.53,1,658,split_learned_disk,13,1,-1,5663.44,4841.52,4841.52
472,2824.00,30.92338127,120.22392460,30.92323571,120.25069556,30.92323571,120.25069556,0.6033,2556.53,1,658,split_learned_disk,13,1,-1,5567.44,5314.47,5314.47
473,2827.00,30.92742518,120.23256473,30.92323571,120.25069556,30.92323571,120.25069556,0.4867,1793.11,1,774,split_learned_disk,8,1,-1,6212.94,1459.00,1459.00
474,2831.00,30.90891172,120.17627962,30.92323571,120.25069556,30.92323571,120.25069556,0.5333,7283.01,1,187,split_learned_disk,10,1,-1,2608.85,1874.69,1874.69
475,2835.00,30.90855762,120.24121736,30.92323571,120.25069556,30.90855762,120.24121736,0.4867,1867.91,1,218,split_learned_disk,8,1,-1,7242.02,1238.51,1238.51
476,2839.00,30.92386413,120.24103680,30.90855762,120.24121736,30.90855762,120.24121736,0.5800,1704.01,1,665,split_learned_disk,12,1,-1,6562.10,5624.16,5624.16
477,2843.00,30.92338127,120.22392460,30.90855762,120.24121736,30.90855762,120.24121736,0.6033,2334.54,1,658,split_learned_disk,13,1,-1,5081.78,5081.78,5081.78
478,2847.00,30.92338127,120.22392460,30.90855762,120.24121736,30.90855762,120.24121736,0.6033,2334.54,1,658,split_learned_disk,13,1,-1,4983.90,3724.47,3724.47
479,2851.00,30.92386413,120.24103680,30.90855762,120.24121736,30.90855762,120.24121736,0.5800,1704.01,1,665,split_learned_disk,12,1,-1,6177.60,3730.61,3730.61
480,2855.00,30.92386413,120.24103680,30.90855762,120.24121736,30.90855762,120.24121736,0.5800,1704.01,1,665,split_learned_disk,12,1,-1,6079.99,2855.31,2855.31
481,2858.00,30.93327039,120.14994101,30.90855762,120.24121736,30.90855762,120.24121736,0.5800,9140.21,1,958,split_learned_disk,12,1,-1,2699.79,2699.79,2699.79
482,2862.00,30.92222846,120.24333130,30.90855762,120.24121736,30.90855762,120.24121736,0.4867,1535.17,1,610,split_learned_disk,8,1,-1,6113.13,3253.31,3253.31
483,2866.00,30.92338127,120.22392460,30.90855762,120.24121736,30.90855762,120.24121736,0.6033,2334.54,1,658,split_learned_disk,13,1,-1,4406.03,3160.29,3160.29
484,2870.00,30.92370317,120.13703711,30.90855762,120.24121736,30.90855762,120.24121736,0.6267,10090.49,1,616,split_learned_disk,14,1,-1,4220.03,3104.79,3104.79
485,2874.00,30.92667407,120.20553815,30.90855762,120.24121736,30.92667407,120.20553815,0.5567,3959.29,1,761,split_learned_disk,11,1,-1,2371.64,2371.64,2371.64
486,2878.00,30.92386413,120.24103680,30.92667407,120.20553815,30.92667407,120.20553815,0.5800,3404.33,1,665,split_learned_disk,12,1,-1,5498.86,2873.84,2873.84
487,2882.00,30.92294133,120.24271132,30.92667407,120.20553815,30.92667407,120.20553815,0.5567,3574.07,1,667,split_learned_disk,11,1,-1,5798.34,2777.16,2777.16
488,2886.00,30.92338127,120.22392460,30.92667407,120.20553815,30.92667407,120.20553815,0.6033,1793.66,1,658,split_learned_disk,13,1,-1,3920.36,2813.52,2813.52
489,2890.00,30.90838593,120.17779859,30.92667407,120.20553815,30.92667407,120.20553815,0.5567,3340.91,1,188,split_learned_disk,11,1,-1,2334.74,806.14,806.14
490,2894.00,30.92338127,120.22392460,30.92667407,120.20553815,30.92667407,120.20553815,0.6033,1793.66,1,658,split_learned_disk,13,1,-1,3726.47,3679.35,3679.35
491,2898.00,30.92008847,120.22221800,30.92667407,120.20553815,30.92667407,120.20553815,0.5333,1753.44,1,545,split_learned_disk,10,1,-1,3525.23,2606.86,2606.86
492,2902.00,30.92667407,120.20553815,30.92667407,120.20553815,30.92667407,120.20553815,0.5567,0.00,0,761,split_learned_disk,11,1,-1,1692.96,1692.96,1692.96
493,2906.00,30.91804505,120.21447848,30.92667407,120.20553815,30.92667407,120.20553815,0.4400,1285.15,1,485,split_learned_disk,6,1,-1,2661.44,2481.88,2481.88
494,2910.00,30.92386413,120.24103680,30.92667407,120.20553815,30.92667407,120.20553815,0.5800,3404.33,1,665,split_learned_disk,12,1,-1,4722.90,3181.47,3181.47
495,2914.00,30.91441962,120.22751998,30.92667407,120.20553815,30.92667407,120.20553815,0.5567,2503.47,1,379,split_learned_disk,11,1,-1,3730.27,3197.67,3197.67
496,2918.00,30.91441962,120.22751998,30.92667407,120.20553815,30.92667407,120.20553815,0.5567,2503.47,1,379,split_learned_disk,11,1,-1,3634.19,3301.15,3301.15
497,2922.00,30.92699597,120.22366898,30.92667407,120.20553815,30.92667407,120.20553815,0.5333,1731.76,1,769,split_learned_disk,10,1,-1,2805.60,1127.20,1127.20
498,2926.00,30.92522081,120.18538801,30.92667407,120.20553815,30.92667407,120.20553815,0.6033,1931.02,1,696,split_learned_disk,13,1,-1,751.08,572.05,572.05
499,2930.00,30.92207824,120.23817942,30.92667407,120.20553815,30.92667407,120.20553815,0.5333,3158.77,1,608,split_learned_disk,10,1,-1,4069.59,900.16,900.16
500,2934.00,30.90891172,120.17627962,30.92667407,120.20553815,30.92667407,120.20553815,0.5333,3422.91,1,187,split_learned_disk,10,1,-1,2789.67,1682.30,1682.30
501,2938.00,30.90928728,120.14422625,30.92667407,120.20553815,30.92667407,120.20553815,0.5333,6166.57,1,172,split_learned_disk,10,1,-1,5383.07,772.07,772.07
502,2941.00,30.90545796,120.15144041,30.92667407,120.20553815,30.90545796,120.15144041,0.5100,5680.31,1,64,split_learned_disk,9,1,-1,4914.05,919.12,919.12
503,2945.00,30.90891172,120.17627962,30.90545796,120.15144041,30.90545796,120.15144041,0.5333,2402.96,1,187,split_learned_disk,10,1,-1,2952.51,977.42,977.42
504,2949.00,30.92667407,120.20553815,30.90545796,120.15144041,30.90545796,120.15144041,0.5567,5680.31,1,761,split_learned_disk,11,1,-1,534.91,534.91,534.91
505,2953.00,30.92338127,120.22392460,30.90545796,120.15144041,30.90545796,120.15144041,0.6033,7203.66,1,658,split_learned_disk,13,1,-1,2269.55,440.43,440.43
506,2957.00,30.91441962,120.22751998,30.90545796,120.15144041,30.90545796,120.15144041,0.5567,7333.35,1,379,split_learned_disk,11,1,-1,2708.80,2708.80,2708.80
507,2961.00,30.90615543,120.16506436,30.90545796,120.15144041,30.90615520,120.16505980,0.8133,1303.33,0,69,split_learned_disk,22,1,-1,4419.30,2403.05,2403.05
508,2965.00,30.93122697,120.20287546,30.90620873,120.16610558,30.90620873,120.16610558,0.5567,4481.71,1,927,split_learned_disk,11,1,-1,719.26,677.11,677.11
509,2968.00,30.91393675,120.16785920,30.90624889,120.16688991,30.90624889,120.16688991,0.6033,860.80,1,350,split_learned_disk,13,1,-1,3962.73,501.03,501.03
510,2972.00,30.91393675,120.16785920,30.90630243,120.16793568,30.90630243,120.16793568,0.6033,849.88,1,350,split_learned_disk,13,1,-1,4045.94,1161.08,1161.08
511,2976.00,30.93327039,120.14994101,30.90635596,120.16898146,30.90635596,120.16898146,0.5800,3504.68,1,958,split_learned_disk,12,1,-1,5611.42,855.66,855.66
512,2980.00,30.92699597,120.22366898,30.90640950,120.17002724,30.90640950,120.17002724,0.5333,5611.75,1,769,split_learned_disk,10,1,-1,1284.58,1284.58,1284.58
513,2984.00,30.92238941,120.23494678,30.90646304,120.17107301,30.90646304,120.17107301,0.5333,6352.03,1,607,split_learned_disk,10,1,6,2419.40,40.78,40.78
514,2988.00,30.90541504,120.18406373,30.90651658,120.17211879,30.90651658,120.17211879,0.6033,1147.25,1,78,split_learned_disk,13,1,8,3503.26,116.36,116.36
515,2992.00,30.90541504,120.18406373,30.90657011,120.17316457,30.90657011,120.17316457,0.6033,1048.72,1,78,split_learned_disk,13,1,-1,3570.91,992.40,992.40
516,2995.00,30.90313556,120.20122434,30.90661027,120.17394890,30.90661027,120.17394890,0.4867,2633.22,1,31,split_learned_disk,8,1,-1,2624.51,1643.80,1643.80
517,2999.00,30.91250496,120.22444996,30.90666380,120.17499468,30.91250496,120.22444996,0.5567,4767.26,1,322,split_learned_disk,11,1,-1,1693.85,598.73,598.73
518,3003.00,30.92338127,120.22392460,30.91250496,120.22444996,30.91250496,120.22444996,0.6033,1211.79,1,658,split_learned_disk,13,1,-1,914.22,505.27,505.27
519,3007.00,30.92338127,120.22392460,30.91250496,120.22444996,30.91250496,120.22444996,0.6033,1211.79,1,658,split_learned_disk,13,1,-1,816.42,611.64,611.64
520,3011.00,30.92338127,120.22392460,30.91250496,120.22444996,30.91250496,120.22444996,0.6033,1211.79,1,658,split_learned_disk,13,1,-1,720.35,323.35,323.35
521,3015.00,30.92386413,120.24103680,30.91250496,120.22444996,30.91250496,120.22444996,0.5800,2026.79,1,665,split_learned_disk,12,1,-1,2017.98,689.21,689.21
522,3019.00,30.92386413,120.24103680,30.91250496,120.22444996,30.91250496,120.22444996,0.5800,2026.79,1,665,split_learned_disk,12,1,-1,1922.09,330.19,330.19
523,3023.00,30.92370317,120.13703711,30.91250496,120.22444996,30.91250496,120.22444996,0.6267,8440.01,1,616,split_learned_disk,14,1,-1,7975.26,232.15,232.15
524,3026.00,30.92305936,120.24254326,30.91250496,120.22444996,30.91250496,120.22444996,0.4633,2089.44,1,666,split_learned_disk,7,1,-1,1930.01,201.00,201.00
525,3030.00,30.92344565,120.23295249,30.91250496,120.22444996,30.91250496,120.22444996,0.4867,1463.75,1,662,split_learned_disk,8,1,7,1034.23,41.56,41.56
526,3034.00,30.92370317,120.13703711,30.91250496,120.22444996,30.91250496,120.22444996,0.6267,8440.01,1,616,split_learned_disk,14,1,2,8261.55,62.86,62.86
527,3038.00,30.92222846,120.24333130,30.91250496,120.22444996,30.92222846,120.24333130,0.4867,2103.01,1,610,split_learned_disk,8,1,-1,1653.98,195.36,195.36
528,3042.00,30.92386413,120.24103680,30.92222846,120.24333130,30.92222846,120.24333130,0.5800,284.89,1,665,split_learned_disk,12,1,-1,1347.85,176.31,176.31
529,3046.00,30.92294133,120.24271132,30.92222846,120.24333130,30.92222846,120.24333130,0.5567,99.01,1,667,split_learned_disk,11,1,-1,1652.53,381.87,381.87
530,3050.00,30.92386413,120.24103680,30.92222846,120.24333130,30.92222846,120.24333130,0.5800,284.89,1,665,split_learned_disk,12,1,-1,1158.32,278.39,278.39
531,3054.00,30.92718912,120.15311655,30.92222846,120.24333130,30.92222846,120.24333130,0.6967,8632.69,1,736,split_learned_disk,17,1,-1,7154.88,1034.40,1034.40
532,3058.00,30.93570010,120.16363840,30.92222846,120.24333130,30.92222846,120.24333130,0.5100,7756.58,1,1021,split_learned_disk,9,1,-1,6412.06,1126.20,1126.20
533,3062.00,30.93327039,120.14994101,30.92222846,120.24333130,30.92222846,120.24333130,0.5800,9002.56,1,958,split_learned_disk,12,1,-1,7840.15,1231.82,1231.82
534,3066.00,30.92667407,120.20553815,30.92222846,120.24333130,30.92222846,120.24333130,0.5567,3642.81,1,761,split_learned_disk,11,1,-1,2483.13,708.09,708.09
535,3070.00,30.92305936,120.24254326,30.92222846,120.24333130,30.92222846,120.24333130,0.4633,119.24,1,666,split_learned_disk,7,1,-1,890.57,693.01,693.01
536,3074.00,30.92338127,120.22392460,30.92222846,120.24333130,30.92222846,120.24333130,0.6033,1857.67,1,658,split_learned_disk,13,1,-1,833.04,219.25,219.25
537,3077.00,30.92106959,120.23007716,30.92222846,120.24333130,30.92106959,120.23007716,0.5100,1272.25,1,604,split_learned_disk,9,1,-1,512.13,312.23,312.23
538,3081.00,30.93363055,120.16762699,30.92106959,120.23007716,30.92106959,120.23007716,0.6267,6125.38,1,911,split_learned_disk,14,1,-1,6518.63,592.53,592.53
539,3085.00,30.92699597,120.22366898,30.92106959,120.23007716,30.92106959,120.23007716,0.5333,899.84,1,769,split_learned_disk,10,1,-1,1443.36,697.35,697.35
540,3089.00,30.93177422,120.13949422,30.92106959,120.23007716,30.92106959,120.23007716,0.5567,8731.86,1,897,split_learned_disk,11,1,-1,9478.87,1458.99,1458.99
541,3093.00,30.91814162,120.14556466,30.92106959,120.23007716,30.92106959,120.23007716,0.5333,8077.05,1,452,split_learned_disk,10,1,-1,8900.67,2447.88,2447.88
542,3097.00,30.92370317,120.13703711,30.92106959,120.23007716,30.92106959,120.23007716,0.6267,8889.64,1,616,split_learned_disk,14,1,-1,9793.05,813.19,813.19
543,3101.00,30.92667407,120.20553815,30.92106959,120.23007716,30.92106959,120.23007716,0.5567,2424.97,1,761,split_learned_disk,11,1,-1,3356.16,889.28,889.28
544,3105.00,30.92667407,120.20553815,30.92106959,120.23007716,30.92106959,120.23007716,0.5567,2424.97,1,761,split_learned_disk,11,1,-1,3451.92,1412.90,1412.90
545,3109.00,30.92667407,120.20553815,30.92106959,120.23007716,30.92106959,120.23007716,0.5567,2424.97,1,761,split_learned_disk,11,1,-1,3643.50,445.36,445.36
546,3113.00,30.92338127,120.22392460,30.92106959,120.23007716,30.92106959,120.23007716,0.6033,641.42,1,658,split_learned_disk,13,1,-1,1898.24,552.03,552.03
547,3117.00,30.91441962,120.22751998,30.92106959,120.23007716,30.91441962,120.22751998,0.5567,779.51,1,379,split_learned_disk,11,1,-1,1876.90,224.18,224.18
548,3178.00,30.92699597,120.22366898,30.91441962,120.22751998,30.91441962,120.22751998,0.5333,1447.49,1,769,split_learned_disk,10,1,-1,2315.60,973.98,973.98
549,3185.00,30.92386413,120.24103680,30.91441962,120.22751998,30.91441962,120.22751998,0.5800,1664.78,1,665,split_learned_disk,12,1,-1,724.19,455.20,455.20
550,3191.00,30.90891172,120.17627962,30.91441962,120.22751998,30.91441962,120.22751998,0.5333,4931.44,1,187,split_learned_disk,10,1,-1,6355.19,1075.93,1075.93
551,3197.00,30.90531847,120.14695855,30.91441962,120.22751998,30.91441962,120.22751998,0.4867,7759.60,1,61,split_learned_disk,8,1,-1,9090.72,1126.03,1126.03
552,3203.00,30.91250496,120.22444996,30.91441962,120.22751998,30.91441962,120.22751998,0.5567,362.46,1,322,split_learned_disk,11,1,-1,1614.61,1452.69,1452.69
553,3209.00,30.91250496,120.22444996,30.91441962,120.22751998,30.91441962,120.22751998,0.5567,362.46,1,322,split_learned_disk,11,1,-1,1531.90,1030.36,1030.36
554,3215.00,30.90891172,120.17627962,30.91441962,120.22751998,30.91441962,120.22751998,0.5333,4931.44,1,187,split_learned_disk,10,1,-1,5989.82,349.13,349.13
555,3221.00,30.91692443,120.15246611,30.91441962,120.22751998,30.91441962,120.22751998,0.6033,7172.65,1,400,split_learned_disk,13,1,-1,8003.70,1382.71,1382.71
556,3227.00,30.92400362,120.14006961,30.91441962,120.22751998,30.91441962,120.22751998,0.5100,8418.90,1,617,split_learned_disk,9,1,-1,9316.35,580.16,580.16
557,3234.00,30.92046403,120.21061498,30.91441962,120.22751998,30.92046403,120.21061498,0.4867,1748.95,1,539,split_learned_disk,8,1,-1,2408.70,790.14,790.14
558,3239.00,30.92687794,120.19094016,30.92046403,120.21061498,30.92046403,120.21061498,0.5800,2009.93,1,754,split_learned_disk,12,1,-1,4202.15,2312.91,2312.91
559,3245.00,30.93142618,120.16547714,30.92046403,120.21061498,30.92046403,120.21061498,0.5800,4479.82,1,853,split_learned_disk,12,1,-1,6732.33,3418.05,3418.05
560,3251.00,30.92717839,120.22388707,30.92046403,120.21061498,30.92046403,120.21061498,0.5333,1471.39,1,770,split_learned_disk,10,1,-1,1101.27,892.19,892.19
561,3257.00,30.93514818,120.16977845,30.92046403,120.21061498,30.92046403,120.21061498,0.5333,4228.41,1,967,split_learned_disk,10,1,-1,6236.93,634.64,634.64
562,3263.00,30.92522081,120.18538801,30.92046403,120.21061498,30.92046403,120.21061498,0.6033,2466.55,1,696,split_learned_disk,13,1,-1,4173.22,927.03,927.03
563,3269.00,30.92522081,120.18538801,30.92046403,120.21061498,30.92046403,120.21061498,0.6033,2466.55,1,696,split_learned_disk,13,1,-1,4075.52,1719.80,1719.80
564,3275.00,30.90891172,120.17627962,30.92046403,120.21061498,30.92046403,120.21061498,0.5333,3522.01,1,187,split_learned_disk,10,1,-1,5093.63,1793.07,1793.07
565,3281.00,30.94037710,120.15196032,30.92046403,120.21061498,30.92046403,120.21061498,0.5100,6023.89,1,1127,split_learned_disk,9,1,-1,7553.98,5661.96,5661.96
566,3286.00,30.91789483,120.15114727,30.92046403,120.21061498,30.92046403,120.21061498,0.5100,5686.03,1,455,split_learned_disk,9,1,-1,7153.46,3974.04,3974.04
567,3292.00,30.92867456,120.18465707,30.92046403,120.21061498,30.92867456,120.18465707,0.5800,2641.97,1,807,split_learned_disk,12,1,-1,3958.54,722.42,722.42
568,3298.00,30.91024227,120.21046488,30.92867456,120.18465707,30.92867456,120.18465707,0.4867,3206.87,1,203,split_learned_disk,8,1,-1,1887.75,1334.58,1334.58
569,3304.00,30.91696736,120.23309008,30.92867456,120.18465707,30.92867456,120.18465707,0.5567,4805.19,1,438,split_learned_disk,11,1,-1,1074.55,1068.93,1068.93
570,3310.00,30.91441962,120.22751998,30.92867456,120.18465707,30.92867456,120.18465707,0.5567,4390.01,1,379,split_learned_disk,11,1,-1,862.75,746.44,746.44
571,3315.00,30.91696736,120.23309008,30.92867456,120.18465707,30.92867456,120.18465707,0.5567,4805.19,1,438,split_learned_disk,11,1,-1,1259.24,929.16,929.16
572,3321.00,30.90994649,120.20349382,30.92867456,120.18465707,30.92867456,120.18465707,0.5100,2753.57,1,256,split_learned_disk,9,1,-1,1967.48,425.46,425.46
573,3327.00,30.91118047,120.20133692,30.92867456,120.18465707,30.92867456,120.18465707,0.5333,2515.88,1,255,split_learned_disk,10,1,-1,2058.52,1070.27,1070.27
574,3333.00,30.92687794,120.22026123,30.92867456,120.18465707,30.92867456,120.18465707,0.5100,3405.88,1,768,split_learned_disk,9,1,-1,625.96,387.87,387.87
575,3339.00,30.92070009,120.19910496,30.92867456,120.18465707,30.92867456,120.18465707,0.5100,1640.61,1,534,split_learned_disk,9,1,-1,1704.81,381.89,381.89
576,3345.00,30.91312732,120.22569374,30.92867456,120.18465707,30.92867456,120.18465707,0.5100,4283.94,1,323,split_learned_disk,9,1,-1,1451.80,1122.23,1122.23
577,3350.00,30.91441962,120.22751998,30.92867456,120.18465707,30.91441962,120.22751998,0.5567,4390.01,1,379,split_learned_disk,11,1,-1,1403.20,1403.20,1403.20
578,3357.00,30.92699597,120.22366898,30.91441962,120.22751998,30.91441962,120.22751998,0.5333,1447.49,1,769,split_learned_disk,10,1,-1,946.77,412.74,412.74
579,3363.00,30.91441962,120.22751998,30.91441962,120.22751998,30.91441962,120.22751998,0.5567,0.00,0,379,split_learned_disk,11,1,-1,1655.83,1289.18,1289.18
580,3369.00,30.91441962,120.22751998,30.91441962,120.22751998,30.91441962,120.22751998,0.5567,0.00,0,379,split_learned_disk,11,1,-1,1748.37,861.83,861.83
581,3375.00,30.91441962,120.22751998,30.91441962,120.22751998,30.91441962,120.22751998,0.5567,0.00,0,379,split_learned_disk,11,1,-1,1835.79,1268.25,1268.25
582,3381.00,30.92672772,120.17884931,30.91441962,120.22751998,30.91441962,120.22751998,0.6033,4845.53,1,748,split_learned_disk,13,1,-1,2957.95,1483.73,1483.73
583,3387.00,30.92867456,120.18465707,30.91441962,120.22751998,30.91441962,120.22751998,0.5800,4390.01,1,807,split_learned_disk,12,1,-1,2316.90,464.28,464.28
584,3393.00,30.92370317,120.13703711,30.91441962,120.22751998,30.91441962,120.22751998,0.6267,8702.20,1,616,split_learned_disk,14,1,-1,6733.63,201.80,201.80
585,3399.00,30.92370317,120.13703711,30.91441962,120.22751998,30.91441962,120.22751998,0.6267,8702.20,1,616,split_learned_disk,14,1,-1,6638.13,258.62,258.62
586,3405.00,30.92667407,120.20553815,30.91441962,120.22751998,30.91441962,120.22751998,0.5567,2503.47,1,761,split_learned_disk,11,1,-1,380.38,380.38,380.38
587,3412.00,30.92370317,120.13703711,30.91441962,120.22751998,30.91441962,120.22751998,0.6267,8702.20,1,616,split_learned_disk,14,1,-1,6447.24,395.62,395.62
588,3418.00,30.92370317,120.13703711,30.91441962,120.22751998,30.91441962,120.22751998,0.6267,8702.20,1,616,split_learned_disk,14,1,-1,6351.91,1237.40,1237.40
589,3424.00,30.92370317,120.13703711,30.91441962,120.22751998,30.91441962,120.22751998,0.6267,8702.20,1,616,split_learned_disk,14,1,-1,6256.66,469.97,469.97
590,3430.00,30.92370317,120.13703711,30.91441962,120.22751998,30.91441962,120.22751998,0.6267,8702.20,1,616,split_learned_disk,14,1,-1,6161.33,2300.90,2300.90
591,3436.00,30.92370317,120.13703711,30.91441962,120.22751998,30.92370317,120.13703711,0.6267,8702.20,1,616,split_learned_disk,14,1,-1,6066.22,2136.61,2136.61
592,3442.00,30.92400362,120.14006961,30.92370317,120.13703711,30.92370317,120.13703711,0.5100,291.51,1,617,split_learned_disk,9,1,-1,5771.01,1603.20,1603.20
593,3448.00,30.92338127,120.22392460,30.92370317,120.13703711,30.92370317,120.13703711,0.6033,8297.35,1,658,split_learned_disk,13,1,-1,2530.06,2530.06,2530.06
594,3454.00,30.91875325,120.22659435,30.92370317,120.13703711,30.92370317,120.13703711,0.4400,8569.95,1,491,split_learned_disk,6,1,-1,2921.25,2002.38,2002.38
595,3460.00,30.91312732,120.21932309,30.92370317,120.13703711,30.92370317,120.13703711,0.4867,7945.56,1,320,split_learned_disk,8,1,-1,2696.57,494.60,494.60
596,3466.00,30.91262299,120.23624767,30.92370317,120.13703711,30.92370317,120.13703711,0.6967,9554.01,1,327,split_learned_disk,17,1,-1,4058.13,568.19,568.19
597,3472.00,30.91262299,120.23624767,30.92370317,120.13703711,30.92370317,120.13703711,0.6967,9554.01,1,327,split_learned_disk,17,1,-1,4155.49,654.68,654.68
598,3478.00,30.92327396,120.15828094,30.92370317,120.13703711,30.92370317,120.13703711,0.4633,2029.23,1,626,split_learned_disk,7,1,-1,3404.86,2029.71,2029.71
599,3484.00,30.92370317,120.13703711,30.92370317,120.13703711,30.92370317,120.13703711,0.6267,0.00,0,616,split_learned_disk,14,1,-1,5306.94,2053.72,2053.72
600,3490.00,30.92370317,120.13703711,30.92370317,120.13703711,30.92370317,120.13703711,0.6267,0.00,0,616,split_learned_disk,14,1,-1,5212.65,1628.31,1628.31
601,3496.00,30.92400362,120.14006961,30.92370317,120.13703711,30.92370317,120.13703711,0.5100,291.51,1,617,split_learned_disk,9,1,-1,4918.20,1979.73,1979.73
602,3502.00,30.92370317,120.13703711,30.92370317,120.13703711,30.92370317,120.13703711,0.6267,0.00,0,616,split_learned_disk,14,1,-1,5023.83,1881.75,1881.75
603,3508.00,30.92370317,120.13703711,30.92370317,120.13703711,30.92370317,120.13703711,0.6267,0.00,0,616,split_learned_disk,14,1,-1,4929.20,1786.77,1786.77
604,3514.00,30.92370317,120.13703711,30.92370317,120.13703711,30.92370317,120.13703711,0.6267,0.00,0,616,split_learned_disk,14,1,-1,4835.40,1940.97,1940.97
605,3520.00,30.93142618,120.16547714,30.92370317,120.13703711,30.92370317,120.13703711,0.5800,2848.69,1,853,split_learned_disk,12,1,-1,2173.67,2173.67,2173.67
606,3527.00,30.93514818,120.16375097,30.92370317,120.13703711,30.92370317,120.13703711,0.5333,2851.48,1,965,split_learned_disk,10,1,-1,2196.02,2196.02,2196.02
607,3533.00,30.93177422,120.13949422,30.92370317,120.13703711,30.92370317,120.13703711,0.5567,928.60,1,897,split_learned_disk,11,1,-1,4379.75,2470.17,2470.17
608,3539.00,30.92070009,120.19910496,30.92370317,120.13703711,30.92370317,120.13703711,0.5100,5936.56,1,534,split_learned_disk,9,1,-1,1752.73,622.89,622.89
609,3545.00,30.92414312,120.14805930,30.92370317,120.13703711,30.92370317,120.13703711,0.5567,1053.70,1,621,split_learned_disk,11,1,-1,3373.11,1901.77,1901.77
610,3551.00,30.93327039,120.14994101,30.92370317,120.13703711,30.92370317,120.13703711,0.5800,1628.72,1,958,split_learned_disk,12,1,-1,3145.02,785.48,785.48
611,3557.00,30.90852543,120.14147600,30.92370317,120.13703711,30.92370317,120.13703711,0.5800,1741.95,1,170,split_learned_disk,12,1,-1,4282.28,1362.68,1362.68
612,3563.00,30.92721525,120.16558266,30.92370317,120.13703711,30.92370317,120.13703711,0.5100,2753.84,1,798,split_learned_disk,9,1,-1,1171.61,1166.34,1166.34
613,3569.00,30.92370317,120.13703711,30.92370317,120.13703711,30.92370317,120.13703711,0.6267,0.00,0,616,split_learned_disk,14,1,-1,3899.89,3696.06,3696.06
614,3575.00,30.92370317,120.13703711,30.92370317,120.13703711,30.92370317,120.13703711,0.6267,0.00,0,616,split_learned_disk,14,1,-1,3806.63,2828.57,2828.57
615,3581.00,30.92687794,120.19094016,30.92370317,120.13703711,30.92370317,120.13703711,0.5800,5159.56,1,754,split_learned_disk,12,1,-1,1527.31,1527.31,1527.31
616,3587.00,30.93570010,120.16363840,30.92370317,120.13703711,30.92370317,120.13703711,0.5100,2869.94,1,1021,split_learned_disk,9,1,-1,1308.19,859.24,859.24
617,3593.00,30.91621624,120.22846356,30.92370317,120.13703711,30.92370317,120.13703711,0.5333,8770.41,1,436,split_learned_disk,10,1,-1,5484.06,2659.79,2659.79
618,3599.00,30.91687078,120.14685848,30.92370317,120.13703711,30.92370317,120.13703711,0.5333,1207.52,1,397,split_learned_disk,10,1,-1,2761.23,2722.96,2722.96
619,3605.00,30.90838593,120.17779859,30.92370317,120.13703711,30.92370317,120.13703711,0.5567,4249.58,1,188,split_learned_disk,11,1,-1,2302.04,2248.94,2248.94
620,3610.00,30.91262299,120.23624767,30.92370317,120.13703711,30.92370317,120.13703711,0.6967,9554.01,1,327,split_learned_disk,17,1,-1,6459.59,3231.57,3231.57
621,3616.00,30.91312732,120.22569374,30.92370317,120.13703711,30.92370317,120.13703711,0.5100,8547.68,1,323,split_learned_disk,9,1,-1,5790.32,3320.08,3320.08
622,3622.00,30.91696736,120.23309008,30.92370317,120.13703711,30.92370317,120.13703711,0.5567,9203.12,1,438,split_learned_disk,11,1,-1,6357.60,5321.60,5321.60
623,3628.00,30.92641654,120.21336523,30.92370317,120.13703711,30.92370317,120.13703711,0.5100,7295.17,1,765,split_learned_disk,9,1,-1,4494.25,393.17,393.17
624,3634.00,30.92554739,120.20731980,30.92370317,120.13703711,30.92554739,120.20731980,0.6267,6714.75,1,762,split_learned_disk,14,1,-1,3991.53,917.66,917.66
625,3640.00,30.90531847,120.19931761,30.92554739,120.20731980,30.92554739,120.20731980,0.4633,2378.01,1,86,split_learned_disk,7,1,-1,4248.05,1291.17,1291.17
626,3646.00,30.93338375,120.17968737,30.92554739,120.20731980,30.92554739,120.20731980,0.6267,2779.20,1,916,split_learned_disk,14,1,-1,1402.08,1013.77,1013.77
627,3652.00,30.92404654,120.17040931,30.92554739,120.20731980,30.92554739,120.20731980,0.5567,3528.70,1,632,split_learned_disk,11,1,-1,994.34,994.34,994.34
628,3657.00,30.91320243,120.20942667,30.92554739,120.20731980,30.92554739,120.20731980,0.5100,1388.89,1,315,split_learned_disk,9,1,-1,4961.82,1961.84,1961.84
629,3663.00,30.90590864,120.21727877,30.92554739,120.20731980,30.92554739,120.20731980,0.5100,2384.08,1,95,split_learned_disk,9,1,-1,6121.59,1974.84,1974.84
630,3669.00,30.90711509,120.25167667,30.92554739,120.20731980,30.92554739,120.20731980,0.6967,4706.65,1,167,split_learned_disk,17,1,-1,9127.13,6211.87,6211.87
631,3675.00,30.91621624,120.22846356,30.92554739,120.20731980,30.92554739,120.20731980,0.5333,2270.64,1,436,split_learned_disk,10,1,-1,6840.63,4251.46,4251.46
632,3681.00,30.91312732,120.22569374,30.92554739,120.20731980,30.92554739,120.20731980,0.5100,2233.89,1,323,split_learned_disk,9,1,-1,6851.82,5362.51,5362.51
633,3687.00,30.91262299,120.23624767,30.92554739,120.20731980,30.92554739,120.20731980,0.6967,3114.66,1,327,split_learned_disk,17,1,-1,7714.77,4171.93,4171.93
634,3692.00,30.91262299,120.23624767,30.92554739,120.20731980,30.91262299,120.23624767,0.6967,3114.66,1,327,split_learned_disk,17,1,-1,7812.76,4076.51,4076.51
635,3699.00,30.90711509,120.24329922,30.91262299,120.23624767,30.91262299,120.23624767,0.5333,910.71,1,163,split_learned_disk,10,1,-1,8844.71,1507.24,1507.24
636,3705.00,30.92338127,120.22392460,30.91262299,120.23624767,30.91262299,120.23624767,0.6033,1679.02,1,658,split_learned_disk,13,1,-1,6786.49,1604.94,1604.94
637,3711.00,30.92338127,120.22392460,30.91262299,120.23624767,30.91262299,120.23624767,0.6033,1679.02,1,658,split_learned_disk,13,1,-1,6882.62,5355.48,5355.48
638,3717.00,30.91312732,120.22569374,30.91262299,120.23624767,30.91262299,120.23624767,0.5100,1009.40,1,323,split_learned_disk,9,1,-1,7429.16,4424.07,4424.07
639,3723.00,30.92214262,120.23891036,30.91262299,120.23624767,30.91262299,120.23624767,0.5333,1089.80,1,609,split_learned_disk,10,1,-1,8490.51,4843.90,4843.90
640,3729.00,30.91441962,120.22751998,30.91262299,120.23624767,30.91262299,120.23624767,0.5567,857.11,1,379,split_learned_disk,11,1,-1,7567.53,2115.55,2115.55
641,3735.00,30.92106959,120.23007716,30.91262299,120.23624767,30.91262299,120.23624767,0.5100,1109.65,1,604,split_learned_disk,9,1,-1,7696.26,5631.50,5631.50
642,3740.00,30.91118047,120.20133692,30.91262299,120.23624767,30.91262299,120.23624767,0.5333,3337.65,1,255,split_learned_disk,10,1,-1,5633.77,2109.34,2109.34
643,3746.00,30.92315593,120.21692308,30.91262299,120.23624767,30.91262299,120.23624767,0.4400,2186.39,1,654,split_learned_disk,6,1,-1,6673.64,2206.51,2206.51
644,3752.00,30.92315593,120.21692308,30.91262299,120.23624767,30.92315593,120.21692308,0.4400,2186.39,1,654,split_learned_disk,6,1,-1,6769.71,3199.94,3199.94
645,3758.00,30.91118047,120.20133692,30.92315593,120.21692308,30.92315593,120.21692308,0.5333,1998.12,1,255,split_learned_disk,10,1,-1,6004.28,883.84,883.84
646,3764.00,30.92433020,120.15592390,30.92315593,120.21692308,30.92315593,120.21692308,0.5333,5826.55,1,681,split_learned_disk,10,1,-1,1458.09,759.93,759.93
647,3770.00,30.93122697,120.20287546,30.92315593,120.21692308,30.92315593,120.21692308,0.5567,1614.55,1,927,split_learned_disk,11,1,-1,5674.10,570.66,570.66
648,3832.00,30.91312732,120.22569374,30.92315593,120.21692308,30.92315593,120.21692308,0.5100,1395.64,1,323,split_learned_disk,9,1,-1,8321.01,1616.01,1616.01
649,3836.00,30.92338127,120.22392460,30.92315593,120.21692308,30.92315593,120.21692308,0.6033,669.08,1,658,split_learned_disk,13,1,-1,7818.25,2785.79,2785.79
650,3840.00,30.92338127,120.22392460,30.92315593,120.21692308,30.92315593,120.21692308,0.6033,669.08,1,658,split_learned_disk,13,1,-1,7722.12,5977.20,5977.20
651,3844.00,30.92386413,120.24103680,30.92315593,120.21692308,30.92315593,120.21692308,0.5800,2304.08,1,665,split_learned_disk,12,1,-1,9019.00,2494.85,2494.85
652,3848.00,30.92338127,120.22392460,30.92315593,120.21692308,30.92315593,120.21692308,0.6033,669.08,1,658,split_learned_disk,13,1,-1,7528.74,2495.90,2495.90
653,3852.00,30.91621624,120.22846356,30.92315593,120.21692308,30.92315593,120.21692308,0.5333,1345.85,1,436,split_learned_disk,10,1,-1,7943.85,1857.72,1857.72
654,3856.00,30.90184793,120.15644925,30.92315593,120.21692308,30.90184793,120.15644925,0.5100,6243.08,1,9,split_learned_disk,9,1,-1,2986.35,2918.54,2918.54
655,3860.00,30.90371499,120.16300046,30.90184793,120.15644925,30.90184793,120.15644925,0.4867,659.23,1,13,split_learned_disk,8,1,-1,3215.15,3215.15,3215.15
656,3864.00,30.92478087,120.16365797,30.90184793,120.15644925,30.90184793,120.15644925,0.4867,2644.08,1,684,split_learned_disk,8,1,-1,1204.85,1204.85,1204.85
657,3868.00,30.91250496,120.22444996,30.90184793,120.15644925,30.90184793,120.15644925,0.5567,6601.17,1,322,split_learned_disk,11,1,-1,7256.11,221.91,221.91
658,3872.00,30.93142618,120.16547714,30.90184793,120.15644925,30.90184793,120.15644925,0.5800,3403.64,1,853,split_learned_disk,12,1,-1,1130.49,543.82,543.82
659,3876.00,30.92742518,120.23256473,30.90184793,120.15644925,30.90184793,120.15644925,0.4867,7806.38,1,774,split_learned_disk,8,1,-1,7626.40,854.72,854.72
660,3880.00,30.91312732,120.21932309,30.90184793,120.15644925,30.90184793,120.15644925,0.4867,6133.99,1,320,split_learned_disk,8,1,-1,6579.40,2485.83,2485.83
661,3884.00,30.90711509,120.25167667,30.90184793,120.15644925,30.90184793,120.15644925,0.6967,9112.57,1,167,split_learned_disk,17,1,-1,9536.86,2098.74,2098.74
662,3888.00,30.91356726,120.18877074,30.90184793,120.15644925,30.90184793,120.15644925,0.5800,3350.91,1,305,split_learned_disk,12,1,-1,3601.26,2908.06,2908.06
663,3892.00,30.90891172,120.17627962,30.90184793,120.15644925,30.90184793,120.15644925,0.5333,2050.46,1,187,split_learned_disk,10,1,-1,2828.42,1913.50,1913.50
664,3896.00,30.90711509,120.25167667,30.90184793,120.15644925,30.90711509,120.25167667,0.6967,9112.57,1,167,split_learned_disk,17,1,-1,9245.59,1613.74,1613.74
665,3900.00,30.91696736,120.23309008,30.90711509,120.25167667,30.90711509,120.25167667,0.5567,2086.43,1,438,split_learned_disk,11,1,-1,7171.47,6673.90,6673.90
666,3904.00,30.91696736,120.23309008,30.90711509,120.25167667,30.90711509,120.25167667,0.5567,2086.43,1,438,split_learned_disk,11,1,-1,7075.56,4016.55,4016.55
667,3907.00,30.91696736,120.23309008,30.90711509,120.25167667,30.90711509,120.25167667,0.5567,2086.43,1,438,split_learned_disk,11,1,-1,6977.60,3918.64,3918.64
668,3911.00,30.92641654,120.21336523,30.90711509,120.25167667,30.90711509,120.25167667,0.5100,4242.82,1,765,split_learned_disk,9,1,-1,4964.11,3778.13,3778.13
669,3915.00,30.91283760,120.20410674,30.90711509,120.25167667,30.90711509,120.25167667,0.5333,4587.11,1,312,split_learned_disk,10,1,-1,4204.16,3757.88,3757.88
670,3919.00,30.91696736,120.23309008,30.90711509,120.25167667,30.90711509,120.25167667,0.5567,2086.43,1,438,split_learned_disk,11,1,-1,6687.82,4772.77,4772.77
671,3923.00,30.91696736,120.23309008,30.90711509,120.25167667,30.90711509,120.25167667,0.5567,2086.43,1,438,split_learned_disk,11,1,-1,6589.85,1055.11,1055.11
672,3927.00,30.92338127,120.22392460,30.90711509,120.25167667,30.90711509,120.25167667,0.6033,3209.71,1,658,split_learned_disk,13,1,-1,5595.35,5439.51,5439.51
673,3931.00,30.92338127,120.22392460,30.90711509,120.25167667,30.90711509,120.25167667,0.6033,3209.71,1,658,split_learned_disk,13,1,-1,5499.31,5286.19,5286.19
674,3934.00,30.92667407,120.20553815,30.90711509,120.25167667,30.92667407,120.20553815,0.5567,4914.60,1,761,split_learned_disk,11,1,-1,3590.90,3590.90,3590.90
675,3938.00,30.92370317,120.13703711,30.92667407,120.20553815,30.92667407,120.20553815,0.6267,6549.82,1,616,split_learned_disk,14,1,-1,3124.14,1459.20,1459.20
676,3942.00,30.92370317,120.13703711,30.92667407,120.20553815,30.92667407,120.20553815,0.6267,6549.82,1,616,split_learned_disk,14,1,-1,3216.74,1401.70,1401.70
677,3946.00,30.92386413,120.24103680,30.92667407,120.20553815,30.92667407,120.20553815,0.5800,3404.33,1,665,split_learned_disk,12,1,-1,6511.72,3477.83,3477.83
678,3950.00,30.92386413,120.24103680,30.92667407,120.20553815,30.92667407,120.20553815,0.5800,3404.33,1,665,split_learned_disk,12,1,-1,6415.29,3386.01,3386.01
679,3954.00,30.92294133,120.24271132,30.92667407,120.20553815,30.92667407,120.20553815,0.5567,3574.07,1,667,split_learned_disk,11,1,-1,6718.57,3294.55,3294.55
680,3958.00,30.92294133,120.24271132,30.92667407,120.20553815,30.92667407,120.20553815,0.5567,3574.07,1,667,split_learned_disk,11,1,-1,6527.29,3132.52,3132.52
681,3962.00,30.91875325,120.22659435,30.92667407,120.20553815,30.92667407,120.20553815,0.4400,2195.58,1,491,split_learned_disk,6,1,-1,4900.39,796.81,796.81
682,3966.00,30.92338127,120.22392460,30.92667407,120.20553815,30.92667407,120.20553815,0.6033,1793.66,1,658,split_learned_disk,13,1,-1,4536.76,3931.28,3931.28
683,3970.00,30.92847069,120.21389058,30.92667407,120.20553815,30.92667407,120.20553815,0.4867,822.30,1,821,split_learned_disk,8,1,-1,3458.68,2746.64,2746.64
684,3974.00,30.92847069,120.21389058,30.92667407,120.20553815,30.92847069,120.21389058,0.4867,822.30,1,821,split_learned_disk,8,1,-1,3365.17,1472.22,1472.22
685,3978.00,30.93142618,120.16547714,30.92847069,120.21389058,30.92847069,120.21389058,0.5800,4634.91,1,853,split_learned_disk,12,1,-1,1678.52,948.47,948.47
686,3982.00,30.92699597,120.22366898,30.92847069,120.21389058,30.92847069,120.21389058,0.5333,948.10,1,769,split_learned_disk,10,1,-1,3956.67,2441.13,2441.13
687,3986.00,30.92699597,120.22366898,30.92847069,120.21389058,30.92847069,120.21389058,0.5333,948.10,1,769,split_learned_disk,10,1,-1,3862.82,860.38,860.38
688,3990.00,30.92386413,120.24103680,30.92847069,120.21389058,30.92847069,120.21389058,0.5800,2642.55,1,665,split_learned_disk,12,1,-1,5359.68,3760.29,3760.29
689,3994.00,30.92667407,120.20553815,30.92847069,120.21389058,30.92847069,120.21389058,0.5567,822.30,1,761,split_learned_disk,11,1,-1,2084.18,2084.18,2084.18
690,3998.00,30.92667407,120.20553815,30.92847069,120.21389058,30.92847069,120.21389058,0.5567,822.30,1,761,split_learned_disk,11,1,-1,1993.17,1993.17,1993.17
691,4001.00,30.92294133,120.24271132,30.92847069,120.21389058,30.92847069,120.21389058,0.5567,2820.21,1,667,split_learned_disk,11,1,-1,5472.19,1900.89,1900.89
692,4005.00,30.92386413,120.24103680,30.92847069,120.21389058,30.92847069,120.21389058,0.5800,2642.55,1,665,split_learned_disk,12,1,-1,4976.48,4976.48,4976.48
693,4009.00,30.92072623,120.21945524,30.92847069,120.21389058,30.92847069,120.21389058,0.5800,1012.73,1,599,split_learned_disk,12,1,-1,2890.35,2754.97,2754.97
694,4013.00,30.92214262,120.23891036,30.92847069,120.21389058,30.92214262,120.23891036,0.5333,2490.93,1,609,split_learned_disk,10,1,-1,4790.01,187.74,187.74
695,4017.00,30.90531847,120.19931761,30.92214262,120.23891036,30.92214262,120.23891036,0.4633,4219.33,1,86,split_learned_disk,7,1,-1,2180.39,2180.39,2180.39
696,4021.00,30.91312732,120.21932309,30.92214262,120.23891036,30.92214262,120.23891036,0.4867,2122.70,1,320,split_learned_disk,8,1,-1,3033.00,814.30,814.30
697,4025.00,30.91696736,120.23309008,30.92214262,120.23891036,30.92214262,120.23891036,0.5567,800.51,1,438,split_learned_disk,11,1,-1,3971.64,3495.87,3495.87
698,4029.00,30.91696736,120.23309008,30.92214262,120.23891036,30.92214262,120.23891036,0.5567,800.51,1,438,split_learned_disk,11,1,-1,3875.78,3402.14,3402.14
699,4033.00,30.91696736,120.23309008,30.92214262,120.23891036,30.92214262,120.23891036,0.5567,800.51,1,438,split_learned_disk,11,1,-1,3777.78,3304.74,3304.74
700,4037.00,30.92641654,120.21336523,30.92214262,120.23891036,30.92214262,120.23891036,0.5100,2485.38,1,765,split_learned_disk,9,1,-1,1876.69,427.42,427.42
701,4041.00,30.90711509,120.24329922,30.92214262,120.23891036,30.92214262,120.23891036,0.5333,1724.57,1,163,split_learned_disk,10,1,-1,4822.76,329.45,329.45
702,4045.00,30.91250496,120.22444996,30.92214262,120.23891036,30.92214262,120.23891036,0.5567,1748.68,1,322,split_learned_disk,11,1,-1,2834.80,2672.54,2672.54
703,4048.00,30.92338127,120.22392460,30.92214262,120.23891036,30.92214262,120.23891036,0.6033,1437.68,1,658,split_learned_disk,13,1,-1,2529.87,936.80,936.80
704,4052.00,30.92106959,120.23007716,30.92214262,120.23891036,30.92106959,120.23007716,0.5100,851.94,1,604,split_learned_disk,9,1,-1,2830.70,844.52,844.52
705,4056.00,30.92315593,120.21692308,30.92106959,120.23007716,30.92106959,120.23007716,0.4400,1277.43,1,654,split_learned_disk,6,1,-1,1544.94,755.71,755.71
706,4060.00,30.93327039,120.14994101,30.92106959,120.23007716,30.92106959,120.23007716,0.5800,7772.15,1,958,split_learned_disk,12,1,-1,5154.07,2917.98,2917.98
707,4064.00,30.92718912,120.15311655,30.92106959,120.23007716,30.92106959,120.23007716,0.6967,7380.82,1,736,split_learned_disk,17,1,-1,4695.92,1626.95,1626.95
708,4068.00,30.92699597,120.22366898,30.92106959,120.23007716,30.92106959,120.23007716,0.5333,899.84,1,769,split_learned_disk,10,1,-1,1953.44,879.52,879.52
709,4072.00,30.90651420,120.22583133,30.92106959,120.23007716,30.92106959,120.23007716,0.5100,1670.26,1,155,split_learned_disk,9,1,-1,2656.77,346.74,346.74
710,4076.00,30.93945430,120.14276982,30.92106959,120.23007716,30.92106959,120.23007716,0.4867,8584.88,1,1123,split_learned_disk,8,1,-1,6291.35,1902.68,1902.68
711,4080.00,30.90891172,120.17627962,30.92106959,120.23007716,30.92106959,120.23007716,0.5333,5312.65,1,187,split_learned_disk,10,1,-1,3131.52,1527.04,1527.04
712,4084.00,30.92294739,120.24473769,30.92106959,120.23007716,30.92106959,120.23007716,0.4867,1415.52,1,611,split_learned_disk,8,1,-1,3467.78,1739.44,1739.44
713,4088.00,30.91789483,120.15114727,30.92106959,120.23007716,30.92106959,120.23007716,0.5100,7545.65,1,455,split_learned_disk,9,1,-1,5532.22,788.14,788.14
714,4092.00,30.92867456,120.18465707,30.92106959,120.23007716,30.92867456,120.18465707,0.5800,4419.21,1,807,split_learned_disk,12,1,-1,2593.46,638.72,638.72
715,4096.00,30.92386413,120.24103680,30.92867456,120.18465707,30.92867456,120.18465707,0.5800,5410.52,1,665,split_learned_disk,12,1,-1,2707.71,1095.35,1095.35
716,4100.00,30.92469503,120.22918905,30.92867456,120.18465707,30.92867456,120.18465707,0.5100,4275.57,1,716,split_learned_disk,9,1,-1,1686.59,301.00,301.00
717,4104.00,30.92294133,120.24271132,30.92867456,120.18465707,30.92867456,120.18465707,0.5567,5580.47,1,667,split_learned_disk,11,1,-1,2919.30,231.74,231.74
718,4108.00,30.90553308,120.25148359,30.92867456,120.18465707,30.92867456,120.18465707,0.6267,6881.91,1,110,split_learned_disk,14,1,-1,3756.18,445.78,445.78
719,4112.00,30.91756219,120.21104571,30.92867456,120.18465707,30.92867456,120.18465707,0.5333,2807.22,1,484,split_learned_disk,10,1,-1,347.11,347.11,347.11
720,4116.00,30.91756219,120.21104571,30.92867456,120.18465707,30.92867456,120.18465707,0.5333,2807.22,1,484,split_learned_disk,10,1,-1,427.30,427.30,427.30
721,4120.00,30.91756219,120.21104571,30.92867456,120.18465707,30.92867456,120.18465707,0.5333,2807.22,1,484,split_learned_disk,10,1,-1,509.72,509.72,509.72
722,4124.00,30.92699597,120.22366898,30.92867456,120.18465707,30.92867456,120.18465707,0.5333,3730.10,1,769,split_learned_disk,10,1,-1,960.56,666.03,666.03
723,4127.00,30.90891172,120.17627962,30.92867456,120.18465707,30.92867456,120.18465707,0.5333,2340.94,1,187,split_learned_disk,10,1,-1,4228.37,966.56,966.56
724,4131.00,30.91696736,120.23309008,30.92867456,120.18465707,30.91696736,120.23309008,0.5567,4805.19,1,438,split_learned_disk,11,1,-1,1261.33,938.95,938.95
725,4135.00,30.91312732,120.22569374,30.91696736,120.23309008,30.91696736,120.23309008,0.5100,825.59,1,323,split_learned_disk,9,1,-1,860.63,860.63,860.63
726,4139.00,30.91696736,120.23309008,30.91696736,120.23309008,30.91696736,120.23309008,0.5567,0.00,0,438,split_learned_disk,11,1,-1,1065.23,676.92,676.92
727,4143.00,30.91696736,120.23309008,30.91696736,120.23309008,30.91696736,120.23309008,0.5567,0.00,0,438,split_learned_disk,11,1,-1,969.94,696.10,696.10
728,4147.00,30.93570010,120.16363840,30.91696736,120.23309008,30.91696736,120.23309008,0.5100,6952.36,1,1021,split_learned_disk,9,1,-1,6087.08,1006.91,1006.91
729,4151.00,30.91070834,120.21397814,30.91696736,120.23309008,30.91696736,120.23309008,0.5100,1953.56,1,261,split_learned_disk,9,1,-1,1329.17,1022.40,1022.40
730,4155.00,30.91084783,120.21110826,30.91696736,120.23309008,30.91696736,120.23309008,0.4867,2206.91,1,260,split_learned_disk,8,1,-1,1562.17,990.81,990.81
731,4159.00,30.90545796,120.15144041,30.91696736,120.23309008,30.91696736,120.23309008,0.5100,7901.66,1,64,split_learned_disk,9,1,-1,7174.98,357.99,357.99
732,4163.00,30.91596944,120.21964832,30.91696736,120.23309008,30.91696736,120.23309008,0.5567,1288.41,1,432,split_learned_disk,11,1,-1,755.31,540.80,540.80
733,4167.00,30.92338127,120.22392460,30.91696736,120.23309008,30.91696736,120.23309008,0.6033,1129.54,1,658,split_learned_disk,13,1,-1,795.39,795.39,795.39
734,4171.00,30.92338127,120.22392460,30.91696736,120.23309008,30.91696736,120.23309008,0.6033,1129.54,1,658,split_learned_disk,13,1,-1,860.06,713.27,713.27
735,4175.00,30.92717839,120.22388707,30.91696736,120.23309008,30.91696736,120.23309008,0.5333,1436.81,1,770,split_learned_disk,10,1,-1,1265.06,878.45,878.45
736,4179.00,30.91696736,120.23309008,30.91696736,120.23309008,30.91696736,120.23309008,0.5567,0.00,0,438,split_learned_disk,11,1,1,119.20,119.20,119.20
737,4183.00,30.91250496,120.22444996,30.91696736,120.23309008,30.91696736,120.23309008,0.5567,963.08,1,322,split_learned_disk,11,1,-1,940.60,563.72,563.72
738,4187.00,30.93809761,120.13601141,30.91696736,120.23309008,30.91696736,120.23309008,0.4633,9564.24,1,1064,split_learned_disk,7,1,-1,9602.49,1141.03,1141.03
739,4191.00,30.91441962,120.22751998,30.91696736,120.23309008,30.91696736,120.23309008,0.5567,602.80,1,379,split_learned_disk,11,1,-1,840.58,840.58,840.58
740,4195.00,30.92699597,120.22366898,30.91696736,120.23309008,30.91696736,120.23309008,0.5333,1433.77,1,769,split_learned_disk,10,1,-1,1763.70,912.35,912.35
741,4199.00,30.91596944,120.21964832,30.91696736,120.23309008,30.91696736,120.23309008,0.5567,1288.41,1,432,split_learned_disk,11,1,-1,1598.46,1264.24,1264.24
742,4203.00,30.91814162,120.14556466,30.91696736,120.23309008,30.91696736,120.23309008,0.5333,8359.21,1,452,split_learned_disk,10,1,-1,8896.73,1906.93,1906.93
743,4206.00,30.91814162,120.14556466,30.91696736,120.23309008,30.91696736,120.23309008,0.5333,8359.21,1,452,split_learned_disk,10,1,-1,8992.47,192.34,192.34
744,4210.00,30.92493109,120.22595642,30.91696736,120.23309008,30.91696736,120.23309008,0.4867,1118.03,1,715,split_learned_disk,8,1,-1,1662.85,1176.67,1176.67
745,4214.00,30.92106959,120.23007716,30.91696736,120.23309008,30.91696736,120.23309008,0.5100,539.74,1,604,split_learned_disk,9,1,-1,1355.65,1269.31,1269.31
746,4218.00,30.92386413,120.24103680,30.91696736,120.23309008,30.92386413,120.24103680,0.5800,1079.50,1,665,split_learned_disk,12,1,-1,963.34,963.34,963.34
747,4222.00,30.92370317,120.13703711,30.92386413,120.24103680,30.92386413,120.24103680,0.6267,9931.41,1,616,split_learned_disk,14,1,-1,10306.29,600.79,600.79
748,4226.00,30.90615543,120.16506436,30.92386413,120.24103680,30.90618080,120.16517321,0.8133,7518.01,0,69,split_learned_disk,22,1,-1,7836.88,2366.31,2366.31
749,4230.00,30.92414312,120.14805930,30.90424757,120.15687942,30.90424757,120.15687942,0.5567,2369.52,1,621,split_learned_disk,11,1,-1,9504.95,426.96,426.96
750,4234.00,30.91518146,120.17160307,30.90231434,120.14858564,30.90231434,120.14858564,0.5800,2623.56,1,353,split_learned_disk,12,1,-1,7153.54,448.79,448.79
751,4238.00,30.91250496,120.22444996,30.90038111,120.14029185,30.90038111,120.14029185,0.5567,8149.17,1,322,split_learned_disk,11,1,-1,2259.84,948.04,948.04
752,4301.00,30.91250496,120.22444996,30.86993275,120.00966471,30.86993275,120.00966471,0.5567,21051.18,1,322,split_learned_disk,11,1,-1,2249.91,2075.73,2075.73
753,4307.00,30.92338127,120.22392460,30.86703290,119.99722404,30.86703290,119.99722404,0.6033,22539.09,1,658,split_learned_disk,13,1,-1,2487.44,1182.56,1182.56
754,4313.00,30.91250496,120.22444996,30.86413306,119.98478336,30.86413306,119.98478336,0.5567,23511.76,1,322,split_learned_disk,11,1,-1,2058.04,340.83,340.83
755,4319.00,30.91250496,120.22444996,30.86123322,119.97234268,30.86123322,119.97234268,0.5567,24742.16,1,322,split_learned_disk,11,1,-1,1962.45,1804.69,1804.69
756,4325.00,30.91115901,120.15506081,30.85833337,119.95990200,30.85833337,119.95990200,0.5100,19542.34,1,233,split_learned_disk,9,1,-1,8469.54,762.72,762.72
757,4331.00,30.92328470,120.15324164,30.85543353,119.94746132,30.85543353,119.94746132,0.6033,21052.50,1,624,split_learned_disk,13,1,-1,8652.04,1627.03,1627.03
758,4337.00,30.91138434,120.19379754,30.85253368,119.93502064,30.91138434,120.19379754,0.5333,25565.41,1,251,split_learned_disk,10,1,-1,4682.29,1541.26,1541.26
759,4343.00,30.91314878,120.16226953,30.91138434,120.19379754,30.91138434,120.19379754,0.4867,3017.15,1,292,split_learned_disk,8,1,-1,7580.64,545.24,545.24
760,4349.00,30.91250496,120.22444996,30.91138434,120.19379754,30.91138434,120.19379754,0.5567,2929.79,1,322,split_learned_disk,11,1,-1,1486.96,1370.75,1370.75
761,4355.00,30.90891172,120.17627962,30.91138434,120.19379754,30.91138434,120.19379754,0.5333,1695.36,1,187,split_learned_disk,10,1,-1,6009.34,1591.91,1591.91
762,4361.00,30.90891172,120.17627962,30.91138434,120.19379754,30.91138434,120.19379754,0.5333,1695.36,1,187,split_learned_disk,10,1,-1,5916.04,577.07,577.07
763,4366.00,30.91250496,120.22444996,30.91138434,120.19379754,30.91138434,120.19379754,0.5567,2929.79,1,322,split_learned_disk,11,1,-1,1204.64,624.35,624.35
764,4372.00,30.90184793,120.15644925,30.91138434,120.19379754,30.91138434,120.19379754,0.5100,3721.19,1,9,split_learned_disk,9,1,-1,7787.48,4748.47,4748.47
765,4378.00,30.92370317,120.13703711,30.91138434,120.19379754,30.91138434,120.19379754,0.6267,5591.09,1,616,split_learned_disk,14,1,-1,9464.08,4650.83,4650.83
766,4384.00,30.90184793,120.15644925,30.91138434,120.19379754,30.91138434,120.19379754,0.5100,3721.19,1,9,split_learned_disk,9,1,-1,7603.71,4554.71,4554.71
767,4390.00,30.90928728,120.14422625,30.91138434,120.19379754,30.91138434,120.19379754,0.5333,4739.54,1,172,split_learned_disk,10,1,-1,8437.83,1881.79,1881.79
768,4396.00,30.92478087,120.16365797,30.91138434,120.19379754,30.92478087,120.16365797,0.4867,3241.57,1,684,split_learned_disk,8,1,-1,6825.36,1728.04,1728.04
769,4401.00,30.93514818,120.16375097,30.92478087,120.16365797,30.92478087,120.16365797,0.5333,1154.12,1,965,split_learned_disk,10,1,-1,6781.00,2054.24,2054.24
770,4407.00,30.93514818,120.16375097,30.92478087,120.16365797,30.92478087,120.16365797,0.5333,1154.12,1,965,split_learned_disk,10,1,-1,6593.03,4071.08,4071.08
771,4413.00,30.93514818,120.16375097,30.92478087,120.16365797,30.92478087,120.16365797,0.5333,1154.12,1,965,split_learned_disk,10,1,-1,6499.14,3974.96,3974.96
772,4419.00,30.93514818,120.16375097,30.92478087,120.16365797,30.92478087,120.16365797,0.5333,1154.12,1,965,split_learned_disk,10,1,-1,6401.63,1424.33,1424.33
773,4425.00,30.93514818,120.16375097,30.92478087,120.16365797,30.92478087,120.16365797,0.5333,1154.12,1,965,split_learned_disk,10,1,-1,6307.84,754.67,754.67
774,4430.00,30.92400362,120.14006961,30.92478087,120.16365797,30.92478087,120.16365797,0.5100,2254.22,1,617,split_learned_disk,9,1,-1,8299.07,2136.13,2136.13
775,4436.00,30.90553308,120.25148359,30.92478087,120.16365797,30.92478087,120.16365797,0.6267,8656.24,1,110,split_learned_disk,14,1,-1,2693.09,617.54,617.54
776,4442.00,30.90934093,120.20405671,30.92478087,120.16365797,30.92478087,120.16365797,0.5100,4223.42,1,200,split_learned_disk,9,1,-1,2009.07,828.01,828.01
777,4448.00,30.91393675,120.16785920,30.92478087,120.16365797,30.92478087,120.16365797,0.6033,1272.09,1,350,split_learned_disk,13,1,-1,5368.63,881.08,881.08
778,4454.00,30.91518146,120.17160307,30.92478087,120.16365797,30.91518146,120.17160307,0.5800,1310.56,1,353,split_learned_disk,12,1,-1,4674.37,343.06,343.06
779,4460.00,30.91441962,120.22751998,30.91518146,120.17160307,30.91518146,120.17160307,0.5567,5340.43,1,379,split_learned_disk,11,1,-1,656.23,265.64,265.64
780,4466.00,30.92386413,120.24103680,30.91518146,120.17160307,30.91518146,120.17160307,0.5800,6700.62,1,665,split_learned_disk,12,1,-1,2071.87,331.17,331.17
781,4472.00,30.92370317,120.13703711,30.91518146,120.17160307,30.91518146,120.17160307,0.6267,3434.47,1,616,split_learned_disk,14,1,-1,7820.62,635.21,635.21
782,4478.00,30.92370317,120.13703711,30.91518146,120.17160307,30.91518146,120.17160307,0.6267,3434.47,1,616,split_learned_disk,14,1,-1,7724.50,322.57,322.57
783,4484.00,30.92370317,120.13703711,30.91518146,120.17160307,30.91518146,120.17160307,0.6267,3434.47,1,616,split_learned_disk,14,1,-1,7627.31,228.32,228.32
784,4490.00,30.92370317,120.13703711,30.91518146,120.17160307,30.91518146,120.17160307,0.6267,3434.47,1,616,split_learned_disk,14,1,-1,7531.19,772.41,772.41
785,4496.00,30.92414312,120.14805930,30.91518146,120.17160307,30.91518146,120.17160307,0.5567,2459.69,1,621,split_learned_disk,11,1,-1,6439.00,1402.35,1402.35
786,4502.00,30.93245022,120.16045580,30.91518146,120.17160307,30.91518146,120.17160307,0.5333,2197.41,1,908,split_learned_disk,10,1,-1,5185.38,2160.00,2160.00
787,4508.00,30.93245022,120.16045580,30.91518146,120.17160307,30.91518146,120.17160307,0.5333,2197.41,1,908,split_learned_disk,10,1,-1,5087.83,392.78,392.78
788,4513.00,30.91696736,120.23309008,30.91518146,120.17160307,30.91696736,120.23309008,0.5567,5875.03,1,438,split_learned_disk,11,1,-1,2090.23,953.38,953.38
789,4519.00,30.91696736,120.23309008,30.91696736,120.23309008,30.91696736,120.23309008,0.5567,0.00,0,438,split_learned_disk,11,1,-1,2187.17,1682.41,1682.41
790,4525.00,30.92867456,120.18465707,30.91696736,120.23309008,30.91696736,120.23309008,0.5800,4805.19,1,807,split_learned_disk,12,1,-1,2615.81,1336.81,1336.81
791,4531.00,30.91250496,120.22444996,30.91696736,120.23309008,30.91696736,120.23309008,0.5567,963.08,1,322,split_learned_disk,11,1,-1,1685.78,918.16,918.16
792,4537.00,30.91250496,120.22444996,30.91696736,120.23309008,30.91696736,120.23309008,0.5567,963.08,1,322,split_learned_disk,11,1,-1,1782.90,898.23,898.23
793,4543.00,30.91312732,120.22569374,30.91696736,120.23309008,30.91696736,120.23309008,0.5100,825.59,1,323,split_learned_disk,9,1,-1,2065.21,1221.59,1221.59
794,4549.00,30.91696736,120.23309008,30.91696736,120.23309008,30.91696736,120.23309008,0.5567,0.00,0,438,split_learned_disk,11,1,-1,2670.78,2162.90,2162.90
795,4555.00,30.91696736,120.23309008,30.91696736,120.23309008,30.91696736,120.23309008,0.5567,0.00,0,438,split_learned_disk,11,1,-1,2766.91,550.73,550.73
796,4561.00,30.91312732,120.21932309,30.91696736,120.23309008,30.91696736,120.23309008,0.4867,1382.42,1,320,split_learned_disk,8,1,-1,1791.13,1554.82,1554.82
797,4566.00,30.93570010,120.16363840,30.91696736,120.23309008,30.91696736,120.23309008,0.5100,6952.36,1,1021,split_learned_disk,9,1,-1,4109.80,1458.19,1458.19
798,4572.00,30.93225708,120.15704966,30.91696736,120.23309008,30.91696736,120.23309008,0.4867,7458.25,1,905,split_learned_disk,8,1,-1,4600.44,1190.12,1190.12
799,4578.00,30.92414312,120.14805930,30.91696736,120.23309008,30.91696736,120.23309008,0.5567,8159.17,1,621,split_learned_disk,11,1,-1,5084.55,3053.67,3053.67
800,4584.00,30.92414312,120.14805930,30.91696736,120.23309008,30.91696736,120.23309008,0.5567,8159.17,1,621,split_learned_disk,11,1,-1,4988.45,1324.59,1324.59
801,4590.00,30.92404654,120.17040931,30.91696736,120.23309008,30.91696736,120.23309008,0.5567,6037.32,1,632,split_learned_disk,11,1,-1,2705.45,2206.13,2206.13
802,4595.00,30.90531847,120.19931761,30.91696736,120.23309008,30.91696736,120.23309008,0.4633,3476.02,1,86,split_learned_disk,7,1,-1,1632.00,626.67,626.67
803,4601.00,30.91622697,120.14964081,30.91696736,120.23309008,30.91696736,120.23309008,0.5100,7969.37,1,398,split_learned_disk,9,1,2,4408.06,26.28,26.28
804,4607.00,30.91622697,120.14964081,30.91696736,120.23309008,30.91696736,120.23309008,0.5100,7969.37,1,398,split_learned_disk,9,1,2,4314.12,113.14,113.14
805,4613.00,30.91262299,120.23624767,30.91696736,120.23309008,30.91262299,120.23624767,0.6967,569.92,1,327,split_learned_disk,17,1,-1,4093.92,620.10,620.10
806,4618.00,30.91262299,120.23624767,30.91262299,120.23624767,30.91262299,120.23624767,0.6967,0.00,0,327,split_learned_disk,17,1,-1,4189.64,2160.79,2160.79
807,4624.00,30.91262299,120.23624767,30.91262299,120.23624767,30.91262299,120.23624767,0.6967,0.00,0,327,split_learned_disk,17,1,-1,4287.67,2127.67,2127.67
808,4630.00,30.91262299,120.23624767,30.91262299,120.23624767,30.91262299,120.23624767,0.6967,0.00,0,327,split_learned_disk,17,1,-1,4385.71,1585.49,1585.49
809,4635.00,30.91441962,120.22751998,30.91262299,120.23624767,30.91262299,120.23624767,0.5567,857.11,1,379,split_learned_disk,11,1,-1,3657.53,476.82,476.82
810,4641.00,30.92214262,120.23891036,30.91262299,120.23624767,30.91262299,120.23624767,0.5333,1089.80,1,609,split_learned_disk,10,1,-1,4881.07,2522.03,2522.03
811,4647.00,30.93327039,120.14994101,30.91262299,120.23624767,30.91262299,120.23624767,0.5800,8556.30,1,958,split_learned_disk,12,1,-1,3900.55,2325.69,2325.69
812,4653.00,30.92522081,120.18538801,30.91262299,120.23624767,30.91262299,120.23624767,0.6033,5055.23,1,696,split_learned_disk,13,1,-1,427.01,427.01,427.01
813,4659.00,30.91687078,120.14685848,30.91262299,120.23624767,30.91262299,120.23624767,0.5333,8549.26,1,397,split_learned_disk,10,1,-1,3680.38,1182.65,1182.65
814,4665.00,30.92672772,120.17884931,30.91262299,120.23624767,30.91262299,120.23624767,0.6033,5701.68,1,748,split_learned_disk,13,1,-1,796.14,796.14,796.14
815,4670.00,30.92471649,120.14317010,30.91262299,120.23624767,30.91262299,120.23624767,0.4867,8989.77,1,675,split_learned_disk,8,1,-1,3860.15,922.09,922.09
816,4676.00,30.92160611,120.22183730,30.91262299,120.23624767,30.91262299,120.23624767,0.6267,1701.08,1,600,split_learned_disk,14,1,-1,3654.02,3349.81,3349.81
817,4682.00,30.92370317,120.13703711,30.91262299,120.23624767,30.91262299,120.23624767,0.6267,9554.01,1,616,split_learned_disk,14,1,-1,4252.82,2095.45,2095.45
818,4688.00,30.92370317,120.13703711,30.91262299,120.23624767,30.92370317,120.13703711,0.6267,9554.01,1,616,split_learned_disk,14,1,-1,4157.03,2845.83,2845.83
819,4694.00,30.92370317,120.13703711,30.92370317,120.13703711,30.92370317,120.13703711,0.6267,0.00,0,616,split_learned_disk,14,1,-1,4060.98,1686.41,1686.41
820,4701.00,30.93245022,120.16045580,30.92370317,120.13703711,30.92370317,120.13703711,0.5333,2439.14,1,908,split_learned_disk,10,1,-1,1905.08,1268.68,1268.68
821,4707.00,30.93828003,120.13881876,30.92370317,120.13703711,30.92370317,120.13703711,0.5800,1631.59,1,1065,split_learned_disk,12,1,-1,4028.96,1161.85,1161.85
822,4713.00,30.91393675,120.16785920,30.92370317,120.13703711,30.92370317,120.13703711,0.6033,3137.71,1,350,split_learned_disk,13,1,-1,1357.32,1357.32,1357.32
823,4719.00,30.91099806,120.18733933,30.92370317,120.13703711,30.92370317,120.13703711,0.4867,5007.47,1,248,split_learned_disk,8,1,-1,1769.63,1512.48,1512.48
824,4725.00,30.92370317,120.13703711,30.92370317,120.13703711,30.92370317,120.13703711,0.6267,0.00,0,616,split_learned_disk,14,1,-1,3582.32,1200.71,1200.71
825,4731.00,30.92414312,120.14805930,30.92370317,120.13703711,30.92370317,120.13703711,0.5567,1053.70,1,621,split_learned_disk,11,1,-1,2486.81,2008.13,2008.13
826,4737.00,30.93363055,120.16762699,30.92370317,120.13703711,30.92370317,120.13703711,0.6267,3123.22,1,911,split_learned_disk,14,1,-1,1051.56,1006.83,1006.83
827,4743.00,30.93120084,120.16812732,30.92370317,120.13703711,30.92370317,120.13703711,0.5567,3084.03,1,855,split_learned_disk,11,1,-1,820.11,820.11,820.11
828,4749.00,30.92867456,120.18465707,30.92370317,120.13703711,30.92370317,120.13703711,0.5800,4580.99,1,807,split_learned_disk,12,1,-1,1501.18,342.64,342.64
829,4756.00,30.93145837,120.19284145,30.92370317,120.13703711,30.92370317,120.13703711,0.5333,5398.48,1,866,split_learned_disk,10,1,-1,2219.19,2219.19,2219.19
830,4762.00,30.91262299,120.23624767,30.92370317,120.13703711,30.92370317,120.13703711,0.6967,9554.01,1,327,split_learned_disk,17,1,-1,6519.71,363.29,363.29
831,4768.00,30.92554739,120.20731980,30.92370317,120.13703711,30.92370317,120.13703711,0.6267,6714.75,1,762,split_learned_disk,14,1,-1,3897.57,1021.25,1021.25
832,4774.00,30.92667407,120.20553815,30.92370317,120.13703711,30.92370317,120.13703711,0.5567,6549.82,1,761,split_learned_disk,11,1,-1,3791.69,776.16,776.16
833,4780.00,30.92667407,120.20553815,30.92370317,120.13703711,30.92370317,120.13703711,0.5567,6549.82,1,761,split_learned_disk,11,1,-1,3885.43,2527.10,2527.10
834,4786.00,30.92471649,120.14317010,30.92370317,120.13703711,30.92471649,120.14317010,0.4867,596.43,1,675,split_learned_disk,8,1,-1,2027.81,901.32,901.32
835,4792.00,30.91170019,120.16897790,30.92471649,120.14317010,30.92471649,120.14317010,0.6500,2858.90,1,295,split_learned_disk,15,1,-1,1457.06,1222.08,1222.08
836,4798.00,30.90615543,120.16506436,30.92471649,120.14317010,30.90616870,120.16504871,0.8133,2939.49,0,69,split_learned_disk,22,1,-1,2206.22,341.00,341.00
837,4805.00,30.92508132,120.18884580,30.90378516,120.16786029,30.90378516,120.16786029,0.4867,3104.22,1,697,split_learned_disk,8,1,-1,2754.65,245.74,245.74
838,4811.00,30.90838593,120.17779859,30.90174213,120.17027021,30.90174213,120.17027021,0.5567,1031.42,1,188,split_learned_disk,11,1,-1,2598.29,549.99,549.99
839,4817.00,30.90891172,120.17627962,30.89969909,120.17268014,30.89969909,120.17268014,0.5333,1081.62,1,187,split_learned_disk,10,1,-1,2541.08,2541.08,2541.08
840,4823.00,30.91528271,120.20642625,30.89765606,120.17509006,30.89765606,120.17509006,0.5567,3578.39,1,425,split_learned_disk,11,1,-1,4760.10,690.97,690.97
841,4829.00,30.91262299,120.23624767,30.89561302,120.17749999,30.89561302,120.17749999,0.6967,5921.02,1,327,split_learned_disk,17,1,-1,7680.54,1517.80,1517.80
842,4835.00,30.91262299,120.23624767,30.89356999,120.17990991,30.89356999,120.17990991,0.6967,5782.94,1,327,split_learned_disk,17,1,-1,7778.53,1563.17,1563.17
843,4841.00,30.91098733,120.23715372,30.89152695,120.18231984,30.89152695,120.18231984,0.4867,5666.76,1,272,split_learned_disk,8,1,-1,8110.63,4906.63,4906.63
844,4847.00,30.90711509,120.25167667,30.88948391,120.18472977,30.88948391,120.18472977,0.6967,6687.56,1,167,split_learned_disk,17,1,-1,9662.06,540.06,540.06
845,4852.00,30.90711509,120.25167667,30.88778139,120.18673804,30.88778139,120.18673804,0.6967,6564.14,1,167,split_learned_disk,17,1,-1,9757.66,5091.65,5091.65
846,4858.00,30.91696736,120.23309008,30.88573835,120.18914796,30.91696736,120.23309008,0.5567,5449.20,1,438,split_learned_disk,11,1,-1,7901.03,6797.63,6797.63
847,4864.00,30.91696736,120.23309008,30.91696736,120.23309008,30.91696736,120.23309008,0.5567,0.00,0,438,split_learned_disk,11,1,-1,7997.12,7478.41,7478.41
848,4871.00,30.90711509,120.24329922,30.91696736,120.23309008,30.91696736,120.23309008,0.5333,1467.42,1,163,split_learned_disk,10,1,-1,9270.48,2284.58,2284.58
849,4877.00,30.90994649,120.20349382,30.91696736,120.23309008,30.91696736,120.23309008,0.5100,2932.35,1,256,split_learned_disk,9,1,-1,5602.22,2728.05,2728.05
850,4883.00,30.91118047,120.20133692,30.91696736,120.23309008,30.91696736,120.23309008,0.5333,3099.93,1,255,split_learned_disk,10,1,-1,5510.83,2226.03,2226.03
851,4889.00,30.91945539,120.21829195,30.91696736,120.23309008,30.91696736,120.23309008,0.6267,1440.03,1,543,split_learned_disk,14,1,-1,6944.76,2895.02,2895.02
852,4895.00,30.91518146,120.17160307,30.91696736,120.23309008,30.91696736,120.23309008,0.5800,5875.03,1,353,split_learned_disk,12,1,-1,2975.13,2302.02,2302.02
853,4901.00,30.92072623,120.21945524,30.91696736,120.23309008,30.91696736,120.23309008,0.5800,1367.64,1,599,split_learned_disk,12,1,-1,7116.20,2391.00,2391.00
854,4907.00,30.91024227,120.21046488,30.91696736,120.23309008,30.91696736,120.23309008,0.4867,2286.61,1,203,split_learned_disk,8,1,-1,6715.67,1111.70,1111.70
855,4913.00,30.93327039,120.14994101,30.91696736,120.23309008,30.91696736,120.23309008,0.5800,8145.04,1,958,split_learned_disk,12,1,-1,953.61,824.60,824.60
856,4918.00,30.92222846,120.24333130,30.91696736,120.23309008,30.91696736,120.23309008,0.4867,1139.93,1,610,split_learned_disk,8,1,-1,9597.27,562.05,562.05
857,4977.00,30.90453516,120.16715873,30.91696736,120.23309008,30.90453516,120.16715873,0.5800,6446.39,1,70,split_learned_disk,12,1,-1,3272.55,664.01,664.01
858,4981.00,30.91621624,120.22846356,30.90453516,120.16715873,30.90453516,120.16715873,0.5333,5996.95,1,436,split_learned_disk,10,1,-1,8339.45,650.77,650.77
859,4985.00,30.91621624,120.22846356,30.90453516,120.16715873,30.90453516,120.16715873,0.5333,5996.95,1,436,split_learned_disk,10,1,-1,8241.92,1884.45,1884.45
860,4989.00,30.91320243,120.20942667,30.90453516,120.16715873,30.90453516,120.16715873,0.5100,4150.07,1,315,split_learned_disk,9,1,-1,6439.51,1780.18,1780.18
861,4993.00,30.92522081,120.18538801,30.90453516,120.16715873,30.90453516,120.16715873,0.6033,2886.68,1,696,split_learned_disk,13,1,-1,3987.04,1409.11,1409.11
862,4997.00,30.92522081,120.18538801,30.90453516,120.16715873,30.90453516,120.16715873,0.6033,2886.68,1,696,split_learned_disk,13,1,-1,3891.59,1733.65,1733.65
863,5001.00,30.90891172,120.17627962,30.90453516,120.16715873,30.90453516,120.16715873,0.5333,997.99,1,187,split_learned_disk,10,1,-1,3302.55,2199.99,2199.99
864,5005.00,30.92802002,120.25007014,30.90453516,120.16715873,30.90453516,120.16715873,0.5100,8338.03,1,838,split_learned_disk,9,1,-1,9711.15,1772.09,1772.09
865,5009.00,30.91314878,120.16226953,30.90453516,120.16715873,30.90453516,120.16715873,0.4867,1066.50,1,292,split_learned_disk,8,1,-1,1790.40,1384.72,1384.72
866,5012.00,30.91067615,120.23636024,30.90453516,120.16715873,30.90453516,120.16715873,0.6033,6643.63,1,271,split_learned_disk,13,1,-1,8247.46,752.05,752.05
867,5016.00,30.91391529,120.19310957,30.90453516,120.16715873,30.91391529,120.19310957,0.6267,2689.17,1,363,split_learned_disk,14,1,-1,4159.62,1434.37,1434.37
868,5020.00,30.90502875,120.17641721,30.91391529,120.19310957,30.91391529,120.19310957,0.5800,1876.04,1,75,split_learned_disk,12,1,-1,3107.16,1929.52,1929.52
869,5024.00,30.92294133,120.24271132,30.91391529,120.19310957,30.91391529,120.19310957,0.5567,4842.09,1,667,split_learned_disk,11,1,-1,8623.27,1754.91,1754.91
870,5028.00,30.92667407,120.20553815,30.91391529,120.19310957,30.91391529,120.19310957,0.5567,1850.92,1,761,split_learned_disk,11,1,-1,4941.07,4941.07,4941.07
871,5032.00,30.92294133,120.24271132,30.91391529,120.19310957,30.91391529,120.19310957,0.5567,4842.09,1,667,split_learned_disk,11,1,-1,8432.12,8235.13,8235.13
872,5036.00,30.92386413,120.24103680,30.91391529,120.19310957,30.91391529,120.19310957,0.5800,4708.88,1,665,split_learned_disk,12,1,-1,7936.59,7539.29,7539.29
873,5040.00,30.90541504,120.18406373,30.91391529,120.19310957,30.91391529,120.19310957,0.6033,1281.24,1,78,split_learned_disk,13,1,-1,3142.79,1087.87,1087.87
874,5044.00,30.90541504,120.18406373,30.91391529,120.19310957,30.91391529,120.19310957,0.6033,1281.24,1,78,split_learned_disk,13,1,-1,3062.04,3062.04,3062.04
875,5048.00,30.92214262,120.23891036,30.91391529,120.19310957,30.91391529,120.19310957,0.5333,4468.58,1,609,split_learned_disk,10,1,-1,7651.50,2261.22,2261.22
876,5052.00,30.91445181,120.14742136,30.91391529,120.19310957,30.91391529,120.19310957,0.5333,4363.38,1,341,split_learned_disk,10,1,-1,1557.26,360.54,360.54
877,5056.00,30.91518146,120.17160307,30.91391529,120.19310957,30.91518146,120.17160307,0.5800,2058.58,1,353,split_learned_disk,12,1,-1,1398.09,970.72,970.72
878,5060.00,30.90711509,120.25167667,30.91518146,120.17160307,30.91518146,120.17160307,0.6967,7699.13,1,167,split_learned_disk,17,1,-1,8731.03,192.56,192.56
879,5063.00,30.90711509,120.25167667,30.91518146,120.17160307,30.91518146,120.17160307,0.6967,7699.13,1,167,split_learned_disk,17,1,-1,8633.02,3966.80,3966.80
880,5067.00,30.91283760,120.20410674,30.91518146,120.17160307,30.91518146,120.17160307,0.5333,3114.87,1,312,split_learned_disk,10,1,-1,3920.93,3920.93,3920.93
881,5071.00,30.91250496,120.22444996,30.91518146,120.17160307,30.91518146,120.17160307,0.5567,5055.37,1,322,split_learned_disk,11,1,-1,5772.67,374.85,374.85
882,5075.00,30.91250496,120.22444996,30.91518146,120.17160307,30.91518146,120.17160307,0.5567,5055.37,1,322,split_learned_disk,11,1,-1,5676.75,425.56,425.56
883,5079.00,30.91320243,120.20942667,30.91518146,120.17160307,30.91518146,120.17160307,0.5100,3618.66,1,315,split_learned_disk,9,1,-1,4209.72,2286.19,2286.19
884,5083.00,30.92675991,120.22723228,30.91518146,120.17160307,30.91518146,120.17160307,0.4867,5466.41,1,771,split_learned_disk,8,1,-1,5623.82,2149.07,2149.07
885,5087.00,30.93514818,120.16375097,30.91518146,120.17160307,30.91518146,120.17160307,0.5333,2345.77,1,965,split_learned_disk,10,1,-1,1507.95,1453.27,1453.27
886,5091.00,30.91441962,120.22751998,30.91518146,120.17160307,30.91518146,120.17160307,0.5567,5340.43,1,379,split_learned_disk,11,1,-1,5452.45,4414.11,4414.11
887,5095.00,30.92201386,120.24999508,30.91518146,120.17160307,30.92201386,120.24999508,0.4867,7524.54,1,614,split_learned_disk,8,1,-1,7504.37,1320.55,1320.55
888,5099.00,30.93327039,120.14994101,30.92201386,120.24999508,30.92201386,120.24999508,0.5800,9636.43,1,958,split_learned_disk,12,1,-1,2642.39,1470.69,1470.69
889,5103.00,30.93441853,120.17774856,30.92201386,120.24999508,30.92201386,120.24999508,0.5333,7035.98,1,972,split_learned_disk,10,1,-1,1545.25,1545.25,1545.25
890,5107.00,30.93441853,120.17774856,30.92201386,120.24999508,30.92201386,120.24999508,0.5333,7035.98,1,972,split_learned_disk,10,1,-1,1543.98,1543.98,1543.98
891,5111.00,30.92414312,120.14805930,30.92201386,120.24999508,30.92201386,120.24999508,0.5567,9737.19,1,621,split_learned_disk,11,1,-1,2791.83,1537.92,1537.92
892,5115.00,30.91622697,120.14964081,30.92201386,120.24999508,30.92201386,120.24999508,0.5100,9604.90,1,398,split_learned_disk,9,1,-1,2707.57,1314.44,1314.44
893,5119.00,30.91621624,120.22846356,30.92201386,120.24999508,30.92201386,120.24999508,0.5333,2155.05,1,436,split_learned_disk,10,1,-1,4855.18,3887.81,3887.81
894,5123.00,30.90838593,120.17779859,30.92201386,120.24999508,30.92201386,120.24999508,0.5567,7059.30,1,188,split_learned_disk,11,1,-1,1224.68,1224.68,1224.68
895,5127.00,30.91312732,120.21932309,30.92201386,120.24999508,30.92201386,120.24999508,0.4867,3091.55,1,320,split_learned_disk,8,1,-1,3927.27,2191.91,2191.91
896,5131.00,30.91312732,120.21932309,30.92201386,120.24999508,30.92201386,120.24999508,0.4867,3091.55,1,320,split_learned_disk,8,1,-1,3831.52,3504.30,3504.30
897,5135.00,30.91250496,120.22444996,30.92201386,120.24999508,30.91250496,120.22444996,0.5567,2659.18,1,322,split_learned_disk,11,1,-1,4125.76,1654.05,1654.05
898,5139.00,30.90975941,120.21496631,30.91250496,120.22444996,30.91250496,120.22444996,0.5100,955.82,1,205,split_learned_disk,9,1,-1,3176.24,1758.78,1758.78
899,5143.00,30.91312732,120.22569374,30.91250496,120.22444996,30.91250496,120.22444996,0.5100,137.50,1,323,split_learned_disk,9,1,-1,4128.55,2202.99,2202.99
900,5147.00,30.91696736,120.23309008,30.91250496,120.22444996,30.91250496,120.22444996,0.5567,963.08,1,438,split_learned_disk,11,1,-1,4578.66,4032.60,4032.60
901,5151.00,30.91312732,120.22569374,30.91250496,120.22444996,30.91250496,120.22444996,0.5100,137.50,1,323,split_learned_disk,9,1,-1,3934.66,1306.49,1306.49
902,5155.00,30.91312732,120.22569374,30.91250496,120.22444996,30.91250496,120.22444996,0.5100,137.50,1,323,split_learned_disk,9,1,-1,3836.73,1219.41,1219.41
903,5159.00,30.91312732,120.22569374,30.91250496,120.22444996,30.91250496,120.22444996,0.5100,137.50,1,323,split_learned_disk,9,1,-1,3740.78,2562.22,2562.22
904,5163.00,30.91696736,120.23309008,30.91250496,120.22444996,30.91250496,120.22444996,0.5567,963.08,1,438,split_learned_disk,11,1,-1,4192.45,1047.24,1047.24
905,5167.00,30.91696736,120.23309008,30.91250496,120.22444996,30.91250496,120.22444996,0.5567,963.08,1,438,split_learned_disk,11,1,-1,4096.47,3546.90,3546.90
906,5171.00,30.91312732,120.22569374,30.91250496,120.22444996,30.91250496,120.22444996,0.5100,137.50,1,323,split_learned_disk,9,1,-1,3448.97,884.12,884.12
907,5175.00,30.93773279,120.14466405,30.91250496,120.22444996,30.93773279,120.14466405,0.4867,8120.21,1,1068,split_learned_disk,8,1,-1,5009.83,1565.22,1565.22
908,5179.00,30.90934093,120.20405671,30.93773279,120.14466405,30.93773279,120.14466405,0.5100,6492.85,1,200,split_learned_disk,9,1,-1,1401.32,1401.32,1401.32
909,5183.00,30.91250496,120.22444996,30.93773279,120.14466405,30.93773279,120.14466405,0.5567,8120.21,1,322,split_learned_disk,11,1,-1,2960.49,2960.49,2960.49
910,5187.00,30.91250496,120.22444996,30.93773279,120.14466405,30.93773279,120.14466405,0.5567,8120.21,1,322,split_learned_disk,11,1,-1,2864.61,1246.08,1246.08
911,5191.00,30.91242985,120.24378705,30.93773279,120.14466405,30.93773279,120.14466405,0.5567,9875.90,1,331,split_learned_disk,11,1,-1,4546.95,2120.36,2120.36
912,5195.00,30.93634391,120.15246066,30.93773279,120.14466405,30.93773279,120.14466405,0.5333,760.42,1,1015,split_learned_disk,10,1,-1,4851.25,695.04,695.04
913,5199.00,30.91084783,120.21110826,30.93773279,120.14466405,30.93773279,120.14466405,0.4867,7015.47,1,260,split_learned_disk,8,1,-1,1494.28,1494.28,1494.28
914,5203.00,30.91696736,120.23309008,30.93773279,120.14466405,30.93773279,120.14466405,0.5567,8754.88,1,438,split_learned_disk,11,1,-1,3231.27,1404.84,1404.84
915,5207.00,30.91084783,120.21110826,30.93773279,120.14466405,30.93773279,120.14466405,0.4867,7015.47,1,260,split_learned_disk,8,1,-1,1310.73,421.40,421.40
916,5211.00,30.93634391,120.15246066,30.93773279,120.14466405,30.93773279,120.14466405,0.5333,760.42,1,1015,split_learned_disk,10,1,-1,5225.81,578.05,578.05
917,5215.00,30.90786621,120.23196432,30.93773279,120.14466405,30.90786621,120.23196432,0.4867,8975.21,1,158,split_learned_disk,8,1,-1,3116.35,1794.29,1794.29
918,5219.00,30.90711509,120.25167667,30.90786621,120.23196432,30.90786621,120.23196432,0.6967,1884.28,1,167,split_learned_disk,17,1,-1,4754.74,205.96,205.96
919,5223.00,30.92847069,120.21389058,30.90786621,120.23196432,30.90786621,120.23196432,0.4867,2870.52,1,821,split_learned_disk,8,1,-1,1702.55,847.76,847.76
920,5227.00,30.91441962,120.22751998,30.90786621,120.23196432,30.90786621,120.23196432,0.5567,844.00,1,379,split_learned_disk,11,1,-1,2064.11,1962.33,1962.33
921,5231.00,30.92386413,120.24103680,30.90786621,120.23196432,30.90786621,120.23196432,0.5800,1980.44,1,665,split_learned_disk,12,1,-1,3272.66,573.04,573.04
922,5235.00,30.92238941,120.23494678,30.90786621,120.23196432,30.90786621,120.23196432,0.5333,1641.62,1,607,split_learned_disk,10,1,-1,2655.89,1296.30,1296.30
923,5239.00,30.90711509,120.25167667,30.90786621,120.23196432,30.90786621,120.23196432,0.6967,1884.28,1,167,split_learned_disk,17,1,-1,4178.44,1315.47,1315.47
924,5243.00,30.90711509,120.25167667,30.90786621,120.23196432,30.90786621,120.23196432,0.6967,1884.28,1,167,split_learned_disk,17,1,-1,4080.39,1024.78,1024.78
925,5247.00,30.90975941,120.21496631,30.90786621,120.23196432,30.90786621,120.23196432,0.5100,1636.84,1,205,split_learned_disk,9,1,-1,745.28,565.58,565.58
926,5251.00,30.91250496,120.16371345,30.90786621,120.23196432,30.90786621,120.23196432,0.5567,6538.00,1,293,split_learned_disk,11,1,-1,4618.80,1540.59,1540.59
927,5255.00,30.91250496,120.16371345,30.90786621,120.23196432,30.91250496,120.16371345,0.5567,6538.00,1,293,split_learned_disk,11,1,-1,4712.93,1445.02,1445.02
928,5260.00,30.92742985,120.23435889,30.91250496,120.16371345,30.91250496,120.16371345,0.5100,6947.82,1,831,split_learned_disk,9,1,-1,2538.99,750.09,750.09
929,5264.00,30.92433020,120.15592390,30.91250496,120.16371345,30.91250496,120.16371345,0.5333,1512.02,1,681,split_learned_disk,10,1,-1,5820.33,215.01,215.01
930,5268.00,30.91312732,120.21932309,30.91250496,120.16371345,30.91250496,120.16371345,0.4867,5310.87,1,320,split_learned_disk,8,1,-1,453.34,453.34,453.34
931,5272.00,30.92522081,120.18538801,30.91250496,120.16371345,30.91250496,120.16371345,0.6033,2507.55,1,696,split_learned_disk,13,1,-1,3136.59,898.72,898.72
932,5276.00,30.91312732,120.22569374,30.91250496,120.16371345,30.91250496,120.16371345,0.5100,5919.18,1,323,split_learned_disk,9,1,-1,832.74,832.74,832.74
933,5280.00,30.91312732,120.22569374,30.91250496,120.16371345,30.91250496,120.16371345,0.5100,5919.18,1,323,split_learned_disk,9,1,-1,734.72,734.72,734.72
934,5284.00,30.91667764,120.21624763,30.91250496,120.16371345,30.91250496,120.16371345,0.5100,5038.18,1,430,split_learned_disk,9,1,-1,466.91,255.85,255.85
935,5288.00,30.93441853,120.17774856,30.91250496,120.16371345,30.91250496,120.16371345,0.5333,2783.36,1,972,split_learned_disk,10,1,-1,4670.11,157.23,157.23
936,5292.00,30.91667764,120.21624763,30.91250496,120.16371345,30.91250496,120.16371345,0.5100,5038.18,1,430,split_learned_disk,9,1,7,646.09,116.55,116.55
937,5296.00,30.91314878,120.16226953,30.91250496,120.16371345,30.91314878,120.16226953,0.4867,155.40,1,292,split_learned_disk,8,1,3,5862.05,98.86,98.86
938,5300.00,30.91024227,120.21046488,30.91314878,120.16226953,30.91314878,120.16226953,0.4867,4613.75,1,203,split_learned_disk,8,1,-1,1431.31,299.56,299.56
939,5304.00,30.90531847,120.14695855,30.91314878,120.16226953,30.91314878,120.16226953,0.4867,1702.23,1,61,split_learned_disk,8,1,-1,7500.16,467.83,467.83
940,5308.00,30.90531847,120.14695855,30.91314878,120.16226953,30.91314878,120.16226953,0.4867,1702.23,1,61,split_learned_disk,8,1,-1,7592.62,348.70,348.70
941,5312.00,30.91214013,120.18485721,30.91314878,120.16226953,30.91314878,120.16226953,0.5333,2159.92,1,303,split_learned_disk,10,1,-1,4043.53,595.00,595.00
942,5316.00,30.93929334,120.15045386,30.91314878,120.16226953,30.91314878,120.16226953,0.5333,3121.48,1,1126,split_learned_disk,10,1,-1,8118.31,412.45,412.45
943,5320.00,30.92522081,120.18538801,30.91314878,120.16226953,30.91314878,120.16226953,0.6033,2584.54,1,696,split_learned_disk,13,1,-1,4278.04,406.18,406.18
944,5325.00,30.92522081,120.18538801,30.91314878,120.16226953,30.91314878,120.16226953,0.6033,2584.54,1,696,split_learned_disk,13,1,-1,4375.52,311.29,311.29
945,5329.00,30.92522081,120.18538801,30.91314878,120.16226953,30.91314878,120.16226953,0.6033,2584.54,1,696,split_learned_disk,13,1,6,4473.02,135.08,135.08
946,5333.00,30.91696736,120.23309008,30.91314878,120.16226953,30.91314878,120.16226953,0.5567,6776.32,1,438,split_learned_disk,11,1,-1,484.96,171.48,171.48
947,5337.00,30.90975941,120.21496631,30.91314878,120.16226953,30.90975941,120.21496631,0.5100,5046.38,1,205,split_learned_disk,9,1,5,1840.97,100.62,100.62
948,5341.00,30.91584068,120.18177467,30.90975941,120.21496631,30.90975941,120.21496631,0.5333,3241.10,1,414,split_learned_disk,10,1,7,4938.58,142.50,142.50
949,5345.00,30.92160611,120.22183730,30.90975941,120.21496631,30.90975941,120.21496631,0.6267,1472.99,1,600,split_learned_disk,14,1,-1,1807.55,217.67,217.67
950,5349.00,30.92522081,120.18538801,30.90975941,120.21496631,30.90975941,120.21496631,0.6033,3307.65,1,696,split_learned_disk,13,1,-1,4950.33,307.87,307.87
951,5353.00,30.93648341,120.15035379,30.90975941,120.21496631,30.90975941,120.21496631,0.5100,6849.87,1,1014,split_learned_disk,9,1,-1,8842.70,1025.16,1025.16
952,5357.00,30.91689224,120.14478914,30.90975941,120.21496631,30.90975941,120.21496631,0.4633,6748.41,1,396,split_learned_disk,7,1,-1,8913.49,1113.97,1113.97
953,5361.00,30.93648341,120.15035379,30.90975941,120.21496631,30.90975941,120.21496631,0.5100,6849.87,1,1014,split_learned_disk,9,1,-1,9034.59,900.02,900.02
954,5365.00,30.90676100,120.22482521,30.90975941,120.21496631,30.90975941,120.21496631,0.5567,998.89,1,154,split_learned_disk,11,1,-1,1532.01,685.34,685.34
955,5369.00,30.90891172,120.17627962,30.90975941,120.21496631,30.90975941,120.21496631,0.5333,3695.57,1,187,split_learned_disk,10,1,-1,6278.12,876.60,876.60
956,5373.00,30.90891172,120.17627962,30.90975941,120.21496631,30.90975941,120.21496631,0.5333,3695.57,1,187,split_learned_disk,10,1,-1,6373.04,1577.96,1577.96
957,5378.00,30.92540322,120.14642775,30.90975941,120.21496631,30.92540322,120.14642775,0.4633,6772.77,1,676,split_learned_disk,7,1,-1,9612.69,907.85,907.85
958,5382.00,30.91414063,120.15488569,30.92540322,120.14642775,30.92540322,120.14642775,0.5567,1491.39,1,345,split_learned_disk,11,1,-1,8576.42,1094.80,1094.80
959,5386.00,30.93648341,120.15035379,30.92540322,120.14642775,30.92540322,120.14642775,0.5100,1289.17,1,1014,split_learned_disk,9,1,-1,9701.82,1860.54,1860.54
960,5390.00,30.92867456,120.18465707,30.92540322,120.14642775,30.92540322,120.14642775,0.5800,3668.81,1,807,split_learned_disk,12,1,-1,6320.74,988.70,988.70
961,5394.00,30.91696736,120.23309008,30.92540322,120.14642775,30.92540322,120.14642775,0.5567,8328.88,1,438,split_learned_disk,11,1,-1,1629.51,1454.56,1454.56
962,5398.00,30.92160611,120.22183730,30.92540322,120.14642775,30.92540322,120.14642775,0.6267,7213.59,1,600,split_learned_disk,14,1,-1,3061.46,2767.49,2767.49
963,5402.00,30.91621624,120.22846356,30.92540322,120.14642775,30.92540322,120.14642775,0.5333,7900.44,1,436,split_learned_disk,10,1,-1,2183.59,1447.50,1447.50
964,5406.00,30.92212116,120.19787369,30.92540322,120.14642775,30.92540322,120.14642775,0.5100,4926.37,1,589,split_learned_disk,9,1,-1,5320.22,1726.78,1726.78
965,5464.00,30.91250496,120.22444996,30.92540322,120.14642775,30.92540322,120.14642775,0.5567,7587.78,1,322,split_learned_disk,11,1,-1,2529.80,1268.62,1268.62
966,5470.00,30.90891172,120.17627962,30.92540322,120.14642775,30.92540322,120.14642775,0.5333,3390.68,1,187,split_learned_disk,10,1,-1,6949.16,1610.69,1610.69
967,5476.00,30.91312732,120.22569374,30.92540322,120.14642775,30.91312732,120.22569374,0.5100,7691.83,1,323,split_learned_disk,9,1,-1,2145.07,1622.08,1622.08
968,5482.00,30.91312732,120.22569374,30.91312732,120.22569374,30.91312732,120.22569374,0.5100,0.00,0,323,split_learned_disk,9,1,-1,2050.63,1542.34,1542.34
969,5488.00,30.90711509,120.25167667,30.91312732,120.22569374,30.91312732,120.22569374,0.6967,2569.91,1,167,split_learned_disk,17,1,-1,542.09,542.09,542.09
970,5494.00,30.90711509,120.25167667,30.91312732,120.22569374,30.91312732,120.22569374,0.6967,2569.91,1,167,split_learned_disk,17,1,-1,637.92,404.39,404.39
971,5500.00,30.91320243,120.20942667,30.91312732,120.22569374,30.91312732,120.22569374,0.5100,1553.44,1,315,split_learned_disk,9,1,-1,3315.98,315.54,315.54
972,5506.00,30.90711509,120.25167667,30.91312732,120.22569374,30.91312732,120.22569374,0.6967,2569.91,1,167,split_learned_disk,17,1,-1,830.33,830.33,830.33
973,5512.00,30.93327039,120.14994101,30.91312732,120.22569374,30.91312732,120.22569374,0.5800,7573.53,1,958,split_learned_disk,12,1,-1,9348.57,3551.38,3551.38
974,5518.00,30.92414312,120.14805930,30.91312732,120.22569374,30.91312732,120.22569374,0.5567,7514.39,1,621,split_learned_disk,11,1,-1,9142.28,2099.50,2099.50
975,5523.00,30.91312732,120.22569374,30.91312732,120.22569374,30.91312732,120.22569374,0.5100,0.00,0,323,split_learned_disk,9,1,-1,1379.34,1195.24,1195.24
976,5529.00,30.92070009,120.19910496,30.91312732,120.22569374,30.91312732,120.22569374,0.5100,2675.37,1,534,split_learned_disk,9,1,-1,3999.54,1969.50,1969.50
977,5535.00,30.90531847,120.14695855,30.91312732,120.22569374,30.91312732,120.22569374,0.4867,7568.86,1,61,split_learned_disk,8,1,-1,8700.72,5166.85,5166.85
978,5541.00,30.90852543,120.14147600,30.91312732,120.22569374,30.91312732,120.22569374,0.5800,8058.63,1,170,split_learned_disk,12,1,-1,9198.57,1543.18,1543.18
979,5547.00,30.93586105,120.15952472,30.91312732,120.22569374,30.91312732,120.22569374,0.5800,6806.72,1,1019,split_learned_disk,12,1,-1,7904.13,1370.08,1370.08
980,5553.00,30.90891172,120.17627962,30.91312732,120.22569374,30.91312732,120.22569374,0.5333,4742.05,1,187,split_learned_disk,10,1,-1,5607.48,435.04,435.04
981,5558.00,30.91689224,120.14478914,30.91312732,120.22569374,30.91312732,120.22569374,0.4633,7737.30,1,396,split_learned_disk,7,1,-1,8548.57,3138.85,3138.85
982,5564.00,30.91445181,120.14742136,30.91312732,120.22569374,30.91312732,120.22569374,0.5333,7476.03,1,341,split_learned_disk,10,1,-1,8236.86,3839.63,3839.63
983,5570.00,30.93514818,120.16375097,30.91312732,120.22569374,30.91312732,120.22569374,0.5333,6403.02,1,965,split_learned_disk,10,1,-1,7079.77,806.57,806.57
984,5576.00,30.90891172,120.17627962,30.91312732,120.22569374,30.91312732,120.22569374,0.5333,4742.05,1,187,split_learned_disk,10,1,-1,5225.90,824.48,824.48
985,5581.00,30.93514818,120.16977845,30.91312732,120.22569374,30.93514818,120.16977845,0.5333,5875.42,1,967,split_learned_disk,10,1,-1,6525.46,1602.52,1602.52
986,5587.00,30.92070009,120.19910496,30.93514818,120.16977845,30.93514818,120.16977845,0.5100,3229.51,1,534,split_learned_disk,9,1,-1,3044.92,250.38,250.38
987,5593.00,30.91312732,120.22569374,30.93514818,120.16977845,30.93514818,120.16977845,0.5100,5875.42,1,323,split_learned_disk,9,1,-1,321.58,177.28,177.28
988,5598.00,30.91621624,120.22846356,30.93514818,120.16977845,30.93514818,120.16977845,0.5333,5987.28,1,436,split_learned_disk,10,1,-1,685.81,271.23,271.23
989,5604.00,30.92522081,120.18538801,30.93514818,120.16977845,30.93514818,120.16977845,0.6033,1855.60,1,696,split_learned_disk,13,1,-1,4097.80,152.54,152.54
990,5610.00,30.91974510,120.17979289,30.93514818,120.16977845,30.93514818,120.16977845,0.5100,1963.33,1,525,split_learned_disk,9,1,-1,4376.51,221.80,221.80
991,5616.00,30.91250496,120.22444996,30.93514818,120.16977845,30.93514818,120.16977845,0.5567,5797.47,1,322,split_learned_disk,11,1,-1,227.29,227.29,227.29
992,5622.00,30.91696736,120.23309008,30.93514818,120.16977845,30.93514818,120.16977845,0.5567,6375.67,1,438,split_learned_disk,11,1,-1,1114.37,393.61,393.61
993,5627.00,30.92338127,120.22392460,30.93514818,120.16977845,30.93514818,120.16977845,0.6033,5334.00,1,658,split_learned_disk,13,1,-1,1409.35,192.81,192.81
994,5633.00,30.90891172,120.17627962,30.93514818,120.16977845,30.93514818,120.16977845,0.5333,2985.90,1,187,split_learned_disk,10,1,-1,4276.87,211.72,211.72
995,5639.00,30.90891172,120.17627962,30.93514818,120.16977845,30.90891172,120.17627962,0.5333,2985.90,1,187,split_learned_disk,10,1,-1,4182.82,2011.06,2011.06
996,5645.00,30.90891172,120.17627962,30.90891172,120.17627962,30.90891172,120.17627962,0.5333,0.00,0,187,split_learned_disk,10,1,-1,4088.21,1898.27,1898.27
997,5650.00,30.90891172,120.17627962,30.90891172,120.17627962,30.90891172,120.17627962,0.5333,0.00,0,187,split_learned_disk,10,1,-1,3899.23,1712.98,1712.98
998,5656.00,30.90891172,120.17627962,30.90891172,120.17627962,30.90891172,120.17627962,0.5333,0.00,0,187,split_learned_disk,10,1,-1,3804.86,1558.73,1558.73
999,5662.00,30.90531847,120.14695855,30.90891172,120.17627962,30.90891172,120.17627962,0.4867,2828.43,1,61,split_learned_disk,8,1,-1,6537.52,1484.69,1484.69
1000,5668.00,30.92687794,120.22026123,30.90891172,120.17627962,30.90891172,120.17627962,0.5100,4651.88,1,768,split_learned_disk,9,1,-1,1771.31,1771.31,1771.31
1001,5673.00,30.93648341,120.15035379,30.90891172,120.17627962,30.90891172,120.17627962,0.5100,3943.34,1,1014,split_learned_disk,9,1,-1,6654.84,296.85,296.85
1002,5679.00,30.91250496,120.22444996,30.90891172,120.17627962,30.90891172,120.17627962,0.5567,4617.36,1,322,split_learned_disk,11,1,-1,1189.12,989.16,989.16
1003,5685.00,30.91312732,120.22569374,30.90891172,120.17627962,30.90891172,120.17627962,0.5100,4742.05,1,323,split_learned_disk,9,1,-1,1484.44,1366.02,1366.02
1004,5691.00,30.92222846,120.24333130,30.90891172,120.17627962,30.90891172,120.17627962,0.4867,6572.43,1,610,split_learned_disk,8,1,-1,3139.86,1422.30,1422.30
1005,5697.00,30.92667407,120.20553815,30.90891172,120.17627962,30.90891172,120.17627962,0.5567,3422.91,1,761,split_learned_disk,11,1,-1,1611.33,1358.13,1358.13
1006,5703.00,30.92323571,120.25069556,30.90891172,120.17627962,30.90891172,120.17627962,0.4867,7283.01,1,726,split_learned_disk,8,1,-1,4196.03,971.18,971.18
1007,5709.00,30.91642011,120.17498580,30.90891172,120.17627962,30.90891172,120.17627962,0.6967,844.92,1,410,split_learned_disk,17,1,-1,3152.55,1446.89,1446.89
1008,5715.00,30.92370317,120.13703711,30.90891172,120.17627962,30.92370317,120.13703711,0.6267,4093.23,1,616,split_learned_disk,14,1,-1,6732.39,647.95,647.95
1009,5721.00,30.92370317,120.13703711,30.92370317,120.13703711,30.92370317,120.13703711,0.6267,0.00,0,616,split_learned_disk,14,1,-1,6636.38,596.69,596.69
1010,5727.00,30.92370317,120.13703711,30.92370317,120.13703711,30.92370317,120.13703711,0.6267,0.00,0,616,split_learned_disk,14,1,-1,6538.51,567.42,567.42
1011,5733.00,30.92370317,120.13703711,30.92370317,120.13703711,30.92370317,120.13703711,0.6267,0.00,0,616,split_learned_disk,14,1,-1,6440.64,930.16,930.16
1012,5738.00,30.92471649,120.14317010,30.92370317,120.13703711,30.92370317,120.13703711,0.4867,596.43,1,675,split_learned_disk,8,1,-1,5793.89,1057.33,1057.33
1013,5744.00,30.91596944,120.21964832,30.92370317,120.13703711,30.92370317,120.13703711,0.5567,7935.75,1,432,split_learned_disk,11,1,-1,1854.11,1034.32,1034.32
1014,5750.00,30.92433020,120.15592390,30.92370317,120.13703711,30.92370317,120.13703711,0.5333,1804.93,1,681,split_learned_disk,10,1,-1,4436.89,825.02,825.02
1015,5756.00,30.91789483,120.15114727,30.92370317,120.13703711,30.92370317,120.13703711,0.5100,1494.55,1,455,split_learned_disk,9,1,-1,4587.16,2040.14,2040.14
1016,5762.00,30.92386413,120.24103680,30.92370317,120.13703711,30.92370317,120.13703711,0.5800,9931.41,1,665,split_learned_disk,12,1,-1,4048.49,692.41,692.41
1017,5768.00,30.92386413,120.24103680,30.92370317,120.13703711,30.92370317,120.13703711,0.5800,9931.41,1,665,split_learned_disk,12,1,-1,4135.90,760.58,760.58
1018,5774.00,30.92072623,120.21945524,30.92370317,120.13703711,30.92370317,120.13703711,0.5800,7877.45,1,599,split_learned_disk,12,1,-1,2247.64,963.85,963.85
1019,5780.00,30.90721167,120.14482666,30.92370317,120.13703711,30.92370317,120.13703711,0.4867,1980.81,1,116,split_learned_disk,8,1,-1,4865.49,1143.53,1143.53
1020,5786.00,30.91362558,120.18592043,30.92370317,120.13703711,30.92370317,120.13703711,0.6500,4800.99,1,359,split_learned_disk,15,1,-1,896.61,896.61,896.61
1021,5792.00,30.92462598,120.18167461,30.92370317,120.13703711,30.92462598,120.18167461,0.4867,4263.87,1,638,split_learned_disk,8,1,-1,1342.91,1254.59,1254.59
1022,5798.00,30.90891172,120.17627962,30.92462598,120.18167461,30.92462598,120.18167461,0.5333,1823.60,1,187,split_learned_disk,10,1,-1,1665.93,1665.93,1665.93
1023,5804.00,30.91696736,120.23309008,30.92462598,120.18167461,30.92462598,120.18167461,0.5567,4983.36,1,438,split_learned_disk,11,1,-1,3994.84,2814.11,2814.11
1024,5810.00,30.92672772,120.17884931,30.92462598,120.18167461,30.92462598,120.18167461,0.6033,357.12,1,748,split_learned_disk,13,1,-1,1667.62,1167.37,1167.37
1025,5816.00,30.92370317,120.13703711,30.92462598,120.18167461,30.92462598,120.18167461,0.6267,4263.87,1,616,split_learned_disk,14,1,-1,5083.47,3127.74,3127.74
1026,5821.00,30.91441962,120.22751998,30.92462598,120.18167461,30.92462598,120.18167461,0.5567,4523.01,1,379,split_learned_disk,11,1,-1,3685.62,427.88,427.88
1027,5827.00,30.90891172,120.17627962,30.92462598,120.18167461,30.92462598,120.18167461,0.5333,1823.60,1,187,split_learned_disk,10,1,-1,1299.37,830.51,830.51
1028,5833.00,30.93363055,120.16762699,30.92462598,120.18167461,30.92462598,120.18167461,0.6267,1674.61,1,911,split_learned_disk,14,1,-1,2479.20,1240.19,1240.19
1029,5839.00,30.92370317,120.13703711,30.92462598,120.18167461,30.92462598,120.18167461,0.6267,4263.87,1,616,split_learned_disk,14,1,-1,4693.91,1635.82,1635.82
1030,5845.00,30.92370317,120.13703711,30.92462598,120.18167461,30.92462598,120.18167461,0.6267,4263.87,1,616,split_learned_disk,14,1,-1,4503.66,1467.01,1467.01
1031,5851.00,30.92370317,120.13703711,30.92462598,120.18167461,30.92370317,120.13703711,0.6267,4263.87,1,616,split_learned_disk,14,1,-1,4405.81,1537.03,1537.03
1032,5857.00,30.92370317,120.13703711,30.92370317,120.13703711,30.92370317,120.13703711,0.6267,0.00,0,616,split_learned_disk,14,1,-1,4309.78,1601.01,1601.01
