Frame,Time_Sec,Raw_Lat,Raw_Lng,Predicted_Lat,Predicted_Lng,Filtered_Lat,Filtered_Lng,Match_Confidence,Innovation_M,Outlier_Rejected,Best_Match_Idx,Algorithm,Inliers,Measurement_Valid,Correct_Candidate_Rank,Top1_Min_Dist_M,Top5_Min_Dist_M,Top10_Min_Dist_M
1,7.00,32.33685297,119.89114466,32.30460000,119.89700000,32.30460000,119.89700000,0.5567,3632.41,1,1210,split_disk,11,1,-1,3582.88,2607.66,2607.66
2,14.00,32.33685297,119.89114466,32.30460000,119.89700000,32.30460000,119.89700000,0.5567,3632.41,1,1210,split_disk,11,1,-1,3505.26,2499.72,2499.72
3,21.00,32.33700317,119.86120209,32.30460000,119.89700000,32.30460000,119.89700000,0.5333,4934.74,1,1196,split_disk,10,1,-1,4612.74,3829.96,3829.96
4,28.00,32.33700317,119.86120209,32.30460000,119.89700000,32.30460000,119.89700000,0.5333,4934.74,1,1196,split_disk,10,1,-1,4571.51,635.83,635.83
5,36.00,32.33700317,119.86120209,32.30460000,119.89700000,32.30460000,119.89700000,0.5333,4934.74,1,1196,split_disk,10,1,-1,4467.06,2946.18,2946.18
6,43.00,32.33700317,119.86120209,32.30460000,119.89700000,32.30460000,119.89700000,0.5333,4934.74,1,1196,split_disk,10,1,-1,4362.86,3802.01,3802.01
7,50.00,32.33700317,119.86120209,32.30460000,119.89700000,32.30460000,119.89700000,0.5333,4934.74,1,1196,split_disk,10,1,-1,4250.53,3687.09,3687.09
8,57.00,32.35072170,119.85477313,32.30460000,119.89700000,32.30460000,119.89700000,0.5800,6491.53,1,1553,split_disk,12,1,-1,5780.43,3140.89,3140.89
9,64.00,32.33685297,119.89114466,32.30460000,119.89700000,32.30460000,119.89700000,0.5567,3632.41,1,1210,split_disk,11,1,-1,3085.26,3085.26,3085.26
10,71.00,32.33700317,119.86120209,32.30460000,119.89700000,32.33700317,119.86120209,0.5333,4934.74,1,1196,split_disk,10,1,-1,4001.05,3851.90,3851.90
11,79.00,32.33685297,119.89114466,32.33700317,119.86120209,32.33700317,119.86120209,0.5567,2816.77,1,1210,split_disk,11,1,-1,2974.59,2974.59,2974.59
12,86.00,32.35072170,119.85477313,32.33700317,119.86120209,32.33700317,119.86120209,0.5800,1642.54,1,1553,split_disk,12,1,-1,5428.07,2929.67,2929.67
13,93.00,32.29388424,119.81655486,32.33700317,119.86120209,32.33700317,119.86120209,0.6267,6378.09,1,95,split_disk,14,1,-1,6817.54,3530.59,3530.59
14,100.00,32.29388424,119.81655486,32.33700317,119.86120209,32.33700317,119.86120209,0.6267,6378.09,1,95,split_disk,14,1,-1,6833.67,3640.18,3640.18
15,108.00,32.29388424,119.81655486,32.33700317,119.86120209,32.33700317,119.86120209,0.6267,6378.09,1,95,split_disk,14,1,-1,6760.56,4214.15,4214.15
16,115.00,32.34239304,119.84631968,32.33700317,119.86120209,32.33700317,119.86120209,0.5567,1523.15,1,1324,split_disk,11,1,-1,4823.95,4065.40,4065.40
17,122.00,32.34239304,119.83781545,32.33700317,119.86120209,32.33700317,119.86120209,0.5800,2280.35,1,1320,split_disk,12,1,-1,5330.31,3169.16,3169.16
18,130.00,32.30825722,119.83781545,32.33700317,119.86120209,32.33700317,119.86120209,0.5333,3883.30,1,465,split_disk,10,1,-1,4205.35,3066.07,3066.07
19,137.00,32.30825722,119.83781545,32.33700317,119.86120209,32.33700317,119.86120209,0.5333,3883.30,1,465,split_disk,10,1,-1,4214.17,3023.42,3023.42
20,144.00,32.34239304,119.83781545,32.33700317,119.86120209,32.34239304,119.83781545,0.5800,2280.35,1,1320,split_disk,12,1,-1,5079.56,2920.33,2920.33
21,152.00,32.34239304,119.83781545,32.34239304,119.83781545,32.34239304,119.83781545,0.5800,0.00,0,1320,split_disk,12,1,-1,4964.23,2809.05,2809.05
22,159.00,32.34239304,119.83781545,32.34239304,119.83781545,32.34239304,119.83781545,0.5800,0.00,0,1320,split_disk,12,1,-1,4855.60,2706.85,2706.85
23,166.00,32.34239304,119.83781545,32.34239304,119.83781545,32.34239304,119.83781545,0.5800,0.00,0,1320,split_disk,12,1,-1,4747.01,2605.23,2605.23
24,174.00,32.34239304,119.83781545,32.34239304,119.83781545,32.34239304,119.83781545,0.5800,0.00,0,1320,split_disk,12,1,-1,4713.55,2561.20,2561.20
25,181.00,32.33700317,119.86120209,32.34239304,119.83781545,32.34239304,119.83781545,0.5333,2280.35,1,1196,split_disk,10,1,-1,2612.67,2450.81,2450.81
26,189.00,32.30825722,119.83781545,32.34239304,119.83781545,32.34239304,119.83781545,0.5333,3800.00,1,465,split_disk,10,1,-1,3758.71,2051.08,2051.08
27,196.00,32.34239304,119.83781545,32.34239304,119.83781545,32.34239304,119.83781545,0.5800,0.00,0,1320,split_disk,12,1,-1,4380.90,2249.71,2249.71
28,204.00,32.34239304,119.83781545,32.34239304,119.83781545,32.34239304,119.83781545,0.5800,0.00,0,1320,split_disk,12,1,-1,4272.30,2150.44,2150.44
29,211.00,32.34239304,119.83781545,32.34239304,119.83781545,32.34239304,119.83781545,0.5800,0.00,0,1320,split_disk,12,1,-1,4238.89,2104.55,2104.55
30,218.00,32.34239304,119.83781545,32.34239304,119.83781545,32.34239304,119.83781545,0.5800,0.00,0,1320,split_disk,12,1,-1,4123.55,1996.33,1996.33
31,225.00,32.34239304,119.83781545,32.34239304,119.83781545,32.34239304,119.83781545,0.5800,0.00,0,1320,split_disk,12,1,-1,4014.86,882.06,882.06
32,233.00,32.34239304,119.83781545,32.34239304,119.83781545,32.34239304,119.83781545,0.5800,0.00,0,1320,split_disk,12,1,-1,3906.21,944.76,944.76
33,240.00,32.34239304,119.83781545,32.34239304,119.83781545,32.34239304,119.83781545,0.5800,0.00,0,1320,split_disk,12,1,-1,3797.59,1015.39,1015.39
34,247.00,32.34239304,119.83781545,32.34239304,119.83781545,32.34239304,119.83781545,0.5800,0.00,0,1320,split_disk,12,1,-1,3764.25,1658.08,1658.08
35,254.00,32.30825722,119.83781545,32.34239304,119.83781545,32.34239304,119.83781545,0.5333,3800.00,1,465,split_disk,10,1,-1,3356.00,1554.00,1554.00
36,262.00,32.30825722,119.83781545,32.34239304,119.83781545,32.34239304,119.83781545,0.5333,3800.00,1,465,split_disk,10,1,-1,3302.16,1461.62,1461.62
37,269.00,32.34239304,119.83781545,32.34239304,119.83781545,32.34239304,119.83781545,0.5800,0.00,0,1320,split_disk,12,1,-1,3431.52,1371.74,1371.74
38,276.00,32.34239304,119.83781545,32.34239304,119.83781545,32.34239304,119.83781545,0.5800,0.00,0,1320,split_disk,12,1,-1,3322.89,1284.87,1284.87
39,284.00,32.34239304,119.83781545,32.34239304,119.83781545,32.34239304,119.83781545,0.5800,0.00,0,1320,split_disk,12,1,-1,3289.63,1232.91,1232.91
40,291.00,32.34239304,119.83781545,32.34239304,119.83781545,32.34239304,119.83781545,0.5800,0.00,0,1320,split_disk,12,1,-1,3174.28,1138.07,1138.07
41,298.00,32.33700317,119.86120209,32.34239304,119.83781545,32.34239304,119.83781545,0.5333,2280.35,1,1196,split_disk,10,1,-1,1252.83,777.83,777.83
42,306.00,32.33083010,119.86158298,32.34239304,119.83781545,32.34239304,119.83781545,0.5333,2579.88,1,1061,split_disk,10,1,-1,593.81,522.09,522.09
43,313.00,32.33083010,119.86158298,32.34239304,119.83781545,32.34239304,119.83781545,0.5333,2579.88,1,1061,split_disk,10,1,-1,519.01,322.41,322.41
44,320.00,32.32065700,119.83926861,32.34239304,119.83781545,32.34239304,119.83781545,0.5100,2423.51,1,736,split_disk,9,1,-1,2278.91,2203.77,2203.77
45,328.00,32.32065700,119.83926861,32.34239304,119.83781545,32.34239304,119.83781545,0.5100,2423.51,1,736,split_disk,9,1,-1,2223.10,2139.77,2139.77
46,335.00,32.33083010,119.86158298,32.34239304,119.83781545,32.34239304,119.83781545,0.5333,2579.88,1,1061,split_disk,10,1,-1,353.99,160.93,160.93
47,343.00,32.30825722,119.83781545,32.34239304,119.83781545,32.34239304,119.83781545,0.5333,3800.00,1,465,split_disk,10,1,7,3058.57,80.10,80.10
48,350.00,32.30825722,119.83781545,32.34239304,119.83781545,32.34239304,119.83781545,0.5333,3800.00,1,465,split_disk,10,1,-1,3041.41,693.01,693.01
49,358.00,32.33700317,119.86120209,32.34239304,119.83781545,32.34239304,119.83781545,0.5333,2280.35,1,1196,split_disk,10,1,-1,825.39,643.34,643.34
50,365.00,32.33700317,119.86120209,32.34239304,119.83781545,32.33700317,119.86120209,0.5333,2280.35,1,1196,split_disk,10,1,-1,805.36,228.56,228.56
51,372.00,32.34638325,119.85439225,32.33700317,119.86120209,32.33700317,119.86120209,0.6733,1225.04,1,1418,split_disk,16,1,9,1649.72,119.82,119.82
52,379.00,32.31111599,119.89697691,32.33700317,119.86120209,32.33700317,119.86120209,0.6033,4430.60,1,538,split_disk,13,1,-1,4655.55,191.07,191.07
53,386.00,32.31111599,119.89697691,32.33700317,119.86120209,32.33700317,119.86120209,0.6033,4430.60,1,538,split_disk,13,1,8,4770.62,108.86,108.86
54,394.00,32.34638325,119.85439225,32.33700317,119.86120209,32.33700317,119.86120209,0.6733,1225.04,1,1418,split_disk,16,1,9,1481.06,143.67,143.67
55,401.00,32.34638325,119.85439225,32.33700317,119.86120209,32.33700317,119.86120209,0.6733,1225.04,1,1418,split_disk,16,1,-1,1422.62,172.01,172.01
56,408.00,32.31111599,119.89697691,32.33700317,119.86120209,32.33700317,119.86120209,0.6033,4430.60,1,538,split_disk,13,1,-1,5018.31,269.17,269.17
57,416.00,32.31111599,119.89697691,32.33700317,119.86120209,32.33700317,119.86120209,0.6033,4430.60,1,538,split_disk,13,1,-1,5127.59,187.96,187.96
58,423.00,32.31111599,119.89697691,32.33700317,119.86120209,32.33700317,119.86120209,0.6033,4430.60,1,538,split_disk,13,1,-1,5242.74,303.19,303.19
59,431.00,32.34121869,119.85585811,32.33700317,119.86120209,32.33700317,119.86120209,0.6500,687.70,1,1284,split_disk,15,1,-1,872.96,504.98,504.98
60,438.00,32.33700317,119.86120209,32.33700317,119.86120209,32.33700317,119.86120209,0.5333,0.00,0,1196,split_disk,10,1,-1,1154.41,613.99,613.99
61,445.00,32.32483451,119.86179193,32.33700317,119.86120209,32.33700317,119.86120209,0.5333,1355.75,1,882,split_disk,10,1,-1,1963.59,905.34,905.34
62,452.00,32.32456047,119.84163590,32.33700317,119.86120209,32.33700317,119.86120209,0.6033,2303.56,1,917,split_disk,13,1,4,1275.88,65.02,65.02
63,459.00,32.32456047,119.84163590,32.33700317,119.86120209,32.33700317,119.86120209,0.6033,2303.56,1,917,split_disk,13,1,4,1298.00,53.44,53.44
64,467.00,32.32456047,119.84163590,32.33700317,119.86120209,32.33700317,119.86120209,0.6033,2303.56,1,917,split_disk,13,1,3,1362.16,93.98,93.98
65,474.00,32.32456047,119.84163590,32.33700317,119.86120209,32.33700317,119.86120209,0.6033,2303.56,1,917,split_disk,13,1,5,1394.19,82.87,82.87
66,481.00,32.32456047,119.84163590,32.33700317,119.86120209,32.33700317,119.86120209,0.6033,2303.56,1,917,split_disk,13,1,-1,1433.86,223.03,223.03
67,488.00,32.32483451,119.86179193,32.33700317,119.86120209,32.33700317,119.86120209,0.5333,1355.75,1,882,split_disk,10,1,-1,2544.08,1477.06,1477.06
68,495.00,32.33700317,119.86120209,32.33700317,119.86120209,32.33700317,119.86120209,0.5333,0.00,0,1196,split_disk,10,1,-1,1836.90,1281.11,1281.11
69,502.00,32.31111599,119.89697691,32.33700317,119.86120209,32.33700317,119.86120209,0.6033,4430.60,1,538,split_disk,13,1,-1,6218.43,999.62,999.62
70,509.00,32.34638325,119.85439225,32.33700317,119.86120209,32.33700317,119.86120209,0.6733,1225.04,1,1418,split_disk,16,1,-1,1409.60,936.13,936.13
71,516.00,32.34638325,119.85439225,32.33700317,119.86120209,32.33700317,119.86120209,0.6733,1225.04,1,1418,split_disk,16,1,-1,1477.51,1477.51,1477.51
72,523.00,32.31111599,119.89697691,32.33700317,119.86120209,32.33700317,119.86120209,0.6033,4430.60,1,538,split_disk,13,1,-1,6546.03,1411.91,1411.91
73,530.00,32.34121869,119.85585811,32.33700317,119.86120209,32.33700317,119.86120209,0.6500,687.70,1,1284,split_disk,15,1,-1,1797.95,1599.87,1599.87
74,537.00,32.31111599,119.89697691,32.33700317,119.86120209,32.33700317,119.86120209,0.6033,4430.60,1,538,split_disk,13,1,-1,6691.84,1921.58,1921.58
75,544.00,32.31111599,119.89697691,32.33700317,119.86120209,32.33700317,119.86120209,0.6033,4430.60,1,538,split_disk,13,1,-1,6801.01,1545.07,1545.07
76,552.00,32.34638325,119.85439225,32.33700317,119.86120209,32.33700317,119.86120209,0.6733,1225.04,1,1418,split_disk,16,1,-1,1781.91,1583.32,1583.32
77,559.00,32.34638325,119.85439225,32.33700317,119.86120209,32.33700317,119.86120209,0.6733,1225.04,1,1418,split_disk,16,1,-1,1870.34,1671.00,1671.00
78,567.00,32.34638325,119.85439225,32.33700317,119.86120209,32.34638325,119.85439225,0.6733,1225.04,1,1418,split_disk,16,1,-1,1960.88,1761.10,1761.10
79,574.00,32.31111599,119.89697691,32.34638325,119.85439225,32.34638325,119.85439225,0.6033,5609.00,1,538,split_disk,13,1,-1,7165.42,2235.21,2235.21
80,581.00,32.31100870,119.89408908,32.34638325,119.85439225,32.34638325,119.85439225,0.5567,5426.98,1,537,split_disk,11,1,-1,7109.02,1821.46,1821.46
81,588.00,32.31111599,119.89697691,32.34638325,119.85439225,32.34638325,119.85439225,0.6033,5609.00,1,538,split_disk,13,1,-1,7383.72,1885.60,1885.60
82,595.00,32.31111599,119.89697691,32.34638325,119.85439225,32.34638325,119.85439225,0.6033,5609.00,1,538,split_disk,13,1,-1,7499.03,2567.42,2567.42
83,603.00,32.31111599,119.89697691,32.34638325,119.85439225,32.34638325,119.85439225,0.6033,5609.00,1,538,split_disk,13,1,-1,7608.19,2145.81,2145.81
84,610.00,32.31111599,119.89697691,32.34638325,119.85439225,32.34638325,119.85439225,0.6033,5609.00,1,538,split_disk,13,1,-1,7639.15,2152.05,2152.05
85,617.00,32.31111599,119.89697691,32.34638325,119.85439225,32.34638325,119.85439225,0.6033,5609.00,1,538,split_disk,13,1,-1,7748.27,2252.75,2252.75
86,625.00,32.31111599,119.89697691,32.34638325,119.85439225,32.34638325,119.85439225,0.6033,5609.00,1,538,split_disk,13,1,-1,7857.39,2429.20,2429.20
87,632.00,32.31111599,119.89697691,32.34638325,119.85439225,32.34638325,119.85439225,0.6033,5609.00,1,538,split_disk,13,1,-1,7966.52,2538.47,2538.47
88,639.00,32.31111599,119.89697691,32.34638325,119.85439225,32.31111599,119.89697691,0.6033,5609.00,1,538,split_disk,13,1,-1,8081.85,2653.19,2653.19
89,647.00,32.31111599,119.89697691,32.31111599,119.89697691,32.31111599,119.89697691,0.6033,0.00,0,538,split_disk,13,1,-1,8112.99,3184.62,3184.62
90,654.00,32.31111599,119.89697691,32.31111599,119.89697691,32.31111599,119.89697691,0.6033,0.00,0,538,split_disk,13,1,-1,8222.08,3293.06,3293.06
91,661.00,32.31111599,119.89697691,32.31111599,119.89697691,32.31111599,119.89697691,0.6033,0.00,0,538,split_disk,13,1,-1,8331.18,2503.04,2503.04
92,668.00,32.31111599,119.89697691,32.31111599,119.89697691,32.31111599,119.89697691,0.6033,0.00,0,538,split_disk,13,1,-1,8440.29,2886.27,2886.27
93,676.00,32.32423370,119.89420335,32.31111599,119.89697691,32.31111599,119.89697691,0.6267,1483.39,1,897,split_disk,14,1,-1,7591.42,2994.38,2994.38
94,683.00,32.31111599,119.89697691,32.31111599,119.89697691,32.31111599,119.89697691,0.6033,0.00,0,538,split_disk,13,1,-1,8586.93,3009.58,3009.58
95,690.00,32.32263020,119.84631968,32.31111599,119.89697691,32.31111599,119.89697691,0.5567,4934.73,1,829,split_disk,11,1,-1,4236.24,2783.76,2783.76
96,736.00,32.34638325,119.85439225,32.31111599,119.89697691,32.31111599,119.89697691,0.6733,5609.00,1,1418,split_disk,16,1,-1,3447.11,3251.86,3251.86
97,739.00,32.34638325,119.85439225,32.31111599,119.89697691,32.31111599,119.89697691,0.6733,5609.00,1,1418,split_disk,16,1,-1,3343.62,3147.92,3147.92
98,743.00,32.34638325,119.85439225,32.31111599,119.89697691,32.31111599,119.89697691,0.6733,5609.00,1,1418,split_disk,16,1,-1,3240.50,3044.36,3044.36
99,747.00,32.31111599,119.89697691,32.31111599,119.89697691,32.31111599,119.89697691,0.6033,0.00,0,538,split_disk,13,1,-1,8426.92,2909.89,2909.89
100,751.00,32.34598629,119.85269786,32.31111599,119.89697691,32.31111599,119.89697691,0.5800,5693.71,1,1417,split_disk,12,1,-1,2931.16,2903.57,2903.57
101,755.00,32.31111599,119.89697691,32.31111599,119.89697691,32.31111599,119.89697691,0.6033,0.00,0,538,split_disk,13,1,-1,8281.73,2873.01,2873.01
102,759.00,32.31111599,119.89697691,32.31111599,119.89697691,32.31111599,119.89697691,0.6033,0.00,0,538,split_disk,13,1,-1,8172.48,2726.25,2726.25
103,762.00,32.34638325,119.85439225,32.31111599,119.89697691,32.31111599,119.89697691,0.6733,5609.00,1,1418,split_disk,16,1,-1,2824.25,2625.67,2625.67
104,766.00,32.34638325,119.85439225,32.31111599,119.89697691,32.31111599,119.89697691,0.6733,5609.00,1,1418,split_disk,16,1,-1,2723.69,2524.66,2524.66
105,770.00,32.31111599,119.89697691,32.31111599,119.89697691,32.31111599,119.89697691,0.6033,0.00,0,538,split_disk,13,1,-1,7918.34,2519.28,2519.28
106,774.00,32.31111599,119.89697691,32.31111599,119.89697691,32.31111599,119.89697691,0.6033,0.00,0,538,split_disk,13,1,-1,7809.07,2869.63,2869.63
107,778.00,32.31111599,119.89697691,32.31111599,119.89697691,32.31111599,119.89697691,0.6033,0.00,0,538,split_disk,13,1,-1,7699.80,2760.39,2760.39
108,781.00,32.31111599,119.89697691,32.31111599,119.89697691,32.31111599,119.89697691,0.6033,0.00,0,538,split_disk,13,1,-1,7590.53,2229.55,2229.55
109,785.00,32.31111599,119.89697691,32.31111599,119.89697691,32.31111599,119.89697691,0.6033,0.00,0,538,split_disk,13,1,-1,7481.27,2712.11,2712.11
110,789.00,32.31111599,119.89697691,32.31111599,119.89697691,32.31111599,119.89697691,0.6033,0.00,0,538,split_disk,13,1,-1,7451.81,2066.06,2066.06
111,793.00,32.31111599,119.89697691,32.31111599,119.89697691,32.31111599,119.89697691,0.6033,0.00,0,538,split_disk,13,1,-1,7336.67,2397.04,2397.04
112,796.00,32.31111599,119.89697691,32.31111599,119.89697691,32.31111599,119.89697691,0.6033,0.00,0,538,split_disk,13,1,-1,7227.39,2287.75,2287.75
113,800.00,32.31111599,119.89697691,32.31111599,119.89697691,32.31111599,119.89697691,0.6033,0.00,0,538,split_disk,13,1,-1,7118.11,1870.39,1870.39
114,804.00,32.34638325,119.85439225,32.31111599,119.89697691,32.31111599,119.89697691,0.6733,5609.00,1,1418,split_disk,16,1,-1,2077.98,1880.64,1880.64
115,808.00,32.31111599,119.89697691,32.31111599,119.89697691,32.31111599,119.89697691,0.6033,0.00,0,538,split_disk,13,1,-1,6973.89,1798.86,1798.86
116,812.00,32.31111599,119.89697691,32.31111599,119.89697691,32.31111599,119.89697691,0.6033,0.00,0,538,split_disk,13,1,-1,6864.60,1925.50,1925.50
117,815.00,32.31111599,119.89697691,32.31111599,119.89697691,32.31111599,119.89697691,0.6033,0.00,0,538,split_disk,13,1,-1,6755.30,1816.20,1816.20
118,819.00,32.31111599,119.89697691,32.31111599,119.89697691,32.31111599,119.89697691,0.6033,0.00,0,538,split_disk,13,1,-1,6646.00,1653.52,1653.52
119,823.00,32.33761472,119.85964736,32.31111599,119.89697691,32.31111599,119.89697691,0.5100,4586.18,1,1195,split_disk,9,1,-1,2022.67,1773.52,1773.52
120,827.00,32.31111599,119.89697691,32.31111599,119.89697691,32.31111599,119.89697691,0.6033,0.00,0,538,split_disk,13,1,-1,6502.21,1744.40,1744.40
121,830.00,32.31100870,119.89408908,32.31111599,119.89697691,32.31111599,119.89697691,0.5567,271.92,1,537,split_disk,11,1,-1,6222.05,973.23,973.23
122,834.00,32.32713539,119.86044033,32.31111599,119.89697691,32.31111599,119.89697691,0.5100,3872.11,1,926,split_disk,9,1,-1,2449.68,999.08,999.08
123,838.00,32.31224743,119.89731970,32.31111599,119.89697691,32.31111599,119.89697691,0.6267,130.01,1,583,split_disk,14,1,-1,6074.16,901.04,901.04
124,842.00,32.34768635,119.83998541,32.31111599,119.89697691,32.31111599,119.89697691,0.5333,6731.71,1,1457,split_disk,10,1,-1,1100.18,1058.35,1058.35
125,845.00,32.33700317,119.86120209,32.31111599,119.89697691,32.31111599,119.89697691,0.5333,4430.60,1,1196,split_disk,10,1,-1,1806.90,1355.84,1355.84
126,849.00,32.35317278,119.85057180,32.31111599,119.89697691,32.31111599,119.89697691,0.5100,6401.19,1,1596,split_disk,9,1,-1,1946.49,1305.97,1305.97
127,853.00,32.32456047,119.84163590,32.31111599,119.89697691,32.31111599,119.89697691,0.6033,5416.83,1,917,split_disk,13,1,7,1147.35,69.57,69.57
128,857.00,32.32456047,119.84163590,32.31111599,119.89697691,32.31111599,119.89697691,0.6033,5416.83,1,917,split_disk,13,1,-1,1101.17,153.93,153.93
129,861.00,32.32456047,119.84163590,32.31111599,119.89697691,32.31111599,119.89697691,0.6033,5416.83,1,917,split_disk,13,1,-1,1075.99,191.97,191.97
130,865.00,32.32456047,119.84163590,32.31111599,119.89697691,32.32456047,119.84163590,0.6033,5416.83,1,917,split_disk,13,1,-1,1023.90,247.09,247.09
131,868.00,32.30825722,119.83781545,32.32456047,119.84163590,32.32456047,119.84163590,0.5333,1850.12,1,465,split_disk,10,1,-1,3025.09,1339.81,1339.81
132,872.00,32.34239304,119.83781545,32.32456047,119.84163590,32.32456047,119.84163590,0.5800,2017.39,1,1320,split_disk,12,1,-1,1353.86,876.41,876.41
133,876.00,32.30825722,119.83781545,32.32456047,119.84163590,32.32456047,119.84163590,0.5333,1850.12,1,465,split_disk,10,1,-1,2979.70,1167.32,1167.32
134,880.00,32.30825722,119.83781545,32.32456047,119.84163590,32.32456047,119.84163590,0.5333,1850.12,1,465,split_disk,10,1,-1,2952.54,1624.89,1624.89
135,884.00,32.31111599,119.89697691,32.32456047,119.84163590,32.32456047,119.84163590,0.6033,5416.83,1,538,split_disk,13,1,-1,5090.58,458.47,458.47
136,887.00,32.31111599,119.89697691,32.32456047,119.84163590,32.32456047,119.84163590,0.6033,5416.83,1,538,split_disk,13,1,-1,4981.32,213.49,213.49
137,891.00,32.34638325,119.85439225,32.32456047,119.84163590,32.32456047,119.84163590,0.6733,2709.53,1,1418,split_disk,16,1,-1,1667.31,307.05,307.05
138,895.00,32.34638325,119.85439225,32.32456047,119.84163590,32.32456047,119.84163590,0.6733,2709.53,1,1418,split_disk,16,1,-1,1710.30,197.76,197.76
139,899.00,32.31111599,119.89697691,32.32456047,119.84163590,32.32456047,119.84163590,0.6033,5416.83,1,538,split_disk,13,1,6,4648.21,83.68,83.68
140,902.00,32.29388424,119.81655486,32.32456047,119.84163590,32.29388424,119.81655486,0.6267,4150.68,1,95,split_disk,14,1,-1,5311.83,431.15,431.15
141,906.00,32.32456047,119.84163590,32.29388424,119.81655486,32.29388424,119.81655486,0.6033,4150.68,1,917,split_disk,13,1,-1,1258.00,513.65,513.65
142,910.00,32.30825722,119.83781545,32.29388424,119.81655486,32.29388424,119.81655486,0.5333,2561.25,1,465,split_disk,10,1,-1,2838.04,319.49,319.49
143,914.00,32.33083010,119.86158298,32.29388424,119.81655486,32.29388424,119.81655486,0.5333,5904.02,1,1061,split_disk,10,1,-1,563.96,281.14,281.14
144,917.00,32.29931702,119.81328034,32.29388424,119.81655486,32.29388424,119.81655486,0.4867,678.71,1,228,split_disk,8,1,-1,5324.69,396.54,396.54
145,921.00,32.33083010,119.86158298,32.29388424,119.81655486,32.29388424,119.81655486,0.5333,5904.02,1,1061,split_disk,10,1,-1,595.38,329.49,329.49
146,925.00,32.33083010,119.86158298,32.29388424,119.81655486,32.29388424,119.81655486,0.5333,5904.02,1,1061,split_disk,10,1,-1,605.74,369.28,369.28
147,929.00,32.29388424,119.81655486,32.29388424,119.81655486,32.29388424,119.81655486,0.6267,0.00,0,95,split_disk,14,1,-1,5422.63,444.58,444.58
148,933.00,32.33083010,119.86158298,32.29388424,119.81655486,32.29388424,119.81655486,0.5333,5904.02,1,1061,split_disk,10,1,-1,691.93,492.03,492.03
149,936.00,32.33083010,119.86158298,32.29388424,119.81655486,32.29388424,119.81655486,0.5333,5904.02,1,1061,split_disk,10,1,-1,751.09,612.55,612.55
150,940.00,32.32483451,119.86179193,32.29388424,119.81655486,32.29388424,119.81655486,0.5333,5475.38,1,882,split_disk,10,1,1,124.98,124.98,124.98
151,944.00,32.34239304,119.83781545,32.29388424,119.81655486,32.29388424,119.81655486,0.5800,5758.47,1,1320,split_disk,12,1,-1,3138.60,934.63,934.63
152,948.00,32.34239304,119.83781545,32.29388424,119.81655486,32.29388424,119.81655486,0.5800,5758.47,1,1320,split_disk,12,1,-1,3246.17,1129.51,1129.51
153,952.00,32.34239304,119.83781545,32.29388424,119.81655486,32.29388424,119.81655486,0.5800,5758.47,1,1320,split_disk,12,1,-1,3361.08,1239.36,1239.36
154,955.00,32.34239304,119.83781545,32.29388424,119.81655486,32.29388424,119.81655486,0.5800,5758.47,1,1320,split_disk,12,1,-1,3468.82,1505.98,1505.98
155,959.00,32.34239304,119.83781545,32.29388424,119.81655486,32.29388424,119.81655486,0.5800,5758.47,1,1320,split_disk,12,1,-1,3504.97,1384.98,1384.98
156,963.00,32.34239304,119.83781545,32.29388424,119.81655486,32.29388424,119.81655486,0.5800,5758.47,1,1320,split_disk,12,1,-1,3612.58,1487.24,1487.24
157,967.00,32.34239304,119.83781545,32.29388424,119.81655486,32.34239304,119.83781545,0.5800,5758.47,1,1320,split_disk,12,1,-1,3720.30,1726.53,1726.53
158,971.00,32.34239304,119.83781545,32.34239304,119.83781545,32.34239304,119.83781545,0.5800,0.00,0,1320,split_disk,12,1,-1,3835.27,1824.49,1824.49
159,974.00,32.34239304,119.83781545,32.34239304,119.83781545,32.34239304,119.83781545,0.5800,0.00,0,1320,split_disk,12,1,-1,3943.11,1914.34,1914.34
160,978.00,32.34239304,119.83781545,32.34239304,119.83781545,32.34239304,119.83781545,0.5800,0.00,0,1320,split_disk,12,1,-1,3979.00,1964.68,1964.68
161,982.00,32.34239304,119.83781545,32.34239304,119.83781545,32.34239304,119.83781545,0.5800,0.00,0,1320,split_disk,12,1,-1,4086.74,2055.72,2055.72
162,986.00,32.34239304,119.83781545,32.34239304,119.83781545,32.34239304,119.83781545,0.5800,0.00,0,1320,split_disk,12,1,-1,4201.71,2158.27,2158.27
163,989.00,32.34239304,119.83781545,32.34239304,119.83781545,32.34239304,119.83781545,0.5800,0.00,0,1320,split_disk,12,1,-1,4309.57,2252.37,2252.37
164,993.00,32.34239304,119.83781545,32.34239304,119.83781545,32.34239304,119.83781545,0.5800,0.00,0,1320,split_disk,12,1,-1,4417.50,2347.79,2347.79
165,997.00,32.34239304,119.83781545,32.34239304,119.83781545,32.34239304,119.83781545,0.5800,0.00,0,1320,split_disk,12,1,-1,4453.18,2395.75,2395.75
166,1001.00,32.34488704,119.89037020,32.34239304,119.83781545,32.34239304,119.83781545,0.6267,4951.66,1,1390,split_disk,14,1,-1,3468.98,2491.71,2491.71
167,1004.00,32.34488704,119.89037020,32.34239304,119.83781545,32.34239304,119.83781545,0.6267,4951.66,1,1390,split_disk,14,1,-1,3480.13,2588.74,2588.74
168,1008.00,32.34239304,119.83781545,32.34239304,119.83781545,32.34239304,119.83781545,0.5800,0.00,0,1320,split_disk,12,1,-1,4783.96,2695.98,2695.98
169,1012.00,32.34239304,119.83781545,32.34239304,119.83781545,32.34239304,119.83781545,0.5800,0.00,0,1320,split_disk,12,1,-1,4891.95,2794.69,2794.69
170,1016.00,32.34768635,119.83998541,32.34239304,119.83781545,32.34239304,119.83781545,0.5333,623.61,1,1457,split_disk,10,1,-1,5056.55,3580.41,3580.41
171,1020.00,32.29931702,119.81328034,32.34239304,119.83781545,32.34239304,119.83781545,0.4867,5321.77,1,228,split_disk,8,1,-1,6471.03,2939.73,2939.73
172,1023.00,32.33700317,119.86120209,32.34239304,119.83781545,32.34239304,119.83781545,0.5333,2280.35,1,1196,split_disk,10,1,-1,3213.47,3048.46,3048.46
173,1027.00,32.33685297,119.89114466,32.34239304,119.83781545,32.34239304,119.83781545,0.5567,5054.49,1,1210,split_disk,11,1,-1,2894.87,2688.42,2688.42
174,1031.00,32.33685297,119.89114466,32.34239304,119.83781545,32.34239304,119.83781545,0.5567,5054.49,1,1210,split_disk,11,1,-1,2919.02,2919.02,2919.02
175,1035.00,32.34239304,119.83781545,32.34239304,119.83781545,32.34239304,119.83781545,0.5800,0.00,0,1320,split_disk,12,1,-1,5401.83,1458.56,1458.56
176,1039.00,32.33700317,119.86120209,32.34239304,119.83781545,32.34239304,119.83781545,0.5333,2280.35,1,1196,split_disk,10,1,-1,3565.57,3403.89,3403.89
177,1042.00,32.33700317,119.86120209,32.34239304,119.83781545,32.34239304,119.83781545,0.5333,2280.35,1,1196,split_disk,10,1,-1,3665.48,3505.24,3505.24
178,1046.00,32.33083010,119.86158298,32.34239304,119.83781545,32.34239304,119.83781545,0.5333,2579.88,1,1061,split_disk,10,1,-1,3302.75,3158.62,3158.62
179,1050.00,32.32483451,119.86179193,32.34239304,119.83781545,32.34239304,119.83781545,0.5333,2984.58,1,882,split_disk,10,1,-1,2717.39,2717.39,2717.39
180,1054.00,32.32483451,119.86179193,32.34239304,119.83781545,32.34239304,119.83781545,0.5333,2984.58,1,882,split_disk,10,1,-1,2752.23,2752.23,2752.23
181,1058.00,32.33700317,119.86120209,32.34239304,119.83781545,32.34239304,119.83781545,0.5333,2280.35,1,1196,split_disk,10,1,-1,4021.23,3417.62,3417.62
182,1061.00,32.29931702,119.81328034,32.34239304,119.83781545,32.34239304,119.83781545,0.4867,5321.77,1,228,split_disk,8,1,-1,7182.41,6073.84,6073.84
183,1065.00,32.29931702,119.81328034,32.34239304,119.83781545,32.34239304,119.83781545,0.4867,5321.77,1,228,split_disk,8,1,-1,7268.72,3629.99,3629.99
184,1069.00,32.32065700,119.83926861,32.34239304,119.83781545,32.34239304,119.83781545,0.5100,2423.51,1,736,split_disk,9,1,-1,4905.22,4905.22,4905.22
185,1073.00,32.29931702,119.81328034,32.34239304,119.83781545,32.29931702,119.81328034,0.4867,5321.77,1,228,split_disk,8,1,-1,7349.59,4982.84,4982.84
186,1077.00,32.33083010,119.86158298,32.29931702,119.81328034,32.29931702,119.81328034,0.5333,5740.47,1,1061,split_disk,10,1,-1,4030.27,3889.06,3889.06
187,1080.00,32.29388424,119.81655486,32.29931702,119.81328034,32.29931702,119.81328034,0.6267,678.71,1,95,split_disk,14,1,-1,7206.17,3995.52,3995.52
188,1084.00,32.29388424,119.81655486,32.29931702,119.81328034,32.29931702,119.81328034,0.6267,678.71,1,95,split_disk,14,1,-1,7289.52,859.75,859.75
189,1088.00,32.29388424,119.81655486,32.29931702,119.81328034,32.29931702,119.81328034,0.6267,678.71,1,95,split_disk,14,1,-1,7373.55,4208.89,4208.89
190,1092.00,32.33083010,119.86158298,32.29931702,119.81328034,32.29931702,119.81328034,0.5333,5740.47,1,1061,split_disk,10,1,-1,4386.79,4246.94,4246.94
191,1096.00,32.33083010,119.86158298,32.29931702,119.81328034,32.29931702,119.81328034,0.5333,5740.47,1,1061,split_disk,10,1,-1,4500.47,4361.21,4361.21
192,1140.00,32.33083010,119.86158298,32.29931702,119.81328034,32.29931702,119.81328034,0.5333,5740.47,1,1061,split_disk,10,1,-1,4580.57,3599.39,3599.39
193,1147.00,32.29388424,119.81655486,32.29931702,119.81328034,32.29931702,119.81328034,0.6267,678.71,1,95,split_disk,14,1,-1,7243.69,4329.46,4329.46
194,1154.00,32.29388424,119.81655486,32.29931702,119.81328034,32.29931702,119.81328034,0.6267,678.71,1,95,split_disk,14,1,-1,7158.75,1113.10,1113.10
195,1162.00,32.29388424,119.81655486,32.29931702,119.81328034,32.29388424,119.81655486,0.6267,678.71,1,95,split_disk,14,1,-1,7073.09,4111.26,4111.26
196,1169.00,32.32456047,119.84163590,32.29388424,119.81655486,32.29388424,119.81655486,0.6033,4150.68,1,917,split_disk,13,1,-1,5263.13,4070.72,4070.72
197,1177.00,32.33083010,119.86158298,32.29388424,119.81655486,32.29388424,119.81655486,0.5333,5904.02,1,1061,split_disk,10,1,-1,4114.03,3965.70,3965.70
198,1184.00,32.33083010,119.86158298,32.29388424,119.81655486,32.29388424,119.81655486,0.5333,5904.02,1,1061,split_disk,10,1,-1,4001.91,3852.73,3852.73
199,1191.00,32.33083010,119.86158298,32.29388424,119.81655486,32.29388424,119.81655486,0.5333,5904.02,1,1061,split_disk,10,1,-1,3898.46,3748.13,3748.13
200,1198.00,32.29931702,119.81328034,32.29388424,119.81655486,32.29388424,119.81655486,0.4867,678.71,1,228,split_disk,8,1,-1,7059.84,3779.96,3779.96
201,1206.00,32.34768635,119.84280975,32.29388424,119.81655486,32.29388424,119.81655486,0.4867,6478.51,1,1458,split_disk,8,1,-1,6160.63,4510.05,4510.05
202,1213.00,32.32065700,119.83926861,32.29388424,119.81655486,32.29388424,119.81655486,0.5100,3667.14,1,736,split_disk,9,1,-1,4555.41,4407.22,4407.22
203,1221.00,32.33083010,119.86158298,32.29388424,119.81655486,32.29388424,119.81655486,0.5333,5904.02,1,1061,split_disk,10,1,-1,3538.23,3385.72,3385.72
204,1228.00,32.33700317,119.86120209,32.29388424,119.81655486,32.29388424,119.81655486,0.5333,6378.09,1,1196,split_disk,10,1,-1,3922.49,3435.81,3435.81
205,1236.00,32.33700317,119.86120209,32.29388424,119.81655486,32.33700317,119.86120209,0.5333,6378.09,1,1196,split_disk,10,1,-1,3824.76,3657.51,3657.51
206,1243.00,32.33685297,119.89114466,32.33700317,119.86120209,32.33700317,119.86120209,0.5567,2816.77,1,1210,split_disk,11,1,-1,3260.28,3260.28,3260.28
207,1250.00,32.34239304,119.83781545,32.33700317,119.86120209,32.33700317,119.86120209,0.5800,2280.35,1,1320,split_disk,12,1,-1,5576.26,3188.21,3188.21
208,1257.00,32.34239304,119.83781545,32.33700317,119.86120209,32.33700317,119.86120209,0.5800,2280.35,1,1320,split_disk,12,1,-1,5461.63,3335.20,3335.20
209,1265.00,32.34239304,119.83781545,32.33700317,119.86120209,32.33700317,119.86120209,0.5800,2280.35,1,1320,split_disk,12,1,-1,5354.50,3230.64,3230.64
210,1272.00,32.34239304,119.83781545,32.33700317,119.86120209,32.33700317,119.86120209,0.5800,2280.35,1,1320,split_disk,12,1,-1,5247.46,3126.41,3126.41
211,1280.00,32.34239304,119.83781545,32.33700317,119.86120209,32.33700317,119.86120209,0.5800,2280.35,1,1320,split_disk,12,1,-1,5210.08,3084.98,3084.98
212,1287.00,32.33700317,119.86120209,32.33700317,119.86120209,32.33700317,119.86120209,0.5333,0.00,0,1196,split_disk,10,1,-1,3229.72,3056.86,3056.86
213,1295.00,32.33700317,119.86120209,32.33700317,119.86120209,32.33700317,119.86120209,0.5333,0.00,0,1196,split_disk,10,1,-1,3135.63,2961.04,2961.04
214,1302.00,32.34239304,119.83781545,32.33700317,119.86120209,32.33700317,119.86120209,0.5800,2280.35,1,1320,split_disk,12,1,-1,4881.46,2866.18,2866.18
215,1310.00,32.34239304,119.83781545,32.33700317,119.86120209,32.33700317,119.86120209,0.5800,2280.35,1,1320,split_disk,12,1,-1,4774.61,2772.39,2772.39
216,1317.00,32.34239304,119.83781545,32.33700317,119.86120209,32.33700317,119.86120209,0.5800,2280.35,1,1320,split_disk,12,1,-1,4736.90,2619.09,2619.09
217,1325.00,32.34317625,119.88872659,32.33700317,119.86120209,32.33700317,119.86120209,0.6033,2678.89,1,1344,split_disk,13,1,-1,3424.79,2207.58,2207.58
218,1332.00,32.30825722,119.83781545,32.33700317,119.86120209,32.33700317,119.86120209,0.5333,3883.30,1,465,split_disk,10,1,-1,3389.03,2111.05,2111.05
219,1340.00,32.34239304,119.83781545,32.33700317,119.86120209,32.33700317,119.86120209,0.5800,2280.35,1,1320,split_disk,12,1,-1,4408.79,2437.71,2437.71
220,1348.00,32.34239304,119.83781545,32.33700317,119.86120209,32.33700317,119.86120209,0.5800,2280.35,1,1320,split_disk,12,1,-1,4302.16,2348.74,2348.74
221,1355.00,32.34239304,119.83781545,32.33700317,119.86120209,32.33700317,119.86120209,0.5800,2280.35,1,1320,split_disk,12,1,-1,4264.05,2297.65,2297.65
222,1363.00,32.34239304,119.83781545,32.33700317,119.86120209,32.33700317,119.86120209,0.5800,2280.35,1,1320,split_disk,12,1,-1,4149.71,2199.53,2199.53
223,1370.00,32.34239304,119.83781545,32.33700317,119.86120209,32.34239304,119.83781545,0.5800,2280.35,1,1320,split_disk,12,1,-1,4043.08,2113.60,2113.60
224,1377.00,32.34239304,119.83781545,32.34239304,119.83781545,32.34239304,119.83781545,0.5800,0.00,0,1320,split_disk,12,1,-1,3936.60,1369.19,1369.19
225,1385.00,32.33685297,119.89114466,32.34239304,119.83781545,32.34239304,119.83781545,0.5567,5054.49,1,1210,split_disk,11,1,-1,3061.34,1948.78,1948.78
226,1392.00,32.34239304,119.83781545,32.34239304,119.83781545,32.34239304,119.83781545,0.5800,0.00,0,1320,split_disk,12,1,-1,3791.68,1895.41,1895.41
227,1400.00,32.34239304,119.83781545,32.34239304,119.83781545,32.34239304,119.83781545,0.5800,0.00,0,1320,split_disk,12,1,-1,3677.53,1455.91,1455.91
228,1408.00,32.34239304,119.83781545,32.34239304,119.83781545,32.34239304,119.83781545,0.5800,0.00,0,1320,split_disk,12,1,-1,3571.23,1673.89,1673.89
229,1416.00,32.33700317,119.86120209,32.34239304,119.83781545,32.34239304,119.83781545,0.5333,2280.35,1,1196,split_disk,10,1,-1,1855.89,1135.87,1135.87
230,1423.00,32.34239304,119.83781545,32.34239304,119.83781545,32.34239304,119.83781545,0.5800,0.00,0,1320,split_disk,12,1,-1,3359.20,1590.49,1590.49
231,1431.00,32.34239304,119.83781545,32.34239304,119.83781545,32.34239304,119.83781545,0.5800,0.00,0,1320,split_disk,12,1,-1,3312.18,1524.09,1524.09
232,1438.00,32.34294021,119.83556243,32.34239304,119.83781545,32.34239304,119.83781545,0.6267,220.52,1,1319,split_disk,14,1,-1,3350.98,1484.72,1484.72
233,1446.00,32.34239304,119.83781545,32.34239304,119.83781545,32.34239304,119.83781545,0.5800,0.00,0,1320,split_disk,12,1,-1,3100.24,1403.49,1403.49
234,1453.00,32.34239304,119.84631968,32.34239304,119.83781545,32.34239304,119.83781545,0.5567,800.00,1,1324,split_disk,11,1,-1,2503.75,1773.60,1773.60
235,1461.00,32.33083010,119.86158298,32.34239304,119.83781545,32.34239304,119.83781545,0.5333,2579.88,1,1061,split_disk,10,1,-1,915.78,692.08,692.08
236,1468.00,32.29388424,119.81655486,32.34239304,119.83781545,32.34239304,119.83781545,0.6267,5758.47,1,95,split_disk,14,1,-1,5227.98,625.29,625.29
237,1476.00,32.33083010,119.86158298,32.34239304,119.83781545,32.34239304,119.83781545,0.5333,2579.88,1,1061,split_disk,10,1,-1,826.44,578.51,578.51
238,1484.00,32.30825722,119.83781545,32.34239304,119.83781545,32.34239304,119.83781545,0.5333,3800.00,1,465,split_disk,10,1,-1,2610.41,549.78,549.78
239,1492.00,32.30825722,119.83781545,32.34239304,119.83781545,32.34239304,119.83781545,0.5333,3800.00,1,465,split_disk,10,1,-1,2587.78,541.98,541.98
240,1500.00,32.30825722,119.83781545,32.34239304,119.83781545,32.34239304,119.83781545,0.5333,3800.00,1,465,split_disk,10,1,-1,2569.60,555.98,555.98
241,1507.00,32.30825722,119.83781545,32.34239304,119.83781545,32.34239304,119.83781545,0.5333,3800.00,1,465,split_disk,10,1,-1,2621.86,2037.27,2037.27
242,1515.00,32.30825722,119.83781545,32.34239304,119.83781545,32.34239304,119.83781545,0.5333,3800.00,1,465,split_disk,10,1,-1,2609.93,574.73,574.73
243,1522.00,32.30825722,119.83781545,32.34239304,119.83781545,32.30825722,119.83781545,0.5333,3800.00,1,465,split_disk,10,1,-1,2602.54,614.08,614.08
244,1530.00,32.29388424,119.81655486,32.30825722,119.83781545,32.30825722,119.83781545,0.6267,2561.25,1,95,split_disk,14,1,-1,5078.95,627.81,627.81
245,1538.00,32.33763617,119.86513681,32.30825722,119.83781545,32.30825722,119.83781545,0.5333,4159.52,1,1198,split_disk,10,1,-1,1637.90,966.37,966.37
246,1545.00,32.33763617,119.86513681,32.30825722,119.83781545,32.30825722,119.83781545,0.5333,4159.52,1,1198,split_disk,10,1,-1,1601.63,1419.85,1419.85
247,1553.00,32.33763617,119.86513681,32.30825722,119.83781545,32.30825722,119.83781545,0.5333,4159.52,1,1198,split_disk,10,1,-1,1654.92,1446.38,1446.38
248,1560.00,32.33083010,119.86158298,32.30825722,119.83781545,32.30825722,119.83781545,0.5333,3363.51,1,1061,split_disk,10,1,-1,1155.78,819.49,819.49
249,1568.00,32.34239304,119.83781545,32.30825722,119.83781545,32.30825722,119.83781545,0.5800,3800.00,1,1320,split_disk,12,1,-1,1598.37,1146.93,1146.93
250,1576.00,32.35142980,119.83073899,32.30825722,119.83781545,32.30825722,119.83781545,0.5800,4851.86,1,1542,split_disk,12,1,-1,2662.39,1759.33,1759.33
251,1583.00,32.34523527,119.83235139,32.30825722,119.83781545,32.30825722,119.83781545,0.6267,4148.36,1,1407,split_disk,14,1,-1,2137.15,1382.87,1382.87
252,1591.00,32.32456047,119.84163590,32.30825722,119.83781545,32.30825722,119.83781545,0.6033,1850.12,1,917,split_disk,13,1,-1,790.59,502.19,502.19
253,1599.00,32.32456047,119.84163590,32.30825722,119.83781545,32.32456047,119.84163590,0.6033,1850.12,1,917,split_disk,13,1,-1,803.22,452.04,452.04
254,1606.00,32.32456047,119.84163590,32.32456047,119.84163590,32.32456047,119.84163590,0.6033,0.00,0,917,split_disk,13,1,-1,830.17,390.40,390.40
255,1614.00,32.32456047,119.84163590,32.32456047,119.84163590,32.32456047,119.84163590,0.6033,0.00,0,917,split_disk,13,1,-1,870.12,352.67,352.67
256,1621.00,32.33700317,119.86120209,32.32456047,119.84163590,32.32456047,119.84163590,0.5333,2303.56,1,1196,split_disk,10,1,-1,1733.06,1559.25,1559.25
257,1628.00,32.34239304,119.83781545,32.32456047,119.84163590,32.32456047,119.84163590,0.5800,2017.39,1,1320,split_disk,12,1,-1,902.26,902.26,902.26
258,1636.00,32.33700317,119.86120209,32.32456047,119.84163590,32.32456047,119.84163590,0.5333,2303.56,1,1196,split_disk,10,1,-1,1906.84,1520.10,1520.10
259,1643.00,32.33700317,119.86120209,32.32456047,119.84163590,32.32456047,119.84163590,0.5333,2303.56,1,1196,split_disk,10,1,-1,1996.50,1305.68,1305.68
260,1651.00,32.34768635,119.84280975,32.32456047,119.84163590,32.32456047,119.84163590,0.4867,2576.74,1,1458,split_disk,8,1,-1,1326.97,1238.77,1238.77
261,1658.00,32.33693880,119.85608083,32.32456047,119.84163590,32.32456047,119.84163590,0.6033,1935.26,1,1193,split_disk,13,1,-1,1488.73,1183.35,1183.35
262,1666.00,32.33693880,119.85608083,32.32456047,119.84163590,32.32456047,119.84163590,0.6033,1935.26,1,1193,split_disk,13,1,-1,1584.54,1122.56,1122.56
263,1674.00,32.33083010,119.86158298,32.32456047,119.84163590,32.32456047,119.84163590,0.5333,2002.03,1,1061,split_disk,10,1,-1,2391.87,2093.77,2093.77
264,1682.00,32.31111599,119.89697691,32.32456047,119.84163590,32.32456047,119.84163590,0.6033,5416.83,1,538,split_disk,13,1,-1,6598.64,1862.07,1862.07
265,1689.00,32.31111599,119.89697691,32.32456047,119.84163590,32.31111599,119.89697691,0.6033,5416.83,1,538,split_disk,13,1,-1,6707.90,1789.32,1789.32
266,1697.00,32.31111599,119.89697691,32.31111599,119.89697691,32.31111599,119.89697691,0.6033,0.00,0,538,split_disk,13,1,-1,6735.09,1469.08,1469.08
267,1704.00,32.31111599,119.89697691,32.31111599,119.89697691,32.31111599,119.89697691,0.6033,0.00,0,538,split_disk,13,1,-1,6844.37,1567.84,1567.84
268,1711.00,32.31111599,119.89697691,32.31111599,119.89697691,32.31111599,119.89697691,0.6033,0.00,0,538,split_disk,13,1,-1,6953.66,2027.40,2027.40
269,1718.00,32.34638325,119.85439225,32.31111599,119.89697691,32.31111599,119.89697691,0.6733,5609.00,1,1418,split_disk,16,1,-1,2206.93,2065.53,2065.53
270,1726.00,32.34638325,119.85439225,32.31111599,119.89697691,32.31111599,119.89697691,0.6733,5609.00,1,1418,split_disk,16,1,-1,2286.83,2091.21,2091.21
271,1734.00,32.32423370,119.89420335,32.31111599,119.89697691,32.31111599,119.89697691,0.6267,1483.39,1,897,split_disk,14,1,-1,6363.84,2079.81,2079.81
272,1742.00,32.31111599,119.89697691,32.31111599,119.89697691,32.31111599,119.89697691,0.6033,0.00,0,538,split_disk,13,1,-1,7314.67,2382.26,2382.26
273,1749.00,32.31111599,119.89697691,32.31111599,119.89697691,32.31111599,119.89697691,0.6033,0.00,0,538,split_disk,13,1,-1,7429.54,2279.69,2279.69
274,1757.00,32.34638325,119.85439225,32.31111599,119.89697691,32.31111599,119.89697691,0.6733,5609.00,1,1418,split_disk,16,1,-1,2533.02,2333.84,2333.84
275,1765.00,32.34638325,119.85439225,32.31111599,119.89697691,32.31111599,119.89697691,0.6733,5609.00,1,1418,split_disk,16,1,-1,2622.64,2423.07,2423.07
276,1772.00,32.34638325,119.85439225,32.31111599,119.89697691,32.31111599,119.89697691,0.6733,5609.00,1,1418,split_disk,16,1,-1,2619.72,2419.91,2419.91
277,1780.00,32.34638325,119.85439225,32.31111599,119.89697691,32.31111599,119.89697691,0.6733,5609.00,1,1418,split_disk,16,1,-1,2712.03,2512.07,2512.07
278,1787.00,32.34638325,119.85439225,32.31111599,119.89697691,32.31111599,119.89697691,0.6733,5609.00,1,1418,split_disk,16,1,-1,2805.56,2605.56,2605.56
279,1795.00,32.34638325,119.85439225,32.31111599,119.89697691,32.31111599,119.89697691,0.6733,5609.00,1,1418,split_disk,16,1,-1,2900.19,2700.24,2700.24
280,1803.00,32.34638325,119.85439225,32.31111599,119.89697691,32.31111599,119.89697691,0.6733,5609.00,1,1418,split_disk,16,1,-1,2996.27,2794.73,2794.73
281,1810.00,32.34638325,119.85439225,32.31111599,119.89697691,32.31111599,119.89697691,0.6733,5609.00,1,1418,split_disk,16,1,-1,2999.09,2793.77,2793.77
282,1818.00,32.34638325,119.85439225,32.31111599,119.89697691,32.31111599,119.89697691,0.6733,5609.00,1,1418,split_disk,16,1,-1,3096.72,2897.34,2897.34
283,1825.00,32.34638325,119.85439225,32.31111599,119.89697691,32.34638325,119.85439225,0.6733,5609.00,1,1418,split_disk,16,1,-1,3195.12,2983.23,2983.23
284,1832.00,32.31111599,119.89697691,32.34638325,119.85439225,32.34638325,119.85439225,0.6033,5609.00,1,538,split_disk,13,1,-1,8481.09,3079.96,3079.96
285,1840.00,32.34638325,119.85439225,32.34638325,119.85439225,32.34638325,119.85439225,0.6733,0.00,0,1418,split_disk,16,1,-1,3395.25,3196.83,3196.83
286,1847.00,32.31111599,119.89697691,32.34638325,119.85439225,32.34638325,119.85439225,0.6033,5609.00,1,538,split_disk,13,1,-1,8619.12,3204.50,3204.50
287,1855.00,32.31111599,119.89697691,32.34638325,119.85439225,32.34638325,119.85439225,0.6033,5609.00,1,538,split_disk,13,1,-1,8728.42,3789.28,3789.28
288,1901.00,32.34638325,119.85439225,32.34638325,119.85439225,32.34638325,119.85439225,0.6733,0.00,0,1418,split_disk,16,1,-1,3668.61,3469.55,3469.55
289,1905.00,32.34638325,119.85439225,32.34638325,119.85439225,32.34638325,119.85439225,0.6733,0.00,0,1418,split_disk,16,1,-1,3570.00,3370.71,3370.71
290,1908.00,32.34638325,119.85439225,32.34638325,119.85439225,32.34638325,119.85439225,0.6733,0.00,0,1418,split_disk,16,1,-1,3472.04,3272.52,3272.52
291,1912.00,32.31111599,119.89697691,32.34638325,119.85439225,32.34638325,119.85439225,0.6033,5609.00,1,538,split_disk,13,1,-1,8554.62,3626.20,3626.20
292,1916.00,32.34638325,119.85439225,32.34638325,119.85439225,32.34638325,119.85439225,0.6733,0.00,0,1418,split_disk,16,1,-1,3371.87,3171.99,3171.99
293,1920.00,32.34638325,119.85439225,32.34638325,119.85439225,32.34638325,119.85439225,0.6733,0.00,0,1418,split_disk,16,1,-1,3276.41,3076.44,3076.44
294,1924.00,32.34638325,119.85439225,32.34638325,119.85439225,32.34638325,119.85439225,0.6733,0.00,0,1418,split_disk,16,1,-1,3181.84,2981.84,2981.84
295,1927.00,32.34638325,119.85439225,32.34638325,119.85439225,32.34638325,119.85439225,0.6733,0.00,0,1418,split_disk,16,1,-1,3088.25,2888.28,2888.28
296,1931.00,32.34638325,119.85439225,32.34638325,119.85439225,32.34638325,119.85439225,0.6733,0.00,0,1418,split_disk,16,1,-1,3089.72,2889.86,2889.86
297,1935.00,32.34638325,119.85439225,32.34638325,119.85439225,32.34638325,119.85439225,0.6733,0.00,0,1418,split_disk,16,1,-1,2998.90,2799.28,2799.28
298,1939.00,32.34638325,119.85439225,32.34638325,119.85439225,32.34638325,119.85439225,0.6733,0.00,0,1418,split_disk,16,1,-1,2908.92,2709.60,2709.60
299,1943.00,32.34638325,119.85439225,32.34638325,119.85439225,32.34638325,119.85439225,0.6733,0.00,0,1418,split_disk,16,1,-1,2820.29,2621.42,2621.42
300,1947.00,32.34638325,119.85439225,32.34638325,119.85439225,32.34638325,119.85439225,0.6733,0.00,0,1418,split_disk,16,1,-1,2733.17,2534.88,2534.88
301,1951.00,32.34638325,119.85439225,32.34638325,119.85439225,32.34638325,119.85439225,0.6733,0.00,0,1418,split_disk,16,1,-1,2740.72,2543.02,2543.02
302,1954.00,32.34638325,119.85439225,32.34638325,119.85439225,32.34638325,119.85439225,0.6733,0.00,0,1418,split_disk,16,1,-1,2658.58,2461.93,2461.93
303,1958.00,32.31111599,119.89697691,32.34638325,119.85439225,32.34638325,119.85439225,0.6033,5609.00,1,538,split_disk,13,1,-1,7392.75,2381.19,2381.19
304,1962.00,32.34638325,119.85439225,32.34638325,119.85439225,32.34638325,119.85439225,0.6733,0.00,0,1418,split_disk,16,1,-1,2496.94,2302.82,2302.82
305,1966.00,32.32423370,119.89420335,32.34638325,119.85439225,32.34638325,119.85439225,0.6267,4483.87,1,897,split_disk,14,1,-1,6384.59,2227.06,2227.06
306,1970.00,32.31111599,119.89697691,32.34638325,119.85439225,32.34638325,119.85439225,0.6033,5609.00,1,538,split_disk,13,1,-1,7143.26,2246.95,2246.95
307,1974.00,32.31111599,119.89697691,32.34638325,119.85439225,32.34638325,119.85439225,0.6033,5609.00,1,538,split_disk,13,1,-1,7034.12,2176.45,2176.45
308,1977.00,32.31224743,119.89731970,32.34638325,119.85439225,32.34638325,119.85439225,0.6267,5545.02,1,583,split_disk,14,1,-1,6835.19,2034.17,2034.17
309,1981.00,32.31224743,119.89731970,32.34638325,119.85439225,32.34638325,119.85439225,0.6267,5545.02,1,583,split_disk,14,1,-1,6726.26,1928.19,1928.19
310,1985.00,32.31111599,119.89697691,32.34638325,119.85439225,32.34638325,119.85439225,0.6033,5609.00,1,538,split_disk,13,1,-1,6701.63,2013.69,2013.69
311,1988.00,32.33685297,119.89114466,32.34638325,119.85439225,32.34638325,119.85439225,0.5567,3616.44,1,1210,split_disk,11,1,-1,5358.93,2558.94,2558.94
312,1992.00,32.33700317,119.86120209,32.34638325,119.85439225,32.34638325,119.85439225,0.5333,1225.04,1,1196,split_disk,10,1,-1,2465.26,1898.36,1898.36
313,1996.00,32.31111599,119.89697691,32.34638325,119.85439225,32.34638325,119.85439225,0.6033,5609.00,1,538,split_disk,13,1,-1,6458.23,777.31,777.31
314,2000.00,32.31111599,119.89697691,32.34638325,119.85439225,32.31111599,119.89697691,0.6033,5609.00,1,538,split_disk,13,1,-1,6349.19,1694.34,1694.34
315,2003.00,32.31100870,119.89408908,32.31111599,119.89697691,32.31111599,119.89697691,0.5567,271.92,1,537,split_disk,11,1,-1,6061.89,1252.30,1252.30
316,2007.00,32.31111599,119.89697691,32.31111599,119.89697691,32.31111599,119.89697691,0.6033,0.00,0,538,split_disk,13,1,-1,6210.60,1587.28,1587.28
317,2011.00,32.33262673,119.85702615,32.31111599,119.89697691,32.31111599,119.89697691,0.5100,4456.24,1,1104,split_disk,9,1,-1,1689.85,1468.36,1468.36
318,2015.00,32.32065700,119.83926861,32.31111599,119.89697691,32.31111599,119.89697691,0.5100,5531.59,1,736,split_disk,9,1,-1,1610.04,1394.53,1394.53
319,2019.00,32.32065700,119.83926861,32.31111599,119.89697691,32.31111599,119.89697691,0.5100,5531.59,1,736,split_disk,9,1,-1,1557.55,1358.02,1358.02
320,2022.00,32.29931702,119.81328034,32.31111599,119.89697691,32.31111599,119.89697691,0.4867,7982.21,1,228,split_disk,8,1,-1,4635.18,1713.76,1713.76
321,2026.00,32.34768635,119.83998541,32.31111599,119.89697691,32.31111599,119.89697691,0.5333,6731.71,1,1457,split_disk,10,1,-1,1768.10,1768.10,1768.10
322,2030.00,32.33262673,119.85702615,32.31111599,119.89697691,32.31111599,119.89697691,0.5100,4456.24,1,1104,split_disk,9,1,-1,1331.22,633.77,633.77
323,2034.00,32.32456047,119.84163590,32.31111599,119.89697691,32.31111599,119.89697691,0.6033,5416.83,1,917,split_disk,13,1,-1,551.42,551.42,551.42
324,2037.00,32.32456047,119.84163590,32.31111599,119.89697691,32.31111599,119.89697691,0.6033,5416.83,1,917,split_disk,13,1,-1,540.61,540.61,540.61
325,2041.00,32.32456047,119.84163590,32.31111599,119.89697691,32.31111599,119.89697691,0.6033,5416.83,1,917,split_disk,13,1,-1,543.47,543.47,543.47
326,2045.00,32.29388424,119.81655486,32.31111599,119.89697691,32.29388424,119.81655486,0.6267,7804.77,1,95,split_disk,14,1,-1,4818.26,1431.23,1431.23
327,2049.00,32.33083010,119.86158298,32.29388424,119.81655486,32.29388424,119.81655486,0.5333,5904.02,1,1061,split_disk,10,1,-1,1372.22,1141.63,1141.63
328,2053.00,32.34768635,119.84280975,32.29388424,119.81655486,32.29388424,119.81655486,0.4867,6478.51,1,1458,split_disk,8,1,-1,2198.20,1253.36,1253.36
329,2057.00,32.31111599,119.89697691,32.29388424,119.81655486,32.29388424,119.81655486,0.6033,7804.77,1,538,split_disk,13,1,-1,4958.39,403.57,403.57
330,2061.00,32.31111599,119.89697691,32.29388424,119.81655486,32.29388424,119.81655486,0.6033,7804.77,1,538,split_disk,13,1,-1,4845.56,539.24,539.24
331,2064.00,32.31111599,119.89697691,32.29388424,119.81655486,32.29388424,119.81655486,0.6033,7804.77,1,538,split_disk,13,1,-1,4823.90,571.23,571.23
332,2068.00,32.32456047,119.84163590,32.29388424,119.81655486,32.29388424,119.81655486,0.6033,4150.68,1,917,split_disk,13,1,-1,840.29,784.94,784.94
333,2072.00,32.32439463,119.83829101,32.29388424,119.81655486,32.29388424,119.81655486,0.5567,3964.42,1,871,split_disk,11,1,-1,1143.17,680.57,680.57
334,2076.00,32.32456047,119.84163590,32.29388424,119.81655486,32.29388424,119.81655486,0.6033,4150.68,1,917,split_disk,13,1,-1,1034.71,578.02,578.02
335,2079.00,32.34184587,119.85637865,32.29388424,119.81655486,32.29388424,119.81655486,0.5800,6522.29,1,1329,split_disk,12,1,-1,1989.04,972.68,972.68
336,2083.00,32.29388424,119.81655486,32.29388424,119.81655486,32.29388424,119.81655486,0.6267,0.00,0,95,split_disk,14,1,-1,4870.51,929.51,929.51
337,2087.00,32.29388424,119.81655486,32.29388424,119.81655486,32.29388424,119.81655486,0.6267,0.00,0,95,split_disk,14,1,-1,4901.24,1129.38,1129.38
338,2091.00,32.34239304,119.84631968,32.29388424,119.81655486,32.29388424,119.81655486,0.5567,6082.76,1,1324,split_disk,11,1,-1,2332.78,1238.34,1238.34
339,2094.00,32.34239304,119.84631968,32.29388424,119.81655486,32.29388424,119.81655486,0.5567,6082.76,1,1324,split_disk,11,1,-1,2431.75,1352.37,1352.37
340,2098.00,32.33083010,119.86158298,32.29388424,119.81655486,32.29388424,119.81655486,0.5333,5904.02,1,1061,split_disk,10,1,-1,1111.74,876.02,876.02
341,2102.00,32.33083010,119.86158298,32.29388424,119.81655486,32.29388424,119.81655486,0.5333,5904.02,1,1061,split_disk,10,1,-1,1165.41,931.33,931.33
342,2106.00,32.34239304,119.83781545,32.29388424,119.81655486,32.29388424,119.81655486,0.5800,5758.47,1,1320,split_disk,12,1,-1,3105.29,1181.50,1181.50
343,2109.00,32.30825722,119.83781545,32.29388424,119.81655486,32.29388424,119.81655486,0.5333,2561.25,1,465,split_disk,10,1,-1,2492.52,1242.29,1242.29
344,2113.00,32.30825722,119.83781545,32.29388424,119.81655486,32.29388424,119.81655486,0.5333,2561.25,1,465,split_disk,10,1,-1,2542.73,1540.64,1540.64
345,2117.00,32.30825722,119.83781545,32.29388424,119.81655486,32.29388424,119.81655486,0.5333,2561.25,1,465,split_disk,10,1,-1,2591.24,1191.76,1191.76
346,2121.00,32.30825722,119.83781545,32.29388424,119.81655486,32.29388424,119.81655486,0.5333,2561.25,1,465,split_disk,10,1,-1,2565.06,1816.80,1816.80
347,2125.00,32.30825722,119.83781545,32.29388424,119.81655486,32.30825722,119.83781545,0.5333,2561.25,1,465,split_disk,10,1,-1,2624.43,1878.53,1878.53
348,2128.00,32.32483451,119.86179193,32.30825722,119.83781545,32.30825722,119.83781545,0.5333,2914.22,1,882,split_disk,10,1,-1,729.31,729.31,729.31
349,2132.00,32.32456047,119.84163590,32.30825722,119.83781545,32.30825722,119.83781545,0.6033,1850.12,1,917,split_disk,13,1,-1,2374.99,808.80,808.80
350,2136.00,32.32456047,119.84163590,32.30825722,119.83781545,32.30825722,119.83781545,0.6033,1850.12,1,917,split_disk,13,1,-1,2483.74,885.44,885.44
351,2139.00,32.32456047,119.84163590,32.30825722,119.83781545,32.30825722,119.83781545,0.6033,1850.12,1,917,split_disk,13,1,-1,2507.76,2426.31,2426.31
352,2143.00,32.32439463,119.83829101,32.30825722,119.83781545,32.30825722,119.83781545,0.5567,1796.97,1,871,split_disk,11,1,-1,2720.55,2656.55,2656.55
353,2147.00,32.32439463,119.83829101,32.30825722,119.83781545,32.30825722,119.83781545,0.5567,1796.97,1,871,split_disk,11,1,-1,2828.27,2306.42,2306.42
354,2151.00,32.34239304,119.83781545,32.30825722,119.83781545,32.30825722,119.83781545,0.5800,3800.00,1,1320,split_disk,12,1,-1,4247.45,2387.16,2387.16
355,2155.00,32.34239304,119.83781545,32.30825722,119.83781545,32.30825722,119.83781545,0.5800,3800.00,1,1320,split_disk,12,1,-1,4360.78,2480.59,2480.59
356,2158.00,32.34239304,119.83781545,32.30825722,119.83781545,32.30825722,119.83781545,0.5800,3800.00,1,1320,split_disk,12,1,-1,4401.01,2533.13,2533.13
357,2162.00,32.34239304,119.83781545,32.30825722,119.83781545,32.34239304,119.83781545,0.5800,3800.00,1,1320,split_disk,12,1,-1,4506.22,2617.42,2617.42
358,2166.00,32.34239304,119.83781545,32.34239304,119.83781545,32.34239304,119.83781545,0.5800,0.00,0,1320,split_disk,12,1,-1,4611.62,2703.51,2703.51
359,2170.00,32.34239304,119.83781545,32.34239304,119.83781545,32.34239304,119.83781545,0.5800,0.00,0,1320,split_disk,12,1,-1,4725.14,2645.40,2645.40
360,2174.00,32.34239304,119.83781545,32.34239304,119.83781545,32.34239304,119.83781545,0.5800,0.00,0,1320,split_disk,12,1,-1,4830.83,2245.06,2245.06
361,2177.00,32.34239304,119.83781545,32.34239304,119.83781545,32.34239304,119.83781545,0.5800,0.00,0,1320,split_disk,12,1,-1,4870.49,2941.22,2941.22
362,2181.00,32.34239304,119.83781545,32.34239304,119.83781545,32.34239304,119.83781545,0.5800,0.00,0,1320,split_disk,12,1,-1,4976.12,2899.03,2899.03
363,2185.00,32.30072741,119.84531669,32.34239304,119.83781545,32.34239304,119.83781545,0.4867,4691.59,1,289,split_disk,8,1,-1,2963.71,2714.47,2714.47
364,2189.00,32.34244669,119.88993853,32.34239304,119.83781545,32.34239304,119.83781545,0.5567,4903.26,1,1345,split_disk,11,1,-1,3890.24,3173.22,3173.22
365,2193.00,32.30825722,119.83781545,32.34239304,119.83781545,32.34239304,119.83781545,0.5333,3800.00,1,465,split_disk,10,1,-1,3781.10,3781.10,3781.10
366,2197.00,32.34239304,119.83781545,32.34239304,119.83781545,32.34239304,119.83781545,0.5800,0.00,0,1320,split_disk,12,1,-1,5340.90,3366.83,3366.83
367,2200.00,32.34239304,119.83781545,32.34239304,119.83781545,32.34239304,119.83781545,0.5800,0.00,0,1320,split_disk,12,1,-1,5446.87,2799.70,2799.70
368,2204.00,32.34244669,119.88993853,32.34239304,119.83781545,32.34239304,119.83781545,0.5567,4903.26,1,1345,split_disk,11,1,-1,4029.72,2909.55,2909.55
369,2208.00,32.29931702,119.81328034,32.34239304,119.83781545,32.34239304,119.83781545,0.4867,5321.77,1,228,split_disk,8,1,-1,6517.92,3280.48,3280.48
370,2212.00,32.33083010,119.86158298,32.34239304,119.83781545,32.34239304,119.83781545,0.5333,2579.88,1,1061,split_disk,10,1,-1,3421.35,3259.28,3259.28
371,2215.00,32.33083010,119.86158298,32.34239304,119.83781545,32.34239304,119.83781545,0.5333,2579.88,1,1061,split_disk,10,1,-1,3467.15,3303.97,3303.97
372,2219.00,32.33700317,119.86120209,32.34239304,119.83781545,32.34239304,119.83781545,0.5333,2280.35,1,1196,split_disk,10,1,-1,4072.04,3404.79,3404.79
373,2223.00,32.34239304,119.83781545,32.34239304,119.83781545,32.34239304,119.83781545,0.5800,0.00,0,1320,split_disk,12,1,-1,6032.31,4007.07,4007.07
374,2227.00,32.33700317,119.86120209,32.34239304,119.83781545,32.34239304,119.83781545,0.5333,2280.35,1,1196,split_disk,10,1,-1,4273.77,3616.66,3616.66
375,2231.00,32.33083010,119.86158298,32.34239304,119.83781545,32.34239304,119.83781545,0.5333,2579.88,1,1061,split_disk,10,1,-1,3876.61,3718.82,3718.82
376,2234.00,32.33083010,119.86158298,32.34239304,119.83781545,32.34239304,119.83781545,0.5333,2579.88,1,1061,split_disk,10,1,-1,3921.20,3762.33,3762.33
377,2238.00,32.33700317,119.86120209,32.34239304,119.83781545,32.34239304,119.83781545,0.5333,2280.35,1,1196,split_disk,10,1,-1,4515.15,4022.13,4022.13
378,2242.00,32.29931702,119.81328034,32.34239304,119.83781545,32.34239304,119.83781545,0.4867,5321.77,1,228,split_disk,8,1,-1,7128.34,4257.26,4257.26
379,2246.00,32.29931702,119.81328034,32.34239304,119.83781545,32.34239304,119.83781545,0.4867,5321.77,1,228,split_disk,8,1,-1,7220.02,4546.28,4546.28
380,2250.00,32.33262673,119.85702615,32.34239304,119.83781545,32.34239304,119.83781545,0.5100,2108.99,1,1104,split_disk,9,1,-1,4745.81,4181.75,4181.75
381,2254.00,32.32532804,119.85015283,32.34239304,119.83781545,32.34239304,119.83781545,0.5567,2226.15,1,876,split_disk,11,1,-1,4553.38,638.50,638.50
382,2258.00,32.31367927,119.89361352,32.34239304,119.83781545,32.34239304,119.83781545,0.6033,6145.63,1,626,split_disk,13,1,-1,1520.86,1520.86,1520.86
383,2262.00,32.34239304,119.84631968,32.34239304,119.83781545,32.34239304,119.84631968,0.5567,800.00,1,1324,split_disk,11,1,-1,6415.51,5663.27,5663.27
384,2308.00,32.29931702,119.81328034,32.34239304,119.84631968,32.34239304,119.84631968,0.4867,5714.37,1,228,split_disk,8,1,-1,7404.93,5019.68,5019.68
385,2315.00,32.29931702,119.81328034,32.34239304,119.84631968,32.34239304,119.84631968,0.4867,5714.37,1,228,split_disk,8,1,-1,7309.69,4911.91,4911.91
386,2322.00,32.34488704,119.89037020,32.34239304,119.84631968,32.34239304,119.84631968,0.6267,4153.16,1,1390,split_disk,14,1,-1,5045.04,4057.05,4057.05
387,2330.00,32.30825722,119.83781545,32.34239304,119.84631968,32.34239304,119.84631968,0.5333,3883.30,1,465,split_disk,10,1,-1,4822.76,3947.97,3947.97
388,2337.00,32.34768635,119.83998541,32.34239304,119.84631968,32.34239304,119.84631968,0.5333,838.02,1,1457,split_disk,10,1,-1,6802.83,5070.83,5070.83
389,2344.00,32.29931702,119.81328034,32.34239304,119.84631968,32.34239304,119.84631968,0.4867,5714.37,1,228,split_disk,8,1,-1,7027.95,6636.07,6636.07
390,2352.00,32.29931702,119.81328034,32.34239304,119.84631968,32.34239304,119.84631968,0.4867,5714.37,1,228,split_disk,8,1,-1,6935.12,4475.10,4475.10
391,2360.00,32.30825722,119.83781545,32.34239304,119.84631968,32.34239304,119.84631968,0.5333,3883.30,1,465,split_disk,10,1,-1,4501.97,4369.31,4369.31
392,2368.00,32.30825722,119.83781545,32.34239304,119.84631968,32.34239304,119.84631968,0.5333,3883.30,1,465,split_disk,10,1,-1,4400.10,4273.63,4273.63
393,2377.00,32.33700317,119.86120209,32.34239304,119.84631968,32.33700317,119.86120209,0.5333,1523.15,1,1196,split_disk,10,1,-1,4353.99,4178.62,4178.62
394,2384.00,32.34239304,119.83781545,32.33700317,119.86120209,32.33700317,119.86120209,0.5800,2280.35,1,1320,split_disk,12,1,-1,6107.16,4130.21,4130.21
395,2392.00,32.34239304,119.83781545,32.33700317,119.86120209,32.33700317,119.86120209,0.5800,2280.35,1,1320,split_disk,12,1,-1,5993.77,3908.66,3908.66
396,2400.00,32.34239304,119.83781545,32.33700317,119.86120209,32.33700317,119.86120209,0.5800,2280.35,1,1320,split_disk,12,1,-1,5888.50,3279.79,3279.79
397,2407.00,32.34488704,119.89037020,32.33700317,119.86120209,32.33700317,119.86120209,0.6267,2880.81,1,1390,split_disk,14,1,-1,4526.26,2837.87,2837.87
398,2414.00,32.34239304,119.83781545,32.33700317,119.86120209,32.33700317,119.86120209,0.5800,2280.35,1,1320,split_disk,12,1,-1,5678.43,2911.62,2911.62
399,2421.00,32.34768635,119.83998541,32.33700317,119.86120209,32.33700317,119.86120209,0.5333,2323.32,1,1457,split_disk,10,1,-1,5841.32,2278.59,2278.59
400,2429.00,32.34768635,119.83998541,32.33700317,119.86120209,32.33700317,119.86120209,0.5333,2323.32,1,1457,split_disk,10,1,-1,5731.79,2163.23,2163.23
401,2437.00,32.34768635,119.83998541,32.33700317,119.86120209,32.33700317,119.86120209,0.5333,2323.32,1,1457,split_disk,10,1,-1,5631.53,1524.58,1524.58
402,2445.00,32.34317625,119.88872659,32.33700317,119.86120209,32.33700317,119.86120209,0.6033,2678.89,1,1344,split_disk,13,1,-1,4099.69,2376.39,2376.39
403,2453.00,32.34488704,119.89037020,32.33700317,119.86120209,32.34488704,119.89037020,0.6267,2880.81,1,1390,split_disk,14,1,-1,4330.84,2714.37,2714.37
404,2461.00,32.34488704,119.89037020,32.34488704,119.89037020,32.34488704,119.89037020,0.6267,0.00,0,1390,split_disk,14,1,-1,4268.25,2431.69,2431.69
405,2469.00,32.34488704,119.89037020,32.34488704,119.89037020,32.34488704,119.89037020,0.6267,0.00,0,1390,split_disk,14,1,-1,4250.62,2581.00,2581.00
406,2478.00,32.34488704,119.89037020,32.34488704,119.89037020,32.34488704,119.89037020,0.6267,0.00,0,1390,split_disk,14,1,-1,4235.74,2671.80,2671.80
407,2486.00,32.34239304,119.83781545,32.34488704,119.89037020,32.34488704,119.89037020,0.5800,4951.66,1,1320,split_disk,12,1,-1,4848.24,2603.88,2603.88
408,2494.00,32.34239304,119.83781545,32.34488704,119.89037020,32.34488704,119.89037020,0.5800,4951.66,1,1320,split_disk,12,1,-1,4744.31,2257.99,2257.99
409,2501.00,32.34239304,119.83781545,32.34488704,119.89037020,32.34488704,119.89037020,0.5800,4951.66,1,1320,split_disk,12,1,-1,4702.54,2869.02,2869.02
410,2509.00,32.34239304,119.83781545,32.34488704,119.89037020,32.34488704,119.89037020,0.5800,4951.66,1,1320,split_disk,12,1,-1,4590.21,2776.37,2776.37
411,2517.00,32.32456047,119.84163590,32.34488704,119.89037020,32.34488704,119.89037020,0.6033,5112.48,1,917,split_disk,13,1,-1,2993.54,2649.25,2649.25
412,2525.00,32.32456047,119.84163590,32.34488704,119.89037020,32.34488704,119.89037020,0.6033,5112.48,1,917,split_disk,13,1,-1,2884.28,2618.12,2618.12
413,2533.00,32.34239304,119.83781545,32.34488704,119.89037020,32.34488704,119.89037020,0.5800,4951.66,1,1320,split_disk,12,1,-1,4279.77,2542.36,2542.36
414,2540.00,32.34239304,119.83781545,32.34488704,119.89037020,32.34488704,119.89037020,0.5800,4951.66,1,1320,split_disk,12,1,-1,4228.75,1747.79,1747.79
415,2548.00,32.35400962,119.83799319,32.34488704,119.89037020,32.34488704,119.89037020,0.5100,5030.71,1,1590,split_disk,9,1,-1,5103.47,4283.80,4283.80
416,2556.00,32.29931702,119.81328034,32.34488704,119.89037020,32.29931702,119.81328034,0.4867,8850.08,1,228,split_disk,8,1,-1,5239.03,2460.45,2460.45
417,2563.00,32.29931702,119.81328034,32.29931702,119.81328034,32.29931702,119.81328034,0.4867,0.00,0,228,split_disk,8,1,-1,5168.69,2354.53,2354.53
418,2572.00,32.29931702,119.81328034,32.29931702,119.81328034,32.29931702,119.81328034,0.4867,0.00,0,228,split_disk,8,1,-1,5099.73,1635.92,1635.92
419,2580.00,32.34239304,119.83781545,32.29931702,119.81328034,32.29931702,119.81328034,0.5800,5321.77,1,1320,split_disk,12,1,-1,3765.60,1818.31,1818.31
420,2588.00,32.34239304,119.83781545,32.29931702,119.81328034,32.29931702,119.81328034,0.5800,5321.77,1,1320,split_disk,12,1,-1,3663.35,1737.49,1737.49
421,2595.00,32.30825722,119.83781545,32.29931702,119.81328034,32.29931702,119.81328034,0.5333,2513.46,1,465,split_disk,10,1,-1,2392.85,2015.71,2015.71
422,2603.00,32.34239304,119.83781545,32.29931702,119.81328034,32.29931702,119.81328034,0.5800,5321.77,1,1320,split_disk,12,1,-1,3460.15,1963.22,1963.22
423,2610.00,32.34239304,119.83781545,32.29931702,119.81328034,32.29931702,119.81328034,0.5800,5321.77,1,1320,split_disk,12,1,-1,3359.27,1904.31,1904.31
424,2618.00,32.34239304,119.83781545,32.29931702,119.81328034,32.29931702,119.81328034,0.5800,5321.77,1,1320,split_disk,12,1,-1,3305.74,1437.53,1437.53
425,2626.00,32.30825722,119.83781545,32.29931702,119.81328034,32.29931702,119.81328034,0.5333,2513.46,1,465,split_disk,10,1,-1,2255.94,1807.13,1807.13
426,2633.00,32.35237884,119.85533176,32.29931702,119.81328034,32.35229509,119.85526539,0.7667,7109.09,0,1598,split_disk,20,1,-1,3731.81,1770.87,1770.87
427,2641.00,32.35072170,119.85477313,32.36146422,119.86253189,32.36146422,119.86253189,0.5800,1401.00,1,1553,split_disk,12,1,-1,3472.29,1740.73,1740.73
428,2648.00,32.33700317,119.86120209,32.36948720,119.86889007,32.36948720,119.86889007,0.5333,3687.73,1,1196,split_disk,10,1,-1,1895.75,1648.94,1648.94
429,2656.00,32.34239304,119.83781545,32.37865632,119.87615657,32.37865632,119.87615657,0.5800,5413.39,1,1320,split_disk,12,1,-1,2850.75,1389.91,1389.91
430,2663.00,32.33312025,119.84579914,32.38667930,119.88251475,32.38667930,119.88251475,0.5800,6890.35,1,1099,split_disk,12,1,-1,1480.66,1153.45,1153.45
431,2670.00,32.33312025,119.84579914,32.39470229,119.88887293,32.39470229,119.88887293,0.5800,7963.28,1,1099,split_disk,12,1,-1,1387.26,1044.87,1044.87
432,2677.00,32.33083010,119.86158298,32.40272527,119.89523112,32.40272527,119.89523112,0.5333,8606.57,1,1061,split_disk,10,1,-1,1308.40,1185.60,1185.60
433,2685.00,32.33083010,119.86158298,32.41189439,119.90249761,32.41189439,119.90249761,0.5333,9810.59,1,1061,split_disk,10,1,-1,1325.52,1042.79,1042.79
434,2693.00,32.35317278,119.85057180,32.42106351,119.90976411,32.42106351,119.90976411,0.5100,9387.38,1,1596,split_disk,9,1,-1,3258.89,761.98,761.98
435,2701.00,32.33693880,119.85608083,32.43023264,119.91703061,32.43023264,119.91703061,0.6033,11863.05,1,1193,split_disk,13,1,-1,1474.55,853.79,853.79
436,2708.00,32.32483451,119.86179193,32.43825562,119.92338879,32.32483451,119.86179193,0.5333,13892.18,1,882,split_disk,10,1,-1,1348.89,1094.53,1094.53
437,2716.00,32.32483451,119.86179193,32.32483451,119.86179193,32.32483451,119.86179193,0.5333,0.00,0,882,split_disk,10,1,-1,1446.00,912.73,912.73
438,2724.00,32.29388424,119.81655486,32.32483451,119.86179193,32.32483451,119.86179193,0.6267,5475.38,1,95,split_disk,14,1,-1,4580.83,1474.91,1474.91
439,2731.00,32.29388424,119.81655486,32.32483451,119.86179193,32.32483451,119.86179193,0.6267,5475.38,1,95,split_disk,14,1,-1,4624.40,1779.11,1779.11
440,2738.00,32.29388424,119.81655486,32.32483451,119.86179193,32.32483451,119.86179193,0.6267,5475.38,1,95,split_disk,14,1,-1,4611.12,1799.58,1799.58
441,2746.00,32.29388424,119.81655486,32.32483451,119.86179193,32.32483451,119.86179193,0.6267,5475.38,1,95,split_disk,14,1,-1,4600.39,1545.81,1545.81
442,2753.00,32.32783767,119.86254100,32.32483451,119.86179193,32.32483451,119.86179193,0.4867,341.66,1,972,split_disk,8,1,-1,1818.22,1818.22,1818.22
443,2761.00,32.34239304,119.84631968,32.32483451,119.86179193,32.32483451,119.86179193,0.5567,2437.00,1,1324,split_disk,11,1,-1,1566.88,1566.88,1566.88
444,2768.00,32.32456047,119.84163590,32.32483451,119.86179193,32.32483451,119.86179193,0.6033,1896.34,1,917,split_disk,13,1,-1,332.01,332.01,332.01
445,2775.00,32.32456047,119.84163590,32.32483451,119.86179193,32.32483451,119.86179193,0.6033,1896.34,1,917,split_disk,13,1,-1,375.93,375.93,375.93
446,2783.00,32.32456047,119.84163590,32.32483451,119.86179193,32.32483451,119.86179193,0.6033,1896.34,1,917,split_disk,13,1,-1,443.07,442.88,442.88
447,2791.00,32.32456047,119.84163590,32.32483451,119.86179193,32.32456047,119.84163590,0.6033,1896.34,1,917,split_disk,13,1,-1,524.59,487.23,487.23
448,2798.00,32.31111599,119.89697691,32.32456047,119.84163590,32.32456047,119.84163590,0.6033,5416.83,1,538,split_disk,13,1,-1,5972.07,1489.28,1489.28
449,2806.00,32.31111599,119.89697691,32.32456047,119.84163590,32.32456047,119.84163590,0.6033,5416.83,1,538,split_disk,13,1,-1,5994.23,1108.57,1108.57
450,2813.00,32.31111599,119.89697691,32.32456047,119.84163590,32.32456047,119.84163590,0.6033,5416.83,1,538,split_disk,13,1,-1,6102.75,1583.99,1583.99
451,2820.00,32.31111599,119.89697691,32.32456047,119.84163590,32.32456047,119.84163590,0.6033,5416.83,1,538,split_disk,13,1,-1,6211.31,1678.57,1678.57
452,2828.00,32.31111599,119.89697691,32.32456047,119.84163590,32.32456047,119.84163590,0.6033,5416.83,1,538,split_disk,13,1,-1,6324.43,1501.29,1501.29
453,2835.00,32.31224743,119.89731970,32.32456047,119.84163590,32.32456047,119.84163590,0.6267,5414.58,1,583,split_disk,14,1,-1,6353.49,1665.42,1665.42
454,2843.00,32.31111599,119.89697691,32.32456047,119.84163590,32.32456047,119.84163590,0.6033,5416.83,1,538,split_disk,13,1,-1,6456.12,1867.48,1867.48
455,2850.00,32.31111599,119.89697691,32.32456047,119.84163590,32.32456047,119.84163590,0.6033,5416.83,1,538,split_disk,13,1,-1,6564.86,1965.02,1965.02
456,2857.00,32.31111599,119.89697691,32.32456047,119.84163590,32.32456047,119.84163590,0.6033,5416.83,1,538,split_disk,13,1,-1,6673.61,1762.09,1762.09
457,2865.00,32.31111599,119.89697691,32.32456047,119.84163590,32.31111599,119.89697691,0.6033,5416.83,1,538,split_disk,13,1,-1,6787.09,1776.64,1776.64
458,2872.00,32.31111599,119.89697691,32.31111599,119.89697691,32.31111599,119.89697691,0.6033,0.00,0,538,split_disk,13,1,-1,6895.90,1860.41,1860.41
459,2880.00,32.31111599,119.89697691,32.31111599,119.89697691,32.31111599,119.89697691,0.6033,0.00,0,538,split_disk,13,1,-1,6919.75,2077.78,2077.78
460,2887.00,32.31111599,119.89697691,32.31111599,119.89697691,32.31111599,119.89697691,0.6033,0.00,0,538,split_disk,13,1,-1,7028.64,2377.07,2377.07
461,2894.00,32.33700317,119.86120209,32.31111599,119.89697691,32.31111599,119.89697691,0.5333,4430.60,1,1196,split_disk,10,1,-1,3030.92,2914.54,2914.54
462,2902.00,32.34239304,119.83781545,32.31111599,119.89697691,32.31111599,119.89697691,0.5800,6564.75,1,1320,split_disk,12,1,-1,1019.99,1019.99,1019.99
463,2910.00,32.31111599,119.89697691,32.31111599,119.89697691,32.31111599,119.89697691,0.6033,0.00,0,538,split_disk,13,1,-1,7360.25,2690.37,2690.37
464,2918.00,32.34638325,119.85439225,32.31111599,119.89697691,32.31111599,119.89697691,0.6733,5609.00,1,1418,split_disk,16,1,-1,2715.19,2522.95,2522.95
465,2925.00,32.34638325,119.85439225,32.31111599,119.89697691,32.31111599,119.89697691,0.6733,5609.00,1,1418,split_disk,16,1,-1,2792.18,2598.39,2598.39
466,2933.00,32.31111599,119.89697691,32.31111599,119.89697691,32.31111599,119.89697691,0.6033,0.00,0,538,split_disk,13,1,-1,7607.78,2673.66,2673.66
467,2941.00,32.34638325,119.85439225,32.31111599,119.89697691,32.31111599,119.89697691,0.6733,5609.00,1,1418,split_disk,16,1,-1,2950.21,2753.88,2753.88
468,2949.00,32.31111599,119.89697691,32.31111599,119.89697691,32.31111599,119.89697691,0.6033,0.00,0,538,split_disk,13,1,-1,7825.86,2906.53,2906.53
469,2956.00,32.31111599,119.89697691,32.31111599,119.89697691,32.31111599,119.89697691,0.6033,0.00,0,538,split_disk,13,1,-1,7850.99,2827.00,2827.00
470,2963.00,32.34638325,119.85439225,32.31111599,119.89697691,32.31111599,119.89697691,0.6733,5609.00,1,1418,split_disk,16,1,-1,3110.70,2912.27,2912.27
471,2970.00,32.34638325,119.85439225,32.31111599,119.89697691,32.31111599,119.89697691,0.6733,5609.00,1,1418,split_disk,16,1,-1,3196.92,2997.93,2997.93
472,2977.00,32.34638325,119.85439225,32.31111599,119.89697691,32.31111599,119.89697691,0.6733,5609.00,1,1418,split_disk,16,1,-1,3285.78,3086.42,3086.42
473,2985.00,32.34638325,119.85439225,32.31111599,119.89697691,32.31111599,119.89697691,0.6733,5609.00,1,1418,split_disk,16,1,-1,3375.85,3176.21,3176.21
474,2992.00,32.34638325,119.85439225,32.31111599,119.89697691,32.31111599,119.89697691,0.6733,5609.00,1,1418,split_disk,16,1,-1,3373.02,3173.22,3173.22
475,2999.00,32.31111599,119.89697691,32.31111599,119.89697691,32.31111599,119.89697691,0.6033,0.00,0,538,split_disk,13,1,-1,8427.31,3265.23,3265.23
476,3006.00,32.31224743,119.89731970,32.31111599,119.89697691,32.31111599,119.89697691,0.6267,130.01,1,583,split_disk,14,1,-1,8445.36,3366.12,3366.12
477,3014.00,32.34768635,119.84280975,32.31111599,119.89697691,32.31111599,119.89697691,0.4867,6522.10,1,1458,split_disk,8,1,-1,2657.33,1859.54,1859.54
478,3021.00,32.33693880,119.85608083,32.31111599,119.89697691,32.31111599,119.89697691,0.6033,4802.47,1,1193,split_disk,13,1,-1,3901.78,1949.34,1949.34
479,3029.00,32.34638325,119.85439225,32.31111599,119.89697691,32.31111599,119.89697691,0.6733,5609.00,1,1418,split_disk,16,1,-1,3749.12,3549.28,3549.28
480,3076.00,32.34638325,119.85439225,32.31111599,119.89697691,32.31111599,119.89697691,0.6733,5609.00,1,1418,split_disk,16,1,-1,3934.54,3616.91,3616.91
481,3080.00,32.34638325,119.85439225,32.31111599,119.89697691,32.31111599,119.89697691,0.6733,5609.00,1,1418,split_disk,16,1,-1,3841.33,3841.33,3841.33
482,3083.00,32.34638325,119.85439225,32.31111599,119.89697691,32.31111599,119.89697691,0.6733,5609.00,1,1418,split_disk,16,1,-1,3749.00,3749.00,3749.00
483,3087.00,32.34638325,119.85439225,32.31111599,119.89697691,32.31111599,119.89697691,0.6733,5609.00,1,1418,split_disk,16,1,-1,3752.15,3552.48,3552.48
484,3091.00,32.34739667,119.86169724,32.31111599,119.89697691,32.31111599,119.89697691,0.5333,5227.42,1,1466,split_disk,10,1,-1,4277.62,3483.46,3483.46
485,3095.00,32.31111599,119.89697691,32.31111599,119.89697691,32.31111599,119.89697691,0.6033,0.00,0,538,split_disk,13,1,-1,8405.84,3351.28,3351.28
486,3099.00,32.31111599,119.89697691,32.31111599,119.89697691,32.31111599,119.89697691,0.6033,0.00,0,538,split_disk,13,1,-1,8296.90,3378.38,3378.38
487,3103.00,32.31111599,119.89697691,32.31111599,119.89697691,32.31111599,119.89697691,0.6033,0.00,0,538,split_disk,13,1,-1,8187.97,3269.64,3269.64
488,3107.00,32.31111599,119.89697691,32.31111599,119.89697691,32.31111599,119.89697691,0.6033,0.00,0,538,split_disk,13,1,-1,8163.87,3491.13,3491.13
489,3111.00,32.33083010,119.86158298,32.31111599,119.89697691,32.31111599,119.89697691,0.5333,3987.73,1,1061,split_disk,10,1,-1,4017.21,3579.78,3579.78
490,3115.00,32.33083010,119.86158298,32.31111599,119.89697691,32.31111599,119.89697691,0.5333,3987.73,1,1061,split_disk,10,1,-1,3909.09,2200.11,2200.11
491,3119.00,32.34638325,119.85439225,32.31111599,119.89697691,32.31111599,119.89697691,0.6733,5609.00,1,1418,split_disk,16,1,-1,3156.53,2961.18,2961.18
492,3122.00,32.34638325,119.85439225,32.31111599,119.89697691,32.31111599,119.89697691,0.6733,5609.00,1,1418,split_disk,16,1,-1,3079.55,2885.50,2885.50
493,3126.00,32.34638325,119.85439225,32.31111599,119.89697691,32.31111599,119.89697691,0.6733,5609.00,1,1418,split_disk,16,1,-1,3093.07,2899.93,2899.93
494,3130.00,32.31111599,119.89697691,32.31111599,119.89697691,32.31111599,119.89697691,0.6033,0.00,0,538,split_disk,13,1,-1,7586.97,2952.36,2952.36
495,3134.00,32.31111599,119.89697691,32.31111599,119.89697691,32.31111599,119.89697691,0.6033,0.00,0,538,split_disk,13,1,-1,7478.28,2849.74,2849.74
496,3138.00,32.34638325,119.85439225,32.31111599,119.89697691,32.31111599,119.89697691,0.6733,5609.00,1,1418,split_disk,16,1,-1,2875.03,2550.46,2550.46
497,3142.00,32.31111599,119.89697691,32.31111599,119.89697691,32.31111599,119.89697691,0.6033,0.00,0,538,split_disk,13,1,-1,7260.95,2646.09,2646.09
498,3146.00,32.31111599,119.89697691,32.31111599,119.89697691,32.31111599,119.89697691,0.6033,0.00,0,538,split_disk,13,1,-1,7233.72,2438.73,2438.73
499,3150.00,32.31111599,119.89697691,32.31111599,119.89697691,32.31111599,119.89697691,0.6033,0.00,0,538,split_disk,13,1,-1,7125.19,2324.29,2324.29
500,3154.00,32.31111599,119.89697691,32.31111599,119.89697691,32.31111599,119.89697691,0.6033,0.00,0,538,split_disk,13,1,-1,7016.69,2066.34,2066.34
501,3158.00,32.31111599,119.89697691,32.31111599,119.89697691,32.31111599,119.89697691,0.6033,0.00,0,538,split_disk,13,1,-1,6908.21,2013.15,2013.15
502,3162.00,32.32423370,119.89420335,32.31111599,119.89697691,32.31111599,119.89697691,0.6267,1483.39,1,897,split_disk,14,1,-1,6140.30,1907.58,1907.58
503,3166.00,32.31111599,119.89697691,32.31111599,119.89697691,32.31111599,119.89697691,0.6033,0.00,0,538,split_disk,13,1,-1,6777.86,1893.78,1893.78
504,3169.00,32.31111599,119.89697691,32.31111599,119.89697691,32.31111599,119.89697691,0.6033,0.00,0,538,split_disk,13,1,-1,6665.24,1787.20,1787.20
505,3173.00,32.31111599,119.89697691,32.31111599,119.89697691,32.31111599,119.89697691,0.6033,0.00,0,538,split_disk,13,1,-1,6556.98,1683.87,1683.87
506,3177.00,32.34638325,119.85439225,32.31111599,119.89697691,32.31111599,119.89697691,0.6733,5609.00,1,1418,split_disk,16,1,-1,2488.50,1581.34,1581.34
507,3181.00,32.34638325,119.85439225,32.31111599,119.89697691,32.31111599,119.89697691,0.6733,5609.00,1,1418,split_disk,16,1,-1,2450.89,1864.88,1864.88
508,3185.00,32.34638325,119.85439225,32.31111599,119.89697691,32.31111599,119.89697691,0.6733,5609.00,1,1418,split_disk,16,1,-1,2494.75,1697.20,1697.20
509,3189.00,32.34638325,119.85439225,32.31111599,119.89697691,32.31111599,119.89697691,0.6733,5609.00,1,1418,split_disk,16,1,-1,2463.61,1772.93,1772.93
510,3193.00,32.31111599,119.89697691,32.31111599,119.89697691,32.31111599,119.89697691,0.6033,0.00,0,538,split_disk,13,1,-1,6099.57,1521.98,1521.98
511,3197.00,32.31111599,119.89697691,32.31111599,119.89697691,32.31111599,119.89697691,0.6033,0.00,0,538,split_disk,13,1,-1,5991.69,1582.82,1582.82
512,3200.00,32.34244669,119.88993853,32.31111599,119.89697691,32.31111599,119.89697691,0.5567,3550.02,1,1345,split_disk,11,1,-1,5107.63,2196.41,2196.41
513,3204.00,32.33262673,119.85702615,32.31111599,119.89697691,32.31111599,119.89697691,0.5100,4456.24,1,1104,split_disk,9,1,-1,1774.83,1528.38,1528.38
514,3208.00,32.32456047,119.84163590,32.31111599,119.89697691,32.31111599,119.89697691,0.6033,5416.83,1,917,split_disk,13,1,-1,277.38,277.38,277.38
515,3212.00,32.32456047,119.84163590,32.31111599,119.89697691,32.31111599,119.89697691,0.6033,5416.83,1,917,split_disk,13,1,-1,174.01,174.01,174.01
516,3216.00,32.32456047,119.84163590,32.31111599,119.89697691,32.31111599,119.89697691,0.6033,5416.83,1,917,split_disk,13,1,1,86.68,86.68,86.68
517,3220.00,32.34239304,119.84631968,32.31111599,119.89697691,32.31111599,119.89697691,0.5567,5901.81,1,1324,split_disk,11,1,-1,1807.53,200.55,200.55
518,3224.00,32.32783767,119.86254100,32.31111599,119.89697691,32.31111599,119.89697691,0.4867,3736.15,1,972,split_disk,8,1,-1,1926.79,251.78,251.78
519,3228.00,32.29388424,119.81655486,32.31111599,119.89697691,32.31111599,119.89697691,0.6267,7804.77,1,95,split_disk,14,1,-1,4355.92,203.59,203.59
520,3232.00,32.29388424,119.81655486,32.31111599,119.89697691,32.31111599,119.89697691,0.6267,7804.77,1,95,split_disk,14,1,-1,4368.20,1619.44,1619.44
521,3236.00,32.34121869,119.85585811,32.31111599,119.89697691,32.34121869,119.85585811,0.6500,5117.76,1,1284,split_disk,15,1,-1,2076.49,2020.55,2020.55
522,3239.00,32.34121869,119.85585811,32.34121869,119.85585811,32.34121869,119.85585811,0.6500,0.00,0,1284,split_disk,15,1,-1,2090.97,2019.57,2019.57
523,3243.00,32.29388424,119.81655486,32.34121869,119.85585811,32.34121869,119.85585811,0.6267,6437.01,1,95,split_disk,14,1,-1,4350.32,1520.25,1520.25
524,3247.00,32.33083010,119.86158298,32.34121869,119.85585811,32.34121869,119.85585811,0.5333,1275.70,1,1061,split_disk,10,1,-1,1582.70,1302.20,1302.20
525,3251.00,32.33083010,119.86158298,32.34121869,119.85585811,32.34121869,119.85585811,0.5333,1275.70,1,1061,split_disk,10,1,-1,1546.75,1264.36,1264.36
526,3255.00,32.33312025,119.84579914,32.34121869,119.85585811,32.34121869,119.85585811,0.5800,1306.96,1,1099,split_disk,12,1,-1,1348.74,890.69,890.69
527,3259.00,32.33312025,119.84579914,32.34121869,119.85585811,32.34121869,119.85585811,0.5800,1306.96,1,1099,split_disk,12,1,-1,1428.74,993.16,993.16
528,3263.00,32.35400962,119.83799319,32.34121869,119.85585811,32.34121869,119.85585811,0.5100,2202.67,1,1590,split_disk,9,1,-1,3821.72,218.61,218.61
529,3267.00,32.29089181,119.85101616,32.34121869,119.85585811,32.34121869,119.85585811,0.5100,5620.87,1,21,split_disk,9,1,-1,3332.18,483.31,483.31
530,3270.00,32.34239304,119.83781545,32.34121869,119.85585811,32.34121869,119.85585811,0.5800,1702.31,1,1320,split_disk,12,1,-1,2902.07,1890.78,1890.78
531,3274.00,32.34239304,119.83781545,32.34121869,119.85585811,32.34121869,119.85585811,0.5800,1702.31,1,1320,split_disk,12,1,-1,2997.32,1334.94,1334.94
532,3278.00,32.34239304,119.83781545,32.34121869,119.85585811,32.34239304,119.83781545,0.5800,1702.31,1,1320,split_disk,12,1,-1,3103.00,1938.52,1938.52
533,3282.00,32.34239304,119.83781545,32.34239304,119.83781545,32.34239304,119.83781545,0.5800,0.00,0,1320,split_disk,12,1,-1,3150.64,1991.67,1991.67
534,3285.00,32.35237884,119.85533176,32.34239304,119.83781545,32.34989525,119.85097529,0.7667,1987.68,0,1598,split_disk,20,1,-1,3961.51,2001.99,2001.99
535,3289.00,32.35237884,119.85533176,32.35517477,119.86023612,32.35293167,119.85630146,0.7667,556.53,0,1598,split_disk,20,1,-1,4020.84,2054.02,2054.02
536,3293.00,32.34239304,119.83781545,32.35669961,119.86291086,32.35669961,119.86291086,0.5800,2847.72,1,1320,split_disk,12,1,-1,3442.33,2093.07,2093.07
537,3297.00,32.33083010,119.86158298,32.36046756,119.86952025,32.36046756,119.86952025,0.5333,3382.68,1,1061,split_disk,10,1,-1,1750.37,1538.09,1538.09
538,3301.00,32.33083010,119.86158298,32.36423551,119.87612965,32.36423551,119.87612965,0.5333,3962.48,1,1061,split_disk,10,1,-1,1805.66,1593.75,1593.75
539,3305.00,32.33083010,119.86158298,32.36800346,119.88273904,32.36800346,119.88273904,0.5333,4591.84,1,1061,split_disk,10,1,-1,1852.85,1651.68,1651.68
540,3309.00,32.29931702,119.81328034,32.37177140,119.88934844,32.37177140,119.88934844,0.4867,10782.37,1,228,split_disk,8,1,-1,4884.50,1983.26,1983.26
541,3313.00,32.32065700,119.83926861,32.37553935,119.89595784,32.37553935,119.89595784,0.5100,8109.55,1,736,split_disk,9,1,-1,2149.48,2075.43,2075.43
542,3317.00,32.29931702,119.81328034,32.37930730,119.90256723,32.37930730,119.90256723,0.4867,12240.85,1,228,split_disk,8,1,-1,5021.69,2169.30,2169.30
543,3321.00,32.34768635,119.83998541,32.38307525,119.90917663,32.38307525,119.90917663,0.5333,7608.22,1,1457,split_disk,10,1,-1,4353.90,2170.72,2170.72
544,3325.00,32.34768635,119.83998541,32.38684319,119.91578602,32.38684319,119.91578602,0.5333,8357.40,1,1457,split_disk,10,1,-1,4446.48,1307.85,1307.85
545,3329.00,32.34239304,119.83781545,32.39061114,119.92239542,32.34239304,119.83781545,0.5800,9597.79,1,1320,split_disk,12,1,-1,4249.96,1413.44,1413.44
546,3333.00,32.34239304,119.83781545,32.34239304,119.83781545,32.34239304,119.83781545,0.5800,0.00,0,1320,split_disk,12,1,-1,4360.05,2672.89,2672.89
547,3337.00,32.29931702,119.81328034,32.34239304,119.83781545,32.34239304,119.83781545,0.4867,5321.77,1,228,split_disk,8,1,-1,5302.97,4642.41,4642.41
548,3341.00,32.32439463,119.83829101,32.34239304,119.83781545,32.34239304,119.83781545,0.5567,2004.08,1,871,split_disk,11,1,-1,2992.02,2740.81,2740.81
549,3345.00,32.32456047,119.84163590,32.34239304,119.83781545,32.34239304,119.83781545,0.6033,2017.39,1,917,split_disk,13,1,-1,3048.54,3001.13,3001.13
550,3348.00,32.32439463,119.83829101,32.34239304,119.83781545,32.34239304,119.83781545,0.5567,2004.08,1,871,split_disk,11,1,-1,3210.59,2913.48,2913.48
551,3352.00,32.34239304,119.83781545,32.34239304,119.83781545,32.34239304,119.83781545,0.5800,0.00,0,1320,split_disk,12,1,-1,4820.20,1975.80,1975.80
552,3356.00,32.34239304,119.83781545,32.34239304,119.83781545,32.34239304,119.83781545,0.5800,0.00,0,1320,split_disk,12,1,-1,4922.75,2084.02,2084.02
553,3360.00,32.34239304,119.83781545,32.34239304,119.83781545,32.34239304,119.83781545,0.5800,0.00,0,1320,split_disk,12,1,-1,4965.91,2106.18,2106.18
554,3364.00,32.34239304,119.83781545,32.34239304,119.83781545,32.34239304,119.83781545,0.5800,0.00,0,1320,split_disk,12,1,-1,5068.48,3216.82,3216.82
555,3368.00,32.34239304,119.83781545,32.34239304,119.83781545,32.34239304,119.83781545,0.5800,0.00,0,1320,split_disk,12,1,-1,5179.88,2763.29,2763.29
556,3372.00,32.34239304,119.83781545,32.34239304,119.83781545,32.34239304,119.83781545,0.5800,0.00,0,1320,split_disk,12,1,-1,5282.93,3404.15,3404.15
557,3376.00,32.30825722,119.83781545,32.34239304,119.83781545,32.34239304,119.83781545,0.5333,3800.00,1,465,split_disk,10,1,-1,3510.46,3084.04,3084.04
558,3380.00,32.34239304,119.83781545,32.34239304,119.83781545,32.34239304,119.83781545,0.5800,0.00,0,1320,split_disk,12,1,-1,5428.67,3501.26,3501.26
559,3384.00,32.34239304,119.83781545,32.34239304,119.83781545,32.34239304,119.83781545,0.5800,0.00,0,1320,split_disk,12,1,-1,5531.97,3500.60,3500.60
560,3388.00,32.34488704,119.89037020,32.34239304,119.83781545,32.34239304,119.83781545,0.6267,4951.66,1,1390,split_disk,14,1,-1,4662.85,2904.48,2904.48
561,3391.00,32.34239304,119.83781545,32.34239304,119.83781545,32.34239304,119.83781545,0.5800,0.00,0,1320,split_disk,12,1,-1,5747.61,3173.18,3173.18
562,3395.00,32.34239304,119.83781545,32.34239304,119.83781545,32.34239304,119.83781545,0.5800,0.00,0,1320,split_disk,12,1,-1,5851.51,3893.37,3893.37
563,3399.00,32.30825722,119.83781545,32.34239304,119.83781545,32.34239304,119.83781545,0.5333,3800.00,1,465,split_disk,10,1,-1,3926.91,3572.10,3572.10
564,3403.00,32.29208762,119.81655486,32.34239304,119.83781545,32.34239304,119.83781545,0.5800,5946.43,1,50,split_disk,12,1,-1,6069.48,3669.19,3669.19
565,3407.00,32.30825722,119.83781545,32.34239304,119.83781545,32.34239304,119.83781545,0.5333,3800.00,1,465,split_disk,10,1,-1,4133.50,3087.47,3087.47
566,3411.00,32.30825722,119.83781545,32.34239304,119.83781545,32.34239304,119.83781545,0.5333,3800.00,1,465,split_disk,10,1,-1,4236.40,3196.77,3196.77
567,3415.00,32.30825722,119.83781545,32.34239304,119.83781545,32.34239304,119.83781545,0.5333,3800.00,1,465,split_disk,10,1,-1,4339.61,4303.76,4303.76
568,3419.00,32.34239304,119.83781545,32.34239304,119.83781545,32.34239304,119.83781545,0.5800,0.00,0,1320,split_disk,12,1,-1,6359.49,4312.83,4312.83
569,3423.00,32.30825722,119.83781545,32.34239304,119.83781545,32.34239304,119.83781545,0.5333,3800.00,1,465,split_disk,10,1,-1,4455.09,4415.14,4415.14
570,3427.00,32.30825722,119.83781545,32.34239304,119.83781545,32.34239304,119.83781545,0.5333,3800.00,1,465,split_disk,10,1,-1,4561.83,4519.86,4519.86
571,3431.00,32.34244669,119.88993853,32.34239304,119.83781545,32.34239304,119.83781545,0.5567,4903.26,1,1345,split_disk,11,1,-1,4930.63,4192.33,4192.33
572,3435.00,32.29931702,119.81328034,32.34239304,119.83781545,32.34239304,119.83781545,0.4867,5321.77,1,228,split_disk,8,1,-1,7028.74,4311.88,4311.88
573,3438.00,32.33083010,119.86158298,32.34239304,119.83781545,32.34239304,119.83781545,0.5333,2579.88,1,1061,split_disk,10,1,-1,4525.49,4358.00,4358.00
574,3442.00,32.33083010,119.86158298,32.34239304,119.83781545,32.34239304,119.83781545,0.5333,2579.88,1,1061,split_disk,10,1,-1,4623.18,4456.86,4456.86
575,3446.00,32.31111599,119.89697691,32.34239304,119.83781545,32.34239304,119.83781545,0.6033,6564.75,1,538,split_disk,13,1,-1,1730.51,1649.45,1649.45
576,3492.00,32.31111599,119.89697691,32.34239304,119.83781545,32.34239304,119.83781545,0.6033,6564.75,1,538,split_disk,13,1,-1,1951.77,1870.24,1870.24
577,3499.00,32.31111599,119.89697691,32.34239304,119.83781545,32.34239304,119.83781545,0.6033,6564.75,1,538,split_disk,13,1,-1,1937.87,1845.56,1845.56
578,3506.00,32.31111599,119.89697691,32.34239304,119.83781545,32.31111599,119.89697691,0.6033,6564.75,1,538,split_disk,13,1,-1,1940.06,1837.65,1837.65
579,3514.00,32.31111599,119.89697691,32.31111599,119.89697691,32.31111599,119.89697691,0.6033,0.00,0,538,split_disk,13,1,-1,1948.39,1836.22,1836.22
580,3521.00,32.31111599,119.89697691,32.31111599,119.89697691,32.31111599,119.89697691,0.6033,0.00,0,538,split_disk,13,1,-1,1962.78,1841.29,1841.29
581,3529.00,32.31111599,119.89697691,32.31111599,119.89697691,32.31111599,119.89697691,0.6033,0.00,0,538,split_disk,13,1,-1,1920.32,1795.96,1795.96
582,3536.00,32.31224743,119.89731970,32.31111599,119.89697691,32.31111599,119.89697691,0.6267,130.01,1,583,split_disk,14,1,-1,2082.68,1800.90,1800.90
583,3544.00,32.34768635,119.83998541,32.31111599,119.89697691,32.31111599,119.89697691,0.5333,6731.71,1,1457,split_disk,10,1,-1,6685.79,6557.78,6557.78
584,3551.00,32.34768635,119.84280975,32.31111599,119.89697691,32.31111599,119.89697691,0.4867,6522.10,1,1458,split_disk,8,1,-1,6477.99,4209.98,4209.98
585,3559.00,32.30825722,119.83781545,32.31111599,119.89697691,32.31111599,119.89697691,0.5333,5574.46,1,465,split_disk,10,1,-1,4097.17,4097.17,4097.17
586,3566.00,32.34244669,119.88993853,32.31111599,119.89697691,32.31111599,119.89697691,0.5567,3550.02,1,1345,split_disk,11,1,-1,4874.15,4041.16,4041.16
587,3573.00,32.34239304,119.83781545,32.31111599,119.89697691,32.31111599,119.89697691,0.5800,6564.75,1,1320,split_disk,12,1,-1,6088.60,3167.21,3167.21
588,3581.00,32.34239304,119.83781545,32.31111599,119.89697691,32.31111599,119.89697691,0.5800,6564.75,1,1320,split_disk,12,1,-1,5985.92,3834.20,3834.20
589,3588.00,32.30825722,119.83781545,32.31111599,119.89697691,32.31111599,119.89697691,0.5333,5574.46,1,465,split_disk,10,1,-1,3768.91,3751.39,3751.39
590,3596.00,32.34768635,119.83998541,32.31111599,119.89697691,32.31111599,119.89697691,0.5333,6731.71,1,1457,split_disk,10,1,-1,6041.98,2994.87,2994.87
591,3603.00,32.30825722,119.83781545,32.31111599,119.89697691,32.30825722,119.83781545,0.5333,5574.46,1,465,split_disk,10,1,-1,3654.79,3623.23,3623.23
592,3610.00,32.30825722,119.83781545,32.30825722,119.83781545,32.30825722,119.83781545,0.5333,0.00,0,465,split_disk,10,1,-1,3550.34,3521.64,3521.64
593,3618.00,32.34239304,119.83781545,32.30825722,119.83781545,32.30825722,119.83781545,0.5800,3800.00,1,1320,split_disk,12,1,-1,5524.95,3422.04,3422.04
594,3625.00,32.34239304,119.83781545,32.30825722,119.83781545,32.30825722,119.83781545,0.5800,3800.00,1,1320,split_disk,12,1,-1,5423.30,3323.06,3323.06
595,3632.00,32.34239304,119.83781545,32.30825722,119.83781545,32.30825722,119.83781545,0.5800,3800.00,1,1320,split_disk,12,1,-1,5321.95,2366.90,2366.90
596,3640.00,32.34239304,119.83781545,32.30825722,119.83781545,32.30825722,119.83781545,0.5800,3800.00,1,1320,split_disk,12,1,-1,5277.71,2338.21,2338.21
597,3647.00,32.32456047,119.84163590,32.30825722,119.83781545,32.30825722,119.83781545,0.6033,1850.12,1,917,split_disk,13,1,-1,3575.06,3386.62,3386.62
598,3654.00,32.32456047,119.84163590,32.30825722,119.83781545,32.30825722,119.83781545,0.6033,1850.12,1,917,split_disk,13,1,-1,3467.40,3299.30,3299.30
599,3662.00,32.33693880,119.85608083,32.30825722,119.83781545,32.30825722,119.83781545,0.6033,3625.81,1,1193,split_disk,13,1,-1,3658.45,2516.05,2516.05
600,3669.00,32.34768635,119.84280975,32.30825722,119.83781545,32.30825722,119.83781545,0.4867,4414.32,1,1458,split_disk,8,1,-1,5072.24,2630.01,2630.01
601,3676.00,32.29931702,119.81328034,32.30825722,119.83781545,32.30825722,119.83781545,0.4867,2513.46,1,228,split_disk,8,1,-1,5318.90,2565.28,2565.28
602,3684.00,32.32483451,119.86179193,32.30825722,119.83781545,32.32483451,119.86179193,0.5333,2914.22,1,882,split_disk,10,1,-1,1860.97,1860.97,1860.97
603,3691.00,32.30825722,119.83781545,32.32483451,119.86179193,32.32483451,119.86179193,0.5333,2914.22,1,465,split_disk,10,1,-1,2651.48,2460.74,2460.74
604,3699.00,32.30825722,119.83781545,32.32483451,119.86179193,32.32483451,119.86179193,0.5333,2914.22,1,465,split_disk,10,1,-1,2558.61,2413.37,2413.37
605,3706.00,32.30825722,119.83781545,32.32483451,119.86179193,32.32483451,119.86179193,0.5333,2914.22,1,465,split_disk,10,1,-1,2467.08,2467.08,2467.08
606,3714.00,32.33700317,119.86120209,32.32483451,119.86179193,32.32483451,119.86179193,0.5333,1355.75,1,1196,split_disk,10,1,-1,3006.40,1881.84,1881.84
607,3721.00,32.33700317,119.86120209,32.32483451,119.86179193,32.32483451,119.86179193,0.5333,1355.75,1,1196,split_disk,10,1,-1,2944.06,2170.82,2170.82
608,3729.00,32.29931702,119.81328034,32.32483451,119.86179193,32.32483451,119.86179193,0.4867,5375.39,1,228,split_disk,8,1,-1,4856.88,2101.62,2101.62
609,3737.00,32.29931702,119.81328034,32.32483451,119.86179193,32.32483451,119.86179193,0.4867,5375.39,1,228,split_disk,8,1,-1,4782.07,1994.05,1994.05
610,3744.00,32.32065700,119.83926861,32.32483451,119.86179193,32.32483451,119.86179193,0.5100,2169.22,1,736,split_disk,9,1,-1,2034.63,1893.78,1893.78
611,3752.00,32.29931702,119.81328034,32.32483451,119.86179193,32.32483451,119.86179193,0.4867,5375.39,1,228,split_disk,8,1,-1,4725.78,1890.51,1890.51
612,3760.00,32.29931702,119.81328034,32.32483451,119.86179193,32.29931702,119.81328034,0.4867,5375.39,1,228,split_disk,8,1,-1,4658.36,1984.04,1984.04
613,3767.00,32.30825722,119.83781545,32.29931702,119.81328034,32.29931702,119.81328034,0.5333,2513.46,1,465,split_disk,10,1,-1,1993.10,1993.10,1993.10
614,3775.00,32.34239304,119.83781545,32.29931702,119.81328034,32.29931702,119.81328034,0.5800,5321.77,1,1320,split_disk,12,1,-1,3620.34,1749.38,1749.38
615,3782.00,32.30825722,119.83781545,32.29931702,119.81328034,32.29931702,119.81328034,0.5333,2513.46,1,465,split_disk,10,1,-1,1854.90,1707.49,1707.49
616,3790.00,32.34239304,119.83781545,32.29931702,119.81328034,32.29931702,119.81328034,0.5800,5321.77,1,1320,split_disk,12,1,-1,3467.35,1881.74,1881.74
617,3798.00,32.34239304,119.83781545,32.29931702,119.81328034,32.29931702,119.81328034,0.5800,5321.77,1,1320,split_disk,12,1,-1,3372.96,1821.62,1821.62
618,3805.00,32.30825722,119.83781545,32.29931702,119.81328034,32.29931702,119.81328034,0.5333,2513.46,1,465,split_disk,10,1,-1,1766.24,1766.24,1766.24
619,3813.00,32.30825722,119.83781545,32.29931702,119.81328034,32.29931702,119.81328034,0.5333,2513.46,1,465,split_disk,10,1,-1,1716.03,1641.64,1641.64
620,3821.00,32.30825722,119.83781545,32.29931702,119.81328034,32.29931702,119.81328034,0.5333,2513.46,1,465,split_disk,10,1,-1,1678.20,1197.02,1197.02
621,3828.00,32.34239304,119.83781545,32.29931702,119.81328034,32.29931702,119.81328034,0.5800,5321.77,1,1320,split_disk,12,1,-1,3035.56,304.66,304.66
622,3836.00,32.34239304,119.83781545,32.29931702,119.81328034,32.34239304,119.83781545,0.5800,5321.77,1,1320,split_disk,12,1,-1,2944.83,472.63,472.63
623,3844.00,32.34239304,119.83781545,32.34239304,119.83781545,32.34239304,119.83781545,0.5800,0.00,0,1320,split_disk,12,1,-1,2855.40,418.71,418.71
624,3852.00,32.34523527,119.83235139,32.34239304,119.83781545,32.34239304,119.83781545,0.6267,603.58,1,1407,split_disk,14,1,-1,3389.50,1783.76,1783.76
625,3859.00,32.34239304,119.83781545,32.34239304,119.83781545,32.34239304,119.83781545,0.5800,0.00,0,1320,split_disk,12,1,-1,2670.56,1987.76,1987.76
626,3867.00,32.33582882,119.88717767,32.34239304,119.83781545,32.33667274,119.88083163,0.7433,4700.69,0,1164,split_disk,19,1,-1,4176.20,1940.57,1940.57
627,3874.00,32.29388424,119.81655486,32.33308804,119.90778792,32.33308804,119.90778792,0.6267,9628.24,1,95,split_disk,14,1,-1,4161.01,2348.35,2348.35
628,3882.00,32.29388424,119.81655486,32.32899124,119.93859511,32.32899124,119.93859511,0.6267,12127.38,1,95,split_disk,14,1,-1,4138.01,1703.60,1703.60
629,3890.00,32.29388424,119.81655486,32.32489444,119.96940230,32.32489444,119.96940230,0.6267,14787.07,1,95,split_disk,14,1,-1,4117.78,1849.80,1849.80
630,3897.00,32.29388424,119.81655486,32.32130974,119.99635860,32.32130974,119.99635860,0.6267,17187.60,1,95,split_disk,14,1,-1,4109.03,1904.04,1904.04
631,3905.00,32.32456047,119.84163590,32.31721294,120.02716579,32.31721294,120.02716579,0.6033,17472.10,1,917,split_disk,13,1,-1,392.35,234.23,234.23
632,3912.00,32.33083010,119.86158298,32.31362824,120.05412208,32.31362824,120.05412208,0.5333,18213.25,1,1061,split_disk,10,1,-1,1930.71,1930.71,1930.71
633,3919.00,32.33262673,119.85702615,32.31004354,120.08107837,32.31004354,120.08107837,0.5100,21226.16,1,1104,split_disk,9,1,-1,1746.98,1636.27,1636.27
634,3926.00,32.32456047,119.84163590,32.30645883,120.10803467,32.30645883,120.10803467,0.6033,25141.22,1,917,split_disk,13,1,2,206.75,101.42,101.42
635,3934.00,32.32456047,119.84163590,32.30236203,120.13884186,32.30236203,120.13884186,0.6033,28067.39,1,917,split_disk,13,1,2,225.41,86.25,86.25
636,3941.00,32.32456047,119.84163590,32.29877733,120.16579815,32.32456047,119.84163590,0.6033,30628.97,1,917,split_disk,13,1,2,203.04,141.84,141.84
637,3949.00,32.31111599,119.89697691,32.32456047,119.84163590,32.32456047,119.84163590,0.6033,5416.83,1,538,split_disk,13,1,-1,5775.38,1518.09,1518.09
638,3957.00,32.31100870,119.89408908,32.32456047,119.84163590,32.32456047,119.84163590,0.5567,5159.77,1,537,split_disk,11,1,-1,5692.68,1571.50,1571.50
639,3964.00,32.31111599,119.89697691,32.32456047,119.84163590,32.32456047,119.84163590,0.6033,5416.83,1,538,split_disk,13,1,-1,5992.56,1744.11,1744.11
640,3972.00,32.34638325,119.85439225,32.32456047,119.84163590,32.32456047,119.84163590,0.6733,2709.53,1,1418,split_disk,16,1,-1,2689.66,1784.95,1784.95
641,3979.00,32.34638325,119.85439225,32.32456047,119.84163590,32.32456047,119.84163590,0.6733,2709.53,1,1418,split_disk,16,1,-1,2648.02,1670.61,1670.61
642,3987.00,32.34638325,119.85439225,32.32456047,119.84163590,32.32456047,119.84163590,0.6733,2709.53,1,1418,split_disk,16,1,-1,2671.69,1668.69,1668.69
643,3994.00,32.34638325,119.85439225,32.32456047,119.84163590,32.32456047,119.84163590,0.6733,2709.53,1,1418,split_disk,16,1,-1,2699.58,1759.86,1759.86
644,4002.00,32.31111599,119.89697691,32.32456047,119.84163590,32.32456047,119.84163590,0.6033,5416.83,1,538,split_disk,13,1,-1,6439.76,1652.99,1652.99
645,4010.00,32.31111599,119.89697691,32.32456047,119.84163590,32.32456047,119.84163590,0.6033,5416.83,1,538,split_disk,13,1,-1,6551.05,1748.27,1748.27
646,4018.00,32.31111599,119.89697691,32.32456047,119.84163590,32.31111599,119.89697691,0.6033,5416.83,1,538,split_disk,13,1,-1,6570.51,1751.22,1751.22
647,4025.00,32.34638325,119.85439225,32.31111599,119.89697691,32.31111599,119.89697691,0.6733,5609.00,1,1418,split_disk,16,1,-1,2767.53,1849.55,1849.55
648,4033.00,32.34638325,119.85439225,32.31111599,119.89697691,32.31111599,119.89697691,0.6733,5609.00,1,1418,split_disk,16,1,-1,2812.84,2141.81,2141.81
649,4040.00,32.31111599,119.89697691,32.31111599,119.89697691,32.31111599,119.89697691,0.6033,0.00,0,538,split_disk,13,1,-1,6897.76,2231.58,2231.58
650,4048.00,32.31111599,119.89697691,32.31111599,119.89697691,32.31111599,119.89697691,0.6033,0.00,0,538,split_disk,13,1,-1,7005.63,2323.79,2323.79
651,4055.00,32.31111599,119.89697691,32.31111599,119.89697691,32.31111599,119.89697691,0.6033,0.00,0,538,split_disk,13,1,-1,7026.11,2162.57,2162.57
652,4063.00,32.31111599,119.89697691,32.31111599,119.89697691,32.31111599,119.89697691,0.6033,0.00,0,538,split_disk,13,1,-1,7134.15,2265.79,2265.79
653,4070.00,32.33083010,119.86158298,32.31111599,119.89697691,32.31111599,119.89697691,0.5333,3987.73,1,1061,split_disk,10,1,-1,3327.04,2008.61,2008.61
654,4078.00,32.34121869,119.85585811,32.31111599,119.89697691,32.31111599,119.89697691,0.6500,5117.76,1,1284,split_disk,15,1,-1,3067.21,2811.86,2811.86
655,4085.00,32.31111599,119.89697691,32.31111599,119.89697691,32.31111599,119.89697691,0.6033,0.00,0,538,split_disk,13,1,-1,7462.71,2710.62,2710.62
656,4092.00,32.31111599,119.89697691,32.31111599,119.89697691,32.31111599,119.89697691,0.6033,0.00,0,538,split_disk,13,1,-1,7484.10,2595.65,2595.65
657,4100.00,32.31111599,119.89697691,32.31111599,119.89697691,32.31111599,119.89697691,0.6033,0.00,0,538,split_disk,13,1,-1,7592.40,2605.24,2605.24
658,4107.00,32.31100870,119.89408908,32.31111599,119.89697691,32.31111599,119.89697691,0.5567,271.92,1,537,split_disk,11,1,-1,7517.06,3114.98,3114.98
659,4114.00,32.31111599,119.89697691,32.31111599,119.89697691,32.31111599,119.89697691,0.6033,0.00,0,538,split_disk,13,1,-1,7809.09,2785.05,2785.05
660,4122.00,32.31224743,119.89731970,32.31111599,119.89697691,32.31111599,119.89697691,0.6267,130.01,1,583,split_disk,14,1,-1,7844.92,3121.79,3121.79
661,4129.00,32.31224743,119.89731970,32.31111599,119.89697691,32.31111599,119.89697691,0.6267,130.01,1,583,split_disk,14,1,-1,7865.90,2953.95,2953.95
662,4136.00,32.31111599,119.89697691,32.31111599,119.89697691,32.31111599,119.89697691,0.6033,0.00,0,538,split_disk,13,1,-1,8052.56,3431.07,3431.07
663,4143.00,32.31111599,119.89697691,32.31111599,119.89697691,32.31111599,119.89697691,0.6033,0.00,0,538,split_disk,13,1,-1,8165.60,3340.67,3340.67
664,4149.00,32.31111599,119.89697691,32.31111599,119.89697691,32.31111599,119.89697691,0.6033,0.00,0,538,split_disk,13,1,-1,8274.17,3558.28,3558.28
665,4156.00,32.31111599,119.89697691,32.31111599,119.89697691,32.31111599,119.89697691,0.6033,0.00,0,538,split_disk,13,1,-1,8382.76,3538.63,3538.63
666,4163.00,32.31111599,119.89697691,32.31111599,119.89697691,32.31111599,119.89697691,0.6033,0.00,0,538,split_disk,13,1,-1,8405.64,3491.39,3491.39
667,4170.00,32.31111599,119.89697691,32.31111599,119.89697691,32.31111599,119.89697691,0.6033,0.00,0,538,split_disk,13,1,-1,8514.32,3362.89,3362.89
668,4177.00,32.31111599,119.89697691,32.31111599,119.89697691,32.31111599,119.89697691,0.6033,0.00,0,538,split_disk,13,1,-1,8627.66,3714.58,3714.58
669,4184.00,32.31111599,119.89697691,32.31111599,119.89697691,32.31111599,119.89697691,0.6033,0.00,0,538,split_disk,13,1,-1,8736.38,3227.37,3227.37
670,4192.00,32.31111599,119.89697691,32.31111599,119.89697691,32.31111599,119.89697691,0.6033,0.00,0,538,split_disk,13,1,-1,8845.12,3290.96,3290.96
671,4199.00,32.31111599,119.89697691,32.31111599,119.89697691,32.31111599,119.89697691,0.6033,0.00,0,538,split_disk,13,1,-1,8868.62,3199.57,3199.57
672,4245.00,32.34638325,119.85439225,32.31111599,119.89697691,32.31111599,119.89697691,0.6733,5609.00,1,1418,split_disk,16,1,-1,4236.54,4136.74,4136.74
673,4249.00,32.31111599,119.89697691,32.31111599,119.89697691,32.31111599,119.89697691,0.6033,0.00,0,538,split_disk,13,1,-1,8858.04,4227.03,4227.03
674,4253.00,32.33083010,119.86158298,32.31111599,119.89697691,32.31111599,119.89697691,0.5333,3987.73,1,1061,split_disk,10,1,-1,4844.10,4215.08,4215.08
675,4257.00,32.34121869,119.85585811,32.31111599,119.89697691,32.31111599,119.89697691,0.6500,5117.76,1,1284,split_disk,15,1,-1,4228.54,4111.62,4111.62
676,4261.00,32.31111599,119.89697691,32.31111599,119.89697691,32.31111599,119.89697691,0.6033,0.00,0,538,split_disk,13,1,-1,8614.91,3270.51,3270.51
677,4265.00,32.31111599,119.89697691,32.31111599,119.89697691,32.31111599,119.89697691,0.6033,0.00,0,538,split_disk,13,1,-1,8506.60,3211.99,3211.99
678,4269.00,32.31111599,119.89697691,32.31111599,119.89697691,32.31111599,119.89697691,0.6033,0.00,0,538,split_disk,13,1,-1,8398.32,3156.17,3156.17
679,4273.00,32.31111599,119.89697691,32.31111599,119.89697691,32.31111599,119.89697691,0.6033,0.00,0,538,split_disk,13,1,-1,8376.97,3792.27,3792.27
680,4277.00,32.31111599,119.89697691,32.31111599,119.89697691,32.31111599,119.89697691,0.6033,0.00,0,538,split_disk,13,1,-1,8264.60,3689.33,3689.33
681,4281.00,32.31111599,119.89697691,32.31111599,119.89697691,32.31111599,119.89697691,0.6033,0.00,0,538,split_disk,13,1,-1,8156.49,3390.36,3390.36
682,4285.00,32.31111599,119.89697691,32.31111599,119.89697691,32.31111599,119.89697691,0.6033,0.00,0,538,split_disk,13,1,-1,8048.41,3045.14,3045.14
683,4289.00,32.33685297,119.89114466,32.31111599,119.89697691,32.31111599,119.89697691,0.5567,2917.10,1,1210,split_disk,11,1,-1,6770.13,2556.64,2556.64
684,4294.00,32.31111599,119.89697691,32.31111599,119.89697691,32.31111599,119.89697691,0.6033,0.00,0,538,split_disk,13,1,-1,7919.82,3355.59,3355.59
685,4298.00,32.34638325,119.85439225,32.31111599,119.89697691,32.31111599,119.89697691,0.6733,5609.00,1,1418,split_disk,16,1,-1,3473.96,3286.04,3286.04
686,4302.00,32.34638325,119.85439225,32.31111599,119.89697691,32.31111599,119.89697691,0.6733,5609.00,1,1418,split_disk,16,1,-1,3404.81,2812.17,2812.17
687,4306.00,32.31111599,119.89697691,32.31111599,119.89697691,32.31111599,119.89697691,0.6033,0.00,0,538,split_disk,13,1,-1,7592.25,2737.87,2737.87
688,4309.00,32.31111599,119.89697691,32.31111599,119.89697691,32.31111599,119.89697691,0.6033,0.00,0,538,split_disk,13,1,-1,7484.50,2635.17,2635.17
689,4313.00,32.31111599,119.89697691,32.31111599,119.89697691,32.31111599,119.89697691,0.6033,0.00,0,538,split_disk,13,1,-1,7464.86,2793.72,2793.72
690,4317.00,32.31111599,119.89697691,32.31111599,119.89697691,32.31111599,119.89697691,0.6033,0.00,0,538,split_disk,13,1,-1,7357.29,2675.62,2675.62
691,4321.00,32.34121869,119.85585811,32.31111599,119.89697691,32.31111599,119.89697691,0.6500,5117.76,1,1284,split_disk,15,1,-1,3141.00,2807.81,2807.81
692,4325.00,32.31233326,119.89953463,32.31111599,119.89697691,32.31111599,119.89697691,0.5333,276.14,1,584,split_disk,10,1,-1,7262.93,2517.11,2517.11
693,4329.00,32.31111599,119.89697691,32.31111599,119.89697691,32.31111599,119.89697691,0.6033,0.00,0,538,split_disk,13,1,-1,7031.13,2427.75,2427.75
694,4333.00,32.34638325,119.85439225,32.31111599,119.89697691,32.31111599,119.89697691,0.6733,5609.00,1,1418,split_disk,16,1,-1,3109.87,2433.51,2433.51
695,4337.00,32.31111599,119.89697691,32.31111599,119.89697691,32.31111599,119.89697691,0.6033,0.00,0,538,split_disk,13,1,-1,6905.36,2347.38,2347.38
696,4341.00,32.31111599,119.89697691,32.31111599,119.89697691,32.31111599,119.89697691,0.6033,0.00,0,538,split_disk,13,1,-1,6794.66,2265.21,2265.21
697,4345.00,32.31111599,119.89697691,32.31111599,119.89697691,32.31111599,119.89697691,0.6033,0.00,0,538,split_disk,13,1,-1,6687.68,1936.06,1936.06
698,4349.00,32.31111599,119.89697691,32.31111599,119.89697691,32.31111599,119.89697691,0.6033,0.00,0,538,split_disk,13,1,-1,6580.77,2104.66,2104.66
699,4353.00,32.31111599,119.89697691,32.31111599,119.89697691,32.31111599,119.89697691,0.6033,0.00,0,538,split_disk,13,1,-1,6559.90,1849.91,1849.91
700,4357.00,32.31111599,119.89697691,32.31111599,119.89697691,32.31111599,119.89697691,0.6033,0.00,0,538,split_disk,13,1,-1,6453.30,1762.88,1762.88
701,4361.00,32.31111599,119.89697691,32.31111599,119.89697691,32.31111599,119.89697691,0.6033,0.00,0,538,split_disk,13,1,-1,6346.80,1977.74,1977.74
702,4365.00,32.31111599,119.89697691,32.31111599,119.89697691,32.31111599,119.89697691,0.6033,0.00,0,538,split_disk,13,1,-1,6240.40,1597.06,1597.06
703,4369.00,32.31111599,119.89697691,32.31111599,119.89697691,32.31111599,119.89697691,0.6033,0.00,0,538,split_disk,13,1,-1,6134.09,1519.17,1519.17
704,4373.00,32.31111599,119.89697691,32.31111599,119.89697691,32.31111599,119.89697691,0.6033,0.00,0,538,split_disk,13,1,-1,6118.01,1534.86,1534.86
705,4377.00,32.31111599,119.89697691,32.31111599,119.89697691,32.31111599,119.89697691,0.6033,0.00,0,538,split_disk,13,1,-1,6012.05,1843.85,1843.85
706,4381.00,32.31111599,119.89697691,32.31111599,119.89697691,32.31111599,119.89697691,0.6033,0.00,0,538,split_disk,13,1,-1,5903.14,1774.43,1774.43
707,4385.00,32.31111599,119.89697691,32.31111599,119.89697691,32.31111599,119.89697691,0.6033,0.00,0,538,split_disk,13,1,-1,5797.48,1705.79,1705.79
708,4388.00,32.32483451,119.86179193,32.31111599,119.89697691,32.31111599,119.89697691,0.5333,3645.20,1,882,split_disk,10,1,-1,2290.42,320.44,320.44
709,4392.00,32.32456047,119.84163590,32.31111599,119.89697691,32.31111599,119.89697691,0.6033,5416.83,1,917,split_disk,13,1,-1,451.85,172.22,172.22
710,4396.00,32.32456047,119.84163590,32.31111599,119.89697691,32.31111599,119.89697691,0.6033,5416.83,1,917,split_disk,13,1,-1,457.86,214.56,214.56
711,4400.00,32.32456047,119.84163590,32.31111599,119.89697691,32.31111599,119.89697691,0.6033,5416.83,1,917,split_disk,13,1,-1,480.76,287.92,287.92
712,4404.00,32.34239304,119.84631968,32.31111599,119.89697691,32.31111599,119.89697691,0.5567,5901.81,1,1324,split_disk,11,1,-1,2361.04,1932.77,1932.77
713,4408.00,32.32456047,119.84163590,32.31111599,119.89697691,32.31111599,119.89697691,0.6033,5416.83,1,917,split_disk,13,1,-1,588.05,391.43,391.43
714,4412.00,32.32456047,119.84163590,32.31111599,119.89697691,32.31111599,119.89697691,0.6033,5416.83,1,917,split_disk,13,1,-1,643.14,445.85,445.85
715,4416.00,32.32456047,119.84163590,32.31111599,119.89697691,32.31111599,119.89697691,0.6033,5416.83,1,917,split_disk,13,1,-1,727.02,535.71,535.71
716,4420.00,32.33083010,119.86158298,32.31111599,119.89697691,32.31111599,119.89697691,0.5333,3987.73,1,1061,split_disk,10,1,-1,2042.42,1897.85,1897.85
717,4424.00,32.33083010,119.86158298,32.31111599,119.89697691,32.33083010,119.86158298,0.5333,3987.73,1,1061,split_disk,10,1,-1,2011.97,1729.13,1729.13
718,4427.00,32.29931702,119.81328034,32.33083010,119.86158298,32.33083010,119.86158298,0.4867,5740.47,1,228,split_disk,8,1,-1,3897.02,3073.92,3073.92
719,4431.00,32.29931702,119.81328034,32.33083010,119.86158298,32.33083010,119.86158298,0.4867,5740.47,1,228,split_disk,8,1,-1,3866.89,2344.47,2344.47
720,4435.00,32.30825722,119.83781545,32.33083010,119.86158298,32.33083010,119.86158298,0.5333,3363.51,1,465,split_disk,10,1,-1,1389.69,854.05,854.05
721,4439.00,32.30825722,119.83781545,32.33083010,119.86158298,32.33083010,119.86158298,0.5333,3363.51,1,465,split_disk,10,1,-1,1418.23,963.20,963.20
722,4443.00,32.34239304,119.83781545,32.33083010,119.86158298,32.33083010,119.86158298,0.5800,2579.88,1,1320,split_disk,12,1,8,3122.65,109.45,109.45
723,4447.00,32.34239304,119.83781545,32.33083010,119.86158298,32.33083010,119.86158298,0.5800,2579.88,1,1320,split_disk,12,1,-1,3209.66,1618.39,1618.39
724,4451.00,32.34239304,119.83781545,32.33083010,119.86158298,32.33083010,119.86158298,0.5800,2579.88,1,1320,split_disk,12,1,-1,3271.36,1576.32,1576.32
725,4455.00,32.34239304,119.83781545,32.33083010,119.86158298,32.33083010,119.86158298,0.5800,2579.88,1,1320,split_disk,12,1,-1,3359.18,1619.19,1619.19
726,4459.00,32.34523527,119.83235139,32.33083010,119.86158298,32.33083010,119.86158298,0.6267,3183.25,1,1407,split_disk,14,1,-1,4078.62,1668.13,1668.13
727,4463.00,32.34239304,119.83781545,32.33083010,119.86158298,32.34239304,119.83781545,0.5800,2579.88,1,1320,split_disk,12,1,-1,3538.41,1722.63,1722.63
728,4467.00,32.34239304,119.83781545,32.34239304,119.83781545,32.34239304,119.83781545,0.5800,0.00,0,1320,split_disk,12,1,-1,3629.64,1707.64,1707.64
729,4471.00,32.34239304,119.83781545,32.34239304,119.83781545,32.34239304,119.83781545,0.5800,0.00,0,1320,split_disk,12,1,-1,3689.56,1496.79,1496.79
730,4475.00,32.34239304,119.83781545,32.34239304,119.83781545,32.34239304,119.83781545,0.5800,0.00,0,1320,split_disk,12,1,-1,3781.29,1570.04,1570.04
731,4479.00,32.34239304,119.83781545,32.34239304,119.83781545,32.34239304,119.83781545,0.5800,0.00,0,1320,split_disk,12,1,-1,3873.93,1547.00,1547.00
732,4483.00,32.30825722,119.83781545,32.34239304,119.83781545,32.34239304,119.83781545,0.5333,3800.00,1,465,split_disk,10,1,-1,1924.97,1513.81,1513.81
733,4487.00,32.34239304,119.83781545,32.34239304,119.83781545,32.34239304,119.83781545,0.5800,0.00,0,1320,split_disk,12,1,-1,4071.40,1602.91,1602.91
734,4491.00,32.34239304,119.83781545,32.34239304,119.83781545,32.34239304,119.83781545,0.5800,0.00,0,1320,split_disk,12,1,-1,4120.03,2002.27,2002.27
735,4495.00,32.30825722,119.83781545,32.34239304,119.83781545,32.34239304,119.83781545,0.5333,3800.00,1,465,split_disk,10,1,-1,2091.50,2091.50,2091.50
736,4499.00,32.30825722,119.83781545,32.34239304,119.83781545,32.34239304,119.83781545,0.5333,3800.00,1,465,split_disk,10,1,-1,2182.56,2182.56,2182.56
737,4503.00,32.34768635,119.84280975,32.34239304,119.83781545,32.34239304,119.83781545,0.4867,753.62,1,1458,split_disk,8,1,-1,4682.81,2374.16,2374.16
738,4507.00,32.34239304,119.83781545,32.34239304,119.83781545,32.34239304,119.83781545,0.5800,0.00,0,1320,split_disk,12,1,-1,4511.83,2369.46,2369.46
739,4511.00,32.34239304,119.83781545,32.34239304,119.83781545,32.34239304,119.83781545,0.5800,0.00,0,1320,split_disk,12,1,-1,4559.29,2371.05,2371.05
740,4515.00,32.34239304,119.83781545,32.34239304,119.83781545,32.34239304,119.83781545,0.5800,0.00,0,1320,split_disk,12,1,-1,4656.01,2268.24,2268.24
741,4519.00,32.34239304,119.83781545,32.34239304,119.83781545,32.34239304,119.83781545,0.5800,0.00,0,1320,split_disk,12,1,-1,4753.28,2557.28,2557.28
742,4523.00,32.34239304,119.83781545,32.34239304,119.83781545,32.34239304,119.83781545,0.5800,0.00,0,1320,split_disk,12,1,-1,4851.06,2652.08,2652.08
743,4527.00,32.33700317,119.86120209,32.34239304,119.83781545,32.34239304,119.83781545,0.5333,2280.35,1,1196,split_disk,10,1,-1,3571.09,2748.45,2748.45
744,4531.00,32.30825722,119.83781545,32.34239304,119.83781545,32.34239304,119.83781545,0.5333,3800.00,1,465,split_disk,10,1,-1,2772.26,2751.63,2751.63
745,4535.00,32.30825722,119.83781545,32.34239304,119.83781545,32.34239304,119.83781545,0.5333,3800.00,1,465,split_disk,10,1,-1,2873.45,2849.65,2849.65
746,4539.00,32.30825722,119.83781545,32.34239304,119.83781545,32.34239304,119.83781545,0.5333,3800.00,1,465,split_disk,10,1,-1,2975.22,2975.22,2975.22
747,4543.00,32.33262673,119.85702615,32.34239304,119.83781545,32.34239304,119.83781545,0.5100,2108.99,1,1104,split_disk,9,1,-1,3569.58,3125.60,3125.60
748,4547.00,32.33262673,119.85702615,32.34239304,119.83781545,32.34239304,119.83781545,0.5100,2108.99,1,1104,split_disk,9,1,-1,3665.23,2521.77,2521.77
749,4550.00,32.34239304,119.83781545,32.34239304,119.83781545,32.34239304,119.83781545,0.5800,0.00,0,1320,split_disk,12,1,-1,5455.66,2325.10,2325.10
750,4554.00,32.34239304,119.83781545,32.34239304,119.83781545,32.34239304,119.83781545,0.5800,0.00,0,1320,split_disk,12,1,-1,5555.32,2416.78,2416.78
751,4558.00,32.34239304,119.83781545,32.34239304,119.83781545,32.34239304,119.83781545,0.5800,0.00,0,1320,split_disk,12,1,-1,5655.34,2919.55,2919.55
752,4562.00,32.34239304,119.83781545,32.34239304,119.83781545,32.34239304,119.83781545,0.5800,0.00,0,1320,split_disk,12,1,-1,5755.69,2747.90,2747.90
753,4566.00,32.34239304,119.83781545,32.34239304,119.83781545,32.34239304,119.83781545,0.5800,0.00,0,1320,split_disk,12,1,-1,5865.30,2863.25,2863.25
754,4570.00,32.34239304,119.83781545,32.34239304,119.83781545,32.34239304,119.83781545,0.5800,0.00,0,1320,split_disk,12,1,-1,5910.07,3580.38,3580.38
755,4574.00,32.34239304,119.83781545,32.34239304,119.83781545,32.34239304,119.83781545,0.5800,0.00,0,1320,split_disk,12,1,-1,6010.76,3684.32,3684.32
756,4578.00,32.30825722,119.83781545,32.34239304,119.83781545,32.34239304,119.83781545,0.5333,3800.00,1,465,split_disk,10,1,-1,3839.69,3788.56,3788.56
757,4582.00,32.34239304,119.83781545,32.34239304,119.83781545,32.34239304,119.83781545,0.5800,0.00,0,1320,split_disk,12,1,-1,6221.86,3895.75,3895.75
758,4586.00,32.34239304,119.83781545,32.34239304,119.83781545,32.34239304,119.83781545,0.5800,0.00,0,1320,split_disk,12,1,-1,6323.36,4000.61,4000.61
759,4590.00,32.29931702,119.81328034,32.34239304,119.83781545,32.34239304,119.83781545,0.4867,5321.77,1,228,split_disk,8,1,-1,6279.37,4115.14,4115.14
760,4595.00,32.34768635,119.84280975,32.34239304,119.83781545,32.34239304,119.83781545,0.4867,753.62,1,1458,split_disk,8,1,-1,6628.44,4657.56,4657.56
761,4599.00,32.33700317,119.86120209,32.34239304,119.83781545,32.34239304,119.83781545,0.5333,2280.35,1,1196,split_disk,10,1,-1,4929.80,4226.01,4226.01
762,4603.00,32.34239304,119.83781545,32.34239304,119.83781545,32.34239304,119.83781545,0.5800,0.00,0,1320,split_disk,12,1,-1,6681.50,4335.01,4335.01
763,4607.00,32.30825722,119.83781545,32.34239304,119.83781545,32.34239304,119.83781545,0.5333,3800.00,1,465,split_disk,10,1,-1,4503.12,4441.09,4441.09
764,4611.00,32.35072170,119.85477313,32.34239304,119.83781545,32.34239304,119.83781545,0.5800,1845.08,1,1553,split_disk,12,1,-1,6874.14,4457.54,4457.54
765,4615.00,32.35400962,119.83799319,32.34239304,119.83781545,32.34239304,119.83781545,0.5100,1293.27,1,1590,split_disk,9,1,-1,7900.16,3633.39,3633.39
766,4619.00,32.30825722,119.83781545,32.34239304,119.83781545,32.34239304,119.83781545,0.5333,3800.00,1,465,split_disk,10,1,-1,4736.81,3543.12,3543.12
767,4623.00,32.34768635,119.83998541,32.34239304,119.83781545,32.34239304,119.83781545,0.5333,623.61,1,1457,split_disk,10,1,-1,7385.30,3998.25,3998.25
