Frame,Time_Sec,Raw_Lat,Raw_Lng,Predicted_Lat,Predicted_Lng,Filtered_Lat,Filtered_Lng,Match_Confidence,Innovation_M,Outlier_Rejected,Best_Match_Idx,Algorithm,Inliers,Measurement_Valid,Correct_Candidate_Rank,Top1_Min_Dist_M,Top5_Min_Dist_M,Top10_Min_Dist_M
1,3.00,29.76898970,115.99356999,29.76100000,115.97500000,29.76100000,115.97500000,0.4633,2003.23,1,479,split_xfeat,7,1,-1,2017.12,2017.12,2017.12
2,7.00,29.76100000,115.97500000,29.76100000,115.97500000,29.76100000,115.97500000,0.0000,0.00,0,-1,split_xfeat,0,0,-1,,,
3,10.00,29.76100000,115.97500000,29.76100000,115.97500000,29.76100000,115.97500000,0.0000,0.00,0,-1,split_xfeat,0,0,-1,,,
4,14.00,29.76100000,115.97500000,29.76100000,115.97500000,29.76100000,115.97500000,0.0000,0.00,0,-1,split_xfeat,0,0,-1,,,
5,17.00,29.77219663,115.98743677,29.76100000,115.97500000,29.76100000,115.97500000,0.4867,1731.66,1,502,split_xfeat,8,1,-1,2038.81,2038.81,2038.81
6,21.00,29.77219663,115.98743677,29.76100000,115.97500000,29.76100000,115.97500000,0.4867,1731.66,1,502,split_xfeat,8,1,-1,2102.89,2102.89,2102.89
7,24.00,29.77219663,115.98743677,29.76100000,115.97500000,29.76100000,115.97500000,0.4867,1731.66,1,502,split_xfeat,8,1,-1,2167.87,2167.87,2167.87
8,28.00,29.77219663,115.98743677,29.76100000,115.97500000,29.76100000,115.97500000,0.4867,1731.66,1,502,split_xfeat,8,1,-1,2233.68,2233.68,2233.68
9,31.00,29.76100000,115.97500000,29.76100000,115.97500000,29.76100000,115.97500000,0.0000,0.00,0,-1,split_xfeat,0,0,-1,,,
10,34.00,29.77219663,115.98743677,29.76100000,115.97500000,29.76100000,115.97500000,0.4867,1731.66,1,502,split_xfeat,8,1,-1,2377.18,2006.46,2006.46
11,38.00,29.76100000,115.97500000,29.76100000,115.97500000,29.76100000,115.97500000,0.0000,0.00,0,-1,split_xfeat,0,0,-1,,,
12,41.00,29.76100000,115.97500000,29.76100000,115.97500000,29.76100000,115.97500000,0.0000,0.00,0,-1,split_xfeat,0,0,-1,,,
13,44.00,29.76100000,115.97500000,29.76100000,115.97500000,29.76100000,115.97500000,0.0000,0.00,0,-1,split_xfeat,0,0,-1,,,
14,48.00,29.76898970,115.99356999,29.76100000,115.97500000,29.76100000,115.97500000,0.4633,2003.23,1,479,split_xfeat,7,1,-1,2658.57,2658.57,2658.57
15,51.00,29.76100000,115.97500000,29.76100000,115.97500000,29.76100000,115.97500000,0.0000,0.00,0,-1,split_xfeat,0,0,-1,,,
16,55.00,29.76100000,115.97500000,29.76100000,115.97500000,29.76100000,115.97500000,0.0000,0.00,0,-1,split_xfeat,0,0,-1,,,
17,58.00,29.76100000,115.97500000,29.76100000,115.97500000,29.76100000,115.97500000,0.0000,0.00,0,-1,split_xfeat,0,0,-1,,,
18,62.00,29.76100000,115.97500000,29.76100000,115.97500000,29.76100000,115.97500000,0.0000,0.00,0,-1,split_xfeat,0,0,-1,,,
19,65.00,29.77219663,115.98743677,29.76100000,115.97500000,29.76100000,115.97500000,0.4867,1731.66,1,502,split_xfeat,8,1,-1,3016.69,2577.18,2577.18
20,69.00,29.77219663,115.98743677,29.76100000,115.97500000,29.76100000,115.97500000,0.4867,1731.66,1,502,split_xfeat,8,1,-1,3088.58,2029.89,2029.89
21,72.00,29.71712373,115.97765252,29.76100000,115.97500000,29.71712373,115.97765252,0.4167,4891.03,1,95,split_xfeat,5,1,-1,3288.89,3288.89,3288.89
22,75.00,29.71074661,115.99588629,29.71712373,115.97765252,29.71712373,115.97765252,0.5100,1900.06,1,64,split_xfeat,9,1,-1,4274.46,4274.46,4274.46
23,78.00,29.77249710,115.99570091,29.71712373,115.97765252,29.71712373,115.97765252,0.4400,6406.27,1,506,split_xfeat,6,1,-1,3667.97,3667.97,3667.97
24,82.00,29.77362386,115.98290305,29.71712373,115.97765252,29.71712373,115.97765252,0.5100,6310.04,1,500,split_xfeat,9,1,-1,3260.93,3192.11,3192.11
25,85.00,29.77362386,115.98290305,29.71712373,115.97765252,29.71712373,115.97765252,0.5100,6310.04,1,500,split_xfeat,9,1,-1,3347.48,2992.09,2992.09
26,89.00,29.77051805,115.99615818,29.71712373,115.97765252,29.71712373,115.97765252,0.4633,6207.17,1,493,split_xfeat,7,1,-1,3705.86,846.76,846.76
27,92.00,29.76175575,115.97160581,29.71712373,115.97765252,29.71712373,115.97765252,0.4867,5002.70,1,404,split_xfeat,8,1,-1,2023.80,2011.73,2011.73
28,96.00,29.71712373,115.97765252,29.71712373,115.97765252,29.71712373,115.97765252,0.0000,0.00,0,-1,split_xfeat,0,0,-1,,,
29,99.00,29.71712373,115.97765252,29.71712373,115.97765252,29.71712373,115.97765252,0.0000,0.00,0,-1,split_xfeat,0,0,-1,,,
30,102.00,29.71712373,115.97765252,29.71712373,115.97765252,29.71712373,115.97765252,0.0000,0.00,0,-1,split_xfeat,0,0,-1,,,
31,106.00,29.71712373,115.97765252,29.71712373,115.97765252,29.71712373,115.97765252,0.0000,0.00,0,-1,split_xfeat,0,0,-1,,,
32,110.00,29.76176029,115.97076020,29.71712373,115.97765252,29.71712373,115.97765252,0.5333,5013.40,1,416,split_xfeat,10,1,-1,2635.20,2401.33,2401.33
33,113.00,29.76176029,115.97076020,29.71712373,115.97765252,29.71712373,115.97765252,0.5333,5013.40,1,416,split_xfeat,10,1,-1,2723.14,2490.38,2490.38
34,116.00,29.76176029,115.97076020,29.71712373,115.97765252,29.71712373,115.97765252,0.5333,5013.40,1,416,split_xfeat,10,1,-1,2800.15,2568.30,2568.30
35,119.00,29.76176029,115.97076020,29.71712373,115.97765252,29.76176029,115.97076020,0.5333,5013.40,1,416,split_xfeat,10,1,-1,2877.21,2646.22,2646.22
36,123.00,29.76176029,115.97076020,29.76176029,115.97076020,29.76176029,115.97076020,0.5333,0.00,0,416,split_xfeat,10,1,-1,2954.32,2724.14,2724.14
37,126.00,29.76176029,115.97076020,29.76176029,115.97076020,29.76176029,115.97076020,0.5333,0.00,0,416,split_xfeat,10,1,-1,3031.46,2802.07,2802.07
38,129.00,29.76176029,115.97076020,29.76176029,115.97076020,29.76176029,115.97076020,0.5333,0.00,0,416,split_xfeat,10,1,-1,3108.65,2879.99,2879.99
39,133.00,29.76375460,115.99291498,29.76176029,115.97076020,29.76176029,115.97076020,0.4867,2152.94,1,453,split_xfeat,8,1,-1,3977.47,3157.90,3157.90
40,136.00,29.77146238,115.98655930,29.76176029,115.97076020,29.76176029,115.97076020,0.4867,1870.46,1,489,split_xfeat,8,1,-1,4407.30,3246.96,3246.96
41,139.00,29.77146238,115.98655930,29.76176029,115.97076020,29.76176029,115.97076020,0.4867,1870.46,1,489,split_xfeat,8,1,-1,4482.43,3324.88,3324.88
42,143.00,29.76165298,115.97402098,29.76176029,115.97076020,29.76176029,115.97076020,0.4167,315.41,1,418,split_xfeat,5,1,-1,3402.80,3402.80,3402.80
43,146.00,29.76176029,115.97076020,29.76176029,115.97076020,29.76176029,115.97076020,0.5333,0.00,0,416,split_xfeat,10,1,-1,3506.12,3280.73,3280.73
44,150.00,29.76176029,115.97076020,29.76176029,115.97076020,29.76176029,115.97076020,0.5333,0.00,0,416,split_xfeat,10,1,-1,3583.49,3358.65,3358.65
45,153.00,29.76175575,115.97160581,29.76176029,115.97076020,29.76176029,115.97076020,0.4867,81.74,1,404,split_xfeat,8,1,-1,3443.65,3436.57,3436.57
46,157.00,29.77146238,115.98655930,29.76176029,115.97076020,29.76176029,115.97076020,0.4867,1870.46,1,489,split_xfeat,8,1,-1,4859.43,3319.22,3319.22
47,160.00,29.77146238,115.98655930,29.76176029,115.97076020,29.76176029,115.97076020,0.4867,1870.46,1,489,split_xfeat,8,1,-1,4935.07,4935.07,4935.07
48,164.00,29.76176029,115.97076020,29.76176029,115.97076020,29.76176029,115.97076020,0.0000,0.00,0,-1,split_xfeat,0,0,-1,,,
49,167.00,29.76898970,115.99356999,29.76176029,115.97076020,29.76176029,115.97076020,0.4633,2347.07,1,479,split_xfeat,7,1,-1,5080.69,4375.71,4375.71
50,170.00,29.76898970,115.99356999,29.76176029,115.97076020,29.76176029,115.97076020,0.4633,2347.07,1,479,split_xfeat,7,1,-1,5153.75,1814.86,1814.86
51,174.00,29.72396683,115.99545373,29.76176029,115.97076020,29.76176029,115.97076020,0.5100,4837.08,1,155,split_xfeat,9,1,-1,1980.06,1780.26,1780.26
52,177.00,29.72396683,115.99545373,29.76176029,115.97076020,29.76176029,115.97076020,0.5100,4837.08,1,155,split_xfeat,9,1,-1,1978.25,1778.25,1778.25
53,180.00,29.72396683,115.99545373,29.76176029,115.97076020,29.76176029,115.97076020,0.5100,4837.08,1,155,split_xfeat,9,1,-1,1979.51,1979.51,1979.51
54,184.00,29.76898970,115.99356999,29.76176029,115.97076020,29.76176029,115.97076020,0.4633,2347.07,1,479,split_xfeat,7,1,-1,5447.37,4763.99,4763.99
55,187.00,29.76898970,115.99356999,29.76176029,115.97076020,29.76898970,115.99356999,0.4633,2347.07,1,479,split_xfeat,7,1,-1,5521.08,4841.67,4841.67
56,190.00,29.72396683,115.99545373,29.76898970,115.99356999,29.76898970,115.99356999,0.5100,5015.25,1,155,split_xfeat,9,1,-1,2003.31,1782.01,1782.01
57,193.00,29.76898970,115.99356999,29.76898970,115.99356999,29.76898970,115.99356999,0.4633,0.00,0,479,split_xfeat,7,1,-1,5679.42,1788.77,1788.77
58,196.00,29.76898970,115.99356999,29.76898970,115.99356999,29.76898970,115.99356999,0.4633,0.00,0,479,split_xfeat,7,1,-1,5753.48,1839.76,1839.76
59,200.00,29.76054314,115.99300149,29.76898970,115.99356999,29.76898970,115.99356999,0.5100,941.88,1,414,split_xfeat,9,1,-1,4884.87,1861.26,1861.26
60,203.00,29.76898970,115.99356999,29.76898970,115.99356999,29.76898970,115.99356999,0.4633,0.00,0,479,split_xfeat,7,1,-1,5901.89,4646.81,4646.81
61,206.00,29.76898970,115.99356999,29.76898970,115.99356999,29.76898970,115.99356999,0.4633,0.00,0,479,split_xfeat,7,1,-1,5976.24,4724.42,4724.42
62,210.00,29.76898970,115.99356999,29.76898970,115.99356999,29.76898970,115.99356999,0.4633,0.00,0,479,split_xfeat,7,1,-1,6050.68,5396.75,5396.75
63,213.00,29.76898970,115.99356999,29.76898970,115.99356999,29.76898970,115.99356999,0.4633,0.00,0,479,split_xfeat,7,1,-1,6125.21,5474.48,5474.48
64,216.00,29.76898970,115.99356999,29.76898970,115.99356999,29.76898970,115.99356999,0.4633,0.00,0,479,split_xfeat,7,1,-1,6210.48,5563.33,5563.33
65,220.00,29.76898970,115.99356999,29.76898970,115.99356999,29.76898970,115.99356999,0.4633,0.00,0,479,split_xfeat,7,1,-1,6285.18,5641.08,5641.08
66,223.00,29.76898970,115.99356999,29.76898970,115.99356999,29.76898970,115.99356999,0.4633,0.00,0,479,split_xfeat,7,1,-1,6359.96,2756.56,2756.56
67,226.00,29.76898970,115.99356999,29.76898970,115.99356999,29.76898970,115.99356999,0.4633,0.00,0,479,split_xfeat,7,1,-1,6434.81,5796.58,5796.58
68,230.00,29.76898970,115.99356999,29.76898970,115.99356999,29.76898970,115.99356999,0.4633,0.00,0,479,split_xfeat,7,1,-1,6509.74,2877.41,2877.41
69,233.00,29.76898970,115.99356999,29.76898970,115.99356999,29.76898970,115.99356999,0.4633,0.00,0,479,split_xfeat,7,1,-1,6584.73,2939.06,2939.06
70,237.00,29.76898970,115.99356999,29.76898970,115.99356999,29.76898970,115.99356999,0.4633,0.00,0,479,split_xfeat,7,1,-1,6659.79,5418.04,5418.04
71,240.00,29.76898970,115.99356999,29.76898970,115.99356999,29.76898970,115.99356999,0.4633,0.00,0,479,split_xfeat,7,1,-1,6734.92,6107.65,6107.65
72,243.00,29.76898970,115.99356999,29.76898970,115.99356999,29.76898970,115.99356999,0.4633,0.00,0,479,split_xfeat,7,1,-1,6820.86,5600.88,5600.88
73,247.00,29.76898970,115.99356999,29.76898970,115.99356999,29.76898970,115.99356999,0.4633,0.00,0,479,split_xfeat,7,1,-1,6896.12,5678.59,5678.59
74,250.00,29.76898970,115.99356999,29.76898970,115.99356999,29.76898970,115.99356999,0.4633,0.00,0,479,split_xfeat,7,1,-1,6971.43,6352.10,6352.10
75,253.00,29.76352472,115.99324866,29.76898970,115.99356999,29.76898970,115.99356999,0.5100,609.15,1,440,split_xfeat,9,1,-1,6468.00,6429.89,6429.89
76,257.00,29.76352472,115.99324866,29.76898970,115.99356999,29.76898970,115.99356999,0.5100,609.15,1,440,split_xfeat,9,1,-1,6542.96,6507.68,6507.68
77,260.00,29.76352472,115.99324866,29.76898970,115.99356999,29.76898970,115.99356999,0.5100,609.15,1,440,split_xfeat,9,1,-1,6617.98,6585.47,6585.47
78,263.00,29.76352472,115.99324866,29.76898970,115.99356999,29.76898970,115.99356999,0.5100,609.15,1,440,split_xfeat,9,1,-1,6693.07,3532.71,3532.71
79,311.00,29.76898970,115.99356999,29.76898970,115.99356999,29.76898970,115.99356999,0.4633,0.00,0,479,split_xfeat,7,1,-1,7195.84,6621.71,6621.71
80,316.00,29.72396683,115.99545373,29.76898970,115.99356999,29.76898970,115.99356999,0.5100,5015.25,1,155,split_xfeat,9,1,-1,2637.08,2637.08,2637.08
81,321.00,29.72396683,115.99545373,29.76898970,115.99356999,29.76898970,115.99356999,0.5100,5015.25,1,155,split_xfeat,9,1,-1,2580.26,2580.26,2580.26
82,326.00,29.72396683,115.99545373,29.76898970,115.99356999,29.76898970,115.99356999,0.5100,5015.25,1,155,split_xfeat,9,1,-1,2524.57,2524.57,2524.57
83,332.00,29.72396683,115.99545373,29.76898970,115.99356999,29.76898970,115.99356999,0.5100,5015.25,1,155,split_xfeat,9,1,-1,2462.39,2462.39,2462.39
84,337.00,29.76898970,115.99356999,29.76898970,115.99356999,29.76898970,115.99356999,0.4633,0.00,0,479,split_xfeat,7,1,-1,6805.50,3060.70,3060.70
85,342.00,29.76898970,115.99356999,29.76898970,115.99356999,29.76898970,115.99356999,0.4633,0.00,0,479,split_xfeat,7,1,-1,6729.75,6143.24,6143.24
86,346.00,29.76898970,115.99356999,29.76898970,115.99356999,29.76898970,115.99356999,0.4633,0.00,0,479,split_xfeat,7,1,-1,6654.04,6065.35,6065.35
87,351.00,29.76898970,115.99356999,29.76898970,115.99356999,29.76898970,115.99356999,0.4633,0.00,0,479,split_xfeat,7,1,-1,6578.38,2863.27,2863.27
88,356.00,29.76898970,115.99356999,29.76898970,115.99356999,29.76898970,115.99356999,0.4633,0.00,0,479,split_xfeat,7,1,-1,6502.78,4661.91,4661.91
89,361.00,29.72515798,115.99188921,29.76898970,115.99356999,29.76898970,115.99356999,0.4633,4882.05,1,154,split_xfeat,7,1,-1,2005.45,2005.45,2005.45
90,366.00,29.72396683,115.99545373,29.76898970,115.99356999,29.76898970,115.99356999,0.5100,5015.25,1,155,split_xfeat,9,1,-1,2123.76,1848.26,1848.26
91,371.00,29.72396683,115.99545373,29.76898970,115.99356999,29.76898970,115.99356999,0.5100,5015.25,1,155,split_xfeat,9,1,-1,2082.56,2082.56,2082.56
92,376.00,29.76898970,115.99356999,29.76898970,115.99356999,29.76898970,115.99356999,0.4633,0.00,0,479,split_xfeat,7,1,-1,6190.19,5586.91,5586.91
93,381.00,29.76898970,115.99356999,29.76898970,115.99356999,29.76898970,115.99356999,0.4633,0.00,0,479,split_xfeat,7,1,-1,6114.90,2478.82,2478.82
94,386.00,29.76898970,115.99356999,29.76898970,115.99356999,29.76898970,115.99356999,0.4633,0.00,0,479,split_xfeat,7,1,-1,6039.67,2419.42,2419.42
95,391.00,29.76390484,115.97839404,29.76898970,115.99356999,29.76898970,115.99356999,0.4167,1572.32,1,446,split_xfeat,5,1,-1,5353.28,5353.28,5353.28
96,396.00,29.75962027,115.96940074,29.76898970,115.99356999,29.76898970,115.99356999,0.4400,2558.44,1,403,split_xfeat,6,1,-1,4712.47,2303.93,2303.93
97,402.00,29.76898970,115.99356999,29.76898970,115.99356999,29.76898970,115.99356999,0.4633,0.00,0,479,split_xfeat,7,1,-1,5814.41,2248.01,2248.01
98,407.00,29.76898970,115.99356999,29.76898970,115.99356999,29.76898970,115.99356999,0.4633,0.00,0,479,split_xfeat,7,1,-1,5739.48,5119.65,5119.65
99,412.00,29.76898970,115.99356999,29.76898970,115.99356999,29.76898970,115.99356999,0.4633,0.00,0,479,split_xfeat,7,1,-1,5653.94,4469.78,4469.78
100,417.00,29.77051805,115.99615818,29.76898970,115.99356999,29.76898970,115.99356999,0.4633,302.54,1,493,split_xfeat,7,1,-1,5829.32,3440.07,3440.07
101,423.00,29.77051805,115.99615818,29.76898970,115.99356999,29.76898970,115.99356999,0.4633,302.54,1,493,split_xfeat,7,1,-1,5755.19,3364.25,3364.25
102,427.00,29.77051805,115.99615818,29.76898970,115.99356999,29.76898970,115.99356999,0.4633,302.54,1,493,split_xfeat,7,1,-1,5681.16,2993.52,2993.52
103,432.00,29.72396683,115.99545373,29.76898970,115.99356999,29.76898970,115.99356999,0.5100,5015.25,1,155,split_xfeat,9,1,-1,1788.66,1587.17,1587.17
104,437.00,29.76054314,115.99300149,29.76898970,115.99356999,29.76898970,115.99356999,0.5100,941.88,1,414,split_xfeat,9,1,-1,4337.56,1894.37,1894.37
105,442.00,29.72396683,115.99545373,29.76898970,115.99356999,29.76898970,115.99356999,0.5100,5015.25,1,155,split_xfeat,9,1,-1,1785.37,1785.37,1785.37
106,447.00,29.72396683,115.99545373,29.76898970,115.99356999,29.76898970,115.99356999,0.5100,5015.25,1,155,split_xfeat,9,1,-1,1788.83,1589.32,1589.32
107,452.00,29.72396683,115.99545373,29.76898970,115.99356999,29.76898970,115.99356999,0.5100,5015.25,1,155,split_xfeat,9,1,-1,1796.91,1598.42,1598.42
108,457.00,29.76898970,115.99356999,29.76898970,115.99356999,29.76898970,115.99356999,0.4633,0.00,0,479,split_xfeat,7,1,-1,4974.07,4318.77,4318.77
109,463.00,29.76898970,115.99356999,29.76898970,115.99356999,29.76898970,115.99356999,0.0000,0.00,0,-1,split_xfeat,0,0,-1,,,
110,468.00,29.76898970,115.99356999,29.76898970,115.99356999,29.76898970,115.99356999,0.0000,0.00,0,-1,split_xfeat,0,0,-1,,,
111,473.00,29.77146238,115.98655930,29.76898970,115.99356999,29.76898970,115.99356999,0.4867,731.42,1,489,split_xfeat,8,1,-1,4783.53,4783.53,4783.53
112,478.00,29.77146238,115.98655930,29.76898970,115.99356999,29.76898970,115.99356999,0.4867,731.42,1,489,split_xfeat,8,1,-1,4707.30,4707.30,4707.30
113,484.00,29.77146238,115.98655930,29.76898970,115.99356999,29.76898970,115.99356999,0.4867,731.42,1,489,split_xfeat,8,1,-1,4631.13,3125.22,3125.22
114,489.00,29.77146238,115.98655930,29.76898970,115.99356999,29.76898970,115.99356999,0.4867,731.42,1,489,split_xfeat,8,1,-1,4555.02,3047.30,3047.30
115,494.00,29.76898970,115.99356999,29.76898970,115.99356999,29.76898970,115.99356999,0.0000,0.00,0,-1,split_xfeat,0,0,-1,,,
116,499.00,29.77146238,115.98655930,29.76898970,115.99356999,29.76898970,115.99356999,0.4867,731.42,1,489,split_xfeat,8,1,-1,4392.14,4392.14,4392.14
117,504.00,29.76898970,115.99356999,29.76898970,115.99356999,29.76898970,115.99356999,0.0000,0.00,0,-1,split_xfeat,0,0,-1,,,
118,509.00,29.77146238,115.98655930,29.76898970,115.99356999,29.76898970,115.99356999,0.4867,731.42,1,489,split_xfeat,8,1,-1,4240.40,4240.40,4240.40
119,513.00,29.76176029,115.97076020,29.76898970,115.99356999,29.76898970,115.99356999,0.5333,2347.07,1,416,split_xfeat,10,1,-1,3107.98,2854.62,2854.62
120,518.00,29.76176029,115.97076020,29.76898970,115.99356999,29.76898970,115.99356999,0.5333,2347.07,1,416,split_xfeat,10,1,-1,3031.64,2776.93,2776.93
121,523.00,29.76176029,115.97076020,29.76898970,115.99356999,29.76898970,115.99356999,0.5333,2347.07,1,416,split_xfeat,10,1,-1,2955.38,2699.24,2699.24
122,529.00,29.76176029,115.97076020,29.76898970,115.99356999,29.76176029,115.97076020,0.5333,2347.07,1,416,split_xfeat,10,1,-1,2879.20,2621.57,2621.57
123,534.00,29.76176029,115.97076020,29.76176029,115.97076020,29.76176029,115.97076020,0.5333,0.00,0,416,split_xfeat,10,1,-1,2792.27,2532.83,2532.83
124,539.00,29.76176029,115.97076020,29.76176029,115.97076020,29.76176029,115.97076020,0.5333,0.00,0,416,split_xfeat,10,1,-1,2716.31,2455.20,2455.20
125,544.00,29.76176029,115.97076020,29.76176029,115.97076020,29.76176029,115.97076020,0.5333,0.00,0,416,split_xfeat,10,1,-1,2640.47,2377.58,2377.58
126,549.00,29.76176029,115.97076020,29.76176029,115.97076020,29.76176029,115.97076020,0.0000,0.00,0,-1,split_xfeat,0,0,-1,,,
127,554.00,29.76176029,115.97076020,29.76176029,115.97076020,29.76176029,115.97076020,0.0000,0.00,0,-1,split_xfeat,0,0,-1,,,
128,560.00,29.76176029,115.97076020,29.76176029,115.97076020,29.76176029,115.97076020,0.0000,0.00,0,-1,split_xfeat,0,0,-1,,,
129,565.00,29.76176029,115.97076020,29.76176029,115.97076020,29.76176029,115.97076020,0.0000,0.00,0,-1,split_xfeat,0,0,-1,,,
130,570.00,29.76176029,115.97076020,29.76176029,115.97076020,29.76176029,115.97076020,0.0000,0.00,0,-1,split_xfeat,0,0,-1,,,
131,575.00,29.75098055,115.99558968,29.76176029,115.97076020,29.76176029,115.97076020,0.4400,2683.28,1,350,split_xfeat,6,1,-1,1994.13,1994.13,1994.13
132,581.00,29.77219663,115.98743677,29.76176029,115.97076020,29.76176029,115.97076020,0.4867,1986.98,1,502,split_xfeat,8,1,-1,3358.88,1811.30,1811.30
133,586.00,29.77146238,115.98655930,29.76176029,115.97076020,29.76176029,115.97076020,0.4867,1870.46,1,489,split_xfeat,8,1,-1,3094.25,1733.37,1733.37
134,592.00,29.77146238,115.98655930,29.76176029,115.97076020,29.76176029,115.97076020,0.4867,1870.46,1,489,split_xfeat,8,1,-1,3020.48,1655.45,1655.45
135,597.00,29.76110569,115.97667096,29.76176029,115.97076020,29.76176029,115.97076020,0.4633,575.96,1,419,split_xfeat,7,1,-1,1777.52,1577.53,1577.53
136,602.00,29.77146238,115.98655930,29.76176029,115.97076020,29.76176029,115.97076020,0.4867,1870.46,1,489,split_xfeat,8,1,-1,2873.60,1853.50,1853.50
137,608.00,29.77228247,115.97993174,29.76176029,115.97076020,29.76176029,115.97076020,0.4400,1468.99,1,499,split_xfeat,6,1,-1,2847.75,2630.42,2630.42
138,613.00,29.76176029,115.97076020,29.76176029,115.97076020,29.76176029,115.97076020,0.0000,0.00,0,-1,split_xfeat,0,0,-1,,,
139,618.00,29.77219663,115.98743677,29.76176029,115.97076020,29.76176029,115.97076020,0.4867,1986.98,1,502,split_xfeat,8,1,-1,2831.46,2831.46,2831.46
140,623.00,29.76176029,115.97076020,29.76176029,115.97076020,29.76176029,115.97076020,0.0000,0.00,0,-1,split_xfeat,0,0,-1,,,
141,628.00,29.76176029,115.97076020,29.76176029,115.97076020,29.76176029,115.97076020,0.0000,0.00,0,-1,split_xfeat,0,0,-1,,,
142,633.00,29.76898970,115.99356999,29.76176029,115.97076020,29.76176029,115.97076020,0.4633,2347.07,1,479,split_xfeat,7,1,-1,2568.24,1631.37,1631.37
143,638.00,29.76352472,115.99324866,29.76176029,115.97076020,29.76352472,115.99324866,0.5100,2182.58,1,440,split_xfeat,9,1,-1,2077.37,1553.98,1553.98
144,642.00,29.76352472,115.99324866,29.76352472,115.99324866,29.76352472,115.99324866,0.5100,0.00,0,440,split_xfeat,9,1,-1,2027.86,1476.64,1476.64
145,647.00,29.76352472,115.99324866,29.76352472,115.99324866,29.76352472,115.99324866,0.5100,0.00,0,440,split_xfeat,9,1,-1,1980.19,1399.36,1399.36
146,652.00,29.76898970,115.99356999,29.76352472,115.99324866,29.76352472,115.99324866,0.4633,609.15,1,479,split_xfeat,7,1,-1,2322.77,1311.14,1311.14
147,657.00,29.76898970,115.99356999,29.76352472,115.99324866,29.76352472,115.99324866,0.4633,609.15,1,479,split_xfeat,7,1,-1,2266.43,2266.43,2266.43
148,662.00,29.76352472,115.99324866,29.76352472,115.99324866,29.76352472,115.99324866,0.0000,0.00,0,-1,split_xfeat,0,0,-1,,,
149,668.00,29.76352472,115.99324866,29.76352472,115.99324866,29.76352472,115.99324866,0.0000,0.00,0,-1,split_xfeat,0,0,-1,,,
150,673.00,29.76352472,115.99324866,29.76352472,115.99324866,29.76352472,115.99324866,0.0000,0.00,0,-1,split_xfeat,0,0,-1,,,
151,678.00,29.77219663,115.98743677,29.76352472,115.99324866,29.76352472,115.99324866,0.4867,1116.92,1,502,split_xfeat,8,1,-1,1971.99,1971.99,1971.99
152,683.00,29.77219663,115.98743677,29.76352472,115.99324866,29.76352472,115.99324866,0.4867,1116.92,1,502,split_xfeat,8,1,-1,1904.88,1904.88,1904.88
153,689.00,29.76352472,115.99324866,29.76352472,115.99324866,29.76352472,115.99324866,0.0000,0.00,0,-1,split_xfeat,0,0,-1,,,
154,695.00,29.76352472,115.99324866,29.76352472,115.99324866,29.76352472,115.99324866,0.0000,0.00,0,-1,split_xfeat,0,0,-1,,,
155,700.00,29.76352472,115.99324866,29.76352472,115.99324866,29.76352472,115.99324866,0.0000,0.00,0,-1,split_xfeat,0,0,-1,,,
156,706.00,29.76352472,115.99324866,29.76352472,115.99324866,29.76352472,115.99324866,0.0000,0.00,0,-1,split_xfeat,0,0,-1,,,
157,711.00,29.76352472,115.99324866,29.76352472,115.99324866,29.76352472,115.99324866,0.0000,0.00,0,-1,split_xfeat,0,0,-1,,,
158,716.00,29.76352472,115.99324866,29.76352472,115.99324866,29.76352472,115.99324866,0.0000,0.00,0,-1,split_xfeat,0,0,-1,,,
159,721.00,29.77249710,115.99570091,29.76352472,115.99324866,29.76352472,115.99324866,0.4400,1026.55,1,506,split_xfeat,6,1,-1,2083.07,893.24,893.24
160,725.00,29.77219663,115.98743677,29.76352472,115.99324866,29.76352472,115.99324866,0.4867,1116.92,1,502,split_xfeat,8,1,-1,1416.64,1088.56,1088.56
161,772.00,29.75962027,115.96940074,29.76352472,115.99324866,29.76352472,115.99324866,0.4400,2345.74,1,403,split_xfeat,6,1,-1,852.44,852.44,852.44
162,775.00,29.75962027,115.96940074,29.76352472,115.99324866,29.76352472,115.99324866,0.4400,2345.74,1,403,split_xfeat,6,1,-1,831.01,831.01,831.01
163,778.00,29.76352472,115.99324866,29.76352472,115.99324866,29.76352472,115.99324866,0.0000,0.00,0,-1,split_xfeat,0,0,-1,,,
164,782.00,29.76352472,115.99324866,29.76352472,115.99324866,29.76352472,115.99324866,0.0000,0.00,0,-1,split_xfeat,0,0,-1,,,
165,785.00,29.76352472,115.99324866,29.76352472,115.99324866,29.76352472,115.99324866,0.0000,0.00,0,-1,split_xfeat,0,0,-1,,,
166,789.00,29.76898970,115.99356999,29.76352472,115.99324866,29.76352472,115.99324866,0.4633,609.15,1,479,split_xfeat,7,1,-1,1792.80,1792.80,1792.80
167,792.00,29.76352472,115.99324866,29.76352472,115.99324866,29.76352472,115.99324866,0.0000,0.00,0,-1,split_xfeat,0,0,-1,,,
168,796.00,29.77219663,115.98743677,29.76352472,115.99324866,29.77219663,115.98743677,0.4867,1116.92,1,502,split_xfeat,8,1,-1,1862.72,1862.72,1862.72
169,799.00,29.77219663,115.98743677,29.77219663,115.98743677,29.77219663,115.98743677,0.4867,0.00,0,502,split_xfeat,8,1,-1,1933.54,1933.54,1933.54
170,803.00,29.77219663,115.98743677,29.77219663,115.98743677,29.77219663,115.98743677,0.4867,0.00,0,502,split_xfeat,8,1,-1,2004.89,2004.89,2004.89
171,807.00,29.77219663,115.98743677,29.77219663,115.98743677,29.77219663,115.98743677,0.4867,0.00,0,502,split_xfeat,8,1,-1,2076.71,2076.71,2076.71
172,810.00,29.76898970,115.99356999,29.77219663,115.98743677,29.77219663,115.98743677,0.4633,692.02,1,479,split_xfeat,7,1,-1,2118.88,1197.87,1197.87
173,814.00,29.76898970,115.99356999,29.77219663,115.98743677,29.77219663,115.98743677,0.4633,692.02,1,479,split_xfeat,7,1,-1,2186.82,1286.93,1286.93
174,817.00,29.76898970,115.99356999,29.77219663,115.98743677,29.77219663,115.98743677,0.4633,692.02,1,479,split_xfeat,7,1,-1,2247.48,2247.48,2247.48
175,821.00,29.76898970,115.99356999,29.77219663,115.98743677,29.77219663,115.98743677,0.4633,692.02,1,479,split_xfeat,7,1,-1,2309.17,1442.77,1442.77
176,824.00,29.76898970,115.99356999,29.77219663,115.98743677,29.77219663,115.98743677,0.4633,692.02,1,479,split_xfeat,7,1,-1,2371.82,1520.70,1520.70
177,828.00,29.76898970,115.99356999,29.77219663,115.98743677,29.77219663,115.98743677,0.4633,692.02,1,479,split_xfeat,7,1,-1,2435.35,1598.62,1598.62
178,831.00,29.76898970,115.99356999,29.77219663,115.98743677,29.77219663,115.98743677,0.4633,692.02,1,479,split_xfeat,7,1,-1,2499.70,2499.70,2499.70
179,835.00,29.77219663,115.98743677,29.77219663,115.98743677,29.77219663,115.98743677,0.4867,0.00,0,502,split_xfeat,8,1,-1,2674.29,1599.08,1599.08
180,838.00,29.77219663,115.98743677,29.77219663,115.98743677,29.77219663,115.98743677,0.4867,0.00,0,502,split_xfeat,8,1,-1,2759.48,1610.12,1610.12
181,842.00,29.77219663,115.98743677,29.77219663,115.98743677,29.77219663,115.98743677,0.0000,0.00,0,-1,split_xfeat,0,0,-1,,,
182,846.00,29.71712373,115.97765252,29.77219663,115.98743677,29.77219663,115.98743677,0.4167,6203.23,1,95,split_xfeat,5,1,-1,3400.66,3400.66,3400.66
183,849.00,29.77219663,115.98743677,29.77219663,115.98743677,29.77219663,115.98743677,0.0000,0.00,0,-1,split_xfeat,0,0,-1,,,
184,853.00,29.76110569,115.97667096,29.77219663,115.98743677,29.77219663,115.98743677,0.4633,1614.69,1,419,split_xfeat,7,1,-1,1767.53,1569.10,1569.10
185,856.00,29.76075776,115.97685634,29.77219663,115.98743677,29.77219663,115.98743677,0.4400,1633.22,1,406,split_xfeat,6,1,-1,1646.36,1646.36,1646.36
186,859.00,29.77219663,115.98743677,29.77219663,115.98743677,29.77219663,115.98743677,0.0000,0.00,0,-1,split_xfeat,0,0,-1,,,
187,863.00,29.77146238,115.98655930,29.77219663,115.98743677,29.77219663,115.98743677,0.4867,117.79,1,489,split_xfeat,8,1,-1,3092.02,1776.42,1776.42
188,866.00,29.77219663,115.98743677,29.77219663,115.98743677,29.77219663,115.98743677,0.4867,0.00,0,502,split_xfeat,8,1,-1,3372.25,1371.00,1371.00
189,870.00,29.75098055,115.99558968,29.77219663,115.98743677,29.77219663,115.98743677,0.4400,2489.78,1,350,split_xfeat,6,1,-1,1856.62,1856.62,1856.62
190,873.00,29.77219663,115.98743677,29.77219663,115.98743677,29.77219663,115.98743677,0.0000,0.00,0,-1,split_xfeat,0,0,-1,,,
191,877.00,29.77219663,115.98743677,29.77219663,115.98743677,29.77219663,115.98743677,0.0000,0.00,0,-1,split_xfeat,0,0,-1,,,
192,880.00,29.77219663,115.98743677,29.77219663,115.98743677,29.77219663,115.98743677,0.0000,0.00,0,-1,split_xfeat,0,0,-1,,,
193,883.00,29.77219663,115.98743677,29.77219663,115.98743677,29.77219663,115.98743677,0.0000,0.00,0,-1,split_xfeat,0,0,-1,,,
194,887.00,29.77219663,115.98743677,29.77219663,115.98743677,29.77219663,115.98743677,0.0000,0.00,0,-1,split_xfeat,0,0,-1,,,
195,890.00,29.76176029,115.97076020,29.77219663,115.98743677,29.77219663,115.98743677,0.5333,1986.98,1,416,split_xfeat,10,1,-1,2745.22,2457.66,2457.66
196,894.00,29.76176029,115.97076020,29.77219663,115.98743677,29.77219663,115.98743677,0.5333,1986.98,1,416,split_xfeat,10,1,-1,2830.45,2545.52,2545.52
197,897.00,29.76176029,115.97076020,29.77219663,115.98743677,29.77219663,115.98743677,0.5333,1986.98,1,416,split_xfeat,10,1,-1,2905.21,2622.47,2622.47
198,901.00,29.76176029,115.97076020,29.77219663,115.98743677,29.77219663,115.98743677,0.5333,1986.98,1,416,split_xfeat,10,1,-1,2980.14,2699.47,2699.47
199,904.00,29.77219663,115.98743677,29.77219663,115.98743677,29.77219663,115.98743677,0.0000,0.00,0,-1,split_xfeat,0,0,-1,,,
200,908.00,29.77219663,115.98743677,29.77219663,115.98743677,29.77219663,115.98743677,0.0000,0.00,0,-1,split_xfeat,0,0,-1,,,
201,911.00,29.77219663,115.98743677,29.77219663,115.98743677,29.77219663,115.98743677,0.0000,0.00,0,-1,split_xfeat,0,0,-1,,,
202,915.00,29.76176029,115.97076020,29.77219663,115.98743677,29.77219663,115.98743677,0.5333,1986.98,1,416,split_xfeat,10,1,-1,3281.23,3007.95,3007.95
203,918.00,29.76176029,115.97076020,29.77219663,115.98743677,29.77219663,115.98743677,0.5333,1986.98,1,416,split_xfeat,10,1,-1,3356.81,3085.17,3085.17
204,922.00,29.76176029,115.97076020,29.77219663,115.98743677,29.77219663,115.98743677,0.5333,1986.98,1,416,split_xfeat,10,1,-1,3443.31,3173.46,3173.46
205,925.00,29.76176029,115.97076020,29.77219663,115.98743677,29.77219663,115.98743677,0.5333,1986.98,1,416,split_xfeat,10,1,-1,3519.11,3250.75,3250.75
206,929.00,29.77146238,115.98655930,29.77219663,115.98743677,29.77146238,115.98655930,0.4867,117.79,1,489,split_xfeat,8,1,-1,4571.97,3109.91,3109.91
207,932.00,29.77146238,115.98655930,29.77146238,115.98655930,29.77146238,115.98655930,0.0000,0.00,0,-1,split_xfeat,0,0,-1,,,
208,936.00,29.77146238,115.98655930,29.77146238,115.98655930,29.77146238,115.98655930,0.0000,0.00,0,-1,split_xfeat,0,0,-1,,,
209,939.00,29.77146238,115.98655930,29.77146238,115.98655930,29.77146238,115.98655930,0.0000,0.00,0,-1,split_xfeat,0,0,-1,,,
210,943.00,29.73359381,115.99382952,29.77146238,115.98655930,29.77146238,115.98655930,0.4167,4273.70,1,219,split_xfeat,5,1,-1,1521.28,1521.28,1521.28
211,947.00,29.76898970,115.99356999,29.77146238,115.98655930,29.77146238,115.98655930,0.4633,731.42,1,479,split_xfeat,7,1,-1,4894.54,1554.40,1554.40
212,950.00,29.76898970,115.99356999,29.77146238,115.98655930,29.77146238,115.98655930,0.4633,731.42,1,479,split_xfeat,7,1,-1,4979.98,1596.07,1596.07
213,954.00,29.76054314,115.99300149,29.77146238,115.98655930,29.77146238,115.98655930,0.5100,1365.75,1,414,split_xfeat,9,1,-1,4102.74,1635.64,1635.64
214,957.00,29.76898970,115.99356999,29.77146238,115.98655930,29.77146238,115.98655930,0.4633,731.42,1,479,split_xfeat,7,1,-1,5129.81,2996.43,2996.43
215,961.00,29.77051805,115.99615818,29.77146238,115.98655930,29.77146238,115.98655930,0.4633,933.76,1,493,split_xfeat,7,1,-1,5452.82,2446.91,2446.91
216,964.00,29.77051805,115.99615818,29.77146238,115.98655930,29.77146238,115.98655930,0.4633,933.76,1,493,split_xfeat,7,1,-1,5527.40,2523.86,2523.86
217,968.00,29.77051805,115.99615818,29.77146238,115.98655930,29.77146238,115.98655930,0.4633,933.76,1,493,split_xfeat,7,1,-1,5602.07,2600.87,2600.87
218,971.00,29.77051805,115.99615818,29.77146238,115.98655930,29.77146238,115.98655930,0.4633,933.76,1,493,split_xfeat,7,1,-1,5676.82,2677.93,2677.93
219,975.00,29.77051805,115.99615818,29.77146238,115.98655930,29.77051805,115.99615818,0.4633,933.76,1,493,split_xfeat,7,1,-1,5751.66,2755.04,2755.04
220,979.00,29.77051805,115.99615818,29.77051805,115.99615818,29.77051805,115.99615818,0.4633,0.00,0,493,split_xfeat,7,1,-1,5837.29,2843.22,2843.22
221,982.00,29.77051805,115.99615818,29.77051805,115.99615818,29.77051805,115.99615818,0.4633,0.00,0,493,split_xfeat,7,1,-1,5912.30,2920.42,2920.42
222,986.00,29.77051805,115.99615818,29.77051805,115.99615818,29.77051805,115.99615818,0.4633,0.00,0,493,split_xfeat,7,1,-1,5987.39,2997.66,2997.66
223,989.00,29.77051805,115.99615818,29.77051805,115.99615818,29.77051805,115.99615818,0.4633,0.00,0,493,split_xfeat,7,1,-1,6062.54,3074.93,3074.93
224,992.00,29.77051805,115.99615818,29.77051805,115.99615818,29.77051805,115.99615818,0.4633,0.00,0,493,split_xfeat,7,1,-1,6137.77,3152.24,3152.24
225,996.00,29.77051805,115.99615818,29.77051805,115.99615818,29.77051805,115.99615818,0.4633,0.00,0,493,split_xfeat,7,1,-1,6213.06,3229.57,3229.57
226,1000.00,29.75154930,115.98330375,29.77051805,115.99615818,29.77051805,115.99615818,0.4633,2450.03,1,345,split_xfeat,7,1,-1,3928.47,3928.47,3928.47
227,1003.00,29.75154930,115.98330375,29.77051805,115.99615818,29.77051805,115.99615818,0.4633,2450.03,1,345,split_xfeat,7,1,-1,4005.52,4005.52,4005.52
228,1007.00,29.76898970,115.99356999,29.77051805,115.99615818,29.77051805,115.99615818,0.4633,302.54,1,479,split_xfeat,7,1,-1,6208.61,5650.65,5650.65
229,1010.00,29.77093656,115.99127841,29.77051805,115.99615818,29.77051805,115.99615818,0.4400,473.97,1,491,split_xfeat,6,1,-1,6439.77,5728.57,5728.57
230,1014.00,29.76898970,115.99356999,29.77051805,115.99615818,29.77051805,115.99615818,0.4633,302.54,1,479,split_xfeat,7,1,-1,6360.59,4497.53,4497.53
231,1017.00,29.77146238,115.98655930,29.77051805,115.99615818,29.77051805,115.99615818,0.4867,933.76,1,489,split_xfeat,8,1,-1,6532.56,4570.49,4570.49
232,1021.00,29.77146238,115.98655930,29.77051805,115.99615818,29.77051805,115.99615818,0.4867,933.76,1,489,split_xfeat,8,1,-1,6609.91,4643.62,4643.62
233,1024.00,29.75098055,115.99558968,29.77051805,115.99615818,29.77051805,115.99615818,0.4400,2175.61,1,350,split_xfeat,6,1,-1,4716.90,4716.90,4716.90
234,1028.00,29.76898970,115.99356999,29.77051805,115.99615818,29.77051805,115.99615818,0.4633,302.54,1,479,split_xfeat,7,1,-1,6665.08,4790.33,4790.33
235,1031.00,29.76898970,115.99356999,29.77051805,115.99615818,29.76898970,115.99356999,0.4633,302.54,1,479,split_xfeat,7,1,-1,6741.31,4863.89,4863.89
236,1035.00,29.76054314,115.99300149,29.76898970,115.99356999,29.76898970,115.99356999,0.5100,941.88,1,414,split_xfeat,9,1,-1,5853.01,5853.01,5853.01
237,1039.00,29.76898970,115.99356999,29.76898970,115.99356999,29.76898970,115.99356999,0.4633,0.00,0,479,split_xfeat,7,1,-1,6904.78,3093.74,3093.74
238,1042.00,29.76898970,115.99356999,29.76898970,115.99356999,29.76898970,115.99356999,0.4633,0.00,0,479,split_xfeat,7,1,-1,6981.12,3163.53,3163.53
239,1046.00,29.72546298,115.99369358,29.76898970,115.99356999,29.76898970,115.99356999,0.6267,4845.41,1,167,split_xfeat,14,1,-1,2535.05,2370.42,2370.42
240,1094.00,29.77219663,115.98743677,29.76898970,115.99356999,29.76898970,115.99356999,0.4867,692.02,1,502,split_xfeat,8,1,-1,7298.97,1186.32,1186.32
241,1099.00,29.75623091,115.98279182,29.76898970,115.99356999,29.76898970,115.99356999,0.4867,1761.43,1,383,split_xfeat,8,1,-1,5400.13,1130.11,1130.11
242,1104.00,29.75623091,115.98279182,29.76898970,115.99356999,29.76898970,115.99356999,0.4867,1761.43,1,383,split_xfeat,8,1,-1,5322.26,1076.61,1076.61
243,1109.00,29.76898970,115.99356999,29.76898970,115.99356999,29.76898970,115.99356999,0.4633,0.00,0,479,split_xfeat,7,1,-1,6747.89,2899.80,2899.80
244,1114.00,29.76898970,115.99356999,29.76898970,115.99356999,29.76898970,115.99356999,0.4633,0.00,0,479,split_xfeat,7,1,-1,6671.22,2829.03,2829.03
245,1120.00,29.72396683,115.99545373,29.76898970,115.99356999,29.76898970,115.99356999,0.5100,5015.25,1,155,split_xfeat,9,1,-1,2039.56,2039.56,2039.56
246,1125.00,29.72396683,115.99545373,29.76898970,115.99356999,29.76898970,115.99356999,0.5100,5015.25,1,155,split_xfeat,9,1,-1,1983.55,1983.55,1983.55
247,1130.00,29.76898970,115.99356999,29.76898970,115.99356999,29.76898970,115.99356999,0.4633,0.00,0,479,split_xfeat,7,1,-1,6430.45,5921.25,5921.25
248,1135.00,29.76898970,115.99356999,29.76898970,115.99356999,29.76898970,115.99356999,0.4633,0.00,0,479,split_xfeat,7,1,-1,6353.90,5843.37,5843.37
249,1140.00,29.77093656,115.99127841,29.76898970,115.99356999,29.76898970,115.99356999,0.4400,309.89,1,491,split_xfeat,6,1,-1,6439.81,5817.00,5817.00
250,1145.00,29.76587316,115.98971599,29.76898970,115.99356999,29.76898970,115.99356999,0.3933,509.06,1,464,split_xfeat,4,1,-1,5937.94,5937.94,5937.94
251,1150.00,29.77051805,115.99615818,29.76898970,115.99356999,29.76898970,115.99356999,0.4633,302.54,1,493,split_xfeat,7,1,-1,6361.69,4025.87,4025.87
252,1155.00,29.77051805,115.99615818,29.76898970,115.99356999,29.76898970,115.99356999,0.4633,302.54,1,493,split_xfeat,7,1,-1,6285.69,3334.09,3334.09
253,1160.00,29.77051805,115.99615818,29.76898970,115.99356999,29.76898970,115.99356999,0.4633,302.54,1,493,split_xfeat,7,1,-1,6209.75,3256.31,3256.31
254,1165.00,29.77051805,115.99615818,29.76898970,115.99356999,29.76898970,115.99356999,0.4633,302.54,1,493,split_xfeat,7,1,-1,6133.85,3178.54,3178.54
255,1170.00,29.77051805,115.99615818,29.76898970,115.99356999,29.76898970,115.99356999,0.4633,302.54,1,493,split_xfeat,7,1,-1,6047.17,3089.66,3089.66
256,1175.00,29.77051805,115.99615818,29.76898970,115.99356999,29.76898970,115.99356999,0.4633,302.54,1,493,split_xfeat,7,1,-1,5971.39,3011.90,3011.90
257,1180.00,29.77051805,115.99615818,29.76898970,115.99356999,29.76898970,115.99356999,0.4633,302.54,1,493,split_xfeat,7,1,-1,5895.66,2934.15,2934.15
258,1185.00,29.77051805,115.99615818,29.76898970,115.99356999,29.77051805,115.99615818,0.4633,302.54,1,493,split_xfeat,7,1,-1,5819.99,2856.41,2856.41
259,1190.00,29.77146238,115.98655930,29.77051805,115.99615818,29.77051805,115.99615818,0.4867,933.76,1,489,split_xfeat,8,1,-1,5603.62,2778.68,2778.68
260,1195.00,29.77051805,115.99615818,29.77051805,115.99615818,29.77051805,115.99615818,0.4633,0.00,0,493,split_xfeat,7,1,-1,5668.83,2700.96,2700.96
261,1200.00,29.77051805,115.99615818,29.77051805,115.99615818,29.77051805,115.99615818,0.4633,0.00,0,493,split_xfeat,7,1,-1,5593.34,2623.25,2623.25
262,1205.00,29.77051805,115.99615818,29.77051805,115.99615818,29.77051805,115.99615818,0.4633,0.00,0,493,split_xfeat,7,1,-1,5517.93,2545.55,2545.55
263,1210.00,29.77051805,115.99615818,29.77051805,115.99615818,29.77051805,115.99615818,0.4633,0.00,0,493,split_xfeat,7,1,-1,5431.82,2456.78,2456.78
264,1215.00,29.77051805,115.99615818,29.77051805,115.99615818,29.77051805,115.99615818,0.4633,0.00,0,493,split_xfeat,7,1,-1,5356.56,2799.81,2799.81
265,1221.00,29.77146238,115.98655930,29.77051805,115.99615818,29.77051805,115.99615818,0.4867,933.76,1,489,split_xfeat,8,1,-1,5127.94,3939.15,3939.15
266,1226.00,29.76175575,115.97160581,29.77051805,115.99615818,29.77051805,115.99615818,0.4867,2565.85,1,404,split_xfeat,8,1,-1,3898.32,3862.15,3862.15
267,1231.00,29.72396683,115.99545373,29.77051805,115.99615818,29.77051805,115.99615818,0.5100,5182.53,1,155,split_xfeat,9,1,-1,1422.79,1284.60,1284.60
268,1237.00,29.72396683,115.99545373,29.77051805,115.99615818,29.77051805,115.99615818,0.5100,5182.53,1,155,split_xfeat,9,1,-1,1439.23,1245.82,1245.82
269,1242.00,29.72396683,115.99545373,29.77051805,115.99615818,29.77051805,115.99615818,0.5100,5182.53,1,155,split_xfeat,9,1,-1,1459.65,1257.46,1257.46
270,1247.00,29.77051805,115.99615818,29.77051805,115.99615818,29.77051805,115.99615818,0.0000,0.00,0,-1,split_xfeat,0,0,-1,,,
271,1252.00,29.77051805,115.99615818,29.77051805,115.99615818,29.77051805,115.99615818,0.0000,0.00,0,-1,split_xfeat,0,0,-1,,,
272,1258.00,29.77051805,115.99615818,29.77051805,115.99615818,29.77051805,115.99615818,0.0000,0.00,0,-1,split_xfeat,0,0,-1,,,
273,1263.00,29.77146238,115.98655930,29.77051805,115.99615818,29.77051805,115.99615818,0.4867,933.76,1,489,split_xfeat,8,1,-1,4498.36,4498.36,4498.36
274,1268.00,29.76176029,115.97076020,29.77051805,115.99615818,29.77051805,115.99615818,0.5333,2641.45,1,416,split_xfeat,10,1,-1,3525.76,3236.89,3236.89
275,1273.00,29.76176029,115.97076020,29.77051805,115.99615818,29.77051805,115.99615818,0.5333,2641.45,1,416,split_xfeat,10,1,-1,3451.12,3160.36,3160.36
276,1278.00,29.76176029,115.97076020,29.77051805,115.99615818,29.77051805,115.99615818,0.5333,2641.45,1,416,split_xfeat,10,1,-1,3376.63,3083.89,3083.89
277,1283.00,29.76176029,115.97076020,29.77051805,115.99615818,29.76176029,115.97076020,0.5333,2641.45,1,416,split_xfeat,10,1,-1,3302.29,3007.50,3007.50
278,1288.00,29.76176029,115.97076020,29.76176029,115.97076020,29.76176029,115.97076020,0.5333,0.00,0,416,split_xfeat,10,1,-1,3217.55,2920.30,2920.30
279,1293.00,29.76176029,115.97076020,29.76176029,115.97076020,29.76176029,115.97076020,0.5333,0.00,0,416,split_xfeat,10,1,-1,3143.59,2844.10,2844.10
280,1298.00,29.76176029,115.97076020,29.76176029,115.97076020,29.76176029,115.97076020,0.5333,0.00,0,416,split_xfeat,10,1,-1,3069.83,2767.99,2767.99
281,1303.00,29.76176029,115.97076020,29.76176029,115.97076020,29.76176029,115.97076020,0.5333,0.00,0,416,split_xfeat,10,1,-1,2996.28,2691.98,2691.98
282,1307.00,29.76176029,115.97076020,29.76176029,115.97076020,29.76176029,115.97076020,0.5333,0.00,0,416,split_xfeat,10,1,-1,2922.95,2616.08,2616.08
283,1312.00,29.76176029,115.97076020,29.76176029,115.97076020,29.76176029,115.97076020,0.5333,0.00,0,416,split_xfeat,10,1,-1,2849.87,2540.31,2540.31
284,1317.00,29.76176029,115.97076020,29.76176029,115.97076020,29.76176029,115.97076020,0.5333,0.00,0,416,split_xfeat,10,1,-1,2777.06,2464.68,2464.68
285,1322.00,29.76176029,115.97076020,29.76176029,115.97076020,29.76176029,115.97076020,0.0000,0.00,0,-1,split_xfeat,0,0,-1,,,
286,1327.00,29.76176029,115.97076020,29.76176029,115.97076020,29.76176029,115.97076020,0.0000,0.00,0,-1,split_xfeat,0,0,-1,,,
287,1332.00,29.76176029,115.97076020,29.76176029,115.97076020,29.76176029,115.97076020,0.0000,0.00,0,-1,split_xfeat,0,0,-1,,,
288,1337.00,29.76176029,115.97076020,29.76176029,115.97076020,29.76176029,115.97076020,0.0000,0.00,0,-1,split_xfeat,0,0,-1,,,
289,1342.00,29.76176029,115.97076020,29.76176029,115.97076020,29.76176029,115.97076020,0.0000,0.00,0,-1,split_xfeat,0,0,-1,,,
290,1347.00,29.76176029,115.97076020,29.76176029,115.97076020,29.76176029,115.97076020,0.0000,0.00,0,-1,split_xfeat,0,0,-1,,,
291,1353.00,29.76176029,115.97076020,29.76176029,115.97076020,29.76176029,115.97076020,0.0000,0.00,0,-1,split_xfeat,0,0,-1,,,
292,1358.00,29.76176029,115.97076020,29.76176029,115.97076020,29.76176029,115.97076020,0.0000,0.00,0,-1,split_xfeat,0,0,-1,,,
293,1364.00,29.77219663,115.98743677,29.76176029,115.97076020,29.76176029,115.97076020,0.4867,1986.98,1,502,split_xfeat,8,1,-1,3135.26,3135.26,3135.26
294,1369.00,29.76075776,115.97685634,29.76176029,115.97076020,29.76176029,115.97076020,0.4400,599.72,1,406,split_xfeat,6,1,-1,1638.60,1638.60,1638.60
295,1373.00,29.76176029,115.97076020,29.76176029,115.97076020,29.76176029,115.97076020,0.0000,0.00,0,-1,split_xfeat,0,0,-1,,,
296,1378.00,29.77249710,115.99570091,29.76176029,115.97076020,29.76176029,115.97076020,0.4400,2690.78,1,506,split_xfeat,6,1,-1,3159.06,3159.06,3159.06
297,1383.00,29.71712373,115.97765252,29.76176029,115.97076020,29.76176029,115.97076020,0.4167,5013.40,1,95,split_xfeat,5,1,-1,3451.08,3451.08,3451.08
298,1388.00,29.77219663,115.98743677,29.76176029,115.97076020,29.76176029,115.97076020,0.4867,1986.98,1,502,split_xfeat,8,1,-1,2742.94,1594.77,1594.77
299,1392.00,29.75098055,115.99558968,29.76176029,115.97076020,29.76176029,115.97076020,0.4400,2683.28,1,350,split_xfeat,6,1,-1,1412.37,1412.37,1412.37
300,1398.00,29.76176029,115.97076020,29.76176029,115.97076020,29.76176029,115.97076020,0.0000,0.00,0,-1,split_xfeat,0,0,-1,,,
301,1403.00,29.76898970,115.99356999,29.76176029,115.97076020,29.76176029,115.97076020,0.4633,2347.07,1,479,split_xfeat,7,1,-1,2368.59,2368.59,2368.59
302,1408.00,29.76898970,115.99356999,29.76176029,115.97076020,29.76176029,115.97076020,0.4633,2347.07,1,479,split_xfeat,7,1,-1,2292.22,1567.11,1567.11
303,1412.00,29.76898970,115.99356999,29.76176029,115.97076020,29.76176029,115.97076020,0.4633,2347.07,1,479,split_xfeat,7,1,-1,2226.16,1489.86,1489.86
304,1417.00,29.76898970,115.99356999,29.76176029,115.97076020,29.76898970,115.99356999,0.4633,2347.07,1,479,split_xfeat,7,1,-1,2160.90,2160.90,2160.90
305,1423.00,29.76898970,115.99356999,29.76898970,115.99356999,29.76898970,115.99356999,0.4633,0.00,0,479,split_xfeat,7,1,-1,2096.50,1335.62,1335.62
306,1428.00,29.76898970,115.99356999,29.76898970,115.99356999,29.76898970,115.99356999,0.4633,0.00,0,479,split_xfeat,7,1,-1,2033.04,1258.64,1258.64
307,1433.00,29.76898970,115.99356999,29.76898970,115.99356999,29.76898970,115.99356999,0.4633,0.00,0,479,split_xfeat,7,1,-1,1970.63,1181.79,1181.79
308,1438.00,29.77219663,115.98743677,29.76898970,115.99356999,29.76898970,115.99356999,0.4867,692.02,1,502,split_xfeat,8,1,-1,1979.12,1979.12,1979.12
309,1443.00,29.77219663,115.98743677,29.76898970,115.99356999,29.76898970,115.99356999,0.4867,692.02,1,502,split_xfeat,8,1,-1,1904.99,1904.99,1904.99
310,1447.00,29.77219663,115.98743677,29.76898970,115.99356999,29.76898970,115.99356999,0.4867,692.02,1,502,split_xfeat,8,1,-1,1820.65,1820.65,1820.65
311,1452.00,29.76898970,115.99356999,29.76898970,115.99356999,29.76898970,115.99356999,0.0000,0.00,0,-1,split_xfeat,0,0,-1,,,
312,1457.00,29.76898970,115.99356999,29.76898970,115.99356999,29.76898970,115.99356999,0.4633,0.00,0,479,split_xfeat,7,1,-1,1670.35,789.89,789.89
313,1462.00,29.76898970,115.99356999,29.76898970,115.99356999,29.76898970,115.99356999,0.4633,0.00,0,479,split_xfeat,7,1,-1,1617.03,714.82,714.82
314,1467.00,29.76898970,115.99356999,29.76898970,115.99356999,29.76898970,115.99356999,0.0000,0.00,0,-1,split_xfeat,0,0,-1,,,
315,1472.00,29.76898970,115.99356999,29.76898970,115.99356999,29.76898970,115.99356999,0.0000,0.00,0,-1,split_xfeat,0,0,-1,,,
316,1477.00,29.76898970,115.99356999,29.76898970,115.99356999,29.76898970,115.99356999,0.0000,0.00,0,-1,split_xfeat,0,0,-1,,,
317,1482.00,29.77219663,115.98743677,29.76898970,115.99356999,29.76898970,115.99356999,0.4867,692.02,1,502,split_xfeat,8,1,-1,1317.72,1317.72,1317.72
318,1486.00,29.76898970,115.99356999,29.76898970,115.99356999,29.76898970,115.99356999,0.0000,0.00,0,-1,split_xfeat,0,0,-1,,,
319,1491.00,29.76898970,115.99356999,29.76898970,115.99356999,29.76898970,115.99356999,0.0000,0.00,0,-1,split_xfeat,0,0,-1,,,
320,1496.00,29.76898970,115.99356999,29.76898970,115.99356999,29.76898970,115.99356999,0.0000,0.00,0,-1,split_xfeat,0,0,-1,,,
321,1501.00,29.76898970,115.99356999,29.76898970,115.99356999,29.76898970,115.99356999,0.0000,0.00,0,-1,split_xfeat,0,0,-1,,,
322,1552.00,29.76898970,115.99356999,29.76898970,115.99356999,29.76898970,115.99356999,0.0000,0.00,0,-1,split_xfeat,0,0,-1,,,
323,1555.00,29.76898970,115.99356999,29.76898970,115.99356999,29.76898970,115.99356999,0.0000,0.00,0,-1,split_xfeat,0,0,-1,,,
324,1559.00,29.76898970,115.99356999,29.76898970,115.99356999,29.76898970,115.99356999,0.0000,0.00,0,-1,split_xfeat,0,0,-1,,,
325,1562.00,29.76898970,115.99356999,29.76898970,115.99356999,29.76898970,115.99356999,0.0000,0.00,0,-1,split_xfeat,0,0,-1,,,
326,1566.00,29.76898970,115.99356999,29.76898970,115.99356999,29.76898970,115.99356999,0.0000,0.00,0,-1,split_xfeat,0,0,-1,,,
327,1569.00,29.76898970,115.99356999,29.76898970,115.99356999,29.76898970,115.99356999,0.0000,0.00,0,-1,split_xfeat,0,0,-1,,,
328,1573.00,29.76898970,115.99356999,29.76898970,115.99356999,29.76898970,115.99356999,0.0000,0.00,0,-1,split_xfeat,0,0,-1,,,
329,1577.00,29.76898970,115.99356999,29.76898970,115.99356999,29.76898970,115.99356999,0.4633,0.00,0,479,split_xfeat,7,1,-1,1447.12,1447.12,1447.12
330,1580.00,29.76898970,115.99356999,29.76898970,115.99356999,29.76898970,115.99356999,0.0000,0.00,0,-1,split_xfeat,0,0,-1,,,
331,1584.00,29.76898970,115.99356999,29.76898970,115.99356999,29.76898970,115.99356999,0.0000,0.00,0,-1,split_xfeat,0,0,-1,,,
332,1588.00,29.76898970,115.99356999,29.76898970,115.99356999,29.76898970,115.99356999,0.4633,0.00,0,479,split_xfeat,7,1,-1,1623.46,1406.25,1406.25
333,1591.00,29.77219663,115.98743677,29.76898970,115.99356999,29.76898970,115.99356999,0.4867,692.02,1,502,split_xfeat,8,1,-1,1799.11,1168.54,1168.54
334,1595.00,29.77219663,115.98743677,29.76898970,115.99356999,29.76898970,115.99356999,0.4867,692.02,1,502,split_xfeat,8,1,-1,1885.99,1105.68,1105.68
335,1598.00,29.73247778,115.99582449,29.76898970,115.99356999,29.76898970,115.99356999,0.4400,4070.35,1,220,split_xfeat,6,1,-1,2757.31,1187.55,1187.55
336,1602.00,29.73247778,115.99582449,29.76898970,115.99356999,29.76898970,115.99356999,0.4400,4070.35,1,220,split_xfeat,6,1,-1,2687.43,1261.30,1261.30
337,1605.00,29.74959171,115.99135256,29.76898970,115.99356999,29.76898970,115.99356999,0.4400,2170.00,1,335,split_xfeat,6,1,-1,960.62,960.62,960.62
338,1609.00,29.74959171,115.99135256,29.76898970,115.99356999,29.76898970,115.99356999,0.4400,2170.00,1,335,split_xfeat,6,1,-1,920.41,920.41,920.41
339,1613.00,29.74959171,115.99135256,29.76898970,115.99356999,29.76898970,115.99356999,0.4400,2170.00,1,335,split_xfeat,6,1,-1,885.25,885.25,885.25
340,1617.00,29.76390484,115.97839404,29.76898970,115.99356999,29.76898970,115.99356999,0.4167,1572.32,1,446,split_xfeat,5,1,-1,1560.37,1560.37,1560.37
341,1620.00,29.76898970,115.99356999,29.76898970,115.99356999,29.76898970,115.99356999,0.4633,0.00,0,479,split_xfeat,7,1,-1,2237.04,1646.68,1646.68
342,1624.00,29.76898970,115.99356999,29.76898970,115.99356999,29.76898970,115.99356999,0.0000,0.00,0,-1,split_xfeat,0,0,-1,,,
343,1627.00,29.75098055,115.99558968,29.76898970,115.99356999,29.76898970,115.99356999,0.4400,2014.26,1,350,split_xfeat,6,1,-1,1214.82,806.25,806.25
344,1630.00,29.77219663,115.98743677,29.76898970,115.99356999,29.76898970,115.99356999,0.4867,692.02,1,502,split_xfeat,8,1,-1,2663.34,1227.16,1227.16
345,1633.00,29.77219663,115.98743677,29.76898970,115.99356999,29.76898970,115.99356999,0.4867,692.02,1,502,split_xfeat,8,1,-1,2740.38,2740.38,2740.38
346,1637.00,29.77219663,115.98743677,29.76898970,115.99356999,29.76898970,115.99356999,0.4867,692.02,1,502,split_xfeat,8,1,-1,2817.47,2817.47,2817.47
347,1640.00,29.77219663,115.98743677,29.76898970,115.99356999,29.76898970,115.99356999,0.4867,692.02,1,502,split_xfeat,8,1,-1,2894.61,2894.61,2894.61
348,1644.00,29.77219663,115.98743677,29.76898970,115.99356999,29.76898970,115.99356999,0.4867,692.02,1,502,split_xfeat,8,1,-1,2971.79,2971.79,2971.79
349,1647.00,29.77219663,115.98743677,29.76898970,115.99356999,29.76898970,115.99356999,0.4867,692.02,1,502,split_xfeat,8,1,-1,3060.04,3060.04,3060.04
350,1651.00,29.76898970,115.99356999,29.76898970,115.99356999,29.76898970,115.99356999,0.0000,0.00,0,-1,split_xfeat,0,0,-1,,,
351,1654.00,29.76898970,115.99356999,29.76898970,115.99356999,29.76898970,115.99356999,0.0000,0.00,0,-1,split_xfeat,0,0,-1,,,
352,1658.00,29.76898970,115.99356999,29.76898970,115.99356999,29.76898970,115.99356999,0.0000,0.00,0,-1,split_xfeat,0,0,-1,,,
353,1661.00,29.76898970,115.99356999,29.76898970,115.99356999,29.76898970,115.99356999,0.0000,0.00,0,-1,split_xfeat,0,0,-1,,,
354,1664.00,29.76898970,115.99356999,29.76898970,115.99356999,29.76898970,115.99356999,0.0000,0.00,0,-1,split_xfeat,0,0,-1,,,
355,1668.00,29.76898970,115.99356999,29.76898970,115.99356999,29.76898970,115.99356999,0.0000,0.00,0,-1,split_xfeat,0,0,-1,,,
356,1671.00,29.76898970,115.99356999,29.76898970,115.99356999,29.76898970,115.99356999,0.0000,0.00,0,-1,split_xfeat,0,0,-1,,,
357,1674.00,29.76898970,115.99356999,29.76898970,115.99356999,29.76898970,115.99356999,0.0000,0.00,0,-1,split_xfeat,0,0,-1,,,
358,1678.00,29.76898970,115.99356999,29.76898970,115.99356999,29.76898970,115.99356999,0.0000,0.00,0,-1,split_xfeat,0,0,-1,,,
359,1681.00,29.76898970,115.99356999,29.76898970,115.99356999,29.76898970,115.99356999,0.0000,0.00,0,-1,split_xfeat,0,0,-1,,,
360,1685.00,29.76898970,115.99356999,29.76898970,115.99356999,29.76898970,115.99356999,0.0000,0.00,0,-1,split_xfeat,0,0,-1,,,
361,1689.00,29.76898970,115.99356999,29.76898970,115.99356999,29.76898970,115.99356999,0.0000,0.00,0,-1,split_xfeat,0,0,-1,,,
362,1692.00,29.76898970,115.99356999,29.76898970,115.99356999,29.76898970,115.99356999,0.0000,0.00,0,-1,split_xfeat,0,0,-1,,,
363,1696.00,29.76898970,115.99356999,29.76898970,115.99356999,29.76898970,115.99356999,0.0000,0.00,0,-1,split_xfeat,0,0,-1,,,
364,1699.00,29.76898970,115.99356999,29.76898970,115.99356999,29.76898970,115.99356999,0.0000,0.00,0,-1,split_xfeat,0,0,-1,,,
365,1703.00,29.76898970,115.99356999,29.76898970,115.99356999,29.76898970,115.99356999,0.0000,0.00,0,-1,split_xfeat,0,0,-1,,,
366,1706.00,29.76375460,115.99291498,29.76898970,115.99356999,29.76898970,115.99356999,0.4867,586.20,1,453,split_xfeat,8,1,-1,3718.47,3084.32,3084.32
367,1709.00,29.76375460,115.99291498,29.76898970,115.99356999,29.76898970,115.99356999,0.4867,586.20,1,453,split_xfeat,8,1,-1,3793.55,3159.68,3159.68
368,1713.00,29.77146238,115.98655930,29.76898970,115.99356999,29.77146238,115.98655930,0.4867,731.42,1,489,split_xfeat,8,1,-1,4354.81,3235.15,3235.15
369,1716.00,29.77146238,115.98655930,29.77146238,115.98655930,29.77146238,115.98655930,0.0000,0.00,0,-1,split_xfeat,0,0,-1,,,
370,1720.00,29.77146238,115.98655930,29.77146238,115.98655930,29.77146238,115.98655930,0.0000,0.00,0,-1,split_xfeat,0,0,-1,,,
371,1723.00,29.77146238,115.98655930,29.77146238,115.98655930,29.77146238,115.98655930,0.0000,0.00,0,-1,split_xfeat,0,0,-1,,,
372,1726.00,29.76898970,115.99356999,29.77146238,115.98655930,29.77146238,115.98655930,0.4633,731.42,1,479,split_xfeat,7,1,-1,4559.76,4066.87,4066.87
373,1730.00,29.76898970,115.99356999,29.77146238,115.98655930,29.77146238,115.98655930,0.4633,731.42,1,479,split_xfeat,7,1,-1,4646.67,1106.62,1106.62
374,1733.00,29.70390351,115.99155030,29.77146238,115.98655930,29.77146238,115.98655930,0.5333,7536.11,1,10,split_xfeat,10,1,-1,2707.80,1076.32,1076.32
375,1737.00,29.70390351,115.99155030,29.77146238,115.98655930,29.77146238,115.98655930,0.5333,7536.11,1,10,split_xfeat,10,1,-1,2633.50,1119.17,1119.17
376,1740.00,29.72396683,115.99545373,29.77146238,115.98655930,29.77146238,115.98655930,0.5100,5356.65,1,155,split_xfeat,9,1,-1,1226.63,1155.59,1155.59
377,1743.00,29.72396683,115.99545373,29.77146238,115.98655930,29.77146238,115.98655930,0.5100,5356.65,1,155,split_xfeat,9,1,-1,1214.46,1214.46,1214.46
378,1747.00,29.77051805,115.99615818,29.77146238,115.98655930,29.77146238,115.98655930,0.4633,933.76,1,493,split_xfeat,7,1,-1,5266.02,2933.48,2933.48
379,1750.00,29.77051805,115.99615818,29.77146238,115.98655930,29.77146238,115.98655930,0.4633,933.76,1,493,split_xfeat,7,1,-1,5341.91,2404.24,2404.24
380,1754.00,29.77051805,115.99615818,29.77146238,115.98655930,29.77146238,115.98655930,0.4633,933.76,1,493,split_xfeat,7,1,-1,5417.86,2482.17,2482.17
381,1757.00,29.77051805,115.99615818,29.77146238,115.98655930,29.77051805,115.99615818,0.4633,933.76,1,493,split_xfeat,7,1,-1,5504.72,2571.22,2571.22
382,1761.00,29.77051805,115.99615818,29.77051805,115.99615818,29.77051805,115.99615818,0.4633,0.00,0,493,split_xfeat,7,1,-1,5580.78,2649.15,2649.15
383,1765.00,29.77051805,115.99615818,29.77051805,115.99615818,29.77051805,115.99615818,0.4633,0.00,0,493,split_xfeat,7,1,-1,5656.89,2727.07,2727.07
384,1768.00,29.77051805,115.99615818,29.77051805,115.99615818,29.77051805,115.99615818,0.4633,0.00,0,493,split_xfeat,7,1,-1,5733.05,2804.99,2804.99
385,1772.00,29.77146238,115.98655930,29.77051805,115.99615818,29.77051805,115.99615818,0.4867,933.76,1,489,split_xfeat,8,1,-1,5697.32,2882.92,2882.92
386,1775.00,29.77051805,115.99615818,29.77051805,115.99615818,29.77051805,115.99615818,0.4633,0.00,0,493,split_xfeat,7,1,-1,5885.51,2960.84,2960.84
387,1779.00,29.77051805,115.99615818,29.77051805,115.99615818,29.77051805,115.99615818,0.4633,0.00,0,493,split_xfeat,7,1,-1,5961.80,3038.76,3038.76
388,1782.00,29.77051805,115.99615818,29.77051805,115.99615818,29.77051805,115.99615818,0.4633,0.00,0,493,split_xfeat,7,1,-1,6049.05,3127.82,3127.82
389,1786.00,29.77146238,115.98655930,29.77051805,115.99615818,29.77051805,115.99615818,0.4867,933.76,1,489,split_xfeat,8,1,-1,6019.38,3205.74,3205.74
390,1789.00,29.77051805,115.99615818,29.77051805,115.99615818,29.77051805,115.99615818,0.4633,0.00,0,493,split_xfeat,7,1,-1,6201.85,3283.67,3283.67
391,1793.00,29.77146238,115.98655930,29.77051805,115.99615818,29.77051805,115.99615818,0.4867,933.76,1,489,split_xfeat,8,1,-1,6174.88,5793.26,5793.26
392,1797.00,29.76075776,115.97685634,29.77051805,115.99615818,29.77051805,115.99615818,0.4400,2159.02,1,406,split_xfeat,6,1,-1,5074.52,461.97,461.97
393,1800.00,29.76898970,115.99356999,29.77051805,115.99615818,29.77051805,115.99615818,0.4633,302.54,1,479,split_xfeat,7,1,-1,6199.43,5731.07,5731.07
394,1803.00,29.76898970,115.99356999,29.77051805,115.99615818,29.77051805,115.99615818,0.4633,302.54,1,479,split_xfeat,7,1,-1,6276.34,5808.81,5808.81
395,1807.00,29.76898970,115.99356999,29.77051805,115.99615818,29.77051805,115.99615818,0.4633,302.54,1,479,split_xfeat,7,1,-1,6353.27,5886.55,5886.55
396,1810.00,29.76054314,115.99300149,29.77051805,115.99615818,29.77051805,115.99615818,0.5100,1151.57,1,414,split_xfeat,9,1,-1,5455.70,5455.70,5455.70
397,1813.00,29.76898970,115.99356999,29.77051805,115.99615818,29.77051805,115.99615818,0.4633,302.54,1,479,split_xfeat,7,1,-1,6518.20,2639.10,2639.10
398,1817.00,29.73247778,115.99582449,29.77051805,115.99615818,29.77051805,115.99615818,0.4400,4234.77,1,220,split_xfeat,6,1,-1,2791.63,2711.31,2711.31
399,1820.00,29.75623091,115.98279182,29.77051805,115.99615818,29.77051805,115.99615818,0.4867,2049.08,1,383,split_xfeat,8,1,-1,5196.11,1159.93,1159.93
400,1824.00,29.75623091,115.98279182,29.77051805,115.99615818,29.75623091,115.98279182,0.4867,2049.08,1,383,split_xfeat,8,1,-1,5274.04,1201.84,1201.84
401,1827.00,29.76481698,115.98601552,29.75623091,115.98279182,29.75623091,115.98279182,0.5333,1005.31,1,450,split_xfeat,10,1,-1,6364.86,1247.21,1247.21
402,1873.00,29.76898970,115.99356999,29.75623091,115.98279182,29.75623091,115.98279182,0.4633,1761.43,1,479,split_xfeat,7,1,-1,6767.41,6345.90,6345.90
403,1878.00,29.76898970,115.99356999,29.75623091,115.98279182,29.75623091,115.98279182,0.4633,1761.43,1,479,split_xfeat,7,1,-1,6690.06,6268.31,6268.31
404,1883.00,29.76898970,115.99356999,29.75623091,115.98279182,29.75623091,115.98279182,0.4633,1761.43,1,479,split_xfeat,7,1,-1,6612.72,6190.74,6190.74
405,1889.00,29.76898970,115.99356999,29.75623091,115.98279182,29.75623091,115.98279182,0.4633,1761.43,1,479,split_xfeat,7,1,-1,6535.39,6113.17,6113.17
406,1894.00,29.76898970,115.99356999,29.75623091,115.98279182,29.75623091,115.98279182,0.4633,1761.43,1,479,split_xfeat,7,1,-1,6447.03,6024.53,6024.53
407,1899.00,29.76898970,115.99356999,29.75623091,115.98279182,29.75623091,115.98279182,0.4633,1761.43,1,479,split_xfeat,7,1,-1,6369.73,5946.99,5946.99
408,1904.00,29.76898970,115.99356999,29.75623091,115.98279182,29.75623091,115.98279182,0.4633,1761.43,1,479,split_xfeat,7,1,-1,6292.45,5869.45,5869.45
409,1910.00,29.76075776,115.97685634,29.75623091,115.98279182,29.75623091,115.98279182,0.4400,763.61,1,406,split_xfeat,6,1,-1,5221.82,690.78,690.78
410,1915.00,29.76110569,115.97667096,29.75623091,115.98279182,29.76110569,115.97667096,0.4633,802.82,1,419,split_xfeat,7,1,-1,5342.53,653.33,653.33
411,1920.00,29.77051805,115.99615818,29.76110569,115.97667096,29.76110569,115.97667096,0.4633,2155.43,1,493,split_xfeat,7,1,-1,6288.03,5820.69,5820.69
412,1925.00,29.75154930,115.98330375,29.76110569,115.97667096,29.76110569,115.97667096,0.4633,1242.07,1,345,split_xfeat,7,1,-1,3928.21,3928.21,3928.21
413,1931.00,29.75154930,115.98330375,29.76110569,115.97667096,29.76110569,115.97667096,0.4633,1242.07,1,345,split_xfeat,7,1,-1,3850.29,3255.72,3255.72
414,1935.00,29.75154930,115.98330375,29.76110569,115.97667096,29.76110569,115.97667096,0.4633,1242.07,1,345,split_xfeat,7,1,-1,3772.36,3177.93,3177.93
415,1940.00,29.75154930,115.98330375,29.76110569,115.97667096,29.76110569,115.97667096,0.4633,1242.07,1,345,split_xfeat,7,1,-1,3683.31,3089.04,3089.04
416,1945.00,29.77051805,115.99615818,29.76110569,115.97667096,29.76110569,115.97667096,0.4633,2155.43,1,493,split_xfeat,7,1,-1,5892.85,3011.26,3011.26
417,1950.00,29.77051805,115.99615818,29.76110569,115.97667096,29.76110569,115.97667096,0.4633,2155.43,1,493,split_xfeat,7,1,-1,5816.10,3527.46,3527.46
418,1955.00,29.77051805,115.99615818,29.76110569,115.97667096,29.76110569,115.97667096,0.4633,2155.43,1,493,split_xfeat,7,1,-1,5739.38,3449.54,3449.54
419,1960.00,29.77051805,115.99615818,29.76110569,115.97667096,29.76110569,115.97667096,0.4633,2155.43,1,493,split_xfeat,7,1,-1,5662.69,3371.61,3371.61
420,1966.00,29.77146238,115.98655930,29.76110569,115.97667096,29.77146238,115.98655930,0.4867,1497.58,1,489,split_xfeat,8,1,-1,5497.74,2700.25,2700.25
421,1971.00,29.77146238,115.98655930,29.77146238,115.98655930,29.77146238,115.98655930,0.4867,0.00,0,489,split_xfeat,8,1,-1,5419.88,3215.77,3215.77
422,1976.00,29.75154930,115.98330375,29.77146238,115.98655930,29.77146238,115.98655930,0.4633,2238.95,1,345,split_xfeat,7,1,-1,3137.84,3137.84,3137.84
423,1981.00,29.76898970,115.99356999,29.77146238,115.98655930,29.77146238,115.98655930,0.4633,731.42,1,479,split_xfeat,7,1,-1,5113.59,4685.85,4685.85
424,1987.00,29.76898970,115.99356999,29.77146238,115.98655930,29.77146238,115.98655930,0.4633,731.42,1,479,split_xfeat,7,1,-1,5036.67,4608.55,4608.55
425,1992.00,29.76898970,115.99356999,29.77146238,115.98655930,29.77146238,115.98655930,0.4633,731.42,1,479,split_xfeat,7,1,-1,4959.78,4531.28,4531.28
426,1997.00,29.72396683,115.99545373,29.77146238,115.98655930,29.77146238,115.98655930,0.5100,5356.65,1,155,split_xfeat,9,1,-1,1028.42,1028.42,1028.42
427,2002.00,29.72396683,115.99545373,29.77146238,115.98655930,29.77146238,115.98655930,0.5100,5356.65,1,155,split_xfeat,9,1,-1,1045.26,934.38,934.38
428,2007.00,29.72396683,115.99545373,29.77146238,115.98655930,29.77146238,115.98655930,0.5100,5356.65,1,155,split_xfeat,9,1,-1,1067.52,880.31,880.31
429,2013.00,29.72396683,115.99545373,29.77146238,115.98655930,29.77146238,115.98655930,0.5100,5356.65,1,155,split_xfeat,9,1,-1,1094.90,896.71,896.71
430,2018.00,29.72396683,115.99545373,29.77146238,115.98655930,29.77146238,115.98655930,0.5100,5356.65,1,155,split_xfeat,9,1,-1,1131.96,862.63,862.63
431,2023.00,29.72396683,115.99545373,29.77146238,115.98655930,29.72396683,115.99545373,0.5100,5356.65,1,155,split_xfeat,9,1,-1,1168.99,839.44,839.44
432,2029.00,29.72396683,115.99545373,29.72396683,115.99545373,29.72396683,115.99545373,0.5100,0.00,0,155,split_xfeat,9,1,-1,1209.92,823.01,823.01
433,2034.00,29.72396683,115.99545373,29.72396683,115.99545373,29.72396683,115.99545373,0.0000,0.00,0,-1,split_xfeat,0,0,-1,,,
434,2039.00,29.72396683,115.99545373,29.72396683,115.99545373,29.72396683,115.99545373,0.0000,0.00,0,-1,split_xfeat,0,0,-1,,,
435,2044.00,29.72396683,115.99545373,29.72396683,115.99545373,29.72396683,115.99545373,0.0000,0.00,0,-1,split_xfeat,0,0,-1,,,
436,2049.00,29.77146238,115.98655930,29.72396683,115.99545373,29.72396683,115.99545373,0.4867,5356.65,1,489,split_xfeat,8,1,-1,4229.92,4229.92,4229.92
437,2054.00,29.77146238,115.98655930,29.72396683,115.99545373,29.72396683,115.99545373,0.4867,5356.65,1,489,split_xfeat,8,1,-1,4152.09,2857.59,2857.59
438,2060.00,29.77146238,115.98655930,29.72396683,115.99545373,29.72396683,115.99545373,0.4867,5356.65,1,489,split_xfeat,8,1,-1,4063.16,3213.41,3213.41
439,2065.00,29.72396683,115.99545373,29.72396683,115.99545373,29.72396683,115.99545373,0.0000,0.00,0,-1,split_xfeat,0,0,-1,,,
440,2070.00,29.72396683,115.99545373,29.72396683,115.99545373,29.72396683,115.99545373,0.0000,0.00,0,-1,split_xfeat,0,0,-1,,,
441,2075.00,29.76165298,115.97402098,29.72396683,115.99545373,29.72396683,115.99545373,0.4167,4678.86,1,418,split_xfeat,5,1,-1,2991.84,2991.84,2991.84
442,2080.00,29.72396683,115.99545373,29.72396683,115.99545373,29.72396683,115.99545373,0.0000,0.00,0,-1,split_xfeat,0,0,-1,,,
443,2085.00,29.72396683,115.99545373,29.72396683,115.99545373,29.72396683,115.99545373,0.0000,0.00,0,-1,split_xfeat,0,0,-1,,,
444,2090.00,29.72396683,115.99545373,29.72396683,115.99545373,29.72396683,115.99545373,0.0000,0.00,0,-1,split_xfeat,0,0,-1,,,
445,2095.00,29.72396683,115.99545373,29.72396683,115.99545373,29.72396683,115.99545373,0.0000,0.00,0,-1,split_xfeat,0,0,-1,,,
446,2100.00,29.72396683,115.99545373,29.72396683,115.99545373,29.72396683,115.99545373,0.0000,0.00,0,-1,split_xfeat,0,0,-1,,,
447,2106.00,29.72396683,115.99545373,29.72396683,115.99545373,29.72396683,115.99545373,0.0000,0.00,0,-1,split_xfeat,0,0,-1,,,
448,2112.00,29.72396683,115.99545373,29.72396683,115.99545373,29.72396683,115.99545373,0.0000,0.00,0,-1,split_xfeat,0,0,-1,,,
449,2117.00,29.72396683,115.99545373,29.72396683,115.99545373,29.72396683,115.99545373,0.0000,0.00,0,-1,split_xfeat,0,0,-1,,,
450,2121.00,29.72396683,115.99545373,29.72396683,115.99545373,29.72396683,115.99545373,0.0000,0.00,0,-1,split_xfeat,0,0,-1,,,
451,2126.00,29.72396683,115.99545373,29.72396683,115.99545373,29.72396683,115.99545373,0.0000,0.00,0,-1,split_xfeat,0,0,-1,,,
452,2131.00,29.72396683,115.99545373,29.72396683,115.99545373,29.72396683,115.99545373,0.0000,0.00,0,-1,split_xfeat,0,0,-1,,,
453,2137.00,29.72396683,115.99545373,29.72396683,115.99545373,29.72396683,115.99545373,0.0000,0.00,0,-1,split_xfeat,0,0,-1,,,
454,2141.00,29.76481698,115.98601552,29.72396683,115.99545373,29.72396683,115.99545373,0.5333,4638.05,1,450,split_xfeat,10,1,-1,2198.80,724.65,724.65
455,2146.00,29.77219663,115.98743677,29.72396683,115.99545373,29.72396683,115.99545373,0.4867,5424.58,1,502,split_xfeat,8,1,-1,2918.35,686.02,686.02
456,2152.00,29.77219663,115.98743677,29.72396683,115.99545373,29.72396683,115.99545373,0.4867,5424.58,1,502,split_xfeat,8,1,-1,2840.64,2840.64,2840.64
457,2157.00,29.77219663,115.98743677,29.72396683,115.99545373,29.72396683,115.99545373,0.4867,5424.58,1,502,split_xfeat,8,1,-1,2762.94,630.93,630.93
458,2162.00,29.77219663,115.98743677,29.72396683,115.99545373,29.72396683,115.99545373,0.4867,5424.58,1,502,split_xfeat,8,1,-1,2685.25,1048.86,1048.86
459,2168.00,29.77219663,115.98743677,29.72396683,115.99545373,29.77219663,115.98743677,0.4867,5424.58,1,502,split_xfeat,8,1,-1,2607.58,1031.03,1031.03
460,2173.00,29.77219663,115.98743677,29.77219663,115.98743677,29.77219663,115.98743677,0.4867,0.00,0,502,split_xfeat,8,1,-1,2529.92,616.72,616.72
461,2178.00,29.77219663,115.98743677,29.77219663,115.98743677,29.77219663,115.98743677,0.4867,0.00,0,502,split_xfeat,8,1,-1,2452.27,1012.56,1012.56
462,2183.00,29.75098055,115.99558968,29.77219663,115.98743677,29.77219663,115.98743677,0.4400,2489.78,1,350,split_xfeat,6,1,-1,1012.69,1012.69,1012.69
463,2187.00,29.74959171,115.99135256,29.77219663,115.98743677,29.77219663,115.98743677,0.4400,2544.69,1,335,split_xfeat,6,1,-1,692.09,692.09,692.09
464,2192.00,29.76481698,115.98601552,29.77219663,115.98743677,29.77219663,115.98743677,0.5333,832.91,1,450,split_xfeat,10,1,-1,1414.15,440.52,440.52
465,2197.00,29.76481698,115.98601552,29.77219663,115.98743677,29.77219663,115.98743677,0.5333,832.91,1,450,split_xfeat,10,1,-1,1337.15,503.40,503.40
466,2202.00,29.76352472,115.99324866,29.77219663,115.98743677,29.77219663,115.98743677,0.5100,1116.92,1,440,split_xfeat,9,1,-1,1321.10,827.68,827.68
467,2208.00,29.76898970,115.99356999,29.77219663,115.98743677,29.77219663,115.98743677,0.4633,692.02,1,479,split_xfeat,7,1,-1,1762.46,1304.65,1304.65
468,2213.00,29.76898970,115.99356999,29.77219663,115.98743677,29.77219663,115.98743677,0.4633,692.02,1,479,split_xfeat,7,1,-1,1693.67,1235.60,1235.60
469,2218.00,29.76898970,115.99356999,29.77219663,115.98743677,29.77219663,115.98743677,0.4633,692.02,1,479,split_xfeat,7,1,-1,1625.71,1167.66,1167.66
470,2223.00,29.76352472,115.99324866,29.77219663,115.98743677,29.77219663,115.98743677,0.5100,1116.92,1,440,split_xfeat,9,1,-1,1084.67,1084.67,1084.67
471,2228.00,29.76898970,115.99356999,29.77219663,115.98743677,29.76898970,115.99356999,0.4633,692.02,1,479,split_xfeat,7,1,-1,1483.37,1026.88,1026.88
472,2233.00,29.76898970,115.99356999,29.76898970,115.99356999,29.76898970,115.99356999,0.4633,0.00,0,479,split_xfeat,7,1,-1,1418.79,964.05,964.05
473,2238.00,29.76898970,115.99356999,29.76898970,115.99356999,29.76898970,115.99356999,0.4633,0.00,0,479,split_xfeat,7,1,-1,1355.61,903.57,903.57
474,2243.00,29.76898970,115.99356999,29.76898970,115.99356999,29.76898970,115.99356999,0.4633,0.00,0,479,split_xfeat,7,1,-1,1294.03,845.96,845.96
475,2248.00,29.76898970,115.99356999,29.76898970,115.99356999,29.76898970,115.99356999,0.4633,0.00,0,479,split_xfeat,7,1,-1,1234.31,1234.31,1234.31
476,2253.00,29.76898970,115.99356999,29.76898970,115.99356999,29.76898970,115.99356999,0.0000,0.00,0,-1,split_xfeat,0,0,-1,,,
477,2258.00,29.76898970,115.99356999,29.76898970,115.99356999,29.76898970,115.99356999,0.0000,0.00,0,-1,split_xfeat,0,0,-1,,,
478,2263.00,29.73247778,115.99582449,29.76898970,115.99356999,29.76898970,115.99356999,0.4400,4070.35,1,220,split_xfeat,6,1,-1,3465.91,3465.91,3465.91
479,2268.00,29.76898970,115.99356999,29.76898970,115.99356999,29.76898970,115.99356999,0.0000,0.00,0,-1,split_xfeat,0,0,-1,,,
480,2273.00,29.76898970,115.99356999,29.76898970,115.99356999,29.76898970,115.99356999,0.0000,0.00,0,-1,split_xfeat,0,0,-1,,,
481,2278.00,29.76898970,115.99356999,29.76898970,115.99356999,29.76898970,115.99356999,0.0000,0.00,0,-1,split_xfeat,0,0,-1,,,
482,2283.00,29.76898970,115.99356999,29.76898970,115.99356999,29.76898970,115.99356999,0.0000,0.00,0,-1,split_xfeat,0,0,-1,,,
483,2288.00,29.76898970,115.99356999,29.76898970,115.99356999,29.76898970,115.99356999,0.0000,0.00,0,-1,split_xfeat,0,0,-1,,,
484,2292.00,29.76898970,115.99356999,29.76898970,115.99356999,29.76898970,115.99356999,0.0000,0.00,0,-1,split_xfeat,0,0,-1,,,
485,2342.00,29.77219663,115.98743677,29.76898970,115.99356999,29.76898970,115.99356999,0.4867,692.02,1,502,split_xfeat,8,1,-1,651.13,651.13,651.13
486,2345.00,29.77219663,115.98743677,29.76898970,115.99356999,29.76898970,115.99356999,0.4867,692.02,1,502,split_xfeat,8,1,-1,729.03,729.03,729.03
487,2348.00,29.76898970,115.99356999,29.76898970,115.99356999,29.76898970,115.99356999,0.0000,0.00,0,-1,split_xfeat,0,0,-1,,,
488,2351.00,29.76898970,115.99356999,29.76898970,115.99356999,29.76898970,115.99356999,0.0000,0.00,0,-1,split_xfeat,0,0,-1,,,
489,2355.00,29.76898970,115.99356999,29.76898970,115.99356999,29.76898970,115.99356999,0.0000,0.00,0,-1,split_xfeat,0,0,-1,,,
490,2358.00,29.76898970,115.99356999,29.76898970,115.99356999,29.76898970,115.99356999,0.0000,0.00,0,-1,split_xfeat,0,0,-1,,,
491,2362.00,29.76898970,115.99356999,29.76898970,115.99356999,29.76898970,115.99356999,0.0000,0.00,0,-1,split_xfeat,0,0,-1,,,
492,2365.00,29.77219663,115.98743677,29.76898970,115.99356999,29.76898970,115.99356999,0.4867,692.02,1,502,split_xfeat,8,1,-1,1207.61,1207.61,1207.61
493,2369.00,29.76898970,115.99356999,29.76898970,115.99356999,29.76898970,115.99356999,0.4633,0.00,0,479,split_xfeat,7,1,-1,1079.93,1079.93,1079.93
494,2372.00,29.76898970,115.99356999,29.76898970,115.99356999,29.76898970,115.99356999,0.4633,0.00,0,479,split_xfeat,7,1,-1,1144.69,963.51,963.51
495,2376.00,29.76898970,115.99356999,29.76898970,115.99356999,29.76898970,115.99356999,0.4633,0.00,0,479,split_xfeat,7,1,-1,1211.00,1011.04,1011.04
496,2379.00,29.76898970,115.99356999,29.76898970,115.99356999,29.76898970,115.99356999,0.4633,0.00,0,479,split_xfeat,7,1,-1,1278.62,1062.18,1062.18
497,2383.00,29.76352472,115.99324866,29.76898970,115.99356999,29.76898970,115.99356999,0.5100,609.15,1,440,split_xfeat,9,1,-1,859.56,859.56,859.56
498,2386.00,29.76898970,115.99356999,29.76898970,115.99356999,29.76898970,115.99356999,0.4633,0.00,0,479,split_xfeat,7,1,-1,1417.04,1093.28,1093.28
499,2390.00,29.76898970,115.99356999,29.76898970,115.99356999,29.76898970,115.99356999,0.4633,0.00,0,479,split_xfeat,7,1,-1,1487.54,1232.52,1232.52
500,2393.00,29.76898970,115.99356999,29.76898970,115.99356999,29.76898970,115.99356999,0.4633,0.00,0,479,split_xfeat,7,1,-1,1568.97,1302.60,1302.60
501,2397.00,29.76054314,115.99300149,29.76898970,115.99356999,29.76898970,115.99356999,0.5100,941.88,1,414,split_xfeat,9,1,-1,807.86,807.86,807.86
502,2400.00,29.76054314,115.99300149,29.76898970,115.99356999,29.76898970,115.99356999,0.5100,941.88,1,414,split_xfeat,9,1,-1,860.08,860.08,860.08
503,2404.00,29.76054314,115.99300149,29.76898970,115.99356999,29.76898970,115.99356999,0.5100,941.88,1,414,split_xfeat,9,1,-1,915.96,915.96,915.96
504,2407.00,29.76898970,115.99356999,29.76898970,115.99356999,29.76898970,115.99356999,0.4633,0.00,0,479,split_xfeat,7,1,-1,1859.51,1563.17,1563.17
505,2410.00,29.76898970,115.99356999,29.76898970,115.99356999,29.76898970,115.99356999,0.4633,0.00,0,479,split_xfeat,7,1,-1,1933.17,1631.12,1631.12
506,2414.00,29.76898970,115.99356999,29.76898970,115.99356999,29.76898970,115.99356999,0.4633,0.00,0,479,split_xfeat,7,1,-1,2007.16,1699.92,1699.92
507,2417.00,29.76898970,115.99356999,29.76898970,115.99356999,29.76898970,115.99356999,0.0000,0.00,0,-1,split_xfeat,0,0,-1,,,
508,2420.00,29.76898970,115.99356999,29.76898970,115.99356999,29.76898970,115.99356999,0.0000,0.00,0,-1,split_xfeat,0,0,-1,,,
509,2424.00,29.74959171,115.99135256,29.76898970,115.99356999,29.76898970,115.99356999,0.4400,2170.00,1,335,split_xfeat,6,1,-1,420.80,420.80,420.80
510,2427.00,29.77219663,115.98743677,29.76898970,115.99356999,29.76898970,115.99356999,0.4867,692.02,1,502,split_xfeat,8,1,-1,2632.43,850.68,850.68
511,2430.00,29.76898970,115.99356999,29.76898970,115.99356999,29.76898970,115.99356999,0.0000,0.00,0,-1,split_xfeat,0,0,-1,,,
512,2434.00,29.76898970,115.99356999,29.76898970,115.99356999,29.76898970,115.99356999,0.0000,0.00,0,-1,split_xfeat,0,0,-1,,,
513,2437.00,29.76898970,115.99356999,29.76898970,115.99356999,29.76898970,115.99356999,0.0000,0.00,0,-1,split_xfeat,0,0,-1,,,
514,2441.00,29.76898970,115.99356999,29.76898970,115.99356999,29.76898970,115.99356999,0.0000,0.00,0,-1,split_xfeat,0,0,-1,,,
515,2444.00,29.76898970,115.99356999,29.76898970,115.99356999,29.76898970,115.99356999,0.0000,0.00,0,-1,split_xfeat,0,0,-1,,,
516,2447.00,29.76898970,115.99356999,29.76898970,115.99356999,29.76898970,115.99356999,0.0000,0.00,0,-1,split_xfeat,0,0,-1,,,
517,2451.00,29.76898970,115.99356999,29.76898970,115.99356999,29.76898970,115.99356999,0.0000,0.00,0,-1,split_xfeat,0,0,-1,,,
518,2454.00,29.76898970,115.99356999,29.76898970,115.99356999,29.76898970,115.99356999,0.0000,0.00,0,-1,split_xfeat,0,0,-1,,,
519,2458.00,29.76898970,115.99356999,29.76898970,115.99356999,29.76898970,115.99356999,0.0000,0.00,0,-1,split_xfeat,0,0,-1,,,
520,2461.00,29.76898970,115.99356999,29.76898970,115.99356999,29.76898970,115.99356999,0.0000,0.00,0,-1,split_xfeat,0,0,-1,,,
521,2464.00,29.76898970,115.99356999,29.76898970,115.99356999,29.76898970,115.99356999,0.0000,0.00,0,-1,split_xfeat,0,0,-1,,,
522,2468.00,29.76898970,115.99356999,29.76898970,115.99356999,29.76898970,115.99356999,0.0000,0.00,0,-1,split_xfeat,0,0,-1,,,
523,2471.00,29.76898970,115.99356999,29.76898970,115.99356999,29.76898970,115.99356999,0.0000,0.00,0,-1,split_xfeat,0,0,-1,,,
524,2474.00,29.76898970,115.99356999,29.76898970,115.99356999,29.76898970,115.99356999,0.0000,0.00,0,-1,split_xfeat,0,0,-1,,,
525,2477.00,29.76898970,115.99356999,29.76898970,115.99356999,29.76898970,115.99356999,0.0000,0.00,0,-1,split_xfeat,0,0,-1,,,
526,2481.00,29.76898970,115.99356999,29.76898970,115.99356999,29.76898970,115.99356999,0.0000,0.00,0,-1,split_xfeat,0,0,-1,,,
527,2484.00,29.76898970,115.99356999,29.76898970,115.99356999,29.76898970,115.99356999,0.0000,0.00,0,-1,split_xfeat,0,0,-1,,,
528,2487.00,29.76898970,115.99356999,29.76898970,115.99356999,29.76898970,115.99356999,0.0000,0.00,0,-1,split_xfeat,0,0,-1,,,
529,2490.00,29.76898970,115.99356999,29.76898970,115.99356999,29.76898970,115.99356999,0.0000,0.00,0,-1,split_xfeat,0,0,-1,,,
530,2493.00,29.77146238,115.98655930,29.76898970,115.99356999,29.76898970,115.99356999,0.4867,731.42,1,489,split_xfeat,8,1,-1,4013.15,3236.54,3236.54
531,2496.00,29.76375460,115.99291498,29.76898970,115.99356999,29.76898970,115.99356999,0.4867,586.20,1,453,split_xfeat,8,1,-1,3545.37,3123.21,3123.21
532,2500.00,29.77146238,115.98655930,29.76898970,115.99356999,29.76898970,115.99356999,0.4867,731.42,1,489,split_xfeat,8,1,-1,4180.13,3205.82,3205.82
533,2503.00,29.76898970,115.99356999,29.76898970,115.99356999,29.76898970,115.99356999,0.0000,0.00,0,-1,split_xfeat,0,0,-1,,,
534,2506.00,29.76898970,115.99356999,29.76898970,115.99356999,29.76898970,115.99356999,0.0000,0.00,0,-1,split_xfeat,0,0,-1,,,
535,2510.00,29.72396683,115.99545373,29.76898970,115.99356999,29.76898970,115.99356999,0.5100,5015.25,1,155,split_xfeat,9,1,-1,1134.75,654.27,654.27
536,2513.00,29.73149671,115.99533015,29.76898970,115.99356999,29.76898970,115.99356999,0.4867,4177.19,1,207,split_xfeat,8,1,-1,823.46,683.72,683.72
537,2516.00,29.77093656,115.99127841,29.76898970,115.99356999,29.76898970,115.99356999,0.4400,309.89,1,491,split_xfeat,6,1,-1,4588.82,641.19,641.19
538,2520.00,29.70390351,115.99155030,29.76898970,115.99356999,29.76898970,115.99356999,0.5333,7248.02,1,10,split_xfeat,10,1,-1,2783.97,666.07,666.07
539,2523.00,29.70390351,115.99155030,29.76898970,115.99356999,29.70390351,115.99155030,0.5333,7248.02,1,10,split_xfeat,10,1,-1,2706.96,698.80,698.80
540,2527.00,29.70390351,115.99155030,29.70390351,115.99155030,29.70390351,115.99155030,0.5333,0.00,0,10,split_xfeat,10,1,-1,2619.01,744.47,744.47
541,2530.00,29.73149671,115.99533015,29.70390351,115.99155030,29.70390351,115.99155030,0.4867,3093.33,1,207,split_xfeat,8,1,-1,955.12,928.41,928.41
542,2533.00,29.73247778,115.99582449,29.70390351,115.99155030,29.70390351,115.99155030,0.4400,3207.60,1,220,split_xfeat,6,1,-1,1123.95,987.90,987.90
543,2536.00,29.72396683,115.99545373,29.70390351,115.99155030,29.70390351,115.99155030,0.5100,2265.09,1,155,split_xfeat,9,1,-1,832.25,832.25,832.25
544,2540.00,29.72396683,115.99545373,29.70390351,115.99155030,29.70390351,115.99155030,0.5100,2265.09,1,155,split_xfeat,9,1,-1,821.64,821.64,821.64
545,2543.00,29.72396683,115.99545373,29.70390351,115.99155030,29.70390351,115.99155030,0.5100,2265.09,1,155,split_xfeat,9,1,-1,818.34,648.58,648.58
546,2546.00,29.72396683,115.99545373,29.70390351,115.99155030,29.70390351,115.99155030,0.5100,2265.09,1,155,split_xfeat,9,1,-1,822.44,822.44,822.44
547,2549.00,29.75154930,115.98330375,29.70390351,115.99155030,29.70390351,115.99155030,0.4633,5363.49,1,345,split_xfeat,7,1,-1,3165.30,3165.30,3165.30
548,2553.00,29.77146238,115.98655930,29.70390351,115.99155030,29.70390351,115.99155030,0.4867,7536.11,1,489,split_xfeat,8,1,-1,5449.17,2676.49,2676.49
549,2556.00,29.77362386,115.98290305,29.70390351,115.99155030,29.70390351,115.99155030,0.5100,7806.15,1,500,split_xfeat,9,1,-1,5739.77,2753.64,2753.64
550,2560.00,29.77146238,115.98655930,29.70390351,115.99155030,29.77146238,115.98655930,0.4867,7536.11,1,489,split_xfeat,8,1,-1,5605.02,2830.84,2830.84
551,2563.00,29.77146238,115.98655930,29.77146238,115.98655930,29.77146238,115.98655930,0.4867,0.00,0,489,split_xfeat,8,1,-1,5682.94,2908.07,2908.07
552,2566.00,29.77146238,115.98655930,29.77146238,115.98655930,29.77146238,115.98655930,0.4867,0.00,0,489,split_xfeat,8,1,-1,5760.87,2985.34,2985.34
553,2569.00,29.77146238,115.98655930,29.77146238,115.98655930,29.77146238,115.98655930,0.4867,0.00,0,489,split_xfeat,8,1,-1,5838.79,3062.64,3062.64
554,2573.00,29.77146238,115.98655930,29.77146238,115.98655930,29.77146238,115.98655930,0.4867,0.00,0,489,split_xfeat,8,1,-1,5916.71,3139.97,3139.97
555,2576.00,29.77362386,115.98290305,29.77146238,115.98655930,29.77146238,115.98655930,0.5100,427.55,1,500,split_xfeat,9,1,-1,6217.47,3228.38,3228.38
556,2579.00,29.77362386,115.98290305,29.77146238,115.98655930,29.77146238,115.98655930,0.5100,427.55,1,500,split_xfeat,9,1,-1,6295.25,5687.86,5687.86
557,2582.00,29.77362386,115.98290305,29.77146238,115.98655930,29.77146238,115.98655930,0.5100,427.55,1,500,split_xfeat,9,1,-1,6373.03,6161.62,6161.62
558,2586.00,29.75098055,115.99558968,29.77146238,115.98655930,29.77146238,115.98655930,0.4400,2441.41,1,350,split_xfeat,6,1,-1,4121.57,4121.57,4121.57
559,2589.00,29.75420894,115.99570091,29.77146238,115.98655930,29.77146238,115.98655930,0.4633,2114.16,1,376,split_xfeat,7,1,-1,4590.96,4197.97,4197.97
560,2592.00,29.76684968,115.99333517,29.77146238,115.98655930,29.77146238,115.98655930,0.5800,832.24,1,466,split_xfeat,12,1,-1,6027.16,4274.42,4274.42
561,2596.00,29.76684968,115.99333517,29.77146238,115.98655930,29.77146238,115.98655930,0.5800,832.24,1,466,split_xfeat,12,1,-1,6104.68,1415.48,1415.48
562,2599.00,29.76898970,115.99356999,29.77146238,115.98655930,29.77146238,115.98655930,0.4633,731.42,1,479,split_xfeat,7,1,-1,6381.24,1306.75,1306.75
563,2603.00,29.76898970,115.99356999,29.77146238,115.98655930,29.77146238,115.98655930,0.4633,731.42,1,479,split_xfeat,7,1,-1,6469.88,6090.63,6090.63
564,2606.00,29.76898970,115.99356999,29.77146238,115.98655930,29.76898970,115.99356999,0.4633,731.42,1,479,split_xfeat,7,1,-1,6547.45,6167.92,6167.92
565,2610.00,29.76054314,115.99300149,29.76898970,115.99356999,29.76898970,115.99356999,0.5100,941.88,1,414,split_xfeat,9,1,-1,5630.17,5630.17,5630.17
566,2659.00,29.73247778,115.99582449,29.76898970,115.99356999,29.76898970,115.99356999,0.4400,4070.35,1,220,split_xfeat,6,1,-1,2637.83,2637.83,2637.83
567,2664.00,29.73247778,115.99582449,29.76898970,115.99356999,29.76898970,115.99356999,0.4400,4070.35,1,220,split_xfeat,6,1,-1,2562.19,2520.88,2520.88
568,2670.00,29.76898970,115.99356999,29.76898970,115.99356999,29.76898970,115.99356999,0.4633,0.00,0,479,split_xfeat,7,1,-1,6409.84,2475.92,2475.92
569,2675.00,29.76352472,115.99324866,29.76898970,115.99356999,29.76898970,115.99356999,0.5100,609.15,1,440,split_xfeat,9,1,-1,5733.59,5733.59,5733.59
570,2680.00,29.76684968,115.99333517,29.76898970,115.99356999,29.76898970,115.99356999,0.5800,239.31,1,466,split_xfeat,12,1,-1,6054.82,4285.71,4285.71
571,2686.00,29.76898970,115.99356999,29.76898970,115.99356999,29.76898970,115.99356999,0.4633,0.00,0,479,split_xfeat,7,1,-1,6176.60,4208.63,4208.63
572,2691.00,29.75098055,115.99558968,29.76898970,115.99356999,29.76898970,115.99356999,0.4400,2014.26,1,350,split_xfeat,6,1,-1,4131.59,4131.59,4131.59
573,2696.00,29.77146238,115.98655930,29.76898970,115.99356999,29.76898970,115.99356999,0.4867,731.42,1,489,split_xfeat,8,1,-1,6208.58,5806.17,5806.17
574,2701.00,29.77146238,115.98655930,29.76898970,115.99356999,29.76898970,115.99356999,0.4867,731.42,1,489,split_xfeat,8,1,-1,6130.69,5728.25,5728.25
575,2707.00,29.77146238,115.98655930,29.76898970,115.99356999,29.76898970,115.99356999,0.4867,731.42,1,489,split_xfeat,8,1,-1,6052.80,3300.74,3300.74
576,2712.00,29.77146238,115.98655930,29.76898970,115.99356999,29.76898970,115.99356999,0.4867,731.42,1,489,split_xfeat,8,1,-1,5963.78,3213.08,3213.08
577,2717.00,29.77146238,115.98655930,29.76898970,115.99356999,29.76898970,115.99356999,0.4867,731.42,1,489,split_xfeat,8,1,-1,5885.89,3136.44,3136.44
578,2723.00,29.77051805,115.99615818,29.76898970,115.99356999,29.76898970,115.99356999,0.4633,302.54,1,493,split_xfeat,7,1,-1,5838.91,3059.87,3059.87
579,2729.00,29.77051805,115.99615818,29.76898970,115.99356999,29.76898970,115.99356999,0.4633,302.54,1,493,split_xfeat,7,1,-1,5761.44,2983.37,2983.37
580,2734.00,29.77051805,115.99615818,29.76898970,115.99356999,29.76898970,115.99356999,0.4633,302.54,1,493,split_xfeat,7,1,-1,5683.98,2906.95,2906.95
581,2740.00,29.77146238,115.98655930,29.76898970,115.99356999,29.77146238,115.98655930,0.4867,731.42,1,489,split_xfeat,8,1,-1,5574.34,5407.83,5407.83
582,2745.00,29.75154930,115.98330375,29.77146238,115.98655930,29.77146238,115.98655930,0.4633,2238.95,1,345,split_xfeat,7,1,-1,3314.95,3314.95,3314.95
583,2751.00,29.76481698,115.98601552,29.77146238,115.98655930,29.77146238,115.98655930,0.5333,741.63,1,450,split_xfeat,10,1,-1,4818.92,3237.53,3237.53
584,2756.00,29.76481698,115.98601552,29.77146238,115.98655930,29.77146238,115.98655930,0.5333,741.63,1,450,split_xfeat,10,1,-1,4729.93,3149.10,3149.10
585,2761.00,29.76898970,115.99356999,29.77146238,115.98655930,29.77146238,115.98655930,0.4633,731.42,1,479,split_xfeat,7,1,-1,5066.62,3112.17,3112.17
586,2767.00,29.76898970,115.99356999,29.77146238,115.98655930,29.77146238,115.98655930,0.4633,731.42,1,479,split_xfeat,7,1,-1,4988.98,3035.87,3035.87
587,2772.00,29.76898970,115.99356999,29.77146238,115.98655930,29.77146238,115.98655930,0.4633,731.42,1,479,split_xfeat,7,1,-1,4911.34,4597.49,4597.49
588,2778.00,29.76898970,115.99356999,29.77146238,115.98655930,29.77146238,115.98655930,0.4633,731.42,1,479,split_xfeat,7,1,-1,4833.71,919.15,919.15
589,2783.00,29.76054314,115.99300149,29.77146238,115.98655930,29.77146238,115.98655930,0.5100,1365.75,1,414,split_xfeat,9,1,-1,3761.16,850.82,850.82
590,2789.00,29.72396683,115.99545373,29.77146238,115.98655930,29.77146238,115.98655930,0.5100,5356.65,1,155,split_xfeat,9,1,-1,711.91,711.91,711.91
591,2795.00,29.70390351,115.99155030,29.77146238,115.98655930,29.70390351,115.99155030,0.5333,7536.11,1,10,split_xfeat,10,1,-1,2628.43,570.93,570.93
592,2800.00,29.72396683,115.99545373,29.70390351,115.99155030,29.70390351,115.99155030,0.5100,2265.09,1,155,split_xfeat,9,1,-1,805.31,515.74,515.74
593,2805.00,29.72396683,115.99545373,29.70390351,115.99155030,29.70390351,115.99155030,0.5100,2265.09,1,155,split_xfeat,9,1,-1,856.59,475.95,475.95
594,2811.00,29.72396683,115.99545373,29.70390351,115.99155030,29.70390351,115.99155030,0.5100,2265.09,1,155,split_xfeat,9,1,-1,911.65,446.33,446.33
595,2816.00,29.70390351,115.99155030,29.70390351,115.99155030,29.70390351,115.99155030,0.5333,0.00,0,10,split_xfeat,10,1,-1,2950.20,429.00,429.00
596,2822.00,29.70390351,115.99155030,29.70390351,115.99155030,29.70390351,115.99155030,0.5333,0.00,0,10,split_xfeat,10,1,-1,3027.90,425.46,425.46
597,2828.00,29.72396683,115.99545373,29.70390351,115.99155030,29.70390351,115.99155030,0.5100,2265.09,1,155,split_xfeat,9,1,-1,1093.65,436.04,436.04
598,2833.00,29.70390351,115.99155030,29.70390351,115.99155030,29.70390351,115.99155030,0.0000,0.00,0,-1,split_xfeat,0,0,-1,,,
599,2839.00,29.77146238,115.98655930,29.70390351,115.99155030,29.70390351,115.99155030,0.4867,7536.11,1,489,split_xfeat,8,1,-1,4150.39,2987.47,2987.47
600,2844.00,29.77146238,115.98655930,29.70390351,115.99155030,29.70390351,115.99155030,0.4867,7536.11,1,489,split_xfeat,8,1,-1,4061.41,3171.23,3171.23
601,2850.00,29.76375460,115.99291498,29.70390351,115.99155030,29.70390351,115.99155030,0.4867,6663.93,1,453,split_xfeat,8,1,-1,3406.33,3101.20,3101.20
602,2856.00,29.76375460,115.99291498,29.70390351,115.99155030,29.70390351,115.99155030,0.4867,6663.93,1,453,split_xfeat,8,1,-1,3329.03,3031.55,3031.55
603,2862.00,29.76375460,115.99291498,29.70390351,115.99155030,29.70390351,115.99155030,0.4867,6663.93,1,453,split_xfeat,8,1,-1,3251.76,2962.31,2962.31
604,2868.00,29.70390351,115.99155030,29.70390351,115.99155030,29.70390351,115.99155030,0.0000,0.00,0,-1,split_xfeat,0,0,-1,,,
605,2873.00,29.70390351,115.99155030,29.70390351,115.99155030,29.70390351,115.99155030,0.0000,0.00,0,-1,split_xfeat,0,0,-1,,,
606,2879.00,29.70390351,115.99155030,29.70390351,115.99155030,29.70390351,115.99155030,0.0000,0.00,0,-1,split_xfeat,0,0,-1,,,
607,2885.00,29.76375460,115.99291498,29.70390351,115.99155030,29.70390351,115.99155030,0.4867,6663.93,1,453,split_xfeat,8,1,-1,2943.02,2690.12,2690.12
608,2890.00,29.76176029,115.97076020,29.70390351,115.99155030,29.70390351,115.99155030,0.5333,6746.84,1,416,split_xfeat,10,1,-1,3003.68,2613.97,2613.97
609,2896.00,29.76375460,115.99291498,29.70390351,115.99155030,29.70390351,115.99155030,0.4867,6663.93,1,453,split_xfeat,8,1,-1,2777.90,2548.03,2548.03
610,2901.00,29.76375460,115.99291498,29.70390351,115.99155030,29.76375460,115.99291498,0.4867,6663.93,1,453,split_xfeat,8,1,-1,2700.92,2482.78,2482.78
611,2907.00,29.76375460,115.99291498,29.76375460,115.99291498,29.76375460,115.99291498,0.4867,0.00,0,453,split_xfeat,8,1,-1,2623.99,2418.28,2418.28
612,2913.00,29.76375460,115.99291498,29.76375460,115.99291498,29.76375460,115.99291498,0.4867,0.00,0,453,split_xfeat,8,1,-1,2547.13,2354.60,2354.60
613,2918.00,29.76375460,115.99291498,29.76375460,115.99291498,29.76375460,115.99291498,0.4867,0.00,0,453,split_xfeat,8,1,-1,2470.33,2291.79,2291.79
614,2924.00,29.76176029,115.97076020,29.76375460,115.99291498,29.76375460,115.99291498,0.5333,2152.94,1,416,split_xfeat,10,1,-1,2641.00,2229.94,2229.94
615,2929.00,29.76375460,115.99291498,29.76375460,115.99291498,29.76375460,115.99291498,0.4867,0.00,0,453,split_xfeat,8,1,-1,2316.96,2169.13,2169.13
616,2934.00,29.76375460,115.99291498,29.76375460,115.99291498,29.76375460,115.99291498,0.0000,0.00,0,-1,split_xfeat,0,0,-1,,,
617,2940.00,29.76375460,115.99291498,29.76375460,115.99291498,29.76375460,115.99291498,0.0000,0.00,0,-1,split_xfeat,0,0,-1,,,
618,2946.00,29.76375460,115.99291498,29.76375460,115.99291498,29.76375460,115.99291498,0.0000,0.00,0,-1,split_xfeat,0,0,-1,,,
619,2951.00,29.76898970,115.99356999,29.76375460,115.99291498,29.76375460,115.99291498,0.4633,586.20,1,479,split_xfeat,7,1,-1,2392.87,273.13,273.13
620,2956.00,29.76075776,115.97685634,29.76375460,115.99291498,29.76375460,115.99291498,0.4400,1587.66,1,406,split_xfeat,6,1,-1,1735.24,683.60,683.60
621,2962.00,29.75098055,115.99558968,29.76375460,115.99291498,29.76375460,115.99291498,0.4400,1445.32,1,350,split_xfeat,6,1,-1,655.92,655.92,655.92
622,2968.00,29.76898970,115.99356999,29.76375460,115.99291498,29.76375460,115.99291498,0.4633,586.20,1,479,split_xfeat,7,1,-1,2163.21,636.62,636.62
623,2974.00,29.76898970,115.99356999,29.76375460,115.99291498,29.76375460,115.99291498,0.4633,586.20,1,479,split_xfeat,7,1,-1,2075.96,2075.96,2075.96
624,2979.00,29.76898970,115.99356999,29.76375460,115.99291498,29.76375460,115.99291498,0.4633,586.20,1,479,split_xfeat,7,1,-1,1999.75,1999.75,1999.75
625,2984.00,29.76898970,115.99356999,29.76375460,115.99291498,29.76375460,115.99291498,0.4633,586.20,1,479,split_xfeat,7,1,-1,1923.68,394.35,394.35
626,2989.00,29.76684968,115.99333517,29.76375460,115.99291498,29.76375460,115.99291498,0.5800,346.93,1,466,split_xfeat,12,1,-1,1653.77,656.77,656.77
627,2995.00,29.76898970,115.99356999,29.76375460,115.99291498,29.76375460,115.99291498,0.4633,586.20,1,479,split_xfeat,7,1,-1,1772.02,529.85,529.85
628,3000.00,29.73247778,115.99582449,29.76375460,115.99291498,29.73247778,115.99582449,0.4400,3493.08,1,220,split_xfeat,6,1,-1,2439.07,601.31,601.31
629,3006.00,29.76898970,115.99356999,29.73247778,115.99582449,29.73247778,115.99582449,0.4633,4070.35,1,479,split_xfeat,7,1,-1,1621.15,1518.73,1518.73
630,3011.00,29.76054314,115.99300149,29.73247778,115.99582449,29.73247778,115.99582449,0.5100,3136.13,1,414,split_xfeat,9,1,-1,646.02,646.02,646.02
631,3017.00,29.76352472,115.99324866,29.73247778,115.99582449,29.73247778,115.99582449,0.5100,3465.10,1,440,split_xfeat,9,1,-1,913.49,589.56,589.56
632,3022.00,29.76054314,115.99300149,29.73247778,115.99582449,29.73247778,115.99582449,0.5100,3136.13,1,414,split_xfeat,9,1,-1,531.73,531.73,531.73
633,3027.00,29.76898970,115.99356999,29.73247778,115.99582449,29.73247778,115.99582449,0.4633,4070.35,1,479,split_xfeat,7,1,-1,1312.35,1288.00,1288.00
634,3032.00,29.76352472,115.99324866,29.73247778,115.99582449,29.73247778,115.99582449,0.5100,3465.10,1,440,split_xfeat,9,1,-1,705.96,455.44,455.44
635,3037.00,29.76898970,115.99356999,29.73247778,115.99582449,29.73247778,115.99582449,0.4633,4070.35,1,479,split_xfeat,7,1,-1,1165.99,1165.99,1165.99
636,3042.00,29.76898970,115.99356999,29.73247778,115.99582449,29.73247778,115.99582449,0.4633,4070.35,1,479,split_xfeat,7,1,-1,1093.80,1093.80,1093.80
637,3048.00,29.76898970,115.99356999,29.73247778,115.99582449,29.73247778,115.99582449,0.4633,4070.35,1,479,split_xfeat,7,1,-1,1022.44,1022.44,1022.44
638,3053.00,29.76898970,115.99356999,29.73247778,115.99582449,29.76898970,115.99356999,0.4633,4070.35,1,479,split_xfeat,7,1,-1,952.12,952.12,952.12
639,3059.00,29.74959171,115.99135256,29.76898970,115.99356999,29.76898970,115.99356999,0.4400,2170.00,1,335,split_xfeat,6,1,-1,1454.56,1385.98,1385.98
640,3066.00,29.77219663,115.98743677,29.76898970,115.99356999,29.76898970,115.99356999,0.4867,692.02,1,502,split_xfeat,8,1,-1,1099.04,1099.04,1099.04
641,3072.00,29.74959171,115.99135256,29.76898970,115.99356999,29.76898970,115.99356999,0.4400,2170.00,1,335,split_xfeat,6,1,-1,1608.72,1608.72,1608.72
642,3078.00,29.76898970,115.99356999,29.76898970,115.99356999,29.76898970,115.99356999,0.0000,0.00,0,-1,split_xfeat,0,0,-1,,,
643,3084.00,29.76898970,115.99356999,29.76898970,115.99356999,29.76898970,115.99356999,0.0000,0.00,0,-1,split_xfeat,0,0,-1,,,
644,3089.00,29.77219663,115.98743677,29.76898970,115.99356999,29.76898970,115.99356999,0.4867,692.02,1,502,split_xfeat,8,1,-1,792.88,792.88,792.88
645,3095.00,29.77219663,115.98743677,29.76898970,115.99356999,29.76898970,115.99356999,0.4867,692.02,1,502,split_xfeat,8,1,-1,717.08,717.08,717.08
646,3101.00,29.77219663,115.98743677,29.76898970,115.99356999,29.76898970,115.99356999,0.4867,692.02,1,502,split_xfeat,8,1,-1,641.79,641.79,641.79
647,3107.00,29.77219663,115.98743677,29.76898970,115.99356999,29.76898970,115.99356999,0.4867,692.02,1,502,split_xfeat,8,1,-1,556.64,556.64,556.64
648,3114.00,29.76898970,115.99356999,29.76898970,115.99356999,29.76898970,115.99356999,0.0000,0.00,0,-1,split_xfeat,0,0,-1,,,
649,3120.00,29.77219663,115.98743677,29.76898970,115.99356999,29.76898970,115.99356999,0.4867,692.02,1,502,split_xfeat,8,1,-1,411.62,411.62,411.62
650,3169.00,29.74959171,115.99135256,29.76898970,115.99356999,29.76898970,115.99356999,0.4400,2170.00,1,335,split_xfeat,6,1,-1,2194.26,1232.97,1232.97
651,3172.00,29.77219663,115.98743677,29.76898970,115.99356999,29.77219663,115.98743677,0.4867,692.02,1,502,split_xfeat,8,1,-1,608.12,246.41,246.41
652,3175.00,29.76898970,115.99356999,29.77219663,115.98743677,29.77219663,115.98743677,0.4633,692.02,1,479,split_xfeat,7,1,-1,282.60,282.60,282.60
653,3178.00,29.77219663,115.98743677,29.77219663,115.98743677,29.77219663,115.98743677,0.4867,0.00,0,502,split_xfeat,8,1,-1,747.86,582.18,582.18
654,3181.00,29.77219663,115.98743677,29.77219663,115.98743677,29.77219663,115.98743677,0.4867,0.00,0,502,split_xfeat,8,1,-1,816.58,816.58,816.58
655,3184.00,29.77219663,115.98743677,29.77219663,115.98743677,29.77219663,115.98743677,0.4867,0.00,0,502,split_xfeat,8,1,-1,886.82,886.82,886.82
656,3187.00,29.77219663,115.98743677,29.77219663,115.98743677,29.77219663,115.98743677,0.0000,0.00,0,-1,split_xfeat,0,0,-1,,,
657,3190.00,29.74959171,115.99135256,29.77219663,115.98743677,29.77219663,115.98743677,0.4400,2544.69,1,335,split_xfeat,6,1,-1,1637.74,1637.74,1637.74
658,3194.00,29.76898970,115.99356999,29.77219663,115.98743677,29.77219663,115.98743677,0.4633,692.02,1,479,split_xfeat,7,1,-1,681.11,681.11,681.11
659,3197.00,29.76898970,115.99356999,29.77219663,115.98743677,29.77219663,115.98743677,0.4633,692.02,1,479,split_xfeat,7,1,-1,754.85,754.85,754.85
660,3200.00,29.76898970,115.99356999,29.77219663,115.98743677,29.77219663,115.98743677,0.4633,692.02,1,479,split_xfeat,7,1,-1,840.05,840.05,840.05
661,3203.00,29.76898970,115.99356999,29.77219663,115.98743677,29.77219663,115.98743677,0.4633,692.02,1,479,split_xfeat,7,1,-1,915.21,915.21,915.21
662,3206.00,29.76898970,115.99356999,29.77219663,115.98743677,29.77219663,115.98743677,0.4633,692.02,1,479,split_xfeat,7,1,-1,990.79,990.79,990.79
663,3210.00,29.76898970,115.99356999,29.77219663,115.98743677,29.77219663,115.98743677,0.4633,692.02,1,479,split_xfeat,7,1,-1,1066.71,1066.71,1066.71
664,3213.00,29.76054314,115.99300149,29.77219663,115.98743677,29.77219663,115.98743677,0.5100,1404.36,1,414,split_xfeat,9,1,-1,260.54,260.54,260.54
665,3216.00,29.76054314,115.99300149,29.77219663,115.98743677,29.77219663,115.98743677,0.5100,1404.36,1,414,split_xfeat,9,1,-1,304.18,304.18,304.18
666,3220.00,29.76054314,115.99300149,29.77219663,115.98743677,29.76054314,115.99300149,0.5100,1404.36,1,414,split_xfeat,9,1,-1,359.60,359.60,359.60
667,3223.00,29.76054314,115.99300149,29.76054314,115.99300149,29.76054314,115.99300149,0.5100,0.00,0,414,split_xfeat,9,1,-1,422.19,422.19,422.19
668,3227.00,29.76054314,115.99300149,29.76054314,115.99300149,29.76054314,115.99300149,0.5100,0.00,0,414,split_xfeat,9,1,-1,499.04,499.04,499.04
669,3230.00,29.76054314,115.99300149,29.76054314,115.99300149,29.76054314,115.99300149,0.5100,0.00,0,414,split_xfeat,9,1,-1,569.21,569.21,569.21
670,3233.00,29.76054314,115.99300149,29.76054314,115.99300149,29.76054314,115.99300149,0.5100,0.00,0,414,split_xfeat,9,1,-1,641.17,641.17,641.17
671,3237.00,29.72546298,115.99369358,29.76054314,115.99300149,29.76054314,115.99300149,0.6267,3905.70,1,167,split_xfeat,14,1,-1,3132.81,714.38,714.38
672,3240.00,29.76054314,115.99300149,29.76054314,115.99300149,29.76054314,115.99300149,0.5100,0.00,0,414,split_xfeat,9,1,-1,788.50,788.50,788.50
673,3244.00,29.76054314,115.99300149,29.76054314,115.99300149,29.76054314,115.99300149,0.5100,0.00,0,414,split_xfeat,9,1,-1,863.29,463.37,463.37
674,3247.00,29.76054314,115.99300149,29.76054314,115.99300149,29.76054314,115.99300149,0.5100,0.00,0,414,split_xfeat,9,1,-1,938.59,441.07,441.07
675,3251.00,29.76054314,115.99300149,29.76054314,115.99300149,29.76054314,115.99300149,0.5100,0.00,0,414,split_xfeat,9,1,-1,1014.28,431.87,431.87
676,3254.00,29.76898970,115.99356999,29.76054314,115.99300149,29.76054314,115.99300149,0.4633,941.88,1,479,split_xfeat,7,1,-1,2089.41,2043.45,2043.45
677,3257.00,29.76898970,115.99356999,29.76054314,115.99300149,29.76054314,115.99300149,0.4633,941.88,1,479,split_xfeat,7,1,-1,2166.87,2107.85,2107.85
678,3260.00,29.76898970,115.99356999,29.76054314,115.99300149,29.76054314,115.99300149,0.4633,941.88,1,479,split_xfeat,7,1,-1,2244.36,2244.36,2244.36
679,3263.00,29.76054314,115.99300149,29.76054314,115.99300149,29.76054314,115.99300149,0.0000,0.00,0,-1,split_xfeat,0,0,-1,,,
680,3266.00,29.76054314,115.99300149,29.76054314,115.99300149,29.76054314,115.99300149,0.0000,0.00,0,-1,split_xfeat,0,0,-1,,,
681,3270.00,29.76054314,115.99300149,29.76054314,115.99300149,29.76054314,115.99300149,0.0000,0.00,0,-1,split_xfeat,0,0,-1,,,
682,3273.00,29.76054314,115.99300149,29.76054314,115.99300149,29.76054314,115.99300149,0.0000,0.00,0,-1,split_xfeat,0,0,-1,,,
683,3276.00,29.76176029,115.97076020,29.76054314,115.99300149,29.76054314,115.99300149,0.5333,2154.09,1,416,split_xfeat,10,1,-1,2682.14,2399.54,2399.54
684,3279.00,29.76176029,115.97076020,29.76054314,115.99300149,29.76054314,115.99300149,0.5333,2154.09,1,416,split_xfeat,10,1,-1,2743.42,2460.61,2460.61
685,3282.00,29.76176029,115.97076020,29.76054314,115.99300149,29.76054314,115.99300149,0.5333,2154.09,1,416,split_xfeat,10,1,-1,2798.26,2515.42,2515.42
686,3285.00,29.76176029,115.97076020,29.76054314,115.99300149,29.76054314,115.99300149,0.5333,2154.09,1,416,split_xfeat,10,1,-1,2854.17,2438.21,2438.21
687,3288.00,29.76176029,115.97076020,29.76054314,115.99300149,29.76054314,115.99300149,0.5333,2154.09,1,416,split_xfeat,10,1,-1,2911.10,2498.38,2498.38
688,3291.00,29.76176029,115.97076020,29.76054314,115.99300149,29.76054314,115.99300149,0.5333,2154.09,1,416,split_xfeat,10,1,-1,2968.98,2559.51,2559.51
689,3295.00,29.76176029,115.97076020,29.76054314,115.99300149,29.76176029,115.97076020,0.5333,2154.09,1,416,split_xfeat,10,1,-1,3027.76,2621.52,2621.52
690,3298.00,29.76176029,115.97076020,29.76176029,115.97076020,29.76176029,115.97076020,0.5333,0.00,0,416,split_xfeat,10,1,-1,3087.38,2684.37,2684.37
691,3302.00,29.76176029,115.97076020,29.76176029,115.97076020,29.76176029,115.97076020,0.5333,0.00,0,416,split_xfeat,10,1,-1,3147.81,2747.99,2747.99
692,3305.00,29.76176029,115.97076020,29.76176029,115.97076020,29.76176029,115.97076020,0.5333,0.00,0,416,split_xfeat,10,1,-1,3217.79,2821.58,2821.58
693,3309.00,29.76176029,115.97076020,29.76176029,115.97076020,29.76176029,115.97076020,0.5333,0.00,0,416,split_xfeat,10,1,-1,3279.78,2886.68,2886.68
694,3312.00,29.76176029,115.97076020,29.76176029,115.97076020,29.76176029,115.97076020,0.5333,0.00,0,416,split_xfeat,10,1,-1,3342.44,2952.40,2952.40
695,3315.00,29.76175575,115.97160581,29.76176029,115.97076020,29.76176029,115.97076020,0.4867,81.74,1,404,split_xfeat,8,1,-1,3127.29,3018.71,3018.71
696,3319.00,29.76375460,115.99291498,29.76176029,115.97076020,29.76176029,115.97076020,0.4867,2152.94,1,453,split_xfeat,8,1,-1,3265.49,3085.56,3085.56
697,3322.00,29.77146238,115.98655930,29.76176029,115.97076020,29.76176029,115.97076020,0.4867,1870.46,1,489,split_xfeat,8,1,-1,3952.39,2880.88,2880.88
698,3325.00,29.77146238,115.98655930,29.76176029,115.97076020,29.76176029,115.97076020,0.4867,1870.46,1,489,split_xfeat,8,1,-1,4029.98,2949.68,2949.68
699,3328.00,29.76176029,115.97076020,29.76176029,115.97076020,29.76176029,115.97076020,0.0000,0.00,0,-1,split_xfeat,0,0,-1,,,
700,3332.00,29.76898970,115.99356999,29.76176029,115.97076020,29.76176029,115.97076020,0.4633,2347.07,1,479,split_xfeat,7,1,-1,3986.83,3765.90,3765.90
701,3335.00,29.72396683,115.99545373,29.76176029,115.97076020,29.76176029,115.97076020,0.5100,4837.08,1,155,split_xfeat,9,1,-1,1036.19,1036.19,1036.19
702,3339.00,29.76898970,115.99356999,29.76176029,115.97076020,29.76176029,115.97076020,0.4633,2347.07,1,479,split_xfeat,7,1,-1,4142.42,3914.36,3914.36
703,3342.00,29.76898970,115.99356999,29.76176029,115.97076020,29.76176029,115.97076020,0.4633,2347.07,1,479,split_xfeat,7,1,-1,4220.23,2255.56,2255.56
704,3346.00,29.76898970,115.99356999,29.76176029,115.97076020,29.76176029,115.97076020,0.4633,2347.07,1,479,split_xfeat,7,1,-1,4298.04,4063.37,4063.37
705,3349.00,29.76898970,115.99356999,29.76176029,115.97076020,29.76898970,115.99356999,0.4633,2347.07,1,479,split_xfeat,7,1,-1,4375.85,4138.06,4138.06
706,3352.00,29.72396683,115.99545373,29.76898970,115.99356999,29.76898970,115.99356999,0.5100,5015.25,1,155,split_xfeat,9,1,-1,701.04,701.04,701.04
707,3355.00,29.72396683,115.99545373,29.76898970,115.99356999,29.76898970,115.99356999,0.5100,5015.25,1,155,split_xfeat,9,1,-1,641.44,399.59,399.59
708,3358.00,29.72396683,115.99545373,29.76898970,115.99356999,29.76898970,115.99356999,0.5100,5015.25,1,155,split_xfeat,9,1,-1,578.68,474.96,474.96
709,3361.00,29.72396683,115.99545373,29.76898970,115.99356999,29.76898970,115.99356999,0.5100,5015.25,1,155,split_xfeat,9,1,-1,529.99,384.98,384.98
710,3365.00,29.72396683,115.99545373,29.76898970,115.99356999,29.76898970,115.99356999,0.5100,5015.25,1,155,split_xfeat,9,1,-1,488.92,488.92,488.92
711,3368.00,29.76898970,115.99356999,29.76898970,115.99356999,29.76898970,115.99356999,0.4633,0.00,0,479,split_xfeat,7,1,-1,4853.92,879.46,879.46
712,3371.00,29.76898970,115.99356999,29.76898970,115.99356999,29.76898970,115.99356999,0.4633,0.00,0,479,split_xfeat,7,1,-1,4931.76,2957.98,2957.98
713,3375.00,29.76898970,115.99356999,29.76898970,115.99356999,29.76898970,115.99356999,0.4633,0.00,0,479,split_xfeat,7,1,-1,5009.60,3035.09,3035.09
714,3378.00,29.76898970,115.99356999,29.76898970,115.99356999,29.76898970,115.99356999,0.4633,0.00,0,479,split_xfeat,7,1,-1,5087.44,4825.72,4825.72
715,3382.00,29.72396683,115.99545373,29.76898970,115.99356999,29.76898970,115.99356999,0.5100,5015.25,1,155,split_xfeat,9,1,-1,460.42,460.42,460.42
716,3385.00,29.72396683,115.99545373,29.76898970,115.99356999,29.76898970,115.99356999,0.5100,5015.25,1,155,split_xfeat,9,1,-1,498.42,236.84,236.84
717,3389.00,29.77093656,115.99127841,29.76898970,115.99356999,29.76898970,115.99356999,0.4400,309.89,1,491,split_xfeat,6,1,-1,5527.16,1347.14,1347.14
718,3392.00,29.74959171,115.99135256,29.76898970,115.99356999,29.76898970,115.99356999,0.4400,2170.00,1,335,split_xfeat,6,1,-1,3205.15,3205.15,3205.15
719,3396.00,29.76466674,115.98866550,29.76898970,115.99356999,29.76898970,115.99356999,0.4167,675.52,1,451,split_xfeat,5,1,-1,5085.70,5085.70,5085.70
720,3399.00,29.77146238,115.98655930,29.76898970,115.99356999,29.76898970,115.99356999,0.4867,731.42,1,489,split_xfeat,8,1,-1,5772.60,3058.90,3058.90
721,3403.00,29.77362386,115.98290305,29.76898970,115.99356999,29.76898970,115.99356999,0.5100,1152.91,1,500,split_xfeat,9,1,-1,6087.44,3134.38,3134.38
722,3406.00,29.77362386,115.98290305,29.76898970,115.99356999,29.76898970,115.99356999,0.5100,1152.91,1,500,split_xfeat,9,1,-1,6164.75,3209.99,3209.99
723,3410.00,29.77362386,115.98290305,29.76898970,115.99356999,29.76898970,115.99356999,0.5100,1152.91,1,500,split_xfeat,9,1,-1,6242.07,3285.70,3285.70
724,3413.00,29.77362386,115.98290305,29.76898970,115.99356999,29.77362386,115.98290305,0.5100,1152.91,1,500,split_xfeat,9,1,-1,6330.46,3372.35,3372.35
725,3417.00,29.77146238,115.98655930,29.77362386,115.98290305,29.77362386,115.98290305,0.4867,427.55,1,489,split_xfeat,8,1,-1,6172.59,3448.27,3448.27
726,3420.00,29.77146238,115.98655930,29.77362386,115.98290305,29.77362386,115.98290305,0.4867,427.55,1,489,split_xfeat,8,1,-1,6250.37,3524.28,3524.28
727,3423.00,29.77146238,115.98655930,29.77362386,115.98290305,29.77362386,115.98290305,0.4867,427.55,1,489,split_xfeat,8,1,-1,6328.16,4156.47,4156.47
728,3427.00,29.77051805,115.99615818,29.77362386,115.98290305,29.77362386,115.98290305,0.4633,1327.06,1,493,split_xfeat,7,1,-1,6409.91,3676.54,3676.54
729,3430.00,29.76898970,115.99356999,29.77362386,115.98290305,29.77362386,115.98290305,0.4633,1152.91,1,479,split_xfeat,7,1,-1,6277.56,5693.54,5693.54
730,3434.00,29.76898970,115.99356999,29.77362386,115.98290305,29.77362386,115.98290305,0.4633,1152.91,1,479,split_xfeat,7,1,-1,6355.43,5868.68,5868.68
731,3483.00,29.77146238,115.98655930,29.77362386,115.98290305,29.77362386,115.98290305,0.4867,427.55,1,489,split_xfeat,8,1,-1,6541.97,4384.47,4384.47
732,3489.00,29.77051805,115.99615818,29.77362386,115.98290305,29.77362386,115.98290305,0.4633,1327.06,1,493,split_xfeat,7,1,-1,6444.30,3764.77,3764.77
733,3494.00,29.77051805,115.99615818,29.77362386,115.98290305,29.77362386,115.98290305,0.4633,1327.06,1,493,split_xfeat,7,1,-1,6366.43,3689.49,3689.49
734,3499.00,29.77051805,115.99615818,29.77362386,115.98290305,29.77051805,115.99615818,0.4633,1327.06,1,493,split_xfeat,7,1,-1,6288.56,3614.31,3614.31
735,3505.00,29.77146238,115.98655930,29.77051805,115.99615818,29.77051805,115.99615818,0.4867,933.76,1,489,split_xfeat,8,1,-1,6231.48,3539.26,3539.26
736,3509.00,29.77146238,115.98655930,29.77051805,115.99615818,29.77051805,115.99615818,0.4867,933.76,1,489,split_xfeat,8,1,-1,6153.87,4001.35,4001.35
737,3514.00,29.77146238,115.98655930,29.77051805,115.99615818,29.77051805,115.99615818,0.4867,933.76,1,489,split_xfeat,8,1,-1,6065.20,3378.87,3378.87
738,3520.00,29.77146238,115.98655930,29.77051805,115.99615818,29.77051805,115.99615818,0.4867,933.76,1,489,split_xfeat,8,1,-1,5987.61,3304.24,3304.24
739,3525.00,29.77146238,115.98655930,29.77051805,115.99615818,29.77051805,115.99615818,0.4867,933.76,1,489,split_xfeat,8,1,-1,5910.03,5910.03,5910.03
740,3530.00,29.77093656,115.99127841,29.77051805,115.99615818,29.77051805,115.99615818,0.4400,473.97,1,491,split_xfeat,6,1,-1,5807.61,4930.79,4930.79
741,3535.00,29.77093656,115.99127841,29.77051805,115.99615818,29.77051805,115.99615818,0.4400,473.97,1,491,split_xfeat,6,1,-1,5729.72,3535.49,3535.49
742,3541.00,29.77146238,115.98655930,29.77051805,115.99615818,29.77051805,115.99615818,0.4867,933.76,1,489,split_xfeat,8,1,-1,5677.36,5062.45,5062.45
743,3546.00,29.74959171,115.99135256,29.77051805,115.99615818,29.77051805,115.99615818,0.4400,2375.38,1,335,split_xfeat,6,1,-1,3175.71,1372.13,1372.13
744,3551.00,29.76898970,115.99356999,29.77051805,115.99615818,29.76898970,115.99356999,0.4633,302.54,1,479,split_xfeat,7,1,-1,5293.81,1294.24,1294.24
745,3557.00,29.72339355,115.99509011,29.76898970,115.99356999,29.76898970,115.99356999,0.4633,5077.89,1,141,split_xfeat,7,1,1,38.65,38.65,38.65
746,3562.00,29.76898970,115.99356999,29.76898970,115.99356999,29.76898970,115.99356999,0.4633,0.00,0,479,split_xfeat,7,1,-1,5126.83,4918.90,4918.90
747,3567.00,29.76898970,115.99356999,29.76898970,115.99356999,29.76898970,115.99356999,0.4633,0.00,0,479,split_xfeat,7,1,-1,5048.91,4589.68,4589.68
748,3573.00,29.76054314,115.99300149,29.76898970,115.99356999,29.76898970,115.99356999,0.5100,941.88,1,414,split_xfeat,9,1,-1,3971.03,3971.03,3971.03
749,3579.00,29.76054314,115.99300149,29.76898970,115.99356999,29.76898970,115.99356999,0.5100,941.88,1,414,split_xfeat,9,1,-1,3893.11,3893.11,3893.11
750,3584.00,29.72396683,115.99545373,29.76898970,115.99356999,29.76898970,115.99356999,0.5100,5015.25,1,155,split_xfeat,9,1,-1,301.74,301.74,301.74
751,3590.00,29.72396683,115.99545373,29.76898970,115.99356999,29.76898970,115.99356999,0.5100,5015.25,1,155,split_xfeat,9,1,-1,354.90,354.90,354.90
752,3595.00,29.76898970,115.99356999,29.76898970,115.99356999,29.76898970,115.99356999,0.4633,0.00,0,479,split_xfeat,7,1,-1,4659.30,4471.50,4471.50
753,3601.00,29.72396683,115.99545373,29.76898970,115.99356999,29.76898970,115.99356999,0.5100,5015.25,1,155,split_xfeat,9,1,-1,491.57,491.57,491.57
754,3607.00,29.72396683,115.99545373,29.76898970,115.99356999,29.76898970,115.99356999,0.5100,5015.25,1,155,split_xfeat,9,1,-1,561.00,294.67,294.67
755,3612.00,29.72396683,115.99545373,29.76898970,115.99356999,29.76898970,115.99356999,0.5100,5015.25,1,155,split_xfeat,9,1,-1,632.40,217.65,217.65
756,3618.00,29.76898970,115.99356999,29.76898970,115.99356999,29.76898970,115.99356999,0.4633,0.00,0,479,split_xfeat,7,1,-1,4336.49,338.50,338.50
757,3624.00,29.72546298,115.99369358,29.76898970,115.99356999,29.76898970,115.99356999,0.6267,4845.41,1,167,split_xfeat,14,1,-1,542.96,261.23,261.23
758,3629.00,29.72546298,115.99369358,29.76898970,115.99356999,29.76898970,115.99356999,0.6267,4845.41,1,167,split_xfeat,14,1,-1,620.72,184.50,184.50
759,3635.00,29.76898970,115.99356999,29.76898970,115.99356999,29.76898970,115.99356999,0.4633,0.00,0,479,split_xfeat,7,1,5,4102.72,109.49,109.49
760,3640.00,29.76898970,115.99356999,29.76898970,115.99356999,29.76898970,115.99356999,0.4633,0.00,0,479,split_xfeat,7,1,5,4024.80,45.59,45.59
761,3646.00,29.76898970,115.99356999,29.76898970,115.99356999,29.76898970,115.99356999,0.4633,0.00,0,479,split_xfeat,7,1,-1,3935.75,3788.70,3788.70
762,3651.00,29.76898970,115.99356999,29.76898970,115.99356999,29.76898970,115.99356999,0.4633,0.00,0,479,split_xfeat,7,1,-1,3857.83,3357.00,3357.00
763,3657.00,29.76898970,115.99356999,29.76898970,115.99356999,29.76898970,115.99356999,0.0000,0.00,0,-1,split_xfeat,0,0,-1,,,
764,3662.00,29.77146238,115.98655930,29.76898970,115.99356999,29.76898970,115.99356999,0.4867,731.42,1,489,split_xfeat,8,1,-1,3942.01,2949.18,2949.18
765,3667.00,29.77146238,115.98655930,29.76898970,115.99356999,29.76898970,115.99356999,0.4867,731.42,1,489,split_xfeat,8,1,-1,3864.89,2883.37,2883.37
766,3672.00,29.77146238,115.98655930,29.76898970,115.99356999,29.76898970,115.99356999,0.4867,731.42,1,489,split_xfeat,8,1,-1,3787.81,2818.18,2818.18
767,3678.00,29.76176029,115.97076020,29.76898970,115.99356999,29.76898970,115.99356999,0.5333,2347.07,1,416,split_xfeat,10,1,-1,3433.80,3032.24,3032.24
768,3684.00,29.76176029,115.97076020,29.76898970,115.99356999,29.76898970,115.99356999,0.5333,2347.07,1,416,split_xfeat,10,1,-1,3373.61,2969.16,2969.16
769,3690.00,29.76176029,115.97076020,29.76898970,115.99356999,29.76898970,115.99356999,0.5333,2347.07,1,416,split_xfeat,10,1,-1,3305.73,2897.95,2897.95
770,3695.00,29.76898970,115.99356999,29.76898970,115.99356999,29.76898970,115.99356999,0.0000,0.00,0,-1,split_xfeat,0,0,-1,,,
771,3701.00,29.76898970,115.99356999,29.76898970,115.99356999,29.76898970,115.99356999,0.0000,0.00,0,-1,split_xfeat,0,0,-1,,,
772,3706.00,29.76165298,115.97402098,29.76898970,115.99356999,29.76898970,115.99356999,0.4167,2058.54,1,418,split_xfeat,5,1,-1,2871.21,2871.21,2871.21
773,3713.00,29.76375460,115.99291498,29.76898970,115.99356999,29.76898970,115.99356999,0.4867,586.20,1,453,split_xfeat,8,1,-1,2589.63,2589.63,2589.63
774,3718.00,29.76176029,115.97076020,29.76898970,115.99356999,29.76898970,115.99356999,0.5333,2347.07,1,416,split_xfeat,10,1,-1,3021.71,2599.40,2599.40
775,3724.00,29.76176029,115.97076020,29.76898970,115.99356999,29.76176029,115.97076020,0.5333,2347.07,1,416,split_xfeat,10,1,-1,2967.79,2542.65,2542.65
776,3730.00,29.76176029,115.97076020,29.76176029,115.97076020,29.76176029,115.97076020,0.5333,0.00,0,416,split_xfeat,10,1,-1,2914.95,2487.04,2487.04
777,3736.00,29.76176029,115.97076020,29.76176029,115.97076020,29.76176029,115.97076020,0.5333,0.00,0,416,split_xfeat,10,1,-1,2855.96,2573.96,2573.96
778,3743.00,29.76176029,115.97076020,29.76176029,115.97076020,29.76176029,115.97076020,0.5333,0.00,0,416,split_xfeat,10,1,-1,2805.66,2524.21,2524.21
779,3748.00,29.76176029,115.97076020,29.76176029,115.97076020,29.76176029,115.97076020,0.0000,0.00,0,-1,split_xfeat,0,0,-1,,,
780,3754.00,29.76176029,115.97076020,29.76176029,115.97076020,29.76176029,115.97076020,0.0000,0.00,0,-1,split_xfeat,0,0,-1,,,
781,3759.00,29.76176029,115.97076020,29.76176029,115.97076020,29.76176029,115.97076020,0.0000,0.00,0,-1,split_xfeat,0,0,-1,,,
782,3764.00,29.76176029,115.97076020,29.76176029,115.97076020,29.76176029,115.97076020,0.0000,0.00,0,-1,split_xfeat,0,0,-1,,,
783,3770.00,29.76176029,115.97076020,29.76176029,115.97076020,29.76176029,115.97076020,0.0000,0.00,0,-1,split_xfeat,0,0,-1,,,
784,3775.00,29.76176029,115.97076020,29.76176029,115.97076020,29.76176029,115.97076020,0.0000,0.00,0,-1,split_xfeat,0,0,-1,,,
785,3782.00,29.76054314,115.99300149,29.76176029,115.97076020,29.76176029,115.97076020,0.5100,2154.09,1,414,split_xfeat,9,1,-1,1032.71,1032.71,1032.71
786,3788.00,29.76352472,115.99324866,29.76176029,115.97076020,29.76176029,115.97076020,0.5100,2182.58,1,440,split_xfeat,9,1,-1,1354.61,954.84,954.84
787,3794.00,29.76352472,115.99324866,29.76176029,115.97076020,29.76176029,115.97076020,0.5100,2182.58,1,440,split_xfeat,9,1,-1,1276.72,268.63,268.63
788,3799.00,29.76352472,115.99324866,29.76176029,115.97076020,29.76176029,115.97076020,0.5100,2182.58,1,440,split_xfeat,9,1,-1,1198.83,312.31,312.31
789,3805.00,29.76054314,115.99300149,29.76176029,115.97076020,29.76176029,115.97076020,0.5100,2154.09,1,414,split_xfeat,9,1,-1,721.32,721.32,721.32
790,3811.00,29.76054314,115.99300149,29.76176029,115.97076020,29.76176029,115.97076020,0.5100,2154.09,1,414,split_xfeat,9,1,-1,643.52,643.52,643.52
791,3818.00,29.72546298,115.99369358,29.76176029,115.97076020,29.76176029,115.97076020,0.6267,4608.74,1,167,split_xfeat,14,1,-1,3235.78,565.75,565.75
792,3824.00,29.76054314,115.99300149,29.76176029,115.97076020,29.76176029,115.97076020,0.5100,2154.09,1,414,split_xfeat,9,1,-1,476.94,476.94,476.94
793,3830.00,29.76054314,115.99300149,29.76176029,115.97076020,29.76176029,115.97076020,0.5100,2154.09,1,414,split_xfeat,9,1,-1,399.32,399.32,399.32
794,3836.00,29.76352472,115.99324866,29.76176029,115.97076020,29.76352472,115.99324866,0.5100,2182.58,1,440,split_xfeat,9,1,-1,720.57,321.84,321.84
795,3842.00,29.76352472,115.99324866,29.76352472,115.99324866,29.76352472,115.99324866,0.5100,0.00,0,440,split_xfeat,9,1,-1,642.77,642.77,642.77
796,3848.00,29.76352472,115.99324866,29.76352472,115.99324866,29.76352472,115.99324866,0.5100,0.00,0,440,split_xfeat,9,1,-1,565.00,565.00,565.00
797,3853.00,29.76898970,115.99356999,29.76352472,115.99324866,29.76352472,115.99324866,0.4633,609.15,1,479,split_xfeat,7,1,-1,1086.45,1086.45,1086.45
798,3859.00,29.76898970,115.99356999,29.76352472,115.99324866,29.76352472,115.99324866,0.4633,609.15,1,479,split_xfeat,7,1,-1,1008.58,1008.58,1008.58
799,3864.00,29.76898970,115.99356999,29.76352472,115.99324866,29.76352472,115.99324866,0.4633,609.15,1,479,split_xfeat,7,1,-1,930.72,930.72,930.72
800,3870.00,29.76898970,115.99356999,29.76352472,115.99324866,29.76352472,115.99324866,0.4633,609.15,1,479,split_xfeat,7,1,-1,841.74,841.74,841.74
801,3877.00,29.76898970,115.99356999,29.76352472,115.99324866,29.76352472,115.99324866,0.4633,609.15,1,479,split_xfeat,7,1,-1,763.91,763.91,763.91
802,3883.00,29.76898970,115.99356999,29.76352472,115.99324866,29.76352472,115.99324866,0.4633,609.15,1,479,split_xfeat,7,1,-1,686.09,686.09,686.09
803,3889.00,29.76898970,115.99356999,29.76352472,115.99324866,29.76352472,115.99324866,0.4633,609.15,1,479,split_xfeat,7,1,-1,608.31,608.31,608.31
804,3895.00,29.76898970,115.99356999,29.76352472,115.99324866,29.76352472,115.99324866,0.4633,609.15,1,479,split_xfeat,7,1,-1,530.56,530.56,530.56
805,3902.00,29.77219663,115.98743677,29.76352472,115.99324866,29.76352472,115.99324866,0.4867,1116.92,1,502,split_xfeat,8,1,-1,1019.83,1019.83,1019.83
806,3907.00,29.77219663,115.98743677,29.76352472,115.99324866,29.77219663,115.98743677,0.4867,1116.92,1,502,split_xfeat,8,1,-1,955.75,955.75,955.75
807,3913.00,29.77219663,115.98743677,29.77219663,115.98743677,29.77219663,115.98743677,0.4867,0.00,0,502,split_xfeat,8,1,-1,893.87,893.87,893.87
808,3918.00,29.77219663,115.98743677,29.77219663,115.98743677,29.77219663,115.98743677,0.0000,0.00,0,-1,split_xfeat,0,0,-1,,,
809,3924.00,29.73247778,115.99582449,29.77219663,115.98743677,29.77219663,115.98743677,0.4400,4495.22,1,220,split_xfeat,6,1,-1,3878.91,3878.91,3878.91
810,3931.00,29.74959171,115.99135256,29.77219663,115.98743677,29.77219663,115.98743677,0.4400,2544.69,1,335,split_xfeat,6,1,-1,2155.57,2155.57,2155.57
811,3937.00,29.74959171,115.99135256,29.77219663,115.98743677,29.77219663,115.98743677,0.4400,2544.69,1,335,split_xfeat,6,1,-1,2233.28,2233.28,2233.28
812,3943.00,29.75611287,115.98127884,29.77219663,115.98743677,29.77219663,115.98743677,0.4867,1886.79,1,382,split_xfeat,8,1,-1,1901.44,1786.28,1786.28
813,3949.00,29.74959171,115.99135256,29.77219663,115.98743677,29.77219663,115.98743677,0.4400,2544.69,1,335,split_xfeat,6,1,-1,2388.75,2388.75,2388.75
814,3954.00,29.74959171,115.99135256,29.77219663,115.98743677,29.77219663,115.98743677,0.4400,2544.69,1,335,split_xfeat,6,1,-1,2466.50,2466.50,2466.50
815,3959.00,29.73247778,115.99582449,29.77219663,115.98743677,29.77219663,115.98743677,0.4400,4495.22,1,220,split_xfeat,6,1,-1,4345.67,4345.67,4345.67
816,3963.00,29.77219663,115.98743677,29.77219663,115.98743677,29.77219663,115.98743677,0.0000,0.00,0,-1,split_xfeat,0,0,-1,,,
