Frame,Time_Sec,Raw_Lat,Raw_Lng,Predicted_Lat,Predicted_Lng,Filtered_Lat,Filtered_Lng,Match_Confidence,Innovation_M,Outlier_Rejected,Best_Match_Idx,Algorithm,Inliers,Measurement_Valid,Correct_Candidate_Rank,Top1_Min_Dist_M,Top5_Min_Dist_M,Top10_Min_Dist_M
1,4.00,32.15213577,119.92769562,32.15560000,119.92900000,32.15560000,119.92900000,0.5567,404.74,1,10,split_xfeat,11,1,-1,443.72,443.72,443.72
2,8.00,32.15213577,119.92769562,32.15560000,119.92900000,32.15560000,119.92900000,0.5567,404.74,1,10,split_xfeat,11,1,-1,548.35,548.35,548.35
3,13.00,32.15213577,119.92769562,32.15560000,119.92900000,32.15560000,119.92900000,0.5567,404.74,1,10,split_xfeat,11,1,-1,637.54,439.50,439.50
4,17.00,32.15213577,119.92769562,32.15560000,119.92900000,32.15560000,119.92900000,0.5567,404.74,1,10,split_xfeat,11,1,-1,748.21,748.21,748.21
5,22.00,32.15213577,119.92769562,32.15560000,119.92900000,32.15560000,119.92900000,0.5567,404.74,1,10,split_xfeat,11,1,-1,859.06,859.06,859.06
6,26.00,32.15213577,119.92769562,32.15560000,119.92900000,32.15560000,119.92900000,0.5567,404.74,1,10,split_xfeat,11,1,-1,970.01,970.01,970.01
7,31.00,32.15213577,119.92769562,32.15560000,119.92900000,32.15560000,119.92900000,0.5567,404.74,1,10,split_xfeat,11,1,-1,1078.69,1078.69,1078.69
8,36.00,32.15213577,119.92769562,32.15560000,119.92900000,32.15560000,119.92900000,0.5567,404.74,1,10,split_xfeat,11,1,-1,1178.86,1178.86,1178.86
9,41.00,32.15213577,119.92769562,32.15560000,119.92900000,32.15560000,119.92900000,0.5567,404.74,1,10,split_xfeat,11,1,-1,1290.16,1090.19,1090.19
10,46.00,32.15213577,119.92769562,32.15560000,119.92900000,32.15213577,119.92769562,0.5567,404.74,1,10,split_xfeat,11,1,-1,1401.47,1201.50,1201.50
11,51.00,32.15213577,119.92769562,32.15213577,119.92769562,32.15213577,119.92769562,0.5567,0.00,0,10,split_xfeat,11,1,-1,1512.78,1312.80,1312.80
12,56.00,32.15213577,119.92769562,32.15213577,119.92769562,32.15213577,119.92769562,0.5567,0.00,0,10,split_xfeat,11,1,-1,1627.99,1428.55,1428.55
13,60.00,32.15213577,119.92769562,32.15213577,119.92769562,32.15213577,119.92769562,0.5567,0.00,0,10,split_xfeat,11,1,-1,1739.05,1539.54,1539.54
14,65.00,32.15213577,119.92769562,32.15213577,119.92769562,32.15213577,119.92769562,0.5567,0.00,0,10,split_xfeat,11,1,-1,1850.14,1650.57,1650.57
15,70.00,32.15213577,119.92769562,32.15213577,119.92769562,32.15213577,119.92769562,0.5567,0.00,0,10,split_xfeat,11,1,-1,1950.15,1750.53,1750.53
16,74.00,32.15213577,119.92769562,32.15213577,119.92769562,32.15213577,119.92769562,0.5567,0.00,0,10,split_xfeat,11,1,-1,2061.29,2061.29,2061.29
17,79.00,32.22446203,119.94175947,32.15213577,119.92769562,32.15213577,119.92769562,0.5100,8159.62,1,937,split_xfeat,9,1,-1,6048.38,2025.25,2025.25
18,84.00,32.15213577,119.92769562,32.15213577,119.92769562,32.15213577,119.92769562,0.5567,0.00,0,10,split_xfeat,11,1,-1,2290.27,2091.18,2091.18
19,89.00,32.15213577,119.92769562,32.15213577,119.92769562,32.15213577,119.92769562,0.5567,0.00,0,10,split_xfeat,11,1,-1,2401.15,2392.09,2392.09
20,94.00,32.15213577,119.92769562,32.15213577,119.92769562,32.15213577,119.92769562,0.5567,0.00,0,10,split_xfeat,11,1,-1,2512.07,2512.07,2512.07
21,99.00,32.22969095,119.93994055,32.15213577,119.92769562,32.15213577,119.92769562,0.5333,8710.15,1,1005,split_xfeat,10,1,-1,6159.62,2632.85,2632.85
22,104.00,32.22924032,119.93196746,32.15213577,119.92769562,32.15213577,119.92769562,0.5567,8592.71,1,1001,split_xfeat,11,1,-1,5926.90,2731.13,2731.13
23,108.00,32.15617965,119.93782999,32.15213577,119.92769562,32.15213577,119.92769562,0.5800,1055.43,1,61,split_xfeat,12,1,-1,2753.84,2685.94,2685.94
24,113.00,32.15617965,119.93782999,32.15213577,119.92769562,32.15213577,119.92769562,0.5800,1055.43,1,61,split_xfeat,12,1,-1,2852.41,2778.90,2778.90
25,117.00,32.15213577,119.92769562,32.15213577,119.92769562,32.15213577,119.92769562,0.5567,0.00,0,10,split_xfeat,11,1,-1,3063.86,2873.17,2873.17
26,122.00,32.17127631,119.90576581,32.15213577,119.92769562,32.15213577,119.92769562,0.5567,2967.67,1,253,split_xfeat,11,1,-1,1868.64,1403.65,1403.65
27,127.00,32.17127631,119.90576581,32.15213577,119.92769562,32.15213577,119.92769562,0.5567,2967.67,1,253,split_xfeat,11,1,-1,1928.21,1407.28,1407.28
28,131.00,32.17141098,119.91528585,32.15213577,119.92769562,32.15213577,119.92769562,0.4867,2443.47,1,234,split_xfeat,8,1,-1,1589.49,1498.41,1498.41
29,136.00,32.15310142,119.95040459,32.15213577,119.92769562,32.15213577,119.92769562,0.5333,2141.79,1,21,split_xfeat,10,1,-1,4344.58,1600.95,1600.95
30,141.00,32.15213577,119.92769562,32.15213577,119.92769562,32.15213577,119.92769562,0.5567,0.00,0,10,split_xfeat,11,1,-1,3616.18,3417.46,3417.46
31,145.00,32.15213577,119.92769562,32.15213577,119.92769562,32.15213577,119.92769562,0.5567,0.00,0,10,split_xfeat,11,1,-1,3738.05,3539.88,3539.88
32,150.00,32.15213577,119.92769562,32.15213577,119.92769562,32.15213577,119.92769562,0.5567,0.00,0,10,split_xfeat,11,1,-1,3848.44,3650.16,3650.16
33,155.00,32.15213577,119.92769562,32.15213577,119.92769562,32.15213577,119.92769562,0.5567,0.00,0,10,split_xfeat,11,1,-1,3958.87,3760.50,3760.50
34,159.00,32.15310142,119.95040459,32.15213577,119.92769562,32.15213577,119.92769562,0.5333,2141.79,1,21,split_xfeat,10,1,-1,4844.66,3958.82,3958.82
35,164.00,32.21274402,119.93054730,32.15213577,119.92769562,32.15213577,119.92769562,0.5800,6752.26,1,771,split_xfeat,12,1,-1,2616.62,2616.62,2616.62
36,168.00,32.21274402,119.93054730,32.15213577,119.92769562,32.15213577,119.92769562,0.5800,6752.26,1,771,split_xfeat,12,1,-1,2547.17,2160.06,2160.06
37,173.00,32.15310142,119.95040459,32.15213577,119.92769562,32.15213577,119.92769562,0.5333,2141.79,1,21,split_xfeat,10,1,-1,5175.79,4287.27,4287.27
38,178.00,32.15213577,119.92769562,32.15213577,119.92769562,32.15213577,119.92769562,0.5567,0.00,0,10,split_xfeat,11,1,-1,4511.89,4046.71,4046.71
39,182.00,32.15942955,119.91072237,32.15213577,119.92769562,32.15213577,119.92769562,0.5100,1793.16,1,94,split_xfeat,9,1,-1,3918.73,3918.73,3918.73
40,186.00,32.15840545,119.91107741,32.15213577,119.92769562,32.15213577,119.92769562,0.5100,1713.91,1,71,split_xfeat,9,1,-1,4220.20,2365.94,2365.94
41,191.00,32.15840545,119.91107741,32.15213577,119.92769562,32.15213577,119.92769562,0.5100,1713.91,1,71,split_xfeat,9,1,-1,4296.35,4296.35,4296.35
42,196.00,32.22935834,119.95160919,32.15213577,119.92769562,32.15213577,119.92769562,0.5100,8886.64,1,1010,split_xfeat,9,1,-1,4682.21,4682.21,4682.21
43,200.00,32.15310142,119.95040459,32.15213577,119.92769562,32.15213577,119.92769562,0.5333,2141.79,1,21,split_xfeat,10,1,-1,5786.55,4553.51,4553.51
44,205.00,32.15310142,119.95040459,32.15213577,119.92769562,32.15213577,119.92769562,0.5333,2141.79,1,21,split_xfeat,10,1,-1,5883.37,3741.00,3741.00
45,209.00,32.22935834,119.95160919,32.15213577,119.92769562,32.15213577,119.92769562,0.5100,8886.64,1,1010,split_xfeat,9,1,-1,4485.53,3860.00,3860.00
46,214.00,32.22935834,119.95160919,32.15213577,119.92769562,32.15213577,119.92769562,0.5100,8886.64,1,1010,split_xfeat,9,1,-1,4402.81,4402.81,4402.81
47,218.00,32.15310142,119.95040459,32.15213577,119.92769562,32.15213577,119.92769562,0.5333,2141.79,1,21,split_xfeat,10,1,-1,6221.23,3757.15,3757.15
48,223.00,32.15213577,119.92769562,32.15213577,119.92769562,32.15213577,119.92769562,0.5567,0.00,0,10,split_xfeat,11,1,-1,5618.22,4249.23,4249.23
49,228.00,32.22935834,119.95160919,32.15213577,119.92769562,32.15213577,119.92769562,0.5100,8886.64,1,1010,split_xfeat,9,1,-1,4170.44,4170.44,4170.44
50,232.00,32.22935834,119.95160919,32.15213577,119.92769562,32.15213577,119.92769562,0.5100,8886.64,1,1010,split_xfeat,9,1,-1,4162.10,4162.10,4162.10
51,237.00,32.25373373,119.94025755,32.15213577,119.92769562,32.15213577,119.92769562,0.5567,11371.62,1,1304,split_xfeat,11,1,-1,5690.38,4087.70,4087.70
52,241.00,32.24087840,119.95219816,32.15213577,119.92769562,32.15213577,119.92769562,0.6267,10144.87,1,1149,split_xfeat,14,1,-1,5004.34,4015.00,4015.00
53,245.00,32.22969095,119.93994055,32.15213577,119.92769562,32.15213577,119.92769562,0.5333,8710.15,1,1005,split_xfeat,10,1,-1,3228.03,3228.03,3228.03
54,250.00,32.22969095,119.93994055,32.15213577,119.92769562,32.15213577,119.92769562,0.5333,8710.15,1,1005,split_xfeat,10,1,-1,3151.75,3151.75,3151.75
55,255.00,32.22969095,119.93994055,32.15213577,119.92769562,32.15213577,119.92769562,0.5333,8710.15,1,1005,split_xfeat,10,1,-1,3132.86,2891.20,2891.20
56,259.00,32.15213577,119.92769562,32.15213577,119.92769562,32.15213577,119.92769562,0.5567,0.00,0,10,split_xfeat,11,1,-1,6515.55,2663.72,2663.72
57,264.00,32.22392556,119.94356571,32.15213577,119.92769562,32.15213577,119.92769562,0.5567,8130.25,1,938,split_xfeat,11,1,-1,2941.27,2768.80,2768.80
58,268.00,32.22392556,119.94356571,32.15213577,119.92769562,32.15213577,119.92769562,0.5567,8130.25,1,938,split_xfeat,11,1,-1,2888.22,2712.38,2712.38
59,273.00,32.15213577,119.92769562,32.15213577,119.92769562,32.15213577,119.92769562,0.5567,0.00,0,10,split_xfeat,11,1,-1,6846.02,2659.43,2659.43
60,277.00,32.22969095,119.93994055,32.15213577,119.92769562,32.15213577,119.92769562,0.5333,8710.15,1,1005,split_xfeat,10,1,-1,2831.43,2831.43,2831.43
61,281.00,32.22935834,119.95160919,32.15213577,119.92769562,32.15213577,119.92769562,0.5100,8886.64,1,1010,split_xfeat,9,1,-1,3632.74,3632.74,3632.74
62,286.00,32.15213577,119.92769562,32.15213577,119.92769562,32.15213577,119.92769562,0.5567,0.00,0,10,split_xfeat,11,1,-1,7179.04,3584.79,3584.79
63,290.00,32.15213577,119.92769562,32.15213577,119.92769562,32.15213577,119.92769562,0.5567,0.00,0,10,split_xfeat,11,1,-1,7289.17,2579.52,2579.52
64,295.00,32.22392556,119.94356571,32.15213577,119.92769562,32.15213577,119.92769562,0.5567,8130.25,1,938,split_xfeat,11,1,-1,2832.45,2638.67,2638.67
65,299.00,32.22392556,119.94356571,32.15213577,119.92769562,32.15213577,119.92769562,0.5567,8130.25,1,938,split_xfeat,11,1,-1,2807.94,2612.34,2612.34
66,304.00,32.15213577,119.92769562,32.15213577,119.92769562,32.15213577,119.92769562,0.5567,0.00,0,10,split_xfeat,11,1,-1,7633.39,2575.91,2575.91
67,308.00,32.15213577,119.92769562,32.15213577,119.92769562,32.15213577,119.92769562,0.5567,0.00,0,10,split_xfeat,11,1,-1,7743.45,2532.40,2532.40
68,313.00,32.15617965,119.93782999,32.15213577,119.92769562,32.15213577,119.92769562,0.5800,1055.43,1,61,split_xfeat,12,1,-1,7665.53,3454.74,3454.74
69,318.00,32.15996602,119.93999127,32.15213577,119.92769562,32.15213577,119.92769562,0.6033,1449.56,1,108,split_xfeat,13,1,-1,7479.81,3521.39,3521.39
70,322.00,32.15617965,119.93782999,32.15213577,119.92769562,32.15213577,119.92769562,0.5800,1055.43,1,61,split_xfeat,12,1,-1,7905.70,3499.97,3499.97
71,327.00,32.15213577,119.92769562,32.15213577,119.92769562,32.15213577,119.92769562,0.5567,0.00,0,10,split_xfeat,11,1,-1,8186.83,2464.05,2464.05
72,332.00,32.22969095,119.93994055,32.15213577,119.92769562,32.15213577,119.92769562,0.5333,8710.15,1,1005,split_xfeat,10,1,-1,2476.71,2452.61,2452.61
73,336.00,32.22969095,119.93994055,32.15213577,119.92769562,32.15213577,119.92769562,0.5333,8710.15,1,1005,split_xfeat,10,1,-1,2461.32,2446.18,2446.18
74,341.00,32.15213577,119.92769562,32.15213577,119.92769562,32.15213577,119.92769562,0.5567,0.00,0,10,split_xfeat,11,1,-1,8520.34,2538.92,2538.92
75,345.00,32.22969095,119.93994055,32.15213577,119.92769562,32.15213577,119.92769562,0.5333,8710.15,1,1005,split_xfeat,10,1,-1,2539.96,1760.36,1760.36
76,350.00,32.22969095,119.93994055,32.15213577,119.92769562,32.15213577,119.92769562,0.5333,8710.15,1,1005,split_xfeat,10,1,-1,2539.15,1746.49,1746.49
77,355.00,32.23187383,119.92989494,32.15213577,119.92769562,32.15213577,119.92769562,0.5567,8878.86,1,1023,split_xfeat,11,1,-1,1539.74,1539.74,1539.74
78,359.00,32.15213577,119.92769562,32.15213577,119.92769562,32.15213577,119.92769562,0.5567,0.00,0,10,split_xfeat,11,1,-1,8960.36,2552.13,2552.13
79,364.00,32.15213577,119.92769562,32.15213577,119.92769562,32.15213577,119.92769562,0.5567,0.00,0,10,split_xfeat,11,1,-1,9084.83,2659.09,2659.09
80,368.00,32.17141098,119.91528585,32.15213577,119.92769562,32.15213577,119.92769562,0.4867,2443.47,1,234,split_xfeat,8,1,-1,7086.24,2648.17,2648.17
81,372.00,32.17141098,119.91528585,32.15213577,119.92769562,32.15213577,119.92769562,0.4867,2443.47,1,234,split_xfeat,8,1,-1,7186.38,2660.72,2660.72
82,377.00,32.22969095,119.93994055,32.15213577,119.92769562,32.15213577,119.92769562,0.5333,8710.15,1,1005,split_xfeat,10,1,-1,2722.97,1898.45,1898.45
83,381.00,32.22924032,119.93196746,32.15213577,119.92769562,32.15213577,119.92769562,0.5567,8592.71,1,1001,split_xfeat,11,1,-1,2002.14,1930.40,1930.40
84,386.00,32.15213577,119.92769562,32.15213577,119.92769562,32.15213577,119.92769562,0.5567,0.00,0,10,split_xfeat,11,1,-1,9638.33,3838.31,3838.31
85,390.00,32.15213577,119.92769562,32.15213577,119.92769562,32.15213577,119.92769562,0.5567,0.00,0,10,split_xfeat,11,1,-1,9748.26,3866.40,3866.40
86,395.00,32.15213577,119.92769562,32.15213577,119.92769562,32.15213577,119.92769562,0.5567,0.00,0,10,split_xfeat,11,1,-1,9858.22,3897.47,3897.47
87,399.00,32.15213577,119.92769562,32.15213577,119.92769562,32.15213577,119.92769562,0.5567,0.00,0,10,split_xfeat,11,1,-1,9957.21,2995.67,2995.67
88,403.00,32.22969095,119.93994055,32.15213577,119.92769562,32.15213577,119.92769562,0.5333,8710.15,1,1005,split_xfeat,10,1,-1,3128.11,3128.11,3128.11
89,448.00,32.15213577,119.92769562,32.15213577,119.92769562,32.15213577,119.92769562,0.5567,0.00,0,10,split_xfeat,11,1,-1,10095.54,9742.97,9742.97
90,454.00,32.20751991,119.91140709,32.15213577,119.92769562,32.15213577,119.92769562,0.5333,6353.41,1,715,split_xfeat,10,1,-1,3723.17,2587.76,2587.76
91,461.00,32.15213577,119.92769562,32.15213577,119.92769562,32.15213577,119.92769562,0.5567,0.00,0,10,split_xfeat,11,1,-1,9873.62,1754.09,1754.09
92,468.00,32.22969095,119.93994055,32.15213577,119.92769562,32.15213577,119.92769562,0.5333,8710.15,1,1005,split_xfeat,10,1,-1,2674.04,1866.98,1866.98
93,476.00,32.15213577,119.92769562,32.15213577,119.92769562,32.15213577,119.92769562,0.5567,0.00,0,10,split_xfeat,11,1,-1,9652.80,1816.94,1816.94
94,482.00,32.15213577,119.92769562,32.15213577,119.92769562,32.15213577,119.92769562,0.5567,0.00,0,10,split_xfeat,11,1,-1,9542.42,1772.50,1772.50
95,489.00,32.23187383,119.92989494,32.15213577,119.92769562,32.15213577,119.92769562,0.5567,8878.86,1,1023,split_xfeat,11,1,-1,1458.03,1458.03,1458.03
96,496.00,32.22924032,119.93196746,32.15213577,119.92769562,32.15213577,119.92769562,0.5567,8592.71,1,1001,split_xfeat,11,1,-1,1676.71,1419.82,1419.82
97,502.00,32.15213577,119.92769562,32.15213577,119.92769562,32.15213577,119.92769562,0.5567,0.00,0,10,split_xfeat,11,1,-1,9210.21,1586.91,1586.91
98,509.00,32.15213577,119.92769562,32.15213577,119.92769562,32.15213577,119.92769562,0.5567,0.00,0,10,split_xfeat,11,1,-1,9099.77,1566.98,1566.98
99,516.00,32.15213577,119.92769562,32.15213577,119.92769562,32.15213577,119.92769562,0.5567,0.00,0,10,split_xfeat,11,1,-1,8989.35,1355.41,1355.41
100,522.00,32.15213577,119.92769562,32.15213577,119.92769562,32.15213577,119.92769562,0.5567,0.00,0,10,split_xfeat,11,1,-1,8867.25,1456.29,1456.29
101,528.00,32.15213577,119.92769562,32.15213577,119.92769562,32.15213577,119.92769562,0.5567,0.00,0,10,split_xfeat,11,1,-1,8756.73,2258.20,2258.20
102,534.00,32.15213577,119.92769562,32.15213577,119.92769562,32.15213577,119.92769562,0.5567,0.00,0,10,split_xfeat,11,1,-1,8646.23,2256.36,2256.36
103,540.00,32.15213577,119.92769562,32.15213577,119.92769562,32.15213577,119.92769562,0.5567,0.00,0,10,split_xfeat,11,1,-1,8546.80,2259.41,2259.41
104,546.00,32.15213577,119.92769562,32.15213577,119.92769562,32.15213577,119.92769562,0.5567,0.00,0,10,split_xfeat,11,1,-1,8425.07,2174.30,2174.30
105,553.00,32.15213577,119.92769562,32.15213577,119.92769562,32.15213577,119.92769562,0.5567,0.00,0,10,split_xfeat,11,1,-1,8314.49,2188.88,2188.88
106,560.00,32.15617965,119.93782999,32.15213577,119.92769562,32.15213577,119.92769562,0.5800,1055.43,1,61,split_xfeat,12,1,-1,7991.92,3194.33,3194.33
107,567.00,32.15213577,119.92769562,32.15213577,119.92769562,32.15213577,119.92769562,0.5567,0.00,0,10,split_xfeat,11,1,-1,8093.39,3212.00,3212.00
108,574.00,32.15213577,119.92769562,32.15213577,119.92769562,32.15213577,119.92769562,0.5567,0.00,0,10,split_xfeat,11,1,-1,7982.87,3233.40,3233.40
109,580.00,32.15617965,119.93782999,32.15213577,119.92769562,32.15213577,119.92769562,0.5800,1055.43,1,61,split_xfeat,12,1,-1,7645.06,3167.14,3167.14
110,587.00,32.15996602,119.93999127,32.15213577,119.92769562,32.15213577,119.92769562,0.6033,1449.56,1,108,split_xfeat,13,1,-1,7215.83,2574.96,2574.96
111,594.00,32.15136325,119.92486230,32.15213577,119.92769562,32.15213577,119.92769562,0.5100,280.40,1,9,split_xfeat,9,1,-1,7631.14,2682.62,2682.62
112,599.00,32.15213577,119.92769562,32.15213577,119.92769562,32.15213577,119.92769562,0.5567,0.00,0,10,split_xfeat,11,1,-1,7540.64,3262.35,3262.35
113,605.00,32.15213577,119.92769562,32.15213577,119.92769562,32.15213577,119.92769562,0.5567,0.00,0,10,split_xfeat,11,1,-1,7430.07,3301.87,3301.87
114,611.00,32.15996602,119.93999127,32.15213577,119.92769562,32.15213577,119.92769562,0.6033,1449.56,1,108,split_xfeat,13,1,-1,6762.33,2987.71,2987.71
115,617.00,32.22935834,119.95160919,32.15213577,119.92769562,32.15213577,119.92769562,0.5100,8886.64,1,1010,split_xfeat,9,1,-1,3305.51,3305.51,3305.51
116,623.00,32.22935834,119.95160919,32.15213577,119.92769562,32.15213577,119.92769562,0.5100,8886.64,1,1010,split_xfeat,9,1,-1,3350.47,3350.47,3350.47
117,629.00,32.15213577,119.92769562,32.15213577,119.92769562,32.15213577,119.92769562,0.5567,0.00,0,10,split_xfeat,11,1,-1,6988.03,3403.19,3403.19
118,634.00,32.15617965,119.93782999,32.15213577,119.92769562,32.15213577,119.92769562,0.5800,1055.43,1,61,split_xfeat,12,1,-1,6673.76,3458.69,3458.69
119,640.00,32.22935834,119.95160919,32.15213577,119.92769562,32.15213577,119.92769562,0.5100,8886.64,1,1010,split_xfeat,9,1,-1,3437.56,3437.56,3437.56
120,646.00,32.24514168,119.92432974,32.15213577,119.92769562,32.15213577,119.92769562,0.5333,10358.27,1,1205,split_xfeat,10,1,-1,3819.12,3499.61,3499.61
121,652.00,32.15213577,119.92769562,32.15213577,119.92769562,32.15213577,119.92769562,0.5567,0.00,0,10,split_xfeat,11,1,-1,6535.21,3564.05,3564.05
122,658.00,32.15213577,119.92769562,32.15213577,119.92769562,32.15213577,119.92769562,0.5567,0.00,0,10,split_xfeat,11,1,-1,6424.50,3630.76,3630.76
123,664.00,32.25313288,119.94178483,32.15213577,119.92769562,32.15213577,119.92769562,0.6033,11321.06,1,1305,split_xfeat,13,1,-1,5333.80,3692.65,3692.65
124,670.00,32.15213577,119.92769562,32.15213577,119.92769562,32.15213577,119.92769562,0.5567,0.00,0,10,split_xfeat,11,1,-1,6204.62,3691.76,3691.76
125,676.00,32.22935834,119.95160919,32.15213577,119.92769562,32.15213577,119.92769562,0.5100,8886.64,1,1010,split_xfeat,9,1,-1,3765.76,3765.76,3765.76
126,681.00,32.22935834,119.95160919,32.15213577,119.92769562,32.15213577,119.92769562,0.5100,8886.64,1,1010,split_xfeat,9,1,-1,3841.56,3841.56,3841.56
127,688.00,32.22935834,119.95160919,32.15213577,119.92769562,32.15213577,119.92769562,0.5100,8886.64,1,1010,split_xfeat,9,1,-1,3919.06,3919.06,3919.06
128,693.00,32.22935834,119.95160919,32.15213577,119.92769562,32.15213577,119.92769562,0.5100,8886.64,1,1010,split_xfeat,9,1,-1,3933.11,3166.29,3166.29
129,700.00,32.15213577,119.92769562,32.15213577,119.92769562,32.15213577,119.92769562,0.5567,0.00,0,10,split_xfeat,11,1,-1,5652.86,3030.87,3030.87
130,706.00,32.15136325,119.92486230,32.15213577,119.92769562,32.15213577,119.92769562,0.5100,280.40,1,9,split_xfeat,9,1,-1,5527.84,4089.92,4089.92
131,713.00,32.25313288,119.94178483,32.15213577,119.92769562,32.15213577,119.92769562,0.6033,11321.06,1,1305,split_xfeat,13,1,-1,6092.11,4699.70,4699.70
132,719.00,32.25313288,119.94178483,32.15213577,119.92769562,32.15213577,119.92769562,0.6033,11321.06,1,1305,split_xfeat,13,1,-1,6198.02,4423.06,4423.06
133,726.00,32.24087840,119.95219816,32.15213577,119.92769562,32.15213577,119.92769562,0.6267,10144.87,1,1149,split_xfeat,14,1,-1,5395.35,4458.42,4458.42
134,733.00,32.25313288,119.94178483,32.15213577,119.92769562,32.15213577,119.92769562,0.6033,11321.06,1,1305,split_xfeat,13,1,-1,6383.25,4359.18,4359.18
135,739.00,32.15213577,119.92769562,32.15213577,119.92769562,32.15213577,119.92769562,0.5567,0.00,0,10,split_xfeat,11,1,-1,4979.41,3971.62,3971.62
136,746.00,32.15213577,119.92769562,32.15213577,119.92769562,32.15213577,119.92769562,0.5567,0.00,0,10,split_xfeat,11,1,-1,4879.55,4063.56,4063.56
137,753.00,32.15310142,119.95040459,32.15213577,119.92769562,32.15213577,119.92769562,0.5333,2141.79,1,21,split_xfeat,10,1,-1,5415.35,4756.14,4756.14
138,759.00,32.22969095,119.93994055,32.15213577,119.92769562,32.15213577,119.92769562,0.5333,8710.15,1,1005,split_xfeat,10,1,-1,4234.85,4234.85,4234.85
139,765.00,32.22969095,119.93994055,32.15213577,119.92769562,32.15213577,119.92769562,0.5333,8710.15,1,1005,split_xfeat,10,1,-1,4339.10,4281.36,4281.36
140,772.00,32.22969095,119.93994055,32.15213577,119.92769562,32.15213577,119.92769562,0.5333,8710.15,1,1005,split_xfeat,10,1,-1,4443.70,4443.70,4443.70
141,779.00,32.17860820,119.90519521,32.15213577,119.92769562,32.15213577,119.92769562,0.4633,3629.92,1,322,split_xfeat,7,1,-1,2269.61,2269.61,2269.61
142,786.00,32.17860820,119.90519521,32.15213577,119.92769562,32.15213577,119.92769562,0.4633,3629.92,1,322,split_xfeat,7,1,-1,2197.28,2197.28,2197.28
143,793.00,32.15840545,119.91107741,32.15213577,119.92769562,32.15213577,119.92769562,0.5100,1713.91,1,71,split_xfeat,9,1,-1,3762.06,2210.68,2210.68
144,800.00,32.23186310,119.93995323,32.15213577,119.92769562,32.15213577,119.92769562,0.4867,8950.04,1,1028,split_xfeat,8,1,-1,5017.80,2136.00,2136.00
145,807.00,32.23186310,119.94207647,32.15213577,119.92769562,32.15213577,119.92769562,0.4867,8978.03,1,1029,split_xfeat,8,1,-1,5183.27,2088.04,2088.04
146,813.00,32.15213577,119.92769562,32.15213577,119.92769562,32.15213577,119.92769562,0.5567,0.00,0,10,split_xfeat,11,1,-1,3767.09,3767.09,3767.09
147,820.00,32.15213577,119.92769562,32.15213577,119.92769562,32.15213577,119.92769562,0.5567,0.00,0,10,split_xfeat,11,1,-1,3651.78,3433.24,3433.24
148,826.00,32.15213577,119.92769562,32.15213577,119.92769562,32.15213577,119.92769562,0.5567,0.00,0,10,split_xfeat,11,1,-1,3540.52,3341.41,3341.41
149,833.00,32.15213577,119.92769562,32.15213577,119.92769562,32.15213577,119.92769562,0.5567,0.00,0,10,split_xfeat,11,1,-1,3440.38,3440.38,3440.38
150,840.00,32.15213577,119.92769562,32.15213577,119.92769562,32.15213577,119.92769562,0.5567,0.00,0,10,split_xfeat,11,1,-1,3329.13,3328.27,3328.27
151,846.00,32.23144466,119.93115594,32.15213577,119.92769562,32.15213577,119.92769562,0.5333,8834.68,1,1024,split_xfeat,10,1,-1,5607.79,3252.31,3252.31
152,853.00,32.22924032,119.93196746,32.15213577,119.92769562,32.15213577,119.92769562,0.5567,8592.71,1,1001,split_xfeat,11,1,-1,5511.51,3158.21,3158.21
153,860.00,32.15213577,119.92769562,32.15213577,119.92769562,32.15213577,119.92769562,0.5567,0.00,0,10,split_xfeat,11,1,-1,2993.27,2993.27,2993.27
154,866.00,32.15213577,119.92769562,32.15213577,119.92769562,32.15213577,119.92769562,0.5567,0.00,0,10,split_xfeat,11,1,-1,2881.95,2881.95,2881.95
155,873.00,32.15213577,119.92769562,32.15213577,119.92769562,32.15213577,119.92769562,0.5567,0.00,0,10,split_xfeat,11,1,-1,2770.64,2770.64,2770.64
156,880.00,32.15213577,119.92769562,32.15213577,119.92769562,32.15213577,119.92769562,0.5567,0.00,0,10,split_xfeat,11,1,-1,2670.45,2470.46,2470.46
157,886.00,32.15213577,119.92769562,32.15213577,119.92769562,32.15213577,119.92769562,0.5567,0.00,0,10,split_xfeat,11,1,-1,2560.13,2560.13,2560.13
158,893.00,32.15213577,119.92769562,32.15213577,119.92769562,32.15213577,119.92769562,0.5567,0.00,0,10,split_xfeat,11,1,-1,2448.86,2163.76,2163.76
159,899.00,32.15617965,119.93782999,32.15213577,119.92769562,32.15213577,119.92769562,0.5800,1055.43,1,61,split_xfeat,12,1,-1,2146.41,2069.51,2069.51
160,905.00,32.15213577,119.92769562,32.15213577,119.92769562,32.15213577,119.92769562,0.5567,0.00,0,10,split_xfeat,11,1,-1,2226.33,1977.04,1977.04
161,911.00,32.15213577,119.92769562,32.15213577,119.92769562,32.15213577,119.92769562,0.5567,0.00,0,10,split_xfeat,11,1,-1,2115.07,2115.07,2115.07
162,917.00,32.15213577,119.92769562,32.15213577,119.92769562,32.15213577,119.92769562,0.5567,0.00,0,10,split_xfeat,11,1,-1,2009.51,1810.29,1810.29
163,924.00,32.15213577,119.92769562,32.15213577,119.92769562,32.15213577,119.92769562,0.5567,0.00,0,10,split_xfeat,11,1,-1,1909.69,1710.56,1710.56
164,930.00,32.15213577,119.92769562,32.15213577,119.92769562,32.15213577,119.92769562,0.5567,0.00,0,10,split_xfeat,11,1,-1,1798.83,1599.82,1599.82
165,936.00,32.15213577,119.92769562,32.15213577,119.92769562,32.15213577,119.92769562,0.5567,0.00,0,10,split_xfeat,11,1,-1,1688.03,1489.16,1489.16
166,943.00,32.15213577,119.92769562,32.15213577,119.92769562,32.15213577,119.92769562,0.5567,0.00,0,10,split_xfeat,11,1,-1,1577.31,1378.61,1378.61
167,949.00,32.15213577,119.92769562,32.15213577,119.92769562,32.15213577,119.92769562,0.5567,0.00,0,10,split_xfeat,11,1,-1,1480.44,1284.09,1284.09
168,956.00,32.15213577,119.92769562,32.15213577,119.92769562,32.15213577,119.92769562,0.5567,0.00,0,10,split_xfeat,11,1,-1,1371.02,1175.34,1175.34
169,962.00,32.15213577,119.92769562,32.15213577,119.92769562,32.15213577,119.92769562,0.5567,0.00,0,10,split_xfeat,11,1,-1,1272.83,1077.92,1077.92
170,968.00,32.22924032,119.93196746,32.15213577,119.92769562,32.15213577,119.92769562,0.5567,8592.71,1,1001,split_xfeat,11,1,-1,7467.11,1142.47,1142.47
171,974.00,32.15213577,119.92769562,32.15213577,119.92769562,32.15213577,119.92769562,0.5567,0.00,0,10,split_xfeat,11,1,-1,1083.23,1083.23,1083.23
172,980.00,32.15213577,119.92769562,32.15213577,119.92769562,32.15213577,119.92769562,0.5567,0.00,0,10,split_xfeat,11,1,-1,978.81,795.90,795.90
173,986.00,32.15213577,119.92769562,32.15213577,119.92769562,32.15213577,119.92769562,0.5567,0.00,0,10,split_xfeat,11,1,-1,876.08,698.17,698.17
174,992.00,32.15213577,119.92769562,32.15213577,119.92769562,32.15213577,119.92769562,0.5567,0.00,0,10,split_xfeat,11,1,-1,775.73,690.24,690.24
175,997.00,32.15213577,119.92769562,32.15213577,119.92769562,32.15213577,119.92769562,0.5567,0.00,0,10,split_xfeat,11,1,-1,678.80,519.37,519.37
176,1003.00,32.15213577,119.92769562,32.15213577,119.92769562,32.15213577,119.92769562,0.5567,0.00,0,10,split_xfeat,11,1,-1,656.61,529.33,529.33
177,1009.00,32.15213577,119.92769562,32.15213577,119.92769562,32.15213577,119.92769562,0.5567,0.00,0,10,split_xfeat,11,1,-1,580.73,580.73,580.73
178,1052.00,32.15617965,119.93782999,32.15213577,119.92769562,32.15213577,119.92769562,0.5800,1055.43,1,61,split_xfeat,12,1,-1,266.78,266.78,266.78
179,1057.00,32.15996602,119.93999127,32.15213577,119.92769562,32.15213577,119.92769562,0.6033,1449.56,1,108,split_xfeat,13,1,-1,548.95,288.67,288.67
180,1062.00,32.15617965,119.93782999,32.15213577,119.92769562,32.15213577,119.92769562,0.5800,1055.43,1,61,split_xfeat,12,1,-1,423.65,423.65,423.65
181,1067.00,32.15996602,119.93999127,32.15213577,119.92769562,32.15213577,119.92769562,0.6033,1449.56,1,108,split_xfeat,13,1,-1,564.71,491.24,491.24
182,1071.00,32.15996602,119.93999127,32.15213577,119.92769562,32.15213577,119.92769562,0.6033,1449.56,1,108,split_xfeat,13,1,-1,562.55,562.55,562.55
183,1076.00,32.15617965,119.93782999,32.15213577,119.92769562,32.15213577,119.92769562,0.5800,1055.43,1,61,split_xfeat,12,1,-1,662.83,662.83,662.83
184,1081.00,32.15213577,119.92769562,32.15213577,119.92769562,32.15213577,119.92769562,0.5567,0.00,0,10,split_xfeat,11,1,-1,1198.47,1024.40,1024.40
185,1085.00,32.15213577,119.92769562,32.15213577,119.92769562,32.15213577,119.92769562,0.5567,0.00,0,10,split_xfeat,11,1,-1,1288.51,1288.51,1288.51
186,1090.00,32.15213577,119.92769562,32.15213577,119.92769562,32.15213577,119.92769562,0.5567,0.00,0,10,split_xfeat,11,1,-1,1390.18,1390.18,1390.18
187,1095.00,32.15213577,119.92769562,32.15213577,119.92769562,32.15213577,119.92769562,0.5567,0.00,0,10,split_xfeat,11,1,-1,1493.22,1309.06,1309.06
188,1100.00,32.15213577,119.92769562,32.15213577,119.92769562,32.15213577,119.92769562,0.5567,0.00,0,10,split_xfeat,11,1,-1,1597.38,1597.38,1597.38
189,1105.00,32.15213577,119.92769562,32.15213577,119.92769562,32.15213577,119.92769562,0.5567,0.00,0,10,split_xfeat,11,1,-1,1674.66,1483.02,1483.02
190,1109.00,32.15213577,119.92769562,32.15213577,119.92769562,32.15213577,119.92769562,0.5567,0.00,0,10,split_xfeat,11,1,-1,1782.12,1589.44,1589.44
191,1114.00,32.15213577,119.92769562,32.15213577,119.92769562,32.15213577,119.92769562,0.5567,0.00,0,10,split_xfeat,11,1,-1,1890.03,1444.87,1444.87
192,1119.00,32.15213577,119.92769562,32.15213577,119.92769562,32.15213577,119.92769562,0.5567,0.00,0,10,split_xfeat,11,1,-1,1987.47,1987.47,1987.47
193,1123.00,32.15213577,119.92769562,32.15213577,119.92769562,32.15213577,119.92769562,0.5567,0.00,0,10,split_xfeat,11,1,-1,2096.04,1901.21,1901.21
194,1128.00,32.15213577,119.92769562,32.15213577,119.92769562,32.15213577,119.92769562,0.5567,0.00,0,10,split_xfeat,11,1,-1,2187.57,1990.51,1990.51
195,1133.00,32.15310142,119.95040459,32.15213577,119.92769562,32.15213577,119.92769562,0.5333,2141.79,1,21,split_xfeat,10,1,-1,2923.89,1538.29,1538.29
196,1137.00,32.15213577,119.92769562,32.15213577,119.92769562,32.15213577,119.92769562,0.5567,0.00,0,10,split_xfeat,11,1,-1,2407.51,2140.71,2140.71
197,1142.00,32.15213577,119.92769562,32.15213577,119.92769562,32.15213577,119.92769562,0.5567,0.00,0,10,split_xfeat,11,1,-1,2517.65,2319.84,2319.84
198,1146.00,32.22969095,119.93994055,32.15213577,119.92769562,32.15213577,119.92769562,0.5333,8710.15,1,1005,split_xfeat,10,1,-1,6066.46,5507.28,5507.28
199,1151.00,32.15213577,119.92769562,32.15213577,119.92769562,32.15213577,119.92769562,0.5567,0.00,0,10,split_xfeat,11,1,-1,2716.48,2517.49,2517.49
200,1155.00,32.15213577,119.92769562,32.15213577,119.92769562,32.15213577,119.92769562,0.5567,0.00,0,10,split_xfeat,11,1,-1,2827.30,2628.23,2628.23
201,1160.00,32.15213577,119.92769562,32.15213577,119.92769562,32.15213577,119.92769562,0.5567,0.00,0,10,split_xfeat,11,1,-1,2938.16,2739.01,2739.01
202,1164.00,32.15996602,119.93999127,32.15213577,119.92769562,32.15213577,119.92769562,0.6033,1449.56,1,108,split_xfeat,13,1,-1,2426.20,2426.20,2426.20
203,1169.00,32.15996602,119.93999127,32.15213577,119.92769562,32.15213577,119.92769562,0.6033,1449.56,1,108,split_xfeat,13,1,-1,2565.65,2565.65,2565.65
204,1173.00,32.22935834,119.95160919,32.15213577,119.92769562,32.15213577,119.92769562,0.5100,8886.64,1,1010,split_xfeat,9,1,-1,5713.11,1502.48,1502.48
205,1178.00,32.15213577,119.92769562,32.15213577,119.92769562,32.15213577,119.92769562,0.5567,0.00,0,10,split_xfeat,11,1,-1,3364.77,1562.01,1562.01
206,1183.00,32.15213577,119.92769562,32.15213577,119.92769562,32.15213577,119.92769562,0.5567,0.00,0,10,split_xfeat,11,1,-1,3475.95,3051.59,3051.59
207,1188.00,32.15213577,119.92769562,32.15213577,119.92769562,32.15213577,119.92769562,0.5567,0.00,0,10,split_xfeat,11,1,-1,3587.15,3156.58,3156.58
208,1193.00,32.15996602,119.93999127,32.15213577,119.92769562,32.15213577,119.92769562,0.6033,1449.56,1,108,split_xfeat,13,1,-1,3105.80,3105.80,3105.80
209,1198.00,32.15617965,119.93782999,32.15213577,119.92769562,32.15213577,119.92769562,0.5800,1055.43,1,61,split_xfeat,12,1,-1,3529.46,3529.46,3529.46
210,1203.00,32.15617965,119.93782999,32.15213577,119.92769562,32.15213577,119.92769562,0.5800,1055.43,1,61,split_xfeat,12,1,-1,3637.00,3637.00,3637.00
211,1208.00,32.15213577,119.92769562,32.15213577,119.92769562,32.15213577,119.92769562,0.5567,0.00,0,10,split_xfeat,11,1,-1,4029.16,3799.16,3799.16
212,1212.00,32.15617965,119.93782999,32.15213577,119.92769562,32.15213577,119.92769562,0.5800,1055.43,1,61,split_xfeat,12,1,-1,3841.92,3703.95,3703.95
213,1217.00,32.15334819,119.93360318,32.15213577,119.92769562,32.15213577,119.92769562,0.4867,572.60,1,12,split_xfeat,8,1,-1,4260.75,2061.43,2061.43
214,1221.00,32.23186310,119.94207647,32.15213577,119.92769562,32.15213577,119.92769562,0.4867,8978.03,1,1029,split_xfeat,8,1,-1,4669.87,2515.24,2515.24
215,1226.00,32.23186310,119.93995323,32.15213577,119.92769562,32.15213577,119.92769562,0.4867,8950.04,1,1028,split_xfeat,8,1,-1,4505.72,1654.89,1654.89
216,1230.00,32.21279175,119.94431383,32.15213577,119.92769562,32.15213577,119.92769562,0.6033,6931.30,1,800,split_xfeat,13,1,-1,2753.21,1635.83,1635.83
217,1235.00,32.23186310,119.94207647,32.15213577,119.92769562,32.15213577,119.92769562,0.4867,8978.03,1,1029,split_xfeat,8,1,-1,4352.91,2733.88,2733.88
218,1240.00,32.22969095,119.93994055,32.15213577,119.92769562,32.15213577,119.92769562,0.5333,8710.15,1,1005,split_xfeat,10,1,-1,4024.10,4024.10,4024.10
219,1244.00,32.22969095,119.93994055,32.15213577,119.92769562,32.15213577,119.92769562,0.5333,8710.15,1,1005,split_xfeat,10,1,-1,3929.55,3929.55,3929.55
220,1249.00,32.22969095,119.93994055,32.15213577,119.92769562,32.15213577,119.92769562,0.5333,8710.15,1,1005,split_xfeat,10,1,-1,3824.82,3824.82,3824.82
221,1254.00,32.15213577,119.92769562,32.15213577,119.92769562,32.15213577,119.92769562,0.5567,0.00,0,10,split_xfeat,11,1,-1,5120.69,3720.48,3720.48
222,1258.00,32.15213577,119.92769562,32.15213577,119.92769562,32.15213577,119.92769562,0.5567,0.00,0,10,split_xfeat,11,1,-1,5231.98,3065.34,3065.34
223,1263.00,32.22969095,119.93994055,32.15213577,119.92769562,32.15213577,119.92769562,0.5333,8710.15,1,1005,split_xfeat,10,1,-1,3549.39,3008.09,3008.09
224,1267.00,32.22969095,119.93994055,32.15213577,119.92769562,32.15213577,119.92769562,0.5333,8710.15,1,1005,split_xfeat,10,1,-1,3447.49,2910.20,2910.20
225,1272.00,32.15213577,119.92769562,32.15213577,119.92769562,32.15213577,119.92769562,0.5567,0.00,0,10,split_xfeat,11,1,-1,5557.48,3356.30,3356.30
226,1277.00,32.15213577,119.92769562,32.15213577,119.92769562,32.15213577,119.92769562,0.5567,0.00,0,10,split_xfeat,11,1,-1,5668.72,3255.59,3255.59
227,1281.00,32.15213577,119.92769562,32.15213577,119.92769562,32.15213577,119.92769562,0.5567,0.00,0,10,split_xfeat,11,1,-1,5784.13,3198.75,3198.75
228,1286.00,32.15213577,119.92769562,32.15213577,119.92769562,32.15213577,119.92769562,0.5567,0.00,0,10,split_xfeat,11,1,-1,5895.30,3100.92,3100.92
229,1291.00,32.25313288,119.94178483,32.15213577,119.92769562,32.15213577,119.92769562,0.6033,11321.06,1,1305,split_xfeat,13,1,-1,5472.78,5162.29,5162.29
230,1295.00,32.15136325,119.92486230,32.15213577,119.92769562,32.15213577,119.92769562,0.5100,280.40,1,9,split_xfeat,9,1,-1,6111.03,3530.29,3530.29
231,1300.00,32.15213577,119.92769562,32.15213577,119.92769562,32.15213577,119.92769562,0.5567,0.00,0,10,split_xfeat,11,1,-1,6228.84,2813.45,2813.45
232,1305.00,32.15213577,119.92769562,32.15213577,119.92769562,32.15213577,119.92769562,0.5567,0.00,0,10,split_xfeat,11,1,-1,6334.12,3454.67,3454.67
233,1310.00,32.22935834,119.95160919,32.15213577,119.92769562,32.15213577,119.92769562,0.5100,8886.64,1,1010,split_xfeat,9,1,-1,3382.29,3382.29,3382.29
234,1315.00,32.15136325,119.92486230,32.15213577,119.92769562,32.15213577,119.92769562,0.5100,280.40,1,9,split_xfeat,9,1,-1,6547.27,3312.08,3312.08
235,1319.00,32.22935834,119.95160919,32.15213577,119.92769562,32.15213577,119.92769562,0.5100,8886.64,1,1010,split_xfeat,9,1,-1,3244.16,3244.16,3244.16
236,1324.00,32.22935834,119.95160919,32.15213577,119.92769562,32.15213577,119.92769562,0.5100,8886.64,1,1010,split_xfeat,9,1,-1,3178.69,3178.69,3178.69
237,1328.00,32.15213577,119.92769562,32.15213577,119.92769562,32.15213577,119.92769562,0.5567,0.00,0,10,split_xfeat,11,1,-1,6895.78,3194.75,3194.75
238,1333.00,32.22969095,119.93994055,32.15213577,119.92769562,32.15213577,119.92769562,0.5333,8710.15,1,1005,split_xfeat,10,1,-1,2342.92,2342.92,2342.92
239,1337.00,32.15213577,119.92769562,32.15213577,119.92769562,32.15213577,119.92769562,0.5567,0.00,0,10,split_xfeat,11,1,-1,7106.77,6907.26,6907.26
240,1341.00,32.15213577,119.92769562,32.15213577,119.92769562,32.15213577,119.92769562,0.5567,0.00,0,10,split_xfeat,11,1,-1,7217.83,7008.20,7008.20
241,1346.00,32.15213577,119.92769562,32.15213577,119.92769562,32.15213577,119.92769562,0.5567,0.00,0,10,split_xfeat,11,1,-1,7328.89,2125.50,2125.50
242,1350.00,32.15213577,119.92769562,32.15213577,119.92769562,32.15213577,119.92769562,0.5567,0.00,0,10,split_xfeat,11,1,-1,7446.78,2137.97,2137.97
243,1355.00,32.22969095,119.93994055,32.15213577,119.92769562,32.15213577,119.92769562,0.5333,8710.15,1,1005,split_xfeat,10,1,-1,2078.81,2078.81,2078.81
244,1359.00,32.22969095,119.93994055,32.15213577,119.92769562,32.15213577,119.92769562,0.5333,8710.15,1,1005,split_xfeat,10,1,-1,2024.04,2024.04,2024.04
245,1364.00,32.15136325,119.92486230,32.15213577,119.92769562,32.15213577,119.92769562,0.5100,280.40,1,9,split_xfeat,9,1,-1,7756.14,1803.21,1803.21
246,1368.00,32.15213577,119.92769562,32.15213577,119.92769562,32.15213577,119.92769562,0.5567,0.00,0,10,split_xfeat,11,1,-1,7887.21,2973.60,2973.60
247,1372.00,32.15213577,119.92769562,32.15213577,119.92769562,32.15213577,119.92769562,0.5567,0.00,0,10,split_xfeat,11,1,-1,7998.12,1879.76,1879.76
248,1377.00,32.15213577,119.92769562,32.15213577,119.92769562,32.15213577,119.92769562,0.5567,0.00,0,10,split_xfeat,11,1,-1,8109.05,1881.23,1881.23
249,1381.00,32.22969095,119.93994055,32.15213577,119.92769562,32.15213577,119.92769562,0.5333,8710.15,1,1005,split_xfeat,10,1,-1,1923.31,1889.27,1889.27
250,1386.00,32.15213577,119.92769562,32.15213577,119.92769562,32.15213577,119.92769562,0.5567,0.00,0,10,split_xfeat,11,1,-1,8330.93,1902.80,1902.80
251,1390.00,32.15213577,119.92769562,32.15213577,119.92769562,32.15213577,119.92769562,0.5567,0.00,0,10,split_xfeat,11,1,-1,8449.98,1982.40,1982.40
252,1395.00,32.15213577,119.92769562,32.15213577,119.92769562,32.15213577,119.92769562,0.5567,0.00,0,10,split_xfeat,11,1,-1,8549.75,1975.55,1975.55
253,1399.00,32.15213577,119.92769562,32.15213577,119.92769562,32.15213577,119.92769562,0.5567,0.00,0,10,split_xfeat,11,1,-1,8660.62,8645.05,8645.05
254,1404.00,32.15213577,119.92769562,32.15213577,119.92769562,32.15213577,119.92769562,0.5567,0.00,0,10,split_xfeat,11,1,-1,8771.50,1978.47,1978.47
255,1409.00,32.15213577,119.92769562,32.15213577,119.92769562,32.15213577,119.92769562,0.5567,0.00,0,10,split_xfeat,11,1,-1,8882.40,1989.30,1989.30
256,1414.00,32.23186310,119.94207647,32.15213577,119.92769562,32.15213577,119.92769562,0.4867,8978.03,1,1029,split_xfeat,8,1,-1,2273.53,2074.07,2074.07
257,1418.00,32.15213577,119.92769562,32.15213577,119.92769562,32.15213577,119.92769562,0.5567,0.00,0,10,split_xfeat,11,1,-1,9112.70,1101.81,1101.81
258,1423.00,32.15213577,119.92769562,32.15213577,119.92769562,32.15213577,119.92769562,0.5567,0.00,0,10,split_xfeat,11,1,-1,9212.44,2145.41,2145.41
259,1428.00,32.23144466,119.93115594,32.15213577,119.92769562,32.15213577,119.92769562,0.5333,8834.68,1,1024,split_xfeat,10,1,-1,1356.70,1307.06,1307.06
260,1432.00,32.23144466,119.93115594,32.15213577,119.92769562,32.15213577,119.92769562,0.5333,8834.68,1,1024,split_xfeat,10,1,-1,1400.19,515.37,515.37
261,1437.00,32.22924032,119.93196746,32.15213577,119.92769562,32.15213577,119.92769562,0.5567,8592.71,1,1001,split_xfeat,11,1,-1,1635.57,1359.44,1359.44
262,1441.00,32.23187383,119.92989494,32.15213577,119.92769562,32.15213577,119.92769562,0.5567,8878.86,1,1023,split_xfeat,11,1,-1,1420.40,1420.40,1420.40
263,1446.00,32.23144466,119.93115594,32.15213577,119.92769562,32.15213577,119.92769562,0.5333,8834.68,1,1024,split_xfeat,10,1,-1,1648.21,1648.21,1648.21
264,1450.00,32.23187383,119.92989494,32.15213577,119.92769562,32.15213577,119.92769562,0.5567,8878.86,1,1023,split_xfeat,11,1,-1,1559.10,1559.10,1559.10
265,1455.00,32.15213577,119.92769562,32.15213577,119.92769562,32.15213577,119.92769562,0.5567,0.00,0,10,split_xfeat,11,1,-1,9995.54,1849.16,1849.16
266,1460.00,32.15213577,119.92769562,32.15213577,119.92769562,32.15213577,119.92769562,0.5567,0.00,0,10,split_xfeat,11,1,-1,10106.24,2682.52,2682.52
267,1465.00,32.15213577,119.92769562,32.15213577,119.92769562,32.15213577,119.92769562,0.5567,0.00,0,10,split_xfeat,11,1,-1,10216.96,2744.33,2744.33
268,1470.00,32.15213577,119.92769562,32.15213577,119.92769562,32.15213577,119.92769562,0.5567,0.00,0,10,split_xfeat,11,1,-1,10327.69,2809.19,2809.19
269,1511.00,32.23187383,119.92989494,32.15213577,119.92769562,32.15213577,119.92769562,0.5567,8878.86,1,1023,split_xfeat,11,1,-1,1812.88,1812.88,1812.88
270,1518.00,32.23187383,119.92989494,32.15213577,119.92769562,32.15213577,119.92769562,0.5567,8878.86,1,1023,split_xfeat,11,1,-1,1720.02,1720.02,1720.02
271,1524.00,32.23144466,119.93115594,32.15213577,119.92769562,32.15213577,119.92769562,0.5333,8834.68,1,1024,split_xfeat,10,1,-1,1756.32,1756.32,1756.32
272,1531.00,32.22924032,119.93196746,32.15213577,119.92769562,32.15213577,119.92769562,0.5567,8592.71,1,1001,split_xfeat,11,1,-1,1831.78,1550.29,1550.29
273,1538.00,32.23144466,119.93115594,32.15213577,119.92769562,32.15213577,119.92769562,0.5333,8834.68,1,1024,split_xfeat,10,1,-1,1537.68,1537.68,1537.68
274,1545.00,32.23144466,119.93115594,32.15213577,119.92769562,32.15213577,119.92769562,0.5333,8834.68,1,1024,split_xfeat,10,1,-1,1460.49,1460.49,1460.49
275,1552.00,32.15213577,119.92769562,32.15213577,119.92769562,32.15213577,119.92769562,0.5567,0.00,0,10,split_xfeat,11,1,-1,9696.24,1387.96,1387.96
276,1558.00,32.23187383,119.92989494,32.15213577,119.92769562,32.15213577,119.92769562,0.5567,8878.86,1,1023,split_xfeat,11,1,-1,1163.09,1163.09,1163.09
277,1563.00,32.23144466,119.93115594,32.15213577,119.92769562,32.15213577,119.92769562,0.5333,8834.68,1,1024,split_xfeat,10,1,-1,1259.97,1259.97,1259.97
278,1570.00,32.23148758,119.91519709,32.15213577,119.92769562,32.15213577,119.92769562,0.5100,8911.55,1,1016,split_xfeat,9,1,-1,817.17,701.70,701.70
279,1576.00,32.22969095,119.93994055,32.15213577,119.92769562,32.15213577,119.92769562,0.5333,8710.15,1,1005,split_xfeat,10,1,-1,1895.97,1838.31,1838.31
280,1582.00,32.23187383,119.92989494,32.15213577,119.92769562,32.15213577,119.92769562,0.5567,8878.86,1,1023,split_xfeat,11,1,-1,850.65,850.65,850.65
281,1589.00,32.22969095,119.93994055,32.15213577,119.92769562,32.15213577,119.92769562,0.5333,8710.15,1,1005,split_xfeat,10,1,-1,1833.05,1798.28,1798.28
282,1595.00,32.15213577,119.92769562,32.15213577,119.92769562,32.15213577,119.92769562,0.5567,0.00,0,10,split_xfeat,11,1,-1,8923.51,1811.06,1811.06
283,1602.00,32.15213577,119.92769562,32.15213577,119.92769562,32.15213577,119.92769562,0.5567,0.00,0,10,split_xfeat,11,1,-1,8806.68,1702.09,1702.09
284,1608.00,32.15213577,119.92769562,32.15213577,119.92769562,32.15213577,119.92769562,0.5567,0.00,0,10,split_xfeat,11,1,-1,8695.54,1693.09,1693.09
285,1615.00,32.21884684,119.95176704,32.15213577,119.92769562,32.15213577,119.92769562,0.6267,7764.71,1,873,split_xfeat,14,1,-1,3119.01,1691.38,1691.38
286,1621.00,32.15213577,119.92769562,32.15213577,119.92769562,32.15213577,119.92769562,0.5567,0.00,0,10,split_xfeat,11,1,-1,8484.37,1696.09,1696.09
287,1628.00,32.15213577,119.92769562,32.15213577,119.92769562,32.15213577,119.92769562,0.5567,0.00,0,10,split_xfeat,11,1,-1,8368.25,1615.03,1615.03
288,1635.00,32.15213577,119.92769562,32.15213577,119.92769562,32.15213577,119.92769562,0.5567,0.00,0,10,split_xfeat,11,1,-1,8257.05,8057.29,8057.29
289,1641.00,32.15213577,119.92769562,32.15213577,119.92769562,32.15213577,119.92769562,0.5567,0.00,0,10,split_xfeat,11,1,-1,8145.86,1662.91,1662.91
290,1648.00,32.15213577,119.92769562,32.15213577,119.92769562,32.15213577,119.92769562,0.5567,0.00,0,10,split_xfeat,11,1,-1,8034.68,1797.09,1797.09
291,1654.00,32.22392556,119.94356571,32.15213577,119.92769562,32.15213577,119.92769562,0.5567,8130.25,1,938,split_xfeat,11,1,-1,1998.79,1799.00,1799.00
292,1661.00,32.21884684,119.95176704,32.15213577,119.92769562,32.15213577,119.92769562,0.6267,7764.71,1,873,split_xfeat,14,1,-1,2734.15,1696.17,1696.17
293,1667.00,32.21884684,119.95176704,32.15213577,119.92769562,32.15213577,119.92769562,0.6267,7764.71,1,873,split_xfeat,14,1,-1,2719.55,1728.60,1728.60
294,1673.00,32.23187383,119.92989494,32.15213577,119.92769562,32.15213577,119.92769562,0.5567,8878.86,1,1023,split_xfeat,11,1,-1,1309.61,1309.61,1309.61
295,1679.00,32.22392556,119.94356571,32.15213577,119.92769562,32.15213577,119.92769562,0.5567,8130.25,1,938,split_xfeat,11,1,-1,1972.66,1590.35,1590.35
296,1685.00,32.15213577,119.92769562,32.15213577,119.92769562,32.15213577,119.92769562,0.5567,0.00,0,10,split_xfeat,11,1,-1,7374.30,1816.20,1816.20
297,1691.00,32.15213577,119.92769562,32.15213577,119.92769562,32.15213577,119.92769562,0.5567,0.00,0,10,split_xfeat,11,1,-1,7259.75,2757.77,2757.77
298,1697.00,32.15996602,119.93999127,32.15213577,119.92769562,32.15213577,119.92769562,0.6033,1449.56,1,108,split_xfeat,13,1,-1,6499.89,2813.67,2813.67
299,1703.00,32.15213577,119.92769562,32.15213577,119.92769562,32.15213577,119.92769562,0.5567,0.00,0,10,split_xfeat,11,1,-1,7048.34,2866.75,2866.75
300,1709.00,32.22969095,119.93994055,32.15213577,119.92769562,32.15213577,119.92769562,0.5333,8710.15,1,1005,split_xfeat,10,1,-1,2181.68,2181.68,2181.68
301,1715.00,32.22527154,119.91170441,32.15213577,119.92769562,32.15213577,119.92769562,0.4867,8279.65,1,946,split_xfeat,8,1,-1,1821.21,1764.82,1764.82
302,1721.00,32.22947636,119.91841649,32.15213577,119.92769562,32.15213577,119.92769562,0.6033,8653.81,1,995,split_xfeat,13,1,-1,2009.32,1840.72,1840.72
303,1728.00,32.15213577,119.92769562,32.15213577,119.92769562,32.15213577,119.92769562,0.5567,0.00,0,10,split_xfeat,11,1,-1,6600.96,2393.24,2393.24
304,1734.00,32.15213577,119.92769562,32.15213577,119.92769562,32.15213577,119.92769562,0.5567,0.00,0,10,split_xfeat,11,1,-1,6489.66,2487.02,2487.02
305,1741.00,32.15213577,119.92769562,32.15213577,119.92769562,32.15213577,119.92769562,0.5567,0.00,0,10,split_xfeat,11,1,-1,6389.49,2572.62,2572.62
306,1746.00,32.15213577,119.92769562,32.15213577,119.92769562,32.15213577,119.92769562,0.5567,0.00,0,10,split_xfeat,11,1,-1,6277.18,2623.81,2623.81
307,1752.00,32.15213577,119.92769562,32.15213577,119.92769562,32.15213577,119.92769562,0.5567,0.00,0,10,split_xfeat,11,1,-1,6165.86,3294.58,3294.58
308,1758.00,32.15213577,119.92769562,32.15213577,119.92769562,32.15213577,119.92769562,0.5567,0.00,0,10,split_xfeat,11,1,-1,6054.54,2408.68,2408.68
309,1764.00,32.22969095,119.93994055,32.15213577,119.92769562,32.15213577,119.92769562,0.5333,8710.15,1,1005,split_xfeat,10,1,-1,2923.60,2499.46,2499.46
310,1770.00,32.22935834,119.95160919,32.15213577,119.92769562,32.15213577,119.92769562,0.5100,8886.64,1,1010,split_xfeat,9,1,-1,3548.46,3548.46,3548.46
311,1776.00,32.22935834,119.95160919,32.15213577,119.92769562,32.15213577,119.92769562,0.5100,8886.64,1,1010,split_xfeat,9,1,-1,3579.23,3575.49,3575.49
312,1782.00,32.22935834,119.95160919,32.15213577,119.92769562,32.15213577,119.92769562,0.5100,8886.64,1,1010,split_xfeat,9,1,-1,3660.32,3660.32,3660.32
313,1788.00,32.15310142,119.95040459,32.15213577,119.92769562,32.15213577,119.92769562,0.5333,2141.79,1,21,split_xfeat,10,1,-1,5905.01,5015.37,5015.37
314,1795.00,32.15310142,119.95040459,32.15213577,119.92769562,32.15213577,119.92769562,0.5333,2141.79,1,21,split_xfeat,10,1,-1,5801.29,3394.46,3394.46
315,1801.00,32.22969095,119.93994055,32.15213577,119.92769562,32.15213577,119.92769562,0.5333,8710.15,1,1005,split_xfeat,10,1,-1,3499.67,3499.67,3499.67
316,1808.00,32.22969095,119.93994055,32.15213577,119.92769562,32.15213577,119.92769562,0.5333,8710.15,1,1005,split_xfeat,10,1,-1,3576.96,3576.96,3576.96
317,1816.00,32.22969095,119.93994055,32.15213577,119.92769562,32.15213577,119.92769562,0.5333,8710.15,1,1005,split_xfeat,10,1,-1,3683.68,3683.68,3683.68
318,1823.00,32.22969095,119.93994055,32.15213577,119.92769562,32.22969095,119.93994055,0.5333,8710.15,1,1005,split_xfeat,10,1,-1,3779.97,3779.97,3779.97
319,1829.00,32.22969095,119.93994055,32.22969095,119.93994055,32.22969095,119.93994055,0.5333,0.00,0,1005,split_xfeat,10,1,-1,3887.18,3887.18,3887.18
320,1836.00,32.15840545,119.91107741,32.22969095,119.93994055,32.22969095,119.93994055,0.5100,8388.32,1,71,split_xfeat,9,1,-1,4502.67,4188.15,4188.15
321,1842.00,32.15840545,119.91107741,32.22969095,119.93994055,32.22969095,119.93994055,0.5100,8388.32,1,71,split_xfeat,9,1,-1,4439.20,4274.48,4274.48
322,1849.00,32.15213577,119.92769562,32.22969095,119.93994055,32.22969095,119.93994055,0.5567,8710.15,1,10,split_xfeat,11,1,-1,4525.90,4518.24,4518.24
323,1855.00,32.15617965,119.93782999,32.22969095,119.93994055,32.22969095,119.93994055,0.5800,8185.69,1,61,split_xfeat,12,1,-1,4074.28,3920.71,3920.71
324,1862.00,32.15213577,119.92769562,32.22969095,119.93994055,32.22969095,119.93994055,0.5567,8710.15,1,10,split_xfeat,11,1,-1,4303.66,4303.66,4303.66
325,1868.00,32.22935834,119.95160919,32.22969095,119.93994055,32.22969095,119.93994055,0.5100,1099.76,1,1010,split_xfeat,9,1,-1,4811.87,3367.02,3367.02
326,1874.00,32.24087840,119.95219816,32.22969095,119.93994055,32.22969095,119.93994055,0.6267,1698.27,1,1149,split_xfeat,14,1,-1,6070.12,3140.73,3140.73
327,1880.00,32.24087840,119.95219816,32.22969095,119.93994055,32.22969095,119.93994055,0.6267,1698.27,1,1149,split_xfeat,14,1,-1,6175.06,3038.82,3038.82
328,1887.00,32.15213577,119.92769562,32.22969095,119.93994055,32.22969095,119.93994055,0.5567,8710.15,1,10,split_xfeat,11,1,-1,3877.93,3368.77,3368.77
329,1893.00,32.15213577,119.92769562,32.22969095,119.93994055,32.15213577,119.92769562,0.5567,8710.15,1,10,split_xfeat,11,1,-1,3767.10,3261.12,3261.12
330,1899.00,32.15213577,119.92769562,32.15213577,119.92769562,32.15213577,119.92769562,0.5567,0.00,0,10,split_xfeat,11,1,-1,3666.68,3666.68,3666.68
331,1906.00,32.15617965,119.93782999,32.15213577,119.92769562,32.15213577,119.92769562,0.5800,1055.43,1,61,split_xfeat,12,1,-1,3175.39,3021.87,3021.87
332,1912.00,32.15213577,119.92769562,32.15213577,119.92769562,32.15213577,119.92769562,0.5567,0.00,0,10,split_xfeat,11,1,-1,3456.88,2924.92,2924.92
333,1919.00,32.15213577,119.92769562,32.15213577,119.92769562,32.15213577,119.92769562,0.5567,0.00,0,10,split_xfeat,11,1,-1,3346.54,3346.54,3346.54
334,1926.00,32.15213577,119.92769562,32.15213577,119.92769562,32.15213577,119.92769562,0.5567,0.00,0,10,split_xfeat,11,1,-1,3236.27,2710.31,2710.31
335,1933.00,32.15617965,119.93782999,32.15213577,119.92769562,32.15213577,119.92769562,0.5800,1055.43,1,61,split_xfeat,12,1,-1,2731.55,2577.98,2577.98
336,1939.00,32.15213577,119.92769562,32.15213577,119.92769562,32.15213577,119.92769562,0.5567,0.00,0,10,split_xfeat,11,1,-1,3031.47,2517.21,2517.21
337,1946.00,32.15310142,119.95040459,32.15213577,119.92769562,32.15213577,119.92769562,0.5333,2141.79,1,21,split_xfeat,10,1,-1,3313.63,2421.35,2421.35
338,1953.00,32.15213577,119.92769562,32.15213577,119.92769562,32.15213577,119.92769562,0.5567,0.00,0,10,split_xfeat,11,1,-1,2812.74,2616.82,2616.82
339,1960.00,32.15213577,119.92769562,32.15213577,119.92769562,32.15213577,119.92769562,0.5567,0.00,0,10,split_xfeat,11,1,-1,2714.52,2518.92,2518.92
340,1967.00,32.15213577,119.92769562,32.15213577,119.92769562,32.15213577,119.92769562,0.5567,0.00,0,10,split_xfeat,11,1,-1,2626.89,2433.38,2433.38
341,1974.00,32.15213577,119.92769562,32.15213577,119.92769562,32.15213577,119.92769562,0.5567,0.00,0,10,split_xfeat,11,1,-1,2519.06,2326.16,2326.16
342,1981.00,32.15213577,119.92769562,32.15213577,119.92769562,32.15213577,119.92769562,0.5567,0.00,0,10,split_xfeat,11,1,-1,2411.55,2219.33,2219.33
343,1987.00,32.15213577,119.92769562,32.15213577,119.92769562,32.15213577,119.92769562,0.5567,0.00,0,10,split_xfeat,11,1,-1,2304.40,2112.98,2112.98
344,1994.00,32.15213577,119.92769562,32.15213577,119.92769562,32.15213577,119.92769562,0.5567,0.00,0,10,split_xfeat,11,1,-1,2197.66,2007.15,2007.15
345,2000.00,32.15213577,119.92769562,32.15213577,119.92769562,32.15213577,119.92769562,0.5567,0.00,0,10,split_xfeat,11,1,-1,2132.54,1945.96,1945.96
346,2006.00,32.15213577,119.92769562,32.15213577,119.92769562,32.15213577,119.92769562,0.5567,0.00,0,10,split_xfeat,11,1,-1,2028.38,1843.33,1843.33
347,2012.00,32.15213577,119.92769562,32.15213577,119.92769562,32.15213577,119.92769562,0.5567,0.00,0,10,split_xfeat,11,1,-1,1925.01,1925.01,1925.01
348,2019.00,32.15213577,119.92769562,32.15213577,119.92769562,32.15213577,119.92769562,0.5567,0.00,0,10,split_xfeat,11,1,-1,1822.58,1822.58,1822.58
349,2025.00,32.15213577,119.92769562,32.15213577,119.92769562,32.15213577,119.92769562,0.5567,0.00,0,10,split_xfeat,11,1,-1,1763.45,1589.62,1589.62
350,2032.00,32.15213577,119.92769562,32.15213577,119.92769562,32.15213577,119.92769562,0.5567,0.00,0,10,split_xfeat,11,1,-1,1665.97,1495.70,1495.70
351,2039.00,32.15213577,119.92769562,32.15213577,119.92769562,32.15213577,119.92769562,0.5567,0.00,0,10,split_xfeat,11,1,-1,1570.33,1404.33,1404.33
352,2046.00,32.15213577,119.92769562,32.15213577,119.92769562,32.15213577,119.92769562,0.5567,0.00,0,10,split_xfeat,11,1,-1,1486.13,1324.70,1324.70
353,2052.00,32.15213577,119.92769562,32.15213577,119.92769562,32.15213577,119.92769562,0.5567,0.00,0,10,split_xfeat,11,1,-1,1395.05,1239.73,1239.73
354,2059.00,32.15213577,119.92769562,32.15213577,119.92769562,32.15213577,119.92769562,0.5567,0.00,0,10,split_xfeat,11,1,-1,1368.69,1368.69,1368.69
355,2066.00,32.15213577,119.92769562,32.15213577,119.92769562,32.15213577,119.92769562,0.5567,0.00,0,10,split_xfeat,11,1,-1,1288.58,1288.58,1288.58
356,2073.00,32.23187383,119.92989494,32.15213577,119.92769562,32.15213577,119.92769562,0.5567,8878.86,1,1023,split_xfeat,11,1,-1,8043.39,7616.01,7616.01
357,2080.00,32.15996602,119.93999127,32.15213577,119.92769562,32.15213577,119.92769562,0.6033,1449.56,1,108,split_xfeat,13,1,-1,303.86,288.54,288.54
358,2087.00,32.15996602,119.93999127,32.15213577,119.92769562,32.15213577,119.92769562,0.6033,1449.56,1,108,split_xfeat,13,1,-1,363.24,183.88,183.88
359,2094.00,32.15996602,119.93999127,32.15213577,119.92769562,32.15213577,119.92769562,0.6033,1449.56,1,108,split_xfeat,13,1,2,381.11,68.15,68.15
360,2137.00,32.15617965,119.93782999,32.15213577,119.92769562,32.15213577,119.92769562,0.5800,1055.43,1,61,split_xfeat,12,1,4,314.79,140.18,140.18
361,2141.00,32.15617965,119.93782999,32.15213577,119.92769562,32.15213577,119.92769562,0.5800,1055.43,1,61,split_xfeat,12,1,4,293.74,11.81,11.81
362,2146.00,32.15617965,119.93782999,32.15213577,119.92769562,32.15213577,119.92769562,0.5800,1055.43,1,61,split_xfeat,12,1,4,381.63,122.35,122.35
363,2151.00,32.15213577,119.92769562,32.15213577,119.92769562,32.15213577,119.92769562,0.5567,0.00,0,10,split_xfeat,11,1,-1,1464.74,1464.74,1464.74
364,2155.00,32.15213577,119.92769562,32.15213577,119.92769562,32.15213577,119.92769562,0.5567,0.00,0,10,split_xfeat,11,1,-1,1530.84,1530.84,1530.84
365,2160.00,32.15213577,119.92769562,32.15213577,119.92769562,32.15213577,119.92769562,0.5567,0.00,0,10,split_xfeat,11,1,-1,1601.94,1477.75,1477.75
366,2165.00,32.15213577,119.92769562,32.15213577,119.92769562,32.15213577,119.92769562,0.5567,0.00,0,10,split_xfeat,11,1,-1,1611.13,1472.66,1472.66
367,2169.00,32.15213577,119.92769562,32.15213577,119.92769562,32.15213577,119.92769562,0.5567,0.00,0,10,split_xfeat,11,1,-1,1685.15,1540.34,1540.34
368,2174.00,32.15213577,119.92769562,32.15213577,119.92769562,32.15213577,119.92769562,0.5567,0.00,0,10,split_xfeat,11,1,-1,1770.42,1619.49,1619.49
369,2178.00,32.15213577,119.92769562,32.15213577,119.92769562,32.15213577,119.92769562,0.5567,0.00,0,10,split_xfeat,11,1,-1,1858.44,1702.25,1702.25
370,2182.00,32.15213577,119.92769562,32.15213577,119.92769562,32.15213577,119.92769562,0.5567,0.00,0,10,split_xfeat,11,1,-1,1896.77,1731.20,1731.20
371,2187.00,32.15213577,119.92769562,32.15213577,119.92769562,32.15213577,119.92769562,0.5567,0.00,0,10,split_xfeat,11,1,-1,1991.67,1822.51,1822.51
372,2191.00,32.15213577,119.92769562,32.15213577,119.92769562,32.15213577,119.92769562,0.5567,0.00,0,10,split_xfeat,11,1,-1,2088.18,1915.93,1915.93
373,2195.00,32.15213577,119.92769562,32.15213577,119.92769562,32.15213577,119.92769562,0.5567,0.00,0,10,split_xfeat,11,1,-1,2176.26,2001.57,2001.57
374,2200.00,32.15213577,119.92769562,32.15213577,119.92769562,32.15213577,119.92769562,0.5567,0.00,0,10,split_xfeat,11,1,-1,2275.30,2127.01,2127.01
375,2204.00,32.15213577,119.92769562,32.15213577,119.92769562,32.15213577,119.92769562,0.5567,0.00,0,10,split_xfeat,11,1,-1,2336.68,2209.67,2209.67
376,2209.00,32.15996602,119.93999127,32.15213577,119.92769562,32.15213577,119.92769562,0.6033,1449.56,1,108,split_xfeat,13,1,-1,1484.78,1484.78,1484.78
377,2213.00,32.15996602,119.93999127,32.15213577,119.92769562,32.15213577,119.92769562,0.6033,1449.56,1,108,split_xfeat,13,1,-1,1594.27,1594.27,1594.27
378,2218.00,32.15996602,119.93999127,32.15213577,119.92769562,32.15213577,119.92769562,0.6033,1449.56,1,108,split_xfeat,13,1,-1,1703.99,1703.99,1703.99
379,2222.00,32.15617965,119.93782999,32.15213577,119.92769562,32.15213577,119.92769562,0.5800,1055.43,1,61,split_xfeat,12,1,-1,2193.84,2011.78,2011.78
380,2227.00,32.15213577,119.92769562,32.15213577,119.92769562,32.15213577,119.92769562,0.5567,0.00,0,10,split_xfeat,11,1,-1,2816.96,2125.51,2125.51
381,2231.00,32.15213577,119.92769562,32.15213577,119.92769562,32.15213577,119.92769562,0.5567,0.00,0,10,split_xfeat,11,1,-1,2923.55,2732.32,2732.32
382,2236.00,32.15213577,119.92769562,32.15213577,119.92769562,32.15213577,119.92769562,0.5567,0.00,0,10,split_xfeat,11,1,-1,3030.48,2946.47,2946.47
383,2240.00,32.15213577,119.92769562,32.15213577,119.92769562,32.15213577,119.92769562,0.5567,0.00,0,10,split_xfeat,11,1,-1,3137.72,2429.66,2429.66
384,2245.00,32.15213577,119.92769562,32.15213577,119.92769562,32.15213577,119.92769562,0.5567,0.00,0,10,split_xfeat,11,1,-1,3245.23,2532.07,2532.07
385,2249.00,32.15213577,119.92769562,32.15213577,119.92769562,32.15213577,119.92769562,0.5567,0.00,0,10,split_xfeat,11,1,-1,3330.99,2671.39,2671.39
386,2254.00,32.15213577,119.92769562,32.15213577,119.92769562,32.15213577,119.92769562,0.5567,0.00,0,10,split_xfeat,11,1,-1,3428.79,2763.54,2763.54
387,2258.00,32.15213577,119.92769562,32.15213577,119.92769562,32.15213577,119.92769562,0.5567,0.00,0,10,split_xfeat,11,1,-1,3537.61,3342.21,3342.21
388,2263.00,32.15213577,119.92769562,32.15213577,119.92769562,32.15213577,119.92769562,0.5567,0.00,0,10,split_xfeat,11,1,-1,3646.58,3450.91,3450.91
389,2267.00,32.15213577,119.92769562,32.15213577,119.92769562,32.15213577,119.92769562,0.5567,0.00,0,10,split_xfeat,11,1,-1,3738.44,3541.55,3541.55
390,2272.00,32.22935834,119.95160919,32.15213577,119.92769562,32.15213577,119.92769562,0.5100,8886.64,1,1010,split_xfeat,9,1,-1,5052.41,3886.40,3886.40
391,2276.00,32.22935834,119.95160919,32.15213577,119.92769562,32.15213577,119.92769562,0.5100,8886.64,1,1010,split_xfeat,9,1,-1,4946.65,2944.48,2944.48
392,2280.00,32.24514168,119.92432974,32.15213577,119.92769562,32.15213577,119.92769562,0.5333,10358.27,1,1205,split_xfeat,10,1,-1,6437.59,3660.55,3660.55
393,2285.00,32.15617965,119.93782999,32.15213577,119.92769562,32.15213577,119.92769562,0.5800,1055.43,1,61,split_xfeat,12,1,-1,3735.00,3561.95,3561.95
394,2289.00,32.15213577,119.92769562,32.15213577,119.92769562,32.15213577,119.92769562,0.5567,0.00,0,10,split_xfeat,11,1,-1,4263.83,3687.49,3687.49
395,2294.00,32.15213577,119.92769562,32.15213577,119.92769562,32.15213577,119.92769562,0.5567,0.00,0,10,split_xfeat,11,1,-1,4374.26,3797.09,3797.09
396,2299.00,32.15213577,119.92769562,32.15213577,119.92769562,32.15213577,119.92769562,0.5567,0.00,0,10,split_xfeat,11,1,-1,4484.74,4466.43,4466.43
397,2303.00,32.15213577,119.92769562,32.15213577,119.92769562,32.15213577,119.92769562,0.5567,0.00,0,10,split_xfeat,11,1,-1,4595.25,4363.23,4363.23
398,2308.00,32.15213577,119.92769562,32.15213577,119.92769562,32.15213577,119.92769562,0.5567,0.00,0,10,split_xfeat,11,1,-1,4705.81,3434.00,3434.00
399,2312.00,32.22969095,119.93994055,32.15213577,119.92769562,32.15213577,119.92769562,0.5333,8710.15,1,1005,split_xfeat,10,1,-1,3887.41,3300.69,3300.69
400,2317.00,32.15840545,119.91107741,32.15213577,119.92769562,32.15213577,119.92769562,0.5100,1713.91,1,71,split_xfeat,9,1,-1,4751.07,3985.40,3985.40
401,2321.00,32.23186310,119.93995323,32.15213577,119.92769562,32.15213577,119.92769562,0.4867,8950.04,1,1028,split_xfeat,8,1,-1,3876.12,1165.92,1165.92
402,2325.00,32.23186310,119.93995323,32.15213577,119.92769562,32.15213577,119.92769562,0.4867,8950.04,1,1028,split_xfeat,8,1,-1,3766.96,2987.18,2987.18
403,2330.00,32.15213577,119.92769562,32.15213577,119.92769562,32.15213577,119.92769562,0.5567,0.00,0,10,split_xfeat,11,1,-1,5239.04,2937.94,2937.94
404,2334.00,32.15213577,119.92769562,32.15213577,119.92769562,32.15213577,119.92769562,0.5567,0.00,0,10,split_xfeat,11,1,-1,5342.84,3376.11,3376.11
405,2339.00,32.15213577,119.92769562,32.15213577,119.92769562,32.15213577,119.92769562,0.5567,0.00,0,10,split_xfeat,11,1,-1,5453.92,3268.44,3268.44
406,2344.00,32.15213577,119.92769562,32.15213577,119.92769562,32.15213577,119.92769562,0.5567,0.00,0,10,split_xfeat,11,1,-1,5553.89,2669.88,2669.88
407,2348.00,32.15213577,119.92769562,32.15213577,119.92769562,32.15213577,119.92769562,0.5567,0.00,0,10,split_xfeat,11,1,-1,5664.99,2567.78,2567.78
408,2353.00,32.15213577,119.92769562,32.15213577,119.92769562,32.15213577,119.92769562,0.5567,0.00,0,10,split_xfeat,11,1,-1,5771.04,2796.76,2796.76
409,2358.00,32.22969095,119.93994055,32.15213577,119.92769562,32.15213577,119.92769562,0.5333,8710.15,1,1005,split_xfeat,10,1,-1,2880.46,2409.09,2409.09
410,2363.00,32.22969095,119.93994055,32.15213577,119.92769562,32.15213577,119.92769562,0.5333,8710.15,1,1005,split_xfeat,10,1,-1,2775.44,2311.56,2311.56
411,2367.00,32.15213577,119.92769562,32.15213577,119.92769562,32.15213577,119.92769562,0.5567,0.00,0,10,split_xfeat,11,1,-1,6104.68,3163.69,3163.69
412,2372.00,32.15213577,119.92769562,32.15213577,119.92769562,32.15213577,119.92769562,0.5567,0.00,0,10,split_xfeat,11,1,-1,6215.89,2566.99,2566.99
413,2376.00,32.15213577,119.92769562,32.15213577,119.92769562,32.15213577,119.92769562,0.5567,0.00,0,10,split_xfeat,11,1,-1,6312.78,2511.20,2511.20
414,2381.00,32.15213577,119.92769562,32.15213577,119.92769562,32.15213577,119.92769562,0.5567,0.00,0,10,split_xfeat,11,1,-1,6424.06,2231.04,2231.04
415,2385.00,32.22969095,119.93994055,32.15213577,119.92769562,32.15213577,119.92769562,0.5333,8710.15,1,1005,split_xfeat,10,1,-1,2310.03,1793.34,1793.34
416,2389.00,32.17127631,119.90576581,32.15213577,119.92769562,32.15213577,119.92769562,0.5567,2967.67,1,253,split_xfeat,11,1,-1,4945.19,4860.82,4860.82
417,2394.00,32.17141098,119.91528585,32.15213577,119.92769562,32.15213577,119.92769562,0.4867,2443.47,1,234,split_xfeat,8,1,-1,4948.73,4897.21,4897.21
418,2398.00,32.23578896,119.92517930,32.15213577,119.92769562,32.15213577,119.92769562,0.6500,9315.29,1,1067,split_xfeat,15,1,-1,2348.90,2066.53,2066.53
419,2403.00,32.15213577,119.92769562,32.15213577,119.92769562,32.15213577,119.92769562,0.5567,0.00,0,10,split_xfeat,11,1,-1,6978.85,5093.00,5093.00
420,2408.00,32.23578896,119.92517930,32.15213577,119.92769562,32.15213577,119.92769562,0.6500,9315.29,1,1067,split_xfeat,15,1,-1,2138.98,1892.69,1892.69
421,2412.00,32.15213577,119.92769562,32.15213577,119.92769562,32.15213577,119.92769562,0.5567,0.00,0,10,split_xfeat,11,1,-1,7190.35,1553.79,1553.79
422,2417.00,32.15213577,119.92769562,32.15213577,119.92769562,32.15213577,119.92769562,0.5567,0.00,0,10,split_xfeat,11,1,-1,7301.66,1718.84,1718.84
423,2421.00,32.15213577,119.92769562,32.15213577,119.92769562,32.15213577,119.92769562,0.5567,0.00,0,10,split_xfeat,11,1,-1,7412.63,2517.72,2517.72
424,2426.00,32.15213577,119.92769562,32.15213577,119.92769562,32.15213577,119.92769562,0.5567,0.00,0,10,split_xfeat,11,1,-1,7523.95,2467.17,2467.17
425,2430.00,32.15996602,119.93999127,32.15213577,119.92769562,32.15213577,119.92769562,0.6033,1449.56,1,108,split_xfeat,13,1,-1,6943.29,2420.69,2420.69
426,2435.00,32.15617965,119.93782999,32.15213577,119.92769562,32.15213577,119.92769562,0.5800,1055.43,1,61,split_xfeat,12,1,-1,7406.03,2382.54,2382.54
427,2439.00,32.15617965,119.93782999,32.15213577,119.92769562,32.15213577,119.92769562,0.5800,1055.43,1,61,split_xfeat,12,1,-1,7516.31,2344.44,2344.44
428,2444.00,32.15617965,119.93782999,32.15213577,119.92769562,32.15213577,119.92769562,0.5800,1055.43,1,61,split_xfeat,12,1,-1,7639.78,2401.71,2401.71
429,2448.00,32.15617965,119.93782999,32.15213577,119.92769562,32.15213577,119.92769562,0.5800,1055.43,1,61,split_xfeat,12,1,-1,7749.93,7584.15,7584.15
430,2453.00,32.15617965,119.93782999,32.15213577,119.92769562,32.15213577,119.92769562,0.5800,1055.43,1,61,split_xfeat,12,1,-1,7860.11,7693.81,7693.81
431,2457.00,32.15213577,119.92769562,32.15213577,119.92769562,32.15213577,119.92769562,0.5567,0.00,0,10,split_xfeat,11,1,-1,8292.82,1318.76,1318.76
432,2462.00,32.22392556,119.94356571,32.15213577,119.92769562,32.15213577,119.92769562,0.5567,8130.25,1,938,split_xfeat,11,1,-1,1852.96,1422.19,1422.19
433,2467.00,32.22392556,119.94356571,32.15213577,119.92769562,32.15213577,119.92769562,0.5567,8130.25,1,938,split_xfeat,11,1,-1,1877.32,1411.83,1411.83
434,2471.00,32.15213577,119.92769562,32.15213577,119.92769562,32.15213577,119.92769562,0.5567,0.00,0,10,split_xfeat,11,1,-1,8617.39,2408.57,2408.57
435,2476.00,32.15996602,119.93999127,32.15213577,119.92769562,32.15213577,119.92769562,0.6033,1449.56,1,108,split_xfeat,13,1,-1,8050.36,2411.83,2411.83
436,2481.00,32.15996602,119.93999127,32.15213577,119.92769562,32.15213577,119.92769562,0.6033,1449.56,1,108,split_xfeat,13,1,-1,8159.99,2420.21,2420.21
437,2485.00,32.15996602,119.93999127,32.15213577,119.92769562,32.15213577,119.92769562,0.6033,1449.56,1,108,split_xfeat,13,1,-1,8286.22,1255.39,1255.39
438,2490.00,32.15996602,119.93999127,32.15213577,119.92769562,32.15213577,119.92769562,0.6033,1449.56,1,108,split_xfeat,13,1,-1,8395.72,1144.48,1144.48
439,2495.00,32.23144466,119.93115594,32.15213577,119.92769562,32.15213577,119.92769562,0.5333,8834.68,1,1024,split_xfeat,10,1,-1,789.72,789.72,789.72
440,2499.00,32.15840545,119.91107741,32.15213577,119.92769562,32.15213577,119.92769562,0.5100,1713.91,1,71,split_xfeat,9,1,-1,8768.15,1013.69,1013.69
441,2503.00,32.22947636,119.91841649,32.15213577,119.92769562,32.15213577,119.92769562,0.6033,8653.81,1,995,split_xfeat,13,1,-1,927.54,927.54,927.54
442,2508.00,32.22947636,119.91841649,32.15213577,119.92769562,32.15213577,119.92769562,0.6033,8653.81,1,995,split_xfeat,13,1,-1,980.93,980.93,980.93
443,2513.00,32.23148758,119.91519709,32.15213577,119.92769562,32.15213577,119.92769562,0.5100,8911.55,1,1016,split_xfeat,9,1,-1,1137.52,1137.52,1137.52
444,2517.00,32.22947636,119.91841649,32.15213577,119.92769562,32.22947636,119.91841649,0.6033,8653.81,1,995,split_xfeat,13,1,-1,1187.44,1076.54,1076.54
445,2522.00,32.22969095,119.93994055,32.22947636,119.91841649,32.22947636,119.91841649,0.5333,2027.61,1,1005,split_xfeat,10,1,-1,2014.63,2014.63,2014.63
446,2526.00,32.22947636,119.91841649,32.22947636,119.91841649,32.22947636,119.91841649,0.6033,0.00,0,995,split_xfeat,13,1,-1,1388.25,1388.25,1388.25
447,2531.00,32.22947636,119.91841649,32.22947636,119.91841649,32.22947636,119.91841649,0.6033,0.00,0,995,split_xfeat,13,1,-1,1472.52,1258.42,1258.42
448,2535.00,32.23148758,119.91519709,32.22947636,119.91841649,32.22947636,119.91841649,0.5100,376.95,1,1016,split_xfeat,9,1,-1,1525.76,1351.85,1351.85
449,2540.00,32.15617965,119.93782999,32.22947636,119.91841649,32.22947636,119.91841649,0.5800,8361.80,1,61,split_xfeat,12,1,-1,9974.48,3163.17,3163.17
450,2544.00,32.15617965,119.93782999,32.22947636,119.91841649,32.22947636,119.91841649,0.5800,8361.80,1,61,split_xfeat,12,1,-1,10084.57,3223.07,3223.07
451,2549.00,32.15213577,119.92769562,32.22947636,119.91841649,32.22947636,119.91841649,0.5567,8653.81,1,10,split_xfeat,11,1,-1,10501.36,2596.29,2596.29
452,2553.00,32.15213577,119.92769562,32.22947636,119.91841649,32.22947636,119.91841649,0.5567,8653.81,1,10,split_xfeat,11,1,-1,10612.51,2678.21,2678.21
453,2557.00,32.22935834,119.95160919,32.22947636,119.91841649,32.22947636,119.91841649,0.5100,3126.63,1,1010,split_xfeat,9,1,-1,3486.18,3486.18,3486.18
454,2602.00,32.15213577,119.92769562,32.22947636,119.91841649,32.22947636,119.91841649,0.5567,8653.81,1,10,split_xfeat,11,1,-1,10767.60,3308.12,3308.12
455,2608.00,32.15213577,119.92769562,32.22947636,119.91841649,32.22947636,119.91841649,0.5567,8653.81,1,10,split_xfeat,11,1,-1,10656.32,2543.42,2543.42
456,2615.00,32.22392556,119.94356571,32.22947636,119.91841649,32.22947636,119.91841649,0.5567,2448.21,1,938,split_xfeat,11,1,-1,3174.19,2454.48,2454.48
457,2621.00,32.15213577,119.92769562,32.22947636,119.91841649,32.15213577,119.92769562,0.5567,8653.81,1,10,split_xfeat,11,1,-1,10431.46,2308.80,2308.80
458,2628.00,32.23148758,119.91519709,32.15213577,119.92769562,32.15213577,119.92769562,0.5100,8911.55,1,1016,split_xfeat,9,1,-1,1813.15,1649.33,1649.33
459,2635.00,32.22947636,119.91841649,32.15213577,119.92769562,32.15213577,119.92769562,0.6033,8653.81,1,995,split_xfeat,13,1,-1,1712.15,1712.15,1712.15
460,2642.00,32.15213577,119.92769562,32.15213577,119.92769562,32.15213577,119.92769562,0.5567,0.00,0,10,split_xfeat,11,1,-1,10108.70,2062.44,2062.44
461,2649.00,32.15213577,119.92769562,32.15213577,119.92769562,32.15213577,119.92769562,0.5567,0.00,0,10,split_xfeat,11,1,-1,9997.41,1982.58,1982.58
462,2656.00,32.22969095,119.93994055,32.15213577,119.92769562,32.15213577,119.92769562,0.5333,8710.15,1,1005,split_xfeat,10,1,-1,1837.36,1837.36,1837.36
463,2663.00,32.22969095,119.93994055,32.15213577,119.92769562,32.15213577,119.92769562,0.5333,8710.15,1,1005,split_xfeat,10,1,-1,1761.37,1761.37,1761.37
464,2670.00,32.22969095,119.93994055,32.15213577,119.92769562,32.15213577,119.92769562,0.5333,8710.15,1,1005,split_xfeat,10,1,-1,1689.31,1689.31,1689.31
465,2677.00,32.22969095,119.93994055,32.15213577,119.92769562,32.15213577,119.92769562,0.5333,8710.15,1,1005,split_xfeat,10,1,-1,1621.69,1621.69,1621.69
466,2684.00,32.15213577,119.92769562,32.15213577,119.92769562,32.15213577,119.92769562,0.5567,0.00,0,10,split_xfeat,11,1,-1,9439.32,1559.09,1559.09
467,2690.00,32.15213577,119.92769562,32.15213577,119.92769562,32.15213577,119.92769562,0.5567,0.00,0,10,split_xfeat,11,1,-1,9327.33,1420.46,1420.46
468,2696.00,32.15213577,119.92769562,32.15213577,119.92769562,32.15213577,119.92769562,0.5567,0.00,0,10,split_xfeat,11,1,-1,9227.15,480.51,480.51
469,2702.00,32.15213577,119.92769562,32.15213577,119.92769562,32.15213577,119.92769562,0.5567,0.00,0,10,split_xfeat,11,1,-1,9115.83,1324.68,1324.68
470,2709.00,32.15213577,119.92769562,32.15213577,119.92769562,32.15213577,119.92769562,0.5567,0.00,0,10,split_xfeat,11,1,-1,9004.51,1285.43,1285.43
471,2716.00,32.15213577,119.92769562,32.15213577,119.92769562,32.15213577,119.92769562,0.5567,0.00,0,10,split_xfeat,11,1,-1,8893.47,1163.48,1163.48
472,2722.00,32.15213577,119.92769562,32.15213577,119.92769562,32.15213577,119.92769562,0.5567,0.00,0,10,split_xfeat,11,1,-1,8782.16,2133.70,2133.70
473,2728.00,32.15213577,119.92769562,32.15213577,119.92769562,32.15213577,119.92769562,0.5567,0.00,0,10,split_xfeat,11,1,-1,8670.84,1128.15,1128.15
474,2734.00,32.15213577,119.92769562,32.15213577,119.92769562,32.15213577,119.92769562,0.5567,0.00,0,10,split_xfeat,11,1,-1,8570.66,1126.33,1126.33
475,2740.00,32.15213577,119.92769562,32.15213577,119.92769562,32.15213577,119.92769562,0.5567,0.00,0,10,split_xfeat,11,1,-1,8459.34,1134.73,1134.73
476,2747.00,32.15213577,119.92769562,32.15213577,119.92769562,32.15213577,119.92769562,0.5567,0.00,0,10,split_xfeat,11,1,-1,8349.39,1033.07,1033.07
477,2754.00,32.15213577,119.92769562,32.15213577,119.92769562,32.15213577,119.92769562,0.5567,0.00,0,10,split_xfeat,11,1,-1,8238.09,1093.95,1093.95
478,2760.00,32.15213577,119.92769562,32.15213577,119.92769562,32.15213577,119.92769562,0.5567,0.00,0,10,split_xfeat,11,1,-1,8126.80,1135.81,1135.81
479,2766.00,32.15213577,119.92769562,32.15213577,119.92769562,32.15213577,119.92769562,0.5567,0.00,0,10,split_xfeat,11,1,-1,8015.50,1101.68,1101.68
480,2772.00,32.23144466,119.93115594,32.15213577,119.92769562,32.15213577,119.92769562,0.5333,8834.68,1,1024,split_xfeat,10,1,-1,927.02,927.02,927.02
481,2779.00,32.15310142,119.95040459,32.15213577,119.92769562,32.15213577,119.92769562,0.5333,2141.79,1,21,split_xfeat,10,1,-1,8039.21,7169.05,7169.05
482,2785.00,32.15310142,119.95040459,32.15213577,119.92769562,32.15213577,119.92769562,0.5333,2141.79,1,21,split_xfeat,10,1,-1,7931.21,7060.36,7060.36
483,2791.00,32.15310142,119.95040459,32.15213577,119.92769562,32.15213577,119.92769562,0.5333,2141.79,1,21,split_xfeat,10,1,-1,7823.31,6951.75,6951.75
484,2798.00,32.23187383,119.92989494,32.15213577,119.92769562,32.15213577,119.92769562,0.5567,8878.86,1,1023,split_xfeat,11,1,-1,1333.20,1333.20,1333.20
485,2804.00,32.15213577,119.92769562,32.15213577,119.92769562,32.15213577,119.92769562,0.5567,0.00,0,10,split_xfeat,11,1,-1,7361.63,2302.02,2302.02
486,2811.00,32.15213577,119.92769562,32.15213577,119.92769562,32.15213577,119.92769562,0.5567,0.00,0,10,split_xfeat,11,1,-1,7254.40,1595.49,1595.49
487,2818.00,32.15213577,119.92769562,32.15213577,119.92769562,32.15213577,119.92769562,0.5567,0.00,0,10,split_xfeat,11,1,-1,7154.33,1681.37,1681.37
488,2824.00,32.15213577,119.92769562,32.15213577,119.92769562,32.15213577,119.92769562,0.5567,0.00,0,10,split_xfeat,11,1,-1,7043.15,2418.66,2418.66
489,2831.00,32.15213577,119.92769562,32.15213577,119.92769562,32.15213577,119.92769562,0.5567,0.00,0,10,split_xfeat,11,1,-1,6931.98,1877.30,1877.30
490,2838.00,32.15213577,119.92769562,32.15213577,119.92769562,32.15213577,119.92769562,0.5567,0.00,0,10,split_xfeat,11,1,-1,6820.81,1977.39,1977.39
491,2845.00,32.15213577,119.92769562,32.15213577,119.92769562,32.15213577,119.92769562,0.5567,0.00,0,10,split_xfeat,11,1,-1,6715.31,2582.43,2582.43
492,2852.00,32.22935834,119.95160919,32.15213577,119.92769562,32.15213577,119.92769562,0.5100,8886.64,1,1010,split_xfeat,9,1,-1,2665.39,2665.39,2665.39
493,2859.00,32.22935834,119.95160919,32.15213577,119.92769562,32.15213577,119.92769562,0.5100,8886.64,1,1010,split_xfeat,9,1,-1,2750.36,2063.29,2063.29
494,2866.00,32.15996602,119.93999127,32.15213577,119.92769562,32.15213577,119.92769562,0.6033,1449.56,1,108,split_xfeat,13,1,-1,5627.42,2828.39,2828.39
495,2873.00,32.15996602,119.93999127,32.15213577,119.92769562,32.15213577,119.92769562,0.6033,1449.56,1,108,split_xfeat,13,1,-1,5505.11,2861.19,2861.19
496,2880.00,32.15996602,119.93999127,32.15213577,119.92769562,32.15213577,119.92769562,0.6033,1449.56,1,108,split_xfeat,13,1,-1,5394.60,2952.70,2952.70
497,2887.00,32.15213577,119.92769562,32.15213577,119.92769562,32.15213577,119.92769562,0.5567,0.00,0,10,split_xfeat,11,1,-1,6067.90,3045.53,3045.53
498,2894.00,32.15213577,119.92769562,32.15213577,119.92769562,32.15213577,119.92769562,0.5567,0.00,0,10,split_xfeat,11,1,-1,5957.04,3139.56,3139.56
499,2901.00,32.15136325,119.92486230,32.15213577,119.92769562,32.15213577,119.92769562,0.5100,280.40,1,9,split_xfeat,9,1,-1,5868.22,5868.22,5868.22
500,2908.00,32.15136325,119.92486230,32.15213577,119.92769562,32.15213577,119.92769562,0.5100,280.40,1,9,split_xfeat,9,1,-1,5781.78,3275.25,3275.25
501,2915.00,32.17860820,119.90519521,32.15213577,119.92769562,32.15213577,119.92769562,0.4633,3629.92,1,322,split_xfeat,7,1,-1,3854.51,3428.44,3428.44
502,2922.00,32.23105840,119.94487175,32.15213577,119.92769562,32.15213577,119.92769562,0.4867,8933.40,1,1030,split_xfeat,8,1,-1,3439.03,3388.60,3388.60
503,2928.00,32.17141098,119.91528585,32.15213577,119.92769562,32.15213577,119.92769562,0.4867,2443.47,1,234,split_xfeat,8,1,-1,3853.79,3695.40,3695.40
504,2935.00,32.17860820,119.90519521,32.15213577,119.92769562,32.15213577,119.92769562,0.4633,3629.92,1,322,split_xfeat,7,1,-1,3618.35,3202.59,3202.59
505,2941.00,32.15136325,119.92486230,32.15213577,119.92769562,32.15213577,119.92769562,0.5100,280.40,1,9,split_xfeat,9,1,-1,5247.63,3735.95,3735.95
506,2948.00,32.15213577,119.92769562,32.15213577,119.92769562,32.15213577,119.92769562,0.5567,0.00,0,10,split_xfeat,11,1,-1,5105.58,3838.58,3838.58
507,2954.00,32.22935834,119.95160919,32.15213577,119.92769562,32.15213577,119.92769562,0.5100,8886.64,1,1010,split_xfeat,9,1,-1,3931.36,2638.04,2638.04
508,2961.00,32.15213577,119.92769562,32.15213577,119.92769562,32.15213577,119.92769562,0.5567,0.00,0,10,split_xfeat,11,1,-1,4896.36,4034.85,4034.85
509,2967.00,32.15213577,119.92769562,32.15213577,119.92769562,32.15213577,119.92769562,0.5567,0.00,0,10,split_xfeat,11,1,-1,4801.66,2399.07,2399.07
510,2973.00,32.22935834,119.95160919,32.15213577,119.92769562,32.15213577,119.92769562,0.5100,8886.64,1,1010,split_xfeat,9,1,-1,4211.41,2291.12,2291.12
511,2979.00,32.25313288,119.94178483,32.15213577,119.92769562,32.15213577,119.92769562,0.6033,11321.06,1,1305,split_xfeat,13,1,-1,6717.28,3447.14,3447.14
512,2985.00,32.25313288,119.94178483,32.15213577,119.92769562,32.15213577,119.92769562,0.6033,11321.06,1,1305,split_xfeat,13,1,-1,6828.20,3287.85,3287.85
513,2991.00,32.24087840,119.95219816,32.15213577,119.92769562,32.15213577,119.92769562,0.6267,10144.87,1,1149,split_xfeat,14,1,-1,5735.24,4528.45,4528.45
514,2997.00,32.24087840,119.95219816,32.15213577,119.92769562,32.15213577,119.92769562,0.6267,10144.87,1,1149,split_xfeat,14,1,-1,5806.96,4596.95,4596.95
515,3004.00,32.24087840,119.95219816,32.15213577,119.92769562,32.15213577,119.92769562,0.6267,10144.87,1,1149,split_xfeat,14,1,-1,5914.68,4703.98,4703.98
516,3010.00,32.24087840,119.95219816,32.15213577,119.92769562,32.15213577,119.92769562,0.6267,10144.87,1,1149,split_xfeat,14,1,-1,6022.53,4811.20,4811.20
517,3017.00,32.15213577,119.92769562,32.15213577,119.92769562,32.15213577,119.92769562,0.5567,0.00,0,10,split_xfeat,11,1,-1,3959.18,3174.26,3174.26
518,3022.00,32.15213577,119.92769562,32.15213577,119.92769562,32.15213577,119.92769562,0.5567,0.00,0,10,split_xfeat,11,1,-1,3851.00,3067.44,3067.44
519,3028.00,32.22392556,119.94356571,32.15213577,119.92769562,32.15213577,119.92769562,0.5567,8130.25,1,938,split_xfeat,11,1,-1,4411.10,2934.40,2934.40
520,3034.00,32.22392556,119.94356571,32.15213577,119.92769562,32.15213577,119.92769562,0.5567,8130.25,1,938,split_xfeat,11,1,-1,4521.46,3468.55,3468.55
521,3039.00,32.15213577,119.92769562,32.15213577,119.92769562,32.15213577,119.92769562,0.5567,0.00,0,10,split_xfeat,11,1,-1,3564.10,3372.88,3372.88
522,3045.00,32.15213577,119.92769562,32.15213577,119.92769562,32.15213577,119.92769562,0.5567,0.00,0,10,split_xfeat,11,1,-1,3457.55,983.00,983.00
523,3050.00,32.15213577,119.92769562,32.15213577,119.92769562,32.15213577,119.92769562,0.5567,0.00,0,10,split_xfeat,11,1,-1,3351.30,3351.30,3351.30
524,3056.00,32.22935834,119.95160919,32.15213577,119.92769562,32.15213577,119.92769562,0.5100,8886.64,1,1010,split_xfeat,9,1,-1,5624.33,3349.17,3349.17
525,3062.00,32.15996602,119.93999127,32.15213577,119.92769562,32.15213577,119.92769562,0.6033,1449.56,1,108,split_xfeat,13,1,-1,2172.80,2172.80,2172.80
526,3068.00,32.15996602,119.93999127,32.15213577,119.92769562,32.15213577,119.92769562,0.6033,1449.56,1,108,split_xfeat,13,1,-1,2061.58,1662.05,1662.05
527,3074.00,32.15996602,119.93999127,32.15213577,119.92769562,32.15213577,119.92769562,0.6033,1449.56,1,108,split_xfeat,13,1,-1,1961.49,1961.49,1961.49
528,3080.00,32.22935834,119.95160919,32.15213577,119.92769562,32.15213577,119.92769562,0.5100,8886.64,1,1010,split_xfeat,9,1,-1,6050.84,1959.21,1959.21
529,3086.00,32.24514168,119.92432974,32.15213577,119.92769562,32.15213577,119.92769562,0.5333,10358.27,1,1205,split_xfeat,10,1,-1,7987.64,2136.80,2136.80
530,3092.00,32.25313288,119.94178483,32.15213577,119.92769562,32.15213577,119.92769562,0.6033,11321.06,1,1305,split_xfeat,13,1,-1,8776.71,1099.13,1099.13
531,3099.00,32.25313288,119.94178483,32.15213577,119.92769562,32.15213577,119.92769562,0.6033,11321.06,1,1305,split_xfeat,13,1,-1,8888.00,996.08,996.08
532,3106.00,32.25313288,119.94178483,32.15213577,119.92769562,32.15213577,119.92769562,0.6033,11321.06,1,1305,split_xfeat,13,1,-1,8999.29,826.31,826.31
533,3112.00,32.25313288,119.94178483,32.15213577,119.92769562,32.25313288,119.94178483,0.6033,11321.06,1,1305,split_xfeat,13,1,-1,9109.05,698.91,698.91
534,3119.00,32.17387764,119.94688087,32.25313288,119.94178483,32.25313288,119.94178483,0.5567,8835.74,1,295,split_xfeat,11,1,-1,646.85,421.07,421.07
535,3126.00,32.22935834,119.95160919,32.25313288,119.94178483,32.25313288,119.94178483,0.5100,2803.71,1,1010,split_xfeat,9,1,-1,6780.18,529.79,529.79
536,3133.00,32.15996602,119.93999127,32.25313288,119.94178483,32.25313288,119.94178483,0.6033,10372.71,1,108,split_xfeat,13,1,-1,973.69,973.69,973.69
537,3139.00,32.15996602,119.93999127,32.25313288,119.94178483,32.25313288,119.94178483,0.6033,10372.71,1,108,split_xfeat,13,1,-1,863.01,863.01,863.01
538,3145.00,32.15996602,119.93999127,32.25313288,119.94178483,32.25313288,119.94178483,0.6033,10372.71,1,108,split_xfeat,13,1,-1,770.55,396.13,396.13
539,3151.00,32.15996602,119.93999127,32.25313288,119.94178483,32.25313288,119.94178483,0.6033,10372.71,1,108,split_xfeat,13,1,-1,663.36,303.75,303.75
540,3157.00,32.15617965,119.93782999,32.25313288,119.94178483,32.25313288,119.94178483,0.5800,10799.26,1,61,split_xfeat,12,1,-1,1013.73,759.42,759.42
541,3164.00,32.15617965,119.93782999,32.25313288,119.94178483,32.25313288,119.94178483,0.5800,10799.26,1,61,split_xfeat,12,1,-1,912.13,652.36,652.36
542,3170.00,32.15996602,119.93999127,32.25313288,119.94178483,32.25313288,119.94178483,0.6033,10372.71,1,108,split_xfeat,13,1,-1,366.67,366.67,366.67
543,3177.00,32.15996602,119.93999127,32.25313288,119.94178483,32.15996602,119.93999127,0.6033,10372.71,1,108,split_xfeat,13,1,-1,350.14,350.14,350.14
544,3184.00,32.15213577,119.92769562,32.15996602,119.93999127,32.15996602,119.93999127,0.5567,1449.56,1,10,split_xfeat,11,1,-1,1732.61,407.47,407.47
545,3191.00,32.15213577,119.92769562,32.15996602,119.93999127,32.15996602,119.93999127,0.5567,1449.56,1,10,split_xfeat,11,1,-1,1678.19,1595.35,1595.35
546,3198.00,32.15213577,119.92769562,32.15996602,119.93999127,32.15996602,119.93999127,0.5567,1449.56,1,10,split_xfeat,11,1,-1,1629.58,1558.49,1558.49
547,3204.00,32.15213577,119.92769562,32.15996602,119.93999127,32.15996602,119.93999127,0.5567,1449.56,1,10,split_xfeat,11,1,-1,1591.22,331.76,331.76
548,3247.00,32.15617965,119.93782999,32.15996602,119.93999127,32.15996602,119.93999127,0.5800,468.09,1,61,split_xfeat,12,1,-1,795.10,569.58,569.58
549,3251.00,32.23966598,119.91195233,32.15996602,119.93999127,32.23966201,119.91195372,0.7433,9256.97,0,1129,split_xfeat,19,1,-1,9693.37,1728.82,1728.82
550,3256.00,32.23966598,119.91195233,32.24240699,119.91098802,32.24003182,119.91182362,0.7433,318.36,0,1129,split_xfeat,19,1,-1,9589.07,1620.25,1620.25
551,3260.00,32.15213577,119.92769562,32.24064272,119.91160870,32.24064272,119.91160870,0.5567,9968.44,1,10,split_xfeat,11,1,-1,2000.84,780.61,780.61
552,3264.00,32.15617965,119.93782999,32.24125363,119.91139378,32.24125363,119.91139378,0.5800,9792.35,1,61,split_xfeat,12,1,-1,1004.20,722.87,722.87
553,3269.00,32.15617965,119.93782999,32.24201727,119.91112513,32.24201727,119.91112513,0.5800,9881.00,1,61,split_xfeat,12,1,-1,1014.06,731.84,731.84
554,3273.00,32.15617965,119.93782999,32.24262818,119.91091021,32.24262818,119.91091021,0.5800,9951.92,1,61,split_xfeat,12,1,-1,1090.84,810.63,810.63
555,3278.00,32.22935834,119.95160919,32.24339182,119.91064156,32.24339182,119.91064156,0.5100,4163.19,1,1010,split_xfeat,9,1,-1,7251.07,903.17,903.17
556,3282.00,32.15996602,119.93999127,32.24400273,119.91042664,32.24400273,119.91042664,0.6033,9760.68,1,108,split_xfeat,13,1,-1,829.08,829.08,829.08
557,3287.00,32.22935834,119.95160919,32.24476636,119.91015798,32.24476636,119.91015798,0.5100,4264.65,1,1010,split_xfeat,9,1,-1,7036.69,820.29,820.29
558,3292.00,32.17238144,119.94397147,32.24553000,119.90988933,32.24553000,119.90988933,0.5333,8752.91,1,271,split_xfeat,10,1,-1,498.46,498.46,498.46
559,3296.00,32.15953685,119.94888999,32.24614091,119.90967441,32.24614091,119.90967441,0.5333,10324.22,1,112,split_xfeat,10,1,-1,1096.36,387.25,387.25
560,3301.00,32.25348695,119.95063283,32.24690455,119.90940576,32.25348695,119.95063283,0.5800,3951.94,1,1309,split_xfeat,12,1,-1,9307.20,287.22,287.22
561,3306.00,32.15213577,119.92769562,32.25348695,119.95063283,32.25348695,119.95063283,0.5567,11487.43,1,10,split_xfeat,11,1,-1,2568.98,2568.98,2568.98
562,3310.00,32.24514168,119.92432974,32.25348695,119.95063283,32.25348695,119.95063283,0.5333,2646.07,1,1205,split_xfeat,10,1,-1,8434.39,2721.88,2721.88
563,3315.00,32.25313288,119.94178483,32.25348695,119.95063283,32.25348695,119.95063283,0.6033,834.37,1,1305,split_xfeat,13,1,-1,8953.06,2810.08,2810.08
564,3320.00,32.15996602,119.93999127,32.25348695,119.95063283,32.25348695,119.95063283,0.6033,10458.90,1,108,split_xfeat,13,1,-1,1584.88,1584.88,1584.88
565,3324.00,32.15996602,119.93999127,32.25348695,119.95063283,32.25348695,119.95063283,0.6033,10458.90,1,108,split_xfeat,13,1,-1,1694.48,1694.48,1694.48
566,3329.00,32.15213577,119.92769562,32.25348695,119.95063283,32.25348695,119.95063283,0.5567,11487.43,1,10,split_xfeat,11,1,-1,2978.99,2002.00,2002.00
567,3333.00,32.22935834,119.95160919,32.25348695,119.95063283,32.25348695,119.95063283,0.5100,2687.57,1,1010,split_xfeat,9,1,-1,5973.29,281.60,281.60
568,3338.00,32.25313288,119.94178483,32.25348695,119.95063283,32.25348695,119.95063283,0.6033,834.37,1,1305,split_xfeat,13,1,-1,8407.18,392.89,392.89
569,3343.00,32.25313288,119.94178483,32.25348695,119.95063283,32.25348695,119.95063283,0.6033,834.37,1,1305,split_xfeat,13,1,-1,8295.86,1320.50,1320.50
570,3347.00,32.24514168,119.92432974,32.25348695,119.95063283,32.24514168,119.92432974,0.5333,2646.07,1,1205,split_xfeat,10,1,-1,7554.36,1628.70,1628.70
571,3352.00,32.23385286,119.94648779,32.24514168,119.92432974,32.24514168,119.92432974,0.6033,2436.31,1,1054,split_xfeat,13,1,-1,5887.31,2362.15,2362.15
572,3357.00,32.25313288,119.90907397,32.24514168,119.92432974,32.24514168,119.92432974,0.5567,1690.09,1,1290,split_xfeat,11,1,-1,8473.11,1840.90,1840.90
573,3361.00,32.24087840,119.95219816,32.24514168,119.92432974,32.24514168,119.92432974,0.6267,2667.64,1,1149,split_xfeat,14,1,-1,6543.93,6384.04,6384.04
574,3366.00,32.25313288,119.94178483,32.24514168,119.92432974,32.24514168,119.92432974,0.6033,1869.42,1,1305,split_xfeat,13,1,-1,7751.05,2052.12,2052.12
575,3371.00,32.15213577,119.92769562,32.24514168,119.92432974,32.24514168,119.92432974,0.5567,10358.27,1,10,split_xfeat,11,1,-1,3790.33,2806.09,2806.09
576,3376.00,32.15213577,119.92769562,32.24514168,119.92432974,32.24514168,119.92432974,0.5567,10358.27,1,10,split_xfeat,11,1,-1,3895.10,2915.69,2915.69
577,3381.00,32.15213577,119.92769562,32.24514168,119.92432974,32.24514168,119.92432974,0.5567,10358.27,1,10,split_xfeat,11,1,-1,3970.65,3042.44,3042.44
578,3385.00,32.22935834,119.95160919,32.24514168,119.92432974,32.24514168,119.92432974,0.5100,3112.86,1,1010,split_xfeat,9,1,-1,4809.28,2759.93,2759.93
579,3390.00,32.24087840,119.95219816,32.24514168,119.92432974,32.24514168,119.92432974,0.6267,2667.64,1,1149,split_xfeat,14,1,-1,5915.86,2636.07,2636.07
580,3395.00,32.24514168,119.92432974,32.24514168,119.92432974,32.24514168,119.92432974,0.5333,0.00,0,1205,split_xfeat,10,1,-1,6448.39,3706.41,3706.41
581,3400.00,32.25313288,119.94178483,32.24514168,119.92432974,32.24514168,119.92432974,0.6033,1869.42,1,1305,split_xfeat,13,1,-1,6988.29,2859.98,2859.98
582,3404.00,32.25313288,119.94178483,32.24514168,119.92432974,32.24514168,119.92432974,0.6033,1869.42,1,1305,split_xfeat,13,1,-1,6877.07,2772.65,2772.65
583,3408.00,32.22935834,119.95160919,32.24514168,119.92432974,32.24514168,119.92432974,0.5100,3112.86,1,1010,split_xfeat,9,1,-1,4300.03,3312.97,3312.97
584,3413.00,32.15213577,119.92769562,32.24514168,119.92432974,32.24514168,119.92432974,0.5567,10358.27,1,10,split_xfeat,11,1,-1,4685.12,3814.57,3814.57
585,3417.00,32.15213577,119.92769562,32.24514168,119.92432974,32.24514168,119.92432974,0.5567,10358.27,1,10,split_xfeat,11,1,-1,4793.35,4085.04,4085.04
586,3422.00,32.15213577,119.92769562,32.24514168,119.92432974,32.24514168,119.92432974,0.5567,10358.27,1,10,split_xfeat,11,1,-1,4881.23,2405.17,2405.17
587,3427.00,32.22935834,119.95160919,32.24514168,119.92432974,32.24514168,119.92432974,0.5100,3112.86,1,1010,split_xfeat,9,1,-1,3909.10,2504.13,2504.13
588,3432.00,32.15213577,119.92769562,32.24514168,119.92432974,32.24514168,119.92432974,0.5567,10358.27,1,10,split_xfeat,11,1,-1,5088.30,3803.16,3803.16
589,3437.00,32.15213577,119.92769562,32.24514168,119.92432974,32.24514168,119.92432974,0.5567,10358.27,1,10,split_xfeat,11,1,-1,5197.43,3697.54,3697.54
590,3442.00,32.15213577,119.92769562,32.24514168,119.92432974,32.15213577,119.92769562,0.5567,10358.27,1,10,split_xfeat,11,1,-1,5306.64,3592.25,3592.25
591,3446.00,32.15213577,119.92769562,32.15213577,119.92769562,32.15213577,119.92769562,0.5567,0.00,0,10,split_xfeat,11,1,-1,5399.07,3520.44,3520.44
592,3451.00,32.15213577,119.92769562,32.15213577,119.92769562,32.15213577,119.92769562,0.5567,0.00,0,10,split_xfeat,11,1,-1,5508.79,3416.96,3416.96
593,3455.00,32.15617965,119.93782999,32.15213577,119.92769562,32.15213577,119.92769562,0.5800,1055.43,1,61,split_xfeat,12,1,-1,5131.89,3324.25,3324.25
594,3460.00,32.15996602,119.93999127,32.15213577,119.92769562,32.15213577,119.92769562,0.6033,1449.56,1,108,split_xfeat,13,1,-1,4850.60,3221.78,3221.78
595,3465.00,32.15996602,119.93999127,32.15213577,119.92769562,32.15213577,119.92769562,0.6033,1449.56,1,108,split_xfeat,13,1,-1,4961.74,3119.91,3119.91
596,3470.00,32.15136325,119.92486230,32.15213577,119.92769562,32.15213577,119.92769562,0.5100,280.40,1,9,split_xfeat,9,1,-1,5954.60,2958.27,2958.27
597,3474.00,32.21884684,119.95176704,32.15213577,119.92769562,32.15213577,119.92769562,0.6267,7764.71,1,873,split_xfeat,14,1,-1,2120.97,1977.26,1977.26
598,3479.00,32.22969095,119.93994055,32.15213577,119.92769562,32.15213577,119.92769562,0.5333,8710.15,1,1005,split_xfeat,10,1,-1,2539.55,2539.55,2539.55
599,3483.00,32.15213577,119.92769562,32.15213577,119.92769562,32.15213577,119.92769562,0.5567,0.00,0,10,split_xfeat,11,1,-1,6254.22,1889.56,1889.56
600,3488.00,32.22969095,119.93994055,32.15213577,119.92769562,32.15213577,119.92769562,0.5333,8710.15,1,1005,split_xfeat,10,1,-1,2347.43,2347.43,2347.43
601,3492.00,32.15310142,119.95040459,32.15213577,119.92769562,32.15213577,119.92769562,0.5333,2141.79,1,21,split_xfeat,10,1,-1,6576.34,2434.40,2434.40
602,3496.00,32.15213577,119.92769562,32.15213577,119.92769562,32.15213577,119.92769562,0.5567,0.00,0,10,split_xfeat,11,1,-1,6563.16,2129.69,2129.69
603,3500.00,32.15213577,119.92769562,32.15213577,119.92769562,32.15213577,119.92769562,0.5567,0.00,0,10,split_xfeat,11,1,-1,6673.79,2021.22,2021.22
604,3505.00,32.15213577,119.92769562,32.15213577,119.92769562,32.15213577,119.92769562,0.5567,0.00,0,10,split_xfeat,11,1,-1,6784.45,1421.31,1421.31
605,3510.00,32.15213577,119.92769562,32.15213577,119.92769562,32.15213577,119.92769562,0.5567,0.00,0,10,split_xfeat,11,1,-1,6885.74,1373.86,1373.86
606,3514.00,32.15213577,119.92769562,32.15213577,119.92769562,32.15213577,119.92769562,0.5567,0.00,0,10,split_xfeat,11,1,-1,6996.59,1726.29,1726.29
607,3519.00,32.15213577,119.92769562,32.15213577,119.92769562,32.15213577,119.92769562,0.5567,0.00,0,10,split_xfeat,11,1,-1,7096.36,1203.45,1203.45
608,3523.00,32.15213577,119.92769562,32.15213577,119.92769562,32.15213577,119.92769562,0.5567,0.00,0,10,split_xfeat,11,1,-1,7207.24,1119.41,1119.41
609,3528.00,32.15213577,119.92769562,32.15213577,119.92769562,32.15213577,119.92769562,0.5567,0.00,0,10,split_xfeat,11,1,-1,7318.13,1040.50,1040.50
610,3533.00,32.15213577,119.92769562,32.15213577,119.92769562,32.15213577,119.92769562,0.5567,0.00,0,10,split_xfeat,11,1,-1,7421.52,1043.64,1043.64
611,3537.00,32.15213577,119.92769562,32.15213577,119.92769562,32.15213577,119.92769562,0.5567,0.00,0,10,split_xfeat,11,1,-1,7532.54,6829.10,6829.10
612,3542.00,32.15213577,119.92769562,32.15213577,119.92769562,32.15213577,119.92769562,0.5567,0.00,0,10,split_xfeat,11,1,-1,7643.57,1921.26,1921.26
613,3547.00,32.15310142,119.95040459,32.15213577,119.92769562,32.15213577,119.92769562,0.5333,2141.79,1,21,split_xfeat,10,1,-1,7899.61,1872.36,1872.36
614,3552.00,32.15310142,119.95040459,32.15213577,119.92769562,32.15213577,119.92769562,0.5333,2141.79,1,21,split_xfeat,10,1,-1,8008.49,1006.60,1006.60
615,3556.00,32.15213577,119.92769562,32.15213577,119.92769562,32.15213577,119.92769562,0.5567,0.00,0,10,split_xfeat,11,1,-1,7959.72,1867.09,1867.09
616,3561.00,32.15213577,119.92769562,32.15213577,119.92769562,32.15213577,119.92769562,0.5567,0.00,0,10,split_xfeat,11,1,-1,8070.87,1831.13,1831.13
617,3566.00,32.15213577,119.92769562,32.15213577,119.92769562,32.15213577,119.92769562,0.5567,0.00,0,10,split_xfeat,11,1,-1,8182.01,1801.34,1801.34
618,3571.00,32.15213577,119.92769562,32.15213577,119.92769562,32.15213577,119.92769562,0.5567,0.00,0,10,split_xfeat,11,1,-1,8293.17,989.85,989.85
619,3576.00,32.15213577,119.92769562,32.15213577,119.92769562,32.15213577,119.92769562,0.5567,0.00,0,10,split_xfeat,11,1,-1,8399.80,1855.03,1855.03
620,3581.00,32.15213577,119.92769562,32.15213577,119.92769562,32.15213577,119.92769562,0.5567,0.00,0,10,split_xfeat,11,1,-1,8499.90,1846.49,1846.49
621,3585.00,32.15213577,119.92769562,32.15213577,119.92769562,32.15213577,119.92769562,0.5567,0.00,0,10,split_xfeat,11,1,-1,8611.12,843.36,843.36
622,3590.00,32.15213577,119.92769562,32.15213577,119.92769562,32.15213577,119.92769562,0.5567,0.00,0,10,split_xfeat,11,1,-1,8722.35,851.17,851.17
623,3594.00,32.15213577,119.92769562,32.15213577,119.92769562,32.15213577,119.92769562,0.5567,0.00,0,10,split_xfeat,11,1,-1,8833.57,873.21,873.21
624,3599.00,32.22969095,119.93994055,32.15213577,119.92769562,32.15213577,119.92769562,0.5333,8710.15,1,1005,split_xfeat,10,1,-1,996.51,996.51,996.51
625,3603.00,32.15213577,119.92769562,32.15213577,119.92769562,32.15213577,119.92769562,0.5567,0.00,0,10,split_xfeat,11,1,-1,9052.82,1039.52,1039.52
626,3608.00,32.15213577,119.92769562,32.15213577,119.92769562,32.15213577,119.92769562,0.5567,0.00,0,10,split_xfeat,11,1,-1,9164.09,1092.23,1092.23
627,3612.00,32.22446203,119.94175947,32.15213577,119.92769562,32.15213577,119.92769562,0.5100,8159.62,1,937,split_xfeat,9,1,-1,1697.92,1697.92,1697.92
628,3617.00,32.15213577,119.92769562,32.15213577,119.92769562,32.15213577,119.92769562,0.5567,0.00,0,10,split_xfeat,11,1,-1,9375.51,1782.12,1782.12
629,3621.00,32.15310142,119.95040459,32.15213577,119.92769562,32.15213577,119.92769562,0.5333,2141.79,1,21,split_xfeat,10,1,-1,9698.37,2249.64,2249.64
630,3626.00,32.15213577,119.92769562,32.15213577,119.92769562,32.15213577,119.92769562,0.5567,0.00,0,10,split_xfeat,11,1,-1,9595.95,8944.58,8944.58
631,3630.00,32.22969095,119.93994055,32.15213577,119.92769562,32.15213577,119.92769562,0.5333,8710.15,1,1005,split_xfeat,10,1,-1,1512.38,1512.38,1512.38
632,3635.00,32.22969095,119.93994055,32.15213577,119.92769562,32.15213577,119.92769562,0.5333,8710.15,1,1005,split_xfeat,10,1,-1,1595.58,1595.58,1595.58
633,3639.00,32.22969095,119.93994055,32.15213577,119.92769562,32.15213577,119.92769562,0.5333,8710.15,1,1005,split_xfeat,10,1,-1,1673.26,1673.26,1673.26
634,3644.00,32.15985873,119.94617079,32.15213577,119.92769562,32.15213577,119.92769562,0.4867,1941.05,1,111,split_xfeat,8,1,-1,9388.63,2469.13,2469.13
635,3648.00,32.15310142,119.95040459,32.15213577,119.92769562,32.15213577,119.92769562,0.5333,2141.79,1,21,split_xfeat,10,1,-1,10360.41,2508.69,2508.69
636,3653.00,32.15310142,119.95040459,32.15213577,119.92769562,32.15213577,119.92769562,0.5333,2141.79,1,21,split_xfeat,10,1,-1,10469.39,2552.48,2552.48
637,3657.00,32.15310142,119.95040459,32.15213577,119.92769562,32.15213577,119.92769562,0.5333,2141.79,1,21,split_xfeat,10,1,-1,10578.41,2600.31,2600.31
638,3662.00,32.15310142,119.95040459,32.15213577,119.92769562,32.15213577,119.92769562,0.5333,2141.79,1,21,split_xfeat,10,1,-1,10687.49,7197.10,7197.10
639,3666.00,32.15310142,119.95040459,32.15213577,119.92769562,32.15213577,119.92769562,0.5333,2141.79,1,21,split_xfeat,10,1,-1,10815.55,9953.07,9953.07
640,3671.00,32.15310142,119.95040459,32.15213577,119.92769562,32.15310142,119.95040459,0.5333,2141.79,1,21,split_xfeat,10,1,-1,10913.62,10051.58,10051.58
641,3675.00,32.15136325,119.92486230,32.15310142,119.95040459,32.15310142,119.95040459,0.5100,2413.74,1,9,split_xfeat,9,1,-1,10798.23,3123.24,3123.24
642,3679.00,32.24087840,119.95219816,32.15310142,119.95040459,32.15310142,119.95040459,0.6267,9772.79,1,1149,split_xfeat,14,1,-1,2661.74,356.72,356.72
643,3723.00,32.24087840,119.95219816,32.15310142,119.95040459,32.15310142,119.95040459,0.6267,9772.79,1,1149,split_xfeat,14,1,-1,2433.79,729.13,729.13
644,3729.00,32.22935834,119.95160919,32.15310142,119.95040459,32.15310142,119.95040459,0.5100,8489.68,1,1010,split_xfeat,9,1,-1,2971.09,799.67,799.67
645,3735.00,32.24087840,119.95219816,32.15310142,119.95040459,32.15310142,119.95040459,0.6267,9772.79,1,1149,split_xfeat,14,1,-1,2340.05,486.85,486.85
646,3742.00,32.15310142,119.95040459,32.15310142,119.95040459,32.15310142,119.95040459,0.5333,0.00,0,21,split_xfeat,10,1,-1,10815.85,2814.13,2814.13
647,3748.00,32.15310142,119.95040459,32.15310142,119.95040459,32.15310142,119.95040459,0.5333,0.00,0,21,split_xfeat,10,1,-1,10706.35,2734.47,2734.47
648,3755.00,32.24087840,119.95219816,32.15310142,119.95040459,32.15310142,119.95040459,0.6267,9772.79,1,1149,split_xfeat,14,1,-1,2134.84,867.38,867.38
649,3762.00,32.24087840,119.95219816,32.15310142,119.95040459,32.15310142,119.95040459,0.6267,9772.79,1,1149,split_xfeat,14,1,-1,2105.30,945.65,945.65
650,3769.00,32.22935834,119.95160919,32.15310142,119.95040459,32.15310142,119.95040459,0.5100,8489.68,1,1010,split_xfeat,9,1,-1,2438.02,1192.77,1192.77
651,3776.00,32.22969095,119.93994055,32.15310142,119.95040459,32.15310142,119.95040459,0.5333,8582.73,1,1005,split_xfeat,10,1,-1,1716.84,1545.75,1545.75
652,3783.00,32.23186310,119.93995323,32.15310142,119.95040459,32.15310142,119.95040459,0.4867,8822.85,1,1028,split_xfeat,8,1,-1,1453.73,1453.73,1453.73
653,3790.00,32.15310142,119.95040459,32.15310142,119.95040459,32.15310142,119.95040459,0.5333,0.00,0,21,split_xfeat,10,1,-1,10026.53,9683.28,9683.28
654,3797.00,32.22969095,119.93994055,32.15310142,119.95040459,32.15310142,119.95040459,0.5333,8582.73,1,1005,split_xfeat,10,1,-1,1382.11,1382.11,1382.11
655,3803.00,32.22935834,119.95160919,32.15310142,119.95040459,32.15310142,119.95040459,0.5100,8489.68,1,1010,split_xfeat,9,1,-1,2040.18,2000.46,2000.46
656,3810.00,32.22935834,119.95160919,32.15310142,119.95040459,32.15310142,119.95040459,0.5100,8489.68,1,1010,split_xfeat,9,1,-1,1985.18,1978.39,1978.39
657,3817.00,32.15213577,119.92769562,32.15310142,119.95040459,32.15310142,119.95040459,0.5567,2141.79,1,10,split_xfeat,11,1,-1,9443.24,1055.34,1055.34
658,3824.00,32.15213577,119.92769562,32.15310142,119.95040459,32.15310142,119.95040459,0.5567,2141.79,1,10,split_xfeat,11,1,-1,9343.22,1807.73,1807.73
659,3831.00,32.15996602,119.93999127,32.15310142,119.95040459,32.15310142,119.95040459,0.6033,1243.42,1,108,split_xfeat,13,1,-1,8441.44,1234.24,1234.24
660,3838.00,32.15996602,119.93999127,32.15310142,119.95040459,32.15310142,119.95040459,0.6033,1243.42,1,108,split_xfeat,13,1,-1,8330.46,1324.70,1324.70
661,3844.00,32.22935834,119.95160919,32.15310142,119.95040459,32.15310142,119.95040459,0.5100,8489.68,1,1010,split_xfeat,9,1,-1,1701.07,1418.13,1418.13
662,3850.00,32.15310142,119.95040459,32.15310142,119.95040459,32.15310142,119.95040459,0.5333,0.00,0,21,split_xfeat,10,1,-1,9018.12,1586.04,1586.04
663,3857.00,32.15213577,119.92769562,32.15310142,119.95040459,32.15310142,119.95040459,0.5567,2141.79,1,10,split_xfeat,11,1,-1,8793.97,586.18,586.18
664,3863.00,32.15213577,119.92769562,32.15310142,119.95040459,32.15310142,119.95040459,0.5567,2141.79,1,10,split_xfeat,11,1,-1,8694.05,565.18,565.18
665,3870.00,32.15213577,119.92769562,32.15310142,119.95040459,32.15310142,119.95040459,0.5567,2141.79,1,10,split_xfeat,11,1,-1,8583.04,562.25,562.25
666,3877.00,32.15213577,119.92769562,32.15310142,119.95040459,32.15310142,119.95040459,0.5567,2141.79,1,10,split_xfeat,11,1,-1,8472.03,562.81,562.81
667,3883.00,32.15213577,119.92769562,32.15310142,119.95040459,32.15310142,119.95040459,0.5567,2141.79,1,10,split_xfeat,11,1,-1,8368.76,535.81,535.81
668,3889.00,32.15213577,119.92769562,32.15310142,119.95040459,32.15310142,119.95040459,0.5567,2141.79,1,10,split_xfeat,11,1,-1,8257.88,598.44,598.44
669,3895.00,32.22969095,119.93994055,32.15310142,119.95040459,32.15310142,119.95040459,0.5333,8582.73,1,1005,split_xfeat,10,1,-1,673.77,480.28,480.28
670,3901.00,32.23148758,119.91519709,32.15310142,119.95040459,32.15310142,119.95040459,0.5100,9334.91,1,1016,split_xfeat,9,1,-1,2091.41,923.87,923.87
671,3907.00,32.22969095,119.93994055,32.15310142,119.95040459,32.15310142,119.95040459,0.5333,8582.73,1,1005,split_xfeat,10,1,-1,839.23,476.67,476.67
672,3913.00,32.15213577,119.92769562,32.15310142,119.95040459,32.15213577,119.92769562,0.5567,2141.79,1,10,split_xfeat,11,1,-1,7834.93,426.97,426.97
673,3918.00,32.15213577,119.92769562,32.15213577,119.92769562,32.15213577,119.92769562,0.5567,0.00,0,10,split_xfeat,11,1,-1,7724.24,655.86,655.86
674,3925.00,32.22969095,119.93994055,32.15213577,119.92769562,32.15213577,119.92769562,0.5333,8710.15,1,1005,split_xfeat,10,1,-1,1096.70,570.00,570.00
675,3931.00,32.15213577,119.92769562,32.15213577,119.92769562,32.15213577,119.92769562,0.5567,0.00,0,10,split_xfeat,11,1,-1,7502.92,788.87,788.87
676,3937.00,32.15213577,119.92769562,32.15213577,119.92769562,32.15213577,119.92769562,0.5567,0.00,0,10,split_xfeat,11,1,-1,7392.29,1308.30,1308.30
677,3943.00,32.15213577,119.92769562,32.15213577,119.92769562,32.15213577,119.92769562,0.5567,0.00,0,10,split_xfeat,11,1,-1,7292.99,883.02,883.02
678,3950.00,32.22392556,119.94356571,32.15213577,119.92769562,32.15213577,119.92769562,0.5567,8130.25,1,938,split_xfeat,11,1,-1,1099.71,950.30,950.30
679,3958.00,32.22392556,119.94356571,32.15213577,119.92769562,32.15213577,119.92769562,0.5567,8130.25,1,938,split_xfeat,11,1,-1,1189.32,1031.35,1031.35
680,3964.00,32.15213577,119.92769562,32.15213577,119.92769562,32.15213577,119.92769562,0.5567,0.00,0,10,split_xfeat,11,1,-1,6972.87,1188.75,1188.75
681,3970.00,32.15213577,119.92769562,32.15213577,119.92769562,32.15213577,119.92769562,0.5567,0.00,0,10,split_xfeat,11,1,-1,6875.83,6678.09,6678.09
682,3977.00,32.15213577,119.92769562,32.15213577,119.92769562,32.15213577,119.92769562,0.5567,0.00,0,10,split_xfeat,11,1,-1,6765.75,1919.81,1919.81
683,3983.00,32.17141098,119.91528585,32.15213577,119.92769562,32.15213577,119.92769562,0.4867,2443.47,1,234,split_xfeat,8,1,-1,5085.87,2229.90,2229.90
684,3989.00,32.23105840,119.94487175,32.15213577,119.92769562,32.15213577,119.92769562,0.4867,8933.40,1,1030,split_xfeat,8,1,-1,2405.57,2405.57,2405.57
685,3996.00,32.23186310,119.94207647,32.15213577,119.92769562,32.15213577,119.92769562,0.4867,8978.03,1,1029,split_xfeat,8,1,-1,2463.91,2463.91,2463.91
686,4002.00,32.17860820,119.90519521,32.15213577,119.92769562,32.15213577,119.92769562,0.4633,3629.92,1,322,split_xfeat,7,1,-1,4648.61,4648.61,4648.61
687,4008.00,32.23105840,119.94487175,32.15213577,119.92769562,32.15213577,119.92769562,0.4867,8933.40,1,1030,split_xfeat,8,1,-1,2701.22,2701.22,2701.22
688,4015.00,32.23105840,119.94487175,32.15213577,119.92769562,32.15213577,119.92769562,0.4867,8933.40,1,1030,split_xfeat,8,1,-1,2810.76,2810.76,2810.76
689,4021.00,32.15213577,119.92769562,32.15213577,119.92769562,32.15213577,119.92769562,0.5567,0.00,0,10,split_xfeat,11,1,-1,6024.11,2099.18,2099.18
690,4029.00,32.15213577,119.92769562,32.15213577,119.92769562,32.15213577,119.92769562,0.5567,0.00,0,10,split_xfeat,11,1,-1,5914.73,2209.49,2209.49
691,4036.00,32.15213577,119.92769562,32.15213577,119.92769562,32.15213577,119.92769562,0.5567,0.00,0,10,split_xfeat,11,1,-1,5824.17,2310.02,2310.02
692,4043.00,32.15213577,119.92769562,32.15213577,119.92769562,32.15213577,119.92769562,0.5567,0.00,0,10,split_xfeat,11,1,-1,5726.19,3001.91,3001.91
693,4051.00,32.15213577,119.92769562,32.15213577,119.92769562,32.15213577,119.92769562,0.5567,0.00,0,10,split_xfeat,11,1,-1,5617.41,4886.77,4886.77
694,4058.00,32.19433789,119.93947139,32.15213577,119.92769562,32.15213577,119.92769562,0.6033,4827.11,1,545,split_xfeat,13,1,-1,775.46,775.46,775.46
695,4064.00,32.15310142,119.95040459,32.15213577,119.92769562,32.15213577,119.92769562,0.5333,2141.79,1,21,split_xfeat,10,1,-1,5357.45,3481.27,3481.27
696,4071.00,32.15310142,119.95040459,32.15213577,119.92769562,32.15213577,119.92769562,0.5333,2141.79,1,21,split_xfeat,10,1,-1,5231.06,4381.59,4381.59
697,4077.00,32.15213577,119.92769562,32.15213577,119.92769562,32.15213577,119.92769562,0.5567,0.00,0,10,split_xfeat,11,1,-1,5206.05,4271.02,4271.02
698,4083.00,32.22935834,119.95160919,32.15213577,119.92769562,32.15213577,119.92769562,0.5100,8886.64,1,1010,split_xfeat,9,1,-1,3768.10,3768.10,3768.10
699,4090.00,32.25313288,119.90907397,32.15213577,119.92769562,32.15213577,119.92769562,0.5567,11379.01,1,1290,split_xfeat,11,1,-1,6998.50,3431.48,3431.48
700,4096.00,32.25313288,119.90907397,32.15213577,119.92769562,32.15213577,119.92769562,0.5567,11379.01,1,1290,split_xfeat,11,1,-1,7099.97,3120.31,3120.31
701,4103.00,32.25313288,119.90907397,32.15213577,119.92769562,32.15213577,119.92769562,0.5567,11379.01,1,1290,split_xfeat,11,1,-1,7240.16,3007.35,3007.35
702,4111.00,32.16444389,119.94142979,32.15213577,119.92769562,32.15213577,119.92769562,0.5100,1884.39,1,178,split_xfeat,9,1,-1,3096.03,3096.03,3096.03
703,4117.00,32.15136325,119.92486230,32.15213577,119.92769562,32.15213577,119.92769562,0.5100,280.40,1,9,split_xfeat,9,1,-1,4665.04,3522.70,3522.70
704,4124.00,32.22935834,119.95160919,32.15213577,119.92769562,32.15213577,119.92769562,0.5100,8886.64,1,1010,split_xfeat,9,1,-1,4401.27,3100.24,3100.24
705,4130.00,32.24087840,119.95219816,32.15213577,119.92769562,32.15213577,119.92769562,0.6267,10144.87,1,1149,split_xfeat,14,1,-1,5700.40,2975.34,2975.34
706,4137.00,32.24087840,119.95219816,32.15213577,119.92769562,32.15213577,119.92769562,0.6267,10144.87,1,1149,split_xfeat,14,1,-1,5810.31,2464.47,2464.47
707,4144.00,32.24087840,119.95219816,32.15213577,119.92769562,32.24087840,119.95219816,0.6267,10144.87,1,1149,split_xfeat,14,1,-1,5920.27,2353.27,2353.27
708,4151.00,32.25313288,119.94178483,32.24087840,119.95219816,32.24087840,119.95219816,0.6033,1680.21,1,1305,split_xfeat,13,1,-1,7361.28,2440.79,2440.79
709,4158.00,32.25348695,119.95063283,32.24087840,119.95219816,32.24087840,119.95219816,0.5800,1411.31,1,1309,split_xfeat,12,1,-1,7506.03,2329.54,2329.54
710,4165.00,32.25348695,119.95063283,32.24087840,119.95219816,32.24087840,119.95219816,0.5800,1411.31,1,1309,split_xfeat,12,1,-1,7608.61,2216.68,2216.68
711,4172.00,32.25348695,119.95063283,32.24087840,119.95219816,32.24087840,119.95219816,0.5800,1411.31,1,1309,split_xfeat,12,1,-1,7708.47,1131.01,1131.01
712,4178.00,32.25313288,119.94178483,32.24087840,119.95219816,32.24087840,119.95219816,0.6033,1680.21,1,1305,split_xfeat,13,1,-1,7797.02,1021.29,1021.29
713,4184.00,32.24087840,119.95219816,32.24087840,119.95219816,32.24087840,119.95219816,0.6267,0.00,0,1149,split_xfeat,14,1,-1,6557.55,1893.86,1893.86
714,4191.00,32.24087840,119.95219816,32.24087840,119.95219816,32.24087840,119.95219816,0.6267,0.00,0,1149,split_xfeat,14,1,-1,6668.02,1782.55,1782.55
715,4197.00,32.22935834,119.95160919,32.24087840,119.95219816,32.24087840,119.95219816,0.5100,1283.61,1,1010,split_xfeat,9,1,-1,5553.71,3598.46,3598.46
716,4204.00,32.23385286,119.94648779,32.24087840,119.95219816,32.24087840,119.95219816,0.6033,949.20,1,1054,split_xfeat,13,1,-1,6041.48,3401.08,3401.08
717,4211.00,32.25348695,119.95063283,32.24087840,119.95219816,32.24087840,119.95219816,0.5800,1411.31,1,1309,split_xfeat,12,1,-1,8367.97,526.29,526.29
718,4217.00,32.25348695,119.95063283,32.24087840,119.95219816,32.24087840,119.95219816,0.5800,1411.31,1,1309,split_xfeat,12,1,-1,8467.97,444.01,444.01
719,4224.00,32.22935834,119.95160919,32.24087840,119.95219816,32.24087840,119.95219816,0.5100,1283.61,1,1010,split_xfeat,9,1,-1,5986.05,3235.85,3235.85
720,4230.00,32.22935834,119.95160919,32.24087840,119.95219816,32.24087840,119.95219816,0.5100,1283.61,1,1010,split_xfeat,9,1,-1,6089.57,390.36,390.36
721,4237.00,32.24217074,119.91026589,32.24087840,119.95219816,32.24087840,119.95219816,0.5567,3952.45,1,1152,split_xfeat,11,1,-1,8300.38,369.86,369.86
722,4244.00,32.22935834,119.95160919,32.24087840,119.95219816,32.24087840,119.95219816,0.5100,1283.61,1,1010,split_xfeat,9,1,-1,6311.67,382.09,382.09
723,4250.00,32.22935834,119.95160919,32.24087840,119.95219816,32.24087840,119.95219816,0.5100,1283.61,1,1010,split_xfeat,9,1,-1,6422.74,424.24,424.24
724,4257.00,32.17387764,119.94688087,32.24087840,119.95219816,32.17387764,119.94688087,0.5567,7475.32,1,295,split_xfeat,11,1,-1,325.92,325.92,325.92
725,4263.00,32.17238144,119.94397147,32.17387764,119.94688087,32.17387764,119.94688087,0.5333,320.70,1,271,split_xfeat,10,1,-1,343.36,343.36,343.36
726,4270.00,32.15953685,119.94888999,32.17387764,119.94688087,32.17387764,119.94688087,0.5333,1607.60,1,112,split_xfeat,10,1,-1,1077.52,423.35,423.35
727,4277.00,32.17238144,119.94397147,32.17387764,119.94688087,32.17387764,119.94688087,0.5333,320.70,1,271,split_xfeat,10,1,-1,515.11,515.11,515.11
728,4284.00,32.17387764,119.94688087,32.17387764,119.94688087,32.17387764,119.94688087,0.5567,0.00,0,295,split_xfeat,11,1,-1,756.46,756.46,756.46
729,4291.00,32.15213577,119.92769562,32.17387764,119.94688087,32.17387764,119.94688087,0.5567,3020.55,1,10,split_xfeat,11,1,-1,2487.89,1364.75,1364.75
730,4298.00,32.15213577,119.92769562,32.17387764,119.94688087,32.17387764,119.94688087,0.5567,3020.55,1,10,split_xfeat,11,1,-1,2420.80,2110.42,2110.42
731,4305.00,32.15213577,119.92769562,32.17387764,119.94688087,32.17387764,119.94688087,0.5567,3020.55,1,10,split_xfeat,11,1,-1,2363.27,546.72,546.72
732,4311.00,32.15310142,119.95040459,32.17387764,119.94688087,32.17387764,119.94688087,0.5333,2336.51,1,21,split_xfeat,10,1,-1,1236.01,441.32,441.32
733,4319.00,32.22935834,119.95160919,32.17387764,119.94688087,32.17387764,119.94688087,0.5100,6192.15,1,1010,split_xfeat,9,1,-1,7503.14,339.73,339.73
734,4326.00,32.25348695,119.95063283,32.17387764,119.94688087,32.17387764,119.94688087,0.5800,8869.15,1,1309,split_xfeat,12,1,-1,10211.63,315.40,315.40
735,4334.00,32.25313288,119.94178483,32.17387764,119.94688087,32.17387764,119.94688087,0.6033,8835.74,1,1305,split_xfeat,13,1,-1,10342.46,690.51,690.51
736,4341.00,32.25313288,119.94178483,32.17387764,119.94688087,32.17387764,119.94688087,0.6033,8835.74,1,1305,split_xfeat,13,1,-1,10453.56,778.07,778.07
737,4349.00,32.25313288,119.94178483,32.17387764,119.94688087,32.17387764,119.94688087,0.6033,8835.74,1,1305,split_xfeat,13,1,-1,10564.67,871.07,871.07
