Frame,Time_Sec,Raw_Lat,Raw_Lng,Predicted_Lat,Predicted_Lng,Filtered_Lat,Filtered_Lng,Match_Confidence,Innovation_M,Outlier_Rejected,Best_Match_Idx,Algorithm,Inliers,Measurement_Valid,Correct_Candidate_Rank,Top1_Min_Dist_M,Top5_Min_Dist_M,Top10_Min_Dist_M
1,3.00,29.76061826,115.97454004,29.76100000,115.97500000,29.76061826,115.97454004,0.5567,61.50,0,405,split_finetuned_disk,11,1,1,52.53,52.53,52.53
2,7.00,29.76061826,115.97454004,29.76032461,115.97418623,29.76061826,115.97454004,0.5567,47.31,0,405,split_finetuned_disk,11,1,1,37.15,37.15,37.15
3,10.00,29.76243015,115.97956098,29.76061826,115.97454004,29.76061826,115.97454004,0.6267,525.56,1,434,split_finetuned_disk,14,1,8,769.71,94.50,94.50
4,14.00,29.76809449,115.97450297,29.76061826,115.97454004,29.76061826,115.97454004,0.5333,832.26,1,457,split_finetuned_disk,10,1,9,986.20,25.90,25.90
5,17.00,29.75589825,115.97552874,29.76061826,115.97454004,29.76061826,115.97454004,0.5100,534.05,1,379,split_finetuned_disk,9,1,1,137.84,67.49,67.49
6,21.00,29.74523036,115.97549166,29.76061826,115.97454004,29.76061826,115.97454004,0.6267,1715.45,1,314,split_finetuned_disk,14,1,4,1058.42,62.13,62.13
7,24.00,29.75589825,115.97552874,29.76061826,115.97454004,29.76061826,115.97454004,0.5100,534.05,1,379,split_finetuned_disk,9,1,1,29.38,29.38,29.38
8,28.00,29.74523036,115.97549166,29.76061826,115.97454004,29.76061826,115.97454004,0.6267,1715.45,1,314,split_finetuned_disk,14,1,4,902.61,100.05,100.05
9,31.00,29.76809449,115.97450297,29.76061826,115.97454004,29.76061826,115.97454004,0.5333,832.26,1,457,split_finetuned_disk,10,1,3,1386.88,25.50,25.50
10,34.00,29.76785221,115.98801763,29.76061826,115.97454004,29.76061826,115.97454004,0.6500,1531.53,1,476,split_finetuned_disk,15,1,3,2039.43,137.10,137.10
11,38.00,29.75294887,115.97577591,29.76061826,115.97454004,29.76061826,115.97454004,0.5333,862.07,1,353,split_finetuned_disk,10,1,1,61.42,61.42,61.42
12,41.00,29.75845058,115.98151887,29.76061826,115.97454004,29.75845058,115.98151887,0.5100,716.43,1,409,split_finetuned_disk,9,1,-1,1130.86,180.83,180.83
13,44.00,29.75101274,115.98279182,29.75845058,115.98151887,29.75845058,115.98151887,0.5333,837.07,1,344,split_finetuned_disk,10,1,5,784.84,103.90,103.90
14,48.00,29.76797025,115.98054445,29.75845058,115.98151887,29.75845058,115.98151887,0.5333,1063.91,1,472,split_finetuned_disk,10,1,5,2012.20,32.15,32.15
15,51.00,29.76797025,115.98054445,29.75845058,115.98151887,29.75845058,115.98151887,0.5333,1063.91,1,472,split_finetuned_disk,10,1,5,2088.79,58.46,58.46
16,55.00,29.72598261,115.98111817,29.75845058,115.98151887,29.75845058,115.98151887,0.6500,3614.54,1,174,split_finetuned_disk,15,1,-1,2534.66,1373.86,1373.86
17,58.00,29.74523036,115.97549166,29.75845058,115.98151887,29.75845058,115.98151887,0.6267,1582.79,1,314,split_finetuned_disk,14,1,7,180.08,30.41,30.41
18,62.00,29.74523036,115.97549166,29.75845058,115.98151887,29.75845058,115.98151887,0.6267,1582.79,1,314,split_finetuned_disk,14,1,1,103.16,101.52,101.52
19,65.00,29.76785221,115.98801763,29.75845058,115.98151887,29.75845058,115.98151887,0.6500,1220.63,1,476,split_finetuned_disk,15,1,2,2653.07,31.60,31.60
20,69.00,29.76785221,115.98801763,29.75845058,115.98151887,29.75845058,115.98151887,0.6500,1220.63,1,476,split_finetuned_disk,15,1,2,2723.11,59.16,59.16
21,72.00,29.74523036,115.97549166,29.75845058,115.98151887,29.75845058,115.98151887,0.6267,1582.79,1,314,split_finetuned_disk,14,1,1,134.70,134.70,134.70
22,75.00,29.71987996,115.98468792,29.75845058,115.98151887,29.71987996,115.98468792,0.5800,4304.59,1,124,split_finetuned_disk,12,1,-1,2955.72,2458.12,2458.12
23,78.00,29.71485495,115.99546609,29.71987996,115.98468792,29.71987996,115.98468792,0.5100,1182.49,1,90,split_finetuned_disk,9,1,7,3857.15,113.33,113.33
24,82.00,29.74496828,115.97399626,29.71987996,115.98468792,29.71987996,115.98468792,0.6033,2977.91,1,301,split_finetuned_disk,13,1,8,168.12,39.78,39.78
25,85.00,29.74496828,115.97399626,29.71987996,115.98468792,29.71987996,115.98468792,0.6033,2977.91,1,301,split_finetuned_disk,13,1,7,256.68,59.86,59.86
26,89.00,29.74290338,115.97249564,29.71987996,115.98468792,29.71987996,115.98468792,0.6267,2820.93,1,287,split_finetuned_disk,14,1,5,258.94,69.79,69.79
27,92.00,29.74290338,115.97249564,29.71987996,115.98468792,29.71987996,115.98468792,0.6267,2820.93,1,287,split_finetuned_disk,14,1,6,306.52,24.66,24.66
28,96.00,29.72476546,115.97208780,29.71987996,115.98468792,29.71987996,115.98468792,0.5567,1333.83,1,157,split_finetuned_disk,11,1,5,1724.78,92.14,92.14
29,99.00,29.74711450,115.98774574,29.71987996,115.98468792,29.71987996,115.98468792,0.5567,3046.12,1,307,split_finetuned_disk,11,1,8,1307.77,39.15,39.15
30,102.00,29.74603066,115.98841833,29.71987996,115.98468792,29.71987996,115.98468792,0.5333,2933.34,1,308,split_finetuned_disk,10,1,8,1521.86,50.33,50.33
31,106.00,29.74150381,115.99255135,29.71987996,115.98468792,29.71987996,115.98468792,0.5333,2524.32,1,283,split_finetuned_disk,10,1,-1,1611.01,468.64,468.64
32,110.00,29.74150381,115.99255135,29.71987996,115.98468792,29.74150381,115.99255135,0.5333,2524.32,1,283,split_finetuned_disk,10,1,-1,1628.44,427.29,427.29
33,113.00,29.73673635,115.97819108,29.74150381,115.99255135,29.74150381,115.99255135,0.5567,1486.05,1,237,split_finetuned_disk,11,1,-1,209.30,209.30,209.30
34,116.00,29.74150381,115.99255135,29.74150381,115.99255135,29.74150381,115.99255135,0.5333,0.00,0,283,split_finetuned_disk,10,1,-1,1677.41,292.40,292.40
35,119.00,29.73673635,115.97819108,29.74150381,115.99255135,29.74150381,115.99255135,0.5567,1486.05,1,237,split_finetuned_disk,11,1,-1,184.11,184.11,184.11
36,123.00,29.73673635,115.97819108,29.74150381,115.99255135,29.74150381,115.99255135,0.5567,1486.05,1,237,split_finetuned_disk,11,1,2,217.16,79.00,79.00
37,126.00,29.73778179,115.98098223,29.74150381,115.99255135,29.74150381,115.99255135,0.5100,1192.55,1,252,split_finetuned_disk,9,1,-1,704.24,178.25,178.25
38,129.00,29.73763156,115.99138964,29.74150381,115.99255135,29.74150381,115.99255135,0.6033,445.44,1,257,split_finetuned_disk,13,1,-1,1649.59,195.33,195.33
39,133.00,29.73763156,115.99138964,29.74150381,115.99255135,29.74150381,115.99255135,0.6033,445.44,1,257,split_finetuned_disk,13,1,-1,1673.92,183.16,183.16
40,136.00,29.73082066,115.97441646,29.74150381,115.99255135,29.74150381,115.99255135,0.5100,2118.25,1,197,split_finetuned_disk,9,1,9,154.65,51.69,51.69
41,139.00,29.73082066,115.97441646,29.74150381,115.99255135,29.74150381,115.99255135,0.5100,2118.25,1,197,split_finetuned_disk,9,1,1,78.28,78.28,78.28
42,143.00,29.74150381,115.99255135,29.74150381,115.99255135,29.74150381,115.99255135,0.5333,0.00,0,283,split_finetuned_disk,10,1,-1,1984.29,178.26,178.26
43,146.00,29.73673635,115.97819108,29.74150381,115.99255135,29.74150381,115.99255135,0.5567,1486.05,1,237,split_finetuned_disk,11,1,-1,703.61,195.64,195.64
44,150.00,29.73673635,115.97819108,29.74150381,115.99255135,29.74150381,115.99255135,0.5567,1486.05,1,237,split_finetuned_disk,11,1,-1,779.24,238.57,238.57
45,153.00,29.73471437,115.98883853,29.74150381,115.99255135,29.74150381,115.99255135,0.6033,836.68,1,230,split_finetuned_disk,13,1,8,1518.12,42.50,42.50
46,157.00,29.72753861,115.97265630,29.74150381,115.99255135,29.74150381,115.99255135,0.6033,2472.83,1,170,split_finetuned_disk,13,1,3,237.70,88.30,88.30
47,160.00,29.74711450,115.98774574,29.74150381,115.99255135,29.74150381,115.99255135,0.5567,778.38,1,307,split_finetuned_disk,11,1,3,2314.67,23.07,23.07
48,164.00,29.72476546,115.97208780,29.74150381,115.99255135,29.74150381,115.99255135,0.5567,2717.42,1,157,split_finetuned_disk,11,1,5,251.48,84.27,84.27
49,167.00,29.71284370,115.97259451,29.74150381,115.99255135,29.74150381,115.99255135,0.6033,3728.27,1,66,split_finetuned_disk,13,1,-1,1457.64,779.30,779.30
50,170.00,29.72595661,115.98402769,29.74150381,115.99255135,29.74150381,115.99255135,0.5100,1916.81,1,162,split_finetuned_disk,9,1,-1,779.13,164.19,164.19
51,174.00,29.72598261,115.98111817,29.74150381,115.99255135,29.74150381,115.99255135,0.6500,2051.01,1,174,split_finetuned_disk,15,1,3,658.56,87.57,87.57
52,177.00,29.71521980,115.97492316,29.74150381,115.99255135,29.71521980,115.97492316,0.5567,3385.92,1,80,split_finetuned_disk,11,1,5,1007.13,22.83,22.83
53,180.00,29.72129026,115.97437938,29.71521980,115.97492316,29.71521980,115.97492316,0.6500,677.80,1,132,split_finetuned_disk,15,1,1,130.79,74.29,74.29
54,184.00,29.72129026,115.97437938,29.71521980,115.97492316,29.71521980,115.97492316,0.6500,677.80,1,132,split_finetuned_disk,15,1,1,55.49,55.49,55.49
55,187.00,29.72129026,115.97437938,29.71521980,115.97492316,29.71521980,115.97492316,0.6500,677.80,1,132,split_finetuned_disk,15,1,1,34.58,34.58,34.58
56,190.00,29.72598261,115.98111817,29.71521980,115.97492316,29.71521980,115.97492316,0.6500,1339.42,1,174,split_finetuned_disk,15,1,3,920.28,86.84,86.84
57,193.00,29.72903477,115.98956769,29.71521980,115.97492316,29.71521980,115.97492316,0.5333,2090.17,1,191,split_finetuned_disk,10,1,4,1699.20,22.61,22.61
58,196.00,29.72903477,115.98956769,29.71521980,115.97492316,29.71521980,115.97492316,0.5333,2090.17,1,191,split_finetuned_disk,10,1,2,1745.92,75.01,75.01
59,200.00,29.72598261,115.98111817,29.71521980,115.97492316,29.71521980,115.97492316,0.6500,1339.42,1,174,split_finetuned_disk,15,1,-1,1111.89,151.28,151.28
60,203.00,29.70838124,115.97735069,29.71521980,115.97492316,29.71521980,115.97492316,0.5333,796.61,1,42,split_finetuned_disk,10,1,-1,988.57,481.71,481.71
61,206.00,29.70972262,115.97466363,29.71521980,115.97492316,29.71521980,115.97492316,0.5333,612.46,1,41,split_finetuned_disk,10,1,5,894.71,96.92,96.92
62,210.00,29.72129026,115.97437938,29.71521980,115.97492316,29.72129026,115.97437938,0.6500,677.80,1,132,split_finetuned_disk,15,1,6,583.88,27.32,27.32
63,213.00,29.72129026,115.97437938,29.72129026,115.97437938,29.72129026,115.97437938,0.6500,0.00,0,132,split_finetuned_disk,15,1,2,661.76,65.14,65.14
64,216.00,29.71521980,115.97492316,29.72129026,115.97437938,29.72129026,115.97437938,0.5567,677.80,1,80,split_finetuned_disk,11,1,1,54.11,54.11,54.11
65,220.00,29.71521980,115.97492316,29.72129026,115.97437938,29.72129026,115.97437938,0.5567,677.80,1,80,split_finetuned_disk,11,1,1,35.76,35.76,35.76
66,223.00,29.71521980,115.97492316,29.72129026,115.97437938,29.72129026,115.97437938,0.5567,677.80,1,80,split_finetuned_disk,11,1,1,108.51,96.19,96.19
67,226.00,29.72598261,115.98111817,29.72129026,115.97437938,29.72129026,115.97437938,0.6500,834.94,1,174,split_finetuned_disk,15,1,-1,1686.46,185.51,185.51
68,230.00,29.72598261,115.98111817,29.72129026,115.97437938,29.72129026,115.97437938,0.6500,834.94,1,174,split_finetuned_disk,15,1,-1,1759.86,862.43,862.43
69,233.00,29.72598261,115.98111817,29.72129026,115.97437938,29.72129026,115.97437938,0.6500,834.94,1,174,split_finetuned_disk,15,1,9,1833.64,63.75,63.75
70,237.00,29.70420398,115.97681926,29.72129026,115.97437938,29.72129026,115.97437938,0.5800,1916.61,1,3,split_finetuned_disk,12,1,9,802.05,28.24,28.24
71,240.00,29.70420398,115.97681926,29.72129026,115.97437938,29.72129026,115.97437938,0.5800,1916.61,1,3,split_finetuned_disk,12,1,2,726.29,98.36,98.36
72,243.00,29.70972262,115.97466363,29.72129026,115.97437938,29.72129026,115.97437938,0.5333,1288.00,1,41,split_finetuned_disk,10,1,1,26.44,26.44,26.44
73,247.00,29.72129026,115.97437938,29.72129026,115.97437938,29.72129026,115.97437938,0.6500,0.00,0,132,split_finetuned_disk,15,1,3,1463.07,66.56,66.56
74,250.00,29.72129026,115.97437938,29.72129026,115.97437938,29.72129026,115.97437938,0.6500,0.00,0,132,split_finetuned_disk,15,1,3,1540.98,63.05,63.05
75,253.00,29.70420398,115.97681926,29.72129026,115.97437938,29.72129026,115.97437938,0.5800,1916.61,1,3,split_finetuned_disk,12,1,10,420.85,28.73,28.73
76,257.00,29.70420398,115.97681926,29.72129026,115.97437938,29.72129026,115.97437938,0.5800,1916.61,1,3,split_finetuned_disk,12,1,3,351.82,99.10,99.10
77,260.00,29.70420398,115.97681926,29.72129026,115.97437938,29.72129026,115.97437938,0.5800,1916.61,1,3,split_finetuned_disk,12,1,6,287.36,33.45,33.45
78,263.00,29.70420398,115.97681926,29.72129026,115.97437938,29.72129026,115.97437938,0.5800,1916.61,1,3,split_finetuned_disk,12,1,4,231.34,56.85,56.85
79,311.00,29.72598261,115.98111817,29.72129026,115.97437938,29.72129026,115.97437938,0.6500,834.94,1,174,split_finetuned_disk,15,1,6,2449.56,24.36,24.36
80,316.00,29.72598261,115.98111817,29.72129026,115.97437938,29.72129026,115.97437938,0.6500,834.94,1,174,split_finetuned_disk,15,1,5,2372.64,142.01,142.01
81,321.00,29.72598261,115.98111817,29.72129026,115.97437938,29.72129026,115.97437938,0.6500,834.94,1,174,split_finetuned_disk,15,1,7,2295.78,137.55,137.55
82,326.00,29.72598261,115.98111817,29.72129026,115.97437938,29.72129026,115.97437938,0.6500,834.94,1,174,split_finetuned_disk,15,1,5,2219.00,21.02,21.02
83,332.00,29.72598261,115.98111817,29.72129026,115.97437938,29.72129026,115.97437938,0.6500,834.94,1,174,split_finetuned_disk,15,1,2,2131.35,97.47,97.47
84,337.00,29.72598261,115.98111817,29.72129026,115.97437938,29.72598261,115.98111817,0.6500,834.94,1,174,split_finetuned_disk,15,1,2,2054.75,23.77,23.77
85,342.00,29.72598261,115.98111817,29.72598261,115.98111817,29.72598261,115.98111817,0.6500,0.00,0,174,split_finetuned_disk,15,1,2,1978.26,61.43,61.43
86,346.00,29.72598261,115.98111817,29.72598261,115.98111817,29.72598261,115.98111817,0.6500,0.00,0,174,split_finetuned_disk,15,1,2,1901.89,138.30,138.30
87,351.00,29.72598261,115.98111817,29.72598261,115.98111817,29.72598261,115.98111817,0.6500,0.00,0,174,split_finetuned_disk,15,1,2,1825.64,21.55,21.55
88,356.00,29.76883946,115.97520741,29.72598261,115.98111817,29.72598261,115.98111817,0.5333,4804.91,1,470,split_finetuned_disk,10,1,2,6310.35,94.53,94.53
89,361.00,29.76883946,115.97520741,29.72598261,115.98111817,29.72598261,115.98111817,0.5333,4804.91,1,470,split_finetuned_disk,10,1,3,6232.47,32.47,32.47
90,366.00,29.72476546,115.97208780,29.72598261,115.98111817,29.72598261,115.98111817,0.5567,883.32,1,157,split_finetuned_disk,11,1,4,1413.17,51.43,51.43
91,371.00,29.72598261,115.98111817,29.72598261,115.98111817,29.72598261,115.98111817,0.6500,0.00,0,174,split_finetuned_disk,15,1,7,1522.37,74.45,74.45
92,376.00,29.72598261,115.98111817,29.72598261,115.98111817,29.72598261,115.98111817,0.6500,0.00,0,174,split_finetuned_disk,15,1,-1,1436.39,616.33,616.33
93,381.00,29.72903477,115.98956769,29.72598261,115.98111817,29.72598261,115.98111817,0.5333,884.58,1,191,split_finetuned_disk,10,1,-1,1916.21,793.66,793.66
94,386.00,29.72895965,115.99289026,29.72598261,115.98111817,29.72598261,115.98111817,0.5567,1185.16,1,193,split_finetuned_disk,11,1,-1,2133.35,818.11,818.11
95,391.00,29.71636183,115.97592944,29.72598261,115.98111817,29.72598261,115.98111817,0.5100,1182.60,1,94,split_finetuned_disk,9,1,1,52.15,52.15,52.15
96,396.00,29.71521980,115.97492316,29.72598261,115.98111817,29.72598261,115.98111817,0.5567,1339.42,1,80,split_finetuned_disk,11,1,3,392.10,128.73,128.73
97,402.00,29.71277932,115.98291541,29.72598261,115.98111817,29.72598261,115.98111817,0.5800,1480.02,1,71,split_finetuned_disk,12,1,10,842.07,16.15,16.15
98,407.00,29.71277932,115.98291541,29.72598261,115.98111817,29.72598261,115.98111817,0.5800,1480.02,1,71,split_finetuned_disk,12,1,5,899.76,85.04,85.04
99,412.00,29.72598261,115.98111817,29.72598261,115.98111817,29.72598261,115.98111817,0.6500,0.00,0,174,split_finetuned_disk,15,1,-1,912.42,601.86,601.86
100,417.00,29.71277932,115.98291541,29.72598261,115.98111817,29.72598261,115.98111817,0.5800,1480.02,1,71,split_finetuned_disk,12,1,-1,1032.36,589.93,589.93
101,423.00,29.72129026,115.97437938,29.72598261,115.98111817,29.72598261,115.98111817,0.6500,834.94,1,132,split_finetuned_disk,15,1,6,226.62,72.98,72.98
102,427.00,29.72129026,115.97437938,29.72598261,115.98111817,29.72598261,115.98111817,0.6500,834.94,1,132,split_finetuned_disk,15,1,5,215.18,16.43,16.43
103,432.00,29.72129026,115.97437938,29.72598261,115.98111817,29.72598261,115.98111817,0.6500,834.94,1,132,split_finetuned_disk,15,1,4,231.06,85.78,85.78
104,437.00,29.72598261,115.98111817,29.72598261,115.98111817,29.72598261,115.98111817,0.6500,0.00,0,174,split_finetuned_disk,15,1,9,582.83,40.54,40.54
105,442.00,29.72598261,115.98111817,29.72598261,115.98111817,29.72598261,115.98111817,0.6500,0.00,0,174,split_finetuned_disk,15,1,9,526.83,43.02,43.02
106,447.00,29.72598261,115.98111817,29.72598261,115.98111817,29.72598261,115.98111817,0.6500,0.00,0,174,split_finetuned_disk,15,1,6,477.04,83.16,83.16
107,452.00,29.72598261,115.98111817,29.72598261,115.98111817,29.72598261,115.98111817,0.6500,0.00,0,174,split_finetuned_disk,15,1,5,430.47,16.74,16.74
108,457.00,29.70838124,115.97735069,29.72598261,115.98111817,29.72598261,115.98111817,0.5333,1992.94,1,42,split_finetuned_disk,10,1,5,1885.26,86.52,86.52
109,463.00,29.72476546,115.97208780,29.72598261,115.98111817,29.72598261,115.98111817,0.5567,883.32,1,157,split_finetuned_disk,11,1,3,445.98,39.84,39.84
110,468.00,29.72476546,115.97208780,29.72598261,115.98111817,29.72598261,115.98111817,0.5567,883.32,1,157,split_finetuned_disk,11,1,6,479.99,43.73,43.73
111,473.00,29.73668269,115.99321159,29.72598261,115.98111817,29.72598261,115.98111817,0.6033,1668.90,1,245,split_finetuned_disk,13,1,10,1813.34,82.42,82.42
112,478.00,29.73668269,115.99321159,29.72598261,115.98111817,29.72598261,115.98111817,0.6033,1668.90,1,245,split_finetuned_disk,13,1,5,1776.78,15.40,15.40
113,484.00,29.73155037,115.97352141,29.72598261,115.98111817,29.72598261,115.98111817,0.5567,960.91,1,196,split_finetuned_disk,11,1,-1,433.55,227.72,227.72
114,489.00,29.73155037,115.97352141,29.72598261,115.98111817,29.72598261,115.98111817,0.5567,960.91,1,196,split_finetuned_disk,11,1,-1,417.76,220.21,220.21
115,494.00,29.73155037,115.97352141,29.72598261,115.98111817,29.72598261,115.98111817,0.5567,960.91,1,196,split_finetuned_disk,11,1,9,417.18,44.43,44.43
116,499.00,29.74150381,115.99255135,29.72598261,115.98111817,29.72598261,115.98111817,0.5333,2051.01,1,283,split_finetuned_disk,10,1,5,1756.42,81.68,81.68
117,504.00,29.73763156,115.99138964,29.72598261,115.98111817,29.73763156,115.99138964,0.6033,1633.19,1,257,split_finetuned_disk,13,1,5,1510.24,15.26,15.26
118,509.00,29.73763156,115.99138964,29.73763156,115.99138964,29.73763156,115.99138964,0.6033,0.00,0,257,split_finetuned_disk,13,1,3,1480.89,77.06,77.06
119,513.00,29.73763156,115.99138964,29.73763156,115.99138964,29.73763156,115.99138964,0.6033,0.00,0,257,split_finetuned_disk,13,1,7,1455.12,48.89,48.89
120,518.00,29.74150381,115.99255135,29.73763156,115.99138964,29.73763156,115.99138964,0.5333,445.44,1,283,split_finetuned_disk,10,1,5,1583.90,34.85,34.85
121,523.00,29.74150381,115.99255135,29.73763156,115.99138964,29.73763156,115.99138964,0.5333,445.44,1,283,split_finetuned_disk,10,1,6,1547.58,110.37,110.37
122,529.00,29.74150381,115.99255135,29.73763156,115.99138964,29.73763156,115.99138964,0.5333,445.44,1,283,split_finetuned_disk,10,1,-1,1514.41,185.36,185.36
123,534.00,29.73673635,115.97819108,29.73763156,115.99138964,29.73763156,115.99138964,0.5567,1279.65,1,237,split_finetuned_disk,11,1,1,77.80,77.80,77.80
124,539.00,29.74150381,115.99255135,29.73763156,115.99138964,29.73763156,115.99138964,0.5333,445.44,1,283,split_finetuned_disk,10,1,-1,1454.89,240.80,240.80
125,544.00,29.73763156,115.99138964,29.73763156,115.99138964,29.73763156,115.99138964,0.6033,0.00,0,257,split_finetuned_disk,13,1,-1,1385.29,296.81,296.81
126,549.00,29.74190086,115.98541708,29.73763156,115.99138964,29.73763156,115.99138964,0.5567,747.76,1,280,split_finetuned_disk,11,1,4,836.75,91.16,91.16
127,554.00,29.73961061,115.98266823,29.73763156,115.99138964,29.73763156,115.99138964,0.5567,871.32,1,266,split_finetuned_disk,11,1,3,585.04,19.26,19.26
128,560.00,29.74163258,115.97760308,29.73763156,115.99138964,29.73763156,115.99138964,0.6033,1405.06,1,277,split_finetuned_disk,13,1,2,228.40,67.64,67.64
129,565.00,29.74163258,115.97760308,29.73763156,115.99138964,29.73763156,115.99138964,0.6033,1405.06,1,277,split_finetuned_disk,13,1,6,193.25,58.13,58.13
130,570.00,29.74163258,115.97760308,29.73763156,115.99138964,29.73763156,115.99138964,0.6033,1405.06,1,277,split_finetuned_disk,13,1,4,186.20,26.50,26.50
131,575.00,29.76785221,115.98801763,29.73763156,115.99138964,29.73763156,115.99138964,0.6500,3379.91,1,476,split_finetuned_disk,15,1,4,3052.42,111.86,111.86
132,581.00,29.74591262,115.97871537,29.73763156,115.99138964,29.73763156,115.99138964,0.5333,1533.18,1,303,split_finetuned_disk,10,1,5,280.74,18.80,18.80
133,586.00,29.74496828,115.97399626,29.73763156,115.99138964,29.73763156,115.99138964,0.6033,1869.11,1,301,split_finetuned_disk,13,1,6,253.04,68.38,68.38
134,592.00,29.74591262,115.97871537,29.73763156,115.99138964,29.73763156,115.99138964,0.5333,1533.18,1,303,split_finetuned_disk,10,1,4,193.04,57.40,57.40
135,597.00,29.74737658,115.97673275,29.73763156,115.99138964,29.74737658,115.97673275,0.5333,1784.36,1,315,split_finetuned_disk,10,1,-1,178.10,178.10,178.10
136,602.00,29.74737658,115.97673275,29.74737658,115.97673275,29.74737658,115.97673275,0.5333,0.00,0,315,split_finetuned_disk,10,1,1,100.67,100.67,100.67
137,608.00,29.74523036,115.97549166,29.74737658,115.97673275,29.74737658,115.97673275,0.6267,267.34,1,314,split_finetuned_disk,14,1,2,216.16,26.35,26.35
138,613.00,29.74523036,115.97549166,29.74737658,115.97673275,29.74737658,115.97673275,0.6267,267.34,1,314,split_finetuned_disk,14,1,2,222.33,58.30,58.30
139,618.00,29.74523036,115.97549166,29.74737658,115.97673275,29.74737658,115.97673275,0.6267,267.34,1,314,split_finetuned_disk,14,1,2,259.60,56.68,56.68
140,623.00,29.76778329,115.99011147,29.74737658,115.97673275,29.74737658,115.97673275,0.5333,2613.97,1,464,split_finetuned_disk,10,1,-1,2304.65,722.02,722.02
141,628.00,29.75069081,115.97689342,29.74737658,115.97673275,29.74737658,115.97673275,0.6500,369.27,1,341,split_finetuned_disk,15,1,1,99.93,99.93,99.93
142,633.00,29.75069081,115.97689342,29.74737658,115.97673275,29.74737658,115.97673275,0.6500,369.27,1,341,split_finetuned_disk,15,1,1,25.74,25.74,25.74
143,638.00,29.75069081,115.97689342,29.74737658,115.97673275,29.74737658,115.97673275,0.6500,369.27,1,341,split_finetuned_disk,15,1,1,59.02,59.02,59.02
144,642.00,29.75797388,115.98512047,29.74737658,115.97673275,29.74737658,115.97673275,0.5100,1431.43,1,397,split_finetuned_disk,9,1,7,1028.76,66.74,66.74
145,647.00,29.76297743,115.98488044,29.74737658,115.97673275,29.74737658,115.97673275,0.5333,1906.91,1,435,split_finetuned_disk,10,1,8,1323.37,19.85,19.85
146,652.00,29.75845058,115.98151887,29.74737658,115.97673275,29.75845058,115.98151887,0.5100,1316.71,1,409,split_finetuned_disk,9,1,2,910.70,99.19,99.19
147,657.00,29.76797025,115.98054445,29.75845058,115.98151887,29.75845058,115.98151887,0.5333,1063.91,1,472,split_finetuned_disk,10,1,3,1630.63,25.14,25.14
148,662.00,29.76243015,115.97956098,29.75845058,115.98151887,29.75845058,115.98151887,0.6267,481.73,1,434,split_finetuned_disk,14,1,3,1017.78,142.98,142.98
149,668.00,29.75535097,115.97636199,29.75845058,115.98151887,29.75845058,115.98151887,0.5333,606.24,1,380,split_finetuned_disk,10,1,1,66.01,66.01,66.01
150,673.00,29.74523036,115.97549166,29.75845058,115.98151887,29.75845058,115.98151887,0.6267,1582.79,1,314,split_finetuned_disk,14,1,2,1036.23,20.35,20.35
151,678.00,29.74523036,115.97549166,29.75845058,115.98151887,29.75845058,115.98151887,0.6267,1582.79,1,314,split_finetuned_disk,14,1,3,1112.57,92.82,92.82
152,683.00,29.75896567,115.97585529,29.75845058,115.98151887,29.75845058,115.98151887,0.5567,550.43,1,406,split_finetuned_disk,11,1,4,230.98,34.01,34.01
153,689.00,29.75896567,115.97585529,29.75845058,115.98151887,29.75845058,115.98151887,0.5567,550.43,1,406,split_finetuned_disk,11,1,3,153.31,49.77,49.77
154,695.00,29.76243015,115.97956098,29.75845058,115.98151887,29.75845058,115.98151887,0.6267,481.73,1,434,split_finetuned_disk,14,1,-1,602.50,602.50,602.50
155,700.00,29.77184250,115.97662152,29.75845058,115.98151887,29.75845058,115.98151887,0.5800,1564.14,1,497,split_finetuned_disk,12,1,2,1385.67,20.86,20.86
156,706.00,29.75896567,115.97585529,29.75845058,115.98151887,29.75896567,115.97585529,0.5567,550.43,1,406,split_finetuned_disk,11,1,1,93.56,93.56,93.56
157,711.00,29.74015789,115.97106916,29.75896567,115.97585529,29.75896567,115.97585529,0.5567,2144.18,1,260,split_finetuned_disk,11,1,7,2448.77,33.34,33.34
158,716.00,29.72107110,115.98571891,29.75896567,115.97585529,29.75896567,115.97585529,0.5567,4324.82,1,125,split_finetuned_disk,11,1,-1,4751.39,4751.39,4751.39
159,721.00,29.74496828,115.97399626,29.75896567,115.97585529,29.75896567,115.97585529,0.6033,1568.52,1,301,split_finetuned_disk,13,1,2,1938.08,75.41,75.41
160,725.00,29.76809449,115.97450297,29.75896567,115.97585529,29.75896567,115.97585529,0.5333,1024.59,1,457,split_finetuned_disk,10,1,3,470.29,23.66,23.66
161,772.00,29.75896567,115.97585529,29.75896567,115.97585529,29.75896567,115.97585529,0.5567,0.00,0,406,split_finetuned_disk,11,1,5,341.43,70.95,70.95
162,775.00,29.75896567,115.97585529,29.75896567,115.97585529,29.75896567,115.97585529,0.5567,0.00,0,406,split_finetuned_disk,11,1,10,283.72,11.24,11.24
163,778.00,29.75896567,115.97585529,29.75896567,115.97585529,29.75896567,115.97585529,0.5567,0.00,0,406,split_finetuned_disk,11,1,10,237.83,85.81,85.81
164,782.00,29.75896567,115.97585529,29.75896567,115.97585529,29.75896567,115.97585529,0.5567,0.00,0,406,split_finetuned_disk,11,1,7,211.60,37.63,37.63
165,785.00,29.75896567,115.97585529,29.75896567,115.97585529,29.75896567,115.97585529,0.5567,0.00,0,406,split_finetuned_disk,11,1,5,214.88,53.05,53.05
166,789.00,29.72129026,115.97437938,29.75896567,115.97585529,29.75896567,115.97585529,0.6500,4196.45,1,132,split_finetuned_disk,15,1,7,4090.14,130.57,130.57
167,792.00,29.75773780,115.98003774,29.75896567,115.97585529,29.75896567,115.97585529,0.5333,426.76,1,394,split_finetuned_disk,10,1,1,11.76,11.76,11.76
168,796.00,29.75773780,115.98003774,29.75896567,115.97585529,29.75896567,115.97585529,0.5333,426.76,1,394,split_finetuned_disk,10,1,1,86.56,86.56,86.56
169,799.00,29.75054058,115.97087143,29.75896567,115.97585529,29.75896567,115.97585529,0.6033,1054.37,1,338,split_finetuned_disk,13,1,4,1028.55,36.90,36.90
170,803.00,29.75318495,115.97182827,29.75896567,115.97585529,29.75896567,115.97585529,0.6733,752.08,1,352,split_finetuned_disk,16,1,5,705.92,42.83,42.83
171,807.00,29.75318495,115.97182827,29.75896567,115.97585529,29.75896567,115.97585529,0.6733,752.08,1,352,split_finetuned_disk,16,1,4,669.77,80.52,80.52
172,810.00,29.75069081,115.97689342,29.75896567,115.97585529,29.75896567,115.97585529,0.6500,926.61,1,341,split_finetuned_disk,15,1,2,452.95,8.67,8.67
173,814.00,29.75069081,115.97689342,29.75896567,115.97585529,29.75896567,115.97585529,0.6500,926.61,1,341,split_finetuned_disk,15,1,2,376.11,87.31,87.31
174,817.00,29.75171480,115.97989466,29.75896567,115.97585529,29.75896567,115.97585529,0.5333,896.64,1,356,split_finetuned_disk,10,1,4,194.80,36.16,36.16
175,821.00,29.75171480,115.97989466,29.75896567,115.97585529,29.75171480,115.97989466,0.5333,896.64,1,356,split_finetuned_disk,10,1,4,196.31,43.57,43.57
176,824.00,29.75171480,115.97989466,29.75171480,115.97989466,29.75171480,115.97989466,0.5333,0.00,0,356,split_finetuned_disk,10,1,5,226.43,120.96,120.96
177,828.00,29.75797388,115.98512047,29.75171480,115.97989466,29.75171480,115.97989466,0.5100,860.60,1,397,split_finetuned_disk,9,1,4,993.86,8.52,8.52
178,831.00,29.75294887,115.97577591,29.75171480,115.97989466,29.75171480,115.97989466,0.5333,421.15,1,353,split_finetuned_disk,10,1,-1,493.21,206.32,206.32
179,835.00,29.74852933,115.98264351,29.75171480,115.97989466,29.75171480,115.97989466,0.5333,443.11,1,331,split_finetuned_disk,10,1,5,394.24,46.32,46.32
180,838.00,29.75008534,115.97683162,29.75171480,115.97989466,29.75171480,115.97989466,0.5567,347.22,1,328,split_finetuned_disk,11,1,5,212.89,44.30,44.30
181,842.00,29.75008534,115.97683162,29.75171480,115.97989466,29.75171480,115.97989466,0.5567,347.22,1,328,split_finetuned_disk,11,1,3,241.19,79.02,79.02
182,846.00,29.71987996,115.98468792,29.75171480,115.97989466,29.75171480,115.97989466,0.5800,3574.01,1,124,split_finetuned_disk,12,1,2,3058.41,8.42,8.42
183,849.00,29.71987996,115.98468792,29.75171480,115.97989466,29.75171480,115.97989466,0.5800,3574.01,1,124,split_finetuned_disk,12,1,4,2982.00,77.73,77.73
184,853.00,29.74591262,115.97871537,29.75171480,115.97989466,29.75171480,115.97989466,0.5333,655.88,1,303,split_finetuned_disk,10,1,1,45.58,45.58,45.58
185,856.00,29.71987996,115.98468792,29.75171480,115.97989466,29.75171480,115.97989466,0.5800,3574.01,1,124,split_finetuned_disk,12,1,-1,2829.42,233.27,233.27
186,859.00,29.74591262,115.97871537,29.75171480,115.97989466,29.74591262,115.97871537,0.5333,655.88,1,303,split_finetuned_disk,10,1,1,111.36,89.35,89.35
187,863.00,29.74591262,115.97871537,29.74591262,115.97871537,29.74591262,115.97871537,0.5333,0.00,0,303,split_finetuned_disk,10,1,4,189.16,13.87,13.87
188,866.00,29.74163258,115.97760308,29.74591262,115.97871537,29.74591262,115.97871537,0.6033,488.43,1,277,split_finetuned_disk,13,1,1,122.26,78.48,78.48
189,870.00,29.74163258,115.97760308,29.74591262,115.97871537,29.74591262,115.97871537,0.6033,488.43,1,277,split_finetuned_disk,13,1,1,44.85,44.85,44.85
190,873.00,29.74163258,115.97760308,29.74591262,115.97871537,29.74591262,115.97871537,0.6033,488.43,1,277,split_finetuned_disk,13,1,1,34.90,34.90,34.90
191,877.00,29.74163258,115.97760308,29.74591262,115.97871537,29.74591262,115.97871537,0.6033,488.43,1,277,split_finetuned_disk,13,1,1,112.11,88.60,88.60
192,880.00,29.74299996,115.98804235,29.74591262,115.97871537,29.74591262,115.97871537,0.5333,958.07,1,294,split_finetuned_disk,10,1,9,882.33,13.27,13.27
193,883.00,29.74299996,115.98804235,29.74591262,115.97871537,29.74591262,115.97871537,0.5333,958.07,1,294,split_finetuned_disk,10,1,9,919.41,68.16,68.16
194,887.00,29.73763156,115.99138964,29.74591262,115.97871537,29.74591262,115.97871537,0.6033,1533.18,1,257,split_finetuned_disk,13,1,-1,1192.84,499.94,499.94
195,890.00,29.73763156,115.99138964,29.74591262,115.97871537,29.74591262,115.97871537,0.6033,1533.18,1,257,split_finetuned_disk,13,1,-1,1191.83,430.33,430.33
196,894.00,29.73763156,115.99138964,29.74591262,115.97871537,29.74591262,115.97871537,0.6033,1533.18,1,257,split_finetuned_disk,13,1,-1,1196.90,355.05,355.05
197,897.00,29.73763156,115.99138964,29.74591262,115.97871537,29.73763156,115.99138964,0.6033,1533.18,1,257,split_finetuned_disk,13,1,-1,1206.73,295.52,295.52
198,901.00,29.73763156,115.99138964,29.73763156,115.99138964,29.73763156,115.99138964,0.6033,0.00,0,257,split_finetuned_disk,13,1,-1,1221.45,246.47,246.47
199,904.00,29.73082066,115.97441646,29.73763156,115.99138964,29.73763156,115.99138964,0.5100,1807.34,1,197,split_finetuned_disk,9,1,-1,610.42,198.98,198.98
200,908.00,29.72750642,115.97026585,29.73763156,115.99138964,29.73763156,115.99138964,0.6500,2332.25,1,169,split_finetuned_disk,15,1,-1,1120.40,175.96,175.96
201,911.00,29.73471437,115.98883853,29.73763156,115.99138964,29.73763156,115.99138964,0.6033,407.75,1,230,split_finetuned_disk,13,1,4,996.85,98.19,98.19
202,915.00,29.73763156,115.99138964,29.73763156,115.99138964,29.73763156,115.99138964,0.6033,0.00,0,257,split_finetuned_disk,13,1,2,1325.30,21.61,21.61
203,918.00,29.73763156,115.99138964,29.73763156,115.99138964,29.73763156,115.99138964,0.6033,0.00,0,257,split_finetuned_disk,13,1,-1,1361.21,216.32,216.32
204,922.00,29.73763156,115.99138964,29.73763156,115.99138964,29.73763156,115.99138964,0.6033,0.00,0,257,split_finetuned_disk,13,1,-1,1406.42,255.07,255.07
205,925.00,29.73763156,115.99138964,29.73763156,115.99138964,29.73763156,115.99138964,0.6033,0.00,0,257,split_finetuned_disk,13,1,-1,1449.32,209.89,209.89
206,929.00,29.72753861,115.97265630,29.73763156,115.99138964,29.73763156,115.99138964,0.6033,2131.00,1,170,split_finetuned_disk,13,1,-1,677.06,217.49,217.49
207,932.00,29.73668269,115.99321159,29.73763156,115.99138964,29.73763156,115.99138964,0.6033,205.36,1,245,split_finetuned_disk,13,1,9,1595.70,20.92,20.92
208,936.00,29.72447572,115.97047595,29.73763156,115.99138964,29.73763156,115.99138964,0.5567,2496.25,1,156,split_finetuned_disk,11,1,5,877.47,59.37,59.37
209,939.00,29.72476546,115.97208780,29.73763156,115.99138964,29.73763156,115.99138964,0.5567,2352.06,1,157,split_finetuned_disk,11,1,6,662.93,63.86,63.86
210,943.00,29.72598261,115.98111817,29.73763156,115.99138964,29.73763156,115.99138964,0.6500,1633.19,1,174,split_finetuned_disk,15,1,7,192.16,16.86,16.86
211,947.00,29.72129026,115.97437938,29.73763156,115.99138964,29.73763156,115.99138964,0.6500,2452.05,1,132,split_finetuned_disk,15,1,6,651.39,92.92,92.92
212,950.00,29.70838124,115.97735069,29.73763156,115.99138964,29.73763156,115.99138964,0.5333,3527.59,1,42,split_finetuned_disk,10,1,5,1830.31,20.23,20.23
213,954.00,29.72598261,115.98111817,29.73763156,115.99138964,29.73763156,115.99138964,0.6500,1633.19,1,174,split_finetuned_disk,15,1,6,322.59,60.11,60.11
214,957.00,29.72598261,115.98111817,29.73763156,115.99138964,29.73763156,115.99138964,0.6500,1633.19,1,174,split_finetuned_disk,15,1,3,388.05,63.12,63.12
215,961.00,29.73209146,115.98981486,29.73763156,115.99138964,29.73209146,115.98981486,0.6267,635.23,1,217,split_finetuned_disk,14,1,6,1419.24,17.51,17.51
216,964.00,29.71712827,115.97768959,29.73209146,115.98981486,29.73209146,115.98981486,0.6033,2036.71,1,108,split_finetuned_disk,13,1,5,506.78,107.04,107.04
217,968.00,29.73471437,115.98883853,29.73209146,115.98981486,29.73209146,115.98981486,0.6033,306.86,1,230,split_finetuned_disk,13,1,5,1692.19,29.98,29.98
218,971.00,29.73673635,115.97819108,29.73209146,115.98981486,29.73209146,115.98981486,0.5567,1236.82,1,237,split_finetuned_disk,11,1,-1,1662.26,1266.41,1266.41
219,975.00,29.73673635,115.97819108,29.73209146,115.98981486,29.73209146,115.98981486,0.5567,1236.82,1,237,split_finetuned_disk,11,1,-1,1739.59,1343.33,1343.33
220,979.00,29.73673635,115.97819108,29.73209146,115.98981486,29.73209146,115.98981486,0.5567,1236.82,1,237,split_finetuned_disk,11,1,-1,1828.04,1629.50,1629.50
221,982.00,29.73763156,115.99138964,29.73209146,115.98981486,29.73209146,115.98981486,0.6033,635.23,1,257,split_finetuned_disk,13,1,-1,2409.34,1167.79,1167.79
222,986.00,29.71712827,115.97768959,29.73209146,115.98981486,29.73209146,115.98981486,0.6033,2036.71,1,108,split_finetuned_disk,13,1,1,29.26,29.26,29.26
223,989.00,29.71712827,115.97768959,29.73209146,115.98981486,29.73209146,115.98981486,0.6033,2036.71,1,108,split_finetuned_disk,13,1,1,50.59,50.59,50.59
224,992.00,29.71712827,115.97768959,29.73209146,115.98981486,29.73209146,115.98981486,0.6033,2036.71,1,108,split_finetuned_disk,13,1,1,128.09,72.67,72.67
225,996.00,29.71712827,115.97768959,29.73209146,115.98981486,29.71712827,115.97768959,0.6033,2036.71,1,108,split_finetuned_disk,13,1,8,205.91,10.17,10.17
226,1000.00,29.72595661,115.98150129,29.71712827,115.97768959,29.71712827,115.97768959,0.5333,1049.56,1,161,split_finetuned_disk,10,1,3,1100.47,84.09,84.09
227,1003.00,29.71277932,115.98291541,29.71712827,115.97768959,29.71712827,115.97768959,0.5800,699.66,1,71,split_finetuned_disk,12,1,9,458.47,39.32,39.32
228,1007.00,29.72129026,115.97437938,29.71712827,115.97768959,29.71712827,115.97768959,0.6500,563.06,1,132,split_finetuned_disk,15,1,9,943.60,51.34,51.34
229,1010.00,29.72129026,115.97437938,29.71712827,115.97768959,29.71712827,115.97768959,0.6500,563.06,1,132,split_finetuned_disk,15,1,5,1014.41,71.92,71.92
230,1014.00,29.70386059,115.98739447,29.71712827,115.97768959,29.71712827,115.97768959,0.5333,1749.68,1,7,split_finetuned_disk,10,1,4,1156.31,10.62,10.62
231,1017.00,29.70386059,115.98739447,29.71712827,115.97768959,29.71712827,115.97768959,0.5333,1749.68,1,7,split_finetuned_disk,10,1,5,1090.08,84.83,84.83
232,1021.00,29.72383806,115.99339697,29.71712827,115.97768959,29.71712827,115.97768959,0.6033,1692.05,1,154,split_finetuned_disk,13,1,10,1947.44,38.58,38.58
233,1024.00,29.72383806,115.99339697,29.71712827,115.97768959,29.71712827,115.97768959,0.6033,1692.05,1,154,split_finetuned_disk,13,1,8,2002.73,41.13,41.13
234,1028.00,29.72383806,115.99339697,29.71712827,115.97768959,29.71712827,115.97768959,0.6033,1692.05,1,154,split_finetuned_disk,13,1,9,2059.48,82.24,82.24
235,1031.00,29.72383806,115.99339697,29.71712827,115.97768959,29.72383806,115.99339697,0.6033,1692.05,1,154,split_finetuned_disk,13,1,10,2117.58,9.26,9.26
236,1035.00,29.72383806,115.99339697,29.72383806,115.99339697,29.72383806,115.99339697,0.6033,0.00,0,154,split_finetuned_disk,13,1,7,2185.49,115.14,115.14
237,1039.00,29.72383806,115.99339697,29.72383806,115.99339697,29.72383806,115.99339697,0.6033,0.00,0,154,split_finetuned_disk,13,1,8,2246.12,37.85,37.85
238,1042.00,29.72903477,115.98956769,29.72383806,115.99339697,29.72383806,115.99339697,0.5333,686.77,1,191,split_finetuned_disk,10,1,5,2634.74,41.87,41.87
239,1046.00,29.75356054,115.99214874,29.72383806,115.99339697,29.72383806,115.99339697,0.5567,3310.91,1,362,split_finetuned_disk,11,1,5,5304.72,81.49,81.49
240,1094.00,29.72602100,115.98694242,29.72383806,115.99339697,29.72383806,115.99339697,0.5333,669.55,1,164,split_finetuned_disk,10,1,2,2158.96,74.43,74.43
241,1099.00,29.72602100,115.98694242,29.72383806,115.99339697,29.72383806,115.99339697,0.5333,669.55,1,164,split_finetuned_disk,10,1,2,2084.20,3.91,3.91
242,1104.00,29.72602100,115.98694242,29.72383806,115.99339697,29.72383806,115.99339697,0.5333,669.55,1,164,split_finetuned_disk,10,1,2,2009.68,81.45,81.45
243,1109.00,29.72895965,115.99289026,29.72383806,115.99339697,29.72383806,115.99339697,0.5567,572.24,1,193,split_finetuned_disk,11,1,9,2540.93,40.68,40.68
244,1114.00,29.72895965,115.99289026,29.72383806,115.99339697,29.72383806,115.99339697,0.5567,572.24,1,193,split_finetuned_disk,11,1,-1,2472.49,256.50,256.50
245,1120.00,29.72598261,115.98111817,29.72383806,115.99339697,29.72383806,115.99339697,0.6500,1210.63,1,174,split_finetuned_disk,15,1,-1,1884.79,934.66,934.66
246,1125.00,29.72598261,115.98111817,29.72383806,115.99339697,29.72383806,115.99339697,0.6500,1210.63,1,174,split_finetuned_disk,15,1,-1,1806.87,445.73,445.73
247,1130.00,29.72598261,115.98111817,29.72383806,115.99339697,29.72598261,115.98111817,0.6500,1210.63,1,174,split_finetuned_disk,15,1,9,1717.81,82.21,82.21
248,1135.00,29.70838124,115.97735069,29.72598261,115.98111817,29.72598261,115.98111817,0.5333,1992.94,1,42,split_finetuned_disk,10,1,10,539.50,39.93,39.93
249,1140.00,29.72476546,115.97208780,29.72598261,115.98111817,29.72598261,115.98111817,0.5567,883.32,1,157,split_finetuned_disk,11,1,9,1580.41,38.07,38.07
250,1145.00,29.72107110,115.98571891,29.72598261,115.98111817,29.72598261,115.98111817,0.5567,704.77,1,125,split_finetuned_disk,11,1,2,908.76,84.06,84.06
251,1150.00,29.72107110,115.98571891,29.72598261,115.98111817,29.72598261,115.98111817,0.5567,704.77,1,125,split_finetuned_disk,11,1,2,851.66,6.35,6.35
252,1155.00,29.72107110,115.98571891,29.72598261,115.98111817,29.72598261,115.98111817,0.5567,704.77,1,125,split_finetuned_disk,11,1,2,798.08,71.83,71.83
253,1160.00,29.71987996,115.98468792,29.72598261,115.98111817,29.72598261,115.98111817,0.5800,761.95,1,124,split_finetuned_disk,12,1,3,601.14,50.30,50.30
254,1165.00,29.71987996,115.98468792,29.72598261,115.98111817,29.72598261,115.98111817,0.5800,761.95,1,124,split_finetuned_disk,12,1,7,545.22,27.71,27.71
255,1170.00,29.71855550,115.98012948,29.72598261,115.98111817,29.72598261,115.98111817,0.5567,832.29,1,109,split_finetuned_disk,11,1,1,83.31,83.31,83.31
256,1175.00,29.73123917,115.97034000,29.72598261,115.98111817,29.72598261,115.98111817,0.5800,1194.90,1,195,split_finetuned_disk,12,1,-1,1725.83,1654.86,1654.86
257,1180.00,29.73673635,115.97819108,29.72598261,115.98111817,29.73673635,115.97819108,0.5567,1230.09,1,237,split_finetuned_disk,11,1,-1,1968.86,1579.38,1579.38
258,1185.00,29.73673635,115.97819108,29.73673635,115.97819108,29.73673635,115.97819108,0.5567,0.00,0,237,split_finetuned_disk,11,1,-1,1892.64,1504.15,1504.15
259,1190.00,29.73673635,115.97819108,29.73673635,115.97819108,29.73673635,115.97819108,0.5567,0.00,0,237,split_finetuned_disk,11,1,-1,1816.57,1622.12,1622.12
260,1195.00,29.73673635,115.97819108,29.73673635,115.97819108,29.73673635,115.97819108,0.5567,0.00,0,237,split_finetuned_disk,11,1,-1,1740.66,306.34,306.34
261,1200.00,29.73763156,115.99138964,29.73673635,115.97819108,29.73673635,115.97819108,0.6033,1279.65,1,257,split_finetuned_disk,13,1,-1,2072.08,1280.40,1280.40
262,1205.00,29.73673635,115.97819108,29.73673635,115.97819108,29.73673635,115.97819108,0.5567,0.00,0,237,split_finetuned_disk,11,1,-1,1589.42,1206.65,1206.65
263,1210.00,29.73673635,115.97819108,29.73673635,115.97819108,29.73673635,115.97819108,0.5567,0.00,0,237,split_finetuned_disk,11,1,-1,1503.43,551.24,551.24
264,1215.00,29.72107110,115.98571891,29.73673635,115.97819108,29.73673635,115.97819108,0.5567,1889.57,1,125,split_finetuned_disk,11,1,10,736.29,29.21,29.21
265,1221.00,29.71557393,115.98358800,29.73673635,115.97819108,29.73673635,115.97819108,0.5567,2412.87,1,85,split_finetuned_disk,11,1,2,1176.55,92.93,92.93
266,1226.00,29.71286516,115.99072227,29.73673635,115.97819108,29.73673635,115.97819108,0.5800,2920.38,1,75,split_finetuned_disk,12,1,3,1707.28,15.09,15.09
267,1231.00,29.72598261,115.98111817,29.73673635,115.97819108,29.73673635,115.97819108,0.6500,1230.09,1,174,split_finetuned_disk,15,1,1,137.08,137.08,137.08
268,1237.00,29.72598261,115.98111817,29.73673635,115.97819108,29.73673635,115.97819108,0.6500,1230.09,1,174,split_finetuned_disk,15,1,1,59.17,59.17,59.17
269,1242.00,29.72598261,115.98111817,29.73673635,115.97819108,29.73673635,115.97819108,0.6500,1230.09,1,174,split_finetuned_disk,15,1,1,18.86,18.86,18.86
270,1247.00,29.72598261,115.98111817,29.73673635,115.97819108,29.73673635,115.97819108,0.6500,1230.09,1,174,split_finetuned_disk,15,1,1,96.72,96.72,96.72
271,1252.00,29.73209146,115.98981486,29.73673635,115.97819108,29.73673635,115.97819108,0.6267,1236.82,1,217,split_finetuned_disk,14,1,6,899.36,14.34,14.34
272,1258.00,29.73209146,115.98981486,29.73673635,115.97819108,29.73673635,115.97819108,0.6267,1236.82,1,217,split_finetuned_disk,14,1,6,866.24,63.71,63.71
273,1263.00,29.73082066,115.97441646,29.73673635,115.97819108,29.73082066,115.97441646,0.5100,752.85,1,197,split_finetuned_disk,9,1,-1,604.54,405.94,405.94
274,1268.00,29.73447829,115.98292776,29.73082066,115.97441646,29.73082066,115.97441646,0.5100,917.94,1,227,split_finetuned_disk,9,1,-1,429.04,402.19,402.19
275,1273.00,29.73447829,115.98292776,29.73082066,115.97441646,29.73082066,115.97441646,0.5100,917.94,1,227,split_finetuned_disk,9,1,-1,361.73,361.73,361.73
276,1278.00,29.73452121,115.98597322,29.73082066,115.97441646,29.73082066,115.97441646,0.5567,1190.61,1,228,split_finetuned_disk,11,1,-1,457.26,299.62,299.62
277,1283.00,29.73452121,115.98597322,29.73082066,115.97441646,29.73082066,115.97441646,0.5567,1190.61,1,228,split_finetuned_disk,11,1,-1,424.44,246.65,246.65
278,1288.00,29.73447829,115.98292776,29.73082066,115.97441646,29.73082066,115.97441646,0.5100,917.94,1,227,split_finetuned_disk,9,1,-1,206.49,206.49,206.49
279,1293.00,29.73452121,115.98597322,29.73082066,115.97441646,29.73082066,115.97441646,0.5567,1190.61,1,228,split_finetuned_disk,11,1,-1,398.80,199.32,199.32
280,1298.00,29.73123917,115.97034000,29.73082066,115.97441646,29.73082066,115.97441646,0.5800,396.77,1,195,split_finetuned_disk,12,1,-1,1118.77,221.27,221.27
281,1303.00,29.73452121,115.98597322,29.73082066,115.97441646,29.73082066,115.97441646,0.5567,1190.61,1,228,split_finetuned_disk,11,1,6,435.49,23.93,23.93
282,1307.00,29.73447829,115.98292776,29.73082066,115.97441646,29.73082066,115.97441646,0.5100,917.94,1,227,split_finetuned_disk,9,1,2,322.27,145.95,145.95
283,1312.00,29.73952476,115.98728847,29.73082066,115.97441646,29.73952476,115.98728847,0.6267,1576.98,1,268,split_finetuned_disk,14,1,4,655.57,68.04,68.04
284,1317.00,29.73952476,115.98728847,29.73952476,115.98728847,29.73952476,115.98728847,0.6267,0.00,0,268,split_finetuned_disk,14,1,5,627.76,10.05,10.05
285,1322.00,29.73299287,115.97928386,29.73952476,115.98728847,29.73952476,115.98728847,0.5100,1061.77,1,212,split_finetuned_disk,9,1,-1,716.80,526.58,526.58
286,1327.00,29.74299996,115.98804235,29.73952476,115.98728847,29.73952476,115.98728847,0.5333,393.66,1,294,split_finetuned_disk,10,1,-1,732.78,223.12,223.12
287,1332.00,29.74190086,115.98541708,29.73952476,115.98728847,29.73952476,115.98728847,0.5567,320.44,1,280,split_finetuned_disk,11,1,7,423.92,145.20,145.20
288,1337.00,29.74299996,115.98804235,29.73952476,115.98728847,29.73952476,115.98728847,0.5333,393.66,1,294,split_finetuned_disk,10,1,5,655.27,67.29,67.29
289,1342.00,29.74163258,115.97760308,29.73952476,115.98728847,29.73952476,115.98728847,0.6033,965.14,1,277,split_finetuned_disk,13,1,6,202.00,10.79,10.79
290,1347.00,29.74163258,115.97760308,29.73952476,115.98728847,29.73952476,115.98728847,0.6033,965.14,1,277,split_finetuned_disk,13,1,8,220.31,111.43,111.43
291,1353.00,29.74163258,115.97760308,29.73952476,115.98728847,29.73952476,115.98728847,0.6033,965.14,1,277,split_finetuned_disk,13,1,8,261.56,33.54,33.54
292,1358.00,29.74737658,115.97673275,29.73952476,115.98728847,29.73952476,115.98728847,0.5333,1343.51,1,315,split_finetuned_disk,10,1,6,536.48,44.46,44.46
293,1364.00,29.74523036,115.97549166,29.73952476,115.98728847,29.73952476,115.98728847,0.6267,1305.23,1,314,split_finetuned_disk,14,1,9,662.69,77.67,77.67
294,1369.00,29.74523036,115.97549166,29.73952476,115.98728847,29.74523036,115.97549166,0.6267,1305.23,1,314,split_finetuned_disk,14,1,9,630.58,11.54,11.54
295,1373.00,29.74523036,115.97549166,29.74523036,115.97549166,29.74523036,115.97549166,0.6267,0.00,0,314,split_finetuned_disk,14,1,10,611.81,89.35,89.35
296,1378.00,29.74290338,115.97249564,29.74523036,115.97549166,29.74523036,115.97549166,0.6267,388.54,1,287,split_finetuned_disk,14,1,10,881.83,32.79,32.79
297,1383.00,29.74760193,115.97980293,29.74523036,115.97549166,29.74523036,115.97549166,0.5333,493.31,1,316,split_finetuned_disk,10,1,7,206.72,45.21,45.21
298,1388.00,29.75008534,115.97683162,29.74523036,115.97549166,29.74523036,115.97549166,0.5567,555.76,1,328,split_finetuned_disk,11,1,8,409.01,76.92,76.92
299,1392.00,29.75008534,115.97683162,29.74523036,115.97549166,29.74523036,115.97549166,0.5567,555.76,1,328,split_finetuned_disk,11,1,7,401.72,2.00,2.00
300,1398.00,29.75101274,115.98279182,29.74523036,115.97549166,29.74523036,115.97549166,0.5333,955.12,1,344,split_finetuned_disk,10,1,6,232.31,78.97,78.97
301,1403.00,29.76063972,115.98753564,29.74523036,115.97549166,29.74523036,115.97549166,0.5100,2073.11,1,411,split_finetuned_disk,9,1,5,1202.52,43.16,43.16
302,1408.00,29.72598261,115.98111817,29.74523036,115.97549166,29.74523036,115.97549166,0.6500,2210.60,1,174,split_finetuned_disk,15,1,-1,2645.93,695.20,695.20
303,1412.00,29.75171480,115.97989466,29.74523036,115.97549166,29.74523036,115.97549166,0.5333,837.97,1,356,split_finetuned_disk,10,1,1,76.16,76.16,76.16
304,1417.00,29.75171480,115.97989466,29.74523036,115.97549166,29.74523036,115.97549166,0.5333,837.97,1,356,split_finetuned_disk,10,1,1,2.47,2.47,2.47
305,1423.00,29.75171480,115.97989466,29.74523036,115.97549166,29.75171480,115.97989466,0.5333,837.97,1,356,split_finetuned_disk,10,1,1,79.72,79.72,79.72
306,1428.00,29.70420398,115.97681926,29.75171480,115.97989466,29.75171480,115.97989466,0.5800,5297.25,1,3,split_finetuned_disk,12,1,4,5572.13,42.41,42.41
307,1433.00,29.75069081,115.97689342,29.75171480,115.97989466,29.75171480,115.97989466,0.6500,311.69,1,341,split_finetuned_disk,15,1,-1,592.52,399.87,399.87
308,1438.00,29.75069081,115.97689342,29.75171480,115.97989466,29.75171480,115.97989466,0.6500,311.69,1,341,split_finetuned_disk,15,1,4,651.95,113.49,113.49
309,1443.00,29.75069081,115.97689342,29.75171480,115.97989466,29.75171480,115.97989466,0.6500,311.69,1,341,split_finetuned_disk,15,1,10,714.93,8.77,8.77
310,1447.00,29.75428406,115.97840640,29.75171480,115.97989466,29.75171480,115.97989466,0.6033,320.15,1,368,split_finetuned_disk,13,1,10,345.46,80.47,80.47
311,1452.00,29.75572655,115.98311314,29.75171480,115.97989466,29.75171480,115.97989466,0.5800,544.26,1,383,split_finetuned_disk,12,1,4,253.77,41.66,41.66
312,1457.00,29.75101274,115.98279182,29.75171480,115.97989466,29.75171480,115.97989466,0.5333,290.74,1,344,split_finetuned_disk,10,1,3,859.49,36.34,36.34
313,1462.00,29.76797025,115.98054445,29.75171480,115.97989466,29.75171480,115.97989466,0.5333,1810.65,1,472,split_finetuned_disk,10,1,10,1104.35,85.79,85.79
314,1467.00,29.75896567,115.97585529,29.75171480,115.97989466,29.75171480,115.97989466,0.5567,896.64,1,406,split_finetuned_disk,11,1,9,401.79,8.03,8.03
315,1472.00,29.71284370,115.97259451,29.75171480,115.97989466,29.71284370,115.97259451,0.6033,4384.29,1,66,split_finetuned_disk,13,1,4,5330.71,129.94,129.94
316,1477.00,29.76797025,115.98054445,29.71284370,115.97259451,29.71284370,115.97259451,0.5333,6184.61,1,472,split_finetuned_disk,10,1,2,875.55,52.03,52.03
317,1482.00,29.71568577,115.97024113,29.71284370,115.97259451,29.71284370,115.97259451,0.5800,389.67,1,91,split_finetuned_disk,12,1,-1,5124.78,737.21,737.21
318,1486.00,29.71568577,115.97024113,29.71284370,115.97259451,29.71284370,115.97259451,0.5800,389.67,1,91,split_finetuned_disk,12,1,-1,5212.14,349.18,349.18
319,1491.00,29.76243015,115.97956098,29.71284370,115.97259451,29.71284370,115.97259451,0.6267,5560.88,1,434,split_finetuned_disk,14,1,1,7.30,7.30,7.30
320,1496.00,29.76243015,115.97956098,29.71284370,115.97259451,29.71284370,115.97259451,0.6267,5560.88,1,434,split_finetuned_disk,14,1,1,70.85,70.85,70.85
321,1501.00,29.77184250,115.97662152,29.71284370,115.97259451,29.71284370,115.97259451,0.5800,6579.27,1,497,split_finetuned_disk,12,1,-1,941.28,208.13,208.13
322,1552.00,29.76355691,115.98763451,29.71284370,115.97259451,29.71284370,115.97259451,0.5567,5829.57,1,437,split_finetuned_disk,11,1,2,421.07,115.46,115.46
323,1555.00,29.75069081,115.97689342,29.71284370,115.97259451,29.71284370,115.97259451,0.6500,4233.58,1,341,split_finetuned_disk,15,1,2,1555.72,37.76,37.76
324,1559.00,29.75069081,115.97689342,29.71284370,115.97259451,29.71284370,115.97259451,0.6500,4233.58,1,341,split_finetuned_disk,15,1,2,1484.02,40.80,40.80
325,1562.00,29.71568577,115.97024113,29.71284370,115.97259451,29.71568577,115.97024113,0.5800,389.67,1,91,split_finetuned_disk,12,1,2,5209.38,70.63,70.63
326,1566.00,29.76809902,115.98904862,29.71568577,115.97024113,29.71568577,115.97024113,0.6033,6111.29,1,477,split_finetuned_disk,13,1,5,1008.96,8.97,8.97
327,1569.00,29.76355691,115.98763451,29.71568577,115.97024113,29.71568577,115.97024113,0.5567,5587.93,1,437,split_finetuned_disk,11,1,4,495.43,85.54,85.54
328,1573.00,29.76778329,115.99011147,29.71568577,115.97024113,29.71568577,115.97024113,0.5333,6109.26,1,464,split_finetuned_disk,10,1,2,973.98,37.01,37.01
329,1577.00,29.75069081,115.97689342,29.71568577,115.97024113,29.71568577,115.97024113,0.6500,3949.46,1,341,split_finetuned_disk,15,1,3,1128.40,41.54,41.54
330,1580.00,29.75069081,115.97689342,29.71568577,115.97024113,29.71568577,115.97024113,0.6500,3949.46,1,341,split_finetuned_disk,15,1,5,1062.98,119.27,119.27
331,1584.00,29.75572655,115.98311314,29.71568577,115.97024113,29.71568577,115.97024113,0.5800,4627.73,1,383,split_finetuned_disk,12,1,2,202.97,5.75,5.75
332,1588.00,29.72598261,115.98111817,29.71568577,115.97024113,29.71568577,115.97024113,0.6500,1555.39,1,174,split_finetuned_disk,15,1,2,3330.70,75.18,75.18
333,1591.00,29.75623545,115.98441081,29.71568577,115.97024113,29.71568577,115.97024113,0.5333,4717.20,1,396,split_finetuned_disk,10,1,-1,153.02,153.02,153.02
334,1595.00,29.75572655,115.98311314,29.71568577,115.97024113,29.71568577,115.97024113,0.5800,4627.73,1,383,split_finetuned_disk,12,1,1,42.29,42.29,42.29
335,1598.00,29.76297743,115.98488044,29.71568577,115.97024113,29.76297743,115.98488044,0.5333,5451.36,1,435,split_finetuned_disk,10,1,-1,919.93,220.05,220.05
336,1602.00,29.76297743,115.98488044,29.76297743,115.98488044,29.76297743,115.98488044,0.5333,0.00,0,435,split_finetuned_disk,10,1,-1,997.86,204.97,204.97
337,1605.00,29.75069081,115.97689342,29.76297743,115.98488044,29.76297743,115.98488044,0.6500,1570.59,1,341,split_finetuned_disk,15,1,7,677.64,75.93,75.93
338,1609.00,29.72129026,115.97437938,29.76297743,115.98488044,29.76297743,115.98488044,0.6500,4750.33,1,132,split_finetuned_disk,15,1,8,3536.82,46.57,46.57
339,1613.00,29.73065969,115.99396547,29.76297743,115.98488044,29.76297743,115.98488044,0.5100,3703.24,1,206,split_finetuned_disk,9,1,-1,2572.78,257.67,257.67
340,1617.00,29.75069081,115.97689342,29.76297743,115.98488044,29.76297743,115.98488044,0.6500,1570.59,1,341,split_finetuned_disk,15,1,2,601.87,90.60,90.60
341,1620.00,29.75101274,115.98279182,29.76297743,115.98488044,29.76297743,115.98488044,0.5333,1347.12,1,344,split_finetuned_disk,10,1,1,5.16,5.16,5.16
342,1624.00,29.75101274,115.98279182,29.76297743,115.98488044,29.76297743,115.98488044,0.5333,1347.12,1,344,split_finetuned_disk,10,1,1,76.68,76.68,76.68
343,1627.00,29.74852933,115.98264351,29.76297743,115.98488044,29.76297743,115.98488044,0.5333,1622.83,1,331,split_finetuned_disk,10,1,1,45.83,45.83,45.83
344,1630.00,29.74852933,115.98264351,29.76297743,115.98488044,29.76297743,115.98488044,0.5333,1622.83,1,331,split_finetuned_disk,10,1,1,32.75,32.75,32.75
345,1633.00,29.75008534,115.97683162,29.76297743,115.98488044,29.76297743,115.98488044,0.5567,1632.46,1,328,split_finetuned_disk,11,1,2,605.17,89.84,89.84
346,1637.00,29.74723707,115.98484336,29.76297743,115.98488044,29.74723707,115.98484336,0.5333,1752.22,1,318,split_finetuned_disk,10,1,1,12.79,12.79,12.79
347,1640.00,29.75318495,115.97182827,29.74723707,115.98484336,29.74723707,115.98484336,0.6733,1421.63,1,352,split_finetuned_disk,16,1,4,1197.43,66.33,66.33
348,1644.00,29.76785221,115.98801763,29.74723707,115.98484336,29.74723707,115.98484336,0.6500,2315.30,1,476,split_finetuned_disk,15,1,4,2576.09,56.16,56.16
349,1647.00,29.76785221,115.98801763,29.74723707,115.98484336,29.74723707,115.98484336,0.6500,2315.30,1,476,split_finetuned_disk,15,1,6,2664.08,33.49,33.49
350,1651.00,29.76785221,115.98801763,29.74723707,115.98484336,29.74723707,115.98484336,0.6500,2315.30,1,476,split_finetuned_disk,15,1,5,2741.12,89.09,89.09
351,1654.00,29.74163258,115.97760308,29.74723707,115.98484336,29.74723707,115.98484336,0.6033,937.56,1,277,split_finetuned_disk,13,1,5,447.87,12.10,12.10
352,1658.00,29.74163258,115.97760308,29.74723707,115.98484336,29.74723707,115.98484336,0.6033,937.56,1,277,split_finetuned_disk,13,1,6,416.86,67.08,67.08
353,1661.00,29.74190086,115.98541708,29.74723707,115.98484336,29.74723707,115.98484336,0.5567,596.61,1,280,split_finetuned_disk,11,1,8,212.26,55.41,55.41
354,1664.00,29.74190086,115.98541708,29.74723707,115.98484336,29.74723707,115.98484336,0.5567,596.61,1,280,split_finetuned_disk,11,1,8,206.22,23.28,23.28
355,1668.00,29.73952476,115.98728847,29.74723707,115.98484336,29.74723707,115.98484336,0.6267,890.47,1,268,split_finetuned_disk,14,1,2,416.97,99.46,99.46
356,1671.00,29.73952476,115.98728847,29.74723707,115.98484336,29.73952476,115.98728847,0.6267,890.47,1,268,split_finetuned_disk,14,1,2,405.53,21.98,21.98
357,1674.00,29.73952476,115.98728847,29.73952476,115.98728847,29.73952476,115.98728847,0.6267,0.00,0,268,split_finetuned_disk,14,1,3,410.57,67.83,67.83
358,1678.00,29.73952476,115.98728847,29.73952476,115.98728847,29.73952476,115.98728847,0.6267,0.00,0,268,split_finetuned_disk,14,1,-1,430.33,243.37,243.37
359,1681.00,29.73952476,115.98728847,29.73952476,115.98728847,29.73952476,115.98728847,0.6267,0.00,0,268,split_finetuned_disk,14,1,-1,462.54,223.55,223.55
360,1685.00,29.73952476,115.98728847,29.73952476,115.98728847,29.73952476,115.98728847,0.6267,0.00,0,268,split_finetuned_disk,14,1,-1,504.82,218.54,218.54
361,1689.00,29.73952476,115.98728847,29.73952476,115.98728847,29.73952476,115.98728847,0.6267,0.00,0,268,split_finetuned_disk,14,1,-1,554.88,179.41,179.41
362,1692.00,29.73952476,115.98728847,29.73952476,115.98728847,29.73952476,115.98728847,0.6267,0.00,0,268,split_finetuned_disk,14,1,3,610.81,142.82,142.82
363,1696.00,29.73952476,115.98728847,29.73952476,115.98728847,29.73952476,115.98728847,0.6267,0.00,0,268,split_finetuned_disk,14,1,3,671.14,65.00,65.00
364,1699.00,29.73952476,115.98728847,29.73952476,115.98728847,29.73952476,115.98728847,0.6267,0.00,0,268,split_finetuned_disk,14,1,3,734.78,14.02,14.02
365,1703.00,29.73952476,115.98728847,29.73952476,115.98728847,29.73952476,115.98728847,0.6267,0.00,0,268,split_finetuned_disk,14,1,4,810.58,97.96,97.96
366,1706.00,29.73952476,115.98728847,29.73952476,115.98728847,29.73952476,115.98728847,0.6267,0.00,0,268,split_finetuned_disk,14,1,6,878.94,20.52,20.52
367,1709.00,29.73123917,115.97034000,29.73952476,115.98728847,29.73952476,115.98728847,0.5800,1880.03,1,195,split_finetuned_disk,12,1,-1,1203.44,258.06,258.06
368,1713.00,29.73952476,115.98728847,29.73952476,115.98728847,29.73952476,115.98728847,0.6267,0.00,0,268,split_finetuned_disk,14,1,7,1019.79,136.03,136.03
369,1716.00,29.73209146,115.98981486,29.73952476,115.98728847,29.73952476,115.98728847,0.6267,862.76,1,217,split_finetuned_disk,14,1,8,641.65,14.73,14.73
370,1720.00,29.73209146,115.98981486,29.73952476,115.98728847,29.73952476,115.98728847,0.6267,862.76,1,217,split_finetuned_disk,14,1,4,671.66,91.92,91.92
371,1723.00,29.72129026,115.97437938,29.73952476,115.98728847,29.73952476,115.98728847,0.6500,2382.71,1,132,split_finetuned_disk,15,1,6,1149.55,30.69,30.69
372,1726.00,29.72129026,115.97437938,29.73952476,115.98728847,29.73952476,115.98728847,0.6500,2382.71,1,132,split_finetuned_disk,15,1,5,1094.59,47.89,47.89
373,1730.00,29.72129026,115.97437938,29.73952476,115.98728847,29.73952476,115.98728847,0.6500,2382.71,1,132,split_finetuned_disk,15,1,4,1035.40,63.50,63.50
374,1733.00,29.72598261,115.98111817,29.73952476,115.98728847,29.73952476,115.98728847,0.6500,1621.21,1,174,split_finetuned_disk,15,1,5,195.58,15.44,15.44
375,1737.00,29.72598261,115.98111817,29.73952476,115.98728847,29.73952476,115.98728847,0.6500,1621.21,1,174,split_finetuned_disk,15,1,2,215.88,92.67,92.67
376,1740.00,29.71030664,115.97653501,29.73952476,115.98728847,29.73952476,115.98728847,0.5333,3414.61,1,55,split_finetuned_disk,10,1,4,1734.78,29.95,29.95
377,1743.00,29.71277932,115.98291541,29.73952476,115.98728847,29.73952476,115.98728847,0.5800,3007.16,1,71,split_finetuned_disk,12,1,6,1351.62,48.64,48.64
378,1747.00,29.73209146,115.98981486,29.73952476,115.98728847,29.73209146,115.98981486,0.6267,862.76,1,217,split_finetuned_disk,14,1,5,1106.36,73.85,73.85
379,1750.00,29.72107110,115.98571891,29.73209146,115.98981486,29.73209146,115.98981486,0.5567,1289.09,1,125,split_finetuned_disk,11,1,9,566.24,6.53,6.53
380,1754.00,29.72107110,115.98571891,29.73209146,115.98981486,29.73209146,115.98981486,0.5567,1289.09,1,125,split_finetuned_disk,11,1,10,514.80,82.31,82.31
381,1757.00,29.71855550,115.98012948,29.73209146,115.98981486,29.73209146,115.98981486,0.5567,1773.96,1,109,split_finetuned_disk,11,1,3,471.06,29.21,29.21
382,1761.00,29.71855550,115.98012948,29.73209146,115.98981486,29.73209146,115.98981486,0.5567,1773.96,1,109,split_finetuned_disk,11,1,-1,401.42,201.13,201.13
383,1765.00,29.71855550,115.98012948,29.73209146,115.98981486,29.73209146,115.98981486,0.5567,1773.96,1,109,split_finetuned_disk,11,1,-1,335.46,208.23,208.23
384,1768.00,29.71987996,115.98468792,29.73209146,115.98981486,29.73209146,115.98981486,0.5800,1446.90,1,124,split_finetuned_disk,12,1,2,205.02,7.04,7.04
385,1772.00,29.71987996,115.98468792,29.73209146,115.98981486,29.73209146,115.98981486,0.5800,1446.90,1,124,split_finetuned_disk,12,1,3,221.10,83.06,83.06
386,1775.00,29.71987996,115.98468792,29.73209146,115.98981486,29.73209146,115.98981486,0.5800,1446.90,1,124,split_finetuned_disk,12,1,8,260.53,39.48,39.48
387,1779.00,29.71987996,115.98468792,29.73209146,115.98981486,29.73209146,115.98981486,0.5800,1446.90,1,124,split_finetuned_disk,12,1,8,314.67,39.08,39.08
388,1782.00,29.72107110,115.98571891,29.73209146,115.98981486,29.72107110,115.98571891,0.5567,1289.09,1,125,split_finetuned_disk,11,1,4,521.02,72.35,72.35
389,1786.00,29.71987996,115.98468792,29.72107110,115.98571891,29.72107110,115.98571891,0.5800,165.87,1,124,split_finetuned_disk,12,1,4,454.57,7.59,7.59
390,1789.00,29.71382476,115.98061147,29.72107110,115.98571891,29.72107110,115.98571891,0.5333,945.74,1,83,split_finetuned_disk,10,1,4,227.10,83.81,83.81
391,1793.00,29.70386059,115.98739447,29.72107110,115.98571891,29.72107110,115.98571891,0.5333,1922.71,1,7,split_finetuned_disk,10,1,3,1255.26,38.73,38.73
392,1797.00,29.71277932,115.98291541,29.72107110,115.98571891,29.72107110,115.98571891,0.5800,962.00,1,71,split_finetuned_disk,12,1,-1,160.56,160.56,160.56
393,1800.00,29.70386059,115.98739447,29.72107110,115.98571891,29.72107110,115.98571891,0.5333,1922.71,1,7,split_finetuned_disk,10,1,-1,1101.80,773.85,773.85
394,1803.00,29.71277932,115.98291541,29.72107110,115.98571891,29.72107110,115.98571891,0.5800,962.00,1,71,split_finetuned_disk,12,1,1,6.79,6.79,6.79
395,1807.00,29.71521980,115.97492316,29.72107110,115.98571891,29.72107110,115.98571891,0.5567,1230.12,1,80,split_finetuned_disk,11,1,-1,840.69,678.83,678.83
396,1810.00,29.72598261,115.98111817,29.72107110,115.98571891,29.72107110,115.98571891,0.6500,704.77,1,174,split_finetuned_disk,15,1,-1,1773.10,926.14,926.14
397,1813.00,29.72903477,115.98956769,29.72107110,115.98571891,29.72107110,115.98571891,0.5333,961.41,1,191,split_finetuned_disk,10,1,10,2128.06,40.57,40.57
398,1817.00,29.71636183,115.97592944,29.72107110,115.98571891,29.71636183,115.97592944,0.5100,1081.76,1,94,split_finetuned_disk,9,1,6,932.66,81.96,81.96
399,1820.00,29.72595661,115.98402769,29.71636183,115.97592944,29.71636183,115.97592944,0.5100,1324.22,1,162,split_finetuned_disk,9,1,2,1796.12,6.30,6.30
400,1824.00,29.72129026,115.97437938,29.71636183,115.97592944,29.71636183,115.97592944,0.6500,568.72,1,132,split_finetuned_disk,15,1,4,1674.77,74.20,74.20
401,1827.00,29.72129026,115.97437938,29.71636183,115.97592944,29.71636183,115.97592944,0.6500,568.72,1,132,split_finetuned_disk,15,1,8,1743.75,48.30,48.30
402,1873.00,29.71030664,115.97653501,29.71636183,115.97592944,29.71636183,115.97592944,0.5333,676.60,1,55,split_finetuned_disk,10,1,-1,850.29,419.62,419.62
403,1878.00,29.71030664,115.97653501,29.71636183,115.97592944,29.71636183,115.97592944,0.5333,676.60,1,55,split_finetuned_disk,10,1,-1,824.26,320.47,320.47
404,1883.00,29.71284370,115.97259451,29.71636183,115.97592944,29.71636183,115.97592944,0.6033,507.24,1,66,split_finetuned_disk,13,1,-1,1242.48,266.96,266.96
405,1889.00,29.70420398,115.97681926,29.71636183,115.97592944,29.71636183,115.97592944,0.5800,1356.14,1,3,split_finetuned_disk,12,1,-1,1064.44,228.00,228.00
406,1894.00,29.71284370,115.97259451,29.71636183,115.97592944,29.71636183,115.97592944,0.6033,507.24,1,66,split_finetuned_disk,13,1,-1,1204.37,211.69,211.69
407,1899.00,29.72476546,115.97208780,29.71636183,115.97592944,29.71636183,115.97592944,0.5567,1006.50,1,157,split_finetuned_disk,11,1,-1,1927.68,227.04,227.04
408,1904.00,29.71557393,115.98358800,29.71636183,115.97592944,29.71557393,115.98358800,0.5567,745.45,1,85,split_finetuned_disk,11,1,5,240.17,41.55,41.55
409,1910.00,29.71557393,115.98358800,29.71557393,115.98358800,29.71557393,115.98358800,0.5567,0.00,0,85,split_finetuned_disk,11,1,6,162.38,39.78,39.78
410,1915.00,29.71557393,115.98358800,29.71557393,115.98358800,29.71557393,115.98358800,0.5567,0.00,0,85,split_finetuned_disk,11,1,1,84.84,84.84,84.84
411,1920.00,29.71557393,115.98358800,29.71557393,115.98358800,29.71557393,115.98358800,0.5567,0.00,0,85,split_finetuned_disk,11,1,1,13.15,13.15,13.15
412,1925.00,29.71712827,115.97768959,29.71557393,115.98358800,29.71557393,115.98358800,0.6033,595.81,1,108,split_finetuned_disk,13,1,2,673.70,72.75,72.75
413,1931.00,29.74150381,115.99255135,29.71557393,115.98358800,29.71557393,115.98358800,0.5333,3013.74,1,283,split_finetuned_disk,10,1,-1,2915.16,1755.03,1755.03
414,1935.00,29.73452121,115.98597322,29.71557393,115.98358800,29.71557393,115.98358800,0.5567,2121.78,1,228,split_finetuned_disk,11,1,-1,1972.38,1678.82,1678.82
415,1940.00,29.73471437,115.98883853,29.71557393,115.98358800,29.71557393,115.98358800,0.6033,2190.32,1,230,split_finetuned_disk,13,1,-1,1927.75,1595.72,1595.72
416,1945.00,29.73952476,115.98728847,29.71557393,115.98358800,29.71557393,115.98358800,0.6267,2690.09,1,268,split_finetuned_disk,14,1,-1,2414.66,1651.67,1651.67
417,1950.00,29.71987996,115.98468792,29.71557393,115.98358800,29.71557393,115.98358800,0.5800,491.00,1,124,split_finetuned_disk,12,1,1,127.97,73.49,73.49
418,1955.00,29.71987996,115.98468792,29.71557393,115.98358800,29.71557393,115.98358800,0.5800,491.00,1,124,split_finetuned_disk,12,1,1,50.87,50.87,50.87
419,1960.00,29.71987996,115.98468792,29.71557393,115.98358800,29.71557393,115.98358800,0.5800,491.00,1,124,split_finetuned_disk,12,1,1,30.70,30.70,30.70
420,1966.00,29.71987996,115.98468792,29.71557393,115.98358800,29.71557393,115.98358800,0.5800,491.00,1,124,split_finetuned_disk,12,1,1,106.97,94.39,94.39
421,1971.00,29.72107110,115.98571891,29.71557393,115.98358800,29.72107110,115.98571891,0.5567,645.68,1,125,split_finetuned_disk,11,1,5,280.61,19.58,19.58
422,1976.00,29.71286516,115.99072227,29.72107110,115.98571891,29.72107110,115.98571891,0.5800,1033.61,1,75,split_finetuned_disk,12,1,5,1225.70,63.26,63.26
423,1981.00,29.72598261,115.98111817,29.72107110,115.98571891,29.72107110,115.98571891,0.6500,704.77,1,174,split_finetuned_disk,15,1,9,593.47,50.14,50.14
424,1987.00,29.72129026,115.97437938,29.72107110,115.98571891,29.72107110,115.98571891,0.6500,1096.34,1,132,split_finetuned_disk,15,1,-1,1014.57,171.24,171.24
425,1992.00,29.72722741,115.99452683,29.72107110,115.98571891,29.72107110,115.98571891,0.5333,1092.93,1,181,split_finetuned_disk,10,1,5,1053.20,93.64,93.64
426,1997.00,29.72598261,115.98111817,29.72107110,115.98571891,29.72107110,115.98571891,0.6500,704.77,1,174,split_finetuned_disk,15,1,4,443.89,18.98,18.98
427,2002.00,29.72598261,115.98111817,29.72107110,115.98571891,29.72107110,115.98571891,0.6500,704.77,1,174,split_finetuned_disk,15,1,3,411.83,64.00,64.00
428,2007.00,29.72598261,115.98111817,29.72107110,115.98571891,29.72107110,115.98571891,0.6500,704.77,1,174,split_finetuned_disk,15,1,5,392.83,60.28,60.28
429,2013.00,29.72903477,115.98956769,29.72107110,115.98571891,29.72107110,115.98571891,0.5333,961.41,1,191,split_finetuned_disk,10,1,7,449.77,22.10,22.10
430,2018.00,29.72598261,115.98111817,29.72107110,115.98571891,29.72107110,115.98571891,0.6500,704.77,1,174,split_finetuned_disk,15,1,6,403.05,92.90,92.90
431,2023.00,29.72598261,115.98111817,29.72107110,115.98571891,29.72598261,115.98111817,0.6500,704.77,1,174,split_finetuned_disk,15,1,10,430.50,18.40,18.40
432,2029.00,29.72598261,115.98111817,29.72598261,115.98111817,29.72598261,115.98111817,0.6500,0.00,0,174,split_finetuned_disk,15,1,-1,469.41,469.41,469.41
433,2034.00,29.73209146,115.98981486,29.72598261,115.98111817,29.72598261,115.98111817,0.6267,1081.24,1,217,split_finetuned_disk,14,1,9,486.02,59.54,59.54
434,2039.00,29.73209146,115.98981486,29.72598261,115.98111817,29.72598261,115.98111817,0.6267,1081.24,1,217,split_finetuned_disk,14,1,9,449.47,22.74,22.74
435,2044.00,29.73471437,115.98883853,29.72598261,115.98111817,29.72598261,115.98111817,0.6033,1225.44,1,230,split_finetuned_disk,13,1,6,510.87,103.20,103.20
436,2049.00,29.73452121,115.98597322,29.72598261,115.98111817,29.72598261,115.98111817,0.5567,1060.05,1,228,split_finetuned_disk,11,1,-1,224.92,224.92,224.92
437,2054.00,29.73952476,115.98728847,29.72598261,115.98111817,29.72598261,115.98111817,0.6267,1621.21,1,268,split_finetuned_disk,14,1,3,776.11,147.16,147.16
438,2060.00,29.73952476,115.98728847,29.72598261,115.98111817,29.72598261,115.98111817,0.6267,1621.21,1,268,split_finetuned_disk,14,1,3,690.86,58.81,58.81
439,2065.00,29.73952476,115.98728847,29.72598261,115.98111817,29.72598261,115.98111817,0.6267,1621.21,1,268,split_finetuned_disk,14,1,3,617.14,23.39,23.39
440,2070.00,29.73952476,115.98728847,29.72598261,115.98111817,29.72598261,115.98111817,0.6267,1621.21,1,268,split_finetuned_disk,14,1,3,544.60,98.90,98.90
441,2075.00,29.73123917,115.97034000,29.72598261,115.98111817,29.72598261,115.98111817,0.5800,1194.90,1,195,split_finetuned_disk,12,1,-1,1503.15,176.52,176.52
442,2080.00,29.73155037,115.97352141,29.72598261,115.98111817,29.73155037,115.97352141,0.5567,960.91,1,196,split_finetuned_disk,11,1,-1,1356.46,464.07,464.07
443,2085.00,29.73952476,115.98728847,29.73155037,115.97352141,29.73155037,115.97352141,0.6267,1599.63,1,268,split_finetuned_disk,14,1,-1,341.51,332.18,332.18
444,2090.00,29.73952476,115.98728847,29.73155037,115.97352141,29.73155037,115.97352141,0.6267,1599.63,1,268,split_finetuned_disk,14,1,-1,284.48,284.48,284.48
445,2095.00,29.73952476,115.98728847,29.73155037,115.97352141,29.73155037,115.97352141,0.6267,1599.63,1,268,split_finetuned_disk,14,1,-1,239.53,239.53,239.53
446,2100.00,29.73952476,115.98728847,29.73155037,115.97352141,29.73155037,115.97352141,0.6267,1599.63,1,268,split_finetuned_disk,14,1,-1,212.90,212.90,212.90
447,2106.00,29.73952476,115.98728847,29.73155037,115.97352141,29.73155037,115.97352141,0.6267,1599.63,1,268,split_finetuned_disk,14,1,-1,218.63,218.63,218.63
448,2112.00,29.73952476,115.98728847,29.73155037,115.97352141,29.73155037,115.97352141,0.6267,1599.63,1,268,split_finetuned_disk,14,1,-1,249.82,249.82,249.82
449,2117.00,29.73952476,115.98728847,29.73155037,115.97352141,29.73155037,115.97352141,0.6267,1599.63,1,268,split_finetuned_disk,14,1,-1,298.61,298.61,298.61
450,2121.00,29.73952476,115.98728847,29.73155037,115.97352141,29.73155037,115.97352141,0.6267,1599.63,1,268,split_finetuned_disk,14,1,3,357.87,89.34,89.34
451,2126.00,29.74190086,115.98541708,29.73155037,115.97352141,29.73155037,115.97352141,0.5567,1627.79,1,280,split_finetuned_disk,11,1,6,166.91,35.46,35.46
452,2131.00,29.74163258,115.97760308,29.73155037,115.97352141,29.74163258,115.97760308,0.6033,1189.68,1,277,split_finetuned_disk,13,1,5,637.11,45.93,45.93
453,2137.00,29.74163258,115.97760308,29.74163258,115.97760308,29.74163258,115.97760308,0.6033,0.00,0,277,split_finetuned_disk,13,1,5,670.87,78.52,78.52
454,2141.00,29.74599847,115.98525642,29.74163258,115.97760308,29.74163258,115.97760308,0.5100,885.13,1,306,split_finetuned_disk,9,1,1,16.30,16.30,16.30
455,2146.00,29.75294267,115.97227318,29.74163258,115.97760308,29.75251430,115.97247505,0.7667,1360.37,0,365,split_finetuned_disk,20,1,9,1497.17,111.28,111.28
456,2152.00,29.74723707,115.98484336,29.75960223,115.96913485,29.75960223,115.96913485,0.5333,2049.43,1,318,split_finetuned_disk,10,1,9,191.18,34.75,34.75
457,2157.00,29.76785221,115.98801763,29.76550883,115.96635135,29.76550883,115.96635135,0.6500,2110.43,1,476,split_finetuned_disk,15,1,7,2364.31,46.66,46.66
458,2162.00,29.74737658,115.97673275,29.77141543,115.96356786,29.77141543,115.96356786,0.5333,2963.15,1,315,split_finetuned_disk,10,1,8,797.91,77.77,77.77
459,2168.00,29.74737658,115.97673275,29.77850335,115.96022766,29.77850335,115.96022766,0.5333,3814.66,1,315,split_finetuned_disk,10,1,8,813.58,11.69,11.69
460,2173.00,29.74923758,115.98768395,29.78440996,115.95744416,29.78440996,115.95744416,0.5100,4886.10,1,333,split_finetuned_disk,9,1,4,225.89,79.81,79.81
461,2178.00,29.75101274,115.98279182,29.79031656,115.95466066,29.79031656,115.95466066,0.5333,5151.40,1,344,split_finetuned_disk,10,1,5,193.23,44.67,44.67
462,2183.00,29.75101274,115.98279182,29.79622316,115.95187716,29.79622316,115.95187716,0.5333,5853.08,1,344,split_finetuned_disk,10,1,5,193.87,47.38,47.38
463,2187.00,29.75324934,115.99552788,29.80094844,115.94965036,29.80094844,115.94965036,0.5567,6918.04,1,363,split_finetuned_disk,11,1,5,1014.51,77.03,77.03
464,2192.00,29.75101274,115.98279182,29.80685504,115.94686687,29.80685504,115.94686687,0.5333,7120.49,1,344,split_finetuned_disk,10,1,10,276.03,11.78,11.78
465,2197.00,29.76297743,115.98488044,29.81276165,115.94408337,29.76297743,115.98488044,0.5333,6801.77,1,435,split_finetuned_disk,10,1,3,1136.02,120.86,120.86
466,2202.00,29.75069081,115.97689342,29.76297743,115.98488044,29.76297743,115.98488044,0.6500,1570.59,1,341,split_finetuned_disk,15,1,3,865.68,43.94,43.94
467,2208.00,29.76297743,115.98488044,29.76297743,115.98488044,29.76297743,115.98488044,0.5333,0.00,0,435,split_finetuned_disk,10,1,5,982.67,37.41,37.41
468,2213.00,29.72598261,115.98111817,29.76297743,115.98488044,29.76297743,115.98488044,0.6500,4134.29,1,174,split_finetuned_disk,15,1,-1,3137.60,378.23,378.23
469,2218.00,29.75069081,115.97689342,29.76297743,115.98488044,29.76297743,115.98488044,0.6500,1570.59,1,341,split_finetuned_disk,15,1,6,985.52,14.48,14.48
470,2223.00,29.75797388,115.98512047,29.76297743,115.98488044,29.76297743,115.98488044,0.5100,557.48,1,397,split_finetuned_disk,9,1,1,120.11,120.11,120.11
471,2228.00,29.75797388,115.98512047,29.76297743,115.98488044,29.76297743,115.98488044,0.5100,557.48,1,397,split_finetuned_disk,9,1,1,43.22,43.22,43.22
472,2233.00,29.75797388,115.98512047,29.76297743,115.98488044,29.76297743,115.98488044,0.5100,557.48,1,397,split_finetuned_disk,9,1,1,38.13,38.13,38.13
473,2238.00,29.72129026,115.97437938,29.76297743,115.98488044,29.76297743,115.98488044,0.6500,4750.33,1,132,split_finetuned_disk,15,1,8,4231.28,86.56,86.56
474,2243.00,29.72129026,115.97437938,29.76297743,115.98488044,29.76297743,115.98488044,0.6500,4750.33,1,132,split_finetuned_disk,15,1,7,4307.08,14.04,14.04
475,2248.00,29.75845058,115.98151887,29.76297743,115.98488044,29.76297743,115.98488044,0.5100,599.60,1,409,split_finetuned_disk,9,1,5,200.97,71.04,71.04
476,2253.00,29.75845058,115.98151887,29.76297743,115.98488044,29.76297743,115.98488044,0.5100,599.60,1,409,split_finetuned_disk,9,1,6,239.54,53.29,53.29
477,2258.00,29.75294887,115.97577591,29.76297743,115.98488044,29.75294887,115.97577591,0.5333,1421.54,1,353,split_finetuned_disk,10,1,6,1432.60,38.84,38.84
478,2263.00,29.75845058,115.98151887,29.75294887,115.97577591,29.75294887,115.97577591,0.5100,826.59,1,409,split_finetuned_disk,9,1,5,367.00,85.81,85.81
479,2268.00,29.75845058,115.98151887,29.75294887,115.97577591,29.75294887,115.97577591,0.5100,826.59,1,409,split_finetuned_disk,9,1,6,435.72,13.64,13.64
480,2273.00,29.76551450,115.98563954,29.75294887,115.97577591,29.75294887,115.97577591,0.5100,1692.82,1,449,split_finetuned_disk,9,1,1,129.70,71.78,71.78
481,2278.00,29.76551450,115.98563954,29.75294887,115.97577591,29.75294887,115.97577591,0.5100,1692.82,1,449,split_finetuned_disk,9,1,1,52.55,52.55,52.55
482,2283.00,29.76551450,115.98563954,29.75294887,115.97577591,29.75294887,115.97577591,0.5100,1692.82,1,449,split_finetuned_disk,9,1,1,29.11,29.11,29.11
483,2288.00,29.75845058,115.98151887,29.75294887,115.97577591,29.75294887,115.97577591,0.5100,826.59,1,409,split_finetuned_disk,9,1,4,729.34,96.11,96.11
484,2292.00,29.76797025,115.98054445,29.75294887,115.97577591,29.75294887,115.97577591,0.5333,1734.54,1,472,split_finetuned_disk,10,1,5,627.26,21.00,21.00
485,2342.00,29.77088744,115.97968457,29.75294887,115.97577591,29.75294887,115.97577591,0.5800,2032.35,1,499,split_finetuned_disk,12,1,3,872.91,54.07,54.07
486,2345.00,29.77088744,115.97968457,29.75294887,115.97577591,29.75294887,115.97577591,0.5800,2032.35,1,499,split_finetuned_disk,12,1,4,932.46,73.52,73.52
487,2348.00,29.76297743,115.98488044,29.75294887,115.97577591,29.76297743,115.98488044,0.5333,1421.54,1,435,split_finetuned_disk,10,1,5,427.82,19.52,19.52
488,2351.00,29.76355691,115.98763451,29.76297743,115.98488044,29.76297743,115.98488044,0.5567,273.91,1,437,split_finetuned_disk,11,1,1,116.80,86.61,86.61
489,2355.00,29.76355691,115.98763451,29.76297743,115.98488044,29.76297743,115.98488044,0.5567,273.91,1,437,split_finetuned_disk,11,1,1,41.68,41.68,41.68
490,2358.00,29.76355691,115.98763451,29.76297743,115.98488044,29.76297743,115.98488044,0.5567,273.91,1,437,split_finetuned_disk,11,1,1,44.45,44.45,44.45
491,2362.00,29.76355691,115.98763451,29.76297743,115.98488044,29.76297743,115.98488044,0.5567,273.91,1,437,split_finetuned_disk,11,1,1,119.83,83.62,83.62
492,2365.00,29.75318495,115.97182827,29.76297743,115.98488044,29.76297743,115.98488044,0.6733,1667.33,1,352,split_finetuned_disk,16,1,10,1701.22,19.79,19.79
493,2369.00,29.76297743,115.98488044,29.76297743,115.98488044,29.76297743,115.98488044,0.5333,0.00,0,435,split_finetuned_disk,10,1,4,476.58,87.34,87.34
494,2372.00,29.75069081,115.97689342,29.76297743,115.98488044,29.76297743,115.98488044,0.6500,1570.59,1,341,split_finetuned_disk,15,1,2,1427.72,41.00,41.00
495,2376.00,29.74711450,115.98774574,29.76297743,115.98488044,29.76297743,115.98488044,0.5567,1787.45,1,307,split_finetuned_disk,11,1,2,1558.86,45.13,45.13
496,2379.00,29.76063972,115.98753564,29.76297743,115.98488044,29.76297743,115.98488044,0.5100,365.50,1,411,split_finetuned_disk,9,1,1,120.57,120.57,120.57
497,2383.00,29.75797388,115.98512047,29.76297743,115.98488044,29.76297743,115.98488044,0.5100,557.48,1,397,split_finetuned_disk,9,1,7,181.70,18.56,18.56
498,2386.00,29.72256726,115.97193950,29.76297743,115.98488044,29.76297743,115.98488044,0.5100,4669.13,1,131,split_finetuned_disk,9,1,-1,4161.07,196.55,196.55
499,2390.00,29.72256726,115.97193950,29.76297743,115.98488044,29.76297743,115.98488044,0.5100,4669.13,1,131,split_finetuned_disk,9,1,-1,4087.65,247.74,247.74
500,2393.00,29.76732185,115.99062340,29.76297743,115.98488044,29.76297743,115.98488044,0.5100,736.23,1,465,split_finetuned_disk,9,1,10,1310.55,45.82,45.82
501,2397.00,29.76551450,115.98563954,29.76297743,115.98488044,29.76297743,115.98488044,0.5100,291.80,1,449,split_finetuned_disk,9,1,6,1134.56,82.15,82.15
502,2400.00,29.75409090,115.99129077,29.76297743,115.98488044,29.76297743,115.98488044,0.5100,1167.28,1,374,split_finetuned_disk,9,1,6,418.33,18.45,18.45
503,2404.00,29.75409090,115.99129077,29.76297743,115.98488044,29.75409090,115.99129077,0.5100,1167.28,1,374,split_finetuned_disk,9,1,5,425.13,77.95,77.95
504,2407.00,29.75797388,115.98512047,29.75409090,115.99129077,29.75409090,115.99129077,0.5100,736.58,1,397,split_finetuned_disk,9,1,10,582.74,49.80,49.80
505,2410.00,29.75797388,115.98512047,29.75409090,115.99129077,29.75409090,115.99129077,0.5100,736.58,1,397,split_finetuned_disk,9,1,9,657.23,36.54,36.54
506,2414.00,29.75845058,115.98151887,29.75409090,115.99129077,29.75409090,115.99129077,0.5100,1061.93,1,409,split_finetuned_disk,9,1,6,986.38,92.30,92.30
507,2417.00,29.75101274,115.98279182,29.75409090,115.99129077,29.75409090,115.99129077,0.5333,890.10,1,344,split_finetuned_disk,10,1,8,381.88,22.20,22.20
508,2420.00,29.75101274,115.98279182,29.75409090,115.99129077,29.75409090,115.99129077,0.5333,890.10,1,344,split_finetuned_disk,10,1,2,389.27,78.68,78.68
509,2424.00,29.76339594,115.99116718,29.75409090,115.99129077,29.75409090,115.99129077,0.5800,1035.91,1,439,split_finetuned_disk,12,1,3,1609.75,49.10,49.10
510,2427.00,29.76809902,115.98904862,29.75409090,115.99129077,29.75409090,115.99129077,0.6033,1574.37,1,477,split_finetuned_disk,13,1,4,2243.02,37.20,37.20
511,2430.00,29.75294267,115.97227318,29.75409090,115.99129077,29.75294320,115.97228182,0.7667,1842.67,0,365,split_finetuned_disk,20,1,8,1553.56,91.56,91.56
512,2434.00,29.76785221,115.98801763,29.75285170,115.97076646,29.75285170,115.97076646,0.6500,2359.86,1,476,split_finetuned_disk,15,1,9,2388.29,21.79,21.79
513,2437.00,29.76785221,115.98801763,29.75278308,115.96962994,29.75278308,115.96962994,0.6500,2443.96,1,476,split_finetuned_disk,15,1,9,2466.21,68.63,68.63
514,2441.00,29.74711450,115.98774574,29.75269159,115.96811458,29.75269159,115.96811458,0.5567,1996.52,1,307,split_finetuned_disk,11,1,1,58.86,58.86,58.86
515,2444.00,29.74603066,115.98841833,29.75262297,115.96697806,29.75262297,115.96697806,0.5333,2198.50,1,308,split_finetuned_disk,10,1,-1,219.43,178.95,178.95
516,2447.00,29.74190086,115.98541708,29.75255435,115.96584154,29.75255435,115.96584154,0.5567,2233.10,1,280,split_finetuned_disk,11,1,3,341.32,90.82,90.82
517,2451.00,29.73952476,115.98728847,29.75246286,115.96432618,29.75246286,115.96432618,0.6267,2645.87,1,268,split_finetuned_disk,14,1,-1,411.44,411.44,411.44
518,2454.00,29.73952476,115.98728847,29.75239424,115.96318966,29.75239424,115.96318966,0.6267,2734.67,1,268,split_finetuned_disk,14,1,-1,333.61,333.61,333.61
519,2458.00,29.73952476,115.98728847,29.75230275,115.96167430,29.75230275,115.96167430,0.6267,2855.38,1,268,split_finetuned_disk,14,1,-1,255.84,189.87,189.87
520,2461.00,29.73952476,115.98728847,29.75223413,115.96053778,29.75223413,115.96053778,0.6267,2947.46,1,268,split_finetuned_disk,14,1,-1,178.20,178.20,178.20
521,2464.00,29.73952476,115.98728847,29.75216551,115.95940125,29.73952476,115.98728847,0.6267,3040.75,1,268,split_finetuned_disk,14,1,1,101.01,101.01,101.01
522,2468.00,29.73952476,115.98728847,29.73952476,115.98728847,29.73952476,115.98728847,0.6267,0.00,0,268,split_finetuned_disk,14,1,1,28.18,28.18,28.18
523,2471.00,29.73952476,115.98728847,29.73952476,115.98728847,29.73952476,115.98728847,0.6267,0.00,0,268,split_finetuned_disk,14,1,1,59.41,59.41,59.41
524,2474.00,29.73952476,115.98728847,29.73952476,115.98728847,29.73952476,115.98728847,0.6267,0.00,0,268,split_finetuned_disk,14,1,1,146.72,146.72,146.72
525,2477.00,29.73952476,115.98728847,29.73952476,115.98728847,29.73952476,115.98728847,0.6267,0.00,0,268,split_finetuned_disk,14,1,-1,224.24,177.46,177.46
526,2481.00,29.73952476,115.98728847,29.73952476,115.98728847,29.73952476,115.98728847,0.6267,0.00,0,268,split_finetuned_disk,14,1,8,301.97,100.27,100.27
527,2484.00,29.73952476,115.98728847,29.73952476,115.98728847,29.73952476,115.98728847,0.6267,0.00,0,268,split_finetuned_disk,14,1,8,379.78,27.62,27.62
528,2487.00,29.73952476,115.98728847,29.73952476,115.98728847,29.73952476,115.98728847,0.6267,0.00,0,268,split_finetuned_disk,14,1,7,457.63,60.13,60.13
529,2490.00,29.73952476,115.98728847,29.73952476,115.98728847,29.73952476,115.98728847,0.6267,0.00,0,268,split_finetuned_disk,14,1,7,535.50,67.35,67.35
530,2493.00,29.73952476,115.98728847,29.73952476,115.98728847,29.73952476,115.98728847,0.6267,0.00,0,268,split_finetuned_disk,14,1,7,613.39,22.53,22.53
531,2496.00,29.73123917,115.97034000,29.73952476,115.98728847,29.73952476,115.98728847,0.5800,1880.03,1,195,split_finetuned_disk,12,1,5,1611.57,92.86,92.86
532,2500.00,29.73218804,115.98499689,29.73952476,115.98728847,29.73952476,115.98728847,0.4867,846.23,1,215,split_finetuned_disk,8,1,-1,182.76,181.02,181.02
533,2503.00,29.73209146,115.98981486,29.73952476,115.98728847,29.73952476,115.98728847,0.6267,862.76,1,217,split_finetuned_disk,14,1,4,225.90,60.84,60.84
534,2506.00,29.73209146,115.98981486,29.73952476,115.98728847,29.73952476,115.98728847,0.6267,862.76,1,217,split_finetuned_disk,14,1,10,257.19,66.63,66.63
535,2510.00,29.72903477,115.98956769,29.73952476,115.98728847,29.73952476,115.98728847,0.5333,1188.35,1,191,split_finetuned_disk,10,1,10,286.90,22.98,22.98
536,2513.00,29.72895965,115.99289026,29.73952476,115.98728847,29.73952476,115.98728847,0.5567,1294.76,1,193,split_finetuned_disk,11,1,7,627.72,109.75,109.75
537,2516.00,29.72903477,115.98956769,29.73952476,115.98728847,29.73952476,115.98728847,0.5333,1188.35,1,191,split_finetuned_disk,10,1,-1,220.42,184.18,184.18
538,2520.00,29.72598261,115.98111817,29.73952476,115.98728847,29.73952476,115.98728847,0.6500,1621.21,1,174,split_finetuned_disk,15,1,8,601.30,51.04,51.04
539,2523.00,29.72903477,115.98956769,29.73952476,115.98728847,29.73952476,115.98728847,0.5333,1188.35,1,191,split_finetuned_disk,10,1,5,251.86,76.66,76.66
540,2527.00,29.72598261,115.98111817,29.73952476,115.98728847,29.72598261,115.98111817,0.6500,1621.21,1,174,split_finetuned_disk,15,1,3,581.86,23.44,23.44
541,2530.00,29.72256726,115.97193950,29.72598261,115.98111817,29.72598261,115.98111817,0.5100,965.24,1,131,split_finetuned_disk,9,1,-1,1471.92,203.88,203.88
542,2533.00,29.72602100,115.98694242,29.72598261,115.98111817,29.72598261,115.98111817,0.5333,562.98,1,164,split_finetuned_disk,10,1,1,34.76,34.76,34.76
543,2536.00,29.72602100,115.98694242,29.72598261,115.98111817,29.72598261,115.98111817,0.5333,562.98,1,164,split_finetuned_disk,10,1,1,51.74,51.74,51.74
544,2540.00,29.72598261,115.98111817,29.72598261,115.98111817,29.72598261,115.98111817,0.6500,0.00,0,174,split_finetuned_disk,15,1,5,666.95,75.93,75.93
545,2543.00,29.72383806,115.99339697,29.72598261,115.98111817,29.72598261,115.98111817,0.6033,1210.63,1,154,split_finetuned_disk,13,1,5,618.34,18.81,18.81
546,2546.00,29.71277932,115.98291541,29.72598261,115.98111817,29.72598261,115.98111817,0.5800,1480.02,1,71,split_finetuned_disk,12,1,6,1181.20,84.18,84.18
547,2549.00,29.71844819,115.99339697,29.72598261,115.98111817,29.72598261,115.98111817,0.5333,1453.31,1,115,split_finetuned_disk,10,1,5,758.85,43.92,43.92
548,2553.00,29.72107110,115.98571891,29.72598261,115.98111817,29.72598261,115.98111817,0.5567,704.77,1,125,split_finetuned_disk,11,1,8,151.97,52.45,52.45
549,2556.00,29.71987996,115.98468792,29.72598261,115.98111817,29.72598261,115.98111817,0.5800,761.95,1,124,split_finetuned_disk,12,1,2,195.77,75.20,75.20
550,2560.00,29.71855550,115.98012948,29.72598261,115.98111817,29.72598261,115.98111817,0.5567,832.29,1,109,split_finetuned_disk,11,1,-1,613.49,195.87,195.87
551,2563.00,29.71855550,115.98012948,29.72598261,115.98111817,29.72598261,115.98111817,0.5567,832.29,1,109,split_finetuned_disk,11,1,5,593.34,118.51,118.51
552,2566.00,29.73952476,115.98728847,29.72598261,115.98111817,29.72598261,115.98111817,0.6267,1621.21,1,268,split_finetuned_disk,14,1,-1,2360.91,1801.73,1801.73
553,2569.00,29.73952476,115.98728847,29.72598261,115.98111817,29.72598261,115.98111817,0.6267,1621.21,1,268,split_finetuned_disk,14,1,-1,2438.83,1877.96,1877.96
554,2573.00,29.73383442,115.97393447,29.72598261,115.98111817,29.73383442,115.97393447,0.5333,1116.31,1,223,split_finetuned_disk,10,1,-1,2251.67,1954.32,1954.32
555,2576.00,29.72753861,115.97265630,29.73383442,115.97393447,29.73383442,115.97393447,0.6033,711.66,1,170,split_finetuned_disk,13,1,4,1833.80,19.20,19.20
556,2579.00,29.71286516,115.99072227,29.73383442,115.97393447,29.73383442,115.97393447,0.5800,2842.90,1,75,split_finetuned_disk,12,1,4,524.47,85.65,85.65
557,2582.00,29.71286516,115.99072227,29.73383442,115.97393447,29.73383442,115.97393447,0.5800,2842.90,1,75,split_finetuned_disk,12,1,5,481.49,42.56,42.56
558,2586.00,29.71286516,115.99072227,29.73383442,115.97393447,29.73383442,115.97393447,0.5800,2842.90,1,75,split_finetuned_disk,12,1,6,448.05,43.56,43.56
559,2589.00,29.71844819,115.99339697,29.73383442,115.97393447,29.73383442,115.97393447,0.5333,2544.15,1,115,split_finetuned_disk,10,1,4,806.27,84.57,84.57
560,2592.00,29.72595661,115.98150129,29.73383442,115.97393447,29.73383442,115.97393447,0.5333,1141.93,1,161,split_finetuned_disk,10,1,5,1511.75,18.90,18.90
561,2596.00,29.72595661,115.98150129,29.73383442,115.97393447,29.73383442,115.97393447,0.5333,1141.93,1,161,split_finetuned_disk,10,1,5,1583.95,75.54,75.54
562,2599.00,29.71521980,115.97492316,29.73383442,115.97393447,29.73383442,115.97393447,0.5567,2074.38,1,80,split_finetuned_disk,11,1,3,1232.76,52.12,52.12
563,2603.00,29.70386059,115.98739447,29.73383442,115.97393447,29.73383442,115.97393447,0.5333,3581.36,1,7,split_finetuned_disk,10,1,4,781.16,44.24,44.24
564,2606.00,29.71030664,115.97653501,29.73383442,115.97393447,29.71030664,115.97653501,0.5333,2631.15,1,55,split_finetuned_disk,10,1,3,988.76,119.60,119.60
565,2610.00,29.71030664,115.97653501,29.71030664,115.97653501,29.71030664,115.97653501,0.5333,0.00,0,55,split_finetuned_disk,10,1,-1,1001.07,204.71,204.71
566,2659.00,29.72722741,115.99452683,29.71030664,115.97653501,29.71030664,115.97653501,0.5333,2563.67,1,181,split_finetuned_disk,10,1,8,2059.83,44.89,44.89
567,2664.00,29.70764699,115.97936324,29.71030664,115.97653501,29.71030664,115.97653501,0.5100,402.98,1,31,split_finetuned_disk,9,1,-1,836.64,586.42,586.42
568,2670.00,29.72129026,115.97437938,29.71030664,115.97653501,29.71030664,115.97653501,0.6500,1240.32,1,132,split_finetuned_disk,15,1,-1,1822.19,197.33,197.33
569,2675.00,29.76797025,115.98054445,29.71030664,115.97653501,29.71030664,115.97653501,0.5333,6430.80,1,472,split_finetuned_disk,10,1,7,6392.60,120.44,120.44
570,2680.00,29.71844819,115.99339697,29.71030664,115.97653501,29.71030664,115.97653501,0.5333,1864.90,1,115,split_finetuned_disk,10,1,7,768.17,47.08,47.08
571,2686.00,29.71844819,115.99339697,29.71030664,115.97653501,29.71030664,115.97653501,0.5333,1864.90,1,115,split_finetuned_disk,10,1,8,704.58,45.52,45.52
572,2691.00,29.71286516,115.99072227,29.71030664,115.97653501,29.71030664,115.97653501,0.5800,1400.59,1,75,split_finetuned_disk,12,1,3,253.13,87.68,87.68
573,2696.00,29.71286516,115.99072227,29.71030664,115.97653501,29.71030664,115.97653501,0.5800,1400.59,1,75,split_finetuned_disk,12,1,5,297.02,25.74,25.74
574,2701.00,29.72107110,115.98571891,29.71030664,115.97653501,29.71030664,115.97653501,0.5567,1491.29,1,125,split_finetuned_disk,11,1,-1,556.43,216.92,216.92
575,2707.00,29.73778179,115.98098223,29.71030664,115.97653501,29.73778179,115.98098223,0.5100,3088.59,1,252,split_finetuned_disk,9,1,-1,2569.91,1998.47,1998.47
576,2712.00,29.74150381,115.99255135,29.73778179,115.98098223,29.73778179,115.98098223,0.5333,1192.55,1,283,split_finetuned_disk,10,1,-1,2770.37,2043.76,2043.76
577,2717.00,29.73673635,115.97819108,29.73778179,115.98098223,29.73778179,115.98098223,0.5567,293.82,1,237,split_finetuned_disk,11,1,-1,2391.80,1892.29,1892.29
578,2723.00,29.71855550,115.98012948,29.73778179,115.98098223,29.73778179,115.98098223,0.5567,2141.86,1,109,split_finetuned_disk,11,1,8,775.01,25.58,25.58
579,2729.00,29.72107110,115.98571891,29.73778179,115.98098223,29.73778179,115.98098223,0.5567,1915.75,1,125,split_finetuned_disk,11,1,7,216.48,76.75,76.75
580,2734.00,29.72107110,115.98571891,29.73778179,115.98098223,29.73778179,115.98098223,0.5567,1915.75,1,125,split_finetuned_disk,11,1,9,181.86,55.47,55.47
581,2740.00,29.71844819,115.99339697,29.73778179,115.98098223,29.73778179,115.98098223,0.5333,2464.15,1,115,split_finetuned_disk,10,1,8,482.50,37.85,37.85
582,2745.00,29.71286516,115.99072227,29.73778179,115.98098223,29.73778179,115.98098223,0.5800,2929.14,1,75,split_finetuned_disk,12,1,5,933.84,96.95,96.95
583,2751.00,29.71844819,115.99339697,29.73778179,115.98098223,29.73778179,115.98098223,0.5333,2464.15,1,115,split_finetuned_disk,10,1,10,572.96,29.55,29.55
584,2756.00,29.72383806,115.99339697,29.73778179,115.98098223,29.73778179,115.98098223,0.6033,1961.98,1,154,split_finetuned_disk,13,1,5,443.49,77.46,77.46
585,2761.00,29.72383806,115.99339697,29.73778179,115.98098223,29.72383806,115.99339697,0.6033,1961.98,1,154,split_finetuned_disk,13,1,4,427.80,54.80,54.80
586,2767.00,29.72383806,115.99339697,29.72383806,115.99339697,29.72383806,115.99339697,0.6033,0.00,0,154,split_finetuned_disk,13,1,3,426.01,38.41,38.41
587,2772.00,29.72895965,115.99289026,29.72383806,115.99339697,29.72383806,115.99339697,0.5567,572.24,1,193,split_finetuned_disk,11,1,6,650.84,96.22,96.22
588,2778.00,29.72563468,115.98512047,29.72383806,115.99339697,29.72383806,115.99339697,0.4867,824.62,1,163,split_finetuned_disk,8,1,-1,375.29,375.29,375.29
589,2783.00,29.72598261,115.98111817,29.72383806,115.99339697,29.72383806,115.99339697,0.6500,1210.63,1,174,split_finetuned_disk,15,1,9,787.02,67.72,67.72
590,2789.00,29.72598261,115.98111817,29.72383806,115.99339697,29.72383806,115.99339697,0.6500,1210.63,1,174,split_finetuned_disk,15,1,-1,777.25,578.03,578.03
591,2795.00,29.72598261,115.98111817,29.72383806,115.99339697,29.72383806,115.99339697,0.6500,1210.63,1,174,split_finetuned_disk,15,1,-1,775.22,176.00,176.00
592,2800.00,29.72598261,115.98111817,29.72383806,115.99339697,29.72383806,115.99339697,0.6500,1210.63,1,174,split_finetuned_disk,15,1,2,782.46,95.50,95.50
593,2805.00,29.72903477,115.98956769,29.72383806,115.99339697,29.72383806,115.99339697,0.5333,686.77,1,191,split_finetuned_disk,10,1,1,28.78,28.78,28.78
594,2811.00,29.72903477,115.98956769,29.72383806,115.99339697,29.72383806,115.99339697,0.5333,686.77,1,191,split_finetuned_disk,10,1,1,68.42,68.42,68.42
595,2816.00,29.72903477,115.98956769,29.72383806,115.99339697,29.72383806,115.99339697,0.5333,686.77,1,191,split_finetuned_disk,10,1,1,143.80,63.52,63.52
596,2822.00,29.72903477,115.98956769,29.72383806,115.99339697,29.72903477,115.98956769,0.5333,686.77,1,191,split_finetuned_disk,10,1,3,220.95,31.73,31.73
597,2828.00,29.73209146,115.98981486,29.72903477,115.98956769,29.72903477,115.98956769,0.6267,341.11,1,217,split_finetuned_disk,14,1,1,105.55,105.55,105.55
598,2833.00,29.73209146,115.98981486,29.72903477,115.98956769,29.72903477,115.98956769,0.6267,341.11,1,217,split_finetuned_disk,14,1,1,35.09,35.09,35.09
599,2839.00,29.73209146,115.98981486,29.72903477,115.98956769,29.72903477,115.98956769,0.6267,341.11,1,217,split_finetuned_disk,14,1,1,58.88,58.88,58.88
600,2844.00,29.73668269,115.99321159,29.72903477,115.98956769,29.72903477,115.98956769,0.6033,921.35,1,245,split_finetuned_disk,13,1,2,497.00,62.83,62.83
601,2850.00,29.73082066,115.97441646,29.72903477,115.98956769,29.72903477,115.98956769,0.5100,1477.94,1,197,split_finetuned_disk,9,1,-1,1437.79,569.93,569.93
602,2856.00,29.73452121,115.98597322,29.72903477,115.98956769,29.72903477,115.98956769,0.5567,702.66,1,228,split_finetuned_disk,11,1,4,387.64,104.82,104.82
603,2862.00,29.73452121,115.98597322,29.72903477,115.98956769,29.72903477,115.98956769,0.5567,702.66,1,228,split_finetuned_disk,11,1,-1,414.30,414.30,414.30
604,2868.00,29.73082066,115.97441646,29.72903477,115.98956769,29.72903477,115.98956769,0.5100,1477.94,1,197,split_finetuned_disk,9,1,-1,1522.63,346.85,346.85
605,2873.00,29.73082066,115.97441646,29.72903477,115.98956769,29.72903477,115.98956769,0.5100,1477.94,1,197,split_finetuned_disk,9,1,-1,1557.69,269.18,269.18
606,2879.00,29.73452121,115.98597322,29.72903477,115.98956769,29.73452121,115.98597322,0.5567,702.66,1,228,split_finetuned_disk,11,1,-1,555.55,191.73,191.73
607,2885.00,29.73123917,115.97034000,29.73452121,115.98597322,29.73452121,115.98597322,0.5800,1554.64,1,195,split_finetuned_disk,12,1,-1,1984.65,433.99,433.99
608,2890.00,29.74429223,115.99535486,29.73452121,115.98597322,29.73452121,115.98597322,0.5333,1416.14,1,311,split_finetuned_disk,10,1,-1,882.56,460.35,460.35
609,2896.00,29.74150381,115.99255135,29.73452121,115.98597322,29.73452121,115.98597322,0.5333,1004.24,1,283,split_finetuned_disk,10,1,-1,267.79,267.79,267.79
610,2901.00,29.74150381,115.99255135,29.73452121,115.98597322,29.73452121,115.98597322,0.5333,1004.24,1,283,split_finetuned_disk,10,1,-1,234.85,234.85,234.85
611,2907.00,29.74150381,115.99255135,29.73452121,115.98597322,29.73452121,115.98597322,0.5333,1004.24,1,283,split_finetuned_disk,10,1,-1,225.26,225.26,225.26
612,2913.00,29.74150381,115.99255135,29.73452121,115.98597322,29.73452121,115.98597322,0.5333,1004.24,1,283,split_finetuned_disk,10,1,-1,241.82,241.82,241.82
613,2918.00,29.74150381,115.99255135,29.73452121,115.98597322,29.73452121,115.98597322,0.5333,1004.24,1,283,split_finetuned_disk,10,1,-1,279.91,279.91,279.91
614,2924.00,29.74150381,115.99255135,29.73452121,115.98597322,29.73452121,115.98597322,0.5333,1004.24,1,283,split_finetuned_disk,10,1,-1,332.22,332.22,332.22
615,2929.00,29.73952476,115.98728847,29.73452121,115.98597322,29.73452121,115.98597322,0.6267,571.32,1,268,split_finetuned_disk,14,1,-1,550.88,550.88,550.88
616,2934.00,29.74711450,115.98774574,29.73452121,115.98597322,29.74711450,115.98774574,0.5567,1412.32,1,307,split_finetuned_disk,11,1,2,175.36,27.49,27.49
617,2940.00,29.74711450,115.98774574,29.74711450,115.98774574,29.74711450,115.98774574,0.5567,0.00,0,307,split_finetuned_disk,11,1,2,196.47,92.77,92.77
618,2946.00,29.74163258,115.97760308,29.74711450,115.98774574,29.74711450,115.98774574,0.6033,1154.79,1,277,split_finetuned_disk,13,1,10,1128.00,41.20,41.20
619,2951.00,29.74923758,115.98768395,29.74711450,115.98774574,29.74711450,115.98774574,0.5100,236.42,1,333,split_finetuned_disk,9,1,10,233.65,51.64,51.64
620,2956.00,29.74923758,115.98768395,29.74711450,115.98774574,29.74711450,115.98774574,0.5100,236.42,1,333,split_finetuned_disk,9,1,2,191.14,80.86,80.86
621,2962.00,29.74923758,115.98768395,29.74711450,115.98774574,29.74711450,115.98774574,0.5100,236.42,1,333,split_finetuned_disk,9,1,2,175.00,25.03,25.03
622,2968.00,29.76063972,115.98753564,29.74711450,115.98774574,29.74711450,115.98774574,0.5100,1505.76,1,411,split_finetuned_disk,9,1,3,1134.62,82.82,82.82
623,2974.00,29.75101274,115.98279182,29.74711450,115.98774574,29.74711450,115.98774574,0.5333,646.22,1,344,split_finetuned_disk,10,1,6,575.88,40.61,40.61
624,2979.00,29.76063972,115.98753564,29.74711450,115.98774574,29.74711450,115.98774574,0.5100,1505.76,1,411,split_finetuned_disk,9,1,5,969.98,52.30,52.30
625,2984.00,29.75356054,115.99214874,29.74711450,115.98774574,29.74711450,115.98774574,0.5567,834.29,1,362,split_finetuned_disk,11,1,2,431.77,80.15,80.15
626,2989.00,29.75356054,115.99214874,29.74711450,115.98774574,29.74711450,115.98774574,0.5567,834.29,1,362,split_finetuned_disk,11,1,2,425.01,25.07,25.07
627,2995.00,29.75797388,115.98512047,29.74711450,115.98774574,29.75797388,115.98512047,0.5100,1235.21,1,397,split_finetuned_disk,9,1,3,641.35,83.53,83.53
628,3000.00,29.72476546,115.97208780,29.75797388,115.98512047,29.75797388,115.98512047,0.5567,3905.50,1,157,split_finetuned_disk,11,1,6,3528.63,49.20,49.20
629,3006.00,29.75409090,115.99129077,29.75797388,115.98512047,29.75797388,115.98512047,0.5100,736.58,1,374,split_finetuned_disk,9,1,6,227.80,43.47,43.47
630,3011.00,29.75797388,115.98512047,29.75797388,115.98512047,29.75797388,115.98512047,0.5100,0.00,0,397,split_finetuned_disk,9,1,4,471.93,90.07,90.07
631,3017.00,29.75797388,115.98512047,29.75797388,115.98512047,29.75797388,115.98512047,0.5100,0.00,0,397,split_finetuned_disk,9,1,5,429.11,26.45,26.45
632,3022.00,29.75797388,115.98512047,29.75797388,115.98512047,29.75797388,115.98512047,0.5100,0.00,0,397,split_finetuned_disk,9,1,5,393.59,84.25,84.25
633,3027.00,29.75797388,115.98512047,29.75797388,115.98512047,29.75797388,115.98512047,0.5100,0.00,0,397,split_finetuned_disk,9,1,-1,377.29,160.34,160.34
634,3032.00,29.75797388,115.98512047,29.75797388,115.98512047,29.75797388,115.98512047,0.5100,0.00,0,397,split_finetuned_disk,9,1,-1,376.75,237.62,237.62
635,3037.00,29.76063972,115.98753564,29.75797388,115.98512047,29.75797388,115.98512047,0.5100,377.58,1,411,split_finetuned_disk,9,1,8,194.88,89.34,89.34
636,3042.00,29.76063972,115.98753564,29.75797388,115.98512047,29.75797388,115.98512047,0.5100,377.58,1,411,split_finetuned_disk,9,1,5,175.17,26.21,26.21
637,3048.00,29.75797388,115.98512047,29.75797388,115.98512047,29.75797388,115.98512047,0.5100,0.00,0,397,split_finetuned_disk,9,1,4,462.13,74.40,74.40
638,3053.00,29.74923758,115.98768395,29.75797388,115.98512047,29.75797388,115.98512047,0.5100,1003.59,1,333,split_finetuned_disk,9,1,2,1359.31,57.70,57.70
639,3059.00,29.76339594,115.99116718,29.75797388,115.98512047,29.75797388,115.98512047,0.5800,840.19,1,439,split_finetuned_disk,12,1,4,277.81,44.70,44.70
640,3066.00,29.76339594,115.99116718,29.75797388,115.98512047,29.75797388,115.98512047,0.5800,840.19,1,439,split_finetuned_disk,12,1,-1,240.53,240.53,240.53
641,3072.00,29.76297743,115.98488044,29.75797388,115.98512047,29.75797388,115.98512047,0.5333,557.48,1,435,split_finetuned_disk,10,1,5,575.04,26.00,26.00
642,3078.00,29.76297743,115.98488044,29.75797388,115.98512047,29.75797388,115.98512047,0.5333,557.48,1,435,split_finetuned_disk,10,1,5,579.34,131.57,131.57
643,3084.00,29.76809902,115.98904862,29.75797388,115.98512047,29.75797388,115.98512047,0.6033,1189.37,1,477,split_finetuned_disk,13,1,8,451.94,57.02,57.02
644,3089.00,29.76473113,115.99073463,29.75797388,115.98512047,29.75797388,115.98512047,0.5333,927.53,1,452,split_finetuned_disk,10,1,7,226.58,36.56,36.56
645,3095.00,29.76778329,115.99011147,29.75797388,115.98512047,29.75797388,115.98512047,0.5333,1193.80,1,464,split_finetuned_disk,10,1,1,98.62,98.62,98.62
646,3101.00,29.76778329,115.99011147,29.75797388,115.98512047,29.75797388,115.98512047,0.5333,1193.80,1,464,split_finetuned_disk,10,1,1,30.51,30.51,30.51
647,3107.00,29.76778329,115.99011147,29.75797388,115.98512047,29.76778329,115.99011147,0.5333,1193.80,1,464,split_finetuned_disk,10,1,1,75.82,75.82,75.82
648,3114.00,29.76809902,115.98904862,29.76778329,115.99011147,29.76778329,115.99011147,0.6033,108.58,1,477,split_finetuned_disk,13,1,1,56.35,56.35,56.35
649,3120.00,29.76785221,115.98801763,29.76778329,115.99011147,29.76778329,115.99011147,0.6500,202.53,1,476,split_finetuned_disk,15,1,2,177.13,37.12,37.12
650,3169.00,29.75069081,115.97689342,29.76778329,115.99011147,29.76778329,115.99011147,0.6500,2291.89,1,341,split_finetuned_disk,15,1,4,2418.35,32.25,32.25
651,3172.00,29.75294887,115.97577591,29.76778329,115.99011147,29.76778329,115.99011147,0.5333,2155.71,1,353,split_finetuned_disk,10,1,3,2324.78,89.68,89.68
652,3175.00,29.76063972,115.98753564,29.76778329,115.99011147,29.76778329,115.99011147,0.5100,833.29,1,411,split_finetuned_disk,9,1,3,915.54,49.62,49.62
653,3178.00,29.76785221,115.98801763,29.76778329,115.99011147,29.76778329,115.99011147,0.6500,202.53,1,476,split_finetuned_disk,15,1,6,445.63,59.94,59.94
654,3181.00,29.76473113,115.99073463,29.76778329,115.99011147,29.76778329,115.99011147,0.5333,345.06,1,452,split_finetuned_disk,10,1,1,77.94,77.94,77.94
655,3184.00,29.76473113,115.99073463,29.76778329,115.99011147,29.76778329,115.99011147,0.5333,345.06,1,452,split_finetuned_disk,10,1,1,32.39,32.39,32.39
656,3187.00,29.76355691,115.98763451,29.76778329,115.99011147,29.76778329,115.99011147,0.5567,527.90,1,437,split_finetuned_disk,11,1,2,385.95,90.38,90.38
657,3190.00,29.76355691,115.98763451,29.76778329,115.99011147,29.76355691,115.98763451,0.5567,527.90,1,437,split_finetuned_disk,11,1,-1,370.21,165.63,165.63
658,3194.00,29.76339594,115.99116718,29.76355691,115.98763451,29.76355691,115.98763451,0.5800,341.94,1,439,split_finetuned_disk,12,1,1,51.42,51.42,51.42
659,3197.00,29.76339594,115.99116718,29.76355691,115.98763451,29.76355691,115.98763451,0.5800,341.94,1,439,split_finetuned_disk,12,1,1,122.58,87.52,87.52
660,3200.00,29.76144908,115.98850484,29.76355691,115.98763451,29.76355691,115.98763451,0.5100,249.27,1,425,split_finetuned_disk,9,1,5,168.48,32.56,32.56
661,3203.00,29.75797388,115.98512047,29.76355691,115.98763451,29.76355691,115.98763451,0.5100,667.32,1,397,split_finetuned_disk,9,1,5,649.58,91.09,91.09
662,3206.00,29.75623545,115.98441081,29.76355691,115.98763451,29.76355691,115.98763451,0.5333,872.56,1,396,split_finetuned_disk,10,1,6,803.94,48.47,48.47
663,3210.00,29.76063972,115.98753564,29.76355691,115.98763451,29.76355691,115.98763451,0.5100,324.88,1,411,split_finetuned_disk,9,1,4,370.61,52.01,52.01
664,3213.00,29.75797388,115.98512047,29.76355691,115.98763451,29.76355691,115.98763451,0.5100,667.32,1,397,split_finetuned_disk,9,1,3,574.03,86.82,86.82
665,3216.00,29.75409090,115.99129077,29.76355691,115.98763451,29.76355691,115.98763451,0.5100,1111.44,1,374,split_finetuned_disk,9,1,2,404.15,31.82,31.82
666,3220.00,29.75409090,115.99129077,29.76355691,115.98763451,29.76355691,115.98763451,0.5100,1111.44,1,374,split_finetuned_disk,9,1,2,326.52,81.44,81.44
667,3223.00,29.75409090,115.99129077,29.76355691,115.98763451,29.75409090,115.99129077,0.5100,1111.44,1,374,split_finetuned_disk,9,1,7,249.08,56.73,56.73
668,3227.00,29.75409090,115.99129077,29.75409090,115.99129077,29.75409090,115.99129077,0.5100,0.00,0,374,split_finetuned_disk,9,1,8,161.15,52.61,52.61
669,3230.00,29.75409090,115.99129077,29.75409090,115.99129077,29.75409090,115.99129077,0.5100,0.00,0,374,split_finetuned_disk,9,1,1,86.12,86.12,86.12
670,3233.00,29.75409090,115.99129077,29.75409090,115.99129077,29.75409090,115.99129077,0.5100,0.00,0,374,split_finetuned_disk,9,1,1,31.76,31.76,31.76
671,3237.00,29.75797388,115.98512047,29.75409090,115.99129077,29.75409090,115.99129077,0.5100,736.58,1,397,split_finetuned_disk,9,1,2,741.17,82.13,82.13
672,3240.00,29.75356054,115.99214874,29.75409090,115.99129077,29.75409090,115.99129077,0.5567,101.80,1,362,split_finetuned_disk,11,1,7,236.27,56.11,56.11
673,3244.00,29.76144908,115.98850484,29.75409090,115.99129077,29.75409090,115.99129077,0.5100,862.24,1,425,split_finetuned_disk,9,1,6,1045.26,44.76,44.76
674,3247.00,29.75356054,115.99214874,29.75409090,115.99129077,29.75409090,115.99129077,0.5567,101.80,1,362,split_finetuned_disk,11,1,8,256.28,95.85,95.85
675,3251.00,29.75797388,115.98512047,29.75409090,115.99129077,29.75409090,115.99129077,0.5100,736.58,1,397,split_finetuned_disk,9,1,7,971.12,34.08,34.08
676,3254.00,29.75623545,115.98441081,29.75409090,115.99129077,29.75409090,115.99129077,0.5333,706.56,1,396,split_finetuned_disk,10,1,8,1165.59,82.82,82.82
677,3257.00,29.75101274,115.98279182,29.75409090,115.99129077,29.75409090,115.99129077,0.5333,890.10,1,344,split_finetuned_disk,10,1,6,783.68,55.49,55.49
678,3260.00,29.75101274,115.98279182,29.75409090,115.99129077,29.75409090,115.99129077,0.5333,890.10,1,344,split_finetuned_disk,10,1,4,802.68,45.30,45.30
679,3263.00,29.74163258,115.97760308,29.75409090,115.99129077,29.75409090,115.99129077,0.6033,1916.72,1,277,split_finetuned_disk,13,1,9,1356.70,95.14,95.14
680,3266.00,29.74163258,115.97760308,29.75409090,115.99129077,29.74163258,115.97760308,0.6033,1916.72,1,277,split_finetuned_disk,13,1,8,1318.80,33.81,33.81
681,3270.00,29.74603066,115.98841833,29.74163258,115.97760308,29.74163258,115.97760308,0.5333,1154.36,1,308,split_finetuned_disk,10,1,3,215.05,137.56,137.56
682,3273.00,29.73763156,115.99138964,29.74163258,115.97760308,29.74163258,115.97760308,0.6033,1405.06,1,257,split_finetuned_disk,13,1,-1,856.52,501.86,501.86
683,3276.00,29.74429223,115.99535486,29.74163258,115.97760308,29.74163258,115.97760308,0.5333,1741.23,1,311,split_finetuned_disk,10,1,-1,432.25,232.73,232.73
684,3279.00,29.74150381,115.99255135,29.74163258,115.97760308,29.74163258,115.97760308,0.5333,1444.96,1,283,split_finetuned_disk,10,1,-1,290.69,248.18,248.18
685,3282.00,29.73447829,115.98292776,29.74163258,115.97760308,29.74163258,115.97760308,0.5100,948.25,1,227,split_finetuned_disk,9,1,-1,1269.84,231.95,231.95
686,3285.00,29.73763156,115.99138964,29.74163258,115.97760308,29.74163258,115.97760308,0.6033,1405.06,1,257,split_finetuned_disk,13,1,-1,534.05,241.15,241.15
687,3288.00,29.73763156,115.99138964,29.74163258,115.97760308,29.74163258,115.97760308,0.6033,1405.06,1,257,split_finetuned_disk,13,1,-1,456.29,273.22,273.22
688,3291.00,29.73763156,115.99138964,29.74163258,115.97760308,29.74163258,115.97760308,0.6033,1405.06,1,257,split_finetuned_disk,13,1,2,378.59,39.00,39.00
689,3295.00,29.73763156,115.99138964,29.74163258,115.97760308,29.74163258,115.97760308,0.6033,1405.06,1,257,split_finetuned_disk,13,1,2,301.01,105.53,105.53
690,3298.00,29.73763156,115.99138964,29.74163258,115.97760308,29.73763156,115.99138964,0.6033,1405.06,1,257,split_finetuned_disk,13,1,-1,223.67,181.38,181.38
691,3302.00,29.73763156,115.99138964,29.73763156,115.99138964,29.73763156,115.99138964,0.6033,0.00,0,257,split_finetuned_disk,13,1,1,146.95,64.79,64.79
692,3305.00,29.73763156,115.99138964,29.73763156,115.99138964,29.73763156,115.99138964,0.6033,0.00,0,257,split_finetuned_disk,13,1,1,62.98,62.98,62.98
693,3309.00,29.73447829,115.98292776,29.73763156,115.99138964,29.73763156,115.99138964,0.5100,890.06,1,227,split_finetuned_disk,9,1,-1,855.60,179.33,179.33
694,3312.00,29.73763156,115.99138964,29.73763156,115.99138964,29.73763156,115.99138964,0.6033,0.00,0,257,split_finetuned_disk,13,1,1,106.25,103.55,103.55
695,3315.00,29.73763156,115.99138964,29.73763156,115.99138964,29.73763156,115.99138964,0.6033,0.00,0,257,split_finetuned_disk,13,1,10,182.12,37.83,37.83
696,3319.00,29.73082066,115.97441646,29.73763156,115.99138964,29.73763156,115.99138964,0.5100,1807.34,1,197,split_finetuned_disk,9,1,10,1659.57,65.45,65.45
697,3322.00,29.73673635,115.97819108,29.73763156,115.99138964,29.73763156,115.99138964,0.5567,1279.65,1,237,split_finetuned_disk,11,1,-1,1374.97,950.21,950.21
698,3325.00,29.74603066,115.98841833,29.73763156,115.99138964,29.73763156,115.99138964,0.5333,978.10,1,308,split_finetuned_disk,10,1,7,1224.73,34.29,34.29
699,3328.00,29.73209146,115.98981486,29.73763156,115.99138964,29.73763156,115.99138964,0.6267,635.23,1,217,split_finetuned_disk,14,1,6,200.50,96.39,96.39
700,3332.00,29.72579565,115.97604780,29.73763156,115.99138964,29.73763156,115.99138964,0.5333,1983.70,1,158,split_finetuned_disk,10,1,5,1769.70,37.42,37.42
701,3335.00,29.71634037,115.97265630,29.73763156,115.99138964,29.73763156,115.99138964,0.5100,2982.68,1,92,split_finetuned_disk,9,1,8,2482.22,66.11,66.11
702,3339.00,29.70386059,115.98739447,29.73763156,115.99138964,29.73763156,115.99138964,0.5333,3779.17,1,7,split_finetuned_disk,10,1,6,3116.32,71.47,71.47
703,3342.00,29.70386059,115.98739447,29.73763156,115.99138964,29.73763156,115.99138964,0.5333,3779.17,1,7,split_finetuned_disk,10,1,-1,3039.73,786.77,786.77
704,3346.00,29.70386059,115.98739447,29.73763156,115.99138964,29.73763156,115.99138964,0.5333,3779.17,1,7,split_finetuned_disk,10,1,7,2963.22,97.10,97.10
705,3349.00,29.72722741,115.99452683,29.73763156,115.99138964,29.72722741,115.99452683,0.5333,1197.23,1,181,split_finetuned_disk,10,1,6,489.27,43.84,43.84
706,3352.00,29.73131429,115.98914749,29.72722741,115.99452683,29.72722741,115.99452683,0.5100,690.90,1,204,split_finetuned_disk,9,1,6,299.42,57.21,57.21
707,3355.00,29.72598261,115.98111817,29.72722741,115.99452683,29.72722741,115.99452683,0.6500,1303.46,1,174,split_finetuned_disk,15,1,7,971.17,80.90,80.90
708,3358.00,29.72129026,115.97437938,29.72722741,115.99452683,29.72722741,115.99452683,0.6500,2056.54,1,132,split_finetuned_disk,15,1,5,1674.00,34.90,34.90
709,3361.00,29.72598261,115.98111817,29.72722741,115.99452683,29.72722741,115.99452683,0.6500,1303.46,1,174,split_finetuned_disk,15,1,5,972.72,97.82,97.82
710,3365.00,29.72598261,115.98111817,29.72722741,115.99452683,29.72722741,115.99452683,0.6500,1303.46,1,174,split_finetuned_disk,15,1,3,983.20,43.32,43.32
711,3368.00,29.72383806,115.99339697,29.72722741,115.99452683,29.72722741,115.99452683,0.6033,392.79,1,154,split_finetuned_disk,13,1,-1,276.89,154.89,154.89
712,3371.00,29.72383806,115.99339697,29.72722741,115.99452683,29.72722741,115.99452683,0.6033,392.79,1,154,split_finetuned_disk,13,1,3,243.12,80.21,80.21
713,3375.00,29.72383806,115.99339697,29.72722741,115.99452683,29.72722741,115.99452683,0.6033,392.79,1,154,split_finetuned_disk,13,1,3,231.73,31.97,31.97
714,3378.00,29.70386059,115.98739447,29.72722741,115.99452683,29.72722741,115.99452683,0.5333,2691.00,1,7,split_finetuned_disk,10,1,7,2192.77,122.03,122.03
715,3382.00,29.72598261,115.98111817,29.72722741,115.99452683,29.72598261,115.98111817,0.6500,1303.46,1,174,split_finetuned_disk,15,1,7,1118.62,50.97,50.97
716,3385.00,29.72598261,115.98111817,29.72598261,115.98111817,29.72598261,115.98111817,0.6500,0.00,0,174,split_finetuned_disk,15,1,6,1165.77,58.47,58.47
717,3389.00,29.71382476,115.98061147,29.72598261,115.98111817,29.72598261,115.98111817,0.5333,1354.30,1,83,split_finetuned_disk,10,1,5,1179.18,79.52,79.52
718,3392.00,29.71382476,115.98061147,29.72598261,115.98111817,29.72598261,115.98111817,0.5333,1354.30,1,83,split_finetuned_disk,10,1,2,1136.51,32.08,32.08
719,3396.00,29.71382476,115.98061147,29.72598261,115.98111817,29.72598261,115.98111817,0.5333,1354.30,1,83,split_finetuned_disk,10,1,3,1097.73,88.76,88.76
720,3399.00,29.71286516,115.99072227,29.72598261,115.98111817,29.72598261,115.98111817,0.5800,1730.34,1,75,split_finetuned_disk,12,1,3,639.95,50.38,50.38
721,3403.00,29.72107110,115.98571891,29.72598261,115.98111817,29.72598261,115.98111817,0.5567,704.77,1,125,split_finetuned_disk,11,1,2,438.93,50.07,50.07
722,3406.00,29.71987996,115.98468792,29.72598261,115.98111817,29.72598261,115.98111817,0.5800,761.95,1,124,split_finetuned_disk,12,1,9,650.59,89.14,89.14
723,3410.00,29.71855550,115.98012948,29.72598261,115.98111817,29.72598261,115.98111817,0.5567,832.29,1,109,split_finetuned_disk,11,1,9,987.67,32.14,32.14
724,3413.00,29.71855550,115.98012948,29.72598261,115.98111817,29.72598261,115.98111817,0.5567,832.29,1,109,split_finetuned_disk,11,1,-1,1009.01,187.96,187.96
725,3417.00,29.71855550,115.98012948,29.72598261,115.98111817,29.72598261,115.98111817,0.5567,832.29,1,109,split_finetuned_disk,11,1,-1,1033.62,164.67,164.67
726,3420.00,29.71286516,115.99072227,29.72598261,115.98111817,29.71286516,115.99072227,0.5800,1730.34,1,75,split_finetuned_disk,12,1,5,163.59,50.65,50.65
727,3423.00,29.71286516,115.99072227,29.71286516,115.99072227,29.71286516,115.99072227,0.5800,0.00,0,75,split_finetuned_disk,12,1,1,88.44,88.44,88.44
728,3427.00,29.71286516,115.99072227,29.71286516,115.99072227,29.71286516,115.99072227,0.5800,0.00,0,75,split_finetuned_disk,12,1,1,32.03,32.03,32.03
729,3430.00,29.71277932,115.98291541,29.71286516,115.99072227,29.71286516,115.99072227,0.5800,754.67,1,71,split_finetuned_disk,12,1,2,771.80,79.84,79.84
730,3434.00,29.72598261,115.98111817,29.71286516,115.99072227,29.71286516,115.99072227,0.6500,1730.34,1,174,split_finetuned_disk,15,1,10,2001.09,58.18,58.18
731,3483.00,29.71712827,115.97768959,29.71286516,115.99072227,29.71286516,115.99072227,0.6033,1346.15,1,108,split_finetuned_disk,13,1,6,1539.25,123.90,123.90
732,3489.00,29.73673635,115.97819108,29.71286516,115.99072227,29.71286516,115.99072227,0.5567,2920.38,1,237,split_finetuned_disk,11,1,-1,3067.20,2569.01,2569.01
733,3494.00,29.73673635,115.97819108,29.71286516,115.99072227,29.71286516,115.99072227,0.5567,2920.38,1,237,split_finetuned_disk,11,1,-1,3000.39,2666.98,2666.98
734,3499.00,29.73673635,115.97819108,29.71286516,115.99072227,29.71286516,115.99072227,0.5567,2920.38,1,237,split_finetuned_disk,11,1,-1,2934.13,2604.21,2604.21
735,3505.00,29.73673635,115.97819108,29.71286516,115.99072227,29.71286516,115.99072227,0.5567,2920.38,1,237,split_finetuned_disk,11,1,-1,2868.46,2542.28,2542.28
736,3509.00,29.73673635,115.97819108,29.71286516,115.99072227,29.71286516,115.99072227,0.5567,2920.38,1,237,split_finetuned_disk,11,1,-1,2803.42,1207.10,1207.10
737,3514.00,29.71855550,115.98012948,29.71286516,115.99072227,29.71286516,115.99072227,0.5567,1204.00,1,109,split_finetuned_disk,11,1,8,1185.99,54.81,54.81
738,3520.00,29.71286516,115.99072227,29.71286516,115.99072227,29.71286516,115.99072227,0.5800,0.00,0,75,split_finetuned_disk,12,1,7,467.61,54.56,54.56
739,3525.00,29.71844819,115.99339697,29.71286516,115.99072227,29.71286516,115.99072227,0.5333,673.13,1,115,split_finetuned_disk,10,1,1,91.70,91.70,91.70
740,3530.00,29.71844819,115.99339697,29.71286516,115.99072227,29.71286516,115.99072227,0.5333,673.13,1,115,split_finetuned_disk,10,1,1,38.74,38.74,38.74
741,3535.00,29.71844819,115.99339697,29.71286516,115.99072227,29.71286516,115.99072227,0.5333,673.13,1,115,split_finetuned_disk,10,1,1,82.08,82.08,82.08
742,3541.00,29.71844819,115.99339697,29.71286516,115.99072227,29.71286516,115.99072227,0.5333,673.13,1,115,split_finetuned_disk,10,1,9,155.30,62.64,62.64
743,3546.00,29.76797025,115.98054445,29.71286516,115.99072227,29.71286516,115.99072227,0.5333,6212.68,1,472,split_finetuned_disk,10,1,8,5541.48,47.74,47.74
744,3551.00,29.72476546,115.97208780,29.71286516,115.99072227,29.71286516,115.99072227,0.5567,2235.90,1,157,split_finetuned_disk,11,1,6,2022.79,101.22,101.22
745,3557.00,29.71521980,115.97492316,29.71286516,115.99072227,29.71286516,115.99072227,0.5567,1549.46,1,80,split_finetuned_disk,11,1,-1,1932.87,1215.41,1215.41
746,3562.00,29.70838124,115.97735069,29.71286516,115.99072227,29.71286516,115.99072227,0.5333,1385.52,1,42,split_finetuned_disk,10,1,-1,2146.94,487.34,487.34
747,3567.00,29.72383806,115.99339697,29.71286516,115.99072227,29.71286516,115.99072227,0.6033,1248.56,1,154,split_finetuned_disk,13,1,1,62.05,62.05,62.05
748,3573.00,29.72383806,115.99339697,29.71286516,115.99072227,29.72383806,115.99339697,0.6033,1248.56,1,154,split_finetuned_disk,13,1,1,48.19,48.19,48.19
749,3579.00,29.72383806,115.99339697,29.72383806,115.99339697,29.72383806,115.99339697,0.6033,0.00,0,154,split_finetuned_disk,13,1,1,113.75,100.53,100.53
750,3584.00,29.72598261,115.98111817,29.72383806,115.99339697,29.72383806,115.99339697,0.6500,1210.63,1,174,split_finetuned_disk,15,1,-1,1181.36,361.94,361.94
751,3590.00,29.72598261,115.98111817,29.72383806,115.99339697,29.72383806,115.99339697,0.6500,1210.63,1,174,split_finetuned_disk,15,1,-1,1169.69,490.34,490.34
752,3595.00,29.72598261,115.98111817,29.72383806,115.99339697,29.72383806,115.99339697,0.6500,1210.63,1,174,split_finetuned_disk,15,1,-1,1163.13,305.42,305.42
753,3601.00,29.72598261,115.98111817,29.72383806,115.99339697,29.72383806,115.99339697,0.6500,1210.63,1,174,split_finetuned_disk,15,1,9,1162.01,48.65,48.65
754,3607.00,29.72903477,115.98956769,29.72383806,115.99339697,29.72383806,115.99339697,0.5333,686.77,1,191,split_finetuned_disk,10,1,10,373.19,114.46,114.46
755,3612.00,29.72903477,115.98956769,29.72383806,115.99339697,29.72383806,115.99339697,0.5333,686.77,1,191,split_finetuned_disk,10,1,-1,361.91,162.26,162.26
756,3618.00,29.72598261,115.98111817,29.72383806,115.99339697,29.72383806,115.99339697,0.6500,1210.63,1,174,split_finetuned_disk,15,1,-1,1191.18,173.72,173.72
757,3624.00,29.72598261,115.98111817,29.72383806,115.99339697,29.72383806,115.99339697,0.6500,1210.63,1,174,split_finetuned_disk,15,1,-1,1210.82,759.02,759.02
758,3629.00,29.72598261,115.98111817,29.72383806,115.99339697,29.72383806,115.99339697,0.6500,1210.63,1,174,split_finetuned_disk,15,1,-1,1235.07,835.32,835.32
759,3635.00,29.72383806,115.99339697,29.72383806,115.99339697,29.72383806,115.99339697,0.6033,0.00,0,154,split_finetuned_disk,13,1,-1,898.28,188.74,188.74
760,3640.00,29.70386059,115.98739447,29.72383806,115.99339697,29.72383806,115.99339697,0.5333,2298.33,1,7,split_finetuned_disk,10,1,9,3265.44,45.59,45.59
761,3646.00,29.70386059,115.98739447,29.72383806,115.99339697,29.72383806,115.99339697,0.5333,2298.33,1,7,split_finetuned_disk,10,1,-1,3352.11,309.92,309.92
762,3651.00,29.72595661,115.98150129,29.72383806,115.99339697,29.72383806,115.99339697,0.5333,1173.76,1,161,split_finetuned_disk,10,1,8,1495.80,69.24,69.24
763,3657.00,29.74958098,115.99586157,29.72383806,115.99339697,29.72383806,115.99339697,0.5100,2875.59,1,337,split_finetuned_disk,9,1,7,1597.60,43.40,43.40
764,3662.00,29.72619723,115.97479957,29.72383806,115.99339697,29.72383806,115.99339697,0.5333,1816.69,1,171,split_finetuned_disk,10,1,8,1977.40,105.44,105.44
765,3667.00,29.73668269,115.99321159,29.72383806,115.99339697,29.72383806,115.99339697,0.6033,1429.98,1,245,split_finetuned_disk,13,1,1,45.19,45.19,45.19
766,3672.00,29.73452121,115.98597322,29.72383806,115.99339697,29.72383806,115.99339697,0.5567,1388.97,1,228,split_finetuned_disk,11,1,-1,802.88,150.90,150.90
767,3678.00,29.73452121,115.98597322,29.72383806,115.99339697,29.72383806,115.99339697,0.5567,1388.97,1,228,split_finetuned_disk,11,1,6,830.84,78.10,78.10
768,3684.00,29.73452121,115.98597322,29.72383806,115.99339697,29.72383806,115.99339697,0.5567,1388.97,1,228,split_finetuned_disk,11,1,5,864.93,39.63,39.63
769,3690.00,29.73763156,115.99138964,29.72383806,115.99339697,29.73763156,115.99138964,0.6033,1547.70,1,257,split_finetuned_disk,13,1,9,189.52,106.14,106.14
770,3695.00,29.73471437,115.98883853,29.73763156,115.99138964,29.73763156,115.99138964,0.6033,407.75,1,230,split_finetuned_disk,13,1,5,680.86,44.80,44.80
771,3701.00,29.73155037,115.97352141,29.73763156,115.99138964,29.73763156,115.99138964,0.5567,1855.06,1,196,split_finetuned_disk,11,1,4,2227.24,66.90,66.90
772,3706.00,29.73447829,115.98292776,29.73763156,115.99138964,29.73763156,115.99138964,0.5100,890.06,1,227,split_finetuned_disk,9,1,-1,1208.98,334.94,334.94
773,3713.00,29.74150381,115.99255135,29.73763156,115.99138964,29.73763156,115.99138964,0.5333,445.44,1,283,split_finetuned_disk,10,1,-1,161.98,161.98,161.98
774,3718.00,29.74150381,115.99255135,29.73763156,115.99138964,29.73763156,115.99138964,0.5333,445.44,1,283,split_finetuned_disk,10,1,3,184.31,117.84,117.84
775,3724.00,29.74150381,115.99255135,29.73763156,115.99138964,29.73763156,115.99138964,0.5333,445.44,1,283,split_finetuned_disk,10,1,5,232.05,50.93,50.93
776,3730.00,29.74150381,115.99255135,29.73763156,115.99138964,29.73763156,115.99138964,0.5333,445.44,1,283,split_finetuned_disk,10,1,5,293.03,58.70,58.70
777,3736.00,29.74150381,115.99255135,29.73763156,115.99138964,29.73763156,115.99138964,0.5333,445.44,1,283,split_finetuned_disk,10,1,3,370.59,76.79,76.79
778,3743.00,29.73763156,115.99138964,29.73763156,115.99138964,29.73763156,115.99138964,0.6033,0.00,0,257,split_finetuned_disk,13,1,9,827.35,40.03,40.03
779,3748.00,29.73763156,115.99138964,29.73763156,115.99138964,29.73763156,115.99138964,0.6033,0.00,0,257,split_finetuned_disk,13,1,9,903.90,97.22,97.22
780,3754.00,29.73471437,115.98883853,29.73763156,115.99138964,29.73763156,115.99138964,0.6033,407.75,1,230,split_finetuned_disk,13,1,10,1414.27,50.44,50.44
781,3759.00,29.74603066,115.98841833,29.73763156,115.99138964,29.73763156,115.99138964,0.5333,978.10,1,308,split_finetuned_disk,10,1,10,436.91,59.27,59.27
782,3764.00,29.74603066,115.98841833,29.73763156,115.99138964,29.73763156,115.99138964,0.5333,978.10,1,308,split_finetuned_disk,10,1,5,484.94,85.94,85.94
783,3770.00,29.75101274,115.98279182,29.73763156,115.99138964,29.73763156,115.99138964,0.5333,1705.74,1,344,split_finetuned_disk,10,1,3,982.00,38.38,38.38
784,3775.00,29.75101274,115.98279182,29.73763156,115.99138964,29.73763156,115.99138964,0.5333,1705.74,1,344,split_finetuned_disk,10,1,4,969.22,87.78,87.78
785,3782.00,29.75356054,115.99214874,29.73763156,115.99138964,29.73763156,115.99138964,0.5567,1774.73,1,362,split_finetuned_disk,11,1,5,235.14,49.96,49.96
786,3788.00,29.75356054,115.99214874,29.73763156,115.99138964,29.73763156,115.99138964,0.5567,1774.73,1,362,split_finetuned_disk,11,1,6,158.77,59.85,59.85
787,3794.00,29.75356054,115.99214874,29.73763156,115.99138964,29.73763156,115.99138964,0.5567,1774.73,1,362,split_finetuned_disk,11,1,1,85.27,85.27,85.27
788,3799.00,29.75356054,115.99214874,29.73763156,115.99138964,29.73763156,115.99138964,0.5567,1774.73,1,362,split_finetuned_disk,11,1,1,38.41,38.41,38.41
789,3805.00,29.75409090,115.99129077,29.73763156,115.99138964,29.75409090,115.99129077,0.5100,1832.28,1,374,split_finetuned_disk,9,1,9,201.48,126.27,126.27
790,3811.00,29.75409090,115.99129077,29.75409090,115.99129077,29.75409090,115.99129077,0.5100,0.00,0,374,split_finetuned_disk,9,1,9,167.09,57.16,57.16
791,3818.00,29.75409090,115.99129077,29.75409090,115.99129077,29.75409090,115.99129077,0.5100,0.00,0,374,split_finetuned_disk,9,1,9,165.49,52.31,52.31
792,3824.00,29.75797388,115.98512047,29.75409090,115.99129077,29.75409090,115.99129077,0.5100,736.58,1,397,split_finetuned_disk,9,1,6,809.89,84.60,84.60
793,3830.00,29.75409090,115.99129077,29.75409090,115.99129077,29.75409090,115.99129077,0.5100,0.00,0,374,split_finetuned_disk,9,1,5,259.12,38.45,38.45
794,3836.00,29.75797388,115.98512047,29.75409090,115.99129077,29.75409090,115.99129077,0.5100,736.58,1,397,split_finetuned_disk,9,1,5,770.95,89.14,89.14
795,3842.00,29.75409090,115.99129077,29.75409090,115.99129077,29.75409090,115.99129077,0.5100,0.00,0,374,split_finetuned_disk,9,1,8,393.14,56.61,56.61
796,3848.00,29.76551450,115.98563954,29.75409090,115.99129077,29.75409090,115.99129077,0.5100,1384.03,1,449,split_finetuned_disk,9,1,10,1078.57,52.82,52.82
797,3853.00,29.76063972,115.98753564,29.75409090,115.99129077,29.75409090,115.99129077,0.5100,814.38,1,411,split_finetuned_disk,9,1,7,568.14,93.96,93.96
798,3859.00,29.76063972,115.98753564,29.75409090,115.99129077,29.75409090,115.99129077,0.5100,814.38,1,411,split_finetuned_disk,9,1,10,561.68,39.17,39.17
799,3864.00,29.76551450,115.98563954,29.75409090,115.99129077,29.75409090,115.99129077,0.5100,1384.03,1,449,split_finetuned_disk,9,1,9,927.85,79.89,79.89
800,3870.00,29.75797388,115.98512047,29.75409090,115.99129077,29.75409090,115.99129077,0.5100,736.58,1,397,split_finetuned_disk,9,1,4,842.05,56.06,56.06
801,3877.00,29.76112715,115.99296441,29.75409090,115.99129077,29.75409090,115.99129077,0.5100,799.81,1,427,split_finetuned_disk,9,1,1,53.34,53.34,53.34
802,3883.00,29.75845058,115.98151887,29.75409090,115.99129077,29.75409090,115.99129077,0.5100,1061.93,1,409,split_finetuned_disk,9,1,4,1011.90,93.28,93.28
803,3889.00,29.75845058,115.98151887,29.75409090,115.99129077,29.75409090,115.99129077,0.5100,1061.93,1,409,split_finetuned_disk,9,1,3,1038.80,39.02,39.02
804,3895.00,29.76473113,115.99073463,29.75409090,115.99129077,29.75409090,115.99129077,0.5333,1185.69,1,452,split_finetuned_disk,10,1,5,206.90,80.55,80.55
805,3902.00,29.76778329,115.99011147,29.75409090,115.99129077,29.76778329,115.99011147,0.5333,1528.49,1,464,split_finetuned_disk,10,1,9,440.34,64.02,64.02
806,3907.00,29.76473113,115.99073463,29.76778329,115.99011147,29.76778329,115.99011147,0.5333,345.06,1,452,split_finetuned_disk,10,1,8,163.82,46.73,46.73
807,3913.00,29.76473113,115.99073463,29.76778329,115.99011147,29.76778329,115.99011147,0.5333,345.06,1,452,split_finetuned_disk,10,1,6,192.52,102.83,102.83
808,3918.00,29.76778329,115.99011147,29.76778329,115.99011147,29.76778329,115.99011147,0.5333,0.00,0,464,split_finetuned_disk,10,1,8,361.69,38.89,38.89
809,3924.00,29.76732185,115.99062340,29.76778329,115.99011147,29.76739010,115.99054768,0.5100,71.32,0,465,split_finetuned_disk,9,1,5,176.77,134.03,134.03
810,3931.00,29.76063972,115.98753564,29.76701871,115.99095971,29.76701871,115.99095971,0.5100,783.45,1,411,split_finetuned_disk,9,1,5,1103.17,63.42,63.42
811,3937.00,29.76732185,115.99062340,29.76670038,115.99131287,29.76670038,115.99131287,0.5100,96.06,1,465,split_finetuned_disk,9,1,5,279.01,47.17,47.17
812,3943.00,29.76297743,115.98488044,29.76638205,115.99166604,29.76638205,115.99166604,0.5333,757.52,1,435,split_finetuned_disk,10,1,2,1192.58,102.13,102.13
813,3949.00,29.76908008,115.99318687,29.76606371,115.99201921,29.76606371,115.99201921,0.5100,354.24,1,492,split_finetuned_disk,9,1,1,41.86,41.86,41.86
814,3954.00,29.76297743,115.98488044,29.76579843,115.99231352,29.76579843,115.99231352,0.5333,784.11,1,435,split_finetuned_disk,10,1,2,1290.89,72.23,72.23
815,3959.00,29.72256726,115.97193950,29.76553316,115.99260782,29.76553316,115.99260782,0.5100,5183.42,1,131,split_finetuned_disk,9,1,2,5876.21,71.96,71.96
816,3963.00,29.76243015,115.97956098,29.76532093,115.99284327,29.76532093,115.99284327,0.6267,1323.57,1,434,split_finetuned_disk,14,1,2,1529.37,38.72,38.72
