Frame,Time_Sec,Raw_Lat,Raw_Lng,Predicted_Lat,Predicted_Lng,Filtered_Lat,Filtered_Lng,Match_Confidence,Innovation_M,Outlier_Rejected,Best_Match_Idx,Algorithm,Inliers,Measurement_Valid,Correct_Candidate_Rank,Top1_Min_Dist_M,Top5_Min_Dist_M,Top10_Min_Dist_M
1,3.00,29.76009244,115.97205072,29.76100000,115.97500000,29.76100000,115.97500000,0.5100,302.45,1,404,split_finetuned_dino,9,1,4,226.86,52.53,52.53
2,7.00,29.76009244,115.97205072,29.76100000,115.97500000,29.76100000,115.97500000,0.5100,302.45,1,404,split_finetuned_dino,9,1,4,223.80,37.15,37.15
3,10.00,29.76009244,115.97205072,29.76100000,115.97500000,29.76100000,115.97500000,0.5100,302.45,1,404,split_finetuned_dino,9,1,-1,246.68,246.68,246.68
4,14.00,29.76100000,115.97500000,29.76100000,115.97500000,29.76100000,115.97500000,0.0000,0.00,0,-1,split_finetuned_dino,0,0,-1,,,
5,17.00,29.77042147,115.98933287,29.76100000,115.97500000,29.76100000,115.97500000,0.4867,1737.62,1,490,split_finetuned_dino,8,1,-1,2010.60,2010.60,2010.60
6,21.00,29.76148128,115.97514562,29.76100000,115.97500000,29.76148128,115.97514562,0.5100,55.39,0,418,split_finetuned_dino,9,1,-1,542.25,342.50,342.50
7,24.00,29.77042147,115.98933287,29.76156037,115.97516955,29.76156037,115.97516955,0.4867,1687.37,1,490,split_finetuned_dino,8,1,-1,2126.75,2126.75,2126.75
8,28.00,29.70808697,115.99531779,29.76166583,115.97520146,29.76166583,115.97520146,0.4867,6273.35,1,38,split_finetuned_dino,8,1,-1,5659.35,1309.84,1309.84
9,31.00,29.76307401,115.97069840,29.76174492,115.97522539,29.76174492,115.97522539,0.4867,461.91,1,429,split_finetuned_dino,8,1,-1,1073.07,1073.07,1073.07
10,34.00,29.76174492,115.97522539,29.76182401,115.97524932,29.76182401,115.97524932,0.0000,0.00,0,-1,split_finetuned_dino,0,0,-1,,,
11,38.00,29.76319205,115.98519463,29.76192947,115.97528123,29.76192947,115.97528123,0.4867,968.48,1,436,split_finetuned_dino,8,1,-1,1504.13,1504.13,1504.13
12,41.00,29.76319205,115.98519463,29.76200856,115.97530516,29.76200856,115.97530516,0.4867,964.95,1,436,split_finetuned_dino,8,1,-1,1564.14,1564.14,1564.14
13,44.00,29.76200856,115.97530516,29.76208766,115.97532909,29.76208766,115.97532909,0.0000,0.00,0,-1,split_finetuned_dino,0,0,-1,,,
14,48.00,29.76208766,115.97532909,29.76219311,115.97536099,29.76219311,115.97536099,0.0000,0.00,0,-1,split_finetuned_dino,0,0,-1,,,
15,51.00,29.73349103,115.99445268,29.76227221,115.97538493,29.76227221,115.97538493,0.4867,3696.22,1,233,split_finetuned_dino,8,1,-1,2638.38,2638.38,2638.38
16,55.00,29.73349103,115.99445268,29.76237766,115.97541683,29.76237766,115.97541683,0.4867,3704.87,1,233,split_finetuned_dino,8,1,-1,2587.48,2587.48,2587.48
17,58.00,29.76237766,115.97541683,29.76245676,115.97544076,29.76245676,115.97544076,0.0000,0.00,0,-1,split_finetuned_dino,0,0,-1,,,
18,62.00,29.76009244,115.97205072,29.76256221,115.97547267,29.76256221,115.97547267,0.5100,430.11,1,404,split_finetuned_dino,9,1,-1,1317.95,1299.34,1299.34
19,65.00,29.76256221,115.97547267,29.76264131,115.97549660,29.76264131,115.97549660,0.0000,0.00,0,-1,split_finetuned_dino,0,0,-1,,,
20,69.00,29.76264131,115.97549660,29.76274676,115.97552851,29.76274676,115.97552851,0.0000,0.00,0,-1,split_finetuned_dino,0,0,-1,,,
21,72.00,29.76274676,115.97552851,29.76282586,115.97555244,29.76282586,115.97555244,0.0000,0.00,0,-1,split_finetuned_dino,0,0,-1,,,
22,75.00,29.76282586,115.97555244,29.76290495,115.97557637,29.76290495,115.97557637,0.0000,0.00,0,-1,split_finetuned_dino,0,0,-1,,,
23,78.00,29.76290495,115.97557637,29.76298404,115.97560030,29.76298404,115.97560030,0.0000,0.00,0,-1,split_finetuned_dino,0,0,-1,,,
24,82.00,29.76298404,115.97560030,29.76308950,115.97563221,29.76308950,115.97563221,0.0000,0.00,0,-1,split_finetuned_dino,0,0,-1,,,
25,85.00,29.76308950,115.97563221,29.76316859,115.97565614,29.76316859,115.97565614,0.0000,0.00,0,-1,split_finetuned_dino,0,0,-1,,,
26,89.00,29.76316859,115.97565614,29.76327405,115.97568805,29.76327405,115.97568805,0.0000,0.00,0,-1,split_finetuned_dino,0,0,-1,,,
27,92.00,29.76327405,115.97568805,29.76335314,115.97571198,29.76335314,115.97571198,0.0000,0.00,0,-1,split_finetuned_dino,0,0,-1,,,
28,96.00,29.76335314,115.97571198,29.76345860,115.97574389,29.76345860,115.97574389,0.0000,0.00,0,-1,split_finetuned_dino,0,0,-1,,,
29,99.00,29.76345860,115.97574389,29.76353769,115.97576782,29.76353769,115.97576782,0.0000,0.00,0,-1,split_finetuned_dino,0,0,-1,,,
30,102.00,29.76353769,115.97576782,29.76361678,115.97579175,29.76361678,115.97579175,0.0000,0.00,0,-1,split_finetuned_dino,0,0,-1,,,
31,106.00,29.76361678,115.97579175,29.76372224,115.97582365,29.76372224,115.97582365,0.0000,0.00,0,-1,split_finetuned_dino,0,0,-1,,,
32,110.00,29.76372224,115.97582365,29.76382770,115.97585556,29.76382770,115.97585556,0.0000,0.00,0,-1,split_finetuned_dino,0,0,-1,,,
33,113.00,29.76382770,115.97585556,29.76390679,115.97587949,29.76390679,115.97587949,0.0000,0.00,0,-1,split_finetuned_dino,0,0,-1,,,
34,116.00,29.76390679,115.97587949,29.76398588,115.97590342,29.76398588,115.97590342,0.0000,0.00,0,-1,split_finetuned_dino,0,0,-1,,,
35,119.00,29.76398588,115.97590342,29.76406498,115.97592735,29.76406498,115.97592735,0.0000,0.00,0,-1,split_finetuned_dino,0,0,-1,,,
36,123.00,29.76406498,115.97592735,29.76417043,115.97595926,29.76417043,115.97595926,0.0000,0.00,0,-1,split_finetuned_dino,0,0,-1,,,
37,126.00,29.76417043,115.97595926,29.76424953,115.97598319,29.76424953,115.97598319,0.0000,0.00,0,-1,split_finetuned_dino,0,0,-1,,,
38,129.00,29.76424953,115.97598319,29.76432862,115.97600712,29.76432862,115.97600712,0.0000,0.00,0,-1,split_finetuned_dino,0,0,-1,,,
39,133.00,29.76432862,115.97600712,29.76443408,115.97603903,29.76443408,115.97603903,0.0000,0.00,0,-1,split_finetuned_dino,0,0,-1,,,
40,136.00,29.76443408,115.97603903,29.76451317,115.97606296,29.76451317,115.97606296,0.0000,0.00,0,-1,split_finetuned_dino,0,0,-1,,,
41,139.00,29.76451317,115.97606296,29.76459226,115.97608689,29.76459226,115.97608689,0.0000,0.00,0,-1,split_finetuned_dino,0,0,-1,,,
42,143.00,29.76459226,115.97608689,29.76469772,115.97611880,29.76469772,115.97611880,0.0000,0.00,0,-1,split_finetuned_dino,0,0,-1,,,
43,146.00,29.76469772,115.97611880,29.76477681,115.97614273,29.76477681,115.97614273,0.0000,0.00,0,-1,split_finetuned_dino,0,0,-1,,,
44,150.00,29.76477681,115.97614273,29.76488227,115.97617464,29.76488227,115.97617464,0.0000,0.00,0,-1,split_finetuned_dino,0,0,-1,,,
45,153.00,29.76488227,115.97617464,29.76496136,115.97619857,29.76496136,115.97619857,0.0000,0.00,0,-1,split_finetuned_dino,0,0,-1,,,
46,157.00,29.76496136,115.97619857,29.76506682,115.97623048,29.76506682,115.97623048,0.0000,0.00,0,-1,split_finetuned_dino,0,0,-1,,,
47,160.00,29.76506682,115.97623048,29.76514591,115.97625441,29.76514591,115.97625441,0.0000,0.00,0,-1,split_finetuned_dino,0,0,-1,,,
48,164.00,29.76514591,115.97625441,29.76525137,115.97628632,29.76525137,115.97628632,0.0000,0.00,0,-1,split_finetuned_dino,0,0,-1,,,
49,167.00,29.70563575,115.98866550,29.76533046,115.97631025,29.76533046,115.97631025,0.4867,6751.68,1,22,split_finetuned_dino,8,1,-1,2630.61,2630.61,2630.61
50,170.00,29.71976191,115.97342254,29.76540955,115.97633418,29.71976191,115.97342254,0.4867,5089.28,1,118,split_finetuned_dino,8,1,-1,604.86,604.86,604.86
51,174.00,29.71976191,115.97342254,29.71976191,115.97342254,29.71976191,115.97342254,0.4867,0.00,0,118,split_finetuned_dino,8,1,-1,533.13,533.13,533.13
52,177.00,29.71467252,115.97534336,29.71976191,115.97342254,29.71976191,115.97342254,0.4867,596.20,1,80,split_finetuned_dino,8,1,-1,1007.13,1007.13,1007.13
53,180.00,29.71467252,115.97534336,29.71976191,115.97342254,29.71976191,115.97342254,0.4867,596.20,1,80,split_finetuned_dino,8,1,-1,929.23,929.23,929.23
54,184.00,29.71976191,115.97342254,29.71976191,115.97342254,29.71976191,115.97342254,0.0000,0.00,0,-1,split_finetuned_dino,0,0,-1,,,
55,187.00,29.71976191,115.97342254,29.71976191,115.97342254,29.71976191,115.97342254,0.4867,0.00,0,118,split_finetuned_dino,8,1,-1,281.34,281.34,281.34
56,190.00,29.71976191,115.97342254,29.71976191,115.97342254,29.71976191,115.97342254,0.4867,0.00,0,118,split_finetuned_dino,8,1,-1,237.16,237.16,237.16
57,193.00,29.70393571,115.97467599,29.71976191,115.97342254,29.71976191,115.97342254,0.4867,1765.93,1,2,split_finetuned_dino,8,1,-1,1806.27,1806.27,1806.27
58,196.00,29.70393571,115.97467599,29.71976191,115.97342254,29.71976191,115.97342254,0.4867,1765.93,1,2,split_finetuned_dino,8,1,-1,1728.36,233.09,233.09
59,200.00,29.71976191,115.97342254,29.71976191,115.97342254,29.71976191,115.97342254,0.4867,0.00,0,118,split_finetuned_dino,8,1,-1,267.56,267.56,267.56
60,203.00,29.71976191,115.97342254,29.71976191,115.97342254,29.71976191,115.97342254,0.0000,0.00,0,-1,split_finetuned_dino,0,0,-1,,,
61,206.00,29.70931484,115.97432994,29.71976191,115.97342254,29.71976191,115.97342254,0.4867,1166.27,1,41,split_finetuned_dino,8,1,-1,894.71,894.71,894.71
62,210.00,29.71467252,115.97534336,29.71976191,115.97342254,29.71976191,115.97342254,0.4867,596.20,1,80,split_finetuned_dino,8,1,-1,217.61,217.61,217.61
63,213.00,29.71467252,115.97534336,29.71976191,115.97342254,29.71976191,115.97342254,0.4867,596.20,1,80,split_finetuned_dino,8,1,1,140.30,140.30,140.30
64,216.00,29.71467252,115.97534336,29.71976191,115.97342254,29.71976191,115.97342254,0.4867,596.20,1,80,split_finetuned_dino,8,1,1,54.11,54.11,54.11
65,220.00,29.71467252,115.97534336,29.71976191,115.97342254,29.71976191,115.97342254,0.4867,596.20,1,80,split_finetuned_dino,8,1,1,35.76,35.76,35.76
66,223.00,29.71467252,115.97534336,29.71976191,115.97342254,29.71976191,115.97342254,0.4867,596.20,1,80,split_finetuned_dino,8,1,1,108.51,108.51,108.51
67,226.00,29.71467252,115.97534336,29.71976191,115.97342254,29.71976191,115.97342254,0.4867,596.20,1,80,split_finetuned_dino,8,1,-1,185.51,185.51,185.51
68,230.00,29.71976191,115.97342254,29.71976191,115.97342254,29.71976191,115.97342254,0.0000,0.00,0,-1,split_finetuned_dino,0,0,-1,,,
69,233.00,29.71976191,115.97342254,29.71976191,115.97342254,29.71976191,115.97342254,0.4867,0.00,0,118,split_finetuned_dino,8,1,-1,965.88,965.88,965.88
70,237.00,29.70393571,115.97467599,29.71976191,115.97342254,29.71976191,115.97342254,0.4867,1765.93,1,2,split_finetuned_dino,8,1,-1,782.30,183.30,183.30
71,240.00,29.71976191,115.97342254,29.71976191,115.97342254,29.71976191,115.97342254,0.4867,0.00,0,118,split_finetuned_dino,8,1,4,1118.14,106.33,106.33
72,243.00,29.70931484,115.97432994,29.71976191,115.97342254,29.71976191,115.97342254,0.4867,1166.27,1,41,split_finetuned_dino,8,1,1,26.44,26.44,26.44
73,247.00,29.70931484,115.97432994,29.71976191,115.97342254,29.71976191,115.97342254,0.4867,1166.27,1,41,split_finetuned_dino,8,1,1,66.56,66.56,66.56
74,250.00,29.70931484,115.97432994,29.71976191,115.97342254,29.71976191,115.97342254,0.4867,1166.27,1,41,split_finetuned_dino,8,1,1,142.50,142.50,142.50
75,253.00,29.70393571,115.97467599,29.71976191,115.97342254,29.71976191,115.97342254,0.4867,1765.93,1,2,split_finetuned_dino,8,1,-1,381.87,219.83,219.83
76,257.00,29.70393571,115.97467599,29.71976191,115.97342254,29.71976191,115.97342254,0.4867,1765.93,1,2,split_finetuned_dino,8,1,-1,304.10,304.10,304.10
77,260.00,29.71976191,115.97342254,29.71976191,115.97342254,29.71976191,115.97342254,0.4867,0.00,0,118,split_finetuned_dino,8,1,-1,1590.14,287.36,287.36
78,263.00,29.71976191,115.97342254,29.71976191,115.97342254,29.71976191,115.97342254,0.4867,0.00,0,118,split_finetuned_dino,8,1,2,1667.34,149.07,149.07
79,311.00,29.71976191,115.97342254,29.71976191,115.97342254,29.71976191,115.97342254,0.4867,0.00,0,118,split_finetuned_dino,8,1,-1,1671.49,281.02,281.02
80,316.00,29.71976191,115.97342254,29.71976191,115.97342254,29.71976191,115.97342254,0.0000,0.00,0,-1,split_finetuned_dino,0,0,-1,,,
81,321.00,29.71976191,115.97342254,29.71976191,115.97342254,29.71976191,115.97342254,0.4867,0.00,0,118,split_finetuned_dino,8,1,-1,1521.01,399.55,399.55
82,326.00,29.71976191,115.97342254,29.71976191,115.97342254,29.71976191,115.97342254,0.0000,0.00,0,-1,split_finetuned_dino,0,0,-1,,,
83,332.00,29.71976191,115.97342254,29.71976191,115.97342254,29.71976191,115.97342254,0.4867,0.00,0,118,split_finetuned_dino,8,1,-1,1361.13,1361.13,1361.13
84,337.00,29.71976191,115.97342254,29.71976191,115.97342254,29.71976191,115.97342254,0.4867,0.00,0,118,split_finetuned_dino,8,1,-1,1287.14,1287.14,1287.14
85,342.00,29.71976191,115.97342254,29.71976191,115.97342254,29.71976191,115.97342254,0.4867,0.00,0,118,split_finetuned_dino,8,1,-1,1213.64,1213.64,1213.64
86,346.00,29.71976191,115.97342254,29.71976191,115.97342254,29.71976191,115.97342254,0.4867,0.00,0,118,split_finetuned_dino,8,1,-1,1140.73,1140.73,1140.73
87,351.00,29.71976191,115.97342254,29.71976191,115.97342254,29.71976191,115.97342254,0.0000,0.00,0,-1,split_finetuned_dino,0,0,-1,,,
88,356.00,29.71976191,115.97342254,29.71976191,115.97342254,29.71976191,115.97342254,0.0000,0.00,0,-1,split_finetuned_dino,0,0,-1,,,
89,361.00,29.71976191,115.97342254,29.71976191,115.97342254,29.71976191,115.97342254,0.0000,0.00,0,-1,split_finetuned_dino,0,0,-1,,,
90,366.00,29.71976191,115.97342254,29.71976191,115.97342254,29.71976191,115.97342254,0.4867,0.00,0,118,split_finetuned_dino,8,1,-1,857.93,857.93,857.93
91,371.00,29.71976191,115.97342254,29.71976191,115.97342254,29.71976191,115.97342254,0.0000,0.00,0,-1,split_finetuned_dino,0,0,-1,,,
92,376.00,29.71976191,115.97342254,29.71976191,115.97342254,29.71976191,115.97342254,0.4867,0.00,0,118,split_finetuned_dino,8,1,-1,716.36,716.36,716.36
93,381.00,29.71976191,115.97342254,29.71976191,115.97342254,29.71976191,115.97342254,0.0000,0.00,0,-1,split_finetuned_dino,0,0,-1,,,
94,386.00,29.71976191,115.97342254,29.71976191,115.97342254,29.71976191,115.97342254,0.0000,0.00,0,-1,split_finetuned_dino,0,0,-1,,,
95,391.00,29.71976191,115.97342254,29.71976191,115.97342254,29.71976191,115.97342254,0.0000,0.00,0,-1,split_finetuned_dino,0,0,-1,,,
96,396.00,29.71467252,115.97534336,29.71976191,115.97342254,29.71976191,115.97342254,0.4867,596.20,1,80,split_finetuned_dino,8,1,-1,392.10,392.10,392.10
97,402.00,29.71467252,115.97534336,29.71976191,115.97342254,29.71976191,115.97342254,0.4867,596.20,1,80,split_finetuned_dino,8,1,-1,459.25,459.25,459.25
98,407.00,29.71467252,115.97534336,29.71976191,115.97342254,29.71976191,115.97342254,0.4867,596.20,1,80,split_finetuned_dino,8,1,-1,529.36,529.36,529.36
99,412.00,29.71976191,115.97342254,29.71976191,115.97342254,29.71976191,115.97342254,0.0000,0.00,0,-1,split_finetuned_dino,0,0,-1,,,
100,417.00,29.71976191,115.97342254,29.71976191,115.97342254,29.71976191,115.97342254,0.0000,0.00,0,-1,split_finetuned_dino,0,0,-1,,,
101,423.00,29.71976191,115.97342254,29.71976191,115.97342254,29.71976191,115.97342254,0.0000,0.00,0,-1,split_finetuned_dino,0,0,-1,,,
102,427.00,29.71976191,115.97342254,29.71976191,115.97342254,29.71976191,115.97342254,0.0000,0.00,0,-1,split_finetuned_dino,0,0,-1,,,
103,432.00,29.71976191,115.97342254,29.71976191,115.97342254,29.71976191,115.97342254,0.0000,0.00,0,-1,split_finetuned_dino,0,0,-1,,,
104,437.00,29.71976191,115.97342254,29.71976191,115.97342254,29.71976191,115.97342254,0.4867,0.00,0,118,split_finetuned_dino,8,1,-1,551.00,551.00,551.00
105,442.00,29.71976191,115.97342254,29.71976191,115.97342254,29.71976191,115.97342254,0.0000,0.00,0,-1,split_finetuned_dino,0,0,-1,,,
106,447.00,29.71976191,115.97342254,29.71976191,115.97342254,29.71976191,115.97342254,0.0000,0.00,0,-1,split_finetuned_dino,0,0,-1,,,
107,452.00,29.71976191,115.97342254,29.71976191,115.97342254,29.71976191,115.97342254,0.4867,0.00,0,118,split_finetuned_dino,8,1,-1,735.58,735.58,735.58
108,457.00,29.71976191,115.97342254,29.71976191,115.97342254,29.71976191,115.97342254,0.4867,0.00,0,118,split_finetuned_dino,8,1,-1,801.11,801.11,801.11
109,463.00,29.71976191,115.97342254,29.71976191,115.97342254,29.71976191,115.97342254,0.0000,0.00,0,-1,split_finetuned_dino,0,0,-1,,,
110,468.00,29.71976191,115.97342254,29.71976191,115.97342254,29.71976191,115.97342254,0.0000,0.00,0,-1,split_finetuned_dino,0,0,-1,,,
111,473.00,29.71976191,115.97342254,29.71976191,115.97342254,29.71976191,115.97342254,0.0000,0.00,0,-1,split_finetuned_dino,0,0,-1,,,
112,478.00,29.71976191,115.97342254,29.71976191,115.97342254,29.71976191,115.97342254,0.0000,0.00,0,-1,split_finetuned_dino,0,0,-1,,,
113,484.00,29.71976191,115.97342254,29.71976191,115.97342254,29.71976191,115.97342254,0.0000,0.00,0,-1,split_finetuned_dino,0,0,-1,,,
114,489.00,29.71976191,115.97342254,29.71976191,115.97342254,29.71976191,115.97342254,0.0000,0.00,0,-1,split_finetuned_dino,0,0,-1,,,
115,494.00,29.71976191,115.97342254,29.71976191,115.97342254,29.71976191,115.97342254,0.0000,0.00,0,-1,split_finetuned_dino,0,0,-1,,,
116,499.00,29.71976191,115.97342254,29.71976191,115.97342254,29.71976191,115.97342254,0.0000,0.00,0,-1,split_finetuned_dino,0,0,-1,,,
117,504.00,29.71976191,115.97342254,29.71976191,115.97342254,29.71976191,115.97342254,0.0000,0.00,0,-1,split_finetuned_dino,0,0,-1,,,
118,509.00,29.71976191,115.97342254,29.71976191,115.97342254,29.71976191,115.97342254,0.0000,0.00,0,-1,split_finetuned_dino,0,0,-1,,,
119,513.00,29.71976191,115.97342254,29.71976191,115.97342254,29.71976191,115.97342254,0.0000,0.00,0,-1,split_finetuned_dino,0,0,-1,,,
120,518.00,29.71976191,115.97342254,29.71976191,115.97342254,29.71976191,115.97342254,0.0000,0.00,0,-1,split_finetuned_dino,0,0,-1,,,
121,523.00,29.71976191,115.97342254,29.71976191,115.97342254,29.71976191,115.97342254,0.0000,0.00,0,-1,split_finetuned_dino,0,0,-1,,,
122,529.00,29.71976191,115.97342254,29.71976191,115.97342254,29.71976191,115.97342254,0.0000,0.00,0,-1,split_finetuned_dino,0,0,-1,,,
123,534.00,29.71976191,115.97342254,29.71976191,115.97342254,29.71976191,115.97342254,0.0000,0.00,0,-1,split_finetuned_dino,0,0,-1,,,
124,539.00,29.71976191,115.97342254,29.71976191,115.97342254,29.71976191,115.97342254,0.0000,0.00,0,-1,split_finetuned_dino,0,0,-1,,,
125,544.00,29.71976191,115.97342254,29.71976191,115.97342254,29.71976191,115.97342254,0.0000,0.00,0,-1,split_finetuned_dino,0,0,-1,,,
126,549.00,29.71976191,115.97342254,29.71976191,115.97342254,29.71976191,115.97342254,0.0000,0.00,0,-1,split_finetuned_dino,0,0,-1,,,
127,554.00,29.71976191,115.97342254,29.71976191,115.97342254,29.71976191,115.97342254,0.0000,0.00,0,-1,split_finetuned_dino,0,0,-1,,,
128,560.00,29.71976191,115.97342254,29.71976191,115.97342254,29.71976191,115.97342254,0.0000,0.00,0,-1,split_finetuned_dino,0,0,-1,,,
129,565.00,29.71976191,115.97342254,29.71976191,115.97342254,29.71976191,115.97342254,0.0000,0.00,0,-1,split_finetuned_dino,0,0,-1,,,
130,570.00,29.71976191,115.97342254,29.71976191,115.97342254,29.71976191,115.97342254,0.0000,0.00,0,-1,split_finetuned_dino,0,0,-1,,,
131,575.00,29.71976191,115.97342254,29.71976191,115.97342254,29.71976191,115.97342254,0.0000,0.00,0,-1,split_finetuned_dino,0,0,-1,,,
132,581.00,29.71976191,115.97342254,29.71976191,115.97342254,29.71976191,115.97342254,0.0000,0.00,0,-1,split_finetuned_dino,0,0,-1,,,
133,586.00,29.71976191,115.97342254,29.71976191,115.97342254,29.71976191,115.97342254,0.0000,0.00,0,-1,split_finetuned_dino,0,0,-1,,,
134,592.00,29.71976191,115.97342254,29.71976191,115.97342254,29.71976191,115.97342254,0.0000,0.00,0,-1,split_finetuned_dino,0,0,-1,,,
135,597.00,29.71976191,115.97342254,29.71976191,115.97342254,29.71976191,115.97342254,0.0000,0.00,0,-1,split_finetuned_dino,0,0,-1,,,
136,602.00,29.71976191,115.97342254,29.71976191,115.97342254,29.71976191,115.97342254,0.0000,0.00,0,-1,split_finetuned_dino,0,0,-1,,,
137,608.00,29.75047619,115.98541708,29.71976191,115.97342254,29.71976191,115.97342254,0.4867,3610.33,1,345,split_finetuned_dino,8,1,-1,890.99,890.99,890.99
138,613.00,29.71976191,115.97342254,29.71976191,115.97342254,29.71976191,115.97342254,0.0000,0.00,0,-1,split_finetuned_dino,0,0,-1,,,
139,618.00,29.71976191,115.97342254,29.71976191,115.97342254,29.71976191,115.97342254,0.0000,0.00,0,-1,split_finetuned_dino,0,0,-1,,,
140,623.00,29.74534387,115.98316258,29.71976191,115.97342254,29.71976191,115.97342254,0.4867,2999.37,1,305,split_finetuned_dino,8,1,-1,722.02,722.02,722.02
141,628.00,29.71976191,115.97342254,29.71976191,115.97342254,29.71976191,115.97342254,0.0000,0.00,0,-1,split_finetuned_dino,0,0,-1,,,
142,633.00,29.76319205,115.98519463,29.71976191,115.97342254,29.71976191,115.97342254,0.4867,4966.74,1,436,split_finetuned_dino,8,1,-1,1623.25,1623.25,1623.25
143,638.00,29.71976191,115.97342254,29.71976191,115.97342254,29.71976191,115.97342254,0.0000,0.00,0,-1,split_finetuned_dino,0,0,-1,,,
144,642.00,29.71976191,115.97342254,29.71976191,115.97342254,29.71976191,115.97342254,0.0000,0.00,0,-1,split_finetuned_dino,0,0,-1,,,
145,647.00,29.71976191,115.97342254,29.71976191,115.97342254,29.71976191,115.97342254,0.0000,0.00,0,-1,split_finetuned_dino,0,0,-1,,,
146,652.00,29.71976191,115.97342254,29.71976191,115.97342254,29.71976191,115.97342254,0.0000,0.00,0,-1,split_finetuned_dino,0,0,-1,,,
147,657.00,29.71976191,115.97342254,29.71976191,115.97342254,29.71976191,115.97342254,0.0000,0.00,0,-1,split_finetuned_dino,0,0,-1,,,
148,662.00,29.71976191,115.97342254,29.71976191,115.97342254,29.71976191,115.97342254,0.0000,0.00,0,-1,split_finetuned_dino,0,0,-1,,,
149,668.00,29.71976191,115.97342254,29.71976191,115.97342254,29.71976191,115.97342254,0.0000,0.00,0,-1,split_finetuned_dino,0,0,-1,,,
150,673.00,29.71976191,115.97342254,29.71976191,115.97342254,29.71976191,115.97342254,0.0000,0.00,0,-1,split_finetuned_dino,0,0,-1,,,
151,678.00,29.71976191,115.97342254,29.71976191,115.97342254,29.71976191,115.97342254,0.0000,0.00,0,-1,split_finetuned_dino,0,0,-1,,,
152,683.00,29.76673164,115.97789447,29.71976191,115.97342254,29.71976191,115.97342254,0.4867,5246.51,1,458,split_finetuned_dino,8,1,-1,1030.60,1030.60,1030.60
153,689.00,29.71976191,115.97342254,29.71976191,115.97342254,29.71976191,115.97342254,0.0000,0.00,0,-1,split_finetuned_dino,0,0,-1,,,
154,695.00,29.76307401,115.97069840,29.71976191,115.97342254,29.71976191,115.97342254,0.4867,4828.69,1,429,split_finetuned_dino,8,1,-1,770.17,770.17,770.17
155,700.00,29.76307401,115.97069840,29.71976191,115.97342254,29.71976191,115.97342254,0.4867,4828.69,1,429,split_finetuned_dino,8,1,-1,725.95,725.95,725.95
156,706.00,29.70808697,115.99531779,29.71976191,115.97342254,29.71976191,115.97342254,0.4867,2483.58,1,38,split_finetuned_dino,8,1,-1,6156.75,1788.16,1788.16
157,711.00,29.71976191,115.97342254,29.71976191,115.97342254,29.71976191,115.97342254,0.0000,0.00,0,-1,split_finetuned_dino,0,0,-1,,,
158,716.00,29.71976191,115.97342254,29.71976191,115.97342254,29.71976191,115.97342254,0.0000,0.00,0,-1,split_finetuned_dino,0,0,-1,,,
159,721.00,29.71976191,115.97342254,29.71976191,115.97342254,29.71976191,115.97342254,0.0000,0.00,0,-1,split_finetuned_dino,0,0,-1,,,
160,725.00,29.71976191,115.97342254,29.71976191,115.97342254,29.71976191,115.97342254,0.0000,0.00,0,-1,split_finetuned_dino,0,0,-1,,,
161,772.00,29.76172809,115.99593572,29.71976191,115.97342254,29.71976191,115.97342254,0.4867,5153.64,1,428,split_finetuned_dino,8,1,-1,1593.16,1593.16,1593.16
162,775.00,29.71976191,115.97342254,29.71976191,115.97342254,29.71976191,115.97342254,0.0000,0.00,0,-1,split_finetuned_dino,0,0,-1,,,
163,778.00,29.71976191,115.97342254,29.71976191,115.97342254,29.71976191,115.97342254,0.0000,0.00,0,-1,split_finetuned_dino,0,0,-1,,,
164,782.00,29.76673164,115.97789447,29.71976191,115.97342254,29.71976191,115.97342254,0.4867,5246.51,1,458,split_finetuned_dino,8,1,-1,791.26,791.26,791.26
165,785.00,29.76673164,115.97789447,29.71976191,115.97342254,29.76673164,115.97789447,0.4867,5246.51,1,458,split_finetuned_dino,8,1,-1,877.48,877.48,877.48
166,789.00,29.76673164,115.97789447,29.76673164,115.97789447,29.76673164,115.97789447,0.0000,0.00,0,-1,split_finetuned_dino,0,0,-1,,,
167,792.00,29.76673164,115.97789447,29.76673164,115.97789447,29.76673164,115.97789447,0.0000,0.00,0,-1,split_finetuned_dino,0,0,-1,,,
168,796.00,29.76673164,115.97789447,29.76673164,115.97789447,29.76673164,115.97789447,0.0000,0.00,0,-1,split_finetuned_dino,0,0,-1,,,
169,799.00,29.77218589,115.99600987,29.76673164,115.97789447,29.76673164,115.97789447,0.4867,1853.30,1,506,split_finetuned_dino,8,1,-1,2375.95,2375.95,2375.95
170,803.00,29.76673164,115.97789447,29.76673164,115.97789447,29.76673164,115.97789447,0.0000,0.00,0,-1,split_finetuned_dino,0,0,-1,,,
171,807.00,29.76673164,115.97789447,29.76673164,115.97789447,29.76673164,115.97789447,0.0000,0.00,0,-1,split_finetuned_dino,0,0,-1,,,
172,810.00,29.76673164,115.97789447,29.76673164,115.97789447,29.76673164,115.97789447,0.0000,0.00,0,-1,split_finetuned_dino,0,0,-1,,,
173,814.00,29.75062643,115.98168667,29.76673164,115.97789447,29.76673164,115.97789447,0.5100,1829.92,1,343,split_finetuned_dino,9,1,-1,367.07,367.07,367.07
174,817.00,29.76673164,115.97789447,29.76673164,115.97789447,29.76673164,115.97789447,0.0000,0.00,0,-1,split_finetuned_dino,0,0,-1,,,
175,821.00,29.76673164,115.97789447,29.76673164,115.97789447,29.76673164,115.97789447,0.0000,0.00,0,-1,split_finetuned_dino,0,0,-1,,,
176,824.00,29.70393571,115.97467599,29.76673164,115.97789447,29.76673164,115.97789447,0.4867,6997.36,1,2,split_finetuned_dino,8,1,-1,5295.10,5295.10,5295.10
177,828.00,29.76319205,115.98519463,29.76673164,115.97789447,29.76673164,115.97789447,0.4867,808.19,1,436,split_finetuned_dino,8,1,-1,1518.57,1518.57,1518.57
178,831.00,29.75062643,115.98168667,29.76673164,115.97789447,29.76673164,115.97789447,0.5100,1829.92,1,343,split_finetuned_dino,9,1,-1,206.32,206.32,206.32
179,835.00,29.75047619,115.98541708,29.76673164,115.97789447,29.76673164,115.97789447,0.4867,1950.18,1,345,split_finetuned_dino,8,1,-1,611.43,611.43,611.43
180,838.00,29.75047619,115.98541708,29.76673164,115.97789447,29.76673164,115.97789447,0.4867,1950.18,1,345,split_finetuned_dino,8,1,-1,639.75,639.75,639.75
181,842.00,29.76673164,115.97789447,29.76673164,115.97789447,29.76673164,115.97789447,0.0000,0.00,0,-1,split_finetuned_dino,0,0,-1,,,
182,846.00,29.76673164,115.97789447,29.76673164,115.97789447,29.76673164,115.97789447,0.0000,0.00,0,-1,split_finetuned_dino,0,0,-1,,,
183,849.00,29.76673164,115.97789447,29.76673164,115.97789447,29.76673164,115.97789447,0.0000,0.00,0,-1,split_finetuned_dino,0,0,-1,,,
184,853.00,29.76673164,115.97789447,29.76673164,115.97789447,29.76673164,115.97789447,0.0000,0.00,0,-1,split_finetuned_dino,0,0,-1,,,
185,856.00,29.76673164,115.97789447,29.76673164,115.97789447,29.76673164,115.97789447,0.0000,0.00,0,-1,split_finetuned_dino,0,0,-1,,,
186,859.00,29.76673164,115.97789447,29.76673164,115.97789447,29.76673164,115.97789447,0.0000,0.00,0,-1,split_finetuned_dino,0,0,-1,,,
187,863.00,29.75047619,115.98541708,29.76673164,115.97789447,29.76673164,115.97789447,0.4867,1950.18,1,345,split_finetuned_dino,8,1,-1,986.14,986.14,986.14
188,866.00,29.77042147,115.98933287,29.76673164,115.97789447,29.76673164,115.97789447,0.4867,1179.46,1,490,split_finetuned_dino,8,1,-1,3233.81,3233.81,3233.81
189,870.00,29.76673164,115.97789447,29.76673164,115.97789447,29.76673164,115.97789447,0.0000,0.00,0,-1,split_finetuned_dino,0,0,-1,,,
190,873.00,29.76673164,115.97789447,29.76673164,115.97789447,29.76673164,115.97789447,0.0000,0.00,0,-1,split_finetuned_dino,0,0,-1,,,
191,877.00,29.76673164,115.97789447,29.76673164,115.97789447,29.76673164,115.97789447,0.0000,0.00,0,-1,split_finetuned_dino,0,0,-1,,,
192,880.00,29.76673164,115.97789447,29.76673164,115.97789447,29.76673164,115.97789447,0.0000,0.00,0,-1,split_finetuned_dino,0,0,-1,,,
193,883.00,29.76673164,115.97789447,29.76673164,115.97789447,29.76673164,115.97789447,0.0000,0.00,0,-1,split_finetuned_dino,0,0,-1,,,
194,887.00,29.76673164,115.97789447,29.76673164,115.97789447,29.76673164,115.97789447,0.0000,0.00,0,-1,split_finetuned_dino,0,0,-1,,,
195,890.00,29.76673164,115.97789447,29.76673164,115.97789447,29.76673164,115.97789447,0.0000,0.00,0,-1,split_finetuned_dino,0,0,-1,,,
196,894.00,29.76673164,115.97789447,29.76673164,115.97789447,29.76673164,115.97789447,0.0000,0.00,0,-1,split_finetuned_dino,0,0,-1,,,
197,897.00,29.76673164,115.97789447,29.76673164,115.97789447,29.76673164,115.97789447,0.0000,0.00,0,-1,split_finetuned_dino,0,0,-1,,,
198,901.00,29.76673164,115.97789447,29.76673164,115.97789447,29.76673164,115.97789447,0.0000,0.00,0,-1,split_finetuned_dino,0,0,-1,,,
199,904.00,29.76673164,115.97789447,29.76673164,115.97789447,29.76673164,115.97789447,0.0000,0.00,0,-1,split_finetuned_dino,0,0,-1,,,
200,908.00,29.76673164,115.97789447,29.76673164,115.97789447,29.76673164,115.97789447,0.0000,0.00,0,-1,split_finetuned_dino,0,0,-1,,,
201,911.00,29.76673164,115.97789447,29.76673164,115.97789447,29.76673164,115.97789447,0.0000,0.00,0,-1,split_finetuned_dino,0,0,-1,,,
202,915.00,29.76673164,115.97789447,29.76673164,115.97789447,29.76673164,115.97789447,0.0000,0.00,0,-1,split_finetuned_dino,0,0,-1,,,
203,918.00,29.76673164,115.97789447,29.76673164,115.97789447,29.76673164,115.97789447,0.0000,0.00,0,-1,split_finetuned_dino,0,0,-1,,,
204,922.00,29.76673164,115.97789447,29.76673164,115.97789447,29.76673164,115.97789447,0.0000,0.00,0,-1,split_finetuned_dino,0,0,-1,,,
205,925.00,29.76673164,115.97789447,29.76673164,115.97789447,29.76673164,115.97789447,0.0000,0.00,0,-1,split_finetuned_dino,0,0,-1,,,
206,929.00,29.76673164,115.97789447,29.76673164,115.97789447,29.76673164,115.97789447,0.0000,0.00,0,-1,split_finetuned_dino,0,0,-1,,,
207,932.00,29.76673164,115.97789447,29.76673164,115.97789447,29.76673164,115.97789447,0.0000,0.00,0,-1,split_finetuned_dino,0,0,-1,,,
208,936.00,29.76673164,115.97789447,29.76673164,115.97789447,29.76673164,115.97789447,0.0000,0.00,0,-1,split_finetuned_dino,0,0,-1,,,
209,939.00,29.76673164,115.97789447,29.76673164,115.97789447,29.76673164,115.97789447,0.0000,0.00,0,-1,split_finetuned_dino,0,0,-1,,,
210,943.00,29.76673164,115.97789447,29.76673164,115.97789447,29.76673164,115.97789447,0.0000,0.00,0,-1,split_finetuned_dino,0,0,-1,,,
211,947.00,29.76673164,115.97789447,29.76673164,115.97789447,29.76673164,115.97789447,0.0000,0.00,0,-1,split_finetuned_dino,0,0,-1,,,
212,950.00,29.76673164,115.97789447,29.76673164,115.97789447,29.76673164,115.97789447,0.0000,0.00,0,-1,split_finetuned_dino,0,0,-1,,,
213,954.00,29.76673164,115.97789447,29.76673164,115.97789447,29.76673164,115.97789447,0.0000,0.00,0,-1,split_finetuned_dino,0,0,-1,,,
214,957.00,29.76673164,115.97789447,29.76673164,115.97789447,29.76673164,115.97789447,0.0000,0.00,0,-1,split_finetuned_dino,0,0,-1,,,
215,961.00,29.76673164,115.97789447,29.76673164,115.97789447,29.76673164,115.97789447,0.0000,0.00,0,-1,split_finetuned_dino,0,0,-1,,,
216,964.00,29.76673164,115.97789447,29.76673164,115.97789447,29.76673164,115.97789447,0.0000,0.00,0,-1,split_finetuned_dino,0,0,-1,,,
217,968.00,29.76673164,115.97789447,29.76673164,115.97789447,29.76673164,115.97789447,0.0000,0.00,0,-1,split_finetuned_dino,0,0,-1,,,
218,971.00,29.76673164,115.97789447,29.76673164,115.97789447,29.76673164,115.97789447,0.0000,0.00,0,-1,split_finetuned_dino,0,0,-1,,,
219,975.00,29.76673164,115.97789447,29.76673164,115.97789447,29.76673164,115.97789447,0.0000,0.00,0,-1,split_finetuned_dino,0,0,-1,,,
220,979.00,29.76673164,115.97789447,29.76673164,115.97789447,29.76673164,115.97789447,0.0000,0.00,0,-1,split_finetuned_dino,0,0,-1,,,
221,982.00,29.76673164,115.97789447,29.76673164,115.97789447,29.76673164,115.97789447,0.0000,0.00,0,-1,split_finetuned_dino,0,0,-1,,,
222,986.00,29.76673164,115.97789447,29.76673164,115.97789447,29.76673164,115.97789447,0.0000,0.00,0,-1,split_finetuned_dino,0,0,-1,,,
223,989.00,29.76673164,115.97789447,29.76673164,115.97789447,29.76673164,115.97789447,0.0000,0.00,0,-1,split_finetuned_dino,0,0,-1,,,
224,992.00,29.76673164,115.97789447,29.76673164,115.97789447,29.76673164,115.97789447,0.0000,0.00,0,-1,split_finetuned_dino,0,0,-1,,,
225,996.00,29.76673164,115.97789447,29.76673164,115.97789447,29.76673164,115.97789447,0.0000,0.00,0,-1,split_finetuned_dino,0,0,-1,,,
226,1000.00,29.76673164,115.97789447,29.76673164,115.97789447,29.76673164,115.97789447,0.0000,0.00,0,-1,split_finetuned_dino,0,0,-1,,,
227,1003.00,29.76673164,115.97789447,29.76673164,115.97789447,29.76673164,115.97789447,0.0000,0.00,0,-1,split_finetuned_dino,0,0,-1,,,
228,1007.00,29.76673164,115.97789447,29.76673164,115.97789447,29.76673164,115.97789447,0.0000,0.00,0,-1,split_finetuned_dino,0,0,-1,,,
229,1010.00,29.76673164,115.97789447,29.76673164,115.97789447,29.76673164,115.97789447,0.0000,0.00,0,-1,split_finetuned_dino,0,0,-1,,,
230,1014.00,29.76673164,115.97789447,29.76673164,115.97789447,29.76673164,115.97789447,0.0000,0.00,0,-1,split_finetuned_dino,0,0,-1,,,
231,1017.00,29.76673164,115.97789447,29.76673164,115.97789447,29.76673164,115.97789447,0.0000,0.00,0,-1,split_finetuned_dino,0,0,-1,,,
232,1021.00,29.76673164,115.97789447,29.76673164,115.97789447,29.76673164,115.97789447,0.0000,0.00,0,-1,split_finetuned_dino,0,0,-1,,,
233,1024.00,29.76673164,115.97789447,29.76673164,115.97789447,29.76673164,115.97789447,0.0000,0.00,0,-1,split_finetuned_dino,0,0,-1,,,
234,1028.00,29.76673164,115.97789447,29.76673164,115.97789447,29.76673164,115.97789447,0.0000,0.00,0,-1,split_finetuned_dino,0,0,-1,,,
235,1031.00,29.76673164,115.97789447,29.76673164,115.97789447,29.76673164,115.97789447,0.0000,0.00,0,-1,split_finetuned_dino,0,0,-1,,,
236,1035.00,29.76673164,115.97789447,29.76673164,115.97789447,29.76673164,115.97789447,0.0000,0.00,0,-1,split_finetuned_dino,0,0,-1,,,
237,1039.00,29.76673164,115.97789447,29.76673164,115.97789447,29.76673164,115.97789447,0.0000,0.00,0,-1,split_finetuned_dino,0,0,-1,,,
238,1042.00,29.76673164,115.97789447,29.76673164,115.97789447,29.76673164,115.97789447,0.0000,0.00,0,-1,split_finetuned_dino,0,0,-1,,,
239,1046.00,29.76673164,115.97789447,29.76673164,115.97789447,29.76673164,115.97789447,0.0000,0.00,0,-1,split_finetuned_dino,0,0,-1,,,
240,1094.00,29.76673164,115.97789447,29.76673164,115.97789447,29.76673164,115.97789447,0.0000,0.00,0,-1,split_finetuned_dino,0,0,-1,,,
241,1099.00,29.76673164,115.97789447,29.76673164,115.97789447,29.76673164,115.97789447,0.0000,0.00,0,-1,split_finetuned_dino,0,0,-1,,,
242,1104.00,29.76673164,115.97789447,29.76673164,115.97789447,29.76673164,115.97789447,0.0000,0.00,0,-1,split_finetuned_dino,0,0,-1,,,
243,1109.00,29.76673164,115.97789447,29.76673164,115.97789447,29.76673164,115.97789447,0.0000,0.00,0,-1,split_finetuned_dino,0,0,-1,,,
244,1114.00,29.71467252,115.97534336,29.76673164,115.97789447,29.71467252,115.97534336,0.4867,5800.47,1,80,split_finetuned_dino,8,1,-1,823.84,823.84,823.84
245,1120.00,29.70393571,115.97467599,29.71467252,115.97534336,29.71467252,115.97534336,0.4867,1196.96,1,2,split_finetuned_dino,8,1,-1,934.66,934.66,934.66
246,1125.00,29.71467252,115.97534336,29.71467252,115.97534336,29.71467252,115.97534336,0.0000,0.00,0,-1,split_finetuned_dino,0,0,-1,,,
247,1130.00,29.71467252,115.97534336,29.71467252,115.97534336,29.71467252,115.97534336,0.0000,0.00,0,-1,split_finetuned_dino,0,0,-1,,,
248,1135.00,29.71467252,115.97534336,29.71467252,115.97534336,29.71467252,115.97534336,0.0000,0.00,0,-1,split_finetuned_dino,0,0,-1,,,
249,1140.00,29.71467252,115.97534336,29.71467252,115.97534336,29.71467252,115.97534336,0.0000,0.00,0,-1,split_finetuned_dino,0,0,-1,,,
250,1145.00,29.71467252,115.97534336,29.71467252,115.97534336,29.71467252,115.97534336,0.0000,0.00,0,-1,split_finetuned_dino,0,0,-1,,,
251,1150.00,29.71467252,115.97534336,29.71467252,115.97534336,29.71467252,115.97534336,0.0000,0.00,0,-1,split_finetuned_dino,0,0,-1,,,
252,1155.00,29.71467252,115.97534336,29.71467252,115.97534336,29.71467252,115.97534336,0.0000,0.00,0,-1,split_finetuned_dino,0,0,-1,,,
253,1160.00,29.71467252,115.97534336,29.71467252,115.97534336,29.71467252,115.97534336,0.0000,0.00,0,-1,split_finetuned_dino,0,0,-1,,,
254,1165.00,29.71467252,115.97534336,29.71467252,115.97534336,29.71467252,115.97534336,0.0000,0.00,0,-1,split_finetuned_dino,0,0,-1,,,
255,1170.00,29.71467252,115.97534336,29.71467252,115.97534336,29.71467252,115.97534336,0.0000,0.00,0,-1,split_finetuned_dino,0,0,-1,,,
256,1175.00,29.71467252,115.97534336,29.71467252,115.97534336,29.71467252,115.97534336,0.0000,0.00,0,-1,split_finetuned_dino,0,0,-1,,,
257,1180.00,29.71467252,115.97534336,29.71467252,115.97534336,29.71467252,115.97534336,0.0000,0.00,0,-1,split_finetuned_dino,0,0,-1,,,
258,1185.00,29.71467252,115.97534336,29.71467252,115.97534336,29.71467252,115.97534336,0.0000,0.00,0,-1,split_finetuned_dino,0,0,-1,,,
259,1190.00,29.71467252,115.97534336,29.71467252,115.97534336,29.71467252,115.97534336,0.0000,0.00,0,-1,split_finetuned_dino,0,0,-1,,,
260,1195.00,29.71467252,115.97534336,29.71467252,115.97534336,29.71467252,115.97534336,0.0000,0.00,0,-1,split_finetuned_dino,0,0,-1,,,
261,1200.00,29.71467252,115.97534336,29.71467252,115.97534336,29.71467252,115.97534336,0.0000,0.00,0,-1,split_finetuned_dino,0,0,-1,,,
262,1205.00,29.71467252,115.97534336,29.71467252,115.97534336,29.71467252,115.97534336,0.0000,0.00,0,-1,split_finetuned_dino,0,0,-1,,,
263,1210.00,29.71467252,115.97534336,29.71467252,115.97534336,29.71467252,115.97534336,0.0000,0.00,0,-1,split_finetuned_dino,0,0,-1,,,
264,1215.00,29.71467252,115.97534336,29.71467252,115.97534336,29.71467252,115.97534336,0.0000,0.00,0,-1,split_finetuned_dino,0,0,-1,,,
265,1221.00,29.71467252,115.97534336,29.71467252,115.97534336,29.71467252,115.97534336,0.0000,0.00,0,-1,split_finetuned_dino,0,0,-1,,,
266,1226.00,29.71467252,115.97534336,29.71467252,115.97534336,29.71467252,115.97534336,0.0000,0.00,0,-1,split_finetuned_dino,0,0,-1,,,
267,1231.00,29.71467252,115.97534336,29.71467252,115.97534336,29.71467252,115.97534336,0.0000,0.00,0,-1,split_finetuned_dino,0,0,-1,,,
268,1237.00,29.71467252,115.97534336,29.71467252,115.97534336,29.71467252,115.97534336,0.0000,0.00,0,-1,split_finetuned_dino,0,0,-1,,,
269,1242.00,29.71976191,115.97342254,29.71467252,115.97534336,29.71467252,115.97534336,0.4867,596.20,1,118,split_finetuned_dino,8,1,-1,1145.93,1145.93,1145.93
270,1247.00,29.71467252,115.97534336,29.71467252,115.97534336,29.71467252,115.97534336,0.0000,0.00,0,-1,split_finetuned_dino,0,0,-1,,,
271,1252.00,29.71467252,115.97534336,29.71467252,115.97534336,29.71467252,115.97534336,0.0000,0.00,0,-1,split_finetuned_dino,0,0,-1,,,
272,1258.00,29.71467252,115.97534336,29.71467252,115.97534336,29.71467252,115.97534336,0.0000,0.00,0,-1,split_finetuned_dino,0,0,-1,,,
273,1263.00,29.71467252,115.97534336,29.71467252,115.97534336,29.71467252,115.97534336,0.0000,0.00,0,-1,split_finetuned_dino,0,0,-1,,,
274,1268.00,29.71467252,115.97534336,29.71467252,115.97534336,29.71467252,115.97534336,0.0000,0.00,0,-1,split_finetuned_dino,0,0,-1,,,
275,1273.00,29.71467252,115.97534336,29.71467252,115.97534336,29.71467252,115.97534336,0.0000,0.00,0,-1,split_finetuned_dino,0,0,-1,,,
276,1278.00,29.71467252,115.97534336,29.71467252,115.97534336,29.71467252,115.97534336,0.0000,0.00,0,-1,split_finetuned_dino,0,0,-1,,,
277,1283.00,29.71467252,115.97534336,29.71467252,115.97534336,29.71467252,115.97534336,0.0000,0.00,0,-1,split_finetuned_dino,0,0,-1,,,
278,1288.00,29.71467252,115.97534336,29.71467252,115.97534336,29.71467252,115.97534336,0.0000,0.00,0,-1,split_finetuned_dino,0,0,-1,,,
279,1293.00,29.71467252,115.97534336,29.71467252,115.97534336,29.71467252,115.97534336,0.0000,0.00,0,-1,split_finetuned_dino,0,0,-1,,,
280,1298.00,29.71467252,115.97534336,29.71467252,115.97534336,29.71467252,115.97534336,0.0000,0.00,0,-1,split_finetuned_dino,0,0,-1,,,
281,1303.00,29.71467252,115.97534336,29.71467252,115.97534336,29.71467252,115.97534336,0.0000,0.00,0,-1,split_finetuned_dino,0,0,-1,,,
282,1307.00,29.71467252,115.97534336,29.71467252,115.97534336,29.71467252,115.97534336,0.0000,0.00,0,-1,split_finetuned_dino,0,0,-1,,,
283,1312.00,29.71467252,115.97534336,29.71467252,115.97534336,29.71467252,115.97534336,0.0000,0.00,0,-1,split_finetuned_dino,0,0,-1,,,
284,1317.00,29.71467252,115.97534336,29.71467252,115.97534336,29.71467252,115.97534336,0.0000,0.00,0,-1,split_finetuned_dino,0,0,-1,,,
285,1322.00,29.71467252,115.97534336,29.71467252,115.97534336,29.71467252,115.97534336,0.0000,0.00,0,-1,split_finetuned_dino,0,0,-1,,,
286,1327.00,29.71467252,115.97534336,29.71467252,115.97534336,29.71467252,115.97534336,0.0000,0.00,0,-1,split_finetuned_dino,0,0,-1,,,
287,1332.00,29.71467252,115.97534336,29.71467252,115.97534336,29.71467252,115.97534336,0.0000,0.00,0,-1,split_finetuned_dino,0,0,-1,,,
288,1337.00,29.71467252,115.97534336,29.71467252,115.97534336,29.71467252,115.97534336,0.0000,0.00,0,-1,split_finetuned_dino,0,0,-1,,,
289,1342.00,29.71467252,115.97534336,29.71467252,115.97534336,29.71467252,115.97534336,0.0000,0.00,0,-1,split_finetuned_dino,0,0,-1,,,
290,1347.00,29.71467252,115.97534336,29.71467252,115.97534336,29.71467252,115.97534336,0.0000,0.00,0,-1,split_finetuned_dino,0,0,-1,,,
291,1353.00,29.71467252,115.97534336,29.71467252,115.97534336,29.71467252,115.97534336,0.0000,0.00,0,-1,split_finetuned_dino,0,0,-1,,,
292,1358.00,29.74534387,115.98316258,29.71467252,115.97534336,29.71467252,115.97534336,0.4867,3496.99,1,305,split_finetuned_dino,8,1,-1,252.03,252.03,252.03
293,1364.00,29.74534387,115.98316258,29.71467252,115.97534336,29.71467252,115.97534336,0.4867,3496.99,1,305,split_finetuned_dino,8,1,-1,212.94,212.94,212.94
294,1369.00,29.74534387,115.98316258,29.71467252,115.97534336,29.71467252,115.97534336,0.4867,3496.99,1,305,split_finetuned_dino,8,1,-1,198.61,198.61,198.61
295,1373.00,29.71467252,115.97534336,29.71467252,115.97534336,29.71467252,115.97534336,0.0000,0.00,0,-1,split_finetuned_dino,0,0,-1,,,
296,1378.00,29.71467252,115.97534336,29.71467252,115.97534336,29.71467252,115.97534336,0.0000,0.00,0,-1,split_finetuned_dino,0,0,-1,,,
297,1383.00,29.71467252,115.97534336,29.71467252,115.97534336,29.71467252,115.97534336,0.0000,0.00,0,-1,split_finetuned_dino,0,0,-1,,,
298,1388.00,29.71467252,115.97534336,29.71467252,115.97534336,29.71467252,115.97534336,0.0000,0.00,0,-1,split_finetuned_dino,0,0,-1,,,
299,1392.00,29.75047619,115.98541708,29.71467252,115.97534336,29.71467252,115.97534336,0.4867,4102.88,1,345,split_finetuned_dino,8,1,-1,445.22,445.22,445.22
300,1398.00,29.75047619,115.98541708,29.71467252,115.97534336,29.71467252,115.97534336,0.4867,4102.88,1,345,split_finetuned_dino,8,1,-1,416.27,416.27,416.27
301,1403.00,29.75062643,115.98168667,29.71467252,115.97534336,29.71467252,115.97534336,0.5100,4049.08,1,343,split_finetuned_dino,9,1,1,43.16,43.16,43.16
302,1408.00,29.70393571,115.97467599,29.71467252,115.97534336,29.71467252,115.97534336,0.4867,1196.96,1,2,split_finetuned_dino,8,1,-1,5280.33,3537.96,3537.96
303,1412.00,29.75062643,115.98168667,29.71467252,115.97534336,29.75062643,115.98168667,0.5100,4049.08,1,343,split_finetuned_dino,9,1,1,123.87,123.87,123.87
304,1417.00,29.70393571,115.97467599,29.75062643,115.98168667,29.75062643,115.98168667,0.4867,5241.60,1,2,split_finetuned_dino,8,1,-1,5435.19,5435.19,5435.19
305,1423.00,29.75062643,115.98168667,29.75062643,115.98168667,29.75062643,115.98168667,0.5100,0.00,0,343,split_finetuned_dino,9,1,-1,279.71,279.71,279.71
306,1428.00,29.70432203,115.97637435,29.75062643,115.98168667,29.75062643,115.98168667,0.4867,5180.12,1,3,split_finetuned_dino,8,1,-1,5572.13,4398.98,4398.98
307,1433.00,29.76319205,115.98519463,29.75062643,115.98168667,29.75062643,115.98168667,0.4867,1439.32,1,436,split_finetuned_dino,8,1,-1,1043.45,1043.45,1043.45
308,1438.00,29.75062643,115.98168667,29.75062643,115.98168667,29.75062643,115.98168667,0.5100,0.00,0,343,split_finetuned_dino,9,1,-1,513.48,513.48,513.48
309,1443.00,29.75062643,115.98168667,29.75062643,115.98168667,29.75062643,115.98168667,0.0000,0.00,0,-1,split_finetuned_dino,0,0,-1,,,
310,1447.00,29.75062643,115.98168667,29.75062643,115.98168667,29.75062643,115.98168667,0.5100,0.00,0,343,split_finetuned_dino,9,1,-1,680.46,680.46,680.46
311,1452.00,29.75062643,115.98168667,29.75062643,115.98168667,29.75062643,115.98168667,0.0000,0.00,0,-1,split_finetuned_dino,0,0,-1,,,
312,1457.00,29.75062643,115.98168667,29.75062643,115.98168667,29.75062643,115.98168667,0.0000,0.00,0,-1,split_finetuned_dino,0,0,-1,,,
313,1462.00,29.75062643,115.98168667,29.75062643,115.98168667,29.75062643,115.98168667,0.0000,0.00,0,-1,split_finetuned_dino,0,0,-1,,,
314,1467.00,29.71557393,115.97275517,29.75062643,115.98168667,29.75062643,115.98168667,0.4867,3996.41,1,79,split_finetuned_dino,8,1,-1,5056.12,1081.56,1081.56
315,1472.00,29.71557393,115.97275517,29.75062643,115.98168667,29.75062643,115.98168667,0.4867,3996.41,1,79,split_finetuned_dino,8,1,-1,5133.07,5133.07,5133.07
316,1477.00,29.70791527,115.98959241,29.75062643,115.98168667,29.75062643,115.98168667,0.5333,4815.62,1,35,split_finetuned_dino,10,1,-1,6001.33,1032.93,1032.93
317,1482.00,29.71557393,115.97275517,29.75062643,115.98168667,29.75062643,115.98168667,0.4867,3996.41,1,79,split_finetuned_dino,8,1,-1,5287.06,1259.40,1259.40
318,1486.00,29.71557393,115.97275517,29.75062643,115.98168667,29.75062643,115.98168667,0.4867,3996.41,1,79,split_finetuned_dino,8,1,-1,5375.11,1403.00,1403.00
319,1491.00,29.71557393,115.97275517,29.75062643,115.98168667,29.75062643,115.98168667,0.4867,3996.41,1,79,split_finetuned_dino,8,1,-1,5452.17,571.93,571.93
320,1496.00,29.76358910,115.99537958,29.75062643,115.98168667,29.75062643,115.98168667,0.5100,1958.07,1,441,split_finetuned_dino,9,1,-1,1400.07,1400.07,1400.07
321,1501.00,29.70808697,115.99531779,29.75062643,115.98168667,29.75062643,115.98168667,0.4867,4915.37,1,38,split_finetuned_dino,8,1,-1,6500.91,492.89,492.89
322,1552.00,29.76319205,115.98519463,29.75062643,115.98168667,29.75062643,115.98168667,0.4867,1439.32,1,436,split_finetuned_dino,8,1,-1,235.20,235.20,235.20
323,1555.00,29.76319205,115.98519463,29.75062643,115.98168667,29.76319205,115.98519463,0.4867,1439.32,1,436,split_finetuned_dino,8,1,-1,208.35,208.35,208.35
324,1559.00,29.75062643,115.98168667,29.76319205,115.98519463,29.76319205,115.98519463,0.5100,1439.32,1,343,split_finetuned_dino,9,1,-1,1373.43,208.93,208.93
325,1562.00,29.76319205,115.98519463,29.76319205,115.98519463,29.76319205,115.98519463,0.0000,0.00,0,-1,split_finetuned_dino,0,0,-1,,,
326,1566.00,29.76319205,115.98519463,29.76319205,115.98519463,29.76319205,115.98519463,0.0000,0.00,0,-1,split_finetuned_dino,0,0,-1,,,
327,1569.00,29.76319205,115.98519463,29.76319205,115.98519463,29.76319205,115.98519463,0.0000,0.00,0,-1,split_finetuned_dino,0,0,-1,,,
328,1573.00,29.76319205,115.98519463,29.76319205,115.98519463,29.76319205,115.98519463,0.0000,0.00,0,-1,split_finetuned_dino,0,0,-1,,,
329,1577.00,29.76319205,115.98519463,29.76319205,115.98519463,29.76319205,115.98519463,0.0000,0.00,0,-1,split_finetuned_dino,0,0,-1,,,
330,1580.00,29.76319205,115.98519463,29.76319205,115.98519463,29.76319205,115.98519463,0.0000,0.00,0,-1,split_finetuned_dino,0,0,-1,,,
331,1584.00,29.75062643,115.98168667,29.76319205,115.98519463,29.76319205,115.98519463,0.5100,1439.32,1,343,split_finetuned_dino,9,1,-1,826.26,826.26,826.26
332,1588.00,29.76319205,115.98519463,29.76319205,115.98519463,29.76319205,115.98519463,0.0000,0.00,0,-1,split_finetuned_dino,0,0,-1,,,
333,1591.00,29.76319205,115.98519463,29.76319205,115.98519463,29.76319205,115.98519463,0.0000,0.00,0,-1,split_finetuned_dino,0,0,-1,,,
334,1595.00,29.76319205,115.98519463,29.76319205,115.98519463,29.76319205,115.98519463,0.0000,0.00,0,-1,split_finetuned_dino,0,0,-1,,,
335,1598.00,29.75062643,115.98168667,29.76319205,115.98519463,29.76319205,115.98519463,0.5100,1439.32,1,343,split_finetuned_dino,9,1,-1,518.18,518.18,518.18
336,1602.00,29.76319205,115.98519463,29.76319205,115.98519463,29.76319205,115.98519463,0.4867,0.00,0,436,split_finetuned_dino,8,1,-1,1018.68,1018.68,1018.68
337,1605.00,29.75062643,115.98168667,29.76319205,115.98519463,29.76319205,115.98519463,0.5100,1439.32,1,343,split_finetuned_dino,9,1,-1,378.37,378.37,378.37
338,1609.00,29.76319205,115.98519463,29.76319205,115.98519463,29.76319205,115.98519463,0.0000,0.00,0,-1,split_finetuned_dino,0,0,-1,,,
339,1613.00,29.75062643,115.98168667,29.76319205,115.98519463,29.76319205,115.98519463,0.5100,1439.32,1,343,split_finetuned_dino,9,1,-1,257.67,257.67,257.67
340,1617.00,29.75062643,115.98168667,29.76319205,115.98519463,29.76319205,115.98519463,0.5100,1439.32,1,343,split_finetuned_dino,9,1,-1,214.99,214.99,214.99
341,1620.00,29.75062643,115.98168667,29.76319205,115.98519463,29.76319205,115.98519463,0.5100,1439.32,1,343,split_finetuned_dino,9,1,-1,195.04,195.04,195.04
342,1624.00,29.75062643,115.98168667,29.76319205,115.98519463,29.76319205,115.98519463,0.5100,1439.32,1,343,split_finetuned_dino,9,1,-1,209.51,209.51,209.51
343,1627.00,29.75047619,115.98541708,29.76319205,115.98519463,29.76319205,115.98519463,0.4867,1415.69,1,345,split_finetuned_dino,8,1,-1,256.64,256.64,256.64
344,1630.00,29.76319205,115.98519463,29.76319205,115.98519463,29.76319205,115.98519463,0.0000,0.00,0,-1,split_finetuned_dino,0,0,-1,,,
345,1633.00,29.74534387,115.98316258,29.76319205,115.98519463,29.76319205,115.98519463,0.4867,1996.54,1,305,split_finetuned_dino,8,1,-1,289.75,289.75,289.75
346,1637.00,29.74534387,115.98316258,29.76319205,115.98519463,29.76319205,115.98519463,0.4867,1996.54,1,305,split_finetuned_dino,8,1,-1,211.84,211.84,211.84
347,1640.00,29.74534387,115.98316258,29.76319205,115.98519463,29.76319205,115.98519463,0.4867,1996.54,1,305,split_finetuned_dino,8,1,1,133.95,133.95,133.95
348,1644.00,29.74534387,115.98316258,29.76319205,115.98519463,29.74534387,115.98316258,0.4867,1996.54,1,305,split_finetuned_dino,8,1,1,56.16,56.16,56.16
349,1647.00,29.74534387,115.98316258,29.74534387,115.98316258,29.74534387,115.98316258,0.4867,0.00,0,305,split_finetuned_dino,8,1,1,33.49,33.49,33.49
350,1651.00,29.74534387,115.98316258,29.74534387,115.98316258,29.74534387,115.98316258,0.4867,0.00,0,305,split_finetuned_dino,8,1,1,111.16,111.16,111.16
351,1654.00,29.74534387,115.98316258,29.74534387,115.98316258,29.74534387,115.98316258,0.0000,0.00,0,-1,split_finetuned_dino,0,0,-1,,,
352,1658.00,29.74534387,115.98316258,29.74534387,115.98316258,29.74534387,115.98316258,0.0000,0.00,0,-1,split_finetuned_dino,0,0,-1,,,
353,1661.00,29.74534387,115.98316258,29.74534387,115.98316258,29.74534387,115.98316258,0.0000,0.00,0,-1,split_finetuned_dino,0,0,-1,,,
354,1664.00,29.74534387,115.98316258,29.74534387,115.98316258,29.74534387,115.98316258,0.0000,0.00,0,-1,split_finetuned_dino,0,0,-1,,,
355,1668.00,29.74534387,115.98316258,29.74534387,115.98316258,29.74534387,115.98316258,0.0000,0.00,0,-1,split_finetuned_dino,0,0,-1,,,
356,1671.00,29.74534387,115.98316258,29.74534387,115.98316258,29.74534387,115.98316258,0.0000,0.00,0,-1,split_finetuned_dino,0,0,-1,,,
357,1674.00,29.74534387,115.98316258,29.74534387,115.98316258,29.74534387,115.98316258,0.0000,0.00,0,-1,split_finetuned_dino,0,0,-1,,,
358,1678.00,29.74534387,115.98316258,29.74534387,115.98316258,29.74534387,115.98316258,0.0000,0.00,0,-1,split_finetuned_dino,0,0,-1,,,
359,1681.00,29.74534387,115.98316258,29.74534387,115.98316258,29.74534387,115.98316258,0.0000,0.00,0,-1,split_finetuned_dino,0,0,-1,,,
360,1685.00,29.74534387,115.98316258,29.74534387,115.98316258,29.74534387,115.98316258,0.0000,0.00,0,-1,split_finetuned_dino,0,0,-1,,,
361,1689.00,29.74534387,115.98316258,29.74534387,115.98316258,29.74534387,115.98316258,0.0000,0.00,0,-1,split_finetuned_dino,0,0,-1,,,
362,1692.00,29.74534387,115.98316258,29.74534387,115.98316258,29.74534387,115.98316258,0.0000,0.00,0,-1,split_finetuned_dino,0,0,-1,,,
363,1696.00,29.74534387,115.98316258,29.74534387,115.98316258,29.74534387,115.98316258,0.0000,0.00,0,-1,split_finetuned_dino,0,0,-1,,,
364,1699.00,29.74534387,115.98316258,29.74534387,115.98316258,29.74534387,115.98316258,0.0000,0.00,0,-1,split_finetuned_dino,0,0,-1,,,
365,1703.00,29.74534387,115.98316258,29.74534387,115.98316258,29.74534387,115.98316258,0.0000,0.00,0,-1,split_finetuned_dino,0,0,-1,,,
366,1706.00,29.74534387,115.98316258,29.74534387,115.98316258,29.74534387,115.98316258,0.0000,0.00,0,-1,split_finetuned_dino,0,0,-1,,,
367,1709.00,29.74534387,115.98316258,29.74534387,115.98316258,29.74534387,115.98316258,0.0000,0.00,0,-1,split_finetuned_dino,0,0,-1,,,
368,1713.00,29.74534387,115.98316258,29.74534387,115.98316258,29.74534387,115.98316258,0.0000,0.00,0,-1,split_finetuned_dino,0,0,-1,,,
369,1716.00,29.74534387,115.98316258,29.74534387,115.98316258,29.74534387,115.98316258,0.0000,0.00,0,-1,split_finetuned_dino,0,0,-1,,,
370,1720.00,29.74534387,115.98316258,29.74534387,115.98316258,29.74534387,115.98316258,0.0000,0.00,0,-1,split_finetuned_dino,0,0,-1,,,
371,1723.00,29.74534387,115.98316258,29.74534387,115.98316258,29.74534387,115.98316258,0.0000,0.00,0,-1,split_finetuned_dino,0,0,-1,,,
372,1726.00,29.71557393,115.97275517,29.74534387,115.98316258,29.74534387,115.98316258,0.4867,3463.31,1,79,split_finetuned_dino,8,1,-1,1843.89,1843.89,1843.89
373,1730.00,29.74534387,115.98316258,29.74534387,115.98316258,29.74534387,115.98316258,0.0000,0.00,0,-1,split_finetuned_dino,0,0,-1,,,
374,1733.00,29.71976191,115.97342254,29.74534387,115.98316258,29.74534387,115.98316258,0.4867,2999.37,1,118,split_finetuned_dino,8,1,-1,1267.65,1267.65,1267.65
375,1737.00,29.71976191,115.97342254,29.74534387,115.98316258,29.74534387,115.98316258,0.4867,2999.37,1,118,split_finetuned_dino,8,1,-1,1220.90,1220.90,1220.90
376,1740.00,29.74534387,115.98316258,29.74534387,115.98316258,29.74534387,115.98316258,0.0000,0.00,0,-1,split_finetuned_dino,0,0,-1,,,
377,1743.00,29.74534387,115.98316258,29.74534387,115.98316258,29.74534387,115.98316258,0.0000,0.00,0,-1,split_finetuned_dino,0,0,-1,,,
378,1747.00,29.74534387,115.98316258,29.74534387,115.98316258,29.74534387,115.98316258,0.0000,0.00,0,-1,split_finetuned_dino,0,0,-1,,,
379,1750.00,29.74534387,115.98316258,29.74534387,115.98316258,29.74534387,115.98316258,0.0000,0.00,0,-1,split_finetuned_dino,0,0,-1,,,
380,1754.00,29.74534387,115.98316258,29.74534387,115.98316258,29.74534387,115.98316258,0.0000,0.00,0,-1,split_finetuned_dino,0,0,-1,,,
381,1757.00,29.74534387,115.98316258,29.74534387,115.98316258,29.74534387,115.98316258,0.0000,0.00,0,-1,split_finetuned_dino,0,0,-1,,,
382,1761.00,29.74534387,115.98316258,29.74534387,115.98316258,29.74534387,115.98316258,0.0000,0.00,0,-1,split_finetuned_dino,0,0,-1,,,
383,1765.00,29.74534387,115.98316258,29.74534387,115.98316258,29.74534387,115.98316258,0.0000,0.00,0,-1,split_finetuned_dino,0,0,-1,,,
384,1768.00,29.74534387,115.98316258,29.74534387,115.98316258,29.74534387,115.98316258,0.0000,0.00,0,-1,split_finetuned_dino,0,0,-1,,,
385,1772.00,29.74534387,115.98316258,29.74534387,115.98316258,29.74534387,115.98316258,0.0000,0.00,0,-1,split_finetuned_dino,0,0,-1,,,
386,1775.00,29.74534387,115.98316258,29.74534387,115.98316258,29.74534387,115.98316258,0.0000,0.00,0,-1,split_finetuned_dino,0,0,-1,,,
387,1779.00,29.74534387,115.98316258,29.74534387,115.98316258,29.74534387,115.98316258,0.0000,0.00,0,-1,split_finetuned_dino,0,0,-1,,,
388,1782.00,29.74534387,115.98316258,29.74534387,115.98316258,29.74534387,115.98316258,0.0000,0.00,0,-1,split_finetuned_dino,0,0,-1,,,
389,1786.00,29.74534387,115.98316258,29.74534387,115.98316258,29.74534387,115.98316258,0.0000,0.00,0,-1,split_finetuned_dino,0,0,-1,,,
390,1789.00,29.74534387,115.98316258,29.74534387,115.98316258,29.74534387,115.98316258,0.0000,0.00,0,-1,split_finetuned_dino,0,0,-1,,,
391,1793.00,29.74534387,115.98316258,29.74534387,115.98316258,29.74534387,115.98316258,0.0000,0.00,0,-1,split_finetuned_dino,0,0,-1,,,
392,1797.00,29.74534387,115.98316258,29.74534387,115.98316258,29.74534387,115.98316258,0.0000,0.00,0,-1,split_finetuned_dino,0,0,-1,,,
393,1800.00,29.70933631,115.98881381,29.74534387,115.98316258,29.74534387,115.98316258,0.4867,4045.41,1,48,split_finetuned_dino,8,1,-1,773.85,773.85,773.85
394,1803.00,29.70933631,115.98881381,29.74534387,115.98316258,29.74534387,115.98316258,0.4867,4045.41,1,48,split_finetuned_dino,8,1,-1,727.81,727.81,727.81
395,1807.00,29.71467252,115.97534336,29.74534387,115.98316258,29.74534387,115.98316258,0.4867,3496.99,1,80,split_finetuned_dino,8,1,-1,840.69,840.69,840.69
396,1810.00,29.71976191,115.97342254,29.74534387,115.98316258,29.74534387,115.98316258,0.4867,2999.37,1,118,split_finetuned_dino,8,1,-1,1384.27,1384.27,1384.27
397,1813.00,29.74534387,115.98316258,29.74534387,115.98316258,29.74534387,115.98316258,0.0000,0.00,0,-1,split_finetuned_dino,0,0,-1,,,
398,1817.00,29.74534387,115.98316258,29.74534387,115.98316258,29.74534387,115.98316258,0.0000,0.00,0,-1,split_finetuned_dino,0,0,-1,,,
399,1820.00,29.73349103,115.99445268,29.74534387,115.98316258,29.74534387,115.98316258,0.4867,1712.28,1,233,split_finetuned_dino,8,1,-1,3044.70,3044.70,3044.70
400,1824.00,29.74534387,115.98316258,29.74534387,115.98316258,29.74534387,115.98316258,0.0000,0.00,0,-1,split_finetuned_dino,0,0,-1,,,
401,1827.00,29.74534387,115.98316258,29.74534387,115.98316258,29.74534387,115.98316258,0.0000,0.00,0,-1,split_finetuned_dino,0,0,-1,,,
402,1873.00,29.70791527,115.98959241,29.74534387,115.98316258,29.74534387,115.98316258,0.5333,4212.65,1,35,split_finetuned_dino,10,1,-1,419.62,419.62,419.62
403,1878.00,29.70563575,115.98866550,29.74534387,115.98316258,29.70563575,115.98866550,0.4867,4452.20,1,22,split_finetuned_dino,8,1,-1,546.43,546.43,546.43
404,1883.00,29.70563575,115.98866550,29.70563575,115.98866550,29.70563575,115.98866550,0.4867,0.00,0,22,split_finetuned_dino,8,1,-1,600.56,600.56,600.56
405,1889.00,29.70563575,115.98866550,29.70563575,115.98866550,29.70563575,115.98866550,0.4867,0.00,0,22,split_finetuned_dino,8,1,-1,659.46,659.46,659.46
406,1894.00,29.70432203,115.97637435,29.70563575,115.98866550,29.70563575,115.98866550,0.4867,1197.02,1,3,split_finetuned_dino,8,1,-1,1126.21,731.15,731.15
407,1899.00,29.70563575,115.98866550,29.70563575,115.98866550,29.70563575,115.98866550,0.0000,0.00,0,-1,split_finetuned_dino,0,0,-1,,,
408,1904.00,29.70563575,115.98866550,29.70563575,115.98866550,29.70563575,115.98866550,0.0000,0.00,0,-1,split_finetuned_dino,0,0,-1,,,
409,1910.00,29.70563575,115.98866550,29.70563575,115.98866550,29.70563575,115.98866550,0.0000,0.00,0,-1,split_finetuned_dino,0,0,-1,,,
410,1915.00,29.70563575,115.98866550,29.70563575,115.98866550,29.70563575,115.98866550,0.0000,0.00,0,-1,split_finetuned_dino,0,0,-1,,,
411,1920.00,29.70563575,115.98866550,29.70563575,115.98866550,29.70563575,115.98866550,0.0000,0.00,0,-1,split_finetuned_dino,0,0,-1,,,
412,1925.00,29.70563575,115.98866550,29.70563575,115.98866550,29.70563575,115.98866550,0.0000,0.00,0,-1,split_finetuned_dino,0,0,-1,,,
413,1931.00,29.70563575,115.98866550,29.70563575,115.98866550,29.70563575,115.98866550,0.0000,0.00,0,-1,split_finetuned_dino,0,0,-1,,,
414,1935.00,29.70563575,115.98866550,29.70563575,115.98866550,29.70563575,115.98866550,0.0000,0.00,0,-1,split_finetuned_dino,0,0,-1,,,
415,1940.00,29.70563575,115.98866550,29.70563575,115.98866550,29.70563575,115.98866550,0.0000,0.00,0,-1,split_finetuned_dino,0,0,-1,,,
416,1945.00,29.70563575,115.98866550,29.70563575,115.98866550,29.70563575,115.98866550,0.0000,0.00,0,-1,split_finetuned_dino,0,0,-1,,,
417,1950.00,29.70563575,115.98866550,29.70563575,115.98866550,29.70563575,115.98866550,0.0000,0.00,0,-1,split_finetuned_dino,0,0,-1,,,
418,1955.00,29.70563575,115.98866550,29.70563575,115.98866550,29.70563575,115.98866550,0.0000,0.00,0,-1,split_finetuned_dino,0,0,-1,,,
419,1960.00,29.70563575,115.98866550,29.70563575,115.98866550,29.70563575,115.98866550,0.0000,0.00,0,-1,split_finetuned_dino,0,0,-1,,,
420,1966.00,29.70563575,115.98866550,29.70563575,115.98866550,29.70563575,115.98866550,0.0000,0.00,0,-1,split_finetuned_dino,0,0,-1,,,
421,1971.00,29.70563575,115.98866550,29.70563575,115.98866550,29.70563575,115.98866550,0.0000,0.00,0,-1,split_finetuned_dino,0,0,-1,,,
422,1976.00,29.70563575,115.98866550,29.70563575,115.98866550,29.70563575,115.98866550,0.0000,0.00,0,-1,split_finetuned_dino,0,0,-1,,,
423,1981.00,29.70563575,115.98866550,29.70563575,115.98866550,29.70563575,115.98866550,0.0000,0.00,0,-1,split_finetuned_dino,0,0,-1,,,
424,1987.00,29.70563575,115.98866550,29.70563575,115.98866550,29.70563575,115.98866550,0.0000,0.00,0,-1,split_finetuned_dino,0,0,-1,,,
425,1992.00,29.70563575,115.98866550,29.70563575,115.98866550,29.70563575,115.98866550,0.0000,0.00,0,-1,split_finetuned_dino,0,0,-1,,,
426,1997.00,29.70563575,115.98866550,29.70563575,115.98866550,29.70563575,115.98866550,0.0000,0.00,0,-1,split_finetuned_dino,0,0,-1,,,
427,2002.00,29.71976191,115.97342254,29.70563575,115.98866550,29.70563575,115.98866550,0.4867,2154.92,1,118,split_finetuned_dino,8,1,-1,1360.76,1360.76,1360.76
428,2007.00,29.71976191,115.97342254,29.70563575,115.98866550,29.70563575,115.98866550,0.4867,2154.92,1,118,split_finetuned_dino,8,1,-1,1400.38,1400.38,1400.38
429,2013.00,29.70563575,115.98866550,29.70563575,115.98866550,29.70563575,115.98866550,0.0000,0.00,0,-1,split_finetuned_dino,0,0,-1,,,
430,2018.00,29.73349103,115.99445268,29.70563575,115.98866550,29.70563575,115.98866550,0.4867,3150.90,1,233,split_finetuned_dino,8,1,-1,1225.77,1225.77,1225.77
431,2023.00,29.70563575,115.98866550,29.70563575,115.98866550,29.70563575,115.98866550,0.0000,0.00,0,-1,split_finetuned_dino,0,0,-1,,,
432,2029.00,29.70563575,115.98866550,29.70563575,115.98866550,29.70563575,115.98866550,0.0000,0.00,0,-1,split_finetuned_dino,0,0,-1,,,
433,2034.00,29.70563575,115.98866550,29.70563575,115.98866550,29.70563575,115.98866550,0.0000,0.00,0,-1,split_finetuned_dino,0,0,-1,,,
434,2039.00,29.70563575,115.98866550,29.70563575,115.98866550,29.70563575,115.98866550,0.0000,0.00,0,-1,split_finetuned_dino,0,0,-1,,,
435,2044.00,29.70563575,115.98866550,29.70563575,115.98866550,29.70563575,115.98866550,0.0000,0.00,0,-1,split_finetuned_dino,0,0,-1,,,
436,2049.00,29.70563575,115.98866550,29.70563575,115.98866550,29.70563575,115.98866550,0.0000,0.00,0,-1,split_finetuned_dino,0,0,-1,,,
437,2054.00,29.70563575,115.98866550,29.70563575,115.98866550,29.70563575,115.98866550,0.0000,0.00,0,-1,split_finetuned_dino,0,0,-1,,,
438,2060.00,29.70563575,115.98866550,29.70563575,115.98866550,29.70563575,115.98866550,0.0000,0.00,0,-1,split_finetuned_dino,0,0,-1,,,
439,2065.00,29.70563575,115.98866550,29.70563575,115.98866550,29.70563575,115.98866550,0.0000,0.00,0,-1,split_finetuned_dino,0,0,-1,,,
440,2070.00,29.70563575,115.98866550,29.70563575,115.98866550,29.70563575,115.98866550,0.0000,0.00,0,-1,split_finetuned_dino,0,0,-1,,,
441,2075.00,29.70563575,115.98866550,29.70563575,115.98866550,29.70563575,115.98866550,0.0000,0.00,0,-1,split_finetuned_dino,0,0,-1,,,
442,2080.00,29.70563575,115.98866550,29.70563575,115.98866550,29.70563575,115.98866550,0.0000,0.00,0,-1,split_finetuned_dino,0,0,-1,,,
443,2085.00,29.70563575,115.98866550,29.70563575,115.98866550,29.70563575,115.98866550,0.0000,0.00,0,-1,split_finetuned_dino,0,0,-1,,,
444,2090.00,29.70563575,115.98866550,29.70563575,115.98866550,29.70563575,115.98866550,0.0000,0.00,0,-1,split_finetuned_dino,0,0,-1,,,
445,2095.00,29.70563575,115.98866550,29.70563575,115.98866550,29.70563575,115.98866550,0.0000,0.00,0,-1,split_finetuned_dino,0,0,-1,,,
446,2100.00,29.70563575,115.98866550,29.70563575,115.98866550,29.70563575,115.98866550,0.0000,0.00,0,-1,split_finetuned_dino,0,0,-1,,,
447,2106.00,29.70563575,115.98866550,29.70563575,115.98866550,29.70563575,115.98866550,0.0000,0.00,0,-1,split_finetuned_dino,0,0,-1,,,
448,2112.00,29.70563575,115.98866550,29.70563575,115.98866550,29.70563575,115.98866550,0.0000,0.00,0,-1,split_finetuned_dino,0,0,-1,,,
449,2117.00,29.70563575,115.98866550,29.70563575,115.98866550,29.70563575,115.98866550,0.0000,0.00,0,-1,split_finetuned_dino,0,0,-1,,,
450,2121.00,29.70563575,115.98866550,29.70563575,115.98866550,29.70563575,115.98866550,0.0000,0.00,0,-1,split_finetuned_dino,0,0,-1,,,
451,2126.00,29.70563575,115.98866550,29.70563575,115.98866550,29.70563575,115.98866550,0.0000,0.00,0,-1,split_finetuned_dino,0,0,-1,,,
452,2131.00,29.70563575,115.98866550,29.70563575,115.98866550,29.70563575,115.98866550,0.0000,0.00,0,-1,split_finetuned_dino,0,0,-1,,,
453,2137.00,29.70563575,115.98866550,29.70563575,115.98866550,29.70563575,115.98866550,0.0000,0.00,0,-1,split_finetuned_dino,0,0,-1,,,
454,2141.00,29.74534387,115.98316258,29.70563575,115.98866550,29.70563575,115.98866550,0.4867,4452.20,1,305,split_finetuned_dino,8,1,-1,188.70,188.70,188.70
455,2146.00,29.74534387,115.98316258,29.70563575,115.98866550,29.70563575,115.98866550,0.4867,4452.20,1,305,split_finetuned_dino,8,1,-1,208.47,208.47,208.47
456,2152.00,29.74534387,115.98316258,29.70563575,115.98866550,29.70563575,115.98866550,0.4867,4452.20,1,305,split_finetuned_dino,8,1,-1,251.90,251.90,251.90
457,2157.00,29.70791527,115.98959241,29.70563575,115.98866550,29.70563575,115.98866550,0.5333,269.11,1,35,split_finetuned_dino,10,1,-1,4464.20,309.18,309.18
458,2162.00,29.75047619,115.98541708,29.70563575,115.98866550,29.70563575,115.98866550,0.4867,5001.50,1,345,split_finetuned_dino,8,1,-1,277.14,277.14,277.14
459,2168.00,29.75047619,115.98541708,29.70563575,115.98866550,29.75047619,115.98541708,0.4867,5001.50,1,345,split_finetuned_dino,8,1,-1,199.31,199.31,199.31
460,2173.00,29.77042147,115.98933287,29.75047619,115.98541708,29.75047619,115.98541708,0.4867,2252.34,1,490,split_finetuned_dino,8,1,2,2357.27,121.61,121.61
461,2178.00,29.75047619,115.98541708,29.75047619,115.98541708,29.75047619,115.98541708,0.4867,0.00,0,345,split_finetuned_dino,8,1,1,44.67,44.67,44.67
462,2183.00,29.75047619,115.98541708,29.75047619,115.98541708,29.75047619,115.98541708,0.4867,0.00,0,345,split_finetuned_dino,8,1,1,47.38,47.38,47.38
463,2187.00,29.75047619,115.98541708,29.75047619,115.98541708,29.75047619,115.98541708,0.4867,0.00,0,345,split_finetuned_dino,8,1,1,124.40,124.40,124.40
464,2192.00,29.75062643,115.98168667,29.75047619,115.98541708,29.75047619,115.98541708,0.5100,360.97,1,343,split_finetuned_dino,9,1,-1,437.65,437.65,437.65
465,2197.00,29.75062643,115.98168667,29.75047619,115.98541708,29.75047619,115.98541708,0.5100,360.97,1,343,split_finetuned_dino,9,1,-1,478.60,478.60,478.60
466,2202.00,29.75062643,115.98168667,29.75047619,115.98541708,29.75047619,115.98541708,0.5100,360.97,1,343,split_finetuned_dino,9,1,-1,527.94,527.94,527.94
467,2208.00,29.76319205,115.98519463,29.75047619,115.98541708,29.75047619,115.98541708,0.4867,1415.69,1,436,split_finetuned_dino,8,1,-1,964.52,964.52,964.52
468,2213.00,29.71467252,115.97534336,29.75047619,115.98541708,29.75047619,115.98541708,0.4867,4102.88,1,80,split_finetuned_dino,8,1,-1,4620.42,4620.42,4620.42
469,2218.00,29.75047619,115.98541708,29.75047619,115.98541708,29.75047619,115.98541708,0.0000,0.00,0,-1,split_finetuned_dino,0,0,-1,,,
470,2223.00,29.75062643,115.98168667,29.75047619,115.98541708,29.75047619,115.98541708,0.5100,360.97,1,343,split_finetuned_dino,9,1,-1,783.48,719.64,719.64
471,2228.00,29.76319205,115.98519463,29.75047619,115.98541708,29.75047619,115.98541708,0.4867,1415.69,1,436,split_finetuned_dino,8,1,-1,641.73,641.73,641.73
472,2233.00,29.76319205,115.98519463,29.75047619,115.98541708,29.75047619,115.98541708,0.4867,1415.69,1,436,split_finetuned_dino,8,1,-1,563.82,563.82,563.82
473,2238.00,29.71467252,115.97534336,29.75047619,115.98541708,29.75047619,115.98541708,0.4867,4102.88,1,80,split_finetuned_dino,8,1,-1,5012.63,5012.63,5012.63
474,2243.00,29.75047619,115.98541708,29.75047619,115.98541708,29.75047619,115.98541708,0.0000,0.00,0,-1,split_finetuned_dino,0,0,-1,,,
475,2248.00,29.76319205,115.98519463,29.75047619,115.98541708,29.76319205,115.98519463,0.4867,1415.69,1,436,split_finetuned_dino,8,1,-1,330.13,330.13,330.13
476,2253.00,29.76319205,115.98519463,29.76319205,115.98519463,29.76319205,115.98519463,0.4867,0.00,0,436,split_finetuned_dino,8,1,-1,252.27,252.27,252.27
477,2258.00,29.76319205,115.98519463,29.76319205,115.98519463,29.76319205,115.98519463,0.4867,0.00,0,436,split_finetuned_dino,8,1,-1,163.36,163.36,163.36
478,2263.00,29.76319205,115.98519463,29.76319205,115.98519463,29.76319205,115.98519463,0.4867,0.00,0,436,split_finetuned_dino,8,1,1,85.81,85.81,85.81
479,2268.00,29.76319205,115.98519463,29.76319205,115.98519463,29.76319205,115.98519463,0.4867,0.00,0,436,split_finetuned_dino,8,1,1,13.64,13.64,13.64
480,2273.00,29.76319205,115.98519463,29.76319205,115.98519463,29.76319205,115.98519463,0.4867,0.00,0,436,split_finetuned_dino,8,1,1,71.78,71.78,71.78
481,2278.00,29.76319205,115.98519463,29.76319205,115.98519463,29.76319205,115.98519463,0.4867,0.00,0,436,split_finetuned_dino,8,1,1,149.21,149.21,149.21
482,2283.00,29.76319205,115.98519463,29.76319205,115.98519463,29.76319205,115.98519463,0.4867,0.00,0,436,split_finetuned_dino,8,1,-1,226.97,226.97,226.97
483,2288.00,29.76319205,115.98519463,29.76319205,115.98519463,29.76319205,115.98519463,0.4867,0.00,0,436,split_finetuned_dino,8,1,-1,304.82,304.82,304.82
484,2292.00,29.76319205,115.98519463,29.76319205,115.98519463,29.76319205,115.98519463,0.0000,0.00,0,-1,split_finetuned_dino,0,0,-1,,,
485,2342.00,29.74534387,115.98316258,29.76319205,115.98519463,29.76319205,115.98519463,0.4867,1996.54,1,305,split_finetuned_dino,8,1,-1,2379.93,2379.93,2379.93
486,2345.00,29.76319205,115.98519463,29.76319205,115.98519463,29.76319205,115.98519463,0.0000,0.00,0,-1,split_finetuned_dino,0,0,-1,,,
487,2348.00,29.76319205,115.98519463,29.76319205,115.98519463,29.76319205,115.98519463,0.0000,0.00,0,-1,split_finetuned_dino,0,0,-1,,,
488,2351.00,29.76319205,115.98519463,29.76319205,115.98519463,29.76319205,115.98519463,0.4867,0.00,0,436,split_finetuned_dino,8,1,-1,215.20,215.20,215.20
489,2355.00,29.76319205,115.98519463,29.76319205,115.98519463,29.76319205,115.98519463,0.4867,0.00,0,436,split_finetuned_dino,8,1,-1,185.49,185.49,185.49
490,2358.00,29.76319205,115.98519463,29.76319205,115.98519463,29.76319205,115.98519463,0.4867,0.00,0,436,split_finetuned_dino,8,1,-1,186.13,186.13,186.13
491,2362.00,29.76319205,115.98519463,29.76319205,115.98519463,29.76319205,115.98519463,0.0000,0.00,0,-1,split_finetuned_dino,0,0,-1,,,
492,2365.00,29.74534387,115.98316258,29.76319205,115.98519463,29.76319205,115.98519463,0.4867,1996.54,1,305,split_finetuned_dino,8,1,-1,1832.71,1832.71,1832.71
493,2369.00,29.76319205,115.98519463,29.76319205,115.98519463,29.76319205,115.98519463,0.0000,0.00,0,-1,split_finetuned_dino,0,0,-1,,,
494,2372.00,29.76319205,115.98519463,29.76319205,115.98519463,29.76319205,115.98519463,0.0000,0.00,0,-1,split_finetuned_dino,0,0,-1,,,
495,2376.00,29.76319205,115.98519463,29.76319205,115.98519463,29.76319205,115.98519463,0.0000,0.00,0,-1,split_finetuned_dino,0,0,-1,,,
496,2379.00,29.76319205,115.98519463,29.76319205,115.98519463,29.76319205,115.98519463,0.0000,0.00,0,-1,split_finetuned_dino,0,0,-1,,,
497,2383.00,29.76319205,115.98519463,29.76319205,115.98519463,29.76319205,115.98519463,0.0000,0.00,0,-1,split_finetuned_dino,0,0,-1,,,
498,2386.00,29.76319205,115.98519463,29.76319205,115.98519463,29.76319205,115.98519463,0.0000,0.00,0,-1,split_finetuned_dino,0,0,-1,,,
499,2390.00,29.71976191,115.97342254,29.76319205,115.98519463,29.76319205,115.98519463,0.4867,4966.74,1,118,split_finetuned_dino,8,1,-1,4276.41,774.55,774.55
500,2393.00,29.76319205,115.98519463,29.76319205,115.98519463,29.76319205,115.98519463,0.4867,0.00,0,436,split_finetuned_dino,8,1,-1,861.37,861.37,861.37
501,2397.00,29.76319205,115.98519463,29.76319205,115.98519463,29.76319205,115.98519463,0.0000,0.00,0,-1,split_finetuned_dino,0,0,-1,,,
502,2400.00,29.76319205,115.98519463,29.76319205,115.98519463,29.76319205,115.98519463,0.0000,0.00,0,-1,split_finetuned_dino,0,0,-1,,,
503,2404.00,29.76319205,115.98519463,29.76319205,115.98519463,29.76319205,115.98519463,0.0000,0.00,0,-1,split_finetuned_dino,0,0,-1,,,
504,2407.00,29.76319205,115.98519463,29.76319205,115.98519463,29.76319205,115.98519463,0.0000,0.00,0,-1,split_finetuned_dino,0,0,-1,,,
505,2410.00,29.76319205,115.98519463,29.76319205,115.98519463,29.76319205,115.98519463,0.4867,0.00,0,436,split_finetuned_dino,8,1,-1,1244.94,1244.94,1244.94
506,2414.00,29.76319205,115.98519463,29.76319205,115.98519463,29.76319205,115.98519463,0.0000,0.00,0,-1,split_finetuned_dino,0,0,-1,,,
507,2417.00,29.75047619,115.98541708,29.76319205,115.98519463,29.76319205,115.98519463,0.4867,1415.69,1,345,split_finetuned_dino,8,1,-1,182.11,182.11,182.11
508,2420.00,29.75047619,115.98541708,29.76319205,115.98519463,29.76319205,115.98519463,0.4867,1415.69,1,345,split_finetuned_dino,8,1,-1,197.13,197.13,197.13
509,2424.00,29.76319205,115.98519463,29.76319205,115.98519463,29.76319205,115.98519463,0.0000,0.00,0,-1,split_finetuned_dino,0,0,-1,,,
510,2427.00,29.77042147,115.98933287,29.76319205,115.98519463,29.76319205,115.98519463,0.4867,898.70,1,490,split_finetuned_dino,8,1,-1,2442.15,2442.15,2442.15
511,2430.00,29.77042147,115.98933287,29.76319205,115.98519463,29.76319205,115.98519463,0.4867,898.70,1,490,split_finetuned_dino,8,1,-1,2519.77,2519.77,2519.77
512,2434.00,29.77042147,115.98933287,29.76319205,115.98519463,29.76319205,115.98519463,0.4867,898.70,1,490,split_finetuned_dino,8,1,-1,2597.41,2597.41,2597.41
513,2437.00,29.73349103,115.99445268,29.76319205,115.98519463,29.76319205,115.98519463,0.4867,3425.28,1,233,split_finetuned_dino,8,1,-1,1564.88,1564.88,1564.88
514,2441.00,29.76319205,115.98519463,29.76319205,115.98519463,29.76319205,115.98519463,0.0000,0.00,0,-1,split_finetuned_dino,0,0,-1,,,
515,2444.00,29.76319205,115.98519463,29.76319205,115.98519463,29.76319205,115.98519463,0.0000,0.00,0,-1,split_finetuned_dino,0,0,-1,,,
516,2447.00,29.76319205,115.98519463,29.76319205,115.98519463,29.76319205,115.98519463,0.0000,0.00,0,-1,split_finetuned_dino,0,0,-1,,,
517,2451.00,29.76319205,115.98519463,29.76319205,115.98519463,29.76319205,115.98519463,0.0000,0.00,0,-1,split_finetuned_dino,0,0,-1,,,
518,2454.00,29.76319205,115.98519463,29.76319205,115.98519463,29.76319205,115.98519463,0.0000,0.00,0,-1,split_finetuned_dino,0,0,-1,,,
519,2458.00,29.76319205,115.98519463,29.76319205,115.98519463,29.76319205,115.98519463,0.0000,0.00,0,-1,split_finetuned_dino,0,0,-1,,,
520,2461.00,29.76319205,115.98519463,29.76319205,115.98519463,29.76319205,115.98519463,0.0000,0.00,0,-1,split_finetuned_dino,0,0,-1,,,
521,2464.00,29.76319205,115.98519463,29.76319205,115.98519463,29.76319205,115.98519463,0.0000,0.00,0,-1,split_finetuned_dino,0,0,-1,,,
522,2468.00,29.76319205,115.98519463,29.76319205,115.98519463,29.76319205,115.98519463,0.0000,0.00,0,-1,split_finetuned_dino,0,0,-1,,,
523,2471.00,29.76319205,115.98519463,29.76319205,115.98519463,29.76319205,115.98519463,0.0000,0.00,0,-1,split_finetuned_dino,0,0,-1,,,
524,2474.00,29.76319205,115.98519463,29.76319205,115.98519463,29.76319205,115.98519463,0.0000,0.00,0,-1,split_finetuned_dino,0,0,-1,,,
525,2477.00,29.76319205,115.98519463,29.76319205,115.98519463,29.76319205,115.98519463,0.0000,0.00,0,-1,split_finetuned_dino,0,0,-1,,,
526,2481.00,29.76319205,115.98519463,29.76319205,115.98519463,29.76319205,115.98519463,0.0000,0.00,0,-1,split_finetuned_dino,0,0,-1,,,
527,2484.00,29.76319205,115.98519463,29.76319205,115.98519463,29.76319205,115.98519463,0.0000,0.00,0,-1,split_finetuned_dino,0,0,-1,,,
528,2487.00,29.76319205,115.98519463,29.76319205,115.98519463,29.76319205,115.98519463,0.0000,0.00,0,-1,split_finetuned_dino,0,0,-1,,,
529,2490.00,29.76319205,115.98519463,29.76319205,115.98519463,29.76319205,115.98519463,0.0000,0.00,0,-1,split_finetuned_dino,0,0,-1,,,
530,2493.00,29.76319205,115.98519463,29.76319205,115.98519463,29.76319205,115.98519463,0.0000,0.00,0,-1,split_finetuned_dino,0,0,-1,,,
531,2496.00,29.76319205,115.98519463,29.76319205,115.98519463,29.76319205,115.98519463,0.0000,0.00,0,-1,split_finetuned_dino,0,0,-1,,,
532,2500.00,29.76319205,115.98519463,29.76319205,115.98519463,29.76319205,115.98519463,0.0000,0.00,0,-1,split_finetuned_dino,0,0,-1,,,
533,2503.00,29.76319205,115.98519463,29.76319205,115.98519463,29.76319205,115.98519463,0.0000,0.00,0,-1,split_finetuned_dino,0,0,-1,,,
534,2506.00,29.76319205,115.98519463,29.76319205,115.98519463,29.76319205,115.98519463,0.0000,0.00,0,-1,split_finetuned_dino,0,0,-1,,,
535,2510.00,29.76319205,115.98519463,29.76319205,115.98519463,29.76319205,115.98519463,0.0000,0.00,0,-1,split_finetuned_dino,0,0,-1,,,
536,2513.00,29.76319205,115.98519463,29.76319205,115.98519463,29.76319205,115.98519463,0.0000,0.00,0,-1,split_finetuned_dino,0,0,-1,,,
537,2516.00,29.76319205,115.98519463,29.76319205,115.98519463,29.76319205,115.98519463,0.0000,0.00,0,-1,split_finetuned_dino,0,0,-1,,,
538,2520.00,29.76319205,115.98519463,29.76319205,115.98519463,29.76319205,115.98519463,0.0000,0.00,0,-1,split_finetuned_dino,0,0,-1,,,
539,2523.00,29.71976191,115.97342254,29.76319205,115.98519463,29.76319205,115.98519463,0.4867,4966.74,1,118,split_finetuned_dino,8,1,-1,1635.13,1635.13,1635.13
540,2527.00,29.71976191,115.97342254,29.76319205,115.98519463,29.76319205,115.98519463,0.4867,4966.74,1,118,split_finetuned_dino,8,1,-1,1589.29,1589.29,1589.29
541,2530.00,29.70585037,115.97298998,29.76319205,115.98519463,29.76319205,115.98519463,0.4867,6491.37,1,14,split_finetuned_dino,8,1,-1,2689.50,2689.50,2689.50
542,2533.00,29.76319205,115.98519463,29.76319205,115.98519463,29.76319205,115.98519463,0.0000,0.00,0,-1,split_finetuned_dino,0,0,-1,,,
543,2536.00,29.76319205,115.98519463,29.76319205,115.98519463,29.76319205,115.98519463,0.0000,0.00,0,-1,split_finetuned_dino,0,0,-1,,,
544,2540.00,29.76319205,115.98519463,29.76319205,115.98519463,29.76319205,115.98519463,0.0000,0.00,0,-1,split_finetuned_dino,0,0,-1,,,
545,2543.00,29.76319205,115.98519463,29.76319205,115.98519463,29.76319205,115.98519463,0.0000,0.00,0,-1,split_finetuned_dino,0,0,-1,,,
546,2546.00,29.76319205,115.98519463,29.76319205,115.98519463,29.76319205,115.98519463,0.0000,0.00,0,-1,split_finetuned_dino,0,0,-1,,,
547,2549.00,29.76319205,115.98519463,29.76319205,115.98519463,29.76319205,115.98519463,0.0000,0.00,0,-1,split_finetuned_dino,0,0,-1,,,
548,2553.00,29.76319205,115.98519463,29.76319205,115.98519463,29.76319205,115.98519463,0.0000,0.00,0,-1,split_finetuned_dino,0,0,-1,,,
549,2556.00,29.76319205,115.98519463,29.76319205,115.98519463,29.76319205,115.98519463,0.0000,0.00,0,-1,split_finetuned_dino,0,0,-1,,,
550,2560.00,29.76319205,115.98519463,29.76319205,115.98519463,29.76319205,115.98519463,0.0000,0.00,0,-1,split_finetuned_dino,0,0,-1,,,
551,2563.00,29.76319205,115.98519463,29.76319205,115.98519463,29.76319205,115.98519463,0.0000,0.00,0,-1,split_finetuned_dino,0,0,-1,,,
552,2566.00,29.76319205,115.98519463,29.76319205,115.98519463,29.76319205,115.98519463,0.0000,0.00,0,-1,split_finetuned_dino,0,0,-1,,,
553,2569.00,29.76319205,115.98519463,29.76319205,115.98519463,29.76319205,115.98519463,0.0000,0.00,0,-1,split_finetuned_dino,0,0,-1,,,
554,2573.00,29.76319205,115.98519463,29.76319205,115.98519463,29.76319205,115.98519463,0.0000,0.00,0,-1,split_finetuned_dino,0,0,-1,,,
555,2576.00,29.76319205,115.98519463,29.76319205,115.98519463,29.76319205,115.98519463,0.0000,0.00,0,-1,split_finetuned_dino,0,0,-1,,,
556,2579.00,29.76172809,115.99593572,29.76319205,115.98519463,29.76172809,115.99593572,0.4867,1050.94,1,428,split_finetuned_dino,8,1,-1,5149.11,5149.11,5149.11
557,2582.00,29.76172809,115.99593572,29.76172809,115.99593572,29.76172809,115.99593572,0.0000,0.00,0,-1,split_finetuned_dino,0,0,-1,,,
558,2586.00,29.76172809,115.99593572,29.76172809,115.99593572,29.76172809,115.99593572,0.0000,0.00,0,-1,split_finetuned_dino,0,0,-1,,,
559,2589.00,29.76172809,115.99593572,29.76172809,115.99593572,29.76172809,115.99593572,0.0000,0.00,0,-1,split_finetuned_dino,0,0,-1,,,
560,2592.00,29.76172809,115.99593572,29.76172809,115.99593572,29.76172809,115.99593572,0.0000,0.00,0,-1,split_finetuned_dino,0,0,-1,,,
561,2596.00,29.76172809,115.99593572,29.76172809,115.99593572,29.76172809,115.99593572,0.0000,0.00,0,-1,split_finetuned_dino,0,0,-1,,,
562,2599.00,29.70931484,115.97432994,29.76172809,115.99593572,29.76172809,115.99593572,0.4867,6197.13,1,41,split_finetuned_dino,8,1,-1,1207.58,1207.58,1207.58
563,2603.00,29.76172809,115.99593572,29.76172809,115.99593572,29.76172809,115.99593572,0.0000,0.00,0,-1,split_finetuned_dino,0,0,-1,,,
564,2606.00,29.70563575,115.98866550,29.76172809,115.99593572,29.76172809,115.99593572,0.4867,6283.62,1,22,split_finetuned_dino,8,1,-1,528.97,528.97,528.97
565,2610.00,29.76172809,115.99593572,29.76172809,115.99593572,29.76172809,115.99593572,0.0000,0.00,0,-1,split_finetuned_dino,0,0,-1,,,
566,2659.00,29.70933631,115.98881381,29.76172809,115.99593572,29.76172809,115.99593572,0.4867,5872.74,1,48,split_finetuned_dino,8,1,1,44.89,44.89,44.89
567,2664.00,29.71976191,115.97342254,29.76172809,115.99593572,29.76172809,115.99593572,0.4867,5153.64,1,118,split_finetuned_dino,8,1,-1,1912.43,1912.43,1912.43
568,2670.00,29.71976191,115.97342254,29.76172809,115.99593572,29.76172809,115.99593572,0.4867,5153.64,1,118,split_finetuned_dino,8,1,-1,1863.35,1863.35,1863.35
569,2675.00,29.76172809,115.99593572,29.76172809,115.99593572,29.76172809,115.99593572,0.0000,0.00,0,-1,split_finetuned_dino,0,0,-1,,,
570,2680.00,29.76172809,115.99593572,29.76172809,115.99593572,29.76172809,115.99593572,0.0000,0.00,0,-1,split_finetuned_dino,0,0,-1,,,
571,2686.00,29.76172809,115.99593572,29.76172809,115.99593572,29.76172809,115.99593572,0.0000,0.00,0,-1,split_finetuned_dino,0,0,-1,,,
572,2691.00,29.76172809,115.99593572,29.76172809,115.99593572,29.76172809,115.99593572,0.0000,0.00,0,-1,split_finetuned_dino,0,0,-1,,,
573,2696.00,29.76172809,115.99593572,29.76172809,115.99593572,29.76172809,115.99593572,0.0000,0.00,0,-1,split_finetuned_dino,0,0,-1,,,
574,2701.00,29.76172809,115.99593572,29.76172809,115.99593572,29.76172809,115.99593572,0.0000,0.00,0,-1,split_finetuned_dino,0,0,-1,,,
575,2707.00,29.76172809,115.99593572,29.76172809,115.99593572,29.76172809,115.99593572,0.0000,0.00,0,-1,split_finetuned_dino,0,0,-1,,,
576,2712.00,29.76172809,115.99593572,29.76172809,115.99593572,29.76172809,115.99593572,0.0000,0.00,0,-1,split_finetuned_dino,0,0,-1,,,
577,2717.00,29.76172809,115.99593572,29.76172809,115.99593572,29.76172809,115.99593572,0.0000,0.00,0,-1,split_finetuned_dino,0,0,-1,,,
578,2723.00,29.76172809,115.99593572,29.76172809,115.99593572,29.76172809,115.99593572,0.0000,0.00,0,-1,split_finetuned_dino,0,0,-1,,,
579,2729.00,29.76172809,115.99593572,29.76172809,115.99593572,29.76172809,115.99593572,0.0000,0.00,0,-1,split_finetuned_dino,0,0,-1,,,
580,2734.00,29.76172809,115.99593572,29.76172809,115.99593572,29.76172809,115.99593572,0.0000,0.00,0,-1,split_finetuned_dino,0,0,-1,,,
581,2740.00,29.76172809,115.99593572,29.76172809,115.99593572,29.76172809,115.99593572,0.0000,0.00,0,-1,split_finetuned_dino,0,0,-1,,,
582,2745.00,29.76172809,115.99593572,29.76172809,115.99593572,29.76172809,115.99593572,0.0000,0.00,0,-1,split_finetuned_dino,0,0,-1,,,
583,2751.00,29.76172809,115.99593572,29.76172809,115.99593572,29.76172809,115.99593572,0.0000,0.00,0,-1,split_finetuned_dino,0,0,-1,,,
584,2756.00,29.76172809,115.99593572,29.76172809,115.99593572,29.76172809,115.99593572,0.0000,0.00,0,-1,split_finetuned_dino,0,0,-1,,,
585,2761.00,29.76172809,115.99593572,29.76172809,115.99593572,29.76172809,115.99593572,0.0000,0.00,0,-1,split_finetuned_dino,0,0,-1,,,
586,2767.00,29.76172809,115.99593572,29.76172809,115.99593572,29.76172809,115.99593572,0.0000,0.00,0,-1,split_finetuned_dino,0,0,-1,,,
587,2772.00,29.76172809,115.99593572,29.76172809,115.99593572,29.76172809,115.99593572,0.0000,0.00,0,-1,split_finetuned_dino,0,0,-1,,,
588,2778.00,29.70585037,115.97298998,29.76172809,115.99593572,29.76172809,115.99593572,0.4867,6603.89,1,14,split_finetuned_dino,8,1,-1,2693.48,2693.48,2693.48
589,2783.00,29.71976191,115.97342254,29.76172809,115.99593572,29.76172809,115.99593572,0.4867,5153.64,1,118,split_finetuned_dino,8,1,-1,1708.82,1708.82,1708.82
590,2789.00,29.71976191,115.97342254,29.76172809,115.99593572,29.76172809,115.99593572,0.4867,5153.64,1,118,split_finetuned_dino,8,1,-1,1740.54,1740.54,1740.54
591,2795.00,29.71976191,115.97342254,29.76172809,115.99593572,29.76172809,115.99593572,0.4867,5153.64,1,118,split_finetuned_dino,8,1,-1,1775.11,1775.11,1775.11
592,2800.00,29.76172809,115.99593572,29.76172809,115.99593572,29.76172809,115.99593572,0.0000,0.00,0,-1,split_finetuned_dino,0,0,-1,,,
593,2805.00,29.76172809,115.99593572,29.76172809,115.99593572,29.76172809,115.99593572,0.0000,0.00,0,-1,split_finetuned_dino,0,0,-1,,,
594,2811.00,29.76172809,115.99593572,29.76172809,115.99593572,29.76172809,115.99593572,0.0000,0.00,0,-1,split_finetuned_dino,0,0,-1,,,
595,2816.00,29.76172809,115.99593572,29.76172809,115.99593572,29.76172809,115.99593572,0.0000,0.00,0,-1,split_finetuned_dino,0,0,-1,,,
596,2822.00,29.76172809,115.99593572,29.76172809,115.99593572,29.76172809,115.99593572,0.0000,0.00,0,-1,split_finetuned_dino,0,0,-1,,,
597,2828.00,29.76172809,115.99593572,29.76172809,115.99593572,29.76172809,115.99593572,0.0000,0.00,0,-1,split_finetuned_dino,0,0,-1,,,
598,2833.00,29.76172809,115.99593572,29.76172809,115.99593572,29.76172809,115.99593572,0.0000,0.00,0,-1,split_finetuned_dino,0,0,-1,,,
599,2839.00,29.76172809,115.99593572,29.76172809,115.99593572,29.76172809,115.99593572,0.0000,0.00,0,-1,split_finetuned_dino,0,0,-1,,,
600,2844.00,29.76172809,115.99593572,29.76172809,115.99593572,29.76172809,115.99593572,0.0000,0.00,0,-1,split_finetuned_dino,0,0,-1,,,
601,2850.00,29.76172809,115.99593572,29.76172809,115.99593572,29.76172809,115.99593572,0.0000,0.00,0,-1,split_finetuned_dino,0,0,-1,,,
602,2856.00,29.76172809,115.99593572,29.76172809,115.99593572,29.76172809,115.99593572,0.0000,0.00,0,-1,split_finetuned_dino,0,0,-1,,,
603,2862.00,29.76172809,115.99593572,29.76172809,115.99593572,29.76172809,115.99593572,0.0000,0.00,0,-1,split_finetuned_dino,0,0,-1,,,
604,2868.00,29.76172809,115.99593572,29.76172809,115.99593572,29.76172809,115.99593572,0.0000,0.00,0,-1,split_finetuned_dino,0,0,-1,,,
605,2873.00,29.76172809,115.99593572,29.76172809,115.99593572,29.76172809,115.99593572,0.0000,0.00,0,-1,split_finetuned_dino,0,0,-1,,,
606,2879.00,29.76172809,115.99593572,29.76172809,115.99593572,29.76172809,115.99593572,0.0000,0.00,0,-1,split_finetuned_dino,0,0,-1,,,
607,2885.00,29.76172809,115.99593572,29.76172809,115.99593572,29.76172809,115.99593572,0.0000,0.00,0,-1,split_finetuned_dino,0,0,-1,,,
608,2890.00,29.76172809,115.99593572,29.76172809,115.99593572,29.76172809,115.99593572,0.0000,0.00,0,-1,split_finetuned_dino,0,0,-1,,,
609,2896.00,29.76172809,115.99593572,29.76172809,115.99593572,29.76172809,115.99593572,0.0000,0.00,0,-1,split_finetuned_dino,0,0,-1,,,
610,2901.00,29.76172809,115.99593572,29.76172809,115.99593572,29.76172809,115.99593572,0.0000,0.00,0,-1,split_finetuned_dino,0,0,-1,,,
611,2907.00,29.76172809,115.99593572,29.76172809,115.99593572,29.76172809,115.99593572,0.0000,0.00,0,-1,split_finetuned_dino,0,0,-1,,,
612,2913.00,29.76172809,115.99593572,29.76172809,115.99593572,29.76172809,115.99593572,0.0000,0.00,0,-1,split_finetuned_dino,0,0,-1,,,
613,2918.00,29.76172809,115.99593572,29.76172809,115.99593572,29.76172809,115.99593572,0.0000,0.00,0,-1,split_finetuned_dino,0,0,-1,,,
614,2924.00,29.76172809,115.99593572,29.76172809,115.99593572,29.76172809,115.99593572,0.0000,0.00,0,-1,split_finetuned_dino,0,0,-1,,,
615,2929.00,29.76172809,115.99593572,29.76172809,115.99593572,29.76172809,115.99593572,0.0000,0.00,0,-1,split_finetuned_dino,0,0,-1,,,
616,2934.00,29.76172809,115.99593572,29.76172809,115.99593572,29.76172809,115.99593572,0.0000,0.00,0,-1,split_finetuned_dino,0,0,-1,,,
617,2940.00,29.76172809,115.99593572,29.76172809,115.99593572,29.76172809,115.99593572,0.0000,0.00,0,-1,split_finetuned_dino,0,0,-1,,,
618,2946.00,29.76172809,115.99593572,29.76172809,115.99593572,29.76172809,115.99593572,0.0000,0.00,0,-1,split_finetuned_dino,0,0,-1,,,
619,2951.00,29.76172809,115.99593572,29.76172809,115.99593572,29.76172809,115.99593572,0.0000,0.00,0,-1,split_finetuned_dino,0,0,-1,,,
620,2956.00,29.76172809,115.99593572,29.76172809,115.99593572,29.76172809,115.99593572,0.0000,0.00,0,-1,split_finetuned_dino,0,0,-1,,,
621,2962.00,29.76172809,115.99593572,29.76172809,115.99593572,29.76172809,115.99593572,0.0000,0.00,0,-1,split_finetuned_dino,0,0,-1,,,
622,2968.00,29.76172809,115.99593572,29.76172809,115.99593572,29.76172809,115.99593572,0.0000,0.00,0,-1,split_finetuned_dino,0,0,-1,,,
623,2974.00,29.76172809,115.99593572,29.76172809,115.99593572,29.76172809,115.99593572,0.0000,0.00,0,-1,split_finetuned_dino,0,0,-1,,,
624,2979.00,29.76172809,115.99593572,29.76172809,115.99593572,29.76172809,115.99593572,0.0000,0.00,0,-1,split_finetuned_dino,0,0,-1,,,
625,2984.00,29.76172809,115.99593572,29.76172809,115.99593572,29.76172809,115.99593572,0.0000,0.00,0,-1,split_finetuned_dino,0,0,-1,,,
626,2989.00,29.76172809,115.99593572,29.76172809,115.99593572,29.76172809,115.99593572,0.0000,0.00,0,-1,split_finetuned_dino,0,0,-1,,,
627,2995.00,29.76172809,115.99593572,29.76172809,115.99593572,29.76172809,115.99593572,0.0000,0.00,0,-1,split_finetuned_dino,0,0,-1,,,
628,3000.00,29.73349103,115.99445268,29.76172809,115.99593572,29.73349103,115.99445268,0.4867,3146.62,1,233,split_finetuned_dino,8,1,-1,2246.33,2246.33,2246.33
629,3006.00,29.73349103,115.99445268,29.73349103,115.99445268,29.73349103,115.99445268,0.0000,0.00,0,-1,split_finetuned_dino,0,0,-1,,,
630,3011.00,29.73349103,115.99445268,29.73349103,115.99445268,29.73349103,115.99445268,0.0000,0.00,0,-1,split_finetuned_dino,0,0,-1,,,
631,3017.00,29.73349103,115.99445268,29.73349103,115.99445268,29.73349103,115.99445268,0.0000,0.00,0,-1,split_finetuned_dino,0,0,-1,,,
632,3022.00,29.73349103,115.99445268,29.73349103,115.99445268,29.73349103,115.99445268,0.0000,0.00,0,-1,split_finetuned_dino,0,0,-1,,,
633,3027.00,29.73349103,115.99445268,29.73349103,115.99445268,29.73349103,115.99445268,0.0000,0.00,0,-1,split_finetuned_dino,0,0,-1,,,
634,3032.00,29.73349103,115.99445268,29.73349103,115.99445268,29.73349103,115.99445268,0.0000,0.00,0,-1,split_finetuned_dino,0,0,-1,,,
635,3037.00,29.76319205,115.98519463,29.73349103,115.99445268,29.73349103,115.99445268,0.4867,3425.28,1,436,split_finetuned_dino,8,1,-1,613.67,613.67,613.67
636,3042.00,29.73349103,115.99445268,29.73349103,115.99445268,29.73349103,115.99445268,0.0000,0.00,0,-1,split_finetuned_dino,0,0,-1,,,
637,3048.00,29.73349103,115.99445268,29.73349103,115.99445268,29.73349103,115.99445268,0.0000,0.00,0,-1,split_finetuned_dino,0,0,-1,,,
638,3053.00,29.73349103,115.99445268,29.73349103,115.99445268,29.73349103,115.99445268,0.0000,0.00,0,-1,split_finetuned_dino,0,0,-1,,,
639,3059.00,29.73349103,115.99445268,29.73349103,115.99445268,29.73349103,115.99445268,0.0000,0.00,0,-1,split_finetuned_dino,0,0,-1,,,
640,3066.00,29.73349103,115.99445268,29.73349103,115.99445268,29.73349103,115.99445268,0.0000,0.00,0,-1,split_finetuned_dino,0,0,-1,,,
641,3072.00,29.76319205,115.98519463,29.73349103,115.99445268,29.73349103,115.99445268,0.4867,3425.28,1,436,split_finetuned_dino,8,1,2,375.06,26.00,26.00
642,3078.00,29.76319205,115.98519463,29.73349103,115.99445268,29.73349103,115.99445268,0.4867,3425.28,1,436,split_finetuned_dino,8,1,-1,381.62,381.62,381.62
643,3084.00,29.76387884,115.98932051,29.73349103,115.99445268,29.73349103,115.99445268,0.4867,3418.95,1,438,split_finetuned_dino,8,1,-1,150.84,150.84,150.84
644,3089.00,29.76387884,115.98932051,29.73349103,115.99445268,29.73349103,115.99445268,0.4867,3418.95,1,438,split_finetuned_dino,8,1,-1,228.05,228.05,228.05
645,3095.00,29.74534387,115.98316258,29.73349103,115.99445268,29.73349103,115.99445268,0.4867,1712.28,1,305,split_finetuned_dino,8,1,-1,2375.25,2375.25,2375.25
646,3101.00,29.73349103,115.99445268,29.73349103,115.99445268,29.73349103,115.99445268,0.0000,0.00,0,-1,split_finetuned_dino,0,0,-1,,,
647,3107.00,29.73349103,115.99445268,29.73349103,115.99445268,29.73349103,115.99445268,0.0000,0.00,0,-1,split_finetuned_dino,0,0,-1,,,
648,3114.00,29.76387884,115.98932051,29.73349103,115.99445268,29.73349103,115.99445268,0.4867,3418.95,1,438,split_finetuned_dino,8,1,-1,550.07,550.07,550.07
649,3120.00,29.76387884,115.98932051,29.73349103,115.99445268,29.73349103,115.99445268,0.4867,3418.95,1,438,split_finetuned_dino,8,1,-1,627.93,575.65,575.65
650,3169.00,29.76319205,115.98519463,29.73349103,115.99445268,29.73349103,115.99445268,0.4867,3425.28,1,436,split_finetuned_dino,8,1,-1,822.10,822.10,822.10
651,3172.00,29.76319205,115.98519463,29.73349103,115.99445268,29.76319205,115.98519463,0.4867,3425.28,1,436,split_finetuned_dino,8,1,-1,767.69,767.69,767.69
652,3175.00,29.76319205,115.98519463,29.76319205,115.98519463,29.76319205,115.98519463,0.4867,0.00,0,436,split_finetuned_dino,8,1,-1,717.62,717.62,717.62
653,3178.00,29.77218589,115.99600987,29.76319205,115.98519463,29.76319205,115.98519463,0.4867,1447.49,1,506,split_finetuned_dino,8,1,-1,781.02,434.68,434.68
654,3181.00,29.74534387,115.98316258,29.76319205,115.98519463,29.76319205,115.98519463,0.4867,1996.54,1,305,split_finetuned_dino,8,1,-1,2397.64,450.49,450.49
655,3184.00,29.76319205,115.98519463,29.76319205,115.98519463,29.76319205,115.98519463,0.0000,0.00,0,-1,split_finetuned_dino,0,0,-1,,,
656,3187.00,29.76704284,115.99660309,29.76319205,115.98519463,29.76319205,115.98519463,0.4867,1183.12,1,467,split_finetuned_dino,8,1,-1,517.09,517.09,517.09
657,3190.00,29.76387884,115.98932051,29.76319205,115.98519463,29.76319205,115.98519463,0.4867,406.07,1,438,split_finetuned_dino,8,1,-1,172.42,172.42,172.42
658,3194.00,29.76319205,115.98519463,29.76319205,115.98519463,29.76319205,115.98519463,0.0000,0.00,0,-1,split_finetuned_dino,0,0,-1,,,
659,3197.00,29.76319205,115.98519463,29.76319205,115.98519463,29.76319205,115.98519463,0.0000,0.00,0,-1,split_finetuned_dino,0,0,-1,,,
660,3200.00,29.76319205,115.98519463,29.76319205,115.98519463,29.76319205,115.98519463,0.0000,0.00,0,-1,split_finetuned_dino,0,0,-1,,,
661,3203.00,29.76319205,115.98519463,29.76319205,115.98519463,29.76319205,115.98519463,0.0000,0.00,0,-1,split_finetuned_dino,0,0,-1,,,
662,3206.00,29.76319205,115.98519463,29.76319205,115.98519463,29.76319205,115.98519463,0.0000,0.00,0,-1,split_finetuned_dino,0,0,-1,,,
663,3210.00,29.76319205,115.98519463,29.76319205,115.98519463,29.76319205,115.98519463,0.0000,0.00,0,-1,split_finetuned_dino,0,0,-1,,,
664,3213.00,29.76319205,115.98519463,29.76319205,115.98519463,29.76319205,115.98519463,0.0000,0.00,0,-1,split_finetuned_dino,0,0,-1,,,
665,3216.00,29.76319205,115.98519463,29.76319205,115.98519463,29.76319205,115.98519463,0.0000,0.00,0,-1,split_finetuned_dino,0,0,-1,,,
666,3220.00,29.76319205,115.98519463,29.76319205,115.98519463,29.76319205,115.98519463,0.0000,0.00,0,-1,split_finetuned_dino,0,0,-1,,,
667,3223.00,29.76319205,115.98519463,29.76319205,115.98519463,29.76319205,115.98519463,0.0000,0.00,0,-1,split_finetuned_dino,0,0,-1,,,
668,3227.00,29.76319205,115.98519463,29.76319205,115.98519463,29.76319205,115.98519463,0.0000,0.00,0,-1,split_finetuned_dino,0,0,-1,,,
669,3230.00,29.76319205,115.98519463,29.76319205,115.98519463,29.76319205,115.98519463,0.0000,0.00,0,-1,split_finetuned_dino,0,0,-1,,,
670,3233.00,29.76319205,115.98519463,29.76319205,115.98519463,29.76319205,115.98519463,0.0000,0.00,0,-1,split_finetuned_dino,0,0,-1,,,
671,3237.00,29.76319205,115.98519463,29.76319205,115.98519463,29.76319205,115.98519463,0.0000,0.00,0,-1,split_finetuned_dino,0,0,-1,,,
672,3240.00,29.76319205,115.98519463,29.76319205,115.98519463,29.76319205,115.98519463,0.0000,0.00,0,-1,split_finetuned_dino,0,0,-1,,,
673,3244.00,29.76319205,115.98519463,29.76319205,115.98519463,29.76319205,115.98519463,0.0000,0.00,0,-1,split_finetuned_dino,0,0,-1,,,
674,3247.00,29.76319205,115.98519463,29.76319205,115.98519463,29.76319205,115.98519463,0.0000,0.00,0,-1,split_finetuned_dino,0,0,-1,,,
675,3251.00,29.76319205,115.98519463,29.76319205,115.98519463,29.76319205,115.98519463,0.0000,0.00,0,-1,split_finetuned_dino,0,0,-1,,,
676,3254.00,29.76319205,115.98519463,29.76319205,115.98519463,29.76319205,115.98519463,0.0000,0.00,0,-1,split_finetuned_dino,0,0,-1,,,
677,3257.00,29.76319205,115.98519463,29.76319205,115.98519463,29.76319205,115.98519463,0.0000,0.00,0,-1,split_finetuned_dino,0,0,-1,,,
678,3260.00,29.75047619,115.98541708,29.76319205,115.98519463,29.76319205,115.98519463,0.4867,1415.69,1,345,split_finetuned_dino,8,1,-1,613.98,613.98,613.98
679,3263.00,29.76319205,115.98519463,29.76319205,115.98519463,29.76319205,115.98519463,0.0000,0.00,0,-1,split_finetuned_dino,0,0,-1,,,
680,3266.00,29.76319205,115.98519463,29.76319205,115.98519463,29.76319205,115.98519463,0.0000,0.00,0,-1,split_finetuned_dino,0,0,-1,,,
681,3270.00,29.76319205,115.98519463,29.76319205,115.98519463,29.76319205,115.98519463,0.0000,0.00,0,-1,split_finetuned_dino,0,0,-1,,,
682,3273.00,29.76319205,115.98519463,29.76319205,115.98519463,29.76319205,115.98519463,0.0000,0.00,0,-1,split_finetuned_dino,0,0,-1,,,
683,3276.00,29.76319205,115.98519463,29.76319205,115.98519463,29.76319205,115.98519463,0.0000,0.00,0,-1,split_finetuned_dino,0,0,-1,,,
684,3279.00,29.76319205,115.98519463,29.76319205,115.98519463,29.76319205,115.98519463,0.0000,0.00,0,-1,split_finetuned_dino,0,0,-1,,,
685,3282.00,29.76319205,115.98519463,29.76319205,115.98519463,29.76319205,115.98519463,0.0000,0.00,0,-1,split_finetuned_dino,0,0,-1,,,
686,3285.00,29.76319205,115.98519463,29.76319205,115.98519463,29.76319205,115.98519463,0.0000,0.00,0,-1,split_finetuned_dino,0,0,-1,,,
687,3288.00,29.76319205,115.98519463,29.76319205,115.98519463,29.76319205,115.98519463,0.0000,0.00,0,-1,split_finetuned_dino,0,0,-1,,,
688,3291.00,29.76319205,115.98519463,29.76319205,115.98519463,29.76319205,115.98519463,0.0000,0.00,0,-1,split_finetuned_dino,0,0,-1,,,
689,3295.00,29.76319205,115.98519463,29.76319205,115.98519463,29.76319205,115.98519463,0.0000,0.00,0,-1,split_finetuned_dino,0,0,-1,,,
690,3298.00,29.76319205,115.98519463,29.76319205,115.98519463,29.76319205,115.98519463,0.0000,0.00,0,-1,split_finetuned_dino,0,0,-1,,,
691,3302.00,29.76319205,115.98519463,29.76319205,115.98519463,29.76319205,115.98519463,0.0000,0.00,0,-1,split_finetuned_dino,0,0,-1,,,
692,3305.00,29.76319205,115.98519463,29.76319205,115.98519463,29.76319205,115.98519463,0.0000,0.00,0,-1,split_finetuned_dino,0,0,-1,,,
693,3309.00,29.76319205,115.98519463,29.76319205,115.98519463,29.76319205,115.98519463,0.0000,0.00,0,-1,split_finetuned_dino,0,0,-1,,,
694,3312.00,29.76319205,115.98519463,29.76319205,115.98519463,29.76319205,115.98519463,0.0000,0.00,0,-1,split_finetuned_dino,0,0,-1,,,
695,3315.00,29.76319205,115.98519463,29.76319205,115.98519463,29.76319205,115.98519463,0.0000,0.00,0,-1,split_finetuned_dino,0,0,-1,,,
696,3319.00,29.76319205,115.98519463,29.76319205,115.98519463,29.76319205,115.98519463,0.0000,0.00,0,-1,split_finetuned_dino,0,0,-1,,,
697,3322.00,29.76319205,115.98519463,29.76319205,115.98519463,29.76319205,115.98519463,0.0000,0.00,0,-1,split_finetuned_dino,0,0,-1,,,
698,3325.00,29.76319205,115.98519463,29.76319205,115.98519463,29.76319205,115.98519463,0.0000,0.00,0,-1,split_finetuned_dino,0,0,-1,,,
699,3328.00,29.76319205,115.98519463,29.76319205,115.98519463,29.76319205,115.98519463,0.0000,0.00,0,-1,split_finetuned_dino,0,0,-1,,,
700,3332.00,29.76319205,115.98519463,29.76319205,115.98519463,29.76319205,115.98519463,0.0000,0.00,0,-1,split_finetuned_dino,0,0,-1,,,
701,3335.00,29.76319205,115.98519463,29.76319205,115.98519463,29.76319205,115.98519463,0.0000,0.00,0,-1,split_finetuned_dino,0,0,-1,,,
702,3339.00,29.76319205,115.98519463,29.76319205,115.98519463,29.76319205,115.98519463,0.0000,0.00,0,-1,split_finetuned_dino,0,0,-1,,,
703,3342.00,29.76319205,115.98519463,29.76319205,115.98519463,29.76319205,115.98519463,0.0000,0.00,0,-1,split_finetuned_dino,0,0,-1,,,
704,3346.00,29.76319205,115.98519463,29.76319205,115.98519463,29.76319205,115.98519463,0.0000,0.00,0,-1,split_finetuned_dino,0,0,-1,,,
705,3349.00,29.76319205,115.98519463,29.76319205,115.98519463,29.76319205,115.98519463,0.0000,0.00,0,-1,split_finetuned_dino,0,0,-1,,,
706,3352.00,29.76319205,115.98519463,29.76319205,115.98519463,29.76319205,115.98519463,0.0000,0.00,0,-1,split_finetuned_dino,0,0,-1,,,
707,3355.00,29.76319205,115.98519463,29.76319205,115.98519463,29.76319205,115.98519463,0.0000,0.00,0,-1,split_finetuned_dino,0,0,-1,,,
708,3358.00,29.76319205,115.98519463,29.76319205,115.98519463,29.76319205,115.98519463,0.0000,0.00,0,-1,split_finetuned_dino,0,0,-1,,,
709,3361.00,29.76319205,115.98519463,29.76319205,115.98519463,29.76319205,115.98519463,0.0000,0.00,0,-1,split_finetuned_dino,0,0,-1,,,
710,3365.00,29.76319205,115.98519463,29.76319205,115.98519463,29.76319205,115.98519463,0.0000,0.00,0,-1,split_finetuned_dino,0,0,-1,,,
711,3368.00,29.76319205,115.98519463,29.76319205,115.98519463,29.76319205,115.98519463,0.0000,0.00,0,-1,split_finetuned_dino,0,0,-1,,,
712,3371.00,29.76319205,115.98519463,29.76319205,115.98519463,29.76319205,115.98519463,0.0000,0.00,0,-1,split_finetuned_dino,0,0,-1,,,
713,3375.00,29.76319205,115.98519463,29.76319205,115.98519463,29.76319205,115.98519463,0.0000,0.00,0,-1,split_finetuned_dino,0,0,-1,,,
714,3378.00,29.76319205,115.98519463,29.76319205,115.98519463,29.76319205,115.98519463,0.0000,0.00,0,-1,split_finetuned_dino,0,0,-1,,,
715,3382.00,29.71976191,115.97342254,29.76319205,115.98519463,29.76319205,115.98519463,0.4867,4966.74,1,118,split_finetuned_dino,8,1,-1,1784.51,1784.51,1784.51
716,3385.00,29.76319205,115.98519463,29.76319205,115.98519463,29.76319205,115.98519463,0.0000,0.00,0,-1,split_finetuned_dino,0,0,-1,,,
717,3389.00,29.76319205,115.98519463,29.76319205,115.98519463,29.76319205,115.98519463,0.0000,0.00,0,-1,split_finetuned_dino,0,0,-1,,,
718,3392.00,29.70808697,115.99531779,29.76319205,115.98519463,29.76319205,115.98519463,0.4867,6211.85,1,38,split_finetuned_dino,8,1,-1,1460.28,1460.28,1460.28
719,3396.00,29.76319205,115.98519463,29.76319205,115.98519463,29.76319205,115.98519463,0.0000,0.00,0,-1,split_finetuned_dino,0,0,-1,,,
720,3399.00,29.76319205,115.98519463,29.76319205,115.98519463,29.76319205,115.98519463,0.0000,0.00,0,-1,split_finetuned_dino,0,0,-1,,,
721,3403.00,29.76319205,115.98519463,29.76319205,115.98519463,29.76319205,115.98519463,0.0000,0.00,0,-1,split_finetuned_dino,0,0,-1,,,
722,3406.00,29.76319205,115.98519463,29.76319205,115.98519463,29.76319205,115.98519463,0.0000,0.00,0,-1,split_finetuned_dino,0,0,-1,,,
723,3410.00,29.76319205,115.98519463,29.76319205,115.98519463,29.76319205,115.98519463,0.0000,0.00,0,-1,split_finetuned_dino,0,0,-1,,,
724,3413.00,29.76319205,115.98519463,29.76319205,115.98519463,29.76319205,115.98519463,0.0000,0.00,0,-1,split_finetuned_dino,0,0,-1,,,
725,3417.00,29.76319205,115.98519463,29.76319205,115.98519463,29.76319205,115.98519463,0.0000,0.00,0,-1,split_finetuned_dino,0,0,-1,,,
726,3420.00,29.76319205,115.98519463,29.76319205,115.98519463,29.76319205,115.98519463,0.0000,0.00,0,-1,split_finetuned_dino,0,0,-1,,,
727,3423.00,29.76319205,115.98519463,29.76319205,115.98519463,29.76319205,115.98519463,0.0000,0.00,0,-1,split_finetuned_dino,0,0,-1,,,
728,3427.00,29.76319205,115.98519463,29.76319205,115.98519463,29.76319205,115.98519463,0.0000,0.00,0,-1,split_finetuned_dino,0,0,-1,,,
729,3430.00,29.76319205,115.98519463,29.76319205,115.98519463,29.76319205,115.98519463,0.0000,0.00,0,-1,split_finetuned_dino,0,0,-1,,,
730,3434.00,29.76319205,115.98519463,29.76319205,115.98519463,29.76319205,115.98519463,0.0000,0.00,0,-1,split_finetuned_dino,0,0,-1,,,
731,3483.00,29.76319205,115.98519463,29.76319205,115.98519463,29.76319205,115.98519463,0.0000,0.00,0,-1,split_finetuned_dino,0,0,-1,,,
732,3489.00,29.76319205,115.98519463,29.76319205,115.98519463,29.76319205,115.98519463,0.0000,0.00,0,-1,split_finetuned_dino,0,0,-1,,,
733,3494.00,29.76319205,115.98519463,29.76319205,115.98519463,29.76319205,115.98519463,0.0000,0.00,0,-1,split_finetuned_dino,0,0,-1,,,
734,3499.00,29.76319205,115.98519463,29.76319205,115.98519463,29.76319205,115.98519463,0.0000,0.00,0,-1,split_finetuned_dino,0,0,-1,,,
735,3505.00,29.76319205,115.98519463,29.76319205,115.98519463,29.76319205,115.98519463,0.0000,0.00,0,-1,split_finetuned_dino,0,0,-1,,,
736,3509.00,29.76319205,115.98519463,29.76319205,115.98519463,29.76319205,115.98519463,0.0000,0.00,0,-1,split_finetuned_dino,0,0,-1,,,
737,3514.00,29.76319205,115.98519463,29.76319205,115.98519463,29.76319205,115.98519463,0.0000,0.00,0,-1,split_finetuned_dino,0,0,-1,,,
738,3520.00,29.76319205,115.98519463,29.76319205,115.98519463,29.76319205,115.98519463,0.0000,0.00,0,-1,split_finetuned_dino,0,0,-1,,,
739,3525.00,29.76850680,115.98394118,29.76319205,115.98519463,29.76319205,115.98519463,0.4867,603.92,1,474,split_finetuned_dino,8,1,-1,5764.07,1141.87,1141.87
740,3530.00,29.70791527,115.98959241,29.76319205,115.98519463,29.76319205,115.98519463,0.5333,6168.08,1,35,split_finetuned_dino,10,1,-1,1248.17,1248.17,1248.17
741,3535.00,29.70791527,115.98959241,29.76319205,115.98519463,29.70791527,115.98959241,0.5333,6168.08,1,35,split_finetuned_dino,10,1,-1,1322.94,1322.94,1322.94
742,3541.00,29.70791527,115.98959241,29.70791527,115.98959241,29.70791527,115.98959241,0.5333,0.00,0,35,split_finetuned_dino,10,1,-1,1398.06,1398.06,1398.06
743,3546.00,29.70808697,115.99531779,29.70791527,115.98959241,29.70791527,115.98959241,0.4867,553.74,1,38,split_finetuned_dino,8,1,-1,1448.16,1448.16,1448.16
744,3551.00,29.70791527,115.98959241,29.70791527,115.98959241,29.70791527,115.98959241,0.0000,0.00,0,-1,split_finetuned_dino,0,0,-1,,,
745,3557.00,29.71467252,115.97534336,29.70791527,115.98959241,29.70791527,115.98959241,0.4867,1569.33,1,80,split_finetuned_dino,8,1,-1,1932.87,1932.87,1932.87
746,3562.00,29.70791527,115.98959241,29.70791527,115.98959241,29.70791527,115.98959241,0.0000,0.00,0,-1,split_finetuned_dino,0,0,-1,,,
747,3567.00,29.70791527,115.98959241,29.70791527,115.98959241,29.70791527,115.98959241,0.0000,0.00,0,-1,split_finetuned_dino,0,0,-1,,,
748,3573.00,29.70791527,115.98959241,29.70791527,115.98959241,29.70791527,115.98959241,0.0000,0.00,0,-1,split_finetuned_dino,0,0,-1,,,
749,3579.00,29.70791527,115.98959241,29.70791527,115.98959241,29.70791527,115.98959241,0.0000,0.00,0,-1,split_finetuned_dino,0,0,-1,,,
750,3584.00,29.71976191,115.97342254,29.70791527,115.98959241,29.70791527,115.98959241,0.4867,2045.00,1,118,split_finetuned_dino,8,1,-1,2047.00,2047.00,2047.00
751,3590.00,29.71976191,115.97342254,29.70791527,115.98959241,29.70791527,115.98959241,0.4867,2045.00,1,118,split_finetuned_dino,8,1,-1,2070.62,2070.62,2070.62
752,3595.00,29.71976191,115.97342254,29.70791527,115.98959241,29.70791527,115.98959241,0.4867,2045.00,1,118,split_finetuned_dino,8,1,-1,2096.87,2096.87,2096.87
753,3601.00,29.70791527,115.98959241,29.70791527,115.98959241,29.70791527,115.98959241,0.0000,0.00,0,-1,split_finetuned_dino,0,0,-1,,,
754,3607.00,29.70791527,115.98959241,29.70791527,115.98959241,29.70791527,115.98959241,0.0000,0.00,0,-1,split_finetuned_dino,0,0,-1,,,
755,3612.00,29.70791527,115.98959241,29.70791527,115.98959241,29.70791527,115.98959241,0.0000,0.00,0,-1,split_finetuned_dino,0,0,-1,,,
756,3618.00,29.71976191,115.97342254,29.70791527,115.98959241,29.70791527,115.98959241,0.4867,2045.00,1,118,split_finetuned_dino,8,1,-1,2231.46,2231.46,2231.46
757,3624.00,29.71976191,115.97342254,29.70791527,115.98959241,29.70791527,115.98959241,0.4867,2045.00,1,118,split_finetuned_dino,8,1,-1,2269.64,2269.64,2269.64
758,3629.00,29.71976191,115.97342254,29.70791527,115.98959241,29.70791527,115.98959241,0.4867,2045.00,1,118,split_finetuned_dino,8,1,-1,2309.82,2309.82,2309.82
759,3635.00,29.70791527,115.98959241,29.70791527,115.98959241,29.70791527,115.98959241,0.0000,0.00,0,-1,split_finetuned_dino,0,0,-1,,,
760,3640.00,29.70791527,115.98959241,29.70791527,115.98959241,29.70791527,115.98959241,0.0000,0.00,0,-1,split_finetuned_dino,0,0,-1,,,
761,3646.00,29.70791527,115.98959241,29.70791527,115.98959241,29.70791527,115.98959241,0.0000,0.00,0,-1,split_finetuned_dino,0,0,-1,,,
762,3651.00,29.70791527,115.98959241,29.70791527,115.98959241,29.70791527,115.98959241,0.0000,0.00,0,-1,split_finetuned_dino,0,0,-1,,,
763,3657.00,29.70791527,115.98959241,29.70791527,115.98959241,29.70791527,115.98959241,0.0000,0.00,0,-1,split_finetuned_dino,0,0,-1,,,
764,3662.00,29.70791527,115.98959241,29.70791527,115.98959241,29.70791527,115.98959241,0.0000,0.00,0,-1,split_finetuned_dino,0,0,-1,,,
765,3667.00,29.70791527,115.98959241,29.70791527,115.98959241,29.70791527,115.98959241,0.0000,0.00,0,-1,split_finetuned_dino,0,0,-1,,,
766,3672.00,29.70791527,115.98959241,29.70791527,115.98959241,29.70791527,115.98959241,0.0000,0.00,0,-1,split_finetuned_dino,0,0,-1,,,
767,3678.00,29.70791527,115.98959241,29.70791527,115.98959241,29.70791527,115.98959241,0.0000,0.00,0,-1,split_finetuned_dino,0,0,-1,,,
768,3684.00,29.70791527,115.98959241,29.70791527,115.98959241,29.70791527,115.98959241,0.0000,0.00,0,-1,split_finetuned_dino,0,0,-1,,,
769,3690.00,29.70791527,115.98959241,29.70791527,115.98959241,29.70791527,115.98959241,0.0000,0.00,0,-1,split_finetuned_dino,0,0,-1,,,
770,3695.00,29.70791527,115.98959241,29.70791527,115.98959241,29.70791527,115.98959241,0.0000,0.00,0,-1,split_finetuned_dino,0,0,-1,,,
771,3701.00,29.70791527,115.98959241,29.70791527,115.98959241,29.70791527,115.98959241,0.0000,0.00,0,-1,split_finetuned_dino,0,0,-1,,,
772,3706.00,29.70791527,115.98959241,29.70791527,115.98959241,29.70791527,115.98959241,0.0000,0.00,0,-1,split_finetuned_dino,0,0,-1,,,
773,3713.00,29.70791527,115.98959241,29.70791527,115.98959241,29.70791527,115.98959241,0.0000,0.00,0,-1,split_finetuned_dino,0,0,-1,,,
774,3718.00,29.70791527,115.98959241,29.70791527,115.98959241,29.70791527,115.98959241,0.0000,0.00,0,-1,split_finetuned_dino,0,0,-1,,,
775,3724.00,29.70791527,115.98959241,29.70791527,115.98959241,29.70791527,115.98959241,0.0000,0.00,0,-1,split_finetuned_dino,0,0,-1,,,
776,3730.00,29.70791527,115.98959241,29.70791527,115.98959241,29.70791527,115.98959241,0.0000,0.00,0,-1,split_finetuned_dino,0,0,-1,,,
777,3736.00,29.70791527,115.98959241,29.70791527,115.98959241,29.70791527,115.98959241,0.0000,0.00,0,-1,split_finetuned_dino,0,0,-1,,,
778,3743.00,29.70791527,115.98959241,29.70791527,115.98959241,29.70791527,115.98959241,0.0000,0.00,0,-1,split_finetuned_dino,0,0,-1,,,
779,3748.00,29.70791527,115.98959241,29.70791527,115.98959241,29.70791527,115.98959241,0.0000,0.00,0,-1,split_finetuned_dino,0,0,-1,,,
780,3754.00,29.70791527,115.98959241,29.70791527,115.98959241,29.70791527,115.98959241,0.0000,0.00,0,-1,split_finetuned_dino,0,0,-1,,,
781,3759.00,29.70791527,115.98959241,29.70791527,115.98959241,29.70791527,115.98959241,0.0000,0.00,0,-1,split_finetuned_dino,0,0,-1,,,
782,3764.00,29.70791527,115.98959241,29.70791527,115.98959241,29.70791527,115.98959241,0.0000,0.00,0,-1,split_finetuned_dino,0,0,-1,,,
783,3770.00,29.70791527,115.98959241,29.70791527,115.98959241,29.70791527,115.98959241,0.0000,0.00,0,-1,split_finetuned_dino,0,0,-1,,,
784,3775.00,29.70791527,115.98959241,29.70791527,115.98959241,29.70791527,115.98959241,0.0000,0.00,0,-1,split_finetuned_dino,0,0,-1,,,
785,3782.00,29.70791527,115.98959241,29.70791527,115.98959241,29.70791527,115.98959241,0.0000,0.00,0,-1,split_finetuned_dino,0,0,-1,,,
786,3788.00,29.70791527,115.98959241,29.70791527,115.98959241,29.70791527,115.98959241,0.0000,0.00,0,-1,split_finetuned_dino,0,0,-1,,,
787,3794.00,29.70791527,115.98959241,29.70791527,115.98959241,29.70791527,115.98959241,0.0000,0.00,0,-1,split_finetuned_dino,0,0,-1,,,
788,3799.00,29.70791527,115.98959241,29.70791527,115.98959241,29.70791527,115.98959241,0.0000,0.00,0,-1,split_finetuned_dino,0,0,-1,,,
789,3805.00,29.70791527,115.98959241,29.70791527,115.98959241,29.70791527,115.98959241,0.0000,0.00,0,-1,split_finetuned_dino,0,0,-1,,,
790,3811.00,29.70791527,115.98959241,29.70791527,115.98959241,29.70791527,115.98959241,0.0000,0.00,0,-1,split_finetuned_dino,0,0,-1,,,
791,3818.00,29.70791527,115.98959241,29.70791527,115.98959241,29.70791527,115.98959241,0.0000,0.00,0,-1,split_finetuned_dino,0,0,-1,,,
792,3824.00,29.70791527,115.98959241,29.70791527,115.98959241,29.70791527,115.98959241,0.0000,0.00,0,-1,split_finetuned_dino,0,0,-1,,,
793,3830.00,29.70791527,115.98959241,29.70791527,115.98959241,29.70791527,115.98959241,0.0000,0.00,0,-1,split_finetuned_dino,0,0,-1,,,
794,3836.00,29.70791527,115.98959241,29.70791527,115.98959241,29.70791527,115.98959241,0.0000,0.00,0,-1,split_finetuned_dino,0,0,-1,,,
795,3842.00,29.70791527,115.98959241,29.70791527,115.98959241,29.70791527,115.98959241,0.0000,0.00,0,-1,split_finetuned_dino,0,0,-1,,,
796,3848.00,29.70791527,115.98959241,29.70791527,115.98959241,29.70791527,115.98959241,0.0000,0.00,0,-1,split_finetuned_dino,0,0,-1,,,
797,3853.00,29.70791527,115.98959241,29.70791527,115.98959241,29.70791527,115.98959241,0.0000,0.00,0,-1,split_finetuned_dino,0,0,-1,,,
798,3859.00,29.76319205,115.98519463,29.70791527,115.98959241,29.70791527,115.98959241,0.4867,6168.08,1,436,split_finetuned_dino,8,1,-1,863.96,863.96,863.96
799,3864.00,29.70791527,115.98959241,29.70791527,115.98959241,29.70791527,115.98959241,0.0000,0.00,0,-1,split_finetuned_dino,0,0,-1,,,
800,3870.00,29.70791527,115.98959241,29.70791527,115.98959241,29.70791527,115.98959241,0.0000,0.00,0,-1,split_finetuned_dino,0,0,-1,,,
801,3877.00,29.70791527,115.98959241,29.70791527,115.98959241,29.70791527,115.98959241,0.0000,0.00,0,-1,split_finetuned_dino,0,0,-1,,,
802,3883.00,29.70791527,115.98959241,29.70791527,115.98959241,29.70791527,115.98959241,0.0000,0.00,0,-1,split_finetuned_dino,0,0,-1,,,
803,3889.00,29.76319205,115.98519463,29.70791527,115.98959241,29.76319205,115.98519463,0.4867,6168.08,1,436,split_finetuned_dino,8,1,-1,761.66,761.66,761.66
804,3895.00,29.76319205,115.98519463,29.76319205,115.98519463,29.76319205,115.98519463,0.0000,0.00,0,-1,split_finetuned_dino,0,0,-1,,,
805,3902.00,29.76319205,115.98519463,29.76319205,115.98519463,29.76319205,115.98519463,0.0000,0.00,0,-1,split_finetuned_dino,0,0,-1,,,
806,3907.00,29.76319205,115.98519463,29.76319205,115.98519463,29.76319205,115.98519463,0.0000,0.00,0,-1,split_finetuned_dino,0,0,-1,,,
807,3913.00,29.76319205,115.98519463,29.76319205,115.98519463,29.76319205,115.98519463,0.0000,0.00,0,-1,split_finetuned_dino,0,0,-1,,,
808,3918.00,29.76319205,115.98519463,29.76319205,115.98519463,29.76319205,115.98519463,0.0000,0.00,0,-1,split_finetuned_dino,0,0,-1,,,
809,3924.00,29.76319205,115.98519463,29.76319205,115.98519463,29.76319205,115.98519463,0.0000,0.00,0,-1,split_finetuned_dino,0,0,-1,,,
810,3931.00,29.76319205,115.98519463,29.76319205,115.98519463,29.76319205,115.98519463,0.4867,0.00,0,436,split_finetuned_dino,8,1,-1,939.17,939.17,939.17
811,3937.00,29.76319205,115.98519463,29.76319205,115.98519463,29.76319205,115.98519463,0.0000,0.00,0,-1,split_finetuned_dino,0,0,-1,,,
812,3943.00,29.76319205,115.98519463,29.76319205,115.98519463,29.76319205,115.98519463,0.0000,0.00,0,-1,split_finetuned_dino,0,0,-1,,,
813,3949.00,29.76319205,115.98519463,29.76319205,115.98519463,29.76319205,115.98519463,0.0000,0.00,0,-1,split_finetuned_dino,0,0,-1,,,
814,3954.00,29.73349103,115.99445268,29.76319205,115.98519463,29.76319205,115.98519463,0.4867,3425.28,1,233,split_finetuned_dino,8,1,-1,4068.19,4068.19,4068.19
815,3959.00,29.71976191,115.97342254,29.76319205,115.98519463,29.76319205,115.98519463,0.4867,4966.74,1,118,split_finetuned_dino,8,1,-1,6065.11,6065.11,6065.11
816,3963.00,29.76319205,115.98519463,29.76319205,115.98519463,29.76319205,115.98519463,0.0000,0.00,0,-1,split_finetuned_dino,0,0,-1,,,
