Frame,Time_Sec,Raw_Lat,Raw_Lng,Predicted_Lat,Predicted_Lng,Filtered_Lat,Filtered_Lng,Match_Confidence,Innovation_M,Outlier_Rejected,Best_Match_Idx,Algorithm,Inliers,Measurement_Valid,Correct_Candidate_Rank,Top1_Min_Dist_M,Top5_Min_Dist_M,Top10_Min_Dist_M
1,2.00,30.94269344,120.22628164,30.94530000,120.14500000,30.94530000,120.14500000,0.5800,7767.37,1,1275,split_finetuned_disk,12,1,-1,7790.72,803.21,803.21
2,4.00,30.94629742,120.15601146,30.94530000,120.14500000,30.94530000,120.14500000,0.5567,1057.38,1,1353,split_finetuned_disk,11,1,-1,905.85,493.13,493.13
3,6.00,30.94394282,120.15288595,30.94530000,120.14500000,30.94530000,120.14500000,0.4633,768.07,1,1295,split_finetuned_disk,7,1,-1,492.36,492.36,492.36
4,8.00,30.94644764,120.15733029,30.94530000,120.14500000,30.94530000,120.14500000,0.6500,1184.39,1,1354,split_finetuned_disk,15,1,-1,1012.65,396.42,396.42
5,10.00,30.94394282,120.15288595,30.94530000,120.14500000,30.94530000,120.14500000,0.4633,768.07,1,1295,split_finetuned_disk,7,1,-1,396.42,396.42,396.42
6,12.00,30.94644764,120.15733029,30.94530000,120.14500000,30.94530000,120.14500000,0.6500,1184.39,1,1354,split_finetuned_disk,15,1,-1,921.16,300.61,300.61
7,13.00,30.94269344,120.22628164,30.94530000,120.14500000,30.94530000,120.14500000,0.5800,7767.37,1,1275,split_finetuned_disk,12,1,-1,7503.08,300.59,300.59
8,15.00,30.94269344,120.22628164,30.94530000,120.14500000,30.94530000,120.14500000,0.5800,7767.37,1,1275,split_finetuned_disk,12,1,-1,7407.34,205.68,205.68
9,17.00,30.94269344,120.22628164,30.94530000,120.14500000,30.94530000,120.14500000,0.5800,7767.37,1,1275,split_finetuned_disk,12,1,-1,7407.07,306.04,306.04
10,19.00,30.94269344,120.22628164,30.94530000,120.14500000,30.94269344,120.22628164,0.5800,7767.37,1,1275,split_finetuned_disk,12,1,-1,7311.60,252.22,252.22
11,21.00,30.94269344,120.22628164,30.94269344,120.22628164,30.94269344,120.22628164,0.5800,0.00,0,1275,split_finetuned_disk,12,1,-1,7311.35,262.29,262.29
12,23.00,30.94269344,120.22628164,30.94269344,120.22628164,30.94269344,120.22628164,0.5800,0.00,0,1275,split_finetuned_disk,12,1,-1,7215.63,6614.25,6614.25
13,25.00,30.94269344,120.22628164,30.94269344,120.22628164,30.94269344,120.22628164,0.5800,0.00,0,1275,split_finetuned_disk,12,1,-1,7215.41,260.96,260.96
14,27.00,30.94269344,120.22628164,30.94269344,120.22628164,30.94269344,120.22628164,0.5800,0.00,0,1275,split_finetuned_disk,12,1,-1,7119.93,6518.85,6518.85
15,29.00,30.94269344,120.22628164,30.94269344,120.22628164,30.94269344,120.22628164,0.5800,0.00,0,1275,split_finetuned_disk,12,1,-1,7119.73,6518.96,6518.96
16,31.00,30.94269344,120.22628164,30.94269344,120.22628164,30.94269344,120.22628164,0.5800,0.00,0,1275,split_finetuned_disk,12,1,-1,7024.05,6423.61,6423.61
17,33.00,30.94269344,120.22628164,30.94269344,120.22628164,30.94269344,120.22628164,0.5800,0.00,0,1275,split_finetuned_disk,12,1,-1,7024.05,6423.61,6423.61
18,35.00,30.94269344,120.22628164,30.94269344,120.22628164,30.94269344,120.22628164,0.5800,0.00,0,1275,split_finetuned_disk,12,1,-1,6928.39,6328.28,6328.28
19,37.00,30.94269344,120.22628164,30.94269344,120.22628164,30.94269344,120.22628164,0.5800,0.00,0,1275,split_finetuned_disk,12,1,-1,6928.23,6328.45,6328.45
20,38.00,30.94269344,120.22628164,30.94269344,120.22628164,30.94269344,120.22628164,0.5800,0.00,0,1275,split_finetuned_disk,12,1,-1,6832.60,6232.65,6232.65
21,40.00,30.94269344,120.22628164,30.94269344,120.22628164,30.94269344,120.22628164,0.5800,0.00,0,1275,split_finetuned_disk,12,1,-1,6832.47,6232.51,6232.51
22,42.00,30.94269344,120.22628164,30.94269344,120.22628164,30.94269344,120.22628164,0.5800,0.00,0,1275,split_finetuned_disk,12,1,-1,6736.87,6138.15,6138.15
23,44.00,30.94269344,120.22628164,30.94269344,120.22628164,30.94269344,120.22628164,0.5800,0.00,0,1275,split_finetuned_disk,12,1,-1,6736.87,428.91,428.91
24,46.00,30.94269344,120.22628164,30.94269344,120.22628164,30.94269344,120.22628164,0.5800,0.00,0,1275,split_finetuned_disk,12,1,-1,6641.29,6041.31,6041.31
25,48.00,30.94488708,120.17341680,30.94269344,120.22628164,30.94269344,120.22628164,0.4633,5054.20,1,1305,split_finetuned_disk,7,1,-1,1450.04,244.27,244.27
26,50.00,30.94488708,120.17341680,30.94269344,120.22628164,30.94269344,120.22628164,0.4633,5054.20,1,1305,split_finetuned_disk,7,1,-1,1355.17,150.80,150.80
27,52.00,30.94488708,120.17341680,30.94269344,120.22628164,30.94269344,120.22628164,0.4633,5054.20,1,1305,split_finetuned_disk,7,1,-1,1261.87,576.13,576.13
28,53.00,30.94488708,120.17341680,30.94269344,120.22628164,30.94269344,120.22628164,0.4633,5054.20,1,1305,split_finetuned_disk,7,1,-1,1263.44,579.55,579.55
29,55.00,30.94644764,120.15733029,30.94269344,120.22628164,30.94269344,120.22628164,0.6500,6597.72,1,1354,split_finetuned_disk,15,1,-1,464.30,464.30,464.30
30,57.00,30.94394282,120.15288595,30.94269344,120.22628164,30.94269344,120.22628164,0.4633,7010.26,1,1295,split_finetuned_disk,7,1,4,869.96,45.69,45.69
31,59.00,30.94269344,120.22628164,30.94269344,120.22628164,30.94269344,120.22628164,0.5800,0.00,0,1275,split_finetuned_disk,12,1,-1,6259.12,844.49,844.49
32,61.00,30.94269344,120.22628164,30.94269344,120.22628164,30.94269344,120.22628164,0.5800,0.00,0,1275,split_finetuned_disk,12,1,-1,6259.14,5663.26,5663.26
33,63.00,30.94269344,120.22628164,30.94269344,120.22628164,30.94269344,120.22628164,0.5800,0.00,0,1275,split_finetuned_disk,12,1,-1,6163.69,5563.69,5563.69
34,65.00,30.94269344,120.22628164,30.94269344,120.22628164,30.94269344,120.22628164,0.5800,0.00,0,1275,split_finetuned_disk,12,1,-1,6163.75,5563.76,5563.76
35,67.00,30.94269344,120.22628164,30.94269344,120.22628164,30.94269344,120.22628164,0.5800,0.00,0,1275,split_finetuned_disk,12,1,-1,6068.33,5468.36,5468.36
36,69.00,30.94269344,120.22628164,30.94269344,120.22628164,30.94269344,120.22628164,0.5800,0.00,0,1275,split_finetuned_disk,12,1,-1,6068.33,5468.36,5468.36
37,71.00,30.94269344,120.22628164,30.94269344,120.22628164,30.94269344,120.22628164,0.5800,0.00,0,1275,split_finetuned_disk,12,1,-1,5972.95,5372.98,5372.98
38,73.00,30.94269344,120.22628164,30.94269344,120.22628164,30.94269344,120.22628164,0.5800,0.00,0,1275,split_finetuned_disk,12,1,-1,5973.07,1062.78,1062.78
39,75.00,30.94394282,120.15288595,30.94269344,120.22628164,30.94269344,120.22628164,0.4633,7010.26,1,1295,split_finetuned_disk,7,1,-1,1352.84,529.44,529.44
40,77.00,30.94720949,120.15279133,30.94269344,120.22628164,30.94269344,120.22628164,0.4867,7035.90,1,1352,split_finetuned_disk,8,1,-1,1222.42,1158.03,1158.03
41,79.00,30.94269344,120.22628164,30.94269344,120.22628164,30.94269344,120.22628164,0.5800,0.00,0,1275,split_finetuned_disk,12,1,-1,5782.42,1132.00,1132.00
42,81.00,30.94269344,120.22628164,30.94269344,120.22628164,30.94269344,120.22628164,0.5800,0.00,0,1275,split_finetuned_disk,12,1,-1,5782.61,633.38,633.38
43,85.00,30.94269344,120.22628164,30.94269344,120.22628164,30.94269344,120.22628164,0.5800,0.00,0,1275,split_finetuned_disk,12,1,-1,5687.59,1415.88,1415.88
44,89.00,30.94269344,120.22628164,30.94269344,120.22628164,30.94269344,120.22628164,0.5800,0.00,0,1275,split_finetuned_disk,12,1,-1,5592.38,1508.85,1508.85
45,93.00,30.94304754,120.22863868,30.94269344,120.22628164,30.94269344,120.22628164,0.5800,228.51,1,1276,split_finetuned_disk,12,1,-1,5697.44,3522.61,3522.61
46,96.00,30.94269344,120.22628164,30.94269344,120.22628164,30.94269344,120.22628164,0.5800,0.00,0,1275,split_finetuned_disk,12,1,-1,5402.42,4802.76,4802.76
47,100.00,30.94269344,120.22628164,30.94269344,120.22628164,30.94269344,120.22628164,0.5800,0.00,0,1275,split_finetuned_disk,12,1,-1,5307.74,4708.20,4708.20
48,104.00,30.94269344,120.22628164,30.94269344,120.22628164,30.94269344,120.22628164,0.5800,0.00,0,1275,split_finetuned_disk,12,1,-1,5212.74,4613.27,4613.27
49,108.00,30.94269344,120.22628164,30.94269344,120.22628164,30.94269344,120.22628164,0.5800,0.00,0,1275,split_finetuned_disk,12,1,-1,5118.26,4518.94,4518.94
50,112.00,30.94269344,120.22628164,30.94269344,120.22628164,30.94269344,120.22628164,0.5800,0.00,0,1275,split_finetuned_disk,12,1,-1,5023.38,4424.15,4424.15
51,116.00,30.94269344,120.22628164,30.94269344,120.22628164,30.94269344,120.22628164,0.5800,0.00,0,1275,split_finetuned_disk,12,1,-1,4833.77,4234.77,4234.77
52,120.00,30.94269344,120.22628164,30.94269344,120.22628164,30.94269344,120.22628164,0.5800,0.00,0,1275,split_finetuned_disk,12,1,-1,4739.70,4140.93,4140.93
53,124.00,30.94269344,120.22628164,30.94269344,120.22628164,30.94269344,120.22628164,0.5800,0.00,0,1275,split_finetuned_disk,12,1,-1,4645.07,4046.46,4046.46
54,128.00,30.94269344,120.22628164,30.94269344,120.22628164,30.94269344,120.22628164,0.5800,0.00,0,1275,split_finetuned_disk,12,1,-1,4551.27,3952.95,3952.95
55,132.00,30.94269344,120.22628164,30.94269344,120.22628164,30.94269344,120.22628164,0.5800,0.00,0,1275,split_finetuned_disk,12,1,-1,4456.82,3858.70,3858.70
56,136.00,30.94269344,120.22628164,30.94269344,120.22628164,30.94269344,120.22628164,0.5800,0.00,0,1275,split_finetuned_disk,12,1,-1,4363.32,3765.57,3765.57
57,140.00,30.94269344,120.22628164,30.94269344,120.22628164,30.94269344,120.22628164,0.5800,0.00,0,1275,split_finetuned_disk,12,1,-1,4269.07,3671.58,3671.58
58,144.00,30.94269344,120.22628164,30.94269344,120.22628164,30.94269344,120.22628164,0.5800,0.00,0,1275,split_finetuned_disk,12,1,-1,4175.91,3578.88,3578.88
59,148.00,30.94269344,120.22628164,30.94269344,120.22628164,30.94269344,120.22628164,0.5800,0.00,0,1275,split_finetuned_disk,12,1,-1,4081.89,3485.19,3485.19
60,152.00,30.94304754,120.22863868,30.94269344,120.22628164,30.94269344,120.22628164,0.5800,228.51,1,1276,split_finetuned_disk,12,1,-1,4188.08,3393.00,3393.00
61,156.00,30.94304754,120.22863868,30.94269344,120.22628164,30.94269344,120.22628164,0.5800,228.51,1,1276,split_finetuned_disk,12,1,-1,4095.40,249.96,249.96
62,160.00,30.94304754,120.22863868,30.94269344,120.22628164,30.94269344,120.22628164,0.5800,228.51,1,1276,split_finetuned_disk,12,1,-1,4001.71,251.69,251.69
63,164.00,30.94304754,120.22863868,30.94269344,120.22628164,30.94269344,120.22628164,0.5800,228.51,1,1276,split_finetuned_disk,12,1,-1,3909.47,297.75,297.75
64,168.00,30.94269344,120.22628164,30.94269344,120.22628164,30.94269344,120.22628164,0.5800,0.00,0,1275,split_finetuned_disk,12,1,-1,3617.79,3024.25,3024.25
65,172.00,30.94269344,120.22628164,30.94269344,120.22628164,30.94269344,120.22628164,0.5800,0.00,0,1275,split_finetuned_disk,12,1,-1,3526.31,2933.79,2933.79
66,176.00,30.94269344,120.22628164,30.94269344,120.22628164,30.94269344,120.22628164,0.5800,0.00,0,1275,split_finetuned_disk,12,1,-1,3433.49,2841.78,2841.78
67,180.00,30.94269344,120.22628164,30.94269344,120.22628164,30.94269344,120.22628164,0.5800,0.00,0,1275,split_finetuned_disk,12,1,-1,3342.64,2752.21,2752.21
68,184.00,30.94269344,120.22628164,30.94269344,120.22628164,30.94269344,120.22628164,0.5800,0.00,0,1275,split_finetuned_disk,12,1,-1,3252.20,2663.25,2663.25
69,188.00,30.94304754,120.22863868,30.94269344,120.22628164,30.94269344,120.22628164,0.5800,228.51,1,1276,split_finetuned_disk,12,1,-1,3357.07,2815.98,2815.98
70,192.00,30.94304754,120.22863868,30.94269344,120.22628164,30.94269344,120.22628164,0.5800,228.51,1,1276,split_finetuned_disk,12,1,-1,3267.00,2730.68,2730.68
71,196.00,30.94304754,120.22863868,30.94269344,120.22628164,30.94269344,120.22628164,0.5800,228.51,1,1276,split_finetuned_disk,12,1,-1,3175.26,916.84,916.84
72,200.00,30.94304754,120.22863868,30.94269344,120.22628164,30.94269344,120.22628164,0.5800,228.51,1,1276,split_finetuned_disk,12,1,-1,3086.03,821.82,821.82
73,204.00,30.94304754,120.22863868,30.94269344,120.22628164,30.94269344,120.22628164,0.5800,228.51,1,1276,split_finetuned_disk,12,1,-1,2994.96,726.92,726.92
74,208.00,30.94269344,120.22628164,30.94269344,120.22628164,30.94269344,120.22628164,0.5800,0.00,0,1275,split_finetuned_disk,12,1,-1,2712.38,2391.14,2391.14
75,212.00,30.94269344,120.22628164,30.94269344,120.22628164,30.94269344,120.22628164,0.5800,0.00,0,1275,split_finetuned_disk,12,1,-1,2622.71,539.82,539.82
76,216.00,30.94304754,120.22863868,30.94269344,120.22628164,30.94269344,120.22628164,0.5800,228.51,1,1276,split_finetuned_disk,12,1,-1,2729.43,2227.28,2227.28
77,220.00,30.94155137,120.22678198,30.94269344,120.22628164,30.94269344,120.22628164,0.5100,135.82,1,1219,split_finetuned_disk,9,1,-1,2397.97,2146.50,2146.50
78,224.00,30.93600054,120.22862617,30.94269344,120.22628164,30.94269344,120.22628164,0.5333,777.97,1,1052,split_finetuned_disk,10,1,-1,2449.38,2068.62,2068.62
79,228.00,30.94155137,120.22678198,30.94269344,120.22628164,30.94269344,120.22628164,0.5100,135.82,1,1219,split_finetuned_disk,9,1,-1,2222.28,1907.02,1907.02
80,232.00,30.94155137,120.22678198,30.94269344,120.22628164,30.94269344,120.22628164,0.5100,135.82,1,1219,split_finetuned_disk,9,1,-1,2132.81,1864.44,1864.44
81,236.00,30.94304754,120.22863868,30.94269344,120.22628164,30.94269344,120.22628164,0.5800,228.51,1,1276,split_finetuned_disk,12,1,-1,2299.82,1571.68,1571.68
82,240.00,30.94304754,120.22863868,30.94269344,120.22628164,30.94269344,120.22628164,0.5800,228.51,1,1276,split_finetuned_disk,12,1,-1,2214.27,1772.46,1772.46
83,244.00,30.94155137,120.22678198,30.94269344,120.22628164,30.94269344,120.22628164,0.5100,135.82,1,1219,split_finetuned_disk,9,1,-1,1875.59,1585.92,1585.92
84,248.00,30.94304754,120.22863868,30.94269344,120.22628164,30.94269344,120.22628164,0.5800,228.51,1,1276,split_finetuned_disk,12,1,-1,1968.23,1572.94,1572.94
85,252.00,30.94155137,120.22678198,30.94269344,120.22628164,30.94155137,120.22678198,0.5100,135.82,1,1219,split_finetuned_disk,9,1,-1,1621.00,1378.65,1378.65
86,256.00,30.94304754,120.22863868,30.94155137,120.22678198,30.94155137,120.22678198,0.5800,243.26,1,1276,split_finetuned_disk,12,1,-1,1813.22,1319.50,1319.50
87,260.00,30.94155137,120.22678198,30.94155137,120.22678198,30.94155137,120.22678198,0.5100,0.00,0,1219,split_finetuned_disk,9,1,-1,1463.47,1257.34,1257.34
88,264.00,30.94304754,120.22863868,30.94155137,120.22678198,30.94155137,120.22678198,0.5800,243.26,1,1276,split_finetuned_disk,12,1,-1,1666.37,1202.68,1202.68
89,268.00,30.94304754,120.22863868,30.94155137,120.22678198,30.94155137,120.22678198,0.5800,243.26,1,1276,split_finetuned_disk,12,1,-1,1593.50,1147.40,1147.40
90,272.00,30.93724992,120.20608853,30.94155137,120.22678198,30.94155137,120.22678198,0.5567,2033.30,1,1097,split_finetuned_disk,11,1,-1,1049.79,1016.66,1016.66
91,276.00,30.94304754,120.22863868,30.94155137,120.22678198,30.94155137,120.22678198,0.5800,243.26,1,1276,split_finetuned_disk,12,1,-1,1463.10,900.17,900.17
92,280.00,30.94155137,120.22678198,30.94155137,120.22678198,30.94155137,120.22678198,0.5100,0.00,0,1219,split_finetuned_disk,9,1,-1,1124.49,720.48,720.48
93,284.00,30.94155137,120.22678198,30.94155137,120.22678198,30.94155137,120.22678198,0.5100,0.00,0,1219,split_finetuned_disk,9,1,-1,1073.65,822.12,822.12
94,288.00,30.94155137,120.22678198,30.94155137,120.22678198,30.94155137,120.22678198,0.5100,0.00,0,1219,split_finetuned_disk,9,1,-1,1020.83,745.89,745.89
95,291.00,30.94155137,120.22678198,30.94155137,120.22678198,30.94155137,120.22678198,0.5100,0.00,0,1219,split_finetuned_disk,9,1,-1,984.01,984.01,984.01
96,295.00,30.94155137,120.22678198,30.94155137,120.22678198,30.94155137,120.22678198,0.5100,0.00,0,1219,split_finetuned_disk,9,1,-1,945.98,498.84,498.84
97,299.00,30.94155137,120.22678198,30.94155137,120.22678198,30.94155137,120.22678198,0.5100,0.00,0,1219,split_finetuned_disk,9,1,-1,926.84,428.53,428.53
98,303.00,30.94155137,120.22678198,30.94155137,120.22678198,30.94155137,120.22678198,0.5100,0.00,0,1219,split_finetuned_disk,9,1,-1,907.11,475.91,475.91
99,307.00,30.94304754,120.22863868,30.94155137,120.22678198,30.94155137,120.22678198,0.5800,243.26,1,1276,split_finetuned_disk,12,1,-1,1149.98,517.68,517.68
100,311.00,30.94155137,120.22678198,30.94155137,120.22678198,30.94155137,120.22678198,0.5100,0.00,0,1219,split_finetuned_disk,9,1,-1,908.85,510.02,510.02
101,315.00,30.94155137,120.22678198,30.94155137,120.22678198,30.94155137,120.22678198,0.5100,0.00,0,1219,split_finetuned_disk,9,1,-1,930.64,531.41,531.41
102,319.00,30.94155137,120.22678198,30.94155137,120.22678198,30.94155137,120.22678198,0.5100,0.00,0,1219,split_finetuned_disk,9,1,-1,961.98,555.25,555.25
103,323.00,30.94155137,120.22678198,30.94155137,120.22678198,30.94155137,120.22678198,0.5100,0.00,0,1219,split_finetuned_disk,9,1,-1,991.16,564.08,564.08
104,327.00,30.94155137,120.22678198,30.94155137,120.22678198,30.94155137,120.22678198,0.5100,0.00,0,1219,split_finetuned_disk,9,1,-1,1039.08,671.91,671.91
105,331.00,30.94155137,120.22678198,30.94155137,120.22678198,30.94155137,120.22678198,0.5100,0.00,0,1219,split_finetuned_disk,9,1,-1,1083.46,1083.46,1083.46
106,334.00,30.94155137,120.22678198,30.94155137,120.22678198,30.94155137,120.22678198,0.5100,0.00,0,1219,split_finetuned_disk,9,1,-1,1144.18,696.99,696.99
107,338.00,30.94155137,120.22678198,30.94155137,120.22678198,30.94155137,120.22678198,0.5100,0.00,0,1219,split_finetuned_disk,9,1,-1,1200.23,1200.23,1200.23
108,342.00,30.94155137,120.22678198,30.94155137,120.22678198,30.94155137,120.22678198,0.5100,0.00,0,1219,split_finetuned_disk,9,1,-1,1270.34,1270.34,1270.34
109,346.00,30.93660144,120.22158713,30.94155137,120.22678198,30.94155137,120.22678198,0.6267,741.43,1,1048,split_finetuned_disk,14,1,-1,1481.73,809.94,809.94
110,350.00,30.94155137,120.22678198,30.94155137,120.22678198,30.94155137,120.22678198,0.5100,0.00,0,1219,split_finetuned_disk,9,1,-1,1411.95,1133.67,1133.67
111,354.00,30.93660144,120.22158713,30.94155137,120.22678198,30.94155137,120.22678198,0.6267,741.43,1,1048,split_finetuned_disk,14,1,-1,1673.82,1217.45,1217.45
112,358.00,30.94155137,120.22678198,30.94155137,120.22678198,30.94155137,120.22678198,0.5100,0.00,0,1219,split_finetuned_disk,9,1,-1,1564.80,1309.01,1309.01
113,362.00,30.94155137,120.22678198,30.94155137,120.22678198,30.94155137,120.22678198,0.5100,0.00,0,1219,split_finetuned_disk,9,1,-1,1648.32,1401.45,1401.45
114,366.00,30.94155137,120.22678198,30.94155137,120.22678198,30.94155137,120.22678198,0.5100,0.00,0,1219,split_finetuned_disk,9,1,-1,1725.92,1599.34,1599.34
115,428.00,30.93539965,120.17498580,30.94155137,120.22678198,30.94155137,120.22678198,0.5100,4993.43,1,1026,split_finetuned_disk,9,1,5,6435.72,46.06,46.06
116,434.00,30.93539965,120.17498580,30.94155137,120.22678198,30.94155137,120.22678198,0.5100,4993.43,1,1026,split_finetuned_disk,9,1,-1,6338.14,485.33,485.33
117,440.00,30.92742985,120.23435889,30.94155137,120.22678198,30.94155137,120.22678198,0.5100,1730.53,1,831,split_finetuned_disk,9,1,-1,389.54,389.54,389.54
118,447.00,30.93341594,120.20473761,30.94155137,120.22678198,30.94155137,120.22678198,0.5567,2291.66,1,929,split_finetuned_disk,11,1,4,3117.94,94.99,94.99
119,453.00,30.92742985,120.23435889,30.94155137,120.22678198,30.94155137,120.22678198,0.5100,1730.53,1,831,split_finetuned_disk,9,1,4,200.04,25.14,25.14
120,459.00,30.92742985,120.23435889,30.94155137,120.22678198,30.94155137,120.22678198,0.5100,1730.53,1,831,split_finetuned_disk,9,1,1,113.33,107.98,107.98
121,465.00,30.93570010,120.16363840,30.94155137,120.22678198,30.94155137,120.22678198,0.5100,6064.94,1,1021,split_finetuned_disk,9,1,2,6847.74,58.97,58.97
122,471.00,30.93660144,120.22158713,30.94155137,120.22678198,30.94155137,120.22678198,0.6267,741.43,1,1048,split_finetuned_disk,14,1,-1,1413.20,1277.79,1277.79
123,477.00,30.94664079,120.22264329,30.94155137,120.22678198,30.94155137,120.22678198,0.5100,690.79,1,1385,split_finetuned_disk,9,1,-1,2118.75,1224.48,1224.48
124,483.00,30.94664079,120.22264329,30.94155137,120.22678198,30.94664079,120.22264329,0.5100,690.79,1,1385,split_finetuned_disk,9,1,-1,2058.61,1166.24,1166.24
125,489.00,30.94642618,120.22399965,30.94664079,120.22264329,30.94664079,120.22264329,0.5567,131.71,1,1386,split_finetuned_disk,11,1,-1,1948.19,1676.18,1676.18
126,495.00,30.94664079,120.22264329,30.94664079,120.22264329,30.94664079,120.22264329,0.5100,0.00,0,1385,split_finetuned_disk,9,1,-1,1958.10,1078.26,1078.26
127,501.00,30.93745380,120.22054893,30.94664079,120.22264329,30.94664079,120.22264329,0.5567,1042.07,1,1104,split_finetuned_disk,11,1,-1,1111.46,832.43,832.43
128,507.00,30.94664079,120.22264329,30.94664079,120.22264329,30.94664079,120.22264329,0.5100,0.00,0,1385,split_finetuned_disk,9,1,-1,1872.34,1019.98,1019.98
129,513.00,30.94642618,120.22399965,30.94664079,120.22264329,30.94664079,120.22264329,0.5567,131.71,1,1386,split_finetuned_disk,11,1,-1,1802.88,1634.28,1634.28
130,519.00,30.94664079,120.22264329,30.94664079,120.22264329,30.94664079,120.22264329,0.5100,0.00,0,1385,split_finetuned_disk,9,1,-1,1803.43,996.63,996.63
131,525.00,30.94155137,120.22678198,30.94664079,120.22264329,30.94664079,120.22264329,0.5100,690.79,1,1219,split_finetuned_disk,9,1,-1,1188.50,1188.50,1188.50
132,531.00,30.94155137,120.22678198,30.94664079,120.22264329,30.94664079,120.22264329,0.5100,690.79,1,1219,split_finetuned_disk,9,1,-1,1200.95,764.90,764.90
133,537.00,30.94155137,120.22678198,30.94664079,120.22264329,30.94664079,120.22264329,0.5100,690.79,1,1219,split_finetuned_disk,9,1,-1,1210.46,1026.26,1026.26
134,543.00,30.93804396,120.22887634,30.94664079,120.22264329,30.94664079,120.22264329,0.5100,1127.00,1,1108,split_finetuned_disk,9,1,-1,1024.14,892.80,892.80
135,549.00,30.94155137,120.22678198,30.94664079,120.22264329,30.94664079,120.22264329,0.5100,690.79,1,1219,split_finetuned_disk,9,1,-1,1262.18,815.99,815.99
136,555.00,30.94155137,120.22678198,30.94664079,120.22264329,30.94664079,120.22264329,0.5100,690.79,1,1219,split_finetuned_disk,9,1,-1,1293.54,851.82,851.82
137,561.00,30.94155137,120.22678198,30.94664079,120.22264329,30.94664079,120.22264329,0.5100,690.79,1,1219,split_finetuned_disk,9,1,-1,1340.21,1051.47,1051.47
138,567.00,30.94155137,120.22678198,30.94664079,120.22264329,30.94664079,120.22264329,0.5100,690.79,1,1219,split_finetuned_disk,9,1,-1,1383.57,1240.12,1240.12
139,573.00,30.94155137,120.22678198,30.94664079,120.22264329,30.94664079,120.22264329,0.5100,690.79,1,1219,split_finetuned_disk,9,1,-1,1440.28,1023.62,1023.62
140,579.00,30.93660144,120.22158713,30.94664079,120.22264329,30.93660144,120.22158713,0.6267,1122.12,1,1048,split_finetuned_disk,14,1,-1,646.93,502.48,502.48
141,585.00,30.94155137,120.22678198,30.93660144,120.22158713,30.93660144,120.22158713,0.5100,741.43,1,1219,split_finetuned_disk,9,1,-1,1558.15,1127.36,1127.36
142,591.00,30.93660144,120.22158713,30.93660144,120.22158713,30.93660144,120.22158713,0.6267,0.00,0,1048,split_finetuned_disk,14,1,-1,787.91,787.91,787.91
143,597.00,30.93660144,120.22158713,30.93660144,120.22158713,30.93660144,120.22158713,0.6267,0.00,0,1048,split_finetuned_disk,14,1,-1,863.82,863.82,863.82
144,603.00,30.94155137,120.22678198,30.93660144,120.22158713,30.93660144,120.22158713,0.5100,741.43,1,1219,split_finetuned_disk,9,1,-1,1757.40,1313.25,1313.25
145,609.00,30.94155137,120.22678198,30.93660144,120.22158713,30.93660144,120.22158713,0.5100,741.43,1,1219,split_finetuned_disk,9,1,-1,1827.48,1625.78,1625.78
146,615.00,30.94155137,120.22678198,30.93660144,120.22158713,30.93660144,120.22158713,0.5100,741.43,1,1219,split_finetuned_disk,9,1,-1,1905.31,1689.04,1689.04
147,621.00,30.94269344,120.22628164,30.93660144,120.22158713,30.93660144,120.22158713,0.5800,812.94,1,1275,split_finetuned_disk,12,1,-1,2076.88,1738.51,1738.51
148,627.00,30.94269344,120.22628164,30.93660144,120.22158713,30.93660144,120.22158713,0.5800,812.94,1,1275,split_finetuned_disk,12,1,-1,2153.31,1660.45,1660.45
149,633.00,30.94269344,120.22628164,30.93660144,120.22158713,30.93660144,120.22158713,0.5800,812.94,1,1275,split_finetuned_disk,12,1,-1,2225.98,1849.71,1849.71
150,639.00,30.93804396,120.22887634,30.93660144,120.22158713,30.93660144,120.22158713,0.5100,714.36,1,1108,split_finetuned_disk,9,1,-1,2297.85,1951.05,1951.05
151,645.00,30.94304754,120.22863868,30.93660144,120.22158713,30.93660144,120.22158713,0.5800,984.06,1,1276,split_finetuned_disk,12,1,-1,2563.76,2027.18,2027.18
152,651.00,30.94304754,120.22863868,30.93660144,120.22158713,30.93660144,120.22158713,0.5800,984.06,1,1276,split_finetuned_disk,12,1,-1,2643.20,1925.92,1925.92
153,657.00,30.94269344,120.22628164,30.93660144,120.22158713,30.94269344,120.22628164,0.5800,812.94,1,1275,split_finetuned_disk,12,1,-1,2542.37,2002.76,2002.76
154,663.00,30.94269344,120.22628164,30.94269344,120.22628164,30.94269344,120.22628164,0.5800,0.00,0,1275,split_finetuned_disk,12,1,-1,2622.42,2175.99,2175.99
155,669.00,30.94304754,120.22863868,30.94269344,120.22628164,30.94269344,120.22628164,0.5800,228.51,1,1276,split_finetuned_disk,12,1,-1,2985.99,2424.82,2424.82
156,675.00,30.94304754,120.22863868,30.94269344,120.22628164,30.94269344,120.22628164,0.5800,228.51,1,1276,split_finetuned_disk,12,1,-1,3069.85,2320.05,2320.05
157,681.00,30.93862807,120.19809884,30.94269344,120.22628164,30.94269344,120.22628164,0.5100,2729.09,1,1149,split_finetuned_disk,9,1,-1,518.55,387.53,387.53
158,687.00,30.94269344,120.22628164,30.94269344,120.22628164,30.94269344,120.22628164,0.5800,0.00,0,1275,split_finetuned_disk,12,1,-1,3051.29,433.47,433.47
159,693.00,30.93804396,120.22887634,30.94269344,120.22628164,30.94269344,120.22628164,0.5100,573.83,1,1108,split_finetuned_disk,9,1,-1,3224.90,2826.68,2826.68
160,699.00,30.94304754,120.22863868,30.94269344,120.22628164,30.94269344,120.22628164,0.5800,228.51,1,1276,split_finetuned_disk,12,1,-1,3418.39,2651.96,2651.96
161,705.00,30.94304754,120.22863868,30.94269344,120.22628164,30.94269344,120.22628164,0.5800,228.51,1,1276,split_finetuned_disk,12,1,-1,3508.16,2929.71,2929.71
162,711.00,30.94304754,120.22863868,30.94269344,120.22628164,30.94269344,120.22628164,0.5800,228.51,1,1276,split_finetuned_disk,12,1,-1,3595.68,3015.02,3015.02
163,717.00,30.94304754,120.22863868,30.94269344,120.22628164,30.94269344,120.22628164,0.5800,228.51,1,1276,split_finetuned_disk,12,1,-1,3683.72,3101.07,3101.07
164,723.00,30.94304754,120.22863868,30.94269344,120.22628164,30.94269344,120.22628164,0.5800,228.51,1,1276,split_finetuned_disk,12,1,-1,3774.59,2997.32,2997.32
165,729.00,30.94304754,120.22863868,30.94269344,120.22628164,30.94269344,120.22628164,0.5800,228.51,1,1276,split_finetuned_disk,12,1,-1,3863.48,3083.83,3083.83
166,735.00,30.94304754,120.22863868,30.94269344,120.22628164,30.94269344,120.22628164,0.5800,228.51,1,1276,split_finetuned_disk,12,1,-1,3954.92,3173.67,3173.67
167,741.00,30.94269344,120.22628164,30.94269344,120.22628164,30.94269344,120.22628164,0.5800,0.00,0,1275,split_finetuned_disk,12,1,-1,3848.09,3261.33,3261.33
168,746.00,30.94269344,120.22628164,30.94269344,120.22628164,30.94269344,120.22628164,0.5800,0.00,0,1275,split_finetuned_disk,12,1,-1,3937.72,3349.56,3349.56
169,752.00,30.94269344,120.22628164,30.94269344,120.22628164,30.94269344,120.22628164,0.5800,0.00,0,1275,split_finetuned_disk,12,1,-1,4029.69,3440.59,3440.59
170,758.00,30.94269344,120.22628164,30.94269344,120.22628164,30.94269344,120.22628164,0.5800,0.00,0,1275,split_finetuned_disk,12,1,-1,4119.98,3529.72,3529.72
171,764.00,30.94269344,120.22628164,30.94269344,120.22628164,30.94269344,120.22628164,0.5800,0.00,0,1275,split_finetuned_disk,12,1,-1,4212.38,3621.37,3621.37
172,770.00,30.94304754,120.22863868,30.94269344,120.22628164,30.94269344,120.22628164,0.5800,228.51,1,1276,split_finetuned_disk,12,1,-1,4501.05,3711.27,3711.27
173,776.00,30.94304754,120.22863868,30.94269344,120.22628164,30.94269344,120.22628164,0.5800,228.51,1,1276,split_finetuned_disk,12,1,-1,4594.00,3803.43,3803.43
174,782.00,30.94269344,120.22628164,30.94269344,120.22628164,30.94269344,120.22628164,0.5800,0.00,0,1275,split_finetuned_disk,12,1,-1,4487.42,3894.01,3894.01
175,788.00,30.94304754,120.22863868,30.94269344,120.22628164,30.94269344,120.22628164,0.5800,228.51,1,1276,split_finetuned_disk,12,1,-1,4778.85,4184.39,4184.39
176,794.00,30.94269344,120.22628164,30.94269344,120.22628164,30.94269344,120.22628164,0.5800,0.00,0,1275,split_finetuned_disk,12,1,-1,4672.37,4077.77,4077.77
177,800.00,30.94269344,120.22628164,30.94269344,120.22628164,30.94269344,120.22628164,0.5800,0.00,0,1275,split_finetuned_disk,12,1,-1,4764.46,4169.24,4169.24
178,806.00,30.94304754,120.22863868,30.94269344,120.22628164,30.94269344,120.22628164,0.5800,228.51,1,1276,split_finetuned_disk,12,1,-1,5056.78,4262.43,4262.43
179,811.00,30.94304754,120.22863868,30.94269344,120.22628164,30.94269344,120.22628164,0.5800,228.51,1,1276,split_finetuned_disk,12,1,-1,5149.39,4354.39,4354.39
180,817.00,30.93804396,120.22887634,30.94269344,120.22628164,30.94269344,120.22628164,0.5100,573.83,1,1108,split_finetuned_disk,9,1,-1,5218.35,4646.58,4646.58
181,823.00,30.94304754,120.22863868,30.94269344,120.22628164,30.94269344,120.22628164,0.5800,228.51,1,1276,split_finetuned_disk,12,1,-1,5336.20,4764.17,4764.17
182,829.00,30.94269344,120.22628164,30.94269344,120.22628164,30.94269344,120.22628164,0.5800,0.00,0,1275,split_finetuned_disk,12,1,-1,5231.12,4634.02,4634.02
183,835.00,30.94269344,120.22628164,30.94269344,120.22628164,30.94269344,120.22628164,0.5800,0.00,0,1275,split_finetuned_disk,12,1,-1,5324.23,4726.78,4726.78
184,841.00,30.94269344,120.22628164,30.94269344,120.22628164,30.94269344,120.22628164,0.5800,0.00,0,1275,split_finetuned_disk,12,1,-1,5418.44,4820.77,4820.77
185,847.00,30.94304754,120.22863868,30.94269344,120.22628164,30.94269344,120.22628164,0.5800,228.51,1,1276,split_finetuned_disk,12,1,-1,5711.25,5133.76,5133.76
186,853.00,30.94269344,120.22628164,30.94269344,120.22628164,30.94269344,120.22628164,0.5800,0.00,0,1275,split_finetuned_disk,12,1,-1,5605.38,5007.15,5007.15
187,859.00,30.94269344,120.22628164,30.94269344,120.22628164,30.94269344,120.22628164,0.5800,0.00,0,1275,split_finetuned_disk,12,1,-1,5699.85,5120.83,5120.83
188,865.00,30.94269344,120.22628164,30.94269344,120.22628164,30.94269344,120.22628164,0.5800,0.00,0,1275,split_finetuned_disk,12,1,-1,5888.94,5290.28,5290.28
189,871.00,30.94269344,120.22628164,30.94269344,120.22628164,30.94269344,120.22628164,0.5800,0.00,0,1275,split_finetuned_disk,12,1,-1,5983.57,5401.90,5401.90
190,876.00,30.94304754,120.22863868,30.94269344,120.22628164,30.94269344,120.22628164,0.5800,228.51,1,1276,split_finetuned_disk,12,1,-1,6277.30,5693.72,5693.72
191,882.00,30.94269344,120.22628164,30.94269344,120.22628164,30.94269344,120.22628164,0.5800,0.00,0,1275,split_finetuned_disk,12,1,-1,6172.35,5573.29,5573.29
192,888.00,30.94269344,120.22628164,30.94269344,120.22628164,30.94269344,120.22628164,0.5800,0.00,0,1275,split_finetuned_disk,12,1,-1,6266.59,5667.38,5667.38
193,894.00,30.94642618,120.22399965,30.94269344,120.22628164,30.94269344,120.22628164,0.5567,469.20,1,1386,split_finetuned_disk,11,1,-1,6193.70,5762.16,5762.16
194,900.00,30.94269344,120.22628164,30.94269344,120.22628164,30.94269344,120.22628164,0.5800,0.00,0,1275,split_finetuned_disk,12,1,-1,6455.86,5856.45,5856.45
195,907.00,30.94269344,120.22628164,30.94269344,120.22628164,30.94269344,120.22628164,0.5800,0.00,0,1275,split_finetuned_disk,12,1,-1,6550.38,5950.86,5950.86
196,913.00,30.94269344,120.22628164,30.94269344,120.22628164,30.94269344,120.22628164,0.5800,0.00,0,1275,split_finetuned_disk,12,1,-1,6645.40,6057.03,6057.03
197,919.00,30.94269344,120.22628164,30.94269344,120.22628164,30.94269344,120.22628164,0.5800,0.00,0,1275,split_finetuned_disk,12,1,-1,6740.08,6140.42,6140.42
198,925.00,30.94269344,120.22628164,30.94269344,120.22628164,30.94269344,120.22628164,0.5800,0.00,0,1275,split_finetuned_disk,12,1,-1,6835.18,6235.48,6235.48
199,931.00,30.94269344,120.22628164,30.94269344,120.22628164,30.94269344,120.22628164,0.5800,0.00,0,1275,split_finetuned_disk,12,1,-1,6930.01,6330.24,6330.24
200,937.00,30.94304754,120.22863868,30.94269344,120.22628164,30.94269344,120.22628164,0.5800,228.51,1,1276,split_finetuned_disk,12,1,-1,7225.13,6425.38,6425.38
201,944.00,30.94269344,120.22628164,30.94269344,120.22628164,30.94269344,120.22628164,0.5800,0.00,0,1275,split_finetuned_disk,12,1,-1,7120.15,6520.30,6520.30
202,950.00,30.94304754,120.22863868,30.94269344,120.22628164,30.94269344,120.22628164,0.5800,228.51,1,1276,split_finetuned_disk,12,1,-1,7415.16,6635.09,6635.09
203,957.00,30.94269344,120.22628164,30.94269344,120.22628164,30.94269344,120.22628164,0.5800,0.00,0,1275,split_finetuned_disk,12,1,-1,7310.49,6710.57,6710.57
204,963.00,30.93441853,120.24778815,30.94269344,120.22628164,30.94269344,120.22628164,0.6500,2250.88,1,1005,split_finetuned_disk,15,1,-1,9448.56,535.19,535.19
205,969.00,30.94644764,120.15733029,30.94269344,120.22628164,30.94269344,120.22628164,0.6500,6597.72,1,1354,split_finetuned_disk,15,1,-1,1022.00,412.96,412.96
206,975.00,30.94644764,120.15733029,30.94269344,120.22628164,30.94269344,120.22628164,0.6500,6597.72,1,1354,split_finetuned_disk,15,1,-1,1097.53,474.28,474.28
207,981.00,30.94269344,120.22628164,30.94269344,120.22628164,30.94269344,120.22628164,0.5800,0.00,0,1275,split_finetuned_disk,12,1,-1,7691.70,7091.71,7091.71
208,987.00,30.94269344,120.22628164,30.94269344,120.22628164,30.94269344,120.22628164,0.5800,0.00,0,1275,split_finetuned_disk,12,1,-1,7787.08,7187.08,7187.08
209,993.00,30.94269344,120.22628164,30.94269344,120.22628164,30.94269344,120.22628164,0.5800,0.00,0,1275,split_finetuned_disk,12,1,-1,7882.53,7282.53,7282.53
210,1059.00,30.94037710,120.15196032,30.94269344,120.22628164,30.94269344,120.22628164,0.5100,7101.96,1,1127,split_finetuned_disk,9,1,-1,690.60,415.95,415.95
211,1063.00,30.93929334,120.15045386,30.94269344,120.22628164,30.94269344,120.22628164,0.5333,7251.02,1,1126,split_finetuned_disk,10,1,4,395.83,84.02,84.02
212,1067.00,30.93929334,120.15045386,30.94269344,120.22628164,30.94269344,120.22628164,0.5333,7251.02,1,1126,split_finetuned_disk,10,1,-1,300.27,300.27,300.27
213,1071.00,30.93849463,120.14930308,30.94269344,120.22628164,30.94269344,120.22628164,0.4867,7365.87,1,1070,split_finetuned_disk,8,1,-1,317.40,249.65,249.65
214,1639.00,30.93929334,120.15045386,30.94269344,120.22628164,30.94269344,120.22628164,0.5333,7251.02,1,1126,split_finetuned_disk,10,1,7,493.88,133.77,133.77
215,1643.00,30.93047118,120.19512888,30.94269344,120.22628164,30.94269344,120.22628164,0.4867,3271.29,1,868,split_finetuned_disk,8,1,5,4910.48,95.03,95.03
216,1647.00,30.93929334,120.15045386,30.94269344,120.22628164,30.94269344,120.22628164,0.5333,7251.02,1,1126,split_finetuned_disk,10,1,7,300.27,130.12,130.12
217,1650.00,30.93929334,120.15045386,30.94269344,120.22628164,30.94269344,120.22628164,0.5333,7251.02,1,1126,split_finetuned_disk,10,1,-1,205.24,205.24,205.24
218,1654.00,30.93929334,120.15045386,30.94269344,120.22628164,30.94269344,120.22628164,0.5333,7251.02,1,1126,split_finetuned_disk,10,1,1,107.66,107.66,107.66
219,1658.00,30.94037710,120.15196032,30.94269344,120.22628164,30.94037710,120.15196032,0.5100,7101.96,1,1127,split_finetuned_disk,9,1,-1,206.87,206.87,206.87
220,0.00,30.93736796,120.16026272,30.94037710,120.15196032,30.94037710,120.15196032,0.6733,860.69,1,1075,split_finetuned_disk,16,1,,,,
221,0.00,30.93929334,120.15045386,30.94037710,120.15196032,30.94037710,120.15196032,0.5333,187.75,1,1126,split_finetuned_disk,10,1,,,,
222,0.00,30.93736796,120.16026272,30.94037710,120.15196032,30.94037710,120.15196032,0.6733,860.69,1,1075,split_finetuned_disk,16,1,,,,
223,0.00,30.93736796,120.16026272,30.94037710,120.15196032,30.94037710,120.15196032,0.6733,860.69,1,1075,split_finetuned_disk,16,1,,,,
224,0.00,30.93736796,120.16026272,30.94037710,120.15196032,30.94037710,120.15196032,0.6733,860.69,1,1075,split_finetuned_disk,16,1,,,,
225,0.00,30.94037710,120.15196032,30.94037710,120.15196032,30.94037710,120.15196032,0.5100,0.00,0,1127,split_finetuned_disk,9,1,,,,
226,0.00,30.94037710,120.15196032,30.94037710,120.15196032,30.94037710,120.15196032,0.5100,0.00,0,1127,split_finetuned_disk,9,1,,,,
227,0.00,30.93736796,120.16026272,30.94037710,120.15196032,30.94037710,120.15196032,0.6733,860.69,1,1075,split_finetuned_disk,16,1,,,,
228,0.00,30.93736796,120.16026272,30.94037710,120.15196032,30.94037710,120.15196032,0.6733,860.69,1,1075,split_finetuned_disk,16,1,,,,
229,0.00,30.93736796,120.16026272,30.94037710,120.15196032,30.94037710,120.15196032,0.6733,860.69,1,1075,split_finetuned_disk,16,1,,,,
230,0.00,30.93736796,120.16026272,30.94037710,120.15196032,30.94037710,120.15196032,0.6733,860.69,1,1075,split_finetuned_disk,16,1,,,,
231,0.00,30.93736796,120.16026272,30.94037710,120.15196032,30.94037710,120.15196032,0.6733,860.69,1,1075,split_finetuned_disk,16,1,,,,
232,0.00,30.93736796,120.16026272,30.94037710,120.15196032,30.94037710,120.15196032,0.6733,860.69,1,1075,split_finetuned_disk,16,1,,,,
233,0.00,30.93736796,120.16026272,30.94037710,120.15196032,30.94037710,120.15196032,0.6733,860.69,1,1075,split_finetuned_disk,16,1,,,,
234,0.00,30.94037710,120.15196032,30.94037710,120.15196032,30.94037710,120.15196032,0.5100,0.00,0,1127,split_finetuned_disk,9,1,,,,
235,0.00,30.94037710,120.15196032,30.94037710,120.15196032,30.94037710,120.15196032,0.5100,0.00,0,1127,split_finetuned_disk,9,1,,,,
236,0.00,30.93736796,120.16026272,30.94037710,120.15196032,30.94037710,120.15196032,0.6733,860.69,1,1075,split_finetuned_disk,16,1,,,,
237,0.00,30.93736796,120.16026272,30.94037710,120.15196032,30.94037710,120.15196032,0.6733,860.69,1,1075,split_finetuned_disk,16,1,,,,
238,0.00,30.92799856,120.22244315,30.94037710,120.15196032,30.94037710,120.15196032,0.5333,6870.33,1,825,split_finetuned_disk,10,1,,,,
239,0.00,30.92799856,120.22244315,30.94037710,120.15196032,30.94037710,120.15196032,0.5333,6870.33,1,825,split_finetuned_disk,10,1,,,,
240,0.00,30.92867456,120.24748794,30.94037710,120.15196032,30.94037710,120.15196032,0.5333,9214.91,1,837,split_finetuned_disk,10,1,,,,
241,0.00,30.93736796,120.16026272,30.94037710,120.15196032,30.94037710,120.15196032,0.6733,860.69,1,1075,split_finetuned_disk,16,1,,,,
242,0.00,30.94037710,120.15196032,30.94037710,120.15196032,30.94037710,120.15196032,0.5100,0.00,0,1127,split_finetuned_disk,9,1,,,,
243,0.00,30.93539965,120.17498580,30.94037710,120.15196032,30.94037710,120.15196032,0.5100,2267.55,1,1026,split_finetuned_disk,9,1,,,,
244,0.00,30.93539965,120.17498580,30.94037710,120.15196032,30.94037710,120.15196032,0.5100,2267.55,1,1026,split_finetuned_disk,9,1,,,,
245,0.00,30.94037710,120.15196032,30.94037710,120.15196032,30.94037710,120.15196032,0.5100,0.00,0,1127,split_finetuned_disk,9,1,,,,
246,0.00,30.94037710,120.15196032,30.94037710,120.15196032,30.94037710,120.15196032,0.5100,0.00,0,1127,split_finetuned_disk,9,1,,,,
247,0.00,30.93693408,120.17647976,30.94037710,120.15196032,30.94037710,120.15196032,0.5100,2372.63,1,1027,split_finetuned_disk,9,1,,,,
248,0.00,30.94037710,120.15196032,30.94037710,120.15196032,30.94037710,120.15196032,0.5100,0.00,0,1127,split_finetuned_disk,9,1,,,,
249,0.00,30.92776249,120.25212697,30.94037710,120.15196032,30.94037710,120.15196032,0.5100,9667.89,1,839,split_finetuned_disk,9,1,,,,
250,0.00,30.94037710,120.15196032,30.94037710,120.15196032,30.94037710,120.15196032,0.5100,0.00,0,1127,split_finetuned_disk,9,1,,,,
251,0.00,30.94037710,120.15196032,30.94037710,120.15196032,30.94037710,120.15196032,0.5100,0.00,0,1127,split_finetuned_disk,9,1,,,,
252,0.00,30.94037710,120.15196032,30.94037710,120.15196032,30.94037710,120.15196032,0.5100,0.00,0,1127,split_finetuned_disk,9,1,,,,
253,0.00,30.94037710,120.15196032,30.94037710,120.15196032,30.94037710,120.15196032,0.5100,0.00,0,1127,split_finetuned_disk,9,1,,,,
254,0.00,30.94037710,120.15196032,30.94037710,120.15196032,30.94037710,120.15196032,0.5100,0.00,0,1127,split_finetuned_disk,9,1,,,,
255,0.00,30.93416100,120.18220703,30.94037710,120.15196032,30.94037710,120.15196032,0.4867,2970.12,1,973,split_finetuned_disk,8,1,,,,
256,0.00,30.92742985,120.23435889,30.94037710,120.15196032,30.94037710,120.15196032,0.5100,7999.52,1,831,split_finetuned_disk,9,1,,,,
257,0.00,30.93539965,120.17498580,30.94037710,120.15196032,30.94037710,120.15196032,0.5100,2267.55,1,1026,split_finetuned_disk,9,1,,,,
258,0.00,30.92742985,120.23435889,30.94037710,120.15196032,30.94037710,120.15196032,0.5100,7999.52,1,831,split_finetuned_disk,9,1,,,,
259,0.00,30.93736796,120.16026272,30.94037710,120.15196032,30.94037710,120.15196032,0.6733,860.69,1,1075,split_finetuned_disk,16,1,,,,
260,1662.00,30.93341594,120.20473761,30.94037710,120.15196032,30.94037710,120.15196032,0.5567,5099.16,1,929,split_finetuned_disk,11,1,-1,5370.25,717.43,717.43
261,1666.00,30.92867456,120.24748794,30.94037710,120.15196032,30.94037710,120.15196032,0.5333,9214.91,1,837,split_finetuned_disk,10,1,-1,9289.67,624.89,624.89
262,1670.00,30.93295454,120.21459106,30.94037710,120.15196032,30.94037710,120.15196032,0.5100,6037.69,1,933,split_finetuned_disk,9,1,-1,5968.67,3140.64,3140.64
263,1674.00,30.93334083,120.24354939,30.94037710,120.15196032,30.94037710,120.15196032,0.5800,8781.25,1,947,split_finetuned_disk,12,1,-1,8655.58,6690.78,6690.78
264,1677.00,30.94342310,120.24283640,30.94037710,120.15196032,30.94342310,120.24283640,0.5567,8684.78,1,1283,split_finetuned_disk,11,1,-1,8540.07,8531.60,8531.60
265,1681.00,30.94644764,120.15733029,30.94342310,120.24283640,30.94342310,120.24283640,0.6500,8172.30,1,1354,split_finetuned_disk,15,1,-1,913.93,648.79,648.79
266,1685.00,30.91974510,120.17979289,30.94342310,120.24283640,30.94342310,120.24283640,0.5100,6572.04,1,525,split_finetuned_disk,9,1,-1,3144.88,1103.59,1103.59
267,1689.00,30.93736796,120.16026272,30.94342310,120.24283640,30.94342310,120.24283640,0.6733,7914.09,1,1075,split_finetuned_disk,16,1,-1,254.87,254.87,254.87
268,1693.00,30.93539965,120.17498580,30.94342310,120.24283640,30.94342310,120.24283640,0.5100,6540.63,1,1026,split_finetuned_disk,9,1,-1,1567.38,261.46,261.46
269,1697.00,30.93122697,120.20287546,30.94342310,120.24283640,30.94342310,120.24283640,0.5567,4050.37,1,927,split_finetuned_disk,11,1,-1,4101.82,3904.46,3904.46
270,1701.00,30.92799856,120.22244315,30.94342310,120.24283640,30.94342310,120.24283640,0.5333,2596.31,1,825,split_finetuned_disk,10,1,-1,6044.43,447.01,447.01
271,1704.00,30.93122697,120.20287546,30.94342310,120.24283640,30.94342310,120.24283640,0.5567,4050.37,1,927,split_finetuned_disk,11,1,-1,3907.95,3907.95,3907.95
272,1708.00,30.92799856,120.22244315,30.94342310,120.24283640,30.94342310,120.24283640,0.5333,2596.31,1,825,split_finetuned_disk,10,1,-1,5848.64,411.94,411.94
273,1712.00,30.92759081,120.22123689,30.94342310,120.24283640,30.94342310,120.24283640,0.5333,2713.06,1,824,split_finetuned_disk,10,1,-1,5555.69,3946.47,3946.47
274,1716.00,30.92759081,120.22123689,30.94342310,120.24283640,30.92759081,120.22123689,0.5333,2713.06,1,824,split_finetuned_disk,10,1,-1,5457.76,5457.76,5457.76
275,1719.00,30.92759081,120.22123689,30.92759081,120.22123689,30.92759081,120.22123689,0.5333,0.00,0,824,split_finetuned_disk,10,1,-1,5361.80,2537.26,2537.26
276,1723.00,30.93945430,120.14276982,30.92759081,120.22123689,30.92759081,120.22123689,0.4867,7608.66,1,1123,split_finetuned_disk,8,1,-1,2235.11,221.52,221.52
277,1727.00,30.93122697,120.20287546,30.92759081,120.22123689,30.92759081,120.22123689,0.5567,1799.53,1,927,split_finetuned_disk,11,1,7,3326.36,144.22,144.22
278,1731.00,30.93570010,120.16363840,30.92759081,120.22123689,30.92759081,120.22123689,0.5100,5573.92,1,1021,split_finetuned_disk,9,1,4,419.86,93.86,93.86
279,1735.00,30.93570010,120.16363840,30.92759081,120.22123689,30.92759081,120.22123689,0.5100,5573.92,1,1021,split_finetuned_disk,9,1,4,509.82,126.69,126.69
280,1738.00,30.92804148,120.22620659,30.92759081,120.22123689,30.92759081,120.22123689,0.5800,477.22,1,827,split_finetuned_disk,12,1,-1,5467.73,208.49,208.49
281,1742.00,30.93736796,120.16026272,30.92759081,120.22123689,30.92759081,120.22123689,0.6733,5923.54,1,1075,split_finetuned_disk,16,1,3,1107.77,110.80,110.80
282,1746.00,30.92802002,120.25007014,30.92759081,120.22123689,30.92759081,120.22123689,0.5100,2753.83,1,838,split_finetuned_disk,9,1,-1,7454.65,1600.74,1600.74
283,1749.00,30.93736796,120.16026272,30.92759081,120.22123689,30.92759081,120.22123689,0.6733,5923.54,1,1075,split_finetuned_disk,16,1,-1,1301.61,1301.61,1301.61
284,1753.00,30.93341594,120.20473761,30.92759081,120.22123689,30.92759081,120.22123689,0.5567,1703.81,1,929,split_finetuned_disk,11,1,-1,3043.20,3043.20,3043.20
285,1757.00,30.93736796,120.16026272,30.92759081,120.22123689,30.93736796,120.16026272,0.6733,5923.54,1,1075,split_finetuned_disk,16,1,-1,1589.88,1238.56,1238.56
286,1761.00,30.93539965,120.17498580,30.93736796,120.16026272,30.93736796,120.16026272,0.5100,1422.94,1,1026,split_finetuned_disk,9,1,-1,271.78,271.78,271.78
287,1764.00,30.93586105,120.15952472,30.93736796,120.16026272,30.93736796,120.16026272,0.5800,181.95,1,1019,split_finetuned_disk,12,1,-1,1765.39,1765.39,1765.39
288,1768.00,30.92759081,120.22123689,30.93736796,120.16026272,30.93736796,120.16026272,0.5333,5923.54,1,824,split_finetuned_disk,10,1,-1,4004.62,863.95,863.95
289,1772.00,30.92759081,120.22123689,30.93736796,120.16026272,30.93736796,120.16026272,0.5333,5923.54,1,824,split_finetuned_disk,10,1,-1,3908.67,960.07,960.07
290,1776.00,30.92799856,120.22244315,30.93736796,120.16026272,30.93736796,120.16026272,0.5333,6028.79,1,825,split_finetuned_disk,10,1,-1,4007.67,3810.73,3810.73
291,1780.00,30.92799856,120.22244315,30.93736796,120.16026272,30.93736796,120.16026272,0.5333,6028.79,1,825,split_finetuned_disk,10,1,-1,3911.67,2567.46,2567.46
292,1783.00,30.92804148,120.22620659,30.93736796,120.16026272,30.93736796,120.16026272,0.5800,6382.29,1,827,split_finetuned_disk,12,1,-1,4208.50,1449.70,1449.70
293,1787.00,30.92804148,120.22620659,30.93736796,120.16026272,30.93736796,120.16026272,0.5800,6382.29,1,827,split_finetuned_disk,12,1,-1,4112.44,2761.17,2761.17
294,1791.00,30.92804148,120.22620659,30.93736796,120.16026272,30.93736796,120.16026272,0.5800,6382.29,1,827,split_finetuned_disk,12,1,-1,4014.65,3422.97,3422.97
295,1795.00,30.92804148,120.22620659,30.93736796,120.16026272,30.92804148,120.22620659,0.5800,6382.29,1,827,split_finetuned_disk,12,1,-1,3916.88,2637.84,2637.84
296,1799.00,30.91814162,120.14556466,30.92804148,120.22620659,30.92804148,120.22620659,0.5333,7779.31,1,452,split_finetuned_disk,10,1,-1,4400.56,2641.12,2641.12
297,1803.00,30.91814162,120.14556466,30.92804148,120.22620659,30.92804148,120.22620659,0.5333,7779.31,1,452,split_finetuned_disk,10,1,-1,4479.25,3348.34,3348.34
298,1807.00,30.93514818,120.16977845,30.92804148,120.22620659,30.92804148,120.22620659,0.5333,5446.34,1,967,split_finetuned_disk,10,1,-1,2015.39,948.41,948.41
299,1810.00,30.92729642,120.23573482,30.92804148,120.22620659,30.92804148,120.22620659,0.5100,913.67,1,775,split_finetuned_disk,9,1,-1,4350.79,3760.53,3760.53
300,1814.00,30.93588251,120.14201931,30.92804148,120.22620659,30.92804148,120.22620659,0.5800,8086.66,1,1011,split_finetuned_disk,12,1,-1,4614.53,3935.74,3935.74
301,1818.00,30.91356726,120.18877074,30.92804148,120.22620659,30.92804148,120.22620659,0.5800,3921.25,1,305,split_finetuned_disk,12,1,-1,2312.34,2312.34,2312.34
302,1822.00,30.92687794,120.19094016,30.92804148,120.22620659,30.92804148,120.22620659,0.5800,3370.24,1,754,split_finetuned_disk,12,1,-1,709.33,709.33,709.33
303,1826.00,30.92699597,120.22366898,30.92804148,120.22620659,30.92804148,120.22620659,0.5333,268.83,1,769,split_finetuned_disk,10,1,-1,2786.90,2018.49,2018.49
304,1830.00,30.92699597,120.22366898,30.92804148,120.22620659,30.92804148,120.22620659,0.5333,268.83,1,769,split_finetuned_disk,10,1,-1,2691.51,2691.51,2691.51
305,1834.00,30.92699597,120.22366898,30.92804148,120.22620659,30.92699597,120.22366898,0.5333,268.83,1,769,split_finetuned_disk,10,1,-1,2593.46,1695.17,1695.17
306,1838.00,30.92699597,120.22366898,30.92699597,120.22366898,30.92699597,120.22366898,0.5333,0.00,0,769,split_finetuned_disk,10,1,-1,2495.42,915.12,915.12
307,1842.00,30.92699597,120.22366898,30.92699597,120.22366898,30.92699597,120.22366898,0.5333,0.00,0,769,split_finetuned_disk,10,1,-1,2400.10,825.13,825.13
308,1846.00,30.92457700,120.23423380,30.92699597,120.22366898,30.92699597,120.22366898,0.5333,1044.20,1,719,split_finetuned_disk,10,1,-1,3515.73,731.00,731.00
309,1850.00,30.92699597,120.22366898,30.92699597,120.22366898,30.92699597,120.22366898,0.5333,0.00,0,769,split_finetuned_disk,10,1,-1,2206.82,644.18,644.18
310,1853.00,30.92294133,120.24271132,30.92699597,120.22366898,30.92699597,120.22366898,0.5567,1873.62,1,667,split_finetuned_disk,11,1,-1,4146.55,553.58,553.58
311,1857.00,30.92305936,120.24254326,30.92699597,120.22366898,30.92699597,120.22366898,0.4633,1854.90,1,666,split_finetuned_disk,7,1,-1,3856.58,1073.60,1073.60
312,1861.00,30.92667407,120.20553815,30.92699597,120.22366898,30.92699597,120.22366898,0.5567,1731.76,1,761,split_finetuned_disk,11,1,-1,561.33,561.33,561.33
313,1865.00,30.92386413,120.24103680,30.92699597,120.22366898,30.92699597,120.22366898,0.5800,1694.78,1,665,split_finetuned_disk,12,1,-1,3466.71,540.89,540.89
314,1869.00,30.92386413,120.24103680,30.92699597,120.22366898,30.92699597,120.22366898,0.5800,1694.78,1,665,split_finetuned_disk,12,1,-1,3371.54,473.49,473.49
315,1873.00,30.92386413,120.24103680,30.92699597,120.22366898,30.92699597,120.22366898,0.5800,1694.78,1,665,split_finetuned_disk,12,1,-1,3273.54,667.65,667.65
316,1877.00,30.92457700,120.23423380,30.92699597,120.22366898,30.92699597,120.22366898,0.5333,1044.20,1,719,split_finetuned_disk,10,1,-1,2741.32,640.05,640.05
317,1881.00,30.92457700,120.23423380,30.92699597,120.22366898,30.92699597,120.22366898,0.5333,1044.20,1,719,split_finetuned_disk,10,1,-1,2643.26,814.86,814.86
318,1885.00,30.92106959,120.23007716,30.92699597,120.22366898,30.92699597,120.22366898,0.5100,899.84,1,604,split_finetuned_disk,9,1,-1,2043.14,990.66,990.66
319,1889.00,30.92294133,120.24271132,30.92699597,120.22366898,30.92294133,120.24271132,0.5567,1873.62,1,667,split_finetuned_disk,11,1,-1,3181.72,1094.02,1094.02
320,1893.00,30.93327039,120.14994101,30.92294133,120.24271132,30.92294133,120.24271132,0.5800,8933.36,1,958,split_finetuned_disk,12,1,-1,6026.47,1861.49,1861.49
321,1897.00,30.92338127,120.22392460,30.92294133,120.24271132,30.92294133,120.24271132,0.6033,1794.70,1,658,split_finetuned_disk,13,1,-1,1324.53,621.21,621.21
322,1901.00,30.93327039,120.14994101,30.92294133,120.24271132,30.92294133,120.24271132,0.5800,8933.36,1,958,split_finetuned_disk,12,1,-1,6220.23,325.29,325.29
323,1905.00,30.92294133,120.24271132,30.92294133,120.24271132,30.92294133,120.24271132,0.5567,0.00,0,667,split_finetuned_disk,11,1,-1,2795.19,523.33,523.33
324,1909.00,30.92457700,120.23423380,30.92294133,120.24271132,30.92294133,120.24271132,0.5333,829.78,1,719,split_finetuned_disk,10,1,-1,1872.68,528.42,528.42
325,1913.00,30.92699597,120.22366898,30.92294133,120.24271132,30.92294133,120.24271132,0.5333,1873.62,1,769,split_finetuned_disk,10,1,-1,583.42,583.42,583.42
326,1917.00,30.92699597,120.22366898,30.92294133,120.24271132,30.92294133,120.24271132,0.5333,1873.62,1,769,split_finetuned_disk,10,1,-1,489.71,336.82,336.82
327,1921.00,30.92699597,120.22366898,30.92294133,120.24271132,30.92294133,120.24271132,0.5333,1873.62,1,769,split_finetuned_disk,10,1,-1,404.81,275.12,275.12
328,1925.00,30.92338127,120.22392460,30.92294133,120.24271132,30.92294133,120.24271132,0.6033,1794.70,1,658,split_finetuned_disk,13,1,-1,755.86,226.47,226.47
329,1929.00,30.92699597,120.22366898,30.92294133,120.24271132,30.92294133,120.24271132,0.5333,1873.62,1,769,split_finetuned_disk,10,1,-1,250.08,250.08,250.08
330,1933.00,30.92699597,120.22366898,30.92294133,120.24271132,30.92294133,120.24271132,0.5333,1873.62,1,769,split_finetuned_disk,10,1,-1,194.68,194.68,194.68
331,1936.00,30.92699597,120.22366898,30.92294133,120.24271132,30.92294133,120.24271132,0.5333,1873.62,1,769,split_finetuned_disk,10,1,-1,180.26,180.26,180.26
332,1940.00,30.92699597,120.22366898,30.92294133,120.24271132,30.92294133,120.24271132,0.5333,1873.62,1,769,split_finetuned_disk,10,1,-1,222.98,164.03,164.03
333,1944.00,30.92699597,120.22366898,30.92294133,120.24271132,30.92699597,120.22366898,0.5333,1873.62,1,769,split_finetuned_disk,10,1,-1,286.84,286.84,286.84
334,1948.00,30.93122697,120.20287546,30.92699597,120.22366898,30.92699597,120.22366898,0.5567,2040.76,1,927,split_finetuned_disk,11,1,-1,2395.60,369.76,369.76
335,1952.00,30.92699597,120.22366898,30.92699597,120.22366898,30.92699597,120.22366898,0.5333,0.00,0,769,split_finetuned_disk,10,1,6,455.24,111.49,111.49
336,1956.00,30.92699597,120.22366898,30.92699597,120.22366898,30.92699597,120.22366898,0.5333,0.00,0,769,split_finetuned_disk,10,1,-1,546.72,166.43,166.43
337,1960.00,30.92699597,120.22366898,30.92699597,120.22366898,30.92699597,120.22366898,0.5333,0.00,0,769,split_finetuned_disk,10,1,-1,638.27,357.05,357.05
338,1964.00,30.92699597,120.22366898,30.92699597,120.22366898,30.92699597,120.22366898,0.5333,0.00,0,769,split_finetuned_disk,10,1,-1,732.31,289.00,289.00
339,1968.00,30.92717839,120.22388707,30.92699597,120.22366898,30.92712674,120.22382533,0.5333,29.09,0,770,split_finetuned_disk,10,1,9,626.52,43.99,43.99
340,1972.00,30.92675991,120.22723228,30.92719700,120.22390933,30.92719700,120.22390933,0.4867,321.03,1,771,split_finetuned_disk,8,1,2,521.16,80.17,80.17
341,1976.00,30.92717839,120.22388707,30.92726726,120.22399333,30.92719010,120.22390108,0.5333,14.17,0,770,split_finetuned_disk,10,1,4,816.49,16.66,16.66
342,1980.00,30.92699597,120.22366898,30.92722790,120.22394627,30.92706092,120.22374663,0.5333,36.98,0,769,split_finetuned_disk,10,1,5,1112.15,90.22,90.22
343,1984.00,30.92699597,120.22366898,30.92701390,120.22369042,30.92700116,120.22367519,0.5333,2.86,0,769,split_finetuned_disk,10,1,-1,1207.87,408.64,408.64
344,1988.00,30.91638792,120.22605104,30.92694721,120.22361069,30.92694721,120.22361069,0.5567,1198.34,1,434,split_finetuned_disk,11,1,-1,1591.12,1591.12,1591.12
345,1992.00,30.91250496,120.14276982,30.92689326,120.22354618,30.92689326,120.22354618,0.5800,7878.23,1,283,split_finetuned_disk,12,1,-1,9128.56,961.50,961.50
346,1996.00,30.91250496,120.14276982,30.92683930,120.22348167,30.92683930,120.22348167,0.5800,7870.98,1,283,split_finetuned_disk,12,1,4,9219.02,147.26,147.26
347,2000.00,30.92457700,120.23423380,30.92678535,120.22341717,30.92678535,120.22341717,0.5333,1061.78,1,719,split_finetuned_disk,10,1,-1,399.97,229.43,229.43
348,2004.00,30.91638792,120.22605104,30.92673139,120.22335266,30.92673139,120.22335266,0.5567,1179.92,1,434,split_finetuned_disk,11,1,-1,1836.15,888.55,888.55
349,2008.00,30.91250496,120.22444996,30.92667744,120.22328816,30.92667744,120.22328816,0.5567,1581.58,1,322,split_finetuned_disk,11,1,-1,2150.07,1585.01,1585.01
350,2011.00,30.91250496,120.22444996,30.92663698,120.22323978,30.92663698,120.22323978,0.5567,1577.41,1,322,split_finetuned_disk,11,1,-1,2213.92,1245.90,1245.90
351,2072.00,30.91250496,120.22444996,30.92581418,120.22225606,30.92581418,120.22225606,0.5567,1496.32,1,322,split_finetuned_disk,11,1,-1,2042.96,1165.14,1165.14
352,2078.00,30.91250496,120.22444996,30.92573325,120.22215930,30.92573325,120.22215930,0.5567,1488.73,1,322,split_finetuned_disk,11,1,-1,1978.70,430.24,430.24
353,2085.00,30.93406443,120.13858110,30.92563883,120.22204642,30.93406443,120.13858110,0.5567,8025.47,1,953,split_finetuned_disk,11,1,-1,9758.79,2212.97,2212.97
354,2091.00,30.90998941,120.18277535,30.93406443,120.13858110,30.93406443,120.13858110,0.6033,4999.36,1,246,split_finetuned_disk,13,1,-1,5574.39,2457.90,2457.90
355,2097.00,30.93441853,120.17774856,30.93406443,120.13858110,30.93406443,120.13858110,0.5333,3740.48,1,972,split_finetuned_disk,10,1,-1,5811.89,2362.49,2362.49
356,2103.00,30.93160253,120.19169067,30.93406443,120.13858110,30.93406443,120.13858110,0.5100,5079.07,1,922,split_finetuned_disk,9,1,-1,4498.33,4066.84,4066.84
357,2109.00,30.91250496,120.16371345,30.93406443,120.13858110,30.93406443,120.13858110,0.5567,3394.11,1,293,split_finetuned_disk,11,1,-1,7020.57,1214.20,1214.20
358,2115.00,30.93588251,120.14201931,30.93406443,120.13858110,30.93406443,120.13858110,0.5800,385.70,1,1011,split_finetuned_disk,12,1,-1,8904.25,3872.96,3872.96
359,2121.00,30.91974510,120.17979289,30.93406443,120.13858110,30.93406443,120.13858110,0.5100,4246.06,1,525,split_finetuned_disk,9,1,-1,5137.65,3775.01,3775.01
360,2127.00,30.93588251,120.14201931,30.93406443,120.13858110,30.93406443,120.13858110,0.5800,385.70,1,1011,split_finetuned_disk,12,1,-1,8710.43,4044.57,4044.57
361,2133.00,30.93588251,120.14201931,30.93406443,120.13858110,30.93406443,120.13858110,0.5800,385.70,1,1011,split_finetuned_disk,12,1,-1,8612.71,4121.34,4121.34
362,2139.00,30.92508132,120.18884580,30.93406443,120.13858110,30.93406443,120.13858110,0.4867,4903.06,1,697,split_finetuned_disk,8,1,-1,4025.72,3673.25,3673.25
363,2145.00,30.93514818,120.16977845,30.93406443,120.13858110,30.93514818,120.16977845,0.5333,2981.62,1,967,split_finetuned_disk,10,1,-1,6017.11,4406.99,4406.99
364,2151.00,30.93588251,120.14201931,30.93514818,120.16977845,30.93514818,120.16977845,0.5800,2652.10,1,1011,split_finetuned_disk,12,1,-1,8322.79,3840.20,3840.20
365,2157.00,30.93902509,120.13621155,30.93514818,120.16977845,30.93514818,120.16977845,0.5100,3234.38,1,1120,split_finetuned_disk,9,1,-1,8881.90,3739.03,3739.03
366,2163.00,30.90998941,120.18277535,30.93514818,120.16977845,30.93514818,120.16977845,0.6033,3063.36,1,246,split_finetuned_disk,13,1,-1,4547.77,3643.69,3643.69
367,2169.00,30.92124128,120.16362589,30.93514818,120.16977845,30.93514818,120.16977845,0.5800,1655.86,1,573,split_finetuned_disk,12,1,-1,5964.76,2728.30,2728.30
368,2175.00,30.93514818,120.16977845,30.93514818,120.16977845,30.93514818,120.16977845,0.5333,0.00,0,967,split_finetuned_disk,10,1,-1,5437.35,2948.90,2948.90
369,2181.00,30.92522081,120.18538801,30.93514818,120.16977845,30.93514818,120.16977845,0.6033,1855.60,1,696,split_finetuned_disk,13,1,-1,3462.46,2553.74,2553.74
370,2187.00,30.92522081,120.18538801,30.93514818,120.16977845,30.93514818,120.16977845,0.6033,1855.60,1,696,split_finetuned_disk,13,1,-1,3367.60,2468.06,2468.06
371,2193.00,30.90590258,120.14649573,30.93514818,120.16977845,30.93514818,120.16977845,0.5100,3942.39,1,117,split_finetuned_disk,9,1,-1,7379.64,2549.10,2549.10
372,2200.00,30.92157391,120.14416371,30.93514818,120.16977845,30.93514818,120.16977845,0.5800,2875.17,1,564,split_finetuned_disk,12,1,-1,7195.02,2531.02,2531.02
373,2206.00,30.91250496,120.22444996,30.93514818,120.16977845,30.93514818,120.16977845,0.5567,5797.47,1,322,split_finetuned_disk,11,1,-1,1642.56,1395.22,1395.22
374,2212.00,30.91250496,120.22444996,30.93514818,120.16977845,30.93514818,120.16977845,0.5567,5797.47,1,322,split_finetuned_disk,11,1,-1,1685.62,1583.38,1583.38
375,2219.00,30.93452583,120.17222849,30.93514818,120.16977845,30.93514818,120.16977845,0.6267,244.01,1,969,split_finetuned_disk,14,1,-1,4364.15,1743.11,1743.11
376,2225.00,30.93452583,120.17222849,30.93514818,120.16977845,30.93514818,120.16977845,0.6267,244.01,1,969,split_finetuned_disk,14,1,-1,4268.25,1437.83,1437.83
377,2231.00,30.93441853,120.17774856,30.93514818,120.16977845,30.93514818,120.16977845,0.5333,765.42,1,972,split_finetuned_disk,10,1,4,3582.48,100.66,100.66
378,2238.00,30.93452583,120.17222849,30.93514818,120.16977845,30.93452583,120.17222849,0.6267,244.01,1,969,split_finetuned_disk,14,1,-1,4074.39,434.30,434.30
379,2244.00,30.93452583,120.17222849,30.93452583,120.17222849,30.93452583,120.17222849,0.6267,0.00,0,969,split_finetuned_disk,14,1,-1,3976.41,337.83,337.83
380,2251.00,30.93452583,120.17222849,30.93452583,120.17222849,30.93452583,120.17222849,0.6267,0.00,0,969,split_finetuned_disk,14,1,-1,3880.52,248.31,248.31
381,2256.00,30.93514818,120.16977845,30.93452583,120.17222849,30.93452583,120.17222849,0.5333,244.01,1,967,split_finetuned_disk,10,1,-1,4176.14,298.76,298.76
382,2262.00,30.93514818,120.16977845,30.93452583,120.17222849,30.93452583,120.17222849,0.5333,244.01,1,967,split_finetuned_disk,10,1,6,4080.15,99.41,99.41
383,2269.00,30.93514818,120.16977845,30.93452583,120.17222849,30.93452583,120.17222849,0.5333,244.01,1,967,split_finetuned_disk,10,1,-1,3982.25,1802.73,1802.73
384,2275.00,30.93514818,120.16375097,30.93452583,120.17222849,30.93452583,120.17222849,0.5333,812.51,1,965,split_finetuned_disk,10,1,-1,4279.21,2239.30,2239.30
385,2281.00,30.93570010,120.16363840,30.93452583,120.17222849,30.93452583,120.17222849,0.5100,830.66,1,1021,split_finetuned_disk,9,1,-1,4218.45,2917.42,2917.42
386,2288.00,30.93514818,120.16977845,30.93452583,120.17222849,30.93452583,120.17222849,0.5333,244.01,1,967,split_finetuned_disk,10,1,-1,3690.49,1550.90,1550.90
387,2294.00,30.93514818,120.16977845,30.93452583,120.17222849,30.93452583,120.17222849,0.5333,244.01,1,967,split_finetuned_disk,10,1,-1,3594.48,1467.24,1467.24
388,2300.00,30.93570010,120.16363840,30.93452583,120.17222849,30.93452583,120.17222849,0.5100,830.66,1,1021,split_finetuned_disk,9,1,-1,3926.62,1390.08,1390.08
389,2307.00,30.93514818,120.16977845,30.93452583,120.17222849,30.93452583,120.17222849,0.5333,244.01,1,967,split_finetuned_disk,10,1,-1,3400.60,1310.36,1310.36
390,2313.00,30.93586105,120.15952472,30.93452583,120.17222849,30.93586105,120.15952472,0.5800,1222.21,1,1019,split_finetuned_disk,12,1,-1,4125.39,3864.08,3864.08
391,2320.00,30.93586105,120.15952472,30.93586105,120.15952472,30.93586105,120.15952472,0.5800,0.00,0,1019,split_finetuned_disk,12,1,-1,4027.44,3775.14,3775.14
392,2327.00,30.93586105,120.15952472,30.93586105,120.15952472,30.93586105,120.15952472,0.5800,0.00,0,1019,split_finetuned_disk,12,1,-1,3931.52,3108.83,3108.83
393,2333.00,30.93588251,120.14201931,30.93586105,120.15952472,30.93586105,120.15952472,0.5800,1671.67,1,1011,split_finetuned_disk,12,1,-1,5414.72,3582.00,3582.00
394,2340.00,30.90505022,120.15748039,30.93586105,120.15952472,30.93586105,120.15952472,0.5567,3435.41,1,66,split_finetuned_disk,11,1,-1,4730.31,1743.25,1743.25
395,2346.00,30.93586105,120.15952472,30.93586105,120.15952472,30.93586105,120.15952472,0.5800,0.00,0,1019,split_finetuned_disk,12,1,-1,3639.68,3388.95,3388.95
396,2353.00,30.92157391,120.14416371,30.93586105,120.15952472,30.93586105,120.15952472,0.5800,2163.63,1,564,split_finetuned_disk,12,1,-1,4974.27,1307.78,1307.78
397,2359.00,30.90615543,120.16506436,30.93586105,120.15952472,30.90769771,120.16477675,0.8133,3348.88,0,69,split_finetuned_disk,22,1,-1,4074.08,2623.21,2623.21
398,2366.00,30.93452583,120.17222849,30.89289180,120.16753783,30.89289180,120.16753783,0.6267,4656.30,1,969,split_finetuned_disk,14,1,-1,2133.75,2133.75,2133.75
399,2372.00,30.93452583,120.17222849,30.88020101,120.16990447,30.88020101,120.16990447,0.6267,6051.51,1,969,split_finetuned_disk,14,1,-1,2035.75,820.65,820.65
400,2379.00,30.92687794,120.19094016,30.86539509,120.17266555,30.86539509,120.17266555,0.5800,7063.25,1,754,split_finetuned_disk,12,1,-1,437.34,437.34,437.34
401,2386.00,30.92687794,120.19094016,30.85058917,120.17542663,30.85058917,120.17542663,0.5800,8620.71,1,754,split_finetuned_disk,12,1,-1,445.74,445.74,445.74
402,2392.00,30.92687794,120.19094016,30.83789839,120.17779327,30.83789839,120.17779327,0.5800,9984.45,1,754,split_finetuned_disk,12,1,-1,494.86,494.86,494.86
403,2399.00,30.92687794,120.19094016,30.82309247,120.18055435,30.82309247,120.18055435,0.5800,11595.89,1,754,split_finetuned_disk,12,1,-1,547.48,476.89,476.89
404,2406.00,30.93588251,120.14201931,30.80828655,120.18331543,30.80828655,120.18331543,0.5800,14741.26,1,1011,split_finetuned_disk,12,1,-1,4254.14,2426.13,2426.13
405,2413.00,30.93588251,120.14201931,30.79348064,120.18607651,30.79348064,120.18607651,0.5800,16400.98,1,1011,split_finetuned_disk,12,1,-1,4158.00,3721.62,3721.62
406,2419.00,30.93327039,120.14994101,30.78078985,120.18844315,30.78078985,120.18844315,0.5800,17367.78,1,958,split_finetuned_disk,12,1,-1,3443.69,2924.22,2924.22
407,2426.00,30.93346354,120.15252321,30.76598393,120.19120422,30.93327233,120.15256737,0.7667,19006.23,0,959,split_finetuned_disk,20,1,-1,3148.28,749.84,749.84
408,2432.00,30.93346354,120.15252321,30.94095738,120.15022801,30.93447679,120.15221287,0.7667,862.53,0,959,split_finetuned_disk,20,1,-1,3051.29,942.06,942.06
409,2438.00,30.90505022,120.15748039,30.93686054,120.15149718,30.93686054,120.15149718,0.5567,3586.92,1,66,split_finetuned_disk,11,1,-1,3793.84,1946.35,1946.35
410,2445.00,30.92687794,120.19094016,30.93964159,120.15066221,30.93964159,120.15066221,0.5800,4100.37,1,754,split_finetuned_disk,12,1,-1,1118.94,1118.94,1118.94
411,2451.00,30.93969036,120.13856859,30.94202534,120.14994653,30.94202534,120.14994653,0.5567,1117.19,1,1121,split_finetuned_disk,11,1,-1,4032.48,2165.94,2165.94
412,2457.00,30.93327039,120.14994101,30.94440910,120.14923084,30.94440910,120.14923084,0.5800,1241.81,1,958,split_finetuned_disk,12,1,-1,2865.08,1479.15,1479.15
413,2463.00,30.93346354,120.15252321,30.94679285,120.14851515,30.93356042,120.15249407,0.7667,1532.39,0,959,split_finetuned_disk,20,1,-1,2568.78,803.55,803.55
414,2469.00,30.93346354,120.15252321,30.93285267,120.15270799,30.93335944,120.15255469,0.7667,70.25,0,959,split_finetuned_disk,20,1,-1,2472.80,1408.20,1408.20
415,2476.00,30.92414312,120.14805930,30.93297098,120.15267199,30.93297098,120.15267199,0.5567,1076.92,1,621,split_finetuned_disk,11,1,-1,2976.72,1505.77,1505.77
416,2482.00,30.93346354,120.15252321,30.93263802,120.15277254,30.93341986,120.15253640,0.7667,94.93,0,959,split_finetuned_disk,20,1,-1,2280.33,297.83,297.83
417,2488.00,30.93346354,120.15252321,30.93343917,120.15253054,30.93345889,120.15252461,0.7667,2.80,0,959,split_finetuned_disk,20,1,-1,2183.97,201.19,201.19
418,2494.00,30.93346354,120.15252321,30.93349132,120.15251480,30.93346871,120.15252164,0.7667,3.20,0,959,split_finetuned_disk,20,1,-1,2087.76,1488.14,1488.14
419,2500.00,30.92370317,120.13703711,30.93348575,120.15251649,30.93348575,120.15251649,0.6267,1836.02,1,616,split_finetuned_disk,14,1,-1,3580.45,1392.28,1392.28
420,2507.00,30.92124128,120.16362589,30.93350562,120.15251049,30.93350562,120.15251049,0.5800,1729.35,1,573,split_finetuned_disk,12,1,-1,1537.08,1361.76,1361.76
421,2513.00,30.91633427,120.20030578,30.93352265,120.15250534,30.93352265,120.15250534,0.5567,4949.49,1,422,split_finetuned_disk,11,1,-1,3430.05,1381.70,1381.70
422,2519.00,30.93588251,120.14201931,30.93353968,120.15250020,30.93353968,120.15250020,0.5800,1034.29,1,1011,split_finetuned_disk,12,1,-1,2512.50,1365.94,1365.94
423,2525.00,30.93588251,120.14201931,30.93355672,120.15249505,30.93355672,120.15249505,0.5800,1033.34,1,1011,split_finetuned_disk,12,1,-1,2416.43,1017.68,1017.68
424,2532.00,30.93588251,120.14201931,30.93357659,120.15248904,30.93357659,120.15248904,0.5800,1032.23,1,1011,split_finetuned_disk,12,1,-1,2319.56,1914.21,1914.21
425,2538.00,30.93245022,120.16045580,30.93359362,120.15248390,30.93359362,120.15248390,0.5333,771.84,1,908,split_finetuned_disk,10,1,-1,486.59,486.59,486.59
426,2543.00,30.93514818,120.16977845,30.93360781,120.15247961,30.93360781,120.15247961,0.5333,1660.82,1,967,split_finetuned_disk,10,1,-1,286.03,286.03,286.03
427,2549.00,30.93514818,120.16977845,30.93362485,120.15247446,30.93362485,120.15247446,0.5333,1661.11,1,967,split_finetuned_disk,10,1,-1,384.07,294.29,294.29
428,2555.00,30.92687794,120.19094016,30.93364188,120.15246932,30.92687794,120.19094016,0.5800,3750.12,1,754,split_finetuned_disk,12,1,-1,2817.16,311.69,311.69
429,2561.00,30.91528271,120.20642625,30.92687794,120.19094016,30.92687794,120.19094016,0.5567,1962.92,1,425,split_finetuned_disk,11,1,-1,4675.19,365.13,365.13
430,2567.00,30.91528271,120.20642625,30.92687794,120.19094016,30.92687794,120.19094016,0.5567,1962.92,1,425,split_finetuned_disk,11,1,-1,4765.42,425.53,425.53
431,2573.00,30.93120084,120.16812732,30.92687794,120.19094016,30.92687794,120.19094016,0.5567,2231.02,1,855,split_finetuned_disk,11,1,-1,939.59,939.59,939.59
432,2580.00,30.93363055,120.16762699,30.92687794,120.19094016,30.92687794,120.19094016,0.6267,2349.76,1,911,split_finetuned_disk,14,1,-1,927.51,867.12,867.12
433,2586.00,30.92370317,120.13703711,30.92687794,120.19094016,30.92687794,120.19094016,0.6267,5159.56,1,616,split_finetuned_disk,14,1,-1,2482.25,763.44,763.44
434,2592.00,30.92370317,120.13703711,30.92687794,120.19094016,30.92687794,120.19094016,0.6267,5159.56,1,616,split_finetuned_disk,14,1,-1,2333.33,607.65,607.65
435,2598.00,30.92370317,120.13703711,30.92687794,120.19094016,30.92687794,120.19094016,0.6267,5159.56,1,616,split_finetuned_disk,14,1,-1,2271.72,1447.15,1447.15
436,2604.00,30.92672772,120.17884931,30.92687794,120.19094016,30.92687794,120.19094016,0.6033,1154.73,1,748,split_finetuned_disk,13,1,-1,2552.99,1659.68,1659.68
437,2611.00,30.92414312,120.14805930,30.92687794,120.19094016,30.92687794,120.19094016,0.5567,4106.19,1,621,split_finetuned_disk,11,1,-1,1569.85,1315.17,1315.17
438,2617.00,30.92414312,120.14805930,30.92687794,120.19094016,30.92414312,120.14805930,0.5567,4106.19,1,621,split_finetuned_disk,11,1,-1,1558.48,922.25,922.25
439,2622.00,30.93514818,120.16977845,30.92414312,120.14805930,30.92414312,120.14805930,0.5333,2408.85,1,967,split_finetuned_disk,10,1,-1,1640.51,621.13,621.13
440,2628.00,30.93514818,120.16977845,30.92414312,120.14805930,30.92414312,120.14805930,0.5333,2408.85,1,967,split_finetuned_disk,10,1,-1,1738.46,1573.47,1573.47
441,2635.00,30.92370317,120.13703711,30.92414312,120.14805930,30.92414312,120.14805930,0.6267,1053.70,1,616,split_finetuned_disk,14,1,-1,1938.81,1341.03,1341.03
442,2641.00,30.92370317,120.13703711,30.92414312,120.14805930,30.92414312,120.14805930,0.6267,1053.70,1,616,split_finetuned_disk,14,1,-1,1899.57,625.93,625.93
443,2647.00,30.92687794,120.13648674,30.92414312,120.14805930,30.92414312,120.14805930,0.5567,1146.28,1,728,split_finetuned_disk,11,1,-1,1534.26,686.04,686.04
444,2653.00,30.92522081,120.18538801,30.92414312,120.14805930,30.92414312,120.14805930,0.6033,3566.70,1,696,split_finetuned_disk,13,1,-1,4129.80,1903.38,1903.38
445,2659.00,30.93190298,120.14422625,30.92414312,120.14805930,30.92414312,120.14805930,0.5567,938.18,1,900,split_finetuned_disk,11,1,-1,604.85,604.85,604.85
446,2665.00,30.92370317,120.13703711,30.92414312,120.14805930,30.92414312,120.14805930,0.6267,1053.70,1,616,split_finetuned_disk,14,1,-1,1767.97,1646.74,1646.74
447,2671.00,30.92370317,120.13703711,30.92414312,120.14805930,30.92414312,120.14805930,0.6267,1053.70,1,616,split_finetuned_disk,14,1,-1,1752.21,1612.87,1612.87
448,2730.00,30.92672772,120.17884931,30.92414312,120.14805930,30.92672772,120.17884931,0.6033,2954.32,1,748,split_finetuned_disk,13,1,-1,3511.73,1304.27,1304.27
449,2734.00,30.92404654,120.17040931,30.92672772,120.17884931,30.92672772,120.17884931,0.5567,859.46,1,632,split_finetuned_disk,11,1,-1,2825.22,1151.64,1151.64
450,2738.00,30.93338375,120.17968737,30.92672772,120.17884931,30.92672772,120.17884931,0.6267,745.26,1,916,split_finetuned_disk,14,1,-1,3203.70,1126.49,1126.49
451,2743.00,30.93219270,120.18919603,30.92672772,120.17884931,30.92672772,120.17884931,0.4867,1160.33,1,921,split_finetuned_disk,8,1,-1,4103.67,3142.62,3142.62
452,2747.00,30.92856726,120.19110821,30.92672772,120.17884931,30.92672772,120.17884931,0.5100,1188.43,1,811,split_finetuned_disk,9,1,-1,4450.33,929.83,929.83
453,2751.00,30.93145837,120.19284145,30.92672772,120.17884931,30.92672772,120.17884931,0.5333,1436.20,1,866,split_finetuned_disk,10,1,-1,4128.76,908.26,908.26
454,2754.00,30.93969036,120.13856859,30.92672772,120.17884931,30.92672772,120.17884931,0.5567,4108.34,1,1121,split_finetuned_disk,11,1,-1,1132.22,472.64,472.64
455,2758.00,30.92687794,120.19094016,30.92672772,120.17884931,30.92672772,120.17884931,0.5800,1154.73,1,754,split_finetuned_disk,12,1,-1,3998.23,544.86,544.86
456,2762.00,30.92687794,120.19094016,30.92672772,120.17884931,30.92672772,120.17884931,0.5800,1154.73,1,754,split_finetuned_disk,12,1,-1,3902.53,870.29,870.29
457,2766.00,30.92687794,120.19094016,30.92672772,120.17884931,30.92672772,120.17884931,0.5800,1154.73,1,754,split_finetuned_disk,12,1,-1,3804.49,788.16,788.16
458,2770.00,30.92687794,120.19094016,30.92672772,120.17884931,30.92687794,120.19094016,0.5800,1154.73,1,754,split_finetuned_disk,12,1,-1,3706.44,649.03,649.03
459,2773.00,30.93969036,120.13856859,30.92687794,120.19094016,30.92687794,120.19094016,0.5567,5200.60,1,1121,split_finetuned_disk,11,1,-1,1601.31,321.41,321.41
460,2777.00,30.93327039,120.14994101,30.92687794,120.19094016,30.92687794,120.19094016,0.5800,3979.33,1,958,split_finetuned_disk,12,1,-1,570.26,396.68,396.68
461,2781.00,30.93327039,120.14994101,30.92687794,120.19094016,30.92687794,120.19094016,0.5800,3979.33,1,958,split_finetuned_disk,12,1,-1,666.38,343.08,343.08
462,2785.00,30.90471758,120.21646027,30.92687794,120.19094016,30.92687794,120.19094016,0.6033,3467.66,1,94,split_finetuned_disk,13,1,-1,6443.96,1244.01,1244.01
463,2789.00,30.91720809,120.19876723,30.92687794,120.19094016,30.92687794,120.19094016,0.6267,1310.50,1,478,split_finetuned_disk,14,1,-1,4297.75,3467.32,3467.32
464,2793.00,30.92370317,120.13703711,30.92687794,120.19094016,30.92687794,120.19094016,0.6267,5159.56,1,616,split_finetuned_disk,14,1,-1,2406.59,1056.77,1056.77
465,2796.00,30.92344565,120.23295249,30.92687794,120.19094016,30.92687794,120.19094016,0.4867,4030.10,1,662,split_finetuned_disk,8,1,-1,7036.50,1360.29,1360.29
466,2800.00,30.92201386,120.24999508,30.92687794,120.19094016,30.92687794,120.19094016,0.4867,5665.35,1,614,split_finetuned_disk,8,1,-1,8550.70,3913.16,3913.16
467,2804.00,30.92701743,120.19363493,30.92687794,120.19094016,30.92687794,120.19094016,0.5333,257.80,1,755,split_finetuned_disk,10,1,-1,3028.99,1446.89,1446.89
468,2808.00,30.93327039,120.14994101,30.92687794,120.19094016,30.93327039,120.14994101,0.5800,3979.33,1,958,split_finetuned_disk,12,1,-1,1344.70,1331.95,1331.95
469,2812.00,30.93327039,120.14994101,30.93327039,120.14994101,30.93327039,120.14994101,0.5800,0.00,0,958,split_finetuned_disk,12,1,-1,1442.37,849.45,849.45
470,2816.00,30.90527555,120.17543611,30.93327039,120.14994101,30.93327039,120.14994101,0.5100,3954.66,1,74,split_finetuned_disk,9,1,-1,3107.68,2262.08,2262.08
471,2820.00,30.92628778,120.21127793,30.93327039,120.14994101,30.93327039,120.14994101,0.4867,5908.69,1,763,split_finetuned_disk,8,1,-1,4218.85,1418.84,1418.84
472,2824.00,30.92699597,120.22366898,30.93327039,120.14994101,30.93327039,120.14994101,0.5333,7075.17,1,769,split_finetuned_disk,10,1,-1,5314.47,3957.47,3957.47
473,2827.00,30.90710436,120.21612254,30.93327039,120.14994101,30.93327039,120.14994101,0.5100,6958.91,1,150,split_finetuned_disk,9,1,-1,5338.85,1511.91,1511.91
474,2831.00,30.90998941,120.18277535,30.93327039,120.14994101,30.93327039,120.14994101,0.6033,4067.92,1,246,split_finetuned_disk,13,1,-1,2652.26,2145.13,2145.13
475,2835.00,30.91170019,120.16897790,30.93327039,120.14994101,30.93327039,120.14994101,0.6500,3011.74,1,295,split_finetuned_disk,15,1,-1,2101.83,1622.91,1622.91
476,2839.00,30.92471649,120.14317010,30.93327039,120.14994101,30.93327039,120.14994101,0.4867,1151.00,1,675,split_finetuned_disk,8,1,-1,2777.84,2777.84,2777.84
477,2843.00,30.92338127,120.22392460,30.93327039,120.14994101,30.93327039,120.14994101,0.6033,7150.27,1,658,split_finetuned_disk,13,1,-1,5081.78,3471.77,3471.77
478,2847.00,30.92338127,120.22392460,30.93327039,120.14994101,30.93327039,120.14994101,0.6033,7150.27,1,658,split_finetuned_disk,13,1,-1,4983.90,3373.79,3373.79
479,2851.00,30.92414312,120.14805930,30.93327039,120.14994101,30.92414312,120.14805930,0.5567,1031.82,1,621,split_finetuned_disk,11,1,-1,2802.15,1790.60,1790.60
480,2855.00,30.92163224,120.23257179,30.92414312,120.14805930,30.92414312,120.14805930,0.5333,8075.31,1,661,split_finetuned_disk,10,1,-1,5288.06,3623.85,3623.85
481,2858.00,30.92163224,120.23257179,30.92414312,120.14805930,30.92414312,120.14805930,0.5333,8075.31,1,661,split_finetuned_disk,10,1,-1,5191.98,3716.26,3716.26
482,2862.00,30.91945539,120.21829195,30.92414312,120.14805930,30.92414312,120.14805930,0.6267,6727.10,1,543,split_finetuned_disk,14,1,-1,4010.13,2892.40,2892.40
483,2866.00,30.91441962,120.22751998,30.92414312,120.14805930,30.92414312,120.14805930,0.5567,7664.87,1,379,split_finetuned_disk,11,1,-1,4868.94,1140.97,1140.97
484,2870.00,30.92163224,120.23257179,30.92414312,120.14805930,30.92414312,120.14805930,0.5333,8075.31,1,661,split_finetuned_disk,10,1,-1,4900.37,2698.58,2698.58
485,2874.00,30.92163224,120.23257179,30.92414312,120.14805930,30.92414312,120.14805930,0.5333,8075.31,1,661,split_finetuned_disk,10,1,-1,4804.29,3390.17,3390.17
486,2878.00,30.92163224,120.23257179,30.92414312,120.14805930,30.92414312,120.14805930,0.5333,8075.31,1,661,split_finetuned_disk,10,1,-1,4706.54,1878.34,1878.34
487,2882.00,30.92338127,120.22392460,30.92414312,120.14805930,30.92414312,120.14805930,0.6033,7245.21,1,658,split_finetuned_disk,13,1,-1,4016.35,1780.52,1780.52
488,2886.00,30.92338127,120.22392460,30.92414312,120.14805930,30.92414312,120.14805930,0.6033,7245.21,1,658,split_finetuned_disk,13,1,-1,3920.36,2310.97,2310.97
489,2890.00,30.90527555,120.17543611,30.92414312,120.14805930,30.90527555,120.17543611,0.5100,3353.53,1,74,split_finetuned_disk,9,1,-1,2841.67,1168.21,1168.21
490,2894.00,30.93327039,120.14994101,30.90527555,120.17543611,30.90527555,120.17543611,0.5800,3954.66,1,958,split_finetuned_disk,12,1,-1,3573.00,2072.07,2072.07
491,2898.00,30.93327039,120.14994101,30.90527555,120.17543611,30.90527555,120.17543611,0.5800,3954.66,1,958,split_finetuned_disk,12,1,-1,3670.82,3029.45,3029.45
492,2902.00,30.93327039,120.14994101,30.90527555,120.17543611,30.90527555,120.17543611,0.5800,3954.66,1,958,split_finetuned_disk,12,1,-1,3766.87,1003.62,1003.62
493,2906.00,30.92106959,120.23007716,30.90527555,120.17543611,30.90527555,120.17543611,0.5100,5506.17,1,604,split_finetuned_disk,9,1,-1,3864.92,2578.96,2578.96
494,2910.00,30.92163224,120.23257179,30.90527555,120.17543611,30.90527555,120.17543611,0.5333,5751.95,1,661,split_finetuned_disk,10,1,-1,3929.64,1101.22,1101.22
495,2914.00,30.92522081,120.18538801,30.90527555,120.17543611,30.90527555,120.17543611,0.6033,2415.15,1,696,split_finetuned_disk,13,1,-1,533.98,201.34,201.34
496,2918.00,30.92701743,120.19363493,30.90527555,120.17543611,30.90527555,120.17543611,0.5333,2979.62,1,755,split_finetuned_disk,10,1,2,159.25,124.09,124.09
497,2922.00,30.92238941,120.23494678,30.90527555,120.17543611,30.90527555,120.17543611,0.5333,5993.77,1,607,split_finetuned_disk,10,1,-1,4066.43,1051.22,1051.22
498,2926.00,30.92541396,120.19872426,30.90527555,120.17543611,30.90527555,120.17543611,0.5567,3157.75,1,701,split_finetuned_disk,11,1,-1,423.94,423.94,423.94
499,2930.00,30.90502875,120.17641721,30.90527555,120.17543611,30.90502875,120.17641721,0.5800,97.64,1,75,split_finetuned_disk,12,1,-1,3057.47,900.16,900.16
500,2934.00,30.91696736,120.23309008,30.90502875,120.17641721,30.90502875,120.17641721,0.5567,5572.74,1,438,split_finetuned_disk,11,1,-1,3735.08,3628.65,3628.65
501,2938.00,30.91696736,120.23309008,30.90502875,120.17641721,30.90502875,120.17641721,0.5567,5572.74,1,438,split_finetuned_disk,11,1,-1,3641.48,2765.29,2765.29
502,2941.00,30.91352901,120.23217696,30.90502875,120.17641721,30.90502875,120.17641721,0.5100,5408.17,1,382,split_finetuned_disk,9,1,-1,3618.14,2675.60,2675.60
503,2945.00,30.92214262,120.23891036,30.90502875,120.17641721,30.90502875,120.17641721,0.5333,6264.46,1,609,split_finetuned_disk,10,1,-1,3877.42,984.10,984.10
504,2949.00,30.91642011,120.17498580,30.90502875,120.17641721,30.90502875,120.17641721,0.6967,1275.43,1,410,split_finetuned_disk,17,1,-1,2737.94,1516.52,1516.52
505,2953.00,30.92667407,120.20553815,30.90502875,120.17641721,30.90502875,120.17641721,0.5567,3679.58,1,761,split_finetuned_disk,11,1,-1,440.43,440.43,440.43
506,2957.00,30.90590864,120.21727877,30.90502875,120.17641721,30.90502875,120.17641721,0.5100,3903.28,1,95,split_finetuned_disk,9,1,-1,2818.38,745.04,745.04
507,2961.00,30.90553308,120.25148359,30.90502875,120.17641721,30.90502875,120.17641721,0.6267,7168.64,1,110,split_finetuned_disk,14,1,-1,5024.26,2260.59,2260.59
508,2965.00,30.91391529,120.19310957,30.90502875,120.17641721,30.90502875,120.17641721,0.6267,1876.04,1,363,split_finetuned_disk,14,1,-1,1688.46,1572.27,1572.27
509,2968.00,30.91391529,120.19310957,30.90502875,120.17641721,30.91391529,120.19310957,0.6267,1876.04,1,363,split_finetuned_disk,14,1,-1,1732.49,1732.49,1732.49
510,2972.00,30.93588251,120.14201931,30.91391529,120.19310957,30.91391529,120.19310957,0.5800,5457.38,1,1011,split_finetuned_disk,12,1,-1,6141.13,5552.27,5552.27
511,2976.00,30.93969036,120.13856859,30.91391529,120.19310957,30.91391529,120.19310957,0.5567,5946.41,1,1121,split_finetuned_disk,11,1,-1,6710.63,3537.60,3537.60
512,2980.00,30.91720809,120.19876723,30.91391529,120.19310957,30.91391529,120.19310957,0.6267,652.89,1,478,split_finetuned_disk,14,1,-1,1253.66,1095.79,1095.79
513,2984.00,30.90502875,120.17641721,30.91391529,120.19310957,30.91391529,120.19310957,0.5800,1876.04,1,75,split_finetuned_disk,12,1,-1,3920.01,1220.62,1220.62
514,2988.00,30.91415136,120.19621712,30.91391529,120.19310957,30.91391529,120.19310957,0.5800,297.92,1,364,split_finetuned_disk,12,1,-1,1941.38,1315.67,1315.67
515,2992.00,30.90502875,120.17641721,30.91391529,120.19310957,30.91391529,120.19310957,0.5800,1876.04,1,75,split_finetuned_disk,12,1,-1,4060.14,1467.26,1467.26
516,2995.00,30.91528271,120.20642625,30.91391529,120.19310957,30.91391529,120.19310957,0.5567,1280.75,1,425,split_finetuned_disk,11,1,-1,1208.02,1103.03,1103.03
517,2999.00,30.92541396,120.19872426,30.91391529,120.19310957,30.91391529,120.19310957,0.5567,1387.79,1,701,split_finetuned_disk,11,1,-1,1602.39,976.41,976.41
518,3003.00,30.91528271,120.20642625,30.91391529,120.19310957,30.91391529,120.19310957,0.5567,1280.75,1,425,split_finetuned_disk,11,1,-1,1304.36,271.71,271.71
519,3007.00,30.92687794,120.19094016,30.91391529,120.19310957,30.92687794,120.19094016,0.5800,1457.80,1,754,split_finetuned_disk,12,1,-1,2408.92,336.70,336.70
520,3011.00,30.92469503,120.22918905,30.92687794,120.19094016,30.92687794,120.19094016,0.5100,3660.63,1,716,split_finetuned_disk,9,1,-1,1114.83,406.97,406.97
521,3015.00,30.92540322,120.14642775,30.92687794,120.19094016,30.92687794,120.19094016,0.4633,4253.86,1,676,split_finetuned_disk,7,1,-1,6984.92,5784.78,5784.78
522,3019.00,30.93327039,120.14994101,30.92687794,120.19094016,30.92687794,120.19094016,0.5800,3979.33,1,958,split_finetuned_disk,12,1,-1,6772.87,4734.68,4734.68
523,3023.00,30.92198166,120.21528447,30.92687794,120.19094016,30.92687794,120.19094016,0.4400,2387.79,1,598,split_finetuned_disk,6,1,-1,454.86,379.42,379.42
524,3026.00,30.92106959,120.23007716,30.92687794,120.19094016,30.92687794,120.19094016,0.5100,3792.89,1,604,split_finetuned_disk,9,1,-1,769.89,531.08,531.08
525,3030.00,30.93327039,120.14994101,30.92687794,120.19094016,30.92687794,120.19094016,0.5800,3979.33,1,958,split_finetuned_disk,12,1,-1,7064.62,4999.34,4999.34
526,3034.00,30.92522081,120.18538801,30.92687794,120.19094016,30.92687794,120.19094016,0.6033,561.37,1,696,split_finetuned_disk,13,1,-1,3466.59,2477.98,2477.98
527,3038.00,30.92687794,120.19094016,30.92687794,120.19094016,30.92687794,120.19094016,0.5800,0.00,0,754,split_finetuned_disk,12,1,-1,3183.47,2565.59,2565.59
528,3042.00,30.92370317,120.13703711,30.92687794,120.19094016,30.92687794,120.19094016,0.6267,5159.56,1,616,split_finetuned_disk,14,1,-1,8452.59,4726.28,4726.28
529,3046.00,30.92414312,120.14805930,30.92687794,120.19094016,30.92687794,120.19094016,0.5567,4106.19,1,621,split_finetuned_disk,11,1,-1,7548.14,215.90,215.90
530,3050.00,30.92667407,120.20553815,30.92687794,120.19094016,30.92687794,120.19094016,0.5567,1394.21,1,761,split_finetuned_disk,11,1,-1,2095.77,206.61,206.61
531,3054.00,30.92160611,120.22183730,30.92687794,120.19094016,30.92687794,120.19094016,0.6267,3008.30,1,600,split_finetuned_disk,14,1,-1,749.30,749.30,749.30
532,3058.00,30.92160611,120.22183730,30.92687794,120.19094016,30.92687794,120.19094016,0.6267,3008.30,1,600,split_finetuned_disk,14,1,-1,840.66,840.66,840.66
533,3062.00,30.92160611,120.22183730,30.92687794,120.19094016,30.92687794,120.19094016,0.6267,3008.30,1,600,split_finetuned_disk,14,1,-1,934.38,934.38,934.38
534,3066.00,30.92667407,120.20553815,30.92687794,120.19094016,30.92687794,120.19094016,0.5567,1394.21,1,761,split_finetuned_disk,11,1,-1,2483.13,1427.12,1427.12
535,3070.00,30.92198166,120.21528447,30.92687794,120.19094016,30.92687794,120.19094016,0.4400,2387.79,1,598,split_finetuned_disk,6,1,-1,1522.05,1522.05,1522.05
536,3074.00,30.92106959,120.23007716,30.92687794,120.19094016,30.92687794,120.19094016,0.5100,3792.89,1,604,split_finetuned_disk,9,1,-1,417.93,417.93,417.93
537,3077.00,30.93346354,120.15252321,30.92687794,120.19094016,30.93345857,120.15255215,0.7667,3741.14,0,959,split_finetuned_disk,20,1,-1,8032.72,3990.46,3990.46
538,3081.00,30.93346354,120.15252321,30.93418675,120.14830436,30.93360879,120.15167589,0.7667,410.84,0,959,split_finetuned_disk,20,1,-1,8128.71,3306.05,3306.05
539,3085.00,30.92701743,120.19363493,30.93392649,120.14982255,30.93392649,120.14982255,0.5333,4253.95,1,755,split_finetuned_disk,10,1,-1,4149.68,4149.68,4149.68
540,3089.00,30.91814162,120.14556466,30.93424420,120.14796921,30.93424420,120.14796921,0.5333,1807.19,1,452,split_finetuned_disk,10,1,-1,8806.15,3421.13,3421.13
541,3093.00,30.91393675,120.16785920,30.93456191,120.14611587,30.93456191,120.14611587,0.6033,3095.62,1,350,split_finetuned_disk,13,1,-1,6934.16,5612.14,5612.14
542,3097.00,30.92522081,120.18538801,30.93487962,120.14426253,30.93487962,120.14426253,0.6033,4071.78,1,696,split_finetuned_disk,13,1,-1,5011.11,4191.61,4191.61
543,3101.00,30.92549980,120.14100068,30.93519733,120.14240919,30.93519733,120.14240919,0.4400,1087.88,1,674,split_finetuned_disk,6,1,-1,9497.47,889.28,889.28
544,3105.00,30.92370317,120.13703711,30.93551503,120.14055585,30.93551503,120.14055585,0.6267,1357.15,1,616,split_finetuned_disk,14,1,-1,9984.91,627.40,627.40
545,3109.00,30.92370317,120.13703711,30.93583274,120.13870251,30.93583274,120.13870251,0.6267,1359.60,1,616,split_finetuned_disk,14,1,-1,10176.49,3411.46,3411.46
546,3113.00,30.90545796,120.15144041,30.93615045,120.13684917,30.93615045,120.13684917,0.5100,3689.89,1,64,split_finetuned_disk,9,1,-1,8823.82,4267.30,4267.30
547,3117.00,30.92541396,120.19872426,30.93646816,120.13499583,30.93646816,120.13499583,0.5567,6208.88,1,701,split_finetuned_disk,11,1,-1,4595.99,1163.30,1163.30
548,3178.00,30.92541396,120.19872426,30.94131320,120.10673238,30.92541396,120.19872426,0.5567,8961.24,1,701,split_finetuned_disk,11,1,-1,4545.95,900.59,900.59
549,3185.00,30.91596944,120.21964832,30.92541396,120.19872426,30.92541396,120.19872426,0.5567,2257.85,1,432,split_finetuned_disk,11,1,-1,2178.74,1382.97,1382.97
550,3191.00,30.91250496,120.22444996,30.92541396,120.19872426,30.92541396,120.19872426,0.5567,2846.09,1,322,split_finetuned_disk,11,1,-1,1780.29,1780.29,1780.29
551,3197.00,30.93586105,120.15952472,30.92541396,120.19872426,30.92541396,120.19872426,0.5800,3919.83,1,1019,split_finetuned_disk,12,1,-1,8030.47,1836.80,1836.80
552,3203.00,30.91720809,120.19876723,30.92541396,120.19872426,30.92541396,120.19872426,0.6267,913.49,1,478,split_finetuned_disk,14,1,-1,3885.09,3885.09,3885.09
553,3209.00,30.91720809,120.19876723,30.92541396,120.19872426,30.92541396,120.19872426,0.6267,913.49,1,478,split_finetuned_disk,14,1,-1,3789.72,3789.72,3789.72
554,3215.00,30.91250496,120.14276982,30.92541396,120.19872426,30.92541396,120.19872426,0.5800,5533.20,1,283,split_finetuned_disk,12,1,-1,9118.41,3894.54,3894.54
555,3221.00,30.91814162,120.18655130,30.92541396,120.19872426,30.92541396,120.19872426,0.5333,1416.57,1,472,split_finetuned_disk,10,1,-1,4799.30,1559.26,1559.26
556,3227.00,30.93588251,120.14201931,30.92541396,120.19872426,30.92541396,120.19872426,0.5800,5538.99,1,1011,split_finetuned_disk,12,1,-1,9103.29,4200.35,4200.35
557,3234.00,30.92522081,120.18538801,30.92541396,120.19872426,30.92541396,120.19872426,0.6033,1273.72,1,696,split_finetuned_disk,13,1,-1,4656.94,3679.21,3679.21
558,3239.00,30.92522081,120.18538801,30.92541396,120.19872426,30.92522081,120.18538801,0.6033,1273.72,1,696,split_finetuned_disk,13,1,-1,4560.84,3587.89,3587.89
559,3245.00,30.92687794,120.19094016,30.92522081,120.18538801,30.92522081,120.18538801,0.5800,561.37,1,754,split_finetuned_disk,12,1,-1,4104.11,4040.90,4040.90
560,3251.00,30.92687794,120.19094016,30.92522081,120.18538801,30.92522081,120.18538801,0.5800,561.37,1,754,split_finetuned_disk,12,1,-1,4008.38,4008.38,4008.38
561,3257.00,30.92687794,120.19094016,30.92522081,120.18538801,30.92522081,120.18538801,0.5800,561.37,1,754,split_finetuned_disk,12,1,-1,3910.34,3873.85,3873.85
562,3263.00,30.93588251,120.14201931,30.92522081,120.18538801,30.92522081,120.18538801,0.5800,4308.18,1,1011,split_finetuned_disk,12,1,-1,8522.06,3777.80,3777.80
563,3269.00,30.92522081,120.18538801,30.92522081,120.18538801,30.92522081,120.18538801,0.6033,0.00,0,696,split_finetuned_disk,13,1,-1,4075.52,3337.62,3337.62
564,3275.00,30.92522081,120.18538801,30.92522081,120.18538801,30.92522081,120.18538801,0.6033,0.00,0,696,split_finetuned_disk,13,1,-1,3977.85,3582.19,3582.19
565,3281.00,30.90891172,120.17627962,30.92522081,120.18538801,30.92522081,120.18538801,0.5333,2013.13,1,187,split_finetuned_disk,10,1,-1,5003.87,4079.86,4079.86
566,3286.00,30.92079667,120.15601146,30.92522081,120.18538801,30.92522081,120.18538801,0.5100,2848.20,1,513,split_finetuned_disk,9,1,-1,6748.48,3007.22,3007.22
567,3292.00,30.92867456,120.24748794,30.92522081,120.18538801,30.92522081,120.18538801,0.5333,5942.65,1,837,split_finetuned_disk,10,1,-1,2332.32,2332.32,2332.32
568,3298.00,30.93145837,120.19284145,30.92522081,120.18538801,30.92522081,120.18538801,0.5333,994.36,1,866,split_finetuned_disk,10,1,-1,3339.16,1312.98,1312.98
569,3304.00,30.91170019,120.16897790,30.92522081,120.18538801,30.92522081,120.18538801,0.6500,2172.81,1,295,split_finetuned_disk,15,1,-1,5341.95,1214.52,1214.52
570,3310.00,30.93452583,120.17222849,30.92522081,120.18538801,30.92522081,120.18538801,0.6267,1628.54,1,969,split_finetuned_disk,14,1,-1,4983.00,2781.92,2781.92
571,3315.00,30.92404654,120.17040931,30.92522081,120.18538801,30.92522081,120.18538801,0.5567,1436.34,1,632,split_finetuned_disk,11,1,-1,4876.62,2475.50,2475.50
572,3321.00,30.92718912,120.15311655,30.92522081,120.18538801,30.92522081,120.18538801,0.6967,3089.52,1,736,split_finetuned_disk,17,1,-1,6405.22,2658.18,2658.18
573,3327.00,30.92718912,120.15311655,30.92522081,120.18538801,30.92522081,120.18538801,0.6967,3089.52,1,736,split_finetuned_disk,17,1,-1,6309.10,2303.27,2303.27
574,3333.00,30.93969036,120.13856859,30.92522081,120.18538801,30.93969036,120.13856859,0.5567,4752.30,1,1121,split_finetuned_disk,11,1,-1,7840.18,2810.91,2810.91
575,3339.00,30.91250496,120.14276982,30.93969036,120.13856859,30.93969036,120.13856859,0.5800,3052.76,1,283,split_finetuned_disk,12,1,-1,7163.69,1111.97,1111.97
576,3345.00,30.91250496,120.22444996,30.93969036,120.13856859,30.93969036,120.13856859,0.5567,8741.74,1,322,split_finetuned_disk,11,1,-1,1320.96,1169.02,1169.02
577,3350.00,30.93120084,120.16812732,30.93969036,120.13856859,30.93969036,120.13856859,0.5567,2976.70,1,855,split_finetuned_disk,11,1,-1,4593.11,1118.94,1118.94
578,3357.00,30.90683611,120.19477320,30.93969036,120.13856859,30.93969036,120.13856859,0.4867,6494.86,1,139,split_finetuned_disk,8,1,-1,2620.26,815.62,815.62
579,3363.00,30.93290089,120.17548614,30.93969036,120.13856859,30.93969036,120.13856859,0.5100,3605.53,1,914,split_finetuned_disk,9,1,-1,3774.48,1919.67,1919.67
580,3369.00,30.93145837,120.19284145,30.93969036,120.13856859,30.93969036,120.13856859,0.5333,5263.15,1,866,split_finetuned_disk,10,1,-1,2106.49,490.05,490.05
581,3375.00,30.93346354,120.15252321,30.93969036,120.13856859,30.93346540,120.15251903,0.7667,1502.09,0,959,split_finetuned_disk,20,1,-1,5760.74,5027.10,5027.10
582,3381.00,30.92404654,120.17040931,30.93295715,120.15365804,30.93295715,120.15365804,0.5567,1882.24,1,632,split_finetuned_disk,11,1,-1,3724.86,741.47,741.47
583,3387.00,30.91296636,120.20575080,30.93244890,120.15479705,30.93244890,120.15479705,0.5800,5327.26,1,313,split_finetuned_disk,12,1,-1,1190.56,651.24,651.24
584,3393.00,30.91209721,120.20112427,30.93194065,120.15593606,30.93194065,120.15593606,0.6500,4847.75,1,311,split_finetuned_disk,15,1,-1,1304.69,1304.69,1304.69
585,3399.00,30.93131887,120.17436744,30.93143240,120.15707507,30.93143240,120.15707507,0.5100,1651.37,1,857,split_finetuned_disk,9,1,-1,3335.08,2316.72,2316.72
586,3405.00,30.93346354,120.15252321,30.93092416,120.15821408,30.93345329,120.15254616,0.7667,612.57,0,959,split_finetuned_disk,20,1,-1,5275.39,1079.77,1079.77
587,3412.00,30.93346354,120.15252321,30.93352114,120.15239411,30.93347157,120.15250521,0.7667,13.90,0,959,split_finetuned_disk,20,1,-1,5179.83,2559.50,2559.50
588,3418.00,30.92370317,120.13703711,30.93349618,120.15245006,30.93349618,120.15245006,0.6267,1831.61,1,616,split_finetuned_disk,14,1,-1,6351.91,452.01,452.01
589,3424.00,30.91170019,120.16897790,30.93352078,120.15239491,30.93352078,120.15239491,0.6500,2899.67,1,295,split_finetuned_disk,15,1,-1,3498.57,3498.57,3498.57
590,3430.00,30.93190298,120.14422625,30.93354539,120.15233976,30.93354539,120.15233976,0.5567,796.08,1,900,split_finetuned_disk,11,1,-1,5437.22,3773.35,3773.35
591,3436.00,30.93588251,120.14201931,30.93357000,120.15228461,30.93357000,120.15228461,0.5800,1013.52,1,1011,split_finetuned_disk,12,1,-1,5614.65,4122.80,4122.80
592,3442.00,30.90453516,120.16715873,30.93359461,120.15222947,30.93359461,120.15222947,0.5800,3535.12,1,70,split_finetuned_disk,12,1,-1,3815.61,3815.61,3815.61
593,3448.00,30.93327039,120.14994101,30.93361922,120.15217432,30.93361922,120.15217432,0.5800,216.77,1,958,split_finetuned_disk,12,1,-1,4791.45,4088.88,4088.88
594,3454.00,30.92404654,120.17040931,30.93364382,120.15211917,30.93364382,120.15211917,0.5567,2047.45,1,632,split_finetuned_disk,11,1,-1,2583.49,1342.40,1342.40
595,3460.00,30.92718912,120.15311655,30.93366843,120.15206402,30.93366843,120.15206402,0.6967,728.25,1,736,split_finetuned_disk,17,1,-1,4089.12,2489.69,2489.69
596,3466.00,30.90805936,120.24741289,30.93369304,120.15200887,30.93369304,120.15200887,0.5567,9546.98,1,165,split_finetuned_disk,11,1,-1,5393.25,2724.96,2724.96
597,3472.00,30.90541504,120.18406373,30.93371765,120.15195372,30.90541504,120.18406373,0.6033,4396.47,1,78,split_finetuned_disk,13,1,-1,2468.04,819.59,819.59
598,3478.00,30.93514818,120.16977845,30.90541504,120.18406373,30.90541504,120.18406373,0.5333,3579.99,1,967,split_finetuned_disk,10,1,-1,2583.50,1256.15,1256.15
599,3484.00,30.93346354,120.15252321,30.90541504,120.18406373,30.93343952,120.15255021,0.7667,4338.31,0,959,split_finetuned_disk,20,1,-1,4016.02,183.77,183.77
600,3490.00,30.93346354,120.15252321,30.93665091,120.14893900,30.93385246,120.15208587,0.7667,493.00,0,959,split_finetuned_disk,20,1,-1,3917.97,3338.20,3338.20
601,3496.00,30.92370317,120.13703711,30.93471536,120.15111553,30.93471536,120.15111553,0.6267,1819.40,1,616,split_finetuned_disk,14,1,-1,5117.89,1979.73,1979.73
602,3502.00,30.92370317,120.13703711,30.93557827,120.15014520,30.93557827,120.15014520,0.6267,1820.55,1,616,split_finetuned_disk,14,1,-1,5023.83,1838.99,1838.99
603,3508.00,30.93327039,120.14994101,30.93644118,120.14917486,30.93644118,120.14917486,0.5800,360.47,1,958,split_finetuned_disk,12,1,-1,3823.45,2959.51,2959.51
604,3514.00,30.93969036,120.13856859,30.93730408,120.14820453,30.93730408,120.14820453,0.5567,957.75,1,1121,split_finetuned_disk,11,1,-1,4850.07,2513.13,2513.13
605,3520.00,30.93969036,120.13856859,30.93816699,120.14723419,30.93816699,120.14723419,0.5567,844.71,1,1121,split_finetuned_disk,11,1,-1,4752.32,2415.15,2415.15
606,3527.00,30.92687794,120.19094016,30.93917371,120.14610213,30.93917371,120.14610213,0.5800,4495.24,1,754,split_finetuned_disk,12,1,-1,568.10,568.10,568.10
607,3533.00,30.92687794,120.19094016,30.94003662,120.14513180,30.94003662,120.14513180,0.5800,4613.18,1,754,split_finetuned_disk,12,1,-1,662.80,662.80,662.80
608,3539.00,30.93588251,120.14201931,30.94089953,120.14416146,30.94089953,120.14416146,0.5800,594.78,1,1011,split_finetuned_disk,12,1,-1,3969.16,3391.77,3391.77
609,3545.00,30.92841704,120.15997503,30.94176243,120.14319113,30.94176243,120.14319113,0.5567,2185.38,1,795,split_finetuned_disk,11,1,-1,2153.41,871.54,871.54
610,3551.00,30.93346354,120.15252321,30.94262534,120.14222079,30.93347507,120.15251023,0.7667,1417.07,0,959,split_finetuned_disk,20,1,-1,2951.41,963.32,963.32
611,3557.00,30.93346354,120.15252321,30.93314842,120.15287755,30.93342181,120.15257013,0.7667,48.74,0,959,split_finetuned_disk,20,1,-1,2853.41,846.72,846.72
612,3563.00,30.93346354,120.15252321,30.93331964,120.15268502,30.93344074,120.15254884,0.7667,22.26,0,959,split_finetuned_disk,20,1,-1,2666.38,1769.13,1769.13
613,3569.00,30.93346354,120.15252321,30.93342268,120.15256915,30.93345602,120.15253166,0.7667,6.32,0,959,split_finetuned_disk,20,1,-1,2568.44,1672.31,1672.31
614,3575.00,30.93346354,120.15252321,30.93346024,120.15252691,30.93346291,120.15252391,0.7667,0.51,0,959,split_finetuned_disk,20,1,-1,2473.63,1995.58,1995.58
615,3581.00,30.93346354,120.15252321,30.93346893,120.15251714,30.93346456,120.15252205,0.7667,0.83,0,959,split_finetuned_disk,20,1,-1,2375.74,1177.87,1177.87
616,3587.00,30.93346354,120.15252321,30.93346764,120.15251859,30.93346432,120.15252233,0.7667,0.63,0,959,split_finetuned_disk,20,1,-1,2281.08,193.20,193.20
617,3593.00,30.93514818,120.16977845,30.93346516,120.15252138,30.93346516,120.15252138,0.5333,1658.57,1,967,split_finetuned_disk,10,1,-1,805.46,805.46,805.46
618,3599.00,30.91814162,120.18655130,30.93346601,120.15252043,30.93346601,120.15252043,0.5333,3670.30,1,472,split_finetuned_disk,10,1,-1,1837.97,703.20,703.20
619,3605.00,30.93406443,120.13858110,30.93346685,120.15251948,30.93346685,120.15251948,0.5567,1332.70,1,953,split_finetuned_disk,11,1,-1,3155.02,218.18,218.18
620,3610.00,30.91720809,120.19876723,30.93346756,120.15251869,30.93346756,120.15251869,0.6267,4772.99,1,478,split_finetuned_disk,14,1,-1,3051.53,1459.60,1459.60
621,3616.00,30.91720809,120.19876723,30.93346840,120.15251773,30.93346840,120.15251773,0.6267,4773.11,1,478,split_finetuned_disk,14,1,-1,3143.70,523.10,523.10
622,3622.00,30.92160611,120.17065948,30.93346925,120.15251678,30.93346925,120.15251678,0.5333,2178.45,1,576,split_finetuned_disk,10,1,-1,868.54,647.43,647.43
623,3628.00,30.91136288,120.24229309,30.93347009,120.15251583,30.91145550,120.24191698,0.7200,8919.46,0,274,split_finetuned_disk,18,1,-1,7382.20,915.49,915.49
624,3634.00,30.90993109,120.22373153,30.90721642,120.25913435,30.90721642,120.25913435,0.5567,3394.25,1,209,split_finetuned_disk,11,1,-1,5845.00,799.03,799.03
625,3640.00,30.93586105,120.15952472,30.90297734,120.27635173,30.90297734,120.27635173,0.5800,11741.54,1,1019,split_finetuned_disk,12,1,-1,871.30,532.91,532.91
626,3646.00,30.93586105,120.15952472,30.89873826,120.29356910,30.89873826,120.29356910,0.5800,13451.03,1,1019,split_finetuned_disk,12,1,-1,808.10,442.35,442.35
627,3652.00,30.92328470,120.15324164,30.89449918,120.31078648,30.89449918,120.31078648,0.6033,15382.13,1,624,split_finetuned_disk,13,1,-1,1187.72,570.13,570.13
628,3657.00,30.92328470,120.15324164,30.89096661,120.32513429,30.89096661,120.32513429,0.6033,16804.42,1,624,split_finetuned_disk,13,1,-1,1121.76,349.45,349.45
629,3663.00,30.92328470,120.15324164,30.88672753,120.34235166,30.88672753,120.34235166,0.6033,18511.81,1,624,split_finetuned_disk,13,1,-1,1068.42,772.08,772.08
630,3669.00,30.92328470,120.15324164,30.88248845,120.35956903,30.88248845,120.35956903,0.6033,20219.74,1,624,split_finetuned_disk,13,1,-1,1013.11,1013.11,1013.11
631,3675.00,30.90483561,120.21357787,30.87824937,120.37678641,30.87824937,120.37678641,0.5333,15864.02,1,93,split_finetuned_disk,10,1,-1,5951.61,1452.29,1452.29
632,3681.00,30.91250496,120.22444996,30.87401029,120.39400378,30.87401029,120.39400378,0.5567,16748.92,1,322,split_finetuned_disk,11,1,-1,6661.02,4270.55,4270.55
633,3687.00,30.92160611,120.17065948,30.86977121,120.41122116,30.92160611,120.17065948,0.5333,23685.92,1,576,split_finetuned_disk,10,1,-1,1617.06,1334.91,1334.91
634,3692.00,30.92124128,120.16362589,30.92160611,120.17065948,30.92160611,120.17065948,0.5800,672.90,1,573,split_finetuned_disk,12,1,-1,1289.87,1289.87,1289.87
635,3699.00,30.92404654,120.17040931,30.92160611,120.17065948,30.92160611,120.17065948,0.5567,272.72,1,632,split_finetuned_disk,11,1,-1,1675.64,1507.24,1507.24
636,3705.00,30.93568937,120.14192631,30.92160611,120.17065948,30.92160611,120.17065948,0.5800,3160.16,1,1010,split_finetuned_disk,12,1,-1,1369.98,1111.53,1111.53
637,3711.00,30.92160611,120.22183730,30.92160611,120.17065948,30.92160611,120.17065948,0.6267,4887.20,1,600,split_finetuned_disk,14,1,-1,6517.16,6517.16,6517.16
638,3717.00,30.91312732,120.22569374,30.92160611,120.17065948,30.92160611,120.17065948,0.5100,5339.55,1,323,split_finetuned_disk,9,1,-1,7429.16,1683.04,1683.04
639,3723.00,30.92160611,120.17065948,30.92160611,120.17065948,30.92160611,120.17065948,0.5333,0.00,0,576,split_finetuned_disk,10,1,-1,2140.82,2015.06,2015.06
640,3729.00,30.92471649,120.14317010,30.92160611,120.17065948,30.92160611,120.17065948,0.4867,2647.82,1,675,split_finetuned_disk,8,1,-1,1026.10,1026.10,1026.10
641,3735.00,30.92106959,120.23007716,30.92160611,120.17065948,30.92160611,120.17065948,0.5100,5674.37,1,604,split_finetuned_disk,9,1,-1,7696.26,1114.63,1114.63
642,3740.00,30.92315593,120.21692308,30.92160611,120.17065948,30.92160611,120.17065948,0.4400,4421.28,1,654,split_finetuned_disk,6,1,-1,6575.87,2109.34,2109.34
643,3746.00,30.92315593,120.21692308,30.92160611,120.17065948,30.92160611,120.17065948,0.4400,4421.28,1,654,split_finetuned_disk,6,1,-1,6673.64,3104.84,3104.84
644,3752.00,30.93346354,120.15252321,30.92160611,120.17065948,30.93341055,120.15260425,0.7667,2177.58,0,959,split_finetuned_disk,20,1,-1,521.48,243.69,243.69
645,3758.00,30.92448042,120.18148153,30.93615420,120.14840776,30.93615420,120.14840776,0.4633,3415.26,1,693,split_finetuned_disk,7,1,-1,3584.31,905.58,905.58
646,3764.00,30.91006452,120.21558468,30.93889784,120.14421127,30.93889784,120.14421127,0.5333,7533.72,1,262,split_finetuned_disk,10,1,-1,7398.69,1875.40,1875.40
647,3770.00,30.92079667,120.15601146,30.94164149,120.14001479,30.94164149,120.14001479,0.5100,2778.13,1,513,split_finetuned_disk,9,1,-1,1953.64,1953.64,1953.64
648,3832.00,30.92157391,120.14416371,30.96999251,120.09665108,30.96999251,120.09665108,0.5800,7045.41,1,564,split_finetuned_disk,12,1,-1,1050.57,1050.57,1050.57
649,3836.00,30.92157391,120.14416371,30.97182161,120.09385342,30.97182161,120.09385342,0.5800,7373.59,1,564,split_finetuned_disk,12,1,-1,1007.92,992.32,992.32
650,3840.00,30.93588251,120.14201931,30.97365071,120.09105576,30.97365071,120.09105576,0.5800,6431.31,1,1011,split_finetuned_disk,12,1,10,630.10,119.01,119.01
651,3844.00,30.93588251,120.14201931,30.97547981,120.08825810,30.97547981,120.08825810,0.5800,6766.62,1,1011,split_finetuned_disk,12,1,-1,675.76,216.94,216.94
652,3848.00,30.93327039,120.14994101,30.97730891,120.08546044,30.97730891,120.08546044,0.5800,7870.74,1,958,split_finetuned_disk,12,1,-1,538.24,312.89,312.89
653,3852.00,30.93514818,120.16977845,30.97913800,120.08266278,30.97913800,120.08266278,0.5333,9653.34,1,967,split_finetuned_disk,10,1,-1,2051.72,1227.19,1227.19
654,3856.00,30.93514818,120.16977845,30.98096710,120.07986512,30.93514818,120.16977845,0.5333,9986.94,1,967,split_finetuned_disk,10,1,-1,1964.45,1394.44,1394.44
655,3860.00,30.93514818,120.16977845,30.93514818,120.16977845,30.93514818,120.16977845,0.5333,0.00,0,967,split_finetuned_disk,10,1,-1,1875.20,1397.70,1397.70
656,3864.00,30.93514818,120.16977845,30.93514818,120.16977845,30.93514818,120.16977845,0.5333,0.00,0,967,split_finetuned_disk,10,1,-1,1789.94,1141.85,1141.85
657,3868.00,30.92522081,120.18538801,30.93514818,120.16977845,30.93514818,120.16977845,0.6033,1855.60,1,696,split_finetuned_disk,13,1,-1,3444.71,827.35,827.35
658,3872.00,30.91642011,120.17498580,30.93514818,120.16977845,30.93514818,120.16977845,0.6967,2143.29,1,410,split_finetuned_disk,17,1,-1,2559.51,912.54,912.54
659,3876.00,30.92130099,120.19554166,30.93514818,120.16977845,30.93514818,120.16977845,0.5100,2903.26,1,532,split_finetuned_disk,9,1,-1,4151.62,808.88,808.88
660,3880.00,30.92130099,120.19554166,30.93514818,120.16977845,30.93514818,120.16977845,0.5100,2903.26,1,532,split_finetuned_disk,9,1,-1,4053.59,3284.42,3284.42
661,3884.00,30.92522081,120.18538801,30.93514818,120.16977845,30.93514818,120.16977845,0.6033,1855.60,1,696,split_finetuned_disk,13,1,-1,3057.28,3057.28,3057.28
662,3888.00,30.91720809,120.19876723,30.93514818,120.16977845,30.93514818,120.16977845,0.6267,3413.46,1,478,split_finetuned_disk,14,1,-1,4298.72,2761.42,2761.42
663,3892.00,30.91262299,120.23624767,30.93514818,120.16977845,30.93514818,120.16977845,0.6967,6824.78,1,327,split_finetuned_disk,17,1,-1,7643.46,3913.09,3913.09
664,3896.00,30.91030665,120.23625311,30.93514818,120.16977845,30.93514818,120.16977845,0.4633,6924.15,1,216,split_finetuned_disk,7,1,-1,7842.12,4013.67,4013.67
665,3900.00,30.91814162,120.18655130,30.93514818,120.16977845,30.93514818,120.16977845,0.5333,2479.84,1,472,split_finetuned_disk,10,1,-1,2874.64,2874.64,2874.64
666,3904.00,30.91696736,120.23309008,30.93514818,120.16977845,30.91696736,120.23309008,0.5567,6375.67,1,438,split_finetuned_disk,11,1,-1,7075.56,4016.55,4016.55
667,3907.00,30.91696736,120.23309008,30.91696736,120.23309008,30.91696736,120.23309008,0.5567,0.00,0,438,split_finetuned_disk,11,1,-1,6977.60,3918.64,3918.64
668,3911.00,30.93190298,120.14422625,30.91696736,120.23309008,30.91696736,120.23309008,0.5567,8647.35,1,900,split_finetuned_disk,11,1,-1,1720.30,547.56,547.56
669,3915.00,30.92433020,120.15592390,30.91696736,120.23309008,30.91696736,120.23309008,0.5333,7414.39,1,681,split_finetuned_disk,10,1,-1,772.42,772.42,772.42
670,3919.00,30.91696736,120.23309008,30.91696736,120.23309008,30.91696736,120.23309008,0.5567,0.00,0,438,split_finetuned_disk,11,1,-1,6687.82,4378.99,4378.99
671,3923.00,30.91621624,120.22846356,30.91696736,120.23309008,30.91696736,120.23309008,0.5333,449.65,1,436,split_finetuned_disk,10,1,-1,6197.13,3501.65,3501.65
672,3927.00,30.91441962,120.22751998,30.91696736,120.23309008,30.91696736,120.23309008,0.5567,602.80,1,379,split_finetuned_disk,11,1,-1,5946.70,3381.66,3381.66
673,3931.00,30.92008847,120.22221800,30.91696736,120.23309008,30.91696736,120.23309008,0.5333,1094.82,1,545,split_finetuned_disk,10,1,-1,5343.42,2520.30,2520.30
674,3934.00,30.91638792,120.22605104,30.91696736,120.23309008,30.91696736,120.23309008,0.5567,675.28,1,434,split_finetuned_disk,11,1,-1,5513.62,3199.83,3199.83
675,3938.00,30.92370317,120.13703711,30.91696736,120.23309008,30.91696736,120.23309008,0.6267,9203.12,1,616,split_finetuned_disk,14,1,-1,3124.14,1381.30,1381.30
676,3942.00,30.92370317,120.13703711,30.91696736,120.23309008,30.91696736,120.23309008,0.6267,9203.12,1,616,split_finetuned_disk,14,1,-1,3216.74,898.10,898.10
677,3946.00,30.92370317,120.13703711,30.91696736,120.23309008,30.91696736,120.23309008,0.6267,9203.12,1,616,split_finetuned_disk,14,1,-1,3310.69,2905.47,2905.47
678,3950.00,30.92163224,120.23257179,30.91696736,120.23309008,30.91696736,120.23309008,0.5333,521.65,1,661,split_finetuned_disk,10,1,-1,5616.23,2810.79,2810.79
679,3954.00,30.92294133,120.24271132,30.91696736,120.23309008,30.91696736,120.23309008,0.5567,1134.20,1,667,split_finetuned_disk,11,1,-1,6718.57,3969.94,3969.94
680,3958.00,30.92294133,120.24271132,30.91696736,120.23309008,30.92294133,120.24271132,0.5567,1134.20,1,667,split_finetuned_disk,11,1,-1,6527.29,3779.86,3779.86
681,3962.00,30.92106959,120.23007716,30.92294133,120.24271132,30.92294133,120.24271132,0.5100,1224.35,1,604,split_finetuned_disk,9,1,-1,5046.50,3573.60,3573.60
682,3966.00,30.91945539,120.21829195,30.92294133,120.24271132,30.92294133,120.24271132,0.6267,2363.98,1,543,split_finetuned_disk,14,1,-1,3980.48,2337.82,2337.82
683,3970.00,30.91945539,120.21829195,30.92294133,120.24271132,30.92294133,120.24271132,0.6267,2363.98,1,543,split_finetuned_disk,14,1,-1,3882.68,435.72,435.72
684,3974.00,30.90711509,120.25167667,30.92294133,120.24271132,30.92294133,120.24271132,0.6967,1958.78,1,167,split_finetuned_disk,17,1,-1,7220.15,3259.79,3259.79
685,3978.00,30.90711509,120.25167667,30.92294133,120.24271132,30.92294133,120.24271132,0.6967,1958.78,1,167,split_finetuned_disk,17,1,-1,7122.22,1469.75,1469.75
686,3982.00,30.91642011,120.17498580,30.92294133,120.24271132,30.92294133,120.24271132,0.6967,6508.03,1,410,split_finetuned_disk,17,1,-1,1157.76,1157.76,1157.76
687,3986.00,30.90502875,120.17641721,30.92294133,120.24271132,30.92294133,120.24271132,0.5800,6637.33,1,75,split_finetuned_disk,12,1,-1,2204.06,1410.27,1410.27
688,3990.00,30.92386413,120.24103680,30.92294133,120.24271132,30.92294133,120.24271132,0.5800,190.06,1,665,split_finetuned_disk,12,1,-1,5359.68,2359.46,2359.46
689,3994.00,30.92667407,120.20553815,30.92294133,120.24271132,30.92294133,120.24271132,0.5567,3574.07,1,761,split_finetuned_disk,11,1,-1,2084.18,1508.51,1508.51
690,3998.00,30.92106959,120.23007716,30.92294133,120.24271132,30.92106959,120.23007716,0.5100,1224.35,1,604,split_finetuned_disk,9,1,-1,4176.62,2808.51,2808.51
691,4001.00,30.92106959,120.23007716,30.92106959,120.23007716,30.92106959,120.23007716,0.5100,0.00,0,604,split_finetuned_disk,9,1,-1,4080.60,2712.52,2712.52
692,4005.00,30.92457700,120.23423380,30.92106959,120.23007716,30.92106959,120.23007716,0.5333,556.78,1,719,split_finetuned_disk,10,1,-1,4578.85,2776.65,2776.65
693,4009.00,30.92554739,120.20731980,30.92106959,120.23007716,30.92106959,120.23007716,0.6267,2229.64,1,762,split_finetuned_disk,14,1,-1,1915.84,1887.98,1887.98
694,4013.00,30.92628778,120.21127793,30.92106959,120.23007716,30.92106959,120.23007716,0.4867,1886.86,1,763,split_finetuned_disk,8,1,-1,2022.67,1185.34,1185.34
695,4017.00,30.91696736,120.23309008,30.92106959,120.23007716,30.92106959,120.23007716,0.5567,539.74,1,438,split_finetuned_disk,11,1,-1,4165.49,3298.60,3298.60
696,4021.00,30.91696736,120.23309008,30.92106959,120.23007716,30.92106959,120.23007716,0.5567,539.74,1,438,split_finetuned_disk,11,1,-1,4069.62,3033.00,3033.00
697,4025.00,30.92160611,120.22183730,30.92106959,120.23007716,30.92106959,120.23007716,0.6267,789.12,1,600,split_finetuned_disk,14,1,-1,2703.36,912.43,912.43
698,4029.00,30.92160611,120.22183730,30.92106959,120.23007716,30.92106959,120.23007716,0.6267,789.12,1,600,split_finetuned_disk,14,1,-1,2607.39,816.46,816.46
699,4033.00,30.92160611,120.22183730,30.92106959,120.23007716,30.92106959,120.23007716,0.6267,789.12,1,600,split_finetuned_disk,14,1,-1,2510.85,718.54,718.54
700,4037.00,30.91250496,120.22444996,30.92106959,120.23007716,30.92106959,120.23007716,0.5567,1094.42,1,322,split_finetuned_disk,11,1,-1,3024.41,870.40,870.40
701,4041.00,30.93514818,120.16977845,30.92106959,120.23007716,30.93514818,120.16977845,0.5333,5967.66,1,967,split_finetuned_disk,10,1,-1,2985.73,442.98,442.98
702,4045.00,30.92699597,120.22366898,30.93514818,120.16977845,30.93514818,120.16977845,0.5333,5225.65,1,769,split_finetuned_disk,10,1,-1,2476.68,1092.72,1092.72
703,4048.00,30.92687794,120.19094016,30.93514818,120.16977845,30.93514818,120.16977845,0.5800,2220.66,1,754,split_finetuned_disk,12,1,-1,865.66,865.66,865.66
704,4052.00,30.93327039,120.14994101,30.93514818,120.16977845,30.93514818,120.16977845,0.5800,1905.86,1,958,split_finetuned_disk,12,1,-1,4958.17,4277.45,4277.45
705,4056.00,30.92687794,120.19094016,30.93514818,120.16977845,30.93514818,120.16977845,0.5800,2220.66,1,754,split_finetuned_disk,12,1,-1,1039.59,516.11,516.11
706,4060.00,30.92687794,120.19094016,30.93514818,120.16977845,30.93514818,120.16977845,0.5800,2220.66,1,754,split_finetuned_disk,12,1,-1,1131.93,465.00,465.00
707,4064.00,30.92541396,120.19872426,30.93514818,120.16977845,30.93514818,120.16977845,0.5567,2968.98,1,701,split_finetuned_disk,11,1,-1,613.20,254.38,254.38
708,4068.00,30.90313556,120.20122434,30.93514818,120.16977845,30.93514818,120.16977845,0.4867,4660.15,1,31,split_finetuned_disk,8,1,-1,1973.77,1061.53,1061.53
709,4072.00,30.91814162,120.14556466,30.93514818,120.16977845,30.93514818,120.16977845,0.5333,2988.43,1,452,split_finetuned_disk,10,1,-1,5658.40,1674.88,1674.88
710,4076.00,30.91170019,120.16897790,30.93514818,120.16977845,30.93514818,120.16977845,0.6500,2611.35,1,295,split_finetuned_disk,15,1,-1,3663.83,1793.82,1793.82
711,4080.00,30.91170019,120.16897790,30.93514818,120.16977845,30.91170019,120.16897790,0.6500,2611.35,1,295,split_finetuned_disk,15,1,-1,3753.49,3492.90,3492.90
712,4084.00,30.93586105,120.15952472,30.91170019,120.16897790,30.91170019,120.16897790,0.5800,2837.04,1,1019,split_finetuned_disk,12,1,-1,4841.48,3208.30,3208.30
713,4088.00,30.90805936,120.24741289,30.91170019,120.16897790,30.91170019,120.16897790,0.5567,7501.06,1,165,split_finetuned_disk,11,1,-1,3965.93,2050.95,2050.95
714,4092.00,30.94013497,120.14001251,30.91170019,120.16897790,30.91170019,120.16897790,0.4867,4203.62,1,1178,split_finetuned_disk,8,1,-1,7018.92,2224.85,2224.85
715,4096.00,30.90553308,120.25148359,30.91170019,120.16897790,30.91170019,120.16897790,0.6267,7908.69,1,110,split_finetuned_disk,14,1,-1,4035.14,701.62,701.62
716,4100.00,30.92370317,120.13703711,30.91170019,120.16897790,30.91170019,120.16897790,0.6267,3330.00,1,616,split_finetuned_disk,14,1,-1,7220.36,550.18,550.18
717,4104.00,30.91638792,120.22605104,30.91170019,120.16897790,30.91170019,120.16897790,0.5567,5475.09,1,434,split_finetuned_disk,11,1,-1,1168.48,767.53,767.53
718,4108.00,30.90509314,120.21110826,30.91170019,120.16897790,30.91170019,120.16897790,0.6267,4089.89,1,92,split_finetuned_disk,14,1,-1,1613.66,1613.66,1613.66
719,4112.00,30.90509314,120.21110826,30.91170019,120.16897790,30.91170019,120.16897790,0.6267,4089.89,1,92,split_finetuned_disk,14,1,-1,1606.49,1606.49,1606.49
720,4116.00,30.90509314,120.21110826,30.91170019,120.16897790,30.91170019,120.16897790,0.6267,4089.89,1,92,split_finetuned_disk,14,1,-1,1616.09,1616.09,1616.09
721,4120.00,30.90891172,120.24539358,30.91170019,120.16897790,30.90891172,120.24539358,0.5567,7303.87,1,220,split_finetuned_disk,11,1,-1,2943.39,2145.64,2145.64
722,4124.00,30.90553308,120.25148359,30.90891172,120.24539358,30.90891172,120.24539358,0.6267,692.59,1,110,split_finetuned_disk,14,1,-1,3383.71,756.88,756.88
723,4127.00,30.91250496,120.22444996,30.90891172,120.24539358,30.90891172,120.24539358,0.5567,2039.61,1,322,split_finetuned_disk,11,1,-1,881.85,780.69,780.69
724,4131.00,30.91696736,120.23309008,30.90891172,120.24539358,30.90891172,120.24539358,0.5567,1478.04,1,438,split_finetuned_disk,11,1,-1,1261.33,938.95,938.95
725,4135.00,30.91696736,120.23309008,30.90891172,120.24539358,30.90891172,120.24539358,0.5567,1478.04,1,438,split_finetuned_disk,11,1,-1,1163.28,860.63,860.63
726,4139.00,30.91696736,120.23309008,30.90891172,120.24539358,30.90891172,120.24539358,0.5567,1478.04,1,438,split_finetuned_disk,11,1,-1,1065.23,912.44,912.44
727,4143.00,30.91696736,120.23309008,30.90891172,120.24539358,30.90891172,120.24539358,0.5567,1478.04,1,438,split_finetuned_disk,11,1,-1,969.94,696.10,696.10
728,4147.00,30.91352901,120.23217696,30.90891172,120.24539358,30.90891172,120.24539358,0.5100,1362.76,1,382,split_finetuned_disk,9,1,-1,943.07,943.07,943.07
729,4151.00,30.91696736,120.23309008,30.90891172,120.24539358,30.90891172,120.24539358,0.5567,1478.04,1,438,split_finetuned_disk,11,1,-1,776.88,776.88,776.88
730,4155.00,30.91696736,120.23309008,30.90891172,120.24539358,30.90891172,120.24539358,0.5567,1478.04,1,438,split_finetuned_disk,11,1,-1,678.94,641.04,641.04
731,4159.00,30.91696736,120.23309008,30.90891172,120.24539358,30.91696736,120.23309008,0.5567,1478.04,1,438,split_finetuned_disk,11,1,-1,581.05,228.99,228.99
732,4163.00,30.91596944,120.21964832,30.91696736,120.23309008,30.91696736,120.23309008,0.5567,1288.41,1,432,split_finetuned_disk,11,1,-1,755.31,167.54,167.54
733,4167.00,30.92214262,120.23891036,30.91696736,120.23309008,30.91696736,120.23309008,0.5333,800.51,1,609,split_finetuned_disk,10,1,-1,1072.17,1072.17,1072.17
734,4171.00,30.91242985,120.24378705,30.91696736,120.23309008,30.91696736,120.23309008,0.5567,1139.56,1,331,split_finetuned_disk,11,1,-1,1373.34,544.01,544.01
735,4175.00,30.91441962,120.22751998,30.91696736,120.23309008,30.91696736,120.23309008,0.5567,602.80,1,379,split_finetuned_disk,11,1,-1,520.84,520.84,520.84
736,4179.00,30.91621624,120.22846356,30.91696736,120.23309008,30.91696736,120.23309008,0.5333,449.65,1,436,split_finetuned_disk,10,1,3,333.17,136.04,136.04
737,4183.00,30.93452583,120.17222849,30.91696736,120.23309008,30.91696736,120.23309008,0.6267,6131.82,1,969,split_finetuned_disk,14,1,-1,6129.27,1045.07,1045.07
738,4187.00,30.90371499,120.21666041,30.91696736,120.23309008,30.90371540,120.21666090,0.7900,2153.59,0,38,split_finetuned_disk,21,1,-1,2247.31,860.37,860.37
739,4191.00,30.91596944,120.21964832,30.90332613,120.21617831,30.90332613,120.21617831,0.5567,1445.94,1,432,split_finetuned_disk,11,1,-1,1407.87,1229.86,1229.86
740,4195.00,30.91356726,120.18877074,30.90293686,120.21569571,30.90293686,120.21569571,0.5800,2830.44,1,305,split_finetuned_disk,12,1,-1,4521.71,1503.01,1503.01
741,4199.00,30.93570010,120.16363840,30.90254759,120.21521311,30.90254759,120.21521311,0.5100,6154.40,1,1021,split_finetuned_disk,9,1,-1,7336.05,895.30,895.30
742,4203.00,30.90711509,120.25167667,30.90215832,120.21473052,30.90215832,120.21473052,0.6967,3571.04,1,167,split_finetuned_disk,17,1,-1,1631.60,1467.34,1467.34
743,4206.00,30.93514818,120.16977845,30.90186637,120.21436857,30.90186637,120.21436857,0.5333,5644.29,1,967,split_finetuned_disk,10,1,-1,7087.35,1464.24,1464.24
744,4210.00,30.91642011,120.17498580,30.90147710,120.21388597,30.90147710,120.21388597,0.6967,4070.19,1,410,split_finetuned_disk,17,1,-1,6285.19,3316.37,3316.37
745,4214.00,30.92434093,120.23891036,30.90108784,120.21340338,30.90108784,120.21340338,0.5567,3554.37,1,721,split_finetuned_disk,11,1,-1,1081.75,1066.77,1066.77
746,4218.00,30.92386413,120.24103680,30.90069857,120.21292078,30.90069857,120.21292078,0.5800,3722.76,1,665,split_finetuned_disk,12,1,-1,963.34,905.24,905.24
747,4222.00,30.92370317,120.13703711,30.90030930,120.21243818,30.90030930,120.21243818,0.6267,7656.85,1,616,split_finetuned_disk,14,1,-1,10306.29,1681.75,1681.75
748,4226.00,30.91138434,120.19379754,30.89992003,120.21195558,30.91138434,120.19379754,0.5333,2153.01,1,251,split_finetuned_disk,10,1,-1,4985.36,3364.64,3364.64
749,4230.00,30.93452583,120.17222849,30.91138434,120.19379754,30.91138434,120.19379754,0.6267,3298.30,1,969,split_finetuned_disk,14,1,-1,7376.52,928.71,928.71
750,4234.00,30.91262299,120.23624767,30.91138434,120.19379754,30.91138434,120.19379754,0.6967,4056.10,1,327,split_finetuned_disk,17,1,-1,1179.00,1179.00,1179.00
751,4238.00,30.91262299,120.23624767,30.91138434,120.19379754,30.91138434,120.19379754,0.6967,4056.10,1,327,split_finetuned_disk,17,1,-1,1268.49,1268.49,1268.49
752,4301.00,30.91296636,120.20575080,30.91138434,120.19379754,30.91138434,120.19379754,0.5800,1154.98,1,313,split_finetuned_disk,12,1,-1,4049.46,3877.17,3877.17
753,4307.00,30.91250496,120.22444996,30.91138434,120.19379754,30.91138434,120.19379754,0.5567,2929.79,1,322,split_finetuned_disk,11,1,-1,2153.88,1499.28,1499.28
754,4313.00,30.93406443,120.13858110,30.91138434,120.19379754,30.91138434,120.19379754,0.5567,5846.15,1,953,split_finetuned_disk,11,1,-1,10540.15,1831.03,1831.03
755,4319.00,30.93586105,120.15952472,30.91138434,120.19379754,30.91138434,120.19379754,0.5800,4258.62,1,1019,split_finetuned_disk,12,1,-1,8570.06,1619.85,1619.85
756,4325.00,30.93441853,120.17774856,30.91138434,120.19379754,30.91138434,120.19379754,0.5333,2987.27,1,972,split_finetuned_disk,10,1,-1,6706.98,5562.60,5562.60
757,4331.00,30.92718912,120.15311655,30.91138434,120.19379754,30.91138434,120.19379754,0.6967,4264.64,1,736,split_finetuned_disk,17,1,-1,8715.52,879.17,879.17
758,4337.00,30.91250496,120.22444996,30.91138434,120.19379754,30.91250496,120.22444996,0.5567,2929.79,1,322,split_finetuned_disk,11,1,-1,1676.51,808.70,808.70
759,4343.00,30.90993109,120.22373153,30.91250496,120.22444996,30.91250496,120.22444996,0.5567,294.62,1,209,split_finetuned_disk,11,1,-1,1837.68,1528.00,1528.00
760,4349.00,30.91143800,120.19856165,30.91250496,120.22444996,30.91250496,120.22444996,0.4867,2475.04,1,253,split_finetuned_disk,8,1,-1,4094.35,4094.35,4094.35
761,4355.00,30.92522081,120.18538801,30.91250496,120.22444996,30.91250496,120.22444996,0.6033,3989.75,1,696,split_finetuned_disk,13,1,-1,5158.94,5158.94,5158.94
762,4361.00,30.92522081,120.18538801,30.91250496,120.22444996,30.91250496,120.22444996,0.6033,3989.75,1,696,split_finetuned_disk,13,1,-1,5060.92,4151.57,4151.57
763,4366.00,30.92522081,120.18538801,30.91250496,120.22444996,30.91250496,120.22444996,0.6033,3989.75,1,696,split_finetuned_disk,13,1,-1,4965.76,4055.55,4055.55
764,4372.00,30.92478087,120.16365797,30.91250496,120.22444996,30.91250496,120.22444996,0.4867,5963.97,1,684,split_finetuned_disk,8,1,-1,7213.13,4387.25,4387.25
765,4378.00,30.91352901,120.23217696,30.91250496,120.22444996,30.91250496,120.22444996,0.5100,746.64,1,382,split_finetuned_disk,9,1,-1,210.17,210.17,210.17
766,4384.00,30.91696736,120.23309008,30.91250496,120.22444996,30.91250496,120.22444996,0.5567,963.08,1,438,split_finetuned_disk,11,1,2,249.03,114.20,114.20
767,4390.00,30.92478087,120.16365797,30.91250496,120.22444996,30.91250496,120.22444996,0.4867,5963.97,1,684,split_finetuned_disk,8,1,-1,6921.33,4061.08,4061.08
768,4396.00,30.92478087,120.16365797,30.91250496,120.22444996,30.92478087,120.16365797,0.4867,5963.97,1,684,split_finetuned_disk,8,1,-1,6825.36,1918.87,1918.87
769,4401.00,30.92478087,120.16365797,30.92478087,120.16365797,30.92478087,120.16365797,0.4867,0.00,0,684,split_finetuned_disk,8,1,-1,6727.45,3901.58,3901.58
770,4407.00,30.93514818,120.16977845,30.92478087,120.16365797,30.92478087,120.16365797,0.5333,1293.65,1,967,split_finetuned_disk,10,1,-1,6216.14,3755.23,3755.23
771,4413.00,30.93452583,120.17222849,30.92478087,120.16365797,30.92478087,120.16365797,0.6267,1358.91,1,969,split_finetuned_disk,14,1,-1,5749.47,3660.03,3660.03
772,4419.00,30.93514818,120.16977845,30.92478087,120.16365797,30.92478087,120.16365797,0.5333,1293.65,1,967,split_finetuned_disk,10,1,-1,6025.45,3562.01,3562.01
773,4425.00,30.93514818,120.16977845,30.92478087,120.16365797,30.92478087,120.16365797,0.5333,1293.65,1,967,split_finetuned_disk,10,1,-1,5932.16,3487.12,3487.12
774,4430.00,30.90453516,120.16715873,30.92478087,120.16365797,30.92478087,120.16365797,0.5800,2278.41,1,70,split_finetuned_disk,12,1,-1,5762.86,5762.86,5762.86
775,4436.00,30.90453516,120.16715873,30.92478087,120.16365797,30.92478087,120.16365797,0.5800,2278.41,1,70,split_finetuned_disk,12,1,-1,5671.44,5671.44,5671.44
776,4442.00,30.90453516,120.16715873,30.92478087,120.16365797,30.92478087,120.16365797,0.5800,2278.41,1,70,split_finetuned_disk,12,1,-1,5582.47,3887.02,3887.02
777,4448.00,30.93406443,120.13858110,30.92478087,120.16365797,30.92478087,120.16365797,0.5567,2608.18,1,953,split_finetuned_disk,11,1,-1,8221.42,801.70,801.70
778,4454.00,30.91250496,120.16371345,30.92478087,120.16365797,30.92478087,120.16365797,0.5567,1366.56,1,293,split_finetuned_disk,11,1,-1,5484.37,2723.43,2723.43
779,4460.00,30.90805936,120.24741289,30.92478087,120.16365797,30.90805936,120.24741289,0.5567,8211.88,1,165,split_finetuned_disk,11,1,-1,2809.05,2809.05,2809.05
780,4466.00,30.92718912,120.15311655,30.90805936,120.24741289,30.90805936,120.24741289,0.6967,9253.16,1,736,split_finetuned_disk,17,1,-1,6389.01,3956.71,3956.71
781,4472.00,30.92718912,120.15311655,30.90805936,120.24741289,30.90805936,120.24741289,0.6967,9253.16,1,736,split_finetuned_disk,17,1,-1,6291.05,1896.99,1896.99
782,4478.00,30.91134142,120.20150659,30.90805936,120.24741289,30.90805936,120.24741289,0.4867,4399.00,1,254,split_finetuned_disk,8,1,-1,1811.47,449.12,449.12
783,4484.00,30.92549980,120.14100068,30.90805936,120.24741289,30.90805936,120.24741289,0.4400,10345.58,1,674,split_finetuned_disk,6,1,-1,7251.91,375.34,375.34
784,4490.00,30.92370317,120.13703711,30.90805936,120.24741289,30.90805936,120.24741289,0.6267,10683.17,1,616,split_finetuned_disk,14,1,-1,7531.19,3144.18,3144.18
785,4496.00,30.92414312,120.14805930,30.90805936,120.24741289,30.90805936,120.24741289,0.5567,9655.18,1,621,split_finetuned_disk,11,1,-1,6439.00,3385.58,3385.58
786,4502.00,30.92404654,120.17040931,30.90805936,120.24741289,30.90805936,120.24741289,0.5567,7565.71,1,632,split_finetuned_disk,11,1,-1,4162.08,533.41,533.41
787,4508.00,30.91696736,120.23309008,30.90805936,120.24741289,30.90805936,120.24741289,0.5567,1689.40,1,438,split_finetuned_disk,11,1,-1,1994.17,545.03,545.03
788,4513.00,30.92414312,120.14805930,30.90805936,120.24741289,30.90805936,120.24741289,0.5567,9655.18,1,621,split_finetuned_disk,11,1,-1,6149.41,1302.38,1302.38
789,4519.00,30.92404654,120.17040931,30.90805936,120.24741289,30.92404654,120.17040931,0.5567,7565.71,1,632,split_finetuned_disk,11,1,-1,3870.37,922.17,922.17
790,4525.00,30.92404654,120.17040931,30.92404654,120.17040931,30.92404654,120.17040931,0.5567,0.00,0,632,split_finetuned_disk,11,1,-1,3772.54,827.41,827.41
791,4531.00,30.91468787,120.18820242,30.92404654,120.17040931,30.92404654,120.17040931,0.4867,1993.10,1,360,split_finetuned_disk,8,1,-1,2070.47,915.54,915.54
792,4537.00,30.92546761,120.16531998,30.92404654,120.17040931,30.92404654,120.17040931,0.5333,511.10,1,686,split_finetuned_disk,10,1,-1,4007.52,819.87,819.87
793,4543.00,30.91250496,120.22444996,30.92404654,120.17040931,30.92404654,120.17040931,0.5567,5318.11,1,322,split_finetuned_disk,11,1,-1,1876.26,563.84,563.84
794,4549.00,30.91696736,120.23309008,30.92404654,120.17040931,30.92404654,120.17040931,0.5567,6037.32,1,438,split_finetuned_disk,11,1,-1,2670.78,1806.43,1806.43
795,4555.00,30.93452583,120.17222849,30.92404654,120.17040931,30.92404654,120.17040931,0.6267,1179.42,1,969,split_finetuned_disk,14,1,-1,3499.81,1694.62,1694.62
796,4561.00,30.93452583,120.17222849,30.92404654,120.17040931,30.92404654,120.17040931,0.6267,1179.42,1,969,split_finetuned_disk,14,1,-1,3405.82,1255.20,1255.20
797,4566.00,30.93514818,120.16977845,30.92404654,120.17040931,30.92404654,120.17040931,0.5333,1237.30,1,967,split_finetuned_disk,10,1,-1,3662.62,1091.87,1091.87
798,4572.00,30.92389632,120.15271083,30.92404654,120.17040931,30.92404654,120.17040931,0.4867,1690.19,1,623,split_finetuned_disk,8,1,-1,4783.40,3961.21,3961.21
799,4578.00,30.90509314,120.21110826,30.92404654,120.17040931,30.92404654,120.17040931,0.6267,4422.30,1,92,split_finetuned_disk,14,1,-1,1926.22,1926.22,1926.22
800,4584.00,30.92642727,120.15875626,30.92404654,120.17040931,30.92642727,120.15875626,0.5100,1143.93,1,738,split_finetuned_disk,9,1,-1,4056.01,1567.85,1567.85
801,4590.00,30.90993109,120.22373153,30.92642727,120.15875626,30.92642727,120.15875626,0.5567,6470.82,1,209,split_finetuned_disk,11,1,-1,2612.49,1594.79,1594.79
802,4595.00,30.93406443,120.13858110,30.92642727,120.15875626,30.92642727,120.15875626,0.5567,2105.86,1,953,split_finetuned_disk,11,1,-1,5711.59,821.33,821.33
803,4601.00,30.93406443,120.13858110,30.92642727,120.15875626,30.92642727,120.15875626,0.5567,2105.86,1,953,split_finetuned_disk,11,1,-1,5613.69,2433.86,2433.86
804,4607.00,30.92404654,120.17040931,30.92642727,120.15875626,30.92642727,120.15875626,0.5567,1143.93,1,632,split_finetuned_disk,11,1,-1,2321.18,1711.42,1711.42
805,4613.00,30.92404654,120.17040931,30.92642727,120.15875626,30.92642727,120.15875626,0.5567,1143.93,1,632,split_finetuned_disk,11,1,-1,2223.38,1408.80,1408.80
806,4618.00,30.92160611,120.17065948,30.92642727,120.15875626,30.92642727,120.15875626,0.5333,1257.02,1,576,split_finetuned_disk,10,1,-1,2105.37,568.24,568.24
807,4624.00,30.90541504,120.18406373,30.92642727,120.15875626,30.92642727,120.15875626,0.6033,3363.31,1,78,split_finetuned_disk,13,1,-1,1872.25,943.92,943.92
808,4630.00,30.90453516,120.16715873,30.92642727,120.15875626,30.92642727,120.15875626,0.5800,2565.72,1,70,split_finetuned_disk,12,1,-1,2875.59,2875.59,2875.59
809,4635.00,30.90615543,120.16506436,30.92642727,120.15875626,30.90615835,120.16506346,0.8133,2335.68,0,69,split_finetuned_disk,22,1,-1,2966.65,895.96,895.96
810,4641.00,30.93588251,120.14201931,30.90477598,120.16549362,30.90477598,120.16549362,0.5800,4125.03,1,1011,split_finetuned_disk,12,1,-1,4625.21,3064.94,3064.94
811,4647.00,30.93588251,120.14201931,30.90339361,120.16592378,30.90339361,120.16592378,0.5800,4276.82,1,1011,split_finetuned_disk,12,1,-1,4532.11,666.91,666.91
812,4653.00,30.92522081,120.18538801,30.90201124,120.16635394,30.90201124,120.16635394,0.6033,3159.00,1,696,split_finetuned_disk,13,1,-1,427.01,373.91,373.91
813,4659.00,30.91687078,120.14685848,30.90062887,120.16678410,30.90062887,120.16678410,0.5333,2624.81,1,397,split_finetuned_disk,10,1,-1,3680.38,300.58,300.58
814,4665.00,30.92818097,120.14216942,30.89924650,120.16721426,30.89924650,120.16721426,0.4633,4011.82,1,787,split_finetuned_disk,7,1,-1,4015.24,747.89,747.89
815,4670.00,30.90614937,120.16442643,30.89809453,120.16757272,30.89809453,120.16757272,0.4633,945.66,1,125,split_finetuned_disk,7,1,-1,2455.22,1085.24,1085.24
816,4676.00,30.93346354,120.15252321,30.89671216,120.16800288,30.93340084,120.15254962,0.7667,4350.03,0,959,split_finetuned_disk,20,1,-1,3242.56,2410.82,2410.82
817,4682.00,30.92433020,120.15592390,30.93813540,120.15040333,30.93813540,120.15040333,0.5333,1624.70,1,681,split_finetuned_disk,10,1,-1,2473.14,2473.14,2473.14
818,4688.00,30.92370317,120.13703711,30.94286996,120.14825703,30.94286996,120.14825703,0.6267,2387.56,1,616,split_finetuned_disk,14,1,-1,4157.03,1349.27,1349.27
819,4694.00,30.92328470,120.15324164,30.94760452,120.14611074,30.94760452,120.14611074,0.6033,2791.61,1,624,split_finetuned_disk,13,1,-1,2461.75,2081.30,2081.30
820,4701.00,30.92718912,120.15311655,30.95312817,120.14360674,30.95312817,120.14360674,0.6967,3026.97,1,736,split_finetuned_disk,17,1,-1,2413.99,1516.17,1516.17
821,4707.00,30.92841704,120.15997503,30.95786273,120.14146045,30.95786273,120.14146045,0.5567,3724.32,1,795,split_finetuned_disk,11,1,-1,1796.44,1796.44,1796.44
822,4713.00,30.92841704,120.15997503,30.96259729,120.13931416,30.96259729,120.13931416,0.5567,4286.06,1,795,split_finetuned_disk,11,1,-1,1703.80,1703.80,1703.80
823,4719.00,30.92328470,120.15324164,30.96733185,120.13716787,30.96733185,120.13716787,0.6033,5137.97,1,624,split_finetuned_disk,13,1,-1,2078.04,1607.15,1607.15
824,4725.00,30.90471758,120.21646027,30.97206641,120.13502158,30.97206641,120.13502158,0.6033,10802.31,1,94,split_finetuned_disk,13,1,-1,4483.77,1436.43,1436.43
825,4731.00,30.90371499,120.21666041,30.97680097,120.13287529,30.90381668,120.21654383,0.7900,11410.94,0,38,split_finetuned_disk,21,1,-1,4665.38,1348.06,1348.06
826,4737.00,30.92414312,120.14805930,30.89842770,120.22600308,30.89842770,120.22600308,0.5567,7974.71,1,621,split_finetuned_disk,11,1,-1,2391.44,1264.51,1264.51
827,4743.00,30.90509314,120.21110826,30.89303871,120.23546234,30.89303871,120.23546234,0.6267,2685.05,1,92,split_finetuned_disk,14,1,-1,4402.75,1896.15,1896.15
828,4749.00,30.90509314,120.21110826,30.88764973,120.24492159,30.88764973,120.24492159,0.6267,3767.88,1,92,split_finetuned_disk,14,1,-1,4497.79,2404.57,2404.57
829,4756.00,30.90509314,120.21110826,30.88136258,120.25595739,30.88136258,120.25595739,0.6267,5032.02,1,92,split_finetuned_disk,14,1,-1,4587.92,1528.60,1528.60
830,4762.00,30.90509314,120.21110826,30.87597359,120.26541665,30.87597359,120.26541665,0.6267,6115.88,1,92,split_finetuned_disk,14,1,-1,4683.26,1439.02,1439.02
831,4768.00,30.92672772,120.17884931,30.87058461,120.27487590,30.87058461,120.27487590,0.6033,11097.28,1,748,split_finetuned_disk,13,1,-1,1126.32,303.75,303.75
832,4774.00,30.93327039,120.14994101,30.86519562,120.28433516,30.86519562,120.28433516,0.5800,14904.24,1,958,split_finetuned_disk,12,1,-1,1943.32,776.16,776.16
833,4780.00,30.92370317,120.13703711,30.85980664,120.29379441,30.85980664,120.29379441,0.6267,16573.44,1,616,split_finetuned_disk,14,1,-1,2726.79,1130.86,1130.86
834,4786.00,30.92158465,120.15848107,30.85441765,120.30325367,30.85441765,120.30325367,0.4867,15717.38,1,570,split_finetuned_disk,8,1,-1,722.10,332.38,332.38
835,4792.00,30.92328470,120.15324164,30.84902867,120.31271292,30.92328470,120.15324164,0.6033,17327.46,1,624,split_finetuned_disk,13,1,-1,949.06,256.65,256.65
836,4798.00,30.92841704,120.15997503,30.92328470,120.15324164,30.92328470,120.15324164,0.5567,860.16,1,795,split_finetuned_disk,11,1,-1,432.63,432.63,432.63
837,4805.00,30.93327039,120.14994101,30.92328470,120.15324164,30.92328470,120.15324164,0.5800,1155.43,1,958,split_finetuned_disk,12,1,-1,1437.56,263.37,263.37
838,4811.00,30.92522081,120.18538801,30.92328470,120.15324164,30.92328470,120.15324164,0.6033,3077.36,1,696,split_finetuned_disk,13,1,-1,2650.22,305.63,305.63
839,4817.00,30.92522081,120.18538801,30.92328470,120.15324164,30.92328470,120.15324164,0.6033,3077.36,1,696,split_finetuned_disk,13,1,-1,2746.00,2682.41,2682.41
840,4823.00,30.91642011,120.17498580,30.92328470,120.15324164,30.92328470,120.15324164,0.6967,2212.60,1,410,split_finetuned_disk,17,1,-1,1952.44,787.74,787.74
841,4829.00,30.91226890,120.18237508,30.92328470,120.15324164,30.92328470,120.15324164,0.5567,3040.35,1,302,split_finetuned_disk,11,1,-1,2936.79,1052.43,1052.43
842,4835.00,30.91686005,120.19053989,30.92328470,120.15324164,30.92328470,120.15324164,0.5100,3632.87,1,418,split_finetuned_disk,9,1,-1,3604.75,1147.81,1147.81
843,4841.00,30.91136288,120.24229309,30.92328470,120.15324164,30.91136565,120.24227242,0.7200,8606.86,0,274,split_finetuned_disk,18,1,-1,8502.02,6462.45,6462.45
844,4847.00,30.93346354,120.15252321,30.91049283,120.24879206,30.93135372,120.16136534,0.7667,9542.15,0,959,split_finetuned_disk,20,1,-1,882.26,882.26,882.26
845,4852.00,30.91136288,120.24229309,30.94594038,120.10261820,30.91791101,120.21584203,0.7200,13882.47,0,274,split_finetuned_disk,18,1,-1,8695.82,6894.33,6894.33
846,4858.00,30.91814162,120.18655130,30.91381029,120.23261722,30.91381029,120.23261722,0.5333,4425.39,1,472,split_finetuned_disk,10,1,-1,3548.93,1901.22,1901.22
847,4864.00,30.91250496,120.22444996,30.90970957,120.24939242,30.90970957,120.24939242,0.5567,2402.11,1,322,split_finetuned_disk,11,1,-1,7283.05,1995.75,1995.75
848,4871.00,30.92160611,120.17065948,30.90492540,120.26896347,30.90492540,120.26896347,0.5333,9569.38,1,576,split_finetuned_disk,10,1,-1,2093.61,1849.37,1849.37
849,4877.00,30.91250496,120.14276982,30.90082467,120.28573867,30.90082467,120.28573867,0.5800,13714.51,1,283,split_finetuned_disk,12,1,7,1689.12,100.38,100.38
850,4883.00,30.93327039,120.14994101,30.89672395,120.30251386,30.89672395,120.30251386,0.5800,15127.21,1,958,split_finetuned_disk,12,1,-1,788.89,597.24,597.24
851,4889.00,30.91969145,120.17627962,30.89262323,120.31928906,30.89262323,120.31928906,0.4633,13985.08,1,523,split_finetuned_disk,7,1,-1,3016.18,2706.91,2706.91
852,4895.00,30.91237620,120.13577375,30.88852251,120.33606425,30.88852251,120.33606425,0.5100,19310.08,1,280,split_finetuned_disk,9,1,-1,1856.69,1856.69,1856.69
853,4901.00,30.91969145,120.17627962,30.88442179,120.35283944,30.88442179,120.35283944,0.4633,17311.59,1,523,split_finetuned_disk,7,1,-1,3208.86,1311.09,1311.09
854,4907.00,30.91687078,120.14685848,30.88032107,120.36961464,30.88032107,120.36961464,0.5333,21657.60,1,397,split_finetuned_disk,10,1,4,1356.38,104.97,104.97
855,4913.00,30.93588251,120.14201931,30.87622034,120.38638983,30.93588251,120.14201931,0.5800,24262.75,1,1011,split_finetuned_disk,12,1,5,878.17,144.94,144.94
856,4918.00,30.93588251,120.14201931,30.93588251,120.14201931,30.93588251,120.14201931,0.5800,0.00,0,1011,split_finetuned_disk,12,1,-1,880.34,216.96,216.96
857,4977.00,30.93588251,120.14201931,30.93588251,120.14201931,30.93588251,120.14201931,0.5800,0.00,0,1011,split_finetuned_disk,12,1,-1,1154.70,220.91,220.91
858,4981.00,30.92127347,120.14323264,30.93588251,120.14201931,30.93588251,120.14201931,0.5333,1630.40,1,563,split_finetuned_disk,10,1,-1,452.62,452.62,452.62
859,4985.00,30.90471758,120.21646027,30.93588251,120.14201931,30.93588251,120.14201931,0.6033,7910.09,1,94,split_finetuned_disk,13,1,-1,7323.96,568.30,568.30
860,4989.00,30.90998941,120.18277535,30.93588251,120.14201931,30.93588251,120.14201931,0.6033,4843.12,1,246,split_finetuned_disk,13,1,-1,4020.38,1468.34,1468.34
861,4993.00,30.90676100,120.22482521,30.93588251,120.14201931,30.93588251,120.14201931,0.5567,8546.22,1,154,split_finetuned_disk,11,1,-1,7843.91,1008.44,1008.44
862,4997.00,30.90313556,120.20122434,30.93588251,120.14201931,30.93588251,120.14201931,0.4867,6727.09,1,31,split_finetuned_disk,8,1,-1,5802.06,1579.60,1579.60
863,5001.00,30.93929334,120.15045386,30.93588251,120.14201931,30.93588251,120.14201931,0.5333,890.46,1,1126,split_finetuned_disk,10,1,-1,1654.11,1654.11,1654.11
864,5005.00,30.91006452,120.21558468,30.93588251,120.14201931,30.93588251,120.14201931,0.5333,7590.26,1,262,split_finetuned_disk,10,1,-1,6681.96,741.03,741.03
865,5009.00,30.91006452,120.21558468,30.93588251,120.14201931,30.93588251,120.14201931,0.5333,7590.26,1,262,split_finetuned_disk,10,1,-1,6583.90,1357.93,1357.93
866,5012.00,30.90509314,120.21110826,30.93588251,120.14201931,30.93588251,120.14201931,0.6267,7434.79,1,92,split_finetuned_disk,14,1,-1,6272.23,715.22,715.22
867,5016.00,30.91720809,120.19876723,30.93588251,120.14201931,30.91720809,120.19876723,0.6267,5804.17,1,478,split_finetuned_disk,14,1,-1,4665.48,1618.99,1618.99
868,5020.00,30.93588251,120.14201931,30.91720809,120.19876723,30.91720809,120.19876723,0.5800,5804.17,1,1011,split_finetuned_disk,12,1,-1,1596.82,941.71,941.71
869,5024.00,30.90453516,120.16715873,30.91720809,120.19876723,30.91720809,120.19876723,0.5800,3331.84,1,70,split_finetuned_disk,12,1,-1,2393.46,1203.20,1203.20
870,5028.00,30.93327039,120.14994101,30.91720809,120.19876723,30.91720809,120.19876723,0.5800,4993.73,1,958,split_finetuned_disk,12,1,-1,1257.05,1212.10,1212.10
871,5032.00,30.90502875,120.17641721,30.91720809,120.19876723,30.91720809,120.19876723,0.5800,2528.53,1,75,split_finetuned_disk,12,1,-1,2868.07,2832.19,2832.19
872,5036.00,30.90502875,120.17641721,30.91720809,120.19876723,30.91720809,120.19876723,0.5800,2528.53,1,75,split_finetuned_disk,12,1,-1,2785.18,2359.75,2359.75
873,5040.00,30.91415136,120.19621712,30.91720809,120.19876723,30.91720809,120.19876723,0.5800,418.44,1,364,split_finetuned_disk,12,1,-1,3770.53,2263.93,2263.93
874,5044.00,30.90502875,120.17641721,30.91720809,120.19876723,30.91720809,120.19876723,0.5800,2528.53,1,75,split_finetuned_disk,12,1,-1,2630.85,2629.12,2629.12
875,5048.00,30.92157391,120.14416371,30.91720809,120.19876723,30.91720809,120.19876723,0.5800,5236.93,1,564,split_finetuned_disk,12,1,-1,1357.77,1357.77,1357.77
876,5052.00,30.91720809,120.19876723,30.91720809,120.19876723,30.91720809,120.19876723,0.6267,0.00,0,478,split_finetuned_disk,14,1,-1,3792.53,379.41,379.41
877,5056.00,30.91720809,120.19876723,30.91720809,120.19876723,30.91720809,120.19876723,0.6267,0.00,0,478,split_finetuned_disk,14,1,8,3694.86,127.22,127.22
878,5060.00,30.91312732,120.21932309,30.91720809,120.19876723,30.91720809,120.19876723,0.4867,2014.85,1,320,split_finetuned_disk,8,1,-1,5671.62,377.53,377.53
879,5063.00,30.90711509,120.25167667,30.91720809,120.19876723,30.91720809,120.19876723,0.6967,5175.97,1,167,split_finetuned_disk,17,1,-1,8633.02,279.60,279.60
880,5067.00,30.91262299,120.23624767,30.91720809,120.19876723,30.91720809,120.19876723,0.6967,3615.38,1,327,split_finetuned_disk,17,1,-1,6856.35,185.59,185.59
881,5071.00,30.91262299,120.23624767,30.91720809,120.19876723,30.91720809,120.19876723,0.6967,3615.38,1,327,split_finetuned_disk,17,1,-1,6758.55,2040.91,2040.91
882,5075.00,30.90711509,120.25167667,30.91720809,120.19876723,30.91720809,120.19876723,0.6967,5175.97,1,167,split_finetuned_disk,17,1,-1,8343.36,365.74,365.74
883,5079.00,30.90711509,120.25167667,30.91720809,120.19876723,30.91720809,120.19876723,0.6967,5175.97,1,167,split_finetuned_disk,17,1,-1,8245.36,403.92,403.92
884,5083.00,30.90711509,120.25167667,30.91720809,120.19876723,30.91720809,120.19876723,0.6967,5175.97,1,167,split_finetuned_disk,17,1,-1,8147.35,2440.73,2440.73
885,5087.00,30.93945430,120.14276982,30.91720809,120.19876723,30.91720809,120.19876723,0.4867,5893.04,1,1123,split_finetuned_disk,8,1,-1,3218.45,3218.45,3218.45
886,5091.00,30.91810943,120.20842055,30.91720809,120.19876723,30.91720809,120.19876723,0.5100,927.28,1,482,split_finetuned_disk,9,1,-1,3617.31,3617.31,3617.31
887,5095.00,30.92554739,120.20731980,30.91720809,120.19876723,30.92554739,120.20731980,0.6267,1236.46,1,762,split_finetuned_disk,14,1,-1,3564.74,1457.49,1457.49
888,5099.00,30.93346354,120.15252321,30.92554739,120.20731980,30.93344849,120.15262733,0.7667,5306.45,0,959,split_finetuned_disk,20,1,-1,2479.05,830.86,830.86
889,5103.00,30.90313556,120.20122434,30.93437294,120.14622822,30.93437294,120.14622822,0.4867,6298.70,1,31,split_finetuned_disk,8,1,-1,3241.77,1610.86,1610.86
890,5107.00,30.90711509,120.25167667,30.93529738,120.13982911,30.93529738,120.13982911,0.6967,11132.04,1,167,split_finetuned_disk,17,1,-1,7472.26,1839.43,1839.43
891,5111.00,30.90371499,120.21666041,30.93622182,120.13342999,30.90479212,120.21390253,0.7900,8733.05,0,38,split_finetuned_disk,21,1,-1,4263.08,1575.27,1575.27
892,5115.00,30.90371499,120.21666041,30.89476257,120.23555003,30.90149482,120.22134498,0.7900,2060.84,0,38,split_finetuned_disk,21,1,-1,4167.60,3278.85,3278.85
893,5119.00,30.90371499,120.21666041,30.89520396,120.23510384,30.90158055,120.22128575,0.7900,1999.91,0,38,split_finetuned_disk,21,1,-1,4072.25,4072.25,4072.25
894,5123.00,30.90970575,120.17099721,30.89907480,120.22684225,30.89907480,120.22684225,0.5100,5462.62,1,184,split_finetuned_disk,9,1,-1,1495.15,1495.15,1495.15
895,5127.00,30.91312732,120.21932309,30.89656905,120.23239874,30.89656905,120.23239874,0.4867,2226.38,1,320,split_finetuned_disk,8,1,-1,3927.27,3779.67,3779.67
896,5131.00,30.91814162,120.18655130,30.89406330,120.23795524,30.89406330,120.23795524,0.5333,5592.92,1,472,split_finetuned_disk,10,1,-1,581.11,581.11,581.11
897,5135.00,30.90993109,120.22373153,30.89155755,120.24351173,30.89155755,120.24351173,0.5567,2784.13,1,209,split_finetuned_disk,11,1,-1,4026.72,3394.55,3394.55
898,5139.00,30.91250496,120.22444996,30.88905180,120.24906823,30.88905180,120.24906823,0.5567,3513.27,1,322,split_finetuned_disk,11,1,-1,4029.87,1958.73,1958.73
899,5143.00,30.91250496,120.22444996,30.88654605,120.25462473,30.88654605,120.25462473,0.5567,4080.91,1,322,split_finetuned_disk,11,1,-1,3931.90,1683.86,1683.86
900,5147.00,30.91250496,120.22444996,30.88404030,120.26018122,30.88404030,120.26018122,0.5567,4656.53,1,322,split_finetuned_disk,11,1,-1,3836.01,1591.54,1591.54
901,5151.00,30.91696736,120.23309008,30.88153455,120.26573772,30.88153455,120.26573772,0.5567,5027.72,1,438,split_finetuned_disk,11,1,-1,4481.86,1501.87,1501.87
902,5155.00,30.92219627,120.20024868,30.87902880,120.27129421,30.87902880,120.27129421,0.5100,8313.89,1,591,split_finetuned_disk,9,1,-1,1413.32,1413.32,1413.32
903,5159.00,30.91696736,120.23309008,30.87652305,120.27685071,30.91696736,120.23309008,0.5567,6142.76,1,438,split_finetuned_disk,11,1,-1,4289.11,1323.26,1323.26
904,5163.00,30.91696736,120.23309008,30.91696736,120.23309008,30.91696736,120.23309008,0.5567,0.00,0,438,split_finetuned_disk,11,1,-1,4192.45,1237.27,1237.27
905,5167.00,30.91696736,120.23309008,30.91696736,120.23309008,30.91696736,120.23309008,0.5567,0.00,0,438,split_finetuned_disk,11,1,-1,4096.47,1149.61,1149.61
906,5171.00,30.91067615,120.23636024,30.91696736,120.23309008,30.91696736,120.23309008,0.6033,766.81,1,271,split_finetuned_disk,13,1,-1,4272.11,1205.97,1205.97
907,5175.00,30.91969145,120.17627962,30.91696736,120.23309008,30.91696736,120.23309008,0.4633,5433.55,1,523,split_finetuned_disk,7,1,-1,1514.40,1236.67,1236.67
908,5179.00,30.91067615,120.23636024,30.91696736,120.23309008,30.91696736,120.23309008,0.6033,766.81,1,271,split_finetuned_disk,13,1,-1,4078.25,1996.82,1996.82
909,5183.00,30.90711509,120.25167667,30.91696736,120.23309008,30.91696736,120.23309008,0.6967,2086.43,1,167,split_finetuned_disk,17,1,-1,5627.82,2179.91,2179.91
910,5187.00,30.90711509,120.25167667,30.91696736,120.23309008,30.91696736,120.23309008,0.6967,2086.43,1,167,split_finetuned_disk,17,1,-1,5532.08,2425.76,2425.76
911,5191.00,30.90462101,120.25135145,30.91696736,120.23309008,30.91696736,120.23309008,0.5100,2220.36,1,111,split_finetuned_disk,9,1,-1,5478.86,3982.92,3982.92
912,5195.00,30.91136288,120.24229309,30.91696736,120.23309008,30.91139814,120.24223520,0.7200,1077.77,0,274,split_finetuned_disk,18,1,-1,4280.86,2274.39,2274.39
913,5199.00,30.91136288,120.24229309,30.91044511,120.24380016,30.91114317,120.24265388,0.7200,176.49,0,274,split_finetuned_disk,18,1,-1,4183.00,3163.88,3163.88
914,5203.00,30.91136288,120.24229309,30.91062351,120.24350721,30.91118985,120.24257723,0.7200,142.19,0,274,split_finetuned_disk,18,1,-1,4086.98,570.44,570.44
915,5207.00,30.91136288,120.24229309,30.91101612,120.24286251,30.91127598,120.24243579,0.7200,66.69,0,274,split_finetuned_disk,18,1,-1,3989.12,560.60,560.60
916,5211.00,30.91136288,120.24229309,30.91125133,120.24247627,30.91133365,120.24234109,0.7200,21.45,0,274,split_finetuned_disk,18,1,-1,3893.10,556.66,556.66
917,5215.00,30.91136288,120.24229309,30.91135565,120.24230497,30.91136097,120.24229624,0.7200,1.39,0,274,split_finetuned_disk,18,1,-1,3795.24,580.26,580.26
918,5219.00,30.90993109,120.22373153,30.91138598,120.24225516,30.91138598,120.24225516,0.5567,1776.30,1,209,split_finetuned_disk,11,1,-1,2014.13,1943.36,1943.36
919,5223.00,30.90891172,120.24539358,30.91141100,120.24221408,30.91141100,120.24221408,0.5567,411.82,1,220,split_finetuned_disk,11,1,-1,4030.84,1369.20,1369.20
920,5227.00,30.92414312,120.14805930,30.91143602,120.24217300,30.91143602,120.24217300,0.5567,9097.98,1,621,split_finetuned_disk,11,1,-1,5604.91,3908.99,3908.99
921,5231.00,30.92522081,120.18538801,30.91146103,120.24213192,30.91146103,120.24213192,0.6033,5631.06,1,696,split_finetuned_disk,13,1,-1,2114.08,1129.22,1129.22
922,5235.00,30.92522081,120.18538801,30.91148605,120.24209084,30.91148605,120.24209084,0.6033,5626.53,1,696,split_finetuned_disk,13,1,-1,2292.37,1037.73,1037.73
923,5239.00,30.91262299,120.23624767,30.91151106,120.24204976,30.91151106,120.24204976,0.6967,567.73,1,327,split_finetuned_disk,17,1,-1,2496.28,538.68,538.68
924,5243.00,30.91262299,120.23624767,30.91153608,120.24200869,30.91153608,120.24200869,0.6967,563.29,1,327,split_finetuned_disk,17,1,-1,2398.73,628.12,628.12
925,5247.00,30.90711509,120.25167667,30.91156110,120.24196761,30.91156110,120.24196761,0.6967,1050.99,1,167,split_finetuned_disk,17,1,-1,3984.80,564.00,564.00
926,5251.00,30.90711509,120.25167667,30.91158611,120.24192653,30.91158611,120.24192653,0.6967,1055.76,1,167,split_finetuned_disk,17,1,-1,3886.75,1093.46,1093.46
927,5255.00,30.90805936,120.24741289,30.91161113,120.24188545,30.90805936,120.24741289,0.5567,659.50,1,165,split_finetuned_disk,11,1,-1,3399.92,997.81,997.81
928,5260.00,30.93586105,120.15952472,30.90805936,120.24741289,30.90805936,120.24741289,0.5800,8945.28,1,1019,split_finetuned_disk,12,1,-1,5715.19,2523.69,2523.69
929,5264.00,30.90805936,120.24741289,30.90805936,120.24741289,30.90805936,120.24741289,0.5567,0.00,0,165,split_finetuned_disk,11,1,-1,3206.66,1975.81,1975.81
930,5268.00,30.93441853,120.17774856,30.90805936,120.24741289,30.90805936,120.24741289,0.5333,7270.95,1,972,split_finetuned_disk,10,1,-1,4213.19,843.52,843.52
931,5272.00,30.90711509,120.24329922,30.90805936,120.24741289,30.90805936,120.24741289,0.5333,406.65,1,163,split_finetuned_disk,10,1,-1,2629.04,387.81,387.81
932,5276.00,30.90711509,120.24329922,30.90805936,120.24741289,30.90805936,120.24741289,0.5333,406.65,1,163,split_finetuned_disk,10,1,-1,2534.59,554.32,554.32
933,5280.00,30.90711509,120.24329922,30.90805936,120.24741289,30.90805936,120.24741289,0.5333,406.65,1,163,split_finetuned_disk,10,1,-1,2436.85,470.25,470.25
934,5284.00,30.91262299,120.23624767,30.90805936,120.24741289,30.90805936,120.24741289,0.6967,1181.06,1,327,split_finetuned_disk,17,1,-1,1430.15,279.22,279.22
935,5288.00,30.90993109,120.22373153,30.90805936,120.24741289,30.90805936,120.24741289,0.5567,2271.02,1,209,split_finetuned_disk,11,1,-1,526.92,347.57,347.57
936,5292.00,30.90711509,120.25167667,30.90805936,120.24741289,30.90805936,120.24741289,0.6967,420.52,1,167,split_finetuned_disk,17,1,-1,2916.39,813.85,813.85
937,5296.00,30.90711509,120.25167667,30.90805936,120.24741289,30.90805936,120.24741289,0.6967,420.52,1,167,split_finetuned_disk,17,1,-1,2820.99,1171.76,1171.76
938,5300.00,30.90676100,120.22482521,30.90805936,120.24741289,30.90805936,120.24741289,0.5567,2161.84,1,154,split_finetuned_disk,11,1,-1,656.52,656.52,656.52
939,5304.00,30.90993109,120.22373153,30.90805936,120.24741289,30.90993109,120.22373153,0.5567,2271.02,1,209,split_finetuned_disk,11,1,-1,510.77,510.77,510.77
940,5308.00,30.90993109,120.22373153,30.90993109,120.22373153,30.90993109,120.22373153,0.5567,0.00,0,209,split_finetuned_disk,11,1,-1,546.77,546.77,546.77
941,5312.00,30.92079667,120.15601146,30.90993109,120.22373153,30.90993109,120.22373153,0.5100,6579.04,1,513,split_finetuned_disk,9,1,-1,6888.90,595.00,595.00
942,5316.00,30.93588251,120.14201931,30.90993109,120.22373153,30.90993109,120.22373153,0.5800,8320.67,1,1011,split_finetuned_disk,12,1,-1,8547.77,7561.93,7561.93
943,5320.00,30.93588251,120.14201931,30.90993109,120.22373153,30.90993109,120.22373153,0.5800,8320.67,1,1011,split_finetuned_disk,12,1,-1,8642.12,406.18,406.18
944,5325.00,30.91362558,120.18592043,30.90993109,120.22373153,30.90993109,120.22373153,0.6500,3634.10,1,359,split_finetuned_disk,15,1,-1,4336.93,311.29,311.29
945,5329.00,30.92219627,120.20024868,30.90993109,120.22373153,30.90993109,120.22373153,0.5100,2625.44,1,591,split_finetuned_disk,9,1,5,3020.37,135.08,135.08
946,5333.00,30.91696736,120.23309008,30.90993109,120.22373153,30.90993109,120.22373153,0.5567,1188.36,1,438,split_finetuned_disk,11,1,-1,484.96,171.48,171.48
947,5337.00,30.90993109,120.22373153,30.90993109,120.22373153,30.90993109,120.22373153,0.5567,0.00,0,209,split_finetuned_disk,11,1,4,1059.62,100.62,100.62
948,5341.00,30.91006452,120.21558468,30.90993109,120.22373153,30.90993109,120.22373153,0.5333,778.12,1,262,split_finetuned_disk,10,1,5,1714.24,142.50,142.50
949,5345.00,30.91362558,120.18592043,30.90993109,120.22373153,30.90993109,120.22373153,0.6500,3634.10,1,359,split_finetuned_disk,15,1,-1,4819.07,412.76,412.76
950,5349.00,30.90993109,120.22373153,30.90993109,120.22373153,30.90993109,120.22373153,0.5567,0.00,0,209,split_finetuned_disk,11,1,-1,1327.63,938.21,938.21
951,5353.00,30.91674202,120.13779306,30.90993109,120.22373153,30.90993109,120.22373153,0.5333,8241.60,1,393,split_finetuned_disk,10,1,-1,9415.58,1398.84,1398.84
952,5357.00,30.91006452,120.21558468,30.90993109,120.22373153,30.90993109,120.22373153,0.5333,778.12,1,262,split_finetuned_disk,10,1,-1,2093.98,1493.99,1493.99
953,5361.00,30.90993109,120.22373153,30.90993109,120.22373153,30.90993109,120.22373153,0.5567,0.00,0,209,split_finetuned_disk,11,1,-1,1601.87,274.81,274.81
954,5365.00,30.90993109,120.22373153,30.90993109,120.22373153,30.90993109,120.22373153,0.5567,0.00,0,209,split_finetuned_disk,11,1,-1,1694.19,210.95,210.95
955,5369.00,30.90711509,120.25167667,30.90993109,120.22373153,30.90993109,120.22373153,0.6967,2686.95,1,167,split_finetuned_disk,17,1,-1,993.79,488.61,488.61
956,5373.00,30.93406443,120.13858110,30.90993109,120.22373153,30.90993109,120.22373153,0.5567,8563.70,1,953,split_finetuned_disk,11,1,-1,10319.24,946.05,946.05
957,5378.00,30.90676100,120.22482521,30.90993109,120.22373153,30.90993109,120.22373153,0.5567,368.03,1,154,split_finetuned_disk,11,1,-1,1896.26,549.25,549.25
958,5382.00,30.91674202,120.13779306,30.90993109,120.22373153,30.90993109,120.22373153,0.5333,8241.60,1,393,split_finetuned_disk,10,1,-1,10185.81,312.29,312.29
959,5386.00,30.90676100,120.22482521,30.90993109,120.22373153,30.90993109,120.22373153,0.5567,368.03,1,154,split_finetuned_disk,11,1,-1,2079.50,454.27,454.27
960,5390.00,30.90805936,120.24741289,30.90993109,120.22373153,30.90993109,120.22373153,0.5567,2271.02,1,165,split_finetuned_disk,11,1,-1,280.52,280.52,280.52
961,5394.00,30.91696736,120.23309008,30.90993109,120.22373153,30.90993109,120.22373153,0.5567,1188.36,1,438,split_finetuned_disk,11,1,-1,1629.51,1548.24,1548.24
962,5398.00,30.91696736,120.23309008,30.90993109,120.22373153,30.90993109,120.22373153,0.5567,1188.36,1,438,split_finetuned_disk,11,1,-1,1719.84,990.33,990.33
963,5402.00,30.92160611,120.22183730,30.90993109,120.22373153,30.90993109,120.22373153,0.6267,1312.19,1,600,split_finetuned_disk,14,1,-1,3157.01,1739.11,1739.11
964,5406.00,30.91696736,120.23309008,30.90993109,120.22373153,30.91696736,120.23309008,0.5567,1188.36,1,438,split_finetuned_disk,11,1,-1,1906.81,1726.78,1726.78
965,5464.00,30.91352901,120.23217696,30.91696736,120.23309008,30.91696736,120.23309008,0.5100,392.56,1,382,split_finetuned_disk,9,1,-1,1855.66,881.75,881.75
966,5470.00,30.91696736,120.23309008,30.91696736,120.23309008,30.91696736,120.23309008,0.5567,0.00,0,438,split_finetuned_disk,11,1,-1,1871.66,787.62,787.62
967,5476.00,30.91696736,120.23309008,30.91696736,120.23309008,30.91696736,120.23309008,0.5567,0.00,0,438,split_finetuned_disk,11,1,-1,1780.64,1622.08,1622.08
968,5482.00,30.91250496,120.22444996,30.91696736,120.23309008,30.91696736,120.23309008,0.5567,963.08,1,322,split_finetuned_disk,11,1,-1,2241.98,953.70,953.70
969,5488.00,30.90711509,120.25167667,30.91696736,120.23309008,30.91696736,120.23309008,0.6967,2086.43,1,167,split_finetuned_disk,17,1,-1,542.09,327.40,327.40
970,5494.00,30.90711509,120.25167667,30.91696736,120.23309008,30.91696736,120.23309008,0.6967,2086.43,1,167,split_finetuned_disk,17,1,-1,637.92,242.01,242.01
971,5500.00,30.90783402,120.23433387,30.91696736,120.23309008,30.91696736,120.23309008,0.5100,1023.64,1,159,split_finetuned_disk,9,1,-1,867.50,315.54,315.54
972,5506.00,30.91686005,120.19053989,30.91696736,120.23309008,30.91696736,120.23309008,0.5100,4063.33,1,418,split_finetuned_disk,9,1,-1,5060.64,573.97,573.97
973,5512.00,30.92522081,120.18538801,30.91696736,120.23309008,30.91696736,120.23309008,0.6033,4647.02,1,696,split_finetuned_disk,13,1,-1,5619.54,3944.99,3944.99
974,5518.00,30.92522081,120.18538801,30.91696736,120.23309008,30.91696736,120.23309008,0.6033,4647.02,1,696,split_finetuned_disk,13,1,-1,5522.23,3847.02,3847.02
975,5523.00,30.91356726,120.18877074,30.91696736,120.23309008,30.91696736,120.23309008,0.5800,4249.14,1,305,split_finetuned_disk,12,1,-1,4910.62,4230.84,4230.84
976,5529.00,30.93586105,120.15952472,30.91696736,120.23309008,30.91696736,120.23309008,0.5800,7333.17,1,1019,split_finetuned_disk,12,1,-1,8190.32,1491.31,1491.31
977,5535.00,30.90509314,120.21110826,30.91696736,120.23309008,30.90509314,120.21110826,0.6267,2480.66,1,92,split_finetuned_disk,14,1,-1,2517.44,720.39,720.39
978,5541.00,30.90509314,120.21110826,30.90509314,120.21110826,30.90509314,120.21110826,0.6267,0.00,0,92,split_finetuned_disk,14,1,-1,2424.47,815.63,815.63
979,5547.00,30.91720809,120.19876723,30.90509314,120.21110826,30.90509314,120.21110826,0.6267,1791.00,1,478,split_finetuned_disk,14,1,-1,3649.45,3649.45,3649.45
980,5553.00,30.91720809,120.19876723,30.90509314,120.21110826,30.90509314,120.21110826,0.6267,1791.00,1,478,split_finetuned_disk,14,1,-1,3554.70,3554.70,3554.70
981,5558.00,30.91720809,120.19876723,30.90509314,120.21110826,30.90509314,120.21110826,0.6267,1791.00,1,478,split_finetuned_disk,14,1,-1,3456.82,3456.82,3456.82
982,5564.00,30.91687078,120.14685848,30.90509314,120.21110826,30.90509314,120.21110826,0.5333,6274.02,1,397,split_finetuned_disk,10,1,-1,8253.33,4576.43,4576.43
983,5570.00,30.92522081,120.18538801,30.90509314,120.21110826,30.90509314,120.21110826,0.6033,3324.60,1,696,split_finetuned_disk,13,1,-1,4664.46,3521.25,3521.25
984,5576.00,30.91356726,120.18877074,30.90509314,120.21110826,30.90509314,120.21110826,0.5800,2332.39,1,305,split_finetuned_disk,12,1,-1,4039.37,754.96,754.96
985,5581.00,30.92522081,120.18538801,30.90509314,120.21110826,30.90509314,120.21110826,0.6033,3324.60,1,696,split_finetuned_disk,13,1,-1,4475.15,2881.93,2881.93
986,5587.00,30.91814162,120.18655130,30.90509314,120.21110826,30.90509314,120.21110826,0.5333,2758.48,1,472,split_finetuned_disk,10,1,-1,4136.35,2787.98,2787.98
987,5593.00,30.90993109,120.22373153,30.90509314,120.21110826,30.90509314,120.21110826,0.5567,1320.29,1,209,split_finetuned_disk,11,1,-1,550.12,469.69,469.69
988,5598.00,30.90993109,120.22373153,30.90509314,120.21110826,30.90993109,120.22373153,0.5567,1320.29,1,209,split_finetuned_disk,11,1,-1,462.82,310.10,310.10
989,5604.00,30.92079667,120.15601146,30.90993109,120.22373153,30.90993109,120.22373153,0.5100,6579.04,1,513,split_finetuned_disk,9,1,-1,6830.24,4100.98,4100.98
990,5610.00,30.91584068,120.18177467,30.90993109,120.22373153,30.90993109,120.22373153,0.5333,4060.29,1,414,split_finetuned_disk,10,1,-1,4101.87,2661.71,2661.71
991,5616.00,30.91584068,120.18177467,30.90993109,120.22373153,30.90993109,120.22373153,0.5333,4060.29,1,414,split_finetuned_disk,10,1,-1,4005.80,2569.54,2569.54
992,5622.00,30.93190298,120.14422625,30.90993109,120.22373153,30.90993109,120.22373153,0.5567,7976.57,1,900,split_finetuned_disk,11,1,-1,7838.30,3826.40,3826.40
993,5627.00,30.90509314,120.21110826,30.90993109,120.22373153,30.90993109,120.22373153,0.6267,1320.29,1,92,split_finetuned_disk,14,1,-1,1142.62,1142.62,1142.62
994,5633.00,30.92522081,120.18538801,30.90993109,120.22373153,30.90993109,120.22373153,0.6033,4037.85,1,696,split_finetuned_disk,13,1,-1,3626.80,2476.22,2476.22
995,5639.00,30.92522081,120.18538801,30.90993109,120.22373153,30.90993109,120.22373153,0.6033,4037.85,1,696,split_finetuned_disk,13,1,-1,3531.12,3176.28,3176.28
996,5645.00,30.92522081,120.18538801,30.90993109,120.22373153,30.90993109,120.22373153,0.6033,4037.85,1,696,split_finetuned_disk,13,1,-1,3440.53,3312.48,3312.48
997,5650.00,30.92522081,120.18538801,30.90993109,120.22373153,30.90993109,120.22373153,0.6033,4037.85,1,696,split_finetuned_disk,13,1,-1,3260.31,1914.15,1914.15
998,5656.00,30.93586105,120.15952472,30.90993109,120.22373153,30.93586105,120.15952472,0.5800,6776.87,1,1019,split_finetuned_disk,12,1,-1,6031.52,3034.43,3034.43
999,5662.00,30.93902509,120.13621155,30.93586105,120.15952472,30.93586105,120.15952472,0.5100,2253.97,1,1120,split_finetuned_disk,9,1,-1,8104.98,3125.15,3125.15
1000,5668.00,30.91237620,120.13577375,30.93586105,120.15952472,30.93586105,120.15952472,0.5100,3461.06,1,280,split_finetuned_disk,9,1,-1,7402.39,3042.53,3042.53
1001,5673.00,30.91974510,120.17979289,30.93586105,120.15952472,30.93586105,120.15952472,0.5100,2639.07,1,525,split_finetuned_disk,9,1,-1,3219.48,296.85,296.85
1002,5679.00,30.90852543,120.22376199,30.93586105,120.15952472,30.93586105,120.15952472,0.4867,6847.59,1,210,split_finetuned_disk,8,1,-1,1247.30,1247.30,1247.30
1003,5685.00,30.93514818,120.16977845,30.93586105,120.15952472,30.93586105,120.15952472,0.5333,982.38,1,967,split_finetuned_disk,10,1,-1,4770.16,2166.34,2166.34
1004,5691.00,30.92478087,120.16365797,30.93586105,120.15952472,30.93586105,120.15952472,0.4867,1295.06,1,684,split_finetuned_disk,8,1,-1,4824.51,2071.65,2071.65
1005,5697.00,30.92478087,120.16365797,30.93586105,120.15952472,30.93586105,120.15952472,0.4867,1295.06,1,684,split_finetuned_disk,8,1,-1,4729.89,1982.76,1982.76
1006,5703.00,30.91696736,120.23309008,30.93586105,120.15952472,30.93586105,120.15952472,0.5567,7333.17,1,438,split_finetuned_disk,11,1,-1,2397.46,1252.23,1252.23
1007,5709.00,30.92701743,120.19363493,30.93586105,120.15952472,30.93586105,120.15952472,0.5333,3402.85,1,755,split_finetuned_disk,10,1,-1,2040.89,1467.41,1467.41
1008,5715.00,30.92701743,120.19363493,30.93586105,120.15952472,30.92701743,120.19363493,0.5333,3402.85,1,755,split_finetuned_disk,10,1,-1,1962.49,1264.87,1264.87
1009,5721.00,30.92370317,120.13703711,30.92701743,120.19363493,30.92701743,120.19363493,0.6267,5417.36,1,616,split_finetuned_disk,14,1,-1,6636.38,1894.79,1894.79
1010,5727.00,30.93327039,120.14994101,30.92701743,120.19363493,30.92701743,120.19363493,0.5800,4230.19,1,958,split_finetuned_disk,12,1,-1,5724.78,1820.53,1820.53
1011,5733.00,30.93327039,120.14994101,30.92701743,120.19363493,30.92701743,120.19363493,0.5800,4230.19,1,958,split_finetuned_disk,12,1,-1,5628.38,1748.61,1748.61
1012,5738.00,30.91170019,120.16897790,30.92701743,120.19363493,30.92701743,120.19363493,0.6500,2907.16,1,295,split_finetuned_disk,15,1,-1,3259.34,1201.98,1201.98
1013,5744.00,30.90452443,120.18404415,30.92701743,120.19363493,30.92701743,120.19363493,0.4867,2666.16,1,79,split_finetuned_disk,8,1,-1,1835.66,979.69,979.69
1014,5750.00,30.91170019,120.16897790,30.92701743,120.19363493,30.92701743,120.19363493,0.6500,2907.16,1,295,split_finetuned_disk,15,1,-1,3070.30,1775.44,1775.44
1015,5756.00,30.91814162,120.14556466,30.92701743,120.19363493,30.92701743,120.19363493,0.5333,4695.58,1,452,split_finetuned_disk,10,1,-1,5185.14,2009.84,2009.84
1016,5762.00,30.91517073,120.17640471,30.92701743,120.19363493,30.92701743,120.19363493,0.5800,2108.67,1,355,split_finetuned_disk,12,1,-1,2074.20,2074.20,2074.20
1017,5768.00,30.92414312,120.14805930,30.92701743,120.19363493,30.92701743,120.19363493,0.5567,4363.97,1,621,split_finetuned_disk,11,1,-1,4875.50,3425.89,3425.89
1018,5774.00,30.90509314,120.21110826,30.92701743,120.19363493,30.90509314,120.21110826,0.6267,2956.49,1,92,split_finetuned_disk,14,1,-1,1841.57,1699.05,1699.05
1019,5780.00,30.90651420,120.22583133,30.90509314,120.21110826,30.90509314,120.21110826,0.5100,1414.84,1,155,split_finetuned_disk,9,1,-1,3134.49,1642.15,1642.15
1020,5786.00,30.93648341,120.15035379,30.90509314,120.21110826,30.90509314,120.21110826,0.5100,6772.77,1,1014,split_finetuned_disk,9,1,-1,4874.86,1205.88,1205.88
1021,5792.00,30.92124128,120.16362589,30.90509314,120.21110826,30.90509314,120.21110826,0.5800,4877.63,1,573,split_finetuned_disk,12,1,-1,2882.97,497.36,497.36
1022,5798.00,30.92219627,120.20024868,30.90509314,120.21110826,30.90509314,120.21110826,0.5100,2168.03,1,591,split_finetuned_disk,9,1,-1,1125.67,1017.86,1017.86
1023,5804.00,30.91696736,120.23309008,30.90509314,120.21110826,30.90509314,120.21110826,0.5567,2480.66,1,438,split_finetuned_disk,11,1,-1,3994.84,1197.06,1197.06
1024,5810.00,30.92414312,120.14805930,30.90509314,120.21110826,30.90509314,120.21110826,0.5567,6383.38,1,621,split_finetuned_disk,11,1,-1,4196.05,3308.95,3308.95
1025,5816.00,30.92414312,120.14805930,30.90509314,120.21110826,30.90509314,120.21110826,0.5567,6383.38,1,621,split_finetuned_disk,11,1,-1,4100.27,2650.37,2650.37
1026,5821.00,30.92414312,120.14805930,30.90509314,120.21110826,30.90509314,120.21110826,0.5567,6383.38,1,621,split_finetuned_disk,11,1,-1,4002.25,2552.53,2552.53
1027,5827.00,30.92127347,120.14323264,30.90509314,120.21110826,30.90509314,120.21110826,0.5333,6727.36,1,563,split_finetuned_disk,10,1,-1,4266.11,1576.26,1576.26
1028,5833.00,30.92642727,120.15875626,30.90509314,120.21110826,30.92642727,120.15875626,0.5100,5534.75,1,738,split_finetuned_disk,9,1,-1,2971.51,1764.03,1764.03
1029,5839.00,30.92414312,120.14805930,30.92642727,120.15875626,30.92642727,120.15875626,0.5567,1052.67,1,621,split_finetuned_disk,11,1,-1,3710.43,2260.84,2260.84
1030,5845.00,30.92370317,120.13703711,30.92642727,120.15875626,30.92642727,120.15875626,0.6267,2096.11,1,616,split_finetuned_disk,14,1,-1,4503.66,2617.94,2617.94
1031,5851.00,30.90553308,120.25148359,30.92642727,120.15875626,30.92642727,120.15875626,0.6267,9155.33,1,110,split_finetuned_disk,14,1,-1,6579.08,2520.88,2520.88
1032,5857.00,30.92718912,120.15311655,30.92642727,120.15875626,30.92642727,120.15875626,0.6967,545.20,1,736,split_finetuned_disk,17,1,-1,2874.08,2874.08,2874.08
