Frame,Time_Sec,Raw_Lat,Raw_Lng,Predicted_Lat,Predicted_Lng,Filtered_Lat,Filtered_Lng,Match_Confidence,Innovation_M,Outlier_Rejected,Best_Match_Idx,Algorithm,Inliers,Measurement_Valid,Correct_Candidate_Rank,Top1_Min_Dist_M,Top5_Min_Dist_M,Top10_Min_Dist_M
1,7.00,32.35284018,119.81472662,32.30460000,119.89700000,32.30460000,119.89700000,0.6733,9420.09,1,1580,split_learned_disk,16,1,-1,9191.89,2478.10,2478.10
2,14.00,32.29388424,119.89860782,32.30460000,119.89700000,32.30460000,119.89700000,0.6267,1202.43,1,134,split_learned_disk,14,1,-1,1380.94,684.98,684.98
3,21.00,32.33585028,119.88437291,32.30460000,119.89700000,32.30460000,119.89700000,0.5100,3675.99,1,1162,split_learned_disk,9,1,-1,3348.18,2300.30,2300.30
4,28.00,32.29029099,119.86120209,32.30460000,119.89700000,32.30460000,119.89700000,0.5800,3725.26,1,26,split_learned_disk,12,1,-1,3585.51,2787.99,2787.99
5,36.00,32.29029099,119.86120209,32.30460000,119.89700000,32.30460000,119.89700000,0.5800,3725.26,1,26,split_learned_disk,12,1,-1,3534.22,2724.41,2724.41
6,43.00,32.30709851,119.88997662,32.30460000,119.89700000,32.30460000,119.89700000,0.5567,716.85,1,490,split_learned_disk,11,1,1,115.29,115.29,115.29
7,50.00,32.31441956,119.84929638,32.30460000,119.89700000,32.30460000,119.89700000,0.5800,4618.73,1,605,split_learned_disk,12,1,-1,4047.12,995.24,995.24
8,57.00,32.29425975,119.88007001,32.30460000,119.89700000,32.30460000,119.89700000,0.5567,1965.05,1,125,split_learned_disk,11,1,-1,1892.98,177.12,177.12
9,64.00,32.29425975,119.88007001,32.30460000,119.89700000,32.30460000,119.89700000,0.5567,1965.05,1,125,split_learned_disk,11,1,4,1941.98,137.59,137.59
10,71.00,32.29425975,119.88007001,32.30460000,119.89700000,32.29425975,119.88007001,0.5567,1965.05,1,125,split_learned_disk,11,1,4,1950.19,31.98,31.98
11,79.00,32.31744418,119.89072569,32.29425975,119.88007001,32.29425975,119.88007001,0.5800,2768.71,1,715,split_learned_disk,12,1,-1,811.00,649.50,649.50
12,86.00,32.34762198,119.89962351,32.29425975,119.88007001,32.29425975,119.88007001,0.5333,6218.55,1,1484,split_learned_disk,10,1,-1,4270.13,2185.99,2185.99
13,93.00,32.33737868,119.85686110,32.29425975,119.88007001,32.29425975,119.88007001,0.5333,5273.21,1,1194,split_learned_disk,10,1,-1,3948.58,2494.30,2494.30
14,100.00,32.33583955,119.81447270,32.29425975,119.88007001,32.29425975,119.88007001,0.5333,7713.83,1,1130,split_learned_disk,10,1,-1,7029.10,2003.00,2003.00
15,108.00,32.32469504,119.89971238,32.29425975,119.88007001,32.29425975,119.88007001,0.5567,3859.17,1,899,split_learned_disk,11,1,-1,1909.35,1909.35,1909.35
16,115.00,32.31457467,119.85549681,32.29425975,119.88007001,32.29425975,119.88007001,0.5567,3233.85,1,653,split_learned_disk,11,1,-1,2758.07,1972.08,1972.08
17,122.00,32.31457467,119.85549681,32.29425975,119.88007001,32.29425975,119.88007001,0.5567,3233.85,1,653,split_learned_disk,11,1,-1,2659.36,1391.67,1391.67
18,130.00,32.30480836,119.85753981,32.29425975,119.88007001,32.29425975,119.88007001,0.5800,2423.00,1,430,split_learned_disk,12,1,-1,2314.04,166.50,166.50
19,137.00,32.29747748,119.89096692,32.29425975,119.88007001,32.29425975,119.88007001,0.5333,1085.86,1,220,split_learned_disk,10,1,6,2074.21,113.71,113.71
20,144.00,32.33765181,119.87567823,32.29425975,119.88007001,32.33765181,119.87567823,0.5800,4848.04,1,1248,split_learned_disk,12,1,7,2689.44,146.19,146.19
21,152.00,32.32786986,119.87888346,32.33765181,119.87567823,32.33765181,119.87567823,0.5333,1129.90,1,979,split_learned_disk,10,1,8,1392.81,36.13,36.13
22,159.00,32.29425975,119.88007001,32.33765181,119.87567823,32.33765181,119.87567823,0.5567,4848.04,1,125,split_learned_disk,11,1,-1,2476.25,1478.42,1478.42
23,166.00,32.34090756,119.87388808,32.33765181,119.87567823,32.33765181,119.87567823,0.5567,399.64,1,1293,split_learned_disk,11,1,-1,2677.35,1544.44,1544.44
24,174.00,32.31533642,119.87339401,32.33765181,119.87567823,32.33765181,119.87567823,0.6500,2493.43,1,661,split_learned_disk,15,1,-1,608.78,257.81,257.81
25,181.00,32.31636057,119.87589406,32.33765181,119.87567823,32.33765181,119.87567823,0.5567,2370.23,1,708,split_learned_disk,11,1,1,100.18,100.18,100.18
26,189.00,32.31457467,119.85549681,32.33765181,119.87567823,32.33765181,119.87567823,0.5567,3194.33,1,653,split_learned_disk,11,1,-1,2015.54,1661.37,1661.37
27,196.00,32.31185046,119.89521904,32.33765181,119.87567823,32.33765181,119.87567823,0.5567,3410.08,1,582,split_learned_disk,11,1,-1,2049.16,449.25,449.25
28,204.00,32.34317043,119.87248570,32.33765181,119.87567823,32.33765181,119.87567823,0.5567,683.81,1,1382,split_learned_disk,11,1,-1,2781.85,899.23,899.23
29,211.00,32.33669204,119.89843007,32.33765181,119.87567823,32.33765181,119.87567823,0.5567,2142.95,1,1214,split_learned_disk,11,1,-1,3074.32,1073.82,1073.82
30,218.00,32.30971052,119.87603372,32.33765181,119.87567823,32.30971052,119.87603372,0.6267,3110.60,1,528,split_learned_disk,14,1,-1,1176.93,460.45,460.45
31,225.00,32.30971052,119.87603372,32.30971052,119.87603372,32.30971052,119.87603372,0.6267,0.00,0,528,split_learned_disk,14,1,-1,1256.45,1256.45,1256.45
32,233.00,32.32263020,119.86970633,32.30971052,119.87603372,32.30971052,119.87603372,0.6033,1556.52,1,840,split_learned_disk,13,1,3,191.67,132.31,132.31
33,240.00,32.32158459,119.86836054,32.30971052,119.87603372,32.30971052,119.87603372,0.5333,1506.07,1,795,split_learned_disk,10,1,1,111.07,111.07,111.07
34,247.00,32.29855527,119.88121847,32.30971052,119.87603372,32.30971052,119.87603372,0.5333,1334.15,1,261,split_learned_disk,10,1,-1,2818.63,230.57,230.57
35,254.00,32.30971052,119.87603372,32.30971052,119.87603372,32.30971052,119.87603372,0.6267,0.00,0,528,split_learned_disk,14,1,4,1577.70,136.89,136.89
36,262.00,32.34317625,119.88872659,32.30971052,119.87603372,32.30971052,119.87603372,0.6033,3912.08,1,1344,split_learned_disk,13,1,10,2883.39,94.35,94.35
37,269.00,32.34347665,119.88555946,32.30971052,119.87603372,32.30971052,119.87603372,0.5567,3864.18,1,1343,split_learned_disk,11,1,-1,2770.83,560.54,560.54
38,276.00,32.32263020,119.86970633,32.30971052,119.87603372,32.30971052,119.87603372,0.6033,1556.52,1,840,split_learned_disk,13,1,2,400.47,51.43,51.43
39,284.00,32.32410495,119.86583510,32.30971052,119.87603372,32.30971052,119.87603372,0.5333,1867.64,1,883,split_learned_disk,10,1,1,73.56,73.56,73.56
40,291.00,32.32909294,119.85783870,32.30971052,119.87603372,32.30971052,119.87603372,0.5333,2754.11,1,969,split_learned_disk,10,1,-1,807.56,401.22,401.22
41,298.00,32.32212103,119.84421213,32.30971052,119.87603372,32.30971052,119.87603372,0.5333,3296.90,1,784,split_learned_disk,10,1,-1,1759.83,499.79,499.79
42,306.00,32.29449578,119.86634875,32.30971052,119.87603372,32.30971052,119.87603372,0.6733,1923.20,1,119,split_learned_disk,16,1,-1,3656.26,614.14,614.14
43,313.00,32.32592303,119.85040675,32.30971052,119.87603372,32.30971052,119.87603372,0.5333,3011.47,1,921,split_learned_disk,10,1,-1,1078.53,679.94,679.94
44,320.00,32.32802006,119.87183239,32.30971052,119.87603372,32.30971052,119.87603372,0.5567,2076.18,1,976,split_learned_disk,11,1,-1,926.75,810.13,810.13
45,328.00,32.29897370,119.87913738,32.30971052,119.87603372,32.29897370,119.87913738,0.5333,1230.37,1,259,split_learned_disk,10,1,-1,3594.19,1433.97,1433.97
46,335.00,32.32083357,119.82080698,32.29897370,119.87913738,32.29897370,119.87913738,0.5333,6002.57,1,772,split_learned_disk,10,1,-1,3786.93,294.09,294.09
47,343.00,32.30646059,119.88033662,32.29897370,119.87913738,32.29897370,119.87913738,0.5800,841.04,1,440,split_learned_disk,12,1,-1,3221.83,820.39,820.39
48,350.00,32.30363401,119.85371936,32.29897370,119.87913738,32.29897370,119.87913738,0.6033,2446.73,1,383,split_learned_disk,13,1,-1,2791.91,1603.95,1603.95
49,358.00,32.31457467,119.85549681,32.29897370,119.87913738,32.29897370,119.87913738,0.5567,2821.67,1,653,split_learned_disk,11,1,-1,1658.67,1658.67,1658.67
50,365.00,32.29091818,119.89968699,32.29897370,119.87913738,32.29897370,119.87913738,0.5567,2130.98,1,89,split_learned_disk,11,1,-1,5868.39,940.30,940.30
51,372.00,32.33601612,119.84061440,32.29897370,119.87913738,32.29897370,119.87913738,0.5567,5489.66,1,1186,split_learned_disk,11,1,-1,1642.97,261.74,261.74
52,379.00,32.33378544,119.83370299,32.29897370,119.87913738,32.29897370,119.87913738,0.5567,5769.32,1,1093,split_learned_disk,11,1,-1,2025.53,1981.05,1981.05
53,386.00,32.33575372,119.83265610,32.29897370,119.87913738,32.29897370,119.87913738,0.5567,5990.22,1,1137,split_learned_disk,11,1,10,2147.01,145.86,145.86
54,394.00,32.34628669,119.87832483,32.29897370,119.87913738,32.29897370,119.87913738,0.6500,5267.44,1,1429,split_learned_disk,15,1,2,2715.61,110.69,110.69
55,401.00,32.34628669,119.87832483,32.29897370,119.87913738,32.34628669,119.87832483,0.6500,5267.44,1,1429,split_learned_disk,15,1,-1,2760.22,228.75,228.75
56,408.00,32.32640583,119.82989523,32.34628669,119.87832483,32.34628669,119.87832483,0.5567,5064.92,1,911,split_learned_disk,11,1,-1,2294.96,1821.47,1821.47
57,416.00,32.34660856,119.82193004,32.34628669,119.87832483,32.34628669,119.87832483,0.6733,5305.22,1,1403,split_learned_disk,16,1,-1,2943.38,2253.67,2253.67
58,423.00,32.33561916,119.80936413,32.34628669,119.87832483,32.34628669,119.87832483,0.5800,6594.98,1,1172,split_learned_disk,12,1,-1,3753.52,1746.54,1746.54
59,431.00,32.33561916,119.80936413,32.34628669,119.87832483,32.34628669,119.87832483,0.5800,6594.98,1,1172,split_learned_disk,12,1,-1,3750.46,1760.21,1760.21
60,438.00,32.33561916,119.80936413,32.34628669,119.87832483,32.34628669,119.87832483,0.5800,6594.98,1,1172,split_learned_disk,12,1,-1,3654.20,1912.63,1912.63
61,445.00,32.33342066,119.87043001,32.34628669,119.87832483,32.34628669,119.87832483,0.5800,1613.35,1,1110,split_learned_disk,12,1,-1,2068.88,1133.63,1133.63
62,452.00,32.34467737,119.84890861,32.34628669,119.87832483,32.34628669,119.87832483,0.4867,2773.00,1,1416,split_learned_disk,8,1,-1,1065.83,1065.83,1065.83
63,459.00,32.30708778,119.80912291,32.34628669,119.87832483,32.30708983,119.80912654,0.7433,7837.07,0,452,split_learned_disk,19,1,-1,4677.72,947.41,947.41
64,467.00,32.30646059,119.81442880,32.30489976,119.80526019,32.30489976,119.80526019,0.5100,879.83,1,409,split_learned_disk,9,1,-1,4598.63,689.69,689.69
65,474.00,32.30646059,119.81442880,32.30298346,119.80187714,32.30298346,119.80187714,0.5100,1242.57,1,409,split_learned_disk,9,1,-1,4581.63,439.96,439.96
66,481.00,32.33937333,119.84002349,32.30106715,119.79849408,32.30106715,119.79849408,0.6500,5783.26,1,1277,split_learned_disk,15,1,-1,254.22,178.64,178.64
67,488.00,32.35316205,119.87129915,32.29915084,119.79511103,32.29915084,119.79511103,0.5567,9355.08,1,1606,split_learned_disk,11,1,-1,3110.17,2751.47,2751.47
68,495.00,32.33669204,119.89843007,32.29723453,119.79172798,32.29723453,119.79172798,0.5567,10956.53,1,1214,split_learned_disk,11,1,-1,5416.64,1677.61,1677.61
69,502.00,32.33669204,119.89843007,32.29531822,119.78834493,32.29531822,119.78834493,0.5567,11333.81,1,1214,split_learned_disk,11,1,-1,5421.16,2414.69,2414.69
70,509.00,32.30646059,119.88033662,32.29340191,119.78496187,32.29340191,119.78496187,0.5800,9088.98,1,440,split_learned_disk,12,1,-1,5344.38,2513.50,2513.50
71,516.00,32.33287349,119.82926043,32.29148560,119.78157882,32.29148560,119.78157882,0.5333,6430.12,1,1091,split_learned_disk,10,1,-1,1357.30,311.77,311.77
72,523.00,32.32073701,119.89902679,32.28956929,119.77819577,32.28956929,119.77819577,0.5800,11884.41,1,809,split_learned_disk,12,1,-1,6161.52,1227.56,1227.56
73,530.00,32.32115544,119.82797812,32.28765298,119.77481271,32.32115544,119.82797812,0.5333,6238.77,1,776,split_learned_disk,10,1,-1,2567.74,1408.95,1408.95
74,537.00,32.29370185,119.89439379,32.32115544,119.82797812,32.32115544,119.82797812,0.5100,6955.19,1,132,split_learned_disk,9,1,-1,7688.37,1310.28,1310.28
75,544.00,32.33589320,119.83389343,32.32115544,119.82797812,32.32115544,119.82797812,0.5333,1732.41,1,1138,split_learned_disk,10,1,-1,999.23,999.23,999.23
76,552.00,32.33589320,119.83389343,32.32115544,119.82797812,32.32115544,119.82797812,0.5333,1732.41,1,1138,split_learned_disk,10,1,-1,1027.06,1027.06,1027.06
77,559.00,32.33378544,119.83370299,32.32115544,119.82797812,32.32115544,119.82797812,0.5567,1505.58,1,1093,split_learned_disk,11,1,-1,1264.06,1258.48,1258.48
78,567.00,32.33589320,119.83389343,32.32115544,119.82797812,32.32115544,119.82797812,0.5333,1732.41,1,1138,split_learned_disk,10,1,-1,1113.23,1113.23,1113.23
79,574.00,32.33407512,119.83521963,32.32115544,119.82797812,32.32115544,119.82797812,0.5567,1591.39,1,1094,split_learned_disk,11,1,-1,1388.39,795.30,795.30
80,581.00,32.34488704,119.89037020,32.32115544,119.82797812,32.32115544,119.82797812,0.6267,6436.42,1,1390,split_learned_disk,14,1,-1,5458.05,1036.28,1036.28
81,588.00,32.31713795,119.83220485,32.32115544,119.82797812,32.32115544,119.82797812,0.5333,598.42,1,733,split_learned_disk,10,1,-1,3094.08,1298.93,1298.93
82,595.00,32.31713795,119.83220485,32.32115544,119.82797812,32.32115544,119.82797812,0.5333,598.42,1,733,split_learned_disk,10,1,9,3166.57,59.24,59.24
83,603.00,32.35237884,119.85533176,32.32115544,119.82797812,32.35237638,119.85532961,0.7667,4324.62,0,1598,split_learned_disk,20,1,-1,2407.84,1081.08,1081.08
84,610.00,32.35237884,119.85533176,32.35425352,119.85697409,32.35249927,119.85543727,0.7667,259.65,0,1598,split_learned_disk,20,1,-1,2394.88,151.66,151.66
85,617.00,32.31094433,119.82015948,32.35275505,119.85566133,32.35275505,119.85566133,0.6500,5728.58,1,502,split_learned_disk,15,1,-1,4392.50,2273.44,2273.44
86,625.00,32.35128541,119.82768611,32.35304737,119.85591740,32.35135411,119.82878686,0.7433,2662.97,0,1496,split_learned_disk,19,1,1,124.96,124.96,124.96
87,632.00,32.33407512,119.83521963,32.35083372,119.81657440,32.35083372,119.81657440,0.5567,2560.62,1,1094,split_learned_disk,11,1,-1,2009.45,1562.81,1562.81
88,639.00,32.33407512,119.83521963,32.35031332,119.80436194,32.35031332,119.80436194,0.5567,3419.63,1,1094,split_learned_disk,11,1,-1,2109.55,1645.94,1645.94
89,647.00,32.35316205,119.87129915,32.34971859,119.79040484,32.34971859,119.79040484,0.5567,7619.44,1,1606,split_learned_disk,11,1,-1,4318.27,1712.88,1712.88
90,654.00,32.32532804,119.85015283,32.34919819,119.77819238,32.34919819,119.77819238,0.5567,7272.23,1,876,split_learned_disk,11,1,-1,3856.12,1708.50,1708.50
91,661.00,32.33669204,119.89843007,32.34867780,119.76597991,32.34867780,119.76597991,0.5567,12530.93,1,1214,split_learned_disk,11,1,-1,7293.27,1810.12,1810.12
92,668.00,32.33589320,119.83389343,32.34815741,119.75376745,32.34815741,119.75376745,0.5333,7660.16,1,1138,split_learned_disk,10,1,-1,2166.44,1737.40,1737.40
93,676.00,32.35067387,119.82691854,32.34756267,119.73981035,32.34756267,119.73981035,0.6967,8201.65,1,1495,split_learned_disk,17,1,-1,625.70,222.31,222.31
94,683.00,32.29091818,119.89968699,32.34704228,119.72759789,32.34704228,119.72759789,0.5567,17352.33,1,89,split_learned_disk,11,1,-1,10000.03,2144.00,2144.00
95,690.00,32.33342066,119.87043001,32.34652188,119.71538542,32.34652188,119.71538542,0.5800,14657.90,1,1110,split_learned_disk,12,1,-1,5128.17,1584.80,1584.80
96,736.00,32.33737868,119.85686110,32.34310215,119.63513210,32.33737868,119.85686110,0.5333,20867.95,1,1194,split_learned_disk,10,1,-1,3964.94,261.84,261.84
97,739.00,32.33575372,119.83265610,32.33737868,119.85686110,32.33737868,119.85686110,0.5567,2284.16,1,1137,split_learned_disk,11,1,2,2156.95,142.20,142.20
98,743.00,32.34957953,119.81868092,32.33737868,119.85686110,32.33737868,119.85686110,0.6267,3839.87,1,1491,split_learned_disk,14,1,-1,305.45,305.45,305.45
99,747.00,32.31713795,119.83220485,32.33737868,119.85686110,32.33737868,119.85686110,0.5333,3233.68,1,733,split_learned_disk,10,1,-1,3720.69,1425.99,1425.99
100,751.00,32.33589320,119.83389343,32.33737868,119.85686110,32.33737868,119.85686110,0.5333,2166.91,1,1138,split_learned_disk,10,1,-1,2020.31,1333.88,1333.88
101,755.00,32.33237505,119.83266879,32.33737868,119.85686110,32.33737868,119.85686110,0.4867,2342.96,1,1047,split_learned_disk,8,1,-1,2184.93,822.87,822.87
102,759.00,32.33740014,119.81122357,32.33737868,119.85686110,32.33737868,119.85686110,0.5333,4293.16,1,1173,split_learned_disk,10,1,-1,1765.01,734.11,734.11
103,762.00,32.34184587,119.85637865,32.33737868,119.85686110,32.33737868,119.85686110,0.5800,499.35,1,1329,split_learned_disk,12,1,-1,3091.61,655.24,655.24
104,766.00,32.33561916,119.80936413,32.33737868,119.85686110,32.33737868,119.85686110,0.5800,4472.37,1,1172,split_learned_disk,12,1,-1,1948.62,1234.85,1234.85
105,770.00,32.33237505,119.83266879,32.33737868,119.85686110,32.33737868,119.85686110,0.4867,2342.96,1,1047,split_learned_disk,8,1,-1,1873.09,630.18,630.18
106,774.00,32.33561916,119.80936413,32.33737868,119.85686110,32.33561916,119.80936413,0.5800,4472.37,1,1172,split_learned_disk,12,1,-1,1954.08,190.33,190.33
107,778.00,32.31224743,119.89731970,32.33561916,119.80936413,32.33561916,119.80936413,0.6267,8673.46,1,583,split_learned_disk,14,1,-1,7595.44,1209.65,1209.65
108,781.00,32.33589320,119.83389343,32.33561916,119.80936413,32.33561916,119.80936413,0.5333,2307.69,1,1138,split_learned_disk,10,1,-1,1307.41,1307.41,1307.41
109,785.00,32.34244669,119.88993853,32.33561916,119.80936413,32.33561916,119.80936413,0.5567,7617.71,1,1345,split_learned_disk,11,1,-1,5747.73,1035.04,1035.04
110,789.00,32.33589320,119.83389343,32.33561916,119.80936413,32.33561916,119.80936413,0.5333,2307.69,1,1138,split_learned_disk,10,1,-1,1172.54,982.55,982.55
111,793.00,32.32802006,119.83568939,32.33561916,119.80936413,32.33561916,119.80936413,0.6267,2616.93,1,959,split_learned_disk,14,1,-1,1908.49,890.10,890.10
112,796.00,32.33561916,119.80936413,32.33561916,119.80936413,32.33561916,119.80936413,0.5800,0.00,0,1172,split_learned_disk,12,1,-1,2203.72,1202.32,1202.32
113,800.00,32.29257041,119.84894089,32.33561916,119.80936413,32.33561916,119.80936413,0.6733,6068.43,1,65,split_learned_disk,16,1,-1,5926.37,646.98,646.98
114,804.00,32.29449578,119.86634875,32.33561916,119.80936413,32.33561916,119.80936413,0.6733,7049.30,1,119,split_learned_disk,16,1,-1,6371.66,1312.10,1312.10
115,808.00,32.30116729,119.88962113,32.33561916,119.80936413,32.33561916,119.80936413,0.6267,8468.10,1,310,split_learned_disk,14,1,-1,7077.47,1741.81,1741.81
116,812.00,32.32802006,119.83568939,32.33561916,119.80936413,32.33561916,119.80936413,0.6267,2616.93,1,959,split_learned_disk,14,1,-1,1568.72,837.37,837.37
117,815.00,32.33561916,119.80936413,32.33561916,119.80936413,32.33561916,119.80936413,0.5800,0.00,0,1172,split_learned_disk,12,1,-1,2482.53,747.72,747.72
118,819.00,32.33561916,119.80936413,32.33561916,119.80936413,32.33561916,119.80936413,0.5800,0.00,0,1172,split_learned_disk,12,1,-1,2564.17,731.39,731.39
119,823.00,32.30646059,119.88033662,32.33561916,119.80936413,32.33561916,119.80936413,0.5800,7423.67,1,440,split_learned_disk,12,1,-1,5504.95,1291.85,1291.85
120,827.00,32.32532804,119.85015283,32.33561916,119.80936413,32.33561916,119.80936413,0.5567,4004.39,1,876,split_learned_disk,11,1,-1,2098.58,507.65,507.65
121,830.00,32.32622344,119.82293304,32.33561916,119.80936413,32.33561916,119.80936413,0.5800,1650.23,1,908,split_learned_disk,12,1,5,2113.94,117.98,117.98
122,834.00,32.33378544,119.83370299,32.33561916,119.80936413,32.33561916,119.80936413,0.5567,2298.66,1,1093,split_learned_disk,11,1,6,868.26,22.96,22.96
123,838.00,32.29686103,119.86822777,32.33561916,119.80936413,32.33561916,119.80936413,0.5333,7019.80,1,164,split_learned_disk,10,1,6,5382.64,105.02,105.02
124,842.00,32.29425975,119.88007001,32.33561916,119.80936413,32.33561916,119.80936413,0.5567,8089.41,1,125,split_learned_disk,11,1,10,6083.93,100.04,100.04
125,845.00,32.29425975,119.88007001,32.33561916,119.80936413,32.33561916,119.80936413,0.5567,8089.41,1,125,split_learned_disk,11,1,7,6039.19,44.63,44.63
126,849.00,32.33966301,119.88087567,32.33561916,119.80936413,32.33561916,119.80936413,0.5567,6742.19,1,1296,split_learned_disk,11,1,-1,3735.02,1806.70,1806.70
127,853.00,32.29445287,119.86555578,32.33561916,119.80936413,32.33561916,119.80936413,0.5567,6995.87,1,118,split_learned_disk,11,1,-1,5145.20,1397.44,1397.44
128,857.00,32.31031133,119.81197264,32.33561916,119.80936413,32.31038314,119.81196524,0.8133,2827.93,0,498,split_learned_disk,22,1,-1,4204.19,3854.52,3854.52
129,861.00,32.29257041,119.84894089,32.30694473,119.81231964,32.30694473,119.81231964,0.6733,3798.48,1,65,split_learned_disk,16,1,-1,4815.90,3389.75,3389.75
130,865.00,32.32318809,119.85844812,32.30350633,119.81267405,32.30350633,119.81267405,0.4867,4831.36,1,834,split_learned_disk,8,1,-1,1701.87,1374.14,1374.14
131,868.00,32.32212103,119.84421213,32.30092752,119.81293985,32.30092752,119.81293985,0.5333,3770.99,1,784,split_learned_disk,10,1,-1,1500.45,1500.45,1500.45
132,872.00,32.33254090,119.84817912,32.29748911,119.81329425,32.29748911,119.81329425,0.5333,5098.48,1,1100,split_learned_disk,10,1,1,60.36,60.36,60.36
133,876.00,32.34211991,119.86627946,32.29405071,119.81364865,32.29405071,119.81364865,0.5567,7290.16,1,1288,split_learned_disk,11,1,-1,1748.03,1748.03,1748.03
134,880.00,32.34211991,119.86627946,32.29061230,119.81400306,32.29061230,119.81400306,0.5567,7553.83,1,1288,split_learned_disk,11,1,-1,1698.88,722.97,722.97
135,884.00,32.33669204,119.89843007,32.28717390,119.81435746,32.28717390,119.81435746,0.5567,9640.27,1,1214,split_learned_disk,11,1,-1,4684.41,667.48,667.48
136,887.00,32.32532804,119.85015283,32.28459509,119.81462326,32.28459509,119.81462326,0.5567,5633.08,1,876,split_learned_disk,11,1,-1,810.65,411.63,411.63
137,891.00,32.33378544,119.83370299,32.28115668,119.81497766,32.28115668,119.81497766,0.5567,6117.72,1,1093,split_learned_disk,11,1,-1,1751.71,378.63,378.63
138,895.00,32.34900018,119.82283147,32.27771828,119.81533207,32.34900018,119.82283147,0.5800,7966.40,1,1493,split_learned_disk,12,1,-1,3523.77,2030.80,2030.80
139,899.00,32.33378544,119.83370299,32.34900018,119.82283147,32.34900018,119.82283147,0.5567,1978.52,1,1093,split_learned_disk,11,1,-1,1957.48,397.00,397.00
140,902.00,32.35284018,119.81472662,32.34900018,119.82283147,32.34900018,119.82283147,0.6733,874.09,1,1580,split_learned_disk,16,1,-1,4392.49,367.34,367.34
141,906.00,32.33342066,119.87043001,32.34900018,119.82283147,32.34900018,119.82283147,0.5800,4801.77,1,1110,split_learned_disk,12,1,6,1464.27,81.48,81.48
142,910.00,32.29029099,119.86120209,32.34900018,119.82283147,32.34900018,119.82283147,0.5800,7466.04,1,26,split_learned_disk,12,1,4,4292.54,110.24,110.24
143,914.00,32.33601612,119.84061440,32.34900018,119.82283147,32.34900018,119.82283147,0.5567,2210.79,1,1186,split_learned_disk,11,1,-1,1891.97,1608.18,1608.18
144,917.00,32.33737868,119.85686110,32.34900018,119.82283147,32.34900018,119.82283147,0.5333,3452.73,1,1194,split_learned_disk,10,1,-1,1062.49,173.06,173.06
145,921.00,32.32786986,119.87888346,32.34900018,119.82283147,32.34900018,119.82283147,0.5333,5773.73,1,979,split_learned_disk,10,1,3,1904.61,131.26,131.26
146,925.00,32.33879980,119.89734509,32.34900018,119.82283147,32.34900018,119.82283147,0.5333,7100.93,1,1258,split_learned_disk,10,1,-1,3858.28,471.98,471.98
147,929.00,32.32263020,119.84631968,32.34900018,119.82283147,32.34900018,119.82283147,0.5567,3674.14,1,829,split_learned_disk,11,1,-1,1337.40,463.48,463.48
148,933.00,32.32212103,119.84421213,32.34900018,119.82283147,32.32212103,119.84421213,0.5333,3605.34,1,784,split_learned_disk,10,1,-1,1471.58,985.26,985.26
149,936.00,32.33899873,119.89922412,32.32212103,119.84421213,32.32212103,119.84421213,0.6500,5505.53,1,1213,split_learned_disk,15,1,-1,3587.55,1542.96,1542.96
150,940.00,32.31457467,119.85549681,32.32212103,119.84421213,32.32212103,119.84421213,0.5567,1353.74,1,653,split_learned_disk,11,1,-1,1204.05,1204.05,1204.05
151,944.00,32.33601612,119.84061440,32.32212103,119.84421213,32.32212103,119.84421213,0.5567,1583.39,1,1186,split_learned_disk,11,1,-1,2613.96,782.01,782.01
152,948.00,32.35034128,119.89989012,32.32212103,119.84421213,32.32212103,119.84421213,0.5800,6107.54,1,1529,split_learned_disk,12,1,-1,4430.28,672.98,672.98
153,952.00,32.30708778,119.80912291,32.32212103,119.84421213,32.30709128,119.80913108,0.7433,3700.86,0,452,split_learned_disk,19,1,-1,5405.40,585.96,585.96
154,955.00,32.32786986,119.87888346,32.30644105,119.80761339,32.30644105,119.80761339,0.5333,7116.16,1,979,split_learned_disk,10,1,-1,1313.34,171.13,171.13
155,959.00,32.29341217,119.89784024,32.30557409,119.80558980,32.30557409,119.80558980,0.5800,8783.04,1,133,split_learned_disk,12,1,3,4283.88,119.21,119.21
156,963.00,32.29400226,119.87739801,32.30470712,119.80356620,32.30470712,119.80356620,0.6033,7046.90,1,124,split_learned_disk,13,1,7,3228.99,75.34,75.34
157,967.00,32.29731655,119.87878189,32.30384016,119.80154261,32.30384016,119.80154261,0.6500,7302.16,1,214,split_learned_disk,15,1,-1,2768.24,207.53,207.53
158,971.00,32.34317625,119.88872659,32.30297319,119.79951902,32.30297319,119.79951902,0.6033,9510.62,1,1344,split_learned_disk,13,1,-1,3096.31,1228.23,1228.23
159,974.00,32.30480836,119.85753981,32.30232297,119.79800133,32.30232297,119.79800133,0.5800,5607.66,1,430,split_learned_disk,12,1,-1,1796.70,1205.98,1205.98
160,978.00,32.29400226,119.87739801,32.30145600,119.79597773,32.30145600,119.79597773,0.6033,7704.08,1,124,split_learned_disk,13,1,5,2922.08,33.05,33.05
161,982.00,32.35391306,119.81441610,32.30058904,119.79395414,32.30058904,119.79395414,0.5567,6240.32,1,1579,split_learned_disk,11,1,4,6561.02,127.35,127.35
162,986.00,32.35023399,119.87721446,32.29972207,119.79193055,32.29972207,119.79193055,0.5100,9797.04,1,1518,split_learned_disk,9,1,6,3525.30,96.99,96.99
163,989.00,32.30480836,119.85753981,32.29907185,119.79041286,32.30480836,119.85753981,0.5800,6346.89,1,430,split_learned_disk,12,1,-1,1803.71,818.28,818.28
164,993.00,32.31185046,119.86758027,32.30480836,119.85753981,32.30480836,119.85753981,0.5333,1227.46,1,569,split_learned_disk,10,1,-1,840.36,840.36,840.36
165,997.00,32.34628669,119.87832483,32.30480836,119.85753981,32.30480836,119.85753981,0.6500,5014.29,1,1429,split_learned_disk,15,1,6,3295.17,128.78,128.78
166,1001.00,32.34628669,119.87832483,32.30480836,119.85753981,32.30480836,119.85753981,0.6500,5014.29,1,1429,split_learned_disk,15,1,-1,3340.62,513.90,513.90
167,1004.00,32.34628669,119.87832483,32.30480836,119.85753981,32.30480836,119.85753981,0.6500,5014.29,1,1429,split_learned_disk,15,1,-1,3388.99,843.44,843.44
168,1008.00,32.33669204,119.89843007,32.30480836,119.85753981,32.30480836,119.85753981,0.5567,5233.89,1,1214,split_learned_disk,11,1,-1,3235.43,452.54,452.54
169,1012.00,32.31587286,119.85579463,32.30480836,119.85753981,32.30480836,119.85753981,0.5100,1242.59,1,654,split_learned_disk,9,1,-1,1982.98,345.63,345.63
170,1016.00,32.31484289,119.88955184,32.30480836,119.85753981,32.30480836,119.85753981,0.6033,3211.90,1,669,split_learned_disk,13,1,4,1032.39,44.00,44.00
171,1020.00,32.32158459,119.86836054,32.30480836,119.85753981,32.30480836,119.85753981,0.5333,2126.93,1,795,split_learned_disk,10,1,5,1196.16,76.05,76.05
172,1023.00,32.34317625,119.88872659,32.30480836,119.85753981,32.30480836,119.85753981,0.6033,5181.64,1,1344,split_learned_disk,13,1,-1,3386.86,1370.71,1370.71
173,1027.00,32.32677061,119.85414521,32.30480836,119.85753981,32.32677061,119.85414521,0.5333,2465.60,1,922,split_learned_disk,10,1,-1,3075.12,1956.50,1956.50
174,1031.00,32.33770546,119.87381879,32.32677061,119.85414521,32.32677061,119.85414521,0.5800,2215.14,1,1247,split_learned_disk,12,1,-1,3088.56,156.57,156.57
175,1035.00,32.34413602,119.88572450,32.32677061,119.85414521,32.32677061,119.85414521,0.6500,3544.28,1,1388,split_learned_disk,15,1,-1,3676.99,851.26,851.26
176,1039.00,32.34768635,119.83998541,32.32677061,119.85414521,32.32677061,119.85414521,0.5333,2682.43,1,1457,split_learned_disk,10,1,-1,5637.01,3757.33,3757.33
177,1042.00,32.32073701,119.89902679,32.32677061,119.85414521,32.32677061,119.85414521,0.5800,4275.14,1,809,split_learned_disk,12,1,-1,1868.99,256.85,256.85
178,1046.00,32.29747748,119.89096692,32.32677061,119.85414521,32.32677061,119.85414521,0.5333,4757.29,1,220,split_learned_disk,10,1,-1,1482.14,917.38,917.38
179,1050.00,32.33342066,119.87043001,32.32677061,119.85414521,32.32677061,119.85414521,0.5800,1701.41,1,1110,split_learned_disk,12,1,-1,3090.75,738.32,738.32
180,1054.00,32.31303554,119.85100347,32.32677061,119.85414521,32.32677061,119.85414521,0.5333,1557.29,1,606,split_learned_disk,10,1,-1,3376.15,669.97,669.97
181,1058.00,32.32117690,119.86169036,32.32677061,119.85414521,32.32677061,119.85414521,0.5100,944.21,1,792,split_learned_disk,9,1,-1,2633.75,609.19,609.19
182,1061.00,32.32423370,119.89420335,32.32677061,119.85414521,32.32677061,119.85414521,0.6267,3778.87,1,897,split_learned_disk,14,1,-1,1982.00,546.07,546.07
183,1065.00,32.34638325,119.85439225,32.32677061,119.85414521,32.34638325,119.85439225,0.6733,2183.40,1,1418,split_learned_disk,16,1,-1,5383.17,499.17,499.17
184,1069.00,32.34133671,119.88971689,32.34638325,119.85439225,32.34638325,119.85439225,0.5100,3370.17,1,1299,split_learned_disk,9,1,-1,3774.92,251.52,251.52
185,1073.00,32.32115544,119.82797812,32.34638325,119.85439225,32.34638325,119.85439225,0.5333,3749.81,1,776,split_learned_disk,10,1,-1,5936.90,4327.29,4327.29
186,1077.00,32.31713795,119.83220485,32.34638325,119.85439225,32.34638325,119.85439225,0.5333,3867.19,1,733,split_learned_disk,10,1,-1,5606.34,4078.88,4078.88
187,1080.00,32.33318462,119.80506123,32.34638325,119.85439225,32.34638325,119.85439225,0.6267,4867.65,1,1080,split_learned_disk,14,1,-1,8688.85,2966.39,2966.39
188,1084.00,32.33318462,119.80506123,32.34638325,119.85439225,32.34638325,119.85439225,0.6267,4867.65,1,1080,split_learned_disk,14,1,-1,8796.72,3032.47,3032.47
189,1088.00,32.35034128,119.89989012,32.34638325,119.85439225,32.34638325,119.85439225,0.5800,4302.64,1,1529,split_learned_disk,12,1,-1,5088.87,3264.80,3264.80
190,1092.00,32.33561916,119.80936413,32.34638325,119.85439225,32.34638325,119.85439225,0.5800,4402.05,1,1172,split_learned_disk,12,1,-1,8718.09,691.14,691.14
191,1096.00,32.34628669,119.87832483,32.34638325,119.85439225,32.34638325,119.85439225,0.6500,2251.38,1,1429,split_learned_disk,15,1,-1,5039.14,615.11,615.11
192,1140.00,32.33737868,119.85686110,32.34638325,119.85439225,32.34638325,119.85439225,0.5333,1028.94,1,1194,split_learned_disk,10,1,-1,5294.58,1124.51,1124.51
193,1147.00,32.31713795,119.83220485,32.34638325,119.85439225,32.31713795,119.83220485,0.5333,3867.19,1,733,split_learned_disk,10,1,-1,5914.97,1544.20,1544.20
194,1154.00,32.34184587,119.85637865,32.31713795,119.83220485,32.31713795,119.83220485,0.5800,3568.82,1,1329,split_learned_disk,12,1,10,5548.98,120.67,120.67
195,1162.00,32.31713795,119.83220485,32.31713795,119.83220485,32.31713795,119.83220485,0.5333,0.00,0,733,split_learned_disk,10,1,-1,5697.43,2439.57,2439.57
196,1169.00,32.31713795,119.83220485,32.31713795,119.83220485,32.31713795,119.83220485,0.5333,0.00,0,733,split_learned_disk,10,1,-1,5680.01,881.13,881.13
197,1177.00,32.34184587,119.85637865,32.31713795,119.83220485,32.31713795,119.83220485,0.5800,3568.82,1,1329,split_learned_disk,12,1,-1,5303.14,1486.26,1486.26
198,1184.00,32.32677061,119.85414521,32.31713795,119.83220485,32.31713795,119.83220485,0.5333,2325.88,1,922,split_learned_disk,10,1,-1,4190.94,1789.41,1789.41
199,1191.00,32.33342066,119.87043001,32.31713795,119.83220485,32.31713795,119.83220485,0.5800,4026.88,1,1110,split_learned_disk,12,1,-1,3610.27,3525.23,3525.23
200,1198.00,32.33575372,119.83265610,32.31713795,119.83220485,32.31713795,119.83220485,0.5567,2072.74,1,1137,split_learned_disk,11,1,-1,6191.07,4252.51,4252.51
201,1206.00,32.32115544,119.82797812,32.31713795,119.83220485,32.31713795,119.83220485,0.5333,598.42,1,776,split_learned_disk,10,1,-1,5675.74,4219.79,4219.79
202,1213.00,32.31713795,119.83220485,32.31713795,119.83220485,32.31713795,119.83220485,0.5333,0.00,0,733,split_learned_disk,10,1,-1,5129.43,1400.28,1400.28
203,1221.00,32.33342066,119.87043001,32.31713795,119.83220485,32.31713795,119.83220485,0.5800,4026.88,1,1110,split_learned_disk,12,1,-1,3273.09,2477.20,2477.20
204,1228.00,32.33342066,119.87043001,32.31713795,119.83220485,32.31713795,119.83220485,0.5800,4026.88,1,1110,split_learned_disk,12,1,-1,3182.32,2722.65,2722.65
205,1236.00,32.34628669,119.87832483,32.31713795,119.83220485,32.31713795,119.83220485,0.6500,5417.74,1,1429,split_learned_disk,15,1,2,4252.57,58.09,58.09
206,1243.00,32.30389150,119.87734723,32.31713795,119.83220485,32.31713795,119.83220485,0.5333,4495.32,1,394,split_learned_disk,10,1,-1,620.76,451.36,451.36
207,1250.00,32.34628669,119.87832483,32.31713795,119.83220485,32.31713795,119.83220485,0.6500,5417.74,1,1429,split_learned_disk,15,1,-1,4132.72,365.94,365.94
208,1257.00,32.30971052,119.87603372,32.31713795,119.83220485,32.31713795,119.83220485,0.6267,4205.10,1,528,split_learned_disk,14,1,-1,465.16,301.99,301.99
209,1265.00,32.29855527,119.88121847,32.31713795,119.83220485,32.31713795,119.83220485,0.5333,5053.53,1,261,split_learned_disk,10,1,-1,1227.20,265.36,265.36
210,1272.00,32.29341217,119.89784024,32.31713795,119.83220485,32.31713795,119.83220485,0.5800,6715.55,1,133,split_learned_disk,12,1,9,2537.86,95.98,95.98
211,1280.00,32.32392256,119.87001104,32.31713795,119.83220485,32.31713795,119.83220485,0.5567,3635.77,1,885,split_learned_disk,11,1,-1,1721.98,488.35,488.35
212,1287.00,32.31747636,119.88208180,32.31713795,119.83220485,32.31747636,119.88208180,0.5800,4692.11,1,711,split_learned_disk,12,1,7,746.07,25.94,25.94
213,1295.00,32.31484289,119.88955184,32.31747636,119.88208180,32.31747636,119.88208180,0.6033,761.41,1,669,split_learned_disk,13,1,-1,1170.94,628.06,628.06
214,1302.00,32.34211991,119.86627946,32.31747636,119.88208180,32.31747636,119.88208180,0.5567,3120.19,1,1288,split_learned_disk,11,1,-1,3260.04,680.36,680.36
215,1310.00,32.33669204,119.89843007,32.31747636,119.88208180,32.31747636,119.88208180,0.5567,2634.54,1,1214,split_learned_disk,11,1,-1,3510.07,713.96,713.96
216,1317.00,32.34294021,119.87715679,32.31747636,119.88208180,32.31747636,119.88208180,0.6033,2872.25,1,1339,split_learned_disk,13,1,-1,3208.36,812.32,812.32
217,1325.00,32.32622344,119.88458874,32.31747636,119.88208180,32.31747636,119.88208180,0.5333,1001.88,1,937,split_learned_disk,10,1,6,1659.51,127.38,127.38
218,1332.00,32.35137615,119.86545421,32.31747636,119.88208180,32.31747636,119.88208180,0.5333,4085.05,1,1558,split_learned_disk,10,1,5,4133.07,115.17,115.17
219,1340.00,32.30971052,119.87603372,32.31747636,119.88208180,32.31747636,119.88208180,0.6267,1034.92,1,528,split_learned_disk,14,1,-1,699.07,184.93,184.93
220,1348.00,32.30971052,119.87603372,32.31747636,119.88208180,32.31747636,119.88208180,0.6267,1034.92,1,528,split_learned_disk,14,1,-1,798.71,380.33,380.33
221,1355.00,32.34418966,119.87821057,32.31747636,119.88208180,32.31747636,119.88208180,0.4867,2995.94,1,1384,split_learned_disk,8,1,7,3177.91,130.72,130.72
222,1363.00,32.32634146,119.87393306,32.31747636,119.88208180,32.32634146,119.87393306,0.5100,1249.60,1,932,split_learned_disk,9,1,-1,1102.66,164.45,164.45
223,1370.00,32.34925276,119.88971689,32.32634146,119.87393306,32.32634146,119.87393306,0.4867,2951.20,1,1479,split_learned_disk,8,1,-1,3863.04,227.69,227.69
224,1377.00,32.30971052,119.87603372,32.32634146,119.87393306,32.32634146,119.87393306,0.6267,1861.87,1,528,split_learned_disk,14,1,-1,1158.13,317.07,317.07
225,1385.00,32.32392256,119.87001104,32.32634146,119.87393306,32.32634146,119.87393306,0.5567,456.76,1,885,split_learned_disk,11,1,3,717.59,89.48,89.48
226,1392.00,32.30971052,119.87603372,32.32634146,119.87393306,32.32634146,119.87393306,0.6267,1861.87,1,528,split_learned_disk,14,1,3,1303.86,56.68,56.68
227,1400.00,32.32263020,119.86970633,32.32634146,119.87393306,32.32634146,119.87393306,0.6033,573.39,1,840,split_learned_disk,13,1,-1,492.93,157.08,157.08
228,1408.00,32.31457467,119.85549681,32.32634146,119.87393306,32.32634146,119.87393306,0.5567,2173.39,1,653,split_learned_disk,11,1,3,1083.34,102.16,102.16
229,1416.00,32.32909294,119.85783870,32.32634146,119.87393306,32.32634146,119.87393306,0.5333,1544.68,1,969,split_learned_disk,10,1,-1,1068.00,579.25,579.25
230,1423.00,32.31457467,119.85549681,32.32634146,119.87393306,32.32634146,119.87393306,0.5567,2173.39,1,653,split_learned_disk,11,1,2,986.98,36.00,36.00
231,1431.00,32.32909294,119.85783870,32.32634146,119.87393306,32.32634146,119.87393306,0.5333,1544.68,1,969,split_learned_disk,10,1,-1,913.61,515.61,515.61
232,1438.00,32.32909294,119.85783870,32.32634146,119.87393306,32.32909294,119.85783870,0.5333,1544.68,1,969,split_learned_disk,10,1,-1,812.40,281.32,281.32
233,1446.00,32.29775643,119.86862135,32.32909294,119.85783870,32.32909294,119.85783870,0.5567,3632.86,1,209,split_learned_disk,11,1,-1,2864.33,181.02,181.02
234,1453.00,32.32083357,119.82080698,32.32909294,119.85783870,32.32909294,119.85783870,0.5333,3602.89,1,772,split_learned_disk,10,1,-1,3695.54,186.02,186.02
235,1461.00,32.33714756,119.82503370,32.32909294,119.85783870,32.32909294,119.85783870,0.5333,3213.61,1,1224,split_learned_disk,10,1,-1,3613.49,2615.12,2615.12
236,1468.00,32.31713795,119.83220485,32.32909294,119.85783870,32.32909294,119.85783870,0.5333,2754.26,1,733,split_learned_disk,10,1,-1,2460.91,824.22,824.22
237,1476.00,32.32073701,119.89902679,32.32909294,119.85783870,32.32909294,119.85783870,0.5800,3984.69,1,809,split_learned_disk,12,1,-1,3924.89,644.34,644.34
238,1484.00,32.33693880,119.85608083,32.32909294,119.85783870,32.32909294,119.85783870,0.6033,888.92,1,1193,split_learned_disk,13,1,-1,1329.78,420.44,420.44
239,1492.00,32.33737868,119.85686110,32.32909294,119.85783870,32.32909294,119.85783870,0.5333,926.94,1,1194,split_learned_disk,10,1,-1,1261.44,1261.44,1261.44
240,1500.00,32.35034128,119.89989012,32.32909294,119.85783870,32.32909294,119.85783870,0.5800,4609.05,1,1529,split_learned_disk,12,1,-1,4926.94,296.56,296.56
241,1507.00,32.32726905,119.84791251,32.32909294,119.85783870,32.32909294,119.85783870,0.4867,955.58,1,965,split_learned_disk,8,1,-1,631.35,631.35,631.35
242,1515.00,32.33262673,119.85702615,32.32909294,119.85783870,32.33262673,119.85702615,0.5100,400.74,1,1104,split_learned_disk,9,1,3,734.59,146.39,146.39
243,1522.00,32.34239304,119.88458874,32.33262673,119.85702615,32.33262673,119.85702615,0.5100,2811.54,1,1342,split_learned_disk,9,1,-1,3386.63,229.73,229.73
244,1530.00,32.31713795,119.83220485,32.33262673,119.85702615,32.33262673,119.85702615,0.5333,2902.57,1,733,split_learned_disk,10,1,3,2017.74,137.92,137.92
245,1538.00,32.33669204,119.89843007,32.33262673,119.85702615,32.33262673,119.85702615,0.5567,3921.10,1,1214,split_learned_disk,11,1,2,4650.26,95.71,95.71
246,1545.00,32.32083357,119.85694998,32.33262673,119.85702615,32.33262673,119.85702615,0.5567,1312.83,1,789,split_learned_disk,11,1,4,1105.74,61.43,61.43
247,1553.00,32.32592303,119.85040675,32.33262673,119.85702615,32.33262673,119.85702615,0.5333,971.93,1,921,split_learned_disk,10,1,-1,412.79,412.79,412.79
248,1560.00,32.31713795,119.83220485,32.33262673,119.85702615,32.33262673,119.85702615,0.5333,2902.57,1,733,split_learned_disk,10,1,6,1925.82,83.28,83.28
249,1568.00,32.29536973,119.86497176,32.33262673,119.85702615,32.33262673,119.85702615,0.5100,4214.26,1,163,split_learned_disk,9,1,6,4250.53,127.68,127.68
250,1576.00,32.29775643,119.86862135,32.33262673,119.85702615,32.33262673,119.85702615,0.5567,4032.10,1,209,split_learned_disk,11,1,-1,4243.61,1292.62,1292.62
251,1583.00,32.29425975,119.88007001,32.33262673,119.85702615,32.33262673,119.85702615,0.5567,4789.64,1,125,split_learned_disk,11,1,-1,5276.17,936.99,936.99
252,1591.00,32.30736182,119.85462767,32.33262673,119.85702615,32.30736182,119.85462767,0.5800,2821.53,1,427,split_learned_disk,12,1,-1,2966.39,1144.45,1144.45
253,1599.00,32.32456047,119.84163590,32.30736182,119.85462767,32.30736182,119.85462767,0.6033,2271.38,1,917,split_learned_disk,13,1,-1,803.22,559.53,559.53
254,1606.00,32.35351610,119.87678860,32.30736182,119.85462767,32.30736182,119.85462767,0.5100,5544.72,1,1609,split_learned_disk,9,1,-1,3892.67,1790.07,1790.07
255,1614.00,32.33611850,119.83832329,32.30736182,119.85462767,32.30736182,119.85462767,0.6733,3549.66,1,1140,split_learned_disk,16,1,-1,505.87,505.87,505.87
256,1621.00,32.34069298,119.86963015,32.30736182,119.85462767,32.30736182,119.85462767,0.5333,3969.76,1,1290,split_learned_disk,10,1,6,2599.45,110.69,110.69
257,1628.00,32.34211991,119.86627946,32.30736182,119.85462767,32.30736182,119.85462767,0.5567,4021.53,1,1288,split_learned_disk,11,1,-1,2289.62,2289.62,2289.62
258,1636.00,32.34211991,119.86627946,32.30736182,119.85462767,32.30736182,119.85462767,0.5567,4021.53,1,1288,split_learned_disk,11,1,-1,2366.71,185.70,185.70
259,1643.00,32.34211991,119.86627946,32.30736182,119.85462767,32.30736182,119.85462767,0.5567,4021.53,1,1288,split_learned_disk,11,1,-1,2444.00,214.06,214.06
260,1651.00,32.34211991,119.86627946,32.30736182,119.85462767,32.30736182,119.85462767,0.5567,4021.53,1,1288,split_learned_disk,11,1,-1,2526.09,1945.48,1945.48
261,1658.00,32.34254906,119.82780726,32.30736182,119.85462767,32.30736182,119.85462767,0.5100,4659.28,1,1270,split_learned_disk,9,1,-1,1173.98,489.06,489.06
262,1666.00,32.33378544,119.83370299,32.30736182,119.85462767,32.33378544,119.83370299,0.5567,3539.34,1,1093,split_learned_disk,11,1,-1,634.24,634.24,634.24
263,1674.00,32.29713416,119.90018213,32.33378544,119.83370299,32.29713434,119.90018180,0.7433,7466.99,0,224,split_learned_disk,19,1,-1,7421.99,1512.85,1512.85
264,1682.00,32.32592303,119.85040675,32.29620994,119.90185852,32.29620994,119.90185852,0.5333,5862.36,1,921,split_learned_disk,10,1,-1,1959.36,1299.10,1299.10
265,1689.00,32.33378544,119.83370299,32.29540108,119.90332565,32.29540108,119.90332565,0.5567,7820.07,1,1093,split_learned_disk,11,1,-1,669.47,669.47,669.47
266,1697.00,32.33378544,119.83370299,32.29447667,119.90500237,32.29447667,119.90500237,0.5567,8008.40,1,1093,split_learned_disk,11,1,-1,724.07,611.39,611.39
267,1704.00,32.33475594,119.86704703,32.29366781,119.90646950,32.29366781,119.90646950,0.5333,5888.45,1,1154,split_learned_disk,10,1,-1,3209.41,568.49,568.49
268,1711.00,32.34660856,119.82193004,32.29285896,119.90793663,32.29285896,119.90793663,0.6733,10062.84,1,1403,split_learned_disk,16,1,-1,1109.12,624.91,624.91
269,1718.00,32.33763617,119.86513681,32.29205010,119.90940376,32.29205010,119.90940376,0.5333,6564.51,1,1198,split_learned_disk,10,1,-1,3184.90,511.07,511.07
270,1726.00,32.33763617,119.86513681,32.29112569,119.91108047,32.29112569,119.91108047,0.5333,6744.35,1,1198,split_learned_disk,10,1,-1,3286.66,780.69,780.69
271,1734.00,32.33407512,119.83521963,32.29020128,119.91275719,32.29020128,119.91275719,0.5567,8778.18,1,1094,split_learned_disk,11,1,-1,1093.69,647.36,647.36
272,1742.00,32.33407512,119.83521963,32.28927688,119.91443391,32.28927688,119.91443391,0.5567,8966.50,1,1094,split_learned_disk,11,1,-1,1184.27,737.07,737.07
273,1749.00,32.33669204,119.89843007,32.28846802,119.91590104,32.33669204,119.89843007,0.5567,5614.24,1,1214,split_learned_disk,11,1,-1,6668.61,1018.15,1018.15
274,1757.00,32.32802006,119.83568939,32.33669204,119.89843007,32.33669204,119.89843007,0.6267,5980.49,1,959,split_learned_disk,14,1,-1,1920.33,1381.02,1381.02
275,1765.00,32.33378544,119.83370299,32.33669204,119.89843007,32.33669204,119.89843007,0.5567,6097.52,1,1093,split_learned_disk,11,1,-1,1380.33,1380.33,1380.33
276,1772.00,32.33378544,119.83370299,32.33669204,119.89843007,32.33669204,119.89843007,0.5567,6097.52,1,1093,split_learned_disk,11,1,-1,1430.33,1056.52,1056.52
277,1780.00,32.33378544,119.83370299,32.33669204,119.89843007,32.33669204,119.89843007,0.5567,6097.52,1,1093,split_learned_disk,11,1,-1,1522.36,949.70,949.70
278,1787.00,32.33407512,119.83521963,32.33669204,119.89843007,32.33669204,119.89843007,0.5567,5953.39,1,1094,split_learned_disk,11,1,-1,1724.94,994.64,994.64
279,1795.00,32.33407512,119.83521963,32.33669204,119.89843007,32.33669204,119.89843007,0.5567,5953.39,1,1094,split_learned_disk,11,1,-1,1825.54,503.63,503.63
280,1803.00,32.33773273,119.83216676,32.33669204,119.89843007,32.33669204,119.89843007,0.4867,6234.52,1,1183,split_learned_disk,8,1,-1,1500.26,1098.28,1098.28
281,1810.00,32.34488704,119.89037020,32.33669204,119.89843007,32.33669204,119.89843007,0.6267,1186.21,1,1390,split_learned_disk,14,1,-1,6404.96,1591.47,1591.47
282,1818.00,32.34133671,119.88971689,32.33669204,119.89843007,32.33669204,119.89843007,0.5100,969.11,1,1299,split_learned_disk,9,1,-1,6343.01,1933.76,1933.76
283,1825.00,32.33212829,119.81864283,32.33669204,119.89843007,32.33212829,119.81864283,0.5100,7522.82,1,1041,split_learned_disk,9,1,-1,1903.50,1733.54,1733.54
284,1832.00,32.31224743,119.89731970,32.33212829,119.81864283,32.33212829,119.81864283,0.6267,7725.00,1,583,split_learned_disk,14,1,-1,8380.08,1794.76,1794.76
285,1840.00,32.33611850,119.83832329,32.33212829,119.81864283,32.33212829,119.81864283,0.6733,1903.90,1,1140,split_learned_disk,16,1,-1,2394.98,1830.09,1830.09
286,1847.00,32.35237884,119.85533176,32.33212829,119.81864283,32.35237817,119.85533055,0.7667,4122.34,0,1598,split_learned_disk,20,1,-1,3386.19,1273.76,1273.76
287,1855.00,32.33378544,119.83370299,32.35346736,119.85730388,32.35346736,119.85730388,0.5567,3119.22,1,1093,split_learned_disk,11,1,-1,2418.27,155.39,155.39
288,1901.00,32.32115544,119.82797812,32.35973016,119.86865050,32.35973016,119.86865050,0.5333,5751.39,1,776,split_learned_disk,10,1,-1,3386.62,926.03,926.03
289,1905.00,32.32532804,119.85015283,32.36027475,119.86963717,32.36027475,119.86963717,0.5567,4300.43,1,876,split_learned_disk,11,1,-1,4149.10,943.09,943.09
290,1908.00,32.33062626,119.82469779,32.36068319,119.87037716,32.36068319,119.87037716,0.5100,5446.13,1,1043,split_learned_disk,9,1,-1,1893.06,972.22,972.22
291,1912.00,32.30754912,119.87630615,32.36122778,119.87136383,32.36122778,119.87136383,0.5100,5993.57,1,484,split_learned_disk,9,1,-1,7159.80,936.80,936.80
292,1916.00,32.31713795,119.83220485,32.36177237,119.87235049,32.36177237,119.87235049,0.5333,6241.01,1,733,split_learned_disk,10,1,-1,3400.98,812.36,812.36
293,1920.00,32.35128541,119.82768611,32.36231696,119.87333715,32.35129114,119.82770983,0.7433,4466.56,0,1496,split_learned_disk,19,1,-1,940.61,548.10,548.10
294,1924.00,32.32532804,119.85015283,32.35117990,119.82598248,32.35117990,119.82598248,0.5567,3667.66,1,876,split_learned_disk,11,1,-1,3675.05,1094.47,1094.47
295,1927.00,32.33700317,119.83143727,32.35109646,119.82468697,32.35109646,119.82468697,0.5333,1692.50,1,1182,split_learned_disk,10,1,-1,1297.23,1297.23,1297.23
296,1931.00,32.33520655,119.83568939,32.35098521,119.82295961,32.35098521,119.82295961,0.5567,2125.85,1,1139,split_learned_disk,11,1,-1,1687.28,1321.91,1321.91
297,1935.00,32.34244669,119.88993853,32.35087396,119.82123226,32.35087396,119.82123226,0.5567,6530.98,1,1345,split_learned_disk,11,1,-1,6397.60,1226.81,1226.81
298,1939.00,32.33589320,119.83389343,32.35076271,119.81950491,32.35076271,119.81950491,0.5333,2138.22,1,1138,split_learned_disk,10,1,-1,1321.32,1172.00,1172.00
299,1943.00,32.33340993,119.80805062,32.35065147,119.81777756,32.35065147,119.81777756,0.5800,2126.28,1,1081,split_learned_disk,12,1,-1,1943.96,1112.11,1112.11
300,1947.00,32.33763617,119.86513681,32.35054022,119.81605021,32.35054022,119.81605021,0.5333,4835.89,1,1198,split_learned_disk,10,1,-1,3769.09,1173.74,1173.74
301,1951.00,32.33378544,119.83370299,32.35042897,119.81432285,32.35042897,119.81432285,0.5567,2599.31,1,1093,split_learned_disk,11,1,-1,1227.91,1227.91,1227.91
302,1954.00,32.32532804,119.85015283,32.35034553,119.81302734,32.35034553,119.81302734,0.5567,4466.87,1,876,split_learned_disk,11,1,-1,2942.32,1241.17,1241.17
303,1958.00,32.34244669,119.88993853,32.35023428,119.81129999,32.34244669,119.88993853,0.5567,7448.21,1,1345,split_learned_disk,11,1,-1,5924.60,709.00,709.00
304,1962.00,32.33342066,119.87043001,32.34244669,119.88993853,32.34244669,119.88993853,0.5800,2092.24,1,1110,split_learned_disk,12,1,-1,3916.65,1299.91,1299.91
305,1966.00,32.33378544,119.83370299,32.34244669,119.88993853,32.34244669,119.88993853,0.5567,5377.27,1,1093,split_learned_disk,11,1,-1,837.05,837.05,837.05
306,1970.00,32.33669204,119.89843007,32.34244669,119.88993853,32.34244669,119.88993853,0.5567,1023.95,1,1214,split_learned_disk,11,1,-1,6542.10,840.43,840.43
307,1974.00,32.33669204,119.89843007,32.34244669,119.88993853,32.34244669,119.88993853,0.5567,1023.95,1,1214,split_learned_disk,11,1,-1,6445.78,3441.42,3441.42
308,1977.00,32.34244669,119.88993853,32.34244669,119.88993853,32.34244669,119.88993853,0.5567,0.00,0,1345,split_learned_disk,11,1,-1,5562.28,1529.08,1529.08
309,1981.00,32.32592303,119.85040675,32.34244669,119.88993853,32.34244669,119.88993853,0.5333,4148.83,1,921,split_learned_disk,10,1,-1,2123.65,1534.15,1534.15
310,1985.00,32.31185046,119.89521904,32.34244669,119.88993853,32.34244669,119.88993853,0.5567,3442.00,1,582,split_learned_disk,11,1,8,6432.86,78.11,78.11
311,1988.00,32.33669204,119.89843007,32.34244669,119.88993853,32.34244669,119.88993853,0.5567,1023.95,1,1214,split_learned_disk,11,1,-1,6158.93,441.21,441.21
312,1992.00,32.33669204,119.89843007,32.34244669,119.88993853,32.34244669,119.88993853,0.5567,1023.95,1,1214,split_learned_disk,11,1,-1,6065.02,1000.31,1000.31
313,1996.00,32.33899292,119.88451256,32.34244669,119.88993853,32.34244669,119.88993853,0.5567,639.03,1,1252,split_learned_disk,11,1,-1,4580.65,1084.83,1084.83
314,2000.00,32.29927411,119.89734509,32.34244669,119.88993853,32.34244669,119.88993853,0.6033,4856.21,1,268,split_learned_disk,13,1,-1,6969.74,273.20,273.20
315,2003.00,32.31713795,119.83220485,32.34244669,119.88993853,32.34244669,119.88993853,0.5333,6118.32,1,733,split_learned_disk,10,1,-1,1836.20,729.24,729.24
316,2007.00,32.29029099,119.86120209,32.34244669,119.88993853,32.34244669,119.88993853,0.5800,6404.45,1,26,split_learned_disk,12,1,-1,5383.64,564.84,564.84
317,2011.00,32.31713795,119.83220485,32.34244669,119.88993853,32.34244669,119.88993853,0.5333,6118.32,1,733,split_learned_disk,10,1,-1,1742.43,1742.43,1742.43
318,2015.00,32.29515515,119.87257457,32.34244669,119.88993853,32.29515515,119.87257457,0.5567,5512.08,1,167,split_learned_disk,11,1,-1,5284.80,883.00,883.00
319,2019.00,32.30646059,119.88033662,32.29515515,119.87257457,32.29515515,119.87257457,0.5800,1455.01,1,440,split_learned_disk,12,1,-1,4735.13,1000.28,1000.28
320,2022.00,32.29770279,119.86448931,32.29515515,119.87257457,32.29515515,119.87257457,0.5100,811.74,1,208,split_learned_disk,9,1,2,4479.72,98.91,98.91
321,2026.00,32.29568086,119.89521904,32.29515515,119.87257457,32.29515515,119.87257457,0.5333,2130.99,1,177,split_learned_disk,10,1,-1,6428.06,914.75,914.75
322,2030.00,32.30606363,119.81879518,32.29515515,119.87257457,32.30605360,119.81884463,0.7433,5202.77,0,411,split_learned_disk,19,1,-1,3597.39,240.32,240.32
323,2034.00,32.30451377,119.83412196,32.30708263,119.81377143,32.30708263,119.81377143,0.5333,1935.63,1,373,split_learned_disk,10,1,-1,3081.20,368.55,368.55
324,2037.00,32.31261221,119.82813736,32.30785441,119.80996653,32.30785441,119.80996653,0.4867,1789.52,1,550,split_learned_disk,8,1,-1,2659.41,382.47,382.47
325,2041.00,32.31713795,119.83220485,32.30888344,119.80489333,32.30888344,119.80489333,0.5333,2728.60,1,733,split_learned_disk,10,1,-1,1674.60,473.52,473.52
326,2045.00,32.35034128,119.89989012,32.30991248,119.79982013,32.30991248,119.79982013,0.5800,10434.17,1,1529,split_learned_disk,12,1,-1,5513.44,777.31,777.31
327,2049.00,32.35034128,119.89989012,32.31094151,119.79474693,32.31094151,119.79474693,0.5800,10819.74,1,1529,split_learned_disk,12,1,-1,5451.14,317.43,317.43
328,2053.00,32.32263020,119.84631968,32.31197054,119.78967373,32.31197054,119.78967373,0.5567,5459.25,1,829,split_learned_disk,11,1,4,650.66,52.24,52.24
329,2057.00,32.31713795,119.83220485,32.31299958,119.78460052,32.31299958,119.78460052,0.5333,4501.81,1,733,split_learned_disk,10,1,5,1749.38,149.88,149.88
330,2061.00,32.33378544,119.83370299,32.31402861,119.77952732,32.31402861,119.77952732,0.5567,5550.66,1,1093,split_learned_disk,11,1,6,1693.71,105.96,105.96
331,2064.00,32.31713795,119.83220485,32.31480039,119.77572242,32.31480039,119.77572242,0.5333,5319.71,1,733,split_learned_disk,10,1,4,1765.92,75.55,75.55
332,2068.00,32.33611850,119.83832329,32.31582942,119.77064922,32.33611850,119.83832329,0.6733,6754.93,1,1140,split_learned_disk,16,1,-1,1594.84,1594.84,1594.84
333,2072.00,32.33378544,119.83370299,32.33611850,119.83832329,32.33611850,119.83832329,0.5567,506.32,1,1093,split_learned_disk,11,1,-1,1935.10,291.12,291.12
334,2076.00,32.31713795,119.83220485,32.33611850,119.83832329,32.33611850,119.83832329,0.5333,2189.91,1,733,split_learned_disk,10,1,-1,1952.90,388.24,388.24
335,2079.00,32.31713795,119.83220485,32.33611850,119.83832329,32.33611850,119.83832329,0.5333,2189.91,1,733,split_learned_disk,10,1,-1,2023.21,490.51,490.51
336,2083.00,32.32532804,119.85015283,32.33611850,119.83832329,32.33611850,119.83832329,0.5567,1637.44,1,876,split_learned_disk,11,1,-1,324.54,279.88,279.88
337,2087.00,32.29686103,119.86822777,32.33611850,119.83832329,32.33611850,119.83832329,0.5333,5197.30,1,164,split_learned_disk,10,1,10,3325.65,109.22,109.22
338,2091.00,32.34762198,119.89962351,32.33611850,119.83832329,32.33611850,119.83832329,0.5333,5907.03,1,1484,split_learned_disk,10,1,3,4926.74,103.54,103.54
339,2094.00,32.32212103,119.84421213,32.33611850,119.83832329,32.33611850,119.83832329,0.5333,1653.74,1,784,split_learned_disk,10,1,4,1021.69,15.24,15.24
340,2098.00,32.32212103,119.84421213,32.33611850,119.83832329,32.33611850,119.83832329,0.5333,1653.74,1,784,split_learned_disk,10,1,6,1106.42,123.16,123.16
341,2102.00,32.32263020,119.84631968,32.33611850,119.83832329,32.33611850,119.83832329,0.5567,1679.41,1,829,split_learned_disk,11,1,-1,1105.96,972.75,972.75
342,2106.00,32.30480836,119.85753981,32.33611850,119.83832329,32.30480836,119.85753981,0.5800,3926.34,1,430,split_learned_disk,12,1,3,1618.54,19.86,19.86
343,2109.00,32.30316776,119.84857270,32.30480836,119.85753981,32.30480836,119.85753981,0.5100,863.09,1,335,split_learned_disk,9,1,5,2243.71,94.52,94.52
344,2113.00,32.31756710,119.84748084,32.30480836,119.85753981,32.30480836,119.85753981,0.6033,1706.65,1,740,split_learned_disk,13,1,-1,1185.84,1092.96,1092.96
345,2117.00,32.31124474,119.85872055,32.30480836,119.85753981,32.30480836,119.85753981,0.5333,725.06,1,520,split_learned_disk,10,1,-1,1076.16,202.68,202.68
346,2121.00,32.32117690,119.86169036,32.30480836,119.85753981,32.30480836,119.85753981,0.5100,1863.51,1,792,split_learned_disk,9,1,6,248.88,125.87,125.87
347,2125.00,32.31457467,119.85549681,32.30480836,119.85753981,32.30480836,119.85753981,0.5567,1104.04,1,653,split_learned_disk,11,1,-1,836.58,573.53,573.53
348,2128.00,32.32909294,119.85783870,32.30480836,119.85753981,32.30480836,119.85753981,0.5333,2703.51,1,969,split_learned_disk,10,1,-1,1307.28,305.75,305.75
349,2132.00,32.34325135,119.81046181,32.30480836,119.85753981,32.30480836,119.85753981,0.5100,6158.49,1,1308,split_learned_disk,9,1,-1,5690.11,2054.90,2054.90
350,2136.00,32.31713795,119.83220485,32.30480836,119.85753981,32.30480836,119.85753981,0.5333,2750.25,1,733,split_learned_disk,10,1,-1,3061.49,1981.89,1981.89
351,2139.00,32.34413602,119.88572450,32.30480836,119.85753981,32.30480836,119.85753981,0.6500,5118.22,1,1388,split_learned_disk,15,1,-1,3665.55,906.13,906.13
352,2143.00,32.29945650,119.87623686,32.30480836,119.85753981,32.29945650,119.87623686,0.5100,1857.01,1,258,split_learned_disk,9,1,5,2028.47,67.47,67.47
353,2147.00,32.31185046,119.89521904,32.29945650,119.87623686,32.29945650,119.87623686,0.5567,2256.58,1,582,split_learned_disk,11,1,6,2589.15,42.60,42.60
354,2151.00,32.30480836,119.85753981,32.29945650,119.87623686,32.29945650,119.87623686,0.5800,1857.01,1,430,split_learned_disk,12,1,-1,1316.57,1184.06,1184.06
355,2155.00,32.30480836,119.85753981,32.29945650,119.87623686,32.29945650,119.87623686,0.5800,1857.01,1,430,split_learned_disk,12,1,9,1341.00,67.47,67.47
356,2158.00,32.34294021,119.87715679,32.29945650,119.87623686,32.29945650,119.87623686,0.6033,4841.38,1,1339,split_learned_disk,13,1,9,3286.17,28.25,28.25
357,2162.00,32.32169679,119.87732184,32.29945650,119.87623686,32.29945650,119.87623686,0.5100,2477.89,1,844,split_learned_disk,9,1,-1,1249.84,169.41,169.41
358,2166.00,32.34413602,119.88572450,32.29945650,119.87623686,32.29945650,119.87623686,0.6500,5053.17,1,1388,split_learned_disk,15,1,-1,3768.84,654.46,654.46
359,2170.00,32.30971052,119.87603372,32.29945650,119.87623686,32.29945650,119.87623686,0.6267,1141.64,1,528,split_learned_disk,14,1,-1,368.89,252.88,252.88
360,2174.00,32.32392256,119.87001104,32.29945650,119.87623686,32.29945650,119.87623686,0.5567,2785.82,1,885,split_learned_disk,11,1,-1,1483.91,266.84,266.84
361,2177.00,32.34799749,119.87907971,32.29945650,119.87623686,32.29945650,119.87623686,0.5100,5410.20,1,1475,split_learned_disk,9,1,9,4126.82,83.63,83.63
362,2181.00,32.34628669,119.87832483,32.29945650,119.87623686,32.34628669,119.87832483,0.6500,5216.84,1,1429,split_learned_disk,15,1,-1,3950.76,399.04,399.04
363,2185.00,32.34628669,119.87832483,32.34628669,119.87832483,32.34628669,119.87832483,0.6500,0.00,0,1429,split_learned_disk,15,1,2,4011.39,9.96,9.96
364,2189.00,32.34628669,119.87832483,32.34628669,119.87832483,32.34628669,119.87832483,0.6500,0.00,0,1429,split_learned_disk,15,1,2,4063.25,105.92,105.92
365,2193.00,32.34628669,119.87832483,32.34628669,119.87832483,32.34628669,119.87832483,0.6500,0.00,0,1429,split_learned_disk,15,1,3,4117.36,85.03,85.03
366,2197.00,32.30389150,119.87734723,32.34628669,119.87832483,32.34628669,119.87832483,0.5333,4720.33,1,394,split_learned_disk,10,1,-1,427.49,427.49,427.49
367,2200.00,32.34628669,119.87832483,32.34628669,119.87832483,32.34628669,119.87832483,0.6500,0.00,0,1429,split_learned_disk,15,1,4,4229.29,79.59,79.59
368,2204.00,32.34628669,119.87832483,32.34628669,119.87832483,32.34628669,119.87832483,0.6500,0.00,0,1429,split_learned_disk,15,1,-1,4298.72,555.22,555.22
369,2208.00,32.33269692,119.85017822,32.34628669,119.87832483,32.34628669,119.87832483,0.5100,3049.48,1,1056,split_learned_disk,9,1,-1,3970.12,464.98,464.98
370,2212.00,32.32532804,119.85015283,32.34628669,119.87832483,32.34628669,119.87832483,0.5567,3530.83,1,876,split_learned_disk,11,1,-1,3573.20,1402.39,1402.39
371,2215.00,32.32532804,119.85015283,32.34628669,119.87832483,32.34628669,119.87832483,0.5567,3530.83,1,876,split_learned_disk,11,1,-1,3604.76,3461.32,3461.32
372,2219.00,32.32098378,119.83337289,32.34628669,119.87832483,32.34628669,119.87832483,0.6033,5080.90,1,778,split_learned_disk,13,1,-1,4957.75,3621.28,3621.28
373,2223.00,32.34488704,119.89037020,32.34628669,119.87832483,32.34628669,119.87832483,0.6267,1143.78,1,1390,split_learned_disk,14,1,-1,4433.57,3251.59,3251.59
374,2227.00,32.32696373,119.80596265,32.34628669,119.87832483,32.34628669,119.87832483,0.6033,7138.94,1,900,split_learned_disk,13,1,-1,7828.81,775.87,775.87
375,2231.00,32.29341217,119.89784024,32.34628669,119.87832483,32.34628669,119.87832483,0.5800,6165.64,1,133,split_learned_disk,12,1,-1,1535.39,884.94,884.94
376,2234.00,32.29341217,119.89784024,32.34628669,119.87832483,32.34628669,119.87832483,0.5800,6165.64,1,133,split_learned_disk,12,1,-1,1495.88,917.31,917.31
377,2238.00,32.29341217,119.89784024,32.34628669,119.87832483,32.34628669,119.87832483,0.5800,6165.64,1,133,split_learned_disk,12,1,-1,1390.01,739.58,739.58
378,2242.00,32.33669204,119.89843007,32.34628669,119.87832483,32.33669204,119.89843007,0.5567,2172.06,1,1214,split_learned_disk,11,1,-1,4021.76,428.93,428.93
379,2246.00,32.33669204,119.89843007,32.33669204,119.89843007,32.33669204,119.89843007,0.5567,0.00,0,1214,split_learned_disk,11,1,-1,4051.52,858.55,858.55
380,2250.00,32.33669204,119.89843007,32.33669204,119.89843007,32.33669204,119.89843007,0.5567,0.00,0,1214,split_learned_disk,11,1,-1,4083.98,1434.06,1434.06
381,2254.00,32.29388424,119.89860782,32.33669204,119.89843007,32.33669204,119.89843007,0.6267,4765.39,1,134,split_learned_disk,14,1,-1,1170.25,182.95,182.95
382,2258.00,32.31224743,119.89731970,32.33669204,119.89843007,32.33669204,119.89843007,0.6267,2723.18,1,583,split_learned_disk,14,1,7,1437.81,91.99,91.99
383,2262.00,32.32532804,119.85015283,32.33669204,119.89843007,32.33669204,119.89843007,0.5567,4714.38,1,876,split_learned_disk,11,1,-1,4777.68,255.48,255.48
384,2308.00,32.29425975,119.88007001,32.33669204,119.89843007,32.33669204,119.89843007,0.5567,5029.42,1,125,split_learned_disk,11,1,3,1093.73,36.04,36.04
385,2315.00,32.32696373,119.80596265,32.33669204,119.89843007,32.33669204,119.89843007,0.6033,8765.64,1,900,split_learned_disk,13,1,8,8493.89,133.20,133.20
386,2322.00,32.32696373,119.80596265,32.33669204,119.89843007,32.33669204,119.89843007,0.6033,8765.64,1,900,split_learned_disk,13,1,-1,8386.02,189.66,189.66
387,2330.00,32.29425975,119.88007001,32.33669204,119.89843007,32.33669204,119.89843007,0.5567,5029.42,1,125,split_learned_disk,11,1,-1,946.95,279.45,279.45
388,2337.00,32.29425975,119.88007001,32.33669204,119.89843007,32.33669204,119.89843007,0.5567,5029.42,1,125,split_learned_disk,11,1,-1,917.27,379.62,379.62
389,2344.00,32.31457467,119.85549681,32.33669204,119.89843007,32.33669204,119.89843007,0.5567,4730.07,1,653,split_learned_disk,11,1,6,3459.22,79.34,79.34
390,2352.00,32.29425975,119.88007001,32.33669204,119.89843007,32.29425975,119.88007001,0.5567,5029.42,1,125,split_learned_disk,11,1,6,945.40,69.88,69.88
391,2360.00,32.29425975,119.88007001,32.29425975,119.88007001,32.29425975,119.88007001,0.5567,0.00,0,125,split_learned_disk,11,1,-1,954.56,848.67,848.67
392,2368.00,32.29425975,119.88007001,32.29425975,119.88007001,32.29425975,119.88007001,0.5567,0.00,0,125,split_learned_disk,11,1,-1,966.94,905.14,905.14
393,2377.00,32.29375549,119.88336411,32.29425975,119.88007001,32.29425975,119.88007001,0.5333,314.92,1,126,split_learned_disk,10,1,-1,960.44,831.05,831.05
394,2384.00,32.29091818,119.89968699,32.29425975,119.88007001,32.29425975,119.88007001,0.5567,1882.50,1,89,split_learned_disk,11,1,6,1968.87,52.66,52.66
395,2392.00,32.30389150,119.87734723,32.29425975,119.88007001,32.29425975,119.88007001,0.5333,1102.38,1,394,split_learned_disk,10,1,-1,375.64,196.25,196.25
396,2400.00,32.30971052,119.87603372,32.29425975,119.88007001,32.29425975,119.88007001,0.6267,1761.39,1,528,split_learned_disk,14,1,9,808.14,88.52,88.52
397,2407.00,32.34294021,119.87715679,32.29425975,119.88007001,32.29425975,119.88007001,0.6033,5426.03,1,1339,split_learned_disk,13,1,-1,4210.49,440.55,440.55
398,2414.00,32.34294021,119.87715679,32.29425975,119.88007001,32.29425975,119.88007001,0.6033,5426.03,1,1339,split_learned_disk,13,1,2,4152.13,88.72,88.72
399,2421.00,32.31747636,119.88208180,32.29425975,119.88007001,32.29425975,119.88007001,0.5800,2591.39,1,711,split_learned_disk,12,1,-1,1336.12,290.51,290.51
400,2429.00,32.30844543,119.87920086,32.29425975,119.88007001,32.29425975,119.88007001,0.5333,1581.26,1,439,split_learned_disk,10,1,1,35.13,35.13,35.13
401,2437.00,32.30844543,119.87920086,32.29425975,119.88007001,32.29425975,119.88007001,0.5333,1581.26,1,439,split_learned_disk,10,1,1,116.96,90.15,90.15
402,2445.00,32.30971052,119.87603372,32.29425975,119.88007001,32.30971052,119.87603372,0.6267,1761.39,1,528,split_learned_disk,14,1,4,317.79,82.69,82.69
403,2453.00,32.30971052,119.87603372,32.30971052,119.87603372,32.30971052,119.87603372,0.6267,0.00,0,528,split_learned_disk,14,1,3,281.19,115.96,115.96
404,2461.00,32.30754912,119.87630615,32.30971052,119.87603372,32.30971052,119.87603372,0.5100,241.97,1,484,split_learned_disk,9,1,2,302.06,98.10,98.10
405,2469.00,32.30971052,119.87603372,32.30971052,119.87603372,32.30971052,119.87603372,0.6267,0.00,0,528,split_learned_disk,14,1,7,240.69,60.55,60.55
406,2478.00,32.30971052,119.87603372,32.30971052,119.87603372,32.30971052,119.87603372,0.6267,0.00,0,528,split_learned_disk,14,1,7,302.05,146.98,146.98
407,2486.00,32.30971052,119.87603372,32.30971052,119.87603372,32.30971052,119.87603372,0.6267,0.00,0,528,split_learned_disk,14,1,6,385.27,32.36,32.36
408,2494.00,32.35137615,119.86545421,32.30971052,119.87603372,32.30971052,119.87603372,0.5333,4743.79,1,1558,split_learned_disk,10,1,4,4602.26,82.96,82.96
409,2501.00,32.29747748,119.89096692,32.30971052,119.87603372,32.30971052,119.87603372,0.5333,1956.49,1,220,split_learned_disk,10,1,-1,2393.22,679.80,679.80
410,2509.00,32.31185046,119.89521904,32.30971052,119.87603372,32.30971052,119.87603372,0.5567,1820.43,1,582,split_learned_disk,11,1,-1,2372.90,670.83,670.83
411,2517.00,32.29240948,119.87490377,32.30971052,119.87603372,32.30971052,119.87603372,0.5333,1928.88,1,78,split_learned_disk,10,1,10,2304.01,66.67,66.67
412,2525.00,32.34211991,119.86627946,32.30971052,119.87603372,32.30971052,119.87603372,0.5567,3722.67,1,1288,split_learned_disk,11,1,3,3147.95,72.81,72.81
413,2533.00,32.34211991,119.86627946,32.30971052,119.87603372,32.30971052,119.87603372,0.5567,3722.67,1,1288,split_learned_disk,11,1,-1,3086.59,167.52,167.52
414,2540.00,32.29498931,119.88430943,32.30971052,119.87603372,32.30971052,119.87603372,0.5100,1814.28,1,127,split_learned_disk,9,1,7,2739.69,146.33,146.33
415,2548.00,32.31457467,119.85549681,32.30971052,119.87603372,32.30971052,119.87603372,0.5567,2006.37,1,653,split_learned_disk,11,1,-1,1063.56,1063.56,1063.56
416,2556.00,32.29091818,119.89968699,32.30971052,119.87603372,32.30971052,119.87603372,0.5567,3054.06,1,89,split_learned_disk,11,1,-1,4091.46,2095.38,2095.38
417,2563.00,32.32786986,119.87888346,32.30971052,119.87603372,32.32786986,119.87888346,0.5333,2039.20,1,979,split_learned_disk,10,1,-1,1971.74,1332.49,1332.49
418,2572.00,32.32909294,119.85783870,32.32786986,119.87888346,32.32786986,119.87888346,0.5333,1984.37,1,969,split_learned_disk,10,1,-1,1505.46,1505.46,1505.46
419,2580.00,32.33765181,119.87567823,32.32786986,119.87888346,32.32786986,119.87888346,0.5800,1129.90,1,1248,split_learned_disk,12,1,-1,2810.78,673.77,673.77
420,2588.00,32.33737868,119.85686110,32.32786986,119.87888346,32.32786986,119.87888346,0.5333,2326.42,1,1194,split_learned_disk,10,1,-1,2320.43,732.57,732.57
421,2595.00,32.31457467,119.85549681,32.32786986,119.87888346,32.32786986,119.87888346,0.5567,2651.50,1,653,split_learned_disk,11,1,-1,609.54,581.20,581.20
422,2603.00,32.31457467,119.85549681,32.32786986,119.87888346,32.32786986,119.87888346,0.5567,2651.50,1,653,split_learned_disk,11,1,-1,542.87,488.56,488.56
423,2610.00,32.29425975,119.88007001,32.32786986,119.87888346,32.32786986,119.87888346,0.5567,3743.14,1,125,split_learned_disk,11,1,-1,3360.87,2113.12,2113.12
424,2618.00,32.29425975,119.88007001,32.32786986,119.87888346,32.32786986,119.87888346,0.5567,3743.14,1,125,split_learned_disk,11,1,-1,3414.68,562.54,562.54
425,2626.00,32.32909294,119.85783870,32.32786986,119.87888346,32.32786986,119.87888346,0.5333,1984.37,1,969,split_learned_disk,10,1,3,986.81,102.84,102.84
426,2633.00,32.29425975,119.88007001,32.32786986,119.87888346,32.32786986,119.87888346,0.5567,3743.14,1,125,split_learned_disk,11,1,-1,3616.37,1336.56,1336.56
427,2641.00,32.29686103,119.86822777,32.32786986,119.87888346,32.29686103,119.86822777,0.5333,3594.50,1,164,split_learned_disk,10,1,9,2938.83,131.20,131.20
428,2648.00,32.29686103,119.86822777,32.29686103,119.86822777,32.29686103,119.86822777,0.5333,0.00,0,164,split_learned_disk,10,1,-1,3036.38,1415.67,1415.67
429,2656.00,32.29498931,119.88430943,32.29686103,119.86822777,32.29686103,119.86822777,0.5100,1527.10,1,127,split_learned_disk,9,1,6,4130.59,54.50,54.50
430,2663.00,32.33601612,119.84061440,32.29686103,119.86822777,32.29686103,119.86822777,0.5567,5074.08,1,1186,split_learned_disk,11,1,8,2147.85,132.59,132.59
431,2670.00,32.29029099,119.86120209,32.29686103,119.86822777,32.29686103,119.86822777,0.5800,985.76,1,26,split_learned_disk,12,1,4,3645.82,46.46,46.46
432,2677.00,32.31713795,119.83220485,32.29686103,119.86822777,32.29686103,119.86822777,0.5333,4071.66,1,733,split_learned_disk,10,1,-1,1784.22,596.43,596.43
433,2685.00,32.32532804,119.85015283,32.29686103,119.86822777,32.29686103,119.86822777,0.5567,3596.29,1,876,split_learned_disk,11,1,1,121.20,94.69,94.69
434,2693.00,32.32532804,119.85015283,32.29686103,119.86822777,32.29686103,119.86822777,0.5567,3596.29,1,876,split_learned_disk,11,1,1,71.15,71.15,71.15
435,2701.00,32.33475594,119.86704703,32.29686103,119.86822777,32.29686103,119.86822777,0.5333,4219.92,1,1154,split_learned_disk,10,1,-1,2045.04,1146.21,1146.21
436,2708.00,32.32532804,119.85015283,32.29686103,119.86822777,32.29686103,119.86822777,0.5567,3596.29,1,876,split_learned_disk,11,1,-1,156.96,156.28,156.28
437,2716.00,32.32592303,119.85040675,32.29686103,119.86822777,32.29686103,119.86822777,0.5333,3643.74,1,921,split_learned_disk,10,1,5,258.71,100.80,100.80
438,2724.00,32.35034128,119.89989012,32.29686103,119.86822777,32.35034128,119.89989012,0.5800,6656.93,1,1529,split_learned_disk,12,1,8,5590.53,138.26,138.26
439,2731.00,32.35284018,119.81472662,32.35034128,119.89989012,32.35034128,119.89989012,0.6733,8016.22,1,1580,split_learned_disk,16,1,-1,4125.37,239.50,239.50
440,2738.00,32.35284018,119.81472662,32.35034128,119.89989012,32.35034128,119.89989012,0.6733,8016.22,1,1580,split_learned_disk,16,1,3,4020.11,117.47,117.47
441,2746.00,32.29036610,119.83881155,32.35034128,119.89989012,32.35034128,119.89989012,0.6733,8808.40,1,16,split_learned_disk,16,1,-1,4169.35,2194.32,2194.32
442,2753.00,32.30623529,119.82121325,32.35034128,119.89989012,32.35034128,119.89989012,0.5800,8881.70,1,412,split_learned_disk,12,1,-1,3241.83,3108.69,3108.69
443,2761.00,32.31167880,119.81659295,32.35034128,119.89989012,32.35034128,119.89989012,0.5100,8940.01,1,545,split_learned_disk,9,1,-1,3108.91,2514.95,2514.95
444,2768.00,32.34957953,119.81868092,32.35034128,119.89989012,32.35034128,119.89989012,0.6267,7639.88,1,1491,split_learned_disk,14,1,-1,3229.71,692.33,692.33
445,2775.00,32.29029099,119.86120209,32.35034128,119.89989012,32.35034128,119.89989012,0.5800,7611.30,1,26,split_learned_disk,12,1,-1,4734.05,697.56,697.56
446,2783.00,32.30766713,119.83684473,32.35034128,119.89989012,32.35034128,119.89989012,0.6500,7598.73,1,464,split_learned_disk,15,1,-1,2482.33,621.44,621.44
447,2791.00,32.33899292,119.88451256,32.35034128,119.89989012,32.35034128,119.89989012,0.5567,1920.55,1,1252,split_learned_disk,11,1,-1,4292.67,717.27,717.27
448,2798.00,32.33378544,119.83370299,32.35034128,119.89989012,32.33378544,119.83370299,0.5567,6493.31,1,1093,split_learned_disk,11,1,-1,567.52,567.52,567.52
449,2806.00,32.32802006,119.83568939,32.33378544,119.83370299,32.33378544,119.83370299,0.6267,668.45,1,959,split_learned_disk,14,1,-1,514.59,514.59,514.59
450,2813.00,32.31713795,119.83220485,32.33378544,119.83370299,32.33378544,119.83370299,0.5333,1858.55,1,733,split_learned_disk,10,1,-1,1523.59,226.93,226.93
451,2820.00,32.35316205,119.87129915,32.33378544,119.83370299,32.33378544,119.83370299,0.5567,4142.57,1,1606,split_learned_disk,11,1,-1,3991.34,577.91,577.91
452,2828.00,32.35142980,119.83073899,32.33378544,119.83370299,32.33378544,119.83370299,0.5800,1983.86,1,1542,split_learned_disk,12,1,-1,2057.51,312.39,312.39
453,2835.00,32.32098378,119.83337289,32.33378544,119.83370299,32.33378544,119.83370299,0.6033,1425.42,1,778,split_learned_disk,13,1,-1,1449.74,587.91,587.91
454,2843.00,32.32532804,119.85015283,32.33378544,119.83370299,32.33378544,119.83370299,0.5567,1811.35,1,876,split_learned_disk,11,1,-1,1831.33,940.38,940.38
455,2850.00,32.31713795,119.83220485,32.33378544,119.83370299,32.33378544,119.83370299,0.5333,1858.55,1,733,split_learned_disk,10,1,3,1755.22,61.12,61.12
456,2857.00,32.33561916,119.80936413,32.33378544,119.83370299,32.33378544,119.83370299,0.5800,2298.66,1,1172,split_learned_disk,12,1,-1,2155.36,435.94,435.94
457,2865.00,32.33378544,119.83370299,32.33378544,119.83370299,32.33378544,119.83370299,0.5567,0.00,0,1093,split_learned_disk,11,1,-1,313.79,313.79,313.79
458,2872.00,32.33626289,119.86798655,32.33378544,119.83370299,32.33378544,119.83370299,0.5100,3236.85,1,1199,split_learned_disk,9,1,-1,3441.79,250.31,250.31
459,2880.00,32.33669204,119.89843007,32.33378544,119.83370299,32.33378544,119.83370299,0.5567,6097.52,1,1214,split_learned_disk,11,1,-1,6441.14,1932.91,1932.91
460,2887.00,32.33669204,119.89843007,32.33378544,119.83370299,32.33378544,119.83370299,0.5567,6097.52,1,1214,split_learned_disk,11,1,-1,6535.35,2071.48,2071.48
461,2894.00,32.33669204,119.89843007,32.33378544,119.83370299,32.33378544,119.83370299,0.5567,6097.52,1,1214,split_learned_disk,11,1,-1,6630.03,2638.47,2638.47
462,2902.00,32.30646059,119.88033662,32.33378544,119.83370299,32.33378544,119.83370299,0.5800,5338.27,1,440,split_learned_disk,12,1,-1,6079.49,2150.15,2150.15
463,2910.00,32.34244669,119.88993853,32.33378544,119.83370299,32.33378544,119.83370299,0.5567,5377.27,1,1345,split_learned_disk,11,1,8,6029.26,28.29,28.29
464,2918.00,32.33714756,119.82503370,32.33378544,119.83370299,32.33378544,119.83370299,0.5333,897.31,1,1224,split_learned_disk,10,1,-1,198.52,198.52,198.52
465,2925.00,32.33475594,119.86704703,32.33378544,119.83370299,32.33378544,119.83370299,0.5333,3138.56,1,1154,split_learned_disk,10,1,-1,3947.72,984.20,984.20
466,2933.00,32.29257041,119.84894089,32.33378544,119.83370299,32.33378544,119.83370299,0.6733,4806.77,1,65,split_learned_disk,16,1,-1,5833.42,1079.48,1079.48
467,2941.00,32.29257041,119.84894089,32.33378544,119.83370299,32.29257041,119.84894089,0.6733,4806.77,1,65,split_learned_disk,16,1,-1,5920.88,861.84,861.84
468,2949.00,32.29257041,119.84894089,32.29257041,119.84894089,32.29257041,119.84894089,0.6733,0.00,0,65,split_learned_disk,16,1,-1,6009.06,409.24,409.24
469,2956.00,32.33589320,119.83389343,32.29257041,119.84894089,32.29257041,119.84894089,0.5333,5026.14,1,1138,split_learned_disk,10,1,-1,1255.51,986.58,986.58
470,2963.00,32.33520655,119.83568939,32.29257041,119.84894089,32.29257041,119.84894089,0.5567,4907.23,1,1139,split_learned_disk,11,1,-1,1528.32,1062.74,1062.74
471,2970.00,32.31713795,119.83220485,32.29257041,119.84894089,32.29257041,119.84894089,0.5333,3155.65,1,733,split_learned_disk,10,1,-1,2938.02,1022.11,1022.11
472,2977.00,32.33624143,119.82736290,32.29257041,119.84894089,32.29257041,119.84894089,0.5333,5268.22,1,1180,split_learned_disk,10,1,-1,1006.29,884.45,884.45
473,2985.00,32.32532804,119.85015283,32.29257041,119.84894089,32.29257041,119.84894089,0.5567,3648.36,1,876,split_learned_disk,11,1,-1,3696.74,1329.53,1329.53
474,2992.00,32.33763617,119.86513681,32.29257041,119.84894089,32.29257041,119.84894089,0.5333,5242.97,1,1198,split_learned_disk,10,1,-1,4453.19,762.38,762.38
475,2999.00,32.33561916,119.80936413,32.29257041,119.84894089,32.29257041,119.84894089,0.5800,6068.43,1,1172,split_learned_disk,12,1,7,1172.27,108.46,108.46
476,3006.00,32.30646059,119.88033662,32.29257041,119.84894089,32.29257041,119.84894089,0.5800,3333.71,1,440,split_learned_disk,12,1,-1,7387.82,1834.40,1834.40
477,3014.00,32.31224743,119.89731970,32.29257041,119.84894089,32.29257041,119.84894089,0.6267,5050.74,1,583,split_learned_disk,14,1,-1,8559.37,1475.87,1475.87
478,3021.00,32.31670389,119.83739067,32.29257041,119.84894089,32.31670389,119.83739067,0.5100,2897.94,1,689,split_learned_disk,9,1,-1,3823.07,2887.06,2887.06
479,3029.00,32.33583955,119.81447270,32.31670389,119.83739067,32.31670389,119.83739067,0.5333,3030.78,1,1130,split_learned_disk,10,1,-1,1354.17,669.89,669.89
480,3076.00,32.33589320,119.83389343,32.31670389,119.83739067,32.31670389,119.83739067,0.5333,2161.34,1,1138,split_learned_disk,10,1,2,2259.75,72.92,72.92
481,3080.00,32.33407512,119.83521963,32.31670389,119.83739067,32.31670389,119.83739067,0.5567,1944.52,1,1094,split_learned_disk,11,1,-1,2426.02,1539.82,1539.82
482,3083.00,32.33561916,119.80936413,32.31670389,119.83739067,32.31670389,119.83739067,0.5800,3374.13,1,1172,split_learned_disk,12,1,-1,969.54,156.91,156.91
483,3087.00,32.29257041,119.84894089,32.31670389,119.83739067,32.31670389,119.83739067,0.6733,2897.94,1,65,split_learned_disk,16,1,-1,6589.64,416.54,416.54
484,3091.00,32.29713416,119.90018213,32.31670389,119.83739067,32.29713659,119.90017436,0.7433,6295.76,0,224,split_learned_disk,19,1,-1,9381.82,2546.88,2546.88
485,3095.00,32.29713416,119.90018213,32.29645330,119.90236676,32.29701363,119.90056887,0.7433,219.04,0,224,split_learned_disk,19,1,-1,9272.63,805.31,805.31
486,3099.00,32.31713795,119.83220485,32.29676086,119.90137988,32.29676086,119.90137988,0.5333,6891.38,1,733,split_learned_disk,10,1,-1,3003.96,1219.66,1219.66
487,3103.00,32.29257041,119.84894089,32.29650810,119.90219088,32.29650810,119.90219088,0.6733,5028.41,1,65,split_learned_disk,16,1,-1,6218.40,849.80,849.80
488,3107.00,32.31713795,119.83220485,32.29625533,119.90300188,32.29625533,119.90300188,0.5333,7053.99,1,733,split_learned_disk,10,1,-1,2861.05,539.21,539.21
489,3111.00,32.34541766,119.87119758,32.29600257,119.90381289,32.29600257,119.90381289,0.5100,6298.67,1,1426,split_learned_disk,9,1,-1,4906.16,958.91,958.91
490,3115.00,32.35023399,119.87721446,32.29574980,119.90462389,32.29574980,119.90462389,0.5100,6590.50,1,1518,split_learned_disk,9,1,-1,5279.50,1035.60,1035.60
491,3119.00,32.29091818,119.89968699,32.29549703,119.90543489,32.29549703,119.90543489,0.5567,743.09,1,89,split_learned_disk,11,1,-1,9037.58,1320.19,1320.19
492,3122.00,32.33611850,119.83832329,32.29530746,119.90604315,32.29530746,119.90604315,0.6733,7824.47,1,1140,split_learned_disk,16,1,-1,1473.38,1216.61,1216.61
493,3126.00,32.32802006,119.83568939,32.29505469,119.90685415,32.29505469,119.90685415,0.6267,7634.36,1,959,split_learned_disk,14,1,-1,1708.48,655.59,655.59
494,3130.00,32.34628669,119.87832483,32.29480192,119.90766515,32.29480192,119.90766515,0.6500,6361.26,1,1429,split_learned_disk,15,1,-1,5169.08,1374.24,1374.24
495,3134.00,32.29341217,119.89784024,32.29454916,119.90847616,32.29341217,119.89784024,0.5800,1008.50,1,133,split_learned_disk,12,1,-1,8385.94,1398.03,1398.03
496,3138.00,32.34069298,119.86963015,32.29341217,119.89784024,32.29341217,119.89784024,0.5333,5894.46,1,1290,split_learned_disk,10,1,-1,4126.86,513.39,513.39
497,3142.00,32.34069298,119.86963015,32.29341217,119.89784024,32.29341217,119.89784024,0.5333,5894.46,1,1290,split_learned_disk,10,1,3,4038.44,20.86,20.86
498,3146.00,32.34244669,119.88993853,32.29341217,119.89784024,32.29341217,119.89784024,0.5567,5508.90,1,1345,split_learned_disk,11,1,-1,6055.52,1731.38,1731.38
499,3150.00,32.33693880,119.85608083,32.29341217,119.89784024,32.29341217,119.89784024,0.6033,6237.76,1,1193,split_learned_disk,13,1,-1,2526.90,1874.07,1874.07
500,3154.00,32.33761472,119.85964736,32.29341217,119.89784024,32.29341217,119.89784024,0.5100,6092.70,1,1195,split_learned_disk,9,1,-1,2835.62,2263.06,2263.06
501,3158.00,32.33378544,119.83370299,32.29341217,119.89784024,32.29341217,119.89784024,0.5567,7523.40,1,1093,split_learned_disk,11,1,-1,369.20,369.20,369.20
502,3162.00,32.35067387,119.82691854,32.29341217,119.89784024,32.29341217,119.89784024,0.6967,9227.33,1,1495,split_learned_disk,17,1,-1,1738.36,260.70,260.70
503,3166.00,32.32745725,119.82644297,32.29341217,119.89784024,32.29341217,119.89784024,0.5567,7711.89,1,909,split_learned_disk,11,1,-1,1011.78,788.74,788.74
504,3169.00,32.33601612,119.84061440,32.29341217,119.89784024,32.29341217,119.89784024,0.5567,7174.44,1,1186,split_learned_disk,11,1,-1,858.69,267.44,267.44
505,3173.00,32.32098378,119.83337289,32.29341217,119.89784024,32.32098378,119.83337289,0.6033,6796.95,1,778,split_learned_disk,13,1,2,1322.03,95.15,95.15
506,3177.00,32.34900018,119.82283147,32.32098378,119.83337289,32.32098378,119.83337289,0.5800,3272.64,1,1493,split_learned_disk,12,1,2,2197.01,77.15,77.15
507,3181.00,32.33378544,119.83370299,32.32098378,119.83337289,32.32098378,119.83337289,0.5567,1425.42,1,1093,split_learned_disk,11,1,8,233.45,135.49,135.49
508,3185.00,32.32098378,119.83337289,32.32098378,119.83337289,32.32098378,119.83337289,0.6033,0.00,0,778,split_learned_disk,13,1,-1,1150.82,969.86,969.86
509,3189.00,32.34488704,119.89037020,32.32098378,119.83337289,32.32098378,119.83337289,0.6267,5985.75,1,1390,split_learned_disk,14,1,-1,5387.54,1075.70,1075.70
510,3193.00,32.33763617,119.86513681,32.32098378,119.83337289,32.32098378,119.83337289,0.5333,3516.37,1,1198,split_learned_disk,10,1,-1,2784.84,1159.97,1159.97
511,3197.00,32.33669204,119.89843007,32.32098378,119.83337289,32.32098378,119.83337289,0.5567,6364.90,1,1214,split_learned_disk,11,1,-1,5841.07,2902.11,2902.11
512,3200.00,32.35316205,119.87129915,32.32098378,119.83337289,32.32098378,119.83337289,0.5567,5055.71,1,1606,split_learned_disk,11,1,-1,4089.07,2680.26,2680.26
513,3204.00,32.34488704,119.89037020,32.32098378,119.83337289,32.32098378,119.83337289,0.6267,5985.75,1,1390,split_learned_disk,14,1,-1,5191.21,1420.77,1420.77
514,3208.00,32.31713795,119.83220485,32.32098378,119.83337289,32.32098378,119.83337289,0.5333,441.99,1,733,split_learned_disk,10,1,-1,1167.12,1167.12,1167.12
515,3212.00,32.29029099,119.86120209,32.32098378,119.83337289,32.32098378,119.83337289,0.5800,4304.35,1,26,split_learned_disk,12,1,-1,4557.27,665.51,665.51
516,3216.00,32.32456047,119.84163590,32.32098378,119.83337289,32.32098378,119.83337289,0.6033,873.35,1,917,split_learned_disk,13,1,1,86.68,86.68,86.68
517,3220.00,32.32456047,119.84163590,32.32098378,119.83337289,32.32098378,119.83337289,0.6033,873.35,1,917,split_learned_disk,13,1,1,89.89,89.89,89.89
518,3224.00,32.29036610,119.83881155,32.32098378,119.83337289,32.29036610,119.83881155,0.6733,3446.55,1,16,split_learned_disk,16,1,-1,3974.42,185.98,185.98
519,3228.00,32.30093125,119.83832329,32.29036610,119.83881155,32.29036610,119.83881155,0.5333,1177.01,1,285,split_learned_disk,10,1,-1,2770.12,2508.45,2508.45
520,3232.00,32.30451377,119.83412196,32.29036610,119.83881155,32.29036610,119.83881155,0.5333,1635.54,1,373,split_learned_disk,10,1,-1,2496.40,2217.83,2217.83
521,3236.00,32.35284018,119.81472662,32.29036610,119.83881155,32.29036610,119.83881155,0.6733,7314.37,1,1580,split_learned_disk,16,1,-1,4234.57,589.37,589.37
522,3239.00,32.35034128,119.89989012,32.29036610,119.83881155,32.29036610,119.83881155,0.5800,8808.40,1,1529,split_learned_disk,12,1,7,5709.62,94.68,94.68
523,3243.00,32.35034128,119.89989012,32.29036610,119.83881155,32.29036610,119.83881155,0.5800,8808.40,1,1529,split_learned_disk,12,1,6,5737.80,140.82,140.82
524,3247.00,32.35034128,119.89989012,32.29036610,119.83881155,32.29036610,119.83881155,0.5800,8808.40,1,1529,split_learned_disk,12,1,-1,5686.06,629.45,629.45
525,3251.00,32.34762198,119.89962351,32.29036610,119.83881155,32.29036610,119.83881155,0.5333,8564.46,1,1484,split_learned_disk,10,1,-1,5530.77,549.09,549.09
526,3255.00,32.30708778,119.80912291,32.29036610,119.83881155,32.30708121,119.80913456,0.7433,3356.33,0,452,split_learned_disk,19,1,-1,4034.04,2142.75,2142.75
527,3259.00,32.35606374,119.85201227,32.30826702,119.80702922,32.30826702,119.80702922,0.5333,6798.27,1,1642,split_learned_disk,10,1,-1,3762.60,164.85,164.85
528,3263.00,32.35606374,119.85201227,32.30945282,119.80492387,32.30945282,119.80492387,0.5333,6822.36,1,1642,split_learned_disk,10,1,4,3818.21,42.94,42.94
529,3267.00,32.29686103,119.86822777,32.31063862,119.80281853,32.31063862,119.80281853,0.5333,6341.37,1,164,split_learned_disk,10,1,5,3098.09,96.35,96.35
530,3270.00,32.31303554,119.85100347,32.31152797,119.80123953,32.31152797,119.80123953,0.5333,4684.34,1,606,split_learned_disk,10,1,4,711.48,129.35,129.35
531,3274.00,32.31303554,119.85100347,32.31271377,119.79913419,32.31271377,119.79913419,0.5333,4879.52,1,606,split_learned_disk,10,1,-1,697.22,323.00,323.00
532,3278.00,32.31457467,119.85549681,32.31389957,119.79702884,32.31389957,119.79702884,0.5567,5500.64,1,653,split_learned_disk,11,1,-1,351.75,189.78,189.78
533,3282.00,32.31756710,119.84748084,32.31508537,119.79492350,32.31508537,119.79492350,0.6033,4951.82,1,740,split_learned_disk,13,1,-1,625.32,211.02,211.02
534,3285.00,32.32696373,119.80596265,32.31597472,119.79334450,32.31597472,119.79334450,0.6033,1704.53,1,900,split_learned_disk,13,1,10,4807.45,117.66,117.66
535,3289.00,32.32696373,119.80596265,32.31716052,119.79123916,32.31716052,119.79123916,0.6033,1763.32,1,900,split_learned_disk,13,1,-1,4910.87,275.50,275.50
536,3293.00,32.29091818,119.89968699,32.31834632,119.78913381,32.29091818,119.89968699,0.5567,10838.77,1,89,split_learned_disk,11,1,-1,4760.82,325.32,325.32
537,3297.00,32.29091818,119.89968699,32.29091818,119.89968699,32.29091818,119.89968699,0.5567,0.00,0,89,split_learned_disk,11,1,-1,4645.46,610.30,610.30
538,3301.00,32.31670389,119.83739067,32.29091818,119.89968699,32.29091818,119.89968699,0.5100,6525.51,1,689,split_learned_disk,9,1,-1,2201.39,885.63,885.63
539,3305.00,32.33493342,119.84072866,32.29091818,119.89968699,32.29091818,119.89968699,0.5333,7400.59,1,1096,split_learned_disk,10,1,-1,2785.76,1254.50,1254.50
540,3309.00,32.32677061,119.85414521,32.29091818,119.89968699,32.29091818,119.89968699,0.5333,5855.15,1,922,split_learned_disk,10,1,-1,1520.89,1520.89,1520.89
541,3313.00,32.32677061,119.85414521,32.29091818,119.89968699,32.29091818,119.89968699,0.5333,5855.15,1,922,split_learned_disk,10,1,-1,1617.80,1174.17,1174.17
542,3317.00,32.32768747,119.85425259,32.29091818,119.89968699,32.29091818,119.89968699,0.5567,5917.89,1,968,split_learned_disk,11,1,-1,1800.09,1536.78,1536.78
543,3321.00,32.30316776,119.84857270,32.29091818,119.89968699,32.29091818,119.89968699,0.5100,4997.98,1,335,split_learned_disk,9,1,-1,1766.87,1608.02,1608.02
544,3325.00,32.31756710,119.84748084,32.29091818,119.89968699,32.29091818,119.89968699,0.6033,5737.52,1,740,split_learned_disk,13,1,-1,1639.15,1270.81,1270.81
545,3329.00,32.30736182,119.85462767,32.29091818,119.89968699,32.29091818,119.89968699,0.5800,4617.13,1,427,split_learned_disk,12,1,-1,1306.11,1215.73,1215.73
546,3333.00,32.29425975,119.88007001,32.29091818,119.89968699,32.29091818,119.89968699,0.5567,1882.50,1,125,split_learned_disk,11,1,-1,2361.68,1148.08,1148.08
547,3337.00,32.31185046,119.86758027,32.29091818,119.89968699,32.31185046,119.86758027,0.5333,3814.71,1,569,split_learned_disk,10,1,1,129.05,129.05,129.05
548,3341.00,32.34133671,119.88971689,32.31185046,119.86758027,32.31185046,119.86758027,0.5100,3887.24,1,1299,split_learned_disk,9,1,-1,3949.14,2174.99,2174.99
549,3345.00,32.29341217,119.89784024,32.31185046,119.86758027,32.31185046,119.86758027,0.5800,3509.41,1,133,split_learned_disk,12,1,-1,3280.17,1053.58,1053.58
550,3348.00,32.29341217,119.89784024,32.31185046,119.86758027,32.31185046,119.86758027,0.5800,3509.41,1,133,split_learned_disk,12,1,-1,3170.94,737.60,737.60
551,3352.00,32.30971052,119.87603372,32.31185046,119.86758027,32.31185046,119.86758027,0.6267,830.14,1,528,split_learned_disk,14,1,9,591.88,56.50,56.50
552,3356.00,32.34628669,119.87832483,32.31185046,119.86758027,32.31185046,119.86758027,0.6500,3964.45,1,1429,split_learned_disk,15,1,-1,4260.71,478.35,478.35
553,3360.00,32.34628669,119.87832483,32.31185046,119.86758027,32.31185046,119.86758027,0.6500,3964.45,1,1429,split_learned_disk,15,1,-1,4315.67,543.64,543.64
554,3364.00,32.30754912,119.87630615,32.31185046,119.86758027,32.31185046,119.86758027,0.5100,950.30,1,484,split_learned_disk,9,1,10,595.97,118.74,118.74
555,3368.00,32.34764343,119.87246719,32.31185046,119.86758027,32.31185046,119.86758027,0.5333,4010.91,1,1471,split_learned_disk,10,1,-1,4585.80,429.79,429.79
556,3372.00,32.34317043,119.87248570,32.31185046,119.86758027,32.31185046,119.86758027,0.5567,3516.94,1,1382,split_learned_disk,11,1,-1,4240.14,440.16,440.16
557,3376.00,32.29341217,119.89784024,32.31185046,119.86758027,32.29341217,119.89784024,0.5800,3509.41,1,133,split_learned_disk,12,1,-1,2473.75,1032.26,1032.26
558,3380.00,32.33669204,119.89843007,32.29341217,119.89784024,32.29341217,119.89784024,0.5567,4818.23,1,1214,split_learned_disk,11,1,-1,4232.28,180.39,180.39
559,3384.00,32.29341217,119.89784024,32.29341217,119.89784024,32.29341217,119.89784024,0.5800,0.00,0,133,split_learned_disk,12,1,-1,2335.56,407.20,407.20
560,3388.00,32.30971052,119.87603372,32.29341217,119.89784024,32.29341217,119.89784024,0.6267,2738.59,1,528,split_learned_disk,14,1,-1,679.39,481.67,481.67
561,3391.00,32.34628669,119.87832483,32.29341217,119.89784024,32.29341217,119.89784024,0.6500,6165.64,1,1429,split_learned_disk,15,1,-1,4729.61,529.94,529.94
562,3395.00,32.34628669,119.87832483,32.29341217,119.89784024,32.29341217,119.89784024,0.6500,6165.64,1,1429,split_learned_disk,15,1,4,4785.81,75.72,75.72
563,3399.00,32.29375549,119.88336411,32.29341217,119.89784024,32.29341217,119.89784024,0.5333,1362.32,1,126,split_learned_disk,10,1,6,1012.91,132.22,132.22
564,3403.00,32.33803805,119.89277557,32.29341217,119.89784024,32.29341217,119.89784024,0.5567,4990.55,1,1256,split_learned_disk,11,1,-1,4277.70,700.77,700.77
565,3407.00,32.34628669,119.87832483,32.29341217,119.89784024,32.29341217,119.89784024,0.6500,6165.64,1,1429,split_learned_disk,15,1,3,4970.28,142.39,142.39
566,3411.00,32.29873766,119.87394575,32.29341217,119.89784024,32.29341217,119.89784024,0.5100,2324.64,1,257,split_learned_disk,9,1,2,777.83,47.49,47.49
567,3415.00,32.34317043,119.87248570,32.29341217,119.89784024,32.29341217,119.89784024,0.5567,6030.78,1,1382,split_learned_disk,11,1,-1,4948.31,280.15,280.15
568,3419.00,32.32786986,119.87888346,32.29341217,119.89784024,32.29341217,119.89784024,0.5333,4230.09,1,979,split_learned_disk,10,1,-1,3162.58,368.10,368.10
569,3423.00,32.31185046,119.89521904,32.29341217,119.89784024,32.31185046,119.89521904,0.5567,2067.31,1,582,split_learned_disk,11,1,-1,1742.06,344.90,344.90
570,3427.00,32.30754912,119.87630615,32.31185046,119.89521904,32.31185046,119.89521904,0.5100,1842.46,1,484,split_learned_disk,9,1,-1,1231.37,1196.09,1196.09
571,3431.00,32.30389150,119.87734723,32.31185046,119.89521904,32.31185046,119.89521904,0.5333,1900.39,1,394,split_learned_disk,10,1,-1,1019.22,1019.22,1019.22
572,3435.00,32.33669204,119.89843007,32.31185046,119.89521904,32.31185046,119.89521904,0.5567,2781.81,1,1214,split_learned_disk,11,1,-1,4519.03,1427.85,1427.85
573,3438.00,32.34488704,119.89037020,32.31185046,119.89521904,32.31185046,119.89521904,0.6267,3705.81,1,1390,split_learned_disk,14,1,-1,5233.08,664.23,664.23
574,3442.00,32.30754912,119.87630615,32.31185046,119.89521904,32.31185046,119.89521904,0.5100,1842.46,1,484,split_learned_disk,9,1,-1,1573.13,724.83,724.83
575,3446.00,32.30646059,119.88033662,32.31185046,119.89521904,32.31185046,119.89521904,0.5800,1523.15,1,440,split_learned_disk,12,1,-1,1403.15,639.31,639.31
576,3492.00,32.34211991,119.86627946,32.31185046,119.89521904,32.31185046,119.89521904,0.5567,4331.91,1,1288,split_learned_disk,11,1,-1,5562.77,411.39,411.39
577,3499.00,32.33475594,119.86704703,32.31185046,119.89521904,32.31185046,119.89521904,0.5333,3677.64,1,1154,split_learned_disk,10,1,-1,4834.26,393.30,393.30
578,3506.00,32.34488704,119.89037020,32.31185046,119.89521904,32.31185046,119.89521904,0.6267,3705.81,1,1390,split_learned_disk,14,1,-1,5440.24,4377.82,4377.82
579,3514.00,32.33475594,119.86704703,32.31185046,119.89521904,32.33475594,119.86704703,0.5333,3677.64,1,1154,split_learned_disk,10,1,-1,4661.97,1240.29,1240.29
580,3521.00,32.35128541,119.82768611,32.33475594,119.86704703,32.35128412,119.82768918,0.7433,4134.72,0,1496,split_learned_disk,19,1,-1,7834.61,4017.60,4017.60
581,3529.00,32.33475594,119.86704703,32.35243272,119.82495408,32.35243272,119.82495408,0.5333,4421.71,1,1154,split_learned_disk,10,1,-1,4524.95,923.03,923.03
582,3536.00,32.32469504,119.89971238,32.35343774,119.82256086,32.35343774,119.82256086,0.5567,7931.70,1,899,split_learned_disk,11,1,-1,3364.40,851.34,851.34
583,3544.00,32.33700317,119.83143727,32.35458634,119.81982576,32.35458634,119.81982576,0.5333,2241.51,1,1182,split_learned_disk,10,1,-1,6432.65,687.35,687.35
584,3551.00,32.28987257,119.88307210,32.35559136,119.81743254,32.35559136,119.81743254,0.5100,9573.34,1,36,split_learned_disk,9,1,6,935.14,139.67,139.67
585,3559.00,32.34628669,119.87832483,32.35673996,119.81469743,32.35673996,119.81469743,0.6500,6097.54,1,1429,split_learned_disk,15,1,8,5222.10,37.13,37.13
586,3566.00,32.34628669,119.87832483,32.35774498,119.81230422,32.35774498,119.81230422,0.6500,6340.24,1,1429,split_learned_disk,15,1,6,5166.46,48.15,48.15
587,3573.00,32.34628669,119.87832483,32.35875000,119.80991100,32.35875000,119.80991100,0.6500,6583.59,1,1429,split_learned_disk,15,1,-1,5097.47,162.58,162.58
588,3581.00,32.34628669,119.87832483,32.35989860,119.80717590,32.35989860,119.80717590,0.6500,6862.42,1,1429,split_learned_disk,15,1,-1,5041.31,271.13,271.13
589,3588.00,32.30754912,119.87630615,32.36090362,119.80478268,32.36090362,119.80478268,0.5100,8974.76,1,484,split_learned_disk,9,1,7,793.82,87.32,87.32
590,3596.00,32.30971052,119.87603372,32.36205221,119.80204758,32.30971052,119.87603372,0.6267,9076.94,1,528,split_learned_disk,14,1,8,929.98,70.50,70.50
591,3603.00,32.34799749,119.87907971,32.30971052,119.87603372,32.30971052,119.87603372,0.5100,4271.73,1,1475,split_learned_disk,9,1,-1,5090.66,274.40,274.40
592,3610.00,32.30971052,119.87603372,32.30971052,119.87603372,32.30971052,119.87603372,0.6267,0.00,0,528,split_learned_disk,14,1,4,813.92,98.27,98.27
593,3618.00,32.34628669,119.87832483,32.30971052,119.87603372,32.30971052,119.87603372,0.6500,4077.36,1,1429,split_learned_disk,15,1,-1,4768.32,151.89,151.89
594,3625.00,32.34628669,119.87832483,32.30971052,119.87603372,32.30971052,119.87603372,0.6500,4077.36,1,1429,split_learned_disk,15,1,7,4721.69,131.83,131.83
595,3632.00,32.29240948,119.87490377,32.30971052,119.87603372,32.30971052,119.87603372,0.5333,1928.88,1,78,split_learned_disk,10,1,-1,1412.74,359.83,359.83
596,3640.00,32.29341217,119.89784024,32.30971052,119.87603372,32.30971052,119.87603372,0.5800,2738.59,1,133,split_learned_disk,12,1,-1,2676.03,699.60,699.60
597,3647.00,32.30147842,119.88783787,32.30971052,119.87603372,32.30971052,119.87603372,0.5333,1439.73,1,309,split_learned_disk,10,1,-1,1746.13,340.55,340.55
598,3654.00,32.34764343,119.87246719,32.30971052,119.87603372,32.30971052,119.87603372,0.5333,4236.00,1,1471,split_learned_disk,10,1,6,4665.59,68.25,68.25
599,3662.00,32.35147271,119.87235293,32.30971052,119.87603372,32.30971052,119.87603372,0.5567,4661.84,1,1561,split_learned_disk,11,1,6,5013.83,66.79,66.79
600,3669.00,32.33254090,119.84817912,32.30971052,119.87603372,32.30971052,119.87603372,0.5333,3650.36,1,1100,split_learned_disk,10,1,-1,3477.44,980.77,980.77
601,3676.00,32.31670389,119.83739067,32.30971052,119.87603372,32.30971052,119.87603372,0.5100,3717.61,1,689,split_learned_disk,9,1,-1,3227.10,916.15,916.15
602,3684.00,32.32115544,119.82797812,32.30971052,119.87603372,32.32115544,119.82797812,0.5333,4696.73,1,776,split_learned_disk,10,1,-1,3822.43,2550.23,2550.23
603,3691.00,32.32677061,119.85414521,32.32115544,119.82797812,32.32115544,119.82797812,0.5333,2539.68,1,922,split_learned_disk,10,1,-1,2336.34,2190.68,2190.68
604,3699.00,32.31556172,119.82233051,32.32115544,119.82797812,32.32115544,119.82797812,0.5800,818.53,1,637,split_learned_disk,12,1,-1,4218.70,2330.87,2330.87
605,3706.00,32.29091818,119.89968699,32.32115544,119.82797812,32.32115544,119.82797812,0.5567,7538.87,1,89,split_learned_disk,11,1,8,3858.94,88.29,88.29
606,3714.00,32.29775643,119.86862135,32.32115544,119.82797812,32.32115544,119.82797812,0.5567,4626.32,1,209,split_learned_disk,11,1,6,1444.94,63.41,63.41
607,3721.00,32.29425975,119.88007001,32.32115544,119.82797812,32.32115544,119.82797812,0.5567,5742.59,1,125,split_learned_disk,11,1,7,2474.33,68.19,68.19
608,3729.00,32.31457467,119.85549681,32.32115544,119.82797812,32.32115544,119.82797812,0.5567,2690.36,1,653,split_learned_disk,11,1,-1,830.37,170.80,170.80
609,3737.00,32.32909294,119.85783870,32.32115544,119.82797812,32.32115544,119.82797812,0.5333,2944.70,1,969,split_learned_disk,10,1,-1,1867.16,183.12,183.12
610,3744.00,32.34059642,119.88033662,32.32115544,119.82797812,32.32115544,119.82797812,0.5333,5379.89,1,1295,split_learned_disk,10,1,-1,3694.91,1890.32,1890.32
611,3752.00,32.35496940,119.89734509,32.32115544,119.82797812,32.32115544,119.82797812,0.5567,7533.25,1,1663,split_learned_disk,11,1,2,5881.13,120.49,120.49
612,3760.00,32.30029825,119.86030756,32.32115544,119.82797812,32.30029825,119.86030756,0.6267,3826.24,1,295,split_learned_disk,14,1,6,1350.25,50.28,50.28
613,3767.00,32.30029825,119.86030756,32.30029825,119.86030756,32.30029825,119.86030756,0.6267,0.00,0,295,split_learned_disk,14,1,3,1409.53,101.39,101.39
614,3775.00,32.32909294,119.85783870,32.30029825,119.86030756,32.30029825,119.86030756,0.5333,3213.83,1,969,split_learned_disk,10,1,4,1538.46,138.53,138.53
615,3782.00,32.31587286,119.85579463,32.30029825,119.86030756,32.30029825,119.86030756,0.5100,1784.98,1,654,split_learned_disk,9,1,1,121.82,121.82,121.82
616,3790.00,32.29425975,119.88007001,32.30029825,119.86030756,32.30029825,119.86030756,0.5567,1976.87,1,125,split_learned_disk,11,1,2,3305.25,111.79,111.79
617,3798.00,32.29425975,119.88007001,32.30029825,119.86030756,32.30029825,119.86030756,0.5567,1976.87,1,125,split_learned_disk,11,1,2,3410.68,42.98,42.98
618,3805.00,32.32768747,119.85425259,32.30029825,119.86030756,32.30029825,119.86030756,0.5567,3101.72,1,968,split_learned_disk,11,1,-1,1306.98,510.59,510.59
619,3813.00,32.33262673,119.85702615,32.30029825,119.86030756,32.30029825,119.86030756,0.5100,3612.02,1,1104,split_learned_disk,9,1,-1,1885.98,1112.88,1112.88
620,3821.00,32.30082396,119.86596206,32.30029825,119.86030756,32.30029825,119.86030756,0.5100,535.13,1,298,split_learned_disk,9,1,-1,2214.99,1424.13,1424.13
621,3828.00,32.32909294,119.85783870,32.30029825,119.86030756,32.30029825,119.86030756,0.5333,3213.83,1,969,split_learned_disk,10,1,-1,1219.01,946.89,946.89
622,3836.00,32.29775643,119.86862135,32.30029825,119.86030756,32.30029825,119.86030756,0.5567,831.70,1,209,split_learned_disk,11,1,9,2803.11,81.55,81.55
623,3844.00,32.34211991,119.86627946,32.30029825,119.86030756,32.34211991,119.86627946,0.5567,4689.36,1,1288,split_learned_disk,11,1,-1,2819.03,1585.67,1585.67
624,3852.00,32.34211991,119.86627946,32.34211991,119.86627946,32.34211991,119.86627946,0.5567,0.00,0,1288,split_learned_disk,11,1,-1,2821.97,1143.93,1143.93
625,3859.00,32.29091818,119.89968699,32.34211991,119.86627946,32.34211991,119.86627946,0.5567,6508.75,1,89,split_learned_disk,11,1,-1,5753.18,705.55,705.55
626,3867.00,32.30646059,119.88033662,32.34211991,119.86627946,32.34211991,119.86627946,0.5800,4184.06,1,440,split_learned_disk,12,1,-1,3419.93,681.52,681.52
627,3874.00,32.29388424,119.89860782,32.34211991,119.86627946,32.34211991,119.86627946,0.6267,6170.99,1,134,split_learned_disk,14,1,-1,5785.81,671.57,671.57
628,3882.00,32.34764343,119.87246719,32.34211991,119.86627946,32.34211991,119.86627946,0.5333,846.70,1,1471,split_learned_disk,10,1,3,3803.37,80.05,80.05
629,3890.00,32.31713795,119.83220485,32.34211991,119.86627946,32.34211991,119.86627946,0.5333,4243.66,1,733,split_learned_disk,10,1,7,1125.28,103.32,103.32
630,3897.00,32.31635566,119.84082335,32.34211991,119.86627946,32.34211991,119.86627946,0.5567,3736.35,1,647,split_learned_disk,11,1,5,817.12,18.52,18.52
631,3905.00,32.32456047,119.84163590,32.34211991,119.86627946,32.34211991,119.86627946,0.6033,3032.35,1,917,split_learned_disk,13,1,-1,392.35,234.23,234.23
632,3912.00,32.30646059,119.83994151,32.34211991,119.86627946,32.34211991,119.86627946,0.5333,4679.35,1,421,split_learned_disk,10,1,-1,1929.53,1310.90,1310.90
633,3919.00,32.30646059,119.83994151,32.34211991,119.86627946,32.34211991,119.86627946,0.5333,4679.35,1,421,split_learned_disk,10,1,-1,1973.14,1179.62,1179.62
634,3926.00,32.32345631,119.80480731,32.34211991,119.86627946,32.32346816,119.80484631,0.7667,6144.64,0,810,split_learned_disk,20,1,-1,3306.85,1924.38,1924.38
635,3934.00,32.32345631,119.80480731,32.32096132,119.79658955,32.32325097,119.80413095,0.7667,821.43,0,810,split_learned_disk,20,1,-1,3218.24,2563.51,2563.51
636,3941.00,32.31713795,119.83220485,32.32284942,119.80280848,32.32284942,119.80280848,0.5333,2837.49,1,733,split_learned_disk,10,1,-1,957.50,957.50,957.50
637,3949.00,32.33763617,119.86513681,32.32239052,119.80129709,32.32239052,119.80129709,0.5333,6240.65,1,1198,split_learned_disk,10,1,-1,2763.92,2073.05,2073.05
638,3957.00,32.34211991,119.86627946,32.32193161,119.79978570,32.32193161,119.79978570,0.5567,6646.59,1,1288,split_learned_disk,11,1,-1,3010.49,333.59,333.59
639,3964.00,32.33428969,119.89212226,32.32153006,119.79846323,32.32153006,119.79846323,0.5100,8924.34,1,1120,split_learned_disk,9,1,-1,5122.07,1788.93,1788.93
640,3972.00,32.32802006,119.83568939,32.32107116,119.79695184,32.32107116,119.79695184,0.6267,3725.27,1,959,split_learned_disk,14,1,1,38.13,38.13,38.13
641,3979.00,32.32802006,119.83568939,32.32066961,119.79562937,32.32066961,119.79562937,0.6267,3856.29,1,959,split_learned_disk,14,1,1,42.72,42.72,42.72
642,3987.00,32.31713795,119.83220485,32.32021071,119.79411798,32.32021071,119.79411798,0.5333,3599.15,1,733,split_learned_disk,10,1,-1,1095.19,620.05,620.05
643,3994.00,32.32532804,119.85015283,32.31980916,119.79279551,32.31980916,119.79279551,0.5567,5430.51,1,876,split_learned_disk,11,1,-1,1650.61,957.46,957.46
644,4002.00,32.33378544,119.83370299,32.31935025,119.79128412,32.31935025,119.79128412,0.5567,4301.78,1,1093,split_learned_disk,11,1,9,405.34,147.02,147.02
645,4010.00,32.33378544,119.83370299,32.31889135,119.78977273,32.33378544,119.83370299,0.5567,4452.75,1,1093,split_learned_disk,11,1,-1,365.92,365.92,365.92
646,4018.00,32.33561916,119.80936413,32.33378544,119.83370299,32.33378544,119.83370299,0.5800,2298.66,1,1172,split_learned_disk,12,1,-1,2162.44,523.28,523.28
647,4025.00,32.32745725,119.82644297,32.33378544,119.83370299,32.33378544,119.83370299,0.5567,981.16,1,909,split_learned_disk,11,1,-1,802.75,160.63,160.63
648,4033.00,32.34244669,119.88993853,32.33378544,119.83370299,32.33378544,119.83370299,0.5567,5377.27,1,1345,split_learned_disk,11,1,-1,5852.95,494.25,494.25
649,4040.00,32.31224743,119.89731970,32.33378544,119.83370299,32.33378544,119.83370299,0.6267,6446.90,1,583,split_learned_disk,14,1,-1,6827.86,384.31,384.31
650,4048.00,32.31185046,119.89521904,32.33378544,119.83370299,32.33378544,119.83370299,0.5567,6280.94,1,582,split_learned_disk,11,1,-1,6747.43,280.39,280.39
651,4055.00,32.33378544,119.83370299,32.33378544,119.83370299,32.33378544,119.83370299,0.5567,0.00,0,1093,split_learned_disk,11,1,-1,523.44,276.83,276.83
652,4063.00,32.29515515,119.87257457,32.33378544,119.83370299,32.33378544,119.83370299,0.5567,5644.83,1,167,split_learned_disk,11,1,4,6140.82,135.44,135.44
653,4070.00,32.29388424,119.89860782,32.33378544,119.83370299,32.33378544,119.83370299,0.6267,7550.40,1,134,split_learned_disk,14,1,-1,8259.01,3619.75,3619.75
654,4078.00,32.32592303,119.85040675,32.33378544,119.83370299,32.33378544,119.83370299,0.5333,1798.65,1,921,split_learned_disk,10,1,-1,2600.60,188.22,188.22
655,4085.00,32.34660856,119.82193004,32.33378544,119.83370299,32.33378544,119.83370299,0.6733,1806.71,1,1403,split_learned_disk,16,1,-1,1160.55,668.27,668.27
656,4092.00,32.32098378,119.83337289,32.33378544,119.83370299,32.33378544,119.83370299,0.6033,1425.42,1,778,split_learned_disk,13,1,-1,1922.89,706.46,706.46
657,4100.00,32.33748597,119.82345358,32.33378544,119.83370299,32.33378544,119.83370299,0.5333,1048.49,1,1178,split_learned_disk,10,1,1,45.32,45.32,45.32
658,4107.00,32.29568086,119.89521904,32.33378544,119.83370299,32.33378544,119.83370299,0.5333,7175.00,1,177,split_learned_disk,10,1,4,8288.59,112.74,112.74
659,4114.00,32.33547477,119.80963764,32.33378544,119.83370299,32.33378544,119.83370299,0.5100,2271.64,1,1126,split_learned_disk,9,1,-1,1246.96,1246.96,1246.96
660,4122.00,32.33626289,119.86798655,32.33378544,119.83370299,32.33378544,119.83370299,0.5100,3236.85,1,1199,split_learned_disk,9,1,-1,4477.90,714.72,714.72
661,4129.00,32.31713795,119.83220485,32.33378544,119.83370299,32.31713795,119.83220485,0.5333,1858.55,1,733,split_learned_disk,10,1,-1,2533.61,757.16,757.16
662,4136.00,32.32592303,119.85040675,32.31713795,119.83220485,32.31713795,119.83220485,0.5333,1971.87,1,921,split_learned_disk,10,1,-1,3302.65,860.42,860.42
663,4143.00,32.33561916,119.80936413,32.31713795,119.83220485,32.31713795,119.83220485,0.5800,2974.77,1,1172,split_learned_disk,12,1,-1,799.09,799.09,799.09
664,4149.00,32.31713795,119.83220485,32.31713795,119.83220485,32.31713795,119.83220485,0.5333,0.00,0,733,split_learned_disk,10,1,-1,2833.81,979.85,979.85
665,4156.00,32.29029099,119.86120209,32.31713795,119.83220485,32.31713795,119.83220485,0.5800,4046.31,1,26,split_learned_disk,12,1,-1,7049.50,2236.92,2236.92
666,4163.00,32.29091818,119.89968699,32.31713795,119.83220485,32.31713795,119.83220485,0.5567,6986.96,1,89,split_learned_disk,11,1,-1,9574.39,985.12,985.12
667,4170.00,32.32115544,119.82797812,32.31713795,119.83220485,32.31713795,119.83220485,0.5333,598.42,1,776,split_learned_disk,10,1,-1,2694.42,1914.95,1914.95
668,4177.00,32.32115544,119.82797812,32.31713795,119.83220485,32.31713795,119.83220485,0.5333,598.42,1,776,split_learned_disk,10,1,-1,2799.69,815.02,815.02
669,4184.00,32.33142019,119.82627103,32.31713795,119.83220485,32.31713795,119.83220485,0.5567,1685.04,1,1045,split_learned_disk,11,1,3,1832.83,86.53,86.53
670,4192.00,32.33407512,119.83521963,32.31713795,119.83220485,32.31713795,119.83220485,0.5567,1906.66,1,1094,split_learned_disk,11,1,4,2490.56,115.66,115.66
671,4199.00,32.33626289,119.86798655,32.31713795,119.83220485,32.31713795,119.83220485,0.5100,3982.79,1,1199,split_learned_disk,9,1,-1,5284.55,239.92,239.92
672,4245.00,32.29577742,119.88908208,32.31713795,119.83220485,32.31713795,119.83220485,0.6033,5855.07,1,174,split_learned_disk,13,1,8,9052.00,19.58,19.58
673,4249.00,32.34488704,119.89037020,32.31713795,119.83220485,32.31713795,119.83220485,0.6267,6283.40,1,1390,split_learned_disk,14,1,8,7527.25,101.77,101.77
674,4253.00,32.34488704,119.89037020,32.31713795,119.83220485,32.34488704,119.89037020,0.6267,6283.40,1,1390,split_learned_disk,14,1,-1,7529.42,1587.64,1587.64
675,4257.00,32.29029099,119.86120209,32.34488704,119.89037020,32.34488704,119.89037020,0.5800,6668.31,1,26,split_learned_disk,12,1,-1,7282.66,1558.29,1558.29
676,4261.00,32.33340993,119.80805062,32.34488704,119.89037020,32.34488704,119.89037020,0.5800,7848.55,1,1081,split_learned_disk,12,1,-1,887.76,252.79,252.79
677,4265.00,32.31713795,119.83220485,32.34488704,119.89037020,32.34488704,119.89037020,0.5333,6283.40,1,733,split_learned_disk,10,1,-1,2945.81,468.22,468.22
678,4269.00,32.33340993,119.80805062,32.34488704,119.89037020,32.34488704,119.89037020,0.5800,7848.55,1,1081,split_learned_disk,12,1,-1,918.05,576.38,576.38
679,4273.00,32.32532804,119.85015283,32.34488704,119.89037020,32.34488704,119.89037020,0.5567,4365.07,1,876,split_learned_disk,11,1,-1,3704.33,612.28,612.28
680,4277.00,32.33342066,119.87043001,32.34488704,119.89037020,32.34488704,119.89037020,0.5800,2268.89,1,1110,split_learned_disk,12,1,-1,5079.10,1457.32,1457.32
681,4281.00,32.32592303,119.85040675,32.34488704,119.89037020,32.34488704,119.89037020,0.5333,4311.57,1,921,split_learned_disk,10,1,-1,3402.59,684.94,684.94
682,4285.00,32.34488704,119.89037020,32.34488704,119.89037020,32.34488704,119.89037020,0.6267,0.00,0,1390,split_learned_disk,14,1,-1,6909.28,614.13,614.13
683,4289.00,32.34590046,119.82027374,32.34488704,119.89037020,32.34488704,119.89037020,0.6267,6594.99,1,1402,split_learned_disk,14,1,-1,1058.62,175.81,175.81
684,4294.00,32.32115544,119.82797812,32.34488704,119.89037020,32.34488704,119.89037020,0.5333,6436.42,1,776,split_learned_disk,10,1,-1,1956.79,524.01,524.01
685,4298.00,32.35024472,119.85043214,32.34488704,119.89037020,32.34488704,119.89037020,0.4867,3804.05,1,1506,split_learned_disk,8,1,-1,3269.96,1648.48,1648.48
686,4302.00,32.29927411,119.89734509,32.34488704,119.89037020,32.34488704,119.89037020,0.6033,5119.85,1,268,split_learned_disk,13,1,-1,8214.87,1302.22,1302.22
687,4306.00,32.33561916,119.80936413,32.34488704,119.89037020,32.34488704,119.89037020,0.5800,7689.83,1,1172,split_learned_disk,12,1,-1,1146.60,896.03,896.03
688,4309.00,32.33561916,119.80936413,32.34488704,119.89037020,32.34488704,119.89037020,0.5800,7689.83,1,1172,split_learned_disk,12,1,-1,1251.77,485.46,485.46
689,4313.00,32.34488704,119.89037020,32.34488704,119.89037020,32.34488704,119.89037020,0.6267,0.00,0,1390,split_learned_disk,14,1,-1,6503.49,193.96,193.96
690,4317.00,32.34488704,119.89037020,32.34488704,119.89037020,32.34488704,119.89037020,0.6267,0.00,0,1390,split_learned_disk,14,1,7,6421.60,109.58,109.58
691,4321.00,32.30646059,119.88033662,32.34488704,119.89037020,32.34488704,119.89037020,0.5800,4380.53,1,440,split_learned_disk,12,1,-1,5952.81,954.73,954.73
692,4325.00,32.33669204,119.89843007,32.34488704,119.89037020,32.34488704,119.89037020,0.5567,1186.21,1,1214,split_learned_disk,11,1,-1,6934.80,290.27,290.27
693,4329.00,32.33763617,119.86513681,32.34488704,119.89037020,32.34488704,119.89037020,0.5333,2507.21,1,1198,split_learned_disk,10,1,-1,3670.80,1176.38,1176.38
694,4333.00,32.33693880,119.85608083,32.34488704,119.89037020,32.34488704,119.89037020,0.6033,3344.78,1,1193,split_learned_disk,13,1,6,2704.16,121.85,121.85
695,4337.00,32.33340993,119.80805062,32.34488704,119.89037020,32.34488704,119.89037020,0.5800,7848.55,1,1081,split_learned_disk,12,1,-1,1906.33,182.91,182.91
696,4341.00,32.35316205,119.87129915,32.34488704,119.89037020,32.34488704,119.89037020,0.5567,2016.71,1,1606,split_learned_disk,11,1,-1,4796.32,370.73,370.73
697,4345.00,32.32592303,119.85040675,32.34488704,119.89037020,32.34488704,119.89037020,0.5333,4311.57,1,921,split_learned_disk,10,1,-1,1965.28,652.19,652.19
698,4349.00,32.33561916,119.80936413,32.34488704,119.89037020,32.34488704,119.89037020,0.5800,7689.83,1,1172,split_learned_disk,12,1,-1,2161.26,752.84,752.84
699,4353.00,32.33589320,119.83389343,32.34488704,119.89037020,32.34488704,119.89037020,0.5333,5406.33,1,1138,split_learned_disk,10,1,-1,816.39,382.19,382.19
700,4357.00,32.34488704,119.89037020,32.34488704,119.89037020,32.34488704,119.89037020,0.6267,0.00,0,1390,split_learned_disk,14,1,-1,5842.90,438.83,438.83
701,4361.00,32.34488704,119.89037020,32.34488704,119.89037020,32.34488704,119.89037020,0.6267,0.00,0,1390,split_learned_disk,14,1,-1,5771.66,892.86,892.86
702,4365.00,32.35067387,119.82691854,32.34488704,119.89037020,32.34488704,119.89037020,0.6967,6003.61,1,1495,split_learned_disk,17,1,-1,2626.39,298.82,298.82
703,4369.00,32.35237884,119.85533176,32.34488704,119.89037020,32.35177275,119.85816648,0.7667,3399.97,0,1598,split_learned_disk,20,1,-1,3534.59,813.91,813.91
704,4373.00,32.33378544,119.83370299,32.35476244,119.84418378,32.35476244,119.84418378,0.5567,2534.77,1,1093,split_learned_disk,11,1,-1,868.84,753.94,753.94
705,4377.00,32.31713795,119.83220485,32.35775214,119.83020109,32.35775214,119.83020109,0.5333,4525.10,1,733,split_learned_disk,10,1,-1,723.35,723.35,723.35
706,4381.00,32.31713795,119.83220485,32.36074183,119.81621839,32.36074183,119.81621839,0.5333,5081.61,1,733,split_learned_disk,10,1,-1,698.59,698.59,698.59
707,4385.00,32.33475594,119.86704703,32.36373152,119.80223569,32.36373152,119.80223569,0.5333,6897.53,1,1154,split_learned_disk,10,1,-1,3044.95,701.32,701.32
708,4388.00,32.32212103,119.84421213,32.36597380,119.79174867,32.36597380,119.79174867,0.5333,6941.75,1,784,split_learned_disk,10,1,-1,754.30,754.30,754.30
709,4392.00,32.32345631,119.80480731,32.36896349,119.77776597,32.32401633,119.80447453,0.7667,5668.67,0,810,split_learned_disk,20,1,-1,3111.87,1400.14,1400.14
710,4396.00,32.32345631,119.80480731,32.31734976,119.79622985,32.32200165,119.80276398,0.7667,1055.07,0,810,split_learned_disk,20,1,-1,3205.54,1690.76,1690.76
711,4400.00,32.35128541,119.82768611,32.31817841,119.79851320,32.34335417,119.82069713,0.7433,4595.00,0,1496,split_learned_disk,19,1,-1,3261.12,1003.36,1003.36
712,4404.00,32.35128541,119.82768611,32.35489902,119.82998850,32.35219089,119.82826305,0.7433,456.87,0,1496,split_learned_disk,19,1,-1,3345.97,1014.19,1014.19
713,4408.00,32.33312025,119.84579914,32.36217471,119.83655981,32.36217471,119.83655981,0.5800,3349.09,1,1099,split_learned_disk,12,1,9,1416.33,113.80,113.80
714,4412.00,32.29927411,119.82718515,32.37215854,119.84485656,32.37215854,119.84485656,0.5800,8282.04,1,235,split_learned_disk,12,1,7,2792.21,118.27,118.27
715,4416.00,32.33312025,119.84579914,32.38214236,119.85315332,32.38214236,119.85315332,0.5800,5500.82,1,1099,split_learned_disk,12,1,5,1519.67,97.79,97.79
716,4420.00,32.33312025,119.84579914,32.39212619,119.86145008,32.39212619,119.86145008,0.5800,6731.52,1,1099,split_learned_disk,12,1,3,1564.52,85.95,85.95
717,4424.00,32.29792809,119.86508021,32.40211001,119.86974684,32.40211001,119.86974684,0.5800,11605.84,1,207,split_learned_disk,12,1,5,2888.63,33.72,33.72
718,4427.00,32.29029099,119.86120209,32.40959788,119.87596940,32.40959788,119.87596940,0.5800,13353.70,1,26,split_learned_disk,12,1,4,3402.37,95.52,95.52
719,4431.00,32.31756710,119.84748084,32.41958171,119.88426616,32.41958171,119.88426616,0.6033,11871.79,1,740,split_learned_disk,13,1,-1,185.78,185.78,185.78
720,4435.00,32.29425975,119.88007001,32.42956553,119.89256292,32.42956553,119.89256292,0.5567,15108.02,1,125,split_learned_disk,11,1,-1,4005.99,1302.15,1302.15
721,4439.00,32.34069298,119.86963015,32.43954936,119.90085968,32.43954936,119.90085968,0.5333,11390.08,1,1290,split_learned_disk,10,1,10,3288.08,71.56,71.56
722,4443.00,32.29686103,119.86822777,32.44953319,119.90915644,32.29686103,119.86822777,0.5333,17426.12,1,164,split_learned_disk,10,1,8,2829.05,109.45,109.45
723,4447.00,32.29568086,119.88246268,32.29686103,119.86822777,32.29686103,119.86822777,0.5567,1345.52,1,171,split_learned_disk,11,1,8,3711.61,56.53,56.53
724,4451.00,32.35432567,119.86529497,32.29686103,119.86822777,32.29686103,119.86822777,0.5800,6402.91,1,1649,split_learned_disk,12,1,-1,4693.85,647.15,647.15
725,4455.00,32.29425975,119.88007001,32.29686103,119.86822777,32.29686103,119.86822777,0.5567,1151.03,1,125,split_learned_disk,11,1,4,3532.02,105.66,105.66
726,4459.00,32.29208762,119.88246268,32.29686103,119.86822777,32.29686103,119.86822777,0.5100,1440.67,1,81,split_learned_disk,9,1,6,3706.87,67.80,67.80
727,4463.00,32.31484289,119.88955184,32.29686103,119.86822777,32.29686103,119.86822777,0.6033,2833.88,1,669,split_learned_disk,13,1,6,3283.25,122.63,122.63
728,4467.00,32.29240948,119.87490377,32.29686103,119.86822777,32.29686103,119.86822777,0.5333,799.98,1,78,split_learned_disk,10,1,-1,3075.32,1659.94,1659.94
729,4471.00,32.30561302,119.86177342,32.29686103,119.86822777,32.29686103,119.86822777,0.5100,1147.98,1,431,split_learned_disk,9,1,5,898.60,85.07,85.07
730,4475.00,32.30363401,119.85371936,32.29686103,119.86822777,32.29686103,119.86822777,0.6033,1559.23,1,383,split_learned_disk,13,1,6,835.14,93.58,93.58
731,4479.00,32.31303554,119.85100347,32.29686103,119.86822777,32.29686103,119.86822777,0.5333,2422.26,1,606,split_learned_disk,10,1,-1,646.22,646.22,646.22
732,4483.00,32.33700317,119.88884086,32.29686103,119.86822777,32.33700317,119.88884086,0.5100,4871.21,1,1209,split_learned_disk,9,1,-1,4090.47,745.99,745.99
733,4487.00,32.30480836,119.85753981,32.33700317,119.88884086,32.33700317,119.88884086,0.5800,4638.39,1,430,split_learned_disk,12,1,-1,449.72,449.72,449.72
734,4491.00,32.30363401,119.85371936,32.33700317,119.88884086,32.33700317,119.88884086,0.6033,4971.36,1,383,split_learned_disk,13,1,4,712.16,9.33,9.33
735,4495.00,32.30363401,119.85371936,32.33700317,119.88884086,32.33700317,119.88884086,0.6033,4971.36,1,383,split_learned_disk,13,1,2,725.88,106.56,106.56
736,4499.00,32.32212103,119.84421213,32.33700317,119.88884086,32.33700317,119.88884086,0.5333,4513.31,1,784,split_learned_disk,10,1,3,1908.52,84.84,84.84
737,4503.00,32.32909294,119.85783870,32.33700317,119.88884086,32.33700317,119.88884086,0.5333,3046.44,1,969,split_learned_disk,10,1,-1,2224.30,239.11,239.11
738,4507.00,32.31460195,119.88994542,32.33700317,119.88884086,32.33700317,119.88884086,0.5800,2495.87,1,624,split_learned_disk,12,1,-1,2513.65,163.18,163.18
739,4511.00,32.29029099,119.86120209,32.33700317,119.88884086,32.33700317,119.88884086,0.5800,5813.78,1,26,split_learned_disk,12,1,-1,1912.07,297.03,297.03
740,4515.00,32.32909294,119.85783870,32.33700317,119.88884086,32.33700317,119.88884086,0.5333,3046.44,1,969,split_learned_disk,10,1,-1,2442.83,267.71,267.71
741,4519.00,32.33669204,119.89843007,32.33700317,119.88884086,32.33700317,119.88884086,0.5567,902.73,1,1214,split_learned_disk,11,1,-1,4703.32,970.36,970.36
742,4523.00,32.30646059,119.88033662,32.33700317,119.88884086,32.30646059,119.88033662,0.5800,3492.85,1,440,split_learned_disk,12,1,-1,1350.10,1350.10,1350.10
743,4527.00,32.34488704,119.89037020,32.30646059,119.88033662,32.30646059,119.88033662,0.6267,4380.53,1,1390,split_learned_disk,14,1,-1,4881.10,1256.58,1256.58
744,4531.00,32.29341217,119.89784024,32.30646059,119.88033662,32.30646059,119.88033662,0.5800,2195.71,1,133,split_learned_disk,12,1,-1,3102.46,1259.43,1259.43
745,4535.00,32.28987257,119.88307210,32.30646059,119.88033662,32.30646059,119.88033662,0.5100,1864.42,1,36,split_learned_disk,9,1,-1,2069.54,1132.05,1132.05
746,4539.00,32.34628669,119.87832483,32.30646059,119.88033662,32.30646059,119.88033662,0.6500,4437.48,1,1429,split_learned_disk,15,1,-1,4775.44,830.87,830.87
747,4543.00,32.30971052,119.87603372,32.30646059,119.88033662,32.30646059,119.88033662,0.6267,542.89,1,528,split_learned_disk,14,1,-1,944.92,178.98,178.98
748,4547.00,32.29370185,119.89439379,32.30646059,119.88033662,32.30646059,119.88033662,0.5100,1940.60,1,132,split_learned_disk,9,1,5,2480.68,80.49,80.49
749,4550.00,32.34628669,119.87832483,32.30646059,119.88033662,32.30646059,119.88033662,0.6500,4437.48,1,1429,split_learned_disk,15,1,6,4921.26,107.94,107.94
750,4554.00,32.29341217,119.89784024,32.30646059,119.88033662,32.30646059,119.88033662,0.5800,2195.71,1,133,split_learned_disk,12,1,-1,2538.02,197.10,197.10
751,4558.00,32.30754912,119.87630615,32.30646059,119.88033662,32.30646059,119.88033662,0.5100,398.04,1,484,split_learned_disk,9,1,10,925.98,110.78,110.78
752,4562.00,32.29873766,119.87394575,32.30646059,119.88033662,32.29873766,119.87394575,0.5100,1049.07,1,257,split_learned_disk,9,1,5,158.78,41.45,41.45
753,4566.00,32.34628669,119.87832483,32.29873766,119.87394575,32.29873766,119.87394575,0.6500,5309.16,1,1429,split_learned_disk,15,1,3,5116.98,137.33,137.33
754,4570.00,32.34628669,119.87832483,32.29873766,119.87394575,32.29873766,119.87394575,0.6500,5309.16,1,1429,split_learned_disk,15,1,5,5172.55,108.28,108.28
755,4574.00,32.34294021,119.87715679,32.29873766,119.87394575,32.29873766,119.87394575,0.6033,4929.89,1,1339,split_learned_disk,13,1,-1,4823.87,408.41,408.41
756,4578.00,32.30754912,119.87630615,32.29873766,119.87394575,32.29873766,119.87394575,0.5100,1005.71,1,484,split_learned_disk,9,1,-1,1081.06,679.69,679.69
757,4582.00,32.33669204,119.89843007,32.29873766,119.87394575,32.29873766,119.87394575,0.5567,4812.10,1,1214,split_learned_disk,11,1,-1,4788.65,793.86,793.86
758,4586.00,32.32640583,119.82989523,32.29873766,119.87394575,32.29873766,119.87394575,0.5567,5163.15,1,911,split_learned_disk,11,1,5,5663.28,125.76,125.76
759,4590.00,32.30646059,119.88033662,32.29873766,119.87394575,32.29873766,119.87394575,0.5800,1049.07,1,440,split_learned_disk,12,1,5,1060.63,136.51,136.51
760,4595.00,32.31756710,119.84748084,32.29873766,119.87394575,32.29873766,119.87394575,0.6033,3254.47,1,740,split_learned_disk,13,1,-1,3886.53,653.91,653.91
761,4599.00,32.29568086,119.88246268,32.29873766,119.87394575,32.29873766,119.87394575,0.5567,870.46,1,171,split_learned_disk,11,1,1,142.11,71.81,71.81
762,4603.00,32.30736182,119.85462767,32.29873766,119.87394575,32.30736182,119.85462767,0.5800,2055.27,1,427,split_learned_disk,12,1,-1,3018.97,230.12,230.12
763,4607.00,32.32696373,119.80596265,32.30736182,119.85462767,32.30736182,119.85462767,0.6033,5071.41,1,900,split_learned_disk,13,1,3,8045.44,123.86,123.86
764,4611.00,32.34069298,119.86963015,32.30736182,119.85462767,32.30736182,119.85462767,0.5333,3969.76,1,1290,split_learned_disk,10,1,2,5292.45,76.49,76.49
765,4615.00,32.34069298,119.86963015,32.30736182,119.85462767,32.30736182,119.85462767,0.5333,3969.76,1,1290,split_learned_disk,10,1,2,5369.33,55.41,55.41
766,4619.00,32.34294021,119.87715679,32.30736182,119.85462767,32.30736182,119.85462767,0.6033,4491.97,1,1339,split_learned_disk,13,1,3,5491.18,66.35,66.35
767,4623.00,32.29375549,119.88336411,32.30736182,119.85462767,32.30736182,119.85462767,0.5333,3098.68,1,126,split_learned_disk,10,1,5,353.97,138.16,138.16
