Frame,Time_Sec,Raw_Lat,Raw_Lng,Predicted_Lat,Predicted_Lng,Filtered_Lat,Filtered_Lng,Match_Confidence,Innovation_M,Outlier_Rejected,Best_Match_Idx,Algorithm,Inliers,Measurement_Valid,Correct_Candidate_Rank,Top1_Min_Dist_M,Top5_Min_Dist_M,Top10_Min_Dist_M
1,5.00,29.79820093,116.03915155,29.79960000,116.04100000,29.79960000,116.04100000,0.6033,236.98,1,618,split_finetuned_disk,13,1,1,100.16,100.16,100.16
2,10.00,29.79820093,116.03915155,29.79960000,116.04100000,29.79960000,116.04100000,0.6033,236.98,1,618,split_finetuned_disk,13,1,1,145.34,145.34,145.34
3,15.00,29.79113859,116.03275669,29.79960000,116.04100000,29.79960000,116.04100000,0.5800,1233.56,1,540,split_finetuned_disk,12,1,-1,1073.63,623.13,623.13
4,20.00,29.79820093,116.03915155,29.79960000,116.04100000,29.79960000,116.04100000,0.6033,236.98,1,618,split_finetuned_disk,13,1,-1,280.54,280.54,280.54
5,25.00,29.79421676,116.04092466,29.79960000,116.04100000,29.79960000,116.04100000,0.6033,599.31,1,574,split_finetuned_disk,13,1,-1,278.55,278.55,278.55
6,30.00,29.74628130,116.03353551,29.79960000,116.04100000,29.79960000,116.04100000,0.5100,5979.10,1,180,split_finetuned_disk,9,1,-1,5426.66,1385.02,1385.02
7,35.00,29.79718764,116.05253465,29.79960000,116.04100000,29.79960000,116.04100000,0.5333,1146.46,1,609,split_finetuned_disk,10,1,-1,1140.61,1140.61,1140.61
8,40.00,29.78384941,116.04234632,29.79960000,116.04100000,29.79960000,116.04100000,0.5100,1758.18,1,499,split_finetuned_disk,9,1,-1,1030.66,1030.66,1030.66
9,45.00,29.72701206,116.05155804,29.79960000,116.04100000,29.79960000,116.04100000,0.5333,8144.64,1,24,split_finetuned_disk,10,1,-1,7429.83,4483.14,4483.14
10,50.00,29.72752713,116.05813833,29.79960000,116.04100000,29.72752713,116.05813833,0.5567,8192.28,1,27,split_finetuned_disk,11,1,-1,7455.42,520.96,520.96
11,55.00,29.73631709,116.04102356,29.72752713,116.05813833,29.72752713,116.05813833,0.5333,1921.55,1,94,split_finetuned_disk,10,1,-1,6181.59,2237.02,2237.02
12,60.00,29.73636001,116.03363440,29.72752713,116.05813833,29.72752713,116.05813833,0.5100,2563.80,1,90,split_finetuned_disk,9,1,-1,6142.68,4557.13,4557.13
13,64.00,29.73580202,116.03854580,29.72752713,116.05813833,29.72752713,116.05813833,0.5333,2105.38,1,93,split_finetuned_disk,10,1,-1,6025.71,5049.58,5049.58
14,70.00,29.79097152,116.05078626,29.72752713,116.05813833,29.72752713,116.05813833,0.5567,7098.27,1,563,split_finetuned_disk,11,1,-1,936.26,457.76,457.76
15,74.00,29.73580202,116.03854580,29.72752713,116.05813833,29.72752713,116.05813833,0.5333,2105.38,1,93,split_finetuned_disk,10,1,-1,5869.89,401.92,401.92
16,80.00,29.79418919,116.03816961,29.72752713,116.05813833,29.72752713,116.05813833,0.5567,7667.57,1,587,split_finetuned_disk,11,1,-1,862.21,862.21,862.21
17,85.00,29.74173915,116.05295497,29.72752713,116.05813833,29.72752713,116.05813833,0.5100,1659.47,1,144,split_finetuned_disk,9,1,-1,5230.49,434.69,434.69
18,89.00,29.79344878,116.03368385,29.72752713,116.05813833,29.72752713,116.05813833,0.5567,7709.46,1,585,split_finetuned_disk,11,1,-1,1200.12,375.63,375.63
19,94.00,29.79820093,116.03915155,29.72752713,116.05813833,29.72752713,116.05813833,0.6033,8078.49,1,618,split_finetuned_disk,13,1,7,1457.11,112.29,112.29
20,99.00,29.78432156,116.03433905,29.72752713,116.05813833,29.78432156,116.03433905,0.5333,6727.60,1,495,split_finetuned_disk,10,1,2,701.91,119.93,119.93
21,104.00,29.75164971,116.05241103,29.78432156,116.03433905,29.78432156,116.03433905,0.5800,4034.52,1,234,split_finetuned_disk,12,1,-1,3755.53,231.64,231.64
22,109.00,29.79718764,116.05253465,29.78432156,116.03433905,29.78432156,116.03433905,0.5333,2267.73,1,609,split_finetuned_disk,10,1,-1,1850.92,414.52,414.52
23,114.00,29.75164971,116.05241103,29.78432156,116.03433905,29.78432156,116.03433905,0.5800,4034.52,1,234,split_finetuned_disk,12,1,8,3606.82,104.45,104.45
24,119.00,29.72752713,116.05813833,29.78432156,116.03433905,29.78432156,116.03433905,0.5567,6727.60,1,27,split_finetuned_disk,11,1,-1,6387.39,4355.58,4355.58
25,124.00,29.79404507,116.04641176,29.78432156,116.03433905,29.78432156,116.03433905,0.5100,1591.38,1,576,split_finetuned_disk,9,1,-1,1413.26,296.57,296.57
26,129.00,29.78109315,116.03997981,29.78432156,116.03433905,29.78432156,116.03433905,0.5800,652.87,1,468,split_finetuned_disk,12,1,1,99.12,99.12,99.12
27,134.00,29.79820093,116.03915155,29.78432156,116.03433905,29.78432156,116.03433905,0.6033,1613.51,1,618,split_finetuned_disk,13,1,4,2090.62,148.98,148.98
28,139.00,29.78109315,116.03997981,29.78432156,116.03433905,29.78432156,116.03433905,0.5800,652.87,1,468,split_finetuned_disk,12,1,2,193.25,104.21,104.21
29,145.00,29.78022397,116.04586783,29.78432156,116.03433905,29.78432156,116.03433905,0.5333,1203.76,1,471,split_finetuned_disk,10,1,2,557.70,110.61,110.61
30,150.00,29.77833078,116.04149333,29.78432156,116.03433905,29.77833078,116.04149333,0.5100,960.54,1,454,split_finetuned_disk,9,1,3,158.70,125.66,125.66
31,155.00,29.78039566,116.04895133,29.77833078,116.04149333,29.77833078,116.04149333,0.5100,756.42,1,472,split_finetuned_disk,9,1,2,807.46,98.58,98.58
32,160.00,29.77179885,116.03410417,29.77833078,116.04149333,29.77833078,116.04149333,0.4867,1019.07,1,390,split_finetuned_disk,8,1,3,872.12,125.65,125.65
33,165.00,29.73340449,116.05377620,29.77833078,116.04149333,29.77833078,116.04149333,0.5567,5140.10,1,85,split_finetuned_disk,11,1,-1,4823.06,2462.68,2462.68
34,170.00,29.79344878,116.03368385,29.77833078,116.04149333,29.77833078,116.04149333,0.5567,1844.37,1,585,split_finetuned_disk,11,1,-1,2351.08,456.31,456.31
35,176.00,29.79344878,116.03368385,29.77833078,116.04149333,29.77833078,116.04149333,0.5567,1844.37,1,585,split_finetuned_disk,11,1,-1,2425.59,294.19,294.19
36,181.00,29.79344878,116.03368385,29.77833078,116.04149333,29.77833078,116.04149333,0.5567,1844.37,1,585,split_finetuned_disk,11,1,-1,2500.31,222.31,222.31
37,186.00,29.77053265,116.03955418,29.77833078,116.04149333,29.77833078,116.04149333,0.4867,888.08,1,392,split_finetuned_disk,8,1,6,322.29,126.12,126.12
38,191.00,29.76170587,116.03367149,29.77833078,116.04149333,29.77833078,116.04149333,0.5567,1999.07,1,300,split_finetuned_disk,11,1,-1,1426.21,262.61,262.61
39,196.00,29.75946930,116.03363440,29.77833078,116.04149333,29.77833078,116.04149333,0.5100,2232.76,1,285,split_finetuned_disk,9,1,-1,1533.81,471.94,471.94
40,200.00,29.75946930,116.03363440,29.77833078,116.04149333,29.75946930,116.03363440,0.5100,2232.76,1,285,split_finetuned_disk,9,1,-1,1464.86,414.54,414.54
41,205.00,29.75946930,116.03363440,29.75946930,116.03363440,29.75946930,116.03363440,0.5100,0.00,0,285,split_finetuned_disk,9,1,-1,1396.87,364.82,364.82
42,210.00,29.75946930,116.03363440,29.75946930,116.03363440,29.75946930,116.03363440,0.5100,0.00,0,285,split_finetuned_disk,9,1,6,1320.50,126.59,126.59
43,216.00,29.76991638,116.05025469,29.75946930,116.03363440,29.75946930,116.03363440,0.5100,1982.84,1,383,split_finetuned_disk,9,1,-1,915.05,185.67,185.67
44,221.00,29.76991638,116.05025469,29.75946930,116.03363440,29.75946930,116.03363440,0.5100,1982.84,1,383,split_finetuned_disk,9,1,-1,931.62,255.08,255.08
45,228.00,29.76670333,116.04415120,29.75946930,116.03363440,29.75946930,116.03363440,0.5800,1296.60,1,364,split_finetuned_disk,12,1,-1,151.98,151.98,151.98
46,233.00,29.75599409,116.03732898,29.75946930,116.03363440,29.75946930,116.03363440,0.4867,526.41,1,257,split_finetuned_disk,8,1,-1,1245.21,420.60,420.60
47,238.00,29.76670333,116.04415120,29.75946930,116.03363440,29.75946930,116.03363440,0.5800,1296.60,1,364,split_finetuned_disk,12,1,-1,287.52,287.52,287.52
48,243.00,29.76359907,116.03349842,29.75946930,116.03363440,29.75946930,116.03363440,0.5333,459.91,1,315,split_finetuned_disk,10,1,-1,742.99,501.39,501.39
49,248.00,29.76359907,116.03349842,29.75946930,116.03363440,29.75946930,116.03363440,0.5333,459.91,1,315,split_finetuned_disk,10,1,-1,720.19,499.20,499.20
50,253.00,29.76359907,116.03349842,29.75946930,116.03363440,29.75946930,116.03363440,0.5333,459.91,1,315,split_finetuned_disk,10,1,-1,703.86,511.43,511.43
51,258.00,29.76359907,116.03349842,29.75946930,116.03363440,29.75946930,116.03363440,0.5333,459.91,1,315,split_finetuned_disk,10,1,-1,698.63,498.64,498.64
52,263.00,29.76670333,116.04415120,29.75946930,116.03363440,29.76670333,116.04415120,0.5800,1296.60,1,364,split_finetuned_disk,12,1,-1,677.42,306.63,306.63
53,269.00,29.76703136,116.05813833,29.76670333,116.04415120,29.76670333,116.04415120,0.4867,1352.03,1,357,split_finetuned_disk,8,1,-1,1787.41,177.59,177.59
54,274.00,29.75799459,116.04091230,29.76670333,116.04415120,29.76670333,116.04415120,0.5567,1018.72,1,274,split_finetuned_disk,11,1,-1,387.86,246.23,246.23
55,280.00,29.75799459,116.04091230,29.76670333,116.04415120,29.76670333,116.04415120,0.5567,1018.72,1,274,split_finetuned_disk,11,1,-1,313.31,313.31,313.31
56,285.00,29.75799459,116.04091230,29.76670333,116.04415120,29.76670333,116.04415120,0.5567,1018.72,1,274,split_finetuned_disk,11,1,-1,240.90,240.90,240.90
57,290.00,29.76703136,116.05813833,29.76670333,116.04415120,29.76670333,116.04415120,0.4867,1352.03,1,357,split_finetuned_disk,8,1,-1,1911.20,288.93,288.93
58,295.00,29.75432623,116.03518500,29.76670333,116.04415120,29.76670333,116.04415120,0.5100,1627.57,1,241,split_finetuned_disk,9,1,-1,672.65,362.93,362.93
59,300.00,29.75432623,116.03518500,29.76670333,116.04415120,29.76670333,116.04415120,0.5100,1627.57,1,241,split_finetuned_disk,9,1,-1,623.03,345.38,345.38
60,305.00,29.75799459,116.04091230,29.76670333,116.04415120,29.76670333,116.04415120,0.5567,1018.72,1,274,split_finetuned_disk,11,1,1,145.49,145.49,145.49
61,310.00,29.76670333,116.04415120,29.76670333,116.04415120,29.76670333,116.04415120,0.5800,0.00,0,364,split_finetuned_disk,12,1,-1,1385.95,208.56,208.56
62,315.00,29.76140080,116.04697338,29.76670333,116.04415120,29.76670333,116.04415120,0.5100,650.23,1,292,split_finetuned_disk,9,1,-1,838.89,304.58,304.58
63,320.00,29.76670333,116.04415120,29.76670333,116.04415120,29.76670333,116.04415120,0.5800,0.00,0,364,split_finetuned_disk,12,1,-1,1541.43,517.35,517.35
64,324.00,29.76001656,116.06065318,29.76670333,116.04415120,29.76670333,116.04415120,0.5100,1759.73,1,298,split_finetuned_disk,9,1,9,1998.72,99.87,99.87
65,329.00,29.75904008,116.05743369,29.76670333,116.04415120,29.76670333,116.04415120,0.5333,1541.10,1,297,split_finetuned_disk,10,1,7,1837.49,136.17,136.17
66,334.00,29.75705030,116.06262409,29.76670333,116.04415120,29.76670333,116.04415120,0.5567,2083.48,1,284,split_finetuned_disk,11,1,6,2180.79,100.03,100.03
67,338.00,29.72810047,116.04456447,29.76670333,116.04415120,29.76670333,116.04415120,0.5800,4297.46,1,35,split_finetuned_disk,12,1,-1,2556.92,1568.32,1568.32
68,343.00,29.73742695,116.04746787,29.76670333,116.04415120,29.76670333,116.04415120,0.6267,3274.77,1,112,split_finetuned_disk,14,1,4,1620.80,116.01,116.01
69,348.00,29.79321420,116.03932462,29.76670333,116.04415120,29.76670333,116.04415120,0.5567,2987.81,1,558,split_finetuned_disk,11,1,2,4617.81,99.99,99.99
70,354.00,29.72539786,116.05687207,29.76670333,116.04415120,29.76670333,116.04415120,0.5100,4759.58,1,11,split_finetuned_disk,9,1,5,3094.03,138.75,138.75
71,360.00,29.74048978,116.05194127,29.76670333,116.04415120,29.76670333,116.04415120,0.5567,3013.61,1,129,split_finetuned_disk,11,1,-1,1506.21,1084.70,1084.70
72,365.00,29.74048978,116.05194127,29.76670333,116.04415120,29.76670333,116.04415120,0.5567,3013.61,1,129,split_finetuned_disk,11,1,9,1454.17,113.31,113.31
73,370.00,29.75164971,116.05241103,29.76670333,116.04415120,29.75164971,116.05241103,0.5800,1856.13,1,234,split_finetuned_disk,12,1,2,1226.49,118.05,118.05
74,376.00,29.75164971,116.05241103,29.75164971,116.05241103,29.75164971,116.05241103,0.5800,0.00,0,234,split_finetuned_disk,12,1,2,1262.72,102.92,102.92
75,382.00,29.75164971,116.05241103,29.75164971,116.05241103,29.75164971,116.05241103,0.5800,0.00,0,234,split_finetuned_disk,12,1,2,1302.60,139.27,139.27
76,388.00,29.72752713,116.05813833,29.75164971,116.05241103,29.75164971,116.05241103,0.5567,2741.76,1,27,split_finetuned_disk,11,1,-1,2646.15,1326.65,1326.65
77,393.00,29.73742695,116.04746787,29.75164971,116.05241103,29.75164971,116.05241103,0.6267,1653.76,1,112,split_finetuned_disk,14,1,-1,1025.95,180.01,180.01
78,398.00,29.73636001,116.03363440,29.75164971,116.05241103,29.75164971,116.05241103,0.5100,2487.73,1,90,split_finetuned_disk,9,1,4,1116.37,123.68,123.68
79,404.00,29.74862518,116.06347709,29.75164971,116.05241103,29.75164971,116.05241103,0.5100,1121.04,1,209,split_finetuned_disk,9,1,-1,2187.37,229.39,229.39
80,410.00,29.72849750,116.04235868,29.75164971,116.05241103,29.75164971,116.05241103,0.5333,2754.27,1,34,split_finetuned_disk,10,1,-1,1518.33,596.68,596.68
81,415.00,29.72849750,116.04235868,29.75164971,116.05241103,29.75164971,116.05241103,0.5333,2754.27,1,34,split_finetuned_disk,10,1,-1,1429.49,521.76,521.76
82,420.00,29.73264411,116.05886770,29.75164971,116.05241103,29.75164971,116.05241103,0.5333,2205.77,1,57,split_finetuned_disk,10,1,2,2052.48,111.47,111.47
83,426.00,29.74162111,116.04376093,29.75164971,116.05241103,29.75164971,116.05241103,0.5567,1394.61,1,140,split_finetuned_disk,11,1,3,328.25,120.93,120.93
84,431.00,29.74162111,116.04376093,29.75164971,116.05241103,29.75164971,116.05241103,0.5567,1394.61,1,140,split_finetuned_disk,11,1,4,366.16,98.89,98.89
85,436.00,29.74162111,116.04376093,29.75164971,116.05241103,29.74162111,116.04376093,0.5567,1394.61,1,140,split_finetuned_disk,11,1,2,415.38,130.69,130.69
86,441.00,29.73859047,116.04114186,29.74162111,116.04376093,29.74162111,116.04376093,0.5100,421.74,1,123,split_finetuned_disk,9,1,-1,191.12,191.12,191.12
87,446.00,29.73580202,116.03854580,29.74162111,116.04376093,29.74162111,116.04376093,0.5333,820.71,1,93,split_finetuned_disk,10,1,-1,186.52,186.52,186.52
88,452.00,29.73580202,116.03854580,29.74162111,116.04376093,29.74162111,116.04376093,0.5333,820.71,1,93,split_finetuned_disk,10,1,1,127.22,127.22,127.22
89,457.00,29.73631709,116.04102356,29.74162111,116.04376093,29.74162111,116.04376093,0.5333,646.98,1,94,split_finetuned_disk,10,1,1,101.79,98.96,98.96
90,462.00,29.72810047,116.04456447,29.74162111,116.04376093,29.74162111,116.04376093,0.5800,1507.12,1,35,split_finetuned_disk,12,1,2,774.50,133.34,133.34
91,468.00,29.72810047,116.04456447,29.74162111,116.04376093,29.74162111,116.04376093,0.5800,1507.12,1,35,split_finetuned_disk,12,1,4,703.37,104.78,104.78
92,473.00,29.72810047,116.04456447,29.74162111,116.04376093,29.74162111,116.04376093,0.5800,1507.12,1,35,split_finetuned_disk,12,1,5,633.85,107.31,107.31
93,478.00,29.72810047,116.04456447,29.74162111,116.04376093,29.74162111,116.04376093,0.5800,1507.12,1,35,split_finetuned_disk,12,1,8,566.51,128.97,128.97
94,484.00,29.72810047,116.04456447,29.74162111,116.04376093,29.74162111,116.04376093,0.5800,1507.12,1,35,split_finetuned_disk,12,1,9,502.25,101.44,101.44
95,489.00,29.72810047,116.04456447,29.74162111,116.04376093,29.72810047,116.04456447,0.5800,1507.12,1,35,split_finetuned_disk,12,1,9,442.40,126.85,126.85
96,494.00,29.72810047,116.04456447,29.72810047,116.04456447,29.72810047,116.04456447,0.5800,0.00,0,35,split_finetuned_disk,12,1,-1,389.00,367.57,367.57
97,500.00,29.72849750,116.04235868,29.72810047,116.04456447,29.72810047,116.04456447,0.5333,217.67,1,34,split_finetuned_disk,10,1,7,186.77,110.22,110.22
98,505.00,29.72810047,116.04456447,29.72810047,116.04456447,29.72810047,116.04456447,0.5800,0.00,0,35,split_finetuned_disk,12,1,2,311.58,128.51,128.51
99,511.00,29.72810047,116.04456447,29.72810047,116.04456447,29.72810047,116.04456447,0.5800,0.00,0,35,split_finetuned_disk,12,1,-1,301.42,301.42,301.42
100,515.00,29.72810047,116.04456447,29.72810047,116.04456447,29.72810047,116.04456447,0.5800,0.00,0,35,split_finetuned_disk,12,1,2,306.34,112.72,112.72
101,559.00,29.72810047,116.04456447,29.72810047,116.04456447,29.72810047,116.04456447,0.5800,0.00,0,35,split_finetuned_disk,12,1,1,110.64,94.73,94.73
102,562.00,29.72810047,116.04456447,29.72810047,116.04456447,29.72810047,116.04456447,0.5800,0.00,0,35,split_finetuned_disk,12,1,1,148.11,136.64,136.64
103,565.00,29.72849750,116.04235868,29.72810047,116.04456447,29.72810047,116.04456447,0.5333,217.67,1,34,split_finetuned_disk,10,1,2,201.27,94.18,94.18
104,568.00,29.73340449,116.05377620,29.72810047,116.04456447,29.72810047,116.04456447,0.5567,1068.13,1,85,split_finetuned_disk,11,1,-1,1160.03,179.28,179.28
105,571.00,29.72810047,116.04456447,29.72810047,116.04456447,29.72810047,116.04456447,0.5800,0.00,0,35,split_finetuned_disk,12,1,-1,351.98,351.98,351.98
106,574.00,29.72810047,116.04456447,29.72810047,116.04456447,29.72810047,116.04456447,0.5800,0.00,0,35,split_finetuned_disk,12,1,8,426.81,92.73,92.73
107,577.00,29.72810047,116.04456447,29.72810047,116.04456447,29.72810047,116.04456447,0.5800,0.00,0,35,split_finetuned_disk,12,1,7,502.58,129.14,129.14
108,580.00,29.72810047,116.04456447,29.72810047,116.04456447,29.72810047,116.04456447,0.5800,0.00,0,35,split_finetuned_disk,12,1,-1,589.86,201.94,201.94
109,583.00,29.72810047,116.04456447,29.72810047,116.04456447,29.72810047,116.04456447,0.5800,0.00,0,35,split_finetuned_disk,12,1,-1,666.61,169.29,169.29
110,586.00,29.72810047,116.04456447,29.72810047,116.04456447,29.72810047,116.04456447,0.5800,0.00,0,35,split_finetuned_disk,12,1,2,743.61,112.10,112.10
111,589.00,29.72810047,116.04456447,29.72810047,116.04456447,29.72810047,116.04456447,0.5800,0.00,0,35,split_finetuned_disk,12,1,2,820.79,92.84,92.84
112,592.00,29.72810047,116.04456447,29.72810047,116.04456447,29.72810047,116.04456447,0.5800,0.00,0,35,split_finetuned_disk,12,1,-1,898.09,321.48,321.48
113,595.00,29.72810047,116.04456447,29.72810047,116.04456447,29.72810047,116.04456447,0.5800,0.00,0,35,split_finetuned_disk,12,1,-1,975.49,351.69,351.69
114,598.00,29.72810047,116.04456447,29.72810047,116.04456447,29.72810047,116.04456447,0.5800,0.00,0,35,split_finetuned_disk,12,1,-1,1052.97,395.19,395.19
115,601.00,29.72810047,116.04456447,29.72810047,116.04456447,29.72810047,116.04456447,0.5800,0.00,0,35,split_finetuned_disk,12,1,-1,1130.51,165.55,165.55
116,605.00,29.73264411,116.05886770,29.72810047,116.04456447,29.72810047,116.04456447,0.5333,1471.73,1,57,split_finetuned_disk,10,1,-1,1817.56,240.12,240.12
117,608.00,29.77581059,116.04745551,29.72810047,116.04456447,29.72810047,116.04456447,0.5567,5318.43,1,427,split_finetuned_disk,11,1,-1,3940.60,321.11,321.11
118,611.00,29.73340449,116.05377620,29.72810047,116.04456447,29.72810047,116.04456447,0.5567,1068.13,1,85,split_finetuned_disk,11,1,-1,1349.55,1234.52,1234.52
119,614.00,29.78796383,116.06268591,29.72810047,116.04456447,29.72810047,116.04456447,0.6033,6890.20,1,524,split_finetuned_disk,13,1,-1,5306.78,3973.37,3973.37
120,617.00,29.77581059,116.04745551,29.72810047,116.04456447,29.72810047,116.04456447,0.5567,5318.43,1,427,split_finetuned_disk,11,1,3,3708.90,117.89,117.89
121,620.00,29.78796383,116.06268591,29.72810047,116.04456447,29.72810047,116.04456447,0.6033,6890.20,1,524,split_finetuned_disk,13,1,3,5161.66,91.92,91.92
122,623.00,29.78796383,116.06268591,29.72810047,116.04456447,29.72810047,116.04456447,0.6033,6890.20,1,524,split_finetuned_disk,13,1,5,5089.34,123.06,123.06
123,626.00,29.73947038,116.04501483,29.72810047,116.04456447,29.72810047,116.04456447,0.5800,1266.45,1,126,split_finetuned_disk,12,1,7,639.06,100.23,100.23
124,629.00,29.73742695,116.04746787,29.72810047,116.04456447,29.72810047,116.04456447,0.6267,1075.46,1,112,split_finetuned_disk,14,1,7,989.38,104.04,104.04
125,632.00,29.73340449,116.05377620,29.72810047,116.04456447,29.73340449,116.05377620,0.5567,1068.13,1,85,split_finetuned_disk,11,1,-1,1728.73,156.58,156.58
126,635.00,29.72752713,116.05813833,29.73340449,116.05377620,29.73340449,116.05377620,0.5567,778.29,1,27,split_finetuned_disk,11,1,-1,2671.23,1064.86,1064.86
127,638.00,29.72619192,116.04736365,29.73340449,116.05377620,29.73340449,116.05377620,0.5333,1014.19,1,6,split_finetuned_disk,10,1,-1,2501.73,159.58,159.58
128,642.00,29.72701206,116.05155804,29.73340449,116.05377620,29.73340449,116.05377620,0.5333,743.18,1,24,split_finetuned_disk,10,1,10,2529.27,115.12,115.12
129,645.00,29.72701206,116.05155804,29.73340449,116.05377620,29.73340449,116.05377620,0.5333,743.18,1,24,split_finetuned_disk,10,1,10,2602.15,114.82,114.82
130,648.00,29.74048978,116.05194127,29.73340449,116.05377620,29.73340449,116.05377620,0.5567,808.42,1,129,split_finetuned_disk,11,1,-1,1439.17,1439.17,1439.17
131,651.00,29.73340449,116.05377620,29.73340449,116.05377620,29.73340449,116.05377620,0.5567,0.00,0,85,split_finetuned_disk,11,1,4,2108.98,92.00,92.00
132,654.00,29.72849750,116.04235868,29.73340449,116.05377620,29.73340449,116.05377620,0.5333,1231.07,1,34,split_finetuned_disk,10,1,-1,2485.12,1758.45,1758.45
133,658.00,29.72810047,116.04456447,29.73340449,116.05377620,29.73340449,116.05377620,0.5800,1068.13,1,35,split_finetuned_disk,12,1,-1,2563.63,1788.11,1788.11
134,661.00,29.75705030,116.06262409,29.73340449,116.05377620,29.73340449,116.05377620,0.5567,2767.61,1,284,split_finetuned_disk,11,1,-1,1988.85,1797.85,1797.85
135,664.00,29.77581059,116.04745551,29.73340449,116.05377620,29.73340449,116.05377620,0.5567,4759.99,1,427,split_finetuned_disk,11,1,4,2534.27,136.22,136.22
136,667.00,29.75904008,116.05743369,29.73340449,116.05377620,29.73340449,116.05377620,0.5333,2875.55,1,297,split_finetuned_disk,10,1,5,1624.95,91.96,91.96
137,670.00,29.76359907,116.03349842,29.73340449,116.05377620,29.73340449,116.05377620,0.5333,3890.66,1,315,split_finetuned_disk,10,1,-1,1286.32,300.84,300.84
138,673.00,29.76670333,116.04415120,29.73340449,116.05377620,29.73340449,116.05377620,0.5800,3821.72,1,364,split_finetuned_disk,12,1,-1,1451.94,494.27,494.27
139,676.00,29.76140080,116.04697338,29.73340449,116.05377620,29.73340449,116.05377620,0.5100,3185.12,1,292,split_finetuned_disk,9,1,-1,629.25,616.13,616.13
140,679.00,29.76991638,116.05025469,29.73340449,116.05377620,29.73340449,116.05377620,0.5100,4078.72,1,383,split_finetuned_disk,9,1,-1,1642.55,566.97,566.97
141,683.00,29.76140080,116.04697338,29.73340449,116.05377620,29.76140080,116.04697338,0.5100,3185.12,1,292,split_finetuned_disk,9,1,-1,547.63,414.43,414.43
142,686.00,29.76670333,116.04415120,29.76140080,116.04697338,29.76140080,116.04697338,0.5800,650.23,1,364,split_finetuned_disk,12,1,-1,1129.94,338.88,338.88
143,689.00,29.76058990,116.04248230,29.76140080,116.04697338,29.76140080,116.04697338,0.4867,443.25,1,304,split_finetuned_disk,8,1,-1,264.72,264.72,264.72
144,692.00,29.76670333,116.04415120,29.76140080,116.04697338,29.76140080,116.04697338,0.5800,650.23,1,364,split_finetuned_disk,12,1,-1,974.69,193.53,193.53
145,695.00,29.76703136,116.05813833,29.76140080,116.04697338,29.76140080,116.04697338,0.4867,1247.70,1,357,split_finetuned_disk,8,1,-1,1659.53,413.14,413.14
146,698.00,29.76703136,116.05813833,29.76140080,116.04697338,29.76140080,116.04697338,0.4867,1247.70,1,357,split_finetuned_disk,8,1,-1,1628.55,362.19,362.19
147,701.00,29.76058990,116.04248230,29.76140080,116.04697338,29.76140080,116.04697338,0.4867,443.25,1,304,split_finetuned_disk,8,1,1,111.60,111.60,111.60
148,704.00,29.75946930,116.03363440,29.76140080,116.04697338,29.76140080,116.04697338,0.5100,1306.72,1,285,split_finetuned_disk,9,1,-1,958.96,177.99,177.99
149,707.00,29.75946930,116.03363440,29.76140080,116.04697338,29.76140080,116.04697338,0.5100,1306.72,1,285,split_finetuned_disk,9,1,-1,990.26,248.03,248.03
150,710.00,29.76154029,116.05528971,29.76140080,116.04697338,29.76140080,116.04697338,0.5333,803.73,1,296,split_finetuned_disk,10,1,-1,1403.46,519.70,519.70
151,713.00,29.76359907,116.03349842,29.76140080,116.04697338,29.76359907,116.03349842,0.5333,1324.85,1,315,split_finetuned_disk,10,1,-1,911.07,596.14,596.14
152,716.00,29.76359907,116.03349842,29.76359907,116.03349842,29.76359907,116.03349842,0.5333,0.00,0,315,split_finetuned_disk,10,1,-1,930.13,543.64,543.64
153,719.00,29.76359907,116.03349842,29.76359907,116.03349842,29.76359907,116.03349842,0.5333,0.00,0,315,split_finetuned_disk,10,1,-1,955.19,467.02,467.02
154,722.00,29.76359907,116.03349842,29.76359907,116.03349842,29.76359907,116.03349842,0.5333,0.00,0,315,split_finetuned_disk,10,1,-1,985.79,395.08,395.08
155,726.00,29.76154029,116.05528971,29.76359907,116.03349842,29.76359907,116.03349842,0.5333,2118.07,1,296,split_finetuned_disk,10,1,-1,1586.70,320.84,320.84
156,729.00,29.76359907,116.03349842,29.76359907,116.03349842,29.76359907,116.03349842,0.5333,0.00,0,315,split_finetuned_disk,10,1,-1,1067.68,231.95,231.95
157,732.00,29.75946930,116.03363440,29.76359907,116.03349842,29.76359907,116.03349842,0.5100,459.91,1,285,split_finetuned_disk,9,1,-1,1389.04,321.58,321.58
158,735.00,29.76991638,116.05025469,29.76359907,116.03349842,29.76359907,116.03349842,0.5100,1765.24,1,383,split_finetuned_disk,9,1,-1,710.47,313.42,313.42
159,739.00,29.76991638,116.05025469,29.76359907,116.03349842,29.76359907,116.03349842,0.5100,1765.24,1,383,split_finetuned_disk,9,1,-1,708.47,308.87,308.87
160,742.00,29.76991638,116.05025469,29.76359907,116.03349842,29.76359907,116.03349842,0.5100,1765.24,1,383,split_finetuned_disk,9,1,-1,715.01,308.07,308.07
161,745.00,29.76670333,116.04415120,29.76359907,116.03349842,29.76359907,116.03349842,0.5800,1085.81,1,364,split_finetuned_disk,12,1,-1,387.65,341.12,341.12
162,748.00,29.75599409,116.03732898,29.76359907,116.03349842,29.76359907,116.03349842,0.4867,923.96,1,257,split_finetuned_disk,8,1,-1,1918.65,387.24,387.24
163,751.00,29.76596903,116.03705169,29.76359907,116.03349842,29.76359907,116.03349842,0.4867,433.00,1,346,split_finetuned_disk,8,1,-1,1015.66,313.29,313.29
164,754.00,29.77634712,116.04542279,29.76359907,116.03349842,29.76359907,116.03349842,0.5333,1827.97,1,426,split_finetuned_disk,10,1,7,356.12,110.29,110.29
165,757.00,29.77829397,116.04670142,29.76359907,116.03349842,29.76359907,116.03349842,0.5333,2074.50,1,442,split_finetuned_disk,10,1,-1,590.40,308.31,308.31
166,760.00,29.77722091,116.05045248,29.76359907,116.03349842,29.77722091,116.05045248,0.5100,2232.31,1,443,split_finetuned_disk,9,1,3,742.34,94.58,94.58
167,763.00,29.72810047,116.04456447,29.77722091,116.05045248,29.77722091,116.05045248,0.5800,5497.61,1,35,split_finetuned_disk,12,1,-1,5256.41,1001.33,1001.33
168,766.00,29.72810047,116.04456447,29.77722091,116.05045248,29.77722091,116.05045248,0.5800,5497.61,1,35,split_finetuned_disk,12,1,-1,5334.32,873.47,873.47
169,769.00,29.72849750,116.04235868,29.77722091,116.05045248,29.77722091,116.05045248,0.5333,5479.99,1,34,split_finetuned_disk,10,1,6,5411.92,92.51,92.51
170,772.00,29.72810658,116.03424015,29.77722091,116.05045248,29.77722091,116.05045248,0.5100,5687.41,1,15,split_finetuned_disk,9,1,5,5758.55,127.93,127.93
171,775.00,29.73340449,116.05377620,29.77722091,116.05045248,29.77722091,116.05045248,0.5567,4888.21,1,85,split_finetuned_disk,11,1,3,5099.97,94.40,94.40
172,778.00,29.73340449,116.05377620,29.77722091,116.05045248,29.77722091,116.05045248,0.5567,4888.21,1,85,split_finetuned_disk,11,1,2,5176.06,107.58,107.58
173,781.00,29.77833078,116.04149333,29.77722091,116.05045248,29.77722091,116.05045248,0.5100,874.47,1,454,split_finetuned_disk,9,1,5,162.42,113.11,113.11
174,784.00,29.79083202,116.04675790,29.77722091,116.05045248,29.77722091,116.05045248,0.5567,1556.68,1,561,split_finetuned_disk,11,1,5,1227.42,92.60,92.60
175,787.00,29.79083202,116.04675790,29.77722091,116.05045248,29.77722091,116.05045248,0.5567,1556.68,1,561,split_finetuned_disk,11,1,4,1152.16,128.45,128.45
176,790.00,29.79344878,116.03368385,29.77722091,116.05045248,29.79344878,116.03368385,0.5567,2426.68,1,585,split_finetuned_disk,11,1,-1,1687.22,191.23,191.23
177,793.00,29.74173915,116.05295497,29.79344878,116.03368385,29.79344878,116.03368385,0.5100,6050.01,1,144,split_finetuned_disk,9,1,-1,4733.60,3594.05,3594.05
178,796.00,29.74173915,116.05295497,29.79344878,116.03368385,29.79344878,116.03368385,0.5100,6050.01,1,144,split_finetuned_disk,9,1,-1,4810.10,3560.15,3560.15
179,799.00,29.74048978,116.05194127,29.79344878,116.03368385,29.79344878,116.03368385,0.5567,6153.70,1,129,split_finetuned_disk,11,1,-1,5094.25,3638.53,3638.53
180,802.00,29.73576983,116.05273245,29.79344878,116.03368385,29.79344878,116.03368385,0.4867,6679.43,1,99,split_finetuned_disk,8,1,3,5565.17,142.86,142.86
181,805.00,29.79113859,116.03275669,29.79344878,116.03368385,29.79344878,116.03368385,0.5800,272.33,1,540,split_finetuned_disk,12,1,5,990.74,97.09,97.09
182,808.00,29.79113859,116.03275669,29.79344878,116.03368385,29.79344878,116.03368385,0.5800,272.33,1,540,split_finetuned_disk,12,1,7,959.37,102.90,102.90
183,811.00,29.79321420,116.03932462,29.79344878,116.03368385,29.79344878,116.03368385,0.5567,545.68,1,558,split_finetuned_disk,11,1,-1,558.05,558.05,558.05
184,814.00,29.79321420,116.03932462,29.79344878,116.03368385,29.79344878,116.03368385,0.5567,545.68,1,558,split_finetuned_disk,11,1,-1,493.31,493.31,493.31
185,817.00,29.73580202,116.03854580,29.79344878,116.03368385,29.79344878,116.03368385,0.5333,6434.41,1,93,split_finetuned_disk,10,1,-1,5887.43,566.04,566.04
186,821.00,29.72752713,116.05813833,29.79344878,116.03368385,29.72752713,116.05813833,0.5567,7709.46,1,27,split_finetuned_disk,11,1,-1,7119.69,391.76,391.76
187,824.00,29.79083202,116.04675790,29.72752713,116.05813833,29.72752713,116.05813833,0.5567,7132.38,1,561,split_finetuned_disk,11,1,3,343.98,118.01,118.01
188,827.00,29.73631709,116.04102356,29.72752713,116.05813833,29.72752713,116.05813833,0.5333,1921.55,1,94,split_finetuned_disk,10,1,4,6125.78,131.57,131.57
189,830.00,29.80238435,116.05192891,29.72752713,116.05813833,29.72752713,116.05813833,0.5333,8354.68,1,654,split_finetuned_disk,10,1,7,1502.51,108.21,108.21
190,833.00,29.72701206,116.05155804,29.72752713,116.05813833,29.72752713,116.05813833,0.5333,638.42,1,24,split_finetuned_disk,10,1,7,7337.36,122.41,122.41
191,836.00,29.79421676,116.04092466,29.72752713,116.05813833,29.72752713,116.05813833,0.6033,7607.94,1,574,split_finetuned_disk,13,1,1,100.62,100.62,100.62
192,839.00,29.79421676,116.04092466,29.72752713,116.05813833,29.72752713,116.05813833,0.6033,7607.94,1,574,split_finetuned_disk,13,1,1,98.93,98.93,98.93
193,842.00,29.72752713,116.05813833,29.72752713,116.05813833,29.72752713,116.05813833,0.5567,0.00,0,27,split_finetuned_disk,11,1,-1,7664.56,328.83,328.83
194,845.00,29.72508667,116.05881825,29.72752713,116.05813833,29.72752713,116.05813833,0.5567,279.50,1,12,split_finetuned_disk,11,1,6,7937.24,92.13,92.13
195,848.00,29.79820093,116.03915155,29.72752713,116.05813833,29.72752713,116.05813833,0.6033,8078.49,1,618,split_finetuned_disk,13,1,-1,431.84,296.29,296.29
196,851.00,29.81639249,116.04686212,29.72752713,116.05813833,29.72752713,116.05813833,0.6033,9952.32,1,772,split_finetuned_disk,13,1,-1,2297.29,378.09,378.09
197,855.00,29.80265262,116.06067791,29.72752713,116.05813833,29.72752713,116.05813833,0.6267,8366.57,1,658,split_finetuned_disk,14,1,-1,1798.39,389.09,389.09
198,858.00,29.81343235,116.06067791,29.72752713,116.05813833,29.72752713,116.05813833,0.5567,9566.12,1,748,split_finetuned_disk,11,1,-1,2399.06,441.01,441.01
199,861.00,29.78039566,116.04895133,29.72752713,116.05813833,29.72752713,116.05813833,0.5100,5951.90,1,472,split_finetuned_disk,9,1,-1,2057.14,673.16,673.16
200,864.00,29.81343235,116.06067791,29.72752713,116.05813833,29.72752713,116.05813833,0.5567,9566.12,1,748,split_finetuned_disk,11,1,-1,2292.32,1598.15,1598.15
201,867.00,29.81343235,116.06067791,29.72752713,116.05813833,29.72752713,116.05813833,0.5567,9566.12,1,748,split_finetuned_disk,11,1,6,2241.10,104.93,104.93
202,870.00,29.81343235,116.06067791,29.72752713,116.05813833,29.72752713,116.05813833,0.5567,9566.12,1,748,split_finetuned_disk,11,1,-1,2191.47,1473.40,1473.40
203,874.00,29.80265262,116.06067791,29.72752713,116.05813833,29.80265262,116.06067791,0.6267,8366.57,1,658,split_finetuned_disk,14,1,3,1710.22,124.31,124.31
204,877.00,29.81343235,116.06067791,29.80265262,116.06067791,29.80265262,116.06067791,0.5567,1200.00,1,748,split_finetuned_disk,11,1,9,2090.92,108.33,108.33
205,880.00,29.80480335,116.03995509,29.80265262,116.06067791,29.80265262,116.06067791,0.5100,2016.65,1,663,split_finetuned_disk,9,1,9,318.64,129.98,129.98
206,927.00,29.78039566,116.04895133,29.80265262,116.06067791,29.80265262,116.06067791,0.5100,2724.45,1,472,split_finetuned_disk,9,1,-1,2481.00,163.03,163.03
207,932.00,29.77829397,116.04670142,29.80265262,116.06067791,29.80265262,116.06067791,0.5333,3029.30,1,442,split_finetuned_disk,10,1,-1,2789.71,2081.94,2081.94
208,938.00,29.80068431,116.04689389,29.80265262,116.06067791,29.80265262,116.06067791,0.4633,1349.81,1,636,split_finetuned_disk,7,1,1,148.43,126.76,126.76
209,943.00,29.80715796,116.04715349,29.80265262,116.06067791,29.80265262,116.06067791,0.4633,1399.76,1,681,split_finetuned_disk,7,1,2,595.17,86.58,86.58
210,949.00,29.78796383,116.06268591,29.80265262,116.06067791,29.80265262,116.06067791,0.6033,1646.63,1,524,split_finetuned_disk,13,1,4,2303.63,130.52,130.52
211,954.00,29.73340449,116.05377620,29.80265262,116.06067791,29.80265262,116.06067791,0.5567,7737.50,1,85,split_finetuned_disk,11,1,-1,7317.60,180.98,180.98
212,959.00,29.73340449,116.05377620,29.80265262,116.06067791,29.80265262,116.06067791,0.5567,7737.50,1,85,split_finetuned_disk,11,1,10,7240.30,86.92,86.92
213,963.00,29.73340449,116.05377620,29.80265262,116.06067791,29.73340449,116.05377620,0.5567,7737.50,1,85,split_finetuned_disk,11,1,6,7163.00,128.03,128.03
214,968.00,29.74173915,116.05295497,29.73340449,116.05377620,29.73340449,116.05377620,0.5100,931.20,1,144,split_finetuned_disk,9,1,6,6267.32,89.09,89.09
215,973.00,29.75164971,116.05241103,29.73340449,116.05377620,29.73340449,116.05377620,0.5800,2035.34,1,234,split_finetuned_disk,12,1,7,4988.84,105.66,105.66
216,977.00,29.79113859,116.03275669,29.73340449,116.05377620,29.73340449,116.05377620,0.5800,6740.25,1,540,split_finetuned_disk,12,1,-1,1269.75,791.89,791.89
217,982.00,29.77935018,116.03933698,29.73340449,116.05377620,29.73340449,116.05377620,0.5567,5301.56,1,453,split_finetuned_disk,11,1,-1,1846.37,200.46,200.46
218,987.00,29.73631709,116.04102356,29.73340449,116.05377620,29.73340449,116.05377620,0.5333,1274.19,1,94,split_finetuned_disk,10,1,-1,6509.83,1696.10,1696.10
219,992.00,29.73631709,116.04102356,29.73340449,116.05377620,29.73340449,116.05377620,0.5333,1274.19,1,94,split_finetuned_disk,10,1,2,6431.98,117.74,117.74
220,997.00,29.79404507,116.04641176,29.73340449,116.05377620,29.73340449,116.05377620,0.5100,6787.91,1,576,split_finetuned_disk,9,1,1,126.24,126.24,126.24
221,1002.00,29.72810047,116.04456447,29.73340449,116.05377620,29.73340449,116.05377620,0.5800,1068.13,1,35,split_finetuned_disk,12,1,-1,7070.32,2436.27,2436.27
222,1008.00,29.77935018,116.03933698,29.73340449,116.05377620,29.73340449,116.05377620,0.5567,5301.56,1,453,split_finetuned_disk,11,1,7,1463.49,87.24,87.24
223,1013.00,29.79083202,116.04675790,29.73340449,116.05377620,29.79083202,116.04675790,0.5567,6428.70,1,561,split_finetuned_disk,11,1,3,150.49,133.47,133.47
224,1018.00,29.79083202,116.04675790,29.79083202,116.04675790,29.79083202,116.04675790,0.5567,0.00,0,561,split_finetuned_disk,11,1,2,209.43,88.66,88.66
225,1023.00,29.73631709,116.04102356,29.79083202,116.04675790,29.79083202,116.04675790,0.5333,6093.85,1,94,split_finetuned_disk,10,1,-1,5953.81,403.97,403.97
226,1028.00,29.73580202,116.03854580,29.79083202,116.04675790,29.79083202,116.04675790,0.5333,6177.12,1,93,split_finetuned_disk,10,1,-1,5889.07,4050.05,4050.05
227,1034.00,29.72752713,116.05813833,29.79083202,116.04675790,29.79083202,116.04675790,0.5567,7132.38,1,27,split_finetuned_disk,11,1,-1,6917.26,619.61,619.61
228,1039.00,29.80085599,116.03377039,29.79083202,116.04675790,29.79083202,116.04675790,0.5333,1679.30,1,630,split_finetuned_disk,10,1,7,1840.64,144.01,144.01
229,1044.00,29.80265262,116.06067791,29.79083202,116.04675790,29.79083202,116.04675790,0.6267,1881.67,1,658,split_finetuned_disk,14,1,4,2325.76,92.11,92.11
230,1049.00,29.79113859,116.03275669,29.79083202,116.04675790,29.79083202,116.04675790,0.5800,1353.33,1,540,split_finetuned_disk,12,1,8,1176.15,100.65,100.65
231,1054.00,29.79344878,116.03368385,29.79083202,116.04675790,29.79083202,116.04675790,0.5567,1296.46,1,585,split_finetuned_disk,11,1,-1,1567.85,538.46,538.46
232,1060.00,29.78109315,116.03997981,29.79083202,116.04675790,29.79083202,116.04675790,0.5800,1266.61,1,468,split_finetuned_disk,12,1,-1,622.66,208.53,208.53
233,1065.00,29.73154959,116.03443091,29.79083202,116.04675790,29.79083202,116.04675790,0.5100,6705.95,1,46,split_finetuned_disk,9,1,2,5978.34,141.02,141.02
234,1071.00,29.72752713,116.05813833,29.79083202,116.04675790,29.72752713,116.05813833,0.5567,7132.38,1,27,split_finetuned_disk,11,1,3,6371.69,91.83,91.83
235,1076.00,29.72752713,116.05813833,29.72752713,116.05813833,29.72752713,116.05813833,0.5567,0.00,0,27,split_finetuned_disk,11,1,-1,6295.46,5434.18,5434.18
236,1081.00,29.72810047,116.04456447,29.72752713,116.05813833,29.72752713,116.05813833,0.5800,1313.16,1,35,split_finetuned_disk,12,1,-1,5879.30,5687.41,5687.41
237,1087.00,29.78022397,116.04586783,29.72752713,116.05813833,29.72752713,116.05813833,0.5333,5984.84,1,471,split_finetuned_disk,10,1,1,114.92,114.92,114.92
238,1092.00,29.78039566,116.04895133,29.72752713,116.05813833,29.72752713,116.05813833,0.5100,5951.90,1,472,split_finetuned_disk,9,1,4,327.06,140.42,140.42
239,1098.00,29.72810047,116.04456447,29.72752713,116.05813833,29.72752713,116.05813833,0.5800,1313.16,1,35,split_finetuned_disk,12,1,-1,5634.43,1215.97,1215.97
240,1103.00,29.73035850,116.04489121,29.72752713,116.05813833,29.72752713,116.05813833,0.5333,1318.27,1,51,split_finetuned_disk,10,1,5,5357.09,95.86,95.86
241,1108.00,29.72810047,116.04456447,29.72752713,116.05813833,29.72752713,116.05813833,0.5800,1313.16,1,35,split_finetuned_disk,12,1,-1,5478.60,4478.74,4478.74
242,1114.00,29.72810047,116.04456447,29.72752713,116.05813833,29.72752713,116.05813833,0.5800,1313.16,1,35,split_finetuned_disk,12,1,-1,5400.68,1069.29,1069.29
243,1119.00,29.73035850,116.04489121,29.72752713,116.05813833,29.72752713,116.05813833,0.5333,1318.27,1,51,split_finetuned_disk,10,1,3,5123.38,115.37,115.37
244,1124.00,29.77634712,116.04542279,29.72752713,116.05813833,29.72752713,116.05813833,0.5333,5571.80,1,426,split_finetuned_disk,10,1,1,123.11,95.86,95.86
245,1129.00,29.77634712,116.04542279,29.72752713,116.05813833,29.77634712,116.04542279,0.5333,5571.80,1,426,split_finetuned_disk,10,1,1,119.77,119.77,119.77
246,1135.00,29.76670333,116.04415120,29.77634712,116.04542279,29.77634712,116.04542279,0.5800,1080.55,1,364,split_finetuned_disk,12,1,-1,734.75,680.45,680.45
247,1141.00,29.76670333,116.04415120,29.77634712,116.04542279,29.77634712,116.04542279,0.5800,1080.55,1,364,split_finetuned_disk,12,1,-1,663.62,415.47,415.47
248,1146.00,29.76670333,116.04415120,29.77634712,116.04542279,29.77634712,116.04542279,0.5800,1080.55,1,364,split_finetuned_disk,12,1,-1,594.19,341.26,341.26
249,1151.00,29.76991638,116.05025469,29.77634712,116.04542279,29.77634712,116.04542279,0.5100,854.67,1,383,split_finetuned_disk,9,1,-1,569.55,269.17,269.17
250,1156.00,29.75432623,116.03518500,29.77634712,116.04542279,29.77634712,116.04542279,0.5100,2643.45,1,241,split_finetuned_disk,9,1,-1,2155.58,201.47,201.47
251,1162.00,29.75432623,116.03518500,29.77634712,116.04542279,29.77634712,116.04542279,0.5100,2643.45,1,241,split_finetuned_disk,9,1,6,2084.77,144.47,144.47
252,1167.00,29.75946930,116.03363440,29.77634712,116.04542279,29.77634712,116.04542279,0.5100,2197.17,1,285,split_finetuned_disk,9,1,-1,1625.00,716.44,716.44
253,1172.00,29.75946930,116.03363440,29.77634712,116.04542279,29.77634712,116.04542279,0.5100,2197.17,1,285,split_finetuned_disk,9,1,-1,1567.86,974.35,974.35
254,1177.00,29.76058990,116.04248230,29.77634712,116.04542279,29.77634712,116.04542279,0.4867,1776.96,1,304,split_finetuned_disk,8,1,-1,889.58,194.84,194.84
255,1182.00,29.76670333,116.04415120,29.77634712,116.04542279,29.76670333,116.04415120,0.5800,1080.55,1,364,split_finetuned_disk,12,1,-1,287.26,261.83,261.83
256,1188.00,29.75799459,116.04091230,29.76670333,116.04415120,29.76670333,116.04415120,0.5567,1018.72,1,274,split_finetuned_disk,11,1,-1,1123.58,333.61,333.61
257,1193.00,29.75432623,116.03518500,29.76670333,116.04415120,29.76670333,116.04415120,0.5100,1627.57,1,241,split_finetuned_disk,9,1,-1,1663.83,407.65,407.65
258,1199.00,29.75799459,116.04091230,29.76670333,116.04415120,29.76670333,116.04415120,0.5567,1018.72,1,274,split_finetuned_disk,11,1,-1,973.64,587.24,587.24
259,1204.00,29.75799459,116.04091230,29.76670333,116.04415120,29.76670333,116.04415120,0.5567,1018.72,1,274,split_finetuned_disk,11,1,-1,899.42,535.27,535.27
260,1209.00,29.76670333,116.04415120,29.76670333,116.04415120,29.76670333,116.04415120,0.5800,0.00,0,364,split_finetuned_disk,12,1,-1,511.67,511.67,511.67
261,1213.00,29.76670333,116.04415120,29.76670333,116.04415120,29.76670333,116.04415120,0.5800,0.00,0,364,split_finetuned_disk,12,1,-1,578.01,494.73,494.73
262,1219.00,29.75799459,116.04091230,29.76670333,116.04415120,29.76670333,116.04415120,0.5567,1018.72,1,274,split_finetuned_disk,11,1,-1,671.64,352.98,352.98
263,1224.00,29.76670333,116.04415120,29.76670333,116.04415120,29.76670333,116.04415120,0.5800,0.00,0,364,split_finetuned_disk,12,1,-1,727.94,313.42,313.42
264,1229.00,29.76670333,116.04415120,29.76670333,116.04415120,29.76670333,116.04415120,0.5800,0.00,0,364,split_finetuned_disk,12,1,-1,800.22,507.08,507.08
265,1234.00,29.76058990,116.04248230,29.76670333,116.04415120,29.76670333,116.04415120,0.4867,699.39,1,304,split_finetuned_disk,8,1,-1,286.24,286.24,286.24
266,1239.00,29.76670333,116.04415120,29.76670333,116.04415120,29.76670333,116.04415120,0.5800,0.00,0,364,split_finetuned_disk,12,1,-1,947.47,303.31,303.31
267,1245.00,29.75946930,116.03363440,29.76670333,116.04415120,29.76670333,116.04415120,0.5100,1296.60,1,285,split_finetuned_disk,9,1,-1,1085.24,337.95,337.95
268,1250.00,29.76670333,116.04415120,29.76670333,116.04415120,29.76670333,116.04415120,0.5800,0.00,0,364,split_finetuned_disk,12,1,-1,1097.10,385.44,385.44
269,1255.00,29.76670333,116.04415120,29.76670333,116.04415120,29.76670333,116.04415120,0.5800,0.00,0,364,split_finetuned_disk,12,1,-1,1183.32,450.23,450.23
270,1260.00,29.76670333,116.04415120,29.76670333,116.04415120,29.76670333,116.04415120,0.5800,0.00,0,364,split_finetuned_disk,12,1,-1,1259.09,387.84,387.84
271,1265.00,29.76058990,116.04248230,29.76670333,116.04415120,29.76670333,116.04415120,0.4867,699.39,1,304,split_finetuned_disk,8,1,-1,579.32,579.32,579.32
272,1270.00,29.76991638,116.05025469,29.76670333,116.04415120,29.76670333,116.04415120,0.5100,689.75,1,383,split_finetuned_disk,9,1,-1,1663.91,784.51,784.51
273,1275.00,29.76001656,116.06065318,29.76670333,116.04415120,29.76670333,116.04415120,0.5100,1759.73,1,298,split_finetuned_disk,9,1,7,1583.26,129.71,129.71
274,1281.00,29.73947038,116.04501483,29.76670333,116.04415120,29.76670333,116.04415120,0.5800,3032.72,1,126,split_finetuned_disk,12,1,3,1665.88,105.23,105.23
275,1286.00,29.75705030,116.06262409,29.76670333,116.04415120,29.76670333,116.04415120,0.5567,2083.48,1,284,split_finetuned_disk,11,1,2,1764.65,86.58,86.58
276,1291.00,29.75705030,116.06262409,29.76670333,116.04415120,29.76670333,116.04415120,0.5567,2083.48,1,284,split_finetuned_disk,11,1,5,1784.63,126.74,126.74
277,1296.00,29.73346887,116.03540752,29.76670333,116.04415120,29.76670333,116.04415120,0.5100,3794.90,1,76,split_finetuned_disk,9,1,6,2202.66,86.77,86.77
278,1301.00,29.73154959,116.03443091,29.76670333,116.04415120,29.76670333,116.04415120,0.5100,4024.45,1,46,split_finetuned_disk,9,1,6,2500.94,130.06,130.06
279,1306.00,29.73340449,116.05377620,29.76670333,116.04415120,29.76670333,116.04415120,0.5567,3821.72,1,85,split_finetuned_disk,11,1,7,2073.88,104.79,104.79
280,1311.00,29.72539786,116.05687207,29.76670333,116.04415120,29.72539786,116.05687207,0.5100,4759.58,1,11,split_finetuned_disk,9,1,8,2998.24,86.72,86.72
281,1316.00,29.72539786,116.05687207,29.72539786,116.05687207,29.72539786,116.05687207,0.5100,0.00,0,11,split_finetuned_disk,9,1,10,2926.05,135.39,135.39
282,1322.00,29.72539786,116.05687207,29.72539786,116.05687207,29.72539786,116.05687207,0.5100,0.00,0,11,split_finetuned_disk,9,1,-1,2854.16,442.57,442.57
283,1327.00,29.74048978,116.05194127,29.72539786,116.05687207,29.72539786,116.05687207,0.5567,1746.29,1,129,split_finetuned_disk,11,1,10,1188.52,98.96,98.96
284,1332.00,29.73338914,116.06025759,29.72539786,116.05687207,29.72539786,116.05687207,0.5333,947.83,1,73,split_finetuned_disk,10,1,3,2255.88,111.17,111.17
285,1338.00,29.74181426,116.04707932,29.72539786,116.05687207,29.72539786,116.05687207,0.4867,2057.92,1,141,split_finetuned_disk,8,1,2,593.71,86.87,86.87
286,1343.00,29.73927723,116.05039067,29.72539786,116.05687207,29.72539786,116.05687207,0.5100,1667.16,1,128,split_finetuned_disk,9,1,4,872.66,127.86,127.86
287,1349.00,29.72619192,116.04736365,29.72539786,116.05687207,29.72539786,116.05687207,0.5333,923.01,1,6,split_finetuned_disk,10,1,-1,2229.60,193.12,193.12
288,1354.00,29.74181426,116.04707932,29.72539786,116.05687207,29.72539786,116.05687207,0.4867,2057.92,1,141,split_finetuned_disk,8,1,-1,367.16,171.34,171.34
289,1359.00,29.74181426,116.04707932,29.72539786,116.05687207,29.72539786,116.05687207,0.4867,2057.92,1,141,split_finetuned_disk,8,1,6,294.16,110.68,110.68
290,1364.00,29.74181426,116.04707932,29.72539786,116.05687207,29.72539786,116.05687207,0.4867,2057.92,1,141,split_finetuned_disk,8,1,5,224.51,85.39,85.39
291,1370.00,29.73340449,116.05377620,29.72539786,116.05687207,29.72539786,116.05687207,0.5567,940.16,1,85,split_finetuned_disk,11,1,4,1293.90,120.31,120.31
292,1376.00,29.78796383,116.06268591,29.72539786,116.05687207,29.78796383,116.06268591,0.6033,6987.46,1,524,split_finetuned_disk,13,1,-1,5250.92,394.14,394.14
293,1381.00,29.77763940,116.05802707,29.78796383,116.06268591,29.78796383,116.06268591,0.5800,1234.33,1,447,split_finetuned_disk,12,1,-1,4260.05,3764.90,3764.90
294,1387.00,29.78796383,116.06268591,29.78796383,116.06268591,29.78796383,116.06268591,0.6033,0.00,0,524,split_finetuned_disk,13,1,2,5409.01,134.58,134.58
295,1392.00,29.78796383,116.06268591,29.78796383,116.06268591,29.78796383,116.06268591,0.6033,0.00,0,524,split_finetuned_disk,13,1,-1,5482.97,497.64,497.64
296,1397.00,29.78316877,116.05600671,29.78796383,116.06268591,29.78796383,116.06268591,0.5100,837.53,1,491,split_finetuned_disk,9,1,5,5011.40,142.41,142.41
297,1403.00,29.73340449,116.05377620,29.78796383,116.06268591,29.78796383,116.06268591,0.5567,6134.26,1,85,split_finetuned_disk,11,1,6,1013.60,92.49,92.49
298,1408.00,29.73742695,116.04746787,29.78796383,116.06268591,29.78796383,116.06268591,0.6267,5814.77,1,112,split_finetuned_disk,14,1,5,317.66,94.74,94.74
299,1414.00,29.72810047,116.04456447,29.78796383,116.06268591,29.78796383,116.06268591,0.5800,6890.20,1,35,split_finetuned_disk,12,1,5,884.52,117.08,117.08
300,1419.00,29.72810047,116.04456447,29.78796383,116.06268591,29.78796383,116.06268591,0.5800,6890.20,1,35,split_finetuned_disk,12,1,8,806.99,85.12,85.12
301,1424.00,29.73479946,116.04268542,29.78796383,116.06268591,29.78796383,116.06268591,0.6033,6225.81,1,80,split_finetuned_disk,13,1,1,141.80,121.38,121.38
302,1430.00,29.72491498,116.04288321,29.78796383,116.06268591,29.78796383,116.06268591,0.5800,7274.76,1,5,split_finetuned_disk,12,1,-1,1039.00,641.19,641.19
303,1435.00,29.72810047,116.04456447,29.78796383,116.06268591,29.78796383,116.06268591,0.5800,6890.20,1,35,split_finetuned_disk,12,1,-1,564.05,268.27,268.27
304,1440.00,29.72810047,116.04456447,29.78796383,116.06268591,29.78796383,116.06268591,0.5800,6890.20,1,35,split_finetuned_disk,12,1,-1,487.15,296.01,296.01
305,1445.00,29.72810047,116.04456447,29.78796383,116.06268591,29.72810047,116.04456447,0.5800,6890.20,1,35,split_finetuned_disk,12,1,7,410.65,85.10,85.10
306,1451.00,29.72849750,116.04235868,29.72810047,116.04456447,29.72810047,116.04456447,0.5333,217.67,1,34,split_finetuned_disk,10,1,4,431.43,114.21,114.21
307,1456.00,29.72849750,116.04235868,29.72810047,116.04456447,29.72810047,116.04456447,0.5333,217.67,1,34,split_finetuned_disk,10,1,2,376.48,96.68,96.68
308,1460.00,29.72810047,116.04456447,29.72810047,116.04456447,29.72810047,116.04456447,0.5800,0.00,0,35,split_finetuned_disk,12,1,4,208.40,85.65,85.65
309,1502.00,29.72810047,116.04456447,29.72810047,116.04456447,29.72810047,116.04456447,0.5800,0.00,0,35,split_finetuned_disk,12,1,2,378.86,96.90,96.90
310,1506.00,29.74922609,116.05629104,29.72810047,116.04456447,29.72810047,116.04456447,0.6033,2610.45,1,206,split_finetuned_disk,13,1,-1,2080.35,156.04,156.04
311,1509.00,29.72810047,116.04456447,29.72810047,116.04456447,29.72810047,116.04456447,0.5800,0.00,0,35,split_finetuned_disk,12,1,5,497.94,79.39,79.39
312,1512.00,29.73035850,116.04489121,29.72810047,116.04456447,29.72810047,116.04456447,0.5333,253.34,1,51,split_finetuned_disk,10,1,4,301.17,119.92,119.92
313,1515.00,29.72810047,116.04456447,29.72810047,116.04456447,29.72810047,116.04456447,0.5800,0.00,0,35,split_finetuned_disk,12,1,5,643.20,123.32,123.32
314,1518.00,29.72810047,116.04456447,29.72810047,116.04456447,29.72810047,116.04456447,0.5800,0.00,0,35,split_finetuned_disk,12,1,-1,714.25,162.37,162.37
315,1521.00,29.72810047,116.04456447,29.72810047,116.04456447,29.72810047,116.04456447,0.5800,0.00,0,35,split_finetuned_disk,12,1,8,786.60,101.35,101.35
316,1524.00,29.72810047,116.04456447,29.72810047,116.04456447,29.72810047,116.04456447,0.5800,0.00,0,35,split_finetuned_disk,12,1,9,859.92,79.52,79.52
317,1527.00,29.72810047,116.04456447,29.72810047,116.04456447,29.72810047,116.04456447,0.5800,0.00,0,35,split_finetuned_disk,12,1,6,933.99,120.49,120.49
318,1530.00,29.72701206,116.05155804,29.72810047,116.04456447,29.72810047,116.04456447,0.5333,686.55,1,24,split_finetuned_disk,10,1,8,1280.55,84.08,84.08
319,1534.00,29.78796383,116.06268591,29.72810047,116.04456447,29.72810047,116.04456447,0.6033,6890.20,1,524,split_finetuned_disk,13,1,-1,5564.69,171.54,171.54
320,1537.00,29.78796383,116.06268591,29.72810047,116.04456447,29.72810047,116.04456447,0.6033,6890.20,1,524,split_finetuned_disk,13,1,2,5479.08,100.87,100.87
321,1540.00,29.78796383,116.06268591,29.72810047,116.04456447,29.72810047,116.04456447,0.6033,6890.20,1,524,split_finetuned_disk,13,1,-1,5404.27,3787.58,3787.58
322,1543.00,29.78796383,116.06268591,29.72810047,116.04456447,29.72810047,116.04456447,0.6033,6890.20,1,524,split_finetuned_disk,13,1,2,5329.54,121.07,121.07
323,1547.00,29.73340449,116.05377620,29.72810047,116.04456447,29.72810047,116.04456447,0.5567,1068.13,1,85,split_finetuned_disk,11,1,3,1055.48,83.81,83.81
324,1550.00,29.73338914,116.06025759,29.72810047,116.04456447,29.72810047,116.04456447,0.5333,1626.66,1,73,split_finetuned_disk,10,1,-1,1686.83,170.87,170.87
325,1553.00,29.73338914,116.06025759,29.72810047,116.04456447,29.72810047,116.04456447,0.5333,1626.66,1,73,split_finetuned_disk,10,1,3,1736.33,107.71,107.71
326,1556.00,29.74631349,116.04206199,29.72810047,116.04456447,29.72810047,116.04456447,0.5333,2041.84,1,184,split_finetuned_disk,10,1,4,620.99,78.44,78.44
327,1559.00,29.74631349,116.04206199,29.72810047,116.04456447,29.74631349,116.04206199,0.5333,2041.84,1,184,split_finetuned_disk,10,1,3,574.44,113.35,113.35
328,1562.00,29.72701206,116.05155804,29.74631349,116.04206199,29.74631349,116.04206199,0.5333,2336.36,1,24,split_finetuned_disk,10,1,9,2038.84,83.54,83.54
329,1565.00,29.74792769,116.04802417,29.74631349,116.04206199,29.74631349,116.04206199,0.5800,603.48,1,202,split_finetuned_disk,12,1,8,371.58,92.35,92.35
330,1568.00,29.74792769,116.04802417,29.74631349,116.04206199,29.74631349,116.04206199,0.5800,603.48,1,202,split_finetuned_disk,12,1,4,299.04,107.20,107.20
331,1571.00,29.74792769,116.04802417,29.74631349,116.04206199,29.74631349,116.04206199,0.5800,603.48,1,202,split_finetuned_disk,12,1,-1,230.05,230.05,230.05
332,1575.00,29.74792769,116.04802417,29.74631349,116.04206199,29.74631349,116.04206199,0.5800,603.48,1,202,split_finetuned_disk,12,1,2,169.02,113.90,113.90
333,1578.00,29.74792769,116.04802417,29.74631349,116.04206199,29.74631349,116.04206199,0.5800,603.48,1,202,split_finetuned_disk,12,1,1,127.88,87.69,87.69
334,1581.00,29.73580202,116.03854580,29.74631349,116.04206199,29.74631349,116.04206199,0.5333,1218.46,1,93,split_finetuned_disk,10,1,-1,1590.44,369.87,369.87
335,1584.00,29.72539786,116.05687207,29.74631349,116.04206199,29.74631349,116.04206199,0.5100,2732.95,1,11,split_finetuned_disk,9,1,-1,2868.54,294.18,294.18
336,1587.00,29.73154959,116.03443091,29.74631349,116.04206199,29.74631349,116.04206199,0.5100,1801.35,1,46,split_finetuned_disk,9,1,5,2455.01,78.53,78.53
337,1590.00,29.74862518,116.06347709,29.74631349,116.04206199,29.74862518,116.06347709,0.5100,2085.22,1,209,split_finetuned_disk,9,1,3,1547.83,114.44,114.44
338,1594.00,29.74048978,116.05194127,29.74862518,116.06347709,29.74862518,116.06347709,0.5567,1436.20,1,129,split_finetuned_disk,11,1,5,1457.88,87.36,87.36
339,1597.00,29.72701206,116.05155804,29.74862518,116.06347709,29.74862518,116.06347709,0.5333,2667.42,1,24,split_finetuned_disk,10,1,-1,2886.80,842.92,842.92
340,1600.00,29.75705030,116.06262409,29.74862518,116.06347709,29.74862518,116.06347709,0.5567,941.50,1,284,split_finetuned_disk,11,1,7,1596.42,140.97,140.97
341,1603.00,29.75705030,116.06262409,29.74862518,116.06347709,29.74862518,116.06347709,0.5567,941.50,1,284,split_finetuned_disk,11,1,3,1574.60,78.49,78.49
342,1607.00,29.76001656,116.06065318,29.74862518,116.06347709,29.74862518,116.06347709,0.5100,1297.11,1,298,split_finetuned_disk,9,1,7,1422.84,107.11,107.11
343,1610.00,29.75904008,116.05743369,29.74862518,116.06347709,29.74862518,116.06347709,0.5333,1298.15,1,297,split_finetuned_disk,10,1,4,1208.20,92.42,92.42
344,1613.00,29.76670333,116.04415120,29.74862518,116.06347709,29.74862518,116.06347709,0.5800,2745.40,1,364,split_finetuned_disk,12,1,-1,1441.64,379.98,379.98
345,1616.00,29.76670333,116.04415120,29.74862518,116.06347709,29.74862518,116.06347709,0.5800,2745.40,1,364,split_finetuned_disk,12,1,-1,1368.38,679.10,679.10
346,1619.00,29.76670333,116.04415120,29.74862518,116.06347709,29.74862518,116.06347709,0.5800,2745.40,1,364,split_finetuned_disk,12,1,-1,1295.66,626.20,626.20
347,1622.00,29.76670333,116.04415120,29.74862518,116.06347709,29.76670333,116.04415120,0.5800,2745.40,1,364,split_finetuned_disk,12,1,-1,1223.58,578.98,578.98
348,1625.00,29.76670333,116.04415120,29.76670333,116.04415120,29.76670333,116.04415120,0.5800,0.00,0,364,split_finetuned_disk,12,1,-1,1152.26,538.94,538.94
349,1629.00,29.76670333,116.04415120,29.76670333,116.04415120,29.76670333,116.04415120,0.5800,0.00,0,364,split_finetuned_disk,12,1,-1,1081.85,507.77,507.77
350,1632.00,29.75946930,116.03363440,29.76670333,116.04415120,29.76670333,116.04415120,0.5100,1296.60,1,285,split_finetuned_disk,9,1,-1,1282.86,487.19,487.19
351,1635.00,29.75946930,116.03363440,29.76670333,116.04415120,29.76670333,116.04415120,0.5100,1296.60,1,285,split_finetuned_disk,9,1,-1,1291.73,478.56,478.56
352,1639.00,29.75946930,116.03363440,29.76670333,116.04415120,29.76670333,116.04415120,0.5100,1296.60,1,285,split_finetuned_disk,9,1,-1,1307.49,484.12,484.12
353,1642.00,29.75946930,116.03363440,29.76670333,116.04415120,29.76670333,116.04415120,0.5100,1296.60,1,285,split_finetuned_disk,9,1,-1,1326.04,502.05,502.05
354,1645.00,29.75946930,116.03363440,29.76670333,116.04415120,29.76670333,116.04415120,0.5100,1296.60,1,285,split_finetuned_disk,9,1,-1,1348.85,530.94,530.94
355,1648.00,29.76359907,116.03349842,29.76670333,116.04415120,29.76670333,116.04415120,0.5333,1085.81,1,315,split_finetuned_disk,10,1,-1,1282.92,579.54,579.54
356,1651.00,29.77001296,116.04340947,29.76670333,116.04415120,29.76670333,116.04415120,0.5567,375.33,1,379,split_finetuned_disk,11,1,-1,778.14,394.11,394.11
357,1654.00,29.75946930,116.03363440,29.76670333,116.04415120,29.76670333,116.04415120,0.5100,1296.60,1,285,split_finetuned_disk,9,1,-1,1440.58,541.53,541.53
358,1657.00,29.76670333,116.04415120,29.76670333,116.04415120,29.76670333,116.04415120,0.5800,0.00,0,364,split_finetuned_disk,12,1,-1,543.44,464.56,464.56
359,1660.00,29.75946930,116.03363440,29.76670333,116.04415120,29.76670333,116.04415120,0.5100,1296.60,1,285,split_finetuned_disk,9,1,-1,1518.75,387.97,387.97
360,1663.00,29.76670333,116.04415120,29.76670333,116.04415120,29.76670333,116.04415120,0.5800,0.00,0,364,split_finetuned_disk,12,1,-1,486.91,301.29,301.29
361,1666.00,29.76670333,116.04415120,29.76670333,116.04415120,29.76670333,116.04415120,0.5800,0.00,0,364,split_finetuned_disk,12,1,-1,478.52,226.95,226.95
362,1669.00,29.76703136,116.05813833,29.76670333,116.04415120,29.76670333,116.04415120,0.4867,1352.03,1,357,split_finetuned_disk,8,1,-1,1152.52,156.15,156.15
363,1672.00,29.76670333,116.04415120,29.76670333,116.04415120,29.76670333,116.04415120,0.5800,0.00,0,364,split_finetuned_disk,12,1,5,499.21,96.97,96.97
364,1675.00,29.76670333,116.04415120,29.76670333,116.04415120,29.76670333,116.04415120,0.5800,0.00,0,364,split_finetuned_disk,12,1,4,526.83,81.05,81.05
365,1679.00,29.76058990,116.04248230,29.76670333,116.04415120,29.76670333,116.04415120,0.4867,699.39,1,304,split_finetuned_disk,8,1,4,1198.31,126.01,126.01
366,1682.00,29.76670333,116.04415120,29.76670333,116.04415120,29.76670333,116.04415120,0.5800,0.00,0,364,split_finetuned_disk,12,1,-1,608.81,193.21,193.21
367,1685.00,29.76703136,116.05813833,29.76670333,116.04415120,29.76670333,116.04415120,0.4867,1352.03,1,357,split_finetuned_disk,8,1,-1,1298.67,956.16,956.16
368,1688.00,29.76670333,116.04415120,29.76670333,116.04415120,29.76670333,116.04415120,0.5800,0.00,0,364,split_finetuned_disk,12,1,-1,724.09,352.42,352.42
369,1691.00,29.76140080,116.04697338,29.76670333,116.04415120,29.76670333,116.04415120,0.5100,650.23,1,292,split_finetuned_disk,9,1,-1,1626.08,428.74,428.74
370,1694.00,29.76991638,116.05025469,29.76670333,116.04415120,29.76670333,116.04415120,0.5100,689.75,1,383,split_finetuned_disk,9,1,-1,594.06,514.05,514.05
371,1697.00,29.77581059,116.04745551,29.76670333,116.04415120,29.76670333,116.04415120,0.5567,1062.91,1,427,split_finetuned_disk,11,1,1,123.75,81.54,81.54
372,1700.00,29.77634712,116.04542279,29.76670333,116.04415120,29.76670333,116.04415120,0.5333,1080.55,1,426,split_finetuned_disk,10,1,1,95.89,95.89,95.89
373,1703.00,29.77053265,116.03955418,29.76670333,116.04415120,29.76670333,116.04415120,0.4867,615.65,1,392,split_finetuned_disk,8,1,-1,1027.52,308.58,308.58
374,1706.00,29.74293486,116.04260592,29.76670333,116.04415120,29.76670333,116.04415120,0.4867,2650.12,1,154,split_finetuned_disk,8,1,-1,3841.04,349.36,349.36
375,1710.00,29.72810047,116.04456447,29.76670333,116.04415120,29.76670333,116.04415120,0.5800,4297.46,1,35,split_finetuned_disk,12,1,-1,5507.24,1005.24,1005.24
376,1713.00,29.73346887,116.03540752,29.76670333,116.04415120,29.76670333,116.04415120,0.5100,3794.90,1,76,split_finetuned_disk,9,1,8,5093.58,81.34,81.34
377,1716.00,29.73340449,116.05377620,29.76670333,116.04415120,29.76670333,116.04415120,0.5567,3821.72,1,85,split_finetuned_disk,11,1,-1,5107.29,283.93,283.93
378,1719.00,29.78039566,116.04895133,29.76670333,116.04415120,29.78039566,116.04895133,0.5100,1593.24,1,472,split_finetuned_disk,9,1,1,138.42,138.42,138.42
379,1722.00,29.73340449,116.05377620,29.78039566,116.04895133,29.78039566,116.04895133,0.5567,5251.79,1,85,split_finetuned_disk,11,1,2,5261.62,122.24,122.24
380,1726.00,29.72752713,116.05813833,29.78039566,116.04895133,29.78039566,116.04895133,0.5567,5951.90,1,27,split_finetuned_disk,11,1,-1,6192.25,3265.96,3265.96
381,1729.00,29.72752713,116.05813833,29.78039566,116.04895133,29.78039566,116.04895133,0.5567,5951.90,1,27,split_finetuned_disk,11,1,-1,6268.90,978.94,978.94
382,1732.00,29.74747239,116.06321748,29.78039566,116.04895133,29.78039566,116.04895133,0.4867,3915.69,1,194,split_finetuned_disk,8,1,-1,4322.37,947.12,947.12
383,1735.00,29.73580202,116.03854580,29.78039566,116.04895133,29.78039566,116.04895133,0.5333,5064.97,1,93,split_finetuned_disk,10,1,-1,5377.68,858.65,858.65
384,1738.00,29.79718764,116.05253465,29.78039566,116.04895133,29.78039566,116.04895133,0.5333,1901.08,1,609,split_finetuned_disk,10,1,-1,1482.19,669.66,669.66
385,1741.00,29.78648302,116.03791001,29.78039566,116.04895133,29.78039566,116.04895133,0.4867,1263.91,1,512,split_finetuned_disk,8,1,-1,885.13,334.17,334.17
386,1744.00,29.78036958,116.03630292,29.78039566,116.04895133,29.78039566,116.04895133,0.5567,1222.19,1,452,split_finetuned_disk,11,1,10,1167.08,84.44,84.44
387,1748.00,29.80175736,116.05915736,29.78039566,116.04895133,29.78039566,116.04895133,0.5333,2574.37,1,643,split_finetuned_disk,10,1,9,2039.71,91.06,91.06
388,1751.00,29.80175736,116.05915736,29.78039566,116.04895133,29.80175736,116.05915736,0.5333,2574.37,1,643,split_finetuned_disk,10,1,4,1981.00,108.91,108.91
389,1754.00,29.77833078,116.04149333,29.80175736,116.05915736,29.80175736,116.05915736,0.5100,3116.75,1,454,split_finetuned_disk,9,1,-1,1110.56,602.85,602.85
390,1757.00,29.77833078,116.04149333,29.80175736,116.05915736,29.80175736,116.05915736,0.5100,3116.75,1,454,split_finetuned_disk,9,1,-1,1181.36,170.75,170.75
391,1760.00,29.80523257,116.05624160,29.80175736,116.05915736,29.80175736,116.05915736,0.6267,478.58,1,671,split_finetuned_disk,14,1,7,1873.18,84.16,84.16
392,1764.00,29.72491498,116.04288321,29.80175736,116.05915736,29.80175736,116.05915736,0.5800,8697.43,1,5,split_finetuned_disk,12,1,-1,7252.51,171.74,171.74
393,1767.00,29.72810047,116.04456447,29.80175736,116.05915736,29.80175736,116.05915736,0.5800,8319.85,1,35,split_finetuned_disk,12,1,2,6930.69,108.39,108.39
394,1770.00,29.72810047,116.04456447,29.80175736,116.05915736,29.80175736,116.05915736,0.5800,8319.85,1,35,split_finetuned_disk,12,1,2,7008.55,78.40,78.40
395,1773.00,29.73035850,116.04489121,29.80175736,116.05915736,29.80175736,116.05915736,0.5333,8066.78,1,51,split_finetuned_disk,10,1,-1,6881.39,2614.74,2614.74
396,1776.00,29.72810047,116.04456447,29.80175736,116.05915736,29.80175736,116.05915736,0.5800,8319.85,1,35,split_finetuned_disk,12,1,4,7164.28,88.48,88.48
397,1779.00,29.72810047,116.04456447,29.80175736,116.05915736,29.80175736,116.05915736,0.5800,8319.85,1,35,split_finetuned_disk,12,1,3,7242.14,86.55,86.55
398,1782.00,29.72810047,116.04456447,29.80175736,116.05915736,29.72810047,116.04456447,0.5800,8319.85,1,35,split_finetuned_disk,12,1,-1,7320.01,5336.27,5336.27
399,1786.00,29.74862518,116.06347709,29.72810047,116.04456447,29.72810047,116.04456447,0.5100,2925.75,1,209,split_finetuned_disk,9,1,-1,5421.69,421.70,421.70
400,1789.00,29.73154959,116.03443091,29.72810047,116.04456447,29.72810047,116.04456447,0.5100,1051.77,1,46,split_finetuned_disk,9,1,4,7361.11,113.19,113.19
401,1792.00,29.72719448,116.05446848,29.72810047,116.04456447,29.72810047,116.04456447,0.4867,962.30,1,25,split_finetuned_disk,8,1,9,7793.10,88.14,88.14
402,1795.00,29.74173915,116.05295497,29.72810047,116.04456447,29.72810047,116.04456447,0.5100,1721.17,1,144,split_finetuned_disk,9,1,8,6259.32,86.87,86.87
403,1798.00,29.77833078,116.04149333,29.72810047,116.04456447,29.72810047,116.04456447,0.5100,5599.51,1,454,split_finetuned_disk,9,1,5,2168.87,115.25,115.25
404,1802.00,29.77833078,116.04149333,29.72810047,116.04456447,29.72810047,116.04456447,0.5100,5599.51,1,454,split_finetuned_disk,9,1,-1,2244.94,667.42,667.42
405,1805.00,29.80936696,116.06205543,29.72810047,116.04456447,29.72810047,116.04456447,0.4867,9203.11,1,719,split_finetuned_disk,8,1,-1,1894.56,597.48,597.48
406,1808.00,29.81343235,116.06067791,29.72810047,116.04456447,29.72810047,116.04456447,0.5567,9625.90,1,748,split_finetuned_disk,11,1,-1,1962.52,1154.52,1154.52
407,1811.00,29.81712217,116.06167924,29.72810047,116.04456447,29.72810047,116.04456447,0.5333,10046.94,1,778,split_finetuned_disk,10,1,-1,2202.36,841.95,841.95
408,1815.00,29.78039566,116.04895133,29.72810047,116.04456447,29.78039566,116.04895133,0.5100,5836.91,1,472,split_finetuned_disk,9,1,-1,2319.41,680.33,680.33
409,1818.00,29.78039566,116.04895133,29.78039566,116.04895133,29.78039566,116.04895133,0.5100,0.00,0,472,split_finetuned_disk,9,1,-1,2397.23,220.26,220.26
410,1821.00,29.78796383,116.06268591,29.78039566,116.04895133,29.78039566,116.04895133,0.6033,1571.96,1,524,split_finetuned_disk,13,1,8,2412.48,106.45,106.45
411,1824.00,29.80820344,116.06151150,29.78039566,116.04895133,29.78039566,116.04895133,0.5333,3324.98,1,704,split_finetuned_disk,10,1,2,1586.81,92.94,92.94
412,1827.00,29.80820344,116.06151150,29.78039566,116.04895133,29.78039566,116.04895133,0.5333,3324.98,1,704,split_finetuned_disk,10,1,4,1566.49,83.17,83.17
413,1831.00,29.81639249,116.04686212,29.78039566,116.04895133,29.78039566,116.04895133,0.6033,4012.25,1,772,split_finetuned_disk,13,1,7,1299.87,122.49,122.49
414,1834.00,29.81573331,116.03875063,29.78039566,116.04895133,29.78039566,116.04895133,0.5100,4055.39,1,752,split_finetuned_disk,9,1,2,1343.21,80.01,80.01
415,1880.00,29.77780036,116.04014052,29.78039566,116.04895133,29.78039566,116.04895133,0.4867,899.05,1,438,split_finetuned_disk,8,1,-1,3290.18,672.15,672.15
416,1885.00,29.73742695,116.04746787,29.78039566,116.04895133,29.78039566,116.04895133,0.6267,4785.42,1,112,split_finetuned_disk,14,1,-1,7495.05,400.77,400.77
417,1890.00,29.73742695,116.04746787,29.78039566,116.04895133,29.78039566,116.04895133,0.6267,4785.42,1,112,split_finetuned_disk,14,1,-1,7417.13,1382.57,1382.57
418,1895.00,29.73346887,116.03540752,29.78039566,116.04895133,29.78039566,116.04895133,0.5100,5385.33,1,76,split_finetuned_disk,9,1,-1,7842.63,478.68,478.68
419,1901.00,29.81167865,116.03988092,29.78039566,116.04895133,29.81167865,116.03988092,0.5100,3591.02,1,723,split_finetuned_disk,9,1,-1,1281.22,554.15,554.15
420,1906.00,29.80523257,116.05624160,29.81167865,116.03988092,29.81167865,116.03988092,0.6267,1736.12,1,671,split_finetuned_disk,14,1,-1,763.29,378.71,378.71
421,1911.00,29.81639249,116.04686212,29.81167865,116.03988092,29.81167865,116.03988092,0.6033,854.64,1,772,split_finetuned_disk,13,1,-1,1707.55,876.65,876.65
422,1916.00,29.79820093,116.03915155,29.81167865,116.03988092,29.81167865,116.03988092,0.6033,1501.99,1,618,split_finetuned_disk,13,1,-1,897.97,393.09,393.09
423,1921.00,29.81639249,116.04686212,29.81167865,116.03988092,29.81167865,116.03988092,0.6033,854.64,1,772,split_finetuned_disk,13,1,-1,1863.27,356.26,356.26
424,1926.00,29.81639249,116.04686212,29.81167865,116.03988092,29.81167865,116.03988092,0.6033,854.64,1,772,split_finetuned_disk,13,1,5,1941.14,141.81,141.81
425,1931.00,29.79820093,116.03915155,29.81167865,116.03988092,29.81167865,116.03988092,0.6033,1501.99,1,618,split_finetuned_disk,13,1,-1,871.78,328.88,328.88
426,1937.00,29.81639249,116.04686212,29.81167865,116.03988092,29.81167865,116.03988092,0.6033,854.64,1,772,split_finetuned_disk,13,1,-1,2096.89,342.05,342.05
427,1942.00,29.79113859,116.03275669,29.81167865,116.03988092,29.81167865,116.03988092,0.5800,2387.90,1,540,split_finetuned_disk,12,1,-1,1687.76,371.46,371.46
428,1947.00,29.72701206,116.05155804,29.81167865,116.03988092,29.81167865,116.03988092,0.5333,9492.38,1,24,split_finetuned_disk,10,1,-1,7744.32,4727.82,4727.82
429,1953.00,29.72752713,116.05813833,29.81167865,116.03988092,29.72752713,116.05813833,0.5567,9532.42,1,27,split_finetuned_disk,11,1,-1,7715.49,5143.91,5143.91
430,1958.00,29.72752713,116.05813833,29.72752713,116.05813833,29.72752713,116.05813833,0.5567,0.00,0,27,split_finetuned_disk,11,1,-1,7638.14,5451.63,5451.63
431,1963.00,29.72491498,116.04288321,29.72752713,116.05813833,29.72752713,116.05813833,0.5800,1502.47,1,5,split_finetuned_disk,12,1,-1,7718.00,5528.89,5528.89
432,1969.00,29.72491498,116.04288321,29.72752713,116.05813833,29.72752713,116.05813833,0.5800,1502.47,1,5,split_finetuned_disk,12,1,-1,7640.23,236.74,236.74
433,1974.00,29.73580202,116.03854580,29.72752713,116.05813833,29.72752713,116.05813833,0.5333,2105.38,1,93,split_finetuned_disk,10,1,-1,6407.29,164.17,164.17
434,1979.00,29.72491498,116.04288321,29.72752713,116.05813833,29.72752713,116.05813833,0.5800,1502.47,1,5,split_finetuned_disk,12,1,7,7484.68,100.00,100.00
435,1985.00,29.72491498,116.04288321,29.72752713,116.05813833,29.72752713,116.05813833,0.5800,1502.47,1,5,split_finetuned_disk,12,1,-1,7406.92,6010.42,6010.42
436,1990.00,29.72491498,116.04288321,29.72752713,116.05813833,29.72752713,116.05813833,0.5800,1502.47,1,5,split_finetuned_disk,12,1,-1,7318.04,4886.85,4886.85
437,1995.00,29.73636001,116.03363440,29.72752713,116.05813833,29.72752713,116.05813833,0.5100,2563.80,1,90,split_finetuned_disk,9,1,10,6202.02,75.80,75.80
438,2000.00,29.77833078,116.04149333,29.72752713,116.05813833,29.72752713,116.05813833,0.5100,5879.72,1,454,split_finetuned_disk,9,1,10,1329.14,89.09,89.09
439,2005.00,29.73580202,116.03854580,29.72752713,116.05813833,29.72752713,116.05813833,0.5333,2105.38,1,93,split_finetuned_disk,10,1,5,5933.42,99.47,99.47
440,2010.00,29.78846206,116.05169402,29.72752713,116.05813833,29.78846206,116.05169402,0.5333,6811.80,1,534,split_finetuned_disk,10,1,5,328.52,72.14,72.14
441,2015.00,29.79495106,116.05878117,29.78846206,116.05169402,29.78846206,116.05169402,0.5100,995.37,1,597,split_finetuned_disk,9,1,-1,1283.87,154.98,154.98
442,2020.00,29.79718764,116.05253465,29.78846206,116.05169402,29.78846206,116.05169402,0.5333,974.72,1,609,split_finetuned_disk,10,1,-1,1210.13,553.48,553.48
443,2025.00,29.79718764,116.05253465,29.78846206,116.05169402,29.78846206,116.05169402,0.5333,974.72,1,609,split_finetuned_disk,10,1,-1,1285.30,689.79,689.79
444,2030.00,29.79820093,116.03915155,29.78846206,116.05169402,29.78846206,116.05169402,0.6033,1626.08,1,618,split_finetuned_disk,13,1,-1,1762.32,818.75,818.75
445,2036.00,29.79113859,116.03275669,29.78846206,116.05169402,29.78846206,116.05169402,0.5800,1853.96,1,540,split_finetuned_disk,12,1,-1,1592.87,776.81,776.81
446,2041.00,29.78039566,116.04895133,29.78846206,116.05169402,29.78846206,116.05169402,0.5100,936.24,1,472,split_finetuned_disk,9,1,-1,320.56,320.56,320.56
447,2046.00,29.72810658,116.03424015,29.78846206,116.05169402,29.78846206,116.05169402,0.5100,6927.21,1,15,split_finetuned_disk,9,1,-1,6405.86,943.03,943.03
448,2051.00,29.72810047,116.04456447,29.78846206,116.05169402,29.78846206,116.05169402,0.5800,6754.68,1,35,split_finetuned_disk,12,1,-1,5975.25,1718.93,1718.93
449,2056.00,29.72810047,116.04456447,29.78846206,116.05169402,29.78846206,116.05169402,0.5800,6754.68,1,35,split_finetuned_disk,12,1,-1,5897.57,5079.19,5079.19
450,2061.00,29.72810047,116.04456447,29.78846206,116.05169402,29.72810047,116.04456447,0.5800,6754.68,1,35,split_finetuned_disk,12,1,-1,5819.90,4823.87,4823.87
451,2066.00,29.72810047,116.04456447,29.72810047,116.04456447,29.72810047,116.04456447,0.5800,0.00,0,35,split_finetuned_disk,12,1,-1,5742.24,3158.25,3158.25
452,2072.00,29.72810047,116.04456447,29.72810047,116.04456447,29.72810047,116.04456447,0.5800,0.00,0,35,split_finetuned_disk,12,1,-1,5653.49,3070.22,3070.22
453,2077.00,29.77634712,116.04542279,29.72810047,116.04456447,29.72810047,116.04456447,0.5333,5371.46,1,426,split_finetuned_disk,10,1,-1,447.66,447.66,447.66
454,2082.00,29.77634712,116.04542279,29.72810047,116.04456447,29.72810047,116.04456447,0.5333,5371.46,1,426,split_finetuned_disk,10,1,-1,388.60,150.20,150.20
455,2087.00,29.77581059,116.04745551,29.72810047,116.04456447,29.72810047,116.04456447,0.5567,5318.43,1,427,split_finetuned_disk,11,1,3,212.44,71.60,71.60
456,2092.00,29.76670333,116.04415120,29.72810047,116.04456447,29.72810047,116.04456447,0.5800,4297.46,1,364,split_finetuned_disk,12,1,-1,1140.74,771.47,771.47
457,2096.00,29.76670333,116.04415120,29.72810047,116.04456447,29.72810047,116.04456447,0.5800,4297.46,1,364,split_finetuned_disk,12,1,-1,1078.73,699.08,699.08
458,2101.00,29.75946930,116.03363440,29.72810047,116.04456447,29.72810047,116.04456447,0.5100,3648.20,1,285,split_finetuned_disk,9,1,-1,2298.95,1317.36,1317.36
459,2107.00,29.75946930,116.03363440,29.72810047,116.04456447,29.72810047,116.04456447,0.5100,3648.20,1,285,split_finetuned_disk,9,1,-1,2239.64,558.76,558.76
460,2112.00,29.75946930,116.03363440,29.72810047,116.04456447,29.72810047,116.04456447,0.5100,3648.20,1,285,split_finetuned_disk,9,1,-1,2173.30,482.88,482.88
461,2117.00,29.75946930,116.03363440,29.72810047,116.04456447,29.72810047,116.04456447,0.5100,3648.20,1,285,split_finetuned_disk,9,1,-1,2116.61,420.74,420.74
462,2123.00,29.75946930,116.03363440,29.72810047,116.04456447,29.75946930,116.03363440,0.5100,3648.20,1,285,split_finetuned_disk,9,1,-1,2061.32,364.71,364.71
463,2128.00,29.75946930,116.03363440,29.75946930,116.03363440,29.75946930,116.03363440,0.5100,0.00,0,285,split_finetuned_disk,9,1,-1,2007.52,318.04,318.04
464,2133.00,29.75946930,116.03363440,29.75946930,116.03363440,29.75946930,116.03363440,0.5100,0.00,0,285,split_finetuned_disk,9,1,-1,1955.35,285.36,285.36
465,2138.00,29.76670333,116.04415120,29.75946930,116.03363440,29.75946930,116.03363440,0.5800,1296.60,1,364,split_finetuned_disk,12,1,-1,703.55,271.77,271.77
466,2143.00,29.75946930,116.03363440,29.75946930,116.03363440,29.75946930,116.03363440,0.5100,0.00,0,285,split_finetuned_disk,9,1,-1,1856.44,280.05,280.05
467,2148.00,29.76670333,116.04415120,29.75946930,116.03363440,29.75946930,116.03363440,0.5800,1296.60,1,364,split_finetuned_disk,12,1,-1,673.75,308.45,308.45
468,2153.00,29.76670333,116.04415120,29.75946930,116.03363440,29.75946930,116.03363440,0.5800,1296.60,1,364,split_finetuned_disk,12,1,-1,672.52,359.32,359.32
469,2159.00,29.76670333,116.04415120,29.75946930,116.03363440,29.75946930,116.03363440,0.5800,1296.60,1,364,split_finetuned_disk,12,1,-1,681.07,414.55,414.55
470,2164.00,29.76670333,116.04415120,29.75946930,116.03363440,29.75946930,116.03363440,0.5800,1296.60,1,364,split_finetuned_disk,12,1,-1,698.26,476.17,476.17
471,2169.00,29.76670333,116.04415120,29.75946930,116.03363440,29.75946930,116.03363440,0.5800,1296.60,1,364,split_finetuned_disk,12,1,-1,723.48,542.00,542.00
472,2175.00,29.76670333,116.04415120,29.75946930,116.03363440,29.75946930,116.03363440,0.5800,1296.60,1,364,split_finetuned_disk,12,1,-1,755.93,610.68,610.68
473,2180.00,29.76670333,116.04415120,29.75946930,116.03363440,29.75946930,116.03363440,0.5800,1296.60,1,364,split_finetuned_disk,12,1,-1,794.71,681.36,681.36
474,2185.00,29.75432623,116.03518500,29.75946930,116.03363440,29.75946930,116.03363440,0.5100,591.81,1,241,split_finetuned_disk,9,1,-1,1679.52,734.41,734.41
475,2190.00,29.76359907,116.03349842,29.75946930,116.03363440,29.75946930,116.03363440,0.5333,459.91,1,315,split_finetuned_disk,10,1,-1,1471.72,230.66,230.66
476,2195.00,29.76359907,116.03349842,29.75946930,116.03363440,29.76359907,116.03349842,0.5333,459.91,1,315,split_finetuned_disk,10,1,-1,1473.25,535.02,535.02
477,2199.00,29.76359907,116.03349842,29.76359907,116.03349842,29.76359907,116.03349842,0.5333,0.00,0,315,split_finetuned_disk,10,1,-1,1478.99,457.92,457.92
478,2204.00,29.76670333,116.04415120,29.76359907,116.03349842,29.76359907,116.03349842,0.5800,1085.81,1,364,split_finetuned_disk,12,1,-1,1064.29,672.08,672.08
479,2209.00,29.76359907,116.03349842,29.76359907,116.03349842,29.76359907,116.03349842,0.5333,0.00,0,315,split_finetuned_disk,10,1,-1,1502.58,481.36,481.36
480,2214.00,29.75946930,116.03363440,29.76359907,116.03349842,29.76359907,116.03349842,0.5100,459.91,1,285,split_finetuned_disk,9,1,-1,1471.71,1213.53,1213.53
481,2220.00,29.75946930,116.03363440,29.76359907,116.03349842,29.76359907,116.03349842,0.5100,459.91,1,285,split_finetuned_disk,9,1,-1,1472.79,719.95,719.95
482,2225.00,29.75946930,116.03363440,29.76359907,116.03349842,29.76359907,116.03349842,0.5100,459.91,1,285,split_finetuned_disk,9,1,-1,1477.99,751.55,751.55
483,2230.00,29.75946930,116.03363440,29.76359907,116.03349842,29.76359907,116.03349842,0.5100,459.91,1,285,split_finetuned_disk,9,1,-1,1487.26,789.61,789.61
484,2235.00,29.76670333,116.04415120,29.76359907,116.03349842,29.76359907,116.03349842,0.5800,1085.81,1,364,split_finetuned_disk,12,1,-1,1467.06,538.60,538.60
485,2240.00,29.76001656,116.06065318,29.76359907,116.03349842,29.76359907,116.03349842,0.5100,2654.02,1,298,split_finetuned_disk,9,1,2,1191.39,73.77,73.77
486,2246.00,29.76001656,116.06065318,29.76359907,116.03349842,29.76359907,116.03349842,0.5100,2654.02,1,298,split_finetuned_disk,9,1,2,1218.62,93.52,93.52
487,2251.00,29.72752713,116.05813833,29.76359907,116.03349842,29.76359907,116.03349842,0.5567,4668.31,1,27,split_finetuned_disk,11,1,-1,3199.57,2517.98,2517.98
488,2256.00,29.72508667,116.05881825,29.76359907,116.03349842,29.76359907,116.03349842,0.5567,4936.18,1,12,split_finetuned_disk,11,1,-1,3316.58,2784.91,2784.91
489,2262.00,29.73154959,116.03443091,29.76359907,116.03349842,29.73154959,116.03443091,0.5100,3568.89,1,46,split_finetuned_disk,9,1,8,2810.22,127.97,127.97
490,2268.00,29.74862518,116.06347709,29.73154959,116.03443091,29.73154959,116.03443091,0.5100,3389.77,1,209,split_finetuned_disk,9,1,6,1395.69,76.93,76.93
491,2273.00,29.73154959,116.03443091,29.73154959,116.03443091,29.73154959,116.03443091,0.5100,0.00,0,46,split_finetuned_disk,9,1,-1,2662.38,278.34,278.34
492,2279.00,29.73154959,116.03443091,29.73154959,116.03443091,29.73154959,116.03443091,0.5100,0.00,0,46,split_finetuned_disk,9,1,8,2594.19,94.16,94.16
493,2284.00,29.73083065,116.03821906,29.73154959,116.03443091,29.73154959,116.03443091,0.5100,374.69,1,47,split_finetuned_disk,9,1,7,2432.05,73.53,73.53
494,2290.00,29.74792769,116.04802417,29.73154959,116.03443091,29.73154959,116.03443091,0.5800,2247.07,1,202,split_finetuned_disk,12,1,1,127.35,127.35,127.35
495,2295.00,29.74792769,116.04802417,29.73154959,116.03443091,29.73154959,116.03443091,0.5800,2247.07,1,202,split_finetuned_disk,12,1,1,76.66,76.66,76.66
496,2301.00,29.74792769,116.04802417,29.73154959,116.03443091,29.73154959,116.03443091,0.5800,2247.07,1,202,split_finetuned_disk,12,1,1,87.63,87.63,87.63
497,2306.00,29.74792769,116.04802417,29.73154959,116.03443091,29.73154959,116.03443091,0.5800,2247.07,1,202,split_finetuned_disk,12,1,1,147.06,147.06,147.06
498,2312.00,29.72810047,116.04456447,29.73154959,116.03443091,29.73154959,116.03443091,0.5800,1051.77,1,35,split_finetuned_disk,12,1,-1,2048.64,1224.13,1224.13
499,2318.00,29.74792769,116.04802417,29.73154959,116.03443091,29.73154959,116.03443091,0.5800,2247.07,1,202,split_finetuned_disk,12,1,-1,303.99,303.99,303.99
500,2323.00,29.72752713,116.05813833,29.73154959,116.03443091,29.73154959,116.03443091,0.5567,2334.14,1,27,split_finetuned_disk,11,1,-1,2229.17,529.08,529.08
501,2328.00,29.75164971,116.05241103,29.73154959,116.03443091,29.73154959,116.03443091,0.5800,2832.85,1,234,split_finetuned_disk,12,1,3,912.43,88.07,88.07
502,2333.00,29.74631349,116.04206199,29.73154959,116.03443091,29.74631349,116.04206199,0.5333,1801.35,1,184,split_finetuned_disk,10,1,2,747.94,100.68,100.68
503,2339.00,29.75164971,116.05241103,29.74631349,116.04206199,29.74631349,116.04206199,0.5800,1163.13,1,234,split_finetuned_disk,12,1,6,1059.32,71.95,71.95
504,2344.00,29.74048978,116.05194127,29.74631349,116.04206199,29.74631349,116.04206199,0.5567,1153.93,1,129,split_finetuned_disk,11,1,3,455.01,111.18,111.18
505,2350.00,29.74048978,116.05194127,29.74631349,116.04206199,29.74631349,116.04206199,0.5567,1153.93,1,129,split_finetuned_disk,11,1,6,405.00,80.60,80.60
506,2356.00,29.74048978,116.05194127,29.74631349,116.04206199,29.74631349,116.04206199,0.5567,1153.93,1,129,split_finetuned_disk,11,1,8,364.91,82.46,82.46
507,2362.00,29.73927723,116.05039067,29.74631349,116.04206199,29.74631349,116.04206199,0.5100,1123.03,1,128,split_finetuned_disk,9,1,1,146.26,100.16,100.16
508,2368.00,29.78796383,116.06268591,29.74631349,116.04206199,29.74631349,116.04206199,0.6033,5046.65,1,524,split_finetuned_disk,13,1,10,5374.64,72.03,72.03
509,2373.00,29.78796383,116.06268591,29.74631349,116.04206199,29.74631349,116.04206199,0.6033,5046.65,1,524,split_finetuned_disk,13,1,-1,5450.18,3887.93,3887.93
510,2379.00,29.80820344,116.06151150,29.74631349,116.04206199,29.74631349,116.04206199,0.5333,7141.32,1,704,split_finetuned_disk,10,1,-1,7876.56,178.70,178.70
511,2385.00,29.72619192,116.04736365,29.74631349,116.04206199,29.74631349,116.04206199,0.5333,2297.77,1,6,split_finetuned_disk,10,1,-1,1385.23,274.77,274.77
512,2390.00,29.72810047,116.04456447,29.74631349,116.04206199,29.72810047,116.04456447,0.5800,2041.84,1,35,split_finetuned_disk,12,1,-1,998.77,714.15,714.15
513,2396.00,29.72810047,116.04456447,29.72810047,116.04456447,29.72810047,116.04456447,0.5800,0.00,0,35,split_finetuned_disk,12,1,10,930.81,71.64,71.64
514,2402.00,29.72810047,116.04456447,29.72810047,116.04456447,29.72810047,116.04456447,0.5800,0.00,0,35,split_finetuned_disk,12,1,6,864.53,104.00,104.00
515,2408.00,29.72849750,116.04235868,29.72810047,116.04456447,29.72810047,116.04456447,0.5333,217.67,1,34,split_finetuned_disk,10,1,5,924.62,79.92,79.92
516,2414.00,29.72810047,116.04456447,29.72810047,116.04456447,29.72810047,116.04456447,0.5800,0.00,0,35,split_finetuned_disk,12,1,-1,730.28,252.76,252.76
517,2420.00,29.72810047,116.04456447,29.72810047,116.04456447,29.72810047,116.04456447,0.5800,0.00,0,35,split_finetuned_disk,12,1,5,672.67,107.11,107.11
518,2426.00,29.72810047,116.04456447,29.72810047,116.04456447,29.72810047,116.04456447,0.5800,0.00,0,35,split_finetuned_disk,12,1,5,619.52,71.62,71.62
519,2431.00,29.72810047,116.04456447,29.72810047,116.04456447,29.72810047,116.04456447,0.5800,0.00,0,35,split_finetuned_disk,12,1,4,578.44,96.73,96.73
520,2472.00,29.72810047,116.04456447,29.72810047,116.04456447,29.72810047,116.04456447,0.5800,0.00,0,35,split_finetuned_disk,12,1,3,782.62,66.12,66.12
521,2475.00,29.78796383,116.06268591,29.72810047,116.04456447,29.72810047,116.04456447,0.6033,6890.20,1,524,split_finetuned_disk,13,1,3,6006.31,117.57,117.57
522,2478.00,29.73340449,116.05377620,29.72810047,116.04456447,29.72810047,116.04456447,0.5567,1068.13,1,85,split_finetuned_disk,11,1,3,335.75,67.91,67.91
523,2481.00,29.72849750,116.04235868,29.72810047,116.04456447,29.72810047,116.04456447,0.5333,217.67,1,34,split_finetuned_disk,10,1,10,1086.57,86.86,86.86
524,2484.00,29.72849750,116.04235868,29.72810047,116.04456447,29.72810047,116.04456447,0.5333,217.67,1,34,split_finetuned_disk,10,1,4,1135.44,91.32,91.32
525,2487.00,29.72810658,116.03424015,29.72810047,116.04456447,29.72810047,116.04456447,0.5100,997.61,1,15,split_finetuned_disk,9,1,4,1949.14,66.27,66.27
526,2490.00,29.77833078,116.04149333,29.72810047,116.04456447,29.72810047,116.04456447,0.5100,5599.51,1,454,split_finetuned_disk,9,1,-1,4787.22,1237.01,1237.01
527,2493.00,29.78661178,116.05417179,29.72810047,116.04456447,29.72810047,116.04456447,0.4867,6579.30,1,520,split_finetuned_disk,8,1,3,5440.86,71.68,71.68
528,2496.00,29.74847495,116.05471572,29.72810047,116.04456447,29.72810047,116.04456447,0.4867,2471.11,1,205,split_finetuned_disk,8,1,10,1200.34,80.33,80.33
529,2499.00,29.73927723,116.05039067,29.72810047,116.04456447,29.72810047,116.04456447,0.5100,1365.64,1,128,split_finetuned_disk,9,1,1,90.79,90.79,90.79
530,2502.00,29.74048978,116.05194127,29.72810047,116.04456447,29.74048978,116.05194127,0.5567,1552.49,1,129,split_finetuned_disk,11,1,1,135.91,135.91,135.91
531,2505.00,29.74048978,116.05194127,29.74048978,116.05194127,29.74048978,116.05194127,0.5567,0.00,0,129,split_finetuned_disk,11,1,4,163.66,125.72,125.72
532,2508.00,29.74048978,116.05194127,29.74048978,116.05194127,29.74048978,116.05194127,0.5567,0.00,0,129,split_finetuned_disk,11,1,3,217.35,71.36,71.36
533,2511.00,29.74048978,116.05194127,29.74048978,116.05194127,29.74048978,116.05194127,0.5567,0.00,0,129,split_finetuned_disk,11,1,3,282.57,80.77,80.77
534,2514.00,29.73720772,116.06238921,29.74048978,116.05194127,29.74048978,116.05194127,0.6033,1073.63,1,104,split_finetuned_disk,13,1,5,1347.50,98.34,98.34
535,2518.00,29.74792769,116.04802417,29.74048978,116.05194127,29.74048978,116.05194127,0.5800,910.40,1,202,split_finetuned_disk,12,1,3,652.20,64.97,64.97
536,2521.00,29.74792769,116.04802417,29.74048978,116.05194127,29.74048978,116.05194127,0.5800,910.40,1,202,split_finetuned_disk,12,1,6,581.85,104.48,104.48
537,2524.00,29.74792769,116.04802417,29.74048978,116.05194127,29.74048978,116.05194127,0.5800,910.40,1,202,split_finetuned_disk,12,1,5,504.19,71.05,71.05
538,2527.00,29.75705030,116.06262409,29.74048978,116.05194127,29.74048978,116.05194127,0.5567,2112.84,1,284,split_finetuned_disk,11,1,-1,1764.66,304.92,304.92
539,2530.00,29.74792769,116.04802417,29.74048978,116.05194127,29.74048978,116.05194127,0.5800,910.40,1,202,split_finetuned_disk,12,1,5,380.49,97.77,97.77
540,2533.00,29.74792769,116.04802417,29.74048978,116.05194127,29.74048978,116.05194127,0.5800,910.40,1,202,split_finetuned_disk,12,1,5,329.04,65.02,65.02
541,2536.00,29.74792769,116.04802417,29.74048978,116.05194127,29.74048978,116.05194127,0.5800,910.40,1,202,split_finetuned_disk,12,1,4,289.67,105.07,105.07
542,2539.00,29.74792769,116.04802417,29.74048978,116.05194127,29.74048978,116.05194127,0.5800,910.40,1,202,split_finetuned_disk,12,1,-1,267.77,173.20,173.20
543,2542.00,29.73410197,116.05782396,29.74048978,116.05194127,29.73410197,116.05782396,0.5333,910.36,1,86,split_finetuned_disk,10,1,-1,1723.70,684.18,684.18
544,2545.00,29.73340449,116.05377620,29.73410197,116.05782396,29.73410197,116.05782396,0.5567,398.76,1,85,split_finetuned_disk,11,1,8,1759.79,97.21,97.21
545,2548.00,29.73340449,116.05377620,29.73410197,116.05782396,29.73410197,116.05782396,0.5567,398.76,1,85,split_finetuned_disk,11,1,5,1836.35,135.26,135.26
546,2551.00,29.73947038,116.04501483,29.73410197,116.05782396,29.73410197,116.05782396,0.5800,1374.43,1,126,split_finetuned_disk,12,1,-1,1365.02,670.06,670.06
547,2554.00,29.72701206,116.05155804,29.73410197,116.05782396,29.73410197,116.05782396,0.5333,994.73,1,24,split_finetuned_disk,10,1,6,2764.66,75.49,75.49
548,2557.00,29.75164971,116.05241103,29.73410197,116.05782396,29.73410197,116.05782396,0.5800,2022.22,1,234,split_finetuned_disk,12,1,1,140.74,75.82,75.82
549,2560.00,29.75164971,116.05241103,29.73410197,116.05782396,29.73410197,116.05782396,0.5800,2022.22,1,234,split_finetuned_disk,12,1,-1,178.89,158.50,158.50
550,2563.00,29.79113859,116.03275669,29.73410197,116.05782396,29.73410197,116.05782396,0.5800,6795.64,1,540,split_finetuned_disk,12,1,-1,4337.14,1135.79,1135.79
551,2566.00,29.77581059,116.04745551,29.73410197,116.05782396,29.73410197,116.05782396,0.5567,4749.87,1,427,split_finetuned_disk,11,1,-1,2341.98,2264.54,2264.54
552,2570.00,29.73947038,116.04501483,29.73410197,116.05782396,29.73410197,116.05782396,0.5800,1374.43,1,126,split_finetuned_disk,12,1,6,1811.62,81.30,81.30
553,2573.00,29.75659500,116.04861756,29.73410197,116.05782396,29.75659500,116.04861756,0.4867,2657.25,1,262,split_finetuned_disk,8,1,8,267.86,76.21,76.21
554,2576.00,29.76359907,116.03349842,29.75659500,116.04861756,29.75659500,116.04861756,0.5333,1655.96,1,315,split_finetuned_disk,10,1,10,1799.14,134.60,134.60
555,2579.00,29.76670333,116.04415120,29.75659500,116.04861756,29.75659500,116.04861756,0.5800,1205.18,1,364,split_finetuned_disk,12,1,-1,1482.53,507.69,507.69
556,2582.00,29.76670333,116.04415120,29.75659500,116.04861756,29.75659500,116.04861756,0.5800,1205.18,1,364,split_finetuned_disk,12,1,-1,1419.96,924.32,924.32
557,2585.00,29.76670333,116.04415120,29.75659500,116.04861756,29.75659500,116.04861756,0.5800,1205.18,1,364,split_finetuned_disk,12,1,-1,1358.99,269.21,269.21
558,2588.00,29.76058990,116.04248230,29.75659500,116.04861756,29.75659500,116.04861756,0.4867,741.09,1,304,split_finetuned_disk,8,1,-1,881.47,881.47,881.47
559,2592.00,29.76670333,116.04415120,29.75659500,116.04861756,29.75659500,116.04861756,0.5800,1205.18,1,364,split_finetuned_disk,12,1,-1,1242.74,869.78,869.78
560,2595.00,29.76703136,116.05813833,29.75659500,116.04861756,29.75659500,116.04861756,0.4867,1481.91,1,357,split_finetuned_disk,8,1,4,958.16,135.93,135.93
561,2598.00,29.76670333,116.04415120,29.75659500,116.04861756,29.75659500,116.04861756,0.5800,1205.18,1,364,split_finetuned_disk,12,1,-1,1128.82,868.06,868.06
562,2601.00,29.75946930,116.03363440,29.75659500,116.04861756,29.75659500,116.04861756,0.5100,1482.72,1,285,split_finetuned_disk,9,1,-1,1701.75,860.65,860.65
563,2604.00,29.75946930,116.03363440,29.75659500,116.04861756,29.75946930,116.03363440,0.5100,1482.72,1,285,split_finetuned_disk,9,1,-1,1719.58,822.83,822.83
564,2607.00,29.75946930,116.03363440,29.75946930,116.03363440,29.75946930,116.03363440,0.5100,0.00,0,285,split_finetuned_disk,9,1,-1,1740.72,790.90,790.90
565,2610.00,29.75946930,116.03363440,29.75946930,116.03363440,29.75946930,116.03363440,0.5100,0.00,0,285,split_finetuned_disk,9,1,-1,1765.05,409.21,409.21
566,2614.00,29.75946930,116.03363440,29.75946930,116.03363440,29.75946930,116.03363440,0.5100,0.00,0,285,split_finetuned_disk,9,1,-1,1792.44,747.59,747.59
567,2617.00,29.75946930,116.03363440,29.75946930,116.03363440,29.75946930,116.03363440,0.5100,0.00,0,285,split_finetuned_disk,9,1,-1,1822.75,652.51,652.51
568,2620.00,29.75946930,116.03363440,29.75946930,116.03363440,29.75946930,116.03363440,0.5100,0.00,0,285,split_finetuned_disk,9,1,-1,1860.79,940.22,940.22
569,2623.00,29.76670333,116.04415120,29.75946930,116.03363440,29.75946930,116.03363440,0.5800,1296.60,1,364,split_finetuned_disk,12,1,-1,869.62,869.62,869.62
570,2626.00,29.76359907,116.03349842,29.75946930,116.03363440,29.75946930,116.03363440,0.5333,459.91,1,315,split_finetuned_disk,10,1,-1,1765.30,890.69,890.69
571,2629.00,29.76359907,116.03349842,29.75946930,116.03363440,29.75946930,116.03363440,0.5333,459.91,1,315,split_finetuned_disk,10,1,-1,1792.72,708.80,708.80
572,2632.00,29.75946930,116.03363440,29.75946930,116.03363440,29.75946930,116.03363440,0.5100,0.00,0,285,split_finetuned_disk,9,1,-1,2019.36,1066.38,1066.38
573,2635.00,29.75946930,116.03363440,29.75946930,116.03363440,29.75946930,116.03363440,0.5100,0.00,0,285,split_finetuned_disk,9,1,-1,2064.46,1065.05,1065.05
574,2638.00,29.75946930,116.03363440,29.75946930,116.03363440,29.75946930,116.03363440,0.5100,0.00,0,285,split_finetuned_disk,9,1,-1,2111.48,475.21,475.21
575,2641.00,29.75946930,116.03363440,29.75946930,116.03363440,29.75946930,116.03363440,0.5100,0.00,0,285,split_finetuned_disk,9,1,-1,2160.28,497.27,497.27
576,2645.00,29.75946930,116.03363440,29.75946930,116.03363440,29.75946930,116.03363440,0.5100,0.00,0,285,split_finetuned_disk,9,1,-1,2218.09,904.74,904.74
577,2648.00,29.75946930,116.03363440,29.75946930,116.03363440,29.75946930,116.03363440,0.5100,0.00,0,285,split_finetuned_disk,9,1,-1,2270.34,1045.65,1045.65
578,2652.00,29.75946930,116.03363440,29.75946930,116.03363440,29.75946930,116.03363440,0.5100,0.00,0,285,split_finetuned_disk,9,1,-1,2324.02,1102.43,1102.43
579,2655.00,29.75946930,116.03363440,29.75946930,116.03363440,29.75946930,116.03363440,0.5100,0.00,0,285,split_finetuned_disk,9,1,-1,2379.04,1161.66,1161.66
580,2658.00,29.75946930,116.03363440,29.75946930,116.03363440,29.75946930,116.03363440,0.5100,0.00,0,285,split_finetuned_disk,9,1,-1,2435.32,1222.99,1222.99
581,2661.00,29.75946930,116.03363440,29.75946930,116.03363440,29.75946930,116.03363440,0.5100,0.00,0,285,split_finetuned_disk,9,1,-1,2492.76,1286.12,1286.12
582,2665.00,29.75946930,116.03363440,29.75946930,116.03363440,29.75946930,116.03363440,0.5100,0.00,0,285,split_finetuned_disk,9,1,-1,2551.29,1350.79,1350.79
583,2668.00,29.75946930,116.03363440,29.75946930,116.03363440,29.75946930,116.03363440,0.5100,0.00,0,285,split_finetuned_disk,9,1,-1,2610.83,1048.80,1048.80
584,2671.00,29.76359907,116.03349842,29.75946930,116.03363440,29.75946930,116.03363440,0.5333,459.91,1,315,split_finetuned_disk,10,1,-1,2379.58,682.85,682.85
585,2675.00,29.75705030,116.06262409,29.75946930,116.03363440,29.75946930,116.03363440,0.5567,2814.11,1,284,split_finetuned_disk,11,1,-1,2635.15,1658.69,1658.69
586,2678.00,29.81612423,116.06507181,29.75946930,116.03363440,29.75946930,116.03363440,0.4867,7000.27,1,779,split_finetuned_disk,8,1,6,4296.62,85.71,85.71
587,2681.00,29.80265262,116.06067791,29.75946930,116.03363440,29.75946930,116.03363440,0.6267,5471.50,1,658,split_finetuned_disk,14,1,-1,2637.39,1043.26,1043.26
588,2684.00,29.79482841,116.06224087,29.75946930,116.03363440,29.75946930,116.03363440,0.5333,4809.79,1,584,split_finetuned_disk,10,1,-1,1793.15,384.33,384.33
589,2687.00,29.73035850,116.04489121,29.75946930,116.03363440,29.75946930,116.03363440,0.5333,3418.29,1,51,split_finetuned_disk,10,1,-1,5708.78,1889.24,1889.24
590,2690.00,29.72810047,116.04456447,29.75946930,116.03363440,29.75946930,116.03363440,0.5800,3648.20,1,35,split_finetuned_disk,12,1,-1,6004.66,5168.15,5168.15
591,2693.00,29.73631709,116.04102356,29.75946930,116.03363440,29.75946930,116.03363440,0.5333,2674.38,1,94,split_finetuned_disk,10,1,-1,5316.48,3858.85,3858.85
592,2697.00,29.73742695,116.04746787,29.75946930,116.03363440,29.75946930,116.03363440,0.6267,2794.22,1,112,split_finetuned_disk,14,1,-1,5141.55,426.83,426.83
593,2700.00,29.74173915,116.05295497,29.75946930,116.03363440,29.74173915,116.05295497,0.5100,2716.77,1,144,split_finetuned_disk,9,1,4,4814.54,66.07,66.07
594,2703.00,29.73338914,116.06025759,29.74173915,116.05295497,29.74173915,116.05295497,0.5333,1167.02,1,73,split_finetuned_disk,10,1,-1,5964.34,670.99,670.99
595,2706.00,29.79321420,116.03932462,29.74173915,116.05295497,29.74173915,116.05295497,0.5567,5879.62,1,558,split_finetuned_disk,11,1,-1,1238.02,685.87,685.87
596,2709.00,29.79344878,116.03368385,29.74173915,116.05295497,29.74173915,116.05295497,0.5567,6050.01,1,585,split_finetuned_disk,11,1,-1,1918.60,709.05,709.05
597,2712.00,29.72849750,116.04235868,29.74173915,116.05295497,29.74173915,116.05295497,0.5333,1794.77,1,34,split_finetuned_disk,10,1,-1,6581.41,1113.15,1113.15
598,2715.00,29.73154959,116.03443091,29.74173915,116.05295497,29.74173915,116.05295497,0.5100,2119.08,1,46,split_finetuned_disk,9,1,10,6567.71,64.89,64.89
599,2718.00,29.73580202,116.03854580,29.74173915,116.05295497,29.74173915,116.05295497,0.5333,1541.22,1,93,split_finetuned_disk,10,1,-1,5975.83,4293.29,4293.29
600,2721.00,29.79718764,116.05253465,29.74173915,116.05295497,29.74173915,116.05295497,0.5333,6172.66,1,609,split_finetuned_disk,10,1,5,841.67,138.60,138.60
601,2724.00,29.72719448,116.05446848,29.74173915,116.05295497,29.74173915,116.05295497,0.4867,1625.70,1,25,split_finetuned_disk,8,1,-1,7055.14,4011.15,4011.15
602,2728.00,29.73580202,116.03854580,29.74173915,116.05295497,29.74173915,116.05295497,0.5333,1541.22,1,93,split_finetuned_disk,10,1,-1,6216.97,4085.94,4085.94
603,2731.00,29.73580202,116.03854580,29.74173915,116.05295497,29.73580202,116.03854580,0.5333,1541.22,1,93,split_finetuned_disk,10,1,-1,6293.75,4160.86,4160.86
604,2734.00,29.73580202,116.03854580,29.73580202,116.03854580,29.73580202,116.03854580,0.5333,0.00,0,93,split_finetuned_disk,10,1,-1,6370.57,4235.88,4235.88
605,2737.00,29.73154959,116.03443091,29.73580202,116.03854580,29.73580202,116.03854580,0.5100,618.21,1,46,split_finetuned_disk,9,1,-1,7111.37,4770.65,4770.65
606,2741.00,29.74173915,116.05295497,29.73580202,116.03854580,29.73580202,116.03854580,0.5100,1541.22,1,144,split_finetuned_disk,9,1,-1,5838.36,355.27,355.27
607,2744.00,29.74173915,116.05295497,29.73580202,116.03854580,29.73580202,116.03854580,0.5100,1541.22,1,144,split_finetuned_disk,9,1,-1,5916.26,4461.54,4461.54
608,2747.00,29.79718764,116.05253465,29.73580202,116.03854580,29.73580202,116.03854580,0.5333,6965.85,1,609,split_finetuned_disk,10,1,-1,238.27,238.27,238.27
609,2750.00,29.72752713,116.05813833,29.73580202,116.03854580,29.73580202,116.03854580,0.5567,2105.38,1,27,split_finetuned_disk,11,1,-1,7716.79,549.70,549.70
610,2753.00,29.72508667,116.05881825,29.73580202,116.03854580,29.73580202,116.03854580,0.5567,2293.48,1,12,split_finetuned_disk,11,1,-1,7993.50,5211.73,5211.73
611,2756.00,29.79113859,116.03275669,29.73580202,116.03854580,29.73580202,116.03854580,0.5800,6185.41,1,540,split_finetuned_disk,12,1,-1,1863.65,211.32,211.32
612,2759.00,29.81639249,116.04686212,29.73580202,116.03854580,29.73580202,116.03854580,0.6033,9007.25,1,772,split_finetuned_disk,13,1,-1,2101.29,159.41,159.41
613,2763.00,29.79820093,116.03915155,29.73580202,116.03854580,29.73580202,116.03854580,0.6033,6946.49,1,618,split_finetuned_disk,13,1,5,1064.87,65.19,65.19
614,2766.00,29.79820093,116.03915155,29.73580202,116.03854580,29.79820093,116.03915155,0.6033,6946.49,1,618,split_finetuned_disk,13,1,5,1067.24,96.39,96.39
615,2769.00,29.79820093,116.03915155,29.79820093,116.03915155,29.79820093,116.03915155,0.6033,0.00,0,618,split_finetuned_disk,13,1,5,1076.86,76.00,76.00
616,2772.00,29.81639249,116.04686212,29.79820093,116.03915155,29.79820093,116.03915155,0.6033,2157.79,1,772,split_finetuned_disk,13,1,3,1781.50,140.47,140.47
617,2776.00,29.81639249,116.04686212,29.79820093,116.03915155,29.79820093,116.03915155,0.6033,2157.79,1,772,split_finetuned_disk,13,1,-1,1704.48,178.25,178.25
618,2779.00,29.81639249,116.04686212,29.79820093,116.03915155,29.79820093,116.03915155,0.6033,2157.79,1,772,split_finetuned_disk,13,1,2,1627.55,135.28,135.28
619,2782.00,29.81639249,116.04686212,29.79820093,116.03915155,29.79820093,116.03915155,0.6033,2157.79,1,772,split_finetuned_disk,13,1,-1,1550.72,874.26,874.26
620,2785.00,29.78022397,116.04586783,29.79820093,116.03915155,29.79820093,116.03915155,0.5333,2103.79,1,471,split_finetuned_disk,10,1,-1,2592.01,866.30,866.30
621,2789.00,29.73340449,116.05377620,29.79820093,116.03915155,29.79820093,116.03915155,0.5567,7350.26,1,85,split_finetuned_disk,11,1,-1,7835.09,881.80,881.80
622,2792.00,29.73340449,116.05377620,29.79820093,116.03915155,29.79820093,116.03915155,0.5567,7350.26,1,85,split_finetuned_disk,11,1,-1,7912.94,913.51,913.51
623,2795.00,29.73340449,116.05377620,29.79820093,116.03915155,29.79820093,116.03915155,0.5567,7350.26,1,85,split_finetuned_disk,11,1,-1,8001.92,955.03,955.03
624,2798.00,29.81639249,116.04686212,29.79820093,116.03915155,29.79820093,116.03915155,0.6033,2157.79,1,772,split_finetuned_disk,13,1,-1,1157.88,741.00,741.00
625,2801.00,29.81639249,116.04686212,29.79820093,116.03915155,29.81639249,116.04686212,0.6033,2157.79,1,772,split_finetuned_disk,13,1,-1,1082.17,710.04,710.04
626,2805.00,29.81639249,116.04686212,29.81639249,116.04686212,29.81639249,116.04686212,0.6033,0.00,0,772,split_finetuned_disk,13,1,-1,1006.79,900.58,900.58
627,2808.00,29.81639249,116.04686212,29.81639249,116.04686212,29.81639249,116.04686212,0.6033,0.00,0,772,split_finetuned_disk,13,1,-1,931.84,164.29,164.29
628,2855.00,29.81639249,116.04686212,29.81639249,116.04686212,29.81639249,116.04686212,0.6033,0.00,0,772,split_finetuned_disk,13,1,-1,1013.93,864.45,864.45
629,2860.00,29.81639249,116.04686212,29.81639249,116.04686212,29.81639249,116.04686212,0.6033,0.00,0,772,split_finetuned_disk,13,1,10,1084.02,142.97,142.97
630,2866.00,29.81639249,116.04686212,29.81639249,116.04686212,29.81639249,116.04686212,0.6033,0.00,0,772,split_finetuned_disk,13,1,6,1165.34,92.15,92.15
631,2871.00,29.81639249,116.04686212,29.81639249,116.04686212,29.81639249,116.04686212,0.6033,0.00,0,772,split_finetuned_disk,13,1,-1,1237.37,1155.23,1155.23
632,2876.00,29.73340449,116.05377620,29.81639249,116.04686212,29.81639249,116.04686212,0.5567,9262.35,1,85,split_finetuned_disk,11,1,-1,7973.89,1058.46,1058.46
633,2881.00,29.73340449,116.05377620,29.81639249,116.04686212,29.81639249,116.04686212,0.5567,9262.35,1,85,split_finetuned_disk,11,1,-1,7895.98,1063.33,1063.33
634,2886.00,29.81639249,116.04686212,29.81639249,116.04686212,29.81639249,116.04686212,0.6033,0.00,0,772,split_finetuned_disk,13,1,-1,1457.10,1300.16,1300.16
635,2891.00,29.79820093,116.03915155,29.81639249,116.04686212,29.81639249,116.04686212,0.6033,2157.79,1,618,split_finetuned_disk,13,1,-1,1368.65,425.96,425.96
636,2896.00,29.79820093,116.03915155,29.81639249,116.04686212,29.81639249,116.04686212,0.6033,2157.79,1,618,split_finetuned_disk,13,1,-1,1339.88,154.43,154.43
637,2901.00,29.79820093,116.03915155,29.81639249,116.04686212,29.81639249,116.04686212,0.6033,2157.79,1,618,split_finetuned_disk,13,1,-1,1315.11,192.01,192.01
638,2906.00,29.79820093,116.03915155,29.81639249,116.04686212,29.81639249,116.04686212,0.6033,2157.79,1,618,split_finetuned_disk,13,1,6,1291.99,110.47,110.47
639,2912.00,29.81639249,116.04686212,29.81639249,116.04686212,29.81639249,116.04686212,0.6033,0.00,0,772,split_finetuned_disk,13,1,7,1841.85,142.80,142.80
640,2917.00,29.81639249,116.04686212,29.81639249,116.04686212,29.81639249,116.04686212,0.6033,0.00,0,772,split_finetuned_disk,13,1,5,1917.42,149.83,149.83
641,2922.00,29.79113859,116.03275669,29.81639249,116.04686212,29.81639249,116.04686212,0.5800,3124.24,1,540,split_finetuned_disk,12,1,6,2139.29,83.65,83.65
642,2927.00,29.79344878,116.03368385,29.81639249,116.04686212,29.81639249,116.04686212,0.5567,2853.93,1,585,split_finetuned_disk,11,1,-1,1897.02,1484.68,1484.68
643,2933.00,29.75705030,116.06262409,29.81639249,116.04686212,29.81639249,116.04686212,0.5567,6779.27,1,284,split_finetuned_disk,11,1,-1,4601.76,3172.18,3172.18
644,2938.00,29.72752713,116.05813833,29.81639249,116.04686212,29.81639249,116.04686212,0.5567,9952.32,1,27,split_finetuned_disk,11,1,-1,7845.15,784.17,784.17
645,2943.00,29.72701206,116.05155804,29.81639249,116.04686212,29.81639249,116.04686212,0.5333,9960.17,1,24,split_finetuned_disk,10,1,-1,7748.70,714.63,714.63
646,2948.00,29.74173915,116.05295497,29.81639249,116.04686212,29.81639249,116.04686212,0.5100,8331.24,1,144,split_finetuned_disk,9,1,-1,6059.71,4557.82,4557.82
647,2953.00,29.73580202,116.03854580,29.81639249,116.04686212,29.81639249,116.04686212,0.5333,9007.25,1,93,split_finetuned_disk,10,1,-1,6700.68,4481.60,4481.60
648,2959.00,29.74173915,116.05295497,29.81639249,116.04686212,29.81639249,116.04686212,0.5100,8331.24,1,144,split_finetuned_disk,9,1,-1,5903.87,1715.38,1715.38
649,2964.00,29.73580202,116.03854580,29.81639249,116.04686212,29.81639249,116.04686212,0.5333,9007.25,1,93,split_finetuned_disk,10,1,-1,6547.66,409.65,409.65
650,2969.00,29.73580202,116.03854580,29.81639249,116.04686212,29.73580202,116.03854580,0.5333,9007.25,1,93,split_finetuned_disk,10,1,-1,6471.21,4749.85,4749.85
651,2975.00,29.73580202,116.03854580,29.73580202,116.03854580,29.73580202,116.03854580,0.5333,0.00,0,93,split_finetuned_disk,10,1,-1,6394.79,4177.38,4177.38
652,2980.00,29.73580202,116.03854580,29.73580202,116.03854580,29.73580202,116.03854580,0.5333,0.00,0,93,split_finetuned_disk,10,1,-1,6318.41,4101.50,4101.50
653,2985.00,29.73580202,116.03854580,29.73580202,116.03854580,29.73580202,116.03854580,0.5333,0.00,0,93,split_finetuned_disk,10,1,-1,6242.06,688.49,688.49
654,2990.00,29.73580202,116.03854580,29.73580202,116.03854580,29.73580202,116.03854580,0.5333,0.00,0,93,split_finetuned_disk,10,1,-1,6154.86,342.35,342.35
655,2995.00,29.75027157,116.05506719,29.73580202,116.03854580,29.73580202,116.03854580,0.4867,2267.83,1,221,split_finetuned_disk,8,1,-1,4360.41,1305.08,1305.08
656,3000.00,29.72752713,116.05813833,29.73580202,116.03854580,29.73580202,116.03854580,0.5567,2105.38,1,27,split_finetuned_disk,11,1,-1,6890.40,1157.41,1157.41
657,3005.00,29.79820093,116.03915155,29.73580202,116.03854580,29.73580202,116.03854580,0.6033,6946.49,1,618,split_finetuned_disk,13,1,-1,1744.76,943.04,943.04
658,3011.00,29.79113859,116.03275669,29.73580202,116.03854580,29.73580202,116.03854580,0.5800,6185.41,1,540,split_finetuned_disk,12,1,-1,1880.11,913.48,913.48
659,3016.00,29.72701206,116.05155804,29.73580202,116.03854580,29.73580202,116.03854580,0.5333,1593.22,1,24,split_finetuned_disk,10,1,-1,6635.54,499.91,499.91
660,3021.00,29.73636001,116.03363440,29.73580202,116.03854580,29.73580202,116.03854580,0.5100,478.62,1,90,split_finetuned_disk,9,1,2,5859.76,148.16,148.16
661,3026.00,29.72701206,116.05155804,29.73580202,116.03854580,29.73580202,116.03854580,0.5333,1593.22,1,24,split_finetuned_disk,10,1,-1,6479.70,186.20,186.20
662,3031.00,29.73742695,116.04746787,29.73580202,116.03854580,29.73580202,116.03854580,0.6267,880.89,1,112,split_finetuned_disk,14,1,-1,5210.56,3650.20,3650.20
663,3036.00,29.75705030,116.06262409,29.73580202,116.03854580,29.73580202,116.03854580,0.5567,3317.84,1,284,split_finetuned_disk,11,1,10,3060.98,126.58,126.58
664,3041.00,29.75705030,116.06262409,29.73580202,116.03854580,29.75705030,116.06262409,0.5567,3317.84,1,284,split_finetuned_disk,11,1,-1,2986.93,2986.93,2986.93
665,3046.00,29.72701206,116.05155804,29.75705030,116.06262409,29.75705030,116.06262409,0.5333,3510.66,1,24,split_finetuned_disk,10,1,-1,6156.88,5068.29,5068.29
666,3051.00,29.75705030,116.06262409,29.75705030,116.06262409,29.75705030,116.06262409,0.5567,0.00,0,284,split_finetuned_disk,11,1,-1,2839.46,902.23,902.23
667,3056.00,29.75705030,116.06262409,29.75705030,116.06262409,29.75705030,116.06262409,0.5567,0.00,0,284,split_finetuned_disk,11,1,-1,2766.07,2703.04,2703.04
668,3061.00,29.75705030,116.06262409,29.75705030,116.06262409,29.75705030,116.06262409,0.5567,0.00,0,284,split_finetuned_disk,11,1,-1,2692.93,2002.52,2002.52
669,3066.00,29.76670333,116.04415120,29.75705030,116.06262409,29.75705030,116.06262409,0.5800,2083.48,1,364,split_finetuned_disk,12,1,-1,1633.83,1070.97,1070.97
670,3070.00,29.76670333,116.04415120,29.75705030,116.06262409,29.75705030,116.06262409,0.5800,2083.48,1,364,split_finetuned_disk,12,1,-1,1567.03,1160.50,1160.50
671,3075.00,29.76703136,116.05813833,29.75705030,116.06262409,29.75705030,116.06262409,0.4867,1192.64,1,357,split_finetuned_disk,8,1,-1,1388.08,942.16,942.16
672,3080.00,29.76058990,116.04248230,29.75705030,116.06262409,29.75705030,116.06262409,0.4867,1985.73,1,304,split_finetuned_disk,8,1,-1,2087.97,870.01,870.01
673,3085.00,29.76703136,116.05813833,29.75705030,116.06262409,29.75705030,116.06262409,0.4867,1192.64,1,357,split_finetuned_disk,8,1,-1,1246.09,798.94,798.94
674,3090.00,29.75946930,116.03363440,29.75705030,116.06262409,29.75705030,116.06262409,0.5100,2814.11,1,285,split_finetuned_disk,9,1,-1,2617.92,920.89,920.89
675,3096.00,29.76670333,116.04415120,29.75705030,116.06262409,29.75705030,116.06262409,0.5800,2083.48,1,364,split_finetuned_disk,12,1,-1,1306.41,661.45,661.45
676,3101.00,29.76058990,116.04248230,29.75705030,116.06262409,29.75705030,116.06262409,0.4867,1985.73,1,304,split_finetuned_disk,8,1,-1,1826.11,596.11,596.11
677,3105.00,29.76670333,116.04415120,29.75705030,116.06262409,29.75705030,116.06262409,0.5800,2083.48,1,364,split_finetuned_disk,12,1,-1,1221.54,534.15,534.15
678,3110.00,29.76670333,116.04415120,29.75705030,116.06262409,29.76670333,116.04415120,0.5800,2083.48,1,364,split_finetuned_disk,12,1,-1,1179.57,469.20,469.20
679,3115.00,29.75799459,116.04091230,29.76670333,116.04415120,29.76670333,116.04415120,0.5567,1018.72,1,274,split_finetuned_disk,11,1,-1,1954.58,419.69,419.69
680,3120.00,29.76058990,116.04248230,29.76670333,116.04415120,29.76670333,116.04415120,0.4867,699.39,1,304,split_finetuned_disk,8,1,-1,1574.15,678.59,678.59
681,3125.00,29.76670333,116.04415120,29.76670333,116.04415120,29.76670333,116.04415120,0.5800,0.00,0,364,split_finetuned_disk,12,1,-1,1096.48,663.90,663.90
682,3130.00,29.75946930,116.03363440,29.76670333,116.04415120,29.76670333,116.04415120,0.5100,1296.60,1,285,split_finetuned_disk,9,1,-1,2217.16,658.18,658.18
683,3135.00,29.75946930,116.03363440,29.76670333,116.04415120,29.76670333,116.04415120,0.5100,1296.60,1,285,split_finetuned_disk,9,1,-1,2175.62,635.36,635.36
684,3140.00,29.75946930,116.03363440,29.76670333,116.04415120,29.76670333,116.04415120,0.5100,1296.60,1,285,split_finetuned_disk,9,1,-1,2136.12,598.38,598.38
685,3145.00,29.75946930,116.03363440,29.76670333,116.04415120,29.76670333,116.04415120,0.5100,1296.60,1,285,split_finetuned_disk,9,1,-1,2098.78,569.72,569.72
686,3151.00,29.75946930,116.03363440,29.76670333,116.04415120,29.76670333,116.04415120,0.5100,1296.60,1,285,split_finetuned_disk,9,1,-1,2058.88,548.80,548.80
687,3156.00,29.76670333,116.04415120,29.76670333,116.04415120,29.76670333,116.04415120,0.5800,0.00,0,364,split_finetuned_disk,12,1,-1,1075.23,541.97,541.97
688,3161.00,29.75347852,116.03375803,29.76670333,116.04415120,29.76670333,116.04415120,0.6033,1782.10,1,240,split_finetuned_disk,13,1,-1,2285.61,546.28,546.28
689,3166.00,29.75946930,116.03363440,29.76670333,116.04415120,29.76670333,116.04415120,0.5100,1296.60,1,285,split_finetuned_disk,9,1,-1,1969.52,561.47,561.47
690,3172.00,29.75946930,116.03363440,29.76670333,116.04415120,29.76670333,116.04415120,0.5100,1296.60,1,285,split_finetuned_disk,9,1,-1,1945.07,586.71,586.71
691,3177.00,29.75946930,116.03363440,29.76670333,116.04415120,29.76670333,116.04415120,0.5100,1296.60,1,285,split_finetuned_disk,9,1,-1,1923.47,620.76,620.76
692,3182.00,29.75946930,116.03363440,29.76670333,116.04415120,29.76670333,116.04415120,0.5100,1296.60,1,285,split_finetuned_disk,9,1,-1,1904.82,662.28,662.28
693,3187.00,29.75946930,116.03363440,29.76670333,116.04415120,29.76670333,116.04415120,0.5100,1296.60,1,285,split_finetuned_disk,9,1,-1,1889.20,1067.50,1067.50
694,3193.00,29.75946930,116.03363440,29.76670333,116.04415120,29.76670333,116.04415120,0.5100,1296.60,1,285,split_finetuned_disk,9,1,-1,1875.15,770.48,770.48
695,3198.00,29.76670333,116.04415120,29.76670333,116.04415120,29.76670333,116.04415120,0.5800,0.00,0,364,split_finetuned_disk,12,1,-1,1342.11,827.69,827.69
696,3204.00,29.75946930,116.03363440,29.76670333,116.04415120,29.76670333,116.04415120,0.5100,1296.60,1,285,split_finetuned_disk,9,1,-1,1860.61,175.67,175.67
697,3209.00,29.76058990,116.04248230,29.76670333,116.04415120,29.76670333,116.04415120,0.4867,699.39,1,304,split_finetuned_disk,8,1,-1,1073.56,230.37,230.37
698,3214.00,29.75432623,116.03518500,29.76670333,116.04415120,29.76670333,116.04415120,0.5100,1627.57,1,241,split_finetuned_disk,9,1,-1,1744.00,461.94,461.94
699,3219.00,29.76359907,116.03349842,29.76670333,116.04415120,29.76670333,116.04415120,0.5333,1085.81,1,315,split_finetuned_disk,10,1,-1,1934.24,869.02,869.02
700,3225.00,29.75904008,116.05743369,29.76670333,116.04415120,29.76670333,116.04415120,0.5333,1541.10,1,297,split_finetuned_disk,10,1,5,583.08,60.07,60.07
701,3230.00,29.75904008,116.05743369,29.76670333,116.04415120,29.76670333,116.04415120,0.5333,1541.10,1,297,split_finetuned_disk,10,1,4,621.50,111.95,111.95
702,3235.00,29.75705030,116.06262409,29.76670333,116.04415120,29.76670333,116.04415120,0.5567,2083.48,1,284,split_finetuned_disk,11,1,-1,959.36,191.28,191.28
703,3240.00,29.72508667,116.05881825,29.76670333,116.04415120,29.76670333,116.04415120,0.5567,4844.70,1,12,split_finetuned_disk,11,1,7,3383.51,83.64,83.64
704,3245.00,29.72701206,116.05155804,29.76670333,116.04415120,29.76670333,116.04415120,0.5333,4476.02,1,24,split_finetuned_disk,10,1,-1,3062.47,154.81,154.81
705,3250.00,29.75164971,116.05241103,29.76670333,116.04415120,29.75164971,116.05241103,0.5800,1856.13,1,234,split_finetuned_disk,12,1,5,192.95,60.27,60.27
706,3255.00,29.75164971,116.05241103,29.75164971,116.05241103,29.75164971,116.05241103,0.5800,0.00,0,234,split_finetuned_disk,12,1,1,120.94,110.45,110.45
707,3260.00,29.75164971,116.05241103,29.75164971,116.05241103,29.75164971,116.05241103,0.5800,0.00,0,234,split_finetuned_disk,12,1,1,64.56,64.56,64.56
708,3265.00,29.75164971,116.05241103,29.75164971,116.05241103,29.75164971,116.05241103,0.5800,0.00,0,234,split_finetuned_disk,12,1,1,76.51,76.51,76.51
709,3271.00,29.74162111,116.04376093,29.75164971,116.05241103,29.75164971,116.05241103,0.5567,1394.61,1,140,split_finetuned_disk,11,1,-1,1373.38,861.14,861.14
710,3276.00,29.74048978,116.05194127,29.75164971,116.05241103,29.75164971,116.05241103,0.5567,1243.15,1,129,split_finetuned_disk,11,1,5,1184.66,60.47,60.47
711,3282.00,29.74048978,116.05194127,29.75164971,116.05241103,29.75164971,116.05241103,0.5567,1243.15,1,129,split_finetuned_disk,11,1,-1,1106.84,176.71,176.71
712,3287.00,29.73083065,116.03821906,29.75164971,116.05241103,29.75164971,116.05241103,0.5100,2692.90,1,47,split_finetuned_disk,9,1,2,2497.28,64.24,64.24
713,3293.00,29.72539786,116.05687207,29.75164971,116.05241103,29.75164971,116.05241103,0.5100,2953.98,1,11,split_finetuned_disk,9,1,-1,2572.29,150.62,150.62
714,3299.00,29.74862518,116.06347709,29.75164971,116.05241103,29.75164971,116.05241103,0.5100,1121.04,1,209,split_finetuned_disk,9,1,5,950.61,92.17,92.17
715,3304.00,29.74862518,116.06347709,29.75164971,116.05241103,29.75164971,116.05241103,0.5100,1121.04,1,209,split_finetuned_disk,9,1,5,964.24,58.45,58.45
716,3310.00,29.72701206,116.05155804,29.75164971,116.05241103,29.75164971,116.05241103,0.5333,2743.90,1,24,split_finetuned_disk,10,1,4,2116.49,102.39,102.39
717,3315.00,29.72701206,116.05155804,29.75164971,116.05241103,29.75164971,116.05241103,0.5333,2743.90,1,24,split_finetuned_disk,10,1,6,2027.47,63.92,63.92
718,3321.00,29.72508667,116.05881825,29.75164971,116.05241103,29.72508667,116.05881825,0.5567,3021.11,1,12,split_finetuned_disk,11,1,5,2215.99,77.50,77.50
719,3327.00,29.74792769,116.04802417,29.72508667,116.05881825,29.72508667,116.05881825,0.5800,2748.27,1,202,split_finetuned_disk,12,1,5,699.94,91.58,91.58
720,3333.00,29.74792769,116.04802417,29.72508667,116.05881825,29.72508667,116.05881825,0.5800,2748.27,1,202,split_finetuned_disk,12,1,4,760.57,58.54,58.54
721,3339.00,29.73154959,116.03443091,29.72508667,116.05881825,29.72508667,116.05881825,0.5100,2463.86,1,46,split_finetuned_disk,9,1,-1,2116.22,290.92,290.92
722,3344.00,29.73154959,116.03443091,29.72508667,116.05881825,29.72508667,116.05881825,0.5100,2463.86,1,46,split_finetuned_disk,9,1,-1,2068.70,389.73,389.73
723,3350.00,29.74048978,116.05194127,29.72508667,116.05881825,29.72508667,116.05881825,0.5567,1838.93,1,129,split_finetuned_disk,11,1,3,169.37,71.06,71.06
724,3356.00,29.75164971,116.05241103,29.72508667,116.05881825,29.72508667,116.05881825,0.5800,3021.11,1,234,split_finetuned_disk,12,1,2,1320.11,99.82,99.82
725,3361.00,29.75164971,116.05241103,29.72508667,116.05881825,29.72508667,116.05881825,0.5800,3021.11,1,234,split_finetuned_disk,12,1,2,1409.08,58.64,58.64
726,3367.00,29.73762010,116.05548218,29.72508667,116.05881825,29.72508667,116.05881825,0.4867,1431.98,1,115,split_finetuned_disk,8,1,-1,182.14,182.14,182.14
727,3374.00,29.73410197,116.05782396,29.72508667,116.05881825,29.72508667,116.05881825,0.5333,1008.17,1,86,split_finetuned_disk,10,1,3,554.28,68.49,68.49
728,3380.00,29.73410197,116.05782396,29.72508667,116.05881825,29.73410197,116.05782396,0.5333,1008.17,1,86,split_finetuned_disk,10,1,2,495.28,71.49,71.49
729,3385.00,29.75705030,116.06262409,29.73410197,116.05782396,29.73410197,116.05782396,0.5567,2596.37,1,284,split_finetuned_disk,11,1,2,2503.52,99.21,99.21
730,3390.00,29.73340449,116.05377620,29.73410197,116.05782396,29.73410197,116.05782396,0.5567,398.76,1,85,split_finetuned_disk,11,1,-1,247.26,247.26,247.26
731,3396.00,29.73340449,116.05377620,29.73410197,116.05782396,29.73410197,116.05782396,0.5567,398.76,1,85,split_finetuned_disk,11,1,2,188.82,137.46,137.46
732,3401.00,29.78796383,116.06268591,29.73410197,116.05782396,29.73410197,116.05782396,0.6033,6014.28,1,524,split_finetuned_disk,13,1,4,5829.94,74.51,74.51
733,3407.00,29.78796383,116.06268591,29.73410197,116.05782396,29.73410197,116.05782396,0.6033,6014.28,1,524,split_finetuned_disk,13,1,2,5917.85,71.94,71.94
734,3411.00,29.77581059,116.04745551,29.73410197,116.05782396,29.73410197,116.05782396,0.5567,4749.87,1,427,split_finetuned_disk,11,1,5,4720.35,113.99,113.99
735,3453.00,29.73340449,116.05377620,29.73410197,116.05782396,29.73410197,116.05782396,0.5567,398.76,1,85,split_finetuned_disk,11,1,1,55.17,55.17,55.17
736,3457.00,29.73340449,116.05377620,29.73410197,116.05782396,29.73410197,116.05782396,0.5567,398.76,1,85,split_finetuned_disk,11,1,1,77.31,77.31,77.31
737,3460.00,29.73410197,116.05782396,29.73410197,116.05782396,29.73410197,116.05782396,0.5333,0.00,0,86,split_finetuned_disk,10,1,7,201.27,82.29,82.29
738,3463.00,29.74048978,116.05194127,29.73410197,116.05782396,29.73410197,116.05782396,0.5567,910.36,1,129,split_finetuned_disk,11,1,7,460.94,53.14,53.14
739,3466.00,29.73720772,116.06238921,29.73410197,116.05782396,29.73410197,116.05782396,0.6033,560.47,1,104,split_finetuned_disk,13,1,3,754.22,120.00,120.00
740,3469.00,29.73720772,116.06238921,29.73410197,116.05782396,29.73410197,116.05782396,0.6033,560.47,1,104,split_finetuned_disk,13,1,4,767.58,59.75,59.75
741,3472.00,29.73720772,116.06238921,29.73410197,116.05782396,29.73410197,116.05782396,0.6033,560.47,1,104,split_finetuned_disk,13,1,4,788.46,69.89,69.89
742,3475.00,29.73972791,116.05560580,29.73410197,116.05782396,29.73410197,116.05782396,0.5333,661.94,1,130,split_finetuned_disk,10,1,1,81.71,81.71,81.71
743,3478.00,29.73972791,116.05560580,29.73410197,116.05782396,29.73410197,116.05782396,0.5333,661.94,1,130,split_finetuned_disk,10,1,1,53.33,53.33,53.33
744,3480.00,29.73878973,116.05537624,29.73410197,116.05782396,29.73410197,116.05782396,0.5333,572.94,1,116,split_finetuned_disk,10,1,2,327.93,105.63,105.63
745,3483.00,29.73927723,116.05039067,29.73410197,116.05782396,29.73410197,116.05782396,0.5100,920.76,1,128,split_finetuned_disk,9,1,-1,482.39,482.39,482.39
746,3486.00,29.73742695,116.04746787,29.73410197,116.05782396,29.73410197,116.05782396,0.6267,1066.94,1,112,split_finetuned_disk,14,1,-1,790.64,212.49,212.49
747,3489.00,29.74162111,116.04376093,29.73410197,116.05782396,29.74162111,116.04376093,0.5567,1595.98,1,140,split_finetuned_disk,11,1,7,1058.89,90.02,90.02
748,3492.00,29.74792769,116.04802417,29.74162111,116.04376093,29.74162111,116.04376093,0.5800,813.99,1,202,split_finetuned_disk,12,1,4,882.89,51.51,51.51
749,3495.00,29.74792769,116.04802417,29.74162111,116.04376093,29.74162111,116.04376093,0.5800,813.99,1,202,split_finetuned_disk,12,1,6,825.39,106.29,106.29
750,3498.00,29.72752713,116.05813833,29.74162111,116.04376093,29.74162111,116.04376093,0.5567,2095.61,1,27,split_finetuned_disk,11,1,7,2001.58,58.99,58.99
751,3501.00,29.72701206,116.05155804,29.74162111,116.04376093,29.74162111,116.04376093,0.5333,1792.32,1,24,split_finetuned_disk,10,1,6,2064.26,70.92,70.92
752,3504.00,29.78439667,116.05098938,29.74162111,116.04376093,29.74162111,116.04376093,0.5100,4812.73,1,504,split_finetuned_disk,9,1,-1,4280.56,655.46,655.46
753,3507.00,29.74792769,116.04802417,29.74162111,116.04376093,29.74162111,116.04376093,0.5800,813.99,1,202,split_finetuned_disk,12,1,9,679.99,148.72,148.72
754,3510.00,29.72701206,116.05155804,29.74162111,116.04376093,29.74162111,116.04376093,0.5333,1792.32,1,24,split_finetuned_disk,10,1,-1,2296.47,170.09,170.09
755,3513.00,29.74922609,116.05629104,29.74162111,116.04376093,29.74162111,116.04376093,0.6033,1477.37,1,206,split_finetuned_disk,13,1,4,153.77,64.73,64.73
756,3516.00,29.73083065,116.03821906,29.74162111,116.04376093,29.74162111,116.04376093,0.5100,1315.15,1,47,split_finetuned_disk,9,1,4,2623.46,64.20,64.20
757,3519.00,29.73083065,116.03821906,29.74162111,116.04376093,29.73083065,116.03821906,0.5100,1315.15,1,47,split_finetuned_disk,9,1,3,2693.25,88.78,88.78
758,3522.00,29.75027157,116.05506719,29.73083065,116.03821906,29.73083065,116.03821906,0.4867,2708.13,1,221,split_finetuned_disk,8,1,1,148.74,51.65,51.65
759,3525.00,29.74173915,116.05295497,29.73083065,116.03821906,29.73083065,116.03821906,0.5100,1871.38,1,144,split_finetuned_disk,9,1,3,1112.20,127.39,127.39
760,3528.00,29.72701206,116.05155804,29.73083065,116.03821906,29.73083065,116.03821906,0.5333,1357.20,1,24,split_finetuned_disk,10,1,6,2772.77,64.28,64.28
761,3531.00,29.75404113,116.05913967,29.73083065,116.03821906,29.73083065,116.03821906,0.5100,3280.62,1,267,split_finetuned_disk,9,1,3,501.67,64.66,64.66
762,3534.00,29.75164971,116.05241103,29.73083065,116.03821906,29.73083065,116.03821906,0.5800,2692.90,1,234,split_finetuned_disk,12,1,3,277.34,97.44,97.44
763,3537.00,29.78036958,116.03630292,29.73083065,116.03821906,29.73083065,116.03821906,0.5567,5517.78,1,452,split_finetuned_disk,11,1,8,3254.89,51.59,51.59
764,3540.00,29.78109315,116.03997981,29.73083065,116.03821906,29.73083065,116.03821906,0.5800,5597.81,1,468,split_finetuned_disk,12,1,9,3267.03,89.30,89.30
765,3543.00,29.72701206,116.05155804,29.73083065,116.03821906,29.73083065,116.03821906,0.5333,1357.20,1,24,split_finetuned_disk,10,1,10,3172.08,63.83,63.83
766,3546.00,29.77634712,116.04542279,29.73083065,116.03821906,29.73083065,116.03821906,0.5333,5114.48,1,426,split_finetuned_disk,10,1,-1,2321.70,453.13,453.13
767,3549.00,29.77581059,116.04745551,29.73083065,116.03821906,29.77581059,116.04745551,0.5567,5086.09,1,427,split_finetuned_disk,11,1,-1,2181.56,1803.76,1803.76
768,3552.00,29.76670333,116.04415120,29.77581059,116.04745551,29.77581059,116.04745551,0.5800,1062.91,1,364,split_finetuned_disk,12,1,-1,1736.61,654.33,654.33
769,3555.00,29.76670333,116.04415120,29.77581059,116.04745551,29.77581059,116.04745551,0.5800,1062.91,1,364,split_finetuned_disk,12,1,-1,1683.52,583.15,583.15
770,3558.00,29.76058990,116.04248230,29.77581059,116.04745551,29.77581059,116.04745551,0.4867,1761.19,1,304,split_finetuned_disk,8,1,-1,1275.75,917.13,917.13
771,3561.00,29.76670333,116.04415120,29.77581059,116.04745551,29.77581059,116.04745551,0.5800,1062.91,1,364,split_finetuned_disk,12,1,-1,1583.50,447.60,447.60
772,3563.00,29.76058990,116.04248230,29.77581059,116.04745551,29.77581059,116.04745551,0.4867,1761.19,1,304,split_finetuned_disk,8,1,-1,1254.77,775.25,775.25
773,3566.00,29.76670333,116.04415120,29.77581059,116.04745551,29.77581059,116.04745551,0.5800,1062.91,1,364,split_finetuned_disk,12,1,-1,1487.05,251.38,251.38
774,3569.00,29.76670333,116.04415120,29.77581059,116.04745551,29.77581059,116.04745551,0.5800,1062.91,1,364,split_finetuned_disk,12,1,-1,1446.44,630.59,630.59
775,3572.00,29.76703136,116.05813833,29.77581059,116.04745551,29.77581059,116.04745551,0.4867,1421.50,1,357,split_finetuned_disk,8,1,-1,567.30,293.99,293.99
776,3575.00,29.76670333,116.04415120,29.77581059,116.04745551,29.77581059,116.04745551,0.5800,1062.91,1,364,split_finetuned_disk,12,1,-1,1374.90,340.98,340.98
777,3578.00,29.76703136,116.05813833,29.77581059,116.04745551,29.76703136,116.05813833,0.4867,1421.50,1,357,split_finetuned_disk,8,1,-1,454.56,454.56,454.56
778,3581.00,29.76703136,116.05813833,29.76703136,116.05813833,29.76703136,116.05813833,0.4867,0.00,0,357,split_finetuned_disk,8,1,-1,408.95,408.95,408.95
779,3584.00,29.76058990,116.04248230,29.76703136,116.05813833,29.76703136,116.05813833,0.4867,1674.14,1,304,split_finetuned_disk,8,1,-1,1334.67,374.17,374.17
780,3587.00,29.75946930,116.03363440,29.76703136,116.05813833,29.76703136,116.05813833,0.5100,2512.94,1,285,split_finetuned_disk,9,1,-1,2181.46,353.42,353.42
781,3590.00,29.76670333,116.04415120,29.76703136,116.05813833,29.76703136,116.05813833,0.5800,1352.03,1,364,split_finetuned_disk,12,1,-1,1262.70,397.67,397.67
782,3593.00,29.76670333,116.04415120,29.76703136,116.05813833,29.76703136,116.05813833,0.5800,1352.03,1,364,split_finetuned_disk,12,1,-1,1254.66,365.30,365.30
783,3596.00,29.76058990,116.04248230,29.76703136,116.05813833,29.76703136,116.05813833,0.4867,1674.14,1,304,split_finetuned_disk,8,1,-1,1478.26,395.62,395.62
784,3599.00,29.75946930,116.03363440,29.76703136,116.05813833,29.76703136,116.05813833,0.5100,2512.94,1,285,split_finetuned_disk,9,1,-1,2311.31,437.87,437.87
785,3602.00,29.76058990,116.04248230,29.76703136,116.05813833,29.76703136,116.05813833,0.4867,1674.14,1,304,split_finetuned_disk,8,1,-1,1566.80,488.97,488.97
786,3605.00,29.76058990,116.04248230,29.76703136,116.05813833,29.76703136,116.05813833,0.4867,1674.14,1,304,split_finetuned_disk,8,1,-1,1614.89,546.44,546.44
787,3608.00,29.76058990,116.04248230,29.76703136,116.05813833,29.76703136,116.05813833,0.4867,1674.14,1,304,split_finetuned_disk,8,1,-1,1665.24,608.48,608.48
788,3611.00,29.76670333,116.04415120,29.76703136,116.05813833,29.76670333,116.04415120,0.5800,1352.03,1,364,split_finetuned_disk,12,1,-1,1306.81,795.92,795.92
789,3615.00,29.75946930,116.03363440,29.76670333,116.04415120,29.76670333,116.04415120,0.5100,1296.60,1,285,split_finetuned_disk,9,1,-1,2521.17,751.45,751.45
790,3618.00,29.75946930,116.03363440,29.76670333,116.04415120,29.76670333,116.04415120,0.5100,1296.60,1,285,split_finetuned_disk,9,1,-1,2567.25,821.27,821.27
791,3621.00,29.75946930,116.03363440,29.76670333,116.04415120,29.76670333,116.04415120,0.5100,1296.60,1,285,split_finetuned_disk,9,1,-1,2614.84,892.44,892.44
792,3624.00,29.75946930,116.03363440,29.76670333,116.04415120,29.76670333,116.04415120,0.5100,1296.60,1,285,split_finetuned_disk,9,1,-1,2663.87,964.65,964.65
793,3628.00,29.75946930,116.03363440,29.76670333,116.04415120,29.76670333,116.04415120,0.5100,1296.60,1,285,split_finetuned_disk,9,1,-1,2714.24,988.61,988.61
794,3631.00,29.75946930,116.03363440,29.76670333,116.04415120,29.76670333,116.04415120,0.5100,1296.60,1,285,split_finetuned_disk,9,1,-1,2765.90,1074.35,1074.35
795,3634.00,29.76703136,116.05813833,29.76670333,116.04415120,29.76670333,116.04415120,0.4867,1352.03,1,357,split_finetuned_disk,8,1,-1,1185.64,748.13,748.13
796,3638.00,29.76670333,116.04415120,29.76670333,116.04415120,29.76670333,116.04415120,0.5800,0.00,0,364,split_finetuned_disk,12,1,-1,1608.82,824.65,824.65
797,3641.00,29.76670333,116.04415120,29.76670333,116.04415120,29.76670333,116.04415120,0.5800,0.00,0,364,split_finetuned_disk,12,1,-1,1666.23,1239.02,1239.02
798,3644.00,29.76703136,116.05813833,29.76670333,116.04415120,29.76670333,116.04415120,0.4867,1352.03,1,357,split_finetuned_disk,8,1,-1,1421.54,989.35,989.35
799,3647.00,29.76670333,116.04415120,29.76670333,116.04415120,29.76670333,116.04415120,0.5800,0.00,0,364,split_finetuned_disk,12,1,-1,1773.01,1356.48,1356.48
800,3651.00,29.76670333,116.04415120,29.76670333,116.04415120,29.76670333,116.04415120,0.5800,0.00,0,364,split_finetuned_disk,12,1,-1,1829.04,1688.72,1688.72
801,3654.00,29.75705030,116.06262409,29.76670333,116.04415120,29.76670333,116.04415120,0.5567,2083.48,1,284,split_finetuned_disk,11,1,-1,2717.07,1328.36,1328.36
802,3657.00,29.75705030,116.06262409,29.76670333,116.04415120,29.76670333,116.04415120,0.5567,2083.48,1,284,split_finetuned_disk,11,1,-1,2792.06,1095.75,1095.75
803,3660.00,29.77634712,116.04542279,29.76670333,116.04415120,29.76670333,116.04415120,0.5333,1080.55,1,426,split_finetuned_disk,10,1,9,1146.40,60.65,60.65
804,3663.00,29.72810658,116.03424015,29.76670333,116.04415120,29.76670333,116.04415120,0.5100,4402.03,1,15,split_finetuned_disk,9,1,-1,6573.92,250.98,250.98
805,3666.00,29.73340449,116.05377620,29.76670333,116.04415120,29.76670333,116.04415120,0.5567,3821.72,1,85,split_finetuned_disk,11,1,-1,5534.96,338.64,338.64
806,3669.00,29.77179885,116.03410417,29.76670333,116.04415120,29.76670333,116.04415120,0.4867,1124.38,1,390,split_finetuned_disk,8,1,-1,2490.71,1216.84,1216.84
807,3673.00,29.77179885,116.03410417,29.76670333,116.04415120,29.76670333,116.04415120,0.4867,1124.38,1,390,split_finetuned_disk,8,1,-1,2535.72,1978.97,1978.97
808,3676.00,29.73580202,116.03854580,29.76670333,116.04415120,29.76670333,116.04415120,0.5333,3482.31,1,93,split_finetuned_disk,10,1,-1,5754.53,864.55,864.55
809,3679.00,29.77458730,116.03738547,29.76670333,116.04415120,29.76670333,116.04415120,0.5800,1094.37,1,421,split_finetuned_disk,12,1,-1,2231.84,352.00,352.00
810,3682.00,29.74173915,116.05295497,29.76670333,116.04415120,29.74173915,116.05295497,0.5100,2906.30,1,144,split_finetuned_disk,9,1,10,5130.50,91.44,91.44
811,3685.00,29.79526225,116.04424306,29.74173915,116.05295497,29.74173915,116.05295497,0.6033,6017.37,1,590,split_finetuned_disk,13,1,10,1319.75,51.41,51.41
812,3689.00,29.79321420,116.03932462,29.74173915,116.05295497,29.74173915,116.05295497,0.5567,5879.62,1,558,split_finetuned_disk,11,1,-1,1486.18,1155.83,1155.83
813,3692.00,29.77833078,116.04149333,29.74173915,116.05295497,29.74173915,116.05295497,0.5100,4221.26,1,454,split_finetuned_disk,9,1,-1,1712.61,652.08,652.08
814,3695.00,29.72849750,116.04235868,29.74173915,116.05295497,29.74173915,116.05295497,0.5333,1794.77,1,34,split_finetuned_disk,10,1,-1,6960.58,696.68,696.68
815,3698.00,29.73580202,116.03854580,29.74173915,116.05295497,29.74173915,116.05295497,0.5333,1541.22,1,93,split_finetuned_disk,10,1,-1,6294.70,911.32,911.32
816,3702.00,29.73580202,116.03854580,29.74173915,116.05295497,29.74173915,116.05295497,0.5333,1541.22,1,93,split_finetuned_disk,10,1,-1,6370.55,1584.94,1584.94
817,3705.00,29.73154959,116.03443091,29.74173915,116.05295497,29.74173915,116.05295497,0.5100,2119.08,1,46,split_finetuned_disk,9,1,-1,7125.65,2143.82,2143.82
818,3708.00,29.74173915,116.05295497,29.74173915,116.05295497,29.74173915,116.05295497,0.5100,0.00,0,144,split_finetuned_disk,9,1,-1,5764.35,4225.71,4225.71
819,3711.00,29.73580202,116.03854580,29.74173915,116.05295497,29.74173915,116.05295497,0.5333,1541.22,1,93,split_finetuned_disk,10,1,-1,6598.39,1675.31,1675.31
820,3714.00,29.73580202,116.03854580,29.74173915,116.05295497,29.74173915,116.05295497,0.5333,1541.22,1,93,split_finetuned_disk,10,1,-1,6674.43,4379.18,4379.18
821,3717.00,29.73580202,116.03854580,29.74173915,116.05295497,29.74173915,116.05295497,0.5333,1541.22,1,93,split_finetuned_disk,10,1,-1,6761.38,766.35,766.35
822,3720.00,29.72701206,116.05155804,29.74173915,116.05295497,29.74173915,116.05295497,0.5333,1644.97,1,24,split_finetuned_disk,10,1,-1,7685.81,277.81,277.81
823,3724.00,29.72752713,116.05813833,29.74173915,116.05295497,29.74173915,116.05295497,0.5567,1659.47,1,27,split_finetuned_disk,11,1,-1,7767.45,254.58,254.58
824,3727.00,29.79820093,116.03915155,29.74173915,116.05295497,29.74173915,116.05295497,0.6033,6425.29,1,618,split_finetuned_disk,13,1,-1,1460.42,170.38,170.38
825,3730.00,29.81639249,116.04686212,29.74173915,116.05295497,29.74173915,116.05295497,0.6033,8331.24,1,772,split_finetuned_disk,13,1,9,2183.93,98.91,98.91
826,3733.00,29.81639249,116.04686212,29.74173915,116.05295497,29.74173915,116.05295497,0.6033,8331.24,1,772,split_finetuned_disk,13,1,-1,2109.68,251.45,251.45
827,3736.00,29.80265262,116.06067791,29.74173915,116.05295497,29.74173915,116.05295497,0.6267,6821.83,1,658,split_finetuned_disk,14,1,-1,639.56,261.28,261.28
828,3740.00,29.81639249,116.04686212,29.74173915,116.05295497,29.81639249,116.04686212,0.6033,8331.24,1,772,split_finetuned_disk,13,1,-1,1951.54,670.81,670.81
829,3743.00,29.79820093,116.03915155,29.81639249,116.04686212,29.81639249,116.04686212,0.6033,2157.79,1,618,split_finetuned_disk,13,1,4,1470.79,64.06,64.06
830,3746.00,29.79113859,116.03275669,29.81639249,116.04686212,29.81639249,116.04686212,0.5800,3124.24,1,540,split_finetuned_disk,12,1,5,2437.32,98.27,98.27
831,3749.00,29.79820093,116.03915155,29.81639249,116.04686212,29.81639249,116.04686212,0.6033,2157.79,1,618,split_finetuned_disk,13,1,7,1503.93,148.76,148.76
832,3753.00,29.79820093,116.03915155,29.81639249,116.04686212,29.81639249,116.04686212,0.6033,2157.79,1,618,split_finetuned_disk,13,1,8,1526.20,88.50,88.50
833,3756.00,29.79820093,116.03915155,29.81639249,116.04686212,29.81639249,116.04686212,0.6033,2157.79,1,618,split_finetuned_disk,13,1,-1,1552.07,353.74,353.74
834,3759.00,29.81639249,116.04686212,29.81639249,116.04686212,29.81639249,116.04686212,0.6033,0.00,0,772,split_finetuned_disk,13,1,-1,1518.84,833.84,833.84
835,3762.00,29.77829397,116.04670142,29.81639249,116.04686212,29.81639249,116.04686212,0.5333,4241.16,1,442,split_finetuned_disk,10,1,-1,3173.41,738.38,738.38
836,3765.00,29.81712217,116.06167924,29.81639249,116.04686212,29.81639249,116.04686212,0.5333,1434.04,1,778,split_finetuned_disk,10,1,-1,1324.12,681.99,681.99
837,3767.00,29.81639249,116.04686212,29.81639249,116.04686212,29.81639249,116.04686212,0.6033,0.00,0,772,split_finetuned_disk,13,1,-1,1301.85,638.79,638.79
838,3771.00,29.81639249,116.04686212,29.81639249,116.04686212,29.81639249,116.04686212,0.6033,0.00,0,772,split_finetuned_disk,13,1,-1,1234.99,602.61,602.61
839,3774.00,29.81639249,116.04686212,29.81639249,116.04686212,29.81639249,116.04686212,0.6033,0.00,0,772,split_finetuned_disk,13,1,-1,1169.51,662.49,662.49
840,3777.00,29.81639249,116.04686212,29.81639249,116.04686212,29.81639249,116.04686212,0.6033,0.00,0,772,split_finetuned_disk,13,1,-1,1105.64,622.17,622.17
841,3780.00,29.81639249,116.04686212,29.81639249,116.04686212,29.81639249,116.04686212,0.6033,0.00,0,772,split_finetuned_disk,13,1,-1,1043.69,932.06,932.06
842,3783.00,29.81639249,116.04686212,29.81639249,116.04686212,29.81639249,116.04686212,0.6033,0.00,0,772,split_finetuned_disk,13,1,-1,984.00,864.71,864.71
843,3786.00,29.81639249,116.04686212,29.81639249,116.04686212,29.81639249,116.04686212,0.6033,0.00,0,772,split_finetuned_disk,13,1,-1,927.03,551.87,551.87
844,3789.00,29.77829397,116.04670142,29.81639249,116.04686212,29.81639249,116.04686212,0.5333,4241.16,1,442,split_finetuned_disk,10,1,-1,3884.42,178.15,178.15
845,3793.00,29.81167865,116.03988092,29.81639249,116.04686212,29.81639249,116.04686212,0.5100,854.64,1,723,split_finetuned_disk,9,1,3,1455.32,105.94,105.94
846,3839.00,29.81167865,116.03988092,29.81639249,116.04686212,29.81639249,116.04686212,0.5100,854.64,1,723,split_finetuned_disk,9,1,-1,1647.43,454.90,454.90
847,3844.00,29.81639249,116.04686212,29.81639249,116.04686212,29.81639249,116.04686212,0.6033,0.00,0,772,split_finetuned_disk,13,1,-1,1031.91,197.94,197.94
848,3849.00,29.81639249,116.04686212,29.81639249,116.04686212,29.81639249,116.04686212,0.6033,0.00,0,772,split_finetuned_disk,13,1,-1,1078.57,276.65,276.65
849,3855.00,29.81646299,116.04109241,29.81639249,116.04686212,29.81639249,116.04686212,0.4867,557.57,1,753,split_finetuned_disk,8,1,-1,1733.73,163.64,163.64
850,3860.00,29.81646299,116.04109241,29.81639249,116.04686212,29.81639249,116.04686212,0.4867,557.57,1,753,split_finetuned_disk,8,1,-1,1759.94,299.83,299.83
851,3866.00,29.81646299,116.04109241,29.81639249,116.04686212,29.81639249,116.04686212,0.4867,557.57,1,753,split_finetuned_disk,8,1,-1,1789.17,262.58,262.58
852,3871.00,29.81573331,116.03875063,29.81639249,116.04686212,29.81639249,116.04686212,0.5100,787.22,1,752,split_finetuned_disk,9,1,-1,2003.71,584.59,584.59
853,3876.00,29.73340449,116.05377620,29.81639249,116.04686212,29.81639249,116.04686212,0.5567,9262.35,1,85,split_finetuned_disk,11,1,-1,8143.29,4269.11,4269.11
854,3882.00,29.77780036,116.04014052,29.81639249,116.04686212,29.81639249,116.04686212,0.4867,4344.89,1,438,split_finetuned_disk,8,1,-1,3652.86,3234.99,3234.99
855,3887.00,29.73340449,116.05377620,29.81639249,116.04686212,29.81639249,116.04686212,0.5567,9262.35,1,85,split_finetuned_disk,11,1,-1,7976.38,1444.87,1444.87
856,3892.00,29.73340449,116.05377620,29.81639249,116.04686212,29.81639249,116.04686212,0.5567,9262.35,1,85,split_finetuned_disk,11,1,7,7898.50,114.36,114.36
857,3898.00,29.81639249,116.04686212,29.81639249,116.04686212,29.81639249,116.04686212,0.6033,0.00,0,772,split_finetuned_disk,13,1,-1,1620.70,305.62,305.62
858,3903.00,29.81639249,116.04686212,29.81639249,116.04686212,29.81639249,116.04686212,0.6033,0.00,0,772,split_finetuned_disk,13,1,-1,1687.69,1090.83,1090.83
859,3908.00,29.81639249,116.04686212,29.81639249,116.04686212,29.81639249,116.04686212,0.6033,0.00,0,772,split_finetuned_disk,13,1,-1,1755.59,1488.89,1488.89
860,3913.00,29.81639249,116.04686212,29.81639249,116.04686212,29.81639249,116.04686212,0.6033,0.00,0,772,split_finetuned_disk,13,1,-1,1824.29,1824.29,1824.29
861,3919.00,29.81639249,116.04686212,29.81639249,116.04686212,29.81639249,116.04686212,0.6033,0.00,0,772,split_finetuned_disk,13,1,-1,1893.70,1893.70,1893.70
862,3924.00,29.79820093,116.03915155,29.81639249,116.04686212,29.81639249,116.04686212,0.6033,2157.79,1,618,split_finetuned_disk,13,1,6,1658.74,47.41,47.41
863,3930.00,29.79344878,116.03368385,29.81639249,116.04686212,29.81639249,116.04686212,0.5567,2853.93,1,585,split_finetuned_disk,11,1,3,2308.21,76.30,76.30
864,3935.00,29.80067358,116.05899133,29.81639249,116.04686212,29.81639249,116.04686212,0.5333,2106.07,1,642,split_finetuned_disk,10,1,3,209.03,74.92,74.92
865,3940.00,29.80265262,116.06067791,29.81639249,116.04686212,29.81639249,116.04686212,0.6267,2030.18,1,658,split_finetuned_disk,14,1,5,548.46,48.01,48.01
866,3946.00,29.81639249,116.04686212,29.81639249,116.04686212,29.81639249,116.04686212,0.6033,0.00,0,772,split_finetuned_disk,13,1,-1,2259.47,262.66,262.66
867,3951.00,29.81639249,116.04686212,29.81639249,116.04686212,29.81639249,116.04686212,0.6033,0.00,0,772,split_finetuned_disk,13,1,-1,2331.92,477.30,477.30
868,3956.00,29.79820093,116.03915155,29.81639249,116.04686212,29.81639249,116.04686212,0.6033,2157.79,1,618,split_finetuned_disk,13,1,-1,1663.73,350.85,350.85
869,3961.00,29.79820093,116.03915155,29.81639249,116.04686212,29.81639249,116.04686212,0.6033,2157.79,1,618,split_finetuned_disk,13,1,9,1677.28,136.91,136.91
870,3966.00,29.79321420,116.03932462,29.81639249,116.04686212,29.81639249,116.04686212,0.5567,2681.03,1,558,split_finetuned_disk,11,1,-1,1688.28,156.48,156.48
871,3971.00,29.73580202,116.03854580,29.81639249,116.04686212,29.81639249,116.04686212,0.5333,9007.25,1,93,split_finetuned_disk,10,1,-1,6708.30,182.87,182.87
872,3977.00,29.73580202,116.03854580,29.81639249,116.04686212,29.81639249,116.04686212,0.5333,9007.25,1,93,split_finetuned_disk,10,1,-1,6632.79,230.03,230.03
873,3982.00,29.73580202,116.03854580,29.81639249,116.04686212,29.81639249,116.04686212,0.5333,9007.25,1,93,split_finetuned_disk,10,1,-1,6557.32,4754.03,4754.03
874,3987.00,29.73580202,116.03854580,29.81639249,116.04686212,29.81639249,116.04686212,0.5333,9007.25,1,93,split_finetuned_disk,10,1,-1,6481.92,4590.25,4590.25
875,3991.00,29.73580202,116.03854580,29.81639249,116.04686212,29.81639249,116.04686212,0.5333,9007.25,1,93,split_finetuned_disk,10,1,-1,6406.58,1475.18,1475.18
876,3997.00,29.79421676,116.04092466,29.81639249,116.04686212,29.81639249,116.04686212,0.6033,2534.39,1,574,split_finetuned_disk,13,1,-1,1472.66,1434.85,1434.85
877,4002.00,29.79113859,116.03275669,29.81639249,116.04686212,29.79113859,116.03275669,0.5800,3124.24,1,540,split_finetuned_disk,12,1,-1,2244.90,905.58,905.58
878,4007.00,29.77833078,116.04149333,29.79113859,116.03275669,29.79113859,116.03275669,0.5100,1656.95,1,454,split_finetuned_disk,9,1,7,1844.58,69.29,69.29
879,4013.00,29.77179885,116.03410417,29.79113859,116.03275669,29.79113859,116.03275669,0.4867,2156.83,1,390,split_finetuned_disk,8,1,-1,2920.90,1248.36,1248.36
880,4018.00,29.78039566,116.04895133,29.79113859,116.03275669,29.79113859,116.03275669,0.5100,1969.50,1,472,split_finetuned_disk,9,1,7,1157.27,45.49,45.49
881,4024.00,29.77833078,116.04149333,29.79113859,116.03275669,29.79113859,116.03275669,0.5100,1656.95,1,454,split_finetuned_disk,9,1,7,1709.05,97.58,97.58
882,4029.00,29.77833078,116.04149333,29.79113859,116.03275669,29.79113859,116.03275669,0.5100,1656.95,1,454,split_finetuned_disk,9,1,-1,1668.72,499.31,499.31
883,4034.00,29.73035850,116.04489121,29.79113859,116.03275669,29.79113859,116.03275669,0.5333,6866.88,1,51,split_finetuned_disk,10,1,-1,6245.34,2850.72,2850.72
884,4039.00,29.75705030,116.06262409,29.79113859,116.03275669,29.79113859,116.03275669,0.5567,4767.48,1,284,split_finetuned_disk,11,1,-1,3129.12,3129.12,3129.12
885,4044.00,29.75705030,116.06262409,29.79113859,116.03275669,29.79113859,116.03275669,0.5567,4767.48,1,284,split_finetuned_disk,11,1,-1,3052.47,3052.47,3052.47
886,4050.00,29.75705030,116.06262409,29.79113859,116.03275669,29.79113859,116.03275669,0.5567,4767.48,1,284,split_finetuned_disk,11,1,-1,2964.94,2934.06,2934.06
887,4055.00,29.75705030,116.06262409,29.79113859,116.03275669,29.75705030,116.06262409,0.5567,4767.48,1,284,split_finetuned_disk,11,1,-1,2888.43,295.32,295.32
888,4060.00,29.76670333,116.04415120,29.75705030,116.06262409,29.75705030,116.06262409,0.5800,2083.48,1,364,split_finetuned_disk,12,1,-1,2123.66,1432.17,1432.17
889,4066.00,29.76670333,116.04415120,29.75705030,116.06262409,29.75705030,116.06262409,0.5800,2083.48,1,364,split_finetuned_disk,12,1,-1,2067.23,1279.46,1279.46
890,4071.00,29.76670333,116.04415120,29.75705030,116.06262409,29.75705030,116.06262409,0.5800,2083.48,1,364,split_finetuned_disk,12,1,-1,2012.22,1201.59,1201.59
891,4076.00,29.76670333,116.04415120,29.75705030,116.06262409,29.75705030,116.06262409,0.5800,2083.48,1,364,split_finetuned_disk,12,1,-1,1958.78,1123.72,1123.72
892,4082.00,29.76670333,116.04415120,29.75705030,116.06262409,29.75705030,116.06262409,0.5800,2083.48,1,364,split_finetuned_disk,12,1,-1,1907.02,1045.87,1045.87
893,4087.00,29.76670333,116.04415120,29.75705030,116.06262409,29.75705030,116.06262409,0.5800,2083.48,1,364,split_finetuned_disk,12,1,-1,1857.09,968.02,968.02
894,4093.00,29.76670333,116.04415120,29.75705030,116.06262409,29.75705030,116.06262409,0.5800,2083.48,1,364,split_finetuned_disk,12,1,-1,1802.46,879.07,879.07
895,4098.00,29.76670333,116.04415120,29.75705030,116.06262409,29.75705030,116.06262409,0.5800,2083.48,1,364,split_finetuned_disk,12,1,-1,1756.97,801.25,801.25
896,4104.00,29.76703136,116.05813833,29.75705030,116.06262409,29.75705030,116.06262409,0.4867,1192.64,1,357,split_finetuned_disk,8,1,-1,1132.79,723.46,723.46
897,4109.00,29.76670333,116.04415120,29.75705030,116.06262409,29.76670333,116.04415120,0.5800,2083.48,1,364,split_finetuned_disk,12,1,-1,1673.18,645.71,645.71
898,4114.00,29.76670333,116.04415120,29.76670333,116.04415120,29.76670333,116.04415120,0.5800,0.00,0,364,split_finetuned_disk,12,1,-1,1635.25,567.99,567.99
899,4119.00,29.76670333,116.04415120,29.76670333,116.04415120,29.76670333,116.04415120,0.5800,0.00,0,364,split_finetuned_disk,12,1,-1,1600.21,490.35,490.35
900,4124.00,29.76670333,116.04415120,29.76670333,116.04415120,29.76670333,116.04415120,0.5800,0.00,0,364,split_finetuned_disk,12,1,-1,1568.27,884.89,884.89
901,4129.00,29.76670333,116.04415120,29.76670333,116.04415120,29.76670333,116.04415120,0.5800,0.00,0,364,split_finetuned_disk,12,1,-1,1539.62,814.13,814.13
902,4135.00,29.76058990,116.04248230,29.76670333,116.04415120,29.76670333,116.04415120,0.4867,699.39,1,304,split_finetuned_disk,8,1,-1,1906.04,661.91,661.91
903,4140.00,29.76670333,116.04415120,29.76670333,116.04415120,29.76670333,116.04415120,0.5800,0.00,0,364,split_finetuned_disk,12,1,-1,1490.13,1057.64,1057.64
904,4146.00,29.76058990,116.04248230,29.76670333,116.04415120,29.76670333,116.04415120,0.4867,699.39,1,304,split_finetuned_disk,8,1,-1,1808.23,511.72,511.72
905,4151.00,29.76670333,116.04415120,29.76670333,116.04415120,29.76670333,116.04415120,0.5800,0.00,0,364,split_finetuned_disk,12,1,-1,1459.75,438.12,438.12
906,4156.00,29.76670333,116.04415120,29.76670333,116.04415120,29.76670333,116.04415120,0.5800,0.00,0,364,split_finetuned_disk,12,1,-1,1450.61,366.31,366.31
907,4161.00,29.76703136,116.05813833,29.76670333,116.04415120,29.76670333,116.04415120,0.4867,1352.03,1,357,split_finetuned_disk,8,1,-1,297.58,297.58,297.58
908,4166.00,29.76670333,116.04415120,29.76670333,116.04415120,29.76670333,116.04415120,0.5800,0.00,0,364,split_finetuned_disk,12,1,-1,1444.82,234.68,234.68
909,4171.00,29.75946930,116.03363440,29.76670333,116.04415120,29.76670333,116.04415120,0.5100,1296.60,1,285,split_finetuned_disk,9,1,-1,2413.45,177.99,177.99
910,4176.00,29.75946930,116.03363440,29.76670333,116.04415120,29.76670333,116.04415120,0.5100,1296.60,1,285,split_finetuned_disk,9,1,-1,2385.91,155.64,155.64
911,4181.00,29.75946930,116.03363440,29.76670333,116.04415120,29.76670333,116.04415120,0.5100,1296.60,1,285,split_finetuned_disk,9,1,-1,2360.64,170.03,170.03
912,4186.00,29.76670333,116.04415120,29.76670333,116.04415120,29.76670333,116.04415120,0.5800,0.00,0,364,split_finetuned_disk,12,1,-1,1485.70,1179.15,1179.15
913,4191.00,29.76670333,116.04415120,29.76670333,116.04415120,29.76670333,116.04415120,0.5800,0.00,0,364,split_finetuned_disk,12,1,-1,1505.80,273.35,273.35
914,4197.00,29.76703136,116.05813833,29.76670333,116.04415120,29.76670333,116.04415120,0.4867,1352.03,1,357,split_finetuned_disk,8,1,-1,340.35,340.35,340.35
915,4203.00,29.76670333,116.04415120,29.76670333,116.04415120,29.76670333,116.04415120,0.5800,0.00,0,364,split_finetuned_disk,12,1,-1,1556.97,520.82,520.82
916,4208.00,29.76670333,116.04415120,29.76670333,116.04415120,29.76670333,116.04415120,0.5800,0.00,0,364,split_finetuned_disk,12,1,-1,1587.68,484.26,484.26
917,4213.00,29.76670333,116.04415120,29.76670333,116.04415120,29.76670333,116.04415120,0.5800,0.00,0,364,split_finetuned_disk,12,1,-1,1621.56,643.60,643.60
918,4218.00,29.75946930,116.03363440,29.76670333,116.04415120,29.76670333,116.04415120,0.5100,1296.60,1,285,split_finetuned_disk,9,1,-1,2251.38,644.64,644.64
919,4223.00,29.76670333,116.04415120,29.76670333,116.04415120,29.76670333,116.04415120,0.5800,0.00,0,364,split_finetuned_disk,12,1,-1,1703.92,186.73,186.73
920,4229.00,29.76670333,116.04415120,29.76670333,116.04415120,29.76670333,116.04415120,0.5800,0.00,0,364,split_finetuned_disk,12,1,-1,1746.49,1044.78,1044.78
921,4234.00,29.76670333,116.04415120,29.76670333,116.04415120,29.76670333,116.04415120,0.5800,0.00,0,364,split_finetuned_disk,12,1,-1,1791.44,694.85,694.85
922,4240.00,29.76670333,116.04415120,29.76670333,116.04415120,29.76670333,116.04415120,0.5800,0.00,0,364,split_finetuned_disk,12,1,-1,1838.60,855.71,855.71
923,4245.00,29.77581059,116.04745551,29.76670333,116.04415120,29.76670333,116.04415120,0.5567,1062.91,1,427,split_finetuned_disk,11,1,-1,2185.09,245.09,245.09
924,4250.00,29.75647696,116.05098938,29.76670333,116.04415120,29.76670333,116.04415120,0.4633,1316.26,1,264,split_finetuned_disk,7,1,3,457.27,115.76,115.76
925,4256.00,29.79718764,116.05253465,29.76670333,116.04415120,29.76670333,116.04415120,0.5333,3488.86,1,609,split_finetuned_disk,10,1,4,4603.76,48.02,48.02
926,4262.00,29.73972791,116.05560580,29.76670333,116.04415120,29.76670333,116.04415120,0.5333,3200.39,1,130,split_finetuned_disk,10,1,4,1756.95,74.90,74.90
927,4266.00,29.75164971,116.05241103,29.76670333,116.04415120,29.76670333,116.04415120,0.5800,1856.13,1,234,split_finetuned_disk,12,1,4,516.02,76.31,76.31
928,4271.00,29.74136969,116.03799122,29.76670333,116.04415120,29.76670333,116.04415120,0.5100,2882.27,1,121,split_finetuned_disk,9,1,9,2586.40,47.40,47.40
929,4277.00,29.79083202,116.04675790,29.76670333,116.04415120,29.76670333,116.04415120,0.5567,2697.79,1,561,split_finetuned_disk,11,1,10,4419.17,103.99,103.99
930,4283.00,29.73843563,116.03541988,29.76670333,116.04415120,29.76670333,116.04415120,0.5100,3257.90,1,106,split_finetuned_disk,9,1,-1,2613.67,157.91,157.91
931,4288.00,29.74136969,116.03799122,29.76670333,116.04415120,29.76670333,116.04415120,0.5100,2882.27,1,121,split_finetuned_disk,9,1,5,2450.21,66.85,66.85
932,4293.00,29.74792769,116.04802417,29.76670333,116.04415120,29.74792769,116.04802417,0.5800,2123.34,1,202,split_finetuned_disk,12,1,-1,887.42,887.42,887.42
933,4299.00,29.72849750,116.04235868,29.74792769,116.04802417,29.74792769,116.04802417,0.5333,2231.17,1,34,split_finetuned_disk,10,1,-1,2786.89,305.63,305.63
934,4304.00,29.73154959,116.03443091,29.74792769,116.04802417,29.74792769,116.04802417,0.5100,2247.07,1,46,split_finetuned_disk,9,1,-1,2934.76,539.35,539.35
935,4311.00,29.74862518,116.06347709,29.74792769,116.04802417,29.74792769,116.04802417,0.5100,1495.19,1,209,split_finetuned_disk,9,1,-1,556.06,499.39,499.39
936,4316.00,29.74922609,116.05629104,29.74792769,116.04802417,29.74792769,116.04802417,0.6033,811.78,1,206,split_finetuned_disk,13,1,1,67.41,67.41,67.41
937,4322.00,29.72810047,116.04456447,29.74792769,116.04802417,29.74792769,116.04802417,0.5800,2232.34,1,35,split_finetuned_disk,12,1,7,2416.68,84.31,84.31
938,4327.00,29.72810047,116.04456447,29.74792769,116.04802417,29.74792769,116.04802417,0.5800,2232.34,1,35,split_finetuned_disk,12,1,-1,2350.23,592.49,592.49
939,4332.00,29.73154959,116.03443091,29.74792769,116.04802417,29.74792769,116.04802417,0.5100,2247.07,1,46,split_finetuned_disk,9,1,-1,2669.09,623.93,623.93
940,4337.00,29.72539786,116.05687207,29.74792769,116.04802417,29.74792769,116.04802417,0.5100,2649.74,1,11,split_finetuned_disk,9,1,-1,2238.22,357.39,357.39
941,4343.00,29.74792769,116.04802417,29.74792769,116.04802417,29.74792769,116.04802417,0.5800,0.00,0,202,split_finetuned_disk,12,1,5,957.62,67.97,67.97
942,4349.00,29.74162111,116.04376093,29.74792769,116.04802417,29.74792769,116.04802417,0.5567,813.99,1,140,split_finetuned_disk,11,1,3,1273.73,83.68,83.68
943,4355.00,29.74162111,116.04376093,29.74792769,116.04802417,29.74792769,116.04802417,0.5567,813.99,1,140,split_finetuned_disk,11,1,2,1259.47,45.18,45.18
944,4361.00,29.74162111,116.04376093,29.74792769,116.04802417,29.74792769,116.04802417,0.5567,813.99,1,140,split_finetuned_disk,11,1,3,1249.91,96.05,96.05
945,4366.00,29.74162111,116.04376093,29.74792769,116.04802417,29.74792769,116.04802417,0.5567,813.99,1,140,split_finetuned_disk,11,1,3,1245.16,57.97,57.97
946,4372.00,29.73720772,116.06238921,29.74792769,116.04802417,29.74792769,116.04802417,0.6033,1830.51,1,104,split_finetuned_disk,13,1,-1,788.06,160.68,160.68
947,4377.00,29.73720772,116.06238921,29.74792769,116.04802417,29.74792769,116.04802417,0.6033,1830.51,1,104,split_finetuned_disk,13,1,9,734.83,92.62,92.62
948,4383.00,29.73850001,116.06310622,29.74792769,116.04802417,29.74792769,116.04802417,0.5333,1795.90,1,119,split_finetuned_disk,10,1,5,591.41,44.73,44.73
949,4388.00,29.73850001,116.06310622,29.74792769,116.04802417,29.74792769,116.04802417,0.5333,1795.90,1,119,split_finetuned_disk,10,1,-1,567.00,177.51,177.51
950,4393.00,29.73338914,116.06025759,29.74792769,116.04802417,29.74792769,116.04802417,0.5333,2004.16,1,73,split_finetuned_disk,10,1,-1,728.79,159.56,159.56
951,4399.00,29.73720772,116.06238921,29.74792769,116.04802417,29.73720772,116.06238921,0.6033,1830.51,1,104,split_finetuned_disk,13,1,2,577.52,61.04,61.04
952,4404.00,29.73878973,116.05537624,29.73720772,116.06238921,29.73720772,116.06238921,0.5333,700.15,1,116,split_finetuned_disk,10,1,1,127.63,91.96,91.96
953,4410.00,29.73720772,116.06238921,29.73720772,116.06238921,29.73720772,116.06238921,0.6033,0.00,0,104,split_finetuned_disk,13,1,7,555.39,44.68,44.68
954,4416.00,29.73927723,116.05039067,29.73720772,116.06238921,29.73720772,116.06238921,0.5100,1182.05,1,128,split_finetuned_disk,9,1,6,800.97,87.64,87.64
955,4422.00,29.74048978,116.05194127,29.73720772,116.06238921,29.73720772,116.06238921,0.5567,1073.63,1,129,split_finetuned_disk,11,1,-1,709.85,159.71,159.71
956,4426.00,29.73410197,116.05782396,29.73720772,116.06238921,29.73720772,116.06238921,0.5333,560.47,1,86,split_finetuned_disk,10,1,1,48.95,48.95,48.95
957,4469.00,29.74562212,116.04897606,29.73720772,116.06238921,29.73720772,116.06238921,0.5333,1599.13,1,172,split_finetuned_disk,10,1,7,1543.32,147.18,147.18
958,4472.00,29.73720772,116.06238921,29.73720772,116.06238921,29.73720772,116.06238921,0.6033,0.00,0,104,split_finetuned_disk,13,1,9,367.80,74.62,74.62
959,4475.00,29.73878973,116.05537624,29.73720772,116.06238921,29.73720772,116.06238921,0.5333,700.15,1,116,split_finetuned_disk,10,1,-1,302.19,162.70,162.70
960,4478.00,29.79718764,116.05253465,29.73720772,116.06238921,29.73720772,116.06238921,0.5333,6744.52,1,609,split_finetuned_disk,10,1,-1,6738.71,624.23,624.23
961,4481.00,29.73338914,116.06025759,29.73720772,116.06238921,29.73720772,116.06238921,0.5333,472.36,1,73,split_finetuned_disk,10,1,3,592.10,48.64,48.64
962,4484.00,29.73903654,116.06094988,29.73720772,116.06238921,29.73720772,116.06238921,0.4867,246.55,1,118,split_finetuned_disk,8,1,2,172.37,69.71,69.71
963,4487.00,29.73850001,116.06310622,29.73720772,116.06238921,29.73720772,116.06238921,0.5333,159.67,1,119,split_finetuned_disk,10,1,2,386.99,73.97,73.97
964,4490.00,29.73850001,116.06310622,29.73720772,116.06238921,29.73720772,116.06238921,0.5333,159.67,1,119,split_finetuned_disk,10,1,9,420.83,40.51,40.51
965,4493.00,29.73338914,116.06025759,29.73720772,116.06238921,29.73720772,116.06238921,0.5333,472.36,1,73,split_finetuned_disk,10,1,9,906.91,99.77,99.77
966,4496.00,29.73720772,116.06238921,29.73720772,116.06238921,29.73720772,116.06238921,0.6033,0.00,0,104,split_finetuned_disk,13,1,8,675.50,48.17,48.17
967,4499.00,29.73720772,116.06238921,29.73720772,116.06238921,29.73720772,116.06238921,0.6033,0.00,0,104,split_finetuned_disk,13,1,9,742.45,61.26,61.26
968,4503.00,29.73878973,116.05537624,29.73720772,116.06238921,29.73720772,116.06238921,0.5333,700.15,1,116,split_finetuned_disk,10,1,-1,577.35,178.19,178.19
969,4506.00,29.73720772,116.06238921,29.73720772,116.06238921,29.73720772,116.06238921,0.6033,0.00,0,104,split_finetuned_disk,13,1,5,881.79,38.08,38.08
970,4509.00,29.74792769,116.04802417,29.73720772,116.06238921,29.73720772,116.06238921,0.5800,1830.51,1,202,split_finetuned_disk,12,1,2,1155.06,100.46,100.46
971,4512.00,29.74483879,116.05917676,29.73720772,116.06238921,29.73720772,116.06238921,0.4867,904.43,1,177,split_finetuned_disk,8,1,1,47.71,47.71,47.71
972,4515.00,29.74792769,116.04802417,29.73720772,116.06238921,29.73720772,116.06238921,0.5800,1830.51,1,202,split_finetuned_disk,12,1,-1,1095.65,169.35,169.35
973,4518.00,29.72701206,116.05155804,29.73720772,116.06238921,29.73720772,116.06238921,0.5333,1543.87,1,24,split_finetuned_disk,10,1,-1,2220.42,1409.07,1409.07
974,4521.00,29.72701206,116.05155804,29.73720772,116.06238921,29.73720772,116.06238921,0.5333,1543.87,1,24,split_finetuned_disk,10,1,-1,2295.17,411.41,411.41
975,4524.00,29.73855366,116.04098648,29.73720772,116.06238921,29.73720772,116.06238921,0.5100,2073.51,1,109,split_finetuned_disk,9,1,-1,1963.36,380.66,380.66
976,4527.00,29.73580202,116.03854580,29.73720772,116.06238921,29.73720772,116.06238921,0.5333,2309.23,1,93,split_finetuned_disk,10,1,-1,2286.70,364.27,364.27
977,4530.00,29.72810047,116.04456447,29.73720772,116.06238921,29.73720772,116.06238921,0.5800,1998.58,1,35,split_finetuned_disk,12,1,-1,2660.54,364.17,364.17
978,4533.00,29.72810047,116.04456447,29.73720772,116.06238921,29.73720772,116.06238921,0.5800,1998.58,1,35,split_finetuned_disk,12,1,-1,2735.89,2368.41,2368.41
979,4536.00,29.73154959,116.03443091,29.73720772,116.06238921,29.73154959,116.03443091,0.5100,2773.99,1,46,split_finetuned_disk,9,1,-1,3142.02,362.17,362.17
980,4539.00,29.72719448,116.05446848,29.73154959,116.03443091,29.73154959,116.03443091,0.4867,1995.95,1,25,split_finetuned_disk,8,1,-1,2718.92,285.95,285.95
981,4542.00,29.74562212,116.04897606,29.73154959,116.03443091,29.73154959,116.03443091,0.5333,2104.61,1,172,split_finetuned_disk,10,1,-1,1287.18,166.67,166.67
982,4545.00,29.74631349,116.04206199,29.73154959,116.03443091,29.73154959,116.03443091,0.5333,1801.35,1,184,split_finetuned_disk,10,1,8,1758.21,54.56,54.56
983,4548.00,29.74867883,116.04018997,29.73154959,116.03443091,29.73154959,116.03443091,0.5333,1986.37,1,198,split_finetuned_disk,10,1,6,1909.26,91.05,91.05
984,4551.00,29.74867883,116.04018997,29.73154959,116.03443091,29.73154959,116.03443091,0.5333,1986.37,1,198,split_finetuned_disk,10,1,-1,1931.82,162.20,162.20
985,4553.00,29.78432156,116.03433905,29.73154959,116.03443091,29.73154959,116.03443091,0.5333,5874.58,1,495,split_finetuned_disk,10,1,2,4124.54,82.28,82.28
986,4556.00,29.81639249,116.04686212,29.73154959,116.03443091,29.73154959,116.03443091,0.6033,9520.79,1,772,split_finetuned_disk,13,1,3,6916.21,53.57,53.57
987,4559.00,29.78039566,116.04895133,29.73154959,116.03443091,29.73154959,116.03443091,0.5100,5615.65,1,472,split_finetuned_disk,9,1,-1,2948.66,1946.12,1946.12
988,4562.00,29.77179885,116.03410417,29.73154959,116.03443091,29.73154959,116.03443091,0.4867,4480.66,1,390,split_finetuned_disk,8,1,-1,2961.84,181.71,181.71
989,4565.00,29.77581059,116.04745551,29.73154959,116.03443091,29.77581059,116.04745551,0.5567,5085.33,1,427,split_finetuned_disk,11,1,-1,2256.92,162.18,162.18
990,4568.00,29.76670333,116.04415120,29.77581059,116.04745551,29.77581059,116.04745551,0.5800,1062.91,1,364,split_finetuned_disk,12,1,-1,1987.70,1244.28,1244.28
991,4571.00,29.75904008,116.05743369,29.77581059,116.04745551,29.77581059,116.04745551,0.5333,2101.17,1,297,split_finetuned_disk,10,1,1,61.36,61.36,61.36
992,4574.00,29.75904008,116.05743369,29.77581059,116.04745551,29.77581059,116.04745551,0.5333,2101.17,1,297,split_finetuned_disk,10,1,1,48.09,48.09,48.09
993,4577.00,29.76596903,116.03705169,29.77581059,116.04745551,29.77581059,116.04745551,0.4867,1486.90,1,346,split_finetuned_disk,8,1,-1,2342.54,693.46,693.46
994,4580.00,29.75946930,116.03363440,29.77581059,116.04745551,29.77581059,116.04745551,0.5100,2256.71,1,285,split_finetuned_disk,9,1,-1,2445.79,604.56,604.56
995,4583.00,29.76359907,116.03349842,29.77581059,116.04745551,29.77581059,116.04745551,0.5333,1914.88,1,315,split_finetuned_disk,10,1,-1,2441.09,1040.54,1040.54
996,4586.00,29.76359907,116.03349842,29.77581059,116.04745551,29.77581059,116.04745551,0.5333,1914.88,1,315,split_finetuned_disk,10,1,-1,2438.33,222.56,222.56
997,4589.00,29.76359907,116.03349842,29.77581059,116.04745551,29.77581059,116.04745551,0.5333,1914.88,1,315,split_finetuned_disk,10,1,-1,2438.06,1214.32,1214.32
998,4592.00,29.76670333,116.04415120,29.77581059,116.04745551,29.77581059,116.04745551,0.5800,1062.91,1,364,split_finetuned_disk,12,1,-1,1710.08,1710.08,1710.08
999,4595.00,29.76670333,116.04415120,29.77581059,116.04745551,29.76670333,116.04415120,0.5800,1062.91,1,364,split_finetuned_disk,12,1,-1,1689.32,268.29,268.29
1000,4598.00,29.76670333,116.04415120,29.76670333,116.04415120,29.76670333,116.04415120,0.5800,0.00,0,364,split_finetuned_disk,12,1,-1,1671.94,211.51,211.51
1001,4601.00,29.76670333,116.04415120,29.76670333,116.04415120,29.76670333,116.04415120,0.5800,0.00,0,364,split_finetuned_disk,12,1,-1,1658.05,1658.05,1658.05
1002,4604.00,29.76670333,116.04415120,29.76670333,116.04415120,29.76670333,116.04415120,0.5800,0.00,0,364,split_finetuned_disk,12,1,-1,1646.55,165.10,165.10
1003,4607.00,29.76670333,116.04415120,29.76670333,116.04415120,29.76670333,116.04415120,0.5800,0.00,0,364,split_finetuned_disk,12,1,-1,1640.39,1417.64,1417.64
1004,4610.00,29.76670333,116.04415120,29.76670333,116.04415120,29.76670333,116.04415120,0.5800,0.00,0,364,split_finetuned_disk,12,1,-1,1637.92,1637.92,1637.92
1005,4614.00,29.76670333,116.04415120,29.76670333,116.04415120,29.76670333,116.04415120,0.5800,0.00,0,364,split_finetuned_disk,12,1,-1,1639.15,1639.15,1639.15
1006,4617.00,29.76670333,116.04415120,29.76670333,116.04415120,29.76670333,116.04415120,0.5800,0.00,0,364,split_finetuned_disk,12,1,-1,1644.09,1644.09,1644.09
1007,4620.00,29.76670333,116.04415120,29.76670333,116.04415120,29.76670333,116.04415120,0.5800,0.00,0,364,split_finetuned_disk,12,1,-1,1652.68,1238.04,1238.04
1008,4623.00,29.76670333,116.04415120,29.76670333,116.04415120,29.76670333,116.04415120,0.5800,0.00,0,364,split_finetuned_disk,12,1,-1,1664.88,1241.80,1241.80
1009,4626.00,29.76670333,116.04415120,29.76670333,116.04415120,29.76670333,116.04415120,0.5800,0.00,0,364,split_finetuned_disk,12,1,-1,1680.61,598.98,598.98
1010,4629.00,29.76670333,116.04415120,29.76670333,116.04415120,29.76670333,116.04415120,0.5800,0.00,0,364,split_finetuned_disk,12,1,-1,1702.78,1266.06,1266.06
1011,4632.00,29.76670333,116.04415120,29.76670333,116.04415120,29.76670333,116.04415120,0.5800,0.00,0,364,split_finetuned_disk,12,1,-1,1725.72,1284.67,1284.67
1012,4635.00,29.76670333,116.04415120,29.76670333,116.04415120,29.76670333,116.04415120,0.5800,0.00,0,364,split_finetuned_disk,12,1,-1,1751.83,822.39,822.39
1013,4638.00,29.76670333,116.04415120,29.76670333,116.04415120,29.76670333,116.04415120,0.5800,0.00,0,364,split_finetuned_disk,12,1,-1,1780.97,1334.83,1334.83
1014,4641.00,29.76670333,116.04415120,29.76670333,116.04415120,29.76670333,116.04415120,0.5800,0.00,0,364,split_finetuned_disk,12,1,-1,1812.99,1365.90,1365.90
1015,4644.00,29.76670333,116.04415120,29.76670333,116.04415120,29.76670333,116.04415120,0.5800,0.00,0,364,split_finetuned_disk,12,1,-1,1847.74,1400.62,1400.62
1016,4647.00,29.76670333,116.04415120,29.76670333,116.04415120,29.76670333,116.04415120,0.5800,0.00,0,364,split_finetuned_disk,12,1,-1,1885.08,1144.76,1144.76
1017,4650.00,29.76670333,116.04415120,29.76670333,116.04415120,29.76670333,116.04415120,0.5800,0.00,0,364,split_finetuned_disk,12,1,-1,1930.71,1232.98,1232.98
1018,4653.00,29.76670333,116.04415120,29.76670333,116.04415120,29.76670333,116.04415120,0.5800,0.00,0,364,split_finetuned_disk,12,1,-1,1973.08,1300.75,1300.75
1019,4656.00,29.76670333,116.04415120,29.76670333,116.04415120,29.76670333,116.04415120,0.5800,0.00,0,364,split_finetuned_disk,12,1,-1,2017.57,1378.64,1378.64
1020,4659.00,29.76703136,116.05813833,29.76670333,116.04415120,29.76670333,116.04415120,0.4867,1352.03,1,357,split_finetuned_disk,8,1,-1,1456.54,1456.54,1456.54
1021,4662.00,29.76703136,116.05813833,29.76670333,116.04415120,29.76670333,116.04415120,0.4867,1352.03,1,357,split_finetuned_disk,8,1,-1,1534.44,1158.65,1158.65
1022,4665.00,29.75799459,116.04091230,29.76670333,116.04415120,29.76670333,116.04415120,0.5567,1018.72,1,274,split_finetuned_disk,11,1,-1,3082.95,1612.34,1612.34
1023,4668.00,29.76670333,116.04415120,29.76670333,116.04415120,29.76670333,116.04415120,0.5800,0.00,0,364,split_finetuned_disk,12,1,-1,2214.09,1697.58,1697.58
1024,4671.00,29.75946930,116.03363440,29.76670333,116.04415120,29.76670333,116.04415120,0.5100,1296.60,1,285,split_finetuned_disk,9,1,-1,3540.69,1768.15,1768.15
1025,4674.00,29.76670333,116.04415120,29.76670333,116.04415120,29.76670333,116.04415120,0.5800,0.00,0,364,split_finetuned_disk,12,1,-1,2329.72,2329.72,2329.72
1026,4678.00,29.76024190,116.06180819,29.76670333,116.04415120,29.76670333,116.04415120,0.4867,1851.57,1,299,split_finetuned_disk,8,1,-1,2758.60,1679.26,1679.26
1027,4681.00,29.75705030,116.06262409,29.76670333,116.04415120,29.76670333,116.04415120,0.5567,2083.48,1,284,split_finetuned_disk,11,1,-1,3034.33,2758.38,2758.38
1028,4684.00,29.74959555,116.03918863,29.76670333,116.04415120,29.76670333,116.04415120,0.4867,1963.88,1,213,split_finetuned_disk,8,1,-1,4302.82,1085.78,1085.78
1029,4687.00,29.78109315,116.03997981,29.76670333,116.04415120,29.76670333,116.04415120,0.5800,1651.81,1,468,split_finetuned_disk,12,1,-1,1923.78,854.64,854.64
1030,4690.00,29.78109315,116.03997981,29.76670333,116.04415120,29.76670333,116.04415120,0.5800,1651.81,1,468,split_finetuned_disk,12,1,-1,1948.23,873.35,873.35
1031,4694.00,29.80820344,116.06151150,29.76670333,116.04415120,29.76670333,116.04415120,0.5333,4914.92,1,704,split_finetuned_disk,10,1,-1,2304.29,1268.19,1268.19
1032,4697.00,29.77780036,116.04014052,29.76670333,116.04415120,29.76670333,116.04415120,0.4867,1294.68,1,438,split_finetuned_disk,8,1,-1,2196.18,1752.71,1752.71
1033,4701.00,29.77458730,116.03738547,29.76670333,116.04415120,29.76670333,116.04415120,0.5800,1094.37,1,421,split_finetuned_disk,12,1,-1,2689.26,1368.07,1368.07
1034,4704.00,29.73580202,116.03854580,29.76670333,116.04415120,29.76670333,116.04415120,0.5333,3482.31,1,93,split_finetuned_disk,10,1,-1,6245.77,1420.07,1420.07
1035,4708.00,29.73580202,116.03854580,29.76670333,116.04415120,29.73580202,116.03854580,0.5333,3482.31,1,93,split_finetuned_disk,10,1,-1,6320.29,3864.18,3864.18
1036,4711.00,29.79369097,116.05616742,29.73580202,116.03854580,29.73580202,116.03854580,0.5567,6665.36,1,581,split_finetuned_disk,11,1,6,363.53,83.93,83.93
1037,4714.00,29.73580202,116.03854580,29.73580202,116.03854580,29.73580202,116.03854580,0.5333,0.00,0,93,split_finetuned_disk,10,1,6,6469.56,37.99,37.99
1038,4717.00,29.75164971,116.05241103,29.73580202,116.03854580,29.73580202,116.03854580,0.5800,2215.23,1,234,split_finetuned_disk,12,1,5,4526.12,89.36,89.36
1039,4720.00,29.75164971,116.05241103,29.73580202,116.03854580,29.73580202,116.03854580,0.5800,2215.23,1,234,split_finetuned_disk,12,1,-1,4603.28,1838.33,1838.33
1040,4723.00,29.74173915,116.05295497,29.73580202,116.03854580,29.73580202,116.03854580,0.5100,1541.22,1,144,split_finetuned_disk,9,1,-1,5871.54,2019.40,2019.40
1041,4726.00,29.73580202,116.03854580,29.73580202,116.03854580,29.73580202,116.03854580,0.5333,0.00,0,93,split_finetuned_disk,10,1,3,6779.71,83.26,83.26
1042,4729.00,29.77572474,116.03381984,29.73580202,116.03854580,29.73580202,116.03854580,0.5567,4467.60,1,420,split_finetuned_disk,11,1,3,3286.31,38.06,38.06
1043,4732.00,29.79495106,116.05878117,29.73580202,116.03854580,29.73580202,116.03854580,0.5100,6868.65,1,597,split_finetuned_disk,9,1,1,90.04,90.04,90.04
1044,4736.00,29.80175736,116.05915736,29.73580202,116.03854580,29.73580202,116.03854580,0.5333,7607.48,1,643,split_finetuned_disk,10,1,2,469.28,55.36,55.36
1045,4739.00,29.80175736,116.05915736,29.73580202,116.03854580,29.73580202,116.03854580,0.5333,7607.48,1,643,split_finetuned_disk,10,1,2,397.07,53.32,53.32
1046,4742.00,29.80265262,116.06067791,29.73580202,116.03854580,29.73580202,116.03854580,0.6267,7743.00,1,658,split_finetuned_disk,14,1,4,510.94,92.63,92.63
1047,4745.00,29.80238435,116.05192891,29.73580202,116.03854580,29.73580202,116.03854580,0.5333,7523.91,1,654,split_finetuned_disk,10,1,-1,756.44,210.05,210.05
1048,4748.00,29.79113859,116.03275669,29.73580202,116.03854580,29.73580202,116.03854580,0.5800,6185.41,1,540,split_finetuned_disk,12,1,3,2662.88,134.14,134.14
1049,4751.00,29.81639249,116.04686212,29.73580202,116.03854580,29.73580202,116.03854580,0.6033,9007.25,1,772,split_finetuned_disk,13,1,-1,2112.20,2112.20,2112.20
1050,4754.00,29.79820093,116.03915155,29.73580202,116.03854580,29.73580202,116.03854580,0.6033,6946.49,1,618,split_finetuned_disk,13,1,4,1853.25,53.86,53.86
1051,4757.00,29.79820093,116.03915155,29.73580202,116.03854580,29.79820093,116.03915155,0.6033,6946.49,1,618,split_finetuned_disk,13,1,-1,1864.87,453.03,453.03
1052,4760.00,29.81639249,116.04686212,29.79820093,116.03915155,29.79820093,116.03915155,0.6033,2157.79,1,772,split_finetuned_disk,13,1,-1,1912.05,1425.84,1425.84
1053,4763.00,29.80265262,116.06067791,29.79820093,116.03915155,29.79820093,116.03915155,0.6267,2138.25,1,658,split_finetuned_disk,14,1,7,177.43,133.42,133.42
1054,4767.00,29.80265262,116.06067791,29.79820093,116.03915155,29.79820093,116.03915155,0.6267,2138.25,1,658,split_finetuned_disk,14,1,-1,220.87,220.87,220.87
1055,4770.00,29.80265262,116.06067791,29.79820093,116.03915155,29.79820093,116.03915155,0.6267,2138.25,1,658,split_finetuned_disk,14,1,4,279.70,47.05,47.05
1056,4773.00,29.81343235,116.06067791,29.79820093,116.03915155,29.79820093,116.03915155,0.5567,2683.56,1,748,split_finetuned_disk,11,1,6,908.74,101.49,101.49
1057,4776.00,29.80451362,116.04313750,29.79820093,116.03915155,29.79820093,116.03915155,0.4867,801.36,1,664,split_finetuned_disk,8,1,8,1649.42,38.21,38.21
1058,4779.00,29.73340449,116.05377620,29.79820093,116.03915155,29.79820093,116.03915155,0.5567,7350.26,1,85,split_finetuned_disk,11,1,-1,8084.68,177.73,177.73
1059,4782.00,29.80755961,116.06022051,29.79820093,116.03915155,29.79820093,116.03915155,0.4867,2286.92,1,703,split_finetuned_disk,8,1,-1,169.45,169.45,169.45
1060,4785.00,29.81343235,116.06067791,29.79820093,116.03915155,29.79820093,116.03915155,0.5567,2683.56,1,748,split_finetuned_disk,11,1,-1,593.89,235.89,235.89
1061,4789.00,29.81343235,116.06067791,29.79820093,116.03915155,29.81343235,116.06067791,0.5567,2683.56,1,748,split_finetuned_disk,11,1,-1,519.36,335.22,335.22
1062,4792.00,29.81639249,116.04686212,29.81343235,116.06067791,29.81343235,116.06067791,0.6033,1375.05,1,772,split_finetuned_disk,13,1,-1,1319.92,269.67,269.67
1063,4795.00,29.81639249,116.04686212,29.81343235,116.06067791,29.81343235,116.06067791,0.6033,1375.05,1,772,split_finetuned_disk,13,1,-1,1273.25,1091.38,1091.38
1064,4798.00,29.81573331,116.03875063,29.81343235,116.06067791,29.81343235,116.06067791,0.5100,2134.20,1,752,split_finetuned_disk,9,1,-1,2089.06,262.38,262.38
1065,4802.00,29.81343235,116.06067791,29.81343235,116.06067791,29.81343235,116.06067791,0.5567,0.00,0,748,split_finetuned_disk,11,1,-1,235.34,174.73,174.73
1066,4805.00,29.81612423,116.06507181,29.81343235,116.06067791,29.81343235,116.06067791,0.4867,519.67,1,779,split_finetuned_disk,8,1,3,611.43,100.10,100.10
1067,4808.00,29.81343235,116.06067791,29.81343235,116.06067791,29.81343235,116.06067791,0.5567,0.00,0,748,split_finetuned_disk,11,1,-1,162.80,162.80,162.80
1068,4811.00,29.81343235,116.06067791,29.81343235,116.06067791,29.81343235,116.06067791,0.5567,0.00,0,748,split_finetuned_disk,11,1,2,174.01,73.67,73.67
1069,4814.00,29.80265262,116.06067791,29.81343235,116.06067791,29.81343235,116.06067791,0.6267,1200.00,1,658,split_finetuned_disk,14,1,3,1350.88,70.01,70.01
1070,4817.00,29.81134600,116.06292079,29.81343235,116.06067791,29.81343235,116.06067791,0.5333,317.66,1,734,split_finetuned_disk,10,1,2,553.83,42.39,42.39
