Frame,Time_Sec,Raw_Lat,Raw_Lng,Predicted_Lat,Predicted_Lng,Filtered_Lat,Filtered_Lng,Match_Confidence,Innovation_M,Outlier_Rejected,Best_Match_Idx,Algorithm,Inliers,Measurement_Valid,Correct_Candidate_Rank,Top1_Min_Dist_M,Top5_Min_Dist_M,Top10_Min_Dist_M
1,7.00,32.30466397,119.89947115,32.30460000,119.89700000,32.30460000,119.89700000,0.5800,232.57,1,404,split_finetuned_disk,12,1,-1,330.12,168.34,168.34
2,14.00,32.33655256,119.88422055,32.30460000,119.89700000,32.30460000,119.89700000,0.5100,3754.62,1,1207,split_finetuned_disk,9,1,8,3619.69,87.14,87.14
3,21.00,32.34295094,119.86270023,32.30460000,119.89700000,32.30460000,119.89700000,0.6733,5351.38,1,1331,split_finetuned_disk,16,1,9,5074.66,118.29,118.29
4,28.00,32.32263020,119.84631968,32.30460000,119.89700000,32.30460000,119.89700000,0.5567,5172.81,1,829,split_finetuned_disk,11,1,-1,4823.16,2774.66,2774.66
5,36.00,32.31441956,119.84929638,32.30460000,119.89700000,32.30460000,119.89700000,0.5800,4618.73,1,605,split_finetuned_disk,12,1,9,4252.26,82.77,82.77
6,43.00,32.35034128,119.89989012,32.30460000,119.89700000,32.30460000,119.89700000,0.5800,5099.17,1,1529,split_finetuned_disk,12,1,2,4714.71,115.29,115.29
7,50.00,32.30709851,119.88997662,32.30460000,119.89700000,32.30460000,119.89700000,0.5567,716.85,1,490,split_finetuned_disk,11,1,1,5.69,5.69,5.69
8,57.00,32.30709851,119.88997662,32.30460000,119.89700000,32.30460000,119.89700000,0.5567,716.85,1,490,split_finetuned_disk,11,1,1,109.20,109.20,109.20
9,64.00,32.30709851,119.88997662,32.30460000,119.89700000,32.30460000,119.89700000,0.5567,716.85,1,490,split_finetuned_disk,11,1,1,147.47,123.76,123.76
10,71.00,32.31484289,119.88955184,32.30460000,119.89700000,32.31484289,119.88955184,0.6033,1338.31,1,669,split_finetuned_disk,13,1,5,628.44,31.98,31.98
11,79.00,32.31744418,119.89072569,32.31484289,119.88955184,32.31484289,119.88955184,0.5800,309.92,1,715,split_finetuned_disk,12,1,5,811.00,87.99,87.99
12,86.00,32.30709851,119.88997662,32.31484289,119.88955184,32.31484289,119.88955184,0.5567,863.03,1,490,split_finetuned_disk,11,1,6,475.19,97.94,97.94
13,93.00,32.31367927,119.89361352,32.31484289,119.88955184,32.31484289,119.88955184,0.6033,403.45,1,626,split_finetuned_disk,13,1,5,712.59,83.88,83.88
14,100.00,32.31707940,119.84424441,32.31484289,119.88955184,32.31484289,119.88955184,0.5333,4269.37,1,693,split_finetuned_disk,10,1,-1,3977.44,205.78,205.78
15,108.00,32.31707940,119.84424441,32.31484289,119.88955184,32.31484289,119.88955184,0.5333,4269.37,1,693,split_finetuned_disk,10,1,5,3876.32,72.38,72.38
16,115.00,32.30153207,119.84983543,32.31484289,119.88955184,32.31484289,119.88955184,0.5100,4019.26,1,291,split_finetuned_disk,9,1,4,3413.52,90.86,90.86
17,122.00,32.33340993,119.87608451,32.31484289,119.88955184,32.31484289,119.88955184,0.5567,2424.25,1,1113,split_finetuned_disk,11,1,5,2309.87,53.13,53.13
18,130.00,32.34069298,119.86963015,32.31484289,119.88955184,32.31484289,119.88955184,0.5333,3434.07,1,1290,split_finetuned_disk,10,1,7,3178.56,58.63,58.63
19,137.00,32.34069298,119.86963015,32.31484289,119.88955184,32.31484289,119.88955184,0.5333,3434.07,1,1290,split_finetuned_disk,10,1,6,3126.78,104.45,104.45
20,144.00,32.34598629,119.87395845,32.31484289,119.88955184,32.34598629,119.87395845,0.5100,3764.44,1,1427,split_finetuned_disk,9,1,-1,3512.42,554.13,554.13
21,152.00,32.33390346,119.87384418,32.34598629,119.87395845,32.34598629,119.87395845,0.5800,1345.10,1,1112,split_finetuned_disk,12,1,6,2062.45,36.13,36.13
22,159.00,32.33390346,119.87384418,32.34598629,119.87395845,32.34598629,119.87395845,0.5800,1345.10,1,1112,split_finetuned_disk,12,1,3,1984.45,104.18,104.18
23,166.00,32.34294021,119.87715679,32.34598629,119.87395845,32.34598629,119.87395845,0.6033,453.33,1,1339,split_finetuned_disk,13,1,8,2871.35,73.98,73.98
24,174.00,32.30452450,119.86436923,32.34598629,119.87395845,32.30452450,119.86436923,0.7200,4702.85,0,387,split_finetuned_disk,18,1,7,1954.85,25.23,25.23
25,181.00,32.30452450,119.86436923,32.30278872,119.86396779,32.30452450,119.86436923,0.7200,196.88,0,387,split_finetuned_disk,18,1,2,1939.07,100.18,100.18
26,189.00,32.32158459,119.86836054,32.30452449,119.86436923,32.30452449,119.86436923,0.5333,1935.89,1,795,split_finetuned_disk,10,1,2,660.66,93.51,93.51
27,196.00,32.34317043,119.87248570,32.30452449,119.86436923,32.30452449,119.86436923,0.5567,4369.29,1,1382,split_finetuned_disk,11,1,7,2839.20,104.91,104.91
28,204.00,32.34317043,119.87248570,32.30452448,119.86436923,32.30452448,119.86436923,0.5567,4369.30,1,1382,split_finetuned_disk,11,1,8,2781.85,18.57,18.57
29,211.00,32.31533642,119.87339401,32.30452448,119.86436923,32.30452448,119.86436923,0.6500,1472.88,1,661,split_finetuned_disk,15,1,2,515.82,73.91,73.91
30,218.00,32.33697099,119.80572143,32.30452447,119.86436923,32.30452447,119.86436923,0.6500,6594.23,1,1170,split_finetuned_disk,15,1,4,6578.10,107.97,107.97
31,225.00,32.33697099,119.80572143,32.30452447,119.86436922,32.30452447,119.86436922,0.6500,6594.23,1,1170,split_finetuned_disk,15,1,5,6472.19,16.20,16.20
32,233.00,32.33340993,119.87608451,32.30452447,119.86436922,32.30452447,119.86436922,0.5567,3399.14,1,1113,split_finetuned_disk,11,1,2,1430.41,93.95,93.95
33,240.00,32.32263020,119.86970633,32.30452446,119.86436922,32.30452446,119.86436922,0.6033,2077.12,1,840,split_finetuned_disk,13,1,1,96.46,96.46,96.46
34,247.00,32.32263020,119.86970633,32.30452446,119.86436922,32.30452446,119.86436922,0.6033,2077.12,1,840,split_finetuned_disk,13,1,1,45.98,45.98,45.98
35,254.00,32.31533642,119.87339401,32.30452445,119.86436922,32.31533642,119.87339401,0.6500,1472.88,1,661,split_finetuned_disk,15,1,6,871.75,136.89,136.89
36,262.00,32.34598629,119.87395845,32.31533642,119.87339401,32.31533642,119.87339401,0.5100,3412.36,1,1427,split_finetuned_disk,9,1,-1,2576.03,820.64,820.64
37,269.00,32.30646059,119.86545421,32.31533642,119.87339401,32.31533642,119.87339401,0.5333,1238.60,1,433,split_finetuned_disk,10,1,8,1946.79,80.12,80.12
38,276.00,32.33340993,119.87608451,32.31533642,119.87339401,32.31533642,119.87339401,0.5567,2027.80,1,1113,split_finetuned_disk,11,1,7,1380.55,148.69,148.69
39,284.00,32.32158459,119.86836054,32.31533642,119.87339401,32.31533642,119.87339401,0.5333,841.42,1,795,split_finetuned_disk,10,1,-1,571.38,156.02,156.02
40,291.00,32.30315703,119.86370904,32.31533642,119.87339401,32.31533642,119.87339401,0.6267,1633.49,1,342,split_finetuned_disk,14,1,6,2524.37,91.17,91.17
41,298.00,32.30315703,119.86370904,32.31533642,119.87339401,32.31533642,119.87339401,0.6267,1633.49,1,342,split_finetuned_disk,14,1,-1,2575.90,578.59,578.59
42,306.00,32.32818100,119.84586262,32.31533642,119.87339401,32.31533642,119.87339401,0.5800,2958.39,1,964,split_finetuned_disk,12,1,-1,1578.23,1578.23,1578.23
43,313.00,32.30735109,119.88743848,32.31533642,119.87339401,32.31533642,119.87339401,0.5567,1592.39,1,443,split_finetuned_disk,11,1,2,3260.86,114.49,114.49
44,320.00,32.30735109,119.88743848,32.31533642,119.87339401,32.31533642,119.87339401,0.5567,1592.39,1,443,split_finetuned_disk,11,1,8,3300.12,94.79,94.79
45,328.00,32.32909294,119.85783870,32.31533642,119.87339401,32.32909294,119.85783870,0.5333,2118.10,1,969,split_finetuned_disk,10,1,7,381.09,20.99,20.99
46,335.00,32.31457467,119.85549681,32.32909294,119.85783870,32.32909294,119.85783870,0.5567,1631.12,1,653,split_finetuned_disk,11,1,3,1543.38,108.27,108.27
47,343.00,32.30646059,119.86545421,32.32909294,119.85783870,32.32909294,119.85783870,0.5333,2619.31,1,433,split_finetuned_disk,10,1,3,2592.32,80.10,80.10
48,350.00,32.29775643,119.86862135,32.32909294,119.85783870,32.32909294,119.85783870,0.5567,3632.86,1,209,split_finetuned_disk,11,1,-1,3687.70,202.93,202.93
49,358.00,32.29827633,119.86238864,32.32909294,119.85783870,32.32909294,119.85783870,0.5567,3457.10,1,252,split_finetuned_disk,11,1,-1,3467.95,1195.67,1195.67
50,365.00,32.31756710,119.84748084,32.32909294,119.85783870,32.32909294,119.85783870,0.6033,1611.10,1,740,split_finetuned_disk,13,1,-1,1527.49,1432.25,1432.25
51,372.00,32.31756710,119.84748084,32.32909294,119.85783870,32.32909294,119.85783870,0.6033,1611.10,1,740,split_finetuned_disk,13,1,-1,1529.15,1529.15,1529.15
52,379.00,32.32880327,119.82038801,32.32909294,119.85783870,32.32909294,119.85783870,0.5333,3523.16,1,952,split_finetuned_disk,10,1,9,3242.55,19.17,19.17
53,386.00,32.32880327,119.82038801,32.32909294,119.85783870,32.32909294,119.85783870,0.5333,3523.16,1,952,split_finetuned_disk,10,1,7,3158.63,108.86,108.86
54,394.00,32.33799023,119.81736741,32.32909294,119.85783870,32.32909294,119.85783870,0.5567,3933.89,1,1175,split_finetuned_disk,11,1,4,3554.92,110.69,110.69
55,401.00,32.33243361,119.81625015,32.32909294,119.85783870,32.33243361,119.81625015,0.5333,3929.90,1,1085,split_finetuned_disk,10,1,2,3428.44,30.95,30.95
56,408.00,32.33243361,119.81625015,32.33243361,119.81625015,32.33243361,119.81625015,0.5333,0.00,0,1085,split_finetuned_disk,10,1,3,3334.63,78.71,78.71
57,416.00,32.33611850,119.83832329,32.33243361,119.81625015,32.33243361,119.81625015,0.6733,2116.57,1,1140,split_finetuned_disk,16,1,6,1244.38,108.66,108.66
58,423.00,32.35275435,119.83023803,32.33243361,119.81625015,32.33243361,119.81625015,0.6033,2616.98,1,1586,split_finetuned_disk,13,1,8,2815.21,63.70,63.70
59,431.00,32.33611850,119.83832329,32.33243361,119.81625015,32.33243361,119.81625015,0.6733,2116.57,1,1140,split_finetuned_disk,16,1,9,1146.41,57.94,57.94
60,438.00,32.33804878,119.88833302,32.33243361,119.81625015,32.33243361,119.81625015,0.5100,6809.64,1,1254,split_finetuned_disk,9,1,3,3761.74,93.15,93.15
61,445.00,32.31724033,119.83781545,32.33243361,119.81625015,32.33243361,119.81625015,0.4867,2641.22,1,690,split_finetuned_disk,8,1,-1,2338.15,1411.46,1411.46
62,452.00,32.33792003,119.84642125,32.33243361,119.81625015,32.33243361,119.81625015,0.4867,2903.19,1,1234,split_finetuned_disk,8,1,2,220.96,65.02,65.02
63,459.00,32.33792003,119.84642125,32.33243361,119.81625015,32.33243361,119.81625015,0.4867,2903.19,1,1234,split_finetuned_disk,8,1,2,158.70,53.44,53.44
64,467.00,32.32345631,119.80480731,32.33243361,119.81625015,32.32346181,119.80481432,0.7667,1468.82,0,810,split_finetuned_disk,20,1,-1,4140.02,290.59,290.59
65,474.00,32.34239304,119.84631968,32.32226743,119.80329191,32.32226743,119.80329191,0.5567,4626.32,1,1324,split_finetuned_disk,11,1,4,450.80,82.87,82.87
66,481.00,32.32818100,119.84586262,32.32107304,119.80176950,32.32107304,119.80176950,0.5800,4222.67,1,964,split_finetuned_disk,12,1,9,1241.61,28.78,28.78
67,488.00,32.33937333,119.84002349,32.31987866,119.80024709,32.31987866,119.80024709,0.6500,4325.57,1,1277,split_finetuned_disk,15,1,9,150.30,117.34,117.34
68,495.00,32.33937333,119.84002349,32.31868428,119.79872468,32.31868428,119.79872468,0.6500,4516.37,1,1277,split_finetuned_disk,15,1,1,66.70,66.70,66.70
69,502.00,32.35326934,119.89926802,32.31748989,119.79720227,32.31748989,119.79720227,0.5567,10394.76,1,1619,split_finetuned_disk,11,1,-1,5584.58,2406.36,2406.36
70,509.00,32.29568086,119.88246268,32.31629551,119.79567986,32.31629551,119.79567986,0.5567,8480.13,1,171,split_finetuned_disk,11,1,-1,6385.69,2501.06,2501.06
71,516.00,32.35432567,119.86529497,32.31510112,119.79415744,32.31510112,119.79415744,0.5800,7990.52,1,1649,split_finetuned_disk,12,1,7,2991.05,88.45,88.45
72,523.00,32.32880327,119.82038801,32.31390674,119.79263503,32.31390674,119.79263503,0.5333,3092.88,1,952,split_finetuned_disk,10,1,6,2320.71,94.38,94.38
73,530.00,32.34239304,119.83781545,32.31271235,119.79111262,32.31271235,119.79111262,0.5800,5497.13,1,1320,split_finetuned_disk,12,1,1,38.33,38.33,38.33
74,537.00,32.33624143,119.82736290,32.31151797,119.78959021,32.33624143,119.82736290,0.5333,4494.52,1,1180,split_finetuned_disk,10,1,9,1229.18,111.53,111.53
75,544.00,32.33575372,119.83265610,32.33624143,119.82736290,32.33624143,119.82736290,0.5567,500.89,1,1137,split_finetuned_disk,11,1,8,1080.64,94.10,94.10
76,552.00,32.34294021,119.83556243,32.33624143,119.82736290,32.33624143,119.82736290,0.6267,1072.87,1,1319,split_finetuned_disk,14,1,-1,203.26,203.26,203.26
77,559.00,32.35456170,119.86591127,32.33624143,119.82736290,32.33624143,119.82736290,0.5333,4160.42,1,1648,split_finetuned_disk,10,1,-1,3084.52,531.07,531.07
78,567.00,32.34691969,119.82409419,32.33624143,119.82736290,32.33624143,119.82736290,0.5333,1227.83,1,1404,split_finetuned_disk,10,1,10,845.62,119.74,119.74
79,574.00,32.35408964,119.82499561,32.33624143,119.82736290,32.33624143,119.82736290,0.6967,1999.30,1,1629,split_finetuned_disk,17,1,-1,1322.62,484.91,484.91
80,581.00,32.33142019,119.82627103,32.33624143,119.82736290,32.33624143,119.82736290,0.5567,546.44,1,1045,split_finetuned_disk,11,1,-1,1724.00,444.17,444.17
81,588.00,32.33340993,119.80805062,32.33624143,119.82736290,32.33624143,119.82736290,0.5800,1843.86,1,1081,split_finetuned_disk,12,1,-1,2701.40,1286.19,1286.19
82,595.00,32.33575372,119.83265610,32.33624143,119.82736290,32.33624143,119.82736290,0.5567,500.89,1,1137,split_finetuned_disk,11,1,-1,1358.00,1056.10,1056.10
83,603.00,32.35128541,119.82768611,32.33624143,119.82736290,32.35128327,119.82768607,0.7433,1674.97,0,1496,split_finetuned_disk,19,1,6,197.87,66.09,66.09
84,610.00,32.32622344,119.82293304,32.35232876,119.82770853,32.35232876,119.82770853,0.5800,2940.56,1,908,split_finetuned_disk,12,1,5,2556.64,94.43,94.43
85,617.00,32.35606374,119.85201227,32.35337425,119.82773099,32.35337425,119.82773099,0.5333,2303.70,1,1642,split_finetuned_disk,10,1,-1,2329.41,2099.63,2099.63
86,625.00,32.35128541,119.82768611,32.35456910,119.82775666,32.35131075,119.82768666,0.7433,365.60,0,1496,split_finetuned_disk,19,1,1,124.96,124.96,124.96
87,632.00,32.33611850,119.83832329,32.35125657,119.82768549,32.35125657,119.82768549,0.6733,1959.90,1,1140,split_finetuned_disk,16,1,-1,1926.28,760.47,760.47
88,639.00,32.33611850,119.83832329,32.35120238,119.82768433,32.35120238,119.82768433,0.6733,1954.77,1,1140,split_finetuned_disk,16,1,-1,2033.17,1430.47,1430.47
89,647.00,32.34294021,119.83556243,32.35114046,119.82768300,32.35114046,119.82768300,0.6267,1175.89,1,1319,split_finetuned_disk,14,1,-1,1322.43,257.56,257.56
90,654.00,32.33624143,119.82736290,32.35108627,119.82768183,32.35108627,119.82768183,0.5333,1652.80,1,1180,split_finetuned_disk,10,1,-1,1626.83,622.92,622.92
91,661.00,32.33624143,119.82736290,32.35103209,119.82768067,32.35103209,119.82768067,0.5333,1646.77,1,1180,split_finetuned_disk,10,1,-1,1696.12,164.23,164.23
92,668.00,32.35128541,119.82768611,32.35097790,119.82767951,32.35128418,119.82768609,0.7433,34.24,0,1496,split_finetuned_disk,19,1,7,676.89,75.16,75.16
93,676.00,32.35128541,119.82768611,32.35129567,119.82768633,32.35128658,119.82768614,0.7433,1.14,0,1496,split_finetuned_disk,19,1,7,791.59,88.14,88.14
94,683.00,32.35284018,119.81472662,32.35128998,119.82768621,32.35128998,119.82768621,0.6733,1231.27,1,1580,split_finetuned_disk,16,1,6,514.43,121.89,121.89
95,690.00,32.35284018,119.81472662,32.35129339,119.82768628,32.35129339,119.82768628,0.6733,1231.23,1,1580,split_finetuned_disk,16,1,-1,430.71,430.71,430.71
96,736.00,32.33407512,119.83521963,32.35131576,119.82768676,32.35131576,119.82768676,0.5567,2045.87,1,1094,split_finetuned_disk,11,1,3,2642.14,128.66,128.66
97,739.00,32.35128541,119.82768611,32.35131722,119.82768680,32.35128548,119.82768611,0.7433,3.54,0,1496,split_finetuned_disk,19,1,4,916.42,142.20,142.20
98,743.00,32.33273401,119.83072629,32.35128522,119.82768611,32.35128522,119.82768611,0.5100,2084.83,1,1092,split_finetuned_disk,9,1,-1,2240.39,713.97,713.97
99,747.00,32.34294021,119.83556243,32.35128497,119.82768610,32.35128497,119.82768610,0.6267,1188.24,1,1319,split_finetuned_disk,14,1,-1,1605.10,1040.20,1040.20
100,751.00,32.34294021,119.83556243,32.35128471,119.82768610,32.35128471,119.82768610,0.6267,1188.21,1,1319,split_finetuned_disk,14,1,-1,1572.51,514.85,514.85
101,755.00,32.35128541,119.82768611,32.35128446,119.82768609,32.35128538,119.82768611,0.7433,0.11,0,1496,split_finetuned_disk,19,1,-1,594.77,313.21,313.21
102,759.00,32.35128541,119.82768611,32.35128540,119.82768611,32.35128541,119.82768611,0.7433,0.00,0,1496,split_finetuned_disk,19,1,5,500.03,101.61,101.61
103,762.00,32.35128541,119.82768611,32.35128543,119.82768611,32.35128542,119.82768611,0.7433,0.00,0,1496,split_finetuned_disk,19,1,2,412.55,124.48,124.48
104,766.00,32.35128541,119.82768611,32.35128543,119.82768611,32.35128542,119.82768611,0.7433,0.00,0,1496,split_finetuned_disk,19,1,3,342.51,105.58,105.58
105,770.00,32.34692460,119.82392914,32.35128542,119.82768611,32.35128542,119.82768611,0.5567,600.47,1,1449,split_finetuned_disk,11,1,1,88.53,88.53,88.53
106,774.00,32.35275435,119.83023803,32.35128543,119.82768611,32.35128543,119.82768611,0.6033,290.46,1,1586,split_finetuned_disk,13,1,10,688.96,56.51,56.51
107,778.00,32.34294021,119.83556243,32.35128544,119.82768611,32.35128544,119.82768611,0.6267,1188.28,1,1319,split_finetuned_disk,14,1,7,874.01,118.66,118.66
108,781.00,32.34294021,119.83556243,32.35128544,119.82768611,32.35128544,119.82768611,0.6267,1188.28,1,1319,split_finetuned_disk,14,1,10,764.95,45.57,45.57
109,785.00,32.33196736,119.83879886,32.35128545,119.82768611,32.35128545,119.82768611,0.6033,2391.12,1,1051,split_finetuned_disk,13,1,8,1835.40,68.03,68.03
110,789.00,32.35128541,119.82768611,32.35128546,119.82768611,32.35128541,119.82768611,0.7433,0.00,0,1496,split_finetuned_disk,19,1,7,480.78,100.17,100.17
111,793.00,32.34053205,119.82425924,32.35128541,119.82768611,32.35128541,119.82768611,0.5567,1239.71,1,1269,split_finetuned_disk,11,1,2,721.81,70.14,70.14
112,796.00,32.34691969,119.82409419,32.35128541,119.82768611,32.35128541,119.82768611,0.5333,591.91,1,1404,split_finetuned_disk,10,1,6,682.54,147.07,147.07
113,800.00,32.33611850,119.83832329,32.35128541,119.82768611,32.35128541,119.82768611,0.6733,1962.63,1,1140,split_finetuned_disk,16,1,-1,1048.41,428.22,428.22
114,804.00,32.35275435,119.83023803,32.35128540,119.82768611,32.35128540,119.82768611,0.6033,290.46,1,1586,split_finetuned_disk,13,1,-1,1173.77,481.62,481.62
115,808.00,32.35275435,119.83023803,32.35128540,119.82768611,32.35128540,119.82768611,0.6033,290.46,1,1586,split_finetuned_disk,13,1,4,1256.90,47.10,47.10
116,812.00,32.34294021,119.83556243,32.35128540,119.82768611,32.35128540,119.82768611,0.6267,1188.27,1,1319,split_finetuned_disk,14,1,1,72.59,72.59,72.59
117,815.00,32.34294021,119.83556243,32.35128540,119.82768611,32.35128540,119.82768611,0.6267,1188.27,1,1319,split_finetuned_disk,14,1,1,92.99,92.99,92.99
118,819.00,32.33624143,119.82736290,32.35128540,119.82768611,32.35128540,119.82768611,0.5333,1674.97,1,1180,split_finetuned_disk,10,1,5,1029.78,95.01,95.01
119,823.00,32.34239304,119.83781545,32.35128539,119.82768611,32.35128539,119.82768611,0.5800,1374.00,1,1320,split_finetuned_disk,12,1,5,200.36,17.37,17.37
120,827.00,32.33378544,119.83370299,32.35128539,119.82768611,32.33378544,119.83370299,0.5567,2028.66,1,1093,split_finetuned_disk,11,1,4,844.02,68.63,68.63
121,830.00,32.32622344,119.82293304,32.33378544,119.83370299,32.33378544,119.83370299,0.5800,1317.22,1,908,split_finetuned_disk,12,1,8,2113.94,117.98,117.98
122,834.00,32.32622344,119.82293304,32.33378544,119.83370299,32.33378544,119.83370299,0.5800,1317.22,1,908,split_finetuned_disk,12,1,7,2144.89,22.96,22.96
123,838.00,32.32318809,119.90008057,32.33378544,119.83370299,32.33378544,119.83370299,0.6500,6354.65,1,854,split_finetuned_disk,15,1,8,5777.17,105.02,105.02
124,842.00,32.32696373,119.80596265,32.33378544,119.83370299,32.33378544,119.83370299,0.6033,2717.80,1,900,split_finetuned_disk,13,1,-1,3634.06,2425.00,2425.00
125,845.00,32.33067499,119.84992430,32.33378544,119.83370299,32.33378544,119.83370299,0.5100,1564.74,1,1011,split_finetuned_disk,9,1,9,1167.41,44.63,44.63
126,849.00,32.32727977,119.85799687,32.33378544,119.83370299,32.33378544,119.83370299,0.5100,2397.35,1,970,split_finetuned_disk,9,1,-1,1806.70,1062.59,1062.59
127,853.00,32.32369235,119.81137012,32.33378544,119.83370299,32.33378544,119.83370299,0.5567,2382.45,1,812,split_finetuned_disk,11,1,6,3531.77,69.57,69.57
128,857.00,32.30825722,119.83781545,32.33378544,119.83370299,32.33378544,119.83370299,0.5333,2868.01,1,465,split_finetuned_disk,10,1,-1,3139.67,472.20,472.20
129,861.00,32.30825722,119.83781545,32.33378544,119.83370299,32.33378544,119.83370299,0.5333,2868.01,1,465,split_finetuned_disk,10,1,4,3107.30,31.82,31.82
130,865.00,32.32263020,119.84631968,32.33378544,119.83370299,32.32263020,119.84631968,0.5567,1717.76,1,829,split_finetuned_disk,11,1,2,1355.08,54.34,54.34
131,868.00,32.33312025,119.84579914,32.32263020,119.84631968,32.32263020,119.84631968,0.5800,1168.78,1,1099,split_finetuned_disk,12,1,1,117.95,117.95,117.95
132,872.00,32.31756710,119.84748084,32.32263020,119.84631968,32.32263020,119.84631968,0.6033,574.11,1,740,split_finetuned_disk,13,1,4,1643.96,60.36,60.36
133,876.00,32.30646059,119.88033662,32.32263020,119.84631968,32.32263020,119.84631968,0.5800,3671.51,1,440,split_finetuned_disk,12,1,2,4197.21,53.56,53.56
134,880.00,32.33269692,119.85017822,32.32263020,119.84631968,32.32263020,119.84631968,0.5100,1177.95,1,1056,split_finetuned_disk,9,1,1,132.39,132.39,132.39
135,884.00,32.33475594,119.86704703,32.32263020,119.84631968,32.32263020,119.84631968,0.5333,2371.48,1,1154,split_finetuned_disk,10,1,2,1687.32,84.61,84.61
136,887.00,32.34295094,119.86270023,32.32263020,119.84631968,32.32263020,119.84631968,0.6733,2737.08,1,1331,split_finetuned_disk,16,1,8,1529.05,41.42,41.42
137,891.00,32.35128541,119.82768611,32.32263020,119.84631968,32.35127949,119.82768997,0.7433,3639.78,0,1496,split_finetuned_disk,19,1,5,2956.62,80.17,80.17
138,895.00,32.35128541,119.82768611,32.35285823,119.82666336,32.35149951,119.82754689,0.7433,199.78,0,1496,split_finetuned_disk,19,1,-1,3063.15,2134.67,2134.67
139,899.00,32.33378544,119.83370299,32.35195442,119.82725108,32.35195442,119.82725108,0.5567,2111.67,1,1093,split_finetuned_disk,11,1,-1,1957.48,185.44,185.44
140,902.00,32.35284018,119.81472662,32.35229560,119.82702922,32.35229560,119.82702922,0.6733,1158.90,1,1580,split_finetuned_disk,16,1,7,4392.49,81.17,81.17
141,906.00,32.32768747,119.85425259,32.35275050,119.82673340,32.35275050,119.82673340,0.5567,3806.03,1,968,split_finetuned_disk,11,1,1,121.35,81.48,81.48
142,910.00,32.31756710,119.84748084,32.35320541,119.82643759,32.35320541,119.82643759,0.6033,4433.71,1,740,split_finetuned_disk,13,1,3,1279.96,110.24,110.24
143,914.00,32.30646059,119.86545421,32.35366031,119.82614177,32.35366031,119.82614177,0.5333,6425.24,1,433,split_finetuned_disk,10,1,2,2526.22,5.21,5.21
144,917.00,32.32257655,119.81843969,32.35400149,119.82591991,32.35400149,119.82591991,0.6033,3568.29,1,816,split_finetuned_disk,13,1,3,3738.29,116.61,116.61
145,921.00,32.32768747,119.85425259,32.35445640,119.82562410,32.35445640,119.82562410,0.5567,4016.56,1,968,split_finetuned_disk,11,1,6,319.63,131.26,131.26
146,925.00,32.32768747,119.85425259,32.35491130,119.82532829,32.35491130,119.82532829,0.5567,4072.81,1,968,split_finetuned_disk,11,1,7,427.74,31.61,31.61
147,929.00,32.32768747,119.85425259,32.35536621,119.82503247,32.35536621,119.82503247,0.5567,4129.10,1,968,split_finetuned_disk,11,1,3,541.10,94.08,94.08
148,933.00,32.30735109,119.88743848,32.35582111,119.82473666,32.30735109,119.88743848,0.5567,7994.04,1,443,split_finetuned_disk,11,1,2,3208.85,93.62,93.62
149,936.00,32.32212103,119.84421213,32.30735109,119.88743848,32.30735109,119.88743848,0.5333,4386.17,1,784,split_finetuned_disk,10,1,7,1542.96,91.70,91.70
150,940.00,32.32124618,119.86142374,32.30735109,119.88743848,32.30735109,119.88743848,0.5800,2895.08,1,837,split_finetuned_disk,12,1,2,233.29,124.98,124.98
151,944.00,32.31756710,119.84748084,32.30735109,119.88743848,32.30735109,119.88743848,0.6033,3927.12,1,740,split_finetuned_disk,13,1,2,1472.27,66.27,66.27
152,948.00,32.31756710,119.84748084,32.30735109,119.88743848,32.30735109,119.88743848,0.6033,3927.12,1,740,split_finetuned_disk,13,1,2,1541.71,106.48,106.48
153,952.00,32.30742037,119.88732421,32.30735109,119.88743848,32.30742028,119.88732435,0.5333,13.23,0,488,split_finetuned_disk,10,1,-1,2606.45,186.07,186.07
154,955.00,32.32410495,119.86583510,32.30742504,119.88731651,32.30742504,119.88731651,0.5333,2744.31,1,883,split_finetuned_disk,10,1,4,242.26,63.14,63.14
155,959.00,32.29400226,119.87739801,32.30743138,119.88730606,32.30743138,119.88730606,0.6033,1761.69,1,124,split_finetuned_disk,13,1,-1,3313.08,175.04,175.04
156,963.00,32.34413602,119.88572450,32.30743772,119.88729560,32.30743772,119.88729560,0.6500,4087.93,1,1388,split_finetuned_disk,15,1,8,3151.54,75.34,75.34
157,967.00,32.30646059,119.86545421,32.30744406,119.88728514,32.30744406,119.88728514,0.5333,2056.57,1,433,split_finetuned_disk,10,1,-1,1614.13,405.66,405.66
158,971.00,32.32158459,119.86836054,32.30745040,119.88727469,32.30745040,119.88727469,0.5333,2375.17,1,795,split_finetuned_disk,10,1,1,96.90,96.90,96.90
159,974.00,32.32158459,119.86836054,32.30745515,119.88726685,32.30745515,119.88726685,0.5333,2374.27,1,795,split_finetuned_disk,10,1,1,129.18,78.81,78.81
160,978.00,32.31533642,119.87339401,32.30746149,119.88725639,32.30746149,119.88725639,0.6500,1571.31,1,661,split_finetuned_disk,15,1,5,452.29,33.05,33.05
161,982.00,32.31977724,119.87206092,32.30746783,119.88724594,32.30746783,119.88724594,0.5333,1979.44,1,751,split_finetuned_disk,10,1,1,86.82,86.82,86.82
162,986.00,32.32263020,119.86970633,32.30747417,119.88723548,32.30747417,119.88723548,0.6033,2359.17,1,840,split_finetuned_disk,13,1,3,548.52,96.99,96.99
163,989.00,32.32263020,119.86970633,32.30747893,119.88722764,32.32263020,119.86970633,0.6033,2358.27,1,840,split_finetuned_disk,13,1,-1,639.97,348.69,348.69
164,993.00,32.33770546,119.87381879,32.32263020,119.86970633,32.32263020,119.86970633,0.5800,1722.19,1,1247,split_finetuned_disk,12,1,-1,2415.62,184.42,184.42
165,997.00,32.31533642,119.87339401,32.32263020,119.86970633,32.32263020,119.86970633,0.6500,882.95,1,661,split_finetuned_disk,15,1,2,241.14,71.39,71.39
166,1001.00,32.33697099,119.80572143,32.32263020,119.86970633,32.32263020,119.86970633,0.6500,6227.22,1,1170,split_finetuned_disk,15,1,5,6902.06,122.22,122.22
167,1004.00,32.31533642,119.87339401,32.32263020,119.86970633,32.32263020,119.86970633,0.6500,882.95,1,661,split_finetuned_disk,15,1,9,392.44,19.13,19.13
168,1008.00,32.33697099,119.80572143,32.32263020,119.86970633,32.32263020,119.86970633,0.6500,6227.22,1,1170,split_finetuned_disk,15,1,8,7120.66,99.28,99.28
169,1012.00,32.34090756,119.87388808,32.32263020,119.86970633,32.32263020,119.86970633,0.5567,2072.32,1,1293,split_finetuned_disk,11,1,2,2910.64,96.99,96.99
170,1016.00,32.30126385,119.85457688,32.32263020,119.86970633,32.32263020,119.86970633,0.5333,2771.80,1,292,split_finetuned_disk,10,1,6,2781.52,44.00,44.00
171,1020.00,32.30126385,119.85457688,32.32263020,119.86970633,32.32263020,119.86970633,0.5333,2771.80,1,292,split_finetuned_disk,10,1,6,2834.85,76.05,76.05
172,1023.00,32.33340993,119.87608451,32.32263020,119.86970633,32.32263020,119.86970633,0.5567,1341.64,1,1113,split_finetuned_disk,11,1,8,2312.69,88.99,88.99
173,1027.00,32.30126385,119.85457688,32.32263020,119.86970633,32.30126385,119.85457688,0.5333,2771.80,1,292,split_finetuned_disk,10,1,10,2946.01,87.39,87.39
174,1031.00,32.31185046,119.88246268,32.30126385,119.85457688,32.30126385,119.85457688,0.5567,2875.80,1,576,split_finetuned_disk,11,1,1,43.87,43.87,43.87
175,1035.00,32.31185046,119.88246268,32.30126385,119.85457688,32.30126385,119.85457688,0.5567,2875.80,1,576,split_finetuned_disk,11,1,1,66.40,66.40,66.40
176,1039.00,32.30768859,119.89548565,32.30126385,119.85457688,32.30126385,119.85457688,0.6033,3914.22,1,492,split_finetuned_disk,13,1,-1,1183.79,1183.79,1183.79
177,1042.00,32.33685297,119.89114466,32.30126385,119.85457688,32.30126385,119.85457688,0.5567,5246.81,1,1210,split_finetuned_disk,11,1,-1,3043.99,2495.70,2495.70
178,1046.00,32.33655256,119.88422055,32.30126385,119.85457688,32.30126385,119.85457688,0.5100,4817.49,1,1207,split_finetuned_disk,9,1,-1,3028.50,441.77,441.77
179,1050.00,32.31111599,119.89697691,32.30126385,119.85457688,32.30126385,119.85457688,0.6033,4136.64,1,538,split_finetuned_disk,13,1,-1,1070.54,1070.54,1070.54
180,1054.00,32.30709851,119.88997662,32.30126385,119.85457688,32.30126385,119.85457688,0.5567,3392.83,1,490,split_finetuned_disk,11,1,3,471.13,90.40,90.40
181,1058.00,32.35034128,119.89989012,32.30126385,119.85457688,32.30126385,119.85457688,0.5800,6929.49,1,1529,split_finetuned_disk,12,1,4,4753.42,27.57,27.57
182,1061.00,32.32423370,119.89420335,32.30126385,119.85457688,32.30126385,119.85457688,0.6267,4520.39,1,897,split_finetuned_disk,14,1,10,1982.00,100.52,100.52
183,1065.00,32.32423370,119.89420335,32.30126385,119.85457688,32.32423370,119.89420335,0.6267,4520.39,1,897,split_finetuned_disk,14,1,-1,2004.94,202.51,202.51
184,1069.00,32.29792809,119.86508021,32.32423370,119.89420335,32.32423370,119.89420335,0.5800,4010.08,1,207,split_finetuned_disk,12,1,-1,2710.96,2315.54,2315.54
185,1073.00,32.31364708,119.86120209,32.32423370,119.89420335,32.32423370,119.89420335,0.5333,3320.62,1,611,split_finetuned_disk,10,1,6,2833.05,95.47,95.47
186,1077.00,32.30513604,119.89219155,32.32423370,119.89420335,32.32423370,119.89420335,0.6033,2134.36,1,401,split_finetuned_disk,13,1,7,222.76,95.85,95.85
187,1080.00,32.30513604,119.89219155,32.32423370,119.89420335,32.32423370,119.89420335,0.6033,2134.36,1,401,split_finetuned_disk,13,1,1,113.70,108.63,108.63
188,1084.00,32.30513604,119.89219155,32.32423370,119.89420335,32.32423370,119.89420335,0.6033,2134.36,1,401,split_finetuned_disk,13,1,1,11.28,11.28,11.28
189,1088.00,32.30513604,119.89219155,32.32423370,119.89420335,32.32423370,119.89420335,0.6033,2134.36,1,401,split_finetuned_disk,13,1,1,105.93,105.93,105.93
190,1092.00,32.30513604,119.89219155,32.32423370,119.89420335,32.32423370,119.89420335,0.6033,2134.36,1,401,split_finetuned_disk,13,1,1,145.97,118.03,118.03
191,1096.00,32.30436357,119.89856392,32.32423370,119.89420335,32.32423370,119.89420335,0.6267,2249.66,1,403,split_finetuned_disk,14,1,6,288.06,25.35,25.35
192,1140.00,32.32257655,119.81843969,32.32423370,119.89420335,32.32423370,119.89420335,0.6033,7129.53,1,816,split_finetuned_disk,13,1,7,7476.16,86.53,86.53
193,1147.00,32.34295094,119.86270023,32.32423370,119.89420335,32.34295094,119.86270023,0.6733,3622.69,1,1331,split_finetuned_disk,16,1,9,5428.45,130.24,130.24
194,1154.00,32.34295094,119.86270023,32.34295094,119.86270023,32.34295094,119.86270023,0.6733,0.00,0,1331,split_finetuned_disk,16,1,3,5321.04,115.90,115.90
195,1162.00,32.34295094,119.86270023,32.34295094,119.86270023,32.34295094,119.86270023,0.6733,0.00,0,1331,split_finetuned_disk,16,1,4,5223.36,8.12,8.12
196,1169.00,32.34638325,119.85439225,32.34295094,119.86270023,32.34295094,119.86270023,0.6733,869.94,1,1418,split_finetuned_disk,16,1,3,5844.75,48.26,48.26
197,1177.00,32.34638325,119.85439225,32.34295094,119.86270023,32.34295094,119.86270023,0.6733,869.94,1,1418,split_finetuned_disk,16,1,4,5744.90,132.38,132.38
198,1184.00,32.31100870,119.89408908,32.34295094,119.86270023,32.34295094,119.86270023,0.5567,4621.98,1,537,split_finetuned_disk,11,1,2,859.29,32.98,32.98
199,1191.00,32.32592303,119.85040675,32.34295094,119.86270023,32.34295094,119.86270023,0.5333,2220.47,1,921,split_finetuned_disk,10,1,2,4246.33,83.35,83.35
200,1198.00,32.30735109,119.88743848,32.34295094,119.86270023,32.34295094,119.86270023,0.5567,4595.74,1,443,split_finetuned_disk,11,1,1,121.08,86.22,86.22
201,1206.00,32.30735109,119.88743848,32.34295094,119.86270023,32.34295094,119.86270023,0.5567,4595.74,1,443,split_finetuned_disk,11,1,1,67.93,67.93,67.93
202,1213.00,32.29792809,119.86508021,32.34295094,119.86270023,32.34295094,119.86270023,0.5800,5016.94,1,207,split_finetuned_disk,12,1,2,2352.70,67.58,67.58
203,1221.00,32.29792809,119.86508021,32.34295094,119.86270023,32.34295094,119.86270023,0.5800,5016.94,1,207,split_finetuned_disk,12,1,-1,2297.81,1815.37,1815.37
204,1228.00,32.30673954,119.88086297,32.34295094,119.86270023,32.34295094,119.86270023,0.5100,4378.20,1,441,split_finetuned_disk,9,1,5,185.21,128.28,128.28
205,1236.00,32.30906679,119.88085028,32.34295094,119.86270023,32.30906679,119.88085028,0.5333,4140.42,1,531,split_finetuned_disk,10,1,-1,234.15,178.67,178.67
206,1243.00,32.29388424,119.89860782,32.30906679,119.88085028,32.30906679,119.88085028,0.6267,2376.33,1,134,split_finetuned_disk,14,1,-1,2246.78,452.42,452.42
207,1250.00,32.29388424,119.89860782,32.30906679,119.88085028,32.30906679,119.88085028,0.6267,2376.33,1,134,split_finetuned_disk,14,1,-1,2352.15,814.11,814.11
208,1257.00,32.30906679,119.88085028,32.30906679,119.88085028,32.30906679,119.88085028,0.5333,0.00,0,531,split_finetuned_disk,10,1,1,146.58,146.58,146.58
209,1265.00,32.34628669,119.87832483,32.30906679,119.88085028,32.30906679,119.88085028,0.6500,4150.13,1,1429,split_finetuned_disk,15,1,7,3998.41,32.08,32.08
210,1272.00,32.34294021,119.87715679,32.30906679,119.88085028,32.30906679,119.88085028,0.6033,3786.76,1,1339,split_finetuned_disk,13,1,7,3539.98,95.98,95.98
211,1280.00,32.29577742,119.86836054,32.30906679,119.88085028,32.30906679,119.88085028,0.6267,1889.17,1,165,split_finetuned_disk,14,1,5,1926.28,111.78,111.78
212,1287.00,32.31416207,119.87598294,32.30906679,119.88085028,32.30906679,119.88085028,0.5333,728.95,1,618,split_finetuned_disk,10,1,7,281.87,25.94,25.94
213,1295.00,32.34295094,119.86270023,32.30906679,119.88085028,32.30906679,119.88085028,0.6733,4140.42,1,1331,split_finetuned_disk,16,1,7,3674.98,94.50,94.50
214,1302.00,32.30316776,119.84857270,32.30906679,119.88085028,32.30906679,119.88085028,0.5100,3106.58,1,335,split_finetuned_disk,9,1,7,2813.68,94.90,94.90
215,1310.00,32.34294021,119.87715679,32.30906679,119.88085028,32.30906679,119.88085028,0.6033,3786.76,1,1339,split_finetuned_disk,13,1,2,3263.77,109.90,109.90
216,1317.00,32.31533642,119.87339401,32.30906679,119.88085028,32.30906679,119.88085028,0.6500,989.49,1,661,split_finetuned_disk,15,1,6,355.63,98.16,98.16
217,1325.00,32.31533642,119.87339401,32.30906679,119.88085028,32.30906679,119.88085028,0.6500,989.49,1,661,split_finetuned_disk,15,1,4,240.39,72.79,72.79
218,1332.00,32.31533642,119.87339401,32.30906679,119.88085028,32.31533642,119.87339401,0.6500,989.49,1,661,split_finetuned_disk,15,1,1,131.15,115.17,115.17
219,1340.00,32.31533642,119.87339401,32.31533642,119.87339401,32.31533642,119.87339401,0.6500,0.00,0,661,split_finetuned_disk,15,1,1,22.46,22.46,22.46
220,1348.00,32.31533642,119.87339401,32.31533642,119.87339401,32.31533642,119.87339401,0.6500,0.00,0,661,split_finetuned_disk,15,1,1,87.78,87.78,87.78
221,1355.00,32.32169679,119.87732184,32.31533642,119.87339401,32.31533642,119.87339401,0.5100,798.65,1,844,split_finetuned_disk,9,1,-1,978.09,154.58,154.58
222,1363.00,32.32634146,119.87393306,32.31533642,119.87339401,32.31533642,119.87339401,0.5100,1226.13,1,932,split_finetuned_disk,9,1,9,1102.66,46.89,46.89
223,1370.00,32.32169679,119.87732184,32.31533642,119.87339401,32.31533642,119.87339401,0.5100,798.65,1,844,split_finetuned_disk,9,1,9,1043.89,68.78,68.78
224,1377.00,32.34816333,119.88299592,32.31533642,119.87339401,32.31533642,119.87339401,0.5333,3764.27,1,1521,split_finetuned_disk,10,1,4,3779.90,83.38,83.38
225,1385.00,32.33899873,119.89922412,32.31533642,119.87339401,32.31533642,119.87339401,0.6500,3583.66,1,1213,split_finetuned_disk,15,1,4,3526.66,89.48,89.48
226,1392.00,32.31977724,119.87206092,32.31533642,119.87339401,32.31533642,119.87339401,0.5333,510.01,1,751,split_finetuned_disk,10,1,3,454.84,56.68,56.68
227,1400.00,32.34413602,119.88572450,32.31533642,119.87339401,32.31533642,119.87339401,0.6500,3409.36,1,1388,split_finetuned_disk,15,1,10,3369.16,72.75,72.75
228,1408.00,32.33765181,119.87567823,32.31533642,119.87339401,32.31533642,119.87339401,0.5800,2493.43,1,1248,split_finetuned_disk,12,1,-1,2338.18,182.61,182.61
229,1416.00,32.32124618,119.86142374,32.31533642,119.87339401,32.31533642,119.87339401,0.5800,1304.14,1,837,split_finetuned_disk,12,1,5,245.41,73.30,73.30
230,1423.00,32.32124618,119.86142374,32.31533642,119.87339401,32.32124618,119.86142374,0.5800,1304.14,1,837,split_finetuned_disk,12,1,5,184.08,36.00,36.00
231,1431.00,32.31457467,119.85549681,32.32124618,119.86142374,32.32124618,119.86142374,0.5567,928.67,1,653,split_finetuned_disk,11,1,3,1030.16,90.73,90.73
232,1438.00,32.30604217,119.84842035,32.32124618,119.86142374,32.32124618,119.86142374,0.6033,2088.28,1,425,split_finetuned_disk,13,1,2,2157.96,95.49,95.49
233,1446.00,32.32216886,119.86101165,32.32124618,119.86142374,32.32124618,119.86142374,0.5333,109.78,1,836,split_finetuned_disk,10,1,1,19.31,19.31,19.31
234,1453.00,32.32324174,119.81347078,32.32124618,119.86142374,32.32124618,119.86142374,0.4867,4516.44,1,813,split_finetuned_disk,8,1,3,4487.22,101.44,101.44
235,1461.00,32.32439463,119.83829101,32.32124618,119.86142374,32.32124618,119.86142374,0.5567,2204.16,1,871,split_finetuned_disk,11,1,5,1795.21,92.32,92.32
236,1468.00,32.32818100,119.84586262,32.32124618,119.86142374,32.32124618,119.86142374,0.5800,1654.93,1,964,split_finetuned_disk,12,1,5,1266.38,26.24,26.24
237,1476.00,32.32592303,119.85040675,32.32124618,119.86142374,32.32124618,119.86142374,0.5333,1159.80,1,921,split_finetuned_disk,10,1,7,719.06,103.35,103.35
238,1484.00,32.32768747,119.85425259,32.32124618,119.86142374,32.32124618,119.86142374,0.5567,984.50,1,968,split_finetuned_disk,11,1,5,374.77,114.03,114.03
239,1492.00,32.31441956,119.84929638,32.32124618,119.86142374,32.32124618,119.86142374,0.5800,1370.77,1,605,split_finetuned_disk,12,1,3,1518.30,106.68,106.68
240,1500.00,32.35034128,119.89989012,32.32124618,119.86142374,32.35034128,119.89989012,0.5800,4856.36,1,1529,split_finetuned_disk,12,1,5,4926.94,16.77,16.77
241,1507.00,32.32768747,119.85425259,32.35034128,119.89989012,32.35034128,119.89989012,0.5567,4979.04,1,968,split_finetuned_disk,11,1,1,136.82,66.29,66.29
242,1515.00,32.32768747,119.85425259,32.35034128,119.89989012,32.35034128,119.89989012,0.5567,4979.04,1,968,split_finetuned_disk,11,1,1,111.50,111.50,111.50
243,1522.00,32.32257655,119.81843969,32.35034128,119.89989012,32.35034128,119.89989012,0.6033,8262.00,1,816,split_finetuned_disk,13,1,7,3279.32,37.52,37.52
244,1530.00,32.33269692,119.85017822,32.35034128,119.89989012,32.35034128,119.89989012,0.5100,5072.18,1,1056,split_finetuned_disk,9,1,4,392.54,72.67,72.67
245,1538.00,32.30513604,119.89219155,32.35034128,119.89989012,32.35034128,119.89989012,0.6033,5084.09,1,401,split_finetuned_disk,13,1,3,4785.23,95.71,95.71
246,1545.00,32.30513604,119.89219155,32.35034128,119.89989012,32.35034128,119.89989012,0.6033,5084.09,1,401,split_finetuned_disk,13,1,3,4823.05,61.43,61.43
247,1553.00,32.34295094,119.86270023,32.35034128,119.89989012,32.35034128,119.89989012,0.6733,3593.91,1,1331,split_finetuned_disk,16,1,-1,1744.88,1744.88,1744.88
248,1560.00,32.32263020,119.84631968,32.35034128,119.89989012,32.35034128,119.89989012,0.5567,5908.61,1,829,split_finetuned_disk,11,1,7,900.94,83.28,83.28
249,1568.00,32.32768747,119.85425259,32.35034128,119.89989012,32.35034128,119.89989012,0.5567,4979.04,1,968,split_finetuned_disk,11,1,3,717.54,89.80,89.80
250,1576.00,32.29827633,119.86238864,32.35034128,119.89989012,32.29827633,119.86238864,0.5567,6785.09,1,252,split_finetuned_disk,11,1,-1,3892.16,1387.54,1387.54
251,1583.00,32.34211991,119.86627946,32.29827633,119.86238864,32.29827633,119.86238864,0.5567,4894.37,1,1288,split_finetuned_disk,11,1,3,1982.29,77.13,77.13
252,1591.00,32.32216886,119.86101165,32.29827633,119.86238864,32.29827633,119.86238864,0.5333,2662.87,1,836,split_finetuned_disk,10,1,4,1803.40,103.19,103.19
253,1599.00,32.34684950,119.84454223,32.29827633,119.86238864,32.29827633,119.86238864,0.4867,5661.79,1,1459,split_finetuned_disk,8,1,-1,1650.31,172.00,172.00
254,1606.00,32.32345631,119.80480731,32.29827633,119.86238864,32.32345562,119.80480889,0.7667,6099.01,0,810,split_finetuned_disk,20,1,3,3780.66,20.79,20.79
255,1614.00,32.33312025,119.84579914,32.32458419,119.80222811,32.32458419,119.80222811,0.5800,4207.47,1,1099,split_finetuned_disk,12,1,3,319.12,109.58,109.58
256,1621.00,32.29775643,119.86862135,32.32557168,119.79996992,32.32557168,119.79996992,0.5567,7162.03,1,209,split_finetuned_disk,11,1,9,4735.40,110.69,110.69
257,1628.00,32.30646059,119.88033662,32.32655917,119.79771174,32.32655917,119.79771174,0.5800,8088.20,1,440,split_finetuned_disk,12,1,8,4813.53,13.46,13.46
258,1636.00,32.33770546,119.87381879,32.32768773,119.79513096,32.32768773,119.79513096,0.5800,7485.76,1,1247,split_finetuned_disk,12,1,-1,3120.82,2327.84,2327.84
259,1643.00,32.34211991,119.86627946,32.32867522,119.79287277,32.32867522,119.79287277,0.5567,7065.75,1,1288,split_finetuned_disk,11,1,2,2444.00,89.58,89.58
260,1651.00,32.33601612,119.84061440,32.32980378,119.79029199,32.32980378,119.79029199,0.5567,4784.12,1,1186,split_finetuned_disk,11,1,1,94.78,94.78,94.78
261,1658.00,32.33601612,119.84061440,32.33079128,119.78803381,32.33079128,119.78803381,0.5567,4980.38,1,1186,split_finetuned_disk,11,1,1,91.24,91.24,91.24
262,1666.00,32.33685297,119.89114466,32.33191984,119.78545302,32.33191984,119.78545302,0.5567,9957.65,1,1210,split_finetuned_disk,11,1,7,4983.24,79.49,79.49
263,1674.00,32.34295094,119.86270023,32.33304840,119.78287224,32.33304840,119.78287224,0.6733,7589.96,1,1331,split_finetuned_disk,16,1,5,2324.07,101.70,101.70
264,1682.00,32.34295094,119.86270023,32.33417696,119.78029146,32.34295094,119.86270023,0.6733,7813.54,1,1331,split_finetuned_disk,16,1,10,2404.28,29.22,29.22
265,1689.00,32.33378544,119.83370299,32.34295094,119.86270023,32.34295094,119.86270023,0.5567,2912.37,1,1093,split_finetuned_disk,11,1,-1,669.47,158.22,158.22
266,1697.00,32.35128541,119.82768611,32.34295094,119.86270023,32.35128356,119.82769390,0.7433,3421.98,0,1496,split_finetuned_disk,19,1,7,1213.08,109.84,109.84
267,1704.00,32.33407512,119.83521963,32.35202337,119.82458587,32.35202337,119.82458587,0.5567,2234.42,1,1094,split_finetuned_disk,11,1,2,783.29,52.69,52.69
268,1711.00,32.33611850,119.83832329,32.35276318,119.82147784,32.35276318,119.82147784,0.6733,2438.10,1,1140,split_finetuned_disk,16,1,4,770.01,57.64,57.64
269,1718.00,32.33407512,119.83521963,32.35350299,119.81836981,32.35350299,119.81836981,0.5567,2681.38,1,1094,split_finetuned_disk,11,1,-1,954.77,172.13,172.13
270,1726.00,32.35275435,119.83023803,32.35434849,119.81481777,32.35434849,119.81481777,0.6033,1461.41,1,1586,split_finetuned_disk,13,1,-1,1264.90,720.59,720.59
271,1734.00,32.35275435,119.83023803,32.35519398,119.81126574,32.35519398,119.81126574,0.6033,1805.28,1,1586,split_finetuned_disk,13,1,-1,1209.70,1093.69,1093.69
272,1742.00,32.33611850,119.83832329,32.35603948,119.80771370,32.35603948,119.80771370,0.6733,3634.43,1,1140,split_finetuned_disk,16,1,-1,1128.72,566.30,566.30
273,1749.00,32.33611850,119.83832329,32.35677929,119.80460567,32.35677929,119.80460567,0.6733,3917.96,1,1140,split_finetuned_disk,16,1,7,1240.99,126.66,126.66
274,1757.00,32.33378544,119.83370299,32.35762479,119.80105363,32.35762479,119.80105363,0.5567,4059.04,1,1093,split_finetuned_disk,11,1,5,1289.83,79.51,79.51
275,1765.00,32.34294021,119.83556243,32.35847029,119.79750160,32.35847029,119.79750160,0.6267,3975.94,1,1319,split_finetuned_disk,14,1,3,850.40,38.69,38.69
276,1772.00,32.32989179,119.82142909,32.35921010,119.79439356,32.32989179,119.82142909,0.5333,4137.63,1,997,split_finetuned_disk,10,1,-1,1787.79,213.05,213.05
277,1780.00,32.32989179,119.82142909,32.32989179,119.82142909,32.32989179,119.82142909,0.5333,0.00,0,997,split_finetuned_disk,10,1,2,1812.92,103.75,103.75
278,1787.00,32.35128541,119.82768611,32.32989179,119.82142909,32.34920751,119.82707839,0.7433,2453.20,0,1496,split_finetuned_disk,19,1,2,568.56,5.76,5.76
279,1795.00,32.35275435,119.83023803,32.36769179,119.83248448,32.36769179,119.83248448,0.6033,1676.21,1,1586,split_finetuned_disk,13,1,-1,895.21,305.04,305.04
280,1803.00,32.33624143,119.82736290,32.38617607,119.83789057,32.38617607,119.83789057,0.5333,5646.26,1,1180,split_finetuned_disk,10,1,-1,1190.94,1190.94,1190.94
281,1810.00,32.33196736,119.83879886,32.40234982,119.84262089,32.40234982,119.84262089,0.6033,7843.22,1,1051,split_finetuned_disk,13,1,7,2388.93,21.31,21.31
282,1818.00,32.33624143,119.82736290,32.42083411,119.84802698,32.42083411,119.84802698,0.5333,9615.40,1,1180,split_finetuned_disk,10,1,-1,1328.11,645.27,645.27
283,1825.00,32.29388424,119.89860782,32.43700786,119.85275731,32.43700786,119.85275731,0.6267,16506.02,1,134,split_finetuned_disk,14,1,-1,9570.34,741.84,741.84
284,1832.00,32.29388424,119.89860782,32.45318160,119.85748764,32.45318160,119.85748764,0.6267,18149.98,1,134,split_finetuned_disk,14,1,-1,9685.41,654.13,654.13
285,1840.00,32.35128541,119.82768611,32.47166589,119.86289373,32.35155493,119.82776494,0.7433,13803.97,0,1496,split_finetuned_disk,19,1,-1,970.08,252.41,252.41
286,1847.00,32.34957953,119.81868092,32.34722708,119.82649919,32.34722708,119.82649919,0.6267,780.70,1,1491,split_finetuned_disk,14,1,1,75.31,75.31,75.31
287,1855.00,32.32989179,119.82142909,32.34228096,119.82505262,32.34228096,119.82505262,0.5333,1420.66,1,997,split_finetuned_disk,10,1,3,2339.68,98.84,98.84
288,1901.00,32.35128541,119.82768611,32.31384079,119.81673482,32.35122525,119.82766852,0.7433,4293.75,0,1496,split_finetuned_disk,19,1,8,1253.33,74.66,74.66
289,1905.00,32.35128541,119.82768611,32.35137101,119.82771114,32.35131491,119.82769474,0.7433,9.81,0,1496,split_finetuned_disk,19,1,-1,1163.25,812.04,812.04
290,1908.00,32.34308460,119.82831511,32.35140671,119.82772159,32.35140671,119.82772159,0.5333,928.10,1,1360,split_finetuned_disk,10,1,6,967.51,73.14,73.14
291,1912.00,32.35317278,119.81868092,32.35152912,119.82775739,32.35152912,119.82775739,0.5333,873.22,1,1581,split_finetuned_disk,10,1,-1,623.66,623.66,623.66
292,1916.00,32.35128541,119.82768611,32.35165153,119.82779319,32.35130891,119.82769298,0.7433,41.98,0,1496,split_finetuned_disk,19,1,-1,1011.60,774.90,774.90
293,1920.00,32.35128541,119.82768611,32.35130108,119.82769070,32.35128941,119.82768728,0.7433,1.80,0,1496,split_finetuned_disk,19,1,-1,940.61,479.34,479.34
294,1924.00,32.35432567,119.86529497,32.35127524,119.82768314,32.35127524,119.82768314,0.5800,3554.43,1,1649,split_finetuned_disk,12,1,-1,4494.16,381.85,381.85
295,1927.00,32.33611850,119.83832329,32.35126461,119.82768003,32.35126461,119.82768003,0.6733,1960.93,1,1140,split_finetuned_disk,16,1,-1,1877.89,571.81,571.81
296,1931.00,32.33407512,119.83521963,32.35125043,119.82767588,32.35125043,119.82767588,0.5567,2039.41,1,1094,split_finetuned_disk,11,1,-1,1822.91,577.83,577.83
297,1935.00,32.33142019,119.82627103,32.35123626,119.82767174,32.35123626,119.82767174,0.5567,2209.86,1,1045,split_finetuned_disk,11,1,-1,1476.86,394.40,394.40
298,1939.00,32.34294021,119.83556243,32.35122209,119.82766759,32.35122209,119.82766759,0.6267,1183.86,1,1319,split_finetuned_disk,14,1,-1,1112.35,252.71,252.71
299,1943.00,32.33407512,119.83521963,32.35120792,119.82766345,32.35120792,119.82766345,0.5567,2035.38,1,1094,split_finetuned_disk,11,1,-1,1499.30,287.96,287.96
300,1947.00,32.34053205,119.82425924,32.35119375,119.82765930,32.35119375,119.82765930,0.5567,1229.20,1,1269,split_finetuned_disk,11,1,-1,271.28,271.28,271.28
301,1951.00,32.34691969,119.82409419,32.35117957,119.82765516,32.35117957,119.82765516,0.5333,580.59,1,1404,split_finetuned_disk,10,1,-1,408.92,228.30,228.30
302,1954.00,32.34282219,119.82825163,32.35116895,119.82765205,32.35116895,119.82765205,0.5800,930.87,1,1315,split_finetuned_disk,12,1,1,68.28,68.28,68.28
303,1958.00,32.33611850,119.83832329,32.35115477,119.82764791,32.33611850,119.83832329,0.6733,1951.98,1,1140,split_finetuned_disk,16,1,3,1145.73,109.59,109.59
304,1962.00,32.33611850,119.83832329,32.33611850,119.83832329,32.33611850,119.83832329,0.6733,0.00,0,1140,split_finetuned_disk,16,1,-1,1037.02,483.59,483.59
305,1966.00,32.32622344,119.82293304,32.33611850,119.83832329,32.33611850,119.83832329,0.5800,1819.17,1,908,split_finetuned_disk,12,1,-1,1702.19,570.69,570.69
306,1970.00,32.34282219,119.82825163,32.33611850,119.83832329,32.33611850,119.83832329,0.5800,1206.05,1,1315,split_finetuned_disk,12,1,5,399.99,118.98,118.98
307,1974.00,32.33937333,119.84002349,32.33611850,119.83832329,32.33611850,119.83832329,0.6500,396.06,1,1277,split_finetuned_disk,15,1,5,1052.68,60.64,60.64
308,1977.00,32.33937333,119.84002349,32.33611850,119.83832329,32.33611850,119.83832329,0.6500,396.06,1,1277,split_finetuned_disk,15,1,6,970.31,54.09,54.09
309,1981.00,32.33685297,119.89114466,32.33611850,119.83832329,32.33611850,119.83832329,0.5567,4969.62,1,1210,split_finetuned_disk,11,1,5,5454.62,85.24,85.24
310,1985.00,32.33685297,119.89114466,32.33611850,119.83832329,32.33611850,119.83832329,0.5567,4969.62,1,1210,split_finetuned_disk,11,1,5,5359.33,78.11,78.11
311,1988.00,32.33561916,119.80936413,32.33611850,119.83832329,32.33611850,119.83832329,0.5800,2724.78,1,1172,split_finetuned_disk,12,1,4,2241.10,42.47,42.47
312,1992.00,32.33493342,119.84072866,32.33611850,119.83832329,32.33611850,119.83832329,0.5333,261.92,1,1096,split_finetuned_disk,10,1,4,584.98,78.87,78.87
313,1996.00,32.30513604,119.89219155,32.33611850,119.83832329,32.33611850,119.83832329,0.6033,6129.78,1,401,split_finetuned_disk,13,1,-1,6410.26,622.04,622.04
314,2000.00,32.35275435,119.83023803,32.33611850,119.83832329,32.35275435,119.83023803,0.6033,2002.01,1,1586,split_finetuned_disk,13,1,-1,2085.63,451.05,451.05
315,2003.00,32.34294021,119.83556243,32.35275435,119.83023803,32.35275435,119.83023803,0.6267,1201.85,1,1319,split_finetuned_disk,14,1,-1,840.46,617.47,617.47
316,2007.00,32.33611850,119.83832329,32.35275435,119.83023803,32.35275435,119.83023803,0.6733,2002.01,1,1140,split_finetuned_disk,16,1,1,80.55,80.55,80.55
317,2011.00,32.33493342,119.84072866,32.35275435,119.83023803,32.35275435,119.83023803,0.5333,2215.73,1,1096,split_finetuned_disk,10,1,1,110.27,110.27,110.27
318,2015.00,32.33493342,119.84072866,32.35275435,119.83023803,32.35275435,119.83023803,0.5333,2215.73,1,1096,split_finetuned_disk,10,1,1,11.44,11.44,11.44
319,2019.00,32.33196736,119.83879886,32.35275435,119.83023803,32.35275435,119.83023803,0.6033,2450.14,1,1051,split_finetuned_disk,13,1,-1,183.70,183.70,183.70
320,2022.00,32.31163589,119.85861898,32.35275435,119.83023803,32.35275435,119.83023803,0.5100,5299.03,1,565,split_finetuned_disk,9,1,2,2804.36,98.91,98.91
321,2026.00,32.30604217,119.84842035,32.35275435,119.83023803,32.35275435,119.83023803,0.6033,5474.08,1,425,split_finetuned_disk,13,1,4,2896.10,32.54,32.54
322,2030.00,32.33284130,119.84333029,32.35275435,119.83023803,32.35275435,119.83023803,0.5333,2535.88,1,1098,split_finetuned_disk,10,1,2,250.34,90.87,90.87
323,2034.00,32.32345631,119.80480731,32.35275435,119.83023803,32.32347002,119.80481921,0.7667,4044.77,0,810,split_finetuned_disk,20,1,6,3698.20,81.47,81.47
324,2037.00,32.32981669,119.84631968,32.32184374,119.80340760,32.32184374,119.80340760,0.5100,4133.19,1,1009,split_finetuned_disk,9,1,1,140.10,99.85,99.85
325,2041.00,32.32263020,119.84631968,32.31967537,119.80152545,32.31967537,119.80152545,0.5567,4226.65,1,829,split_finetuned_disk,11,1,-1,798.71,598.90,598.90
326,2045.00,32.32818100,119.84586262,32.31750700,119.79964331,32.31750700,119.79964331,0.5800,4507.33,1,964,split_finetuned_disk,12,1,1,145.62,145.62,145.62
327,2049.00,32.32263020,119.84631968,32.31533863,119.79776116,32.31533863,119.79776116,0.5567,4639.49,1,829,split_finetuned_disk,11,1,-1,689.80,176.93,176.93
328,2053.00,32.32726905,119.84791251,32.31317026,119.79587901,32.31317026,119.79587901,0.4867,5140.29,1,965,split_finetuned_disk,8,1,1,52.24,52.24,52.24
329,2057.00,32.32263020,119.84631968,32.31100189,119.79399687,32.31100189,119.79399687,0.5567,5089.42,1,829,split_finetuned_disk,11,1,7,628.31,149.88,149.88
330,2061.00,32.33196736,119.83879886,32.30883352,119.79211472,32.30883352,119.79211472,0.6033,5090.99,1,1051,split_finetuned_disk,13,1,-1,1066.15,1066.15,1066.15
331,2064.00,32.32532804,119.85015283,32.30720724,119.79070311,32.30720724,119.79070311,0.5567,5945.16,1,876,split_finetuned_disk,11,1,5,258.70,75.55,75.55
332,2068.00,32.34295094,119.86270023,32.30503887,119.78882097,32.30503887,119.78882097,0.6733,8130.95,1,1331,split_finetuned_disk,16,1,4,2042.17,40.37,40.37
333,2072.00,32.34295094,119.86270023,32.30287050,119.78693882,32.34295094,119.86270023,0.6733,8408.36,1,1331,split_finetuned_disk,16,1,4,2050.00,87.78,87.78
334,2076.00,32.34295094,119.86270023,32.34295094,119.86270023,32.34295094,119.86270023,0.6733,0.00,0,1331,split_finetuned_disk,16,1,3,2063.60,90.64,90.64
335,2079.00,32.34295094,119.86270023,32.34295094,119.86270023,32.34295094,119.86270023,0.6733,0.00,0,1331,split_finetuned_disk,16,1,9,2082.86,126.21,126.21
336,2083.00,32.32768747,119.85425259,32.34295094,119.86270023,32.34295094,119.86270023,0.5567,1875.78,1,968,split_finetuned_disk,11,1,-1,443.21,279.88,279.88
337,2087.00,32.35517325,119.88195484,32.34295094,119.86270023,32.34295094,119.86270023,0.5333,2265.39,1,1656,split_finetuned_disk,10,1,8,4343.79,109.22,109.22
338,2091.00,32.35517325,119.88195484,32.34295094,119.86270023,32.34295094,119.86270023,0.5333,2265.39,1,1656,split_finetuned_disk,10,1,3,4333.95,103.54,103.54
339,2094.00,32.31364708,119.86120209,32.34295094,119.86270023,32.34295094,119.86270023,0.5333,3265.15,1,611,split_finetuned_disk,10,1,2,1061.83,15.24,15.24
340,2098.00,32.31364708,119.86120209,32.34295094,119.86270023,32.34295094,119.86270023,0.5333,3265.15,1,611,split_finetuned_disk,10,1,3,977.42,121.15,121.15
341,2102.00,32.32592303,119.85040675,32.34295094,119.86270023,32.34295094,119.86270023,0.5333,2220.47,1,921,split_finetuned_disk,10,1,3,874.51,125.50,125.50
342,2106.00,32.29894151,119.85987589,32.34295094,119.86270023,32.34295094,119.86270023,0.5567,4906.33,1,250,split_finetuned_disk,11,1,6,2418.54,19.86,19.86
343,2109.00,32.30604217,119.84842035,32.34295094,119.86270023,32.34295094,119.86270023,0.6033,4322.71,1,425,split_finetuned_disk,13,1,8,1903.67,119.02,119.02
344,2113.00,32.30646059,119.86545421,32.34295094,119.86270023,32.34295094,119.86270023,0.5333,4070.36,1,433,split_finetuned_disk,10,1,-1,1564.37,839.24,839.24
345,2117.00,32.30126385,119.85457688,32.34295094,119.86270023,32.30126385,119.85457688,0.5333,4703.10,1,292,split_finetuned_disk,10,1,4,2220.14,85.25,85.25
346,2121.00,32.29425975,119.88007001,32.30126385,119.85457688,32.30126385,119.85457688,0.5567,2521.72,1,125,split_finetuned_disk,11,1,4,3275.71,76.59,76.59
347,2125.00,32.29827633,119.86238864,32.30126385,119.85457688,32.30126385,119.85457688,0.5567,806.61,1,252,split_finetuned_disk,11,1,8,2129.32,77.33,77.33
348,2128.00,32.31756710,119.84748084,32.30126385,119.85457688,32.30126385,119.85457688,0.6033,1933.75,1,740,split_finetuned_disk,13,1,-1,1468.66,1468.66,1468.66
349,2132.00,32.33700317,119.84631968,32.30126385,119.85457688,32.30126385,119.85457688,0.4867,4053.62,1,1189,split_finetuned_disk,8,1,-1,2810.48,2465.34,2465.34
350,2136.00,32.34684950,119.84454223,32.30126385,119.85457688,32.30126385,119.85457688,0.4867,5161.65,1,1459,split_finetuned_disk,8,1,5,3914.48,70.98,70.98
351,2139.00,32.34413602,119.88572450,32.30126385,119.85457688,32.30126385,119.85457688,0.6500,5600.22,1,1388,split_finetuned_disk,15,1,7,3665.55,108.27,108.27
352,2143.00,32.29894151,119.85987589,32.30126385,119.85457688,32.30126385,119.85457688,0.5567,561.53,1,250,split_finetuned_disk,11,1,-1,1984.94,150.73,150.73
353,2147.00,32.30466397,119.89947115,32.30126385,119.85457688,32.30126385,119.85457688,0.5800,4240.17,1,404,split_finetuned_disk,12,1,4,3188.50,42.60,42.60
354,2151.00,32.31977724,119.87206092,32.30126385,119.85457688,32.30126385,119.85457688,0.5333,2636.76,1,751,split_finetuned_disk,10,1,5,541.71,97.72,97.72
355,2155.00,32.32634146,119.87393306,32.30126385,119.85457688,32.32634146,119.87393306,0.5100,3332.98,1,932,split_finetuned_disk,9,1,6,1389.28,67.47,67.47
356,2158.00,32.31533642,119.87339401,32.32634146,119.87393306,32.32634146,119.87393306,0.6500,1226.13,1,661,split_finetuned_disk,15,1,9,259.60,28.25,28.25
357,2162.00,32.31533642,119.87339401,32.32634146,119.87393306,32.32634146,119.87393306,0.6500,1226.13,1,661,split_finetuned_disk,15,1,3,261.76,92.78,92.78
358,2166.00,32.31533642,119.87339401,32.32634146,119.87393306,32.32634146,119.87393306,0.6500,1226.13,1,661,split_finetuned_disk,15,1,3,305.84,95.88,95.88
359,2170.00,32.31533642,119.87339401,32.32634146,119.87393306,32.32634146,119.87393306,0.6500,1226.13,1,661,split_finetuned_disk,15,1,8,388.09,94.34,94.34
360,2174.00,32.34294021,119.87715679,32.32634146,119.87393306,32.32634146,119.87393306,0.6033,1872.49,1,1339,split_finetuned_disk,13,1,-1,3450.69,420.62,420.62
361,2177.00,32.34294021,119.87715679,32.32634146,119.87393306,32.32634146,119.87393306,0.6033,1872.49,1,1339,split_finetuned_disk,13,1,9,3505.99,83.63,83.63
362,2181.00,32.31533642,119.87339401,32.32634146,119.87393306,32.32634146,119.87393306,0.6500,1226.13,1,661,split_finetuned_disk,15,1,2,616.06,115.31,115.31
363,2185.00,32.34628669,119.87832483,32.32634146,119.87393306,32.32634146,119.87393306,0.6500,2258.41,1,1429,split_finetuned_disk,15,1,2,4011.39,9.96,9.96
364,2189.00,32.33697099,119.80572143,32.32634146,119.87393306,32.32634146,119.87393306,0.6500,6524.91,1,1170,split_finetuned_disk,15,1,3,7353.77,105.92,105.92
365,2193.00,32.34628669,119.87832483,32.32634146,119.87393306,32.34628669,119.87832483,0.6500,2258.41,1,1429,split_finetuned_disk,15,1,4,4117.36,85.03,85.03
366,2197.00,32.34069298,119.86963015,32.34628669,119.87832483,32.34628669,119.87832483,0.5333,1027.97,1,1290,split_finetuned_disk,10,1,4,3657.16,33.51,33.51
367,2200.00,32.34628669,119.87832483,32.34628669,119.87832483,32.34628669,119.87832483,0.6500,0.00,0,1429,split_finetuned_disk,15,1,4,4229.29,79.59,79.59
368,2204.00,32.34598629,119.87395845,32.34628669,119.87832483,32.34628669,119.87832483,0.5100,412.11,1,1427,split_finetuned_disk,9,1,-1,4332.86,193.50,193.50
369,2208.00,32.33899292,119.88451256,32.34628669,119.87832483,32.34628669,119.87832483,0.5567,999.04,1,1252,split_finetuned_disk,11,1,-1,3567.10,2046.86,2046.86
370,2212.00,32.30513604,119.89219155,32.34628669,119.87832483,32.34628669,119.87832483,0.6033,4763.00,1,401,split_finetuned_disk,13,1,3,1061.27,44.04,44.04
371,2215.00,32.35284018,119.81472662,32.34628669,119.87832483,32.34628669,119.87832483,0.6733,6027.05,1,1580,split_finetuned_disk,16,1,-1,8099.08,279.71,279.71
372,2219.00,32.34211991,119.86627946,32.34628669,119.87832483,32.34628669,119.87832483,0.5567,1224.38,1,1288,split_finetuned_disk,11,1,9,4251.53,96.27,96.27
373,2223.00,32.28988330,119.87515769,32.34628669,119.87832483,32.34628669,119.87832483,0.5800,6285.89,1,33,split_finetuned_disk,12,1,5,1778.52,57.42,57.42
374,2227.00,32.29388424,119.89860782,32.34628669,119.87832483,32.34628669,119.87832483,0.6267,6137.56,1,134,split_finetuned_disk,14,1,-1,1788.18,166.32,166.32
375,2231.00,32.29388424,119.89860782,32.34628669,119.87832483,32.34628669,119.87832483,0.6267,6137.56,1,134,split_finetuned_disk,14,1,3,1680.57,117.35,117.35
376,2234.00,32.29388424,119.89860782,32.34628669,119.87832483,32.34628669,119.87832483,0.6267,6137.56,1,134,split_finetuned_disk,14,1,3,1644.55,82.71,82.71
377,2238.00,32.29388424,119.89860782,32.34628669,119.87832483,32.29388424,119.89860782,0.6267,6137.56,1,134,split_finetuned_disk,14,1,5,1536.68,27.86,27.86
378,2242.00,32.31633911,119.89977586,32.29388424,119.89860782,32.29388424,119.89860782,0.5567,2502.09,1,719,split_finetuned_disk,11,1,2,1991.91,108.52,108.52
379,2246.00,32.33475594,119.86704703,32.29388424,119.89860782,32.29388424,119.89860782,0.5333,5432.83,1,1154,split_finetuned_disk,10,1,-1,4239.41,530.16,530.16
380,2250.00,32.30116729,119.88962113,32.29388424,119.89860782,32.29388424,119.89860782,0.6267,1171.32,1,310,split_finetuned_disk,14,1,1,92.09,92.09,92.09
381,2254.00,32.29577742,119.88908208,32.29388424,119.89860782,32.29388424,119.89860782,0.6033,920.54,1,174,split_finetuned_disk,13,1,-1,569.27,473.49,473.49
382,2258.00,32.29577742,119.88908208,32.29388424,119.89860782,32.29388424,119.89860782,0.6033,920.54,1,174,split_finetuned_disk,13,1,-1,532.22,230.07,230.07
383,2262.00,32.29577742,119.88908208,32.29388424,119.89860782,32.29388424,119.89860782,0.6033,920.54,1,174,split_finetuned_disk,13,1,-1,527.88,527.88,527.88
384,2308.00,32.29747748,119.89096692,32.29388424,119.89860782,32.29388424,119.89860782,0.5333,822.59,1,220,split_finetuned_disk,10,1,1,36.04,36.04,36.04
385,2315.00,32.29747748,119.89096692,32.29388424,119.89860782,32.29388424,119.89860782,0.5333,822.59,1,220,split_finetuned_disk,10,1,1,137.18,133.20,133.20
386,2322.00,32.34294021,119.87715679,32.29388424,119.89860782,32.29388424,119.89860782,0.6033,5821.81,1,1339,split_finetuned_disk,13,1,5,4946.89,44.25,44.25
387,2330.00,32.29747748,119.89096692,32.29388424,119.89860782,32.29747748,119.89096692,0.5333,822.59,1,220,split_finetuned_disk,10,1,5,351.71,80.33,80.33
388,2337.00,32.29747748,119.89096692,32.29747748,119.89096692,32.29747748,119.89096692,0.5333,0.00,0,220,split_finetuned_disk,10,1,8,460.41,133.06,133.06
389,2344.00,32.29747748,119.89096692,32.29747748,119.89096692,32.29747748,119.89096692,0.5333,0.00,0,220,split_finetuned_disk,10,1,7,495.07,79.34,79.34
390,2352.00,32.29568086,119.88246268,32.29747748,119.89096692,32.29747748,119.89096692,0.5567,824.62,1,171,split_finetuned_disk,11,1,8,669.54,69.88,69.88
391,2360.00,32.34069298,119.86963015,32.29747748,119.89096692,32.29747748,119.89096692,0.5333,5212.68,1,1290,split_finetuned_disk,10,1,7,4583.84,61.48,61.48
392,2368.00,32.31690774,119.85772444,32.29747748,119.89096692,32.29747748,119.89096692,0.5100,3802.30,1,699,split_finetuned_disk,9,1,-1,3058.33,1328.23,1328.23
393,2377.00,32.31690774,119.85772444,32.29747748,119.89096692,32.29747748,119.89096692,0.5100,3802.30,1,699,split_finetuned_disk,9,1,-1,2949.19,962.69,962.69
394,2384.00,32.29747748,119.89096692,32.29747748,119.89096692,32.29747748,119.89096692,0.5333,0.00,0,220,split_finetuned_disk,10,1,4,969.34,52.66,52.66
395,2392.00,32.34628669,119.87832483,32.29747748,119.89096692,32.29747748,119.89096692,0.6500,5562.07,1,1429,split_finetuned_disk,15,1,7,4731.89,92.45,92.45
396,2400.00,32.34628669,119.87832483,32.29747748,119.89096692,32.29747748,119.89096692,0.6500,5562.07,1,1429,split_finetuned_disk,15,1,-1,4670.16,532.00,532.00
397,2407.00,32.34628669,119.87832483,32.29747748,119.89096692,32.29747748,119.89096692,0.6500,5562.07,1,1429,split_finetuned_disk,15,1,-1,4610.20,408.35,408.35
398,2414.00,32.34628669,119.87832483,32.29747748,119.89096692,32.29747748,119.89096692,0.6500,5562.07,1,1429,split_finetuned_disk,15,1,2,4552.07,88.72,88.72
399,2421.00,32.32369235,119.81137012,32.29747748,119.89096692,32.29747748,119.89096692,0.5567,8036.31,1,812,split_finetuned_disk,11,1,2,6746.12,121.21,121.21
400,2429.00,32.31022550,119.83636809,32.29747748,119.89096692,32.29747748,119.89096692,0.5333,5328.60,1,510,split_finetuned_disk,10,1,3,3804.46,35.13,35.13
401,2437.00,32.29897370,119.87913738,32.29747748,119.89096692,32.29747748,119.89096692,0.5333,1125.21,1,259,split_finetuned_disk,10,1,2,834.46,116.96,116.96
402,2445.00,32.34628669,119.87832483,32.29747748,119.89096692,32.29747748,119.89096692,0.6500,5562.07,1,1429,split_finetuned_disk,15,1,5,4322.69,117.96,117.96
403,2453.00,32.30971052,119.87603372,32.29747748,119.89096692,32.29747748,119.89096692,0.6267,1956.49,1,528,split_finetuned_disk,14,1,3,281.19,115.96,115.96
404,2461.00,32.30971052,119.87603372,32.29747748,119.89096692,32.30971052,119.87603372,0.6267,1956.49,1,528,split_finetuned_disk,14,1,3,220.29,102.13,102.13
405,2469.00,32.34628669,119.87832483,32.30971052,119.87603372,32.30971052,119.87603372,0.6500,4077.36,1,1429,split_finetuned_disk,15,1,9,4158.48,60.55,60.55
406,2478.00,32.30971052,119.87603372,32.30971052,119.87603372,32.30971052,119.87603372,0.6267,0.00,0,528,split_finetuned_disk,14,1,7,302.05,123.17,123.17
407,2486.00,32.30971052,119.87603372,32.30971052,119.87603372,32.30971052,119.87603372,0.6267,0.00,0,528,split_finetuned_disk,14,1,5,385.27,32.36,32.36
408,2494.00,32.34294021,119.87715679,32.30971052,119.87603372,32.30971052,119.87603372,0.6033,3700.64,1,1339,split_finetuned_disk,13,1,6,3636.42,82.96,82.96
409,2501.00,32.33390346,119.87384418,32.30971052,119.87603372,32.30971052,119.87603372,0.5800,2701.02,1,1112,split_finetuned_disk,12,1,-1,2532.28,688.31,688.31
410,2509.00,32.32909294,119.85783870,32.30971052,119.87603372,32.30971052,119.87603372,0.5333,2754.11,1,969,split_finetuned_disk,10,1,10,2220.38,57.25,57.25
411,2517.00,32.29894151,119.85987589,32.30971052,119.87603372,32.30971052,119.87603372,0.5567,1935.84,1,250,split_finetuned_disk,11,1,2,1687.30,133.67,133.67
412,2525.00,32.34211991,119.86627946,32.30971052,119.87603372,32.30971052,119.87603372,0.5567,3722.67,1,1288,split_finetuned_disk,11,1,2,3147.95,72.81,72.81
413,2533.00,32.34211991,119.86627946,32.30971052,119.87603372,32.30971052,119.87603372,0.5567,3722.67,1,1288,split_finetuned_disk,11,1,2,3086.59,99.48,99.48
414,2540.00,32.31734762,119.86071964,32.30971052,119.87603372,32.30971052,119.87603372,0.5333,1672.76,1,701,split_finetuned_disk,10,1,6,686.18,146.33,146.33
415,2548.00,32.29091818,119.89968699,32.30971052,119.87603372,32.30971052,119.87603372,0.5567,3054.06,1,89,split_finetuned_disk,11,1,5,3982.98,64.65,64.65
416,2556.00,32.32083357,119.82080698,32.30971052,119.87603372,32.30971052,119.87603372,0.5333,5340.74,1,772,split_finetuned_disk,10,1,-1,4216.63,1162.03,1162.03
417,2563.00,32.32768747,119.85425259,32.30971052,119.87603372,32.32768747,119.85425259,0.5567,2864.10,1,968,split_finetuned_disk,11,1,-1,1686.97,1473.10,1473.10
418,2572.00,32.31756710,119.84748084,32.32768747,119.85425259,32.32768747,119.85425259,0.6033,1294.23,1,740,split_finetuned_disk,13,1,6,1424.62,31.50,31.50
419,2580.00,32.29827633,119.86238864,32.32768747,119.85425259,32.32768747,119.85425259,0.5567,3362.32,1,252,split_finetuned_disk,11,1,-1,1873.31,656.35,656.35
420,2588.00,32.29827633,119.86238864,32.32768747,119.85425259,32.32768747,119.85425259,0.5567,3362.32,1,252,split_finetuned_disk,11,1,2,1932.76,103.51,103.51
421,2595.00,32.31734762,119.86071964,32.32768747,119.85425259,32.32768747,119.85425259,0.5333,1301.91,1,701,split_finetuned_disk,10,1,1,24.61,24.61,24.61
422,2603.00,32.31734762,119.86071964,32.32768747,119.85425259,32.32768747,119.85425259,0.5333,1301.91,1,701,split_finetuned_disk,10,1,1,119.96,95.70,95.70
423,2610.00,32.31690774,119.85772444,32.32768747,119.85425259,32.32768747,119.85425259,0.5100,1243.65,1,699,split_finetuned_disk,9,1,10,215.29,95.97,95.97
424,2618.00,32.33312025,119.84579914,32.32768747,119.85425259,32.32768747,119.85425259,0.5800,999.07,1,1099,split_finetuned_disk,12,1,5,2025.91,38.19,38.19
425,2626.00,32.31457467,119.85549681,32.32768747,119.85425259,32.32768747,119.85425259,0.5567,1464.40,1,653,split_finetuned_disk,11,1,4,513.92,100.43,100.43
426,2633.00,32.31457467,119.85549681,32.32768747,119.85425259,32.32768747,119.85425259,0.5567,1464.40,1,653,split_finetuned_disk,11,1,5,516.14,73.96,73.96
427,2641.00,32.29827633,119.86238864,32.32768747,119.85425259,32.29827633,119.86238864,0.5567,3362.32,1,252,split_finetuned_disk,11,1,2,2429.33,113.84,113.84
428,2648.00,32.30604217,119.84842035,32.29827633,119.86238864,32.29827633,119.86238864,0.6033,1572.88,1,425,split_finetuned_disk,13,1,7,1711.20,16.98,16.98
429,2656.00,32.31756710,119.84748084,32.29827633,119.86238864,32.29827633,119.86238864,0.6033,2564.81,1,740,split_finetuned_disk,13,1,9,666.05,54.50,54.50
430,2663.00,32.34438278,119.84424441,32.29827633,119.86238864,32.29827633,119.86238864,0.5800,5408.94,1,1368,split_finetuned_disk,12,1,9,2657.66,120.62,120.62
431,2670.00,32.32439463,119.83829101,32.29827633,119.86238864,32.29827633,119.86238864,0.5567,3686.77,1,871,split_finetuned_disk,11,1,3,1251.03,46.46,46.46
432,2677.00,32.32439463,119.83829101,32.29827633,119.86238864,32.29827633,119.86238864,0.5567,3686.77,1,871,split_finetuned_disk,11,1,3,1148.72,68.32,68.32
433,2685.00,32.32532804,119.85015283,32.29827633,119.86238864,32.29827633,119.86238864,0.5567,3223.88,1,876,split_finetuned_disk,11,1,1,121.20,121.20,121.20
434,2693.00,32.32532804,119.85015283,32.29827633,119.86238864,32.29827633,119.86238864,0.5567,3223.88,1,876,split_finetuned_disk,11,1,1,71.15,71.15,71.15
435,2701.00,32.34295094,119.86270023,32.29827633,119.86238864,32.29827633,119.86238864,0.6733,4973.26,1,1331,split_finetuned_disk,16,1,2,2263.28,53.87,53.87
436,2708.00,32.31111599,119.89697691,32.29827633,119.86238864,32.29827633,119.86238864,0.6033,3553.84,1,538,split_finetuned_disk,13,1,5,4838.84,74.12,74.12
437,2716.00,32.35034128,119.89989012,32.29827633,119.86238864,32.35034128,119.89989012,0.5800,6785.09,1,1529,split_finetuned_disk,12,1,8,5539.80,100.80,100.80
438,2724.00,32.32818100,119.84586262,32.35034128,119.89989012,32.35034128,119.89989012,0.5800,5649.46,1,964,split_finetuned_disk,12,1,-1,233.80,186.45,186.45
439,2731.00,32.32818100,119.84586262,32.35034128,119.89989012,32.35034128,119.89989012,0.5800,5649.46,1,964,split_finetuned_disk,12,1,-1,180.91,180.91,180.91
440,2738.00,32.32818100,119.84586262,32.35034128,119.89989012,32.35034128,119.89989012,0.5800,5649.46,1,964,split_finetuned_disk,12,1,1,117.47,117.47,117.47
441,2746.00,32.32818100,119.84586262,32.35034128,119.89989012,32.35034128,119.89989012,0.5800,5649.46,1,964,split_finetuned_disk,12,1,1,136.98,95.42,95.42
442,2753.00,32.29377695,119.84269548,32.35034128,119.89989012,32.35034128,119.89989012,0.5567,8282.33,1,108,split_finetuned_disk,11,1,-1,3797.81,3028.69,3028.69
443,2761.00,32.32345631,119.80480731,32.35034128,119.89989012,32.32345694,119.80480953,0.7667,9431.93,0,810,split_finetuned_disk,20,1,-1,3550.46,1371.47,1371.47
444,2768.00,32.33792003,119.84642125,32.32245887,119.80127971,32.32245887,119.80127971,0.4867,4582.04,1,1234,split_finetuned_disk,8,1,5,1124.03,137.74,137.74
445,2775.00,32.32981669,119.84631968,32.32146081,119.79774989,32.32146081,119.79774989,0.5100,4662.72,1,1009,split_finetuned_disk,9,1,2,407.07,24.94,24.94
446,2783.00,32.33196736,119.83879886,32.32032016,119.79371582,32.32032016,119.79371582,0.6033,4434.76,1,1051,split_finetuned_disk,13,1,3,195.69,104.45,104.45
447,2791.00,32.33196736,119.83879886,32.31917951,119.78968174,32.31917951,119.78968174,0.6033,4834.81,1,1051,split_finetuned_disk,13,1,1,112.94,87.37,87.37
448,2798.00,32.33196736,119.83879886,32.31818144,119.78615192,32.31818144,119.78615192,0.6033,5184.86,1,1051,split_finetuned_disk,13,1,1,99.81,99.81,99.81
449,2806.00,32.34294021,119.83556243,32.31704079,119.78211784,32.31704079,119.78211784,0.6267,5795.59,1,1319,split_finetuned_disk,14,1,2,1230.42,89.09,89.09
450,2813.00,32.33493342,119.84072866,32.31604273,119.77858803,32.31604273,119.77858803,0.5333,6212.37,1,1096,split_finetuned_disk,10,1,2,226.93,67.58,67.58
451,2820.00,32.33611850,119.83832329,32.31504466,119.77505821,32.31504466,119.77505821,0.6733,6397.07,1,1140,split_finetuned_disk,16,1,2,289.38,110.14,110.14
452,2828.00,32.33407512,119.83521963,32.31390401,119.77102413,32.31390401,119.77102413,0.5567,6442.87,1,1094,split_finetuned_disk,11,1,1,31.68,31.68,31.68
453,2835.00,32.33407512,119.83521963,32.31290594,119.76749431,32.33407512,119.83521963,0.5567,6792.84,1,1094,split_finetuned_disk,11,1,1,78.05,78.05,78.05
454,2843.00,32.34295094,119.86270023,32.33407512,119.83521963,32.33407512,119.83521963,0.6733,2767.51,1,1331,split_finetuned_disk,16,1,3,2624.34,118.42,118.42
455,2850.00,32.34295094,119.86270023,32.33407512,119.83521963,32.33407512,119.83521963,0.6733,2767.51,1,1331,split_finetuned_disk,16,1,3,2694.91,61.12,61.12
456,2857.00,32.33378544,119.83370299,32.33407512,119.83521963,32.33407512,119.83521963,0.5567,146.27,1,1093,split_finetuned_disk,11,1,2,216.97,54.00,54.00
457,2865.00,32.35128541,119.82768611,32.33407512,119.83521963,32.35128274,119.82768728,0.7433,2042.72,0,1496,split_finetuned_disk,19,1,5,1543.67,93.60,93.60
458,2872.00,32.33407512,119.83521963,32.35263090,119.82709715,32.35263090,119.82709715,0.5567,2202.42,1,1094,split_finetuned_disk,11,1,2,552.62,139.08,139.08
459,2880.00,32.33611850,119.83832329,32.35417167,119.82642270,32.35417167,119.82642270,0.6733,2300.45,1,1140,split_finetuned_disk,16,1,-1,668.27,159.28,159.28
460,2887.00,32.35284018,119.81472662,32.35551983,119.82583257,32.35551983,119.82583257,0.6733,1086.50,1,1580,split_finetuned_disk,16,1,9,2163.94,78.42,78.42
461,2894.00,32.30768859,119.89548565,32.35686800,119.82524243,32.35686800,119.82524243,0.6033,8581.10,1,492,split_finetuned_disk,13,1,6,7049.31,104.36,104.36
462,2902.00,32.30646059,119.88033662,32.35840876,119.82456799,32.35840876,119.82456799,0.5800,7807.96,1,440,split_finetuned_disk,12,1,6,6079.49,83.60,83.60
463,2910.00,32.33624143,119.82736290,32.35994952,119.82389354,32.35994952,119.82389354,0.5333,2659.29,1,1180,split_finetuned_disk,10,1,7,222.97,28.29,28.29
464,2918.00,32.34294021,119.83556243,32.36149028,119.82321910,32.36149028,119.82321910,0.6267,2369.06,1,1319,split_finetuned_disk,14,1,-1,878.57,352.88,352.88
465,2925.00,32.34053205,119.82425924,32.36283845,119.82262896,32.36283845,119.82262896,0.5567,2487.88,1,1269,split_finetuned_disk,11,1,1,110.65,110.65,110.65
466,2933.00,32.34294021,119.83556243,32.36437921,119.82195452,32.36437921,119.82195452,0.6267,2708.22,1,1319,split_finetuned_disk,14,1,2,1025.18,5.57,5.57
467,2941.00,32.34479048,119.84178825,32.36591997,119.82128008,32.34479048,119.84178825,0.6967,3042.11,1,1367,split_finetuned_disk,17,1,4,1734.08,114.32,114.32
468,2949.00,32.35275435,119.83023803,32.34479048,119.84178825,32.34479048,119.84178825,0.6033,1402.33,1,1586,split_finetuned_disk,13,1,-1,1418.50,600.23,600.23
469,2956.00,32.33407512,119.83521963,32.34479048,119.84178825,32.34479048,119.84178825,0.5567,1343.38,1,1094,split_finetuned_disk,11,1,-1,1536.47,567.41,567.41
470,2963.00,32.33611850,119.83832329,32.34479048,119.84178825,32.34479048,119.84178825,0.6733,1018.91,1,1140,split_finetuned_disk,16,1,-1,1700.25,723.03,723.03
471,2970.00,32.35275435,119.83023803,32.34479048,119.84178825,32.34479048,119.84178825,0.6033,1402.33,1,1586,split_finetuned_disk,13,1,4,1357.85,91.65,91.65
472,2977.00,32.33196736,119.83879886,32.34479048,119.84178825,32.34479048,119.84178825,0.6033,1454.91,1,1051,split_finetuned_disk,13,1,-1,2308.55,191.22,191.22
473,2985.00,32.35275435,119.83023803,32.34479048,119.84178825,32.34479048,119.84178825,0.6033,1402.33,1,1586,split_finetuned_disk,13,1,9,1392.32,30.04,30.04
474,2992.00,32.35275435,119.83023803,32.34479048,119.84178825,32.34479048,119.84178825,0.6033,1402.33,1,1586,split_finetuned_disk,13,1,10,1352.95,64.25,64.25
475,2999.00,32.35128541,119.82768611,32.34479048,119.84178825,32.35128458,119.82768793,0.7433,1510.83,0,1496,split_finetuned_disk,19,1,10,1170.43,129.43,129.43
476,3006.00,32.30513604,119.89219155,32.35172147,119.82673933,32.35172147,119.82673933,0.6033,8050.08,1,401,split_finetuned_disk,13,1,-1,8491.56,173.27,173.27
477,3014.00,32.33685297,119.89114466,32.35222077,119.82565521,32.35222077,119.82565521,0.5567,6393.76,1,1210,split_finetuned_disk,11,1,-1,7127.73,2670.47,2670.47
478,3021.00,32.33799023,119.81736741,32.35265766,119.82470661,32.35265766,119.82470661,0.5567,1772.75,1,1175,split_finetuned_disk,11,1,2,1100.35,105.32,105.32
479,3029.00,32.35507669,119.80927526,32.35315697,119.82362249,32.35315697,119.82362249,0.5100,1366.47,1,1622,split_finetuned_disk,9,1,5,966.84,76.01,76.01
480,3076.00,32.34957953,119.81868092,32.35609038,119.81725331,32.35609038,119.81725331,0.6267,737.13,1,1491,split_finetuned_disk,14,1,3,687.10,72.92,72.92
481,3080.00,32.34900018,119.82283147,32.35634004,119.81671125,32.35634004,119.81671125,0.5800,999.54,1,1493,split_finetuned_disk,12,1,8,971.52,119.49,119.49
482,3083.00,32.34563224,119.81420027,32.35652728,119.81630471,32.35652728,119.81630471,0.5333,1228.89,1,1399,split_finetuned_disk,10,1,6,152.94,78.20,78.20
483,3087.00,32.34563224,119.81420027,32.35677693,119.81576265,32.35677693,119.81576265,0.5333,1249.30,1,1399,split_finetuned_disk,10,1,7,216.75,54.65,54.65
484,3091.00,32.33826336,119.81682148,32.35702658,119.81522060,32.35702658,119.81522060,0.5100,2094.14,1,1220,split_finetuned_disk,9,1,-1,536.90,536.90,536.90
485,3095.00,32.30513604,119.89219155,32.35727623,119.81467854,32.30513604,119.89219155,0.6033,9319.78,1,401,split_finetuned_disk,13,1,-1,8339.43,892.81,892.81
486,3099.00,32.33196736,119.83879886,32.30513604,119.89219155,32.30513604,119.89219155,0.6033,5843.70,1,1051,split_finetuned_disk,13,1,3,2399.20,68.07,68.07
487,3103.00,32.33196736,119.83879886,32.30513604,119.89219155,32.30513604,119.89219155,0.6033,5843.70,1,1051,split_finetuned_disk,13,1,3,2289.89,44.33,44.33
488,3107.00,32.34297240,119.81666224,32.30513604,119.89219155,32.30513604,119.89219155,0.5100,8259.72,1,1311,split_finetuned_disk,9,1,1,93.24,93.24,93.24
489,3111.00,32.29449578,119.86634875,32.30513604,119.89219155,32.30513604,119.89219155,0.6733,2704.25,1,119,split_finetuned_disk,16,1,3,6903.62,94.37,94.37
490,3115.00,32.33697099,119.80572143,32.30513604,119.89219155,32.30513604,119.89219155,0.6500,8872.77,1,1170,split_finetuned_disk,15,1,5,1470.61,21.09,21.09
491,3119.00,32.33697099,119.80572143,32.30513604,119.89219155,32.30513604,119.89219155,0.6500,8872.77,1,1170,split_finetuned_disk,15,1,6,1551.03,125.10,125.10
492,3122.00,32.33611850,119.83832329,32.30513604,119.89219155,32.30513604,119.89219155,0.6733,6129.78,1,1140,split_finetuned_disk,16,1,-1,1473.38,996.75,996.75
493,3126.00,32.33611850,119.83832329,32.30513604,119.89219155,32.30513604,119.89219155,0.6733,6129.78,1,1140,split_finetuned_disk,16,1,-1,1456.27,806.61,806.61
494,3130.00,32.33611850,119.83832329,32.30513604,119.89219155,32.30513604,119.89219155,0.6733,6129.78,1,1140,split_finetuned_disk,16,1,2,1347.37,109.12,109.12
495,3134.00,32.33601612,119.84061440,32.30513604,119.89219155,32.33601612,119.84061440,0.5567,5946.25,1,1186,split_finetuned_disk,11,1,2,1409.10,99.99,99.99
496,3138.00,32.33714756,119.82503370,32.33601612,119.84061440,32.33601612,119.84061440,0.5333,1471.09,1,1224,split_finetuned_disk,10,1,2,179.21,98.92,98.92
497,3142.00,32.29388424,119.89860782,32.33601612,119.84061440,32.33601612,119.84061440,0.6267,7194.41,1,134,split_finetuned_disk,14,1,2,8331.09,20.86,20.86
498,3146.00,32.33685297,119.89114466,32.33601612,119.84061440,32.33601612,119.84061440,0.5567,4754.33,1,1210,split_finetuned_disk,11,1,3,6017.93,80.19,80.19
499,3150.00,32.32318809,119.90008057,32.33601612,119.84061440,32.33601612,119.84061440,0.6500,5773.42,1,854,split_finetuned_disk,15,1,-1,6881.33,949.47,949.47
500,3154.00,32.32622344,119.82293304,32.33601612,119.84061440,32.33601612,119.84061440,0.5800,1988.70,1,908,split_finetuned_disk,12,1,-1,1160.45,983.16,983.16
501,3158.00,32.32622344,119.82293304,32.33601612,119.84061440,32.33601612,119.84061440,0.5800,1988.70,1,908,split_finetuned_disk,12,1,10,1163.39,79.04,79.04
502,3162.00,32.35128541,119.82768611,32.33601612,119.84061440,32.35128419,119.82768715,0.7433,2090.05,0,1496,split_finetuned_disk,19,1,-1,1708.32,978.99,978.99
503,3166.00,32.33378544,119.83370299,32.35180337,119.82724757,32.35180337,119.82724757,0.5567,2095.67,1,1093,split_finetuned_disk,11,1,-1,245.01,245.01,245.01
504,3169.00,32.33378544,119.83370299,32.35219275,119.82691788,32.35219275,119.82691788,0.5567,2146.21,1,1093,split_finetuned_disk,11,1,1,148.91,57.87,57.87
505,3173.00,32.33378544,119.83370299,32.35271194,119.82647830,32.35271194,119.82647830,0.5567,2213.80,1,1093,split_finetuned_disk,11,1,1,95.15,95.15,95.15
506,3177.00,32.33270765,119.83254764,32.35323112,119.82603871,32.35323112,119.82603871,0.4867,2365.30,1,1048,split_finetuned_disk,8,1,1,77.15,77.15,77.15
507,3181.00,32.33378544,119.83370299,32.35375030,119.82559913,32.35375030,119.82559913,0.5567,2349.60,1,1093,split_finetuned_disk,11,1,4,233.45,135.49,135.49
508,3185.00,32.33142019,119.82627103,32.35426948,119.82515955,32.35426948,119.82515955,0.5567,2545.73,1,1045,split_finetuned_disk,11,1,6,737.37,86.43,86.43
509,3189.00,32.33493342,119.84072866,32.35478866,119.82471997,32.35478866,119.82471997,0.5333,2674.56,1,1096,split_finetuned_disk,10,1,2,485.10,91.96,91.96
510,3193.00,32.33493342,119.84072866,32.35530784,119.82428039,32.35530784,119.82428039,0.5333,2745.60,1,1096,split_finetuned_disk,10,1,3,460.80,82.94,82.94
511,3197.00,32.32981669,119.83568939,32.35582702,119.82384080,32.35582702,119.82384080,0.5100,3102.59,1,1004,split_finetuned_disk,9,1,10,218.70,29.72,29.72
512,3200.00,32.29388424,119.89860782,32.35621640,119.82351112,32.29388424,119.89860782,0.6267,9902.17,1,134,split_finetuned_disk,14,1,-1,6908.54,1396.44,1396.44
513,3204.00,32.33624143,119.82736290,32.29388424,119.89860782,32.29388424,119.89860782,0.5333,8194.56,1,1180,split_finetuned_disk,10,1,-1,1459.89,1098.50,1098.50
514,3208.00,32.34638325,119.85439225,32.29388424,119.89860782,32.29388424,119.89860782,0.6733,7173.22,1,1418,split_finetuned_disk,16,1,-1,2439.99,1077.02,1077.02
515,3212.00,32.32439463,119.83829101,32.29388424,119.89860782,32.29388424,119.89860782,0.5567,6612.90,1,871,split_finetuned_disk,11,1,7,356.30,115.92,115.92
516,3216.00,32.32456047,119.84163590,32.29388424,119.89860782,32.29388424,119.89860782,0.6033,6354.88,1,917,split_finetuned_disk,13,1,1,86.68,86.68,86.68
517,3220.00,32.32456047,119.84163590,32.29388424,119.89860782,32.29388424,119.89860782,0.6033,6354.88,1,917,split_finetuned_disk,13,1,1,89.89,89.89,89.89
518,3224.00,32.29388424,119.81655486,32.29388424,119.89860782,32.29388424,119.89860782,0.6267,7718.79,1,95,split_finetuned_disk,14,1,2,4346.35,94.82,94.82
519,3228.00,32.33792003,119.84642125,32.29388424,119.89860782,32.29388424,119.89860782,0.4867,6937.64,1,1234,split_finetuned_disk,8,1,-1,1507.54,292.23,292.23
520,3232.00,32.33585028,119.88437291,32.29388424,119.89860782,32.29388424,119.89860782,0.5100,4859.79,1,1162,split_finetuned_disk,9,1,-1,3896.87,263.82,263.82
521,3236.00,32.34295094,119.86270023,32.29388424,119.89860782,32.29388424,119.89860782,0.6733,6422.19,1,1331,split_finetuned_disk,16,1,7,2461.11,30.22,30.22
522,3239.00,32.32263020,119.84631968,32.29388424,119.89860782,32.32263020,119.84631968,0.5567,5868.09,1,829,split_finetuned_disk,11,1,1,145.10,94.68,94.68
523,3243.00,32.32818100,119.84586262,32.32263020,119.84631968,32.32263020,119.84631968,0.5800,619.41,1,964,split_finetuned_disk,12,1,2,529.32,98.26,98.26
524,3247.00,32.32818100,119.84586262,32.32263020,119.84631968,32.32263020,119.84631968,0.5800,619.41,1,964,split_finetuned_disk,12,1,10,602.21,45.99,45.99
525,3251.00,32.34762198,119.89962351,32.32263020,119.84631968,32.32263020,119.84631968,0.5333,5734.42,1,1484,split_finetuned_disk,10,1,7,5530.77,63.79,63.79
526,3255.00,32.32232979,119.85334536,32.32263020,119.84631968,32.32263020,119.84631968,0.4867,661.76,1,832,split_finetuned_disk,8,1,4,274.10,116.69,116.69
527,3259.00,32.31303554,119.85100347,32.32263020,119.84631968,32.32263020,119.84631968,0.5333,1155.39,1,606,split_finetuned_disk,10,1,4,841.75,57.33,57.33
528,3263.00,32.30869710,119.84974655,32.32263020,119.84631968,32.32263020,119.84631968,0.5333,1584.18,1,471,split_finetuned_disk,10,1,6,1385.72,42.94,42.94
529,3267.00,32.29008715,119.89859512,32.32263020,119.84631968,32.32263020,119.84631968,0.5100,6107.91,1,44,split_finetuned_disk,9,1,3,5570.22,96.35,96.35
530,3270.00,32.30869710,119.84974655,32.32263020,119.84631968,32.32263020,119.84631968,0.5333,1584.18,1,471,split_finetuned_disk,10,1,3,1294.13,79.09,79.09
531,3274.00,32.31756710,119.84748084,32.32263020,119.84631968,32.32263020,119.84631968,0.6033,574.11,1,740,split_finetuned_disk,13,1,9,522.81,123.83,123.83
532,3278.00,32.31756710,119.84748084,32.32263020,119.84631968,32.31756710,119.84748084,0.6033,574.11,1,740,split_finetuned_disk,13,1,9,618.48,51.38,51.38
533,3282.00,32.29827633,119.86238864,32.31756710,119.84748084,32.31756710,119.84748084,0.5567,2564.81,1,252,split_finetuned_disk,11,1,10,2237.35,97.12,97.12
534,3285.00,32.29827633,119.86238864,32.31756710,119.84748084,32.31756710,119.84748084,0.5567,2564.81,1,252,split_finetuned_disk,11,1,3,2153.37,97.92,97.92
535,3289.00,32.31734762,119.86071964,32.31756710,119.84748084,32.31756710,119.84748084,0.5333,1245.62,1,701,split_finetuned_disk,10,1,2,395.60,16.31,16.31
536,3293.00,32.30604217,119.84842035,32.31756710,119.84748084,32.31756710,119.84748084,0.6033,1286.00,1,425,split_finetuned_disk,13,1,3,1442.85,121.81,121.81
537,3297.00,32.32216886,119.86101165,32.31756710,119.84748084,32.31756710,119.84748084,0.5333,1372.07,1,836,split_finetuned_disk,10,1,2,766.59,62.34,62.34
538,3301.00,32.30735109,119.88743848,32.31756710,119.84748084,32.31756710,119.84748084,0.5567,3927.12,1,443,split_finetuned_disk,11,1,-1,2794.61,993.76,993.76
539,3305.00,32.30735109,119.88743848,32.31756710,119.84748084,32.31756710,119.84748084,0.5567,3927.12,1,443,split_finetuned_disk,11,1,-1,2686.86,1252.41,1252.41
540,3309.00,32.32768747,119.85425259,32.31756710,119.84748084,32.31756710,119.84748084,0.5567,1294.23,1,968,split_finetuned_disk,11,1,-1,1613.30,1317.54,1317.54
541,3313.00,32.31364708,119.86120209,32.31756710,119.84748084,32.31756710,119.84748084,0.5333,1362.54,1,611,split_finetuned_disk,10,1,1,84.72,84.72,84.72
542,3317.00,32.32768747,119.85425259,32.31756710,119.84748084,32.32768747,119.85425259,0.5567,1294.23,1,968,split_finetuned_disk,11,1,-1,1800.09,1379.95,1379.95
543,3321.00,32.30604217,119.84842035,32.32768747,119.85425259,32.32768747,119.85425259,0.6033,2471.23,1,425,split_finetuned_disk,13,1,2,1545.44,88.71,88.71
544,3325.00,32.29827633,119.86238864,32.32768747,119.85425259,32.32768747,119.85425259,0.5567,3362.32,1,252,split_finetuned_disk,11,1,7,1462.54,87.96,87.96
545,3329.00,32.29827633,119.86238864,32.32768747,119.85425259,32.32768747,119.85425259,0.5567,3362.32,1,252,split_finetuned_disk,11,1,9,1414.29,43.08,43.08
546,3333.00,32.31756710,119.84748084,32.32768747,119.85425259,32.32768747,119.85425259,0.6033,1294.23,1,740,split_finetuned_disk,13,1,7,1862.45,79.94,79.94
547,3337.00,32.33312025,119.84579914,32.32768747,119.85425259,32.32768747,119.85425259,0.5800,999.07,1,1099,split_finetuned_disk,12,1,4,3181.13,99.39,99.39
548,3341.00,32.33312025,119.84579914,32.32768747,119.85425259,32.32768747,119.85425259,0.5800,999.07,1,1099,split_finetuned_disk,12,1,5,3225.35,61.08,61.08
549,3345.00,32.31707940,119.84424441,32.32768747,119.85425259,32.32768747,119.85425259,0.5333,1510.26,1,693,split_finetuned_disk,10,1,4,2387.74,48.55,48.55
550,3348.00,32.29577742,119.86836054,32.32768747,119.85425259,32.32768747,119.85425259,0.6267,3792.05,1,165,split_finetuned_disk,14,1,6,1517.54,133.75,133.75
551,3352.00,32.34628669,119.87832483,32.32768747,119.85425259,32.32768747,119.85425259,0.6500,3068.35,1,1429,split_finetuned_disk,15,1,8,4221.96,56.50,56.50
552,3356.00,32.34628669,119.87832483,32.32768747,119.85425259,32.34628669,119.87832483,0.6500,3068.35,1,1429,split_finetuned_disk,15,1,-1,4260.71,678.33,678.33
553,3360.00,32.30754912,119.87630615,32.34628669,119.87832483,32.34628669,119.87832483,0.5100,4316.45,1,484,split_finetuned_disk,9,1,-1,681.13,273.48,273.48
554,3364.00,32.34317043,119.87248570,32.34628669,119.87832483,32.34628669,119.87832483,0.5567,649.66,1,1382,split_finetuned_disk,11,1,-1,4121.81,318.08,318.08
555,3368.00,32.30665371,119.87222597,32.34628669,119.87832483,32.34628669,119.87832483,0.5800,4449.09,1,436,split_finetuned_disk,12,1,1,110.93,91.49,91.49
556,3372.00,32.31022550,119.83636809,32.34628669,119.87832483,32.34628669,119.87832483,0.5333,5629.65,1,510,split_finetuned_disk,10,1,-1,3432.25,159.91,159.91
557,3376.00,32.33312025,119.84579914,32.34628669,119.87832483,32.34628669,119.87832483,0.5800,3392.65,1,1099,split_finetuned_disk,12,1,6,4106.47,143.03,143.03
558,3380.00,32.32015766,119.88273511,32.34628669,119.87832483,32.34628669,119.87832483,0.5800,2938.12,1,802,split_finetuned_disk,12,1,5,1970.09,109.34,109.34
559,3384.00,32.30971052,119.87603372,32.34628669,119.87832483,32.34628669,119.87832483,0.6267,4077.36,1,528,split_finetuned_disk,14,1,10,607.17,10.67,10.67
560,3388.00,32.30971052,119.87603372,32.34628669,119.87832483,32.34628669,119.87832483,0.6267,4077.36,1,528,split_finetuned_disk,14,1,-1,679.39,481.67,481.67
561,3391.00,32.34628669,119.87832483,32.34628669,119.87832483,32.34628669,119.87832483,0.6500,0.00,0,1429,split_finetuned_disk,15,1,-1,4729.61,529.94,529.94
562,3395.00,32.34317043,119.87248570,32.34628669,119.87832483,32.34628669,119.87832483,0.5567,649.66,1,1382,split_finetuned_disk,11,1,5,4609.70,75.72,75.72
563,3399.00,32.33390346,119.87384418,32.34628669,119.87832483,32.34628669,119.87832483,0.5800,1441.50,1,1112,split_finetuned_disk,12,1,3,3473.42,132.22,132.22
564,3403.00,32.30107073,119.88033662,32.34628669,119.87832483,32.34628669,119.87832483,0.6733,5037.00,1,305,split_finetuned_disk,16,1,1,108.18,101.61,101.61
565,3407.00,32.30107073,119.88033662,32.34628669,119.87832483,32.34628669,119.87832483,0.6733,5037.00,1,305,split_finetuned_disk,16,1,1,72.37,72.37,72.37
566,3411.00,32.30107073,119.88033662,32.34628669,119.87832483,32.34628669,119.87832483,0.6733,5037.00,1,305,split_finetuned_disk,16,1,5,157.63,47.49,47.49
567,3415.00,32.29855527,119.88121847,32.34628669,119.87832483,32.34628669,119.87832483,0.5333,5320.43,1,261,split_finetuned_disk,10,1,1,135.14,90.17,90.17
568,3419.00,32.33390346,119.87384418,32.34628669,119.87832483,32.34628669,119.87832483,0.5800,1441.50,1,1112,split_finetuned_disk,12,1,4,3826.06,86.08,86.08
569,3423.00,32.29927411,119.88458874,32.34628669,119.87832483,32.34628669,119.87832483,0.5567,5266.51,1,262,split_finetuned_disk,11,1,1,57.13,57.13,57.13
570,3427.00,32.34628669,119.87832483,32.34628669,119.87832483,32.34628669,119.87832483,0.6500,0.00,0,1429,split_finetuned_disk,15,1,2,5291.46,65.44,65.44
571,3431.00,32.31633911,119.89977586,32.34628669,119.87832483,32.34628669,119.87832483,0.5567,3896.92,1,719,split_finetuned_disk,11,1,3,2459.96,113.60,113.60
572,3435.00,32.29927411,119.88458874,32.34628669,119.87832483,32.34628669,119.87832483,0.5567,5266.51,1,262,split_finetuned_disk,11,1,5,279.96,44.82,44.82
573,3438.00,32.31224743,119.89731970,32.34628669,119.87832483,32.34628669,119.87832483,0.6267,4189.43,1,583,split_finetuned_disk,14,1,6,1889.62,33.32,33.32
574,3442.00,32.29768133,119.88825684,32.34628669,119.87832483,32.34628669,119.87832483,0.5100,5490.82,1,219,split_finetuned_disk,9,1,1,109.29,109.29,109.29
575,3446.00,32.29577742,119.88908208,32.34628669,119.87832483,32.34628669,119.87832483,0.6033,5713.03,1,174,split_finetuned_disk,13,1,1,59.70,59.70,59.70
576,3492.00,32.35432567,119.86529497,32.34628669,119.87832483,32.34628669,119.87832483,0.5800,1517.65,1,1649,split_finetuned_disk,12,1,7,7010.87,97.74,97.74
577,3499.00,32.32622344,119.82293304,32.34628669,119.87832483,32.34628669,119.87832483,0.5800,5669.23,1,908,split_finetuned_disk,12,1,5,6957.28,80.40,80.40
578,3506.00,32.32622344,119.82293304,32.34628669,119.87832483,32.34628669,119.87832483,0.5800,5669.23,1,908,split_finetuned_disk,12,1,4,6847.99,70.19,70.19
579,3514.00,32.29577742,119.88908208,32.34628669,119.87832483,32.34628669,119.87832483,0.6033,5713.03,1,174,split_finetuned_disk,13,1,4,363.05,52.52,52.52
580,3521.00,32.29577742,119.88908208,32.34628669,119.87832483,32.29577742,119.88908208,0.6033,5713.03,1,174,split_finetuned_disk,13,1,5,464.42,106.69,106.69
581,3529.00,32.29577742,119.88908208,32.29577742,119.88908208,32.29577742,119.88908208,0.6033,0.00,0,174,split_finetuned_disk,13,1,-1,478.47,294.59,294.59
582,3536.00,32.29577742,119.88908208,32.29577742,119.88908208,32.29577742,119.88908208,0.6033,0.00,0,174,split_finetuned_disk,13,1,7,589.53,52.35,52.35
583,3544.00,32.33523874,119.87935902,32.29577742,119.88908208,32.29577742,119.88908208,0.5100,4487.05,1,1160,split_finetuned_disk,9,1,3,4133.66,81.83,81.83
584,3551.00,32.29731655,119.87878189,32.29577742,119.88908208,32.29577742,119.88908208,0.6500,983.98,1,214,split_finetuned_disk,15,1,7,290.64,97.60,97.60
585,3559.00,32.34628669,119.87832483,32.29577742,119.88908208,32.29577742,119.88908208,0.6500,5713.03,1,1429,split_finetuned_disk,15,1,9,5222.10,37.13,37.13
586,3566.00,32.34628669,119.87832483,32.29577742,119.88908208,32.29577742,119.88908208,0.6500,5713.03,1,1429,split_finetuned_disk,15,1,7,5166.46,48.15,48.15
587,3573.00,32.34628669,119.87832483,32.29577742,119.88908208,32.29577742,119.88908208,0.6500,5713.03,1,1429,split_finetuned_disk,15,1,5,5097.47,127.04,127.04
588,3581.00,32.29897370,119.87913738,32.29577742,119.88908208,32.29577742,119.88908208,0.5333,1000.89,1,259,split_finetuned_disk,10,1,6,159.96,45.78,45.78
589,3588.00,32.29897370,119.87913738,32.29577742,119.88908208,32.29577742,119.88908208,0.5333,1000.89,1,259,split_finetuned_disk,10,1,7,242.76,87.32,87.32
590,3596.00,32.29897370,119.87913738,32.29577742,119.88908208,32.29577742,119.88908208,0.5333,1000.89,1,259,split_finetuned_disk,10,1,-1,340.84,204.43,204.43
591,3603.00,32.29897370,119.87913738,32.29577742,119.88908208,32.29577742,119.88908208,0.5333,1000.89,1,259,split_finetuned_disk,10,1,8,386.43,125.96,125.96
592,3610.00,32.29897370,119.87913738,32.29577742,119.88908208,32.29897370,119.87913738,0.5333,1000.89,1,259,split_finetuned_disk,10,1,2,495.25,98.27,98.27
593,3618.00,32.34628669,119.87832483,32.29897370,119.87913738,32.29897370,119.87913738,0.6500,5267.44,1,1429,split_finetuned_disk,15,1,5,4768.32,48.32,48.32
594,3625.00,32.34628669,119.87832483,32.29897370,119.87913738,32.29897370,119.87913738,0.6500,5267.44,1,1429,split_finetuned_disk,15,1,4,4721.69,131.83,131.83
595,3632.00,32.34317043,119.87248570,32.29897370,119.87913738,32.29897370,119.87913738,0.5567,4959.61,1,1382,split_finetuned_disk,11,1,4,4444.34,43.48,43.48
596,3640.00,32.34317043,119.87248570,32.29897370,119.87913738,32.29897370,119.87913738,0.5567,4959.61,1,1382,split_finetuned_disk,11,1,3,4388.73,21.86,21.86
597,3647.00,32.29577742,119.86836054,32.29897370,119.87913738,32.29897370,119.87913738,0.6267,1074.41,1,165,split_finetuned_disk,14,1,3,1088.76,113.33,113.33
598,3654.00,32.29577742,119.86836054,32.29897370,119.87913738,32.29897370,119.87913738,0.6267,1074.41,1,165,split_finetuned_disk,14,1,3,1137.93,68.25,68.25
599,3662.00,32.29577742,119.86836054,32.29897370,119.87913738,32.29897370,119.87913738,0.6267,1074.41,1,165,split_finetuned_disk,14,1,4,1195.10,66.79,66.79
600,3669.00,32.29775643,119.86862135,32.29897370,119.87913738,32.29897370,119.87913738,0.5567,998.49,1,209,split_finetuned_disk,11,1,2,1049.66,62.86,62.86
601,3676.00,32.32257655,119.81843969,32.29897370,119.87913738,32.29897370,119.87913738,0.6033,6285.40,1,816,split_finetuned_disk,13,1,3,4935.75,122.26,122.26
602,3684.00,32.32768747,119.85425259,32.29897370,119.87913738,32.32768747,119.85425259,0.5567,3961.95,1,968,split_finetuned_disk,11,1,4,2505.75,148.21,148.21
603,3691.00,32.31005384,119.84844574,32.32768747,119.85425259,32.32768747,119.85425259,0.5333,2037.56,1,515,split_finetuned_disk,10,1,-1,1660.38,1334.00,1334.00
604,3699.00,32.29792809,119.86508021,32.32768747,119.85425259,32.32768747,119.85425259,0.5800,3465.86,1,207,split_finetuned_disk,12,1,5,1292.29,93.07,93.07
605,3706.00,32.30709851,119.88997662,32.32768747,119.85425259,32.32768747,119.85425259,0.5567,4067.76,1,490,split_finetuned_disk,11,1,4,2540.57,88.29,88.29
606,3714.00,32.31756710,119.84748084,32.32768747,119.85425259,32.32768747,119.85425259,0.6033,1294.23,1,740,split_finetuned_disk,13,1,6,1769.38,63.41,63.41
607,3721.00,32.33765181,119.87567823,32.32768747,119.85425259,32.32768747,119.85425259,0.5800,2300.60,1,1248,split_finetuned_disk,12,1,4,3371.89,68.19,68.19
608,3729.00,32.32124618,119.86142374,32.32768747,119.85425259,32.32768747,119.85425259,0.5800,984.50,1,837,split_finetuned_disk,12,1,9,1289.61,112.31,112.31
609,3737.00,32.33312025,119.84579914,32.32768747,119.85425259,32.32768747,119.85425259,0.5800,999.07,1,1099,split_finetuned_disk,12,1,8,2793.16,33.75,33.75
610,3744.00,32.32318809,119.85844812,32.32768747,119.85425259,32.32768747,119.85425259,0.4867,637.68,1,834,split_finetuned_disk,8,1,-1,1196.01,1164.34,1164.34
611,3752.00,32.29706979,119.85465198,32.32768747,119.85425259,32.32768747,119.85425259,0.6033,3408.57,1,204,split_finetuned_disk,13,1,3,1707.71,120.49,120.49
612,3760.00,32.30029825,119.86030756,32.32768747,119.85425259,32.30029825,119.86030756,0.6267,3101.72,1,295,split_finetuned_disk,14,1,6,1350.25,50.28,50.28
613,3767.00,32.30029825,119.86030756,32.30029825,119.86030756,32.30029825,119.86030756,0.6267,0.00,0,295,split_finetuned_disk,14,1,6,1409.53,101.39,101.39
614,3775.00,32.31457467,119.85549681,32.30029825,119.86030756,32.30029825,119.86030756,0.5567,1652.43,1,653,split_finetuned_disk,11,1,5,247.13,61.73,61.73
615,3782.00,32.30604217,119.84842035,32.30029825,119.86030756,32.30029825,119.86030756,0.6033,1288.14,1,425,split_finetuned_disk,13,1,2,1160.29,121.82,121.82
616,3790.00,32.31457467,119.85549681,32.30029825,119.86030756,32.30029825,119.86030756,0.5567,1652.43,1,653,split_finetuned_disk,11,1,1,111.79,90.79,90.79
617,3798.00,32.31457467,119.85549681,32.30029825,119.86030756,32.30029825,119.86030756,0.5567,1652.43,1,653,split_finetuned_disk,11,1,1,42.98,42.98,42.98
618,3805.00,32.32083357,119.85694998,32.30029825,119.86030756,32.30029825,119.86030756,0.5567,2307.71,1,789,split_finetuned_disk,11,1,2,575.94,122.86,122.86
619,3813.00,32.31441956,119.84929638,32.30029825,119.86030756,32.30029825,119.86030756,0.5800,1882.57,1,605,split_finetuned_disk,12,1,7,553.84,56.66,56.66
620,3821.00,32.31441956,119.84929638,32.30029825,119.86030756,32.30029825,119.86030756,0.5800,1882.57,1,605,split_finetuned_disk,12,1,7,535.10,68.01,68.01
621,3828.00,32.30736182,119.85462767,32.30029825,119.86030756,32.30029825,119.86030756,0.5800,950.67,1,427,split_finetuned_disk,12,1,7,1275.13,98.50,98.50
622,3836.00,32.31756710,119.84748084,32.30029825,119.86030756,32.30029825,119.86030756,0.6033,2269.68,1,740,split_finetuned_disk,13,1,6,250.52,81.55,81.55
623,3844.00,32.31303554,119.85100347,32.30029825,119.86030756,32.31303554,119.85100347,0.5333,1666.29,1,606,split_finetuned_disk,10,1,6,587.22,55.91,55.91
624,3852.00,32.31756710,119.84748084,32.31303554,119.85100347,32.31303554,119.85100347,0.6033,603.56,1,740,split_finetuned_disk,13,1,1,65.97,65.97,65.97
625,3859.00,32.31756710,119.84748084,32.31303554,119.85100347,32.31303554,119.85100347,0.6033,603.56,1,740,split_finetuned_disk,13,1,1,115.12,101.83,101.83
626,3867.00,32.32212103,119.84421213,32.31303554,119.85100347,32.31303554,119.85100347,0.5333,1196.27,1,784,split_finetuned_disk,10,1,-1,162.37,162.37,162.37
627,3874.00,32.30513604,119.89219155,32.31303554,119.85100347,32.31303554,119.85100347,0.6033,3973.13,1,401,split_finetuned_disk,13,1,3,4701.91,66.63,66.63
628,3882.00,32.31713795,119.83220485,32.31303554,119.85100347,32.31303554,119.85100347,0.5333,1826.42,1,733,split_finetuned_disk,10,1,-1,1201.63,1020.83,1020.83
629,3890.00,32.32456047,119.84163590,32.31303554,119.85100347,32.31303554,119.85100347,0.6033,1556.44,1,917,split_finetuned_disk,13,1,2,545.11,103.32,103.32
630,3897.00,32.32456047,119.84163590,32.31303554,119.85100347,32.31303554,119.85100347,0.6033,1556.44,1,917,split_finetuned_disk,13,1,4,442.43,18.52,18.52
631,3905.00,32.30708778,119.80912291,32.31303554,119.85100347,32.30708831,119.80912663,0.7433,3994.99,0,452,split_finetuned_disk,19,1,5,3585.23,55.38,55.38
632,3912.00,32.29388424,119.81655486,32.30672226,119.80654916,32.30672226,119.80654916,0.6267,1711.24,1,95,split_finetuned_disk,14,1,-1,4139.00,1916.45,1916.45
633,3919.00,32.29388424,119.81655486,32.30635621,119.80397169,32.30635621,119.80397169,0.6267,1824.49,1,95,split_finetuned_disk,14,1,4,4128.37,36.93,36.93
634,3926.00,32.32345631,119.80480731,32.30599017,119.80139422,32.32331724,119.80478013,0.7667,1970.66,0,810,split_finetuned_disk,20,1,3,3306.85,101.42,101.42
635,3934.00,32.32456047,119.84163590,32.32987830,119.80319830,32.32987830,119.80319830,0.6033,3663.99,1,917,split_finetuned_disk,13,1,2,225.41,86.25,86.25
636,3941.00,32.32439463,119.83829101,32.33561922,119.80181420,32.33561922,119.80181420,0.5567,3651.82,1,871,split_finetuned_disk,11,1,1,141.84,58.53,58.53
637,3949.00,32.32880327,119.82038801,32.34218028,119.80023238,32.34218028,119.80023238,0.5333,2410.92,1,952,split_finetuned_disk,10,1,-1,1723.38,1422.51,1422.51
638,3957.00,32.33493342,119.84072866,32.34874134,119.79865055,32.34874134,119.79865055,0.5333,4246.29,1,1096,split_finetuned_disk,10,1,7,768.95,55.82,55.82
639,3964.00,32.29607783,119.89756093,32.35448227,119.79726645,32.35448227,119.79726645,0.5333,11457.99,1,178,split_finetuned_disk,10,1,8,6679.40,110.95,110.95
640,3972.00,32.32802006,119.83568939,32.36104333,119.79568462,32.36104333,119.79568462,0.6267,5260.83,1,959,split_finetuned_disk,14,1,1,38.13,38.13,38.13
641,3979.00,32.35128541,119.82768611,32.36678426,119.79430052,32.35132237,119.82760650,0.7433,3583.32,0,1496,split_finetuned_disk,19,1,2,2450.98,42.72,42.72
642,3987.00,32.32802006,119.83568939,32.35481963,119.83262429,32.35481963,119.83262429,0.6267,2997.23,1,959,split_finetuned_disk,14,1,1,108.37,108.37,108.37
643,3994.00,32.33575372,119.83265610,32.35787974,119.83701486,32.35787974,119.83701486,0.5567,2496.96,1,1137,split_finetuned_disk,11,1,7,700.32,70.68,70.68
644,4002.00,32.34297240,119.81666224,32.36137700,119.84203265,32.36137700,119.84203265,0.5100,3145.40,1,1311,split_finetuned_disk,9,1,4,1944.13,53.03,53.03
645,4010.00,32.34059642,119.83356333,32.36487426,119.84705044,32.36487426,119.84705044,0.5333,2985.60,1,1273,split_finetuned_disk,10,1,3,1144.55,83.78,83.78
646,4018.00,32.34294021,119.83556243,32.36837152,119.85206824,32.36837152,119.85206824,0.6267,3228.86,1,1319,split_finetuned_disk,14,1,3,1325.64,95.43,95.43
647,4025.00,32.33273401,119.83072629,32.37143163,119.85645880,32.37143163,119.85645880,0.5100,4941.35,1,1092,split_finetuned_disk,9,1,4,227.50,47.50,47.50
648,4033.00,32.33196736,119.83879886,32.37492889,119.86147659,32.37492889,119.86147659,0.6033,5236.71,1,1051,split_finetuned_disk,13,1,4,935.75,72.23,72.23
649,4040.00,32.32098378,119.83337289,32.37798899,119.86586716,32.37798899,119.86586716,0.6033,7043.67,1,778,split_finetuned_disk,13,1,-1,1367.81,346.30,346.30
650,4048.00,32.32098378,119.83337289,32.38148625,119.87088495,32.38148625,119.87088495,0.6033,7603.58,1,778,split_finetuned_disk,13,1,6,1451.96,89.21,89.21
651,4055.00,32.34295094,119.86270023,32.38454636,119.87527552,32.34295094,119.86270023,0.6733,4779.12,1,1331,split_finetuned_disk,16,1,-1,3276.48,204.86,204.86
652,4063.00,32.33624143,119.82736290,32.34295094,119.86270023,32.34295094,119.86270023,0.5333,3407.09,1,1180,split_finetuned_disk,10,1,3,334.77,135.44,135.44
653,4070.00,32.29388424,119.89860782,32.34295094,119.86270023,32.34295094,119.86270023,0.6267,6422.19,1,134,split_finetuned_disk,14,1,-1,8259.01,150.20,150.20
654,4078.00,32.35142980,119.83073899,32.34295094,119.86270023,32.34295094,119.86270023,0.5800,3151.29,1,1542,split_finetuned_disk,12,1,9,1910.38,13.10,13.10
655,4085.00,32.34294021,119.83556243,32.34295094,119.86270023,32.34295094,119.86270023,0.6267,2552.87,1,1319,split_finetuned_disk,14,1,-1,1334.55,932.08,932.08
656,4092.00,32.33407512,119.83521963,32.34295094,119.86270023,32.34295094,119.86270023,0.5567,2767.51,1,1094,split_finetuned_disk,11,1,8,1139.68,141.30,141.30
657,4100.00,32.33611850,119.83832329,32.34295094,119.86270023,32.34295094,119.86270023,0.6733,2416.00,1,1140,split_finetuned_disk,16,1,2,1402.31,45.32,45.32
658,4107.00,32.33714756,119.82503370,32.34295094,119.86270023,32.34295094,119.86270023,0.5333,3601.73,1,1224,split_finetuned_disk,10,1,3,344.41,88.43,88.43
659,4114.00,32.34523527,119.83235139,32.34295094,119.86270023,32.34295094,119.86270023,0.6267,2866.24,1,1407,split_finetuned_disk,14,1,4,1354.83,68.88,68.88
660,4122.00,32.34523527,119.83235139,32.34295094,119.86270023,32.34295094,119.86270023,0.6267,2866.24,1,1407,split_finetuned_disk,14,1,9,1381.62,101.10,101.10
661,4129.00,32.33277693,119.80969423,32.34295094,119.86270023,32.33277693,119.80969423,0.6033,5113.32,1,1082,split_finetuned_disk,13,1,8,1095.78,76.72,76.72
662,4136.00,32.29388424,119.89860782,32.33277693,119.80969423,32.33277693,119.80969423,0.6267,9418.29,1,134,split_finetuned_disk,14,1,9,9096.82,53.72,53.72
663,4143.00,32.33582882,119.88717767,32.33277693,119.80969423,32.33582853,119.88717030,0.7433,7296.84,0,1164,split_finetuned_disk,19,1,-1,6683.64,442.92,442.92
664,4149.00,32.30513604,119.89219155,32.33598410,119.89112003,32.33598410,119.89112003,0.6033,3435.49,1,401,split_finetuned_disk,13,1,-1,8183.88,369.38,369.38
665,4156.00,32.33406439,119.85315492,32.33616560,119.89572805,32.33616560,119.89572805,0.5100,4011.71,1,1102,split_finetuned_disk,9,1,-1,3548.86,184.86,184.86
666,4163.00,32.33611850,119.83832329,32.33634710,119.90033607,32.33634710,119.90033607,0.6733,5833.65,1,1140,split_finetuned_disk,16,1,5,2161.40,94.12,94.12
667,4170.00,32.33611850,119.83832329,32.33652860,119.90494409,32.33652860,119.90494409,0.6733,6267.24,1,1140,split_finetuned_disk,16,1,9,2268.30,85.12,85.12
668,4177.00,32.33613996,119.81774141,32.33671010,119.90955211,32.33671010,119.90955211,0.4867,8636.94,1,1131,split_finetuned_disk,8,1,6,913.86,40.35,40.35
669,4184.00,32.35067387,119.82691854,32.33689160,119.91416013,32.33689160,119.91416013,0.6967,8349.06,1,1495,split_finetuned_disk,17,1,9,1527.59,145.78,145.78
670,4192.00,32.35128541,119.82768611,32.33709903,119.91942644,32.35126911,119.82779157,0.7433,8773.39,0,1496,split_finetuned_disk,19,1,-1,1767.81,691.29,691.29
671,4199.00,32.35316205,119.87129915,32.35373988,119.81759537,32.35373988,119.81759537,0.5567,5052.37,1,1606,split_finetuned_disk,11,1,6,5722.35,43.02,43.02
672,4245.00,32.33407512,119.83521963,32.36997637,119.75059177,32.36997637,119.75059177,0.5567,8907.86,1,1094,split_finetuned_disk,11,1,6,2611.41,19.58,19.58
673,4249.00,32.29388424,119.89860782,32.37138824,119.74476537,32.37138824,119.74476537,0.6267,16848.71,1,134,split_finetuned_disk,14,1,-1,9885.15,154.76,154.76
674,4253.00,32.29388424,119.89860782,32.37280011,119.73893897,32.37280011,119.73893897,0.6267,17400.58,1,134,split_finetuned_disk,14,1,8,9855.23,110.15,110.15
675,4257.00,32.33624143,119.82736290,32.37421197,119.73311257,32.37421197,119.73311257,0.5333,9822.22,1,1180,split_finetuned_disk,10,1,8,1489.70,36.40,36.40
676,4261.00,32.34479048,119.84178825,32.37562384,119.72728617,32.37562384,119.72728617,0.6967,11304.96,1,1367,split_finetuned_disk,17,1,-1,2770.24,587.53,587.53
677,4265.00,32.35275435,119.83023803,32.37703571,119.72145977,32.37703571,119.72145977,0.6033,10583.83,1,1586,split_finetuned_disk,13,1,-1,2079.41,501.83,501.83
678,4269.00,32.33611850,119.83832329,32.37844758,119.71563337,32.37844758,119.71563337,0.6733,12466.38,1,1140,split_finetuned_disk,16,1,8,2191.82,69.80,69.80
679,4273.00,32.33611850,119.83832329,32.37985945,119.70980697,32.37985945,119.70980697,0.6733,13033.37,1,1140,split_finetuned_disk,16,1,2,2181.21,54.87,54.87
680,4277.00,32.33611850,119.83832329,32.38127132,119.70398057,32.33611850,119.83832329,0.6733,13600.62,1,1140,split_finetuned_disk,16,1,2,2077.32,93.77,93.77
681,4281.00,32.33611850,119.83832329,32.33611850,119.83832329,32.33611850,119.83832329,0.6733,0.00,0,1140,split_finetuned_disk,16,1,-1,1976.17,799.62,799.62
682,4285.00,32.33611850,119.83832329,32.33611850,119.83832329,32.33611850,119.83832329,0.6733,0.00,0,1140,split_finetuned_disk,16,1,-1,1875.93,220.30,220.30
683,4289.00,32.34563224,119.81420027,32.33611850,119.83832329,32.33611850,119.83832329,0.5333,2504.24,1,1399,split_finetuned_disk,10,1,6,1129.91,53.99,53.99
684,4294.00,32.34563224,119.81420027,32.33611850,119.83832329,32.33611850,119.83832329,0.5333,2504.24,1,1399,split_finetuned_disk,10,1,2,1181.57,103.89,103.89
685,4298.00,32.34297240,119.81666224,32.33611850,119.83832329,32.33611850,119.83832329,0.5100,2175.83,1,1311,split_finetuned_disk,9,1,4,766.31,131.59,131.59
686,4302.00,32.33407512,119.83521963,32.33611850,119.83832329,32.33611850,119.83832329,0.5567,370.12,1,1094,split_finetuned_disk,11,1,-1,1394.59,182.23,182.23
687,4306.00,32.34479048,119.84178825,32.33611850,119.83832329,32.33611850,119.83832329,0.6967,1018.91,1,1367,split_finetuned_disk,17,1,7,2174.21,117.86,117.86
688,4309.00,32.33575372,119.83265610,32.33611850,119.83832329,32.33611850,119.83832329,0.5567,534.66,1,1137,split_finetuned_disk,11,1,7,804.98,65.99,65.99
689,4313.00,32.33378544,119.83370299,32.33611850,119.83832329,32.33611850,119.83832329,0.5567,506.32,1,1093,split_finetuned_disk,11,1,4,993.75,11.84,11.84
690,4317.00,32.34295094,119.86270023,32.33611850,119.83832329,32.33611850,119.83832329,0.6733,2416.00,1,1331,split_finetuned_disk,16,1,-1,3652.50,387.45,387.45
691,4321.00,32.32098378,119.83337289,32.33611850,119.83832329,32.33611850,119.83832329,0.6033,1747.97,1,778,split_finetuned_disk,13,1,10,1518.81,112.56,112.56
692,4325.00,32.34282219,119.82825163,32.33611850,119.83832329,32.34282219,119.82825163,0.5800,1206.05,1,1315,split_finetuned_disk,12,1,-1,1173.39,333.90,333.90
693,4329.00,32.34282219,119.82825163,32.34282219,119.82825163,32.34282219,119.82825163,0.5800,0.00,0,1315,split_finetuned_disk,12,1,2,1223.87,29.45,29.45
694,4333.00,32.33196736,119.83879886,32.34282219,119.82825163,32.34282219,119.82825163,0.6033,1563.51,1,1051,split_finetuned_disk,13,1,3,1220.00,121.85,121.85
695,4337.00,32.33142019,119.82627103,32.34282219,119.82825163,32.34282219,119.82825163,0.5567,1282.87,1,1045,split_finetuned_disk,11,1,4,155.30,100.46,100.46
696,4341.00,32.33196736,119.83879886,32.34282219,119.82825163,32.34282219,119.82825163,0.6033,1563.51,1,1051,split_finetuned_disk,13,1,5,1048.88,29.33,29.33
697,4345.00,32.33196736,119.83879886,32.34282219,119.82825163,32.34282219,119.82825163,0.6033,1563.51,1,1051,split_finetuned_disk,13,1,-1,970.01,290.85,290.85
698,4349.00,32.33611850,119.83832329,32.34282219,119.82825163,32.34282219,119.82825163,0.6733,1206.05,1,1140,split_finetuned_disk,16,1,-1,959.00,514.82,514.82
699,4353.00,32.33611850,119.83832329,32.34282219,119.82825163,32.34282219,119.82825163,0.6733,1206.05,1,1140,split_finetuned_disk,16,1,-1,1009.66,581.43,581.43
700,4357.00,32.33575372,119.83265610,32.34282219,119.82825163,32.34282219,119.82825163,0.5567,889.28,1,1137,split_finetuned_disk,11,1,-1,837.30,503.74,503.74
701,4361.00,32.35142980,119.83073899,32.34282219,119.82825163,32.34282219,119.82825163,0.5800,986.35,1,1542,split_finetuned_disk,12,1,-1,2695.30,736.13,736.13
702,4365.00,32.35128541,119.82768611,32.34282219,119.82825163,32.35126129,119.82768772,0.7433,943.63,0,1496,split_finetuned_disk,19,1,-1,2584.86,1547.49,1547.49
703,4369.00,32.35128541,119.82768611,32.35240816,119.82761109,32.35153449,119.82766947,0.7433,125.18,0,1496,split_finetuned_disk,19,1,-1,2657.06,1394.53,1394.53
704,4373.00,32.34294021,119.83556243,32.35210032,119.82763166,32.35210032,119.82763166,0.6267,1263.48,1,1319,split_finetuned_disk,14,1,7,1859.40,87.18,87.18
705,4377.00,32.33196736,119.83879886,32.35266615,119.82759385,32.35266615,119.82759385,0.6033,2533.84,1,1051,split_finetuned_disk,13,1,3,804.47,90.90,90.90
706,4381.00,32.31185046,119.86758027,32.35323198,119.82755604,32.35323198,119.82755604,0.5333,5949.52,1,569,split_finetuned_disk,10,1,3,3207.77,79.10,79.10
707,4385.00,32.33312025,119.84579914,32.35379781,119.82751823,32.35379781,119.82751823,0.5800,2873.28,1,1099,split_finetuned_disk,12,1,3,1298.70,40.31,40.31
708,4388.00,32.33079792,119.88834571,32.35422218,119.82748988,32.35422218,119.82748988,0.4867,6290.66,1,1074,split_finetuned_disk,8,1,-1,4772.67,155.15,155.15
709,4392.00,32.32439463,119.83829101,32.35478800,119.82745207,32.35478800,119.82745207,0.5567,3533.69,1,871,split_finetuned_disk,11,1,10,172.22,102.86,102.86
710,4396.00,32.32345631,119.80480731,32.35535383,119.82741426,32.32367743,119.80496402,0.7667,4138.97,0,810,split_finetuned_disk,20,1,10,3205.54,15.50,15.50
711,4400.00,32.34239304,119.84631968,32.31850611,119.80086009,32.31850611,119.80086009,0.5567,5035.73,1,1324,split_finetuned_disk,11,1,10,2324.66,121.80,121.80
712,4404.00,32.30646059,119.83994151,32.31333478,119.79675616,32.31333478,119.79675616,0.5333,4133.92,1,421,split_finetuned_disk,10,1,5,1685.35,74.46,74.46
713,4408.00,32.30708778,119.80912291,32.30816345,119.79265222,32.30713428,119.80841091,0.7433,1554.03,0,452,split_finetuned_disk,19,1,6,3397.97,89.65,89.65
714,4412.00,32.31707940,119.84424441,32.30160314,119.80981635,32.30160314,119.80981635,0.5333,3668.39,1,693,split_finetuned_disk,10,1,8,379.84,118.27,118.27
715,4416.00,32.31707940,119.84424441,32.29607200,119.81122178,32.29607200,119.81122178,0.5333,3888.30,1,693,split_finetuned_disk,10,1,7,296.63,97.79,97.79
716,4420.00,32.29792809,119.86508021,32.29054086,119.81262722,32.29054086,119.81262722,0.5800,5002.35,1,207,split_finetuned_disk,12,1,5,2988.03,85.95,85.95
717,4424.00,32.31707940,119.84424441,32.28500972,119.81403265,32.28500972,119.81403265,0.5333,4563.12,1,693,split_finetuned_disk,10,1,3,251.02,33.72,33.72
718,4427.00,32.31756710,119.84748084,32.28086137,119.81508673,32.28086137,119.81508673,0.6033,5097.29,1,740,split_finetuned_disk,13,1,6,153.38,95.52,95.52
719,4431.00,32.31756710,119.84748084,32.27533023,119.81649216,32.27533023,119.81649216,0.6033,5532.18,1,740,split_finetuned_disk,13,1,-1,185.78,185.78,185.78
720,4435.00,32.29008715,119.89859512,32.26979909,119.81789760,32.26979909,119.81789760,0.5100,7920.11,1,44,split_finetuned_disk,9,1,10,5699.49,42.45,42.45
721,4439.00,32.32696373,119.80596265,32.26426795,119.81930303,32.26426795,119.81930303,0.6033,7091.22,1,900,split_finetuned_disk,13,1,10,4185.72,71.56,71.56
722,4443.00,32.32696373,119.80596265,32.25873682,119.82070847,32.25873682,119.82070847,0.6033,7720.66,1,900,split_finetuned_disk,13,1,7,4290.85,109.45,109.45
723,4447.00,32.32083357,119.85694998,32.25320568,119.82211390,32.32083357,119.85694998,0.5567,8210.66,1,789,split_finetuned_disk,11,1,8,792.00,56.53,56.53
724,4451.00,32.31501455,119.85311683,32.32083357,119.85694998,32.32083357,119.85694998,0.5100,741.37,1,652,split_finetuned_disk,9,1,6,162.01,48.57,48.57
725,4455.00,32.31484289,119.88955184,32.32083357,119.85694998,32.32083357,119.85694998,0.6033,3138.55,1,669,split_finetuned_disk,13,1,4,3466.64,105.66,105.66
726,4459.00,32.31756710,119.84748084,32.32083357,119.85694998,32.32083357,119.85694998,0.6033,962.13,1,740,split_finetuned_disk,13,1,6,688.09,67.80,67.80
727,4463.00,32.31756710,119.84748084,32.32083357,119.85694998,32.32083357,119.85694998,0.6033,962.13,1,740,split_finetuned_disk,13,1,6,791.18,122.63,122.63
728,4467.00,32.30736182,119.85462767,32.32083357,119.85694998,32.32083357,119.85694998,0.5800,1515.50,1,427,split_finetuned_disk,12,1,-1,780.86,151.14,151.14
729,4471.00,32.30648205,119.85463348,32.32083357,119.85694998,32.32083357,119.85694998,0.6500,1612.40,1,428,split_finetuned_disk,15,1,8,683.64,85.07,85.07
730,4475.00,32.30363401,119.85371936,32.32083357,119.85694998,32.32083357,119.85694998,0.6033,1938.62,1,383,split_finetuned_disk,13,1,7,835.14,93.58,93.58
731,4479.00,32.30648205,119.85463348,32.32083357,119.85694998,32.32083357,119.85694998,0.6500,1612.40,1,428,split_finetuned_disk,15,1,-1,607.64,607.64,607.64
732,4483.00,32.30646059,119.86545421,32.32083357,119.85694998,32.32083357,119.85694998,0.5333,1788.85,1,433,split_finetuned_disk,10,1,-1,870.89,846.17,846.17
733,4487.00,32.30807483,119.80831724,32.32083357,119.85694998,32.30807483,119.80831724,0.4867,4790.32,1,451,split_finetuned_disk,8,1,-1,4799.35,819.45,819.45
734,4491.00,32.29894151,119.85987589,32.30807483,119.80831724,32.30807483,119.80831724,0.5567,4955.58,1,250,split_finetuned_disk,11,1,2,1194.03,9.33,9.33
735,4495.00,32.30126385,119.85457688,32.30807483,119.80831724,32.30807483,119.80831724,0.5333,4417.24,1,292,split_finetuned_disk,10,1,-1,1162.91,178.68,178.68
736,4499.00,32.32257655,119.81843969,32.30807483,119.80831724,32.30807483,119.80831724,0.6033,1874.25,1,816,split_finetuned_disk,13,1,-1,4260.34,234.10,234.10
737,4503.00,32.31484289,119.88955184,32.30807483,119.80831724,32.30807483,119.80831724,0.6033,7678.85,1,669,split_finetuned_disk,13,1,10,2640.61,127.83,127.83
738,4507.00,32.31441956,119.84929638,32.30807483,119.80831724,32.30807483,119.80831724,0.5800,3919.11,1,605,split_finetuned_disk,12,1,-1,1511.23,163.18,163.18
739,4511.00,32.30100635,119.86731365,32.30807483,119.80831724,32.30807483,119.80831724,0.5567,5605.34,1,299,split_finetuned_disk,11,1,3,825.88,100.29,100.29
740,4515.00,32.29775643,119.86862135,32.30807483,119.80831724,32.30807483,119.80831724,0.5567,5787.98,1,209,split_finetuned_disk,11,1,3,1101.66,79.92,79.92
741,4519.00,32.30604217,119.84842035,32.30807483,119.80831724,32.30807483,119.80831724,0.6033,3779.31,1,425,split_finetuned_disk,13,1,2,1557.29,43.26,43.26
742,4523.00,32.30452450,119.86436923,32.30807483,119.80831724,32.30452508,119.86436001,0.7200,5287.65,0,387,split_finetuned_disk,18,1,3,286.54,80.81,80.81
743,4527.00,32.30452450,119.86436923,32.30434877,119.86714367,32.30450082,119.86474312,0.7200,261.73,0,387,split_finetuned_disk,18,1,-1,352.60,161.73,161.73
744,4531.00,32.29731655,119.87878189,32.30445072,119.86553396,32.30445072,119.86553396,0.6500,1477.78,1,214,split_finetuned_disk,15,1,5,1332.90,56.65,56.65
745,4535.00,32.31659660,119.86732635,32.30440063,119.86632480,32.30440063,119.86632480,0.4867,1360.92,1,704,split_finetuned_disk,8,1,-1,1441.06,164.30,164.30
746,4539.00,32.31533642,119.87339401,32.30435054,119.86711564,32.30435054,119.86711564,0.6500,1358.10,1,661,split_finetuned_disk,15,1,6,1323.28,123.26,123.26
747,4543.00,32.33792003,119.84642125,32.30430045,119.86790648,32.30430045,119.86790648,0.4867,4253.41,1,1234,split_finetuned_disk,8,1,3,4536.45,55.52,55.52
748,4547.00,32.34628669,119.87832483,32.30425036,119.86869732,32.30425036,119.86869732,0.6500,4766.32,1,1429,split_finetuned_disk,15,1,3,4866.14,80.49,80.49
749,4550.00,32.30971052,119.87603372,32.30421279,119.86929045,32.30421279,119.86929045,0.6267,881.44,1,528,split_finetuned_disk,14,1,4,996.57,107.94,107.94
750,4554.00,32.30863273,119.87670662,32.30416270,119.87008129,32.30416270,119.87008129,0.5100,797.53,1,483,split_finetuned_disk,9,1,3,824.90,71.80,71.80
751,4558.00,32.30971052,119.87603372,32.30411261,119.87087214,32.30411261,119.87087214,0.6267,789.99,1,528,split_finetuned_disk,14,1,7,1027.43,91.30,91.30
752,4562.00,32.34628669,119.87832483,32.30406252,119.87166298,32.30406252,119.87166298,0.6500,4741.99,1,1429,split_finetuned_disk,15,1,9,5056.81,41.45,41.45
753,4566.00,32.29855527,119.88121847,32.30401243,119.87245382,32.29855527,119.88121847,0.5333,1024.13,1,261,split_finetuned_disk,10,1,3,708.02,134.36,134.36
754,4570.00,32.33753962,119.87761385,32.29855527,119.88121847,32.29855527,119.88121847,0.6033,4352.96,1,1204,split_finetuned_disk,13,1,3,4174.66,104.48,104.48
755,4574.00,32.29927411,119.88458874,32.29855527,119.88121847,32.29855527,119.88121847,0.5567,326.99,1,262,split_finetuned_disk,11,1,5,808.18,20.95,20.95
756,4578.00,32.34628669,119.87832483,32.29855527,119.88121847,32.29855527,119.88121847,0.6500,5320.43,1,1429,split_finetuned_disk,15,1,3,5276.27,136.38,136.38
757,4582.00,32.29927411,119.88458874,32.29855527,119.88121847,32.29855527,119.88121847,0.5567,326.99,1,262,split_finetuned_disk,11,1,-1,635.83,635.83,635.83
758,4586.00,32.33937333,119.84002349,32.29855527,119.88121847,32.29855527,119.88121847,0.6500,5971.95,1,1277,split_finetuned_disk,15,1,-1,5923.38,680.52,680.52
759,4590.00,32.29731655,119.87878189,32.29855527,119.88121847,32.29855527,119.88121847,0.6500,267.49,1,214,split_finetuned_disk,15,1,1,91.32,91.32,91.32
760,4595.00,32.29827633,119.86238864,32.29855527,119.88121847,32.29855527,119.88121847,0.5567,1771.61,1,252,split_finetuned_disk,11,1,6,1598.45,96.53,96.53
761,4599.00,32.29568086,119.88246268,32.29855527,119.88121847,32.29855527,119.88121847,0.5567,340.71,1,171,split_finetuned_disk,11,1,1,142.11,71.81,71.81
762,4603.00,32.29568086,119.88246268,32.29855527,119.88121847,32.29855527,119.88121847,0.5567,340.71,1,171,split_finetuned_disk,11,1,1,53.59,53.59,53.59
763,4607.00,32.29568086,119.88246268,32.29855527,119.88121847,32.29568086,119.88246268,0.5567,340.71,1,171,split_finetuned_disk,11,1,1,100.55,100.55,100.55
764,4611.00,32.32696373,119.80596265,32.29568086,119.88246268,32.29568086,119.88246268,0.6033,7994.72,1,900,split_finetuned_disk,13,1,3,8069.72,76.49,76.49
765,4615.00,32.32696373,119.80596265,32.29568086,119.88246268,32.29568086,119.88246268,0.6033,7994.72,1,900,split_finetuned_disk,13,1,4,8178.68,55.41,55.41
766,4619.00,32.29568086,119.88246268,32.29568086,119.88246268,32.29568086,119.88246268,0.5567,0.00,0,171,split_finetuned_disk,11,1,5,348.48,66.35,66.35
767,4623.00,32.29208762,119.88246268,32.29568086,119.88246268,32.29568086,119.88246268,0.5100,400.00,1,81,split_finetuned_disk,9,1,5,342.08,103.97,103.97
