Frame,Time_Sec,Raw_Lat,Raw_Lng,Predicted_Lat,Predicted_Lng,Filtered_Lat,Filtered_Lng,Match_Confidence,Innovation_M,Outlier_Rejected,Best_Match_Idx,Algorithm,Inliers,Measurement_Valid,Correct_Candidate_Rank,Top1_Min_Dist_M,Top5_Min_Dist_M,Top10_Min_Dist_M
1,3.00,29.77234686,115.99339697,29.76100000,115.97500000,29.76100000,115.97500000,0.5100,2181.20,1,505,split_disk,9,1,-1,2233.95,2017.12,2017.12
2,7.00,29.74429223,115.99535486,29.76100000,115.97500000,29.76100000,115.97500000,0.5333,2707.45,1,311,split_disk,10,1,-1,2525.46,2281.96,2281.96
3,10.00,29.73668269,115.99321159,29.76100000,115.97500000,29.76100000,115.97500000,0.6033,3229.02,1,245,split_disk,13,1,-1,3061.37,2454.56,2454.56
4,14.00,29.74429223,115.99535486,29.76100000,115.97500000,29.76100000,115.97500000,0.5333,2707.45,1,311,split_disk,10,1,-1,2431.65,2271.92,2271.92
5,17.00,29.76883946,115.97520741,29.76100000,115.97500000,29.76100000,115.97500000,0.5333,872.92,1,470,split_disk,10,1,-1,1264.07,1264.07,1264.07
6,21.00,29.76883946,115.97520741,29.76100000,115.97500000,29.76100000,115.97500000,0.5333,872.92,1,470,split_disk,10,1,-1,1341.99,1341.99,1341.99
7,24.00,29.74429223,115.99535486,29.76100000,115.97500000,29.76100000,115.97500000,0.5333,2707.45,1,311,split_disk,10,1,-1,2303.57,1419.90,1419.90
8,28.00,29.74429223,115.99535486,29.76100000,115.97500000,29.76100000,115.97500000,0.5333,2707.45,1,311,split_disk,10,1,-1,2264.64,2092.20,2092.20
9,31.00,29.74429223,115.99535486,29.76100000,115.97500000,29.76100000,115.97500000,0.5333,2707.45,1,311,split_disk,10,1,-1,2222.65,1775.46,1775.46
10,34.00,29.74177209,115.99639299,29.76100000,115.97500000,29.74177209,115.99639299,0.4867,2976.15,1,285,split_disk,8,1,-1,2386.76,1857.08,1857.08
11,38.00,29.74429223,115.99535486,29.74177209,115.99639299,29.74177209,115.99639299,0.5333,297.95,1,311,split_disk,10,1,-1,2156.07,2156.07,2156.07
12,41.00,29.74035105,115.99604695,29.74177209,115.99639299,29.74177209,115.99639299,0.4867,161.69,1,272,split_disk,8,1,-1,2411.74,1818.29,1818.29
13,44.00,29.74429223,115.99535486,29.74177209,115.99639299,29.74177209,115.99639299,0.5333,297.95,1,311,split_disk,10,1,-1,2098.97,1993.74,1993.74
14,48.00,29.77234686,115.99339697,29.74177209,115.99639299,29.74177209,115.99639299,0.5100,3415.88,1,505,split_disk,9,1,-1,2968.01,2206.05,2206.05
15,51.00,29.73668269,115.99321159,29.74177209,115.99639299,29.74177209,115.99639299,0.6033,644.63,1,245,split_disk,13,1,-1,2356.15,2014.09,2014.09
16,55.00,29.74429223,115.99535486,29.74177209,115.99639299,29.74177209,115.99639299,0.5333,297.95,1,311,split_disk,10,1,-1,2032.80,1899.50,1899.50
17,58.00,29.74429223,115.99535486,29.74177209,115.99639299,29.74177209,115.99639299,0.5333,297.95,1,311,split_disk,10,1,-1,2014.17,1818.13,1818.13
18,62.00,29.74429223,115.99535486,29.74177209,115.99639299,29.74177209,115.99639299,0.5333,297.95,1,311,split_disk,10,1,-1,2000.98,1847.42,1847.42
19,65.00,29.77088744,115.97968457,29.74177209,115.99639299,29.74177209,115.99639299,0.5800,3621.21,1,499,split_disk,12,1,-1,2836.65,1827.84,1827.84
20,69.00,29.77088744,115.97968457,29.74177209,115.99639299,29.77088744,115.97968457,0.5800,3621.21,1,499,split_disk,12,1,-1,2912.98,1796.43,1796.43
21,72.00,29.71712827,115.97768959,29.77088744,115.97968457,29.77088744,115.97968457,0.6033,5987.58,1,108,split_disk,13,1,-1,3090.30,2533.93,2533.93
22,75.00,29.71286516,115.99072227,29.77088744,115.97968457,29.77088744,115.97968457,0.5800,6546.56,1,75,split_disk,12,1,-1,3920.81,3651.41,3651.41
23,78.00,29.71286516,115.99072227,29.77088744,115.97968457,29.77088744,115.97968457,0.5800,6546.56,1,75,split_disk,12,1,-1,3849.61,3583.55,3583.55
24,82.00,29.71286516,115.99072227,29.77088744,115.97968457,29.77088744,115.97968457,0.5800,6546.56,1,75,split_disk,12,1,-1,3778.67,1240.60,1240.60
25,85.00,29.77088744,115.97968457,29.77088744,115.97968457,29.77088744,115.97968457,0.5800,0.00,0,499,split_disk,12,1,-1,3306.71,1079.20,1079.20
26,89.00,29.75294267,115.97227318,29.77088744,115.97968457,29.75294269,115.97227319,0.7667,2122.18,0,365,split_disk,20,1,-1,1352.00,846.76,846.76
27,92.00,29.77184250,115.97662152,29.73948414,115.96671466,29.73948414,115.96671466,0.5800,3727.24,1,497,split_disk,12,1,-1,3416.26,1954.70,1954.70
28,96.00,29.74429223,115.99535486,29.72153942,115.95930330,29.72153942,115.95930330,0.5333,4307.96,1,311,split_disk,10,1,-1,2037.91,1780.49,1780.49
29,99.00,29.74429223,115.99535486,29.70808087,115.95374477,29.70808087,115.95374477,0.5333,5694.37,1,311,split_disk,10,1,-1,2058.02,1778.54,1778.54
30,102.00,29.74429223,115.99535486,29.69462232,115.94818625,29.69462232,115.94818625,0.5333,7166.57,1,311,split_disk,10,1,-1,2080.85,1778.82,1778.82
31,106.00,29.74429223,115.99535486,29.67667760,115.94077488,29.67667760,115.94077488,0.5333,9191.64,1,311,split_disk,10,1,-1,2106.32,1779.89,1779.89
32,110.00,29.76061826,115.97454004,29.65873287,115.93336351,29.65873287,115.93336351,0.5567,12019.96,1,405,split_disk,11,1,-1,2401.33,2401.33,2401.33
33,113.00,29.76061826,115.97454004,29.64527432,115.92780499,29.64527432,115.92780499,0.5567,13611.56,1,405,split_disk,11,1,-1,2490.38,2490.38,2490.38
34,116.00,29.74523036,115.97549166,29.63181578,115.92224646,29.63181578,115.92224646,0.6267,13634.02,1,314,split_disk,14,1,-1,1168.41,1168.41,1168.41
35,119.00,29.74523036,115.97549166,29.61835723,115.91668794,29.61835723,115.91668794,0.6267,15224.35,1,314,split_disk,14,1,-1,1246.32,1246.32,1246.32
36,123.00,29.74523036,115.97549166,29.60041250,115.90927657,29.74523036,115.97549166,0.6267,17345.16,1,314,split_disk,14,1,-1,1324.24,1324.24,1324.24
37,126.00,29.74523036,115.97549166,29.74523036,115.97549166,29.74523036,115.97549166,0.6267,0.00,0,314,split_disk,14,1,-1,1402.15,1402.15,1402.15
38,129.00,29.74523036,115.97549166,29.74523036,115.97549166,29.74523036,115.97549166,0.6267,0.00,0,314,split_disk,14,1,-1,1480.06,1480.06,1480.06
39,133.00,29.74523036,115.97549166,29.74523036,115.97549166,29.74523036,115.97549166,0.6267,0.00,0,314,split_disk,14,1,-1,1557.98,1557.98,1557.98
40,136.00,29.76785221,115.98801763,29.74523036,115.97549166,29.74523036,115.97549166,0.6500,2794.20,1,476,split_disk,15,1,-1,4214.92,1647.03,1647.03
41,139.00,29.74523036,115.97549166,29.74523036,115.97549166,29.74523036,115.97549166,0.6267,0.00,0,314,split_disk,14,1,-1,1724.95,1724.95,1724.95
42,143.00,29.74523036,115.97549166,29.74523036,115.97549166,29.74523036,115.97549166,0.6267,0.00,0,314,split_disk,14,1,-1,1802.86,1802.86,1802.86
43,146.00,29.74523036,115.97549166,29.74523036,115.97549166,29.74523036,115.97549166,0.6267,0.00,0,314,split_disk,14,1,-1,1880.78,1880.78,1880.78
44,150.00,29.74523036,115.97549166,29.74523036,115.97549166,29.74523036,115.97549166,0.6267,0.00,0,314,split_disk,14,1,-1,1958.70,1958.70,1958.70
45,153.00,29.74523036,115.97549166,29.74523036,115.97549166,29.74523036,115.97549166,0.6267,0.00,0,314,split_disk,14,1,-1,2036.62,2036.62,2036.62
46,157.00,29.76785221,115.98801763,29.74523036,115.97549166,29.74523036,115.97549166,0.6500,2794.20,1,476,split_disk,15,1,-1,4665.65,3137.31,3137.31
47,160.00,29.74429223,115.99535486,29.74523036,115.97549166,29.74523036,115.97549166,0.5333,1922.80,1,311,split_disk,10,1,-1,2807.65,2386.99,2386.99
48,164.00,29.74429223,115.99535486,29.74523036,115.97549166,29.74523036,115.97549166,0.5333,1922.80,1,311,split_disk,10,1,-1,2871.53,2314.45,2314.45
49,167.00,29.77234686,115.99339697,29.74523036,115.97549166,29.74523036,115.97549166,0.5100,3479.56,1,505,split_disk,9,1,-1,5457.18,1978.66,1978.66
50,170.00,29.77234686,115.99339697,29.74523036,115.97549166,29.74523036,115.97549166,0.5100,3479.56,1,505,split_disk,9,1,-1,5530.91,1814.86,1814.86
51,174.00,29.72383806,115.99339697,29.74523036,115.97549166,29.74523036,115.97549166,0.6033,2943.87,1,154,split_disk,13,1,-1,1780.26,1780.26,1780.26
52,177.00,29.72383806,115.99339697,29.74523036,115.97549166,29.74523036,115.97549166,0.6033,2943.87,1,154,split_disk,13,1,-1,1778.25,1778.25,1778.25
53,180.00,29.77234686,115.99339697,29.74523036,115.97549166,29.74523036,115.97549166,0.5100,3479.56,1,505,split_disk,9,1,-1,5752.76,1979.51,1979.51
54,184.00,29.77234686,115.99339697,29.74523036,115.97549166,29.74523036,115.97549166,0.5100,3479.56,1,505,split_disk,9,1,-1,5826.92,2232.00,2232.00
55,187.00,29.77234686,115.99339697,29.74523036,115.97549166,29.77234686,115.99339697,0.5100,3479.56,1,505,split_disk,9,1,-1,5901.18,2023.77,2023.77
56,190.00,29.72383806,115.99339697,29.77234686,115.99339697,29.77234686,115.99339697,0.6033,5400.00,1,154,split_disk,13,1,-1,1806.09,1782.01,1782.01
57,193.00,29.72383806,115.99339697,29.77234686,115.99339697,29.77234686,115.99339697,0.6033,5400.00,1,154,split_disk,13,1,-1,1821.33,1788.77,1788.77
58,196.00,29.72383806,115.99339697,29.77234686,115.99339697,29.77234686,115.99339697,0.6033,5400.00,1,154,split_disk,13,1,-1,1839.76,1839.76,1839.76
59,200.00,29.72383806,115.99339697,29.77234686,115.99339697,29.77234686,115.99339697,0.6033,5400.00,1,154,split_disk,13,1,-1,1861.26,1861.26,1861.26
60,203.00,29.77234686,115.99339697,29.77234686,115.99339697,29.77234686,115.99339697,0.5100,0.00,0,505,split_disk,9,1,-1,6284.46,2144.39,2144.39
61,206.00,29.77234686,115.99339697,29.77234686,115.99339697,29.77234686,115.99339697,0.5100,0.00,0,505,split_disk,9,1,-1,6359.24,2606.39,2606.39
62,210.00,29.77234686,115.99339697,29.77234686,115.99339697,29.77234686,115.99339697,0.5100,0.00,0,505,split_disk,9,1,-1,6434.09,2209.22,2209.22
63,213.00,29.77234686,115.99339697,29.77234686,115.99339697,29.77234686,115.99339697,0.5100,0.00,0,505,split_disk,9,1,-1,6509.01,1742.52,1742.52
64,216.00,29.77234686,115.99339697,29.77234686,115.99339697,29.77234686,115.99339697,0.5100,0.00,0,505,split_disk,9,1,-1,6594.73,1706.68,1706.68
65,220.00,29.77234686,115.99339697,29.77234686,115.99339697,29.77234686,115.99339697,0.5100,0.00,0,505,split_disk,9,1,-1,6669.80,1867.85,1867.85
66,223.00,29.77234686,115.99339697,29.77234686,115.99339697,29.77234686,115.99339697,0.5100,0.00,0,505,split_disk,9,1,-1,6744.93,1845.50,1845.50
67,226.00,29.77234686,115.99339697,29.77234686,115.99339697,29.77234686,115.99339697,0.5100,0.00,0,505,split_disk,9,1,-1,6820.13,1826.20,1826.20
68,230.00,29.77234686,115.99339697,29.77234686,115.99339697,29.77234686,115.99339697,0.5100,0.00,0,505,split_disk,9,1,-1,6895.39,1810.05,1810.05
69,233.00,29.77234686,115.99339697,29.77234686,115.99339697,29.77234686,115.99339697,0.5100,0.00,0,505,split_disk,9,1,-1,6970.71,1797.13,1797.13
70,237.00,29.76243015,115.97956098,29.77234686,115.99339697,29.77234686,115.99339697,0.6267,1734.14,1,434,split_disk,14,1,-1,5846.66,3281.36,3281.36
71,240.00,29.77234686,115.99339697,29.77234686,115.99339697,29.77234686,115.99339697,0.5100,0.00,0,505,split_disk,9,1,-1,7121.51,3229.57,3229.57
72,243.00,29.77234686,115.99339697,29.77234686,115.99339697,29.77234686,115.99339697,0.5100,0.00,0,505,split_disk,9,1,-1,7207.78,3304.28,3304.28
73,247.00,29.77234686,115.99339697,29.77234686,115.99339697,29.77234686,115.99339697,0.5100,0.00,0,505,split_disk,9,1,-1,7283.32,3370.22,3370.22
74,250.00,29.77234686,115.99339697,29.77234686,115.99339697,29.77234686,115.99339697,0.5100,0.00,0,505,split_disk,9,1,-1,7358.91,1783.81,1783.81
75,253.00,29.77234686,115.99339697,29.77234686,115.99339697,29.77234686,115.99339697,0.5100,0.00,0,505,split_disk,9,1,-1,7434.55,3609.20,3609.20
76,257.00,29.77234686,115.99339697,29.77234686,115.99339697,29.77234686,115.99339697,0.5100,0.00,0,505,split_disk,9,1,-1,7510.23,3570.93,3570.93
77,260.00,29.77234686,115.99339697,29.77234686,115.99339697,29.77234686,115.99339697,0.5100,0.00,0,505,split_disk,9,1,-1,7585.96,3638.71,3638.71
78,263.00,29.77234686,115.99339697,29.77234686,115.99339697,29.77234686,115.99339697,0.5100,0.00,0,505,split_disk,9,1,-1,7661.74,3532.71,3532.71
79,311.00,29.77234686,115.99339697,29.77234686,115.99339697,29.77234686,115.99339697,0.5100,0.00,0,505,split_disk,9,1,-1,7586.53,1446.95,1446.95
80,316.00,29.77234686,115.99339697,29.77234686,115.99339697,29.77234686,115.99339697,0.5100,0.00,0,505,split_disk,9,1,-1,7510.34,1426.33,1426.33
81,321.00,29.77234686,115.99339697,29.77234686,115.99339697,29.77234686,115.99339697,0.5100,0.00,0,505,split_disk,9,1,-1,7434.19,1606.64,1606.64
82,326.00,29.77234686,115.99339697,29.77234686,115.99339697,29.77234686,115.99339697,0.5100,0.00,0,505,split_disk,9,1,-1,7358.08,1397.27,1397.27
83,332.00,29.77234686,115.99339697,29.77234686,115.99339697,29.77234686,115.99339697,0.5100,0.00,0,505,split_disk,9,1,-1,7271.14,1284.66,1284.66
84,337.00,29.77234686,115.99339697,29.77234686,115.99339697,29.77234686,115.99339697,0.5100,0.00,0,505,split_disk,9,1,-1,7195.11,1585.03,1585.03
85,342.00,29.77234686,115.99339697,29.77234686,115.99339697,29.77234686,115.99339697,0.5100,0.00,0,505,split_disk,9,1,-1,7119.12,1586.04,1586.04
86,346.00,29.77234686,115.99339697,29.77234686,115.99339697,29.77234686,115.99339697,0.5100,0.00,0,505,split_disk,9,1,-1,7043.17,1590.87,1590.87
87,351.00,29.71030664,115.97653501,29.77234686,115.99339697,29.77234686,115.99339697,0.5333,7096.03,1,55,split_disk,10,1,1,21.55,21.55,21.55
88,356.00,29.71030664,115.97653501,29.77234686,115.99339697,29.77234686,115.99339697,0.5333,7096.03,1,55,split_disk,10,1,1,94.53,94.53,94.53
89,361.00,29.72383806,115.99339697,29.77234686,115.99339697,29.77234686,115.99339697,0.6033,5400.00,1,154,split_disk,13,1,-1,2005.45,171.91,171.91
90,366.00,29.72383806,115.99339697,29.77234686,115.99339697,29.77234686,115.99339697,0.6033,5400.00,1,154,split_disk,13,1,-1,1958.67,249.62,249.62
91,371.00,29.77234686,115.99339697,29.77234686,115.99339697,29.77234686,115.99339697,0.5100,0.00,0,505,split_disk,9,1,-1,6664.12,1191.72,1191.72
92,376.00,29.77234686,115.99339697,29.77234686,115.99339697,29.77234686,115.99339697,0.5100,0.00,0,505,split_disk,9,1,-1,6577.65,1700.47,1700.47
93,381.00,29.77234686,115.99339697,29.77234686,115.99339697,29.77234686,115.99339697,0.5100,0.00,0,505,split_disk,9,1,-1,6502.05,1730.23,1730.23
94,386.00,29.77234686,115.99339697,29.77234686,115.99339697,29.77234686,115.99339697,0.5100,0.00,0,505,split_disk,9,1,-1,6426.51,2059.79,2059.79
95,391.00,29.77184250,115.97662152,29.77234686,115.99339697,29.77234686,115.99339697,0.5800,1622.47,1,497,split_disk,12,1,-1,6150.10,1798.42,1798.42
96,396.00,29.76061826,115.97454004,29.77234686,115.99339697,29.77234686,115.99339697,0.5567,2242.07,1,405,split_disk,11,1,-1,4677.10,1836.54,1836.54
97,402.00,29.77234686,115.99339697,29.77234686,115.99339697,29.77234686,115.99339697,0.5100,0.00,0,505,split_disk,9,1,-1,6200.23,1877.11,1877.11
98,407.00,29.77234686,115.99339697,29.77234686,115.99339697,29.77234686,115.99339697,0.5100,0.00,0,505,split_disk,9,1,-1,6124.92,1919.99,1919.99
99,412.00,29.77234686,115.99339697,29.77234686,115.99339697,29.77234686,115.99339697,0.5100,0.00,0,505,split_disk,9,1,-1,6038.94,1971.63,1971.63
100,417.00,29.76061826,115.97454004,29.77234686,115.99339697,29.77234686,115.99339697,0.5567,2242.07,1,405,split_disk,11,1,-1,4354.64,2949.37,2949.37
101,423.00,29.76061826,115.97454004,29.77234686,115.99339697,29.77234686,115.99339697,0.5567,2242.07,1,405,split_disk,11,1,-1,4276.82,2871.44,2871.44
102,427.00,29.75008534,115.97683162,29.77234686,115.99339697,29.77234686,115.99339697,0.5567,2950.43,1,328,split_disk,11,1,-1,2993.52,2793.52,2793.52
103,432.00,29.77234686,115.99339697,29.77234686,115.99339697,29.77234686,115.99339697,0.5100,0.00,0,505,split_disk,9,1,-1,5738.76,1587.17,1587.17
104,437.00,29.77234686,115.99339697,29.77234686,115.99339697,29.77234686,115.99339697,0.5100,0.00,0,505,split_disk,9,1,-1,5663.90,1800.67,1800.67
105,442.00,29.77234686,115.99339697,29.77234686,115.99339697,29.77234686,115.99339697,0.5100,0.00,0,505,split_disk,9,1,-1,5589.14,1785.37,1785.37
106,447.00,29.72383806,115.99339697,29.77234686,115.99339697,29.77234686,115.99339697,0.6033,5400.00,1,154,split_disk,13,1,-1,1589.32,1589.32,1589.32
107,452.00,29.72383806,115.99339697,29.77234686,115.99339697,29.77234686,115.99339697,0.6033,5400.00,1,154,split_disk,13,1,-1,1598.42,1598.42,1598.42
108,457.00,29.77234686,115.99339697,29.77234686,115.99339697,29.77234686,115.99339697,0.5100,0.00,0,505,split_disk,9,1,-1,5354.74,1786.95,1786.95
109,463.00,29.73668269,115.99321159,29.77234686,115.99339697,29.77234686,115.99339697,0.6033,3970.18,1,245,split_disk,13,1,-1,1893.96,1792.30,1792.30
110,468.00,29.74429223,115.99535486,29.77234686,115.99339697,29.77234686,115.99339697,0.5333,3128.77,1,311,split_disk,10,1,-1,2650.18,2087.76,2087.76
111,473.00,29.74429223,115.99535486,29.77234686,115.99339697,29.77234686,115.99339697,0.5333,3128.77,1,311,split_disk,10,1,-1,2593.11,2169.20,2169.20
112,478.00,29.76785221,115.98801763,29.77234686,115.99339697,29.77234686,115.99339697,0.6500,721.60,1,476,split_disk,15,1,-1,4511.92,2116.76,2116.76
113,484.00,29.76785221,115.98801763,29.77234686,115.99339697,29.77234686,115.99339697,0.6500,721.60,1,476,split_disk,15,1,-1,4435.91,2199.58,2199.58
114,489.00,29.76785221,115.98801763,29.77234686,115.99339697,29.77234686,115.99339697,0.6500,721.60,1,476,split_disk,15,1,-1,4359.96,2853.26,2853.26
115,494.00,29.74429223,115.99535486,29.77234686,115.99339697,29.77234686,115.99339697,0.5333,3128.77,1,311,split_disk,10,1,-1,2369.38,1852.06,1852.06
116,499.00,29.74429223,115.99535486,29.77234686,115.99339697,29.77234686,115.99339697,0.5333,3128.77,1,311,split_disk,10,1,-1,2318.87,1918.07,1918.07
117,504.00,29.73668269,115.99321159,29.77234686,115.99339697,29.77234686,115.99339697,0.6033,3970.18,1,245,split_disk,13,1,-1,1635.19,1597.79,1597.79
118,509.00,29.74429223,115.99535486,29.77234686,115.99339697,29.74429223,115.99535486,0.5333,3128.77,1,311,split_disk,10,1,-1,2222.62,1834.81,1834.81
119,513.00,29.74523036,115.97549166,29.74429223,115.99535486,29.74429223,115.99535486,0.6267,1922.80,1,314,split_disk,14,1,-1,1462.41,1462.41,1462.41
120,518.00,29.74523036,115.97549166,29.74429223,115.99535486,29.74429223,115.99535486,0.6267,1922.80,1,314,split_disk,14,1,-1,1385.38,1385.38,1385.38
121,523.00,29.74523036,115.97549166,29.74429223,115.99535486,29.74429223,115.99535486,0.6267,1922.80,1,314,split_disk,14,1,-1,1308.46,1308.46,1308.46
122,529.00,29.74523036,115.97549166,29.74429223,115.99535486,29.74429223,115.99535486,0.6267,1922.80,1,314,split_disk,14,1,-1,1231.66,1231.66,1231.66
123,534.00,29.76061826,115.97454004,29.74429223,115.99535486,29.74429223,115.99535486,0.5567,2711.26,1,405,split_disk,11,1,-1,2532.83,2532.83,2532.83
124,539.00,29.76061826,115.97454004,29.74429223,115.99535486,29.74429223,115.99535486,0.5567,2711.26,1,405,split_disk,11,1,-1,2455.20,2455.20,2455.20
125,544.00,29.76061826,115.97454004,29.74429223,115.99535486,29.74429223,115.99535486,0.5567,2711.26,1,405,split_disk,11,1,-1,2377.58,2377.58,2377.58
126,549.00,29.74429223,115.99535486,29.74429223,115.99535486,29.74429223,115.99535486,0.5333,0.00,0,311,split_disk,10,1,-1,1913.61,1587.47,1587.47
127,554.00,29.74429223,115.99535486,29.74429223,115.99535486,29.74429223,115.99535486,0.5333,0.00,0,311,split_disk,10,1,-1,1886.92,1584.96,1584.96
128,560.00,29.74429223,115.99535486,29.74429223,115.99535486,29.74429223,115.99535486,0.5333,0.00,0,311,split_disk,10,1,-1,1863.10,1586.29,1586.29
129,565.00,29.74429223,115.99535486,29.74429223,115.99535486,29.74429223,115.99535486,0.5333,0.00,0,311,split_disk,10,1,-1,1842.28,1585.91,1585.91
130,570.00,29.73668269,115.99321159,29.74429223,115.99535486,29.74429223,115.99535486,0.6033,872.06,1,245,split_disk,13,1,-1,1702.52,1640.08,1640.08
131,575.00,29.77184250,115.97662152,29.74429223,115.99535486,29.74429223,115.99535486,0.5800,3561.56,1,497,split_disk,12,1,-1,3289.19,1728.27,1728.27
132,581.00,29.77088744,115.97968457,29.74429223,115.99535486,29.74429223,115.99535486,0.5800,3325.55,1,499,split_disk,12,1,-1,3234.22,1811.30,1811.30
133,586.00,29.75896567,115.97585529,29.74429223,115.99535486,29.74429223,115.99535486,0.5567,2494.13,1,406,split_disk,11,1,-1,1733.37,1733.37,1733.37
134,592.00,29.75896567,115.97585529,29.74429223,115.99535486,29.74429223,115.99535486,0.5567,2494.13,1,406,split_disk,11,1,-1,1655.45,1655.45,1655.45
135,597.00,29.75896567,115.97585529,29.74429223,115.99535486,29.74429223,115.99535486,0.5567,2494.13,1,406,split_disk,11,1,-1,1577.53,1577.53,1577.53
136,602.00,29.77088744,115.97968457,29.74429223,115.99535486,29.74429223,115.99535486,0.5800,3325.55,1,499,split_disk,12,1,4,2924.97,100.67,100.67
137,608.00,29.77088744,115.97968457,29.74429223,115.99535486,29.74429223,115.99535486,0.5800,3325.55,1,499,split_disk,12,1,-1,2847.75,1629.46,1629.46
138,613.00,29.74429223,115.99535486,29.74429223,115.99535486,29.74429223,115.99535486,0.5333,0.00,0,311,split_disk,10,1,-1,1803.23,1605.51,1605.51
139,618.00,29.72579565,115.97604780,29.74429223,115.99535486,29.74429223,115.99535486,0.5333,2778.92,1,158,split_disk,10,1,-1,2554.44,874.41,874.41
140,623.00,29.72476546,115.97208780,29.74429223,115.99535486,29.74429223,115.99535486,0.5567,3127.77,1,157,split_disk,11,1,-1,2655.93,823.43,823.43
141,628.00,29.72619723,115.97479957,29.74429223,115.99535486,29.74429223,115.99535486,0.5333,2829.34,1,171,split_disk,10,1,-1,2510.45,1122.02,1122.02
142,633.00,29.77234686,115.99339697,29.74429223,115.99535486,29.74429223,115.99535486,0.5100,3128.77,1,505,split_disk,9,1,-1,2893.53,1631.37,1631.37
143,638.00,29.77234686,115.99339697,29.74429223,115.99535486,29.74429223,115.99535486,0.5100,3128.77,1,505,split_disk,9,1,-1,2828.66,1553.98,1553.98
144,642.00,29.77234686,115.99339697,29.74429223,115.99535486,29.74429223,115.99535486,0.5100,3128.77,1,505,split_disk,9,1,-1,2764.46,1476.64,1476.64
145,647.00,29.77234686,115.99339697,29.74429223,115.99535486,29.74429223,115.99535486,0.5100,3128.77,1,505,split_disk,9,1,-1,2700.99,1399.36,1399.36
146,652.00,29.77234686,115.99339697,29.74429223,115.99535486,29.74429223,115.99535486,0.5100,3128.77,1,505,split_disk,9,1,-1,2629.39,1311.14,1311.14
147,657.00,29.77234686,115.99339697,29.74429223,115.99535486,29.74429223,115.99535486,0.5100,3128.77,1,505,split_disk,9,1,-1,2567.65,1420.19,1420.19
148,662.00,29.72476546,115.97208780,29.74429223,115.99535486,29.72476546,115.97208780,0.5567,3127.77,1,157,split_disk,11,1,-1,3284.15,2153.41,2153.41
149,668.00,29.72476546,115.97208780,29.72476546,115.97208780,29.72476546,115.97208780,0.5567,0.00,0,157,split_disk,11,1,-1,3361.47,2715.45,2715.45
150,673.00,29.72476546,115.97208780,29.72476546,115.97208780,29.72476546,115.97208780,0.5567,0.00,0,157,split_disk,11,1,-1,3438.81,2123.77,2123.77
151,678.00,29.72579565,115.97604780,29.72476546,115.97208780,29.72476546,115.97208780,0.5333,399.58,1,158,split_disk,10,1,-1,3498.21,1971.99,1971.99
152,683.00,29.74429223,115.99535486,29.72476546,115.97208780,29.72476546,115.97208780,0.5333,3127.77,1,311,split_disk,10,1,-1,2249.78,1904.88,1904.88
153,689.00,29.74429223,115.99535486,29.72476546,115.97208780,29.72476546,115.97208780,0.5333,3127.77,1,311,split_disk,10,1,-1,2298.04,2286.05,2286.05
154,695.00,29.74429223,115.99535486,29.72476546,115.97208780,29.72476546,115.97208780,0.5333,3127.77,1,311,split_disk,10,1,-1,2355.15,2355.15,2355.15
155,700.00,29.74429223,115.99535486,29.72476546,115.97208780,29.72476546,115.97208780,0.5333,3127.77,1,311,split_disk,10,1,-1,2406.71,2406.71,2406.71
156,706.00,29.74429223,115.99535486,29.72476546,115.97208780,29.72476546,115.97208780,0.5333,3127.77,1,311,split_disk,10,1,-1,2459.66,2318.62,2318.62
157,711.00,29.71286516,115.99072227,29.72476546,115.97208780,29.72476546,115.97208780,0.5800,2235.90,1,75,split_disk,12,1,-1,5545.97,2658.55,2658.55
158,716.00,29.71286516,115.99072227,29.72476546,115.97208780,29.72476546,115.97208780,0.5800,2235.90,1,75,split_disk,12,1,-1,5621.45,2856.30,2856.30
159,721.00,29.71286516,115.99072227,29.72476546,115.97208780,29.72476546,115.97208780,0.5800,2235.90,1,75,split_disk,12,1,-1,5697.01,893.24,893.24
160,725.00,29.77088744,115.97968457,29.72476546,115.97208780,29.77088744,115.97968457,0.5800,5186.54,1,499,split_disk,12,1,-1,1088.56,654.57,654.57
161,772.00,29.77234686,115.99339697,29.77088744,115.97968457,29.77088744,115.97968457,0.5100,1335.35,1,505,split_disk,9,1,-1,1792.33,852.44,852.44
162,775.00,29.71286516,115.99072227,29.77088744,115.97968457,29.77088744,115.97968457,0.5800,6546.56,1,75,split_disk,12,1,-1,5522.61,831.01,831.01
163,778.00,29.71286516,115.99072227,29.77088744,115.97968457,29.77088744,115.97968457,0.5800,6546.56,1,75,split_disk,12,1,-1,5446.55,909.59,909.59
164,782.00,29.73668269,115.99321159,29.77088744,115.97968457,29.77088744,115.97968457,0.6033,4025.91,1,245,split_disk,13,1,-1,2981.38,2282.96,2282.96
165,785.00,29.77234686,115.99339697,29.77088744,115.97968457,29.77088744,115.97968457,0.5100,1335.35,1,505,split_disk,9,1,-1,2011.45,2011.45,2011.45
166,789.00,29.77234686,115.99339697,29.77088744,115.97968457,29.77088744,115.97968457,0.5100,1335.35,1,505,split_disk,9,1,-1,2068.42,1596.93,1596.93
167,792.00,29.73668269,115.99321159,29.77088744,115.97968457,29.77088744,115.97968457,0.6033,4025.91,1,245,split_disk,13,1,-1,2767.15,2268.70,2268.70
168,796.00,29.72579565,115.97604780,29.77088744,115.97968457,29.77088744,115.97968457,0.5333,5031.91,1,158,split_disk,10,1,-1,3537.51,1862.72,1862.72
169,799.00,29.72476546,115.97208780,29.77088744,115.97968457,29.77088744,115.97968457,0.5567,5186.54,1,157,split_disk,11,1,-1,3489.38,1649.15,1649.15
170,803.00,29.72476546,115.97208780,29.77088744,115.97968457,29.72476546,115.97208780,0.5567,5186.54,1,157,split_disk,11,1,4,3412.67,42.83,42.83
171,807.00,29.72476546,115.97208780,29.72476546,115.97208780,29.72476546,115.97208780,0.5567,0.00,0,157,split_disk,11,1,-1,3336.03,2076.71,2076.71
172,810.00,29.77234686,115.99339697,29.72476546,115.97208780,29.72476546,115.97208780,0.5100,5683.15,1,505,split_disk,9,1,-1,2434.74,1197.87,1197.87
173,814.00,29.77234686,115.99339697,29.72476546,115.97208780,29.72476546,115.97208780,0.5100,5683.15,1,505,split_disk,9,1,-1,2508.33,1286.93,1286.93
174,817.00,29.77234686,115.99339697,29.72476546,115.97208780,29.72476546,115.97208780,0.5100,5683.15,1,505,split_disk,9,1,-1,2573.52,1564.85,1564.85
175,821.00,29.77234686,115.99339697,29.72476546,115.97208780,29.72476546,115.97208780,0.5100,5683.15,1,505,split_disk,9,1,-1,2639.41,1442.77,1442.77
176,824.00,29.77234686,115.99339697,29.72476546,115.97208780,29.72476546,115.97208780,0.5100,5683.15,1,505,split_disk,9,1,-1,2705.93,1520.70,1520.70
177,828.00,29.77234686,115.99339697,29.72476546,115.97208780,29.72476546,115.97208780,0.5100,5683.15,1,505,split_disk,9,1,-1,2773.05,1598.62,1598.62
178,831.00,29.77234686,115.99339697,29.72476546,115.97208780,29.72476546,115.97208780,0.5100,5683.15,1,505,split_disk,9,1,-1,2840.72,1670.14,1670.14
179,835.00,29.77088744,115.97968457,29.72476546,115.97208780,29.72476546,115.97208780,0.5800,5186.54,1,499,split_disk,12,1,-1,2561.62,754.49,754.49
180,838.00,29.76883946,115.97520741,29.72476546,115.97208780,29.72476546,115.97208780,0.5333,4915.58,1,470,split_disk,10,1,-1,2280.37,1583.93,1583.93
181,842.00,29.71712827,115.97768959,29.72476546,115.97208780,29.71712827,115.97768959,0.6033,1007.96,1,108,split_disk,13,1,-1,3278.59,2685.42,2685.42
182,846.00,29.71712827,115.97768959,29.71712827,115.97768959,29.71712827,115.97768959,0.6033,0.00,0,108,split_disk,13,1,-1,3200.66,2607.70,2607.70
183,849.00,29.71286516,115.99072227,29.71712827,115.97768959,29.71712827,115.97768959,0.5800,1346.15,1,75,split_disk,12,1,-1,3908.79,1477.30,1477.30
184,853.00,29.71286516,115.99072227,29.71712827,115.97768959,29.71712827,115.97768959,0.5800,1346.15,1,75,split_disk,12,1,-1,3834.65,1555.22,1555.22
185,856.00,29.71712827,115.97768959,29.71712827,115.97768959,29.71712827,115.97768959,0.6033,0.00,0,108,split_disk,13,1,-1,2966.89,1633.14,1633.14
186,859.00,29.71712827,115.97768959,29.71712827,115.97768959,29.71712827,115.97768959,0.6033,0.00,0,108,split_disk,13,1,-1,2888.97,2296.96,2296.96
187,863.00,29.77088744,115.97968457,29.71712827,115.97768959,29.71712827,115.97768959,0.5800,5987.58,1,499,split_disk,12,1,-1,3194.72,1511.10,1511.10
188,866.00,29.77088744,115.97968457,29.71712827,115.97768959,29.71712827,115.97768959,0.5800,5987.58,1,499,split_disk,12,1,-1,3283.62,1371.00,1371.00
189,870.00,29.74958098,115.99586157,29.71712827,115.97768959,29.71712827,115.97768959,0.5100,4017.01,1,337,split_disk,9,1,-1,1762.00,1412.84,1412.84
190,873.00,29.74429223,115.99535486,29.71712827,115.97768959,29.71712827,115.97768959,0.5333,3472.68,1,311,split_disk,10,1,-1,1649.68,1392.01,1392.01
191,877.00,29.74429223,115.99535486,29.71712827,115.97768959,29.71712827,115.97768959,0.5333,3472.68,1,311,split_disk,10,1,-1,1671.86,1394.39,1394.39
192,880.00,29.74429223,115.99535486,29.71712827,115.97768959,29.71712827,115.97768959,0.5333,3472.68,1,311,split_disk,10,1,-1,1697.34,1391.64,1391.64
193,883.00,29.73668269,115.99321159,29.71712827,115.97768959,29.71712827,115.97768959,0.6033,2643.76,1,245,split_disk,13,1,-1,1430.74,1417.10,1417.10
194,887.00,29.73668269,115.99321159,29.71712827,115.97768959,29.71712827,115.97768959,0.6033,2643.76,1,245,split_disk,13,1,-1,1414.67,1414.67,1414.67
195,890.00,29.76061826,115.97454004,29.71712827,115.97768959,29.71712827,115.97768959,0.5567,4850.87,1,405,split_disk,11,1,-1,2457.66,2457.66,2457.66
196,894.00,29.76061826,115.97454004,29.71712827,115.97768959,29.76061826,115.97454004,0.5567,4850.87,1,405,split_disk,11,1,-1,2545.52,2545.52,2545.52
197,897.00,29.74523036,115.97549166,29.76061826,115.97454004,29.76061826,115.97454004,0.6267,1715.45,1,314,split_disk,14,1,-1,1258.58,1258.58,1258.58
198,901.00,29.74523036,115.97549166,29.76061826,115.97454004,29.76061826,115.97454004,0.6267,1715.45,1,314,split_disk,14,1,-1,1332.52,1332.52,1332.52
199,904.00,29.73668269,115.99321159,29.76061826,115.97454004,29.76061826,115.97454004,0.6033,3218.20,1,245,split_disk,13,1,-1,1399.27,1392.64,1392.64
200,908.00,29.73668269,115.99321159,29.76061826,115.97454004,29.76061826,115.97454004,0.6033,3218.20,1,245,split_disk,13,1,-1,1409.55,1391.81,1391.81
201,911.00,29.73668269,115.99321159,29.76061826,115.97454004,29.76061826,115.97454004,0.6033,3218.20,1,245,split_disk,13,1,-1,1424.03,1395.35,1395.35
202,915.00,29.74523036,115.97549166,29.76061826,115.97454004,29.76061826,115.97454004,0.6267,1715.45,1,314,split_disk,14,1,-1,1632.02,1632.02,1632.02
203,918.00,29.74523036,115.97549166,29.76061826,115.97454004,29.76061826,115.97454004,0.6267,1715.45,1,314,split_disk,14,1,-1,1707.57,1707.57,1707.57
204,922.00,29.74523036,115.97549166,29.76061826,115.97454004,29.76061826,115.97454004,0.6267,1715.45,1,314,split_disk,14,1,-1,1794.17,1794.17,1794.17
205,925.00,29.74523036,115.97549166,29.76061826,115.97454004,29.76061826,115.97454004,0.6267,1715.45,1,314,split_disk,14,1,-1,1870.13,1870.13,1870.13
206,929.00,29.76785221,115.98801763,29.76061826,115.97454004,29.76785221,115.98801763,0.6500,1531.53,1,476,split_disk,15,1,-1,4375.13,2048.25,2048.25
207,932.00,29.73668269,115.99321159,29.76785221,115.98801763,29.76785221,115.98801763,0.6033,3505.92,1,245,split_disk,13,1,-1,1595.70,1507.96,1507.96
208,936.00,29.74429223,115.99535486,29.76785221,115.98801763,29.76785221,115.98801763,0.5333,2716.90,1,311,split_disk,10,1,-1,2447.08,1876.45,1876.45
209,939.00,29.74429223,115.99535486,29.76785221,115.98801763,29.76785221,115.98801763,0.5333,2716.90,1,311,split_disk,10,1,-1,2506.78,1796.84,1796.84
210,943.00,29.72508740,115.99686262,29.76785221,115.98801763,29.76785221,115.98801763,0.5100,4836.74,1,168,split_disk,9,1,-1,1602.36,1521.28,1521.28
211,947.00,29.77234686,115.99339697,29.76785221,115.98801763,29.76785221,115.98801763,0.5100,721.60,1,505,split_disk,9,1,-1,5279.25,1554.40,1554.40
212,950.00,29.71030664,115.97653501,29.76785221,115.98801763,29.76785221,115.98801763,0.5333,6501.41,1,55,split_disk,10,1,-1,1631.77,1591.71,1591.71
213,954.00,29.77234686,115.99339697,29.76785221,115.98801763,29.76785221,115.98801763,0.5100,721.60,1,505,split_disk,9,1,-1,5440.51,1592.71,1592.71
214,957.00,29.74760193,115.97980293,29.76785221,115.98801763,29.76785221,115.98801763,0.5333,2390.01,1,316,split_disk,10,1,-1,2537.46,1597.52,1597.52
215,961.00,29.75008534,115.97683162,29.76785221,115.98801763,29.76785221,115.98801763,0.5567,2254.06,1,328,split_disk,11,1,-1,2823.07,2422.96,2422.96
216,964.00,29.75008534,115.97683162,29.76785221,115.98801763,29.75008534,115.97683162,0.5567,2254.06,1,328,split_disk,11,1,-1,2900.79,2500.64,2500.64
217,968.00,29.75008534,115.97683162,29.75008534,115.97683162,29.75008534,115.97683162,0.5567,0.00,0,328,split_disk,11,1,-1,2978.52,2578.35,2578.35
218,971.00,29.75008534,115.97683162,29.75008534,115.97683162,29.75008534,115.97683162,0.5567,0.00,0,328,split_disk,11,1,-1,3056.25,2656.06,2656.06
219,975.00,29.75008534,115.97683162,29.75008534,115.97683162,29.75008534,115.97683162,0.5567,0.00,0,328,split_disk,11,1,-1,3134.00,2733.79,2733.79
220,979.00,29.75008534,115.97683162,29.75008534,115.97683162,29.75008534,115.97683162,0.5567,0.00,0,328,split_disk,11,1,-1,3222.87,2822.63,2822.63
221,982.00,29.75008534,115.97683162,29.75008534,115.97683162,29.75008534,115.97683162,0.5567,0.00,0,328,split_disk,11,1,-1,3300.63,2900.38,2900.38
222,986.00,29.75008534,115.97683162,29.75008534,115.97683162,29.75008534,115.97683162,0.5567,0.00,0,328,split_disk,11,1,-1,3378.40,2978.14,2978.14
223,989.00,29.75008534,115.97683162,29.75008534,115.97683162,29.75008534,115.97683162,0.5567,0.00,0,328,split_disk,11,1,-1,3456.18,3055.90,3055.90
224,992.00,29.75008534,115.97683162,29.75008534,115.97683162,29.75008534,115.97683162,0.5567,0.00,0,328,split_disk,11,1,-1,3533.97,3133.68,3133.68
225,996.00,29.74737658,115.97673275,29.75008534,115.97683162,29.75008534,115.97683162,0.5333,301.69,1,315,split_disk,10,1,-1,3412.11,3211.46,3211.46
226,1000.00,29.76778329,115.99011147,29.75008534,115.97683162,29.75008534,115.97683162,0.5333,2351.41,1,464,split_disk,10,1,-1,5769.52,3289.25,3289.25
227,1003.00,29.75294267,115.97227318,29.75008534,115.97683162,29.75278763,115.97252053,0.7667,543.43,0,365,split_disk,20,1,-1,4403.82,3367.04,3367.04
228,1007.00,29.76778329,115.99011147,29.75375682,115.97097433,29.75375682,115.97097433,0.5333,2420.69,1,464,split_disk,10,1,-1,5934.08,5650.65,5650.65
229,1010.00,29.75294267,115.97227318,29.75448372,115.96981468,29.75313751,115.97196235,0.7667,293.09,0,365,split_disk,20,1,-1,4569.25,4569.25,4569.25
230,1014.00,29.77184250,115.97662152,29.75346057,115.97144695,29.75346057,115.97144695,0.5800,2106.52,1,497,split_disk,12,1,-1,6609.78,4497.53,4497.53
231,1017.00,29.77088744,115.97968457,29.75370287,115.97106040,29.75370287,115.97106040,0.5800,2086.72,1,499,split_disk,12,1,-1,6687.16,4127.04,4127.04
232,1021.00,29.77088744,115.97968457,29.75402594,115.97054500,29.75402594,115.97054500,0.5800,2074.52,1,499,split_disk,12,1,-1,6765.05,3967.82,3967.82
233,1024.00,29.77184250,115.97662152,29.75426823,115.97015845,29.75426823,115.97015845,0.5800,2053.69,1,497,split_disk,12,1,-1,6843.44,4462.78,4462.78
234,1028.00,29.77184250,115.97662152,29.75459130,115.96964305,29.75459130,115.96964305,0.5800,2035.42,1,497,split_disk,12,1,-1,6921.33,4536.88,4536.88
235,1031.00,29.77184250,115.97662152,29.75483360,115.96925650,29.75483360,115.96925650,0.5800,2022.84,1,497,split_disk,12,1,-1,6999.22,4863.89,4863.89
236,1035.00,29.77234686,115.99339697,29.75515666,115.96874110,29.75515666,115.96874110,0.5100,3056.41,1,505,split_disk,9,1,-1,7220.54,2467.20,2467.20
237,1039.00,29.77234686,115.99339697,29.75547972,115.96822570,29.75547972,115.96822570,0.5100,3073.31,1,505,split_disk,9,1,-1,7297.02,1401.13,1401.13
238,1042.00,29.77234686,115.99339697,29.75572202,115.96783915,29.75572202,115.96783915,0.5100,3086.73,1,505,split_disk,9,1,-1,7373.53,1215.73,1215.73
239,1046.00,29.72383806,115.99339697,29.75604509,115.96732375,29.72383806,115.99339697,0.6033,4382.44,1,154,split_disk,13,1,-1,2370.42,2370.42,2370.42
240,1094.00,29.76243015,115.97956098,29.72383806,115.99339697,29.72383806,115.99339697,0.6267,4499.42,1,434,split_disk,14,1,-1,6274.41,1186.32,1186.32
241,1099.00,29.76243015,115.97956098,29.72383806,115.99339697,29.72383806,115.99339697,0.6267,4499.42,1,434,split_disk,14,1,-1,6196.49,1130.11,1130.11
242,1104.00,29.76243015,115.97956098,29.72383806,115.99339697,29.72383806,115.99339697,0.6267,4499.42,1,434,split_disk,14,1,-1,6118.56,1076.61,1076.61
243,1109.00,29.76243015,115.97956098,29.72383806,115.99339697,29.72383806,115.99339697,0.6267,4499.42,1,434,split_disk,14,1,-1,6040.64,2899.80,2899.80
244,1114.00,29.77234686,115.99339697,29.72383806,115.99339697,29.72383806,115.99339697,0.5100,5400.00,1,505,split_disk,9,1,-1,7065.08,2249.97,2249.97
245,1120.00,29.77234686,115.99339697,29.72383806,115.99339697,29.72383806,115.99339697,0.5100,5400.00,1,505,split_disk,9,1,-1,6988.29,1001.88,1001.88
246,1125.00,29.72508740,115.99686262,29.72383806,115.99339697,29.72383806,115.99339697,0.5100,362.71,1,168,split_disk,9,1,-1,2130.07,824.65,824.65
247,1130.00,29.77184250,115.97662152,29.72383806,115.99339697,29.72383806,115.99339697,0.5800,5584.45,1,497,split_disk,12,1,-1,6729.81,2063.72,2063.72
248,1135.00,29.77184250,115.97662152,29.72383806,115.99339697,29.72383806,115.99339697,0.5800,5584.45,1,497,split_disk,12,1,-1,6652.03,5423.25,5423.25
249,1140.00,29.75294267,115.97227318,29.72383806,115.99339697,29.75293860,115.97227613,0.7667,3829.64,0,365,split_disk,20,1,-1,4631.88,3561.96,3561.96
250,1145.00,29.75294267,115.97227318,29.75434780,115.97125335,29.75309490,115.97216270,0.7667,184.89,0,365,split_disk,20,1,-1,4555.15,3484.04,3484.04
251,1150.00,29.76778329,115.99011147,29.75341735,115.97192866,29.75341735,115.97192866,0.5333,2376.22,1,464,split_disk,10,1,-1,5860.74,3406.12,3406.12
252,1155.00,29.74737658,115.97673275,29.75373981,115.97169463,29.75373981,115.97169463,0.5333,859.60,1,315,split_disk,10,1,-1,3550.99,3328.19,3328.19
253,1160.00,29.74737658,115.97673275,29.75406227,115.97146059,29.75406227,115.97146059,0.5333,902.00,1,315,split_disk,10,1,-1,3473.58,3250.27,3250.27
254,1165.00,29.75008534,115.97683162,29.75438472,115.97122656,29.75438472,115.97122656,0.5567,722.91,1,328,split_disk,11,1,-1,3594.86,3172.35,3172.35
255,1170.00,29.75008534,115.97683162,29.75470718,115.97099252,29.75470718,115.97099252,0.5567,763.72,1,328,split_disk,11,1,-1,3506.38,3083.29,3083.29
256,1175.00,29.75008534,115.97683162,29.75502964,115.97075849,29.75502964,115.97075849,0.5567,804.70,1,328,split_disk,11,1,-1,3428.98,3005.37,3005.37
257,1180.00,29.75008534,115.97683162,29.75535209,115.97052445,29.75535209,115.97052445,0.5567,845.82,1,328,split_disk,11,1,-1,3351.60,2927.44,2927.44
258,1185.00,29.75008534,115.97683162,29.75567455,115.97029042,29.75567455,115.97029042,0.5567,887.07,1,328,split_disk,11,1,-1,3274.25,2849.52,2849.52
259,1190.00,29.75008534,115.97683162,29.75599701,115.97005638,29.75599701,115.97005638,0.5567,928.42,1,328,split_disk,11,1,-1,3196.93,2771.59,2771.59
260,1195.00,29.75008534,115.97683162,29.75631946,115.96982235,29.75008534,115.97683162,0.5567,969.86,1,328,split_disk,11,1,-1,3119.64,2693.67,2693.67
261,1200.00,29.75008534,115.97683162,29.75008534,115.97683162,29.75008534,115.97683162,0.5567,0.00,0,328,split_disk,11,1,-1,3042.38,2615.75,2615.75
262,1205.00,29.75008534,115.97683162,29.75008534,115.97683162,29.75008534,115.97683162,0.5567,0.00,0,328,split_disk,11,1,-1,2965.16,2537.82,2537.82
263,1210.00,29.75008534,115.97683162,29.75008534,115.97683162,29.75008534,115.97683162,0.5567,0.00,0,328,split_disk,11,1,-1,2876.95,2448.77,2448.77
264,1215.00,29.77088744,115.97968457,29.75008534,115.97683162,29.75008534,115.97683162,0.5800,2332.05,1,499,split_disk,12,1,-1,5370.84,2370.84,2370.84
265,1221.00,29.77088744,115.97968457,29.75008534,115.97683162,29.75008534,115.97683162,0.5800,2332.05,1,499,split_disk,12,1,-1,5292.92,2722.21,2722.21
266,1226.00,29.76061826,115.97454004,29.75008534,115.97683162,29.75008534,115.97683162,0.5567,1193.26,1,405,split_disk,11,1,-1,3862.15,3862.15,3862.15
267,1231.00,29.72508740,115.99686262,29.75008534,115.97683162,29.75008534,115.97683162,0.5100,3390.08,1,168,split_disk,9,1,-1,1399.70,1284.60,1284.60
268,1237.00,29.72383806,115.99339697,29.75008534,115.97683162,29.75008534,115.97683162,0.6033,3331.82,1,154,split_disk,13,1,-1,1245.82,1245.82,1245.82
269,1242.00,29.72383806,115.99339697,29.75008534,115.97683162,29.75008534,115.97683162,0.6033,3331.82,1,154,split_disk,13,1,-1,1269.35,1257.46,1257.46
270,1247.00,29.74429223,115.99535486,29.75008534,115.97683162,29.75008534,115.97683162,0.5333,1903.04,1,311,split_disk,10,1,-1,2361.72,1770.44,1770.44
271,1252.00,29.74429223,115.99535486,29.75008534,115.97683162,29.75008534,115.97683162,0.5333,1903.04,1,311,split_disk,10,1,-1,2290.56,1705.95,1705.95
272,1258.00,29.74429223,115.99535486,29.75008534,115.97683162,29.75008534,115.97683162,0.5333,1903.04,1,311,split_disk,10,1,-1,2229.35,1651.39,1651.39
273,1263.00,29.74429223,115.99535486,29.75008534,115.97683162,29.74429223,115.99535486,0.5333,1903.04,1,311,split_disk,10,1,-1,2169.21,1737.65,1737.65
274,1268.00,29.74523036,115.97549166,29.74429223,115.99535486,29.74429223,115.99535486,0.6267,1922.80,1,314,split_disk,14,1,-1,1879.40,1879.40,1879.40
275,1273.00,29.74523036,115.97549166,29.74429223,115.99535486,29.74429223,115.99535486,0.6267,1922.80,1,314,split_disk,14,1,-1,1805.75,1805.75,1805.75
276,1278.00,29.74523036,115.97549166,29.74429223,115.99535486,29.74429223,115.99535486,0.6267,1922.80,1,314,split_disk,14,1,-1,1732.47,1732.47,1732.47
277,1283.00,29.74523036,115.97549166,29.74429223,115.99535486,29.74429223,115.99535486,0.6267,1922.80,1,314,split_disk,14,1,-1,1659.62,1659.62,1659.62
278,1288.00,29.74523036,115.97549166,29.74429223,115.99535486,29.74429223,115.99535486,0.6267,1922.80,1,314,split_disk,14,1,-1,1576.95,1576.95,1576.95
279,1293.00,29.74523036,115.97549166,29.74429223,115.99535486,29.74429223,115.99535486,0.6267,1922.80,1,314,split_disk,14,1,-1,1505.22,1505.22,1505.22
280,1298.00,29.74523036,115.97549166,29.74429223,115.99535486,29.74429223,115.99535486,0.6267,1922.80,1,314,split_disk,14,1,-1,1434.13,1434.13,1434.13
281,1303.00,29.74523036,115.97549166,29.74429223,115.99535486,29.74429223,115.99535486,0.6267,1922.80,1,314,split_disk,14,1,-1,1363.79,1363.79,1363.79
282,1307.00,29.74523036,115.97549166,29.74429223,115.99535486,29.74429223,115.99535486,0.6267,1922.80,1,314,split_disk,14,1,-1,1294.32,1294.32,1294.32
283,1312.00,29.74523036,115.97549166,29.74429223,115.99535486,29.74523036,115.97549166,0.6267,1922.80,1,314,split_disk,14,1,-1,1225.86,1225.86,1225.86
284,1317.00,29.76061826,115.97454004,29.74523036,115.97549166,29.74523036,115.97549166,0.5567,1715.45,1,405,split_disk,11,1,-1,2464.68,2464.68,2464.68
285,1322.00,29.73668269,115.99321159,29.74523036,115.97549166,29.74523036,115.97549166,0.6033,1959.35,1,245,split_disk,13,1,-1,1232.37,1232.37,1232.37
286,1327.00,29.74429223,115.99535486,29.74523036,115.97549166,29.74523036,115.97549166,0.5333,1922.80,1,311,split_disk,10,1,-1,1530.84,1198.51,1198.51
287,1332.00,29.74429223,115.99535486,29.74523036,115.97549166,29.74523036,115.97549166,0.5333,1922.80,1,311,split_disk,10,1,-1,1500.81,1199.53,1199.53
288,1337.00,29.74429223,115.99535486,29.74523036,115.97549166,29.74523036,115.97549166,0.5333,1922.80,1,311,split_disk,10,1,-1,1474.29,1200.17,1200.17
289,1342.00,29.74429223,115.99535486,29.74523036,115.97549166,29.74523036,115.97549166,0.5333,1922.80,1,311,split_disk,10,1,-1,1451.48,1198.33,1198.33
290,1347.00,29.74429223,115.99535486,29.74523036,115.97549166,29.74523036,115.97549166,0.5333,1922.80,1,311,split_disk,10,1,-1,1432.54,1201.55,1201.55
291,1353.00,29.73668269,115.99321159,29.74523036,115.97549166,29.74523036,115.97549166,0.6033,1959.35,1,245,split_disk,13,1,-1,1422.47,1253.08,1253.08
292,1358.00,29.74429223,115.99535486,29.74523036,115.97549166,29.74523036,115.97549166,0.5333,1922.80,1,311,split_disk,10,1,-1,1406.91,1199.11,1199.11
293,1364.00,29.74429223,115.99535486,29.74523036,115.97549166,29.74429223,115.99535486,0.5333,1922.80,1,311,split_disk,10,1,-1,1400.44,1204.51,1204.51
294,1369.00,29.75896567,115.97585529,29.74429223,115.99535486,29.74429223,115.99535486,0.5567,2494.13,1,406,split_disk,11,1,-1,1638.60,1601.35,1601.35
295,1373.00,29.71286516,115.99072227,29.74429223,115.99535486,29.74429223,115.99535486,0.5800,3527.00,1,75,split_disk,12,1,-1,3822.01,2917.65,2917.65
296,1378.00,29.71286516,115.99072227,29.74429223,115.99535486,29.74429223,115.99535486,0.5800,3527.00,1,75,split_disk,12,1,-1,3897.28,3159.06,3159.06
297,1383.00,29.71712827,115.97768959,29.74429223,115.99535486,29.74429223,115.99535486,0.6033,3472.68,1,108,split_disk,13,1,-1,3251.44,2645.18,2645.18
298,1388.00,29.77088744,115.97968457,29.74429223,115.99535486,29.74429223,115.99535486,0.5800,3325.55,1,499,split_disk,12,1,-1,2676.90,1594.77,1594.77
299,1392.00,29.77184250,115.97662152,29.74429223,115.99535486,29.74429223,115.99535486,0.5800,3561.56,1,497,split_disk,12,1,-1,2629.84,1198.28,1198.28
300,1398.00,29.74429223,115.99535486,29.74429223,115.99535486,29.74429223,115.99535486,0.5333,0.00,0,311,split_disk,10,1,-1,1478.03,1200.88,1200.88
301,1403.00,29.77234686,115.99339697,29.74429223,115.99535486,29.74429223,115.99535486,0.5100,3128.77,1,505,split_disk,9,1,-1,2721.16,1208.51,1208.51
302,1408.00,29.77234686,115.99339697,29.74429223,115.99535486,29.74429223,115.99535486,0.5100,3128.77,1,505,split_disk,9,1,-1,2641.50,1567.11,1567.11
303,1412.00,29.77234686,115.99339697,29.74429223,115.99535486,29.74429223,115.99535486,0.5100,3128.77,1,505,split_disk,9,1,-1,2572.30,1489.86,1489.86
304,1417.00,29.72383806,115.99339697,29.74429223,115.99535486,29.74429223,115.99535486,0.6033,2284.81,1,154,split_disk,13,1,-1,3418.67,2160.90,2160.90
305,1423.00,29.77234686,115.99339697,29.74429223,115.99535486,29.74429223,115.99535486,0.5100,3128.77,1,505,split_disk,9,1,-1,2435.47,1335.62,1335.62
306,1428.00,29.77234686,115.99339697,29.74429223,115.99535486,29.74429223,115.99535486,0.5100,3128.77,1,505,split_disk,9,1,-1,2367.95,1258.64,1258.64
307,1433.00,29.77234686,115.99339697,29.74429223,115.99535486,29.74429223,115.99535486,0.5100,3128.77,1,505,split_disk,9,1,-1,2301.07,1181.79,1181.79
308,1438.00,29.75773780,115.98003774,29.74429223,115.99535486,29.74429223,115.99535486,0.5333,2105.30,1,394,split_disk,10,1,-1,350.41,219.49,219.49
309,1443.00,29.75773780,115.98003774,29.74429223,115.99535486,29.74429223,115.99535486,0.5333,2105.30,1,394,split_disk,10,1,-1,290.18,201.90,201.90
310,1447.00,29.76243015,115.97956098,29.74429223,115.99535486,29.76243015,115.97956098,0.6267,2531.29,1,434,split_disk,14,1,-1,719.55,217.17,217.17
311,1452.00,29.76251599,115.98860371,29.76243015,115.97956098,29.76243015,115.97956098,0.5100,874.12,1,438,split_disk,9,1,-1,1024.17,1024.17,1024.17
312,1457.00,29.76243015,115.97956098,29.76243015,115.97956098,29.76243015,115.97956098,0.6267,0.00,0,434,split_disk,14,1,-1,563.70,563.70,563.70
313,1462.00,29.77234686,115.99339697,29.76243015,115.97956098,29.76243015,115.97956098,0.5100,1734.14,1,505,split_disk,9,1,-1,1908.77,714.82,714.82
314,1467.00,29.77234686,115.99339697,29.76243015,115.97956098,29.76243015,115.97956098,0.5100,1734.14,1,505,split_disk,9,1,-1,1848.76,1398.30,1398.30
315,1472.00,29.73668269,115.99321159,29.76243015,115.97956098,29.76243015,115.97956098,0.6033,3155.33,1,245,split_disk,13,1,-1,2926.63,2178.15,2178.15
316,1477.00,29.74429223,115.99535486,29.76243015,115.97956098,29.76243015,115.97956098,0.5333,2531.29,1,311,split_disk,10,1,-1,2238.46,2119.29,2119.29
317,1482.00,29.74429223,115.99535486,29.76243015,115.97956098,29.76243015,115.97956098,0.5333,2531.29,1,311,split_disk,10,1,-1,2299.82,1317.72,1317.72
318,1486.00,29.74429223,115.99535486,29.76243015,115.97956098,29.76243015,115.97956098,0.5333,2531.29,1,311,split_disk,10,1,-1,2371.15,2258.99,2258.99
319,1491.00,29.73668269,115.99321159,29.76243015,115.97956098,29.76243015,115.97956098,0.6033,3155.33,1,245,split_disk,13,1,-1,3223.87,2434.51,2434.51
320,1496.00,29.73668269,115.99321159,29.76243015,115.97956098,29.76243015,115.97956098,0.6033,3155.33,1,245,split_disk,13,1,-1,3296.34,2178.73,2178.73
321,1501.00,29.73668269,115.99321159,29.76243015,115.97956098,29.76243015,115.97956098,0.6033,3155.33,1,245,split_disk,13,1,-1,3369.05,1363.82,1363.82
322,1552.00,29.73668269,115.99321159,29.76243015,115.97956098,29.73668269,115.99321159,0.6033,3155.33,1,245,split_disk,13,1,-1,3273.44,1338.86,1338.86
323,1555.00,29.73668269,115.99321159,29.73668269,115.99321159,29.73668269,115.99321159,0.6033,0.00,0,245,split_disk,13,1,-1,3199.37,2033.01,2033.01
324,1559.00,29.73668269,115.99321159,29.73668269,115.99321159,29.73668269,115.99321159,0.6033,0.00,0,245,split_disk,13,1,-1,3125.48,1855.27,1855.27
325,1562.00,29.74958098,115.99586157,29.73668269,115.99321159,29.73668269,115.99321159,0.5100,1458.51,1,337,split_disk,9,1,-1,1901.10,1781.06,1781.06
326,1566.00,29.74035105,115.99604695,29.73668269,115.99321159,29.73668269,115.99321159,0.4867,491.80,1,272,split_disk,8,1,-1,2678.83,1717.29,1717.29
327,1569.00,29.74429223,115.99535486,29.73668269,115.99321159,29.73668269,115.99321159,0.5333,872.06,1,311,split_disk,10,1,-1,2095.66,2095.66,2095.66
328,1573.00,29.77234686,115.99339697,29.73668269,115.99321159,29.73668269,115.99321159,0.5100,3970.18,1,505,split_disk,9,1,-1,1693.69,1205.52,1205.52
329,1577.00,29.77234686,115.99339697,29.73668269,115.99321159,29.73668269,115.99321159,0.5100,3970.18,1,505,split_disk,9,1,-1,1757.03,1205.67,1205.67
330,1580.00,29.73668269,115.99321159,29.73668269,115.99321159,29.73668269,115.99321159,0.6033,0.00,0,245,split_disk,13,1,-1,2676.65,1475.86,1475.86
331,1584.00,29.74035105,115.99604695,29.73668269,115.99321159,29.73668269,115.99321159,0.4867,491.80,1,272,split_disk,8,1,-1,2337.43,1419.78,1419.78
332,1588.00,29.77234686,115.99339697,29.73668269,115.99321159,29.73668269,115.99321159,0.5100,3970.18,1,505,split_disk,9,1,-1,1953.36,906.44,906.44
333,1591.00,29.76243015,115.97956098,29.73668269,115.99321159,29.73668269,115.99321159,0.6267,3155.33,1,434,split_disk,14,1,-1,777.79,397.83,397.83
334,1595.00,29.76243015,115.97956098,29.73668269,115.99321159,29.73668269,115.99321159,0.6267,3155.33,1,434,split_disk,14,1,-1,864.29,397.26,397.26
335,1598.00,29.76243015,115.97956098,29.73668269,115.99321159,29.73668269,115.99321159,0.6267,3155.33,1,434,split_disk,14,1,-1,940.37,745.87,745.87
336,1602.00,29.76243015,115.97956098,29.73668269,115.99321159,29.73668269,115.99321159,0.6267,3155.33,1,434,split_disk,14,1,-1,1016.73,821.34,821.34
337,1605.00,29.76243015,115.97956098,29.73668269,115.99321159,29.73668269,115.99321159,0.6267,3155.33,1,434,split_disk,14,1,-1,1093.31,897.22,897.22
338,1609.00,29.76243015,115.97956098,29.73668269,115.99321159,29.73668269,115.99321159,0.6267,3155.33,1,434,split_disk,14,1,-1,1170.06,920.41,920.41
339,1613.00,29.76243015,115.97956098,29.73668269,115.99321159,29.73668269,115.99321159,0.6267,3155.33,1,434,split_disk,14,1,-1,1246.96,885.25,885.25
340,1617.00,29.76243015,115.97956098,29.73668269,115.99321159,29.76243015,115.97956098,0.6267,3155.33,1,434,split_disk,14,1,-1,1323.98,1046.10,1046.10
341,1620.00,29.76243015,115.97956098,29.76243015,115.97956098,29.76243015,115.97956098,0.6267,0.00,0,434,split_disk,14,1,-1,1412.13,1024.95,1024.95
342,1624.00,29.73668269,115.99321159,29.76243015,115.97956098,29.76243015,115.97956098,0.6033,3155.33,1,245,split_disk,13,1,-1,1825.09,1012.52,1012.52
343,1627.00,29.77184250,115.97662152,29.76243015,115.97956098,29.76243015,115.97956098,0.5800,1085.62,1,497,split_disk,12,1,-1,2622.83,806.25,806.25
344,1630.00,29.77088744,115.97968457,29.76243015,115.97956098,29.76243015,115.97956098,0.5800,941.54,1,499,split_disk,12,1,-1,2639.58,1227.16,1227.16
345,1633.00,29.72579565,115.97604780,29.76243015,115.97956098,29.76243015,115.97956098,0.5333,4092.27,1,158,split_disk,10,1,-1,2613.57,992.31,992.31
346,1637.00,29.72579565,115.97604780,29.76243015,115.97956098,29.76243015,115.97956098,0.5333,4092.27,1,158,split_disk,10,1,-1,2539.45,1064.25,1064.25
347,1640.00,29.72579565,115.97604780,29.76243015,115.97956098,29.76243015,115.97956098,0.5333,4092.27,1,158,split_disk,10,1,-1,2465.56,1058.97,1058.97
348,1644.00,29.72476546,115.97208780,29.76243015,115.97956098,29.76243015,115.97956098,0.5567,4254.60,1,157,split_disk,11,1,-1,2465.63,1103.55,1103.55
349,1647.00,29.74429223,115.99535486,29.76243015,115.97956098,29.76243015,115.97956098,0.5333,2531.29,1,311,split_disk,10,1,-1,1205.42,1018.72,1018.72
350,1651.00,29.74958098,115.99586157,29.76243015,115.97956098,29.76243015,115.97956098,0.5100,2128.02,1,337,split_disk,9,1,-1,1308.86,1045.68,1045.68
351,1654.00,29.74429223,115.99535486,29.76243015,115.97956098,29.74429223,115.99535486,0.5333,2531.29,1,311,split_disk,10,1,-1,1219.69,1005.02,1005.02
352,1658.00,29.74429223,115.99535486,29.74429223,115.99535486,29.74429223,115.99535486,0.5333,0.00,0,311,split_disk,10,1,-1,1234.17,1007.19,1007.19
353,1661.00,29.74429223,115.99535486,29.74429223,115.99535486,29.74429223,115.99535486,0.5333,0.00,0,311,split_disk,10,1,-1,1253.33,1006.48,1006.48
354,1664.00,29.74429223,115.99535486,29.74429223,115.99535486,29.74429223,115.99535486,0.5333,0.00,0,311,split_disk,10,1,-1,1276.97,1005.22,1005.22
355,1668.00,29.74429223,115.99535486,29.74429223,115.99535486,29.74429223,115.99535486,0.5333,0.00,0,311,split_disk,10,1,-1,1304.84,1009.86,1009.86
356,1671.00,29.74429223,115.99535486,29.74429223,115.99535486,29.74429223,115.99535486,0.5333,0.00,0,311,split_disk,10,1,-1,1336.68,1005.19,1005.19
357,1674.00,29.74429223,115.99535486,29.74429223,115.99535486,29.74429223,115.99535486,0.5333,0.00,0,311,split_disk,10,1,-1,1377.57,1007.24,1007.24
358,1678.00,29.74429223,115.99535486,29.74429223,115.99535486,29.74429223,115.99535486,0.5333,0.00,0,311,split_disk,10,1,-1,1416.97,1006.44,1006.44
359,1681.00,29.74429223,115.99535486,29.74429223,115.99535486,29.74429223,115.99535486,0.5333,0.00,0,311,split_disk,10,1,-1,1459.48,1005.24,1005.24
360,1685.00,29.74429223,115.99535486,29.74429223,115.99535486,29.74429223,115.99535486,0.5333,0.00,0,311,split_disk,10,1,-1,1504.82,1049.19,1049.19
361,1689.00,29.74429223,115.99535486,29.74429223,115.99535486,29.74429223,115.99535486,0.5333,0.00,0,311,split_disk,10,1,-1,1552.75,1074.17,1074.17
362,1692.00,29.74429223,115.99535486,29.74429223,115.99535486,29.74429223,115.99535486,0.5333,0.00,0,311,split_disk,10,1,-1,1603.04,1200.81,1200.81
363,1696.00,29.74429223,115.99535486,29.74429223,115.99535486,29.74429223,115.99535486,0.5333,0.00,0,311,split_disk,10,1,-1,1655.47,1138.59,1138.59
364,1699.00,29.74429223,115.99535486,29.74429223,115.99535486,29.74429223,115.99535486,0.5333,0.00,0,311,split_disk,10,1,-1,1709.85,1292.71,1292.71
365,1703.00,29.74523036,115.97549166,29.74429223,115.99535486,29.74429223,115.99535486,0.6267,1922.80,1,314,split_disk,14,1,-1,1699.59,1010.14,1010.14
366,1706.00,29.74523036,115.97549166,29.74429223,115.99535486,29.74429223,115.99535486,0.6267,1922.80,1,314,split_disk,14,1,-1,1768.83,1020.97,1020.97
367,1709.00,29.74523036,115.97549166,29.74429223,115.99535486,29.74429223,115.99535486,0.6267,1922.80,1,314,split_disk,14,1,-1,1838.78,1838.78,1838.78
368,1713.00,29.76785221,115.98801763,29.74429223,115.99535486,29.74429223,115.99535486,0.6500,2716.90,1,476,split_disk,15,1,-1,4155.72,1909.34,1909.34
369,1716.00,29.74429223,115.99535486,29.74429223,115.99535486,29.74429223,115.99535486,0.5333,0.00,0,311,split_disk,10,1,-1,2014.07,1574.76,1574.76
370,1720.00,29.74429223,115.99535486,29.74429223,115.99535486,29.74429223,115.99535486,0.5333,0.00,0,311,split_disk,10,1,-1,2077.04,1483.90,1483.90
371,1723.00,29.74429223,115.99535486,29.74429223,115.99535486,29.74429223,115.99535486,0.5333,0.00,0,311,split_disk,10,1,-1,2140.99,1332.86,1332.86
372,1726.00,29.77234686,115.99339697,29.74429223,115.99535486,29.74429223,115.99535486,0.5100,3128.77,1,505,split_disk,9,1,-1,4950.71,1255.43,1255.43
373,1730.00,29.72383806,115.99339697,29.74429223,115.99535486,29.74429223,115.99535486,0.6033,2284.81,1,154,split_disk,13,1,-1,1106.62,1106.62,1106.62
374,1733.00,29.72383806,115.99339697,29.74429223,115.99535486,29.74429223,115.99535486,0.6033,2284.81,1,154,split_disk,13,1,-1,1076.32,1076.32,1076.32
375,1737.00,29.72508740,115.99686262,29.74429223,115.99535486,29.74429223,115.99535486,0.5100,2142.84,1,168,split_disk,9,1,-1,1209.75,1119.17,1119.17
376,1740.00,29.71030664,115.97653501,29.74429223,115.99535486,29.74429223,115.99535486,0.5333,4197.90,1,55,split_disk,10,1,-1,1734.78,1155.59,1155.59
377,1743.00,29.71030664,115.97653501,29.74429223,115.99535486,29.74429223,115.99535486,0.5333,4197.90,1,55,split_disk,10,1,-1,1661.80,1205.93,1205.93
378,1747.00,29.76061826,115.97454004,29.74429223,115.99535486,29.74429223,115.99535486,0.5567,2711.26,1,405,split_disk,11,1,-1,4006.00,2595.44,2595.44
379,1750.00,29.75008534,115.97683162,29.74429223,115.99535486,29.74429223,115.99535486,0.5567,1903.04,1,328,split_disk,11,1,-1,2866.67,2404.24,2404.24
380,1754.00,29.75008534,115.97683162,29.74429223,115.99535486,29.74429223,115.99535486,0.5567,1903.04,1,328,split_disk,11,1,-1,2942.94,2482.17,2482.17
381,1757.00,29.75008534,115.97683162,29.74429223,115.99535486,29.75008534,115.97683162,0.5567,1903.04,1,328,split_disk,11,1,-1,3030.21,2571.22,2571.22
382,1761.00,29.75008534,115.97683162,29.75008534,115.97683162,29.75008534,115.97683162,0.5567,0.00,0,328,split_disk,11,1,-1,3106.66,2649.15,2649.15
383,1765.00,29.75008534,115.97683162,29.75008534,115.97683162,29.75008534,115.97683162,0.5567,0.00,0,328,split_disk,11,1,-1,3183.17,2727.07,2727.07
384,1768.00,29.75008534,115.97683162,29.75008534,115.97683162,29.75008534,115.97683162,0.5567,0.00,0,328,split_disk,11,1,-1,3259.76,2804.99,2804.99
385,1772.00,29.75008534,115.97683162,29.75008534,115.97683162,29.75008534,115.97683162,0.5567,0.00,0,328,split_disk,11,1,-1,3336.40,2882.92,2882.92
386,1775.00,29.74760193,115.97980293,29.75008534,115.97683162,29.75008534,115.97683162,0.5333,398.64,1,316,split_disk,10,1,-1,3185.43,2960.84,2960.84
387,1779.00,29.74760193,115.97980293,29.75008534,115.97683162,29.75008534,115.97683162,0.5333,398.64,1,316,split_disk,10,1,-1,3262.76,3038.76,3038.76
388,1782.00,29.74737658,115.97673275,29.75008534,115.97683162,29.75008534,115.97683162,0.5333,301.69,1,315,split_disk,10,1,-1,3380.60,3127.82,3127.82
389,1786.00,29.74737658,115.97673275,29.75008534,115.97683162,29.75008534,115.97683162,0.5333,301.69,1,315,split_disk,10,1,-1,3457.33,3205.74,3205.74
390,1789.00,29.74737658,115.97673275,29.75008534,115.97683162,29.75008534,115.97683162,0.5333,301.69,1,315,split_disk,10,1,-1,3534.12,3283.67,3283.67
391,1793.00,29.75294267,115.97227318,29.75008534,115.97683162,29.75290498,115.97233332,0.7667,543.43,0,365,split_disk,20,1,-1,4473.65,3610.95,3610.95
392,1797.00,29.75896567,115.97585529,29.75354464,115.97131284,29.75354464,115.97131284,0.5567,746.30,1,406,split_disk,11,1,-1,5074.52,308.88,308.88
393,1800.00,29.77184250,115.97662152,29.75402438,115.97054748,29.75402438,115.97054748,0.5800,2068.58,1,497,split_disk,12,1,-1,6544.54,5257.38,5257.38
394,1803.00,29.77184250,115.97662152,29.75450413,115.96978212,29.75450413,115.96978212,0.5800,2040.19,1,497,split_disk,12,1,-1,6622.15,5333.26,5333.26
395,1807.00,29.77234686,115.99339697,29.75514379,115.96876164,29.75514379,115.96876164,0.5100,3055.76,1,505,split_disk,9,1,-1,6748.53,1056.74,1056.74
396,1810.00,29.77234686,115.99339697,29.75562353,115.96799628,29.75562353,115.96799628,0.5100,3081.20,1,505,split_disk,9,1,-1,6836.61,1973.03,1973.03
397,1813.00,29.77234686,115.99339697,29.75610328,115.96723092,29.75610328,115.96723092,0.5100,3109.10,1,505,split_disk,9,1,-1,6913.69,2035.29,2035.29
398,1817.00,29.76243015,115.97956098,29.75674294,115.96621044,29.75674294,115.96621044,0.6267,1437.39,1,434,split_disk,14,1,-1,5921.40,606.66,606.66
399,1820.00,29.76243015,115.97956098,29.75722268,115.96544508,29.75722268,115.96544508,0.6267,1482.47,1,434,split_disk,14,1,-1,5999.28,1159.93,1159.93
400,1824.00,29.76243015,115.97956098,29.75786234,115.96442460,29.75786234,115.96442460,0.6267,1548.92,1,434,split_disk,14,1,-1,6077.17,1201.84,1201.84
401,1827.00,29.76243015,115.97956098,29.75834209,115.96365924,29.76243015,115.97956098,0.6267,1603.01,1,434,split_disk,14,1,-1,6155.05,1247.21,1247.21
402,1873.00,29.71030664,115.97653501,29.76243015,115.97956098,29.76243015,115.97956098,0.5333,5809.76,1,55,split_disk,10,1,-1,850.29,850.29,850.29
403,1878.00,29.71030664,115.97653501,29.76243015,115.97956098,29.76243015,115.97956098,0.5333,5809.76,1,55,split_disk,10,1,-1,824.26,824.26,824.26
404,1883.00,29.77184250,115.97662152,29.76243015,115.97956098,29.76243015,115.97956098,0.5800,1085.62,1,497,split_disk,12,1,-1,7007.21,812.50,812.50
405,1889.00,29.77184250,115.97662152,29.76243015,115.97956098,29.76243015,115.97956098,0.5800,1085.62,1,497,split_disk,12,1,-1,6929.78,5577.31,5577.31
406,1894.00,29.77234686,115.99339697,29.76243015,115.97956098,29.76243015,115.97956098,0.5100,1734.14,1,505,split_disk,9,1,-1,6844.03,836.95,836.95
407,1899.00,29.77184250,115.97662152,29.76243015,115.97956098,29.76243015,115.97956098,0.5800,1085.62,1,497,split_disk,12,1,-1,6763.91,859.30,859.30
408,1904.00,29.77184250,115.97662152,29.76243015,115.97956098,29.76243015,115.97956098,0.5800,1085.62,1,497,split_disk,12,1,-1,6686.53,887.95,887.95
409,1910.00,29.77184250,115.97662152,29.76243015,115.97956098,29.76243015,115.97956098,0.5800,1085.62,1,497,split_disk,12,1,-1,6609.15,530.88,530.88
410,1915.00,29.75896567,115.97585529,29.76243015,115.97956098,29.76243015,115.97956098,0.5567,526.34,1,406,split_disk,11,1,-1,5144.80,653.33,653.33
411,1920.00,29.76778329,115.99011147,29.76243015,115.97956098,29.76778329,115.99011147,0.5333,1181.15,1,464,split_disk,10,1,-1,5820.69,3428.18,3428.18
412,1925.00,29.76778329,115.99011147,29.76778329,115.99011147,29.76778329,115.99011147,0.5333,0.00,0,464,split_disk,10,1,-1,5742.96,3350.77,3350.77
413,1931.00,29.76778329,115.99011147,29.76778329,115.99011147,29.76778329,115.99011147,0.5333,0.00,0,464,split_disk,10,1,-1,5665.24,3255.72,3255.72
414,1935.00,29.76778329,115.99011147,29.76778329,115.99011147,29.76778329,115.99011147,0.5333,0.00,0,464,split_disk,10,1,-1,5587.53,3177.93,3177.93
415,1940.00,29.76778329,115.99011147,29.76778329,115.99011147,29.76778329,115.99011147,0.5333,0.00,0,464,split_disk,10,1,-1,5498.72,3089.04,3089.04
416,1945.00,29.76778329,115.99011147,29.76778329,115.99011147,29.76778329,115.99011147,0.5333,0.00,0,464,split_disk,10,1,-1,5421.02,3011.26,3011.26
417,1950.00,29.76778329,115.99011147,29.76778329,115.99011147,29.76778329,115.99011147,0.5333,0.00,0,464,split_disk,10,1,-1,5343.32,2953.09,2953.09
418,1955.00,29.76778329,115.99011147,29.76778329,115.99011147,29.76778329,115.99011147,0.5333,0.00,0,464,split_disk,10,1,-1,5265.63,2875.86,2875.86
419,1960.00,29.76778329,115.99011147,29.76778329,115.99011147,29.76778329,115.99011147,0.5333,0.00,0,464,split_disk,10,1,-1,5187.95,2798.67,2798.67
420,1966.00,29.74737658,115.97673275,29.76778329,115.99011147,29.76778329,115.99011147,0.5333,2613.97,1,315,split_disk,10,1,-1,2999.14,2700.25,2700.25
421,1971.00,29.77088744,115.97968457,29.76778329,115.99011147,29.76778329,115.99011147,0.5800,1065.45,1,499,split_disk,12,1,-1,5629.16,2644.42,2644.42
422,1976.00,29.77184250,115.97662152,29.76778329,115.99011147,29.76778329,115.99011147,0.5800,1380.01,1,497,split_disk,12,1,-1,5593.65,2849.06,2849.06
423,1981.00,29.77234686,115.99339697,29.76778329,115.99011147,29.76778329,115.99011147,0.5100,599.11,1,505,split_disk,9,1,-1,5508.88,1750.74,1750.74
424,1987.00,29.77234686,115.99339697,29.76778329,115.99011147,29.76778329,115.99011147,0.5100,599.11,1,505,split_disk,9,1,-1,5431.82,1740.19,1740.19
425,1992.00,29.77234686,115.99339697,29.76778329,115.99011147,29.76778329,115.99011147,0.5100,599.11,1,505,split_disk,9,1,-1,5354.79,1015.90,1015.90
426,1997.00,29.77234686,115.99339697,29.76778329,115.99011147,29.76778329,115.99011147,0.5100,599.11,1,505,split_disk,9,1,-1,5277.78,1011.76,1011.76
427,2002.00,29.77234686,115.99339697,29.76778329,115.99011147,29.76778329,115.99011147,0.5100,599.11,1,505,split_disk,9,1,-1,5200.79,934.38,934.38
428,2007.00,29.72383806,115.99339697,29.76778329,115.99011147,29.76778329,115.99011147,0.6033,4902.28,1,154,split_disk,13,1,-1,880.31,880.31,880.31
429,2013.00,29.72508740,115.99686262,29.76778329,115.99011147,29.72508740,115.99686262,0.5100,4797.49,1,168,split_disk,9,1,-1,1035.03,896.71,896.71
430,2018.00,29.77234686,115.99339697,29.72508740,115.99686262,29.72508740,115.99686262,0.5100,5271.58,1,505,split_disk,9,1,-1,4959.04,862.63,862.63
431,2023.00,29.77234686,115.99339697,29.72508740,115.99686262,29.72508740,115.99686262,0.5100,5271.58,1,505,split_disk,9,1,-1,4882.18,839.44,839.44
432,2029.00,29.72508740,115.99686262,29.72508740,115.99686262,29.72508740,115.99686262,0.5100,0.00,0,168,split_disk,9,1,-1,1112.85,823.01,823.01
433,2034.00,29.74429223,115.99535486,29.72508740,115.99686262,29.72508740,115.99686262,0.5333,2142.84,1,311,split_disk,10,1,-1,1942.60,1110.65,1110.65
434,2039.00,29.74429223,115.99535486,29.72508740,115.99686262,29.72508740,115.99686262,0.5333,2142.84,1,311,split_disk,10,1,-1,1876.51,1126.01,1126.01
435,2044.00,29.74429223,115.99535486,29.72508740,115.99686262,29.72508740,115.99686262,0.5333,2142.84,1,311,split_disk,10,1,-1,1811.37,1213.82,1213.82
436,2049.00,29.76785221,115.98801763,29.72508740,115.99686262,29.72508740,115.99686262,0.6500,4836.74,1,476,split_disk,15,1,-1,4030.18,1307.14,1307.14
437,2054.00,29.76785221,115.98801763,29.72508740,115.99686262,29.72508740,115.99686262,0.6500,4836.74,1,476,split_disk,15,1,-1,3952.37,1835.52,1835.52
438,2060.00,29.76785221,115.98801763,29.72508740,115.99686262,29.72508740,115.99686262,0.6500,4836.74,1,476,split_disk,15,1,-1,3863.44,813.69,813.69
439,2065.00,29.73668269,115.99321159,29.72508740,115.99686262,29.72508740,115.99686262,0.6033,1338.16,1,245,split_disk,13,1,-1,831.30,811.90,811.90
440,2070.00,29.73668269,115.99321159,29.72508740,115.99686262,29.72508740,115.99686262,0.6033,1338.16,1,245,split_disk,13,1,-1,818.00,817.56,817.56
441,2075.00,29.74523036,115.97549166,29.72508740,115.99686262,29.72508740,115.99686262,0.6267,3048.79,1,314,split_disk,14,1,-1,1573.12,812.00,812.00
442,2080.00,29.73668269,115.99321159,29.72508740,115.99686262,29.73668269,115.99321159,0.6033,1338.16,1,245,split_disk,13,1,-1,813.44,813.44,813.44
443,2085.00,29.73668269,115.99321159,29.73668269,115.99321159,29.73668269,115.99321159,0.6033,0.00,0,245,split_disk,13,1,-1,822.31,822.31,822.31
444,2090.00,29.73668269,115.99321159,29.73668269,115.99321159,29.73668269,115.99321159,0.6033,0.00,0,245,split_disk,13,1,-1,838.35,838.35,838.35
445,2095.00,29.73668269,115.99321159,29.73668269,115.99321159,29.73668269,115.99321159,0.6033,0.00,0,245,split_disk,13,1,-1,861.17,861.17,861.17
446,2100.00,29.73668269,115.99321159,29.73668269,115.99321159,29.73668269,115.99321159,0.6033,0.00,0,245,split_disk,13,1,-1,894.88,841.75,841.75
447,2106.00,29.73668269,115.99321159,29.73668269,115.99321159,29.73668269,115.99321159,0.6033,0.00,0,245,split_disk,13,1,-1,930.39,824.53,824.53
448,2112.00,29.73668269,115.99321159,29.73668269,115.99321159,29.73668269,115.99321159,0.6033,0.00,0,245,split_disk,13,1,-1,970.86,814.43,814.43
449,2117.00,29.73668269,115.99321159,29.73668269,115.99321159,29.73668269,115.99321159,0.6033,0.00,0,245,split_disk,13,1,-1,1015.71,909.62,909.62
450,2121.00,29.73668269,115.99321159,29.73668269,115.99321159,29.73668269,115.99321159,0.6033,0.00,0,245,split_disk,13,1,-1,1064.38,819.26,819.26
451,2126.00,29.73668269,115.99321159,29.73668269,115.99321159,29.73668269,115.99321159,0.6033,0.00,0,245,split_disk,13,1,-1,1116.38,812.34,812.34
452,2131.00,29.74429223,115.99535486,29.73668269,115.99321159,29.73668269,115.99321159,0.5333,872.06,1,311,split_disk,10,1,-1,1023.54,812.86,812.86
453,2137.00,29.74429223,115.99535486,29.73668269,115.99321159,29.73668269,115.99321159,0.5333,872.06,1,311,split_disk,10,1,-1,1014.62,815.35,815.35
454,2141.00,29.74523036,115.97549166,29.73668269,115.99321159,29.73668269,115.99321159,0.6267,1959.35,1,314,split_disk,14,1,-1,1006.19,724.65,724.65
455,2146.00,29.75515781,115.97913556,29.73668269,115.99321159,29.73668269,115.99321159,0.5100,2465.97,1,381,split_disk,9,1,-1,1256.88,686.02,686.02
456,2152.00,29.74429223,115.99535486,29.73668269,115.99321159,29.73668269,115.99321159,0.5333,872.06,1,311,split_disk,10,1,-1,1025.38,890.87,890.87
457,2157.00,29.77088744,115.97968457,29.73668269,115.99321159,29.73668269,115.99321159,0.5800,4025.91,1,499,split_disk,12,1,-1,2782.06,630.93,630.93
458,2162.00,29.77088744,115.97968457,29.73668269,115.99321159,29.73668269,115.99321159,0.5800,4025.91,1,499,split_disk,12,1,-1,2704.92,1048.86,1048.86
459,2168.00,29.77088744,115.97968457,29.73668269,115.99321159,29.73668269,115.99321159,0.5800,4025.91,1,499,split_disk,12,1,-1,2627.83,811.65,811.65
460,2173.00,29.77088744,115.97968457,29.73668269,115.99321159,29.73668269,115.99321159,0.5800,4025.91,1,499,split_disk,12,1,-1,2550.79,225.89,225.89
461,2178.00,29.77184250,115.97662152,29.73668269,115.99321159,29.77184250,115.97662152,0.5800,4229.75,1,497,split_disk,12,1,-1,2567.17,826.67,826.67
462,2183.00,29.77184250,115.97662152,29.77184250,115.97662152,29.77184250,115.97662152,0.5800,0.00,0,497,split_disk,12,1,-1,2482.57,848.09,848.09
463,2187.00,29.76243015,115.97956098,29.77184250,115.97662152,29.77184250,115.97662152,0.6267,1085.62,1,434,split_disk,14,1,-1,1333.93,692.09,692.09
464,2192.00,29.76243015,115.97956098,29.77184250,115.97662152,29.77184250,115.97662152,0.6267,1085.62,1,434,split_disk,14,1,-1,1259.58,440.52,440.52
465,2197.00,29.76243015,115.97956098,29.77184250,115.97662152,29.77184250,115.97662152,0.6267,1085.62,1,434,split_disk,14,1,-1,1185.70,503.40,503.40
466,2202.00,29.76243015,115.97956098,29.77184250,115.97662152,29.77184250,115.97662152,0.6267,1085.62,1,434,split_disk,14,1,-1,1112.37,827.68,827.68
467,2208.00,29.77234686,115.99339697,29.77184250,115.97662152,29.77184250,115.97662152,0.5100,1622.47,1,505,split_disk,9,1,-1,2125.52,1158.46,1158.46
468,2213.00,29.77234686,115.99339697,29.77184250,115.97662152,29.77184250,115.97662152,0.5100,1622.47,1,505,split_disk,9,1,-1,2053.71,1122.56,1122.56
469,2218.00,29.77234686,115.99339697,29.77184250,115.97662152,29.77184250,115.97662152,0.5100,1622.47,1,505,split_disk,9,1,-1,1982.37,1091.05,1091.05
470,2223.00,29.77234686,115.99339697,29.77184250,115.97662152,29.77184250,115.97662152,0.5100,1622.47,1,505,split_disk,9,1,-1,1901.47,828.97,828.97
471,2228.00,29.77234686,115.99339697,29.77184250,115.97662152,29.77184250,115.97662152,0.5100,1622.47,1,505,split_disk,9,1,-1,1831.31,1026.88,1026.88
472,2233.00,29.77234686,115.99339697,29.77184250,115.97662152,29.77234686,115.99339697,0.5100,1622.47,1,505,split_disk,9,1,-1,1761.79,964.05,964.05
473,2238.00,29.77234686,115.99339697,29.77234686,115.99339697,29.77234686,115.99339697,0.5100,0.00,0,505,split_disk,9,1,-1,1693.01,903.57,903.57
474,2243.00,29.73668269,115.99321159,29.77234686,115.99339697,29.77234686,115.99339697,0.6033,3970.18,1,245,split_disk,13,1,-1,2716.25,845.96,845.96
475,2248.00,29.73668269,115.99321159,29.77234686,115.99339697,29.77234686,115.99339697,0.6033,3970.18,1,245,split_disk,13,1,-1,2790.71,1014.07,1014.07
476,2253.00,29.73668269,115.99321159,29.77234686,115.99339697,29.77234686,115.99339697,0.6033,3970.18,1,245,split_disk,13,1,-1,2865.36,1492.07,1492.07
477,2258.00,29.73668269,115.99321159,29.77234686,115.99339697,29.77234686,115.99339697,0.6033,3970.18,1,245,split_disk,13,1,-1,2950.87,2379.74,2379.74
478,2263.00,29.76243015,115.97956098,29.77234686,115.99339697,29.77234686,115.99339697,0.6267,1734.14,1,434,split_disk,14,1,-1,397.55,397.55,397.55
479,2268.00,29.73668269,115.99321159,29.77234686,115.99339697,29.77234686,115.99339697,0.6033,3970.18,1,245,split_disk,13,1,-1,3101.01,1787.77,1787.77
480,2273.00,29.73668269,115.99321159,29.77234686,115.99339697,29.77234686,115.99339697,0.6033,3970.18,1,245,split_disk,13,1,-1,3176.28,1857.53,1857.53
481,2278.00,29.73668269,115.99321159,29.77234686,115.99339697,29.77234686,115.99339697,0.6033,3970.18,1,245,split_disk,13,1,-1,3251.68,1927.93,1927.93
482,2283.00,29.73668269,115.99321159,29.77234686,115.99339697,29.77234686,115.99339697,0.6033,3970.18,1,245,split_disk,13,1,-1,3327.19,2088.10,2088.10
483,2288.00,29.73668269,115.99321159,29.77234686,115.99339697,29.73668269,115.99321159,0.6033,3970.18,1,245,split_disk,13,1,-1,3402.81,1068.81,1068.81
484,2292.00,29.73668269,115.99321159,29.73668269,115.99321159,29.73668269,115.99321159,0.6033,0.00,0,245,split_disk,13,1,-1,3478.54,912.72,912.72
485,2342.00,29.72476546,115.97208780,29.73668269,115.99321159,29.73668269,115.99321159,0.5567,2434.94,1,157,split_disk,11,1,-1,4754.32,651.13,651.13
486,2345.00,29.75515781,115.97913556,29.73668269,115.99321159,29.73668269,115.99321159,0.5100,2465.97,1,381,split_disk,9,1,-1,1326.08,729.03,729.03
487,2348.00,29.74429223,115.99535486,29.73668269,115.99321159,29.73668269,115.99321159,0.5333,872.06,1,311,split_disk,10,1,-1,2340.97,2340.97,2340.97
488,2351.00,29.73668269,115.99321159,29.73668269,115.99321159,29.73668269,115.99321159,0.6033,0.00,0,245,split_disk,13,1,-1,3176.12,1823.40,1823.40
489,2355.00,29.73668269,115.99321159,29.73668269,115.99321159,29.73668269,115.99321159,0.6033,0.00,0,245,split_disk,13,1,-1,3099.73,2011.42,2011.42
490,2358.00,29.73668269,115.99321159,29.73668269,115.99321159,29.73668269,115.99321159,0.6033,0.00,0,245,split_disk,13,1,-1,3023.41,1761.17,1761.17
491,2362.00,29.72579565,115.97604780,29.73668269,115.99321159,29.73668269,115.99321159,0.5333,2054.56,1,158,split_disk,10,1,-1,4249.20,2051.83,2051.83
492,2365.00,29.72476546,115.97208780,29.73668269,115.99321159,29.73668269,115.99321159,0.5567,2434.94,1,157,split_disk,11,1,-1,4224.84,1207.61,1207.61
493,2369.00,29.76908008,115.99318687,29.73668269,115.99321159,29.73668269,115.99321159,0.5100,3606.48,1,492,split_disk,9,1,-1,1249.16,359.33,359.33
494,2372.00,29.77234686,115.99339697,29.73668269,115.99321159,29.73668269,115.99321159,0.5100,3970.18,1,505,split_disk,9,1,-1,1496.99,819.15,819.15
495,2376.00,29.77234686,115.99339697,29.73668269,115.99321159,29.73668269,115.99321159,0.5100,3970.18,1,505,split_disk,9,1,-1,1568.28,819.37,819.37
496,2379.00,29.76243015,115.97956098,29.73668269,115.99321159,29.73668269,115.99321159,0.6267,3155.33,1,434,split_disk,14,1,-1,779.67,779.67,779.67
497,2383.00,29.77234686,115.99339697,29.73668269,115.99321159,29.73668269,115.99321159,0.5100,3970.18,1,505,split_disk,9,1,-1,1712.61,635.76,635.76
498,2386.00,29.77234686,115.99339697,29.73668269,115.99321159,29.73668269,115.99321159,0.5100,3970.18,1,505,split_disk,9,1,-1,1785.50,1093.28,1093.28
499,2390.00,29.77234686,115.99339697,29.73668269,115.99321159,29.73668269,115.99321159,0.5100,3970.18,1,505,split_disk,9,1,-1,1858.80,891.19,891.19
500,2393.00,29.77234686,115.99339697,29.73668269,115.99321159,29.77234686,115.99339697,0.5100,3970.18,1,505,split_disk,9,1,-1,1943.01,930.06,930.06
501,2397.00,29.77234686,115.99339697,29.77234686,115.99339697,29.77234686,115.99339697,0.5100,0.00,0,505,split_disk,9,1,-1,2017.03,807.86,807.86
502,2400.00,29.72508740,115.99686262,29.77234686,115.99339697,29.77234686,115.99339697,0.5100,5271.58,1,168,split_disk,9,1,-1,3305.07,860.08,860.08
503,2404.00,29.76243015,115.97956098,29.77234686,115.99339697,29.77234686,115.99339697,0.6267,1734.14,1,434,split_disk,14,1,-1,1222.96,915.96,915.96
504,2407.00,29.76243015,115.97956098,29.77234686,115.99339697,29.77234686,115.99339697,0.6267,1734.14,1,434,split_disk,14,1,-1,1292.03,1174.17,1174.17
505,2410.00,29.76243015,115.97956098,29.77234686,115.99339697,29.77234686,115.99339697,0.6267,1734.14,1,434,split_disk,14,1,-1,1362.07,1362.07,1362.07
506,2414.00,29.77234686,115.99339697,29.77234686,115.99339697,29.77234686,115.99339697,0.5100,0.00,0,505,split_disk,9,1,-1,2390.88,683.15,683.15
507,2417.00,29.73668269,115.99321159,29.77234686,115.99339697,29.77234686,115.99339697,0.6033,3970.18,1,245,split_disk,13,1,-1,1727.02,653.83,653.83
508,2420.00,29.73668269,115.99321159,29.77234686,115.99339697,29.77234686,115.99339697,0.6033,3970.18,1,245,split_disk,13,1,-1,1644.18,630.54,630.54
509,2424.00,29.76251599,115.98860371,29.77234686,115.99339697,29.77234686,115.99339697,0.5100,1188.41,1,438,split_disk,9,1,-1,1569.70,420.80,420.80
510,2427.00,29.74958098,115.99586157,29.77234686,115.99339697,29.77234686,115.99339697,0.5100,2545.47,1,337,split_disk,9,1,-1,818.97,450.66,450.66
511,2430.00,29.74958098,115.99586157,29.77234686,115.99339697,29.77234686,115.99339697,0.5100,2545.47,1,337,split_disk,9,1,-1,825.73,427.84,427.84
512,2434.00,29.73668269,115.99321159,29.77234686,115.99339697,29.77234686,115.99339697,0.6033,3970.18,1,245,split_disk,13,1,-1,1360.42,646.34,646.34
513,2437.00,29.73668269,115.99321159,29.77234686,115.99339697,29.77234686,115.99339697,0.6033,3970.18,1,245,split_disk,13,1,-1,1291.50,621.85,621.85
514,2441.00,29.74429223,115.99535486,29.77234686,115.99339697,29.77234686,115.99339697,0.5333,3128.77,1,311,split_disk,10,1,-1,820.24,620.85,620.85
515,2444.00,29.74429223,115.99535486,29.77234686,115.99339697,29.77234686,115.99339697,0.5333,3128.77,1,311,split_disk,10,1,-1,818.62,618.72,618.72
516,2447.00,29.74429223,115.99535486,29.77234686,115.99339697,29.74429223,115.99535486,0.5333,3128.77,1,311,split_disk,10,1,-1,825.83,624.69,624.69
517,2451.00,29.74429223,115.99535486,29.74429223,115.99535486,29.74429223,115.99535486,0.5333,0.00,0,311,split_disk,10,1,-1,839.86,618.42,618.42
518,2454.00,29.74429223,115.99535486,29.74429223,115.99535486,29.74429223,115.99535486,0.5333,0.00,0,311,split_disk,10,1,-1,860.75,621.93,621.93
519,2458.00,29.74429223,115.99535486,29.74429223,115.99535486,29.74429223,115.99535486,0.5333,0.00,0,311,split_disk,10,1,-1,888.01,620.78,620.78
520,2461.00,29.74429223,115.99535486,29.74429223,115.99535486,29.74429223,115.99535486,0.5333,0.00,0,311,split_disk,10,1,-1,921.07,618.74,618.74
521,2464.00,29.74429223,115.99535486,29.74429223,115.99535486,29.74429223,115.99535486,0.5333,0.00,0,311,split_disk,10,1,-1,959.33,626.25,626.25
522,2468.00,29.74429223,115.99535486,29.74429223,115.99535486,29.74429223,115.99535486,0.5333,0.00,0,311,split_disk,10,1,-1,1002.21,618.70,618.70
523,2471.00,29.74429223,115.99535486,29.74429223,115.99535486,29.74429223,115.99535486,0.5333,0.00,0,311,split_disk,10,1,-1,1049.13,620.90,620.90
524,2474.00,29.74429223,115.99535486,29.74429223,115.99535486,29.74429223,115.99535486,0.5333,0.00,0,311,split_disk,10,1,-1,1107.04,620.72,620.72
525,2477.00,29.74429223,115.99535486,29.74429223,115.99535486,29.74429223,115.99535486,0.5333,0.00,0,311,split_disk,10,1,-1,1160.95,618.77,618.77
526,2481.00,29.74429223,115.99535486,29.74429223,115.99535486,29.74429223,115.99535486,0.5333,0.00,0,311,split_disk,10,1,-1,1217.46,626.59,626.59
527,2484.00,29.74429223,115.99535486,29.74429223,115.99535486,29.74429223,115.99535486,0.5333,0.00,0,311,split_disk,10,1,-1,1276.23,643.81,643.81
528,2487.00,29.74429223,115.99535486,29.74429223,115.99535486,29.74429223,115.99535486,0.5333,0.00,0,311,split_disk,10,1,-1,1336.96,769.04,769.04
529,2490.00,29.73668269,115.99321159,29.74429223,115.99535486,29.74429223,115.99535486,0.6033,872.06,1,245,split_disk,13,1,-1,632.93,621.71,621.71
530,2493.00,29.76785221,115.98801763,29.74429223,115.99535486,29.74429223,115.99535486,0.6500,2716.90,1,476,split_disk,15,1,-1,3813.16,1302.33,1302.33
531,2496.00,29.74523036,115.97549166,29.74429223,115.99535486,29.74429223,115.99535486,0.6267,1922.80,1,314,split_disk,14,1,-1,1902.51,1902.51,1902.51
532,2500.00,29.76785221,115.98801763,29.74429223,115.99535486,29.74429223,115.99535486,0.6500,2716.90,1,476,split_disk,15,1,-1,3980.13,1973.08,1973.08
533,2503.00,29.73668269,115.99321159,29.74429223,115.99535486,29.74429223,115.99535486,0.6033,872.06,1,245,split_disk,13,1,-1,769.48,670.00,670.00
534,2506.00,29.74429223,115.99535486,29.74429223,115.99535486,29.74429223,115.99535486,0.5333,0.00,0,311,split_disk,10,1,-1,1740.34,1121.75,1121.75
535,2510.00,29.72508740,115.99686262,29.74429223,115.99535486,29.74429223,115.99535486,0.5100,2142.84,1,168,split_disk,9,1,-1,1006.58,654.27,654.27
536,2513.00,29.72508740,115.99686262,29.74429223,115.99535486,29.74429223,115.99535486,0.5100,2142.84,1,168,split_disk,9,1,-1,963.29,683.72,683.72
537,2516.00,29.72508740,115.99686262,29.74429223,115.99535486,29.74429223,115.99535486,0.5100,2142.84,1,168,split_disk,9,1,-1,924.56,641.19,641.19
538,2520.00,29.72508740,115.99686262,29.74429223,115.99535486,29.74429223,115.99535486,0.5100,2142.84,1,168,split_disk,9,1,-1,890.96,666.07,666.07
539,2523.00,29.72383806,115.99339697,29.74429223,115.99535486,29.74429223,115.99535486,0.6033,2284.81,1,154,split_disk,13,1,-1,779.37,698.80,698.80
540,2527.00,29.72508740,115.99686262,29.74429223,115.99535486,29.74429223,115.99535486,0.5100,2142.84,1,168,split_disk,9,1,-1,839.06,744.47,744.47
541,2530.00,29.76243015,115.97956098,29.74429223,115.99535486,29.74429223,115.99535486,0.6267,2531.29,1,434,split_disk,14,1,-1,4133.67,825.35,825.35
542,2533.00,29.76243015,115.97956098,29.74429223,115.99535486,29.74429223,115.99535486,0.6267,2531.29,1,434,split_disk,14,1,-1,4210.83,818.86,818.86
543,2536.00,29.71030664,115.97653501,29.74429223,115.99535486,29.74429223,115.99535486,0.5333,4197.90,1,55,split_disk,10,1,-1,1836.08,819.76,819.76
544,2540.00,29.72508740,115.99686262,29.74429223,115.99535486,29.72508740,115.99686262,0.5100,2142.84,1,168,split_disk,9,1,-1,828.02,821.64,821.64
545,2543.00,29.72508740,115.99686262,29.72508740,115.99686262,29.72508740,115.99686262,0.5100,0.00,0,168,split_disk,9,1,-1,843.43,648.58,648.58
546,2546.00,29.71030664,115.97653501,29.72508740,115.99686262,29.72508740,115.99686262,0.5333,2562.80,1,55,split_disk,10,1,-1,1643.28,822.44,822.44
547,2549.00,29.76778329,115.99011147,29.72508740,115.99686262,29.72508740,115.99686262,0.5333,4797.49,1,464,split_disk,10,1,-1,4964.89,2929.46,2929.46
548,2553.00,29.77088744,115.97968457,29.72508740,115.99686262,29.72508740,115.99686262,0.5800,5362.02,1,499,split_disk,12,1,-1,5679.01,2676.49,2676.49
549,2556.00,29.77088744,115.97968457,29.72508740,115.99686262,29.72508740,115.99686262,0.5800,5362.02,1,499,split_disk,12,1,-1,5756.53,2753.64,2753.64
550,2560.00,29.76778329,115.99011147,29.72508740,115.99686262,29.72508740,115.99686262,0.5333,4797.49,1,464,split_disk,10,1,-1,5209.57,2830.84,2830.84
551,2563.00,29.74737658,115.97673275,29.72508740,115.99686262,29.72508740,115.99686262,0.5333,3153.16,1,315,split_disk,10,1,-1,3235.43,2908.07,2908.07
552,2566.00,29.74737658,115.97673275,29.72508740,115.99686262,29.72508740,115.99686262,0.5333,3153.16,1,315,split_disk,10,1,-1,3309.77,2985.34,2985.34
553,2569.00,29.74737658,115.97673275,29.72508740,115.99686262,29.72508740,115.99686262,0.5333,3153.16,1,315,split_disk,10,1,-1,3384.27,3062.64,3062.64
554,2573.00,29.77088744,115.97968457,29.72508740,115.99686262,29.72508740,115.99686262,0.5800,5362.02,1,499,split_disk,12,1,-1,6144.28,3139.97,3139.97
555,2576.00,29.77088744,115.97968457,29.72508740,115.99686262,29.77088744,115.97968457,0.5800,5362.02,1,499,split_disk,12,1,-1,6232.94,3228.38,3228.38
556,2579.00,29.77088744,115.97968457,29.77088744,115.97968457,29.77088744,115.97968457,0.5800,0.00,0,499,split_disk,12,1,-1,6310.53,3488.40,3488.40
557,2582.00,29.77088744,115.97968457,29.77088744,115.97968457,29.77088744,115.97968457,0.5800,0.00,0,499,split_disk,12,1,-1,6388.13,3566.22,3566.22
558,2586.00,29.77184250,115.97662152,29.77088744,115.97968457,29.77088744,115.97968457,0.5800,314.58,1,497,split_disk,12,1,-1,6513.91,3888.98,3888.98
559,2589.00,29.77184250,115.97662152,29.77088744,115.97968457,29.77088744,115.97968457,0.5800,314.58,1,497,split_disk,12,1,-1,6590.95,3965.93,3965.93
560,2592.00,29.76355691,115.98763451,29.77088744,115.97968457,29.77088744,115.97968457,0.5567,1120.90,1,437,split_disk,11,1,-1,5595.39,4274.42,4274.42
561,2596.00,29.72383806,115.99339697,29.77088744,115.97968457,29.77088744,115.97968457,0.6033,5402.64,1,154,split_disk,13,1,-1,1415.48,1415.48,1415.48
562,2599.00,29.72383806,115.99339697,29.77088744,115.97968457,29.77088744,115.97968457,0.6033,5402.64,1,154,split_disk,13,1,-1,1485.97,1306.75,1306.75
563,2603.00,29.77184250,115.97662152,29.77088744,115.97968457,29.77088744,115.97968457,0.5800,314.58,1,497,split_disk,12,1,-1,6910.35,1833.06,1833.06
564,2606.00,29.77184250,115.97662152,29.77088744,115.97968457,29.77088744,115.97968457,0.5800,314.58,1,497,split_disk,12,1,-1,6987.49,988.76,988.76
565,2610.00,29.77234686,115.99339697,29.77088744,115.97968457,29.77088744,115.97968457,0.5100,1335.35,1,505,split_disk,9,1,-1,7023.38,1973.75,1973.75
566,2659.00,29.76243015,115.97956098,29.77088744,115.97968457,29.77088744,115.97968457,0.6267,941.54,1,434,split_disk,14,1,-1,6012.87,2637.83,2637.83
567,2664.00,29.76243015,115.97956098,29.77088744,115.97968457,29.76243015,115.97956098,0.6267,941.54,1,434,split_disk,14,1,-1,5935.60,2520.88,2520.88
568,2670.00,29.76243015,115.97956098,29.76243015,115.97956098,29.76243015,115.97956098,0.6267,0.00,0,434,split_disk,14,1,-1,5847.32,2475.92,2475.92
569,2675.00,29.77234686,115.99339697,29.76243015,115.97956098,29.76243015,115.97956098,0.5100,1734.14,1,505,split_disk,9,1,-1,6731.24,2553.43,2553.43
570,2680.00,29.76908008,115.99318687,29.76243015,115.97956098,29.76243015,115.97956098,0.5100,1510.85,1,492,split_disk,9,1,-1,6453.90,4062.18,4062.18
571,2686.00,29.77184250,115.97662152,29.76243015,115.97956098,29.76243015,115.97956098,0.5800,1085.62,1,497,split_disk,12,1,-1,6666.33,3984.70,3984.70
572,2691.00,29.77184250,115.97662152,29.76243015,115.97956098,29.76243015,115.97956098,0.5800,1085.62,1,497,split_disk,12,1,-1,6589.64,3907.22,3907.22
573,2696.00,29.75294267,115.97227318,29.76243015,115.97956098,29.75302140,115.97233365,0.7667,1269.52,0,365,split_disk,20,1,-1,4679.15,3625.56,3625.56
574,2701.00,29.75294267,115.97227318,29.75089173,115.97069775,29.75251971,115.97194828,0.7667,274.44,0,365,split_disk,20,1,-1,4605.85,3417.23,3417.23
575,2707.00,29.76778329,115.99011147,29.75127843,115.97099479,29.75127843,115.97099479,0.5333,2605.79,1,464,split_disk,10,1,-1,5650.32,3300.74,3300.74
576,2712.00,29.74737658,115.97673275,29.75024402,115.97020021,29.75024402,115.97020021,0.5333,707.53,1,315,split_disk,10,1,-1,3560.67,3213.08,3213.08
577,2717.00,29.74760193,115.97980293,29.74920961,115.96940563,29.74920961,115.96940563,0.5333,1020.81,1,316,split_disk,10,1,-1,3425.00,3136.44,3136.44
578,2723.00,29.74760193,115.97980293,29.74796833,115.96845213,29.74796833,115.96845213,0.5333,1097.92,1,316,split_disk,10,1,-1,3350.37,3059.87,3059.87
579,2729.00,29.75008534,115.97683162,29.74672704,115.96749864,29.74672704,115.96749864,0.5567,976.51,1,328,split_disk,11,1,-1,3528.81,2983.37,2983.37
580,2734.00,29.75008534,115.97683162,29.74569263,115.96670406,29.74569263,115.96670406,0.5567,1094.26,1,328,split_disk,11,1,-1,3455.43,2906.95,2906.95
581,2740.00,29.74760193,115.97980293,29.74445134,115.96575057,29.74445134,115.96575057,0.5333,1402.84,1,316,split_disk,10,1,-1,3127.45,2877.91,2877.91
582,2745.00,29.77184250,115.97662152,29.74341694,115.96495599,29.74341694,115.96495599,0.5800,3359.23,1,497,split_disk,12,1,-1,5813.65,3116.31,3116.31
583,2751.00,29.76778329,115.99011147,29.74217565,115.96400249,29.74217565,115.96400249,0.5333,3807.24,1,464,split_disk,10,1,-1,5015.81,3038.97,3038.97
584,2756.00,29.76355691,115.98763451,29.74114124,115.96320791,29.76355691,115.98763451,0.5567,3435.28,1,437,split_disk,11,1,-1,4530.07,3149.10,3149.10
585,2761.00,29.77184250,115.97662152,29.76355691,115.98763451,29.76355691,115.98763451,0.5800,1408.51,1,497,split_disk,12,1,-1,5574.01,3112.17,3112.17
586,2767.00,29.77184250,115.97662152,29.76355691,115.98763451,29.76355691,115.98763451,0.5800,1408.51,1,497,split_disk,12,1,-1,5497.87,3035.87,3035.87
587,2772.00,29.77234686,115.99339697,29.76355691,115.98763451,29.76355691,115.98763451,0.5100,1125.92,1,505,split_disk,9,1,-1,5309.95,631.88,631.88
588,2778.00,29.77234686,115.99339697,29.76355691,115.98763451,29.76355691,115.98763451,0.5100,1125.92,1,505,split_disk,9,1,-1,5232.28,625.19,625.19
589,2783.00,29.77234686,115.99339697,29.76355691,115.98763451,29.76355691,115.98763451,0.5100,1125.92,1,505,split_disk,9,1,-1,5154.62,628.17,628.17
590,2789.00,29.71030664,115.97653501,29.76355691,115.98763451,29.76355691,115.98763451,0.5333,6024.13,1,55,split_disk,10,1,-1,2100.28,640.68,640.68
591,2795.00,29.72508740,115.99686262,29.76355691,115.98763451,29.76355691,115.98763451,0.5100,4374.34,1,168,split_disk,9,1,-1,662.19,570.93,570.93
592,2800.00,29.72383806,115.99339697,29.76355691,115.98763451,29.76355691,115.98763451,0.6033,4456.45,1,154,split_disk,13,1,-1,662.21,515.74,515.74
593,2805.00,29.72383806,115.99339697,29.76355691,115.98763451,29.76355691,115.98763451,0.6033,4456.45,1,154,split_disk,13,1,-1,723.70,475.95,475.95
594,2811.00,29.77234686,115.99339697,29.76355691,115.98763451,29.77234686,115.99339697,0.5100,1125.92,1,505,split_disk,9,1,-1,4755.35,446.33,446.33
595,2816.00,29.72508740,115.99686262,29.77234686,115.99339697,29.77234686,115.99339697,0.5100,5271.58,1,168,split_disk,9,1,-1,827.03,429.00,429.00
596,2822.00,29.72383806,115.99339697,29.77234686,115.99339697,29.77234686,115.99339697,0.6033,5400.00,1,154,split_disk,13,1,-1,923.18,425.46,425.46
597,2828.00,29.72508740,115.99686262,29.77234686,115.99339697,29.77234686,115.99339697,0.5100,5271.58,1,168,split_disk,9,1,-1,936.52,436.04,436.04
598,2833.00,29.74429223,115.99535486,29.77234686,115.99339697,29.77234686,115.99339697,0.5333,3128.77,1,311,split_disk,10,1,-1,1555.69,480.71,480.71
599,2839.00,29.76785221,115.98801763,29.77234686,115.99339697,29.77234686,115.99339697,0.6500,721.60,1,476,split_disk,15,1,-1,3950.57,2914.61,2914.61
600,2844.00,29.76785221,115.98801763,29.77234686,115.99339697,29.77234686,115.99339697,0.6500,721.60,1,476,split_disk,15,1,-1,3861.61,2003.83,2003.83
601,2850.00,29.74523036,115.97549166,29.77234686,115.99339697,29.77234686,115.99339697,0.6267,3479.56,1,314,split_disk,14,1,-1,1947.88,1947.88,1947.88
602,2856.00,29.74523036,115.97549166,29.77234686,115.99339697,29.77234686,115.99339697,0.6267,3479.56,1,314,split_disk,14,1,-1,1893.48,1893.48,1893.48
603,2862.00,29.74523036,115.97549166,29.77234686,115.99339697,29.77234686,115.99339697,0.6267,3479.56,1,314,split_disk,14,1,-1,1840.78,1840.78,1840.78
604,2868.00,29.74523036,115.97549166,29.77234686,115.99339697,29.74523036,115.97549166,0.6267,3479.56,1,314,split_disk,14,1,-1,1789.91,428.43,428.43
605,2873.00,29.73668269,115.99321159,29.74523036,115.97549166,29.74523036,115.97549166,0.6033,1959.35,1,245,split_disk,13,1,-1,445.03,445.03,445.03
606,2879.00,29.73668269,115.99321159,29.74523036,115.97549166,29.74523036,115.97549166,0.6033,1959.35,1,245,split_disk,13,1,-1,474.02,474.02,474.02
607,2885.00,29.74523036,115.97549166,29.74523036,115.97549166,29.74523036,115.97549166,0.6267,0.00,0,314,split_disk,14,1,-1,1650.05,1650.05,1650.05
608,2890.00,29.74523036,115.97549166,29.74523036,115.97549166,29.74523036,115.97549166,0.6267,0.00,0,314,split_disk,14,1,-1,1602.54,1602.54,1602.54
609,2896.00,29.74523036,115.97549166,29.74523036,115.97549166,29.74523036,115.97549166,0.6267,0.00,0,314,split_disk,14,1,-1,1563.94,714.00,714.00
610,2901.00,29.74523036,115.97549166,29.74523036,115.97549166,29.74523036,115.97549166,0.6267,0.00,0,314,split_disk,14,1,-1,1528.35,847.07,847.07
611,2907.00,29.74523036,115.97549166,29.74523036,115.97549166,29.74523036,115.97549166,0.6267,0.00,0,314,split_disk,14,1,-1,1495.97,653.06,653.06
612,2913.00,29.74523036,115.97549166,29.74523036,115.97549166,29.74523036,115.97549166,0.6267,0.00,0,314,split_disk,14,1,-1,1467.02,984.99,984.99
613,2918.00,29.74523036,115.97549166,29.74523036,115.97549166,29.74523036,115.97549166,0.6267,0.00,0,314,split_disk,14,1,-1,1441.71,1055.82,1055.82
614,2924.00,29.76061826,115.97454004,29.74523036,115.97549166,29.74523036,115.97549166,0.5567,1715.45,1,405,split_disk,11,1,-1,2229.94,1863.51,1863.51
615,2929.00,29.74523036,115.97549166,29.74523036,115.97549166,29.74523036,115.97549166,0.6267,0.00,0,314,split_disk,14,1,-1,1402.74,1200.13,1200.13
616,2934.00,29.73668269,115.99321159,29.74523036,115.97549166,29.74523036,115.97549166,0.6033,1959.35,1,245,split_disk,13,1,-1,1097.08,425.16,425.16
617,2940.00,29.74429223,115.99535486,29.74523036,115.97549166,29.74523036,115.97549166,0.5333,1922.80,1,311,split_disk,10,1,-1,631.36,434.29,434.29
618,2946.00,29.73668269,115.99321159,29.74523036,115.97549166,29.74523036,115.97549166,0.6033,1959.35,1,245,split_disk,13,1,-1,1242.22,426.27,426.27
619,2951.00,29.77234686,115.99339697,29.74523036,115.97549166,29.74523036,115.97549166,0.5100,3479.56,1,505,split_disk,9,1,-1,2787.41,273.13,273.13
620,2956.00,29.75896567,115.97585529,29.74523036,115.97549166,29.74523036,115.97549166,0.5567,1529.42,1,406,split_disk,11,1,3,1735.24,80.86,80.86
621,2962.00,29.76251599,115.98860371,29.74523036,115.97549166,29.74523036,115.97549166,0.5100,2304.13,1,438,split_disk,9,1,4,1599.17,25.03,25.03
622,2968.00,29.77234686,115.99339697,29.74523036,115.97549166,29.74523036,115.97549166,0.5100,3479.56,1,505,split_disk,9,1,-1,2556.62,432.28,432.28
623,2974.00,29.73668269,115.99321159,29.74523036,115.97549166,29.74523036,115.97549166,0.6033,1959.35,1,245,split_disk,13,1,-1,1624.59,457.01,457.01
624,2979.00,29.77234686,115.99339697,29.74523036,115.97549166,29.74523036,115.97549166,0.5100,3479.56,1,505,split_disk,9,1,-1,2392.13,491.03,491.03
625,2984.00,29.76243015,115.97956098,29.74523036,115.97549166,29.76243015,115.97956098,0.6267,1954.66,1,434,split_disk,14,1,-1,1493.04,394.35,394.35
626,2989.00,29.77234686,115.99339697,29.76243015,115.97956098,29.76243015,115.97956098,0.5100,1734.14,1,505,split_disk,9,1,-1,2238.93,656.77,656.77
627,2995.00,29.76243015,115.97956098,29.76243015,115.97956098,29.76243015,115.97956098,0.6267,0.00,0,434,split_disk,14,1,-1,1362.23,529.85,529.85
628,3000.00,29.76243015,115.97956098,29.76243015,115.97956098,29.76243015,115.97956098,0.6267,0.00,0,434,split_disk,14,1,-1,1298.90,601.31,601.31
629,3006.00,29.76243015,115.97956098,29.76243015,115.97956098,29.76243015,115.97956098,0.6267,0.00,0,434,split_disk,14,1,-1,1237.24,842.16,842.16
630,3011.00,29.77234686,115.99339697,29.76243015,115.97956098,29.76243015,115.97956098,0.5100,1734.14,1,505,split_disk,9,1,-1,1933.81,646.02,646.02
631,3017.00,29.77234686,115.99339697,29.76243015,115.97956098,29.76243015,115.97956098,0.5100,1734.14,1,505,split_disk,9,1,-1,1857.87,589.56,589.56
632,3022.00,29.77234686,115.99339697,29.76243015,115.97956098,29.76243015,115.97956098,0.5100,1734.14,1,505,split_disk,9,1,-1,1771.29,531.73,531.73
633,3027.00,29.77234686,115.99339697,29.76243015,115.97956098,29.76243015,115.97956098,0.5100,1734.14,1,505,split_disk,9,1,-1,1695.74,670.09,670.09
634,3032.00,29.77234686,115.99339697,29.76243015,115.97956098,29.76243015,115.97956098,0.5100,1734.14,1,505,split_disk,9,1,-1,1620.43,455.44,455.44
635,3037.00,29.77234686,115.99339697,29.76243015,115.97956098,29.76243015,115.97956098,0.5100,1734.14,1,505,split_disk,9,1,-1,1545.36,630.87,630.87
636,3042.00,29.77234686,115.99339697,29.76243015,115.97956098,29.76243015,115.97956098,0.5100,1734.14,1,505,split_disk,9,1,-1,1470.60,625.06,625.06
637,3048.00,29.76243015,115.97956098,29.76243015,115.97956098,29.76243015,115.97956098,0.6267,0.00,0,434,split_disk,14,1,-1,842.30,330.87,330.87
638,3053.00,29.76251599,115.98860371,29.76243015,115.97956098,29.76243015,115.97956098,0.5100,874.12,1,438,split_disk,9,1,-1,253.24,253.24,253.24
639,3059.00,29.76251599,115.98860371,29.76243015,115.97956098,29.76243015,115.97956098,0.5100,874.12,1,438,split_disk,9,1,-1,164.85,164.85,164.85
640,3066.00,29.76243015,115.97956098,29.76243015,115.97956098,29.76243015,115.97956098,0.6267,0.00,0,434,split_disk,14,1,-1,779.64,779.64,779.64
641,3072.00,29.74035105,115.99604695,29.76243015,115.97956098,29.76243015,115.97956098,0.4867,2929.22,1,272,split_disk,8,1,-1,2667.17,1608.72,1608.72
642,3078.00,29.77234686,115.99339697,29.76243015,115.97956098,29.76243015,115.97956098,0.5100,1734.14,1,505,split_disk,9,1,-1,1021.76,1021.76,1021.76
643,3084.00,29.74429223,115.99535486,29.76243015,115.97956098,29.76243015,115.97956098,0.5333,2531.29,1,311,split_disk,10,1,-1,2237.80,2237.80,2237.80
644,3089.00,29.75773780,115.98003774,29.76243015,115.97956098,29.76243015,115.97956098,0.5333,524.38,1,394,split_disk,10,1,-1,1278.28,792.88,792.88
645,3095.00,29.72579565,115.97604780,29.76243015,115.97956098,29.76243015,115.97956098,0.5333,4092.27,1,158,split_disk,10,1,-1,4709.78,717.08,717.08
646,3101.00,29.72579565,115.97604780,29.76243015,115.97956098,29.76243015,115.97956098,0.5333,4092.27,1,158,split_disk,10,1,-1,4784.36,641.79,641.79
647,3107.00,29.75515781,115.97913556,29.76243015,115.97956098,29.76243015,115.97956098,0.5100,810.60,1,381,split_disk,9,1,-1,1602.35,556.64,556.64
648,3114.00,29.77234686,115.99339697,29.76243015,115.97956098,29.76243015,115.97956098,0.5100,1734.14,1,505,split_disk,9,1,-1,619.34,619.34,619.34
649,3120.00,29.74177209,115.99639299,29.76243015,115.97956098,29.76243015,115.97956098,0.4867,2816.99,1,285,split_disk,8,1,-1,3091.27,411.62,411.62
650,3169.00,29.76243015,115.97956098,29.76243015,115.97956098,29.76243015,115.97956098,0.6267,0.00,0,434,split_disk,14,1,-1,1136.00,310.00,310.00
651,3172.00,29.77234686,115.99339697,29.76243015,115.97956098,29.76243015,115.97956098,0.5100,1734.14,1,505,split_disk,9,1,-1,536.50,246.41,246.41
652,3175.00,29.77234686,115.99339697,29.76243015,115.97956098,29.76243015,115.97956098,0.5100,1734.14,1,505,split_disk,9,1,-1,607.72,282.60,282.60
653,3178.00,29.77088744,115.97968457,29.76243015,115.97956098,29.76243015,115.97956098,0.5800,941.54,1,499,split_disk,12,1,-1,1166.73,582.18,582.18
654,3181.00,29.75773780,115.98003774,29.76243015,115.97956098,29.76243015,115.97956098,0.5333,524.38,1,394,split_disk,10,1,-1,1457.38,816.58,816.58
655,3184.00,29.75515781,115.97913556,29.76243015,115.97956098,29.76243015,115.97956098,0.5100,810.60,1,381,split_disk,9,1,-1,1533.48,886.82,886.82
656,3187.00,29.74429223,115.99535486,29.76243015,115.97956098,29.76243015,115.97956098,0.5333,2531.29,1,311,split_disk,10,1,-1,2158.95,2128.01,2128.01
657,3190.00,29.77234686,115.99339697,29.76243015,115.97956098,29.76243015,115.97956098,0.5100,1734.14,1,505,split_disk,9,1,-1,990.06,990.06,990.06
658,3194.00,29.76243015,115.97956098,29.76243015,115.97956098,29.76243015,115.97956098,0.6267,0.00,0,434,split_disk,14,1,-1,969.16,173.11,173.11
659,3197.00,29.76243015,115.97956098,29.76243015,115.97956098,29.76243015,115.97956098,0.6267,0.00,0,434,split_disk,14,1,-1,975.52,205.79,205.79
660,3200.00,29.76243015,115.97956098,29.76243015,115.97956098,29.76243015,115.97956098,0.6267,0.00,0,434,split_disk,14,1,-1,990.29,267.16,267.16
661,3203.00,29.76243015,115.97956098,29.76243015,115.97956098,29.76243015,115.97956098,0.6267,0.00,0,434,split_disk,14,1,-1,1009.49,331.33,331.33
662,3206.00,29.76243015,115.97956098,29.76243015,115.97956098,29.76243015,115.97956098,0.6267,0.00,0,434,split_disk,14,1,-1,1034.23,433.24,433.24
663,3210.00,29.76243015,115.97956098,29.76243015,115.97956098,29.76243015,115.97956098,0.6267,0.00,0,434,split_disk,14,1,-1,1064.11,433.66,433.66
664,3213.00,29.77234686,115.99339697,29.76243015,115.97956098,29.76243015,115.97956098,0.5100,1734.14,1,505,split_disk,9,1,-1,1536.73,260.54,260.54
665,3216.00,29.77234686,115.99339697,29.76243015,115.97956098,29.76243015,115.97956098,0.5100,1734.14,1,505,split_disk,9,1,-1,1613.81,304.18,304.18
666,3220.00,29.77234686,115.99339697,29.76243015,115.97956098,29.76243015,115.97956098,0.5100,1734.14,1,505,split_disk,9,1,-1,1690.96,359.60,359.60
667,3223.00,29.77234686,115.99339697,29.76243015,115.97956098,29.76243015,115.97956098,0.5100,1734.14,1,505,split_disk,9,1,-1,1768.19,422.19,422.19
668,3227.00,29.77234686,115.99339697,29.76243015,115.97956098,29.76243015,115.97956098,0.5100,1734.14,1,505,split_disk,9,1,-1,1856.51,499.04,499.04
669,3230.00,29.77234686,115.99339697,29.76243015,115.97956098,29.76243015,115.97956098,0.5100,1734.14,1,505,split_disk,9,1,-1,1933.85,569.21,569.21
670,3233.00,29.72383806,115.99339697,29.76243015,115.97956098,29.76243015,115.97956098,0.6033,4499.42,1,154,split_disk,13,1,-1,3410.04,641.17,641.17
671,3237.00,29.72383806,115.99339697,29.76243015,115.97956098,29.76243015,115.97956098,0.6033,4499.42,1,154,split_disk,13,1,-1,3332.30,714.38,714.38
672,3240.00,29.77234686,115.99339697,29.76243015,115.97956098,29.76243015,115.97956098,0.5100,1734.14,1,505,split_disk,9,1,-1,2166.12,788.50,788.50
673,3244.00,29.77234686,115.99339697,29.76243015,115.97956098,29.77234686,115.99339697,0.5100,1734.14,1,505,split_disk,9,1,-1,2243.61,404.98,404.98
674,3247.00,29.77234686,115.99339697,29.77234686,115.99339697,29.77234686,115.99339697,0.5100,0.00,0,505,split_disk,9,1,-1,2321.13,441.07,441.07
675,3251.00,29.77234686,115.99339697,29.77234686,115.99339697,29.77234686,115.99339697,0.5100,0.00,0,505,split_disk,9,1,-1,2398.68,431.87,431.87
676,3254.00,29.77234686,115.99339697,29.77234686,115.99339697,29.77234686,115.99339697,0.5100,0.00,0,505,split_disk,9,1,-1,2487.33,262.54,262.54
677,3257.00,29.77234686,115.99339697,29.77234686,115.99339697,29.77234686,115.99339697,0.5100,0.00,0,505,split_disk,9,1,-1,2564.93,236.13,236.13
678,3260.00,29.77234686,115.99339697,29.77234686,115.99339697,29.77234686,115.99339697,0.5100,0.00,0,505,split_disk,9,1,-1,2642.54,233.94,233.94
679,3263.00,29.73668269,115.99321159,29.77234686,115.99339697,29.77234686,115.99339697,0.6033,3970.18,1,245,split_disk,13,1,-1,1310.35,248.45,248.45
680,3266.00,29.73668269,115.99321159,29.77234686,115.99339697,29.77234686,115.99339697,0.6033,3970.18,1,245,split_disk,13,1,-1,1233.73,231.99,231.99
681,3270.00,29.73668269,115.99321159,29.77234686,115.99339697,29.77234686,115.99339697,0.6033,3970.18,1,245,split_disk,13,1,-1,1157.29,240.94,240.94
682,3273.00,29.73668269,115.99321159,29.77234686,115.99339697,29.77234686,115.99339697,0.6033,3970.18,1,245,split_disk,13,1,-1,1081.05,238.35,238.35
683,3276.00,29.76350779,115.99652894,29.77234686,115.99339697,29.77234686,115.99339697,0.5100,1029.48,1,454,split_disk,9,1,-1,2263.53,1678.45,1678.45
684,3279.00,29.76350779,115.99652894,29.77234686,115.99339697,29.77234686,115.99339697,0.5100,1029.48,1,454,split_disk,9,1,-1,2351.02,1764.66,1764.66
685,3282.00,29.76350779,115.99652894,29.77234686,115.99339697,29.77234686,115.99339697,0.5100,1029.48,1,454,split_disk,9,1,-1,2427.66,1840.32,1840.32
686,3285.00,29.76061826,115.97454004,29.77234686,115.99339697,29.77234686,115.99339697,0.5567,2242.07,1,405,split_disk,11,1,-1,2438.21,1916.15,1916.15
687,3288.00,29.76061826,115.97454004,29.77234686,115.99339697,29.77234686,115.99339697,0.5567,2242.07,1,405,split_disk,11,1,-1,2498.38,2384.22,2384.22
688,3291.00,29.74523036,115.97549166,29.77234686,115.99339697,29.74523036,115.97549166,0.6267,3479.56,1,314,split_disk,14,1,-1,1687.43,1687.43,1687.43
689,3295.00,29.74523036,115.97549166,29.74523036,115.97549166,29.74523036,115.97549166,0.6267,0.00,0,314,split_disk,14,1,-1,1717.71,1717.71,1717.71
690,3298.00,29.74523036,115.97549166,29.74523036,115.97549166,29.74523036,115.97549166,0.6267,0.00,0,314,split_disk,14,1,-1,1750.94,1750.94,1750.94
691,3302.00,29.74523036,115.97549166,29.74523036,115.97549166,29.74523036,115.97549166,0.6267,0.00,0,314,split_disk,14,1,-1,1786.96,1786.96,1786.96
692,3305.00,29.74523036,115.97549166,29.74523036,115.97549166,29.74523036,115.97549166,0.6267,0.00,0,314,split_disk,14,1,-1,1831.31,1831.31,1831.31
693,3309.00,29.74523036,115.97549166,29.74523036,115.97549166,29.74523036,115.97549166,0.6267,0.00,0,314,split_disk,14,1,-1,1872.73,1872.73,1872.73
694,3312.00,29.74523036,115.97549166,29.74523036,115.97549166,29.74523036,115.97549166,0.6267,0.00,0,314,split_disk,14,1,-1,1916.43,1916.43,1916.43
695,3315.00,29.74523036,115.97549166,29.74523036,115.97549166,29.74523036,115.97549166,0.6267,0.00,0,314,split_disk,14,1,-1,1962.25,1962.25,1962.25
696,3319.00,29.74523036,115.97549166,29.74523036,115.97549166,29.74523036,115.97549166,0.6267,0.00,0,314,split_disk,14,1,-1,2010.05,2010.05,2010.05
697,3322.00,29.76785221,115.98801763,29.74523036,115.97549166,29.74523036,115.97549166,0.6500,2794.20,1,476,split_disk,15,1,-1,3753.30,2059.69,2059.69
698,3325.00,29.76785221,115.98801763,29.74523036,115.97549166,29.74523036,115.97549166,0.6500,2794.20,1,476,split_disk,15,1,-1,3830.86,2681.06,2681.06
699,3328.00,29.73668269,115.99321159,29.74523036,115.97549166,29.74523036,115.97549166,0.6033,1959.35,1,245,split_disk,13,1,-1,372.00,248.93,248.93
700,3332.00,29.77234686,115.99339697,29.74523036,115.97549166,29.74523036,115.97549166,0.5100,3479.56,1,505,split_disk,9,1,-1,4386.22,293.45,293.45
701,3335.00,29.71030664,115.97653501,29.74523036,115.97549166,29.74523036,115.97549166,0.5333,3889.02,1,55,split_disk,10,1,-1,2712.41,858.43,858.43
702,3339.00,29.77184250,115.97662152,29.74523036,115.97549166,29.74523036,115.97549166,0.5800,2964.48,1,497,split_disk,12,1,-1,4737.83,3165.51,3165.51
703,3342.00,29.77184250,115.97662152,29.74523036,115.97549166,29.74523036,115.97549166,0.5800,2964.48,1,497,split_disk,12,1,-1,4812.49,2255.56,2255.56
704,3346.00,29.77184250,115.97662152,29.74523036,115.97549166,29.74523036,115.97549166,0.5800,2964.48,1,497,split_disk,12,1,-1,4887.24,666.81,666.81
705,3349.00,29.77234686,115.99339697,29.74523036,115.97549166,29.74523036,115.97549166,0.5100,3479.56,1,505,split_disk,9,1,-1,4775.34,609.51,609.51
706,3352.00,29.77234686,115.99339697,29.74523036,115.97549166,29.77234686,115.99339697,0.5100,3479.56,1,505,split_disk,9,1,-1,4853.17,557.24,557.24
707,3355.00,29.72508740,115.99686262,29.77234686,115.99339697,29.77234686,115.99339697,0.5100,5271.58,1,168,split_disk,9,1,-1,511.54,399.59,399.59
708,3358.00,29.72508740,115.99686262,29.77234686,115.99339697,29.77234686,115.99339697,0.5100,5271.58,1,168,split_disk,9,1,-1,469.81,469.81,469.81
709,3361.00,29.72383806,115.99339697,29.77234686,115.99339697,29.77234686,115.99339697,0.6033,5400.00,1,154,split_disk,13,1,-1,384.98,384.98,384.98
710,3365.00,29.72508740,115.99686262,29.77234686,115.99339697,29.77234686,115.99339697,0.5100,5271.58,1,168,split_disk,9,1,-1,432.70,432.70,432.70
711,3368.00,29.71030664,115.97653501,29.77234686,115.99339697,29.77234686,115.99339697,0.5333,7096.03,1,55,split_disk,10,1,-1,2068.76,434.39,434.39
712,3371.00,29.77184250,115.97662152,29.77234686,115.99339697,29.77234686,115.99339697,0.5800,1622.47,1,497,split_disk,12,1,-1,5499.26,449.79,449.79
713,3375.00,29.77184250,115.97662152,29.77234686,115.99339697,29.77234686,115.99339697,0.5800,1622.47,1,497,split_disk,12,1,-1,5574.77,3035.09,3035.09
714,3378.00,29.77184250,115.97662152,29.77234686,115.99339697,29.77234686,115.99339697,0.5800,1622.47,1,497,split_disk,12,1,-1,5650.34,4825.72,4825.72
715,3382.00,29.71030664,115.97653501,29.77234686,115.99339697,29.77234686,115.99339697,0.5333,7096.03,1,55,split_disk,10,1,-1,1846.53,460.42,460.42
716,3385.00,29.72383806,115.99339697,29.77234686,115.99339697,29.72383806,115.99339697,0.6033,5400.00,1,154,split_disk,13,1,-1,340.22,175.34,175.34
717,3389.00,29.76243015,115.97956098,29.72383806,115.99339697,29.72383806,115.99339697,0.6267,4499.42,1,434,split_disk,14,1,-1,4825.22,1293.85,1293.85
718,3392.00,29.74523036,115.97549166,29.72383806,115.99339697,29.72383806,115.99339697,0.6267,2943.87,1,314,split_disk,14,1,-1,3389.62,1621.63,1621.63
719,3396.00,29.75294267,115.97227318,29.72383806,115.99339697,29.75293048,115.97228203,0.7667,3829.64,0,365,split_disk,20,1,-1,4266.61,3331.74,3331.74
720,3399.00,29.77088744,115.97968457,29.75452807,115.97112252,29.75452807,115.97112252,0.5800,2000.35,1,499,split_disk,12,1,-1,6038.97,3058.90,3058.90
721,3403.00,29.77088744,115.97968457,29.75665820,115.96957650,29.75665820,115.96957650,0.5800,1861.09,1,499,split_disk,12,1,-1,6115.90,3134.38,3134.38
722,3406.00,29.77088744,115.97968457,29.75825579,115.96841698,29.75825579,115.96841698,0.5800,1778.61,1,499,split_disk,12,1,-1,6192.86,3209.99,3209.99
723,3410.00,29.77088744,115.97968457,29.76038592,115.96687096,29.76038592,115.96687096,0.5800,1703.13,1,499,split_disk,12,1,-1,6269.83,3285.70,3285.70
724,3413.00,29.77088744,115.97968457,29.76198351,115.96571145,29.76198351,115.96571145,0.5800,1675.31,1,499,split_disk,12,1,-1,6357.84,3372.35,3372.35
725,3417.00,29.77088744,115.97968457,29.76411364,115.96416543,29.76411364,115.96416543,0.5800,1678.93,1,499,split_disk,12,1,-1,6434.86,3448.27,3448.27
726,3420.00,29.74737658,115.97673275,29.76571123,115.96300591,29.76571123,115.96300591,0.5333,2434.38,1,315,split_disk,10,1,-1,3888.23,3524.28,3524.28
727,3423.00,29.74760193,115.97980293,29.76730883,115.96184640,29.76730883,115.96184640,0.5333,2797.35,1,316,split_disk,10,1,-1,3896.70,3648.29,3648.29
728,3427.00,29.75008534,115.97683162,29.76943895,115.96030038,29.76943895,115.96030038,0.5567,2682.33,1,328,split_disk,11,1,-1,4223.17,3676.54,3676.54
729,3430.00,29.77184250,115.97662152,29.77103655,115.95914086,29.77184250,115.97662152,0.5800,1692.05,1,497,split_disk,12,1,-1,6812.12,5693.54,5693.54
730,3434.00,29.77234686,115.99339697,29.77184250,115.97662152,29.77184250,115.97662152,0.5100,1622.47,1,505,split_disk,9,1,-1,6755.18,2561.71,2561.71
731,3483.00,29.74737658,115.97673275,29.77184250,115.97662152,29.77184250,115.97662152,0.5333,2723.57,1,315,split_disk,10,1,-1,4217.58,3895.06,3895.06
732,3489.00,29.75008534,115.97683162,29.77184250,115.97662152,29.77184250,115.97662152,0.5567,2422.09,1,328,split_disk,11,1,-1,4331.21,3764.77,3764.77
733,3494.00,29.75008534,115.97683162,29.77184250,115.97662152,29.77184250,115.97662152,0.5567,2422.09,1,328,split_disk,11,1,-1,4258.62,3689.49,3689.49
734,3499.00,29.75008534,115.97683162,29.77184250,115.97662152,29.77184250,115.97662152,0.5567,2422.09,1,328,split_disk,11,1,-1,4186.22,3614.31,3614.31
735,3505.00,29.77088744,115.97968457,29.77184250,115.97662152,29.77184250,115.97662152,0.5800,314.58,1,499,split_disk,12,1,-1,6510.58,3539.26,3539.26
736,3509.00,29.77088744,115.97968457,29.77184250,115.97662152,29.77184250,115.97662152,0.5800,314.58,1,499,split_disk,12,1,-1,6433.93,3525.09,3525.09
737,3514.00,29.74737658,115.97673275,29.77184250,115.97662152,29.77184250,115.97662152,0.5333,2723.57,1,315,split_disk,10,1,-1,3777.08,3378.87,3378.87
738,3520.00,29.77088744,115.97968457,29.77184250,115.97662152,29.77184250,115.97662152,0.5800,314.58,1,499,split_disk,12,1,-1,6269.76,3304.24,3304.24
739,3525.00,29.77088744,115.97968457,29.77184250,115.97662152,29.77088744,115.97968457,0.5800,314.58,1,499,split_disk,12,1,-1,6193.20,3370.47,3370.47
740,3530.00,29.77184250,115.97662152,29.77088744,115.97968457,29.77088744,115.97968457,0.5800,314.58,1,497,split_disk,12,1,-1,6205.09,3405.58,3405.58
741,3535.00,29.77184250,115.97662152,29.77088744,115.97968457,29.77088744,115.97968457,0.5800,314.58,1,497,split_disk,12,1,-1,6129.70,3327.66,3327.66
742,3541.00,29.77088744,115.97968457,29.77088744,115.97968457,29.77088744,115.97968457,0.5800,0.00,0,499,split_disk,12,1,-1,5963.74,5062.45,5062.45
743,3546.00,29.76243015,115.97956098,29.77088744,115.97968457,29.77088744,115.97968457,0.6267,941.54,1,434,split_disk,14,1,-1,4910.95,1229.01,1229.01
744,3551.00,29.77234686,115.99339697,29.77088744,115.97968457,29.77088744,115.97968457,0.5100,1335.35,1,505,split_disk,9,1,-1,5693.80,548.21,548.21
745,3557.00,29.77234686,115.99339697,29.77088744,115.97968457,29.77088744,115.97968457,0.5100,1335.35,1,505,split_disk,9,1,4,5604.74,38.65,38.65
746,3562.00,29.77234686,115.99339697,29.77088744,115.97968457,29.77088744,115.97968457,0.5100,1335.35,1,505,split_disk,9,1,-1,5526.82,404.41,404.41
747,3567.00,29.77234686,115.99339697,29.77088744,115.97968457,29.77088744,115.97968457,0.5100,1335.35,1,505,split_disk,9,1,-1,5448.90,344.53,344.53
748,3573.00,29.77234686,115.99339697,29.77088744,115.97968457,29.77088744,115.97968457,0.5100,1335.35,1,505,split_disk,9,1,-1,5370.98,293.27,293.27
749,3579.00,29.77234686,115.99339697,29.77088744,115.97968457,29.77088744,115.97968457,0.5100,1335.35,1,505,split_disk,9,1,-1,5293.06,255.84,255.84
750,3584.00,29.72508740,115.99686262,29.77088744,115.97968457,29.77088744,115.97968457,0.5100,5362.02,1,168,split_disk,9,1,-1,238.84,238.84,238.84
751,3590.00,29.77234686,115.99339697,29.77088744,115.97968457,29.77088744,115.97968457,0.5100,1335.35,1,505,split_disk,9,1,-1,5137.21,246.54,246.54
752,3595.00,29.77184250,115.97662152,29.77088744,115.97968457,29.77184250,115.97662152,0.5800,314.58,1,497,split_disk,12,1,-1,5294.68,276.88,276.88
753,3601.00,29.77234686,115.99339697,29.77184250,115.97662152,29.77184250,115.97662152,0.5100,1622.47,1,505,split_disk,9,1,-1,4970.24,331.18,331.18
754,3607.00,29.72383806,115.99339697,29.77184250,115.97662152,29.77184250,115.97662152,0.6033,5584.45,1,154,split_disk,13,1,-1,509.28,294.67,294.67
755,3612.00,29.72508740,115.99686262,29.77184250,115.97662152,29.77184250,115.97662152,0.5100,5560.36,1,168,split_disk,9,1,-1,453.47,217.65,217.65
756,3618.00,29.71030664,115.97653501,29.77184250,115.97662152,29.77184250,115.97662152,0.5333,6850.18,1,55,split_disk,10,1,-1,2587.95,338.50,338.50
757,3624.00,29.71030664,115.97653501,29.77184250,115.97662152,29.77184250,115.97662152,0.5333,6850.18,1,55,split_disk,10,1,-1,2650.50,261.23,261.23
758,3629.00,29.77234686,115.99339697,29.77184250,115.97662152,29.77184250,115.97662152,0.5100,1622.47,1,505,split_disk,9,1,-1,4580.63,184.50,184.50
759,3635.00,29.72383806,115.99339697,29.77184250,115.97662152,29.77184250,115.97662152,0.6033,5584.45,1,154,split_disk,13,1,10,898.28,109.49,109.49
760,3640.00,29.72383806,115.99339697,29.77184250,115.97662152,29.77184250,115.97662152,0.6033,5584.45,1,154,split_disk,13,1,10,976.13,45.59,45.59
761,3646.00,29.77234686,115.99339697,29.77184250,115.97662152,29.77184250,115.97662152,0.5100,1622.47,1,505,split_disk,9,1,-1,4335.73,3788.70,3788.70
762,3651.00,29.76061826,115.97454004,29.77184250,115.97662152,29.76061826,115.97454004,0.5567,1265.58,1,405,split_disk,11,1,-1,3357.00,1658.08,1658.08
763,3657.00,29.74429223,115.99535486,29.76061826,115.97454004,29.76061826,115.97454004,0.5333,2711.26,1,311,split_disk,10,1,7,1203.56,43.40,43.40
764,3662.00,29.76785221,115.98801763,29.76061826,115.97454004,29.76061826,115.97454004,0.6500,1531.53,1,476,split_disk,15,1,-1,3744.15,1502.28,1502.28
765,3667.00,29.76785221,115.98801763,29.76061826,115.97454004,29.76061826,115.97454004,0.6500,1531.53,1,476,split_disk,15,1,-1,3667.13,2607.61,2607.61
766,3672.00,29.76785221,115.98801763,29.76061826,115.97454004,29.76061826,115.97454004,0.6500,1531.53,1,476,split_disk,15,1,-1,3590.15,2541.48,2541.48
767,3678.00,29.74523036,115.97549166,29.76061826,115.97454004,29.76061826,115.97454004,0.6267,1715.45,1,314,split_disk,14,1,-1,2060.10,2060.10,2060.10
768,3684.00,29.74523036,115.97549166,29.76061826,115.97454004,29.76061826,115.97454004,0.6267,1715.45,1,314,split_disk,14,1,-1,2020.80,2020.80,2020.80
769,3690.00,29.74523036,115.97549166,29.76061826,115.97454004,29.76061826,115.97454004,0.6267,1715.45,1,314,split_disk,14,1,-1,1978.69,1978.69,1978.69
770,3695.00,29.74523036,115.97549166,29.76061826,115.97454004,29.76061826,115.97454004,0.6267,1715.45,1,314,split_disk,14,1,-1,1944.44,226.39,226.39
771,3701.00,29.74429223,115.99535486,29.76061826,115.97454004,29.76061826,115.97454004,0.5333,2711.26,1,311,split_disk,10,1,-1,595.03,150.18,150.18
772,3706.00,29.74523036,115.97549166,29.76061826,115.97454004,29.74523036,115.97549166,0.6267,1715.45,1,314,split_disk,14,1,-1,1883.77,358.12,358.12
773,3713.00,29.74523036,115.97549166,29.74523036,115.97549166,29.74523036,115.97549166,0.6267,0.00,0,314,split_disk,14,1,-1,1857.60,304.42,304.42
774,3718.00,29.74523036,115.97549166,29.74523036,115.97549166,29.74523036,115.97549166,0.6267,0.00,0,314,split_disk,14,1,-1,1834.36,1834.36,1834.36
775,3724.00,29.76061826,115.97454004,29.74523036,115.97549166,29.74523036,115.97549166,0.5567,1715.45,1,405,split_disk,11,1,-1,2542.65,2246.18,2246.18
776,3730.00,29.76061826,115.97454004,29.74523036,115.97549166,29.74523036,115.97549166,0.5567,1715.45,1,405,split_disk,11,1,-1,2487.04,1771.68,1771.68
777,3736.00,29.76350779,115.99652894,29.74523036,115.97549166,29.74523036,115.97549166,0.5100,2876.57,1,454,split_disk,9,1,-1,2279.02,1683.48,1683.48
778,3743.00,29.76350779,115.99652894,29.74523036,115.97549166,29.74523036,115.97549166,0.5100,2876.57,1,454,split_disk,9,1,-1,2201.54,1606.38,1606.38
779,3748.00,29.73668269,115.99321159,29.74523036,115.97549166,29.74523036,115.97549166,0.6033,1959.35,1,245,split_disk,13,1,9,1090.01,97.22,97.22
780,3754.00,29.74429223,115.99535486,29.74523036,115.97549166,29.74523036,115.97549166,0.5333,1922.80,1,311,split_disk,10,1,-1,291.20,171.60,171.60
781,3759.00,29.74429223,115.99535486,29.74523036,115.97549166,29.74523036,115.97549166,0.5333,1922.80,1,311,split_disk,10,1,-1,341.96,242.61,242.61
782,3764.00,29.74429223,115.99535486,29.74523036,115.97549166,29.74523036,115.97549166,0.5333,1922.80,1,311,split_disk,10,1,-1,401.52,325.37,325.37
783,3770.00,29.73668269,115.99321159,29.74523036,115.97549166,29.74523036,115.97549166,0.6033,1959.35,1,245,split_disk,13,1,-1,1401.55,238.37,238.37
784,3775.00,29.73668269,115.99321159,29.74523036,115.97549166,29.73668269,115.99321159,0.6033,1959.35,1,245,split_disk,13,1,6,1479.45,87.78,87.78
785,3782.00,29.77234686,115.99339697,29.73668269,115.99321159,29.73668269,115.99321159,0.5100,3970.18,1,505,split_disk,9,1,-1,2432.30,1032.71,1032.71
786,3788.00,29.76243015,115.97956098,29.73668269,115.99321159,29.73668269,115.99321159,0.6267,3155.33,1,434,split_disk,14,1,-1,1784.06,954.84,954.84
787,3794.00,29.77234686,115.99339697,29.73668269,115.99321159,29.73668269,115.99321159,0.5100,3970.18,1,505,split_disk,9,1,-1,2276.47,268.63,268.63
788,3799.00,29.77234686,115.99339697,29.73668269,115.99321159,29.73668269,115.99321159,0.5100,3970.18,1,505,split_disk,9,1,-1,2198.56,312.31,312.31
789,3805.00,29.77234686,115.99339697,29.73668269,115.99321159,29.73668269,115.99321159,0.5100,3970.18,1,505,split_disk,9,1,-1,2120.64,721.32,721.32
790,3811.00,29.77234686,115.99339697,29.73668269,115.99321159,29.73668269,115.99321159,0.5100,3970.18,1,505,split_disk,9,1,-1,2042.73,643.52,643.52
791,3818.00,29.77234686,115.99339697,29.73668269,115.99321159,29.73668269,115.99321159,0.5100,3970.18,1,505,split_disk,9,1,-1,1964.82,565.75,565.75
792,3824.00,29.77234686,115.99339697,29.73668269,115.99321159,29.73668269,115.99321159,0.5100,3970.18,1,505,split_disk,9,1,-1,1875.79,476.94,476.94
793,3830.00,29.77234686,115.99339697,29.73668269,115.99321159,29.73668269,115.99321159,0.5100,3970.18,1,505,split_disk,9,1,-1,1797.88,399.32,399.32
794,3836.00,29.77234686,115.99339697,29.73668269,115.99321159,29.77234686,115.99339697,0.5100,3970.18,1,505,split_disk,9,1,-1,1719.97,321.84,321.84
795,3842.00,29.77234686,115.99339697,29.77234686,115.99339697,29.77234686,115.99339697,0.5100,0.00,0,505,split_disk,9,1,-1,1642.07,339.41,339.41
796,3848.00,29.77234686,115.99339697,29.77234686,115.99339697,29.77234686,115.99339697,0.5100,0.00,0,505,split_disk,9,1,-1,1564.17,289.17,289.17
797,3853.00,29.77234686,115.99339697,29.77234686,115.99339697,29.77234686,115.99339697,0.5100,0.00,0,505,split_disk,9,1,-1,1486.27,253.33,253.33
798,3859.00,29.77234686,115.99339697,29.77234686,115.99339697,29.77234686,115.99339697,0.5100,0.00,0,505,split_disk,9,1,-1,1408.37,238.50,238.50
799,3864.00,29.77234686,115.99339697,29.77234686,115.99339697,29.77234686,115.99339697,0.5100,0.00,0,505,split_disk,9,1,-1,1330.48,248.46,248.46
800,3870.00,29.77234686,115.99339697,29.77234686,115.99339697,29.77234686,115.99339697,0.5100,0.00,0,505,split_disk,9,1,-1,1241.46,286.61,286.61
801,3877.00,29.73668269,115.99321159,29.77234686,115.99339697,29.77234686,115.99339697,0.6033,3970.18,1,245,split_disk,13,1,-1,2837.31,336.18,336.18
802,3883.00,29.77234686,115.99339697,29.77234686,115.99339697,29.77234686,115.99339697,0.5100,0.00,0,505,split_disk,9,1,-1,1085.70,253.08,253.08
803,3889.00,29.77234686,115.99339697,29.77234686,115.99339697,29.77234686,115.99339697,0.5100,0.00,0,505,split_disk,9,1,-1,1007.83,238.48,238.48
804,3895.00,29.77234686,115.99339697,29.77234686,115.99339697,29.77234686,115.99339697,0.5100,0.00,0,505,split_disk,9,1,-1,929.96,248.67,248.67
805,3902.00,29.72579565,115.97604780,29.77234686,115.99339697,29.77234686,115.99339697,0.5333,5446.66,1,158,split_disk,10,1,-1,4692.01,1019.83,1019.83
806,3907.00,29.72579565,115.97604780,29.77234686,115.99339697,29.77234686,115.99339697,0.5333,5446.66,1,158,split_disk,10,1,-1,4764.33,955.75,955.75
807,3913.00,29.72579565,115.97604780,29.77234686,115.99339697,29.77234686,115.99339697,0.5333,5446.66,1,158,split_disk,10,1,-1,4836.81,893.87,893.87
808,3918.00,29.72476546,115.97208780,29.77234686,115.99339697,29.77234686,115.99339697,0.5567,5683.15,1,157,split_disk,11,1,-1,4994.96,3200.50,3200.50
809,3924.00,29.76243015,115.97956098,29.77234686,115.99339697,29.77234686,115.99339697,0.6267,1734.14,1,434,split_disk,14,1,-1,1253.70,529.81,529.81
810,3931.00,29.76243015,115.97956098,29.77234686,115.99339697,29.77234686,115.99339697,0.6267,1734.14,1,434,split_disk,14,1,-1,1285.04,1285.04,1285.04
811,3937.00,29.76243015,115.97956098,29.77234686,115.99339697,29.77234686,115.99339697,0.6267,1734.14,1,434,split_disk,14,1,-1,1320.25,1320.25,1320.25
812,3943.00,29.76243015,115.97956098,29.77234686,115.99339697,29.77234686,115.99339697,0.6267,1734.14,1,434,split_disk,14,1,-1,1359.01,792.65,792.65
813,3949.00,29.76243015,115.97956098,29.77234686,115.99339697,29.77234686,115.99339697,0.6267,1734.14,1,434,split_disk,14,1,2,1401.04,41.86,41.86
814,3954.00,29.76243015,115.97956098,29.77234686,115.99339697,29.76243015,115.97956098,0.6267,1734.14,1,434,split_disk,14,1,-1,1446.05,1446.05,1446.05
815,3959.00,29.76243015,115.97956098,29.76243015,115.97956098,29.76243015,115.97956098,0.6267,0.00,0,434,split_disk,14,1,3,1493.77,71.96,71.96
816,3963.00,29.73668269,115.99321159,29.76243015,115.97956098,29.76243015,115.97956098,0.6033,3155.33,1,245,split_disk,13,1,2,3994.97,38.72,38.72
