Frame,Time_Sec,Raw_Lat,Raw_Lng,Predicted_Lat,Predicted_Lng,Filtered_Lat,Filtered_Lng,Match_Confidence,Innovation_M,Outlier_Rejected,Best_Match_Idx,Algorithm,Inliers,Measurement_Valid,Correct_Candidate_Rank,Top1_Min_Dist_M,Top5_Min_Dist_M,Top10_Min_Dist_M
1,5.00,29.79270987,116.03925748,29.79960000,116.04100000,29.79960000,116.04100000,0.5100,785.27,1,557,split_learned_disk,9,1,9,837.30,102.96,102.96
2,10.00,29.79270987,116.03925748,29.79960000,116.04100000,29.79960000,116.04100000,0.5100,785.27,1,557,split_learned_disk,9,1,10,754.77,147.28,147.28
3,15.00,29.81134600,116.06292079,29.79960000,116.04100000,29.79960000,116.04100000,0.5333,2489.23,1,734,split_learned_disk,10,1,-1,2631.98,210.73,210.73
4,20.00,29.79421676,116.04092466,29.79960000,116.04100000,29.79960000,116.04100000,0.6033,599.31,1,574,split_learned_disk,13,1,-1,352.27,170.74,170.74
5,25.00,29.78865521,116.04233395,29.79960000,116.04100000,29.79960000,116.04100000,0.5100,1225.17,1,529,split_learned_disk,9,1,4,865.39,117.55,117.55
6,30.00,29.72752713,116.05813833,29.79960000,116.04100000,29.79960000,116.04100000,0.5567,8192.28,1,27,split_learned_disk,11,1,6,7770.08,103.09,103.09
7,35.00,29.78865521,116.04233395,29.79960000,116.04100000,29.79960000,116.04100000,0.5100,1225.17,1,529,split_learned_disk,9,1,6,710.86,139.94,139.94
8,40.00,29.72752713,116.05813833,29.79960000,116.04100000,29.79960000,116.04100000,0.5567,8192.28,1,27,split_learned_disk,11,1,10,7618.09,101.86,101.86
9,45.00,29.72752713,116.05813833,29.79960000,116.04100000,29.79960000,116.04100000,0.5567,8192.28,1,27,split_learned_disk,11,1,-1,7542.15,271.89,271.89
10,50.00,29.72539786,116.05687207,29.79960000,116.04100000,29.72539786,116.05687207,0.5100,8401.36,1,11,split_learned_disk,9,1,-1,7608.30,356.07,356.07
11,55.00,29.79083202,116.04675790,29.72539786,116.05687207,29.72539786,116.05687207,0.5567,7349.40,1,561,split_learned_disk,11,1,-1,501.79,299.20,299.20
12,60.00,29.72539786,116.05687207,29.72539786,116.05687207,29.72539786,116.05687207,0.5100,0.00,0,11,split_learned_disk,9,1,-1,7455.58,313.99,313.99
13,64.00,29.78865521,116.04233395,29.72539786,116.05687207,29.72539786,116.05687207,0.5100,7180.56,1,529,split_learned_disk,9,1,-1,246.72,246.72,246.72
14,70.00,29.78865521,116.04233395,29.72539786,116.05687207,29.72539786,116.05687207,0.5100,7180.56,1,529,split_learned_disk,9,1,-1,178.58,176.98,176.98
15,74.00,29.78865521,116.04233395,29.72539786,116.05687207,29.72539786,116.05687207,0.5100,7180.56,1,529,split_learned_disk,9,1,1,122.70,120.36,120.36
16,80.00,29.78865521,116.04233395,29.72539786,116.05687207,29.72539786,116.05687207,0.5100,7180.56,1,529,split_learned_disk,9,1,1,101.81,98.98,98.98
17,85.00,29.78865521,116.04233395,29.72539786,116.05687207,29.72539786,116.05687207,0.5100,7180.56,1,529,split_learned_disk,9,1,1,133.49,133.49,133.49
18,89.00,29.73843563,116.03541988,29.72539786,116.05687207,29.72539786,116.05687207,0.5100,2530.46,1,106,split_learned_disk,9,1,-1,5447.02,3887.95,3887.95
19,94.00,29.75072688,116.05500538,29.72539786,116.05687207,29.72539786,116.05687207,0.4867,2825.39,1,236,split_learned_disk,8,1,-1,4035.90,719.91,719.91
20,99.00,29.74867883,116.04018997,29.72539786,116.05687207,29.72539786,116.05687207,0.5333,3052.04,1,198,split_learned_disk,10,1,-1,4069.50,166.22,166.22
21,104.00,29.72752713,116.05813833,29.72539786,116.05687207,29.72539786,116.05687207,0.5567,266.75,1,27,split_learned_disk,11,1,-1,6613.00,421.99,421.99
22,109.00,29.78865521,116.04233395,29.72539786,116.05687207,29.78865521,116.04233395,0.5100,7180.56,1,529,split_learned_disk,9,1,-1,497.98,497.41,497.41
23,114.00,29.72752713,116.05813833,29.78865521,116.04233395,29.78865521,116.04233395,0.5567,6974.03,1,27,split_learned_disk,11,1,-1,6462.53,573.99,573.99
24,119.00,29.72752713,116.05813833,29.78865521,116.04233395,29.78865521,116.04233395,0.5567,6974.03,1,27,split_learned_disk,11,1,-1,6387.39,650.90,650.90
25,124.00,29.79421676,116.04092466,29.78865521,116.04233395,29.78865521,116.04233395,0.6033,633.91,1,574,split_learned_disk,13,1,-1,1325.20,1325.20,1325.20
26,129.00,29.79113859,116.03275669,29.78865521,116.04233395,29.78865521,116.04233395,0.5800,965.83,1,540,split_learned_disk,12,1,-1,1228.36,213.72,213.72
27,134.00,29.80265262,116.06067791,29.78865521,116.04233395,29.78865521,116.04233395,0.6267,2360.04,1,658,split_learned_disk,14,1,-1,3131.61,851.57,851.57
28,139.00,29.80238435,116.05192891,29.78865521,116.04233395,29.78865521,116.04233395,0.5333,1787.56,1,654,split_learned_disk,10,1,-1,2792.60,2532.10,2532.10
29,145.00,29.72983270,116.05283135,29.78865521,116.04233395,29.78865521,116.04233395,0.5567,6626.22,1,54,split_learned_disk,11,1,-1,5467.94,1474.68,1474.68
30,150.00,29.73843563,116.03541988,29.78865521,116.04233395,29.78865521,116.04233395,0.5100,5630.22,1,106,split_learned_disk,9,1,-1,4505.61,685.06,685.06
31,155.00,29.72849750,116.04235868,29.78865521,116.04233395,29.78865521,116.04233395,0.5333,6696.76,1,34,split_learned_disk,10,1,-1,5400.96,670.20,670.20
32,160.00,29.77390666,116.06274772,29.78865521,116.04233395,29.77390666,116.06274772,0.5100,2566.40,1,419,split_learned_disk,9,1,-1,2125.96,158.72,158.72
33,165.00,29.80820344,116.06151150,29.77390666,116.06274772,29.77390666,116.06274772,0.5333,3819.79,1,704,split_learned_disk,10,1,-1,4130.37,2115.56,2115.56
34,170.00,29.77390666,116.06274772,29.77390666,116.06274772,29.77390666,116.06274772,0.5100,0.00,0,419,split_learned_disk,9,1,5,2107.14,108.32,108.32
35,176.00,29.77390666,116.06274772,29.77390666,116.06274772,29.77390666,116.06274772,0.5100,0.00,0,419,split_learned_disk,9,1,-1,2102.84,157.49,157.49
36,181.00,29.77179885,116.03410417,29.77390666,116.06274772,29.77390666,116.06274772,0.4867,2777.68,1,390,split_learned_disk,8,1,-1,726.44,222.31,222.31
37,186.00,29.77390666,116.06274772,29.77390666,116.06274772,29.77390666,116.06274772,0.5100,0.00,0,419,split_learned_disk,9,1,10,2102.89,128.35,128.35
38,191.00,29.77260826,116.05955999,29.77390666,116.06274772,29.77390666,116.06274772,0.6033,340.25,1,417,split_learned_disk,13,1,-1,1708.61,339.67,339.67
39,196.00,29.77260826,116.05955999,29.77390666,116.06274772,29.77390666,116.06274772,0.6033,340.25,1,417,split_learned_disk,13,1,-1,1717.51,553.55,553.55
40,200.00,29.77260826,116.05955999,29.77390666,116.06274772,29.77390666,116.06274772,0.6033,340.25,1,417,split_learned_disk,13,1,-1,1729.87,590.80,590.80
41,205.00,29.77260826,116.05955999,29.77390666,116.06274772,29.77390666,116.06274772,0.6033,340.25,1,417,split_learned_disk,13,1,-1,1745.63,635.46,635.46
42,210.00,29.77260826,116.05955999,29.77390666,116.06274772,29.77390666,116.06274772,0.6033,340.25,1,417,split_learned_disk,13,1,-1,1767.68,1386.92,1386.92
43,216.00,29.77260826,116.05955999,29.77390666,116.06274772,29.77390666,116.06274772,0.6033,340.25,1,417,split_learned_disk,13,1,-1,1790.38,1349.59,1349.59
44,221.00,29.77260826,116.05955999,29.77390666,116.06274772,29.77390666,116.06274772,0.6033,340.25,1,417,split_learned_disk,13,1,-1,1816.15,1448.19,1448.19
45,228.00,29.77260826,116.05955999,29.77390666,116.06274772,29.77390666,116.06274772,0.6033,340.25,1,417,split_learned_disk,13,1,-1,1844.85,1586.70,1586.70
46,233.00,29.77260826,116.05955999,29.77390666,116.06274772,29.77390666,116.06274772,0.6033,340.25,1,417,split_learned_disk,13,1,-1,1876.35,936.63,936.63
47,238.00,29.77260826,116.05955999,29.77390666,116.06274772,29.77260826,116.05955999,0.6033,340.25,1,417,split_learned_disk,13,1,-1,1910.51,1003.32,1003.32
48,243.00,29.76154029,116.05528971,29.77260826,116.05955999,29.77260826,116.05955999,0.5333,1299.34,1,296,split_learned_disk,10,1,-1,1637.29,501.39,501.39
49,248.00,29.76154029,116.05528971,29.77260826,116.05955999,29.77260826,116.05955999,0.5333,1299.34,1,296,split_learned_disk,10,1,-1,1607.80,499.20,499.20
50,253.00,29.76154029,116.05528971,29.77260826,116.05955999,29.77260826,116.05955999,0.5333,1299.34,1,296,split_learned_disk,10,1,-1,1578.14,505.95,505.95
51,258.00,29.76154029,116.05528971,29.77260826,116.05955999,29.77260826,116.05955999,0.5333,1299.34,1,296,split_learned_disk,10,1,-1,1555.91,498.64,498.64
52,263.00,29.77692045,116.06321748,29.77260826,116.05955999,29.77260826,116.05955999,0.4867,596.10,1,449,split_learned_disk,8,1,-1,2684.06,713.41,713.41
53,269.00,29.77260826,116.05955999,29.77260826,116.05955999,29.77260826,116.05955999,0.6033,0.00,0,417,split_learned_disk,13,1,-1,2170.52,1437.97,1437.97
54,274.00,29.77260826,116.05955999,29.77260826,116.05955999,29.77260826,116.05955999,0.6033,0.00,0,417,split_learned_disk,13,1,-1,2219.75,720.01,720.01
55,280.00,29.77260826,116.05955999,29.77260826,116.05955999,29.77260826,116.05955999,0.6033,0.00,0,417,split_learned_disk,13,1,-1,2270.58,1584.97,1584.97
56,285.00,29.77260826,116.05955999,29.77260826,116.05955999,29.77260826,116.05955999,0.6033,0.00,0,417,split_learned_disk,13,1,-1,2322.91,486.20,486.20
57,290.00,29.77260826,116.05955999,29.77260826,116.05955999,29.77260826,116.05955999,0.6033,0.00,0,417,split_learned_disk,13,1,-1,2384.44,1744.17,1744.17
58,295.00,29.77260826,116.05955999,29.77260826,116.05955999,29.77260826,116.05955999,0.6033,0.00,0,417,split_learned_disk,13,1,-1,2439.67,1818.94,1818.94
59,300.00,29.77268338,116.05664955,29.77260826,116.05955999,29.77260826,116.05955999,0.5100,281.35,1,416,split_learned_disk,9,1,-1,2364.31,527.94,527.94
60,305.00,29.77260826,116.05955999,29.77260826,116.05955999,29.77260826,116.05955999,0.6033,0.00,0,417,split_learned_disk,13,1,-1,2553.67,1969.22,1969.22
61,310.00,29.77260826,116.05955999,29.77260826,116.05955999,29.77260826,116.05955999,0.6033,0.00,0,417,split_learned_disk,13,1,-1,2612.30,2044.67,2044.67
62,315.00,29.77268338,116.05664955,29.77260826,116.05955999,29.77260826,116.05955999,0.5100,281.35,1,416,split_learned_disk,9,1,-1,2549.22,1663.09,1663.09
63,320.00,29.77260826,116.05955999,29.77260826,116.05955999,29.77260826,116.05955999,0.6033,0.00,0,417,split_learned_disk,13,1,-1,2732.44,2196.10,2196.10
64,324.00,29.76154029,116.05528971,29.77260826,116.05955999,29.77260826,116.05955999,0.5333,1299.34,1,296,split_learned_disk,10,1,8,1622.88,99.87,99.87
65,329.00,29.76154029,116.05528971,29.77260826,116.05955999,29.77260826,116.05955999,0.5333,1299.34,1,296,split_learned_disk,10,1,5,1654.03,136.17,136.17
66,334.00,29.76154029,116.05528971,29.77260826,116.05955999,29.77260826,116.05955999,0.5333,1299.34,1,296,split_learned_disk,10,1,6,1693.32,100.03,100.03
67,338.00,29.75705030,116.06262409,29.77260826,116.05955999,29.77260826,116.05955999,0.5567,1757.04,1,284,split_learned_disk,11,1,7,2202.90,115.88,115.88
68,343.00,29.73843563,116.03541988,29.77260826,116.05955999,29.77260826,116.05955999,0.5100,4462.30,1,106,split_learned_disk,9,1,4,1543.88,118.44,118.44
69,348.00,29.74959555,116.03918863,29.77260826,116.05955999,29.77260826,116.05955999,0.4867,3230.70,1,213,split_learned_disk,8,1,1,99.99,99.99,99.99
70,354.00,29.79421676,116.04092466,29.77260826,116.05955999,29.77260826,116.05955999,0.6033,3004.78,1,574,split_learned_disk,13,1,10,4895.74,146.21,146.21
71,360.00,29.72701206,116.05155804,29.77260826,116.05955999,29.77260826,116.05955999,0.5333,5134.32,1,24,split_learned_disk,10,1,2,2665.59,102.31,102.31
72,365.00,29.72752713,116.05813833,29.77260826,116.05955999,29.77260826,116.05955999,0.5567,5020.31,1,27,split_learned_disk,11,1,6,2900.83,113.31,113.31
73,370.00,29.74631349,116.04206199,29.77260826,116.05955999,29.74631349,116.04206199,0.5333,3380.36,1,184,split_learned_disk,10,1,1,118.05,118.05,118.05
74,376.00,29.74631349,116.04206199,29.74631349,116.04206199,29.74631349,116.04206199,0.5333,0.00,0,184,split_learned_disk,10,1,1,102.92,102.92,102.92
75,382.00,29.74631349,116.04206199,29.74631349,116.04206199,29.74631349,116.04206199,0.5333,0.00,0,184,split_learned_disk,10,1,1,139.27,139.27,139.27
76,388.00,29.72752713,116.05813833,29.74631349,116.04206199,29.74631349,116.04206199,0.5567,2605.11,1,27,split_learned_disk,11,1,-1,2646.15,386.89,386.89
77,393.00,29.73221951,116.05212670,29.74631349,116.04206199,29.74631349,116.04206199,0.4867,1845.91,1,69,split_learned_disk,8,1,-1,1741.31,610.76,610.76
78,398.00,29.73631709,116.04102356,29.74631349,116.04206199,29.74631349,116.04206199,0.5333,1117.31,1,94,split_learned_disk,10,1,-1,876.68,678.41,678.41
79,404.00,29.74862518,116.06347709,29.74631349,116.04206199,29.74631349,116.04206199,0.5100,2085.22,1,209,split_learned_disk,9,1,-1,2187.37,997.75,997.75
80,410.00,29.72810047,116.04456447,29.74631349,116.04206199,29.74631349,116.04206199,0.5800,2041.84,1,35,split_learned_disk,12,1,-1,1544.64,524.29,524.29
81,415.00,29.72810047,116.04456447,29.74631349,116.04206199,29.74631349,116.04206199,0.5800,2041.84,1,35,split_learned_disk,12,1,-1,1457.40,1018.85,1018.85
82,420.00,29.73430585,116.04823433,29.74631349,116.04206199,29.74631349,116.04206199,0.4867,1463.71,1,82,split_learned_disk,8,1,-1,1025.40,335.78,335.78
83,426.00,29.74107385,116.04065974,29.74631349,116.04206199,29.74631349,116.04206199,0.5100,598.81,1,138,split_learned_disk,9,1,4,163.12,120.93,120.93
84,431.00,29.73859047,116.04114186,29.74631349,116.04206199,29.74631349,116.04206199,0.5100,864.31,1,123,split_learned_disk,9,1,1,98.89,98.89,98.89
85,436.00,29.73742695,116.04746787,29.74631349,116.04206199,29.73742695,116.04746787,0.6267,1118.69,1,112,split_learned_disk,14,1,3,710.66,130.69,130.69
86,441.00,29.74107385,116.04065974,29.73742695,116.04746787,29.73742695,116.04746787,0.5100,773.03,1,138,split_learned_disk,9,1,-1,376.85,376.85,376.85
87,446.00,29.73083065,116.03821906,29.73742695,116.04746787,29.73742695,116.04746787,0.5100,1156.67,1,47,split_learned_disk,9,1,-1,815.00,814.34,814.34
88,452.00,29.73580202,116.03854580,29.73742695,116.04746787,29.73742695,116.04746787,0.5333,880.89,1,93,split_learned_disk,10,1,1,127.22,127.22,127.22
89,457.00,29.73580202,116.03854580,29.73742695,116.04746787,29.73742695,116.04746787,0.5333,880.89,1,93,split_learned_disk,10,1,1,98.96,98.96,98.96
90,462.00,29.73580202,116.03854580,29.73742695,116.04746787,29.73742695,116.04746787,0.5333,880.89,1,93,split_learned_disk,10,1,1,131.19,131.19,131.19
91,468.00,29.72810047,116.04456447,29.73742695,116.04746787,29.73742695,116.04746787,0.5800,1075.46,1,35,split_learned_disk,12,1,6,703.37,104.78,104.78
92,473.00,29.72810047,116.04456447,29.73742695,116.04746787,29.73742695,116.04746787,0.5800,1075.46,1,35,split_learned_disk,12,1,6,633.85,107.31,107.31
93,478.00,29.72671160,116.06055428,29.73742695,116.04746787,29.73742695,116.04746787,0.5100,1738.34,1,28,split_learned_disk,9,1,9,2019.25,128.97,128.97
94,484.00,29.72671160,116.06055428,29.73742695,116.04746787,29.73742695,116.04746787,0.5100,1738.34,1,28,split_learned_disk,9,1,9,1994.37,101.44,101.44
95,489.00,29.72671160,116.06055428,29.73742695,116.04746787,29.72671160,116.06055428,0.5100,1738.34,1,28,split_learned_disk,9,1,9,1972.26,126.85,126.85
96,494.00,29.72810047,116.04456447,29.72671160,116.06055428,29.72671160,116.06055428,0.5800,1552.77,1,35,split_learned_disk,12,1,-1,389.00,367.57,367.57
97,500.00,29.81282682,116.03427020,29.72671160,116.06055428,29.72671160,116.06055428,0.5333,9917.08,1,721,split_learned_disk,10,1,5,9056.90,107.61,107.61
98,505.00,29.72849750,116.04235868,29.72671160,116.06055428,29.72671160,116.06055428,0.5333,1769.40,1,34,split_learned_disk,10,1,1,128.51,126.27,126.27
99,511.00,29.72810047,116.04456447,29.72671160,116.06055428,29.72671160,116.06055428,0.5800,1552.77,1,35,split_learned_disk,12,1,3,301.42,101.43,101.43
100,515.00,29.72849750,116.04235868,29.72671160,116.06055428,29.72671160,116.06055428,0.5333,1769.40,1,34,split_learned_disk,10,1,1,115.22,112.72,112.72
101,559.00,29.79083202,116.04675790,29.72671160,116.06055428,29.72671160,116.06055428,0.5567,7261.31,1,561,split_learned_disk,11,1,-1,6983.55,522.63,522.63
102,562.00,29.72849750,116.04235868,29.72671160,116.06055428,29.72671160,116.06055428,0.5333,1769.40,1,34,split_learned_disk,10,1,1,136.64,134.90,134.90
103,565.00,29.73349033,116.04774688,29.72671160,116.06055428,29.72671160,116.06055428,0.5100,1449.47,1,81,split_learned_disk,9,1,2,521.65,94.18,94.18
104,568.00,29.73349033,116.04774688,29.72671160,116.06055428,29.72671160,116.06055428,0.5100,1449.47,1,81,split_learned_disk,9,1,2,461.08,108.10,108.10
105,571.00,29.73580202,116.03854580,29.72671160,116.06055428,29.73580202,116.03854580,0.5333,2355.11,1,93,split_learned_disk,10,1,7,549.03,112.54,112.54
106,574.00,29.73631709,116.04102356,29.73580202,116.03854580,29.73580202,116.03854580,0.5333,246.19,1,94,split_learned_disk,10,1,6,397.87,92.73,92.73
107,577.00,29.72671160,116.06055428,29.73580202,116.03854580,29.73580202,116.03854580,0.5100,2355.11,1,28,split_learned_disk,9,1,9,1842.56,129.14,129.14
108,580.00,29.73631709,116.04102356,29.73580202,116.03854580,29.73580202,116.03854580,0.5333,246.19,1,94,split_learned_disk,10,1,-1,238.53,238.53,238.53
109,583.00,29.73631709,116.04102356,29.73580202,116.03854580,29.73580202,116.03854580,0.5333,246.19,1,94,split_learned_disk,10,1,10,169.29,108.50,108.50
110,586.00,29.72810047,116.04456447,29.73580202,116.03854580,29.73580202,116.03854580,0.5800,1035.98,1,35,split_learned_disk,12,1,2,743.61,112.10,112.10
111,589.00,29.72810047,116.04456447,29.73580202,116.03854580,29.73580202,116.03854580,0.5800,1035.98,1,35,split_learned_disk,12,1,-1,820.79,232.53,232.53
112,592.00,29.72810047,116.04456447,29.73580202,116.03854580,29.73580202,116.03854580,0.5800,1035.98,1,35,split_learned_disk,12,1,-1,898.09,305.67,305.67
113,595.00,29.72671160,116.06055428,29.73580202,116.03854580,29.73580202,116.03854580,0.5100,2355.11,1,28,split_learned_disk,9,1,-1,2070.15,470.83,470.83
114,598.00,29.72810047,116.04456447,29.73580202,116.03854580,29.73580202,116.03854580,0.5800,1035.98,1,35,split_learned_disk,12,1,-1,1052.97,382.59,382.59
115,601.00,29.72810047,116.04456447,29.73580202,116.03854580,29.72810047,116.04456447,0.5800,1035.98,1,35,split_learned_disk,12,1,-1,1130.51,603.38,603.38
116,605.00,29.72810047,116.04456447,29.72810047,116.04456447,29.72810047,116.04456447,0.5800,0.00,0,35,split_learned_disk,12,1,-1,1219.19,643.12,643.12
117,608.00,29.77722091,116.05045248,29.72810047,116.04456447,29.72810047,116.04456447,0.5100,5497.61,1,443,split_learned_disk,9,1,-1,4168.29,306.39,306.39
118,611.00,29.74162111,116.04376093,29.72810047,116.04456447,29.72810047,116.04456447,0.5567,1507.12,1,140,split_learned_disk,11,1,1,112.19,112.19,112.19
119,614.00,29.78154383,116.06210488,29.72810047,116.04456447,29.72810047,116.04456447,0.5333,6186.03,1,479,split_learned_disk,10,1,-1,4751.81,853.11,853.11
120,617.00,29.78154383,116.06210488,29.72810047,116.04456447,29.72810047,116.04456447,0.5333,6186.03,1,479,split_learned_disk,10,1,-1,4680.55,3545.37,3545.37
121,620.00,29.77390666,116.06067791,29.72810047,116.04456447,29.72810047,116.04456447,0.5800,5331.56,1,418,split_learned_disk,12,1,-1,3801.40,2767.15,2767.15
122,623.00,29.72671160,116.06055428,29.72810047,116.04456447,29.72810047,116.04456447,0.5100,1552.77,1,28,split_learned_disk,9,1,9,2541.55,149.58,149.58
123,626.00,29.74862518,116.06347709,29.72810047,116.04456447,29.72810047,116.04456447,0.5100,2925.75,1,209,split_learned_disk,9,1,5,1958.27,100.23,100.23
124,629.00,29.72508667,116.05881825,29.72810047,116.04456447,29.72810047,116.04456447,0.5567,1417.58,1,12,split_learned_disk,11,1,-1,2707.79,678.05,678.05
125,632.00,29.73927723,116.05039067,29.72810047,116.04456447,29.72810047,116.04456447,0.5100,1365.64,1,128,split_learned_disk,9,1,3,1014.78,130.59,130.59
126,635.00,29.74631349,116.04206199,29.72810047,116.04456447,29.74631349,116.04206199,0.5333,2041.84,1,184,split_learned_disk,10,1,1,91.96,91.96,91.96
127,638.00,29.72752713,116.05813833,29.74631349,116.04206199,29.74631349,116.04206199,0.5567,2605.11,1,27,split_learned_disk,11,1,4,2735.90,136.14,136.14
128,642.00,29.74792769,116.06033177,29.74631349,116.04206199,29.74631349,116.04206199,0.4867,1774.48,1,208,split_learned_disk,8,1,6,1708.62,99.93,99.93
129,645.00,29.72752713,116.05813833,29.74631349,116.04206199,29.74631349,116.04206199,0.5567,2605.11,1,27,split_learned_disk,11,1,6,2867.22,99.58,99.58
130,648.00,29.72701206,116.05155804,29.74631349,116.04206199,29.74631349,116.04206199,0.5333,2336.36,1,24,split_learned_disk,10,1,-1,2675.31,584.84,584.84
131,651.00,29.75164971,116.05241103,29.74631349,116.04206199,29.74631349,116.04206199,0.5800,1163.13,1,234,split_learned_disk,12,1,7,931.16,108.31,108.31
132,654.00,29.72849750,116.04235868,29.74631349,116.04206199,29.74631349,116.04206199,0.5333,1983.48,1,34,split_learned_disk,10,1,8,2485.12,124.07,124.07
133,658.00,29.80175736,116.05915736,29.74631349,116.04206199,29.74631349,116.04206199,0.5333,6389.24,1,643,split_learned_disk,10,1,7,5700.59,99.63,99.63
134,661.00,29.80265262,116.06067791,29.74631349,116.04206199,29.74631349,116.04206199,0.6267,6524.54,1,658,split_learned_disk,14,1,8,5817.17,99.88,99.88
135,664.00,29.76154029,116.05528971,29.74631349,116.04206199,29.74631349,116.04206199,0.5333,2122.94,1,296,split_learned_disk,10,1,3,1475.64,123.65,123.65
136,667.00,29.76154029,116.05528971,29.74631349,116.04206199,29.76154029,116.05528971,0.5333,2122.94,1,296,split_learned_disk,10,1,4,1441.24,91.96,91.96
137,670.00,29.76154029,116.05528971,29.76154029,116.05528971,29.76154029,116.05528971,0.5333,0.00,0,296,split_learned_disk,10,1,4,1410.31,117.34,117.34
138,673.00,29.77268338,116.05664955,29.76154029,116.05528971,29.76154029,116.05528971,0.5100,1247.39,1,416,split_learned_disk,9,1,-1,2431.01,2265.00,2265.00
139,676.00,29.77268338,116.05664955,29.76154029,116.05528971,29.76154029,116.05528971,0.5100,1247.39,1,416,split_learned_disk,9,1,-1,2365.70,1990.37,1990.37
140,679.00,29.77268338,116.05664955,29.76154029,116.05528971,29.76154029,116.05528971,0.5100,1247.39,1,416,split_learned_disk,9,1,-1,2292.03,1907.11,1907.11
141,683.00,29.77260826,116.05955999,29.76154029,116.05528971,29.76154029,116.05528971,0.6033,1299.34,1,417,split_learned_disk,13,1,-1,2351.48,1830.26,1830.26
142,686.00,29.77260826,116.05955999,29.76154029,116.05528971,29.76154029,116.05528971,0.6033,1299.34,1,417,split_learned_disk,13,1,-1,2292.23,1753.49,1753.49
143,689.00,29.77260826,116.05955999,29.76154029,116.05528971,29.76154029,116.05528971,0.6033,1299.34,1,417,split_learned_disk,13,1,-1,2234.14,1281.94,1281.94
144,692.00,29.77260826,116.05955999,29.76154029,116.05528971,29.76154029,116.05528971,0.6033,1299.34,1,417,split_learned_disk,13,1,-1,2177.29,385.83,385.83
145,695.00,29.77260826,116.05955999,29.76154029,116.05528971,29.76154029,116.05528971,0.6033,1299.34,1,417,split_learned_disk,13,1,-1,2121.77,1026.15,1026.15
146,698.00,29.77260826,116.05955999,29.76154029,116.05528971,29.76154029,116.05528971,0.6033,1299.34,1,417,split_learned_disk,13,1,-1,2067.70,1447.69,1447.69
147,701.00,29.77260826,116.05955999,29.76154029,116.05528971,29.77260826,116.05955999,0.6033,1299.34,1,417,split_learned_disk,13,1,-1,2015.20,174.23,174.23
148,704.00,29.77260826,116.05955999,29.77260826,116.05955999,29.77260826,116.05955999,0.6033,0.00,0,417,split_learned_disk,13,1,9,1957.27,118.15,118.15
149,707.00,29.77268338,116.05664955,29.77260826,116.05955999,29.77260826,116.05955999,0.5100,281.35,1,416,split_learned_disk,9,1,9,1754.78,112.36,112.36
150,710.00,29.76154029,116.05528971,29.77260826,116.05955999,29.77260826,116.05955999,0.5333,1299.34,1,296,split_learned_disk,10,1,-1,1403.46,697.75,697.75
151,713.00,29.76154029,116.05528971,29.77260826,116.05955999,29.77260826,116.05955999,0.5333,1299.34,1,296,split_learned_disk,10,1,-1,1433.52,596.14,596.14
152,716.00,29.76154029,116.05528971,29.77260826,116.05955999,29.77260826,116.05955999,0.5333,1299.34,1,296,split_learned_disk,10,1,-1,1467.11,546.64,546.64
153,719.00,29.76154029,116.05528971,29.77260826,116.05955999,29.77260826,116.05955999,0.5333,1299.34,1,296,split_learned_disk,10,1,-1,1504.00,470.51,470.51
154,722.00,29.76154029,116.05528971,29.77260826,116.05955999,29.77260826,116.05955999,0.5333,1299.34,1,296,split_learned_disk,10,1,-1,1543.93,725.98,725.98
155,726.00,29.76154029,116.05528971,29.77260826,116.05955999,29.77260826,116.05955999,0.5333,1299.34,1,296,split_learned_disk,10,1,-1,1586.70,320.84,320.84
156,729.00,29.76154029,116.05528971,29.77260826,116.05955999,29.77260826,116.05955999,0.5333,1299.34,1,296,split_learned_disk,10,1,-1,1638.74,238.89,238.89
157,732.00,29.77268338,116.05664955,29.77260826,116.05955999,29.77260826,116.05955999,0.5100,281.35,1,416,split_learned_disk,9,1,-1,1413.37,617.47,617.47
158,735.00,29.77260826,116.05955999,29.77260826,116.05955999,29.77260826,116.05955999,0.6033,0.00,0,417,split_learned_disk,13,1,-1,1575.93,551.32,551.32
159,739.00,29.77260826,116.05955999,29.77260826,116.05955999,29.77260826,116.05955999,0.6033,0.00,0,417,split_learned_disk,13,1,-1,1555.12,488.65,488.65
160,742.00,29.77260826,116.05955999,29.77260826,116.05955999,29.77260826,116.05955999,0.6033,0.00,0,417,split_learned_disk,13,1,-1,1537.97,430.99,430.99
161,745.00,29.77260826,116.05955999,29.77260826,116.05955999,29.77260826,116.05955999,0.6033,0.00,0,417,split_learned_disk,13,1,-1,1524.62,380.61,380.61
162,748.00,29.77260826,116.05955999,29.77260826,116.05955999,29.77260826,116.05955999,0.6033,0.00,0,417,split_learned_disk,13,1,-1,1515.17,276.57,276.57
163,751.00,29.77260826,116.05955999,29.77260826,116.05955999,29.77260826,116.05955999,0.6033,0.00,0,417,split_learned_disk,13,1,10,1509.22,121.99,121.99
164,754.00,29.77260826,116.05955999,29.77260826,116.05955999,29.77260826,116.05955999,0.6033,0.00,0,417,split_learned_disk,13,1,7,1508.32,110.29,110.29
165,757.00,29.77390666,116.06274772,29.77260826,116.05955999,29.77260826,116.05955999,0.5100,340.25,1,419,split_learned_disk,9,1,5,1910.76,135.36,135.36
166,760.00,29.77390666,116.06274772,29.77260826,116.05955999,29.77260826,116.05955999,0.5100,340.25,1,419,split_learned_disk,9,1,4,1916.39,94.58,94.58
167,763.00,29.72895891,116.06256228,29.77260826,116.05955999,29.77260826,116.05955999,0.4867,4867.70,1,44,split_learned_disk,8,1,-1,5591.00,819.34,819.34
168,766.00,29.77829397,116.04670142,29.77260826,116.05955999,29.77260826,116.05955999,0.5333,1394.41,1,442,split_learned_disk,10,1,-1,512.54,171.60,171.60
169,769.00,29.72810047,116.04456447,29.77260826,116.05955999,29.77260826,116.05955999,0.5800,5162.14,1,35,split_learned_disk,12,1,-1,5412.22,1081.14,1081.14
170,772.00,29.73349033,116.04774688,29.77260826,116.05955999,29.77260826,116.05955999,0.5100,4501.73,1,81,split_learned_disk,9,1,-1,4898.77,976.44,976.44
171,775.00,29.77053265,116.03955418,29.77260826,116.05955999,29.77260826,116.05955999,0.4867,1946.87,1,392,split_learned_disk,8,1,-1,920.53,508.64,508.64
172,778.00,29.80210536,116.03795242,29.77260826,116.05955999,29.77260826,116.05955999,0.5100,3891.19,1,648,split_learned_disk,9,1,-1,2560.64,718.03,718.03
173,781.00,29.80085599,116.03377039,29.77260826,116.05955999,29.77260826,116.05955999,0.5333,4012.24,1,630,split_learned_disk,10,1,4,2435.21,113.11,113.11
174,784.00,29.79270987,116.03925748,29.77260826,116.05955999,29.79270987,116.03925748,0.5100,2975.89,1,557,split_learned_disk,9,1,-1,1285.88,862.75,862.75
175,787.00,29.78564141,116.04823433,29.79270987,116.03925748,29.79270987,116.03925748,0.6033,1171.13,1,502,split_learned_disk,13,1,-1,595.35,595.35,595.35
176,790.00,29.78865521,116.04233395,29.79270987,116.03925748,29.79270987,116.03925748,0.5100,540.46,1,529,split_learned_disk,9,1,-1,638.89,638.89,638.89
177,793.00,29.78384941,116.04234632,29.79270987,116.03925748,29.79270987,116.03925748,0.5100,1030.51,1,499,split_learned_disk,9,1,-1,179.59,179.59,179.59
178,796.00,29.75346779,116.06034413,29.79270987,116.03925748,29.79270987,116.03925748,0.5100,4820.24,1,253,split_learned_disk,9,1,2,3736.86,119.46,119.46
179,799.00,29.72539786,116.05687207,29.79270987,116.03925748,29.79270987,116.03925748,0.5100,7684.05,1,11,split_learned_disk,9,1,-1,6740.80,3549.04,3549.04
180,802.00,29.73083065,116.03821906,29.79270987,116.03925748,29.79270987,116.03925748,0.5100,6889.13,1,47,split_learned_disk,9,1,-1,6110.40,311.67,311.67
181,805.00,29.73035850,116.04489121,29.79270987,116.03925748,29.79270987,116.03925748,0.5333,6962.27,1,51,split_learned_disk,10,1,7,6176.19,97.09,97.09
182,808.00,29.73035850,116.04489121,29.79270987,116.03925748,29.79270987,116.03925748,0.5333,6962.27,1,51,split_learned_disk,10,1,7,6254.02,117.71,117.71
183,811.00,29.79421676,116.04092466,29.79270987,116.03925748,29.79270987,116.03925748,0.6033,232.57,1,574,split_learned_disk,13,1,-1,681.87,681.87,681.87
184,814.00,29.78865521,116.04233395,29.79270987,116.03925748,29.78865521,116.04233395,0.5100,540.46,1,529,split_learned_disk,9,1,1,91.86,91.86,91.86
185,817.00,29.78865521,116.04233395,29.78865521,116.04233395,29.78865521,116.04233395,0.5100,0.00,0,529,split_learned_disk,9,1,1,121.92,121.92,121.92
186,821.00,29.75164971,116.05241103,29.78865521,116.04233395,29.78865521,116.04233395,0.5800,4232.97,1,234,split_learned_disk,12,1,-1,4256.14,182.85,182.85
187,824.00,29.79270987,116.03925748,29.78865521,116.04233395,29.78865521,116.04233395,0.5100,540.46,1,557,split_learned_disk,9,1,-1,515.03,187.24,187.24
188,827.00,29.79270987,116.03925748,29.78865521,116.04233395,29.78865521,116.04233395,0.5100,540.46,1,557,split_learned_disk,9,1,4,497.50,131.57,131.57
189,830.00,29.80238435,116.05192891,29.78865521,116.04233395,29.78865521,116.04233395,0.5333,1787.56,1,654,split_learned_disk,10,1,5,1502.51,91.88,91.88
190,833.00,29.79421676,116.04092466,29.78865521,116.04233395,29.78865521,116.04233395,0.6033,633.91,1,574,split_learned_disk,13,1,-1,150.36,150.36,150.36
191,836.00,29.79421676,116.04092466,29.78865521,116.04233395,29.78865521,116.04233395,0.6033,633.91,1,574,split_learned_disk,13,1,1,100.62,100.62,100.62
192,839.00,29.79421676,116.04092466,29.78865521,116.04233395,29.78865521,116.04233395,0.6033,633.91,1,574,split_learned_disk,13,1,1,98.93,98.93,98.93
193,842.00,29.79421676,116.04092466,29.78865521,116.04233395,29.78865521,116.04233395,0.6033,633.91,1,574,split_learned_disk,13,1,1,146.94,146.94,146.94
194,845.00,29.79421676,116.04092466,29.78865521,116.04233395,29.78865521,116.04233395,0.6033,633.91,1,574,split_learned_disk,13,1,5,213.41,92.13,92.13
195,848.00,29.79421676,116.04092466,29.78865521,116.04233395,29.79421676,116.04092466,0.6033,633.91,1,574,split_learned_disk,13,1,4,296.29,122.91,122.91
196,851.00,29.81134600,116.06292079,29.79421676,116.04092466,29.79421676,116.04092466,0.5333,2855.42,1,734,split_learned_disk,10,1,-1,2516.34,257.33,257.33
197,855.00,29.79270987,116.03925748,29.79421676,116.04092466,29.79421676,116.04092466,0.5100,232.57,1,557,split_learned_disk,9,1,-1,805.21,805.21,805.21
198,858.00,29.80476043,116.04879063,29.79421676,116.04092466,29.79421676,116.04092466,0.5100,1398.33,1,667,split_learned_disk,9,1,-1,852.54,298.99,298.99
199,861.00,29.81646299,116.04109241,29.79421676,116.04092466,29.79421676,116.04092466,0.4867,2476.50,1,753,split_learned_disk,8,1,-1,1830.03,510.19,510.19
200,864.00,29.80085599,116.03377039,29.79421676,116.04092466,29.79421676,116.04092466,0.5333,1011.99,1,630,split_learned_disk,10,1,-1,901.07,791.17,791.17
201,867.00,29.81343235,116.06067791,29.79421676,116.04092466,29.79421676,116.04092466,0.5567,2866.85,1,748,split_learned_disk,11,1,7,2241.10,119.49,119.49
202,870.00,29.81343235,116.06067791,29.79421676,116.04092466,29.79421676,116.04092466,0.5567,2866.85,1,748,split_learned_disk,11,1,9,2191.47,111.53,111.53
203,874.00,29.80165468,116.04237104,29.79421676,116.04092466,29.79421676,116.04092466,0.4867,839.70,1,649,split_learned_disk,8,1,1,124.31,124.31,124.31
204,877.00,29.73631709,116.04102356,29.79421676,116.04092466,29.79421676,116.04092466,0.5333,6445.40,1,94,split_learned_disk,10,1,-1,7394.71,232.55,232.55
205,880.00,29.80476043,116.04879063,29.79421676,116.04092466,29.80476043,116.04879063,0.5100,1398.33,1,667,split_learned_disk,9,1,-1,524.02,167.53,167.53
206,927.00,29.74959555,116.03918863,29.80476043,116.04879063,29.80476043,116.04879063,0.4867,6210.65,1,213,split_learned_disk,8,1,5,5880.97,130.07,130.07
207,932.00,29.74959555,116.03918863,29.80476043,116.04879063,29.80476043,116.04879063,0.4867,6210.65,1,213,split_learned_disk,8,1,-1,5792.23,191.79,191.79
208,938.00,29.77053265,116.03955418,29.80476043,116.04879063,29.80476043,116.04879063,0.4867,3913.37,1,392,split_learned_disk,8,1,9,3364.44,126.76,126.76
209,943.00,29.80210536,116.03795242,29.80476043,116.04879063,29.80476043,116.04879063,0.5100,1088.17,1,648,split_learned_disk,9,1,9,518.80,86.58,86.58
210,949.00,29.77053265,116.03955418,29.80476043,116.04879063,29.80476043,116.04879063,0.4867,3913.37,1,392,split_learned_disk,8,1,9,3212.02,105.22,105.22
211,954.00,29.80476043,116.04879063,29.80476043,116.04879063,29.80476043,116.04879063,0.5100,0.00,0,667,split_learned_disk,9,1,-1,624.96,358.72,358.72
212,959.00,29.72491498,116.04288321,29.80476043,116.04879063,29.80476043,116.04879063,0.5800,8906.71,1,5,split_learned_disk,12,1,-1,8182.70,950.79,950.79
213,963.00,29.72752713,116.05813833,29.80476043,116.04879063,29.80476043,116.04879063,0.5567,8644.93,1,27,split_learned_disk,11,1,-1,8012.96,1098.96,1098.96
214,968.00,29.79083202,116.04675790,29.80476043,116.04879063,29.80476043,116.04879063,0.5567,1562.90,1,561,split_learned_disk,11,1,-1,636.86,632.16,632.16
215,973.00,29.79083202,116.04675790,29.80476043,116.04879063,29.80476043,116.04879063,0.5567,1562.90,1,561,split_learned_disk,11,1,-1,549.50,544.05,544.05
216,977.00,29.72539786,116.05687207,29.80476043,116.04879063,29.80476043,116.04879063,0.5100,8869.09,1,11,split_learned_disk,9,1,-1,7938.12,746.56,746.56
217,982.00,29.79270987,116.03925748,29.80476043,116.04879063,29.80476043,116.04879063,0.5100,1627.29,1,557,split_learned_disk,9,1,-1,784.15,784.15,784.15
218,987.00,29.73580202,116.03854580,29.80476043,116.04879063,29.80476043,116.04879063,0.5333,7740.02,1,93,split_learned_disk,10,1,-1,6521.65,749.34,749.34
219,992.00,29.73843563,116.03541988,29.80476043,116.04879063,29.80476043,116.04879063,0.5100,7495.46,1,106,split_learned_disk,9,1,3,6288.26,117.74,117.74
220,997.00,29.73843563,116.03541988,29.80476043,116.04879063,29.80476043,116.04879063,0.5100,7495.46,1,106,split_learned_disk,9,1,-1,6211.12,700.83,700.83
221,1002.00,29.73580202,116.03854580,29.80476043,116.04879063,29.73580202,116.03854580,0.5333,7740.02,1,93,split_learned_disk,10,1,4,6288.55,110.06,110.06
222,1008.00,29.79270987,116.03925748,29.73580202,116.03854580,29.73580202,116.03854580,0.5100,6335.35,1,557,split_learned_disk,9,1,5,685.36,87.24,87.24
223,1013.00,29.79270987,116.03925748,29.73580202,116.03854580,29.73580202,116.03854580,0.5100,6335.35,1,557,split_learned_disk,9,1,-1,691.94,691.94,691.94
224,1018.00,29.74922609,116.05629104,29.73580202,116.03854580,29.73580202,116.03854580,0.6033,2274.48,1,206,split_learned_disk,13,1,-1,4757.39,194.67,194.67
225,1023.00,29.81218761,116.04535565,29.73580202,116.03854580,29.73580202,116.03854580,0.5333,8528.67,1,740,split_learned_disk,10,1,-1,2654.38,289.97,289.97
226,1028.00,29.78865521,116.04233395,29.73580202,116.03854580,29.73580202,116.03854580,0.5100,5894.99,1,529,split_learned_disk,9,1,-1,293.33,293.33,293.33
227,1034.00,29.79421676,116.04092466,29.73580202,116.03854580,29.73580202,116.03854580,0.6033,6506.79,1,574,split_learned_disk,13,1,-1,672.30,285.22,285.22
228,1039.00,29.73035850,116.04489121,29.73580202,116.03854580,29.73580202,116.03854580,0.5333,862.06,1,51,split_learned_disk,10,1,9,6314.26,144.01,144.01
229,1044.00,29.72849750,116.04235868,29.73580202,116.03854580,29.73580202,116.03854580,0.5333,892.71,1,34,split_learned_disk,10,1,8,6441.60,92.11,92.11
230,1049.00,29.73349033,116.04774688,29.73580202,116.03854580,29.73580202,116.03854580,0.5100,925.57,1,81,split_learned_disk,9,1,7,5747.38,100.65,100.65
231,1054.00,29.73972791,116.05560580,29.73580202,116.03854580,29.73972791,116.05560580,0.5333,1705.41,1,130,split_learned_disk,10,1,9,5150.22,109.11,109.11
232,1060.00,29.78109315,116.03997981,29.73972791,116.05560580,29.73972791,116.05560580,0.5800,4846.01,1,468,split_learned_disk,12,1,9,622.66,115.31,115.31
233,1065.00,29.73631709,116.04102356,29.73972791,116.05560580,29.73972791,116.05560580,0.5333,1459.30,1,94,split_learned_disk,10,1,-1,5320.10,744.30,744.30
234,1071.00,29.72752713,116.05813833,29.73972791,116.05560580,29.73972791,116.05560580,0.5567,1380.06,1,27,split_learned_disk,11,1,-1,6371.69,633.27,633.27
235,1076.00,29.79421676,116.04092466,29.73972791,116.05560580,29.73972791,116.05560580,0.6033,6229.38,1,574,split_learned_disk,13,1,-1,1275.65,703.72,703.72
236,1081.00,29.74922609,116.05629104,29.73972791,116.05560580,29.73972791,116.05560580,0.6033,1059.41,1,206,split_learned_disk,13,1,-1,3843.93,3741.94,3741.94
237,1087.00,29.72491498,116.04288321,29.73972791,116.05560580,29.73972791,116.05560580,0.5800,2056.80,1,5,split_learned_disk,12,1,-1,6201.35,1093.69,1093.69
238,1092.00,29.72849750,116.04235868,29.73972791,116.05560580,29.73972791,116.05560580,0.5333,1789.25,1,34,split_learned_disk,10,1,5,5718.82,140.42,140.42
239,1098.00,29.80794591,116.03341188,29.73972791,116.05560580,29.73972791,116.05560580,0.5100,7891.03,1,690,split_learned_disk,9,1,2,3346.99,91.55,91.55
240,1103.00,29.72849750,116.04235868,29.73972791,116.05560580,29.73972791,116.05560580,0.5333,1789.25,1,34,split_learned_disk,10,1,-1,5563.17,1322.40,1322.40
241,1108.00,29.77390666,116.06274772,29.73972791,116.05560580,29.77390666,116.06274772,0.5100,3866.86,1,419,split_learned_disk,9,1,-1,1780.27,963.81,963.81
242,1114.00,29.75612286,116.04371148,29.77390666,116.06274772,29.77390666,116.06274772,0.4867,2702.34,1,260,split_learned_disk,8,1,-1,2401.52,677.63,677.63
243,1119.00,29.77390666,116.06274772,29.77390666,116.06274772,29.77390666,116.06274772,0.5100,0.00,0,419,split_learned_disk,9,1,-1,1744.90,712.66,712.66
244,1124.00,29.77260826,116.05955999,29.77390666,116.06274772,29.77390666,116.06274772,0.6033,340.25,1,417,split_learned_disk,13,1,-1,1337.39,258.56,258.56
245,1129.00,29.77260826,116.05955999,29.77390666,116.06274772,29.77390666,116.06274772,0.6033,340.25,1,417,split_learned_disk,13,1,-1,1325.38,186.75,186.75
246,1135.00,29.77260826,116.05955999,29.77390666,116.06274772,29.77390666,116.06274772,0.6033,340.25,1,417,split_learned_disk,13,1,6,1317.18,138.43,138.43
247,1141.00,29.77260826,116.05955999,29.77390666,116.06274772,29.77390666,116.06274772,0.6033,340.25,1,417,split_learned_disk,13,1,5,1314.91,114.92,114.92
248,1146.00,29.77260826,116.05955999,29.77390666,116.06274772,29.77390666,116.06274772,0.6033,340.25,1,417,split_learned_disk,13,1,6,1317.26,139.26,139.26
249,1151.00,29.77260826,116.05955999,29.77390666,116.06274772,29.77390666,116.06274772,0.6033,340.25,1,417,split_learned_disk,13,1,-1,1324.20,194.23,194.23
250,1156.00,29.77260826,116.05955999,29.77390666,116.06274772,29.77390666,116.06274772,0.6033,340.25,1,417,split_learned_disk,13,1,-1,1335.66,261.15,261.15
251,1162.00,29.77260826,116.05955999,29.77390666,116.06274772,29.77390666,116.06274772,0.6033,340.25,1,417,split_learned_disk,13,1,-1,1351.52,332.90,332.90
252,1167.00,29.77260826,116.05955999,29.77390666,116.06274772,29.77390666,116.06274772,0.6033,340.25,1,417,split_learned_disk,13,1,-1,1371.63,406.92,406.92
253,1172.00,29.77260826,116.05955999,29.77390666,116.06274772,29.77260826,116.05955999,0.6033,340.25,1,417,split_learned_disk,13,1,-1,1395.81,482.18,482.18
254,1177.00,29.77260826,116.05955999,29.77260826,116.05955999,29.77260826,116.05955999,0.6033,0.00,0,417,split_learned_disk,13,1,-1,1428.15,569.06,569.06
255,1182.00,29.77260826,116.05955999,29.77260826,116.05955999,29.77260826,116.05955999,0.6033,0.00,0,417,split_learned_disk,13,1,-1,1460.33,645.58,645.58
256,1188.00,29.77260826,116.05955999,29.77260826,116.05955999,29.77260826,116.05955999,0.6033,0.00,0,417,split_learned_disk,13,1,-1,1495.87,722.39,722.39
257,1193.00,29.77260826,116.05955999,29.77260826,116.05955999,29.77260826,116.05955999,0.6033,0.00,0,417,split_learned_disk,13,1,-1,1534.55,417.65,417.65
258,1199.00,29.77260826,116.05955999,29.77260826,116.05955999,29.77260826,116.05955999,0.6033,0.00,0,417,split_learned_disk,13,1,-1,1576.14,876.60,876.60
259,1204.00,29.77260826,116.05955999,29.77260826,116.05955999,29.77260826,116.05955999,0.6033,0.00,0,417,split_learned_disk,13,1,-1,1620.41,266.96,266.96
260,1209.00,29.77260826,116.05955999,29.77260826,116.05955999,29.77260826,116.05955999,0.6033,0.00,0,417,split_learned_disk,13,1,-1,1667.15,194.69,194.69
261,1213.00,29.77260826,116.05955999,29.77260826,116.05955999,29.77260826,116.05955999,0.6033,0.00,0,417,split_learned_disk,13,1,9,1716.15,129.17,129.17
262,1219.00,29.77260826,116.05955999,29.77260826,116.05955999,29.77260826,116.05955999,0.6033,0.00,0,417,split_learned_disk,13,1,9,1774.69,85.47,85.47
263,1224.00,29.77260826,116.05955999,29.77260826,116.05955999,29.77260826,116.05955999,0.6033,0.00,0,417,split_learned_disk,13,1,9,1827.94,110.05,110.05
264,1229.00,29.77268338,116.05664955,29.77260826,116.05955999,29.77260826,116.05955999,0.5100,281.35,1,416,split_learned_disk,9,1,-1,1749.10,170.47,170.47
265,1234.00,29.77260826,116.05955999,29.77260826,116.05955999,29.77260826,116.05955999,0.6033,0.00,0,417,split_learned_disk,13,1,-1,1939.44,241.15,241.15
266,1239.00,29.77268338,116.05664955,29.77260826,116.05955999,29.77260826,116.05955999,0.5100,281.35,1,416,split_learned_disk,9,1,-1,1871.82,303.31,303.31
267,1245.00,29.77268338,116.05664955,29.77260826,116.05955999,29.77260826,116.05955999,0.5100,281.35,1,416,split_learned_disk,9,1,-1,1934.97,337.95,337.95
268,1250.00,29.77260826,116.05955999,29.77260826,116.05955999,29.77260826,116.05955999,0.6033,0.00,0,417,split_learned_disk,13,1,-1,2117.22,467.22,467.22
269,1255.00,29.77260826,116.05955999,29.77260826,116.05955999,29.77260826,116.05955999,0.6033,0.00,0,417,split_learned_disk,13,1,-1,2187.72,1752.24,1752.24
270,1260.00,29.77268338,116.05664955,29.77260826,116.05955999,29.77260826,116.05955999,0.5100,281.35,1,416,split_learned_disk,9,1,-1,2139.80,1776.58,1776.58
271,1265.00,29.77260826,116.05955999,29.77260826,116.05955999,29.77260826,116.05955999,0.6033,0.00,0,417,split_learned_disk,13,1,-1,2314.18,1580.59,1580.59
272,1270.00,29.77260826,116.05955999,29.77260826,116.05955999,29.77260826,116.05955999,0.6033,0.00,0,417,split_learned_disk,13,1,-1,2378.71,1654.93,1654.93
273,1275.00,29.78763581,116.03711350,29.77260826,116.05955999,29.77260826,116.05955999,0.6500,2739.12,1,526,split_learned_disk,15,1,-1,3765.66,467.96,467.96
274,1281.00,29.72508667,116.05881825,29.77260826,116.05955999,29.77260826,116.05955999,0.5567,5290.59,1,12,split_learned_disk,11,1,-1,3516.97,1099.52,1099.52
275,1286.00,29.74862518,116.06347709,29.77260826,116.05955999,29.77260826,116.05955999,0.5100,2696.49,1,209,split_learned_disk,9,1,10,1811.62,116.02,116.02
276,1291.00,29.74162111,116.04376093,29.77260826,116.05955999,29.77260826,116.05955999,0.5567,3772.21,1,140,split_learned_disk,11,1,-1,1308.84,1308.84,1308.84
277,1296.00,29.73580202,116.03854580,29.77260826,116.05955999,29.77260826,116.05955999,0.5333,4572.83,1,93,split_learned_disk,10,1,-1,1880.65,1764.89,1764.89
278,1301.00,29.73927723,116.05039067,29.77260826,116.05955999,29.77260826,116.05955999,0.5100,3814.73,1,128,split_learned_disk,9,1,-1,1434.67,349.60,349.60
279,1306.00,29.72539786,116.05687207,29.77260826,116.05955999,29.77260826,116.05955999,0.5100,5261.88,1,11,split_learned_disk,9,1,8,3070.71,130.18,130.18
280,1311.00,29.72539786,116.05687207,29.77260826,116.05955999,29.77260826,116.05955999,0.5100,5261.88,1,11,split_learned_disk,9,1,3,2998.24,86.72,86.72
281,1316.00,29.79356220,116.03881245,29.77260826,116.05955999,29.77260826,116.05955999,0.6267,3075.73,1,572,split_learned_disk,14,1,8,4942.40,127.30,127.30
282,1322.00,29.72719448,116.05446848,29.77260826,116.05955999,29.72719448,116.05446848,0.4867,5079.34,1,25,split_learned_disk,8,1,10,2594.09,89.39,89.39
283,1327.00,29.74631349,116.04206199,29.72719448,116.05446848,29.72719448,116.05446848,0.5333,2442.73,1,184,split_learned_disk,10,1,10,321.89,98.96,98.96
284,1332.00,29.74631349,116.04206199,29.72719448,116.05446848,29.72719448,116.05446848,0.5333,2442.73,1,184,split_learned_disk,10,1,4,293.93,111.17,111.17
285,1338.00,29.75094760,116.04673318,29.72719448,116.05446848,29.72719448,116.05446848,0.4633,2747.81,1,216,split_learned_disk,7,1,2,433.04,86.87,86.87
286,1343.00,29.79820093,116.03915155,29.72719448,116.05446848,29.72719448,116.05446848,0.6033,8041.81,1,618,split_learned_disk,13,1,5,5915.36,127.86,127.86
287,1349.00,29.79820093,116.03915155,29.72719448,116.05446848,29.72719448,116.05446848,0.6033,8041.81,1,618,split_learned_disk,13,1,-1,5993.03,193.12,193.12
288,1354.00,29.74590573,116.04393400,29.72719448,116.05446848,29.72719448,116.05446848,0.4633,2318.36,1,185,split_learned_disk,7,1,-1,265.30,187.94,187.94
289,1359.00,29.74631349,116.04206199,29.72719448,116.05446848,29.72719448,116.05446848,0.5333,2442.73,1,184,split_learned_disk,10,1,7,435.49,110.68,110.68
290,1364.00,29.73855366,116.04098648,29.72719448,116.05446848,29.72719448,116.05446848,0.5100,1815.51,1,109,split_learned_disk,9,1,7,657.85,115.13,115.13
291,1370.00,29.72752713,116.05813833,29.72719448,116.05446848,29.72719448,116.05446848,0.5567,356.54,1,27,split_learned_disk,11,1,8,2161.02,142.97,142.97
292,1376.00,29.78154383,116.06210488,29.72719448,116.05446848,29.78154383,116.06210488,0.5333,6095.00,1,479,split_learned_disk,10,1,3,4687.91,120.73,120.73
293,1381.00,29.80794591,116.03341188,29.78154383,116.06210488,29.78154383,116.06210488,0.5100,4040.43,1,690,split_learned_disk,9,1,5,7530.62,126.15,126.15
294,1387.00,29.74162111,116.04376093,29.78154383,116.06210488,29.78154383,116.06210488,0.5567,4784.64,1,140,split_learned_disk,11,1,-1,155.34,155.34,155.34
295,1392.00,29.73631709,116.04102356,29.78154383,116.06210488,29.78154383,116.06210488,0.5333,5431.12,1,94,split_learned_disk,10,1,-1,484.80,237.53,237.53
296,1397.00,29.73631709,116.04102356,29.78154383,116.06210488,29.78154383,116.06210488,0.5333,5431.12,1,94,split_learned_disk,10,1,-1,424.25,424.25,424.25
297,1403.00,29.73631709,116.04102356,29.78154383,116.06210488,29.78154383,116.06210488,0.5333,5431.12,1,94,split_learned_disk,10,1,-1,370.27,370.27,370.27
298,1408.00,29.73855366,116.04098648,29.78154383,116.06210488,29.78154383,116.06210488,0.5100,5202.57,1,109,split_learned_disk,9,1,-1,288.11,288.11,288.11
299,1414.00,29.73349033,116.04774688,29.78154383,116.06210488,29.78154383,116.06210488,0.5100,5526.30,1,81,split_learned_disk,9,1,-1,303.05,303.05,303.05
300,1419.00,29.72983270,116.05283135,29.78154383,116.06210488,29.78154383,116.06210488,0.5567,5825.81,1,54,split_learned_disk,11,1,-1,934.93,349.68,349.68
301,1424.00,29.73479946,116.04268542,29.78154383,116.06210488,29.78154383,116.06210488,0.6033,5531.58,1,80,split_learned_disk,13,1,1,141.80,121.38,121.38
302,1430.00,29.73479946,116.04268542,29.78154383,116.06210488,29.73479946,116.04268542,0.6033,5531.58,1,80,split_learned_disk,13,1,1,92.20,92.20,92.20
303,1435.00,29.72671160,116.06055428,29.73479946,116.04268542,29.73479946,116.04268542,0.5100,1947.26,1,28,split_learned_disk,9,1,2,1693.78,122.49,122.49
304,1440.00,29.72671160,116.06055428,29.73479946,116.04268542,29.73479946,116.04268542,0.5100,1947.26,1,28,split_learned_disk,9,1,-1,1660.39,166.39,166.39
305,1445.00,29.72849750,116.04235868,29.73479946,116.04268542,29.73479946,116.04268542,0.5333,702.24,1,34,split_learned_disk,10,1,5,492.62,85.10,85.10
306,1451.00,29.73035850,116.04489121,29.73479946,116.04268542,29.73479946,116.04268542,0.5333,538.36,1,51,split_learned_disk,10,1,6,168.93,114.21,114.21
307,1456.00,29.73035850,116.04489121,29.73479946,116.04268542,29.73479946,116.04268542,0.5333,538.36,1,51,split_learned_disk,10,1,1,123.74,96.68,96.68
308,1460.00,29.73035850,116.04489121,29.73479946,116.04268542,29.73479946,116.04268542,0.5333,538.36,1,51,split_learned_disk,10,1,1,115.33,85.65,85.65
309,1502.00,29.72671160,116.06055428,29.73479946,116.04268542,29.73479946,116.04268542,0.5100,1947.26,1,28,split_learned_disk,9,1,-1,1398.45,499.25,499.25
310,1506.00,29.73084138,116.04446557,29.73479946,116.04268542,29.73479946,116.04268542,0.5100,473.00,1,50,split_learned_disk,9,1,-1,309.33,276.38,276.38
311,1509.00,29.73349033,116.04774688,29.73479946,116.04268542,29.73479946,116.04268542,0.5100,510.33,1,81,split_learned_disk,9,1,9,202.86,79.39,79.39
312,1512.00,29.73264411,116.05886770,29.73479946,116.04268542,29.73264411,116.05886770,0.5333,1581.95,1,57,split_learned_disk,10,1,2,1158.74,119.92,119.92
313,1515.00,29.73035850,116.04489121,29.73264411,116.05886770,29.73264411,116.05886770,0.5333,1374.27,1,51,split_learned_disk,10,1,4,387.85,80.89,80.89
314,1518.00,29.73349033,116.04774688,29.73264411,116.05886770,29.73264411,116.05886770,0.5100,1078.70,1,81,split_learned_disk,9,1,1,97.34,97.34,97.34
315,1521.00,29.72671160,116.06055428,29.73264411,116.05886770,29.73264411,116.05886770,0.5100,680.22,1,28,split_learned_disk,9,1,-1,1619.36,156.69,156.69
316,1524.00,29.72810047,116.04456447,29.73264411,116.05886770,29.73264411,116.05886770,0.5800,1471.73,1,35,split_learned_disk,12,1,7,859.92,122.42,122.42
317,1527.00,29.73631709,116.04102356,29.73264411,116.05886770,29.73264411,116.05886770,0.5333,1772.05,1,94,split_learned_disk,10,1,-1,487.02,152.26,152.26
318,1530.00,29.74922609,116.05629104,29.73264411,116.05886770,29.73264411,116.05886770,0.6033,1862.62,1,206,split_learned_disk,13,1,8,1537.42,84.08,84.08
319,1534.00,29.73631709,116.04102356,29.73264411,116.05886770,29.73264411,116.05886770,0.5333,1772.05,1,94,split_learned_disk,10,1,-1,538.53,538.53,538.53
320,1537.00,29.77390666,116.06274772,29.73264411,116.05886770,29.73264411,116.05886770,0.5100,4608.62,1,419,split_learned_disk,9,1,-1,4152.40,274.94,274.94
321,1540.00,29.77390666,116.06067791,29.73264411,116.05886770,29.73264411,116.05886770,0.5800,4596.68,1,418,split_learned_disk,12,1,-1,4009.70,201.48,201.48
322,1543.00,29.78154383,116.06210488,29.73264411,116.05886770,29.78154383,116.06210488,0.5333,5452.50,1,479,split_learned_disk,10,1,-1,4757.60,152.71,152.71
323,1547.00,29.74181426,116.04707932,29.78154383,116.06210488,29.78154383,116.06210488,0.4867,4654.91,1,141,split_learned_disk,8,1,1,83.81,83.81,83.81
324,1550.00,29.74631349,116.04206199,29.78154383,116.06210488,29.78154383,116.06210488,0.5333,4373.97,1,184,split_learned_disk,10,1,-1,730.31,170.87,170.87
325,1553.00,29.79270987,116.03925748,29.78154383,116.06210488,29.78154383,116.06210488,0.5100,2533.56,1,557,split_learned_disk,9,1,4,5543.95,107.71,107.71
326,1556.00,29.74631349,116.04206199,29.78154383,116.06210488,29.78154383,116.06210488,0.5333,4373.97,1,184,split_learned_disk,10,1,5,620.99,78.44,78.44
327,1559.00,29.74631349,116.04206199,29.78154383,116.06210488,29.78154383,116.06210488,0.5333,4373.97,1,184,split_learned_disk,10,1,4,574.44,113.35,113.35
328,1562.00,29.78432156,116.03433905,29.78154383,116.06210488,29.78154383,116.06210488,0.5333,2700.70,1,495,split_learned_disk,10,1,9,4609.81,83.54,83.54
329,1565.00,29.74792769,116.04802417,29.78154383,116.06210488,29.78154383,116.06210488,0.5800,3981.82,1,202,split_learned_disk,12,1,8,371.58,92.35,92.35
330,1568.00,29.74792769,116.04802417,29.78154383,116.06210488,29.78154383,116.06210488,0.5800,3981.82,1,202,split_learned_disk,12,1,3,299.04,107.20,107.20
331,1571.00,29.74792769,116.04802417,29.78154383,116.06210488,29.78154383,116.06210488,0.5800,3981.82,1,202,split_learned_disk,12,1,3,230.05,78.49,78.49
332,1575.00,29.74792769,116.04802417,29.78154383,116.06210488,29.74792769,116.04802417,0.5800,3981.82,1,202,split_learned_disk,12,1,2,169.02,113.90,113.90
333,1578.00,29.74792769,116.04802417,29.74792769,116.04802417,29.74792769,116.04802417,0.5800,0.00,0,202,split_learned_disk,12,1,1,127.88,127.88,127.88
334,1581.00,29.75211112,116.06351417,29.74792769,116.04802417,29.74792769,116.04802417,0.4867,1567.53,1,239,split_learned_disk,8,1,-1,1564.00,179.48,179.48
335,1584.00,29.73083065,116.03821906,29.74792769,116.04802417,29.74792769,116.04802417,0.5100,2126.02,1,47,split_learned_disk,9,1,4,2291.47,114.54,114.54
336,1587.00,29.79205992,116.05112004,29.74792769,116.04802417,29.74792769,116.04802417,0.5100,4921.90,1,578,split_learned_disk,9,1,6,4805.28,78.53,78.53
337,1590.00,29.74862518,116.06347709,29.74792769,116.04802417,29.74792769,116.04802417,0.5100,1495.19,1,209,split_learned_disk,9,1,3,1547.83,114.44,114.44
338,1594.00,29.72701206,116.05155804,29.74792769,116.04802417,29.74792769,116.04802417,0.5333,2353.23,1,24,split_learned_disk,10,1,-1,2810.19,400.52,400.52
339,1597.00,29.72619192,116.04736365,29.74792769,116.04802417,29.74792769,116.04802417,0.5333,2420.47,1,6,split_learned_disk,10,1,-1,3040.28,359.58,359.58
340,1600.00,29.75247596,116.03687158,29.74792769,116.04802417,29.74792769,116.04802417,0.5100,1190.66,1,227,split_learned_disk,9,1,2,886.13,113.99,113.99
341,1603.00,29.80175736,116.05915736,29.74792769,116.04802417,29.74792769,116.04802417,0.5333,6088.12,1,643,split_learned_disk,10,1,3,5370.06,78.49,78.49
342,1607.00,29.80175736,116.05915736,29.74792769,116.04802417,29.74792769,116.04802417,0.5333,6088.12,1,643,split_learned_disk,10,1,4,5294.57,141.90,141.90
343,1610.00,29.76154029,116.05528971,29.74792769,116.04802417,29.76154029,116.05528971,0.5333,1670.08,1,296,split_learned_disk,10,1,-1,1025.22,528.30,528.30
344,1613.00,29.77260826,116.05955999,29.76154029,116.05528971,29.76154029,116.05528971,0.6033,1299.34,1,417,split_learned_disk,13,1,-1,2258.23,1961.54,1961.54
345,1616.00,29.77260826,116.05955999,29.76154029,116.05528971,29.76154029,116.05528971,0.6033,1299.34,1,417,split_learned_disk,13,1,-1,2190.94,1883.68,1883.68
346,1619.00,29.77260826,116.05955999,29.76154029,116.05528971,29.76154029,116.05528971,0.6033,1299.34,1,417,split_learned_disk,13,1,-1,2124.38,665.16,665.16
347,1622.00,29.77268338,116.05664955,29.76154029,116.05528971,29.76154029,116.05528971,0.5100,1247.39,1,416,split_learned_disk,9,1,-1,1956.84,578.98,578.98
348,1625.00,29.77268338,116.05664955,29.76154029,116.05528971,29.76154029,116.05528971,0.5100,1247.39,1,416,split_learned_disk,9,1,-1,1888.46,527.66,527.66
349,1629.00,29.77268338,116.05664955,29.76154029,116.05528971,29.76154029,116.05528971,0.5100,1247.39,1,416,split_learned_disk,9,1,-1,1820.84,463.29,463.29
350,1632.00,29.77260826,116.05955999,29.76154029,116.05528971,29.76154029,116.05528971,0.6033,1299.34,1,417,split_learned_disk,13,1,-1,1866.94,403.72,403.72
351,1635.00,29.77260826,116.05955999,29.76154029,116.05528971,29.76154029,116.05528971,0.6033,1299.34,1,417,split_learned_disk,13,1,-1,1805.25,351.41,351.41
352,1639.00,29.77260826,116.05955999,29.76154029,116.05528971,29.76154029,116.05528971,0.6033,1299.34,1,417,split_learned_disk,13,1,-1,1736.36,305.31,305.31
353,1642.00,29.77260826,116.05955999,29.76154029,116.05528971,29.77260826,116.05955999,0.6033,1299.34,1,417,split_learned_disk,13,1,-1,1677.63,282.37,282.37
354,1645.00,29.77260826,116.05955999,29.77260826,116.05955999,29.77260826,116.05955999,0.6033,0.00,0,417,split_learned_disk,13,1,-1,1620.52,280.00,280.00
355,1648.00,29.76154029,116.05528971,29.77260826,116.05955999,29.77260826,116.05955999,0.5333,1299.34,1,296,split_learned_disk,10,1,-1,1052.54,579.54,579.54
356,1651.00,29.76154029,116.05528971,29.77260826,116.05955999,29.77260826,116.05955999,0.5333,1299.34,1,296,split_learned_disk,10,1,-1,1092.31,648.97,648.97
357,1654.00,29.77260826,116.05955999,29.77260826,116.05955999,29.77260826,116.05955999,0.6033,0.00,0,417,split_learned_disk,13,1,-1,1460.79,383.74,383.74
358,1657.00,29.77268338,116.05664955,29.77260826,116.05955999,29.77260826,116.05955999,0.5100,281.35,1,416,split_learned_disk,9,1,-1,1259.15,441.02,441.02
359,1660.00,29.77260826,116.05955999,29.77260826,116.05955999,29.77260826,116.05955999,0.6033,0.00,0,417,split_learned_disk,13,1,-1,1366.20,503.87,503.87
360,1663.00,29.77260826,116.05955999,29.77260826,116.05955999,29.77260826,116.05955999,0.6033,0.00,0,417,split_learned_disk,13,1,-1,1317.38,695.35,695.35
361,1666.00,29.77260826,116.05955999,29.77260826,116.05955999,29.77260826,116.05955999,0.6033,0.00,0,417,split_learned_disk,13,1,-1,1278.24,617.99,617.99
362,1669.00,29.77260826,116.05955999,29.77260826,116.05955999,29.77260826,116.05955999,0.6033,0.00,0,417,split_learned_disk,13,1,-1,1242.75,540.78,540.78
363,1672.00,29.77260826,116.05955999,29.77260826,116.05955999,29.77260826,116.05955999,0.6033,0.00,0,417,split_learned_disk,13,1,-1,1211.24,463.82,463.82
364,1675.00,29.77260826,116.05955999,29.77260826,116.05955999,29.77260826,116.05955999,0.6033,0.00,0,417,split_learned_disk,13,1,-1,1184.03,387.24,387.24
365,1679.00,29.77260826,116.05955999,29.77260826,116.05955999,29.77260826,116.05955999,0.6033,0.00,0,417,split_learned_disk,13,1,-1,1161.42,311.32,311.32
366,1682.00,29.77260826,116.05955999,29.77260826,116.05955999,29.77260826,116.05955999,0.6033,0.00,0,417,split_learned_disk,13,1,-1,1143.69,236.72,236.72
367,1685.00,29.77260826,116.05955999,29.77260826,116.05955999,29.77260826,116.05955999,0.6033,0.00,0,417,split_learned_disk,13,1,-1,1131.05,165.21,165.21
368,1688.00,29.77260826,116.05955999,29.77260826,116.05955999,29.77260826,116.05955999,0.6033,0.00,0,417,split_learned_disk,13,1,6,1123.08,96.53,96.53
369,1691.00,29.77260826,116.05955999,29.77260826,116.05955999,29.77260826,116.05955999,0.6033,0.00,0,417,split_learned_disk,13,1,5,1121.87,81.24,81.24
370,1694.00,29.77260826,116.05955999,29.77260826,116.05955999,29.77260826,116.05955999,0.6033,0.00,0,417,split_learned_disk,13,1,5,1126.06,126.60,126.60
371,1697.00,29.77246877,116.05481462,29.77260826,116.05955999,29.77260826,116.05955999,0.4867,458.79,1,415,split_learned_disk,8,1,-1,743.14,330.05,330.05
372,1700.00,29.77179885,116.03410417,29.77260826,116.05955999,29.77260826,116.05955999,0.4867,2461.38,1,390,split_learned_disk,8,1,-1,1357.00,283.78,283.78
373,1703.00,29.77390666,116.06274772,29.77260826,116.05955999,29.77260826,116.05955999,0.5100,340.25,1,419,split_learned_disk,9,1,-1,1557.72,308.58,308.58
374,1706.00,29.77390666,116.06274772,29.77260826,116.05955999,29.77260826,116.05955999,0.5100,340.25,1,419,split_learned_disk,9,1,-1,1576.22,349.36,349.36
375,1710.00,29.77168082,116.06038121,29.77260826,116.05955999,29.77260826,116.05955999,0.5567,130.22,1,403,split_learned_disk,11,1,-1,1495.68,873.16,873.16
376,1713.00,29.77390666,116.06274772,29.77260826,116.05955999,29.77260826,116.05955999,0.5100,340.25,1,419,split_learned_disk,9,1,-1,1627.78,1173.44,1173.44
377,1716.00,29.73631709,116.04102356,29.77260826,116.05955999,29.77260826,116.05955999,0.5333,4419.18,1,94,split_learned_disk,10,1,-1,4879.55,1096.30,1096.30
378,1719.00,29.77855612,116.04590491,29.77260826,116.05955999,29.77260826,116.05955999,0.4633,1476.26,1,456,split_learned_disk,7,1,-1,155.20,155.20,155.20
379,1722.00,29.73742695,116.04746787,29.77260826,116.05955999,29.77260826,116.05955999,0.6267,4086.96,1,112,split_learned_disk,14,1,-1,4813.43,1094.62,1094.62
380,1726.00,29.79421676,116.04092466,29.77260826,116.05955999,29.79421676,116.04092466,0.6033,3004.78,1,574,split_learned_disk,13,1,2,1394.77,135.19,135.19
381,1729.00,29.72752713,116.05813833,29.79421676,116.04092466,29.79421676,116.04092466,0.5567,7607.94,1,27,split_learned_disk,11,1,-1,6268.90,479.43,479.43
382,1732.00,29.72752713,116.05813833,29.79421676,116.04092466,29.79421676,116.04092466,0.5567,7607.94,1,27,split_learned_disk,11,1,-1,6345.59,695.68,695.68
383,1735.00,29.72752713,116.05813833,29.79421676,116.04092466,29.79421676,116.04092466,0.5567,7607.94,1,27,split_learned_disk,11,1,-1,6433.26,496.95,496.95
384,1738.00,29.72752713,116.05813833,29.79421676,116.04092466,29.79421676,116.04092466,0.5567,7607.94,1,27,split_learned_disk,11,1,-1,6510.00,615.51,615.51
385,1741.00,29.79421676,116.04092466,29.79421676,116.04092466,29.79421676,116.04092466,0.6033,0.00,0,574,split_learned_disk,13,1,-1,1027.56,486.84,486.84
386,1744.00,29.79421676,116.04092466,29.79421676,116.04092466,29.79421676,116.04092466,0.6033,0.00,0,574,split_learned_disk,13,1,-1,959.28,376.73,376.73
387,1748.00,29.72810047,116.04456447,29.79421676,116.04092466,29.79421676,116.04092466,0.5800,7368.46,1,35,split_learned_disk,12,1,-1,6452.42,2084.43,2084.43
388,1751.00,29.72849750,116.04235868,29.79421676,116.04092466,29.79421676,116.04092466,0.5333,7317.18,1,34,split_learned_disk,10,1,-1,6541.85,551.11,551.11
389,1754.00,29.72752713,116.05813833,29.79421676,116.04092466,29.79421676,116.04092466,0.5567,7607.94,1,27,split_learned_disk,11,1,-1,6894.12,622.10,622.10
390,1757.00,29.79404507,116.04641176,29.79421676,116.04092466,29.79421676,116.04092466,0.5100,530.55,1,576,split_learned_disk,9,1,-1,525.68,525.68,525.68
391,1760.00,29.79270987,116.03925748,29.79421676,116.04092466,29.79421676,116.04092466,0.5100,232.57,1,557,split_learned_disk,9,1,-1,908.15,531.09,531.09
392,1764.00,29.79270987,116.03925748,29.79421676,116.04092466,29.79421676,116.04092466,0.5100,232.57,1,557,split_learned_disk,9,1,-1,891.54,317.54,317.54
393,1767.00,29.79083202,116.04675790,29.79421676,116.04092466,29.79421676,116.04092466,0.5567,677.99,1,561,split_learned_disk,11,1,1,108.39,108.39,108.39
394,1770.00,29.72671160,116.06055428,29.79421676,116.04092466,29.79421676,116.04092466,0.5100,7750.36,1,28,split_learned_disk,9,1,-1,7323.27,2019.55,2019.55
395,1773.00,29.81646299,116.04109241,29.79421676,116.04092466,29.79421676,116.04092466,0.4867,2476.50,1,753,split_learned_disk,8,1,-1,2608.79,1720.84,1720.84
396,1776.00,29.73843563,116.03541988,29.79421676,116.04092466,29.73843563,116.03541988,0.5100,6232.30,1,106,split_learned_disk,9,1,-1,6252.56,1643.00,1643.00
397,1779.00,29.80770984,116.04632523,29.73843563,116.03541988,29.73843563,116.03541988,0.4867,7783.27,1,696,split_learned_disk,8,1,-1,1565.17,1365.46,1365.46
398,1782.00,29.73631709,116.04102356,29.73843563,116.03541988,29.73843563,116.03541988,0.5333,590.60,1,94,split_learned_disk,10,1,-1,6532.25,167.21,167.21
399,1786.00,29.72539786,116.05687207,29.73843563,116.03541988,29.73843563,116.03541988,0.5100,2530.46,1,11,split_learned_disk,9,1,-1,7858.01,237.33,237.33
400,1789.00,29.73855366,116.04098648,29.73843563,116.03541988,29.73843563,116.03541988,0.5100,538.05,1,109,split_learned_disk,9,1,-1,6499.32,736.33,736.33
401,1792.00,29.79820093,116.03915155,29.73843563,116.03541988,29.73843563,116.03541988,0.6033,6662.84,1,618,split_learned_disk,13,1,-1,719.67,535.34,535.34
402,1795.00,29.79270987,116.03925748,29.73843563,116.03541988,29.73843563,116.03541988,0.5100,6053.18,1,557,split_learned_disk,9,1,-1,1085.33,695.65,695.65
403,1798.00,29.79270987,116.03925748,29.73843563,116.03541988,29.73843563,116.03541988,0.5100,6053.18,1,557,split_learned_disk,9,1,-1,1132.86,767.70,767.70
404,1802.00,29.79270987,116.03925748,29.73843563,116.03541988,29.73843563,116.03541988,0.5100,6053.18,1,557,split_learned_disk,9,1,-1,1183.62,810.40,810.40
405,1805.00,29.80770984,116.04632523,29.73843563,116.03541988,29.73843563,116.03541988,0.4867,7783.27,1,696,split_learned_disk,8,1,-1,931.98,732.88,732.88
406,1808.00,29.80770984,116.04632523,29.73843563,116.03541988,29.80770984,116.04632523,0.4867,7783.27,1,696,split_learned_disk,8,1,-1,854.36,655.46,655.46
407,1811.00,29.80770984,116.04632523,29.80770984,116.04632523,29.80770984,116.04632523,0.4867,0.00,0,696,split_learned_disk,8,1,-1,765.72,567.14,567.14
408,1815.00,29.80865875,116.04156750,29.80770984,116.04632523,29.80770984,116.04632523,0.4633,471.71,1,709,split_learned_disk,7,1,-1,1004.93,755.66,755.66
409,1818.00,29.80476043,116.04879063,29.80770984,116.04632523,29.80770984,116.04632523,0.5100,405.65,1,667,split_learned_disk,9,1,2,239.12,78.56,78.56
410,1821.00,29.80476043,116.04879063,29.80770984,116.04632523,29.80770984,116.04632523,0.5100,405.65,1,667,split_learned_disk,9,1,2,176.54,106.45,106.45
411,1824.00,29.80476043,116.04879063,29.80770984,116.04632523,29.80770984,116.04632523,0.5100,405.65,1,667,split_learned_disk,9,1,1,131.54,92.94,92.94
412,1827.00,29.80476043,116.04879063,29.80770984,116.04632523,29.80770984,116.04632523,0.5100,405.65,1,667,split_learned_disk,9,1,1,124.82,83.17,83.17
413,1831.00,29.81573331,116.03875063,29.80770984,116.04632523,29.80770984,116.04632523,0.5100,1154.75,1,752,split_learned_disk,9,1,5,1403.09,122.49,122.49
414,1834.00,29.81759432,116.03804599,29.80770984,116.04632523,29.80770984,116.04632523,0.4867,1360.42,1,767,split_learned_disk,8,1,5,1500.24,80.01,80.01
415,1880.00,29.80794591,116.03341188,29.80770984,116.04632523,29.80770984,116.04632523,0.5100,1248.06,1,690,split_learned_disk,9,1,-1,1489.06,679.60,679.60
416,1885.00,29.80794591,116.03341188,29.80770984,116.04632523,29.80770984,116.04632523,0.5100,1248.06,1,690,split_learned_disk,9,1,-1,1502.93,331.20,331.20
417,1890.00,29.80451362,116.04313750,29.80770984,116.04632523,29.80451362,116.04313750,0.4867,470.61,1,664,split_learned_disk,8,1,-1,671.81,223.73,223.73
418,1895.00,29.80523257,116.05624160,29.80451362,116.04313750,29.80451362,116.04313750,0.6267,1268.74,1,671,split_learned_disk,14,1,-1,730.97,278.39,278.39
419,1901.00,29.80523257,116.05624160,29.80451362,116.04313750,29.80451362,116.04313750,0.6267,1268.74,1,671,split_learned_disk,14,1,-1,741.56,554.15,554.15
420,1906.00,29.80523257,116.05624160,29.80451362,116.04313750,29.80451362,116.04313750,0.6267,1268.74,1,671,split_learned_disk,14,1,-1,763.29,728.95,728.95
421,1911.00,29.80523257,116.05624160,29.80451362,116.04313750,29.80451362,116.04313750,0.6267,1268.74,1,671,split_learned_disk,14,1,-1,790.09,159.11,159.11
422,1916.00,29.80085599,116.05446848,29.80451362,116.04313750,29.80451362,116.04313750,0.5100,1168.14,1,640,split_learned_disk,9,1,6,528.65,73.37,73.37
423,1921.00,29.78036958,116.03630292,29.80451362,116.04313750,29.80451362,116.04313750,0.5567,2767.66,1,452,split_learned_disk,11,1,5,2571.98,142.54,142.54
424,1926.00,29.78036958,116.03630292,29.80451362,116.04313750,29.80451362,116.04313750,0.5567,2767.66,1,452,split_learned_disk,11,1,2,2501.35,93.53,93.53
425,1931.00,29.79820093,116.03915155,29.80451362,116.04313750,29.80451362,116.04313750,0.6033,801.36,1,618,split_learned_disk,13,1,-1,871.78,229.21,229.21
426,1937.00,29.80523257,116.05624160,29.80451362,116.04313750,29.80451362,116.04313750,0.6267,1268.74,1,671,split_learned_disk,14,1,-1,1007.24,322.34,322.34
427,1942.00,29.72539786,116.05687207,29.80451362,116.04313750,29.72539786,116.05687207,0.5100,8906.60,1,11,split_learned_disk,9,1,-1,8059.39,556.19,556.19
428,1947.00,29.78865521,116.04233395,29.72539786,116.05687207,29.72539786,116.05687207,0.5100,7180.56,1,529,split_learned_disk,9,1,-1,1153.12,685.50,685.50
429,1953.00,29.78865521,116.04233395,29.72539786,116.05687207,29.72539786,116.05687207,0.5100,7180.56,1,529,split_learned_disk,9,1,-1,1090.72,674.22,674.22
430,1958.00,29.78865521,116.04233395,29.72539786,116.05687207,29.72539786,116.05687207,0.5100,7180.56,1,529,split_learned_disk,9,1,-1,1030.43,671.85,671.85
431,1963.00,29.79421676,116.04092466,29.72539786,116.05687207,29.72539786,116.05687207,0.6033,7814.36,1,574,split_learned_disk,13,1,-1,679.54,678.48,678.48
432,1969.00,29.73083065,116.03821906,29.72539786,116.05687207,29.72539786,116.05687207,0.5100,1901.15,1,47,split_learned_disk,9,1,-1,7106.91,917.87,917.87
433,1974.00,29.73083065,116.03821906,29.72539786,116.05687207,29.72539786,116.05687207,0.5100,1901.15,1,47,split_learned_disk,9,1,-1,7029.89,866.63,866.63
434,1979.00,29.73631709,116.04102356,29.72539786,116.05687207,29.72539786,116.05687207,0.5333,1955.17,1,94,split_learned_disk,10,1,-1,6305.68,4223.35,4223.35
435,1985.00,29.73479946,116.04268542,29.72539786,116.05687207,29.72539786,116.05687207,0.6033,1724.67,1,80,split_learned_disk,13,1,-1,6409.26,2749.90,2749.90
436,1990.00,29.73580202,116.03854580,29.72539786,116.05687207,29.72539786,116.05687207,0.5333,2115.94,1,93,split_learned_disk,10,1,-1,6164.76,4122.71,4122.71
437,1995.00,29.79270987,116.03925748,29.72539786,116.05687207,29.79270987,116.03925748,0.5100,7684.05,1,557,split_learned_disk,9,1,-1,1085.81,503.05,503.05
438,2000.00,29.79418919,116.03816961,29.79270987,116.03925748,29.79270987,116.03925748,0.5567,195.37,1,587,split_learned_disk,11,1,-1,1254.89,493.97,493.97
439,2005.00,29.79356220,116.03881245,29.79270987,116.03925748,29.79270987,116.03925748,0.6267,104.17,1,572,split_learned_disk,14,1,-1,1195.92,576.13,576.13
440,2010.00,29.72752713,116.05813833,29.79270987,116.03925748,29.79270987,116.03925748,0.5567,7481.98,1,27,split_learned_disk,11,1,-1,6854.30,671.65,671.65
441,2015.00,29.72752713,116.05813833,29.79270987,116.03925748,29.79270987,116.03925748,0.5567,7481.98,1,27,split_learned_disk,11,1,-1,6777.10,677.18,677.18
442,2020.00,29.72752713,116.05813833,29.79270987,116.03925748,29.79270987,116.03925748,0.5567,7481.98,1,27,split_learned_disk,11,1,-1,6699.92,691.50,691.50
443,2025.00,29.72752713,116.05813833,29.79270987,116.03925748,29.79270987,116.03925748,0.5567,7481.98,1,27,split_learned_disk,11,1,-1,6622.76,714.08,714.08
444,2030.00,29.72752713,116.05813833,29.79270987,116.03925748,29.79270987,116.03925748,0.5567,7481.98,1,27,split_learned_disk,11,1,-1,6534.59,749.04,749.04
445,2036.00,29.79270987,116.03925748,29.79270987,116.03925748,29.79270987,116.03925748,0.5100,0.00,0,557,split_learned_disk,9,1,-1,1343.06,936.95,936.95
446,2041.00,29.75247596,116.03687158,29.79270987,116.03925748,29.79270987,116.03925748,0.5100,4484.77,1,227,split_learned_disk,9,1,-1,3672.29,1089.90,1089.90
447,2046.00,29.72810047,116.04456447,29.79270987,116.03925748,29.79270987,116.03925748,0.5800,7210.58,1,35,split_learned_disk,12,1,-1,6052.93,1920.85,1920.85
448,2051.00,29.72810047,116.04456447,29.79270987,116.03925748,29.79270987,116.03925748,0.5800,7210.58,1,35,split_learned_disk,12,1,-1,5975.25,1871.72,1871.72
449,2056.00,29.72810047,116.04456447,29.79270987,116.03925748,29.79270987,116.03925748,0.5800,7210.58,1,35,split_learned_disk,12,1,-1,5897.57,1824.60,1824.60
450,2061.00,29.72810047,116.04456447,29.79270987,116.03925748,29.79270987,116.03925748,0.5800,7210.58,1,35,split_learned_disk,12,1,-1,5819.90,830.64,830.64
451,2066.00,29.80238435,116.05192891,29.79270987,116.03925748,29.79270987,116.03925748,0.5333,1630.65,1,654,split_learned_disk,10,1,-1,2498.84,2498.84,2498.84
452,2072.00,29.77692045,116.06321748,29.79270987,116.03925748,29.79270987,116.03925748,0.4867,2906.81,1,449,split_learned_disk,8,1,-1,1348.82,896.13,896.13
453,2077.00,29.77260826,116.05955999,29.79270987,116.03925748,29.79270987,116.03925748,0.6033,2975.89,1,417,split_learned_disk,13,1,-1,1082.09,728.96,728.96
454,2082.00,29.77260826,116.05955999,29.79270987,116.03925748,29.79270987,116.03925748,0.6033,2975.89,1,417,split_learned_disk,13,1,-1,1044.20,671.43,671.43
455,2087.00,29.77260826,116.05955999,29.79270987,116.03925748,29.77260826,116.05955999,0.6033,2975.89,1,417,split_learned_disk,13,1,-1,1010.91,662.74,662.74
456,2092.00,29.77260826,116.05955999,29.77260826,116.05955999,29.77260826,116.05955999,0.6033,0.00,0,417,split_learned_disk,13,1,-1,982.69,421.31,421.31
457,2096.00,29.77268338,116.05664955,29.77260826,116.05955999,29.77260826,116.05955999,0.5100,281.35,1,416,split_learned_disk,9,1,-1,768.24,365.21,365.21
458,2101.00,29.77260826,116.05955999,29.77260826,116.05955999,29.77260826,116.05955999,0.6033,0.00,0,417,split_learned_disk,13,1,-1,943.17,318.43,318.43
459,2107.00,29.75946930,116.03363440,29.77260826,116.05955999,29.77260826,116.05955999,0.5100,2900.85,1,285,split_learned_disk,9,1,-1,2239.64,285.59,285.59
460,2112.00,29.77260826,116.05955999,29.77260826,116.05955999,29.77260826,116.05955999,0.6033,0.00,0,417,split_learned_disk,13,1,-1,928.40,271.60,271.60
461,2117.00,29.75946930,116.03363440,29.77260826,116.05955999,29.77260826,116.05955999,0.5100,2900.85,1,285,split_learned_disk,9,1,-1,2116.61,282.76,282.76
462,2123.00,29.77260826,116.05955999,29.77260826,116.05955999,29.77260826,116.05955999,0.6033,0.00,0,417,split_learned_disk,13,1,-1,941.52,313.50,313.50
463,2128.00,29.77260826,116.05955999,29.77260826,116.05955999,29.77260826,116.05955999,0.6033,0.00,0,417,split_learned_disk,13,1,-1,957.57,358.83,358.83
464,2133.00,29.77260826,116.05955999,29.77260826,116.05955999,29.77260826,116.05955999,0.6033,0.00,0,417,split_learned_disk,13,1,-1,979.57,413.98,413.98
465,2138.00,29.75946930,116.03363440,29.77260826,116.05955999,29.77260826,116.05955999,0.5100,2900.85,1,285,split_learned_disk,9,1,-1,1904.95,475.55,475.55
466,2143.00,29.77260826,116.05955999,29.77260826,116.05955999,29.77260826,116.05955999,0.6033,0.00,0,417,split_learned_disk,13,1,-1,1039.82,541.35,541.35
467,2148.00,29.77268338,116.05664955,29.77260826,116.05955999,29.77260826,116.05955999,0.5100,281.35,1,416,split_learned_disk,9,1,-1,910.45,610.01,610.01
468,2153.00,29.77260826,116.05955999,29.77260826,116.05955999,29.77260826,116.05955999,0.6033,0.00,0,417,split_learned_disk,13,1,-1,1124.94,690.89,690.89
469,2159.00,29.77260826,116.05955999,29.77260826,116.05955999,29.77260826,116.05955999,0.6033,0.00,0,417,split_learned_disk,13,1,-1,1170.71,763.15,763.15
470,2164.00,29.77260826,116.05955999,29.77260826,116.05955999,29.77260826,116.05955999,0.6033,0.00,0,417,split_learned_disk,13,1,-1,1219.75,792.86,792.86
471,2169.00,29.77260826,116.05955999,29.77260826,116.05955999,29.77260826,116.05955999,0.6033,0.00,0,417,split_learned_disk,13,1,-1,1271.68,910.49,910.49
472,2175.00,29.75946930,116.03363440,29.77260826,116.05955999,29.77260826,116.05955999,0.5100,2900.85,1,285,split_learned_disk,9,1,-1,1609.99,535.19,535.19
473,2180.00,29.77260826,116.05955999,29.77260826,116.05955999,29.77260826,116.05955999,0.6033,0.00,0,417,split_learned_disk,13,1,-1,1382.87,979.62,979.62
474,2185.00,29.77260826,116.05955999,29.77260826,116.05955999,29.77260826,116.05955999,0.6033,0.00,0,417,split_learned_disk,13,1,-1,1441.57,1135.76,1135.76
475,2190.00,29.76154029,116.05528971,29.77260826,116.05955999,29.77260826,116.05955999,0.5333,1299.34,1,296,split_learned_disk,10,1,-1,840.45,230.66,230.66
476,2195.00,29.76154029,116.05528971,29.77260826,116.05955999,29.77260826,116.05955999,0.5333,1299.34,1,296,split_learned_disk,10,1,-1,799.76,575.71,575.71
477,2199.00,29.76154029,116.05528971,29.77260826,116.05955999,29.77260826,116.05955999,0.5333,1299.34,1,296,split_learned_disk,10,1,-1,770.86,457.92,457.92
478,2204.00,29.77260826,116.05955999,29.77260826,116.05955999,29.77260826,116.05955999,0.6033,0.00,0,417,split_learned_disk,13,1,-1,1701.29,522.80,522.80
479,2209.00,29.76154029,116.05528971,29.77260826,116.05955999,29.77260826,116.05955999,0.5333,1299.34,1,296,split_learned_disk,10,1,-1,734.76,481.36,481.36
480,2214.00,29.77260826,116.05955999,29.77260826,116.05955999,29.77260826,116.05955999,0.6033,0.00,0,417,split_learned_disk,13,1,-1,1833.86,606.58,606.58
481,2220.00,29.77268338,116.05664955,29.77260826,116.05955999,29.77260826,116.05955999,0.5100,281.35,1,416,split_learned_disk,9,1,-1,1812.24,658.38,658.38
482,2225.00,29.77268338,116.05664955,29.77260826,116.05955999,29.77260826,116.05955999,0.5100,281.35,1,416,split_learned_disk,9,1,-1,1883.85,714.93,714.93
483,2230.00,29.77260826,116.05955999,29.77260826,116.05955999,29.77260826,116.05955999,0.6033,0.00,0,417,split_learned_disk,13,1,-1,2038.90,775.21,775.21
484,2235.00,29.76154029,116.05528971,29.77260826,116.05955999,29.77260826,116.05955999,0.5333,1299.34,1,296,split_learned_disk,10,1,-1,789.42,160.14,160.14
485,2240.00,29.76154029,116.05528971,29.77260826,116.05955999,29.77260826,116.05955999,0.5333,1299.34,1,296,split_learned_disk,10,1,2,822.60,73.77,73.77
486,2246.00,29.76154029,116.05528971,29.77260826,116.05955999,29.77260826,116.05955999,0.5333,1299.34,1,296,split_learned_disk,10,1,3,861.58,93.52,93.52
487,2251.00,29.72491498,116.04288321,29.77260826,116.05955999,29.77260826,116.05955999,0.5800,5548.38,1,5,split_learned_disk,12,1,-1,3295.83,546.15,546.15
488,2256.00,29.72619192,116.04736365,29.77260826,116.05955999,29.77260826,116.05955999,0.5333,5299.76,1,6,split_learned_disk,10,1,7,3195.55,129.40,129.40
489,2262.00,29.72508667,116.05881825,29.77260826,116.05955999,29.77260826,116.05955999,0.5567,5290.59,1,12,split_learned_disk,11,1,9,3241.85,127.97,127.97
490,2268.00,29.72752713,116.05813833,29.77260826,116.05955999,29.77260826,116.05955999,0.5567,5020.31,1,27,split_learned_disk,11,1,10,2976.63,76.93,76.93
491,2273.00,29.72849750,116.04235868,29.77260826,116.05955999,29.77260826,116.05955999,0.5333,5184.09,1,34,split_learned_disk,10,1,-1,2626.40,491.68,491.68
492,2279.00,29.73580202,116.03854580,29.77260826,116.05955999,29.77260826,116.05955999,0.5333,4572.83,1,93,split_learned_disk,10,1,-1,1875.94,278.40,278.40
493,2284.00,29.73083065,116.03821906,29.77260826,116.05955999,29.73083065,116.03821906,0.5100,5087.36,1,47,split_learned_disk,9,1,7,2432.05,73.53,73.53
494,2290.00,29.74792769,116.04802417,29.73083065,116.03821906,29.73083065,116.03821906,0.5800,2126.02,1,202,split_learned_disk,12,1,1,127.35,127.35,127.35
495,2295.00,29.74792769,116.04802417,29.73083065,116.03821906,29.73083065,116.03821906,0.5800,2126.02,1,202,split_learned_disk,12,1,1,76.66,76.66,76.66
496,2301.00,29.80523257,116.05624160,29.73083065,116.03821906,29.73083065,116.03821906,0.6267,8463.52,1,671,split_learned_disk,14,1,2,6292.83,87.63,87.63
497,2306.00,29.74792769,116.04802417,29.73083065,116.03821906,29.73083065,116.03821906,0.5800,2126.02,1,202,split_learned_disk,12,1,1,147.06,146.99,146.99
498,2312.00,29.72671160,116.06055428,29.73083065,116.03821906,29.73083065,116.03821906,0.5100,2206.36,1,28,split_learned_disk,9,1,-1,2466.83,1283.40,1283.40
499,2318.00,29.73631709,116.04102356,29.73083065,116.03821906,29.73083065,116.03821906,0.5333,668.17,1,94,split_learned_disk,10,1,-1,1292.71,344.65,344.65
500,2323.00,29.72701206,116.05155804,29.73083065,116.03821906,29.73083065,116.03821906,0.5333,1357.20,1,24,split_learned_disk,10,1,-1,2053.07,742.39,742.39
501,2328.00,29.74631349,116.04206199,29.73083065,116.03821906,29.73083065,116.03821906,0.5333,1763.10,1,184,split_learned_disk,10,1,-1,717.07,165.05,165.05
502,2333.00,29.79900572,116.04937697,29.73083065,116.03821906,29.73083065,116.03821906,0.5333,7665.45,1,623,split_learned_disk,10,1,-1,6130.55,747.94,747.94
503,2339.00,29.72619192,116.04736365,29.73083065,116.03821906,29.72619192,116.04736365,0.5333,1023.44,1,6,split_learned_disk,10,1,3,2011.29,71.95,71.95
504,2344.00,29.75164971,116.05241103,29.72619192,116.04736365,29.72619192,116.04736365,0.5800,2875.62,1,234,split_learned_disk,12,1,5,1133.67,111.18,111.18
505,2350.00,29.74867883,116.04018997,29.72619192,116.04736365,29.72619192,116.04736365,0.5333,2597.44,1,198,split_learned_disk,10,1,-1,1158.37,316.74,316.74
506,2356.00,29.72752713,116.05813833,29.72619192,116.04736365,29.72619192,116.04736365,0.5567,1051.68,1,27,split_learned_disk,11,1,-1,1814.58,251.32,251.32
507,2362.00,29.74181426,116.04707932,29.72619192,116.04736365,29.72619192,116.04736365,0.4867,1739.30,1,141,split_learned_disk,8,1,-1,301.09,301.09,301.09
508,2368.00,29.73855366,116.04098648,29.72619192,116.04736365,29.72619192,116.04736365,0.5100,1507.78,1,109,split_learned_disk,9,1,2,698.53,128.65,128.65
509,2373.00,29.80476043,116.04879063,29.72619192,116.04736365,29.72619192,116.04736365,0.5100,8747.33,1,667,split_learned_disk,9,1,-1,7286.16,339.42,339.42
510,2379.00,29.73855366,116.04098648,29.72619192,116.04736365,29.72619192,116.04736365,0.5100,1507.78,1,109,split_learned_disk,9,1,-1,672.57,672.57,672.57
511,2385.00,29.73580202,116.03854580,29.72619192,116.04736365,29.72619192,116.04736365,0.5333,1367.64,1,93,split_learned_disk,10,1,-1,885.86,672.89,672.89
512,2390.00,29.73631709,116.04102356,29.72619192,116.04736365,29.72619192,116.04736365,0.5333,1282.86,1,94,split_learned_disk,10,1,9,676.39,107.67,107.67
513,2396.00,29.72810047,116.04456447,29.72619192,116.04736365,29.72810047,116.04456447,0.5800,343.94,1,35,split_learned_disk,12,1,8,930.81,71.64,71.64
514,2402.00,29.73349033,116.04774688,29.72810047,116.04456447,29.72810047,116.04456447,0.5100,674.21,1,81,split_learned_disk,9,1,3,298.80,143.68,143.68
515,2408.00,29.73349033,116.04774688,29.72810047,116.04456447,29.72810047,116.04456447,0.5100,674.21,1,81,split_learned_disk,9,1,3,273.91,79.92,79.92
516,2414.00,29.72849750,116.04235868,29.72810047,116.04456447,29.72810047,116.04456447,0.5333,217.67,1,34,split_learned_disk,10,1,5,872.90,83.21,83.21
517,2420.00,29.72810047,116.04456447,29.72810047,116.04456447,29.72810047,116.04456447,0.5800,0.00,0,35,split_learned_disk,12,1,-1,672.67,672.67,672.67
518,2426.00,29.73580202,116.03854580,29.72810047,116.04456447,29.72810047,116.04456447,0.5333,1035.98,1,93,split_learned_disk,10,1,-1,958.27,210.79,210.79
519,2431.00,29.72810047,116.04456447,29.72810047,116.04456447,29.72810047,116.04456447,0.5800,0.00,0,35,split_learned_disk,12,1,-1,578.44,470.53,470.53
520,2472.00,29.81573331,116.03875063,29.72810047,116.04456447,29.72810047,116.04456447,0.5100,9771.45,1,752,split_learned_disk,9,1,2,9273.79,66.12,66.12
521,2475.00,29.73450511,116.04947587,29.72810047,116.04456447,29.72810047,116.04456447,0.4867,856.47,1,68,split_learned_disk,8,1,1,120.81,120.81,120.81
522,2478.00,29.73450511,116.04947587,29.72810047,116.04456447,29.72810047,116.04456447,0.4867,856.47,1,68,split_learned_disk,8,1,-1,191.19,191.19,191.19
523,2481.00,29.72810047,116.04456447,29.72810047,116.04456447,29.72810047,116.04456447,0.5800,0.00,0,35,split_learned_disk,12,1,9,935.25,86.86,86.86
524,2484.00,29.72849750,116.04235868,29.72810047,116.04456447,29.72810047,116.04456447,0.5333,217.67,1,34,split_learned_disk,10,1,-1,1135.44,297.59,297.59
525,2487.00,29.73349033,116.04774688,29.72810047,116.04456447,29.72810047,116.04456447,0.5100,674.21,1,81,split_learned_disk,9,1,6,511.59,135.83,135.83
526,2490.00,29.79421676,116.04092466,29.72810047,116.04456447,29.72810047,116.04456447,0.6033,7368.46,1,574,split_learned_disk,13,1,-1,6367.46,871.62,871.62
527,2493.00,29.73349033,116.04774688,29.72810047,116.04456447,29.72810047,116.04456447,0.5100,674.21,1,81,split_learned_disk,9,1,-1,593.80,454.60,454.60
528,2496.00,29.73349033,116.04774688,29.72810047,116.04456447,29.72810047,116.04456447,0.5100,674.21,1,81,split_learned_disk,9,1,5,645.18,143.22,143.22
529,2499.00,29.73855366,116.04098648,29.72810047,116.04456447,29.72810047,116.04456447,0.5100,1213.92,1,109,split_learned_disk,9,1,-1,875.55,192.06,192.06
530,2502.00,29.73865024,116.05342473,29.72810047,116.04456447,29.72810047,116.04456447,0.4633,1453.34,1,114,split_learned_disk,7,1,-1,253.42,253.42,253.42
531,2505.00,29.72719448,116.05446848,29.72810047,116.04456447,29.72810047,116.04456447,0.4867,962.30,1,25,split_learned_disk,8,1,-1,1529.47,322.03,322.03
532,2508.00,29.74631349,116.04206199,29.72810047,116.04456447,29.72810047,116.04456447,0.5333,2041.84,1,184,split_learned_disk,10,1,-1,1069.85,518.54,518.54
533,2511.00,29.72539786,116.05687207,29.72810047,116.04456447,29.72539786,116.05687207,0.5100,1226.71,1,11,split_learned_disk,9,1,-1,1924.07,305.29,305.29
534,2514.00,29.73972791,116.05560580,29.72539786,116.05687207,29.72539786,116.05687207,0.5333,1599.91,1,130,split_learned_disk,10,1,-1,467.60,467.60,467.60
535,2518.00,29.72539786,116.05687207,29.72539786,116.05687207,29.72539786,116.05687207,0.5100,0.00,0,11,split_learned_disk,9,1,-1,2074.22,206.45,206.45
536,2521.00,29.73972791,116.05560580,29.72539786,116.05687207,29.72539786,116.05687207,0.5333,1599.91,1,130,split_learned_disk,10,1,5,587.00,134.71,134.71
537,2524.00,29.79421676,116.04092466,29.72539786,116.05687207,29.72539786,116.05687207,0.6033,7814.36,1,574,split_learned_disk,13,1,-1,5497.48,336.40,336.40
538,2527.00,29.72539786,116.05687207,29.72539786,116.05687207,29.72539786,116.05687207,0.5100,0.00,0,11,split_learned_disk,9,1,-1,2311.70,338.70,338.70
539,2530.00,29.74792769,116.04802417,29.72539786,116.05687207,29.72539786,116.05687207,0.5800,2649.74,1,202,split_learned_disk,12,1,-1,380.49,153.69,153.69
540,2533.00,29.74792769,116.04802417,29.72539786,116.05687207,29.72539786,116.05687207,0.5800,2649.74,1,202,split_learned_disk,12,1,4,329.04,65.02,65.02
541,2536.00,29.74792769,116.04802417,29.72539786,116.05687207,29.72539786,116.05687207,0.5800,2649.74,1,202,split_learned_disk,12,1,2,289.67,105.07,105.07
542,2539.00,29.74792769,116.04802417,29.72539786,116.05687207,29.72539786,116.05687207,0.5800,2649.74,1,202,split_learned_disk,12,1,-1,267.77,267.77,267.77
543,2542.00,29.73083065,116.03821906,29.72539786,116.05687207,29.72539786,116.05687207,0.5100,1901.15,1,47,split_learned_disk,9,1,-1,2399.05,665.97,665.97
544,2545.00,29.73083065,116.03821906,29.72539786,116.05687207,29.72539786,116.05687207,0.5100,1901.15,1,47,split_learned_disk,9,1,-1,2475.16,358.61,358.61
545,2548.00,29.74922609,116.05629104,29.72539786,116.05687207,29.72539786,116.05687207,0.6033,2653.15,1,206,split_learned_disk,13,1,-1,573.25,335.19,335.19
546,2551.00,29.72491498,116.04288321,29.72539786,116.05687207,29.72539786,116.05687207,0.5800,1352.77,1,5,split_learned_disk,12,1,-1,2959.08,1068.11,1068.11
547,2554.00,29.75072688,116.05500538,29.72539786,116.05687207,29.72539786,116.05687207,0.4867,2825.39,1,236,split_learned_disk,8,1,-1,536.54,536.54,536.54
548,2557.00,29.73843563,116.03541988,29.72539786,116.05687207,29.73843563,116.03541988,0.5100,2530.46,1,106,split_learned_disk,9,1,-1,2198.41,210.00,210.00
549,2560.00,29.78432156,116.03433905,29.73843563,116.03541988,29.73843563,116.03541988,0.5333,5109.09,1,495,split_learned_disk,10,1,-1,3860.26,158.50,158.50
550,2563.00,29.72752713,116.05813833,29.73843563,116.03541988,29.73843563,116.03541988,0.5567,2508.71,1,27,split_learned_disk,11,1,2,3084.02,65.03,65.03
551,2566.00,29.72849750,116.04235868,29.73843563,116.03541988,29.73843563,116.03541988,0.5333,1293.63,1,34,split_learned_disk,10,1,9,3000.39,97.68,97.68
552,2570.00,29.72539786,116.05687207,29.73843563,116.03541988,29.73843563,116.03541988,0.5100,2530.46,1,11,split_learned_disk,9,1,-1,3393.43,338.72,338.72
553,2573.00,29.75404113,116.05913967,29.73843563,116.03541988,29.73843563,116.03541988,0.5100,2875.94,1,267,split_learned_disk,9,1,10,736.24,76.21,76.21
554,2576.00,29.75404113,116.05913967,29.73843563,116.03541988,29.73843563,116.03541988,0.5100,2875.94,1,267,split_learned_disk,9,1,-1,744.55,616.93,616.93
555,2579.00,29.77268338,116.05664955,29.73843563,116.03541988,29.73843563,116.03541988,0.5100,4329.31,1,416,split_learned_disk,9,1,-1,1881.82,695.48,695.48
556,2582.00,29.77260826,116.05955999,29.73843563,116.03541988,29.73843563,116.03541988,0.6033,4462.30,1,417,split_learned_disk,13,1,-1,1876.22,1483.52,1483.52
557,2585.00,29.77260826,116.05955999,29.73843563,116.03541988,29.73843563,116.03541988,0.6033,4462.30,1,417,split_learned_disk,13,1,-1,1804.79,801.86,801.86
558,2588.00,29.77260826,116.05955999,29.73843563,116.03541988,29.77260826,116.05955999,0.6033,4462.30,1,417,split_learned_disk,13,1,-1,1733.91,761.04,761.04
559,2592.00,29.77260826,116.05955999,29.77260826,116.05955999,29.77260826,116.05955999,0.6033,0.00,0,417,split_learned_disk,13,1,-1,1663.67,726.32,726.32
560,2595.00,29.77260826,116.05955999,29.77260826,116.05955999,29.77260826,116.05955999,0.6033,0.00,0,417,split_learned_disk,13,1,-1,1594.14,1259.90,1259.90
561,2598.00,29.77260826,116.05955999,29.77260826,116.05955999,29.77260826,116.05955999,0.6033,0.00,0,417,split_learned_disk,13,1,-1,1515.67,676.58,676.58
562,2601.00,29.77268338,116.05664955,29.77260826,116.05955999,29.77260826,116.05955999,0.5100,281.35,1,416,split_learned_disk,9,1,-1,1357.46,666.55,666.55
563,2604.00,29.75946930,116.03363440,29.77260826,116.05955999,29.77260826,116.05955999,0.5100,2900.85,1,285,split_learned_disk,9,1,-1,1719.58,665.54,665.54
564,2607.00,29.77268338,116.05664955,29.77260826,116.05955999,29.77260826,116.05955999,0.5100,281.35,1,416,split_learned_disk,9,1,-1,1215.79,280.27,280.27
565,2610.00,29.77260826,116.05955999,29.77260826,116.05955999,29.77260826,116.05955999,0.6033,0.00,0,417,split_learned_disk,13,1,-1,1252.25,690.44,690.44
566,2614.00,29.77260826,116.05955999,29.77260826,116.05955999,29.77260826,116.05955999,0.6033,0.00,0,417,split_learned_disk,13,1,-1,1190.05,715.41,715.41
567,2617.00,29.77260826,116.05955999,29.77260826,116.05955999,29.77260826,116.05955999,0.6033,0.00,0,417,split_learned_disk,13,1,-1,1129.80,747.70,747.70
568,2620.00,29.75946930,116.03363440,29.77260826,116.05955999,29.77260826,116.05955999,0.5100,2900.85,1,285,split_learned_disk,9,1,-1,1860.79,792.41,792.41
569,2623.00,29.77260826,116.05955999,29.77260826,116.05955999,29.77260826,116.05955999,0.6033,0.00,0,417,split_learned_disk,13,1,-1,1008.87,832.74,832.74
570,2626.00,29.75946930,116.03363440,29.77260826,116.05955999,29.77260826,116.05955999,0.5100,2900.85,1,285,split_learned_disk,9,1,-1,1935.43,769.32,769.32
571,2629.00,29.75946930,116.03363440,29.77260826,116.05955999,29.77260826,116.05955999,0.5100,2900.85,1,285,split_learned_disk,9,1,-1,1976.31,708.80,708.80
572,2632.00,29.77260826,116.05955999,29.77260826,116.05955999,29.77260826,116.05955999,0.6033,0.00,0,417,split_learned_disk,13,1,-1,865.70,651.98,651.98
573,2635.00,29.77268338,116.05664955,29.77260826,116.05955999,29.77260826,116.05955999,0.5100,281.35,1,416,split_learned_disk,9,1,-1,655.90,599.92,599.92
574,2638.00,29.75946930,116.03363440,29.77260826,116.05955999,29.77260826,116.05955999,0.5100,2900.85,1,285,split_learned_disk,9,1,-1,2111.48,553.96,553.96
575,2641.00,29.77268338,116.05664955,29.77260826,116.05955999,29.77260826,116.05955999,0.5100,281.35,1,416,split_learned_disk,9,1,-1,579.90,515.74,515.74
576,2645.00,29.75946930,116.03363440,29.77260826,116.05955999,29.77260826,116.05955999,0.5100,2900.85,1,285,split_learned_disk,9,1,-1,2218.09,483.87,483.87
577,2648.00,29.77260826,116.05955999,29.77260826,116.05955999,29.77260826,116.05955999,0.6033,0.00,0,417,split_learned_disk,13,1,-1,737.31,468.26,468.26
578,2652.00,29.77260826,116.05955999,29.77260826,116.05955999,29.77260826,116.05955999,0.6033,0.00,0,417,split_learned_disk,13,1,-1,735.46,465.35,465.35
579,2655.00,29.77260826,116.05955999,29.77260826,116.05955999,29.77260826,116.05955999,0.6033,0.00,0,417,split_learned_disk,13,1,-1,741.85,449.44,449.44
580,2658.00,29.77260826,116.05955999,29.77260826,116.05955999,29.77260826,116.05955999,0.6033,0.00,0,417,split_learned_disk,13,1,-1,756.24,497.54,497.54
581,2661.00,29.75946930,116.03363440,29.77260826,116.05955999,29.77260826,116.05955999,0.5100,2900.85,1,285,split_learned_disk,9,1,-1,2492.76,530.34,530.34
582,2665.00,29.77260826,116.05955999,29.77260826,116.05955999,29.77260826,116.05955999,0.6033,0.00,0,417,split_learned_disk,13,1,-1,807.14,571.94,571.94
583,2668.00,29.76089035,116.04360022,29.77260826,116.05955999,29.77260826,116.05955999,0.5100,2019.85,1,305,split_learned_disk,9,1,-1,1929.32,530.44,530.44
584,2671.00,29.75904008,116.05743369,29.77260826,116.05955999,29.77260826,116.05955999,0.5333,1524.32,1,297,split_learned_disk,10,1,-1,2225.15,965.56,965.56
585,2675.00,29.78154383,116.06210488,29.77260826,116.05955999,29.77260826,116.05955999,0.5333,1024.65,1,479,split_learned_disk,10,1,-1,1156.63,189.56,189.56
586,2678.00,29.77179885,116.03410417,29.77260826,116.05955999,29.77260826,116.05955999,0.4867,2461.38,1,390,split_learned_disk,8,1,-1,1872.04,1366.28,1366.28
587,2681.00,29.80523257,116.05624160,29.77260826,116.05955999,29.77260826,116.05955999,0.6267,3645.87,1,671,split_learned_disk,14,1,-1,2719.21,1293.30,1293.30
588,2684.00,29.77168082,116.06038121,29.77260826,116.05955999,29.77260826,116.05955999,0.5567,130.22,1,403,split_learned_disk,11,1,-1,1377.84,1020.88,1020.88
589,2687.00,29.77390666,116.06274772,29.77260826,116.05955999,29.77260826,116.05955999,0.5100,340.25,1,419,split_learned_disk,9,1,-1,1442.34,1110.77,1110.77
590,2690.00,29.77179885,116.03410417,29.77260826,116.05955999,29.77260826,116.05955999,0.4867,2461.38,1,390,split_learned_disk,8,1,-1,2033.56,1174.12,1174.12
591,2693.00,29.73349033,116.04774688,29.77260826,116.05955999,29.77260826,116.05955999,0.5100,4501.73,1,81,split_learned_disk,9,1,-1,5465.47,2321.45,2321.45
592,2697.00,29.72539786,116.05687207,29.77260826,116.05955999,29.72539786,116.05687207,0.5100,5261.88,1,11,split_learned_disk,9,1,-1,6556.60,3333.92,3333.92
593,2700.00,29.72539786,116.05687207,29.72539786,116.05687207,29.72539786,116.05687207,0.5100,0.00,0,11,split_learned_disk,9,1,-1,6634.27,3407.30,3407.30
594,2703.00,29.72701206,116.05155804,29.72539786,116.05687207,29.72539786,116.05687207,0.5333,544.01,1,24,split_learned_disk,10,1,-1,6491.98,3480.86,3480.86
595,2706.00,29.72701206,116.05155804,29.72539786,116.05687207,29.72539786,116.05687207,0.5333,544.01,1,24,split_learned_disk,10,1,-1,6569.88,1470.22,1470.22
596,2709.00,29.79421676,116.04092466,29.72539786,116.05687207,29.72539786,116.05687207,0.6033,7814.36,1,574,split_learned_disk,13,1,-1,1147.11,204.58,204.58
597,2712.00,29.78865521,116.04233395,29.72539786,116.05687207,29.72539786,116.05687207,0.5100,7180.56,1,529,split_learned_disk,9,1,-1,868.15,868.15,868.15
598,2715.00,29.72752713,116.05813833,29.72539786,116.05687207,29.72539786,116.05687207,0.5567,266.75,1,27,split_learned_disk,11,1,-1,6841.88,864.85,864.85
599,2718.00,29.72752713,116.05813833,29.72539786,116.05687207,29.72539786,116.05687207,0.5567,266.75,1,27,split_learned_disk,11,1,-1,6919.35,868.56,868.56
600,2721.00,29.79421676,116.04092466,29.72539786,116.05687207,29.72539786,116.05687207,0.6033,7814.36,1,574,split_learned_disk,13,1,-1,966.19,881.26,881.26
601,2724.00,29.72752713,116.05813833,29.72539786,116.05687207,29.72539786,116.05687207,0.5567,266.75,1,27,split_learned_disk,11,1,-1,7085.41,899.48,899.48
602,2728.00,29.72752713,116.05813833,29.72539786,116.05687207,29.72539786,116.05687207,0.5567,266.75,1,27,split_learned_disk,11,1,2,7162.92,140.91,140.91
603,2731.00,29.73083065,116.03821906,29.72539786,116.05687207,29.73083065,116.03821906,0.5100,1901.15,1,47,split_learned_disk,9,1,-1,6919.60,238.89,238.89
604,2734.00,29.78865521,116.04233395,29.73083065,116.03821906,29.73083065,116.03821906,0.5100,6449.30,1,529,split_learned_disk,9,1,-1,989.58,180.11,180.11
605,2737.00,29.78865521,116.04233395,29.73083065,116.03821906,29.73083065,116.03821906,0.5100,6449.30,1,529,split_learned_disk,9,1,3,1029.71,76.80,76.80
606,2741.00,29.72752713,116.05813833,29.73083065,116.03821906,29.73083065,116.03821906,0.5567,1959.56,1,27,split_learned_disk,11,1,-1,7473.04,880.12,880.12
607,2744.00,29.78865521,116.04233395,29.73083065,116.03821906,29.73083065,116.03821906,0.5100,6449.30,1,529,split_learned_disk,9,1,2,1121.96,131.78,131.78
608,2747.00,29.78865521,116.04233395,29.73083065,116.03821906,29.73083065,116.03821906,0.5100,6449.30,1,529,split_learned_disk,9,1,-1,1180.68,864.86,864.86
609,2750.00,29.78865521,116.04233395,29.73083065,116.03821906,29.73083065,116.03821906,0.5100,6449.30,1,529,split_learned_disk,9,1,-1,1235.05,868.70,868.70
610,2753.00,29.72491498,116.04288321,29.73083065,116.03821906,29.73083065,116.03821906,0.5800,797.99,1,5,split_learned_disk,12,1,-1,7987.34,1291.83,1291.83
611,2756.00,29.79083202,116.04675790,29.73083065,116.03821906,29.73083065,116.03821906,0.5567,6730.12,1,561,split_learned_disk,11,1,-1,789.02,789.02,789.02
612,2759.00,29.78036958,116.03630292,29.73083065,116.03821906,29.73083065,116.03821906,0.5567,5517.78,1,452,split_learned_disk,11,1,-1,2464.76,159.41,159.41
613,2763.00,29.78036958,116.03630292,29.73083065,116.03821906,29.78036958,116.03630292,0.5567,5517.78,1,452,split_learned_disk,11,1,-1,2531.96,216.55,216.55
614,2766.00,29.77935018,116.03933698,29.78036958,116.03630292,29.78036958,116.03630292,0.5567,314.37,1,453,split_learned_disk,11,1,5,2508.54,144.10,144.10
615,2769.00,29.80238435,116.05192891,29.78036958,116.03630292,29.78036958,116.03630292,0.5333,2878.48,1,654,split_learned_disk,10,1,3,275.11,76.00,76.00
616,2772.00,29.79900572,116.04937697,29.78036958,116.03630292,29.78036958,116.03630292,0.5333,2428.95,1,623,split_learned_disk,10,1,3,246.96,75.31,75.31
617,2776.00,29.80238435,116.05192891,29.78036958,116.03630292,29.78036958,116.03630292,0.5333,2878.48,1,654,split_learned_disk,10,1,6,159.01,133.09,133.09
618,2779.00,29.80223413,116.05011870,29.78036958,116.03630292,29.78036958,116.03630292,0.5100,2776.03,1,653,split_learned_disk,9,1,1,65.11,65.11,65.11
619,2782.00,29.80223413,116.05011870,29.78036958,116.03630292,29.78036958,116.03630292,0.5100,2776.03,1,653,split_learned_disk,9,1,1,96.95,96.95,96.95
620,2785.00,29.81646299,116.04109241,29.78036958,116.03630292,29.78036958,116.03630292,0.4867,4044.48,1,753,split_learned_disk,8,1,-1,1642.08,469.87,469.87
621,2789.00,29.73631709,116.04102356,29.78036958,116.03630292,29.78036958,116.03630292,0.5333,4925.09,1,94,split_learned_disk,10,1,-1,7676.79,761.89,761.89
622,2792.00,29.72849750,116.04235868,29.78036958,116.03630292,29.78036958,116.03630292,0.5333,5803.97,1,34,split_learned_disk,10,1,-1,8549.69,445.93,445.93
623,2795.00,29.81646299,116.04109241,29.78036958,116.03630292,29.81646299,116.04109241,0.4867,4044.48,1,753,split_learned_disk,8,1,-1,1464.29,245.63,245.63
624,2798.00,29.81646299,116.04109241,29.81646299,116.04109241,29.81646299,116.04109241,0.4867,0.00,0,753,split_learned_disk,8,1,-1,1411.94,481.93,481.93
625,2801.00,29.76001656,116.06065318,29.81646299,116.04109241,29.81646299,116.04109241,0.5100,6561.73,1,298,split_learned_disk,9,1,-1,5431.85,467.45,467.45
626,2805.00,29.81646299,116.04109241,29.81646299,116.04109241,29.81646299,116.04109241,0.4867,0.00,0,753,split_learned_disk,8,1,-1,1314.86,376.40,376.40
627,2808.00,29.81646299,116.04109241,29.81646299,116.04109241,29.81646299,116.04109241,0.4867,0.00,0,753,split_learned_disk,8,1,-1,1270.72,347.92,347.92
628,2855.00,29.81646299,116.04109241,29.81646299,116.04109241,29.81646299,116.04109241,0.4867,0.00,0,753,split_learned_disk,8,1,-1,1441.95,176.25,176.25
629,2860.00,29.80770984,116.04632523,29.81646299,116.04109241,29.81646299,116.04109241,0.4867,1097.78,1,696,split_learned_disk,8,1,9,658.34,142.97,142.97
630,2866.00,29.80770984,116.04632523,29.81646299,116.04109241,29.81646299,116.04109241,0.4867,1097.78,1,696,split_learned_disk,8,1,-1,661.98,158.90,158.90
631,2871.00,29.81646299,116.04109241,29.81646299,116.04109241,29.81646299,116.04109241,0.4867,0.00,0,753,split_learned_disk,8,1,-1,1576.16,206.08,206.08
632,2876.00,29.73631709,116.04102356,29.81646299,116.04109241,29.81646299,116.04109241,0.5333,8921.84,1,94,split_learned_disk,10,1,-1,7844.32,268.01,268.01
633,2881.00,29.81573331,116.03875063,29.81646299,116.04109241,29.81646299,116.04109241,0.5100,240.42,1,752,split_learned_disk,9,1,-1,1829.68,910.80,910.80
634,2886.00,29.81573331,116.03875063,29.81646299,116.04109241,29.81646299,116.04109241,0.5100,240.42,1,752,split_learned_disk,9,1,-1,1877.78,387.60,387.60
635,2891.00,29.79270987,116.03925748,29.81646299,116.04109241,29.81646299,116.04109241,0.5100,2650.14,1,557,split_learned_disk,9,1,-1,1979.55,198.53,198.53
636,2896.00,29.80238435,116.05192891,29.81646299,116.04109241,29.81646299,116.04109241,0.5333,1884.85,1,654,split_learned_disk,10,1,1,84.20,84.20,84.20
637,2901.00,29.80238435,116.05192891,29.81646299,116.04109241,29.81646299,116.04109241,0.5333,1884.85,1,654,split_learned_disk,10,1,1,60.54,60.54,60.54
638,2906.00,29.79900572,116.04937697,29.81646299,116.04109241,29.81646299,116.04109241,0.5333,2101.76,1,623,split_learned_disk,10,1,3,391.19,110.47,110.47
639,2912.00,29.80085599,116.05446848,29.81646299,116.04109241,29.81646299,116.04109241,0.5100,2165.41,1,640,split_learned_disk,9,1,1,142.80,60.28,60.28
640,2917.00,29.80085599,116.05446848,29.81646299,116.04109241,29.81646299,116.04109241,0.5100,2165.41,1,640,split_learned_disk,9,1,5,154.81,84.89,84.89
641,2922.00,29.78036958,116.03630292,29.81646299,116.04109241,29.78036958,116.03630292,0.5567,4044.48,1,452,split_learned_disk,11,1,-1,2689.70,151.41,151.41
642,2927.00,29.79083202,116.04675790,29.78036958,116.03630292,29.78036958,116.03630292,0.5567,1541.77,1,561,split_learned_disk,11,1,9,1022.27,143.00,143.00
643,2933.00,29.73631709,116.04102356,29.78036958,116.03630292,29.78036958,116.03630292,0.5333,4925.09,1,94,split_learned_disk,10,1,-1,6984.94,171.13,171.13
644,2938.00,29.72491498,116.04288321,29.78036958,116.03630292,29.78036958,116.03630292,0.5800,6205.87,1,5,split_learned_disk,12,1,-1,8072.15,908.57,908.57
645,2943.00,29.72752713,116.05813833,29.78036958,116.03630292,29.78036958,116.03630292,0.5567,6249.36,1,27,split_learned_disk,11,1,-1,7767.41,1068.47,1068.47
646,2948.00,29.73083065,116.03821906,29.78036958,116.03630292,29.78036958,116.03630292,0.5100,5517.78,1,47,split_learned_disk,9,1,-1,7404.42,1059.77,1059.77
647,2953.00,29.78865521,116.04233395,29.78036958,116.03630292,29.78036958,116.03630292,0.5100,1091.03,1,529,split_learned_disk,9,1,-1,1315.42,315.54,315.54
648,2959.00,29.73083065,116.03821906,29.78036958,116.03630292,29.78036958,116.03630292,0.5100,5517.78,1,47,split_learned_disk,9,1,10,7251.69,118.77,118.77
649,2964.00,29.78865521,116.04233395,29.78036958,116.03630292,29.78036958,116.03630292,0.5100,1091.03,1,529,split_learned_disk,9,1,9,1229.24,63.52,63.52
650,2969.00,29.79205992,116.05112004,29.78036958,116.03630292,29.78036958,116.03630292,0.5100,1934.80,1,578,split_learned_disk,9,1,9,263.34,78.15,78.15
651,2975.00,29.78865521,116.04233395,29.78036958,116.03630292,29.78865521,116.04233395,0.5100,1091.03,1,529,split_learned_disk,9,1,9,1157.72,142.57,142.57
652,2980.00,29.78865521,116.04233395,29.78865521,116.04233395,29.78865521,116.04233395,0.5100,0.00,0,529,split_learned_disk,9,1,6,1128.34,142.13,142.13
653,2985.00,29.72752713,116.05813833,29.78865521,116.04233395,29.78865521,116.04233395,0.5567,6974.03,1,27,split_learned_disk,11,1,-1,7134.57,1103.70,1103.70
654,2990.00,29.72752713,116.05813833,29.78865521,116.04233395,29.78865521,116.04233395,0.5567,6974.03,1,27,split_learned_disk,11,1,10,7045.78,144.06,144.06
655,2995.00,29.78865521,116.04233395,29.78865521,116.04233395,29.78865521,116.04233395,0.5100,0.00,0,529,split_learned_disk,9,1,-1,1068.26,1068.26,1068.26
656,3000.00,29.72752713,116.05813833,29.78865521,116.04233395,29.78865521,116.04233395,0.5567,6974.03,1,27,split_learned_disk,11,1,-1,6890.40,1060.36,1060.36
657,3005.00,29.79421676,116.04092466,29.78865521,116.04233395,29.78865521,116.04233395,0.6033,633.91,1,574,split_learned_disk,13,1,-1,1220.78,1058.14,1058.14
658,3011.00,29.78865521,116.04233395,29.78865521,116.04233395,29.78865521,116.04233395,0.5100,0.00,0,529,split_learned_disk,9,1,-1,1061.66,1061.66,1061.66
659,3016.00,29.73479946,116.04268542,29.78865521,116.04233395,29.78865521,116.04233395,0.6033,5995.32,1,80,split_learned_disk,13,1,-1,5898.04,4299.77,4299.77
660,3021.00,29.73580202,116.03854580,29.78865521,116.04233395,29.78865521,116.04233395,0.5333,5894.99,1,93,split_learned_disk,10,1,-1,5697.99,4011.71,4011.71
661,3026.00,29.73855366,116.04098648,29.78865521,116.04233395,29.78865521,116.04233395,0.5100,5578.82,1,109,split_learned_disk,9,1,-1,5384.43,3509.47,3509.47
662,3031.00,29.73154959,116.03443091,29.78865521,116.04233395,29.78865521,116.04233395,0.5100,6402.70,1,46,split_learned_disk,9,1,-1,6215.63,3326.52,3326.52
663,3036.00,29.75247596,116.03687158,29.78865521,116.04233395,29.78865521,116.04233395,0.5100,4061.91,1,227,split_learned_disk,9,1,-1,3803.08,1583.17,1583.17
664,3041.00,29.72983270,116.05283135,29.78865521,116.04233395,29.78865521,116.04233395,0.5567,6626.22,1,54,split_learned_disk,11,1,-1,5834.82,2166.24,2166.24
665,3046.00,29.73855366,116.04098648,29.78865521,116.04233395,29.78865521,116.04233395,0.5100,5578.82,1,109,split_learned_disk,9,1,-1,5068.29,3829.17,3829.17
666,3051.00,29.73580202,116.03854580,29.78865521,116.04233395,29.78865521,116.04233395,0.5333,5894.99,1,93,split_learned_disk,10,1,-1,5232.20,1657.22,1657.22
667,3056.00,29.75247596,116.03687158,29.78865521,116.04233395,29.78865521,116.04233395,0.5100,4061.91,1,227,split_learned_disk,9,1,-1,3517.24,2393.85,2393.85
668,3061.00,29.75247596,116.03687158,29.78865521,116.04233395,29.75247596,116.03687158,0.5100,4061.91,1,227,split_learned_disk,9,1,-1,3446.48,2322.41,2322.41
669,3066.00,29.75247596,116.03687158,29.75247596,116.03687158,29.75247596,116.03687158,0.5100,0.00,0,227,split_learned_disk,9,1,-1,3376.03,2251.41,2251.41
670,3070.00,29.77260826,116.05955999,29.75247596,116.03687158,29.75247596,116.03687158,0.6033,3135.11,1,417,split_learned_disk,13,1,-1,776.29,493.49,493.49
671,3075.00,29.77260826,116.05955999,29.75247596,116.03687158,29.75247596,116.03687158,0.6033,3135.11,1,417,split_learned_disk,13,1,-1,722.55,587.63,587.63
672,3080.00,29.77260826,116.05955999,29.75247596,116.03687158,29.75247596,116.03687158,0.6033,3135.11,1,417,split_learned_disk,13,1,-1,673.54,526.21,526.21
673,3085.00,29.77260826,116.05955999,29.75247596,116.03687158,29.75247596,116.03687158,0.6033,3135.11,1,417,split_learned_disk,13,1,-1,630.39,469.71,469.71
674,3090.00,29.77260826,116.05955999,29.75247596,116.03687158,29.75247596,116.03687158,0.6033,3135.11,1,417,split_learned_disk,13,1,-1,594.36,420.13,420.13
675,3096.00,29.77260826,116.05955999,29.75247596,116.03687158,29.75247596,116.03687158,0.6033,3135.11,1,417,split_learned_disk,13,1,-1,566.82,380.17,380.17
676,3101.00,29.77260826,116.05955999,29.75247596,116.03687158,29.75247596,116.03687158,0.6033,3135.11,1,417,split_learned_disk,13,1,-1,549.04,353.12,353.12
677,3105.00,29.77260826,116.05955999,29.75247596,116.03687158,29.75247596,116.03687158,0.6033,3135.11,1,417,split_learned_disk,13,1,-1,541.99,342.05,342.05
678,3110.00,29.77260826,116.05955999,29.75247596,116.03687158,29.75247596,116.03687158,0.6033,3135.11,1,417,split_learned_disk,13,1,-1,547.58,350.83,350.83
679,3115.00,29.77260826,116.05955999,29.75247596,116.03687158,29.77260826,116.05955999,0.6033,3135.11,1,417,split_learned_disk,13,1,-1,564.07,376.05,376.05
680,3120.00,29.77260826,116.05955999,29.77260826,116.05955999,29.77260826,116.05955999,0.6033,0.00,0,417,split_learned_disk,13,1,-1,590.46,414.59,414.59
681,3125.00,29.77260826,116.05955999,29.77260826,116.05955999,29.77260826,116.05955999,0.6033,0.00,0,417,split_learned_disk,13,1,-1,625.51,463.15,463.15
682,3130.00,29.77260826,116.05955999,29.77260826,116.05955999,29.77260826,116.05955999,0.6033,0.00,0,417,split_learned_disk,13,1,-1,667.86,518.92,518.92
683,3135.00,29.77260826,116.05955999,29.77260826,116.05955999,29.77260826,116.05955999,0.6033,0.00,0,417,split_learned_disk,13,1,-1,716.20,579.81,579.81
684,3140.00,29.75946930,116.03363440,29.77260826,116.05955999,29.77260826,116.05955999,0.5100,2900.85,1,285,split_learned_disk,9,1,-1,2136.12,644.39,644.39
685,3145.00,29.77260826,116.05955999,29.77260826,116.05955999,29.77260826,116.05955999,0.6033,0.00,0,417,split_learned_disk,13,1,-1,826.55,711.64,711.64
686,3151.00,29.75946930,116.03363440,29.77260826,116.05955999,29.77260826,116.05955999,0.5100,2900.85,1,285,split_learned_disk,9,1,-1,2058.88,790.91,790.91
687,3156.00,29.77260826,116.05955999,29.77260826,116.05955999,29.77260826,116.05955999,0.6033,0.00,0,417,split_learned_disk,13,1,-1,958.91,861.83,861.83
688,3161.00,29.77260826,116.05955999,29.77260826,116.05955999,29.77260826,116.05955999,0.6033,0.00,0,417,split_learned_disk,13,1,-1,1024.15,860.97,860.97
689,3166.00,29.77260826,116.05955999,29.77260826,116.05955999,29.77260826,116.05955999,0.6033,0.00,0,417,split_learned_disk,13,1,-1,1091.05,894.64,894.64
690,3172.00,29.77260826,116.05955999,29.77260826,116.05955999,29.77260826,116.05955999,0.6033,0.00,0,417,split_learned_disk,13,1,-1,1159.33,875.79,875.79
691,3177.00,29.77260826,116.05955999,29.77260826,116.05955999,29.77260826,116.05955999,0.6033,0.00,0,417,split_learned_disk,13,1,-1,1228.75,863.59,863.59
692,3182.00,29.77260826,116.05955999,29.77260826,116.05955999,29.77260826,116.05955999,0.6033,0.00,0,417,split_learned_disk,13,1,-1,1299.15,858.32,858.32
693,3187.00,29.77260826,116.05955999,29.77260826,116.05955999,29.77260826,116.05955999,0.6033,0.00,0,417,split_learned_disk,13,1,-1,1370.35,1304.27,1304.27
694,3193.00,29.77260826,116.05955999,29.77260826,116.05955999,29.77260826,116.05955999,0.6033,0.00,0,417,split_learned_disk,13,1,-1,1452.58,870.73,870.73
695,3198.00,29.77260826,116.05955999,29.77260826,116.05955999,29.77260826,116.05955999,0.6033,0.00,0,417,split_learned_disk,13,1,-1,1525.15,1340.09,1340.09
696,3204.00,29.77260826,116.05955999,29.77260826,116.05955999,29.77260826,116.05955999,0.6033,0.00,0,417,split_learned_disk,13,1,-1,1598.23,910.22,910.22
697,3209.00,29.77260826,116.05955999,29.77260826,116.05955999,29.77260826,116.05955999,0.6033,0.00,0,417,split_learned_disk,13,1,-1,1671.75,1483.97,1483.97
698,3214.00,29.77260826,116.05955999,29.77260826,116.05955999,29.77260826,116.05955999,0.6033,0.00,0,417,split_learned_disk,13,1,-1,1745.65,1498.92,1498.92
699,3219.00,29.76187145,116.03614925,29.77260826,116.05955999,29.77260826,116.05955999,0.5100,2558.46,1,316,split_learned_disk,9,1,-1,1743.00,568.91,568.91
700,3225.00,29.74747239,116.06321748,29.77260826,116.05955999,29.77260826,116.05955999,0.4867,2820.36,1,194,split_learned_disk,8,1,2,1513.53,60.07,60.07
701,3230.00,29.78763581,116.03711350,29.77260826,116.05955999,29.77260826,116.05955999,0.6500,2739.12,1,526,split_learned_disk,15,1,-1,3876.79,987.22,987.22
702,3235.00,29.75414381,116.04825905,29.77260826,116.05955999,29.77260826,116.05955999,0.4867,2327.52,1,247,split_learned_disk,8,1,4,507.23,60.76,60.76
703,3240.00,29.79083202,116.04675790,29.77260826,116.05955999,29.77260826,116.05955999,0.5567,2376.08,1,561,split_learned_disk,11,1,-1,4113.15,265.02,265.02
704,3245.00,29.79083202,116.04675790,29.77260826,116.05955999,29.77260826,116.05955999,0.5567,2376.08,1,561,split_learned_disk,11,1,-1,4190.09,347.46,347.46
705,3250.00,29.74631349,116.04206199,29.77260826,116.05955999,29.77260826,116.05955999,0.5333,3380.36,1,184,split_learned_disk,10,1,9,1316.90,142.80,142.80
706,3255.00,29.74631349,116.04206199,29.77260826,116.05955999,29.77260826,116.05955999,0.5333,3380.36,1,184,split_learned_disk,10,1,6,1272.05,110.45,110.45
707,3260.00,29.74867883,116.04018997,29.77260826,116.05955999,29.77260826,116.05955999,0.5333,3255.63,1,198,split_learned_disk,10,1,-1,1328.96,343.05,343.05
708,3265.00,29.78384941,116.04234632,29.77260826,116.05955999,29.78384941,116.04234632,0.5100,2081.47,1,499,split_learned_disk,9,1,-1,3800.06,345.50,345.50
709,3271.00,29.73855366,116.04098648,29.78384941,116.04234632,29.78384941,116.04234632,0.5100,5044.03,1,109,split_learned_disk,9,1,3,1813.07,92.75,92.75
710,3276.00,29.73083065,116.03821906,29.78384941,116.04234632,29.78384941,116.04234632,0.5100,5915.51,1,47,split_learned_disk,9,1,3,2625.38,60.47,60.47
711,3282.00,29.73083065,116.03821906,29.78384941,116.04234632,29.78384941,116.04234632,0.5100,5915.51,1,47,split_learned_disk,9,1,5,2560.94,111.09,111.09
712,3287.00,29.73083065,116.03821906,29.78384941,116.04234632,29.78384941,116.04234632,0.5100,5915.51,1,47,split_learned_disk,9,1,4,2497.28,64.24,64.24
713,3293.00,29.73083065,116.03821906,29.78384941,116.04234632,29.78384941,116.04234632,0.5100,5915.51,1,47,split_learned_disk,9,1,4,2434.44,77.01,77.01
714,3299.00,29.74862518,116.06347709,29.78384941,116.04234632,29.78384941,116.04234632,0.5100,4420.91,1,209,split_learned_disk,9,1,-1,950.61,333.56,333.56
715,3304.00,29.75211112,116.06351417,29.78384941,116.04234632,29.78384941,116.04234632,0.4867,4082.46,1,239,split_learned_disk,8,1,-1,1120.21,773.46,773.46
716,3310.00,29.72701206,116.05155804,29.78384941,116.04234632,29.78384941,116.04234632,0.5333,6389.44,1,24,split_learned_disk,10,1,7,2116.49,102.39,102.39
717,3315.00,29.72491498,116.04288321,29.78384941,116.04234632,29.78384941,116.04234632,0.5800,6560.79,1,5,split_learned_disk,12,1,-1,2386.27,642.50,642.50
718,3321.00,29.72491498,116.04288321,29.78384941,116.04234632,29.72491498,116.04288321,0.5800,6560.79,1,5,split_learned_disk,12,1,-1,2313.72,150.88,150.88
719,3327.00,29.74792769,116.04802417,29.72491498,116.04288321,29.72491498,116.04288321,0.5800,2609.49,1,202,split_learned_disk,12,1,3,699.94,91.58,91.58
720,3333.00,29.74792769,116.04802417,29.72491498,116.04288321,29.72491498,116.04288321,0.5800,2609.49,1,202,split_learned_disk,12,1,-1,760.57,411.26,411.26
721,3339.00,29.73083065,116.03821906,29.72491498,116.04288321,29.72491498,116.04288321,0.5100,797.99,1,47,split_learned_disk,9,1,-1,1963.45,488.53,488.53
722,3344.00,29.74747239,116.06321748,29.72491498,116.04288321,29.72491498,116.04288321,0.4867,3188.45,1,194,split_learned_disk,8,1,-1,1097.32,935.84,935.84
723,3350.00,29.72491498,116.04288321,29.72491498,116.04288321,29.72491498,116.04288321,0.5800,0.00,0,5,split_learned_disk,12,1,-1,1957.23,213.18,213.18
724,3356.00,29.72619192,116.04736365,29.72491498,116.04288321,29.72491498,116.04288321,0.5333,455.67,1,6,split_learned_disk,10,1,-1,1805.39,731.27,731.27
725,3361.00,29.74048978,116.05194127,29.72491498,116.04288321,29.72491498,116.04288321,0.5567,1942.19,1,129,split_learned_disk,11,1,1,58.64,58.64,58.64
726,3367.00,29.74048978,116.05194127,29.72491498,116.04288321,29.72491498,116.04288321,0.5567,1942.19,1,129,split_learned_disk,11,1,1,103.63,103.63,103.63
727,3374.00,29.73762010,116.05548218,29.72491498,116.04288321,29.72491498,116.04288321,0.4867,1866.12,1,115,split_learned_disk,8,1,1,146.46,68.49,68.49
728,3380.00,29.73762010,116.05548218,29.72491498,116.04288321,29.72491498,116.04288321,0.4867,1866.12,1,115,split_learned_disk,8,1,1,147.88,71.49,71.49
729,3385.00,29.72719448,116.05446848,29.72491498,116.04288321,29.72491498,116.04288321,0.4867,1147.85,1,25,split_learned_disk,8,1,-1,1089.70,853.03,853.03
730,3390.00,29.73349033,116.04774688,29.72491498,116.04288321,29.72491498,116.04288321,0.5100,1064.02,1,81,split_learned_disk,9,1,-1,688.55,500.86,500.86
731,3396.00,29.73349033,116.04774688,29.72491498,116.04288321,29.72491498,116.04288321,0.5100,1064.02,1,81,split_learned_disk,9,1,-1,669.79,464.27,464.27
732,3401.00,29.77692045,116.06321748,29.72491498,116.04288321,29.72491498,116.04288321,0.4867,6113.59,1,449,split_learned_disk,8,1,-1,4845.77,1142.51,1142.51
733,3407.00,29.80794591,116.03341188,29.72491498,116.04288321,29.80794591,116.03341188,0.5100,9288.20,1,690,split_learned_disk,9,1,-1,8449.25,4654.98,4654.98
734,3411.00,29.80794591,116.03341188,29.80794591,116.03341188,29.80794591,116.03341188,0.5100,0.00,0,690,split_learned_disk,9,1,-1,8503.56,546.54,546.54
735,3453.00,29.73154959,116.03443091,29.80794591,116.03341188,29.80794591,116.03341188,0.5100,8505.01,1,46,split_learned_disk,9,1,-1,1889.93,187.04,187.04
736,3457.00,29.74181426,116.04707932,29.80794591,116.03341188,29.80794591,116.03341188,0.4867,7479.29,1,141,split_learned_disk,8,1,-1,1129.47,424.61,424.61
737,3460.00,29.74181426,116.04707932,29.80794591,116.03341188,29.80794591,116.03341188,0.4867,7479.29,1,141,split_learned_disk,8,1,-1,1079.86,364.74,364.74
738,3463.00,29.74862518,116.06347709,29.80794591,116.03341188,29.80794591,116.03341188,0.5100,7214.36,1,209,split_learned_disk,9,1,-1,1575.59,193.32,193.32
739,3466.00,29.72539786,116.05687207,29.80794591,116.03341188,29.80794591,116.03341188,0.5100,9464.73,1,11,split_learned_disk,9,1,2,1300.08,120.00,120.00
740,3469.00,29.75404113,116.05913967,29.80794591,116.03341188,29.80794591,116.03341188,0.5100,6495.26,1,267,split_learned_disk,9,1,4,2060.24,59.75,59.75
741,3472.00,29.73972791,116.05560580,29.80794591,116.03341188,29.80794591,116.03341188,0.5333,7891.03,1,130,split_learned_disk,10,1,4,161.01,69.89,69.89
742,3475.00,29.79421676,116.04092466,29.80794591,116.03341188,29.80794591,116.03341188,0.6033,1691.97,1,574,split_learned_disk,13,1,2,6191.32,81.71,81.71
743,3478.00,29.73972791,116.05560580,29.80794591,116.03341188,29.80794591,116.03341188,0.5333,7891.03,1,130,split_learned_disk,10,1,1,53.33,53.33,53.33
744,3480.00,29.74631349,116.04206199,29.80794591,116.03341188,29.74631349,116.04206199,0.5333,6911.65,1,184,split_learned_disk,10,1,-1,1437.61,905.26,905.26
745,3483.00,29.72539786,116.05687207,29.74631349,116.04206199,29.74631349,116.04206199,0.5100,2732.95,1,11,split_learned_disk,9,1,-1,1776.46,994.75,994.75
746,3486.00,29.72491498,116.04288321,29.74631349,116.04206199,29.74631349,116.04206199,0.5800,2383.40,1,5,split_learned_disk,12,1,-1,2126.27,930.74,930.74
747,3489.00,29.73742695,116.04746787,29.74631349,116.04206199,29.74631349,116.04206199,0.6267,1118.69,1,112,split_learned_disk,14,1,7,837.27,90.02,90.02
748,3492.00,29.73742695,116.04746787,29.74631349,116.04206199,29.74631349,116.04206199,0.6267,1118.69,1,112,split_learned_disk,14,1,2,888.30,51.51,51.51
749,3495.00,29.74792769,116.04802417,29.74631349,116.04206199,29.74631349,116.04206199,0.5800,603.48,1,202,split_learned_disk,12,1,6,825.39,118.64,118.64
750,3498.00,29.72701206,116.05155804,29.74631349,116.04206199,29.74631349,116.04206199,0.5333,2336.36,1,24,split_learned_disk,10,1,-1,1986.94,868.36,868.36
751,3501.00,29.72539786,116.05687207,29.74631349,116.04206199,29.74631349,116.04206199,0.5100,2732.95,1,11,split_learned_disk,9,1,5,2253.81,70.92,70.92
752,3504.00,29.72539786,116.05687207,29.74631349,116.04206199,29.74631349,116.04206199,0.5100,2732.95,1,11,split_learned_disk,9,1,-1,2331.57,165.68,165.68
753,3507.00,29.72539786,116.05687207,29.74631349,116.04206199,29.74631349,116.04206199,0.5100,2732.95,1,11,split_learned_disk,9,1,-1,2409.34,582.35,582.35
754,3510.00,29.78865521,116.04233395,29.74631349,116.04206199,29.78865521,116.04233395,0.5100,4713.55,1,529,split_learned_disk,9,1,-1,4687.44,277.39,277.39
755,3513.00,29.73035850,116.04489121,29.78865521,116.04233395,29.78865521,116.04233395,0.5333,6494.29,1,51,split_learned_disk,10,1,4,2137.47,64.73,64.73
756,3516.00,29.74922609,116.05629104,29.78865521,116.04233395,29.78865521,116.04233395,0.6033,4591.77,1,206,split_learned_disk,13,1,4,153.55,64.20,64.20
757,3519.00,29.74922609,116.05629104,29.78865521,116.04233395,29.78865521,116.04233395,0.6033,4591.77,1,206,split_learned_disk,13,1,4,195.88,88.78,88.78
758,3522.00,29.73083065,116.03821906,29.78865521,116.04233395,29.78865521,116.04233395,0.5100,6449.30,1,47,split_learned_disk,9,1,6,2755.22,51.65,51.65
759,3525.00,29.78865521,116.04233395,29.78865521,116.04233395,29.78865521,116.04233395,0.5100,0.00,0,529,split_learned_disk,9,1,4,4302.57,97.97,97.97
760,3528.00,29.72539786,116.05687207,29.78865521,116.04233395,29.78865521,116.04233395,0.5100,7180.56,1,11,split_learned_disk,9,1,3,2965.08,64.28,64.28
761,3531.00,29.78865521,116.04233395,29.78865521,116.04233395,29.78865521,116.04233395,0.5100,0.00,0,529,split_learned_disk,9,1,6,4153.70,64.66,64.66
762,3534.00,29.75346779,116.06034413,29.78865521,116.04233395,29.78865521,116.04233395,0.5100,4286.25,1,253,split_learned_disk,9,1,4,554.85,127.96,127.96
763,3537.00,29.73972791,116.05560580,29.78865521,116.04233395,29.78865521,116.04233395,0.5333,5595.53,1,130,split_learned_disk,10,1,9,1595.95,148.72,148.72
764,3540.00,29.79421676,116.04092466,29.78865521,116.04233395,29.78865521,116.04233395,0.6033,633.91,1,574,split_learned_disk,13,1,-1,4504.27,310.88,310.88
765,3543.00,29.78763581,116.03711350,29.78865521,116.04233395,29.78865521,116.04233395,0.6500,517.04,1,526,split_learned_disk,15,1,10,4081.89,63.83,63.83
766,3546.00,29.81218761,116.04535565,29.78865521,116.04233395,29.78865521,116.04233395,0.5333,2635.85,1,740,split_learned_disk,10,1,-1,6446.29,153.94,153.94
767,3549.00,29.77260826,116.05955999,29.78865521,116.04233395,29.78865521,116.04233395,0.6033,2441.64,1,417,split_learned_disk,13,1,-1,1914.07,1887.91,1887.91
768,3552.00,29.77260826,116.05955999,29.78865521,116.04233395,29.78865521,116.04233395,0.6033,2441.64,1,417,split_learned_disk,13,1,-1,1837.50,1604.95,1604.95
769,3555.00,29.77260826,116.05955999,29.78865521,116.04233395,29.78865521,116.04233395,0.6033,2441.64,1,417,split_learned_disk,13,1,-1,1761.06,1175.69,1175.69
770,3558.00,29.77260826,116.05955999,29.78865521,116.04233395,29.78865521,116.04233395,0.6033,2441.64,1,417,split_learned_disk,13,1,-1,1684.75,1142.94,1142.94
771,3561.00,29.77260826,116.05955999,29.78865521,116.04233395,29.77260826,116.05955999,0.6033,2441.64,1,417,split_learned_disk,13,1,-1,1608.59,1114.68,1114.68
772,3563.00,29.77260826,116.05955999,29.77260826,116.05955999,29.77260826,116.05955999,0.6033,0.00,0,417,split_learned_disk,13,1,-1,1532.61,1091.27,1091.27
773,3566.00,29.77268338,116.05664955,29.77260826,116.05955999,29.77260826,116.05955999,0.5100,281.35,1,416,split_learned_disk,9,1,-1,1411.22,1069.59,1069.59
774,3569.00,29.76089035,116.04360022,29.77260826,116.05955999,29.77260826,116.05955999,0.5100,2019.85,1,305,split_learned_disk,9,1,-1,1054.00,974.69,974.69
775,3572.00,29.77260826,116.05955999,29.77260826,116.05955999,29.77260826,116.05955999,0.6033,0.00,0,417,split_learned_disk,13,1,-1,1295.33,1048.78,1048.78
776,3575.00,29.77260826,116.05955999,29.77260826,116.05955999,29.77260826,116.05955999,0.6033,0.00,0,417,split_learned_disk,13,1,-1,1220.46,1179.01,1179.01
777,3578.00,29.77260826,116.05955999,29.77260826,116.05955999,29.77260826,116.05955999,0.6033,0.00,0,417,split_learned_disk,13,1,-1,1146.00,1101.75,1101.75
778,3581.00,29.77260826,116.05955999,29.77260826,116.05955999,29.77260826,116.05955999,0.6033,0.00,0,417,split_learned_disk,13,1,-1,1072.03,885.29,885.29
779,3584.00,29.77260826,116.05955999,29.77260826,116.05955999,29.77260826,116.05955999,0.6033,0.00,0,417,split_learned_disk,13,1,-1,998.66,814.25,814.25
780,3587.00,29.77260826,116.05955999,29.77260826,116.05955999,29.77260826,116.05955999,0.6033,0.00,0,417,split_learned_disk,13,1,-1,926.04,744.57,744.57
781,3590.00,29.77260826,116.05955999,29.77260826,116.05955999,29.77260826,116.05955999,0.6033,0.00,0,417,split_learned_disk,13,1,-1,844.20,667.19,667.19
782,3593.00,29.77260826,116.05955999,29.77260826,116.05955999,29.77260826,116.05955999,0.6033,0.00,0,417,split_learned_disk,13,1,-1,773.90,706.73,706.73
783,3596.00,29.77260826,116.05955999,29.77260826,116.05955999,29.77260826,116.05955999,0.6033,0.00,0,417,split_learned_disk,13,1,-1,705.21,630.77,630.77
784,3599.00,29.77260826,116.05955999,29.77260826,116.05955999,29.77260826,116.05955999,0.6033,0.00,0,417,split_learned_disk,13,1,-1,638.64,555.34,555.34
785,3602.00,29.77260826,116.05955999,29.77260826,116.05955999,29.77260826,116.05955999,0.6033,0.00,0,417,split_learned_disk,13,1,-1,574.93,433.22,433.22
786,3605.00,29.77260826,116.05955999,29.77260826,116.05955999,29.77260826,116.05955999,0.6033,0.00,0,417,split_learned_disk,13,1,-1,515.14,407.32,407.32
787,3608.00,29.77260826,116.05955999,29.77260826,116.05955999,29.77260826,116.05955999,0.6033,0.00,0,417,split_learned_disk,13,1,-1,460.80,335.97,335.97
788,3611.00,29.77260826,116.05955999,29.77260826,116.05955999,29.77260826,116.05955999,0.6033,0.00,0,417,split_learned_disk,13,1,-1,414.06,268.32,268.32
789,3615.00,29.77260826,116.05955999,29.77260826,116.05955999,29.77260826,116.05955999,0.6033,0.00,0,417,split_learned_disk,13,1,-1,373.62,200.34,200.34
790,3618.00,29.77260826,116.05955999,29.77260826,116.05955999,29.77260826,116.05955999,0.6033,0.00,0,417,split_learned_disk,13,1,-1,353.17,158.98,158.98
791,3621.00,29.77260826,116.05955999,29.77260826,116.05955999,29.77260826,116.05955999,0.6033,0.00,0,417,split_learned_disk,13,1,-1,349.30,150.19,150.19
792,3624.00,29.77260826,116.05955999,29.77260826,116.05955999,29.77260826,116.05955999,0.6033,0.00,0,417,split_learned_disk,13,1,-1,362.55,178.84,178.84
793,3628.00,29.77260826,116.05955999,29.77260826,116.05955999,29.77260826,116.05955999,0.6033,0.00,0,417,split_learned_disk,13,1,-1,391.17,231.42,231.42
794,3631.00,29.77260826,116.05955999,29.77260826,116.05955999,29.77260826,116.05955999,0.6033,0.00,0,417,split_learned_disk,13,1,-1,432.12,295.41,295.41
795,3634.00,29.77260826,116.05955999,29.77260826,116.05955999,29.77260826,116.05955999,0.6033,0.00,0,417,split_learned_disk,13,1,-1,482.27,199.60,199.60
796,3638.00,29.77260826,116.05955999,29.77260826,116.05955999,29.77260826,116.05955999,0.6033,0.00,0,417,split_learned_disk,13,1,-1,539.06,258.22,258.22
797,3641.00,29.77260826,116.05955999,29.77260826,116.05955999,29.77260826,116.05955999,0.6033,0.00,0,417,split_learned_disk,13,1,-1,609.71,334.98,334.98
798,3644.00,29.77260826,116.05955999,29.77260826,116.05955999,29.77260826,116.05955999,0.6033,0.00,0,417,split_learned_disk,13,1,-1,675.11,406.29,406.29
799,3647.00,29.76187145,116.03614925,29.77260826,116.05955999,29.77260826,116.05955999,0.5100,2558.46,1,316,split_learned_disk,9,1,-1,2621.53,479.66,479.66
800,3651.00,29.76154029,116.05528971,29.77260826,116.05955999,29.77260826,116.05955999,0.5333,1299.34,1,296,split_learned_disk,10,1,-1,2338.70,554.27,554.27
801,3654.00,29.76154029,116.05528971,29.77260826,116.05955999,29.77260826,116.05955999,0.5333,1299.34,1,296,split_learned_disk,10,1,-1,2416.47,328.76,328.76
802,3657.00,29.73083065,116.03821906,29.77260826,116.05955999,29.77260826,116.05955999,0.5100,5087.36,1,47,split_learned_disk,9,1,-1,5924.61,1814.98,1814.98
803,3660.00,29.77390666,116.06274772,29.77260826,116.05955999,29.77260826,116.05955999,0.5100,340.25,1,419,split_learned_disk,9,1,-1,1223.51,1223.51,1223.51
804,3663.00,29.73631709,116.04102356,29.77260826,116.05955999,29.77260826,116.05955999,0.5333,4419.18,1,94,split_learned_disk,10,1,-1,5392.86,1129.43,1129.43
805,3666.00,29.80451362,116.04313750,29.77260826,116.05955999,29.77260826,116.05955999,0.4867,3890.08,1,664,split_learned_disk,8,1,-1,2587.93,2587.93,2587.93
806,3669.00,29.77053265,116.03955418,29.77260826,116.05955999,29.77260826,116.05955999,0.4867,1946.87,1,392,split_learned_disk,8,1,-1,2173.14,959.65,959.65
807,3673.00,29.73855366,116.04098648,29.77260826,116.05955999,29.77260826,116.05955999,0.5100,4194.32,1,109,split_learned_disk,9,1,-1,5436.55,2282.94,2282.94
808,3676.00,29.73855366,116.04098648,29.77260826,116.05955999,29.73855366,116.04098648,0.5100,4194.32,1,109,split_learned_disk,9,1,-1,5512.41,4204.44,4204.44
809,3679.00,29.72539786,116.05687207,29.73855366,116.04098648,29.73855366,116.04098648,0.5100,2121.54,1,11,split_learned_disk,9,1,-1,6848.03,4083.44,4083.44
810,3682.00,29.72539786,116.05687207,29.73855366,116.04098648,29.73855366,116.04098648,0.5100,2121.54,1,11,split_learned_disk,9,1,-1,6925.94,1527.31,1527.31
811,3685.00,29.72752713,116.05813833,29.73855366,116.04098648,29.73855366,116.04098648,0.5567,2062.39,1,27,split_learned_disk,11,1,-1,6811.20,1251.36,1251.36
812,3689.00,29.72752713,116.05813833,29.73855366,116.04098648,29.73855366,116.04098648,0.5567,2062.39,1,27,split_learned_disk,11,1,-1,6889.02,1253.93,1253.93
813,3692.00,29.72491498,116.04288321,29.73855366,116.04098648,29.73855366,116.04098648,0.5800,1529.28,1,5,split_learned_disk,12,1,-1,7245.93,1262.75,1262.75
814,3695.00,29.73083065,116.03821906,29.73855366,116.04098648,29.73855366,116.04098648,0.5100,900.35,1,47,split_learned_disk,9,1,-1,6849.22,4296.83,4296.83
815,3698.00,29.73083065,116.03821906,29.73855366,116.04098648,29.73855366,116.04098648,0.5100,900.35,1,47,split_learned_disk,9,1,-1,6924.87,166.45,166.45
816,3702.00,29.79369097,116.05616742,29.73855366,116.04098648,29.73855366,116.04098648,0.5567,6310.74,1,581,split_learned_disk,11,1,4,246.77,51.45,51.45
817,3705.00,29.79421676,116.04092466,29.73855366,116.04098648,29.73855366,116.04098648,0.6033,6196.42,1,574,split_learned_disk,13,1,-1,1257.01,368.41,368.41
818,3708.00,29.79421676,116.04092466,29.73855366,116.04098648,29.79421676,116.04092466,0.6033,6196.42,1,574,split_learned_disk,13,1,-1,1252.04,453.23,453.23
819,3711.00,29.78865521,116.04233395,29.79421676,116.04092466,29.79421676,116.04092466,0.5100,633.91,1,529,split_learned_disk,9,1,-1,1404.07,254.04,254.04
820,3714.00,29.72752713,116.05813833,29.79421676,116.04092466,29.79421676,116.04092466,0.5567,7607.94,1,27,split_learned_disk,11,1,-1,7522.80,1254.26,1254.26
821,3717.00,29.72752713,116.05813833,29.79421676,116.04092466,29.79421676,116.04092466,0.5567,7607.94,1,27,split_learned_disk,11,1,-1,7611.76,1251.37,1251.37
822,3720.00,29.72752713,116.05813833,29.79421676,116.04092466,29.79421676,116.04092466,0.5567,7607.94,1,27,split_learned_disk,11,1,-1,7689.60,1254.02,1254.02
823,3724.00,29.75164971,116.05241103,29.79421676,116.04092466,29.79421676,116.04092466,0.5800,4866.81,1,234,split_learned_disk,12,1,-1,4965.98,1261.50,1261.50
824,3727.00,29.73843563,116.03541988,29.79421676,116.04092466,29.79421676,116.04092466,0.5100,6232.30,1,106,split_learned_disk,9,1,4,6890.90,63.62,63.62
825,3730.00,29.79270987,116.03925748,29.79421676,116.04092466,29.79421676,116.04092466,0.5100,232.57,1,557,split_learned_disk,9,1,9,1799.69,98.91,98.91
826,3733.00,29.81678952,116.05555635,29.79421676,116.04092466,29.79421676,116.04092466,0.5567,2883.24,1,775,split_learned_disk,11,1,-1,2007.27,212.90,212.90
827,3736.00,29.79270987,116.03925748,29.79421676,116.04092466,29.79421676,116.04092466,0.5100,232.57,1,557,split_learned_disk,9,1,2,1867.13,87.88,87.88
828,3740.00,29.80085599,116.03377039,29.79421676,116.04092466,29.80085599,116.03377039,0.5333,1011.99,1,630,split_learned_disk,10,1,-1,2051.74,153.83,153.83
829,3743.00,29.79270987,116.03925748,29.80085599,116.03377039,29.80085599,116.03377039,0.5100,1050.45,1,557,split_learned_disk,9,1,-1,1950.65,153.49,153.49
830,3746.00,29.79270987,116.03925748,29.80085599,116.03377039,29.80085599,116.03377039,0.5100,1050.45,1,557,split_learned_disk,9,1,6,1993.22,98.27,98.27
831,3749.00,29.79270987,116.03925748,29.80085599,116.03377039,29.80085599,116.03377039,0.5100,1050.45,1,557,split_learned_disk,9,1,7,2037.88,51.69,51.69
832,3753.00,29.79270987,116.03925748,29.80085599,116.03377039,29.80085599,116.03377039,0.5100,1050.45,1,557,split_learned_disk,9,1,9,2084.50,88.50,88.50
833,3756.00,29.79270987,116.03925748,29.80085599,116.03377039,29.80085599,116.03377039,0.5100,1050.45,1,557,split_learned_disk,9,1,-1,2132.95,158.54,158.54
834,3759.00,29.75612286,116.04371148,29.80085599,116.03377039,29.80085599,116.03377039,0.4867,5071.49,1,260,split_learned_disk,8,1,-1,5528.80,1115.26,1115.26
835,3762.00,29.77168082,116.06038121,29.80085599,116.03377039,29.80085599,116.03377039,0.5567,4142.44,1,403,split_learned_disk,11,1,-1,3746.23,1091.74,1091.74
836,3765.00,29.74959555,116.03918863,29.80085599,116.03377039,29.80085599,116.03377039,0.4867,5730.28,1,213,split_learned_disk,8,1,-1,6362.64,211.44,211.44
837,3767.00,29.80476043,116.04879063,29.80085599,116.03377039,29.80085599,116.03377039,0.5100,1515.05,1,667,split_learned_disk,9,1,9,706.19,137.16,137.16
838,3771.00,29.80770984,116.04632523,29.80085599,116.03377039,29.80770984,116.04632523,0.4867,1433.12,1,696,split_learned_disk,8,1,8,852.78,71.16,71.16
839,3774.00,29.80770984,116.04632523,29.80770984,116.04632523,29.80770984,116.04632523,0.4867,0.00,0,696,split_learned_disk,8,1,-1,851.84,151.38,151.38
840,3777.00,29.80770984,116.04632523,29.80770984,116.04632523,29.80770984,116.04632523,0.4867,0.00,0,696,split_learned_disk,8,1,-1,858.01,858.01,858.01
841,3780.00,29.81646299,116.04109241,29.80770984,116.04632523,29.80770984,116.04632523,0.4867,1097.78,1,753,split_learned_disk,8,1,10,1576.47,53.64,53.64
842,3783.00,29.75247596,116.03687158,29.80770984,116.04632523,29.80770984,116.04632523,0.5100,6216.12,1,227,split_learned_disk,9,1,-1,6670.09,1083.62,1083.62
843,3786.00,29.80770984,116.04632523,29.80770984,116.04632523,29.80770984,116.04632523,0.4867,0.00,0,696,split_learned_disk,8,1,-1,916.87,916.87,916.87
844,3789.00,29.74959555,116.03918863,29.80770984,116.04632523,29.80770984,116.04632523,0.4867,6505.93,1,213,split_learned_disk,8,1,-1,6981.93,623.00,623.00
845,3793.00,29.74959555,116.03918863,29.80770984,116.04632523,29.80770984,116.04632523,0.4867,6505.93,1,213,split_learned_disk,8,1,-1,7058.17,546.06,546.06
846,3839.00,29.80476043,116.04879063,29.80770984,116.04632523,29.80770984,116.04632523,0.5100,405.65,1,667,split_learned_disk,9,1,-1,1231.49,697.64,697.64
847,3844.00,29.80812833,116.04526912,29.80770984,116.04632523,29.80770984,116.04632523,0.4633,112.18,1,695,split_learned_disk,7,1,-1,1309.52,762.43,762.43
848,3849.00,29.75247596,116.03687158,29.80770984,116.04632523,29.80770984,116.04632523,0.5100,6216.12,1,227,split_learned_disk,9,1,-1,6784.80,276.65,276.65
849,3855.00,29.76001656,116.06065318,29.80770984,116.04632523,29.80770984,116.04632523,0.5100,5486.76,1,298,split_learned_disk,9,1,-1,5662.47,249.94,249.94
850,3860.00,29.81646299,116.04109241,29.80770984,116.04632523,29.80770984,116.04632523,0.4867,1097.78,1,753,split_learned_disk,8,1,-1,1759.94,179.03,179.03
851,3866.00,29.81678952,116.05555635,29.80770984,116.04632523,29.80770984,116.04632523,0.5567,1348.05,1,775,split_learned_disk,11,1,-1,937.03,266.02,266.02
852,3871.00,29.81678952,116.05555635,29.80770984,116.04632523,29.80770984,116.04632523,0.5567,1348.05,1,775,split_learned_disk,11,1,-1,1012.46,305.17,305.17
853,3876.00,29.81573331,116.03875063,29.80770984,116.04632523,29.81573331,116.03875063,0.5100,1154.75,1,752,split_learned_disk,9,1,8,2035.40,75.08,75.08
854,3882.00,29.81695048,116.04355077,29.81573331,116.03875063,29.81573331,116.03875063,0.5100,483.21,1,770,split_learned_disk,9,1,5,1686.66,76.13,76.13
855,3887.00,29.80476043,116.04879063,29.81573331,116.03875063,29.81573331,116.03875063,0.5100,1559.88,1,667,split_learned_disk,9,1,-1,862.08,862.08,862.08
856,3892.00,29.73580202,116.03854580,29.81573331,116.03875063,29.81573331,116.03875063,0.5333,8897.97,1,93,split_learned_disk,10,1,-1,7868.50,308.54,308.54
857,3898.00,29.80476043,116.04879063,29.81573331,116.03875063,29.81573331,116.03875063,0.5100,1559.88,1,667,split_learned_disk,9,1,-1,844.78,385.81,385.81
858,3903.00,29.79083202,116.04675790,29.81573331,116.03875063,29.81573331,116.03875063,0.5567,2877.97,1,561,split_learned_disk,11,1,-1,1698.16,341.78,341.78
859,3908.00,29.81415592,116.05223796,29.81573331,116.03875063,29.81573331,116.03875063,0.5100,1315.02,1,759,split_learned_disk,9,1,7,1410.95,75.52,75.52
860,3913.00,29.79270987,116.03925748,29.81573331,116.03875063,29.81573331,116.03875063,0.5100,2563.44,1,557,split_learned_disk,9,1,5,2191.37,47.74,47.74
861,3919.00,29.80523257,116.05624160,29.81573331,116.03875063,29.81573331,116.03875063,0.6267,2054.96,1,671,split_learned_disk,14,1,5,298.27,104.88,104.88
862,3924.00,29.80085599,116.03377039,29.81573331,116.03875063,29.81573331,116.03875063,0.5333,1724.64,1,630,split_learned_disk,10,1,4,2244.67,47.41,47.41
863,3930.00,29.81678952,116.05555635,29.81573331,116.03875063,29.81678952,116.05555635,0.5567,1628.14,1,775,split_learned_disk,11,1,3,1877.89,76.30,76.30
864,3935.00,29.81678952,116.05555635,29.81678952,116.05555635,29.81678952,116.05555635,0.5567,0.00,0,775,split_learned_disk,11,1,4,1955.18,74.92,74.92
865,3940.00,29.75247596,116.03687158,29.81678952,116.05555635,29.81678952,116.05555635,0.5100,7383.53,1,227,split_learned_disk,9,1,-1,5500.76,1607.75,1607.75
866,3946.00,29.72752713,116.05813833,29.81678952,116.05555635,29.81678952,116.05555635,0.5567,9939.82,1,27,split_learned_disk,11,1,-1,7905.86,262.66,262.66
867,3951.00,29.81134600,116.06292079,29.81678952,116.05555635,29.81678952,116.05555635,0.5333,934.66,1,734,split_learned_disk,10,1,-1,1668.72,376.24,376.24
868,3956.00,29.81134600,116.06292079,29.81678952,116.05555635,29.81678952,116.05555635,0.5333,934.66,1,734,split_learned_disk,10,1,-1,1742.40,453.71,453.71
869,3961.00,29.72752713,116.05813833,29.81678952,116.05555635,29.81678952,116.05555635,0.5567,9939.82,1,27,split_learned_disk,11,1,10,7672.14,83.48,83.48
870,3966.00,29.72752713,116.05813833,29.81678952,116.05555635,29.81678952,116.05555635,0.5567,9939.82,1,27,split_learned_disk,11,1,-1,7583.10,1642.46,1642.46
871,3971.00,29.79369097,116.05616742,29.81678952,116.05555635,29.81678952,116.05555635,0.5567,2572.01,1,581,split_learned_disk,11,1,1,112.78,112.78,112.78
872,3977.00,29.79369097,116.05616742,29.81678952,116.05555635,29.81678952,116.05555635,0.5567,2572.01,1,581,split_learned_disk,11,1,1,51.47,51.47,51.47
873,3982.00,29.79421676,116.04092466,29.81678952,116.05555635,29.81678952,116.05555635,0.6033,2883.24,1,574,split_learned_disk,13,1,-1,1445.56,163.94,163.94
874,3987.00,29.79421676,116.04092466,29.81678952,116.05555635,29.79421676,116.04092466,0.6033,2883.24,1,574,split_learned_disk,13,1,-1,1450.47,1450.47,1450.47
875,3991.00,29.72491498,116.04288321,29.79421676,116.04092466,29.79421676,116.04092466,0.5800,7717.00,1,5,split_learned_disk,12,1,-1,7495.94,4805.05,4805.05
876,3997.00,29.79421676,116.04092466,29.79421676,116.04092466,29.79421676,116.04092466,0.6033,0.00,0,574,split_learned_disk,13,1,-1,1472.66,1472.66,1472.66
877,4002.00,29.79421676,116.04092466,29.79421676,116.04092466,29.79421676,116.04092466,0.6033,0.00,0,574,split_learned_disk,13,1,-1,1489.76,1330.54,1330.54
878,4007.00,29.80210536,116.03795242,29.79421676,116.04092466,29.79421676,116.04092466,0.5100,923.93,1,648,split_learned_disk,9,1,-1,2194.54,1253.81,1253.81
879,4013.00,29.79270987,116.03925748,29.79421676,116.04092466,29.79421676,116.04092466,0.5100,232.57,1,557,split_learned_disk,9,1,-1,1874.07,1874.07,1874.07
880,4018.00,29.73084138,116.04446557,29.79421676,116.04092466,29.79421676,116.04092466,0.5100,7063.24,1,50,split_learned_disk,9,1,-1,6511.20,2431.65,2431.65
881,4024.00,29.73631709,116.04102356,29.79421676,116.04092466,29.79421676,116.04092466,0.5333,6445.40,1,94,split_learned_disk,10,1,-1,5893.02,2374.84,2374.84
882,4029.00,29.77053265,116.03955418,29.79421676,116.04092466,29.79421676,116.04092466,0.4867,2639.84,1,392,split_learned_disk,8,1,-1,2465.11,2182.84,2182.84
883,4034.00,29.72671160,116.06055428,29.79421676,116.04092466,29.79421676,116.04092466,0.5100,7750.36,1,28,split_learned_disk,9,1,-1,6566.99,2696.07,2696.07
884,4039.00,29.73580202,116.03854580,29.79421676,116.04092466,29.79421676,116.04092466,0.5333,6506.79,1,93,split_learned_disk,10,1,-1,5720.93,2098.08,2098.08
885,4044.00,29.80451362,116.04313750,29.79421676,116.04092466,29.79421676,116.04092466,0.4867,1166.02,1,664,split_learned_disk,8,1,-1,2630.64,1002.51,1002.51
886,4050.00,29.77390666,116.06274772,29.79421676,116.04092466,29.79421676,116.04092466,0.5100,3091.66,1,419,split_learned_disk,9,1,-1,1243.39,1243.39,1243.39
887,4055.00,29.77390666,116.06274772,29.79421676,116.04092466,29.77390666,116.06274772,0.5100,3091.66,1,419,split_learned_disk,9,1,-1,1174.19,392.02,392.02
888,4060.00,29.77254388,116.04934692,29.77390666,116.06274772,29.77390666,116.06274772,0.5333,1303.74,1,412,split_learned_disk,10,1,-1,1276.12,757.92,757.92
889,4066.00,29.77260826,116.05955999,29.77390666,116.06274772,29.77390666,116.06274772,0.6033,340.25,1,417,split_learned_disk,13,1,-1,892.32,596.19,596.19
890,4071.00,29.77260826,116.05955999,29.77390666,116.06274772,29.77390666,116.06274772,0.6033,340.25,1,417,split_learned_disk,13,1,-1,815.70,535.64,535.64
891,4076.00,29.77260826,116.05955999,29.77390666,116.06274772,29.77390666,116.06274772,0.6033,340.25,1,417,split_learned_disk,13,1,-1,739.35,480.13,480.13
892,4082.00,29.77260826,116.05955999,29.77390666,116.06274772,29.77390666,116.06274772,0.6033,340.25,1,417,split_learned_disk,13,1,-1,663.37,431.60,431.60
893,4087.00,29.77260826,116.05955999,29.77390666,116.06274772,29.77390666,116.06274772,0.6033,340.25,1,417,split_learned_disk,13,1,-1,587.90,392.66,392.66
894,4093.00,29.77260826,116.05955999,29.77390666,116.06274772,29.77390666,116.06274772,0.6033,340.25,1,417,split_learned_disk,13,1,-1,502.56,281.49,281.49
895,4098.00,29.77260826,116.05955999,29.77390666,116.06274772,29.77390666,116.06274772,0.6033,340.25,1,417,split_learned_disk,13,1,-1,429.13,204.93,204.93
896,4104.00,29.77260826,116.05955999,29.77390666,116.06274772,29.77390666,116.06274772,0.6033,340.25,1,417,split_learned_disk,13,1,-1,357.61,197.61,197.61
897,4109.00,29.77260826,116.05955999,29.77390666,116.06274772,29.77260826,116.05955999,0.6033,340.25,1,417,split_learned_disk,13,1,-1,289.41,161.54,161.54
898,4114.00,29.77260826,116.05955999,29.77260826,116.05955999,29.77260826,116.05955999,0.6033,0.00,0,417,split_learned_disk,13,1,6,227.55,55.95,55.95
899,4119.00,29.77260826,116.05955999,29.77260826,116.05955999,29.77260826,116.05955999,0.6033,0.00,0,417,split_learned_disk,13,1,2,178.73,98.94,98.94
900,4124.00,29.77260826,116.05955999,29.77260826,116.05955999,29.77260826,116.05955999,0.6033,0.00,0,417,split_learned_disk,13,1,2,155.73,45.81,45.81
901,4129.00,29.77260826,116.05955999,29.77260826,116.05955999,29.77260826,116.05955999,0.6033,0.00,0,417,split_learned_disk,13,1,2,169.43,80.94,80.94
902,4135.00,29.77260826,116.05955999,29.77260826,116.05955999,29.77260826,116.05955999,0.6033,0.00,0,417,split_learned_disk,13,1,-1,220.60,161.34,161.34
903,4140.00,29.77260826,116.05955999,29.77260826,116.05955999,29.77260826,116.05955999,0.6033,0.00,0,417,split_learned_disk,13,1,-1,281.32,159.17,159.17
904,4146.00,29.77260826,116.05955999,29.77260826,116.05955999,29.77260826,116.05955999,0.6033,0.00,0,417,split_learned_disk,13,1,-1,348.94,191.80,191.80
905,4151.00,29.77260826,116.05955999,29.77260826,116.05955999,29.77260826,116.05955999,0.6033,0.00,0,417,split_learned_disk,13,1,-1,420.15,195.52,195.52
906,4156.00,29.77260826,116.05955999,29.77260826,116.05955999,29.77260826,116.05955999,0.6033,0.00,0,417,split_learned_disk,13,1,-1,493.39,310.04,310.04
907,4161.00,29.77260826,116.05955999,29.77260826,116.05955999,29.77260826,116.05955999,0.6033,0.00,0,417,split_learned_disk,13,1,-1,567.88,379.48,379.48
908,4166.00,29.77260826,116.05955999,29.77260826,116.05955999,29.77260826,116.05955999,0.6033,0.00,0,417,split_learned_disk,13,1,-1,643.19,451.70,451.70
909,4171.00,29.77260826,116.05955999,29.77260826,116.05955999,29.77260826,116.05955999,0.6033,0.00,0,417,split_learned_disk,13,1,-1,729.92,536.20,536.20
910,4176.00,29.77260826,116.05955999,29.77260826,116.05955999,29.77260826,116.05955999,0.6033,0.00,0,417,split_learned_disk,13,1,-1,806.23,611.20,611.20
911,4181.00,29.77260826,116.05955999,29.77260826,116.05955999,29.77260826,116.05955999,0.6033,0.00,0,417,split_learned_disk,13,1,-1,882.82,870.18,870.18
912,4186.00,29.77260826,116.05955999,29.77260826,116.05955999,29.77260826,116.05955999,0.6033,0.00,0,417,split_learned_disk,13,1,-1,959.63,762.95,762.95
913,4191.00,29.77260826,116.05955999,29.77260826,116.05955999,29.77260826,116.05955999,0.6033,0.00,0,417,split_learned_disk,13,1,-1,1036.60,1025.86,1025.86
914,4197.00,29.77260826,116.05955999,29.77260826,116.05955999,29.77260826,116.05955999,0.6033,0.00,0,417,split_learned_disk,13,1,-1,1113.70,1103.71,1103.71
915,4203.00,29.77260826,116.05955999,29.77260826,116.05955999,29.77260826,116.05955999,0.6033,0.00,0,417,split_learned_disk,13,1,-1,1190.91,1181.58,1181.58
916,4208.00,29.77260826,116.05955999,29.77260826,116.05955999,29.77260826,116.05955999,0.6033,0.00,0,417,split_learned_disk,13,1,-1,1268.21,1070.00,1070.00
917,4213.00,29.77260826,116.05955999,29.77260826,116.05955999,29.77260826,116.05955999,0.6033,0.00,0,417,split_learned_disk,13,1,-1,1345.58,1252.09,1252.09
918,4218.00,29.77268338,116.05664955,29.77260826,116.05955999,29.77260826,116.05955999,0.5100,281.35,1,416,split_learned_disk,9,1,-1,1426.34,1264.90,1264.90
919,4223.00,29.76187145,116.03614925,29.77260826,116.05955999,29.77260826,116.05955999,0.5100,2558.46,1,316,split_learned_disk,9,1,-1,2067.03,1049.06,1049.06
920,4229.00,29.76154029,116.05528971,29.77260826,116.05955999,29.77260826,116.05955999,0.5333,1299.34,1,296,split_learned_disk,10,1,1,48.30,48.30,48.30
921,4234.00,29.77260826,116.05955999,29.77260826,116.05955999,29.77260826,116.05955999,0.6033,0.00,0,417,split_learned_disk,13,1,-1,1666.67,1460.09,1460.09
922,4240.00,29.77168082,116.06038121,29.77260826,116.05955999,29.77260826,116.05955999,0.5567,130.22,1,403,split_learned_disk,11,1,-1,1577.88,1355.65,1355.65
923,4245.00,29.77260826,116.05955999,29.77260826,116.05955999,29.77260826,116.05955999,0.6033,0.00,0,417,split_learned_disk,13,1,-1,1821.90,1258.25,1258.25
924,4250.00,29.79900572,116.04937697,29.77260826,116.05955999,29.77260826,116.05955999,0.5333,3098.92,1,623,split_learned_disk,10,1,-1,4737.24,266.92,266.92
925,4256.00,29.75404113,116.05913967,29.77260826,116.05955999,29.77260826,116.05955999,0.5100,2067.29,1,267,split_learned_disk,9,1,-1,156.40,156.40,156.40
926,4262.00,29.79421676,116.04092466,29.77260826,116.05955999,29.77260826,116.05955999,0.6033,3004.78,1,574,split_learned_disk,13,1,7,4498.43,146.78,146.78
927,4266.00,29.75346779,116.06034413,29.77260826,116.05955999,29.77260826,116.05955999,0.5100,2132.06,1,253,split_learned_disk,9,1,-1,360.74,167.27,167.27
928,4271.00,29.72491498,116.04288321,29.77260826,116.05955999,29.77260826,116.05955999,0.5800,5548.38,1,5,split_learned_disk,12,1,-1,3418.61,156.21,156.21
929,4277.00,29.75072688,116.05500538,29.77260826,116.05955999,29.77260826,116.05955999,0.4867,2475.27,1,236,split_learned_disk,8,1,1,115.07,103.99,103.99
930,4283.00,29.75072688,116.05500538,29.77260826,116.05955999,29.77260826,116.05955999,0.4867,2475.27,1,236,split_learned_disk,8,1,1,52.75,52.75,52.75
931,4288.00,29.79205992,116.05112004,29.77260826,116.05955999,29.77260826,116.05955999,0.5100,2313.84,1,578,split_learned_disk,9,1,2,4694.25,66.85,66.85
932,4293.00,29.74867883,116.04018997,29.77260826,116.05955999,29.77260826,116.05955999,0.5333,3255.63,1,198,split_learned_disk,10,1,5,1667.00,135.27,135.27
933,4299.00,29.74867883,116.04018997,29.77260826,116.05955999,29.74867883,116.04018997,0.5333,3255.63,1,198,split_learned_disk,10,1,-1,1654.79,480.89,480.89
934,4304.00,29.73631709,116.04102356,29.74867883,116.04018997,29.74867883,116.04018997,0.5333,1378.46,1,94,split_learned_disk,10,1,-1,2086.36,262.30,262.30
935,4311.00,29.72491498,116.04288321,29.74867883,116.04018997,29.74867883,116.04018997,0.5800,2658.16,1,5,split_learned_disk,12,1,-1,2907.27,157.78,157.78
936,4316.00,29.73083065,116.03821906,29.74867883,116.04018997,29.74867883,116.04018997,0.5100,1995.97,1,47,split_learned_disk,9,1,-1,2683.84,163.40,163.40
937,4322.00,29.73083065,116.03821906,29.74867883,116.04018997,29.74867883,116.04018997,0.5100,1995.97,1,47,split_learned_disk,9,1,5,2627.79,84.31,84.31
938,4327.00,29.74862518,116.06347709,29.74867883,116.04018997,29.74867883,116.04018997,0.5100,2250.18,1,209,split_learned_disk,9,1,-1,592.49,490.18,490.18
939,4332.00,29.73083065,116.03821906,29.74867883,116.04018997,29.74867883,116.04018997,0.5100,1995.97,1,47,split_learned_disk,9,1,-1,2519.17,324.00,324.00
940,4337.00,29.75072688,116.05500538,29.74867883,116.04018997,29.74867883,116.04018997,0.4867,1449.61,1,236,split_learned_disk,8,1,-1,763.53,357.39,357.39
941,4343.00,29.74309582,116.05838558,29.74867883,116.04018997,29.74867883,116.04018997,0.4867,1864.81,1,162,split_learned_disk,8,1,3,215.08,67.97,67.97
942,4349.00,29.73742695,116.04746787,29.74867883,116.04018997,29.74867883,116.04018997,0.6267,1436.47,1,112,split_learned_disk,14,1,2,1078.58,83.68,83.68
943,4355.00,29.74630276,116.04762858,29.74867883,116.04018997,29.74630276,116.04762858,0.4867,765.90,1,187,split_learned_disk,8,1,2,937.62,45.18,45.18
944,4361.00,29.73035850,116.04489121,29.74630276,116.04762858,29.74630276,116.04762858,0.5333,1794.52,1,51,split_learned_disk,10,1,2,1679.37,96.05,96.05
945,4366.00,29.73878973,116.05537624,29.74630276,116.04762858,29.74630276,116.04762858,0.5333,1122.47,1,116,split_learned_disk,10,1,-1,439.29,159.73,159.73
946,4372.00,29.73972791,116.05560580,29.74630276,116.04762858,29.74630276,116.04762858,0.5333,1062.95,1,130,split_learned_disk,10,1,-1,291.80,160.68,160.68
947,4377.00,29.73972791,116.05560580,29.74630276,116.04762858,29.74630276,116.04762858,0.5333,1062.95,1,130,split_learned_disk,10,1,5,257.73,92.62,92.62
948,4383.00,29.74631349,116.04206199,29.74630276,116.04762858,29.74630276,116.04762858,0.5333,537.89,1,184,split_learned_disk,10,1,3,1649.77,44.73,44.73
949,4388.00,29.74631349,116.04206199,29.74630276,116.04762858,29.74630276,116.04762858,0.5333,537.89,1,184,split_learned_disk,10,1,7,1694.57,96.71,96.71
950,4393.00,29.73865024,116.05342473,29.74630276,116.04762858,29.74630276,116.04762858,0.4633,1019.50,1,114,split_learned_disk,7,1,-1,446.09,446.09,446.09
951,4399.00,29.74867883,116.04018997,29.74630276,116.04762858,29.74630276,116.04762858,0.5333,765.90,1,198,split_learned_disk,10,1,-1,2060.70,164.51,164.51
952,4404.00,29.75072688,116.05500538,29.74630276,116.04762858,29.74630276,116.04762858,0.4867,866.39,1,236,split_learned_disk,8,1,-1,1720.16,1720.16,1720.16
953,4410.00,29.75072688,116.05500538,29.74630276,116.04762858,29.75072688,116.05500538,0.4867,866.39,1,236,split_learned_disk,8,1,-1,1798.06,314.40,314.40
954,4416.00,29.73762010,116.05548218,29.75072688,116.05500538,29.75072688,116.05500538,0.4867,1459.77,1,115,split_learned_disk,8,1,-1,368.37,368.37,368.37
955,4422.00,29.75346779,116.06034413,29.75072688,116.05500538,29.75072688,116.05500538,0.5100,599.35,1,253,split_learned_disk,9,1,-1,2182.48,1064.11,1064.11
956,4426.00,29.75346779,116.06034413,29.75072688,116.05500538,29.75072688,116.05500538,0.5100,599.35,1,253,split_learned_disk,9,1,-1,2248.41,1460.11,1460.11
957,4469.00,29.73850001,116.06310622,29.75072688,116.05500538,29.75072688,116.05500538,0.5333,1570.13,1,119,split_learned_disk,10,1,4,498.25,69.08,69.08
958,4472.00,29.74867883,116.04018997,29.75072688,116.05500538,29.75072688,116.05500538,0.5333,1449.61,1,198,split_learned_disk,10,1,-1,2349.88,588.82,588.82
959,4475.00,29.73972791,116.05560580,29.75072688,116.05500538,29.75072688,116.05500538,0.5333,1225.78,1,130,split_learned_disk,10,1,-1,583.96,420.45,420.45
960,4478.00,29.78432156,116.03433905,29.75072688,116.05500538,29.75072688,116.05500538,0.5333,4239.52,1,495,split_learned_disk,10,1,-1,5841.48,610.54,610.54
961,4481.00,29.73338914,116.06025759,29.75072688,116.05500538,29.75072688,116.05500538,0.5333,1995.65,1,73,split_learned_disk,10,1,-1,592.10,164.98,164.98
962,4484.00,29.73338914,116.06025759,29.75072688,116.05500538,29.75072688,116.05500538,0.5333,1995.65,1,73,split_learned_disk,10,1,9,678.20,146.45,146.45
963,4487.00,29.74792769,116.04802417,29.75072688,116.05500538,29.74792769,116.04802417,0.5800,743.07,1,202,split_learned_disk,12,1,9,1486.03,73.97,73.97
964,4490.00,29.73850001,116.06310622,29.74792769,116.04802417,29.74792769,116.04802417,0.5333,1795.90,1,119,split_learned_disk,10,1,-1,420.83,420.83,420.83
965,4493.00,29.73972791,116.05560580,29.74792769,116.04802417,29.74792769,116.04802417,0.5333,1170.43,1,130,split_learned_disk,10,1,-1,447.49,447.49,447.49
966,4496.00,29.73338914,116.06025759,29.74792769,116.04802417,29.74792769,116.04802417,0.5333,2004.16,1,73,split_learned_disk,10,1,-1,983.68,400.15,400.15
967,4499.00,29.73972791,116.05560580,29.74792769,116.04802417,29.74792769,116.04802417,0.5333,1170.43,1,130,split_learned_disk,10,1,-1,503.30,222.14,222.14
968,4503.00,29.73972791,116.05560580,29.74792769,116.04802417,29.74792769,116.04802417,0.5333,1170.43,1,130,split_learned_disk,10,1,-1,545.94,403.62,403.62
969,4506.00,29.73878973,116.05537624,29.74792769,116.04802417,29.74792769,116.04802417,0.5333,1240.75,1,116,split_learned_disk,10,1,-1,649.15,207.48,207.48
970,4509.00,29.74792769,116.04802417,29.74792769,116.04802417,29.74792769,116.04802417,0.5800,0.00,0,202,split_learned_disk,12,1,4,1155.06,100.46,100.46
971,4512.00,29.74483879,116.05917676,29.74792769,116.04802417,29.74792769,116.04802417,0.4867,1131.17,1,177,split_learned_disk,8,1,1,47.71,47.71,47.71
972,4515.00,29.72539786,116.05687207,29.74792769,116.04802417,29.74792769,116.04802417,0.5100,2649.74,1,11,split_learned_disk,9,1,-1,2261.45,386.72,386.72
973,4518.00,29.72539786,116.05687207,29.74792769,116.04802417,29.74792769,116.04802417,0.5100,2649.74,1,11,split_learned_disk,9,1,-1,2338.95,317.66,317.66
974,4521.00,29.72539786,116.05687207,29.74792769,116.04802417,29.74792769,116.04802417,0.5100,2649.74,1,11,split_learned_disk,9,1,-1,2416.49,198.89,198.89
975,4524.00,29.73083065,116.03821906,29.74792769,116.04802417,29.74792769,116.04802417,0.5100,2126.02,1,47,split_learned_disk,9,1,5,2774.41,123.29,123.29
976,4527.00,29.73580202,116.03854580,29.74792769,116.04802417,29.74792769,116.04802417,0.5333,1631.21,1,93,split_learned_disk,10,1,5,2286.70,54.65,54.65
977,4530.00,29.73580202,116.03854580,29.74792769,116.04802417,29.74792769,116.04802417,0.5333,1631.21,1,93,split_learned_disk,10,1,4,2333.90,54.02,54.02
978,4533.00,29.75164971,116.05241103,29.74792769,116.04802417,29.74792769,116.04802417,0.5800,592.75,1,234,split_learned_disk,12,1,-1,693.61,595.25,595.25
979,4536.00,29.72539786,116.05687207,29.74792769,116.04802417,29.74792769,116.04802417,0.5100,2649.74,1,11,split_learned_disk,9,1,-1,2815.57,460.66,460.66
980,4539.00,29.75346779,116.06034413,29.74792769,116.04802417,29.75346779,116.06034413,0.5100,1340.71,1,253,split_learned_disk,9,1,10,355.68,122.57,122.57
981,4542.00,29.75072688,116.05500538,29.75346779,116.06034413,29.75346779,116.06034413,0.4867,599.35,1,236,split_learned_disk,8,1,8,240.99,54.11,54.11
982,4545.00,29.74631349,116.04206199,29.75346779,116.06034413,29.75346779,116.06034413,0.5333,1937.78,1,184,split_learned_disk,10,1,5,1758.21,54.56,54.56
983,4548.00,29.72752713,116.05813833,29.75346779,116.06034413,29.75346779,116.06034413,0.5567,2895.57,1,27,split_learned_disk,11,1,5,2917.44,91.05,91.05
984,4551.00,29.74631349,116.04206199,29.75346779,116.06034413,29.75346779,116.06034413,0.5333,1937.78,1,184,split_learned_disk,10,1,3,1820.67,38.18,38.18
985,4553.00,29.75404113,116.05913967,29.75346779,116.06034413,29.75346779,116.06034413,0.5100,132.74,1,267,split_learned_disk,9,1,1,132.48,82.28,82.28
986,4556.00,29.75404113,116.05913967,29.75346779,116.06034413,29.75346779,116.06034413,0.5100,132.74,1,267,split_learned_disk,9,1,1,53.57,53.57,53.57
987,4559.00,29.78865521,116.04233395,29.75346779,116.06034413,29.75346779,116.06034413,0.5100,4286.25,1,529,split_learned_disk,9,1,-1,3918.68,167.00,167.00
988,4562.00,29.73631709,116.04102356,29.75346779,116.06034413,29.75346779,116.06034413,0.5333,2670.28,1,94,split_learned_disk,10,1,-1,2838.22,918.73,918.73
989,4565.00,29.76154029,116.05528971,29.75346779,116.06034413,29.75346779,116.06034413,0.5333,1022.77,1,296,split_learned_disk,10,1,7,313.45,38.09,38.09
990,4568.00,29.75904008,116.05743369,29.75346779,116.06034413,29.75904008,116.05743369,0.5333,681.08,1,297,split_learned_disk,10,1,1,131.76,131.76,131.76
991,4571.00,29.76154029,116.05528971,29.75904008,116.05743369,29.75904008,116.05743369,0.5333,346.96,1,296,split_learned_disk,10,1,2,242.72,61.36,61.36
992,4574.00,29.76154029,116.05528971,29.75904008,116.05743369,29.75904008,116.05743369,0.5333,346.96,1,296,split_learned_disk,10,1,2,239.71,48.09,48.09
993,4577.00,29.76154029,116.05528971,29.75904008,116.05743369,29.75904008,116.05743369,0.5333,346.96,1,296,split_learned_disk,10,1,-1,261.06,186.63,186.63
994,4580.00,29.77268338,116.05664955,29.75904008,116.05743369,29.75904008,116.05743369,0.5100,1520.66,1,416,split_learned_disk,9,1,-1,1423.39,1113.50,1113.50
995,4583.00,29.77246877,116.05481462,29.75904008,116.05743369,29.75904008,116.05743369,0.4867,1516.15,1,415,split_learned_disk,8,1,-1,1395.90,826.42,826.42
996,4586.00,29.76154029,116.05528971,29.75904008,116.05743369,29.75904008,116.05743369,0.5333,346.96,1,296,split_learned_disk,10,1,-1,425.23,222.56,222.56
997,4589.00,29.76154029,116.05528971,29.75904008,116.05743369,29.75904008,116.05743369,0.5333,346.96,1,296,split_learned_disk,10,1,-1,491.76,429.21,429.21
998,4592.00,29.77268338,116.05664955,29.75904008,116.05743369,29.75904008,116.05743369,0.5100,1520.66,1,416,split_learned_disk,9,1,-1,1117.29,892.48,892.48
999,4595.00,29.77168082,116.06038121,29.75904008,116.05743369,29.75904008,116.05743369,0.5567,1435.70,1,403,split_learned_disk,11,1,-1,829.75,814.63,814.63
1000,4598.00,29.77168082,116.06038121,29.75904008,116.05743369,29.77168082,116.06038121,0.5567,1435.70,1,403,split_learned_disk,11,1,-1,753.48,736.80,736.80
1001,4601.00,29.77268338,116.05664955,29.77168082,116.06038121,29.77168082,116.06038121,0.5100,377.46,1,416,split_learned_disk,9,1,-1,890.27,658.99,658.99
1002,4604.00,29.77260826,116.05955999,29.77168082,116.06038121,29.77168082,116.06038121,0.6033,130.22,1,417,split_learned_disk,13,1,-1,769.78,570.11,570.11
1003,4607.00,29.77260826,116.05955999,29.77168082,116.06038121,29.77168082,116.06038121,0.6033,130.22,1,417,split_learned_disk,13,1,-1,691.96,691.96,691.96
1004,4610.00,29.77260826,116.05955999,29.77168082,116.06038121,29.77168082,116.06038121,0.6033,130.22,1,417,split_learned_disk,13,1,-1,614.17,414.73,414.73
1005,4614.00,29.77268338,116.05664955,29.77168082,116.06038121,29.77168082,116.06038121,0.5100,377.46,1,416,split_learned_disk,9,1,-1,585.57,585.57,585.57
1006,4617.00,29.77168082,116.06038121,29.77168082,116.06038121,29.77168082,116.06038121,0.5567,0.00,0,403,split_learned_disk,11,1,-1,304.00,259.93,259.93
1007,4620.00,29.77168082,116.06038121,29.77168082,116.06038121,29.77168082,116.06038121,0.5567,0.00,0,403,split_learned_disk,11,1,-1,241.68,183.19,183.19
1008,4623.00,29.77168082,116.06038121,29.77168082,116.06038121,29.77168082,116.06038121,0.5567,0.00,0,403,split_learned_disk,11,1,6,191.18,108.15,108.15
1009,4626.00,29.77260826,116.05955999,29.77168082,116.06038121,29.77168082,116.06038121,0.6033,130.22,1,417,split_learned_disk,13,1,6,226.57,44.51,44.51
1010,4629.00,29.77260826,116.05955999,29.77168082,116.06038121,29.77168082,116.06038121,0.6033,130.22,1,417,split_learned_disk,13,1,1,139.56,75.81,75.81
1011,4632.00,29.77268338,116.05664955,29.77168082,116.06038121,29.77168082,116.06038121,0.5100,377.46,1,416,split_learned_disk,9,1,-1,244.46,244.46,244.46
1012,4635.00,29.77260826,116.05955999,29.77168082,116.06038121,29.77168082,116.06038121,0.6033,130.22,1,417,split_learned_disk,13,1,1,43.56,43.56,43.56
1013,4638.00,29.77260826,116.05955999,29.77168082,116.06038121,29.77168082,116.06038121,0.6033,130.22,1,417,split_learned_disk,13,1,1,106.41,106.41,106.41
1014,4641.00,29.77260826,116.05955999,29.77168082,116.06038121,29.77168082,116.06038121,0.6033,130.22,1,417,split_learned_disk,13,1,-1,181.37,181.37,181.37
1015,4644.00,29.77260826,116.05955999,29.77168082,116.06038121,29.77168082,116.06038121,0.6033,130.22,1,417,split_learned_disk,13,1,-1,258.09,258.09,258.09
1016,4647.00,29.77260826,116.05955999,29.77168082,116.06038121,29.77168082,116.06038121,0.6033,130.22,1,417,split_learned_disk,13,1,-1,335.36,175.35,175.35
1017,4650.00,29.77168082,116.06038121,29.77168082,116.06038121,29.77168082,116.06038121,0.5567,0.00,0,403,split_learned_disk,11,1,-1,643.05,484.66,484.66
1018,4653.00,29.77268338,116.05664955,29.77168082,116.06038121,29.77168082,116.06038121,0.5100,377.46,1,416,split_learned_disk,9,1,-1,553.88,375.74,375.74
1019,4656.00,29.77268338,116.05664955,29.77168082,116.06038121,29.77168082,116.06038121,0.5100,377.46,1,416,split_learned_disk,9,1,-1,625.15,625.15,625.15
1020,4659.00,29.77268338,116.05664955,29.77168082,116.06038121,29.77168082,116.06038121,0.5100,377.46,1,416,split_learned_disk,9,1,-1,697.84,697.84,697.84
1021,4662.00,29.77268338,116.05664955,29.77168082,116.06038121,29.77168082,116.06038121,0.5100,377.46,1,416,split_learned_disk,9,1,-1,771.55,771.55,771.55
1022,4665.00,29.77260826,116.05955999,29.77168082,116.06038121,29.77168082,116.06038121,0.6033,130.22,1,417,split_learned_disk,13,1,-1,812.78,442.66,442.66
1023,4668.00,29.77268338,116.05664955,29.77168082,116.06038121,29.77168082,116.06038121,0.5100,377.46,1,416,split_learned_disk,9,1,-1,921.06,515.95,515.95
1024,4671.00,29.77260826,116.05955999,29.77168082,116.06038121,29.77168082,116.06038121,0.6033,130.22,1,417,split_learned_disk,13,1,-1,968.48,968.48,968.48
1025,4674.00,29.77168082,116.06038121,29.77168082,116.06038121,29.77168082,116.06038121,0.5567,0.00,0,403,split_learned_disk,11,1,-1,1267.21,1257.37,1257.37
1026,4678.00,29.75904008,116.05743369,29.77168082,116.06038121,29.77168082,116.06038121,0.5333,1435.70,1,297,split_learned_disk,10,1,-1,2734.98,964.51,964.51
1027,4681.00,29.77053265,116.03955418,29.77168082,116.06038121,29.77168082,116.06038121,0.4867,2016.51,1,392,split_learned_disk,8,1,-1,2479.61,1037.96,1037.96
1028,4684.00,29.77053265,116.03955418,29.77168082,116.06038121,29.77168082,116.06038121,0.4867,2016.51,1,392,split_learned_disk,8,1,-1,2524.82,2085.23,2085.23
1029,4687.00,29.73631709,116.04102356,29.77168082,116.06038121,29.77168082,116.06038121,0.5333,4358.46,1,94,split_learned_disk,10,1,-1,5804.37,2291.41,2291.41
1030,4690.00,29.77168082,116.06038121,29.77168082,116.06038121,29.77168082,116.06038121,0.5567,0.00,0,403,split_learned_disk,11,1,-1,1654.38,1646.85,1646.85
1031,4694.00,29.74959555,116.03918863,29.77168082,116.06038121,29.77168082,116.06038121,0.4867,3199.65,1,213,split_learned_disk,8,1,-1,4515.30,326.55,326.55
1032,4697.00,29.81695048,116.04355077,29.77168082,116.06038121,29.77168082,116.06038121,0.5100,5295.33,1,770,split_learned_disk,9,1,-1,3506.13,2210.57,2210.57
1033,4701.00,29.80794591,116.03341188,29.77168082,116.06038121,29.77168082,116.06038121,0.5100,4805.07,1,690,split_learned_disk,9,1,-1,3223.31,2269.04,2269.04
1034,4704.00,29.72491498,116.04288321,29.77168082,116.06038121,29.77168082,116.06038121,0.5800,5473.66,1,5,split_learned_disk,12,1,-1,7312.01,1887.67,1887.67
1035,4708.00,29.78827964,116.03997981,29.77168082,116.06038121,29.77168082,116.06038121,0.5100,2701.93,1,528,split_learned_disk,9,1,-1,1854.41,1656.41,1656.41
1036,4711.00,29.78865521,116.04233395,29.77168082,116.06038121,29.77168082,116.06038121,0.5100,2571.30,1,529,split_learned_disk,9,1,7,1669.82,83.93,83.93
1037,4714.00,29.78865521,116.04233395,29.77168082,116.06038121,29.77168082,116.06038121,0.5100,2571.30,1,529,split_learned_disk,9,1,6,1686.72,37.99,37.99
1038,4717.00,29.78865521,116.04233395,29.77168082,116.06038121,29.77168082,116.06038121,0.5100,2571.30,1,529,split_learned_disk,9,1,-1,1707.02,1668.66,1668.66
1039,4720.00,29.78865521,116.04233395,29.77168082,116.06038121,29.77168082,116.06038121,0.5100,2571.30,1,529,split_learned_disk,9,1,-1,1730.59,1655.52,1655.52
1040,4723.00,29.78865521,116.04233395,29.77168082,116.06038121,29.78865521,116.04233395,0.5100,2571.30,1,529,split_learned_disk,9,1,-1,1757.30,1645.98,1645.98
1041,4726.00,29.79369097,116.05616742,29.78865521,116.04233395,29.78865521,116.04233395,0.5567,1449.48,1,581,split_learned_disk,11,1,10,269.11,131.42,131.42
1042,4729.00,29.79369097,116.05616742,29.78865521,116.04233395,29.78865521,116.04233395,0.5567,1449.48,1,581,split_learned_disk,11,1,2,313.22,38.06,38.06
1043,4732.00,29.79270987,116.03925748,29.78865521,116.04233395,29.78865521,116.04233395,0.5100,540.46,1,557,split_learned_disk,9,1,-1,2094.02,804.43,804.43
1044,4736.00,29.80265262,116.06067791,29.78865521,116.04233395,29.78865521,116.04233395,0.6267,2360.04,1,658,split_learned_disk,14,1,5,660.59,55.36,55.36
1045,4739.00,29.80265262,116.06067791,29.78865521,116.04233395,29.78865521,116.04233395,0.6267,2360.04,1,658,split_learned_disk,14,1,-1,585.36,397.07,397.07
1046,4742.00,29.80265262,116.06067791,29.78865521,116.04233395,29.78865521,116.04233395,0.6267,2360.04,1,658,split_learned_disk,14,1,-1,510.94,510.94,510.94
1047,4745.00,29.80238435,116.05192891,29.78865521,116.04233395,29.78865521,116.04233395,0.5333,1787.56,1,654,split_learned_disk,10,1,-1,756.44,756.44,756.44
1048,4748.00,29.80523257,116.05624160,29.78865521,116.04233395,29.78865521,116.04233395,0.6267,2282.85,1,671,split_learned_disk,14,1,-1,579.73,270.45,270.45
1049,4751.00,29.79270987,116.03925748,29.78865521,116.04233395,29.78865521,116.04233395,0.5100,540.46,1,557,split_learned_disk,9,1,-1,2252.82,241.15,241.15
1050,4754.00,29.79270987,116.03925748,29.78865521,116.04233395,29.79270987,116.03925748,0.5100,540.46,1,557,split_learned_disk,9,1,-1,2287.13,1453.45,1453.45
1051,4757.00,29.80770984,116.04632523,29.79270987,116.03925748,29.79270987,116.03925748,0.4867,1804.06,1,696,split_learned_disk,8,1,-1,1414.17,1329.05,1329.05
1052,4760.00,29.79270987,116.03925748,29.79270987,116.03925748,29.79270987,116.03925748,0.5100,0.00,0,557,split_learned_disk,9,1,-1,2361.97,589.13,589.13
1053,4763.00,29.79270987,116.03925748,29.79270987,116.03925748,29.79270987,116.03925748,0.5100,0.00,0,557,split_learned_disk,9,1,-1,2402.30,248.55,248.55
1054,4767.00,29.81224737,116.03402999,29.79270987,116.03925748,29.79270987,116.03925748,0.5100,2232.80,1,720,split_learned_disk,9,1,-1,2581.81,1341.52,1341.52
1055,4770.00,29.73580202,116.03854580,29.79270987,116.03925748,29.79270987,116.03925748,0.5333,6335.35,1,93,split_learned_disk,10,1,-1,7846.20,2079.11,2079.11
1056,4773.00,29.73580202,116.03854580,29.79270987,116.03925748,29.79270987,116.03925748,0.5333,6335.35,1,93,split_learned_disk,10,1,-1,7921.98,1866.05,1866.05
1057,4776.00,29.81646299,116.04109241,29.79270987,116.03925748,29.79270987,116.03925748,0.4867,2650.14,1,753,split_learned_disk,8,1,-1,2094.75,1452.42,1452.42
1058,4779.00,29.73631709,116.04102356,29.79270987,116.03925748,29.79270987,116.03925748,0.5333,6279.96,1,94,split_learned_disk,10,1,-1,8041.39,5684.37,5684.37
1059,4782.00,29.73631709,116.04102356,29.79270987,116.03925748,29.79270987,116.03925748,0.5333,6279.96,1,94,split_learned_disk,10,1,-1,8117.69,440.63,440.63
1060,4785.00,29.81646299,116.04109241,29.79270987,116.03925748,29.79270987,116.03925748,0.4867,2650.14,1,753,split_learned_disk,8,1,5,1993.17,47.50,47.50
1061,4789.00,29.80661070,116.03332535,29.79270987,116.03925748,29.79270987,116.03925748,0.4867,1650.19,1,675,split_learned_disk,8,1,8,2457.07,100.79,100.79
1062,4792.00,29.80770984,116.04632523,29.79270987,116.03925748,29.79270987,116.03925748,0.4867,1804.06,1,696,split_learned_disk,8,1,8,1251.54,40.91,40.91
1063,4795.00,29.80770984,116.04632523,29.79270987,116.03925748,29.80770984,116.04632523,0.4867,1804.06,1,696,split_learned_disk,8,1,-1,1265.38,1265.38,1265.38
1064,4798.00,29.80663216,116.04897606,29.80770984,116.04632523,29.80770984,116.04632523,0.4867,282.84,1,682,split_learned_disk,8,1,-1,1170.11,415.24,415.24
1065,4802.00,29.80476043,116.04879063,29.80770984,116.04632523,29.80770984,116.04632523,0.5100,405.65,1,667,split_learned_disk,9,1,-1,1328.57,941.50,941.50
1066,4805.00,29.80210536,116.03795242,29.80770984,116.04632523,29.80770984,116.04632523,0.5100,1021.66,1,648,split_learned_disk,9,1,-1,2145.69,1425.71,1425.71
1067,4808.00,29.77053265,116.03955418,29.80770984,116.04632523,29.80770984,116.04632523,0.4867,4189.96,1,392,split_learned_disk,8,1,-1,5017.73,583.23,583.23
1068,4811.00,29.77390666,116.06274772,29.80770984,116.04632523,29.80770984,116.04632523,0.5100,4083.88,1,419,split_learned_disk,9,1,-1,4477.86,1509.11,1509.11
1069,4814.00,29.81678952,116.05555635,29.80770984,116.04632523,29.80770984,116.04632523,0.5567,1348.05,1,775,split_learned_disk,11,1,2,508.68,70.01,70.01
1070,4817.00,29.76991638,116.05025469,29.80770984,116.04632523,29.80770984,116.04632523,0.5100,4224.27,1,383,split_learned_disk,9,1,-1,5088.49,758.25,758.25
