Frame,Time_Sec,Raw_Lat,Raw_Lng,Predicted_Lat,Predicted_Lng,Filtered_Lat,Filtered_Lng,Match_Confidence,Innovation_M,Outlier_Rejected,Best_Match_Idx,Algorithm,Inliers,Measurement_Valid,Correct_Candidate_Rank,Top1_Min_Dist_M,Top5_Min_Dist_M,Top10_Min_Dist_M
1,4.00,32.15374518,119.92399437,32.15560000,119.92900000,32.15560000,119.92900000,0.6967,514.74,1,8,split_disk,17,1,-1,701.06,424.21,424.21
2,8.00,32.15374518,119.92399437,32.15560000,119.92900000,32.15560000,119.92900000,0.6967,514.74,1,8,split_disk,17,1,-1,771.55,489.11,489.11
3,13.00,32.15374518,119.92399437,32.15560000,119.92900000,32.15560000,119.92900000,0.6967,514.74,1,8,split_disk,17,1,-1,791.01,439.50,439.50
4,17.00,32.23036691,119.94383199,32.15560000,119.92900000,32.15560000,119.92900000,0.5800,8439.50,1,1007,split_disk,12,1,-1,8002.30,609.62,609.62
5,22.00,32.15374518,119.92399437,32.15560000,119.92900000,32.15560000,119.92900000,0.6967,514.74,1,8,split_disk,17,1,-1,978.38,710.82,710.82
6,26.00,32.15374518,119.92399437,32.15560000,119.92900000,32.15560000,119.92900000,0.6967,514.74,1,8,split_disk,17,1,-1,1077.11,814.66,814.66
7,31.00,32.15374518,119.92399437,32.15560000,119.92900000,32.15560000,119.92900000,0.6967,514.74,1,8,split_disk,17,1,-1,1143.44,896.72,896.72
8,36.00,32.15374518,119.92399437,32.15560000,119.92900000,32.15560000,119.92900000,0.6967,514.74,1,8,split_disk,17,1,-1,1238.39,995.08,995.08
9,41.00,32.15374518,119.92399437,32.15560000,119.92900000,32.15560000,119.92900000,0.6967,514.74,1,8,split_disk,17,1,-1,1344.77,1090.19,1090.19
10,46.00,32.15374518,119.92399437,32.15560000,119.92900000,32.15374518,119.92399437,0.6967,514.74,1,8,split_disk,17,1,-1,1451.90,1201.50,1201.50
11,51.00,32.15374518,119.92399437,32.15374518,119.92399437,32.15374518,119.92399437,0.6967,0.00,0,8,split_disk,17,1,-1,1559.61,1312.80,1312.80
12,56.00,32.15374518,119.92399437,32.15374518,119.92399437,32.15374518,119.92399437,0.6967,0.00,0,8,split_disk,17,1,-1,1648.90,1426.54,1426.54
13,60.00,32.15374518,119.92399437,32.15374518,119.92399437,32.15374518,119.92399437,0.6967,0.00,0,8,split_disk,17,1,-1,1758.64,1537.68,1537.68
14,65.00,32.15374518,119.92399437,32.15374518,119.92399437,32.15374518,119.92399437,0.6967,0.00,0,8,split_disk,17,1,-1,1868.57,1648.83,1648.83
15,70.00,32.15374518,119.92399437,32.15374518,119.92399437,32.15374518,119.92399437,0.6967,0.00,0,8,split_disk,17,1,-1,1967.64,1748.89,1748.89
16,74.00,32.23036691,119.94383199,32.15374518,119.92399437,32.15374518,119.92399437,0.5800,8731.82,1,1007,split_disk,12,1,-1,6762.78,1860.09,1860.09
17,79.00,32.16108188,119.94584111,32.15374518,119.92399437,32.15374518,119.92399437,0.6033,2214.01,1,111,split_disk,13,1,-1,2430.95,873.45,873.45
18,84.00,32.15374518,119.92399437,32.15374518,119.92399437,32.15374518,119.92399437,0.6967,0.00,0,8,split_disk,17,1,-1,2288.78,2080.77,2080.77
19,89.00,32.15374518,119.92399437,32.15374518,119.92399437,32.15374518,119.92399437,0.6967,0.00,0,8,split_disk,17,1,-1,2399.73,988.42,988.42
20,94.00,32.23036691,119.94383199,32.15374518,119.92399437,32.15374518,119.92399437,0.5800,8731.82,1,1007,split_disk,12,1,-1,6359.20,1058.86,1058.86
21,99.00,32.15374518,119.92399437,32.15374518,119.92399437,32.15374518,119.92399437,0.6967,0.00,0,8,split_disk,17,1,-1,2610.61,1127.91,1127.91
22,104.00,32.23061368,119.92597814,32.15374518,119.92399437,32.15374518,119.92399437,0.5800,8559.04,1,998,split_disk,12,1,-1,5885.99,1150.32,1150.32
23,108.00,32.15374518,119.92399437,32.15374518,119.92399437,32.15374518,119.92399437,0.6967,0.00,0,8,split_disk,17,1,-1,2827.90,1789.05,1789.05
24,113.00,32.15374518,119.92399437,32.15374518,119.92399437,32.15374518,119.92399437,0.6967,0.00,0,8,split_disk,17,1,-1,2939.15,1867.11,1867.11
25,117.00,32.15374518,119.92399437,32.15374518,119.92399437,32.15374518,119.92399437,0.6967,0.00,0,8,split_disk,17,1,-1,3050.41,1948.41,1948.41
26,122.00,32.17298228,119.90624765,32.15374518,119.92399437,32.16902238,119.90990078,0.7667,2716.68,0,253,split_disk,20,1,-1,1868.64,1133.87,1133.87
27,127.00,32.17298228,119.90624765,32.17882811,119.90085471,32.17425063,119.90507756,0.7667,825.55,0,253,split_disk,20,1,-1,1928.21,1229.56,1229.56
28,131.00,32.17058482,119.91706673,32.17980022,119.89995791,32.17311463,119.91237000,0.7433,1910.38,0,235,split_disk,19,1,-1,1498.41,1317.79,1317.79
29,136.00,32.17058482,119.91706673,32.17544551,119.91452191,32.17164369,119.91651235,0.7433,591.81,0,235,split_disk,19,1,-1,1600.95,1560.49,1560.49
30,141.00,32.15374518,119.92399437,32.17151485,119.91995205,32.17151485,119.91995205,0.6967,2014.43,1,8,split_disk,17,1,-1,3594.33,3400.04,3400.04
31,145.00,32.15374518,119.92399437,32.17141178,119.92270381,32.17141178,119.92270381,0.6967,1970.40,1,8,split_disk,17,1,-1,3706.77,3517.72,3517.72
32,150.00,32.15374518,119.92399437,32.17128294,119.92614351,32.17128294,119.92614351,0.6967,1962.77,1,8,split_disk,17,1,-1,3818.06,3628.67,3628.67
33,155.00,32.15374518,119.92399437,32.17115410,119.92958321,32.17115410,119.92958321,0.6967,2008.19,1,8,split_disk,17,1,-1,3929.35,3739.64,3739.64
34,159.00,32.16108188,119.94584111,32.17105103,119.93233496,32.17105103,119.93233496,0.6033,1688.23,1,111,split_disk,13,1,-1,3958.82,3839.53,3839.53
35,164.00,32.16108188,119.94584111,32.17092219,119.93577466,32.17092219,119.93577466,0.6033,1448.81,1,111,split_disk,13,1,-1,4050.12,2616.62,2616.62
36,168.00,32.16108188,119.94584111,32.17081912,119.93852642,32.17081912,119.93852642,0.6033,1284.40,1,111,split_disk,13,1,-1,4195.23,2160.06,2160.06
37,173.00,32.16108188,119.94584111,32.17069028,119.94196612,32.17069028,119.94196612,0.6033,1130.17,1,111,split_disk,13,1,-1,4287.27,4180.23,4180.23
38,178.00,32.23036691,119.94383199,32.17056144,119.94540582,32.17056144,119.94540582,0.5800,6659.19,1,1007,split_disk,12,1,-1,4669.20,4046.71,4046.71
39,182.00,32.15627621,119.90623497,32.17045837,119.94815757,32.15627621,119.90623497,0.6267,4252.82,1,46,split_disk,14,1,-1,4417.72,3668.80,3668.80
40,186.00,32.17812538,119.91027288,32.15627621,119.90623497,32.15627621,119.90623497,0.5567,2461.81,1,323,split_disk,11,1,-1,2252.07,2252.07,2252.07
41,191.00,32.15826596,119.91110277,32.15627621,119.90623497,32.15627621,119.90623497,0.5333,509.22,1,71,split_disk,10,1,-1,4296.35,3712.51,3712.51
42,196.00,32.15374518,119.92399437,32.15627621,119.90623497,32.15627621,119.90623497,0.6967,1696.42,1,8,split_disk,17,1,-1,4915.86,4561.94,4561.94
43,200.00,32.23033472,119.95014531,32.15627621,119.90623497,32.15627621,119.90623497,0.6500,9223.59,1,1009,split_disk,15,1,-1,4472.32,4472.32,4472.32
44,205.00,32.15374518,119.92399437,32.15627621,119.90623497,32.15627621,119.90623497,0.6967,1696.42,1,8,split_disk,17,1,-1,5138.16,2016.49,2016.49
45,209.00,32.15374518,119.92399437,32.15627621,119.90623497,32.15627621,119.90623497,0.6967,1696.42,1,8,split_disk,17,1,-1,5255.17,3860.00,3860.00
46,214.00,32.23033472,119.95014531,32.15627621,119.90623497,32.15627621,119.90623497,0.6500,9223.59,1,1009,split_disk,15,1,-1,4270.27,4270.27,4270.27
47,218.00,32.16108188,119.94584111,32.15627621,119.90623497,32.15627621,119.90623497,0.6033,3768.89,1,111,split_disk,13,1,-1,5327.44,3757.15,3757.15
48,223.00,32.15374518,119.92399437,32.15627621,119.90623497,32.15627621,119.90623497,0.6967,1696.42,1,8,split_disk,17,1,-1,5577.23,3292.47,3292.47
49,228.00,32.15374518,119.92399437,32.15627621,119.90623497,32.15374518,119.92399437,0.6967,1696.42,1,8,split_disk,17,1,-1,5688.30,4030.27,4030.27
50,232.00,32.24382788,119.92586402,32.15374518,119.92399437,32.15374518,119.92399437,0.6500,10029.55,1,1182,split_disk,15,1,-1,4462.92,4162.10,4162.10
51,237.00,32.25357278,119.94049847,32.15374518,119.92399437,32.25354543,119.94049394,0.7433,11221.02,0,1304,split_disk,19,1,-1,5690.38,4087.70,4087.70
52,241.00,32.25357278,119.94049847,32.25920031,119.94142884,32.25445504,119.94064433,0.7433,632.56,0,1304,split_disk,19,1,-1,5586.82,4015.00,4015.00
53,245.00,32.15374518,119.92399437,32.25633384,119.94095494,32.25633384,119.94095494,0.6967,11531.38,1,8,split_disk,17,1,-1,6139.15,2932.10,2932.10
54,250.00,32.15374518,119.92399437,32.25868234,119.94134321,32.25868234,119.94134321,0.6967,11795.36,1,8,split_disk,17,1,-1,6239.05,2861.94,2861.94
55,255.00,32.23036691,119.94383199,32.26103084,119.94173147,32.26103084,119.94173147,0.5800,3419.24,1,1007,split_disk,12,1,-1,3421.18,2612.91,2612.91
56,259.00,32.23036691,119.94383199,32.26290965,119.94204209,32.26290965,119.94204209,0.5800,3626.58,1,1007,split_disk,12,1,-1,3348.45,2552.07,2552.07
57,264.00,32.15374518,119.92399437,32.26525815,119.94243035,32.26525815,119.94243035,0.6967,12534.50,1,8,split_disk,17,1,-1,6579.50,2716.47,2716.47
58,268.00,32.16108188,119.94584111,32.26713695,119.94274097,32.26713695,119.94274097,0.6033,11809.66,1,111,split_disk,13,1,-1,6484.45,2650.56,2650.56
59,273.00,32.15374518,119.92399437,32.26948545,119.94312924,32.26948545,119.94312924,0.6967,13009.67,1,8,split_disk,17,1,-1,6801.35,2587.76,2587.76
60,277.00,32.15374518,119.92399437,32.27136425,119.94343985,32.27136425,119.94343985,0.6967,13220.85,1,8,split_disk,17,1,-1,6920.59,2433.11,2433.11
61,281.00,32.15374518,119.92399437,32.27324306,119.94375046,32.27324306,119.94375046,0.6967,13432.04,1,8,split_disk,17,1,-1,7020.33,2560.45,2560.45
62,286.00,32.23036691,119.94383199,32.27559156,119.94413873,32.23036691,119.94383199,0.5800,5034.49,1,1007,split_disk,12,1,-1,3050.10,2362.11,2362.11
63,290.00,32.15374518,119.92399437,32.23036691,119.94383199,32.23036691,119.94383199,0.6967,8731.82,1,8,split_disk,17,1,-1,7242.03,2463.03,2463.03
64,295.00,32.23036691,119.94383199,32.23036691,119.94383199,32.23036691,119.94383199,0.5800,0.00,0,1007,split_disk,12,1,-1,3032.24,2508.57,2508.57
65,299.00,32.23036691,119.94383199,32.23036691,119.94383199,32.23036691,119.94383199,0.5800,0.00,0,1007,split_disk,12,1,-1,2987.09,2471.88,2471.88
66,304.00,32.23036691,119.94383199,32.23036691,119.94383199,32.23036691,119.94383199,0.5800,0.00,0,1007,split_disk,12,1,-1,2945.45,2364.15,2364.15
67,308.00,32.15374518,119.92399437,32.23036691,119.94383199,32.23036691,119.94383199,0.6967,8731.82,1,8,split_disk,17,1,-1,7694.20,2412.28,2412.28
68,313.00,32.15374518,119.92399437,32.23036691,119.94383199,32.23036691,119.94383199,0.6967,8731.82,1,8,split_disk,17,1,-1,7793.92,3261.14,3261.14
69,318.00,32.15990165,119.93985179,32.23036691,119.94383199,32.23036691,119.94383199,0.5800,7853.15,1,108,split_disk,12,1,-1,7479.81,3521.39,3521.39
70,322.00,32.15374518,119.92399437,32.23036691,119.94383199,32.23036691,119.94383199,0.6967,8731.82,1,8,split_disk,17,1,-1,8024.92,3499.97,3499.97
71,327.00,32.15374518,119.92399437,32.23036691,119.94383199,32.23036691,119.94383199,0.6967,8731.82,1,8,split_disk,17,1,-1,8135.63,1393.52,1393.52
72,332.00,32.15374518,119.92399437,32.23036691,119.94383199,32.23036691,119.94383199,0.6967,8731.82,1,8,split_disk,17,1,-1,8246.35,2444.68,2444.68
73,336.00,32.15374518,119.92399437,32.23036691,119.94383199,32.23036691,119.94383199,0.6967,8731.82,1,8,split_disk,17,1,-1,8357.10,2446.18,2446.18
74,341.00,32.15374518,119.92399437,32.23036691,119.94383199,32.23036691,119.94383199,0.6967,8731.82,1,8,split_disk,17,1,-1,8466.70,2538.92,2538.92
75,345.00,32.15374518,119.92399437,32.23036691,119.94383199,32.23036691,119.94383199,0.6967,8731.82,1,8,split_disk,17,1,-1,8577.35,1155.86,1155.86
76,350.00,32.15374518,119.92399437,32.23036691,119.94383199,32.15374518,119.92399437,0.6967,8731.82,1,8,split_disk,17,1,-1,8688.01,1746.49,1746.49
77,355.00,32.23036691,119.94383199,32.15374518,119.92399437,32.15374518,119.92399437,0.5800,8731.82,1,1007,split_disk,12,1,-1,2942.62,1041.82,1041.82
78,359.00,32.15374518,119.92399437,32.15374518,119.92399437,32.15374518,119.92399437,0.6967,0.00,0,8,split_disk,17,1,-1,8909.37,998.62,998.62
79,364.00,32.23036691,119.94383199,32.15374518,119.92399437,32.15374518,119.92399437,0.5800,8731.82,1,1007,split_disk,12,1,-1,3055.69,1058.13,1058.13
80,368.00,32.17058482,119.91706673,32.15374518,119.92399437,32.16957441,119.91748240,0.7433,1984.92,0,235,split_disk,19,1,-1,7095.64,2648.17,2648.17
81,372.00,32.17058482,119.91706673,32.17637140,119.91468619,32.17200744,119.91648148,0.7433,682.08,0,235,split_disk,19,1,-1,7195.64,2660.72,2660.72
82,377.00,32.23036691,119.94383199,32.17751306,119.91421652,32.17751306,119.91421652,0.5800,6511.52,1,1007,split_disk,12,1,-1,3111.44,1898.45,1898.45
83,381.00,32.23036691,119.94383199,32.18191756,119.91240456,32.18191756,119.91240456,0.5800,6152.41,1,1007,split_disk,12,1,-1,3138.14,1053.26,1053.26
84,386.00,32.15374518,119.92399437,32.18742318,119.91013960,32.18742318,119.91013960,0.6967,3969.69,1,8,split_disk,17,1,-1,9583.09,3028.42,3028.42
85,390.00,32.15374518,119.92399437,32.19182768,119.90832764,32.19182768,119.90832764,0.6967,4488.86,1,8,split_disk,17,1,-1,9693.64,3102.49,3102.49
86,395.00,32.15374518,119.92399437,32.19733330,119.90606269,32.19733330,119.90606269,0.6967,5137.81,1,8,split_disk,17,1,-1,9804.22,3131.63,3131.63
87,399.00,32.15374518,119.92399437,32.20173779,119.90425072,32.20173779,119.90425072,0.6967,5656.98,1,8,split_disk,17,1,-1,9903.75,2995.67,2995.67
88,403.00,32.23036691,119.94383199,32.20614229,119.90243876,32.20614229,119.90243876,0.5800,4740.76,1,1007,split_disk,12,1,-1,3493.17,1433.71,1433.71
89,448.00,32.15467272,119.92528773,32.25569288,119.88205417,32.25569288,119.88205417,0.5333,11960.24,1,31,split_disk,10,1,-1,9851.21,3078.85,3078.85
90,454.00,32.22007000,119.92150341,32.26229962,119.87933623,32.26229962,119.87933623,0.6267,6154.34,1,858,split_disk,14,1,-1,2587.76,2587.76,2587.76
91,461.00,32.23036691,119.94383199,32.27000749,119.87616529,32.23036691,119.94383199,0.5800,7752.38,1,1007,split_disk,12,1,-1,3085.43,1033.12,1033.12
92,468.00,32.23036691,119.94383199,32.23036691,119.94383199,32.23036691,119.94383199,0.5800,0.00,0,1007,split_disk,12,1,-1,3044.05,656.92,656.92
93,476.00,32.23036691,119.94383199,32.23036691,119.94383199,32.23036691,119.94383199,0.5800,0.00,0,1007,split_disk,12,1,-1,3006.23,923.05,923.05
94,482.00,32.15374518,119.92399437,32.23036691,119.94383199,32.23036691,119.94383199,0.6967,8731.82,1,8,split_disk,17,1,-1,9498.53,884.05,884.05
95,489.00,32.23036691,119.94383199,32.23036691,119.94383199,32.23036691,119.94383199,0.5800,0.00,0,1007,split_disk,12,1,-1,2850.79,381.07,381.07
96,496.00,32.23036691,119.94383199,32.23036691,119.94383199,32.23036691,119.94383199,0.5800,0.00,0,1007,split_disk,12,1,-1,2823.57,352.57,352.57
97,502.00,32.15374518,119.92399437,32.23036691,119.94383199,32.23036691,119.94383199,0.6967,8731.82,1,8,split_disk,17,1,-1,9168.83,753.04,753.04
98,509.00,32.23036691,119.94383199,32.23036691,119.94383199,32.23036691,119.94383199,0.5800,0.00,0,1007,split_disk,12,1,-1,2783.39,770.22,770.22
99,516.00,32.23036691,119.94383199,32.23036691,119.94383199,32.23036691,119.94383199,0.5800,0.00,0,1007,split_disk,12,1,-1,2768.51,802.63,802.63
100,522.00,32.15374518,119.92399437,32.23036691,119.94383199,32.23036691,119.94383199,0.6967,8731.82,1,8,split_disk,17,1,-1,8828.53,1456.29,1456.29
101,528.00,32.15374518,119.92399437,32.23036691,119.94383199,32.23036691,119.94383199,0.6967,8731.82,1,8,split_disk,17,1,-1,8717.53,2258.20,2258.20
102,534.00,32.23036691,119.94383199,32.23036691,119.94383199,32.23036691,119.94383199,0.5800,0.00,0,1007,split_disk,12,1,-1,2656.35,2256.36,2256.36
103,540.00,32.23036691,119.94383199,32.23036691,119.94383199,32.23036691,119.94383199,0.5800,0.00,0,1007,split_disk,12,1,-1,2658.94,2259.41,2259.41
104,546.00,32.23036691,119.94383199,32.23036691,119.94383199,32.23036691,119.94383199,0.5800,0.00,0,1007,split_disk,12,1,-1,2572.40,2168.76,2168.76
105,553.00,32.23036691,119.94383199,32.23036691,119.94383199,32.23036691,119.94383199,0.5800,0.00,0,1007,split_disk,12,1,-1,2584.73,2162.89,2162.89
106,560.00,32.15467272,119.92528773,32.23036691,119.94383199,32.23036691,119.94383199,0.5333,8605.43,1,31,split_disk,10,1,-1,7967.17,3194.33,3194.33
107,567.00,32.15374518,119.92399437,32.23036691,119.94383199,32.23036691,119.94383199,0.6967,8731.82,1,8,split_disk,17,1,-1,8055.63,2168.30,2168.30
108,574.00,32.15374518,119.92399437,32.23036691,119.94383199,32.23036691,119.94383199,0.6967,8731.82,1,8,split_disk,17,1,-1,7944.59,2456.73,2456.73
109,580.00,32.15467272,119.92528773,32.23036691,119.94383199,32.23036691,119.94383199,0.5333,8605.43,1,31,split_disk,10,1,-1,7627.72,3167.14,3167.14
110,587.00,32.15374518,119.92399437,32.23036691,119.94383199,32.23036691,119.94383199,0.6967,8731.82,1,8,split_disk,17,1,-1,7727.35,2574.96,2574.96
111,594.00,32.15374518,119.92399437,32.23036691,119.94383199,32.23036691,119.94383199,0.6967,8731.82,1,8,split_disk,17,1,-1,7616.24,2152.67,2152.67
112,599.00,32.15374518,119.92399437,32.23036691,119.94383199,32.23036691,119.94383199,0.6967,8731.82,1,8,split_disk,17,1,-1,7505.13,2186.22,2186.22
113,605.00,32.15374518,119.92399437,32.23036691,119.94383199,32.23036691,119.94383199,0.6967,8731.82,1,8,split_disk,17,1,-1,7394.03,2224.84,2224.84
114,611.00,32.15374518,119.92399437,32.23036691,119.94383199,32.23036691,119.94383199,0.6967,8731.82,1,8,split_disk,17,1,-1,7277.49,2987.71,2987.71
115,617.00,32.15374518,119.92399437,32.23036691,119.94383199,32.15374518,119.92399437,0.6967,8731.82,1,8,split_disk,17,1,-1,7166.32,2232.54,2232.54
116,623.00,32.15374518,119.92399437,32.15374518,119.92399437,32.15374518,119.92399437,0.6967,0.00,0,8,split_disk,17,1,-1,7066.27,2281.09,2281.09
117,629.00,32.15374518,119.92399437,32.15374518,119.92399437,32.15374518,119.92399437,0.6967,0.00,0,8,split_disk,17,1,-1,6955.11,2338.88,2338.88
118,634.00,32.15374518,119.92399437,32.15374518,119.92399437,32.15374518,119.92399437,0.6967,0.00,0,8,split_disk,17,1,-1,6843.95,3458.69,3458.69
119,640.00,32.15374518,119.92399437,32.15374518,119.92399437,32.15374518,119.92399437,0.6967,0.00,0,8,split_disk,17,1,-1,6728.23,3271.86,3271.86
120,646.00,32.15374518,119.92399437,32.15374518,119.92399437,32.15374518,119.92399437,0.6967,0.00,0,8,split_disk,17,1,-1,6617.01,3336.98,3336.98
121,652.00,32.15374518,119.92399437,32.15374518,119.92399437,32.15374518,119.92399437,0.6967,0.00,0,8,split_disk,17,1,-1,6505.79,3404.51,3404.51
122,658.00,32.15374518,119.92399437,32.15374518,119.92399437,32.15374518,119.92399437,0.6967,0.00,0,8,split_disk,17,1,-1,6394.57,2610.40,2610.40
123,664.00,32.15374518,119.92399437,32.15374518,119.92399437,32.15374518,119.92399437,0.6967,0.00,0,8,split_disk,17,1,-1,6294.48,3538.90,3538.90
124,670.00,32.15374518,119.92399437,32.15374518,119.92399437,32.15374518,119.92399437,0.6967,0.00,0,8,split_disk,17,1,-1,6179.73,2698.16,2698.16
125,676.00,32.15374518,119.92399437,32.15374518,119.92399437,32.15374518,119.92399437,0.6967,0.00,0,8,split_disk,17,1,-1,6068.47,3620.34,3620.34
126,681.00,32.15374518,119.92399437,32.15374518,119.92399437,32.15374518,119.92399437,0.6967,0.00,0,8,split_disk,17,1,-1,5957.20,3699.12,3699.12
127,688.00,32.15374518,119.92399437,32.15374518,119.92399437,32.15374518,119.92399437,0.6967,0.00,0,8,split_disk,17,1,-1,5845.93,3779.54,3779.54
128,693.00,32.15374518,119.92399437,32.15374518,119.92399437,32.15374518,119.92399437,0.6967,0.00,0,8,split_disk,17,1,-1,5732.40,3166.29,3166.29
129,700.00,32.15374518,119.92399437,32.15374518,119.92399437,32.15374518,119.92399437,0.6967,0.00,0,8,split_disk,17,1,-1,5632.22,3030.87,3030.87
130,706.00,32.15374518,119.92399437,32.15374518,119.92399437,32.15374518,119.92399437,0.6967,0.00,0,8,split_disk,17,1,-1,5520.92,3722.65,3722.65
131,713.00,32.25357278,119.94049847,32.15374518,119.92399437,32.23766070,119.93786777,0.7433,11221.02,0,1304,split_disk,19,1,-1,6033.02,4699.70,4699.70
132,719.00,32.25357278,119.94049847,32.28875186,119.94631449,32.26052076,119.94164715,0.7433,3954.27,0,1304,split_disk,19,1,-1,6139.96,4423.06,4423.06
133,726.00,32.25357278,119.94049847,32.29849515,119.94792531,32.26086314,119.94170376,0.7433,5049.45,0,1304,split_disk,19,1,-1,6222.21,4458.42,4458.42
134,733.00,32.25357278,119.94049847,32.27184632,119.94351955,32.25661299,119.94100109,0.7433,2054.02,0,1304,split_disk,19,1,-1,6329.86,4359.18,4359.18
135,739.00,32.15374518,119.92399437,32.25682859,119.94103673,32.25682859,119.94103673,0.6967,11586.99,1,8,split_disk,17,1,-1,4963.57,3608.97,3608.97
136,746.00,32.15374518,119.92399437,32.25708013,119.94107830,32.25708013,119.94107830,0.6967,11615.26,1,8,split_disk,17,1,-1,4863.38,3122.18,3122.18
137,753.00,32.15374518,119.92399437,32.25733167,119.94111987,32.25733167,119.94111987,0.6967,11643.54,1,8,split_disk,17,1,-1,4752.06,3013.03,3013.03
138,759.00,32.15374518,119.92399437,32.25754727,119.94115551,32.25754727,119.94115551,0.6967,11667.77,1,8,split_disk,17,1,-1,4641.76,2925.06,2925.06
139,765.00,32.15374518,119.92399437,32.25776288,119.94119114,32.25776288,119.94119114,0.6967,11692.00,1,8,split_disk,17,1,-1,4530.46,2817.08,2817.08
140,772.00,32.23036691,119.94383199,32.25801441,119.94123272,32.25801441,119.94123272,0.5800,3087.44,1,1007,split_disk,12,1,-1,4594.42,1502.83,1502.83
141,779.00,32.18061349,119.90657733,32.25826595,119.94127429,32.25826595,119.94127429,0.6033,9241.50,1,368,split_disk,13,1,-1,2026.25,1505.61,1505.61
142,786.00,32.17058482,119.91706673,32.25851749,119.94131586,32.17078251,119.91712125,0.7433,10051.64,0,235,split_disk,19,1,-1,2303.53,1516.58,1516.58
143,793.00,32.17812538,119.91027288,32.15551492,119.91288312,32.15551492,119.91288312,0.5567,2528.98,1,323,split_disk,11,1,-1,2051.95,2051.95,2051.95
144,800.00,32.17058482,119.91706673,32.14024732,119.90864499,32.16947125,119.91675760,0.7433,3469.09,0,235,split_disk,19,1,-1,2136.00,1983.56,1983.56
145,807.00,32.17812538,119.91027288,32.16916701,119.91667333,32.16916701,119.91667333,0.5567,1165.32,1,323,split_disk,11,1,-1,1919.20,1919.20,1919.20
146,813.00,32.15374518,119.92399437,32.16890622,119.91660110,32.16890622,119.91660110,0.6967,1825.76,1,8,split_disk,17,1,-1,3766.18,1546.57,1546.57
147,820.00,32.15374518,119.92399437,32.16860198,119.91651683,32.16860198,119.91651683,0.6967,1797.60,1,8,split_disk,17,1,-1,3661.15,3433.24,3433.24
148,826.00,32.16108188,119.94584111,32.16834120,119.91644459,32.16834120,119.91644459,0.6033,2884.53,1,111,split_disk,13,1,-1,3341.41,1951.25,1951.25
149,833.00,32.23036691,119.94383199,32.16803696,119.91636032,32.16803696,119.91636032,0.5800,7405.40,1,1007,split_disk,12,1,-1,5438.77,1862.53,1862.53
150,840.00,32.15374518,119.92399437,32.16773271,119.91627605,32.16773271,119.91627605,0.6967,1718.46,1,8,split_disk,17,1,-1,3339.40,1765.40,1765.40
151,846.00,32.23036691,119.94383199,32.16747193,119.91620382,32.16747193,119.91620382,0.5800,7469.49,1,1007,split_disk,12,1,-1,5650.49,1626.03,1626.03
152,853.00,32.23036691,119.94383199,32.16716769,119.91611954,32.16716769,119.91611954,0.5800,7504.01,1,1007,split_disk,12,1,-1,5729.32,1631.54,1631.54
153,860.00,32.15374518,119.92399437,32.16686344,119.91603527,32.16686344,119.91603527,0.6967,1641.53,1,8,split_disk,17,1,-1,3017.21,2798.99,2798.99
154,866.00,32.15374518,119.92399437,32.16660266,119.91596304,32.15374518,119.92399437,0.6967,1618.93,1,8,split_disk,17,1,-1,2906.81,2687.91,2687.91
155,873.00,32.15374518,119.92399437,32.15374518,119.92399437,32.15374518,119.92399437,0.6967,0.00,0,8,split_disk,17,1,-1,2796.48,2576.85,2576.85
156,880.00,32.15374518,119.92399437,32.15374518,119.92399437,32.15374518,119.92399437,0.6967,0.00,0,8,split_disk,17,1,-1,2697.26,1310.60,1310.60
157,886.00,32.15374518,119.92399437,32.15374518,119.92399437,32.15374518,119.92399437,0.6967,0.00,0,8,split_disk,17,1,-1,2602.59,1315.21,1315.21
158,893.00,32.15374518,119.92399437,32.15374518,119.92399437,32.15374518,119.92399437,0.6967,0.00,0,8,split_disk,17,1,-1,2493.22,1255.40,1255.40
159,899.00,32.15467272,119.92528773,32.15374518,119.92399437,32.15374518,119.92399437,0.5333,159.70,1,31,split_disk,10,1,-1,2188.38,1183.08,1183.08
160,905.00,32.15640497,119.92084406,32.15374518,119.92399437,32.15374518,119.92399437,0.6267,419.20,1,53,split_disk,14,1,-1,1945.59,1117.19,1117.19
161,911.00,32.15374518,119.92399437,32.15374518,119.92399437,32.15374518,119.92399437,0.6967,0.00,0,8,split_disk,17,1,-1,2166.28,1933.30,1933.30
162,917.00,32.15374518,119.92399437,32.15374518,119.92399437,32.15374518,119.92399437,0.6967,0.00,0,8,split_disk,17,1,-1,2081.52,1810.29,1810.29
163,924.00,32.15374518,119.92399437,32.15374518,119.92399437,32.15374518,119.92399437,0.6967,0.00,0,8,split_disk,17,1,-1,1985.33,1710.56,1710.56
164,930.00,32.15374518,119.92399437,32.15374518,119.92399437,32.15374518,119.92399437,0.6967,0.00,0,8,split_disk,17,1,-1,1878.94,1599.82,1599.82
165,936.00,32.15374518,119.92399437,32.15374518,119.92399437,32.15374518,119.92399437,0.6967,0.00,0,8,split_disk,17,1,-1,1773.15,1489.16,1489.16
166,943.00,32.15374518,119.92399437,32.15374518,119.92399437,32.15374518,119.92399437,0.6967,0.00,0,8,split_disk,17,1,-1,1668.08,1378.61,1378.61
167,949.00,32.15374518,119.92399437,32.15374518,119.92399437,32.15374518,119.92399437,0.6967,0.00,0,8,split_disk,17,1,-1,1600.52,1284.09,1284.09
168,956.00,32.15374518,119.92399437,32.15374518,119.92399437,32.15374518,119.92399437,0.6967,0.00,0,8,split_disk,17,1,-1,1499.89,1175.34,1175.34
169,962.00,32.15374518,119.92399437,32.15374518,119.92399437,32.15374518,119.92399437,0.6967,0.00,0,8,split_disk,17,1,-1,1410.69,1077.92,1077.92
170,968.00,32.23036691,119.94383199,32.15374518,119.92399437,32.15374518,119.92399437,0.5800,8731.82,1,1007,split_disk,12,1,-1,7584.71,1142.47,1142.47
171,974.00,32.23036691,119.94383199,32.15374518,119.92399437,32.15374518,119.92399437,0.5800,8731.82,1,1007,split_disk,12,1,-1,7678.50,993.44,993.44
172,980.00,32.15374518,119.92399437,32.15374518,119.92399437,32.15374518,119.92399437,0.6967,0.00,0,8,split_disk,17,1,-1,1184.64,795.90,795.90
173,986.00,32.15374518,119.92399437,32.15374518,119.92399437,32.15374518,119.92399437,0.6967,0.00,0,8,split_disk,17,1,-1,1101.29,698.17,698.17
174,992.00,32.15374518,119.92399437,32.15374518,119.92399437,32.15374518,119.92399437,0.6967,0.00,0,8,split_disk,17,1,-1,1023.26,690.24,690.24
175,997.00,32.15374518,119.92399437,32.15374518,119.92399437,32.15374518,119.92399437,0.6967,0.00,0,8,split_disk,17,1,-1,951.89,519.37,519.37
176,1003.00,32.15374518,119.92399437,32.15374518,119.92399437,32.15374518,119.92399437,0.6967,0.00,0,8,split_disk,17,1,-1,975.61,529.33,529.33
177,1009.00,32.15374518,119.92399437,32.15374518,119.92399437,32.15374518,119.92399437,0.6967,0.00,0,8,split_disk,17,1,-1,926.24,580.73,580.73
178,1052.00,32.15467272,119.92528773,32.15374518,119.92399437,32.15374518,119.92399437,0.5333,159.70,1,31,split_disk,10,1,-1,1152.82,266.78,266.78
179,1057.00,32.15990165,119.93985179,32.15374518,119.92399437,32.15374518,119.92399437,0.5800,1643.42,1,108,split_disk,12,1,-1,548.95,281.11,281.11
180,1062.00,32.15374518,119.92399437,32.15374518,119.92399437,32.15374518,119.92399437,0.6967,0.00,0,8,split_disk,17,1,-1,1211.20,423.65,423.65
181,1067.00,32.15990165,119.93985179,32.15374518,119.92399437,32.15374518,119.92399437,0.5800,1643.42,1,108,split_disk,12,1,-1,564.71,384.64,384.64
182,1071.00,32.15374518,119.92399437,32.15374518,119.92399437,32.15374518,119.92399437,0.6967,0.00,0,8,split_disk,17,1,-1,1339.24,435.94,435.94
183,1076.00,32.15374518,119.92399437,32.15374518,119.92399437,32.15374518,119.92399437,0.6967,0.00,0,8,split_disk,17,1,-1,1412.10,662.83,662.83
184,1081.00,32.15374518,119.92399437,32.15374518,119.92399437,32.15374518,119.92399437,0.6967,0.00,0,8,split_disk,17,1,-1,1425.61,1024.40,1024.40
185,1085.00,32.15374518,119.92399437,32.15374518,119.92399437,32.15374518,119.92399437,0.6967,0.00,0,8,split_disk,17,1,-1,1502.09,1221.16,1221.16
186,1090.00,32.15374518,119.92399437,32.15374518,119.92399437,32.15374518,119.92399437,0.6967,0.00,0,8,split_disk,17,1,-1,1590.16,1311.13,1311.13
187,1095.00,32.15374518,119.92399437,32.15374518,119.92399437,32.15374518,119.92399437,0.6967,0.00,0,8,split_disk,17,1,-1,1680.99,1309.06,1309.06
188,1100.00,32.15374518,119.92399437,32.15374518,119.92399437,32.15374518,119.92399437,0.6967,0.00,0,8,split_disk,17,1,-1,1774.16,1499.67,1499.67
189,1105.00,32.15374518,119.92399437,32.15374518,119.92399437,32.15374518,119.92399437,0.6967,0.00,0,8,split_disk,17,1,-1,1823.50,1483.02,1483.02
190,1109.00,32.15374518,119.92399437,32.15374518,119.92399437,32.15374518,119.92399437,0.6967,0.00,0,8,split_disk,17,1,-1,1922.67,1589.44,1589.44
191,1114.00,32.15374518,119.92399437,32.15374518,119.92399437,32.15374518,119.92399437,0.6967,0.00,0,8,split_disk,17,1,-1,2023.09,597.52,597.52
192,1119.00,32.15374518,119.92399437,32.15374518,119.92399437,32.15374518,119.92399437,0.6967,0.00,0,8,split_disk,17,1,-1,2114.41,1853.68,1853.68
193,1123.00,32.15374518,119.92399437,32.15374518,119.92399437,32.15374518,119.92399437,0.6967,0.00,0,8,split_disk,17,1,-1,2216.77,1901.21,1901.21
194,1128.00,32.23036691,119.94383199,32.15374518,119.92399437,32.15374518,119.92399437,0.5800,8731.82,1,1007,split_disk,12,1,-1,6560.59,1990.51,1990.51
195,1133.00,32.19528689,119.94535359,32.15374518,119.92399437,32.15374518,119.92399437,0.6267,5043.14,1,570,split_disk,14,1,-1,2819.35,1538.29,1538.29
196,1137.00,32.16108188,119.94584111,32.15374518,119.92399437,32.15374518,119.92399437,0.6033,2214.01,1,111,split_disk,13,1,-1,2140.71,2140.71,2140.71
197,1142.00,32.23036691,119.94383199,32.15374518,119.92399437,32.15374518,119.92399437,0.5800,8731.82,1,1007,split_disk,12,1,-1,6233.01,2319.84,2319.84
198,1146.00,32.23036691,119.94383199,32.15374518,119.92399437,32.15374518,119.92399437,0.5800,8731.82,1,1007,split_disk,12,1,-1,6134.87,1571.14,1571.14
199,1151.00,32.15374518,119.92399437,32.15374518,119.92399437,32.15374518,119.92399437,0.6967,0.00,0,8,split_disk,17,1,-1,2783.74,2517.49,2517.49
200,1155.00,32.15374518,119.92399437,32.15374518,119.92399437,32.15374518,119.92399437,0.6967,0.00,0,8,split_disk,17,1,-1,2891.99,2628.23,2628.23
201,1160.00,32.15374518,119.92399437,32.15374518,119.92399437,32.15374518,119.92399437,0.6967,0.00,0,8,split_disk,17,1,-1,3000.45,2739.01,2739.01
202,1164.00,32.15374518,119.92399437,32.15374518,119.92399437,32.15374518,119.92399437,0.6967,0.00,0,8,split_disk,17,1,-1,3109.12,2426.20,2426.20
203,1169.00,32.15374518,119.92399437,32.15374518,119.92399437,32.15374518,119.92399437,0.6967,0.00,0,8,split_disk,17,1,-1,3199.91,2565.65,2565.65
204,1173.00,32.23033472,119.95014531,32.15374518,119.92399437,32.15374518,119.92399437,0.6500,8874.66,1,1009,split_disk,15,1,-1,5645.08,1502.48,1502.48
205,1178.00,32.16108188,119.94584111,32.15374518,119.92399437,32.15374518,119.92399437,0.6033,2214.01,1,111,split_disk,13,1,-1,3036.29,1562.01,1562.01
206,1183.00,32.15374518,119.92399437,32.15374518,119.92399437,32.15374518,119.92399437,0.6967,0.00,0,8,split_disk,17,1,-1,3518.08,2048.35,2048.35
207,1188.00,32.15374518,119.92399437,32.15374518,119.92399437,32.15374518,119.92399437,0.6967,0.00,0,8,split_disk,17,1,-1,3627.98,2150.55,2150.55
208,1193.00,32.15374518,119.92399437,32.15374518,119.92399437,32.15374518,119.92399437,0.6967,0.00,0,8,split_disk,17,1,-1,3724.81,3105.80,3105.80
209,1198.00,32.15374518,119.92399437,32.15374518,119.92399437,32.15374518,119.92399437,0.6967,0.00,0,8,split_disk,17,1,-1,3835.25,3370.99,3370.99
210,1203.00,32.15374518,119.92399437,32.15374518,119.92399437,32.15374518,119.92399437,0.6967,0.00,0,8,split_disk,17,1,-1,3945.74,3637.00,3637.00
211,1208.00,32.15374518,119.92399437,32.15374518,119.92399437,32.15374518,119.92399437,0.6967,0.00,0,8,split_disk,17,1,-1,4056.28,3570.93,3570.93
212,1212.00,32.15374518,119.92399437,32.15374518,119.92399437,32.15374518,119.92399437,0.6967,0.00,0,8,split_disk,17,1,-1,4155.79,3703.95,3703.95
213,1217.00,32.18061349,119.90657733,32.15374518,119.92399437,32.15374518,119.92399437,0.6033,3411.39,1,368,split_disk,13,1,-1,2236.39,1429.12,1429.12
214,1221.00,32.17812538,119.91027288,32.15374518,119.92399437,32.15374518,119.92399437,0.5567,3006.06,1,323,split_disk,11,1,-1,2361.03,2234.71,2234.71
215,1226.00,32.17058482,119.91706673,32.15374518,119.92399437,32.16987490,119.91735878,0.7433,1984.92,0,235,split_disk,19,1,-1,2650.41,1221.74,1221.74
216,1230.00,32.19528689,119.94535359,32.17477793,119.91534173,32.17477793,119.91534173,0.6267,3633.76,1,570,split_disk,14,1,-1,1635.83,1034.86,1034.86
217,1235.00,32.15485512,119.90641249,32.18090672,119.91282041,32.18090672,119.91282041,0.5800,2962.21,1,23,split_disk,12,1,-1,4902.80,1253.04,1253.04
218,1240.00,32.23036691,119.94383199,32.18703551,119.91029909,32.18703551,119.91029909,0.5800,5765.82,1,1007,split_disk,12,1,-1,4171.92,1372.86,1372.86
219,1244.00,32.23036691,119.94383199,32.19193854,119.90828203,32.19193854,119.90828203,0.5800,5432.63,1,1007,split_disk,12,1,-1,4080.79,3220.94,3220.94
220,1249.00,32.23036691,119.94383199,32.19806733,119.90576071,32.19806733,119.90576071,0.5800,5078.26,1,1007,split_disk,12,1,-1,3980.04,3824.82,3824.82
221,1254.00,32.15374518,119.92399437,32.20419612,119.90323939,32.20419612,119.90323939,0.6967,5946.75,1,8,split_disk,17,1,-1,5127.38,3349.25,3349.25
222,1258.00,32.15374518,119.92399437,32.20909915,119.90122233,32.20909915,119.90122233,0.6967,6524.68,1,8,split_disk,17,1,-1,5238.53,3065.34,3065.34
223,1263.00,32.23036691,119.94383199,32.21522794,119.89870101,32.21522794,119.89870101,0.5800,4573.00,1,1007,split_disk,12,1,-1,3726.26,2832.92,2832.92
224,1267.00,32.23036691,119.94383199,32.22013097,119.89668395,32.22013097,119.89668395,0.5800,4584.98,1,1007,split_disk,12,1,-1,3629.33,2736.90,2736.90
225,1272.00,32.15374518,119.92399437,32.22625976,119.89416263,32.15374518,119.92399437,0.6967,8547.43,1,8,split_disk,17,1,-1,5556.86,1820.62,1820.62
226,1277.00,32.15374518,119.92399437,32.15374518,119.92399437,32.15374518,119.92399437,0.6967,0.00,0,8,split_disk,17,1,-1,5668.12,2900.13,2900.13
227,1281.00,32.15374518,119.92399437,32.15374518,119.92399437,32.15374518,119.92399437,0.6967,0.00,0,8,split_disk,17,1,-1,5777.02,2520.70,2520.70
228,1286.00,32.15374518,119.92399437,32.15374518,119.92399437,32.15374518,119.92399437,0.6967,0.00,0,8,split_disk,17,1,-1,5888.33,2114.45,2114.45
229,1291.00,32.25357278,119.94049847,32.15374518,119.92399437,32.23345367,119.93717224,0.7433,11221.02,0,1304,split_disk,19,1,-1,5413.89,4790.85,4790.85
230,1295.00,32.15374518,119.92399437,32.27282209,119.94368087,32.27282209,119.94368087,0.6967,13384.72,1,8,split_disk,17,1,-1,6110.94,2574.02,2574.02
231,1300.00,32.15374518,119.92399437,32.32203262,119.95181666,32.32203262,119.95181666,0.6967,18916.18,1,8,split_disk,17,1,-1,6222.24,2484.49,2484.49
232,1305.00,32.15374518,119.92399437,32.37124315,119.95995245,32.37124315,119.95995245,0.6967,24447.64,1,8,split_disk,17,1,-1,6321.67,2465.41,2465.41
233,1310.00,32.15374518,119.92399437,32.42045367,119.96808824,32.42045367,119.96808824,0.6967,29979.10,1,8,split_disk,17,1,-1,6432.99,2381.70,2381.70
234,1315.00,32.15374518,119.92399437,32.46966420,119.97622403,32.46966420,119.97622403,0.6967,35510.56,1,8,split_disk,17,1,-1,6544.31,2300.32,2300.32
235,1319.00,32.15374518,119.92399437,32.50903262,119.98273266,32.50903262,119.98273266,0.6967,39935.73,1,8,split_disk,17,1,-1,6655.63,2787.16,2787.16
236,1324.00,32.15374518,119.92399437,32.55824315,119.99086845,32.55824315,119.99086845,0.6967,45467.19,1,8,split_disk,17,1,-1,6766.95,2710.67,2710.67
237,1328.00,32.15374518,119.92399437,32.59761157,119.99737708,32.59761157,119.99737708,0.6967,49892.36,1,8,split_disk,17,1,-1,6878.87,2557.47,2557.47
238,1333.00,32.15374518,119.92399437,32.64682210,120.00551286,32.64682210,120.00551286,0.6967,55423.82,1,8,split_disk,17,1,-1,6979.05,2086.15,2086.15
239,1337.00,32.15374518,119.92399437,32.68619052,120.01202149,32.15374518,119.92399437,0.6967,59848.99,1,8,split_disk,17,1,-1,7090.36,2022.98,2022.98
240,1341.00,32.15374518,119.92399437,32.15374518,119.92399437,32.15374518,119.92399437,0.6967,0.00,0,8,split_disk,17,1,-1,7201.68,1964.10,1964.10
241,1346.00,32.15374518,119.92399437,32.15374518,119.92399437,32.15374518,119.92399437,0.6967,0.00,0,8,split_disk,17,1,-1,7312.99,1909.89,1909.89
242,1350.00,32.15374518,119.92399437,32.15374518,119.92399437,32.15374518,119.92399437,0.6967,0.00,0,8,split_disk,17,1,-1,7426.05,1946.77,1946.77
243,1355.00,32.15374518,119.92399437,32.15374518,119.92399437,32.15374518,119.92399437,0.6967,0.00,0,8,split_disk,17,1,-1,7537.34,1905.12,1905.12
244,1359.00,32.15374518,119.92399437,32.15374518,119.92399437,32.15374518,119.92399437,0.6967,0.00,0,8,split_disk,17,1,-1,7648.62,1869.18,1869.18
245,1364.00,32.15374518,119.92399437,32.15374518,119.92399437,32.15374518,119.92399437,0.6967,0.00,0,8,split_disk,17,1,-1,7748.78,1786.11,1786.11
246,1368.00,32.15374518,119.92399437,32.15374518,119.92399437,32.15374518,119.92399437,0.6967,0.00,0,8,split_disk,17,1,-1,7862.86,1880.40,1880.40
247,1372.00,32.23036691,119.94383199,32.15374518,119.92399437,32.15374518,119.92399437,0.5800,8731.82,1,1007,split_disk,12,1,-1,2365.17,1879.76,1879.76
248,1377.00,32.22473026,119.93904027,32.15374518,119.92399437,32.15374518,119.92399437,0.5800,8028.15,1,936,split_disk,12,1,-1,1881.23,1881.23,1881.23
249,1381.00,32.22473026,119.93904027,32.15374518,119.92399437,32.15374518,119.92399437,0.5800,8028.15,1,936,split_disk,12,1,-1,1889.27,817.09,817.09
250,1386.00,32.23036691,119.94383199,32.15374518,119.92399437,32.15374518,119.92399437,0.5800,8731.82,1,1007,split_disk,12,1,-1,2298.75,1882.34,1882.34
251,1390.00,32.23036691,119.94383199,32.15374518,119.92399437,32.15374518,119.92399437,0.5800,8731.82,1,1007,split_disk,12,1,-1,2380.94,1982.40,1982.40
252,1395.00,32.23036691,119.94383199,32.15374518,119.92399437,32.15374518,119.92399437,0.5800,8731.82,1,1007,split_disk,12,1,-1,2375.23,1975.55,1975.55
253,1399.00,32.15374518,119.92399437,32.15374518,119.92399437,32.15374518,119.92399437,0.6967,0.00,0,8,split_disk,17,1,-1,8634.09,2019.15,2019.15
254,1404.00,32.15374518,119.92399437,32.15374518,119.92399437,32.15374518,119.92399437,0.6967,0.00,0,8,split_disk,17,1,-1,8745.30,1978.47,1978.47
255,1409.00,32.23036691,119.94383199,32.15374518,119.92399437,32.15374518,119.92399437,0.5800,8731.82,1,1007,split_disk,12,1,-1,2386.69,1989.30,1989.30
256,1414.00,32.15627621,119.90623497,32.15374518,119.92399437,32.15374518,119.92399437,0.6267,1696.42,1,46,split_disk,14,1,-1,8634.49,2074.07,2074.07
257,1418.00,32.15374518,119.92399437,32.15374518,119.92399437,32.15374518,119.92399437,0.6967,0.00,0,8,split_disk,17,1,-1,9083.33,1101.81,1101.81
258,1423.00,32.15374518,119.92399437,32.15374518,119.92399437,32.15374518,119.92399437,0.6967,0.00,0,8,split_disk,17,1,-1,9183.39,2145.41,2145.41
259,1428.00,32.22588312,119.90986013,32.15374518,119.92399437,32.21114835,119.91274718,0.7667,8140.01,0,945,split_disk,20,1,4,1307.06,107.07,107.07
260,1432.00,32.22922478,119.91979861,32.24029306,119.90703674,32.23193436,119.91667441,0.8600,1721.39,0,972,split_disk,24,1,-1,996.42,205.64,205.64
261,1437.00,32.22922478,119.91979861,32.26258062,119.91620613,32.23602925,119.91906576,0.8600,3728.56,0,972,split_disk,24,1,-1,1117.24,345.77,345.77
262,1441.00,32.23036691,119.94383199,32.24652240,119.92020153,32.24652240,119.92020153,0.5800,2861.63,1,1007,split_disk,12,1,-1,2756.46,447.16,447.16
263,1446.00,32.23036691,119.94383199,32.25963884,119.92162124,32.25963884,119.92162124,0.5800,3872.37,1,1007,split_disk,12,1,-1,2799.44,552.38,552.38
264,1450.00,32.23036691,119.94383199,32.27013198,119.92275701,32.27013198,119.92275701,0.5800,4851.40,1,1007,split_disk,12,1,-1,2846.12,659.61,659.61
265,1455.00,32.23036691,119.94383199,32.28324842,119.92417673,32.28324842,119.92417673,0.5800,6171.05,1,1007,split_disk,12,1,-1,2974.95,988.78,988.78
266,1460.00,32.15374518,119.92399437,32.29636485,119.92559644,32.29636485,119.92559644,0.6967,15877.14,1,8,split_disk,17,1,-1,10072.30,1074.58,1074.58
267,1465.00,32.15374518,119.92399437,32.30948128,119.92701616,32.30948128,119.92701616,0.6967,17338.88,1,8,split_disk,17,1,-1,10183.38,2744.33,2744.33
268,1470.00,32.22153401,119.93987146,32.32259772,119.92843587,32.32259772,119.92843587,0.5800,11301.86,1,889,split_disk,12,1,-1,3372.85,2809.19,2809.19
269,1511.00,32.23036691,119.94383199,32.43015248,119.94007753,32.43015248,119.94007753,0.5800,22242.94,1,1007,split_disk,12,1,-1,2936.76,1329.45,1329.45
270,1518.00,32.22922478,119.91979861,32.44851548,119.94206513,32.22934186,119.91981050,0.8600,24501.38,0,972,split_disk,24,1,-1,1818.06,1018.21,1018.21
271,1524.00,32.22922478,119.91979861,32.22564474,119.91954056,32.22860733,119.91975411,0.8600,399.27,0,972,split_disk,24,1,-1,1706.75,1106.86,1106.86
272,1531.00,32.22922478,119.91979861,32.22693198,119.91962932,32.22891565,119.91977579,0.8600,255.73,0,972,split_disk,24,1,-1,1606.58,1006.71,1006.71
273,1538.00,32.23186310,119.93782999,32.22872553,119.91976067,32.22872553,119.91976067,0.6733,1737.52,1,1027,split_disk,16,1,-1,2004.96,705.41,705.41
274,1545.00,32.23186310,119.93782999,32.22853540,119.91974555,32.22853540,119.91974555,0.6733,1743.29,1,1027,split_disk,16,1,-1,1946.39,596.03,596.03
275,1552.00,32.23036691,119.94383199,32.22834528,119.91973043,32.22834528,119.91973043,0.5800,2281.39,1,1007,split_disk,12,1,-1,2519.17,548.90,548.90
276,1558.00,32.23186310,119.93782999,32.22818232,119.91971746,32.22818232,119.91971746,0.6733,1754.63,1,1027,split_disk,16,1,-1,1843.91,380.66,380.66
277,1563.00,32.22922478,119.91979861,32.22804652,119.91970666,32.22921569,119.91979790,0.8600,131.45,0,972,split_disk,24,1,-1,1056.66,277.31,277.31
278,1570.00,32.22922478,119.91979861,32.22934889,119.91980801,32.22924051,119.91979980,0.8600,13.84,0,972,split_disk,24,1,-1,962.69,255.46,255.46
279,1576.00,32.23036691,119.94383199,32.22927950,119.91980278,32.22927950,119.91980278,0.5800,2266.68,1,1007,split_disk,12,1,-1,2276.61,218.07,218.07
280,1582.00,32.23036691,119.94383199,32.22931850,119.91980575,32.22931850,119.91980575,0.5800,2266.17,1,1007,split_disk,12,1,-1,2247.94,850.65,850.65
281,1589.00,32.23036691,119.94383199,32.22936399,119.91980921,32.22936399,119.91980921,0.5800,2265.59,1,1007,split_disk,12,1,-1,2224.48,1798.28,1798.28
282,1595.00,32.15374518,119.92399437,32.22940298,119.91981218,32.22940298,119.91981218,0.6967,8431.43,1,8,split_disk,17,1,-1,8906.22,1811.06,1811.06
283,1602.00,32.15374518,119.92399437,32.22944848,119.91981565,32.22944848,119.91981565,0.6967,8436.48,1,8,split_disk,17,1,-1,8793.45,1702.09,1702.09
284,1608.00,32.15374518,119.92399437,32.22948747,119.91981862,32.22948747,119.91981862,0.6967,8440.80,1,8,split_disk,17,1,-1,8682.13,1693.09,1693.09
285,1615.00,32.23036691,119.94383199,32.22953296,119.91982209,32.22953296,119.91982209,0.5800,2263.53,1,1007,split_disk,12,1,-1,2091.33,1691.38,1691.38
286,1621.00,32.23036691,119.94383199,32.22957196,119.91982506,32.22957196,119.91982506,0.5800,2263.08,1,1007,split_disk,12,1,-1,2095.14,1696.09,1696.09
287,1628.00,32.15374518,119.92399437,32.22961745,119.91982853,32.22961745,119.91982853,0.6967,8455.21,1,8,split_disk,17,1,-1,8358.83,1604.80,1604.80
288,1635.00,32.15374518,119.92399437,32.22966294,119.91983200,32.15374518,119.92399437,0.6967,8460.26,1,8,split_disk,17,1,-1,8247.51,1597.63,1597.63
289,1641.00,32.15374518,119.92399437,32.15374518,119.92399437,32.15374518,119.92399437,0.6967,0.00,0,8,split_disk,17,1,-1,8136.19,1598.19,1598.19
290,1648.00,32.15374518,119.92399437,32.15374518,119.92399437,32.15374518,119.92399437,0.6967,0.00,0,8,split_disk,17,1,-1,8024.87,1606.49,1606.49
291,1654.00,32.23036691,119.94383199,32.15374518,119.92399437,32.15374518,119.92399437,0.5800,8731.82,1,1007,split_disk,12,1,-1,2111.61,1622.41,1622.41
292,1661.00,32.23036691,119.94383199,32.15374518,119.92399437,32.15374518,119.92399437,0.5800,8731.82,1,1007,split_disk,12,1,-1,2058.92,1551.67,1551.67
293,1667.00,32.23036691,119.94383199,32.15374518,119.92399437,32.15374518,119.92399437,0.5800,8731.82,1,1007,split_disk,12,1,-1,2103.97,1583.08,1583.08
294,1673.00,32.23036691,119.94383199,32.15374518,119.92399437,32.15374518,119.92399437,0.5800,8731.82,1,1007,split_disk,12,1,-1,2153.84,1309.61,1309.61
295,1679.00,32.23036691,119.94383199,32.15374518,119.92399437,32.15374518,119.92399437,0.5800,8731.82,1,1007,split_disk,12,1,-1,2208.19,1590.35,1590.35
296,1685.00,32.23036691,119.94383199,32.15374518,119.92399437,32.15374518,119.92399437,0.5800,8731.82,1,1007,split_disk,12,1,-1,2266.71,1563.56,1563.56
297,1691.00,32.15374518,119.92399437,32.15374518,119.92399437,32.15374518,119.92399437,0.6967,0.00,0,8,split_disk,17,1,-1,7259.28,1695.19,1695.19
298,1697.00,32.15374518,119.92399437,32.15374518,119.92399437,32.15374518,119.92399437,0.6967,0.00,0,8,split_disk,17,1,-1,7148.00,2644.49,2644.49
299,1703.00,32.15374518,119.92399437,32.15374518,119.92399437,32.15374518,119.92399437,0.6967,0.00,0,8,split_disk,17,1,-1,7047.85,1821.37,1821.37
300,1709.00,32.15374518,119.92399437,32.15374518,119.92399437,32.15374518,119.92399437,0.6967,0.00,0,8,split_disk,17,1,-1,6936.57,1893.91,1893.91
301,1715.00,32.22617281,119.91442361,32.15374518,119.92399437,32.15374518,119.92399437,0.6500,8112.89,1,947,split_disk,15,1,-1,1697.12,1697.12,1697.12
302,1721.00,32.23036691,119.94383199,32.15374518,119.92399437,32.15374518,119.92399437,0.5800,8731.82,1,1007,split_disk,12,1,-1,2550.72,1706.68,1706.68
303,1728.00,32.15374518,119.92399437,32.15374518,119.92399437,32.15374518,119.92399437,0.6967,0.00,0,8,split_disk,17,1,-1,6606.15,2070.64,2070.64
304,1734.00,32.15374518,119.92399437,32.15374518,119.92399437,32.15374518,119.92399437,0.6967,0.00,0,8,split_disk,17,1,-1,6494.94,1856.64,1856.64
305,1741.00,32.15374518,119.92399437,32.15374518,119.92399437,32.15374518,119.92399437,0.6967,0.00,0,8,split_disk,17,1,-1,6394.85,1928.71,1928.71
306,1746.00,32.15374518,119.92399437,32.15374518,119.92399437,32.15374518,119.92399437,0.6967,0.00,0,8,split_disk,17,1,-1,6288.63,2277.30,2277.30
307,1752.00,32.15374518,119.92399437,32.15374518,119.92399437,32.15374518,119.92399437,0.6967,0.00,0,8,split_disk,17,1,-1,6177.51,2372.05,2372.05
308,1758.00,32.23036691,119.94383199,32.15374518,119.92399437,32.15374518,119.92399437,0.5800,8731.82,1,1007,split_disk,12,1,-1,3017.35,2129.67,2129.67
309,1764.00,32.23036691,119.94383199,32.15374518,119.92399437,32.15374518,119.92399437,0.5800,8731.82,1,1007,split_disk,12,1,-1,3111.84,2221.82,2221.82
310,1770.00,32.16108188,119.94584111,32.15374518,119.92399437,32.15374518,119.92399437,0.6033,2214.01,1,111,split_disk,13,1,-1,5350.94,2315.66,2315.66
311,1776.00,32.16108188,119.94584111,32.15374518,119.92399437,32.15374518,119.92399437,0.6033,2214.01,1,111,split_disk,13,1,-1,5214.46,2723.13,2723.13
312,1782.00,32.16108188,119.94584111,32.15374518,119.92399437,32.15374518,119.92399437,0.6033,2214.01,1,111,split_disk,13,1,-1,5120.03,2814.66,2814.66
313,1788.00,32.16108188,119.94584111,32.15374518,119.92399437,32.15374518,119.92399437,0.6033,2214.01,1,111,split_disk,13,1,-1,5015.37,2917.03,2917.03
314,1795.00,32.23036691,119.94383199,32.15374518,119.92399437,32.15374518,119.92399437,0.5800,8731.82,1,1007,split_disk,12,1,-1,3547.27,1504.39,1504.39
315,1801.00,32.23036691,119.94383199,32.15374518,119.92399437,32.15374518,119.92399437,0.5800,8731.82,1,1007,split_disk,12,1,-1,3648.08,1432.98,1432.98
316,1808.00,32.23036691,119.94383199,32.15374518,119.92399437,32.15374518,119.92399437,0.5800,8731.82,1,1007,split_disk,12,1,-1,3712.14,3196.04,3196.04
317,1816.00,32.15826596,119.91110277,32.15374518,119.92399437,32.15826596,119.91110277,0.5333,1314.48,1,71,split_disk,10,1,-1,4801.23,3683.68,3683.68
318,1823.00,32.15826596,119.91110277,32.15826596,119.91110277,32.15826596,119.91110277,0.5333,0.00,0,71,split_disk,10,1,-1,4708.23,3779.97,3779.97
319,1829.00,32.23036691,119.94383199,32.15826596,119.91110277,32.15826596,119.91110277,0.5800,8598.01,1,1007,split_disk,12,1,-1,4011.93,3503.13,3503.13
320,1836.00,32.15826596,119.91110277,32.15826596,119.91110277,32.15826596,119.91110277,0.5333,0.00,0,71,split_disk,10,1,-1,4502.67,4188.15,4188.15
321,1842.00,32.15485512,119.90641249,32.15826596,119.91110277,32.15826596,119.91110277,0.5800,582.55,1,23,split_disk,12,1,-1,4973.94,4274.48,4274.48
322,1849.00,32.15374518,119.92399437,32.15826596,119.91110277,32.15826596,119.91110277,0.6967,1314.48,1,8,split_disk,17,1,-1,4566.59,3799.21,3799.21
323,1855.00,32.15374518,119.92399437,32.15826596,119.91110277,32.15826596,119.91110277,0.6967,1314.48,1,8,split_disk,17,1,-1,4456.48,3920.71,3920.71
324,1862.00,32.15374518,119.92399437,32.15826596,119.91110277,32.15826596,119.91110277,0.6967,1314.48,1,8,split_disk,17,1,-1,4346.43,4015.34,4015.34
325,1868.00,32.15374518,119.92399437,32.15826596,119.91110277,32.15826596,119.91110277,0.6967,1314.48,1,8,split_disk,17,1,-1,4247.44,3367.02,3367.02
326,1874.00,32.25357278,119.94049847,32.15826596,119.91110277,32.25309415,119.94035084,0.7433,10964.93,0,1304,split_disk,19,1,-1,7165.66,3140.73,3140.73
327,1880.00,32.25357278,119.94049847,32.27207503,119.94620516,32.25662621,119.94144025,0.7433,2128.66,0,1304,split_disk,19,1,-1,7276.22,3038.82,3038.82
328,1887.00,32.15374518,119.92399437,32.26515107,119.94406958,32.26515107,119.94406958,0.6967,12545.04,1,8,split_disk,17,1,-1,3934.93,2351.23,2351.23
329,1893.00,32.15787971,119.94776847,32.27245809,119.94632330,32.27245809,119.94632330,0.5567,12755.59,1,88,split_disk,11,1,-1,3465.10,2244.37,2244.37
330,1899.00,32.15374518,119.92399437,32.27976512,119.94857701,32.27976512,119.94857701,0.6967,14218.36,1,8,split_disk,17,1,-1,3737.01,2111.52,2111.52
331,1906.00,32.15374518,119.92399437,32.28828998,119.95120635,32.28828998,119.95120635,0.6967,15195.28,1,8,split_disk,17,1,-1,3628.70,2978.60,2978.60
332,1912.00,32.15374518,119.92399437,32.29559700,119.95346006,32.29559700,119.95346006,0.6967,16033.01,1,8,split_disk,17,1,-1,3531.38,2880.19,2880.19
333,1919.00,32.15374518,119.92399437,32.30412186,119.95608940,32.30412186,119.95608940,0.6967,17010.74,1,8,split_disk,17,1,-1,3423.45,3183.28,3183.28
334,1926.00,32.15374518,119.92399437,32.31264672,119.95871873,32.31264672,119.95871873,0.6967,17988.79,1,8,split_disk,17,1,-1,3315.74,1696.08,1696.08
335,1933.00,32.15640497,119.92084406,32.32117158,119.96134806,32.32117158,119.96134806,0.6267,18734.43,1,53,split_disk,14,1,-1,2926.68,1561.16,1561.16
336,1939.00,32.16108188,119.94584111,32.32847860,119.96360178,32.32847860,119.96360178,0.6033,18709.55,1,111,split_disk,13,1,-1,2517.21,1945.36,1945.36
337,1946.00,32.16108188,119.94584111,32.33700346,119.96623111,32.16108188,119.94584111,0.6033,19677.55,1,111,split_disk,13,1,-1,2421.35,1879.80,1879.80
338,1953.00,32.23036691,119.94383199,32.16108188,119.94584111,32.16108188,119.94584111,0.5800,7715.13,1,1007,split_disk,12,1,-1,5935.08,1818.69,1818.69
339,1960.00,32.23036691,119.94383199,32.16108188,119.94584111,32.16108188,119.94584111,0.5800,7715.13,1,1007,split_disk,12,1,-1,6033.70,2518.92,2518.92
340,1967.00,32.23036691,119.94383199,32.16108188,119.94584111,32.16108188,119.94584111,0.5800,7715.13,1,1007,split_disk,12,1,-1,6127.86,2433.38,2433.38
341,1974.00,32.15374518,119.92399437,32.16108188,119.94584111,32.16108188,119.94584111,0.6967,2214.01,1,8,split_disk,17,1,-1,2648.97,2326.16,2326.16
342,1981.00,32.15374518,119.92399437,32.16108188,119.94584111,32.16108188,119.94584111,0.6967,2214.01,1,8,split_disk,17,1,-1,2546.95,2219.33,2219.33
343,1987.00,32.15374518,119.92399437,32.16108188,119.94584111,32.16108188,119.94584111,0.6967,2214.01,1,8,split_disk,17,1,-1,2445.74,2112.98,2112.98
344,1994.00,32.23036691,119.94383199,32.16108188,119.94584111,32.16108188,119.94584111,0.5800,7715.13,1,1007,split_disk,12,1,-1,6568.01,2007.15,2007.15
345,2000.00,32.15374518,119.92399437,32.16108188,119.94584111,32.16108188,119.94584111,0.6967,2214.01,1,8,split_disk,17,1,-1,2300.97,1945.96,1945.96
346,2006.00,32.15374518,119.92399437,32.16108188,119.94584111,32.16108188,119.94584111,0.6967,2214.01,1,8,split_disk,17,1,-1,2204.78,1843.33,1843.33
347,2012.00,32.15374518,119.92399437,32.16108188,119.94584111,32.15374518,119.92399437,0.6967,2214.01,1,8,split_disk,17,1,-1,2110.07,1834.97,1834.97
348,2019.00,32.15374518,119.92399437,32.15374518,119.92399437,32.15374518,119.92399437,0.6967,0.00,0,8,split_disk,17,1,-1,2017.06,1740.05,1740.05
349,2025.00,32.15374518,119.92399437,32.15374518,119.92399437,32.15374518,119.92399437,0.6967,0.00,0,8,split_disk,17,1,-1,1982.89,1589.62,1589.62
350,2032.00,32.15374518,119.92399437,32.15374518,119.92399437,32.15374518,119.92399437,0.6967,0.00,0,8,split_disk,17,1,-1,1896.72,1495.70,1495.70
351,2039.00,32.15374518,119.92399437,32.15374518,119.92399437,32.15374518,119.92399437,0.6967,0.00,0,8,split_disk,17,1,-1,1813.30,1404.33,1404.33
352,2046.00,32.23036691,119.94383199,32.15374518,119.92399437,32.15374518,119.92399437,0.5800,8731.82,1,1007,split_disk,12,1,-1,7406.04,1324.70,1324.70
353,2052.00,32.15374518,119.92399437,32.15374518,119.92399437,32.15374518,119.92399437,0.6967,0.00,0,8,split_disk,17,1,-1,1663.81,1239.73,1239.73
354,2059.00,32.15374518,119.92399437,32.15374518,119.92399437,32.15374518,119.92399437,0.6967,0.00,0,8,split_disk,17,1,-1,1664.56,1368.69,1368.69
355,2066.00,32.15374518,119.92399437,32.15374518,119.92399437,32.15374518,119.92399437,0.6967,0.00,0,8,split_disk,17,1,-1,1599.34,1154.00,1154.00
356,2073.00,32.23036691,119.94383199,32.15374518,119.92399437,32.15374518,119.92399437,0.5800,8731.82,1,1007,split_disk,12,1,-1,7840.32,1069.42,1069.42
357,2080.00,32.15990165,119.93985179,32.15374518,119.92399437,32.15374518,119.92399437,0.5800,1643.42,1,108,split_disk,12,1,7,303.86,110.26,110.26
358,2087.00,32.15990165,119.93985179,32.15374518,119.92399437,32.15374518,119.92399437,0.5800,1643.42,1,108,split_disk,12,1,6,363.24,85.08,85.08
359,2094.00,32.15990165,119.93985179,32.15374518,119.92399437,32.15374518,119.92399437,0.5800,1643.42,1,108,split_disk,12,1,6,381.11,68.15,68.15
360,2137.00,32.15640497,119.92084406,32.15374518,119.92399437,32.15374518,119.92399437,0.6267,419.20,1,53,split_disk,14,1,6,1901.21,140.18,140.18
361,2141.00,32.15640497,119.92084406,32.15374518,119.92399437,32.15374518,119.92399437,0.6267,419.20,1,53,split_disk,14,1,6,1816.70,11.81,11.81
362,2146.00,32.15467272,119.92528773,32.15374518,119.92399437,32.15374518,119.92399437,0.5333,159.70,1,31,split_disk,10,1,5,1687.27,122.35,122.35
363,2151.00,32.15374518,119.92399437,32.15374518,119.92399437,32.15374518,119.92399437,0.6967,0.00,0,8,split_disk,17,1,-1,1808.04,1305.26,1305.26
364,2155.00,32.15374518,119.92399437,32.15374518,119.92399437,32.15374518,119.92399437,0.6967,0.00,0,8,split_disk,17,1,-1,1861.98,1379.02,1379.02
365,2160.00,32.15374518,119.92399437,32.15374518,119.92399437,32.15374518,119.92399437,0.6967,0.00,0,8,split_disk,17,1,-1,1920.87,1477.75,1477.75
366,2165.00,32.15374518,119.92399437,32.15374518,119.92399437,32.15374518,119.92399437,0.6967,0.00,0,8,split_disk,17,1,-1,1908.91,1472.66,1472.66
367,2169.00,32.23036691,119.94383199,32.15374518,119.92399437,32.15374518,119.92399437,0.5800,8731.82,1,1007,split_disk,12,1,-1,7348.60,1540.34,1540.34
368,2174.00,32.15374518,119.92399437,32.15374518,119.92399437,32.15374518,119.92399437,0.6967,0.00,0,8,split_disk,17,1,-1,2045.13,1619.49,1619.49
369,2178.00,32.23036691,119.94383199,32.15374518,119.92399437,32.15374518,119.92399437,0.5800,8731.82,1,1007,split_disk,12,1,-1,7126.47,1702.25,1702.25
370,2182.00,32.15374518,119.92399437,32.15374518,119.92399437,32.15374518,119.92399437,0.6967,0.00,0,8,split_disk,17,1,-1,2137.88,1731.20,1731.20
371,2187.00,32.15374518,119.92399437,32.15374518,119.92399437,32.15374518,119.92399437,0.6967,0.00,0,8,split_disk,17,1,-1,2222.51,1822.51,1822.51
372,2191.00,32.15374518,119.92399437,32.15374518,119.92399437,32.15374518,119.92399437,0.6967,0.00,0,8,split_disk,17,1,-1,2309.40,1915.93,1915.93
373,2195.00,32.15374518,119.92399437,32.15374518,119.92399437,32.15374518,119.92399437,0.6967,0.00,0,8,split_disk,17,1,-1,2389.33,2001.57,2001.57
374,2200.00,32.15374518,119.92399437,32.15374518,119.92399437,32.15374518,119.92399437,0.6967,0.00,0,8,split_disk,17,1,-1,2479.88,2029.76,2029.76
375,2204.00,32.15374518,119.92399437,32.15374518,119.92399437,32.15374518,119.92399437,0.6967,0.00,0,8,split_disk,17,1,-1,2521.42,1779.03,1779.03
376,2209.00,32.15374518,119.92399437,32.15374518,119.92399437,32.15374518,119.92399437,0.6967,0.00,0,8,split_disk,17,1,-1,2616.87,1484.78,1484.78
377,2213.00,32.24382788,119.92586402,32.15374518,119.92399437,32.15374518,119.92399437,0.6500,10029.55,1,1182,split_disk,15,1,-1,7910.14,1594.27,1594.27
378,2218.00,32.15990165,119.93985179,32.15374518,119.92399437,32.15374518,119.92399437,0.5800,1643.42,1,108,split_disk,12,1,-1,1703.99,1703.99,1703.99
379,2222.00,32.15467272,119.92528773,32.15374518,119.92399437,32.15374518,119.92399437,0.5333,159.70,1,31,split_disk,10,1,-1,2733.32,995.53,995.53
380,2227.00,32.15467272,119.92528773,32.15374518,119.92399437,32.15374518,119.92399437,0.5333,159.70,1,31,split_disk,10,1,-1,2778.54,1106.15,1106.15
381,2231.00,32.23036691,119.94383199,32.15374518,119.92399437,32.15374518,119.92399437,0.5800,8731.82,1,1007,split_disk,12,1,-1,5847.28,1216.24,1216.24
382,2236.00,32.23036691,119.94383199,32.15374518,119.92399437,32.15374518,119.92399437,0.5800,8731.82,1,1007,split_disk,12,1,-1,5736.95,1326.53,1326.53
383,2240.00,32.16108188,119.94584111,32.15374518,119.92399437,32.15374518,119.92399437,0.6033,2214.01,1,111,split_disk,13,1,-1,2429.66,2429.66,2429.66
384,2245.00,32.16108188,119.94584111,32.15374518,119.92399437,32.15374518,119.92399437,0.6033,2214.01,1,111,split_disk,13,1,-1,2532.07,1547.55,1547.55
385,2249.00,32.16108188,119.94584111,32.15374518,119.92399437,32.15374518,119.92399437,0.6033,2214.01,1,111,split_disk,13,1,-1,2671.39,1670.64,1670.64
386,2254.00,32.16108188,119.94584111,32.15374518,119.92399437,32.16108188,119.94584111,0.6033,2214.01,1,111,split_disk,13,1,-1,2763.54,2324.97,2324.97
387,2258.00,32.23036691,119.94383199,32.16108188,119.94584111,32.16108188,119.94584111,0.5800,7715.13,1,1007,split_disk,12,1,-1,5211.80,3342.21,3342.21
388,2263.00,32.23036691,119.94383199,32.16108188,119.94584111,32.16108188,119.94584111,0.5800,7715.13,1,1007,split_disk,12,1,-1,5102.06,3450.91,3450.91
389,2267.00,32.15374518,119.92399437,32.16108188,119.94584111,32.16108188,119.94584111,0.6967,2214.01,1,8,split_disk,17,1,-1,3827.18,3541.55,3541.55
390,2272.00,32.15374518,119.92399437,32.16108188,119.94584111,32.16108188,119.94584111,0.6967,2214.01,1,8,split_disk,17,1,-1,3934.44,3399.05,3399.05
391,2276.00,32.15374518,119.92399437,32.16108188,119.94584111,32.16108188,119.94584111,0.6967,2214.01,1,8,split_disk,17,1,-1,4041.91,2029.73,2029.73
392,2280.00,32.23033472,119.95014531,32.16108188,119.94584111,32.16108188,119.94584111,0.6500,7719.88,1,1009,split_disk,15,1,-1,4780.42,3357.74,3357.74
393,2285.00,32.23033472,119.95014531,32.16108188,119.94584111,32.16108188,119.94584111,0.6500,7719.88,1,1009,split_disk,15,1,-1,4684.46,2543.25,2543.25
394,2289.00,32.15640497,119.92084406,32.16108188,119.94584111,32.16108188,119.94584111,0.6267,2411.49,1,53,split_disk,14,1,-1,3996.40,2667.93,2667.93
395,2294.00,32.15640497,119.92084406,32.16108188,119.94584111,32.16108188,119.94584111,0.6267,2411.49,1,53,split_disk,14,1,-1,4103.18,2777.69,2777.69
396,2299.00,32.15374518,119.92399437,32.16108188,119.94584111,32.15374518,119.92399437,0.6967,2214.01,1,8,split_disk,17,1,-1,4550.70,3805.29,3805.29
397,2303.00,32.15374518,119.92399437,32.15374518,119.92399437,32.15374518,119.92399437,0.6967,0.00,0,8,split_disk,17,1,-1,4659.65,3695.69,3695.69
398,2308.00,32.15374518,119.92399437,32.15374518,119.92399437,32.15374518,119.92399437,0.6967,0.00,0,8,split_disk,17,1,-1,4768.71,3434.00,3434.00
399,2312.00,32.15374518,119.92399437,32.15374518,119.92399437,32.15374518,119.92399437,0.6967,0.00,0,8,split_disk,17,1,-1,4860.51,3106.24,3106.24
400,2317.00,32.15826596,119.91110277,32.15374518,119.92399437,32.15374518,119.92399437,0.5333,1314.48,1,71,split_disk,10,1,-1,4751.07,3985.40,3985.40
401,2321.00,32.19528689,119.94535359,32.15374518,119.92399437,32.15374518,119.92399437,0.6267,5043.14,1,570,split_disk,14,1,-1,1165.92,957.92,957.92
402,2325.00,32.17058482,119.91706673,32.15374518,119.92399437,32.16982274,119.91738024,0.7433,1984.92,0,235,split_disk,19,1,-1,3430.21,1030.97,1030.97
403,2330.00,32.15374518,119.92399437,32.17619493,119.91475879,32.17619493,119.91475879,0.6967,2646.19,1,8,split_disk,17,1,-1,5288.50,2937.94,2937.94
404,2334.00,32.15374518,119.92399437,32.18129268,119.91266163,32.18129268,119.91266163,0.6967,3247.08,1,8,split_disk,17,1,-1,5384.35,2990.46,2990.46
405,2339.00,32.23036691,119.94383199,32.18766487,119.91004017,32.18766487,119.91004017,0.5800,5720.87,1,1007,split_disk,12,1,-1,3393.72,2883.83,2883.83
406,2344.00,32.23036691,119.94383199,32.19403707,119.90741872,32.19403707,119.90741872,0.5800,5302.88,1,1007,split_disk,12,1,-1,3300.71,1420.00,1420.00
407,2348.00,32.15374518,119.92399437,32.19913482,119.90532155,32.19913482,119.90532155,0.6967,5350.16,1,8,split_disk,17,1,-1,5704.16,2567.78,2567.78
408,2353.00,32.15374518,119.92399437,32.20550701,119.90270010,32.20550701,119.90270010,0.6967,6101.27,1,8,split_disk,17,1,-1,5803.01,2609.19,2609.19
409,2358.00,32.15374518,119.92399437,32.21187920,119.90007865,32.21187920,119.90007865,0.6967,6852.37,1,8,split_disk,17,1,-1,5913.61,2139.92,2139.92
410,2363.00,32.23036691,119.94383199,32.21825140,119.89745719,32.21825140,119.89745719,0.5800,4571.77,1,1007,split_disk,12,1,-1,2934.81,2040.44,2040.44
411,2367.00,32.15374518,119.92399437,32.22334915,119.89536003,32.22334915,119.89536003,0.6967,8204.35,1,8,split_disk,17,1,-1,6134.90,2300.67,2300.67
412,2372.00,32.15374518,119.92399437,32.22972134,119.89273857,32.15374518,119.92399437,0.6967,8955.46,1,8,split_disk,17,1,-1,6245.58,2199.48,2199.48
413,2376.00,32.23036691,119.94383199,32.15374518,119.92399437,32.15374518,119.92399437,0.5800,8731.82,1,1007,split_disk,12,1,-1,2700.28,2152.80,2152.80
414,2381.00,32.23036691,119.94383199,32.15374518,119.92399437,32.15374518,119.92399437,0.5800,8731.82,1,1007,split_disk,12,1,-1,2606.57,2055.79,2055.79
415,2385.00,32.23036691,119.94383199,32.15374518,119.92399437,32.15374518,119.92399437,0.5800,8731.82,1,1007,split_disk,12,1,-1,2514.29,1633.81,1633.81
416,2389.00,32.16804305,119.91581841,32.15374518,119.92399437,32.16803208,119.91582468,0.9533,1768.17,0,188,split_disk,28,1,-1,5226.77,4860.82,4860.82
417,2394.00,32.17058482,119.91706673,32.16956495,119.91494814,32.17043452,119.91675452,0.7433,229.60,0,235,split_disk,19,1,-1,4897.21,2658.40,2658.40
418,2398.00,32.17058482,119.91706673,32.17224490,119.91726661,32.17095021,119.91711073,0.7433,185.76,0,235,split_disk,19,1,-1,4984.24,2066.53,2066.53
419,2403.00,32.17058482,119.91706673,32.17226508,119.91763668,32.17092877,119.91718340,0.7433,194.60,0,235,split_disk,19,1,-1,5093.00,2094.64,2094.64
420,2408.00,32.23036691,119.94383199,32.17138652,119.91741862,32.17138652,119.91741862,0.5800,7021.30,1,1007,split_disk,12,1,-1,2154.76,1589.08,1589.08
421,2412.00,32.15374518,119.92399437,32.17175273,119.91760679,32.17175273,119.91760679,0.6967,2092.95,1,8,split_disk,17,1,-1,7205.58,1512.58,1512.58
422,2417.00,32.15374518,119.92399437,32.17221048,119.91784201,32.17221048,119.91784201,0.6967,2135.69,1,8,split_disk,17,1,-1,7316.66,1231.45,1231.45
423,2421.00,32.15374518,119.92399437,32.17257668,119.91803019,32.17257668,119.91803019,0.6967,2170.30,1,8,split_disk,17,1,-1,7422.33,1452.14,1452.14
424,2426.00,32.15374518,119.92399437,32.17303443,119.91826540,32.17303443,119.91826540,0.6967,2214.05,1,8,split_disk,17,1,-1,7533.51,2467.17,2467.17
425,2430.00,32.23033472,119.95014531,32.17340063,119.91845358,32.17340063,119.91845358,0.6500,7005.75,1,1009,split_disk,15,1,-1,2238.68,2238.68,2238.68
426,2435.00,32.15467272,119.92528773,32.17385839,119.91868879,32.17385839,119.91868879,0.5333,2224.36,1,31,split_disk,10,1,-1,7545.00,2382.54,2382.54
427,2439.00,32.15467272,119.92528773,32.17422459,119.91887697,32.17422459,119.91887697,0.5333,2258.73,1,31,split_disk,10,1,-1,7656.18,2344.44,2344.44
428,2444.00,32.15640497,119.92084406,32.17468234,119.91911218,32.17468234,119.91911218,0.6267,2041.17,1,53,split_disk,14,1,-1,7573.66,2401.71,2401.71
429,2448.00,32.15640497,119.92084406,32.17504854,119.91930036,32.15640497,119.92084406,0.6267,2080.49,1,53,split_disk,14,1,-1,7684.76,2618.33,2618.33
430,2453.00,32.15640497,119.92084406,32.15640497,119.92084406,32.15640497,119.92084406,0.6267,0.00,0,53,split_disk,14,1,-1,7795.86,2589.48,2589.48
431,2457.00,32.23036691,119.94383199,32.15640497,119.92084406,32.15640497,119.92084406,0.5800,8513.42,1,1007,split_disk,12,1,-1,1741.77,951.84,951.84
432,2462.00,32.23036691,119.94383199,32.15640497,119.92084406,32.15640497,119.92084406,0.5800,8513.42,1,1007,split_disk,12,1,-1,1819.19,1422.19,1422.19
433,2467.00,32.15374518,119.92399437,32.15640497,119.92084406,32.15640497,119.92084406,0.6967,419.20,1,8,split_disk,17,1,-1,8505.70,1411.83,1411.83
434,2471.00,32.15374518,119.92399437,32.15640497,119.92084406,32.15640497,119.92084406,0.6967,419.20,1,8,split_disk,17,1,-1,8616.99,1468.35,1468.35
435,2476.00,32.23033472,119.95014531,32.15640497,119.92084406,32.15640497,119.92084406,0.6500,8680.35,1,1009,split_disk,15,1,-1,2212.13,2212.13,2212.13
436,2481.00,32.15990165,119.93985179,32.15640497,119.92084406,32.15640497,119.92084406,0.5800,1832.27,1,108,split_disk,12,1,-1,8159.99,2420.21,2420.21
437,2485.00,32.23033472,119.95014531,32.15640497,119.92084406,32.15640497,119.92084406,0.6500,8680.35,1,1009,split_disk,15,1,-1,2328.99,1255.39,1255.39
438,2490.00,32.15374518,119.92399437,32.15640497,119.92084406,32.15640497,119.92084406,0.6967,419.20,1,8,split_disk,17,1,-1,9060.67,1144.48,1144.48
439,2495.00,32.15374518,119.92399437,32.15640497,119.92084406,32.15640497,119.92084406,0.6967,419.20,1,8,split_disk,17,1,-1,9160.85,789.72,789.72
440,2499.00,32.15826596,119.91110277,32.15640497,119.92084406,32.15826596,119.91110277,0.5333,940.68,1,71,split_disk,10,1,-1,8768.15,566.64,566.64
441,2503.00,32.15603536,119.93871758,32.15826596,119.91110277,32.15826596,119.91110277,0.6500,2613.02,1,38,split_disk,15,1,-1,9274.92,591.03,591.03
442,2508.00,32.22922478,119.91979861,32.15826596,119.91110277,32.22915613,119.91979020,0.8600,7941.49,0,972,split_disk,24,1,-1,1166.17,294.31,294.31
443,2513.00,32.22922478,119.91979861,32.23736255,119.92079588,32.23036847,119.91993877,0.8600,910.75,0,972,split_disk,24,1,-1,1271.21,571.83,571.83
444,2517.00,32.22588312,119.90986013,32.23240214,119.92018799,32.22739183,119.91225034,0.7667,1213.69,0,945,split_disk,20,1,-1,1936.10,655.51,655.51
445,2522.00,32.23036691,119.94383199,32.22616408,119.90658942,32.22616408,119.90658942,0.5800,3539.15,1,1007,split_disk,12,1,-1,2344.42,628.26,628.26
446,2526.00,32.23036691,119.94383199,32.22518187,119.90206068,32.22518187,119.90206068,0.5800,3976.78,1,1007,split_disk,12,1,-1,2398.42,728.45,728.45
447,2531.00,32.23236739,119.91834041,32.22395412,119.89639976,32.22395412,119.89639976,0.5100,2269.02,1,1018,split_disk,9,1,-1,1277.66,844.69,844.69
448,2535.00,32.23261416,119.91271881,32.22297191,119.89187102,32.22297191,119.89187102,0.5800,2237.97,1,1015,split_disk,12,1,-1,1628.34,999.98,999.98
449,2540.00,32.15374518,119.92399437,32.22174415,119.88621009,32.22174415,119.88621009,0.6967,8364.62,1,8,split_disk,17,1,-1,10262.80,3163.17,3163.17
450,2544.00,32.15374518,119.92399437,32.22076195,119.88168135,32.22076195,119.88168135,0.6967,8458.25,1,8,split_disk,17,1,-1,10374.12,3223.07,3223.07
451,2549.00,32.15374518,119.92399437,32.21953419,119.87602043,32.21953419,119.87602043,0.6967,8605.60,1,8,split_disk,17,1,-1,10486.68,2596.29,2596.29
452,2553.00,32.15374518,119.92399437,32.21855199,119.87149169,32.21855199,119.87149169,0.6967,8746.67,1,8,split_disk,17,1,-1,10597.98,2678.21,2678.21
453,2557.00,32.15374518,119.92399437,32.21756978,119.86696295,32.21756978,119.86696295,0.6967,8907.30,1,8,split_disk,17,1,-1,10698.15,2887.38,2887.38
454,2602.00,32.15374518,119.92399437,32.20651997,119.81601464,32.15374518,119.92399437,0.6967,11745.98,1,8,split_disk,17,1,-1,10763.78,2753.05,2753.05
455,2608.00,32.15374518,119.92399437,32.15374518,119.92399437,32.15374518,119.92399437,0.6967,0.00,0,8,split_disk,17,1,-1,10652.46,2543.42,2543.42
456,2615.00,32.15374518,119.92399437,32.15374518,119.92399437,32.15374518,119.92399437,0.6967,0.00,0,8,split_disk,17,1,-1,10541.15,2454.48,2454.48
457,2621.00,32.23036691,119.94383199,32.15374518,119.92399437,32.15374518,119.92399437,0.5800,8731.82,1,1007,split_disk,12,1,-1,2572.43,1244.20,1244.20
458,2628.00,32.23186310,119.91659757,32.15374518,119.92399437,32.15374518,119.92399437,0.5333,8723.96,1,1017,split_disk,10,1,-1,1712.00,1264.87,1264.87
459,2635.00,32.23036691,119.94383199,32.15374518,119.92399437,32.15374518,119.92399437,0.5800,8731.82,1,1007,split_disk,12,1,-1,2419.17,1024.79,1024.79
460,2642.00,32.23036691,119.94383199,32.15374518,119.92399437,32.15374518,119.92399437,0.5800,8731.82,1,1007,split_disk,12,1,-1,2353.82,926.55,926.55
461,2649.00,32.23036691,119.94383199,32.15374518,119.92399437,32.15374518,119.92399437,0.5800,8731.82,1,1007,split_disk,12,1,-1,2284.17,817.96,817.96
462,2656.00,32.15603536,119.93871758,32.15374518,119.92399437,32.15374518,119.92399437,0.6500,1410.10,1,38,split_disk,15,1,-1,9747.81,741.17,741.17
463,2663.00,32.23036691,119.94383199,32.15374518,119.92399437,32.15374518,119.92399437,0.5800,8731.82,1,1007,split_disk,12,1,-1,2076.99,639.90,639.90
464,2670.00,32.23036691,119.94383199,32.15374518,119.92399437,32.15374518,119.92399437,0.5800,8731.82,1,1007,split_disk,12,1,-1,2016.24,1689.31,1689.31
465,2677.00,32.23036691,119.94383199,32.15374518,119.92399437,32.15374518,119.92399437,0.5800,8731.82,1,1007,split_disk,12,1,-1,1959.93,451.74,451.74
466,2684.00,32.15374518,119.92399437,32.15374518,119.92399437,32.15374518,119.92399437,0.6967,0.00,0,8,split_disk,17,1,-1,9442.95,1559.09,1559.09
467,2690.00,32.15374518,119.92399437,32.15374518,119.92399437,32.15374518,119.92399437,0.6967,0.00,0,8,split_disk,17,1,-1,9335.04,1420.46,1420.46
468,2696.00,32.23036691,119.94383199,32.15374518,119.92399437,32.15374518,119.92399437,0.5800,8731.82,1,1007,split_disk,12,1,-1,1737.28,480.51,480.51
469,2702.00,32.23036691,119.94383199,32.15374518,119.92399437,32.15374518,119.92399437,0.5800,8731.82,1,1007,split_disk,12,1,-1,1700.26,1324.68,1324.68
470,2709.00,32.23036691,119.94383199,32.15374518,119.92399437,32.15374518,119.92399437,0.5800,8731.82,1,1007,split_disk,12,1,-1,1669.87,1285.43,1285.43
471,2716.00,32.23036691,119.94383199,32.15374518,119.92399437,32.15374518,119.92399437,0.5800,8731.82,1,1007,split_disk,12,1,-1,1553.85,1163.48,1163.48
472,2722.00,32.16108188,119.94584111,32.15374518,119.92399437,32.15374518,119.92399437,0.6033,2214.01,1,111,split_disk,13,1,-1,8166.31,1267.39,1267.39
473,2728.00,32.23036691,119.94383199,32.15374518,119.92399437,32.15374518,119.92399437,0.5800,8731.82,1,1007,split_disk,12,1,-1,1527.57,1128.15,1128.15
474,2734.00,32.23036691,119.94383199,32.15374518,119.92399437,32.15374518,119.92399437,0.5800,8731.82,1,1007,split_disk,12,1,-1,1526.23,1126.33,1126.33
475,2740.00,32.15374518,119.92399437,32.15374518,119.92399437,32.15374518,119.92399437,0.6967,0.00,0,8,split_disk,17,1,-1,8472.29,1134.73,1134.73
476,2747.00,32.15374518,119.92399437,32.15374518,119.92399437,32.15374518,119.92399437,0.6967,0.00,0,8,split_disk,17,1,-1,8367.01,1024.37,1024.37
477,2754.00,32.15374518,119.92399437,32.15374518,119.92399437,32.15374518,119.92399437,0.6967,0.00,0,8,split_disk,17,1,-1,8255.95,1032.39,1032.39
478,2760.00,32.15374518,119.92399437,32.15374518,119.92399437,32.15374518,119.92399437,0.6967,0.00,0,8,split_disk,17,1,-1,8144.90,1034.46,1034.46
479,2766.00,32.23036691,119.94383199,32.15374518,119.92399437,32.15374518,119.92399437,0.5800,8731.82,1,1007,split_disk,12,1,-1,1547.13,1048.42,1048.42
480,2772.00,32.23036691,119.94383199,32.15374518,119.92399437,32.15374518,119.92399437,0.5800,8731.82,1,1007,split_disk,12,1,-1,1592.65,927.02,927.02
481,2779.00,32.16108188,119.94584111,32.15374518,119.92399437,32.15374518,119.92399437,0.6033,2214.01,1,111,split_disk,13,1,-1,7169.05,1389.41,1389.41
482,2785.00,32.16108188,119.94584111,32.15374518,119.92399437,32.15374518,119.92399437,0.6033,2214.01,1,111,split_disk,13,1,-1,7060.36,1456.18,1456.18
483,2791.00,32.16108188,119.94584111,32.15374518,119.92399437,32.15374518,119.92399437,0.6033,2214.01,1,111,split_disk,13,1,-1,6951.75,1120.31,1120.31
484,2798.00,32.23036691,119.94383199,32.15374518,119.92399437,32.15374518,119.92399437,0.5800,8731.82,1,1007,split_disk,12,1,-1,1752.10,1189.30,1189.30
485,2804.00,32.15374518,119.92399437,32.15374518,119.92399437,32.15374518,119.92399437,0.6967,0.00,0,8,split_disk,17,1,-1,7386.71,1260.85,1260.85
486,2811.00,32.15374518,119.92399437,32.15374518,119.92399437,32.15374518,119.92399437,0.6967,0.00,0,8,split_disk,17,1,-1,7285.03,1273.61,1273.61
487,2818.00,32.17058482,119.91706673,32.15374518,119.92399437,32.16815922,119.91806460,0.7433,1984.92,0,235,split_disk,19,1,-1,5321.28,1350.31,1350.31
488,2824.00,32.15374518,119.92399437,32.17698446,119.91443399,32.17698446,119.91443399,0.6967,2739.26,1,8,split_disk,17,1,-1,7074.70,2418.66,2418.66
489,2831.00,32.15374518,119.92399437,32.18728057,119.91019827,32.18728057,119.91019827,0.6967,3952.88,1,8,split_disk,17,1,-1,6964.03,1530.52,1530.52
490,2838.00,32.15374518,119.92399437,32.19757669,119.90596255,32.19757669,119.90596255,0.6967,5166.50,1,8,split_disk,17,1,-1,6853.38,1299.39,1299.39
491,2845.00,32.15374518,119.92399437,32.20787281,119.90172683,32.20787281,119.90172683,0.6967,6380.13,1,8,split_disk,17,1,-1,6753.97,2451.39,2451.39
492,2852.00,32.15374518,119.92399437,32.21816892,119.89749111,32.21816892,119.89749111,0.6967,7593.75,1,8,split_disk,17,1,-1,6643.55,2538.63,2538.63
493,2859.00,32.15374518,119.92399437,32.22846504,119.89325540,32.22846504,119.89325540,0.6967,8807.37,1,8,split_disk,17,1,-1,6533.16,1878.34,1878.34
494,2866.00,32.15374518,119.92399437,32.23876116,119.88901968,32.23876116,119.88901968,0.6967,10021.00,1,8,split_disk,17,1,-1,6433.84,2709.27,2709.27
495,2873.00,32.15374518,119.92399437,32.24905727,119.88478396,32.24905727,119.88478396,0.6967,11234.62,1,8,split_disk,17,1,-1,6336.88,2750.35,2750.35
496,2880.00,32.15374518,119.92399437,32.25935339,119.88054824,32.25935339,119.88054824,0.6967,12448.24,1,8,split_disk,17,1,-1,6226.82,2952.70,2952.70
497,2887.00,32.15374518,119.92399437,32.26964951,119.87631253,32.15374518,119.92399437,0.6967,13661.87,1,8,split_disk,17,1,-1,6116.82,3045.53,3045.53
498,2894.00,32.15374518,119.92399437,32.15374518,119.92399437,32.15374518,119.92399437,0.6967,0.00,0,8,split_disk,17,1,-1,6006.86,2801.59,2801.59
499,2901.00,32.15374518,119.92399437,32.15374518,119.92399437,32.15374518,119.92399437,0.6967,0.00,0,8,split_disk,17,1,-1,5896.95,2467.77,2467.77
500,2908.00,32.15374518,119.92399437,32.15374518,119.92399437,32.15374518,119.92399437,0.6967,0.00,0,8,split_disk,17,1,-1,5814.17,3275.25,3275.25
501,2915.00,32.17058482,119.91706673,32.15374518,119.92399437,32.16788826,119.91817607,0.7433,1984.92,0,235,split_disk,19,1,-1,3964.04,3428.44,3428.44
502,2922.00,32.15627621,119.90623497,32.17772932,119.91412756,32.17772932,119.91412756,0.6267,2501.20,1,46,split_disk,14,1,-1,5740.57,3388.60,3388.60
503,2928.00,32.17058482,119.91706673,32.18616452,119.91065740,32.17157479,119.91665946,0.7433,1836.41,0,235,split_disk,19,1,-1,3762.45,3555.32,3555.32
504,2935.00,32.17058482,119.91706673,32.17368699,119.91579053,32.17108795,119.91685975,0.7433,365.66,0,235,split_disk,19,1,-1,3662.57,3202.59,3202.59
505,2941.00,32.15467272,119.92528773,32.17130664,119.91676978,32.17130664,119.91676978,0.5333,2018.05,1,31,split_disk,10,1,-1,5091.70,3573.90,3573.90
506,2948.00,32.15374518,119.92399437,32.17156179,119.91666482,32.17156179,119.91666482,0.6967,2100.08,1,8,split_disk,17,1,-1,5178.19,3766.71,3766.71
507,2954.00,32.15374518,119.92399437,32.17178048,119.91657486,32.17178048,119.91657486,0.6967,2125.85,1,8,split_disk,17,1,-1,5080.48,2445.05,2445.05
508,2961.00,32.15374518,119.92399437,32.17203562,119.91646990,32.17203562,119.91646990,0.6967,2155.93,1,8,split_disk,17,1,-1,4972.03,3857.48,3857.48
509,2967.00,32.16108188,119.94584111,32.17225431,119.91637994,32.17225431,119.91637994,0.6033,3041.07,1,111,split_disk,13,1,-1,4048.31,2399.07,2399.07
510,2973.00,32.16108188,119.94584111,32.17247300,119.91628997,32.17247300,119.91628997,0.6033,3058.81,1,111,split_disk,13,1,-1,3940.34,2291.12,2291.12
511,2979.00,32.25357278,119.94049847,32.17269170,119.91620001,32.25328314,119.94041145,0.7433,9290.05,0,1304,split_disk,19,1,-1,6703.20,3447.14,3447.14
512,2985.00,32.25357278,119.94049847,32.26793890,119.94465870,32.25582930,119.94115193,0.7433,1646.55,0,1304,split_disk,19,1,-1,6814.35,3287.85,3287.85
513,2991.00,32.25357278,119.94049847,32.26112184,119.94268771,32.25483662,119.94086498,0.7433,865.29,0,1304,split_disk,19,1,-1,6925.50,3569.09,3569.09
514,2997.00,32.25357278,119.94049847,32.25578628,119.94114132,32.25398645,119.94061860,0.7433,253.74,0,1304,split_disk,19,1,-1,7021.19,4596.95,4596.95
515,3004.00,32.25357278,119.94049847,32.25369436,119.94053440,32.25359236,119.94050425,0.7433,13.95,0,1304,split_disk,19,1,-1,7132.42,3146.95,3146.95
516,3010.00,32.25357278,119.94049847,32.25327953,119.94041361,32.25351480,119.94048169,0.7433,33.61,0,1304,split_disk,19,1,-1,7243.66,3233.60,3233.60
517,3017.00,32.15374518,119.92399437,32.25332996,119.94042806,32.25332996,119.94042806,0.6967,11193.33,1,8,split_disk,17,1,-1,4070.94,3174.26,3174.26
518,3022.00,32.16108188,119.94584111,32.25319793,119.94038976,32.25319793,119.94038976,0.6033,10267.21,1,111,split_disk,13,1,-1,3067.44,3067.44,3067.44
519,3028.00,32.16108188,119.94584111,32.25303950,119.94034379,32.25303950,119.94034379,0.6033,10249.81,1,111,split_disk,13,1,-1,2934.40,2934.40,2934.40
520,3034.00,32.23036691,119.94383199,32.25288106,119.94029783,32.25288106,119.94029783,0.5800,2528.29,1,1007,split_disk,12,1,-1,5117.03,3019.94,3019.94
521,3039.00,32.23036691,119.94383199,32.25274903,119.94025952,32.25274903,119.94025952,0.5800,2514.20,1,1007,split_disk,12,1,-1,5216.57,2923.31,2923.31
522,3045.00,32.16108188,119.94584111,32.25259059,119.94021356,32.25259059,119.94021356,0.6033,10200.53,1,111,split_disk,13,1,-1,2624.72,983.00,983.00
523,3050.00,32.15374518,119.92399437,32.25245856,119.94017525,32.25245856,119.94017525,0.6967,11093.97,1,8,split_disk,17,1,-1,3493.43,2450.79,2450.79
524,3056.00,32.15374518,119.92399437,32.25230013,119.94012929,32.25230013,119.94012929,0.6967,11075.91,1,8,split_disk,17,1,-1,3432.35,1121.25,1121.25
525,3062.00,32.23033472,119.95014531,32.25214169,119.94008332,32.25214169,119.94008332,0.6500,2606.02,1,1009,split_disk,15,1,-1,5698.95,1794.49,1794.49
526,3068.00,32.23033472,119.95014531,32.25198326,119.94003736,32.23033472,119.95014531,0.6500,2591.18,1,1009,split_disk,15,1,-1,5808.93,1662.05,1662.05
527,3074.00,32.23033472,119.95014531,32.23033472,119.95014531,32.23033472,119.95014531,0.6500,0.00,0,1009,split_disk,15,1,-1,5907.96,1586.13,1586.13
528,3080.00,32.23033472,119.95014531,32.23033472,119.95014531,32.23033472,119.95014531,0.6500,0.00,0,1009,split_disk,15,1,-1,6018.03,1476.82,1476.82
529,3086.00,32.15374518,119.92399437,32.23033472,119.95014531,32.23033472,119.95014531,0.6967,8874.66,1,8,split_disk,17,1,-1,3001.57,1351.02,1351.02
530,3092.00,32.25357278,119.94049847,32.23033472,119.95014531,32.25234204,119.94100939,0.7433,2741.82,0,1304,split_disk,19,1,-1,8774.53,1099.13,1099.13
531,3099.00,32.25357278,119.94049847,32.26440287,119.93600256,32.25531153,119.93977665,0.7433,1277.82,0,1304,split_disk,19,1,-1,8885.85,996.08,996.08
532,3106.00,32.25135772,119.90983477,32.26090343,119.93745529,32.26090343,119.93745529,0.6733,2810.37,1,1267,split_disk,16,1,-1,9233.36,826.31,826.31
533,3112.00,32.25395904,119.95146971,32.26569648,119.93546554,32.26569648,119.93546554,0.6733,1994.96,1,1309,split_disk,16,1,-1,9152.98,698.91,698.91
534,3119.00,32.23033472,119.95014531,32.27128838,119.93314417,32.27128838,119.93314417,0.6500,4832.05,1,1009,split_disk,15,1,-1,6645.79,421.07,421.07
535,3126.00,32.23033472,119.95014531,32.27688028,119.93082281,32.27688028,119.93082281,0.6500,5491.83,1,1009,split_disk,15,1,-1,6756.50,529.79,529.79
536,3133.00,32.23033472,119.95014531,32.28247217,119.92850144,32.28247217,119.92850144,0.6500,6151.61,1,1009,split_disk,15,1,-1,6867.23,973.69,973.69
537,3139.00,32.23033472,119.95014531,32.28726523,119.92651169,32.28726523,119.92651169,0.6500,6717.13,1,1009,split_disk,15,1,-1,6977.98,468.47,468.47
538,3145.00,32.23033472,119.95014531,32.29205828,119.92452195,32.29205828,119.92452195,0.6500,7282.66,1,1009,split_disk,15,1,-1,7080.04,396.13,396.13
539,3151.00,32.23033472,119.95014531,32.29685134,119.92253220,32.29685134,119.92253220,0.6500,7848.18,1,1009,split_disk,15,1,-1,7190.96,303.75,303.75
540,3157.00,32.15374518,119.92399437,32.30164439,119.92054246,32.30164439,119.92054246,0.6967,16467.35,1,8,split_disk,17,1,-1,2234.97,759.42,759.42
541,3164.00,32.15467272,119.92528773,32.30723629,119.91822109,32.15467272,119.92528773,0.5333,16996.42,1,31,split_disk,10,1,-1,2064.24,652.36,652.36
542,3170.00,32.23033472,119.95014531,32.15467272,119.92528773,32.15467272,119.92528773,0.6500,8742.10,1,1009,split_disk,15,1,8,7512.68,88.40,88.40
543,3177.00,32.23033472,119.95014531,32.15467272,119.92528773,32.15467272,119.92528773,0.6500,8742.10,1,1009,split_disk,15,1,-1,7616.72,217.57,217.57
544,3184.00,32.15374518,119.92399437,32.15467272,119.92528773,32.15467272,119.92528773,0.6967,159.70,1,8,split_disk,17,1,-1,2086.03,407.47,407.47
545,3191.00,32.15374518,119.92399437,32.15467272,119.92528773,32.15467272,119.92528773,0.6967,159.70,1,8,split_disk,17,1,-1,2041.06,1595.35,1595.35
546,3198.00,32.15374518,119.92399437,32.15467272,119.92528773,32.15467272,119.92528773,0.6967,159.70,1,8,split_disk,17,1,-1,2001.28,1558.49,1558.49
547,3204.00,32.15374518,119.92399437,32.15467272,119.92528773,32.15467272,119.92528773,0.6967,159.70,1,8,split_disk,17,1,-1,1970.17,259.47,259.47
548,3247.00,32.23033472,119.95014531,32.15467272,119.92528773,32.15467272,119.92528773,0.6500,8742.10,1,1009,split_disk,15,1,-1,8003.49,569.58,569.58
549,3251.00,32.25395904,119.95146971,32.15467272,119.92528773,32.15467272,119.92528773,0.6733,11324.36,1,1309,split_disk,16,1,-1,10497.68,1697.35,1697.35
550,3256.00,32.25395904,119.95146971,32.15467272,119.92528773,32.15467272,119.92528773,0.6733,11324.36,1,1309,split_disk,16,1,-1,10386.46,1586.63,1586.63
551,3260.00,32.15374518,119.92399437,32.15467272,119.92528773,32.15374518,119.92399437,0.6967,159.70,1,8,split_disk,17,1,-1,2362.00,780.61,780.61
552,3264.00,32.15467272,119.92528773,32.15374518,119.92399437,32.15374518,119.92399437,0.5333,159.70,1,31,split_disk,10,1,-1,2328.36,722.87,722.87
553,3269.00,32.15467272,119.92528773,32.15374518,119.92399437,32.15374518,119.92399437,0.5333,159.70,1,31,split_disk,10,1,-1,2285.16,731.84,731.84
554,3273.00,32.15374518,119.92399437,32.15374518,119.92399437,32.15374518,119.92399437,0.6967,0.00,0,8,split_disk,17,1,-1,2426.17,810.63,810.63
555,3278.00,32.15374518,119.92399437,32.15374518,119.92399437,32.15374518,119.92399437,0.6967,0.00,0,8,split_disk,17,1,-1,2485.65,903.17,903.17
556,3282.00,32.23033472,119.95014531,32.15374518,119.92399437,32.15374518,119.92399437,0.6500,8874.66,1,1009,split_disk,15,1,-1,7128.14,829.08,829.08
557,3287.00,32.23033472,119.95014531,32.15374518,119.92399437,32.15374518,119.92399437,0.6500,8874.66,1,1009,split_disk,15,1,-1,7021.93,820.29,820.29
558,3292.00,32.16108188,119.94584111,32.15374518,119.92399437,32.15374518,119.92399437,0.6033,2214.01,1,111,split_disk,13,1,-1,928.06,498.46,498.46
559,3296.00,32.16108188,119.94584111,32.15374518,119.92399437,32.15374518,119.92399437,0.6033,2214.01,1,111,split_disk,13,1,-1,1036.57,387.25,387.25
560,3301.00,32.25395904,119.95146971,32.15374518,119.92399437,32.15374518,119.92399437,0.6733,11452.08,1,1309,split_disk,16,1,-1,9307.20,287.22,287.22
561,3306.00,32.15374518,119.92399437,32.15374518,119.92399437,32.15374518,119.92399437,0.6967,0.00,0,8,split_disk,17,1,-1,2832.77,562.35,562.35
562,3310.00,32.15374518,119.92399437,32.15374518,119.92399437,32.15374518,119.92399437,0.6967,0.00,0,8,split_disk,17,1,-1,2850.16,1340.81,1340.81
563,3315.00,32.23033472,119.95014531,32.15374518,119.92399437,32.15374518,119.92399437,0.6500,8874.66,1,1009,split_disk,15,1,-1,6373.32,2810.08,2810.08
564,3320.00,32.15374518,119.92399437,32.15374518,119.92399437,32.15374518,119.92399437,0.6967,0.00,0,8,split_disk,17,1,-1,3020.61,1584.88,1584.88
565,3324.00,32.15990165,119.93985179,32.15374518,119.92399437,32.15374518,119.92399437,0.5800,1643.42,1,108,split_disk,12,1,-1,1694.48,1694.48,1694.48
566,3329.00,32.15374518,119.92399437,32.15374518,119.92399437,32.15374518,119.92399437,0.6967,0.00,0,8,split_disk,17,1,-1,3197.49,1095.51,1095.51
567,3333.00,32.23033472,119.95014531,32.15374518,119.92399437,32.15374518,119.92399437,0.6500,8874.66,1,1009,split_disk,15,1,-1,5949.56,281.60,281.60
568,3338.00,32.17449994,119.94783755,32.15374518,119.92399437,32.15374518,119.92399437,0.5100,3222.14,1,296,split_disk,9,1,-1,723.19,192.96,192.96
569,3343.00,32.25357278,119.94049847,32.15374518,119.92399437,32.24941173,119.93981053,0.7433,11221.02,0,1304,split_disk,19,1,-1,8298.09,1320.50,1320.50
570,3347.00,32.15374518,119.92399437,32.27816219,119.94456374,32.27816219,119.94456374,0.6967,13984.97,1,8,split_disk,17,1,-1,3508.16,864.58,864.58
571,3352.00,32.15374518,119.92399437,32.31410026,119.95050524,32.31410026,119.95050524,0.6967,18024.55,1,8,split_disk,17,1,-1,3604.29,1926.80,1926.80
572,3357.00,32.24787176,119.92455798,32.35003833,119.95644674,32.35003833,119.95644674,0.6733,11763.16,1,1228,split_disk,16,1,-1,7512.87,1840.90,1840.90
573,3361.00,32.25357278,119.94049847,32.37878879,119.96119995,32.25663213,119.94100426,0.7433,14074.78,0,1304,split_disk,19,1,-1,7851.19,6188.36,6188.36
574,3366.00,32.25135772,119.90983477,32.25378093,119.94053287,32.25378093,119.94053287,0.6733,2904.18,1,1267,split_disk,16,1,-1,8087.66,2052.12,2052.12
575,3371.00,32.15374518,119.92399437,32.25092974,119.94006149,32.25092974,119.94006149,0.6967,10923.93,1,8,split_disk,17,1,-1,3945.31,2806.09,2806.09
576,3376.00,32.15374518,119.92399437,32.24807855,119.93959010,32.24807855,119.93959010,0.6967,10603.45,1,8,split_disk,17,1,-1,4046.07,2915.69,2915.69
577,3381.00,32.15374518,119.92399437,32.24522735,119.93911872,32.24522735,119.93911872,0.6967,10282.96,1,8,split_disk,17,1,-1,4109.69,3042.44,3042.44
578,3385.00,32.16108188,119.94584111,32.24294640,119.93874161,32.24294640,119.93874161,0.6033,9137.66,1,111,split_disk,13,1,-1,3151.68,2759.93,2759.93
579,3390.00,32.25357278,119.94049847,32.24009520,119.93827022,32.25346888,119.94048129,0.7433,1514.93,0,1304,split_disk,19,1,-1,7193.79,2636.07,2636.07
580,3395.00,32.15374518,119.92399437,32.25348873,119.94048457,32.25348873,119.94048457,0.6967,11211.57,1,8,split_disk,17,1,-1,4408.70,3329.98,3329.98
581,3400.00,32.25357278,119.94049847,32.25350858,119.94048785,32.25356828,119.94049772,0.7433,7.22,0,1304,split_disk,19,1,-1,6982.85,2859.98,2859.98
582,3404.00,32.25357278,119.94049847,32.25360723,119.94050416,32.25358175,119.94049995,0.7433,3.87,0,1304,split_disk,19,1,-1,6871.54,2772.65,2772.65
583,3408.00,32.16463221,119.94658923,32.25360715,119.94050415,32.25360715,119.94050415,0.6033,9921.26,1,157,split_disk,13,1,-1,3312.97,3312.97,3312.97
584,3413.00,32.16108188,119.94584111,32.25363891,119.94050940,32.25363891,119.94050940,0.6033,10315.68,1,111,split_disk,13,1,-1,3814.57,3814.57,3814.57
585,3417.00,32.15374518,119.92399437,32.25366431,119.94051360,32.25366431,119.94051360,0.6967,11231.31,1,8,split_disk,17,1,-1,4901.46,3538.14,3538.14
586,3422.00,32.16108188,119.94584111,32.25369607,119.94051885,32.25369607,119.94051885,0.6033,10321.99,1,111,split_disk,13,1,-1,4050.91,2405.17,2405.17
587,3427.00,32.15374518,119.92399437,32.25372782,119.94052410,32.25372782,119.94052410,0.6967,11238.45,1,8,split_disk,17,1,-1,5076.02,2504.13,2504.13
588,3432.00,32.15374518,119.92399437,32.25375958,119.94052935,32.25375958,119.94052935,0.6967,11242.02,1,8,split_disk,17,1,-1,5183.01,3219.43,3219.43
589,3437.00,32.15374518,119.92399437,32.25379133,119.94053460,32.25379133,119.94053460,0.6967,11245.59,1,8,split_disk,17,1,-1,5290.18,3108.30,3108.30
590,3442.00,32.15374518,119.92399437,32.25382309,119.94053985,32.25382309,119.94053985,0.6967,11249.16,1,8,split_disk,17,1,-1,5397.52,3592.25,3592.25
591,3446.00,32.15374518,119.92399437,32.25384849,119.94054405,32.25384849,119.94054405,0.6967,11252.01,1,8,split_disk,17,1,-1,5481.55,3520.44,3520.44
592,3451.00,32.15374518,119.92399437,32.25388024,119.94054930,32.15374518,119.92399437,0.6967,11255.58,1,8,split_disk,17,1,-1,5589.65,2782.83,2782.83
593,3455.00,32.15467272,119.92528773,32.15374518,119.92399437,32.15374518,119.92399437,0.5333,159.70,1,31,split_disk,10,1,-1,5492.72,3324.25,3324.25
594,3460.00,32.23033472,119.95014531,32.15374518,119.92399437,32.15374518,119.92399437,0.6500,8874.66,1,1009,split_disk,15,1,-1,3147.79,3147.79,3147.79
595,3465.00,32.23033472,119.95014531,32.15374518,119.92399437,32.15374518,119.92399437,0.6500,8874.66,1,1009,split_disk,15,1,-1,3043.44,3043.44,3043.44
596,3470.00,32.23036691,119.94383199,32.15374518,119.92399437,32.15374518,119.92399437,0.5800,8731.82,1,1007,split_disk,12,1,-1,2841.72,1511.84,1511.84
597,3474.00,32.23036691,119.94383199,32.15374518,119.92399437,32.15374518,119.92399437,0.5800,8731.82,1,1007,split_disk,12,1,-1,2734.76,1619.96,1619.96
598,3479.00,32.15374518,119.92399437,32.15374518,119.92399437,32.15374518,119.92399437,0.6967,0.00,0,8,split_disk,17,1,-1,6210.44,1728.49,1728.49
599,3483.00,32.15374518,119.92399437,32.15374518,119.92399437,32.15374518,119.92399437,0.6967,0.00,0,8,split_disk,17,1,-1,6319.60,1889.56,1889.56
600,3488.00,32.23036691,119.94383199,32.15374518,119.92399437,32.15374518,119.92399437,0.5800,8731.82,1,1007,split_disk,12,1,-1,2458.39,1955.87,1955.87
601,3492.00,32.23036691,119.94383199,32.15374518,119.92399437,32.15374518,119.92399437,0.5800,8731.82,1,1007,split_disk,12,1,-1,2354.54,2064.15,2064.15
602,3496.00,32.15374518,119.92399437,32.15374518,119.92399437,32.15374518,119.92399437,0.6967,0.00,0,8,split_disk,17,1,-1,6619.80,1741.61,1741.61
603,3500.00,32.15374518,119.92399437,32.15374518,119.92399437,32.15374518,119.92399437,0.6967,0.00,0,8,split_disk,17,1,-1,6729.50,1256.47,1256.47
604,3505.00,32.23036691,119.94383199,32.15374518,119.92399437,32.15374518,119.92399437,0.5800,8731.82,1,1007,split_disk,12,1,-1,2047.71,1421.31,1421.31
605,3510.00,32.23036691,119.94383199,32.15374518,119.92399437,32.15374518,119.92399437,0.5800,8731.82,1,1007,split_disk,12,1,-1,1991.13,1373.86,1373.86
606,3514.00,32.15374518,119.92399437,32.15374518,119.92399437,32.15374518,119.92399437,0.6967,0.00,0,8,split_disk,17,1,-1,7044.41,1003.89,1003.89
607,3519.00,32.15374518,119.92399437,32.15374518,119.92399437,32.15374518,119.92399437,0.6967,0.00,0,8,split_disk,17,1,-1,7143.51,1203.45,1203.45
608,3523.00,32.15374518,119.92399437,32.15374518,119.92399437,32.15374518,119.92399437,0.6967,0.00,0,8,split_disk,17,1,-1,7253.67,1119.41,1119.41
609,3528.00,32.15374518,119.92399437,32.15374518,119.92399437,32.15374518,119.92399437,0.6967,0.00,0,8,split_disk,17,1,-1,7363.86,1040.50,1040.50
610,3533.00,32.15374518,119.92399437,32.15374518,119.92399437,32.15374518,119.92399437,0.6967,0.00,0,8,split_disk,17,1,-1,7461.56,1032.77,1032.77
611,3537.00,32.16108188,119.94584111,32.15374518,119.92399437,32.15374518,119.92399437,0.6033,2214.01,1,111,split_disk,13,1,-1,6829.10,949.33,949.33
612,3542.00,32.15374518,119.92399437,32.15374518,119.92399437,32.15374518,119.92399437,0.6967,0.00,0,8,split_disk,17,1,-1,7682.46,872.14,872.14
613,3547.00,32.16108188,119.94584111,32.15374518,119.92399437,32.15374518,119.92399437,0.6033,2214.01,1,111,split_disk,13,1,-1,7037.11,809.48,809.48
614,3552.00,32.16108188,119.94584111,32.15374518,119.92399437,32.15374518,119.92399437,0.6033,2214.01,1,111,split_disk,13,1,-1,7146.67,749.50,749.50
615,3556.00,32.15374518,119.92399437,32.15374518,119.92399437,32.15374518,119.92399437,0.6967,0.00,0,8,split_disk,17,1,-1,7992.36,1321.76,1321.76
616,3561.00,32.15374518,119.92399437,32.15374518,119.92399437,32.15374518,119.92399437,0.6967,0.00,0,8,split_disk,17,1,-1,8103.06,1831.13,1831.13
617,3566.00,32.15374518,119.92399437,32.15374518,119.92399437,32.15374518,119.92399437,0.6967,0.00,0,8,split_disk,17,1,-1,8213.77,749.78,749.78
618,3571.00,32.15374518,119.92399437,32.15374518,119.92399437,32.15374518,119.92399437,0.6967,0.00,0,8,split_disk,17,1,-1,8324.50,753.51,753.51
619,3576.00,32.15374518,119.92399437,32.15374518,119.92399437,32.15374518,119.92399437,0.6967,0.00,0,8,split_disk,17,1,-1,8426.26,864.98,864.98
620,3581.00,32.15374518,119.92399437,32.15374518,119.92399437,32.15374518,119.92399437,0.6967,0.00,0,8,split_disk,17,1,-1,8526.05,892.61,892.61
621,3585.00,32.15374518,119.92399437,32.15374518,119.92399437,32.15374518,119.92399437,0.6967,0.00,0,8,split_disk,17,1,-1,8636.94,843.36,843.36
622,3590.00,32.23036691,119.94383199,32.15374518,119.92399437,32.15374518,119.92399437,0.5800,8731.82,1,1007,split_disk,12,1,-1,1248.67,851.17,851.17
623,3594.00,32.23036691,119.94383199,32.15374518,119.92399437,32.15374518,119.92399437,0.5800,8731.82,1,1007,split_disk,12,1,-1,1263.79,873.21,873.21
624,3599.00,32.23036691,119.94383199,32.15374518,119.92399437,32.15374518,119.92399437,0.5800,8731.82,1,1007,split_disk,12,1,-1,1379.52,712.49,712.49
625,3603.00,32.15374518,119.92399437,32.15374518,119.92399437,32.15374518,119.92399437,0.6967,0.00,0,8,split_disk,17,1,-1,9073.23,1039.52,1039.52
626,3608.00,32.23036691,119.94383199,32.15374518,119.92399437,32.15374518,119.92399437,0.5800,8731.82,1,1007,split_disk,12,1,-1,1450.18,1092.23,1092.23
627,3612.00,32.16108188,119.94584111,32.15374518,119.92399437,32.15374518,119.92399437,0.6033,2214.01,1,111,split_disk,13,1,-1,8599.10,1315.41,1315.41
628,3617.00,32.16108188,119.94584111,32.15374518,119.92399437,32.15374518,119.92399437,0.6033,2214.01,1,111,split_disk,13,1,-1,8708.64,1374.68,1374.68
629,3621.00,32.16108188,119.94584111,32.15374518,119.92399437,32.15374518,119.92399437,0.6033,2214.01,1,111,split_disk,13,1,-1,8835.15,1682.22,1682.22
630,3626.00,32.16108188,119.94584111,32.15374518,119.92399437,32.15374518,119.92399437,0.6033,2214.01,1,111,split_disk,13,1,-1,8944.58,1583.09,1583.09
631,3630.00,32.15374518,119.92399437,32.15374518,119.92399437,32.15374518,119.92399437,0.6967,0.00,0,8,split_disk,17,1,-1,9722.42,1512.38,1512.38
632,3635.00,32.23036691,119.94383199,32.15374518,119.92399437,32.15374518,119.92399437,0.5800,8731.82,1,1007,split_disk,12,1,-1,1879.17,1595.58,1595.58
633,3639.00,32.15374518,119.92399437,32.15374518,119.92399437,32.15374518,119.92399437,0.6967,0.00,0,8,split_disk,17,1,-1,9933.57,1673.26,1673.26
634,3644.00,32.16108188,119.94584111,32.15374518,119.92399437,32.15374518,119.92399437,0.6033,2214.01,1,111,split_disk,13,1,-1,9388.63,1949.13,1949.13
635,3648.00,32.16108188,119.94584111,32.15374518,119.92399437,32.15374518,119.92399437,0.6033,2214.01,1,111,split_disk,13,1,-1,9498.08,2167.93,2167.93
636,3653.00,32.16108188,119.94584111,32.15374518,119.92399437,32.15374518,119.92399437,0.6033,2214.01,1,111,split_disk,13,1,-1,9607.57,2248.37,2248.37
637,3657.00,32.16108188,119.94584111,32.15374518,119.92399437,32.15374518,119.92399437,0.6033,2214.01,1,111,split_disk,13,1,-1,9717.10,2331.35,2331.35
638,3662.00,32.16108188,119.94584111,32.15374518,119.92399437,32.15374518,119.92399437,0.6033,2214.01,1,111,split_disk,13,1,-1,9826.67,2416.61,2416.61
639,3666.00,32.16108188,119.94584111,32.15374518,119.92399437,32.15374518,119.92399437,0.6033,2214.01,1,111,split_disk,13,1,-1,9953.07,2440.88,2440.88
640,3671.00,32.15374518,119.92399437,32.15374518,119.92399437,32.15374518,119.92399437,0.6967,0.00,0,8,split_disk,17,1,-1,10692.17,2523.04,2523.04
641,3675.00,32.15374518,119.92399437,32.15374518,119.92399437,32.15374518,119.92399437,0.6967,0.00,0,8,split_disk,17,1,-1,10803.42,2729.56,2729.56
642,3679.00,32.25357278,119.94049847,32.15374518,119.92399437,32.23069374,119.93671596,0.7433,11221.02,0,1304,split_disk,19,1,-1,1254.58,356.72,356.72
643,3723.00,32.25357278,119.94049847,32.74518277,120.02177449,32.25651734,119.94098528,0.7433,55258.93,0,1304,split_disk,19,1,-1,966.87,729.13,729.13
644,3729.00,32.15374518,119.92399437,32.26243458,119.94196355,32.26243458,119.94196355,0.6967,12217.12,1,8,split_disk,17,1,-1,10872.59,799.67,799.67
645,3735.00,32.25357278,119.94049847,32.26835181,119.94294182,32.25500705,119.94073559,0.7433,1661.22,0,1304,split_disk,19,1,-1,1039.00,486.85,486.85
646,3742.00,32.16108188,119.94584111,32.25397686,119.94056526,32.25397686,119.94056526,0.6033,10353.00,1,111,split_disk,13,1,-1,9960.28,2440.14,2440.14
647,3748.00,32.15374518,119.92399437,32.25309384,119.94041927,32.25309384,119.94041927,0.6967,11167.19,1,8,split_disk,17,1,-1,10550.39,2734.47,2734.47
648,3755.00,32.25357278,119.94049847,32.25206365,119.94024895,32.25353594,119.94049237,0.7433,169.63,0,1304,split_disk,19,1,-1,1149.95,867.38,867.38
649,3762.00,32.25357278,119.94049847,32.25308696,119.94041815,32.25349415,119.94048547,0.7433,54.61,0,1304,split_disk,19,1,-1,1228.34,945.65,945.65
650,3769.00,32.15374518,119.92399437,32.25334204,119.94046032,32.25334204,119.94046032,0.6967,11195.09,1,8,split_disk,17,1,-1,10223.65,1192.77,1192.77
651,3776.00,32.23036691,119.94383199,32.25318994,119.94043517,32.25318994,119.94043517,0.5800,2560.73,1,1007,split_disk,12,1,-1,1944.79,1545.75,1545.75
652,3783.00,32.17058482,119.91706673,32.25303783,119.94041003,32.17244579,119.91759359,0.7433,9438.37,0,235,split_disk,19,1,-1,8098.54,1453.73,1453.73
653,3790.00,32.23036691,119.94383199,32.14203848,119.90900288,32.14203848,119.90900288,0.5800,10365.60,1,1007,split_disk,12,1,-1,1714.80,1587.72,1587.72
654,3797.00,32.15374518,119.92399437,32.11163118,119.90041217,32.11163118,119.90041217,0.6967,5187.77,1,8,split_disk,17,1,-1,9798.47,1382.11,1382.11
655,3803.00,32.15374518,119.92399437,32.08556778,119.89304870,32.08556778,119.89304870,0.6967,8130.04,1,8,split_disk,17,1,-1,9687.58,1415.52,1415.52
656,3810.00,32.15374518,119.92399437,32.05516047,119.88445798,32.05516047,119.88445798,0.6967,11589.13,1,8,split_disk,17,1,-1,9576.69,1483.90,1483.90
657,3817.00,32.15374518,119.92399437,32.02475317,119.87586727,32.02475317,119.87586727,0.6967,15058.00,1,8,split_disk,17,1,-1,9474.75,1055.34,1055.34
658,3824.00,32.15374518,119.92399437,31.99434587,119.86727655,31.99434587,119.86727655,0.6967,18531.17,1,8,split_disk,17,1,-1,9375.06,1626.62,1626.62
659,3831.00,32.24382788,119.92586402,31.96393857,119.85868584,31.96393857,119.85868584,0.6500,31793.37,1,1182,split_disk,15,1,-1,1234.24,1234.24,1234.24
660,3838.00,32.15374518,119.92399437,31.93353126,119.85009512,31.93353126,119.85009512,0.6967,25483.37,1,8,split_disk,17,1,-1,9153.59,1324.70,1324.70
661,3844.00,32.15374518,119.92399437,31.90746786,119.84273165,31.90746786,119.84273165,0.6967,28464.14,1,8,split_disk,17,1,-1,9042.87,1418.13,1418.13
662,3850.00,32.15374518,119.92399437,31.88140446,119.83536819,32.15374518,119.92399437,0.6967,31445.37,1,8,split_disk,17,1,-1,8942.62,1001.31,1001.31
663,3857.00,32.15374518,119.92399437,32.15374518,119.92399437,32.15374518,119.92399437,0.6967,0.00,0,8,split_disk,17,1,-1,8832.07,586.18,586.18
664,3863.00,32.23036691,119.94383199,32.15374518,119.92399437,32.15374518,119.92399437,0.5800,8731.82,1,1007,split_disk,12,1,-1,963.35,565.18,565.18
665,3870.00,32.15374518,119.92399437,32.15374518,119.92399437,32.15374518,119.92399437,0.6967,0.00,0,8,split_disk,17,1,-1,8622.06,562.25,562.25
666,3877.00,32.15374518,119.92399437,32.15374518,119.92399437,32.15374518,119.92399437,0.6967,0.00,0,8,split_disk,17,1,-1,8511.56,562.81,562.81
667,3883.00,32.15374518,119.92399437,32.15374518,119.92399437,32.15374518,119.92399437,0.6967,0.00,0,8,split_disk,17,1,-1,8413.26,486.15,486.15
668,3889.00,32.15374518,119.92399437,32.15374518,119.92399437,32.15374518,119.92399437,0.6967,0.00,0,8,split_disk,17,1,-1,8302.97,467.25,467.25
669,3895.00,32.23036691,119.94383199,32.15374518,119.92399437,32.15374518,119.92399437,0.5800,8731.82,1,1007,split_disk,12,1,-1,993.59,474.45,474.45
670,3901.00,32.22922478,119.91979861,32.15374518,119.92399437,32.22473967,119.92004793,0.8600,8411.68,0,972,split_disk,24,1,-1,1584.08,923.87,923.87
671,3907.00,32.23036691,119.94383199,32.25884234,119.91815223,32.25884234,119.91815223,0.5800,3987.40,1,1007,split_disk,12,1,-1,1112.46,476.67,476.67
672,3913.00,32.23036691,119.94383199,32.29294502,119.91625652,32.29294502,119.91625652,0.5800,7434.70,1,1007,split_disk,12,1,-1,1118.43,372.48,372.48
673,3918.00,32.23036691,119.94383199,32.32136391,119.91467677,32.32136391,119.91467677,0.5800,10495.46,1,1007,split_disk,12,1,-1,1201.41,391.30,391.30
674,3925.00,32.23036691,119.94383199,32.36115036,119.91246511,32.36115036,119.91246511,0.5800,14855.60,1,1007,split_disk,12,1,-1,1288.66,438.49,438.49
675,3931.00,32.15374518,119.92399437,32.39525304,119.91056941,32.39525304,119.91056941,0.6967,26914.38,1,8,split_disk,17,1,-1,7557.51,506.18,506.18
676,3937.00,32.15374518,119.92399437,32.42935571,119.90867371,32.42935571,119.90867371,0.6967,30714.89,1,8,split_disk,17,1,-1,7447.69,587.32,587.32
677,3943.00,32.23036691,119.94383199,32.46345838,119.90677800,32.46345838,119.90677800,0.5800,26181.44,1,1007,split_disk,12,1,-1,1524.64,883.02,883.02
678,3950.00,32.23036691,119.94383199,32.50324484,119.90456635,32.50324484,119.90456635,0.5800,30601.12,1,1007,split_disk,12,1,-1,1614.99,950.30,950.30
679,3958.00,32.23036691,119.94383199,32.54871507,119.90203874,32.54871507,119.90203874,0.5800,35656.51,1,1007,split_disk,12,1,-1,1716.65,1031.35,1031.35
680,3964.00,32.23036691,119.94383199,32.58281774,119.90014304,32.23036691,119.94383199,0.5800,39450.06,1,1007,split_disk,12,1,-1,1819.45,1188.75,1188.75
681,3970.00,32.15374518,119.92399437,32.23036691,119.94383199,32.23036691,119.94383199,0.6967,8731.82,1,8,split_disk,17,1,-1,6946.21,1411.69,1411.69
682,3977.00,32.15374518,119.92399437,32.23036691,119.94383199,32.23036691,119.94383199,0.6967,8731.82,1,8,split_disk,17,1,-1,6837.26,1522.13,1522.13
683,3983.00,32.17058482,119.91706673,32.23036691,119.94383199,32.17062258,119.91708364,0.7433,7116.50,0,235,split_disk,19,1,-1,5001.97,2104.92,2104.92
684,3989.00,32.18061349,119.90657733,32.16460571,119.91438980,32.16460571,119.91438980,0.6033,1927.96,1,368,split_disk,13,1,-1,4445.86,2405.57,2405.57
685,3996.00,32.17058482,119.91706673,32.15758603,119.91124699,32.17018885,119.91688945,0.7433,1547.38,0,235,split_disk,19,1,-1,4809.16,2463.91,2463.91
686,4002.00,32.15627621,119.90623497,32.17007442,119.91683822,32.17007442,119.91683822,0.6267,1832.19,1,46,split_disk,14,1,-1,6629.71,4359.55,4359.55
687,4008.00,32.16008405,119.90660269,32.16995999,119.91678699,32.16995999,119.91678699,0.6033,1459.09,1,92,split_disk,13,1,-1,6182.80,2701.22,2701.22
688,4015.00,32.16008405,119.90660269,32.16982648,119.91672722,32.16982648,119.91672722,0.6033,1444.20,1,92,split_disk,13,1,-1,6086.85,1657.76,1657.76
689,4021.00,32.15374518,119.92399437,32.16971205,119.91667599,32.16971205,119.91667599,0.6967,1906.43,1,8,split_disk,17,1,-1,6110.48,2099.18,2099.18
690,4029.00,32.15374518,119.92399437,32.16955948,119.91660769,32.16955948,119.91660769,0.6967,1892.96,1,8,split_disk,17,1,-1,6002.68,1992.43,1992.43
691,4036.00,32.15374518,119.92399437,32.16942597,119.91654792,32.16942597,119.91654792,0.6967,1881.24,1,8,split_disk,17,1,-1,5919.84,2310.02,2310.02
692,4043.00,32.15374518,119.92399437,32.16929247,119.91648815,32.16929247,119.91648815,0.6967,1869.58,1,8,split_disk,17,1,-1,5823.46,2601.91,2601.91
693,4051.00,32.15640497,119.92084406,32.16913989,119.91641985,32.16913989,119.91641985,0.6267,1477.64,1,53,split_disk,14,1,-1,5397.33,3522.35,3522.35
694,4058.00,32.19424133,119.94096762,32.16900639,119.91636008,32.19420870,119.94093580,0.8367,3641.99,0,545,split_disk,23,1,-1,775.46,775.46,775.46
695,4064.00,32.16108188,119.94584111,32.19734102,119.94405061,32.19734102,119.94405061,0.6033,4039.89,1,111,split_disk,13,1,-1,4503.69,3359.24,3359.24
696,4071.00,32.16108188,119.94584111,32.20099540,119.94768455,32.20099540,119.94768455,0.6033,4446.56,1,111,split_disk,13,1,-1,4381.59,759.24,759.24
697,4077.00,32.16108188,119.94584111,32.20412772,119.95079936,32.20412772,119.95079936,0.6033,4814.57,1,111,split_disk,13,1,-1,4271.02,3160.05,3160.05
698,4083.00,32.15374518,119.92399437,32.20726005,119.95391416,32.20726005,119.95391416,0.6967,6590.30,1,8,split_disk,17,1,-1,5225.11,3671.09,3671.09
699,4090.00,32.25135772,119.90983477,32.21091442,119.95754810,32.21091442,119.95754810,0.6733,6361.51,1,1267,split_disk,16,1,-1,6816.96,3431.48,3431.48
700,4096.00,32.16464775,119.94295139,32.21404675,119.96066291,32.21404675,119.96066291,0.6267,5746.60,1,178,split_disk,14,1,-1,3320.21,3120.22,3120.22
701,4103.00,32.25135772,119.90983477,32.21770113,119.96429685,32.21770113,119.96429685,0.6733,6352.57,1,1267,split_disk,16,1,-1,7058.53,3007.35,3007.35
702,4111.00,32.16464775,119.94295139,32.22187756,119.96844993,32.22187756,119.96844993,0.6267,6808.54,1,178,split_disk,14,1,-1,3096.03,2902.43,2902.43
703,4117.00,32.23036691,119.94383199,32.22500988,119.97156473,32.22500988,119.97156473,0.5800,2679.51,1,1007,split_disk,12,1,-1,4220.39,193.40,193.40
704,4124.00,32.17058482,119.91706673,32.22866426,119.97519867,32.17063841,119.91712038,0.7433,8472.63,0,235,split_disk,19,1,-1,3300.57,3100.24,3100.24
705,4130.00,32.25357278,119.94049847,32.16703598,119.91349434,32.24172363,119.93680089,0.7433,9963.45,0,1304,split_disk,19,1,-1,7032.66,2975.34,2975.34
706,4137.00,32.25357278,119.94049847,32.30865922,119.95476956,32.26089168,119.94239456,0.7433,6277.84,0,1304,split_disk,19,1,-1,7143.89,2464.47,2464.47
707,4144.00,32.25357278,119.94049847,32.29270167,119.95126332,32.25991689,119.94224382,0.7433,4472.30,0,1304,split_disk,19,1,-1,7255.12,2353.27,2353.27
708,4151.00,32.25135772,119.90983477,32.26875612,119.94479302,32.26875612,119.94479302,0.6733,3820.27,1,1267,split_disk,16,1,-1,7797.83,2257.55,2257.55
709,4158.00,32.25135772,119.90983477,32.27759535,119.94734222,32.27759535,119.94734222,0.6733,4584.02,1,1267,split_disk,16,1,-1,7900.17,2147.18,2147.18
710,4165.00,32.25395904,119.95146971,32.28643457,119.94989142,32.28643457,119.94989142,0.6733,3618.23,1,1309,split_disk,16,1,-1,7608.61,2216.68,2216.68
711,4172.00,32.25395904,119.95146971,32.29527380,119.95244063,32.29527380,119.95244063,0.6733,4600.07,1,1309,split_disk,16,1,-1,7708.47,1131.01,1131.01
712,4178.00,32.24435363,119.90584189,32.30285028,119.95462566,32.30285028,119.95462566,0.5567,7969.95,1,1173,split_disk,11,1,-1,7680.87,1021.29,1021.29
713,4184.00,32.25357278,119.94049847,32.31042676,119.95681069,32.25385493,119.94057942,0.7433,6512.83,0,1304,split_disk,19,1,-1,7915.42,1893.86,1893.86
714,4191.00,32.25357278,119.94049847,32.24981978,119.93943477,32.25307092,119.94035622,0.7433,429.63,0,1304,split_disk,19,1,-1,8026.61,1782.55,1782.55
715,4197.00,32.15374518,119.92399437,32.25185532,119.94001085,32.25185532,119.94001085,0.6967,11025.33,1,8,split_disk,17,1,-1,3706.62,3429.35,3429.35
716,4204.00,32.15374518,119.92399437,32.25043711,119.93960791,32.25043711,119.93960791,0.6967,10863.76,1,8,split_disk,17,1,-1,3614.92,3336.71,3336.71
717,4211.00,32.25395904,119.95146971,32.24901891,119.93920498,32.24901891,119.93920498,0.6733,1279.50,1,1309,split_disk,16,1,-1,8367.97,454.78,454.78
718,4217.00,32.25395904,119.95146971,32.24780331,119.93885960,32.24780331,119.93885960,0.6733,1371.31,1,1309,split_disk,16,1,-1,8467.97,312.78,312.78
719,4224.00,32.15374518,119.92399437,32.24638511,119.93845667,32.24638511,119.93845667,0.6967,10402.27,1,8,split_disk,17,1,-1,3355.72,1325.18,1325.18
720,4230.00,32.17058482,119.91706673,32.24516951,119.93811129,32.17093288,119.91716494,0.7433,8536.13,0,235,split_disk,19,1,-1,2819.02,262.46,262.46
721,4237.00,32.17058482,119.91706673,32.15267777,119.91201136,32.16815984,119.91638213,0.7433,2049.50,0,235,split_disk,19,1,-1,2800.40,230.87,230.87
722,4244.00,32.15374518,119.92399437,32.16232348,119.91473452,32.16232348,119.91473452,0.6967,1293.33,1,8,split_disk,17,1,-1,3164.01,250.00,250.00
723,4250.00,32.15374518,119.92399437,32.15732088,119.91332227,32.15732088,119.91332227,0.6967,1081.20,1,8,split_disk,17,1,-1,3083.93,310.62,310.62
724,4257.00,32.16108188,119.94584111,32.15148451,119.91167466,32.15148451,119.91167466,0.6033,3391.03,1,111,split_disk,13,1,-1,1281.97,325.92,325.92
725,4263.00,32.16108188,119.94584111,32.14648191,119.91026242,32.14648191,119.91026242,0.6033,3724.66,1,111,split_disk,13,1,-1,1181.91,343.36,343.36
726,4270.00,32.16108188,119.94584111,32.14064555,119.90861480,32.14064555,119.90861480,0.6033,4179.88,1,111,split_disk,13,1,-1,1070.77,423.35,423.35
727,4277.00,32.16108188,119.94584111,32.13480918,119.90696719,32.13480918,119.90696719,0.6033,4686.38,1,111,split_disk,13,1,-1,959.67,515.11,515.11
728,4284.00,32.23033472,119.95014531,32.12897281,119.90531957,32.12897281,119.90531957,0.6500,12047.75,1,1009,split_disk,15,1,-1,6955.10,756.46,756.46
729,4291.00,32.15374518,119.92399437,32.12313645,119.90367196,32.12313645,119.90367196,0.6967,3908.27,1,8,split_disk,17,1,-1,2813.53,769.88,769.88
730,4298.00,32.15374518,119.92399437,32.11730008,119.90202434,32.11730008,119.90202434,0.6967,4554.40,1,8,split_disk,17,1,-1,2754.39,2110.42,2110.42
731,4305.00,32.16108188,119.94584111,32.11146372,119.90037673,32.16108188,119.94584111,0.6033,6989.22,1,111,split_disk,13,1,-1,546.72,546.72,546.72
732,4311.00,32.16108188,119.94584111,32.16108188,119.94584111,32.16108188,119.94584111,0.6033,0.00,0,111,split_disk,13,1,-1,441.32,441.32,441.32
733,4319.00,32.16108188,119.94584111,32.16108188,119.94584111,32.16108188,119.94584111,0.6033,0.00,0,111,split_disk,13,1,-1,339.73,339.73,339.73
734,4326.00,32.25395904,119.95146971,32.16108188,119.94584111,32.16108188,119.94584111,0.6733,10352.67,1,1309,split_disk,16,1,-1,10211.63,252.39,252.39
735,4334.00,32.25357278,119.94049847,32.16108188,119.94584111,32.24980477,119.94071612,0.7433,10308.38,0,1304,split_disk,19,1,-1,10356.99,690.51,690.51
736,4341.00,32.25357278,119.94049847,32.29018564,119.93838356,32.25984143,119.94013636,0.7433,4080.61,0,1304,split_disk,19,1,-1,10467.94,778.07,778.07
737,4349.00,32.25357278,119.94049847,32.28161411,119.93887869,32.25747494,119.94027306,0.7433,3125.29,0,1304,split_disk,19,1,-1,10578.90,871.07,871.07
