Frame,Time_Sec,Raw_Lat,Raw_Lng,Predicted_Lat,Predicted_Lng,Filtered_Lat,Filtered_Lng,Match_Confidence,Innovation_M,Outlier_Rejected,Best_Match_Idx,Algorithm,Inliers,Measurement_Valid,Correct_Candidate_Rank,Top1_Min_Dist_M,Top5_Min_Dist_M,Top10_Min_Dist_M
1,4.00,32.21884684,119.95176704,32.15560000,119.92900000,32.15560000,119.92900000,0.6267,7360.01,1,873,split_learned,14,1,-1,7337.08,968.31,968.31
2,8.00,32.21317801,119.93054162,32.15560000,119.92900000,32.21317801,119.93054162,0.8833,6411.23,0,793,split_learned,25,1,2,6278.18,84.31,84.31
3,13.00,32.15996602,119.93999127,32.27804594,119.93227842,32.27804594,119.93227842,0.6033,13164.72,1,108,split_learned,13,1,6,1138.23,81.17,81.17
4,17.00,32.15996602,119.93999127,32.32994029,119.93366786,32.32994029,119.93366786,0.6033,18930.91,1,108,split_learned,13,1,4,1127.31,137.61,137.61
5,22.00,32.17312177,119.92339842,32.39480822,119.93540466,32.39480822,119.93540466,0.5100,24704.04,1,261,split_learned,9,1,-1,1425.29,911.24,911.24
6,26.00,32.16328030,119.92037490,32.44670256,119.93679410,32.16328030,119.92037490,0.8133,31588.45,0,145,split_learned,22,1,-1,713.13,276.02,276.02
7,31.00,32.16257808,119.91945625,32.14941983,119.91755081,32.14941983,119.91755081,0.6033,1475.73,1,121,split_learned,13,1,-1,783.80,751.80,751.80
8,36.00,32.22696679,119.90788905,32.13555935,119.91472672,32.13555935,119.91472672,0.4867,10195.84,1,944,split_learned,8,1,-1,7243.39,181.12,181.12
9,41.00,32.15639424,119.92355626,32.12169888,119.91190263,32.12169888,119.91190263,0.4867,4015.25,1,55,split_learned,8,1,-1,908.00,237.83,237.83
10,46.00,32.15996602,119.93999127,32.10783840,119.90907854,32.10783840,119.90907854,0.6033,6492.45,1,108,split_learned,13,1,6,1360.27,20.18,20.18
11,51.00,32.21771544,119.95208404,32.09397793,119.90625445,32.09397793,119.90625445,0.6033,14435.09,1,850,split_learned,13,1,-1,6180.86,534.76,534.76
12,56.00,32.16752804,119.92545826,32.08011746,119.90343036,32.16691235,119.92530310,0.7433,9949.32,0,193,split_learned,19,1,1,88.96,88.96,88.96
13,60.00,32.16752804,119.92545826,32.17020257,119.92666731,32.16820167,119.92576278,0.7433,318.77,0,193,split_learned,19,1,6,160.13,131.38,131.38
14,65.00,32.16089948,119.92081870,32.17082342,119.92679400,32.17082342,119.92679400,0.6033,1239.85,1,99,split_learned,13,1,-1,1153.80,1153.80,1153.80
15,70.00,32.21771544,119.95208404,32.17344518,119.92782523,32.17344518,119.92782523,0.6033,5432.16,1,850,split_learned,13,1,2,5823.92,100.84,100.84
16,74.00,32.23599282,119.90806657,32.17554258,119.92865022,32.17554258,119.92865022,0.6267,7003.07,1,1059,split_learned,14,1,-1,7338.12,548.61,548.61
17,79.00,32.24962547,119.91288365,32.17816434,119.92968144,32.17816434,119.92968144,0.5800,8110.89,1,1245,split_learned,12,1,6,8712.42,31.73,31.73
18,84.00,32.21045385,119.92512858,32.18078609,119.93071267,32.18078609,119.93071267,0.5100,3344.24,1,745,split_learned,9,1,2,4119.25,81.20,81.20
19,89.00,32.17359867,119.92506518,32.18340785,119.93174390,32.18340785,119.93174390,0.5100,1260.22,1,285,split_learned,9,1,1,11.64,11.64,11.64
20,94.00,32.15886681,119.95228692,32.18602960,119.93277513,32.18602960,119.93277513,0.6267,3538.52,1,91,split_learned,14,1,-1,3229.14,217.61,217.61
21,99.00,32.17620000,119.92550898,32.18865136,119.93380636,32.18865136,119.93380636,0.6267,1591.26,1,308,split_learned,14,1,1,9.25,9.25,9.25
22,104.00,32.21317801,119.93054162,32.19127311,119.93483758,32.21313117,119.93055081,0.8833,2471.80,0,793,split_learned,25,1,-1,4115.91,963.69,963.69
23,108.00,32.21901851,119.93106718,32.21778872,119.93087369,32.21778872,119.93087369,0.5567,138.11,1,863,split_learned,11,1,-1,4627.45,387.64,387.64
24,113.00,32.18877636,119.91859401,32.22361065,119.93127731,32.22361065,119.93127731,0.5800,4057.62,1,466,split_learned,12,1,-1,1173.07,281.84,281.84
25,117.00,32.20751991,119.91140709,32.22826820,119.93160020,32.22826820,119.93160020,0.5333,2992.11,1,715,split_learned,10,1,5,3407.72,113.75,113.75
26,122.00,32.20097718,119.93300022,32.23409014,119.93200381,32.23409014,119.93200381,0.5333,3687.33,1,634,split_learned,10,1,7,2451.66,39.94,39.94
27,127.00,32.17625365,119.91629325,32.23991208,119.93240742,32.23991208,119.93240742,0.5567,7247.20,1,304,split_learned,11,1,-1,902.56,240.32,240.32
28,131.00,32.18842229,119.92548362,32.24456963,119.93273031,32.24456963,119.93273031,0.6033,6287.49,1,469,split_learned,13,1,9,658.44,28.48,28.48
29,136.00,32.20851774,119.93568138,32.25039157,119.93313392,32.25039157,119.93313392,0.5800,4667.57,1,727,split_learned,12,1,9,2968.95,83.07,83.07
30,141.00,32.24937869,119.94212719,32.25621350,119.93353753,32.25621350,119.93353753,0.6033,1110.65,1,1259,split_learned,13,1,-1,7426.34,194.36,194.36
31,145.00,32.19890160,119.92940042,32.26087105,119.93386042,32.26087105,119.93386042,0.5800,6911.22,1,609,split_learned,12,1,2,1646.43,131.16,131.16
32,150.00,32.22287999,119.90810461,32.26669299,119.93426403,32.22287999,119.90810461,0.5100,5464.38,1,898,split_learned,9,1,3,4192.58,92.68,92.68
33,155.00,32.24937869,119.94212719,32.22287999,119.90810461,32.22287999,119.90810461,0.6033,4355.70,1,1259,split_learned,13,1,-1,7127.18,157.35,157.35
34,159.00,32.21362865,119.92391829,32.22287999,119.90810461,32.22287999,119.90810461,0.5800,1810.93,1,790,split_learned,12,1,9,2773.02,112.55,112.55
35,164.00,32.21736137,119.93589694,32.22287999,119.90810461,32.22287999,119.90810461,0.6500,2689.03,1,842,split_learned,15,1,7,3321.42,124.42,124.42
36,168.00,32.21736137,119.93589694,32.22287999,119.90810461,32.22287999,119.90810461,0.6500,2689.03,1,842,split_learned,15,1,6,3258.06,53.19,53.19
37,173.00,32.18671150,119.91910121,32.22287999,119.90810461,32.18672945,119.91909575,1.0000,4157.39,0,443,split_learned,34,1,-1,602.02,602.02,602.02
38,178.00,32.18671150,119.91910121,32.18327372,119.92014643,32.18631779,119.91922092,1.0000,395.16,0,443,split_learned,34,1,-1,707.14,199.45,199.45
39,182.00,32.19408039,119.92043830,32.18562623,119.91943118,32.18562623,119.91943118,0.6967,945.89,1,536,split_learned,17,1,1,20.94,20.94,20.94
40,186.00,32.21736137,119.93589694,32.18493467,119.91964144,32.18493467,119.91964144,0.6500,3921.07,1,842,split_learned,15,1,-1,2861.31,820.37,820.37
41,191.00,32.23599282,119.90806657,32.18407022,119.91990426,32.18407022,119.91990426,0.6267,5886.60,1,1059,split_learned,14,1,-1,4543.74,1626.03,1626.03
42,196.00,32.17249946,119.94669067,32.18320577,119.92016709,32.18320577,119.92016709,0.6267,2768.12,1,272,split_learned,14,1,-1,3671.61,1559.80,1559.80
43,200.00,32.19350100,119.92666854,32.18251421,119.92037735,32.19336745,119.92659207,0.8133,1359.05,0,539,split_learned,22,1,-1,798.42,399.38,399.38
44,205.00,32.24782885,119.92888054,32.19537383,119.92849877,32.19537383,119.92849877,0.6033,5839.40,1,1230,split_learned,13,1,-1,5539.72,1362.91,1362.91
45,209.00,32.19350100,119.92666854,32.19697894,119.93002414,32.19379453,119.92695174,0.8133,499.80,0,539,split_learned,22,1,-1,1005.29,160.30,160.30
46,214.00,32.20323517,119.92760686,32.19413554,119.92725166,32.19413554,119.92725166,0.5567,1013.52,1,654,split_learned,11,1,2,812.12,53.69,53.69
47,218.00,32.21189640,119.92216846,32.19440835,119.92749159,32.21016791,119.92269459,0.7200,2010.31,0,767,split_learned,18,1,3,1195.41,69.66,69.66
48,223.00,32.24782885,119.92888054,32.21844045,119.92058025,32.21844045,119.92058025,0.6033,3363.64,1,1230,split_learned,13,1,-1,5128.59,1374.16,1374.16
49,228.00,32.24768936,119.93196746,32.22671299,119.91846591,32.24600229,119.93088157,0.7433,2658.96,0,1231,split_learned,19,1,-1,5061.94,213.41,213.41
50,232.00,32.24768936,119.93196746,32.25973554,119.93376984,32.25089373,119.93244691,0.7433,1351.68,0,1231,split_learned,19,1,-1,4976.88,616.42,616.42
51,237.00,32.25369081,119.92953990,32.26221890,119.93518324,32.25548007,119.93072392,0.7667,1088.04,0,1299,split_learned,20,1,-1,5407.83,568.43,568.43
52,241.00,32.25369081,119.92953990,32.26100420,119.93057309,32.25561601,119.92981188,0.7667,819.92,0,1299,split_learned,20,1,-1,5298.75,1542.16,1542.16
53,245.00,32.21446554,119.94850959,32.25815490,119.92923931,32.25815490,119.92923931,0.6733,5191.19,1,802,split_learned,16,1,-1,2947.11,2947.11,2947.11
54,250.00,32.15229671,119.94866175,32.26132851,119.92852361,32.26132851,119.92852361,0.5333,12284.76,1,20,split_learned,10,1,-1,6850.67,190.99,190.99
55,255.00,32.24782885,119.92888054,32.26450213,119.92780790,32.26450213,119.92780790,0.6033,1858.82,1,1230,split_learned,13,1,-1,4422.60,175.47,175.47
56,259.00,32.25066030,119.92698554,32.26704102,119.92723534,32.26704102,119.92723534,0.5800,1823.65,1,1275,split_learned,12,1,-1,4656.35,160.42,160.42
57,264.00,32.25369081,119.92953990,32.27021463,119.92651963,32.25391132,119.92949959,0.7667,1861.30,0,1299,split_learned,20,1,2,4787.73,58.50,58.50
58,268.00,32.21901851,119.93106718,32.25304678,119.92954912,32.25304678,119.92954912,0.5567,3790.72,1,863,split_learned,11,1,-1,1546.91,272.68,272.68
59,273.00,32.23966598,119.91195233,32.25196609,119.92961102,32.24075339,119.91351347,0.7433,2154.45,0,1129,split_learned,19,1,-1,3088.51,1983.23,1983.23
60,277.00,32.23599282,119.90806657,32.23522056,119.90686095,32.23522056,119.90686095,0.6267,142.43,1,1059,split_learned,14,1,-1,2427.34,1994.17,1994.17
61,281.00,32.24782885,119.92888054,32.22968772,119.90020843,32.22968772,119.90020843,0.6033,3372.32,1,1230,split_learned,13,1,-1,3822.74,882.23,882.23
62,286.00,32.24782885,119.92888054,32.22277167,119.89189278,32.22277167,119.89189278,0.6033,4463.12,1,1230,split_learned,13,1,-1,3717.78,3530.19,3530.19
63,290.00,32.15926380,119.94919431,32.21723884,119.88524025,32.21723884,119.88524025,0.5100,8828.49,1,89,split_learned,9,1,-1,7284.40,2176.62,2176.62
64,295.00,32.24782885,119.92888054,32.21032279,119.87692460,32.21032279,119.87692460,0.6033,6433.00,1,1230,split_learned,13,1,-1,3543.86,1245.24,1245.24
65,299.00,32.19213355,119.94594255,32.20478995,119.87027208,32.20478995,119.87027208,0.5333,7265.74,1,525,split_learned,10,1,-1,4232.71,1207.03,1207.03
66,304.00,32.16179483,119.92259958,32.19787391,119.86195643,32.19787391,119.86195643,0.6267,6982.94,1,123,split_learned,14,1,-1,6589.07,4134.28,4134.28
67,308.00,32.23599282,119.90806657,32.19234107,119.85530391,32.19234107,119.85530391,0.6267,6950.82,1,1059,split_learned,14,1,-1,1673.66,664.96,664.96
68,313.00,32.21771544,119.95208404,32.18542502,119.84698825,32.18542502,119.84698825,0.6033,10531.96,1,850,split_learned,13,1,-1,3594.02,347.80,347.80
69,318.00,32.21446554,119.94850959,32.17850898,119.83867260,32.21446554,119.94850959,0.6733,11093.45,1,802,split_learned,16,1,-1,3416.25,3226.90,3226.90
70,322.00,32.24450384,119.93158706,32.21446554,119.94850959,32.21446554,119.94850959,0.5567,3704.37,1,1185,split_learned,11,1,-1,2762.58,2762.58,2762.58
71,327.00,32.21567204,119.95218548,32.21446554,119.94850959,32.21446554,119.94850959,0.4867,371.39,1,827,split_learned,8,1,-1,3804.66,3804.66,3804.66
72,332.00,32.15659810,119.94704571,32.21446554,119.94850959,32.21446554,119.94850959,0.6267,6443.28,1,65,split_learned,14,1,-1,8375.95,355.33,355.33
73,336.00,32.17089597,119.91212285,32.21446554,119.94850959,32.21446554,119.94850959,0.5567,5938.99,1,233,split_learned,11,1,-1,6316.21,3512.27,3512.27
74,341.00,32.15659810,119.94704571,32.21446554,119.94850959,32.21446554,119.94850959,0.6267,6443.28,1,65,split_learned,14,1,-1,8607.24,1351.67,1351.67
75,345.00,32.16179483,119.92259958,32.21446554,119.94850959,32.21446554,119.94850959,0.6267,6350.98,1,123,split_learned,14,1,-1,7584.15,988.36,988.36
76,350.00,32.21771544,119.95208404,32.21446554,119.94850959,32.21446554,119.94850959,0.6033,494.22,1,850,split_learned,13,1,-1,4005.56,1067.60,1067.60
77,355.00,32.15659810,119.94704571,32.21446554,119.94850959,32.21446554,119.94850959,0.6267,6443.28,1,65,split_learned,14,1,-1,8919.03,1595.02,1595.02
78,359.00,32.16089948,119.92081870,32.21446554,119.94850959,32.21446554,119.94850959,0.6033,6508.50,1,99,split_learned,13,1,-1,8093.56,2491.89,2491.89
79,364.00,32.19262711,119.95001151,32.21446554,119.94850959,32.19262711,119.95001151,0.5100,2435.17,1,527,split_learned,9,1,-1,5839.01,5839.01,5839.01
80,368.00,32.15659810,119.94704571,32.19262711,119.95001151,32.19262711,119.95001151,0.6267,4020.47,1,65,split_learned,14,1,-1,9264.82,3313.07,3313.07
81,372.00,32.21189640,119.92216846,32.19262711,119.95001151,32.21189089,119.92217641,0.7200,3388.18,0,767,split_learned,18,1,-1,2781.55,2781.55,2781.55
82,377.00,32.23599282,119.90806657,32.21326237,119.92019470,32.21326237,119.92019470,0.6267,2776.29,1,1059,split_learned,14,1,-1,378.76,191.53,191.53
83,381.00,32.20931172,119.92985690,32.21435956,119.91860933,32.21435956,119.91860933,0.6267,1199.27,1,724,split_learned,14,1,-1,3597.28,1638.70,1638.70
84,386.00,32.15886681,119.95228692,32.21573104,119.91662762,32.21573104,119.91662762,0.6267,7166.10,1,91,split_learned,14,1,-1,9743.12,1673.21,1673.21
85,390.00,32.23725297,119.92084406,32.21682822,119.91504226,32.21682822,119.91504226,0.5333,2338.44,1,1088,split_learned,10,1,2,954.86,130.28,130.28
86,395.00,32.23966598,119.91195233,32.21819970,119.91306054,32.23954170,119.91195874,0.7433,2391.91,0,1129,split_learned,19,1,1,94.80,94.80,94.80
87,399.00,32.23966598,119.91195233,32.24471021,119.91016319,32.24095487,119.91149517,0.7433,586.27,0,1129,split_learned,19,1,1,82.71,82.71,82.71
88,403.00,32.18671150,119.91910121,32.24394827,119.91047111,32.19807793,119.91738739,1.0000,6423.25,0,443,split_learned,34,1,3,6205.32,53.77,53.77
89,448.00,32.24514168,119.92432974,31.91883892,119.95304767,31.91883892,119.95304767,0.5333,36424.61,1,1205,split_learned,10,1,2,1204.98,139.02,139.02
90,454.00,32.16705595,119.92400705,31.88160706,119.95780238,31.88160706,119.95780238,0.5100,31935.23,1,192,split_learned,9,1,-1,8349.01,894.33,894.33
91,461.00,32.23658775,119.91539298,31.83816988,119.96334953,31.83816988,119.96334953,0.5100,44581.33,1,1086,split_learned,9,1,2,464.52,44.98,44.98
92,468.00,32.23725297,119.92084406,31.79473270,119.96889669,31.79473270,119.96889669,0.5333,49468.87,1,1088,split_learned,10,1,5,704.28,94.73,94.73
93,476.00,32.23725297,119.92084406,31.74509021,119.97523629,31.74509021,119.97523629,0.5333,55026.60,1,1088,split_learned,10,1,3,667.29,52.61,52.61
94,482.00,32.16089948,119.92081870,31.70785834,119.97999100,31.70785834,119.97999100,0.6033,50739.61,1,99,split_learned,13,1,-1,8684.86,7873.46,7873.46
95,489.00,32.16089948,119.92081870,31.66442116,119.98553815,31.66442116,119.98553815,0.6033,55603.17,1,99,split_learned,13,1,-1,8567.28,158.71,158.71
96,496.00,32.16089948,119.92081870,31.62098398,119.99108531,31.62098398,119.99108531,0.6033,60466.74,1,99,split_learned,13,1,-1,8456.19,220.92,220.92
97,502.00,32.16089948,119.92081870,31.58375212,119.99584001,31.58375212,119.99584001,0.6033,64635.51,1,99,split_learned,13,1,-1,8356.22,6338.26,6338.26
98,509.00,32.22425817,119.93809627,31.54031494,120.00138717,32.22425817,119.93809627,0.5100,76369.61,1,935,split_learned,9,1,-1,2383.02,2204.22,2204.22
99,516.00,32.15420063,119.95345347,32.22425817,119.93809627,32.22425817,119.93809627,0.5100,7931.83,1,45,split_learned,9,1,-1,9410.88,885.96,885.96
100,522.00,32.16995178,119.91959573,32.22425817,119.93809627,32.22425817,119.93809627,0.5567,6291.55,1,236,split_learned,11,1,-1,6808.93,242.95,242.95
101,528.00,32.15420063,119.95345347,32.22425817,119.93809627,32.22425817,119.93809627,0.5100,7931.83,1,45,split_learned,9,1,-1,9169.15,1116.50,1116.50
102,534.00,32.22935834,119.95160919,32.22425817,119.93809627,32.22425817,119.93809627,0.5100,1393.74,1,1010,split_learned,9,1,-1,3256.34,2263.57,2263.57
103,540.00,32.15659810,119.94704571,32.22425817,119.93809627,32.22425817,119.93809627,0.6267,7578.95,1,65,split_learned,14,1,-1,8571.20,536.02,536.02
104,546.00,32.22555051,119.93011050,32.22425817,119.93809627,32.22425817,119.93809627,0.4633,765.86,1,954,split_learned,7,1,-1,1174.46,400.00,400.00
105,553.00,32.15659810,119.94704571,32.22425817,119.93809627,32.22425817,119.93809627,0.6267,7578.95,1,65,split_learned,14,1,-1,8329.91,1955.88,1955.88
106,560.00,32.21183202,119.91634397,32.22425817,119.93809627,32.22425817,119.93809627,0.5800,2472.19,1,764,split_learned,12,1,-1,1547.78,1405.68,1405.68
107,567.00,32.21183202,119.91634397,32.22425817,119.93809627,32.22425817,119.93809627,0.5800,2472.19,1,764,split_learned,12,1,-1,1436.50,762.94,762.94
108,574.00,32.24450384,119.93158706,32.22425817,119.93809627,32.24450384,119.93158706,0.5567,2335.66,1,1185,split_learned,11,1,-1,2651.86,178.74,178.74
109,580.00,32.19890160,119.92940042,32.24450384,119.93158706,32.24450384,119.93158706,0.5800,5080.62,1,609,split_learned,12,1,2,2823.13,69.20,69.20
110,587.00,32.19890160,119.92940042,32.24450384,119.93158706,32.24450384,119.93158706,0.5800,5080.62,1,609,split_learned,12,1,2,2730.65,110.22,110.22
111,594.00,32.24937869,119.94212719,32.24450384,119.93158706,32.24450384,119.93158706,0.6033,1131.46,1,1259,split_learned,13,1,-1,3920.65,2482.36,2482.36
112,599.00,32.16179483,119.92259958,32.24450384,119.93158706,32.24450384,119.93158706,0.6267,9246.01,1,123,split_learned,14,1,7,6507.37,113.16,113.16
113,605.00,32.15659810,119.94704571,32.24450384,119.93158706,32.24450384,119.93158706,0.6267,9893.41,1,65,split_learned,14,1,-1,7471.75,1900.44,1900.44
114,611.00,32.21817089,119.94721623,32.24450384,119.93158706,32.24450384,119.93158706,0.5100,3280.30,1,871,split_learned,9,1,-1,2776.85,2776.85,2776.85
115,617.00,32.17125485,119.92736594,32.24450384,119.93158706,32.24450384,119.93158706,0.6033,8163.77,1,263,split_learned,13,1,-1,5016.59,445.99,445.99
116,623.00,32.25369081,119.92953990,32.24450384,119.93158706,32.25369024,119.92954003,0.7667,1040.71,0,1299,split_learned,20,1,-1,4256.48,457.14,457.14
117,629.00,32.24426779,119.94192431,32.25410584,119.92944742,32.25410584,119.92944742,0.5800,1606.44,1,1190,split_learned,12,1,-1,3914.03,3358.18,3358.18
118,634.00,32.24782885,119.92888054,32.25445218,119.92937024,32.25445218,119.92937024,0.6033,738.75,1,1230,split_learned,13,1,-1,3890.09,1303.16,1303.16
119,640.00,32.21189640,119.92216846,32.25486779,119.92927763,32.21228121,119.92223212,0.7200,4830.22,0,767,split_learned,18,1,-1,305.14,171.77,171.77
120,646.00,32.24768936,119.93196746,32.19709290,119.91955800,32.23832685,119.92967118,0.7433,5752.42,0,1231,split_learned,19,1,5,4132.39,121.00,121.00
121,652.00,32.24768936,119.93196746,32.25093849,119.93381537,32.24828681,119.93230725,0.7433,401.40,0,1231,split_learned,19,1,-1,4239.94,156.45,156.45
122,658.00,32.24768936,119.93196746,32.25908712,119.93542126,32.24984663,119.93262116,0.7433,1309.84,0,1231,split_learned,19,1,4,4347.69,121.04,121.04
123,664.00,32.20096645,119.91214821,32.25446063,119.93386057,32.25446063,119.93386057,0.5567,6296.39,1,624,split_learned,11,1,-1,1143.74,1143.74,1143.74
124,670.00,32.25398050,119.94604399,32.25907464,119.93509998,32.25907464,119.93509998,0.5567,1176.56,1,1307,split_learned,11,1,-1,5560.64,4542.50,4542.50
125,676.00,32.22450494,119.91874617,32.26368865,119.93633939,32.26368865,119.93633939,0.4633,4666.13,1,926,split_learned,7,1,2,1946.24,67.26,67.26
126,681.00,32.24962547,119.91288365,32.26753366,119.93737223,32.26753366,119.93737223,0.5800,3048.79,1,1245,split_learned,12,1,-1,4913.69,155.01,155.01
127,688.00,32.20560045,119.91895474,32.27291667,119.93881821,32.27291667,119.93881821,0.4400,7723.70,1,674,split_learned,6,1,1,45.44,45.44,45.44
128,693.00,32.20285964,119.92061582,32.27676168,119.93985105,32.27676168,119.93985105,0.5333,8423.94,1,651,split_learned,10,1,4,170.86,128.55,128.55
129,700.00,32.24782885,119.92888054,32.28214469,119.94129703,32.28214469,119.94129703,0.6033,3995.07,1,1230,split_learned,13,1,-1,5016.35,814.75,814.75
130,706.00,32.20323517,119.92760686,32.28675870,119.94253644,32.28675870,119.94253644,0.5567,9403.59,1,654,split_learned,11,1,-1,497.56,497.56,497.56
131,713.00,32.17586739,119.95148808,32.29214171,119.94398241,32.29214171,119.94398241,0.5567,12962.95,1,321,split_learned,11,1,-1,4030.90,363.25,363.25
132,719.00,32.19213355,119.94594255,32.29675571,119.94522182,32.19213355,119.94594255,0.5333,11646.74,1,525,split_learned,10,1,-1,2460.64,2304.27,2304.27
133,726.00,32.22450494,119.91874617,32.19213355,119.94594255,32.19213355,119.94594255,0.4633,4421.37,1,926,split_learned,7,1,-1,2842.52,2223.09,2223.09
134,733.00,32.20285964,119.92061582,32.19213355,119.94594255,32.19213355,119.94594255,0.5333,2667.79,1,651,split_learned,10,1,-1,563.01,563.01,563.01
135,739.00,32.24937869,119.94212719,32.19213355,119.94594255,32.19213355,119.94594255,0.6033,6382.66,1,1259,split_learned,13,1,-1,6106.79,4596.67,4596.67
136,746.00,32.24937869,119.94212719,32.19213355,119.94594255,32.19213355,119.94594255,0.6033,6382.66,1,1259,split_learned,13,1,-1,6202.61,2175.57,2175.57
137,753.00,32.19890160,119.92940042,32.19213355,119.94594255,32.19213355,119.94594255,0.5800,1730.78,1,609,split_learned,12,1,-1,746.30,746.30,746.30
138,759.00,32.21771544,119.95208404,32.19213355,119.94594255,32.19213355,119.94594255,0.6033,2905.94,1,850,split_learned,13,1,-1,3722.17,752.00,752.00
139,765.00,32.20329955,119.92564846,32.19213355,119.94594255,32.19213355,119.94594255,0.5800,2280.20,1,653,split_learned,12,1,-1,1075.50,1075.50,1075.50
140,772.00,32.21032510,119.91082381,32.19213355,119.94594255,32.19213355,119.94594255,0.6267,3878.66,1,738,split_learned,14,1,8,2368.72,98.95,98.95
141,779.00,32.19350100,119.92666854,32.19213355,119.94594255,32.19350073,119.92667231,0.8133,1821.90,0,539,split_learned,22,1,7,421.45,138.72,138.72
142,786.00,32.21884684,119.95176704,32.19361208,119.92510287,32.19361208,119.92510287,0.6267,3768.24,1,873,split_learned,14,1,9,4192.11,102.82,102.82
143,793.00,32.18842229,119.92548362,32.19372343,119.92353343,32.19372343,119.92353343,0.6033,618.05,1,469,split_learned,13,1,1,95.65,95.65,95.65
144,800.00,32.19682120,119.91619181,32.19383478,119.92196400,32.19383478,119.92196400,0.5567,637.30,1,557,split_learned,11,1,-1,1136.82,465.38,465.38
145,807.00,32.21325312,119.94219059,32.19394612,119.92039456,32.21316049,119.94208602,0.7433,2972.28,0,799,split_learned,19,1,-1,3340.19,567.10,567.10
146,813.00,32.17125485,119.92736594,32.21775577,119.94582074,32.21775577,119.94582074,0.6033,5460.57,1,263,split_learned,13,1,-1,1575.18,408.91,408.91
147,820.00,32.24782885,119.92888054,32.22311694,119.95017792,32.22311694,119.95017792,0.6033,3404.72,1,1230,split_learned,13,1,-1,6957.11,758.67,758.67
148,826.00,32.21325312,119.94219059,32.22771222,119.95391265,32.21360570,119.94247643,0.7433,1951.91,0,799,split_learned,19,1,-1,3595.76,317.55,317.55
149,833.00,32.24962547,119.91288365,32.21315683,119.94212339,32.21315683,119.94212339,0.5800,4905.81,1,1245,split_learned,12,1,-1,7472.94,288.25,288.25
150,840.00,32.15437230,119.93599838,32.21270796,119.94177035,32.15699511,119.93625789,0.8600,6516.65,0,37,split_learned,24,1,-1,3258.09,1334.45,1334.45
151,846.00,32.21032510,119.91082381,32.13247422,119.93356716,32.13247422,119.93356716,0.6267,8927.22,1,738,split_learned,14,1,4,3513.70,87.12,87.12
152,853.00,32.22773339,119.90975869,32.10386653,119.93042798,32.10386653,119.93042798,0.5333,13925.63,1,968,split_learned,10,1,6,5526.12,97.58,97.58
153,860.00,32.21032510,119.91082381,32.07525884,119.92728879,32.07525884,119.92728879,0.6267,15115.35,1,738,split_learned,14,1,-1,3755.29,793.46,793.46
154,866.00,32.15437230,119.93599838,32.05073796,119.92459806,32.15312145,119.93586078,0.8600,11586.45,0,37,split_learned,24,1,9,2804.48,84.32,84.32
155,873.00,32.21189640,119.92216846,32.15769986,119.93637224,32.20313781,119.92446390,0.7200,6179.73,0,767,split_learned,18,1,-1,3848.23,611.56,611.56
156,880.00,32.17622146,119.92761954,32.24300840,119.91572602,32.18678440,119.92573847,0.7200,7518.66,0,309,split_learned,18,1,1,73.20,73.20,73.20
157,886.00,32.17620000,119.92550898,32.18662499,119.92436314,32.18662499,119.92436314,0.6267,1165.52,1,308,split_learned,14,1,-1,277.10,277.10,277.10
158,893.00,32.16449754,119.95006223,32.18643902,119.92275859,32.18643902,119.92275859,0.5567,3546.90,1,182,split_learned,11,1,-1,2370.10,889.18,889.18
159,899.00,32.17125485,119.92736594,32.18627961,119.92138326,32.18627961,119.92138326,0.6033,1764.94,1,263,split_learned,13,1,5,155.22,97.61,97.61
160,905.00,32.23599282,119.90806657,32.18612020,119.92000793,32.18612020,119.92000793,0.6267,5664.62,1,1059,split_learned,14,1,-1,7222.28,496.78,496.78
161,911.00,32.23502717,119.94620883,32.18596080,119.91863261,32.18596080,119.91863261,0.5567,6048.27,1,1077,split_learned,11,1,-1,7293.38,4494.59,4494.59
162,917.00,32.16915299,119.92903270,32.18580139,119.91725728,32.18580139,119.91725728,0.5800,2159.87,1,218,split_learned,12,1,3,204.93,31.84,31.84
163,924.00,32.15924715,119.91821362,32.18561541,119.91565273,32.18561541,119.91565273,0.6033,2945.21,1,98,split_learned,13,1,2,1467.14,102.76,102.76
164,930.00,32.17093889,119.92985690,32.18545601,119.91427740,32.18545601,119.91427740,0.5100,2182.94,1,241,split_learned,9,1,-1,211.45,211.45,211.45
165,936.00,32.16378458,119.92305606,32.18529660,119.91290207,32.18529660,119.91290207,0.5800,2578.66,1,146,split_learned,12,1,-1,743.61,448.21,448.21
166,943.00,32.15437230,119.93599838,32.18511062,119.91129752,32.15440909,119.93596882,0.8600,4137.90,0,37,split_learned,24,1,-1,1507.11,233.86,233.86
167,949.00,32.21884684,119.95176704,32.15024115,119.93781469,32.15024115,119.93781469,0.6267,7749.44,1,873,split_learned,14,1,-1,6315.74,2052.84,2052.84
168,956.00,32.16179483,119.92259958,32.14537855,119.93996820,32.14537855,119.93996820,0.6267,2452.81,1,123,split_learned,14,1,-1,747.21,747.21,747.21
169,962.00,32.15751491,119.92997102,32.14121060,119.94181408,32.14121060,119.94181408,0.6733,2130.42,1,80,split_learned,16,1,-1,648.49,648.49,648.49
170,968.00,32.18671150,119.91910121,32.13704266,119.94365995,32.18636587,119.91927211,1.0000,5993.56,0,443,split_learned,34,1,-1,2869.76,924.92,924.92
171,974.00,32.17122266,119.93350742,32.19562261,119.91448015,32.19562261,119.91448015,0.5333,3254.23,1,266,split_learned,10,1,-1,1202.05,1202.05,1202.05
172,980.00,32.23599282,119.90806657,32.20487935,119.90968820,32.20487935,119.90968820,0.6267,3466.92,1,1059,split_learned,14,1,-1,8564.46,1311.26,1311.26
173,986.00,32.17122266,119.93350742,32.21413609,119.90489624,32.21413609,119.90489624,0.5333,5484.90,1,266,split_learned,10,1,-1,1420.80,933.32,933.32
174,992.00,32.16089948,119.92081870,32.22339283,119.90010428,32.22339283,119.90010428,0.6033,7225.21,1,99,split_learned,13,1,4,963.08,98.89,98.89
175,997.00,32.15745053,119.93234786,32.23110678,119.89611099,32.23110678,119.89611099,0.4400,8881.52,1,81,split_learned,6,1,1,48.82,48.82,48.82
176,1003.00,32.15996602,119.93999127,32.24036352,119.89131903,32.24036352,119.89131903,0.6033,10055.81,1,108,split_learned,13,1,-1,815.68,815.68,815.68
177,1009.00,32.23599282,119.90806657,32.24962026,119.88652707,32.24962026,119.88652707,0.6267,2533.35,1,1059,split_learned,14,1,-1,9116.19,1136.92,1136.92
178,1052.00,32.21189640,119.92216846,32.31596023,119.85218471,32.21195962,119.92212594,0.7200,13328.71,0,767,split_learned,18,1,-1,6292.34,2168.68,2168.68
179,1057.00,32.15437230,119.93599838,32.21210405,119.92322321,32.16851785,119.93286818,0.8600,6538.39,0,37,split_learned,24,1,-1,317.82,317.82,317.82
180,1062.00,32.15996602,119.93999127,32.14351025,119.93953122,32.14351025,119.93953122,0.6033,1832.37,1,108,split_learned,13,1,-1,588.31,240.25,240.25
181,1067.00,32.15996602,119.93999127,32.11850266,119.94619425,32.11850266,119.94619425,0.6033,4652.54,1,108,split_learned,13,1,-1,564.71,208.91,208.91
182,1071.00,32.15437230,119.93599838,32.09849658,119.95152468,32.15218982,119.93660483,0.8600,6389.71,0,37,split_learned,24,1,-1,664.47,292.81,292.81
183,1076.00,32.15996602,119.93999127,32.14788701,119.93751459,32.14788701,119.93751459,0.6033,1364.72,1,108,split_learned,13,1,-1,582.07,582.07,582.07
184,1081.00,32.23599282,119.90806657,32.14358419,119.93842434,32.14358419,119.93842434,0.6267,10676.99,1,1059,split_learned,14,1,-1,8463.98,4024.50,4024.50
185,1085.00,32.21757596,119.95089911,32.14014195,119.93915215,32.14014195,119.93915215,0.6033,8690.68,1,849,split_learned,13,1,6,6255.34,63.83,63.83
186,1090.00,32.16705595,119.92400705,32.13583913,119.94006190,32.13583913,119.94006190,0.5100,3789.86,1,192,split_learned,9,1,5,998.11,96.14,96.14
187,1095.00,32.15886681,119.95228692,32.13153632,119.94097166,32.13153632,119.94097166,0.6267,3223.73,1,91,split_learned,14,1,-1,2016.26,1288.19,1288.19
188,1100.00,32.15996602,119.93999127,32.12723351,119.94188141,32.12723351,119.94188141,0.6033,3648.13,1,108,split_learned,13,1,4,959.74,112.78,112.78
189,1105.00,32.17093889,119.92985690,32.12293070,119.94279117,32.12293070,119.94279117,0.5100,5481.39,1,241,split_learned,9,1,3,461.32,149.71,149.71
190,1109.00,32.15886681,119.95228692,32.11948845,119.94351897,32.11948845,119.94351897,0.6267,4460.72,1,91,split_learned,14,1,-1,2250.10,167.33,167.33
191,1114.00,32.16915299,119.92903270,32.11518564,119.94442873,32.11518564,119.94442873,0.5800,6180.21,1,218,split_learned,12,1,-1,253.34,253.34,253.34
192,1119.00,32.17093889,119.92985690,32.11088282,119.94533848,32.17093889,119.92985690,0.5100,6842.64,1,241,split_learned,9,1,-1,258.96,258.96,258.96
193,1123.00,32.15886681,119.95228692,32.17093889,119.92985690,32.17093889,119.92985690,0.6267,2503.98,1,91,split_learned,14,1,-1,2427.55,921.17,921.17
194,1128.00,32.21736137,119.93589694,32.17093889,119.92985690,32.17093889,119.92985690,0.6500,5198.98,1,842,split_learned,15,1,-1,5061.15,3514.13,3514.13
195,1133.00,32.21736137,119.93589694,32.17093889,119.92985690,32.17093889,119.92985690,0.6500,5198.98,1,842,split_learned,15,1,-1,4950.27,1214.21,1214.21
196,1137.00,32.21032510,119.91082381,32.17093889,119.92985690,32.17093889,119.92985690,0.6267,4736.86,1,738,split_learned,14,1,-1,4470.04,223.31,223.31
197,1142.00,32.24782885,119.92888054,32.17093889,119.92985690,32.17093889,119.92985690,0.6033,8559.88,1,1230,split_learned,13,1,3,8109.25,116.13,116.13
198,1146.00,32.23599282,119.90806657,32.17093889,119.92985690,32.17093889,119.92985690,0.6267,7527.06,1,1059,split_learned,14,1,7,6950.60,44.01,44.01
199,1151.00,32.18671150,119.91910121,32.17093889,119.92985690,32.18670507,119.91910560,1.0000,2027.14,0,443,split_learned,34,1,-1,1526.60,282.22,282.22
200,1155.00,32.23599282,119.90806657,32.18781038,119.91835186,32.18781038,119.91835186,0.6267,5450.47,1,1059,split_learned,14,1,-1,6709.75,769.54,769.54
201,1160.00,32.17089597,119.91212285,32.18919202,119.91740969,32.18919202,119.91740969,0.5567,2096.72,1,233,split_learned,11,1,-1,1903.15,625.34,625.34
202,1164.00,32.24995808,119.91371353,32.19029733,119.91665596,32.19029733,119.91665596,0.5800,6647.22,1,1246,split_learned,12,1,-1,7898.83,1387.32,1387.32
203,1169.00,32.23502717,119.94620883,32.19167897,119.91571379,32.19167897,119.91571379,0.5567,5615.77,1,1077,split_learned,11,1,-1,6267.10,2109.37,2109.37
204,1173.00,32.16067416,119.95262927,32.19278428,119.91496005,32.19278428,119.91496005,0.5800,5036.60,1,114,split_learned,12,1,-1,3321.76,646.99,646.99
205,1178.00,32.16067416,119.95262927,32.19416591,119.91401789,32.19416591,119.91401789,0.5800,5208.47,1,114,split_learned,12,1,-1,3396.64,870.84,870.84
206,1183.00,32.21919018,119.93000906,32.19554755,119.91307572,32.19554755,119.91307572,0.5800,3077.51,1,862,split_learned,12,1,-1,3928.25,510.22,510.22
207,1188.00,32.25125042,119.94167071,32.19692919,119.91213355,32.19692919,119.91213355,0.5567,6656.40,1,1282,split_learned,11,1,-1,7518.39,577.27,577.27
208,1193.00,32.16067416,119.95262927,32.19831083,119.91119138,32.19831083,119.91119138,0.5800,5726.19,1,114,split_learned,12,1,2,3713.25,120.08,120.08
209,1198.00,32.21032510,119.91082381,32.19969247,119.91024921,32.21032510,119.91082381,0.6267,1184.86,1,738,split_learned,14,1,-1,3087.42,218.76,218.76
210,1203.00,32.16067416,119.95262927,32.21032510,119.91082381,32.21032510,119.91082381,0.5800,6786.48,1,114,split_learned,12,1,-1,3889.30,431.55,431.55
211,1208.00,32.24782885,119.92888054,32.21032510,119.91082381,32.21032510,119.91082381,0.6033,4508.09,1,1230,split_learned,13,1,-1,6572.73,1742.03,1742.03
212,1212.00,32.16067416,119.95262927,32.21032510,119.91082381,32.21032510,119.91082381,0.5800,6786.48,1,114,split_learned,12,1,-1,4060.79,620.19,620.19
213,1217.00,32.21325312,119.94219059,32.21032510,119.91082381,32.21325144,119.94217263,0.7433,2972.54,0,799,split_learned,19,1,-1,2927.53,161.27,161.27
214,1221.00,32.19350100,119.92666854,32.21347117,119.94452654,32.19704853,119.92984086,0.8133,2787.78,0,539,split_learned,22,1,6,249.51,52.69,52.69
215,1226.00,32.21759742,119.94842083,32.18215752,119.91922159,32.21277019,119.94444363,0.9533,4809.29,0,848,split_learned,28,1,6,3402.08,65.79,65.79
216,1230.00,32.24937869,119.94212719,32.21809931,119.95015400,32.21809931,119.95015400,0.6033,3563.16,1,1259,split_learned,13,1,-1,6385.96,175.11,175.11
217,1235.00,32.23599282,119.90806657,32.22476072,119.95729196,32.22476072,119.95729196,0.6267,4802.44,1,1059,split_learned,14,1,-1,4852.91,213.34,213.34
218,1240.00,32.15886681,119.95228692,32.23142213,119.96442991,32.23142213,119.96442991,0.6267,8157.45,1,91,split_learned,14,1,7,4892.16,85.74,85.74
219,1244.00,32.19715862,119.92455798,32.23675126,119.97014028,32.19816460,119.92571614,0.7200,6153.14,0,584,split_learned,18,1,1,134.14,129.25,129.25
220,1249.00,32.22287999,119.90810461,32.19260629,119.91878575,32.19260629,119.91878575,0.5100,3517.05,1,898,split_learned,9,1,-1,3261.32,223.38,223.38
221,1254.00,32.18854031,119.93988983,32.18704797,119.91185536,32.18704797,119.91185536,0.6733,2645.94,1,476,split_learned,16,1,3,1726.43,139.88,139.88
222,1258.00,32.19890160,119.92940042,32.18260132,119.90631105,32.18260132,119.90631105,0.5800,2832.46,1,609,split_learned,12,1,5,315.83,91.01,91.01
223,1263.00,32.15886681,119.95228692,32.17704301,119.89938065,32.17704301,119.89938065,0.6267,5378.63,1,91,split_learned,14,1,-1,5412.16,331.69,331.69
224,1267.00,32.15886681,119.95228692,32.17259636,119.89383634,32.17259636,119.89383634,0.6267,5713.98,1,91,split_learned,14,1,2,5509.96,146.87,146.87
225,1272.00,32.24782885,119.92888054,32.16703804,119.88690595,32.16703804,119.88690595,0.6033,9824.36,1,1230,split_learned,13,1,-1,5062.95,1562.70,1562.70
226,1277.00,32.19715862,119.92455798,32.16147973,119.87997556,32.19695784,119.92430709,0.7200,5780.18,0,584,split_learned,18,1,2,664.94,65.44,65.44
227,1281.00,32.20329955,119.92564846,32.19800054,119.92562197,32.19800054,119.92562197,0.5800,589.89,1,653,split_learned,12,1,3,203.96,105.44,105.44
228,1286.00,32.21771544,119.95208404,32.19930391,119.92726558,32.19930391,119.92726558,0.6033,3109.02,1,850,split_learned,13,1,-1,3004.55,3004.55,3004.55
229,1291.00,32.21771544,119.95208404,32.20060729,119.92890919,32.20060729,119.92890919,0.6033,2896.96,1,850,split_learned,13,1,-1,2957.62,2695.54,2695.54
230,1295.00,32.16179483,119.92259958,32.20164999,119.93022408,32.20164999,119.93022408,0.6267,4494.43,1,123,split_learned,14,1,-1,5111.09,307.50,307.50
231,1300.00,32.21189640,119.92216846,32.20295337,119.93186768,32.21179409,119.92227942,0.7200,1351.22,0,767,split_learned,18,1,3,390.82,99.62,99.62
232,1305.00,32.21189640,119.92216846,32.21535418,119.92147549,32.21262406,119.92202263,0.7200,390.42,0,767,split_learned,18,1,5,278.35,78.39,78.39
233,1310.00,32.24768936,119.93196746,32.21438682,119.92157890,32.24094505,119.92986361,0.7433,3834.21,0,1231,split_learned,19,1,5,4242.53,33.13,33.13
234,1315.00,32.24768936,119.93196746,32.25989970,119.93478280,32.25032951,119.93257620,0.7433,1384.88,0,1231,split_learned,19,1,-1,4133.24,399.74,399.74
235,1319.00,32.21189640,119.92216846,32.26070087,119.93540658,32.22537702,119.92582505,0.7200,5574.18,0,767,split_learned,18,1,1,55.72,55.72,55.72
236,1324.00,32.20820659,119.92072994,32.21414979,119.92280115,32.21414979,119.92280115,0.6033,689.76,1,720,split_learned,13,1,2,602.23,33.19,33.19
237,1328.00,32.21032510,119.91082381,32.20516800,119.92038202,32.20516800,119.92038202,0.6267,1067.80,1,738,split_learned,14,1,-1,1207.63,1207.63,1207.63
238,1333.00,32.21189640,119.92216846,32.19394077,119.91735812,32.21111376,119.92195879,0.7200,2049.54,0,767,split_learned,18,1,2,389.27,111.00,111.00
239,1337.00,32.21559694,119.92047634,32.20736397,119.92094132,32.20736397,119.92094132,0.6733,917.54,1,812,split_learned,16,1,1,141.12,127.92,127.92
240,1341.00,32.15223233,119.93554190,32.20361417,119.91992386,32.20361417,119.91992386,0.4867,5905.99,1,14,split_learned,8,1,6,7315.93,91.12,91.12
241,1346.00,32.24937869,119.94212719,32.19892694,119.91865203,32.19892694,119.91865203,0.6033,6035.92,1,1259,split_learned,13,1,-1,3967.31,3864.76,3864.76
242,1350.00,32.15659810,119.94704571,32.19517714,119.91763456,32.19517714,119.91763456,0.6267,5110.66,1,65,split_learned,14,1,-1,7417.72,614.95,614.95
243,1355.00,32.20308496,119.92320822,32.19048990,119.91636273,32.19048990,119.91636273,0.4867,1543.25,1,652,split_learned,8,1,-1,1943.91,1943.91,1943.91
244,1359.00,32.15659810,119.94704571,32.18674011,119.91534527,32.18674011,119.91534527,0.6267,4491.68,1,65,split_learned,14,1,-1,7628.87,1836.92,1836.92
245,1364.00,32.20308496,119.92320822,32.18205287,119.91407344,32.18205287,119.91407344,0.4867,2494.40,1,652,split_learned,8,1,-1,2154.55,332.14,332.14
246,1368.00,32.24937869,119.94212719,32.17830308,119.91305597,32.17830308,119.91305597,0.6033,8372.61,1,1259,split_learned,13,1,-1,3602.83,1992.70,1992.70
247,1372.00,32.15659810,119.94704571,32.17455329,119.91203851,32.17455329,119.91203851,0.6267,3856.00,1,65,split_learned,14,1,-1,7964.98,2417.24,2417.24
248,1377.00,32.24114072,119.92295462,32.16986605,119.91076668,32.24114072,119.92295462,0.4633,8016.92,1,1158,split_learned,7,1,3,1939.72,143.51,143.51
249,1381.00,32.24077111,119.92299266,32.24114072,119.92295462,32.24077218,119.92299255,0.4867,41.30,0,1135,split_learned,8,1,5,1632.26,79.92,79.92
250,1386.00,32.23599282,119.90806657,32.24072065,119.92299785,32.24072065,119.92299785,0.6267,1501.71,1,1059,split_learned,14,1,-1,1435.21,1435.21,1435.21
251,1390.00,32.23599282,119.90806657,32.24067943,119.92300209,32.24067943,119.92300209,0.6267,1500.48,1,1059,split_learned,14,1,-1,1292.41,1140.09,1140.09
252,1395.00,32.16089948,119.92081870,32.24062790,119.92300740,32.24062790,119.92300740,0.6033,8877.76,1,99,split_learned,13,1,-1,7716.63,359.43,359.43
253,1399.00,32.15936518,119.92512858,32.24058667,119.92301164,32.24058667,119.92301164,0.6267,9043.78,1,101,split_learned,14,1,-1,7847.00,567.11,567.11
254,1404.00,32.15420063,119.95345347,32.24053514,119.92301694,32.24053514,119.92301694,0.5100,10029.27,1,45,split_learned,9,1,-1,9108.14,700.26,700.26
255,1409.00,32.25398050,119.94604399,32.24048361,119.92302225,32.24048361,119.92302225,0.5567,2638.19,1,1307,split_learned,11,1,-1,3486.09,3486.09,3486.09
256,1414.00,32.24768936,119.93196746,32.24043208,119.92302755,32.24766139,119.93193301,0.7433,1166.96,0,1231,split_learned,19,1,-1,2073.00,832.34,832.34
257,1418.00,32.16705595,119.92400705,32.24866652,119.93322620,32.24866652,119.93322620,0.5100,9126.30,1,192,split_learned,9,1,-1,7485.91,1598.73,1598.73
258,1423.00,32.15437230,119.93599838,32.24992292,119.93484268,32.16099785,119.93591825,0.8600,10637.25,0,37,split_learned,24,1,-1,9125.19,6380.11,6380.11
259,1428.00,32.23725297,119.92084406,32.11520437,119.93810381,32.11520437,119.93810381,0.5333,13683.38,1,1088,split_learned,10,1,-1,292.42,176.61,176.61
260,1432.00,32.15420063,119.95345347,32.07856959,119.93985226,32.07856959,119.93985226,0.5100,8516.17,1,45,split_learned,9,1,2,9757.60,132.23,132.23
261,1437.00,32.23658775,119.91539298,32.03277611,119.94203782,32.03277611,119.94203782,0.5100,22826.71,1,1086,split_learned,9,1,1,112.03,112.03,112.03
262,1441.00,32.22935834,119.95160919,31.99614133,119.94378628,31.99614133,119.94378628,0.5100,25972.17,1,1010,split_learned,9,1,-1,3321.54,300.30,300.30
263,1446.00,32.16900278,119.92055242,31.95034785,119.94597184,31.95034785,119.94597184,0.4867,24458.15,1,214,split_learned,8,1,-1,7936.33,248.54,248.54
264,1450.00,32.24773228,119.91638201,31.91371306,119.94772029,31.91371306,119.94772029,0.6967,37300.01,1,1224,split_learned,17,1,-1,761.56,228.19,228.19
265,1455.00,32.24773228,119.91638201,31.86791958,119.94990585,31.86791958,119.94990585,0.6967,42398.51,1,1224,split_learned,17,1,4,662.82,82.58,82.58
266,1460.00,32.24773228,119.91638201,31.82212610,119.95209142,31.82212610,119.95209142,0.6967,47497.73,1,1224,split_learned,17,1,-1,551.99,159.38,159.38
267,1465.00,32.23725297,119.92084406,31.77633262,119.95427698,31.77633262,119.95427698,0.5333,51406.21,1,1088,split_learned,10,1,4,888.35,67.80,67.80
268,1470.00,32.22947636,119.91841649,31.73053914,119.95646254,32.22947636,119.91841649,0.6033,55657.19,1,995,split_learned,13,1,4,1693.04,92.60,92.60
269,1511.00,32.21045385,119.92512858,32.22947636,119.91841649,32.22947636,119.91841649,0.5100,2209.96,1,745,split_learned,9,1,-1,3970.85,3970.85,3970.85
270,1518.00,32.22773339,119.90975869,32.22947636,119.91841649,32.22947636,119.91841649,0.5333,838.29,1,968,split_learned,10,1,-1,1996.85,773.91,773.91
271,1524.00,32.21771544,119.95208404,32.22947636,119.91841649,32.22947636,119.91841649,0.6033,3430.95,1,850,split_learned,13,1,-1,4303.54,1185.83,1185.83
272,1531.00,32.24514168,119.92432974,32.22947636,119.91841649,32.22947636,119.91841649,0.5333,1830.66,1,1205,split_learned,10,1,3,695.76,27.06,27.06
273,1538.00,32.21045385,119.92512858,32.22947636,119.91841649,32.22947636,119.91841649,0.5100,2209.96,1,745,split_learned,9,1,4,3527.78,123.91,123.91
274,1545.00,32.16900278,119.92055242,32.22947636,119.91841649,32.22947636,119.91841649,0.4867,6734.93,1,214,split_learned,8,1,3,7984.12,121.59,121.59
275,1552.00,32.23658775,119.91539298,32.22947636,119.91841649,32.22947636,119.91841649,0.5100,841.31,1,1086,split_learned,9,1,-1,420.62,420.62,420.62
276,1558.00,32.16089948,119.92081870,32.22947636,119.91841649,32.22947636,119.91841649,0.6033,7637.33,1,99,split_learned,13,1,-1,8761.44,358.70,358.70
277,1563.00,32.23725297,119.92084406,32.22947636,119.91841649,32.22947636,119.91841649,0.5333,895.38,1,1088,split_learned,10,1,1,93.80,93.80,93.80
278,1570.00,32.16089948,119.92081870,32.22947636,119.91841649,32.16089948,119.92081870,0.6033,7637.33,1,99,split_learned,13,1,-1,8538.46,419.23,419.23
279,1576.00,32.23725297,119.92084406,32.16089948,119.92081870,32.16089948,119.92081870,0.5333,8499.67,1,1088,split_learned,10,1,4,162.41,40.98,40.98
280,1582.00,32.18362254,119.91856865,32.16089948,119.92081870,32.16089948,119.92081870,0.5800,2538.39,1,397,split_learned,12,1,-1,5730.96,627.66,627.66
281,1589.00,32.19538346,119.93273394,32.16089948,119.92081870,32.16089948,119.92081870,0.4867,3999.47,1,565,split_learned,8,1,-1,4379.08,1606.31,1606.31
282,1595.00,32.15229671,119.94866175,32.16089948,119.92081870,32.16089948,119.92081870,0.5333,2792.07,1,20,split_learned,10,1,-1,9272.02,1197.69,1197.69
283,1602.00,32.19035839,119.94811651,32.16089948,119.92081870,32.16089948,119.92081870,0.4867,4167.25,1,503,split_learned,8,1,-1,5225.04,4611.73,4611.73
284,1608.00,32.24937869,119.94212719,32.16089948,119.92081870,32.16089948,119.92081870,0.6033,10051.94,1,1259,split_learned,13,1,-1,2839.67,1378.03,1378.03
285,1615.00,32.23630878,119.90778761,32.16089948,119.92081870,32.16089948,119.92081870,0.5800,8483.83,1,1082,split_learned,12,1,-1,1549.68,1343.18,1343.18
286,1621.00,32.23599282,119.90806657,32.16089948,119.92081870,32.16089948,119.92081870,0.6267,8445.25,1,1059,split_learned,14,1,-1,1498.62,1498.62,1498.62
287,1628.00,32.22446203,119.94175947,32.16089948,119.92081870,32.16089948,119.92081870,0.5100,7345.58,1,937,split_learned,9,1,-1,1832.40,958.83,958.83
288,1635.00,32.17122266,119.93350742,32.16089948,119.92081870,32.17122266,119.93350742,0.5333,1658.06,1,266,split_learned,10,1,-1,6129.13,1411.34,1411.34
289,1641.00,32.17125485,119.92736594,32.17122266,119.93350742,32.17122266,119.93350742,0.6033,578.51,1,263,split_learned,13,1,-1,5949.44,1231.67,1231.67
290,1648.00,32.21884684,119.95176704,32.17122266,119.93350742,32.17122266,119.93350742,0.6267,5573.55,1,873,split_learned,14,1,-1,2865.87,1452.36,1452.36
291,1654.00,32.18842229,119.92548362,32.17122266,119.93350742,32.17122266,119.93350742,0.6033,2058.44,1,469,split_learned,13,1,-1,3918.50,2428.93,2428.93
292,1661.00,32.20489231,119.93509811,32.17122266,119.93350742,32.17122266,119.93350742,0.5567,3751.10,1,681,split_learned,11,1,-1,2295.56,2207.50,2207.50
293,1667.00,32.18842229,119.92548362,32.17122266,119.93350742,32.17122266,119.93350742,0.6033,2058.44,1,469,split_learned,13,1,4,3703.46,144.79,144.79
294,1673.00,32.21884684,119.95176704,32.17122266,119.93350742,32.17122266,119.93350742,0.6267,5573.55,1,873,split_learned,14,1,5,2709.44,103.14,103.14
295,1679.00,32.24768936,119.93196746,32.17122266,119.93350742,32.24768736,119.93196750,0.7433,8513.51,0,1231,split_learned,19,1,-1,3198.75,3160.84,3160.84
296,1685.00,32.24782885,119.92888054,32.25022597,119.93191638,32.25022597,119.93191638,0.6033,391.13,1,1230,split_learned,13,1,-1,3270.79,576.35,576.35
297,1691.00,32.16736710,119.93401462,32.25276458,119.93186525,32.25276458,119.93186525,0.4867,9508.60,1,197,split_learned,8,1,-1,5714.25,199.71,199.71
298,1697.00,32.18842229,119.92548362,32.25530320,119.93181413,32.25530320,119.93181413,0.6033,7469.02,1,469,split_learned,13,1,-1,3145.45,199.09,199.09
299,1703.00,32.23599282,119.90806657,32.25784181,119.93176300,32.25784181,119.93176300,0.6267,3301.21,1,1059,split_learned,14,1,-1,2678.75,2678.75,2678.75
300,1709.00,32.20756283,119.91140009,32.26038042,119.93171188,32.26038042,119.93171188,0.5567,6183.12,1,716,split_learned,11,1,-1,1399.38,503.87,503.87
301,1715.00,32.24768936,119.93196746,32.26291904,119.93166075,32.24771141,119.93196702,0.7433,1695.61,0,1231,split_learned,19,1,-1,3826.09,2584.49,2584.49
302,1721.00,32.17122266,119.93350742,32.24752557,119.93197076,32.24752557,119.93197076,0.5333,8495.27,1,266,split_learned,10,1,-1,4567.50,331.62,331.62
303,1728.00,32.15437230,119.93599838,32.24730876,119.93197513,32.15798076,119.93584217,0.8600,10352.63,0,37,split_learned,24,1,-1,6464.95,217.55,217.55
304,1734.00,32.22605479,119.94186091,32.11599688,119.93765537,32.11599688,119.93765537,0.5333,12258.05,1,960,split_learned,10,1,-1,2285.15,518.48,518.48
305,1741.00,32.22605479,119.94186091,32.06701569,119.93977077,32.06701569,119.93977077,0.5333,17705.33,1,960,split_learned,10,1,4,2361.12,114.91,114.91
306,1746.00,32.15437230,119.93599838,32.03202912,119.94128176,32.15097658,119.93614503,0.8600,13628.33,0,37,split_learned,24,1,-1,6132.23,2082.28,2082.28
307,1752.00,32.15886681,119.95228692,32.15330709,119.93604451,32.15330709,119.93604451,0.6267,1650.40,1,91,split_learned,14,1,-1,6069.22,222.77,222.77
308,1758.00,32.19890160,119.92940042,32.15563760,119.93594400,32.15563760,119.93594400,0.5800,4855.43,1,609,split_learned,12,1,-1,882.40,454.95,454.95
309,1764.00,32.19890160,119.92940042,32.15796811,119.93584348,32.15796811,119.93584348,0.5800,4596.95,1,609,split_learned,12,1,-1,775.10,229.90,229.90
310,1770.00,32.21884684,119.95176704,32.16029862,119.93574296,32.16029862,119.93574296,0.6267,6690.08,1,873,split_learned,14,1,-1,2883.77,1443.12,1443.12
311,1776.00,32.16179483,119.92259958,32.16262913,119.93564245,32.16262913,119.93564245,0.6267,1232.09,1,123,split_learned,14,1,-1,4744.29,535.56,535.56
312,1782.00,32.19890160,119.92940042,32.16495964,119.93554193,32.16495964,119.93554193,0.5800,3822.45,1,609,split_learned,12,1,2,438.82,76.80,76.80
313,1788.00,32.20323517,119.92760686,32.16729015,119.93544142,32.16729015,119.93544142,0.5567,4068.88,1,654,split_learned,11,1,1,117.30,117.30,117.30
314,1795.00,32.20323517,119.92760686,32.17000908,119.93532415,32.17000908,119.93532415,0.5567,3769.49,1,654,split_learned,11,1,-1,215.42,215.42,215.42
315,1801.00,32.22287999,119.90810461,32.17233959,119.93522363,32.17233959,119.93522363,0.5100,6178.92,1,898,split_learned,9,1,-1,3135.33,1560.16,1560.16
316,1808.00,32.24937869,119.94212719,32.17505852,119.93510636,32.24937869,119.94212719,0.6033,8299.71,1,1259,split_learned,13,1,2,5758.21,40.36,40.36
317,1816.00,32.18167570,119.94677943,32.24937869,119.94212719,32.24937869,119.94212719,0.6267,7549.43,1,387,split_learned,14,1,5,2477.13,71.22,71.22
318,1823.00,32.21884684,119.95176704,32.24937869,119.94212719,32.24937869,119.94212719,0.6267,3518.01,1,873,split_learned,14,1,-1,3304.07,588.15,588.15
319,1829.00,32.21030364,119.93995323,32.24937869,119.94212719,32.24937869,119.94212719,0.6267,4354.65,1,752,split_learned,14,1,4,1860.12,61.14,61.14
320,1836.00,32.19350100,119.92666854,32.24937869,119.94212719,32.19352534,119.92667527,0.8133,6388.47,0,539,split_learned,22,1,7,219.48,144.46,144.46
321,1842.00,32.19350100,119.92666854,32.18842463,119.92526416,32.19293649,119.92651237,0.8133,580.38,0,539,split_learned,22,1,6,264.11,69.11,69.11
322,1849.00,32.16067416,119.95262927,32.19150100,119.92611524,32.19150100,119.92611524,0.5800,4244.26,1,114,split_learned,12,1,-1,4288.91,1539.87,1539.87
323,1855.00,32.21559694,119.92047634,32.19027058,119.92577484,32.19027058,119.92577484,0.6733,2863.17,1,812,split_learned,16,1,5,2732.70,62.84,62.84
324,1862.00,32.16067416,119.95262927,32.18883508,119.92537771,32.18883508,119.92537771,0.5800,4051.77,1,114,split_learned,12,1,-1,4097.40,1102.82,1102.82
325,1868.00,32.16067416,119.95262927,32.18760466,119.92503731,32.18760466,119.92503731,0.5800,3967.67,1,114,split_learned,12,1,-1,4012.26,960.06,960.06
326,1874.00,32.16067416,119.95262927,32.18637424,119.92469691,32.18637424,119.92469691,0.5800,3886.86,1,114,split_learned,12,1,-1,3867.93,1915.28,1915.28
327,1880.00,32.16067416,119.95262927,32.18514382,119.92435651,32.18514382,119.92435651,0.5800,3809.52,1,114,split_learned,12,1,-1,3773.87,231.28,231.28
328,1887.00,32.16067416,119.95262927,32.18370832,119.92395938,32.18370832,119.92395938,0.5800,3723.98,1,114,split_learned,12,1,-1,3680.77,341.27,341.27
329,1893.00,32.19350100,119.92666854,32.18247790,119.92361898,32.19347885,119.92666241,0.8133,1260.27,0,539,split_learned,22,1,-1,921.62,156.31,156.31
330,1899.00,32.19408039,119.92043830,32.19393230,119.92678786,32.19393230,119.92678786,0.6967,598.33,1,536,split_learned,17,1,7,1424.10,63.99,63.99
331,1906.00,32.21736137,119.93589694,32.19446132,119.92693422,32.19446132,119.92693422,0.6500,2685.40,1,842,split_learned,15,1,5,3689.02,88.52,88.52
332,1912.00,32.24782885,119.92888054,32.19491477,119.92705966,32.19491477,119.92705966,0.6033,5892.89,1,1230,split_learned,13,1,-1,7177.03,689.41,689.41
333,1919.00,32.21032510,119.91082381,32.19544380,119.92720602,32.19544380,119.92720602,0.6267,2263.96,1,738,split_learned,14,1,-1,3703.62,171.17,171.17
334,1926.00,32.16067416,119.95262927,32.19597282,119.92735237,32.19597282,119.92735237,0.5800,4594.52,1,114,split_learned,12,1,-1,3095.46,996.59,996.59
335,1933.00,32.16067416,119.95262927,32.19650184,119.92749873,32.19650184,119.92749873,0.5800,4637.93,1,114,split_learned,12,1,-1,2949.67,1880.71,1880.71
336,1939.00,32.24782885,119.92888054,32.19695529,119.92762418,32.19695529,119.92762418,0.6033,5664.48,1,1230,split_learned,13,1,-1,7625.74,408.67,408.67
337,1946.00,32.20098791,119.91844185,32.19748432,119.92777053,32.19748432,119.92777053,0.5100,961.39,1,627,split_learned,9,1,-1,2864.65,1474.66,1474.66
338,1953.00,32.21736137,119.93589694,32.19801334,119.92791689,32.19801334,119.92791689,0.6500,2281.22,1,842,split_learned,15,1,-1,4447.88,215.53,215.53
339,1960.00,32.16455118,119.95294627,32.19854236,119.92806324,32.16455118,119.95294627,0.5333,4451.02,1,183,split_learned,10,1,-1,2242.00,202.11,202.11
340,1967.00,32.24782885,119.92888054,32.16455118,119.95294627,32.16455118,119.95294627,0.6033,9543.60,1,1230,split_learned,13,1,-1,8064.05,1599.08,1599.08
341,1974.00,32.15437230,119.93599838,32.16455118,119.95294627,32.15437725,119.93600664,0.8600,1957.68,0,37,split_learned,24,1,3,2242.37,53.66,53.66
342,1981.00,32.17122266,119.93350742,32.15323282,119.93410115,32.15323282,119.93410115,0.5333,2003.41,1,266,split_learned,10,1,1,131.28,84.39,84.39
343,1987.00,32.23992349,119.92703626,32.15225187,119.93246787,32.15225187,119.93246787,0.5100,9773.01,1,1137,split_learned,9,1,-1,7612.92,1158.70,1158.70
344,1994.00,32.17122266,119.93350742,32.15110743,119.93056237,32.15110743,119.93056237,0.5333,2256.35,1,266,split_learned,10,1,1,104.96,104.96,104.96
345,2000.00,32.16705595,119.92400705,32.15012649,119.92892910,32.15012649,119.92892910,0.5100,1940.78,1,192,split_learned,9,1,-1,1202.76,1202.76,1202.76
346,2006.00,32.15886681,119.95228692,32.14914554,119.92729582,32.14914554,119.92729582,0.6267,2590.88,1,91,split_learned,14,1,2,2108.20,112.86,112.86
347,2012.00,32.24022391,119.91232573,32.14816460,119.92566254,32.14816460,119.92566254,0.6733,10324.76,1,1130,split_learned,16,1,3,8299.09,69.56,69.56
348,2019.00,32.24114072,119.92295462,32.14702016,119.92375705,32.14702016,119.92375705,0.4633,10477.77,1,1158,split_learned,7,1,2,8408.25,147.40,147.40
349,2025.00,32.15560026,119.92617402,32.14603921,119.92212377,32.14603921,119.92212377,0.5800,1130.65,1,56,split_learned,12,1,5,1422.68,50.96,50.96
350,2032.00,32.17555624,119.92292926,32.14489478,119.92021828,32.14489478,119.92021828,0.4867,3422.77,1,307,split_learned,8,1,5,1684.97,53.53,53.53
351,2039.00,32.16089948,119.92081870,32.14375034,119.91831278,32.16089948,119.92081870,0.6033,1923.58,1,99,split_learned,13,1,-1,1524.41,466.28,466.28
352,2046.00,32.17312177,119.92339842,32.16089948,119.92081870,32.16089948,119.92081870,0.5100,1382.11,1,261,split_learned,9,1,-1,1561.90,566.33,566.33
353,2052.00,32.15886681,119.95228692,32.16089948,119.92081870,32.16089948,119.92081870,0.6267,2972.79,1,91,split_learned,14,1,-1,1657.08,1203.56,1203.56
354,2059.00,32.16089948,119.92081870,32.16089948,119.92081870,32.16089948,119.92081870,0.6033,0.00,0,99,split_learned,13,1,-1,1536.47,349.58,349.58
355,2066.00,32.16089948,119.92081870,32.16089948,119.92081870,32.16089948,119.92081870,0.6033,0.00,0,99,split_learned,13,1,-1,1525.13,295.74,295.74
356,2073.00,32.15437230,119.93599838,32.16089948,119.92081870,32.15511007,119.93428260,0.8600,1603.89,0,37,split_learned,24,1,-1,601.53,601.53,601.53
357,2080.00,32.15437230,119.93599838,32.15103532,119.94375890,32.15386322,119.93718229,0.8600,819.98,0,37,split_learned,24,1,-1,493.03,493.03,493.03
358,2087.00,32.15437230,119.93599838,32.15182260,119.94192799,32.15397405,119.93692454,0.8600,626.52,0,37,split_learned,24,1,-1,386.15,386.15,386.15
359,2094.00,32.17312177,119.92339842,32.15348552,119.93806068,32.15348552,119.93806068,0.5100,2585.67,1,261,split_learned,9,1,-1,2238.53,1154.16,1154.16
360,2137.00,32.17622146,119.92761954,32.15048454,119.94503979,32.17610829,119.92769613,0.7200,3301.67,0,309,split_learned,18,1,-1,2469.39,1332.72,1332.72
361,2141.00,32.17125485,119.92736594,32.17794987,119.92690992,32.17794987,119.92690992,0.6033,746.53,1,263,split_learned,13,1,-1,1993.90,1159.10,1159.10
362,2146.00,32.15437230,119.93599838,32.18025183,119.92592715,32.15763970,119.93472685,0.8600,3033.09,0,37,split_learned,24,1,2,660.54,77.85,77.85
363,2151.00,32.15996602,119.93999127,32.14832082,119.93826642,32.14832082,119.93826642,0.6033,1306.49,1,108,split_learned,13,1,1,33.88,33.88,33.88
364,2155.00,32.17093889,119.92985690,32.14086572,119.94109809,32.14086572,119.94109809,0.5100,3511.21,1,241,split_learned,9,1,-1,1456.72,531.52,531.52
365,2160.00,32.15886681,119.95228692,32.13154684,119.94463766,32.13154684,119.94463766,0.6267,3125.45,1,91,split_learned,14,1,-1,1279.69,1279.69,1279.69
366,2165.00,32.15886681,119.95228692,32.12222795,119.94817724,32.12222795,119.94817724,0.6267,4096.97,1,91,split_learned,14,1,-1,1409.14,1409.14,1409.14
367,2169.00,32.24514168,119.92432974,32.11477285,119.95100890,32.11477285,119.95100890,0.5333,14728.64,1,1205,split_learned,10,1,7,9225.77,129.37,129.37
368,2174.00,32.24054579,119.93171386,32.10545397,119.95454848,32.10545397,119.95454848,0.6500,15191.46,1,1139,split_learned,15,1,-1,8450.83,210.26,210.26
369,2178.00,32.16009478,119.94345859,32.09799886,119.95738015,32.09799886,119.95738015,0.5100,7035.80,1,109,split_learned,9,1,-1,748.74,310.59,310.59
370,2182.00,32.16179483,119.92259958,32.09054376,119.96021181,32.09054376,119.96021181,0.6267,8686.98,1,123,split_learned,14,1,-1,1538.55,861.12,861.12
371,2187.00,32.16179483,119.92259958,32.08122488,119.96375139,32.08122488,119.96375139,0.6267,9770.86,1,123,split_learned,14,1,-1,1585.40,720.14,720.14
372,2191.00,32.24749624,119.92481158,32.07376977,119.96658305,32.24749624,119.92481158,0.5333,19735.44,1,1228,split_learned,10,1,5,8859.51,29.14,29.14
373,2195.00,32.22434400,119.93430626,32.24749624,119.92481158,32.24749624,119.92481158,0.5100,2728.07,1,933,split_learned,9,1,-1,6089.70,6089.70,6089.70
374,2200.00,32.21362865,119.92391829,32.24749624,119.92481158,32.24749624,119.92481158,0.5800,3771.08,1,790,split_learned,12,1,-1,4970.13,728.70,728.70
375,2204.00,32.16688428,119.94469423,32.24749624,119.92481158,32.24749624,119.92481158,0.4633,9167.08,1,202,split_learned,7,1,-1,871.39,761.88,761.88
376,2209.00,32.18321001,119.92455229,32.24749624,119.92481158,32.24749624,119.92481158,0.4633,7156.38,1,376,split_learned,7,1,-1,1622.85,362.59,362.59
377,2213.00,32.25164741,119.92226990,32.24749624,119.92481158,32.24749624,119.92481158,0.4633,520.45,1,1273,split_learned,7,1,-1,8730.83,260.44,260.44
378,2218.00,32.21736137,119.93589694,32.24749624,119.92481158,32.24749624,119.92481158,0.6500,3513.37,1,842,split_learned,15,1,-1,4720.44,1449.56,1449.56
379,2222.00,32.17767474,119.93438803,32.24749624,119.92481158,32.24749624,119.92481158,0.4867,7824.70,1,336,split_learned,8,1,6,240.66,122.05,122.05
380,2227.00,32.21032510,119.91082381,32.24749624,119.92481158,32.24749624,119.92481158,0.6267,4342.60,1,738,split_learned,14,1,6,4431.46,110.86,110.86
381,2231.00,32.21736137,119.93589694,32.24749624,119.92481158,32.24749624,119.92481158,0.6500,3513.37,1,842,split_learned,15,1,5,4396.13,27.91,27.91
382,2236.00,32.16067416,119.95262927,32.24749624,119.92481158,32.16067416,119.95262927,0.5800,10013.93,1,114,split_learned,12,1,-1,2635.67,1547.59,1547.59
383,2240.00,32.16067416,119.95262927,32.16067416,119.95262927,32.16067416,119.95262927,0.5800,0.00,0,114,split_learned,12,1,-1,2725.82,2170.47,2170.47
384,2245.00,32.16067416,119.95262927,32.16067416,119.95262927,32.16067416,119.95262927,0.5800,0.00,0,114,split_learned,12,1,-1,2817.49,1086.20,1086.20
385,2249.00,32.16640145,119.94571431,32.16067416,119.95262927,32.16067416,119.95262927,0.4633,911.46,1,203,split_learned,7,1,-1,1964.07,960.08,960.08
386,2254.00,32.17249946,119.94669067,32.16067416,119.95262927,32.16067416,119.95262927,0.6267,1430.32,1,272,split_learned,14,1,-1,1568.04,1467.44,1467.44
387,2258.00,32.21032510,119.91082381,32.16067416,119.95262927,32.16067416,119.95262927,0.6267,6786.48,1,738,split_learned,14,1,2,3752.88,146.61,146.61
388,2263.00,32.21736137,119.93589694,32.16067416,119.95262927,32.16067416,119.95262927,0.6500,6504.27,1,842,split_learned,15,1,-1,3628.54,1027.66,1027.66
389,2267.00,32.18854031,119.93988983,32.16067416,119.95262927,32.16067416,119.95262927,0.6733,3326.07,1,476,split_learned,16,1,-1,643.98,643.98,643.98
390,2272.00,32.19350100,119.92666854,32.16067416,119.95262927,32.19328890,119.92683627,0.8133,4397.01,0,539,split_learned,22,1,5,1028.16,39.59,39.59
391,2276.00,32.25369081,119.92953990,32.19892902,119.92237585,32.23998464,119.92774683,0.7667,6133.32,0,1299,split_learned,20,1,3,7307.19,113.05,113.05
392,2280.00,32.18664712,119.93363422,32.27093004,119.92659690,32.27093004,119.92659690,0.5333,9405.76,1,450,split_learned,10,1,-1,220.86,220.86,220.86
393,2285.00,32.24768936,119.93196746,32.30961178,119.92515948,32.25268467,119.93141826,0.7433,6922.97,0,1231,split_learned,19,1,4,6486.88,91.32,91.32
394,2289.00,32.25369081,119.92953990,32.26050987,119.93281024,32.25544394,119.93038068,0.7667,819.22,0,1299,split_learned,20,1,4,6979.68,62.08,62.08
395,2294.00,32.16067416,119.95262927,32.26189920,119.93052544,32.26189920,119.93052544,0.5800,11459.11,1,114,split_learned,12,1,-1,3996.71,201.70,201.70
396,2299.00,32.24782885,119.92888054,32.26835446,119.93067019,32.26835446,119.93067019,0.6033,2291.12,1,1230,split_learned,13,1,-1,6158.18,1317.40,1317.40
397,2303.00,32.16067416,119.95262927,32.27351867,119.93078600,32.27351867,119.93078600,0.5800,12729.24,1,114,split_learned,12,1,-1,4195.20,1584.30,1584.30
398,2308.00,32.16067416,119.95262927,32.27997393,119.93093076,32.27997393,119.93093076,0.5800,13436.81,1,114,split_learned,12,1,-1,4295.32,1528.40,1528.40
399,2312.00,32.25125042,119.94167071,32.28513814,119.93104656,32.28513814,119.93104656,0.5567,3902.86,1,1282,split_learned,11,1,-1,6286.61,251.26,251.26
400,2317.00,32.19495428,119.92933702,32.29159340,119.93119132,32.29159340,119.93119132,0.5100,10759.28,1,563,split_learned,9,1,-1,265.06,265.06,265.06
401,2321.00,32.23599282,119.90806657,32.29675761,119.93130713,32.29675761,119.93130713,0.6267,7109.76,1,1059,split_learned,14,1,-1,4767.79,209.31,209.31
402,2325.00,32.24641848,119.91081113,32.30192182,119.93142293,32.30192182,119.93142293,0.6733,6476.50,1,1198,split_learned,16,1,9,5675.23,104.87,104.87
403,2330.00,32.18480758,119.92015934,32.30837708,119.93156769,32.30837708,119.93156769,0.5800,13797.67,1,421,split_learned,12,1,8,1930.64,54.49,54.49
404,2334.00,32.19890160,119.92940042,32.31354129,119.93168350,32.19890160,119.92940042,0.5800,12763.50,1,609,split_learned,12,1,3,204.15,81.56,81.56
405,2339.00,32.21759742,119.94842083,32.19890160,119.92940042,32.21756890,119.94839182,0.9533,2746.17,0,848,split_learned,28,1,-1,2406.31,2273.90,2273.90
406,2344.00,32.21884684,119.95176704,32.22010979,119.95097682,32.22010979,119.95097682,0.6267,159.08,1,873,split_learned,14,1,5,2761.50,148.88,148.88
407,2348.00,32.17620000,119.92550898,32.22214250,119.95304482,32.22214250,119.95304482,0.6267,5734.44,1,308,split_learned,14,1,-1,3104.07,165.61,165.61
408,2353.00,32.22434400,119.93430626,32.22468338,119.95562982,32.22468338,119.95562982,0.5100,2008.94,1,933,split_learned,9,1,-1,2260.28,1314.18,1314.18
409,2358.00,32.21362865,119.92391829,32.22722427,119.95821482,32.22722427,119.95821482,0.5800,3567.52,1,790,split_learned,12,1,7,1136.61,98.67,98.67
410,2363.00,32.21446554,119.94850959,32.22976515,119.96079982,32.22976515,119.96079982,0.6733,2059.36,1,802,split_learned,16,1,-1,1918.04,1591.87,1591.87
411,2367.00,32.21884684,119.95176704,32.23179786,119.96286782,32.23179786,119.96286782,0.6267,1780.98,1,873,split_learned,14,1,-1,2502.33,2502.33,2502.33
412,2372.00,32.22287999,119.90810461,32.23433875,119.96545282,32.23433875,119.96545282,0.5100,5550.51,1,898,split_learned,9,1,-1,2603.97,2603.97,2603.97
413,2376.00,32.18671150,119.91910121,32.23637146,119.96752082,32.18682552,119.91921239,1.0000,7166.75,0,443,split_learned,34,1,-1,2690.78,190.56,190.56
414,2381.00,32.24114072,119.92295462,32.18120833,119.91384307,32.18120833,119.91384307,0.4633,6726.65,1,1158,split_learned,7,1,-1,3622.98,169.67,169.67
415,2385.00,32.21120972,119.92861426,32.17671458,119.90954762,32.17671458,119.90954762,0.5800,4239.24,1,770,split_learned,12,1,1,73.98,73.98,73.98
416,2389.00,32.21317801,119.93054162,32.17222082,119.90525217,32.21189699,119.92975064,0.8833,5144.16,0,793,split_learned,25,1,-1,158.71,158.71,158.71
417,2394.00,32.21317801,119.93054162,32.22268069,119.93450823,32.21503670,119.93131747,0.8833,1121.89,0,793,split_learned,25,1,1,54.40,54.40,54.40
418,2398.00,32.21317801,119.93054162,32.21965745,119.93345127,32.21478074,119.93126134,0.8833,771.61,0,793,split_learned,25,1,1,142.72,99.96,99.96
419,2403.00,32.21317801,119.93054162,32.21701545,119.93233836,32.21394250,119.93089956,0.8833,459.49,0,793,split_learned,25,1,-1,218.42,218.42,218.42
420,2408.00,32.23599282,119.90806657,32.21413505,119.93102042,32.21413505,119.93102042,0.6267,3255.06,1,1059,split_learned,14,1,6,2830.59,148.48,148.48
421,2412.00,32.23599282,119.90806657,32.21428909,119.93111710,32.21428909,119.93111710,0.6267,3248.34,1,1059,split_learned,14,1,2,2748.15,74.74,74.74
422,2417.00,32.22782995,119.94604399,32.21448164,119.93123796,32.21448164,119.93123796,0.5800,2037.91,1,985,split_learned,12,1,-1,2045.98,407.29,407.29
423,2421.00,32.18285002,119.92079334,32.21463568,119.93133465,32.21463568,119.93133465,0.4867,3675.06,1,398,split_learned,8,1,2,4054.29,23.76,23.76
424,2426.00,32.25369081,119.92953990,32.21482823,119.93145550,32.25313084,119.92956750,0.7667,4329.94,0,1299,split_learned,20,1,-1,3682.66,195.29,195.29
425,2430.00,32.25369081,119.92953990,32.26146932,119.92926076,32.25567075,119.92946885,0.7667,866.30,0,1299,split_learned,20,1,-1,3571.54,183.28,183.28
426,2435.00,32.21032510,119.91082381,32.26191336,119.92923544,32.26191336,119.92923544,0.6267,5998.97,1,738,split_learned,14,1,-1,2068.66,1599.27,1599.27
427,2439.00,32.20849037,119.95250247,32.26690745,119.92904872,32.26690745,119.92904872,0.4633,6868.01,1,758,split_learned,7,1,-1,2819.60,1174.06,1174.06
428,2444.00,32.21032510,119.91082381,32.27315006,119.92881532,32.27315006,119.92881532,0.6267,7196.08,1,738,split_learned,14,1,-1,2152.86,2152.86,2152.86
429,2448.00,32.21032510,119.91082381,32.27814415,119.92862859,32.27814415,119.92862859,0.6267,7733.66,1,738,split_learned,14,1,9,2234.75,133.74,133.74
430,2453.00,32.17125485,119.92736594,32.28438676,119.92839519,32.28438676,119.92839519,0.6033,12594.22,1,263,split_learned,13,1,-1,5981.81,660.33,660.33
431,2457.00,32.17430681,119.92127517,32.28938085,119.92820846,32.28938085,119.92820846,0.6967,12826.68,1,283,split_learned,17,1,3,5912.02,125.74,125.74
432,2462.00,32.21189640,119.92216846,32.29562346,119.92797506,32.21237958,119.92220197,0.7200,9336.53,0,767,split_learned,18,1,5,1813.49,9.16,9.16
433,2467.00,32.21703949,119.93138418,32.20225864,119.92083373,32.20225864,119.92083373,0.5800,1922.24,1,840,split_learned,12,1,-1,1438.59,813.55,813.55
434,2471.00,32.21901851,119.93106718,32.19416190,119.91973913,32.19416190,119.91973913,0.5567,2965.65,1,863,split_learned,11,1,-1,1358.75,215.03,215.03
435,2476.00,32.21189640,119.92216846,32.18404096,119.91837089,32.21092493,119.92203602,0.7200,3121.43,0,767,split_learned,18,1,-1,2134.79,755.53,755.53
436,2481.00,32.21047531,119.92131321,32.21110818,119.92207256,32.21110818,119.92207256,0.5333,100.40,1,743,split_learned,10,1,-1,2468.74,2271.49,2271.49
437,2485.00,32.21189640,119.92216846,32.21125478,119.92210179,32.21183231,119.92216180,0.7200,71.70,0,767,split_learned,18,1,-1,2350.84,995.95,995.95
438,2490.00,32.20096645,119.91214821,32.21230462,119.92222837,32.21230462,119.92222837,0.5567,1579.44,1,624,split_learned,11,1,-1,3821.08,1102.52,1102.52
439,2495.00,32.19495428,119.92933702,32.21277693,119.92229495,32.21277693,119.92229495,0.5100,2091.97,1,563,split_learned,9,1,-1,4389.22,892.57,892.57
440,2499.00,32.23733881,119.92520466,32.21315477,119.92234821,32.21315477,119.92234821,0.5333,2705.58,1,1090,split_learned,10,1,-1,164.39,161.05,161.05
441,2503.00,32.23733881,119.92520466,32.21353262,119.92240147,32.21353262,119.92240147,0.5333,2663.23,1,1090,split_learned,10,1,1,104.13,98.76,98.76
442,2508.00,32.15886681,119.95228692,32.21400492,119.92246805,32.21400492,119.92246805,0.6267,6750.12,1,91,split_learned,14,1,5,9323.69,94.34,94.34
443,2513.00,32.18155768,119.94844619,32.21447723,119.92253462,32.21447723,119.92253462,0.5100,4403.02,1,388,split_learned,9,1,-1,6839.38,594.40,594.40
444,2517.00,32.15886681,119.95228692,32.21485508,119.92258788,32.21485508,119.92258788,0.6267,6831.66,1,91,split_learned,14,1,2,9536.31,83.13,83.13
445,2522.00,32.24077111,119.92299266,32.21532738,119.92265446,32.21532738,119.92265446,0.4867,2832.57,1,1135,split_learned,8,1,1,28.42,28.42,28.42
446,2526.00,32.16009478,119.94345859,32.21570523,119.92270772,32.21570523,119.92270772,0.5100,6491.81,1,109,split_learned,9,1,3,9303.62,71.63,71.63
447,2531.00,32.17122266,119.93350742,32.21617754,119.92277429,32.17122266,119.93350742,0.5333,5105.48,1,266,split_learned,10,1,4,7915.32,99.41,99.41
448,2535.00,32.16705595,119.92400705,32.17122266,119.93350742,32.17122266,119.93350742,0.5100,1007.96,1,192,split_learned,9,1,3,8551.56,103.42,103.42
449,2540.00,32.23599282,119.90806657,32.17122266,119.93350742,32.17122266,119.93350742,0.6267,7598.03,1,1059,split_learned,14,1,-1,1685.79,1685.79,1685.79
450,2544.00,32.17125485,119.92736594,32.17122266,119.93350742,32.17122266,119.93350742,0.6033,578.51,1,263,split_learned,13,1,-1,8188.46,3193.80,3193.80
451,2549.00,32.16089948,119.92081870,32.17122266,119.93350742,32.17122266,119.93350742,0.6033,1658.06,1,99,split_learned,13,1,-1,9685.05,2306.13,2306.13
452,2553.00,32.22605479,119.94186091,32.17122266,119.93350742,32.17122266,119.93350742,0.5333,6154.42,1,960,split_learned,10,1,-1,3111.91,185.35,185.35
453,2557.00,32.24439654,119.92910878,32.17122266,119.93350742,32.17122266,119.93350742,0.6267,8156.25,1,1184,split_learned,14,1,-1,929.12,929.12,929.12
454,2602.00,32.15659810,119.94704571,32.17122266,119.93350742,32.17122266,119.93350742,0.6267,2068.01,1,65,split_learned,14,1,-1,10574.51,190.11,190.11
455,2608.00,32.17125485,119.92736594,32.17122266,119.93350742,32.17122266,119.93350742,0.6033,578.51,1,263,split_learned,13,1,-1,8457.44,2598.95,2598.95
456,2615.00,32.22605479,119.94186091,32.17122266,119.93350742,32.17122266,119.93350742,0.5333,6154.42,1,960,split_learned,10,1,-1,2894.50,2612.36,2612.36
457,2621.00,32.22200018,119.94203843,32.17122266,119.93350742,32.22200018,119.94203843,0.5100,5709.39,1,914,split_learned,9,1,-1,3082.37,3082.37,3082.37
458,2628.00,32.22773339,119.90975869,32.22200018,119.94203843,32.22200018,119.94203843,0.5333,3106.87,1,968,split_learned,10,1,-1,2369.63,239.63,239.63
459,2635.00,32.24514168,119.92432974,32.22200018,119.94203843,32.22200018,119.94203843,0.5333,3069.01,1,1205,split_learned,10,1,-1,193.45,193.45,193.45
460,2642.00,32.16089948,119.92081870,32.22200018,119.94203843,32.22200018,119.94203843,0.6033,7089.34,1,99,split_learned,13,1,-1,9314.78,213.06,213.06
461,2649.00,32.17122266,119.93350742,32.22200018,119.94203843,32.22200018,119.94203843,0.5333,5709.39,1,266,split_learned,10,1,-1,7837.05,191.53,191.53
462,2656.00,32.23963971,119.92380986,32.22200018,119.94203843,32.22200018,119.94203843,0.4867,2608.47,1,1113,split_learned,8,1,-1,296.55,162.94,162.94
463,2663.00,32.23992349,119.92703626,32.22200018,119.94203843,32.22200018,119.94203843,0.5100,2444.97,1,1137,split_learned,9,1,1,117.57,117.57,117.57
464,2670.00,32.23599282,119.90806657,32.22200018,119.94203843,32.22200018,119.94203843,0.6267,3558.98,1,1059,split_learned,14,1,-1,1747.64,1362.11,1362.11
465,2677.00,32.23599282,119.90806657,32.22200018,119.94203843,32.22200018,119.94203843,0.6267,3558.98,1,1059,split_learned,14,1,-1,1721.61,1526.33,1526.33
466,2684.00,32.24107153,119.93706919,32.22200018,119.94203843,32.22200018,119.94203843,0.6033,2174.01,1,1142,split_learned,13,1,-1,1171.46,1125.96,1125.96
467,2690.00,32.23599282,119.90806657,32.22200018,119.94203843,32.23599282,119.90806657,0.6267,3558.98,1,1059,split_learned,14,1,-1,1784.41,273.43,273.43
468,2696.00,32.24782885,119.92888054,32.23599282,119.90806657,32.23599282,119.90806657,0.6033,2362.19,1,1230,split_learned,13,1,-1,1390.41,1390.41,1390.41
469,2702.00,32.16067416,119.95262927,32.23599282,119.90806657,32.23599282,119.90806657,0.5800,9376.53,1,114,split_learned,12,1,-1,8660.81,2961.02,2961.02
470,2709.00,32.25005465,119.91035465,32.23599282,119.90806657,32.23599282,119.90806657,0.5800,1580.13,1,1244,split_learned,12,1,-1,2391.62,2236.97,2236.97
471,2716.00,32.24782885,119.92888054,32.23599282,119.90806657,32.23599282,119.90806657,0.6033,2362.19,1,1230,split_learned,13,1,-1,1711.48,896.23,896.23
472,2722.00,32.24782885,119.92888054,32.23599282,119.90806657,32.23599282,119.90806657,0.6033,2362.19,1,1230,split_learned,13,1,-1,1822.51,196.35,196.35
473,2728.00,32.21189640,119.92216846,32.23599282,119.90806657,32.21189706,119.92216807,0.7200,2993.30,0,767,split_learned,18,1,-1,2124.10,2124.10,2124.10
474,2734.00,32.23150903,119.94618347,32.21109164,119.92263942,32.21109164,119.92263942,0.5100,3175.58,1,1031,split_learned,9,1,-1,1741.15,1345.68,1345.68
475,2740.00,32.23599282,119.90806657,32.21028623,119.92311077,32.21028623,119.92311077,0.6267,3193.31,1,1059,split_learned,14,1,-1,2015.23,1369.08,1369.08
476,2747.00,32.16089948,119.92081870,32.20934658,119.92366069,32.20934658,119.92366069,0.6033,5399.77,1,99,split_learned,13,1,-1,7586.69,1937.51,1937.51
477,2754.00,32.15996602,119.93999127,32.20840692,119.92421060,32.20840692,119.92421060,0.6033,5593.57,1,108,split_learned,13,1,5,7507.61,48.28,48.28
478,2760.00,32.17122266,119.93350742,32.20760151,119.92468195,32.20760151,119.92468195,0.5333,4134.14,1,266,split_learned,10,1,-1,5940.76,771.90,771.90
479,2766.00,32.21045385,119.92512858,32.20679609,119.92515330,32.20679609,119.92515330,0.5100,407.19,1,745,split_learned,9,1,-1,1655.22,431.96,431.96
480,2772.00,32.20756283,119.91140009,32.20599068,119.92562465,32.20599068,119.92562465,0.5567,1351.27,1,716,split_learned,11,1,5,2314.66,102.62,102.62
481,2779.00,32.18480758,119.92015934,32.20505102,119.92617456,32.20505102,119.92617456,0.5800,2323.64,1,421,split_learned,12,1,-1,4289.82,2605.86,2605.86
482,2785.00,32.18480758,119.92015934,32.20424561,119.92664591,32.20424561,119.92664591,0.5800,2248.45,1,421,split_learned,12,1,3,4180.83,125.70,125.70
483,2791.00,32.21362865,119.92391829,32.20344019,119.92711726,32.21362865,119.92391829,0.5800,1173.52,1,790,split_learned,12,1,-1,1023.03,229.09,229.09
484,2798.00,32.21362865,119.92391829,32.21362865,119.92391829,32.21362865,119.92391829,0.5800,0.00,0,790,split_learned,12,1,-1,940.97,940.97,940.97
485,2804.00,32.23557437,119.91285829,32.21362865,119.92391829,32.21362865,119.92391829,0.5100,2655.86,1,1061,split_learned,9,1,-1,2482.05,1538.15,1538.15
486,2811.00,32.22595823,119.92706162,32.21362865,119.92391829,32.21362865,119.92391829,0.5800,1404.10,1,953,split_learned,12,1,-1,1018.83,1018.83,1018.83
487,2818.00,32.23599282,119.90806657,32.21362865,119.92391829,32.21362865,119.92391829,0.6267,2903.02,1,1059,split_learned,14,1,-1,2978.65,422.55,422.55
488,2824.00,32.22605479,119.94186091,32.21362865,119.92391829,32.21362865,119.92391829,0.5333,2184.02,1,960,split_learned,10,1,-1,1564.57,1243.82,1243.82
489,2831.00,32.16179483,119.92259958,32.21362865,119.92391829,32.21362865,119.92391829,0.6267,5771.48,1,123,split_learned,14,1,-1,5970.93,3448.52,3448.52
490,2838.00,32.16705595,119.92400705,32.21362865,119.92391829,32.21362865,119.92391829,0.5100,5184.48,1,192,split_learned,9,1,-1,5266.12,3277.07,3277.07
491,2845.00,32.23599282,119.90806657,32.21362865,119.92391829,32.21362865,119.92391829,0.6267,2903.02,1,1059,split_learned,14,1,-1,3363.85,856.68,856.68
492,2852.00,32.16179483,119.92259958,32.21362865,119.92391829,32.21362865,119.92391829,0.6267,5771.48,1,123,split_learned,14,1,-1,5653.23,3168.19,3168.19
493,2859.00,32.21317801,119.93054162,32.21362865,119.92391829,32.21317839,119.93053610,0.8833,625.90,0,793,split_learned,25,1,-1,408.55,326.46,326.46
494,2866.00,32.15617965,119.92860158,32.21311524,119.93146415,32.16138062,119.92886307,1.0000,6343.80,0,57,split_learned,42,1,-1,5982.59,184.48,184.48
495,2873.00,32.15617965,119.92860158,32.11649730,119.92753768,32.15116297,119.92846708,1.0000,4418.58,0,57,split_learned,42,1,-1,5876.15,750.08,750.08
496,2880.00,32.20277381,119.91278221,32.13216184,119.92783561,32.13216184,119.92783561,0.6500,7987.39,1,647,split_learned,15,1,-1,2022.58,2022.58,2022.58
497,2887.00,32.18842229,119.92548362,32.11316070,119.92720413,32.11316070,119.92720413,0.6033,8379.69,1,469,split_learned,13,1,-1,2174.96,446.77,446.77
498,2894.00,32.24937869,119.94212719,32.09415957,119.92657265,32.09415957,119.92657265,0.6033,17341.00,1,1259,split_learned,13,1,5,4942.46,143.03,143.03
499,2901.00,32.25125042,119.94167071,32.07515843,119.92594117,32.07515843,119.92594117,0.5567,19658.48,1,1282,split_learned,11,1,-1,5249.36,227.47,227.47
500,2908.00,32.24512022,119.93967427,32.05615730,119.92530969,32.05615730,119.92530969,0.6267,21078.83,1,1212,split_learned,14,1,9,4712.94,126.77,126.77
501,2915.00,32.19350100,119.92666854,32.03715616,119.92467822,32.19285555,119.92666032,0.8133,17405.32,0,539,split_learned,22,1,-1,1194.63,212.87,212.87
502,2922.00,32.18480758,119.92015934,32.20777237,119.92646063,32.20777237,119.92646063,0.5800,2624.44,1,421,split_learned,12,1,4,2266.66,105.47,105.47
503,2928.00,32.18480758,119.92015934,32.22055822,119.92628947,32.22055822,119.92628947,0.5800,4021.43,1,421,split_learned,12,1,4,2174.30,41.46,41.46
504,2935.00,32.19350100,119.92666854,32.23547504,119.92608978,32.19426476,119.92665801,0.8133,4672.87,0,539,split_learned,22,1,4,929.84,130.76,130.76
505,2941.00,32.18842229,119.92548362,32.19318476,119.92667804,32.19318476,119.92667804,0.6033,541.97,1,469,split_learned,13,1,-1,1492.00,776.26,776.26
506,2948.00,32.24937869,119.94212719,32.19192476,119.92670140,32.19192476,119.92670140,0.6033,6558.75,1,1259,split_learned,13,1,-1,5785.90,4528.12,4528.12
507,2954.00,32.24937869,119.94212719,32.19084476,119.92672143,32.19084476,119.92672143,0.6033,6675.63,1,1259,split_learned,13,1,-1,5885.43,3811.41,3811.41
508,2961.00,32.16179483,119.92259958,32.18958475,119.92674479,32.18958475,119.92674479,0.6267,3118.12,1,123,split_learned,14,1,-1,4004.85,3034.72,3034.72
509,2967.00,32.16067416,119.95262927,32.18850475,119.92676482,32.18850475,119.92676482,0.5800,3941.30,1,114,split_learned,12,1,-1,4232.69,2793.38,2793.38
510,2973.00,32.16067416,119.95262927,32.18742475,119.92678484,32.18742475,119.92678484,0.5800,3846.32,1,114,split_learned,12,1,-1,4129.54,1805.53,1805.53
511,2979.00,32.25369081,119.92953990,32.18634475,119.92680487,32.25346390,119.92953069,0.7667,7501.39,0,1299,split_learned,20,1,-1,6722.21,2689.12,2689.12
512,2985.00,32.25369081,119.92953990,32.26435818,119.93003701,32.25533779,119.92961665,0.7667,1188.42,0,1299,split_learned,20,1,-1,6833.05,470.33,470.33
513,2991.00,32.22108337,119.92509054,32.25921731,119.92979608,32.25921731,119.92979608,0.4867,4268.15,1,883,split_learned,8,1,-1,3471.09,2594.51,2594.51
514,2997.00,32.19213355,119.94594255,32.26309683,119.92997551,32.26309683,119.92997551,0.5333,8041.53,1,525,split_learned,10,1,-1,904.28,904.28,904.28
515,3004.00,32.25369081,119.92953990,32.26762294,119.93018484,32.25400693,119.92955453,0.7667,1552.11,0,1299,split_learned,20,1,-1,7163.45,2251.35,2251.35
516,3010.00,32.24782885,119.92888054,32.25319114,119.92951661,32.25319114,119.92951661,0.6033,599.93,1,1230,split_learned,13,1,-1,6677.44,981.49,981.49
517,3017.00,32.18877636,119.91859401,32.25223938,119.92947236,32.25223938,119.92947236,0.5800,7138.63,1,466,split_learned,12,1,-1,1728.31,466.55,466.55
518,3022.00,32.18854031,119.93988983,32.25155955,119.92944076,32.25155955,119.92944076,0.6733,7084.01,1,476,split_learned,16,1,-1,381.42,360.27,360.27
519,3028.00,32.21736137,119.93589694,32.25074376,119.92940283,32.25074376,119.92940283,0.6500,3766.14,1,842,split_learned,15,1,-1,3578.80,313.88,313.88
520,3034.00,32.18854031,119.93988983,32.24992796,119.92936491,32.24992796,119.92936491,0.6733,6905.21,1,476,split_learned,16,1,-1,517.41,245.38,245.38
521,3039.00,32.18854031,119.93988983,32.24924814,119.92933330,32.24924814,119.92933330,0.6733,6830.76,1,476,split_learned,16,1,-1,612.09,612.09,612.09
522,3045.00,32.16179483,119.92259958,32.24843234,119.92929538,32.24843234,119.92929538,0.6267,9665.09,1,123,split_learned,14,1,-1,2705.12,1419.20,1419.20
523,3050.00,32.16179483,119.92259958,32.24775251,119.92926377,32.24775251,119.92926377,0.6267,9589.38,1,123,split_learned,14,1,-1,2610.92,2061.36,2061.36
524,3056.00,32.16067416,119.95262927,32.24693672,119.92922585,32.24693672,119.92922585,0.5800,9852.54,1,114,split_learned,12,1,-1,2621.50,741.25,741.25
525,3062.00,32.24782885,119.92888054,32.24612093,119.92918792,32.24782885,119.92888054,0.6033,192.32,1,1230,split_learned,13,1,-1,7683.17,1177.32,1177.32
526,3068.00,32.16067416,119.95262927,32.24782885,119.92888054,32.24782885,119.92888054,0.5800,9956.62,1,114,split_learned,12,1,-1,2430.14,1516.91,1516.91
527,3074.00,32.16067416,119.95262927,32.24782885,119.92888054,32.24782885,119.92888054,0.5800,9956.62,1,114,split_learned,12,1,-1,2345.83,1349.11,1349.11
528,3080.00,32.16067416,119.95262927,32.24782885,119.92888054,32.24782885,119.92888054,0.5800,9956.62,1,114,split_learned,12,1,-1,2253.68,1254.73,1254.73
529,3086.00,32.20096645,119.91214821,32.24782885,119.92888054,32.24782885,119.92888054,0.5567,5449.62,1,624,split_learned,11,1,-1,3870.52,3414.29,3414.29
530,3092.00,32.25369081,119.92953990,32.24782885,119.92888054,32.25368796,119.92953958,0.7667,655.50,0,1299,split_learned,20,1,-1,8831.83,2017.82,2017.82
531,3099.00,32.25369081,119.92953990,32.25434409,119.92961338,32.25374650,119.92954616,0.7667,73.05,0,1299,split_learned,20,1,-1,8942.43,1328.63,1328.63
532,3106.00,32.25369081,119.92953990,32.25386934,119.92955998,32.25371506,119.92954263,0.7667,19.96,0,1299,split_learned,20,1,-1,9053.06,1843.20,1843.20
533,3112.00,32.20109521,119.90804121,32.25372500,119.92954375,32.25372500,119.92954375,0.5100,6198.98,1,622,split_learned,9,1,-1,4532.93,941.08,941.08
534,3119.00,32.20096645,119.91214821,32.25373660,119.92954505,32.25373660,119.92954505,0.5567,6098.66,1,624,split_learned,11,1,-1,4347.59,1118.24,1118.24
535,3126.00,32.25369081,119.92953990,32.25374820,119.92954636,32.25369221,119.92954006,0.7667,6.42,0,1299,split_learned,20,1,-1,9384.52,574.28,574.28
536,3133.00,32.16067416,119.95262927,32.25368185,119.92953889,32.25368185,119.92953889,0.5800,10579.61,1,114,split_learned,12,1,-1,1466.77,1100.49,1100.49
537,3139.00,32.18877636,119.91859401,32.25367297,119.92953789,32.25367297,119.92953789,0.5800,7297.47,1,466,split_learned,12,1,4,3145.17,116.50,116.50
538,3145.00,32.17586739,119.95148808,32.25366410,119.92953690,32.25366410,119.92953690,0.5567,8903.75,1,321,split_learned,11,1,2,1457.83,54.44,54.44
539,3151.00,32.18671150,119.91910121,32.25365522,119.92953590,32.18746460,119.91921860,1.0000,7516.72,0,443,split_learned,34,1,-1,3225.35,878.39,878.39
540,3157.00,32.17089597,119.91212285,32.16821036,119.91621778,32.16821036,119.91621778,0.5567,488.02,1,233,split_learned,11,1,-1,2870.99,1328.06,1328.06
541,3164.00,32.21559694,119.92047634,32.14574708,119.91271682,32.14574708,119.91271682,0.6733,7809.96,1,812,split_learned,16,1,-1,6110.85,1697.40,1697.40
542,3170.00,32.16067416,119.95262927,32.12649285,119.90971600,32.12649285,119.90971600,0.5800,5551.42,1,114,split_learned,12,1,-1,1054.39,635.66,635.66
543,3177.00,32.21032510,119.91082381,32.10402957,119.90621505,32.10402957,119.90621505,0.6267,11840.78,1,738,split_learned,14,1,-1,6219.59,609.98,609.98
544,3184.00,32.21032510,119.91082381,32.08156629,119.90271409,32.08156629,119.90271409,0.6267,14353.77,1,738,split_learned,14,1,-1,6316.47,776.62,776.62
545,3191.00,32.24782885,119.92888054,32.05910302,119.89921313,32.05910302,119.89921313,0.6033,21194.00,1,1230,split_learned,13,1,-1,9906.02,1947.27,1947.27
546,3198.00,32.21051822,119.91218625,32.03663974,119.89571217,32.03663974,119.89571217,0.5100,19418.26,1,739,split_learned,9,1,-1,6419.22,984.47,984.47
547,3204.00,32.17122266,119.93350742,32.01738550,119.89271135,32.01738550,119.89271135,0.5333,17551.01,1,266,split_learned,10,1,-1,1858.85,1858.85,1858.85
548,3247.00,32.16067416,119.95262927,31.87939680,119.87120547,31.87939680,119.87120547,0.5800,32237.46,1,114,split_learned,12,1,-1,661.44,230.42,230.42
549,3251.00,32.24782885,119.92888054,31.86656064,119.86920493,32.24782885,119.92888054,0.6033,42813.40,1,1230,split_learned,13,1,-1,10012.65,1309.29,1309.29
550,3256.00,32.24782885,119.92888054,32.24782885,119.92888054,32.24782885,119.92888054,0.6033,0.00,0,1230,split_learned,13,1,3,9902.72,37.82,37.82
551,3260.00,32.24768936,119.93196746,32.24782885,119.92888054,32.24772040,119.93128062,0.7433,291.19,0,1231,split_learned,19,1,-1,9762.76,520.05,520.05
552,3264.00,32.25125042,119.94167071,32.24765223,119.93278930,32.24765223,119.93278930,0.5567,927.54,1,1282,split_learned,11,1,-1,9961.75,229.67,229.67
553,3269.00,32.21559694,119.92047634,32.24756702,119.93467515,32.24756702,119.93467515,0.6733,3801.93,1,812,split_learned,16,1,5,6270.95,87.07,87.07
554,3273.00,32.21901851,119.93106718,32.24749885,119.93618383,32.24749885,119.93618383,0.5567,3206.86,1,863,split_learned,11,1,-1,6274.38,3702.98,3702.98
555,3278.00,32.21559694,119.92047634,32.24741364,119.93806968,32.24741364,119.93806968,0.6733,3910.37,1,812,split_learned,16,1,-1,6074.34,184.08,184.08
556,3282.00,32.21559694,119.92047634,32.24734547,119.93957836,32.24734547,119.93957836,0.6733,3965.91,1,812,split_learned,16,1,-1,5971.27,300.69,300.69
557,3287.00,32.19350100,119.92666854,32.24726025,119.94146421,32.19386450,119.92676858,0.8133,6144.62,0,539,split_learned,22,1,-1,3399.53,219.01,219.01
558,3292.00,32.24782885,119.92888054,32.18203041,119.92542090,32.18203041,119.92542090,0.6033,7331.93,1,1230,split_learned,13,1,2,9004.67,103.61,103.61
559,3296.00,32.16067416,119.95262927,32.17256313,119.92434275,32.17256313,119.92434275,0.5800,2975.06,1,114,split_learned,12,1,-1,1302.71,1302.71,1302.71
560,3301.00,32.16067416,119.95262927,32.16072904,119.92299506,32.16072904,119.92299506,0.5800,2791.42,1,114,split_learned,12,1,-1,1382.07,1382.07,1382.07
561,3306.00,32.16067416,119.95262927,32.14889495,119.92164737,32.14889495,119.92164737,0.5800,3199.41,1,114,split_learned,12,1,-1,1473.22,824.93,824.93
562,3310.00,32.17249946,119.94669067,32.13942768,119.92056922,32.13942768,119.92056922,0.6267,4428.09,1,272,split_learned,14,1,-1,319.48,319.48,319.48
563,3315.00,32.25369081,119.92953990,32.12759359,119.91922154,32.25277350,119.92946484,0.7667,14070.75,0,1299,split_learned,20,1,-1,9044.67,719.06,719.06
564,3320.00,32.16067416,119.95262927,32.26835719,119.93036071,32.26835719,119.93036071,0.5800,12169.42,1,114,split_learned,12,1,5,1806.40,96.31,96.31
565,3324.00,32.20107375,119.91511402,32.28082415,119.93107741,32.28082415,119.93107741,0.4867,9004.26,1,626,split_learned,8,1,-1,3843.18,437.34,437.34
566,3329.00,32.15926380,119.94919431,32.29640784,119.93197328,32.29640784,119.93197328,0.5100,15352.81,1,89,split_learned,9,1,-1,2046.66,775.31,775.31
567,3333.00,32.16132274,119.94791363,32.30887480,119.93268998,32.30887480,119.93268998,0.5333,16487.97,1,135,split_learned,10,1,-1,1787.78,912.77,912.77
568,3338.00,32.17773912,119.94065631,32.32445849,119.93358585,32.32445849,119.93358585,0.4867,16346.37,1,339,split_learned,8,1,1,10.17,10.17,10.17
569,3343.00,32.16732418,119.91891101,32.34004219,119.93448173,32.34004219,119.93448173,0.4867,19282.83,1,190,split_learned,8,1,-1,2551.31,2049.96,2049.96
570,3347.00,32.17249946,119.94669067,32.35250914,119.93519843,32.35250914,119.93519843,0.6267,20067.90,1,272,split_learned,14,1,-1,911.48,634.62,634.62
571,3352.00,32.17249946,119.94669067,32.36809284,119.93609430,32.36809284,119.93609430,0.6267,21796.32,1,272,split_learned,14,1,-1,1012.30,611.60,611.60
572,3357.00,32.15229671,119.94866175,32.38367653,119.93699017,32.38367653,119.93699017,0.5333,25780.65,1,20,split_learned,10,1,-1,3313.20,843.89,843.89
573,3361.00,32.25369081,119.92953990,32.39614349,119.93770687,32.25398387,119.92955670,0.7667,15876.48,0,1299,split_learned,20,1,-1,7927.07,3243.31,3243.31
574,3366.00,32.16067416,119.95262927,32.24943190,119.92929817,32.24943190,119.92929817,0.5800,10121.97,1,114,split_learned,12,1,4,2869.41,112.89,112.89
575,3371.00,32.19408039,119.92043830,32.24487992,119.92903965,32.24487992,119.92903965,0.6967,5712.75,1,536,split_learned,17,1,-1,2164.33,1315.63,1315.63
576,3376.00,32.21736137,119.93589694,32.24032794,119.92878112,32.24032794,119.92878112,0.6500,2643.04,1,842,split_learned,15,1,3,3562.81,122.24,122.24
577,3381.00,32.21736137,119.93589694,32.23577596,119.92852259,32.23577596,119.92852259,0.6500,2164.41,1,842,split_learned,15,1,-1,3440.28,183.63,183.63
578,3385.00,32.22274051,119.92886786,32.23213438,119.92831577,32.23213438,119.92831577,0.5333,1047.02,1,908,split_learned,10,1,-1,4032.20,639.11,639.11
579,3390.00,32.20096645,119.91214821,32.22758240,119.92805724,32.22758240,119.92805724,0.5567,3320.30,1,624,split_learned,11,1,-1,2953.91,728.73,728.73
580,3395.00,32.24768936,119.93196746,32.22303042,119.92779872,32.24759444,119.93195141,0.7433,2772.98,0,1231,split_learned,19,1,-1,6543.23,809.83,809.83
581,3400.00,32.25369081,119.92953990,32.24740987,119.93243122,32.25251777,119.93007989,0.7667,750.36,0,1299,split_learned,20,1,-1,7041.35,2322.52,2322.52
582,3404.00,32.24782885,119.92888054,32.25528427,119.92912225,32.25528427,119.92912225,0.6033,830.25,1,1230,split_learned,13,1,-1,6336.67,2189.94,2189.94
583,3408.00,32.24937869,119.94212719,32.25805078,119.92816461,32.25805078,119.92816461,0.6033,1631.48,1,1259,split_learned,13,1,-1,6366.24,3277.17,3277.17
584,3413.00,32.24937869,119.94212719,32.26150891,119.92696756,32.26150891,119.92696756,0.6033,1965.33,1,1259,split_learned,13,1,3,6255.03,120.34,120.34
585,3417.00,32.23630878,119.90778761,32.26427541,119.92600992,32.26427541,119.92600992,0.5800,3555.07,1,1082,split_learned,12,1,-1,5559.54,2365.80,2365.80
586,3422.00,32.21817089,119.94721623,32.26773354,119.92481287,32.26773354,119.92481287,0.5100,5907.12,1,871,split_learned,9,1,-1,2804.00,2667.60,2667.60
587,3427.00,32.21362865,119.92391829,32.27119168,119.92361582,32.27119168,119.92361582,0.5800,6407.98,1,790,split_learned,12,1,-1,2390.11,1222.52,1222.52
588,3432.00,32.16067416,119.95262927,32.27464981,119.92241878,32.27464981,119.92241878,0.5800,13002.98,1,114,split_learned,12,1,-1,4408.70,978.69,978.69
589,3437.00,32.24995808,119.91371353,32.27810794,119.92122173,32.27810794,119.92122173,0.5800,3212.46,1,1246,split_learned,12,1,-1,6118.27,816.74,816.74
590,3442.00,32.16457264,119.94471959,32.28156607,119.92002468,32.28156607,119.92002468,0.4867,13229.81,1,179,split_learned,8,1,-1,3852.98,2025.09,2025.09
591,3446.00,32.16179483,119.92259958,32.28433257,119.91906704,32.16179483,119.92259958,0.6267,13644.96,1,123,split_learned,14,1,-1,4517.50,963.47,963.47
592,3451.00,32.25066030,119.92698554,32.16179483,119.92259958,32.16179483,119.92259958,0.5800,9901.13,1,1275,split_learned,12,1,-1,5644.67,1922.07,1922.07
593,3455.00,32.24937869,119.94212719,32.16179483,119.92259958,32.16179483,119.92259958,0.6033,9921.83,1,1259,split_learned,13,1,-1,5290.36,4016.13,4016.13
594,3460.00,32.24782885,119.92888054,32.16179483,119.92259958,32.16179483,119.92259958,0.6033,9595.56,1,1230,split_learned,13,1,-1,5009.66,403.03,403.03
595,3465.00,32.20311715,119.93570674,32.16179483,119.92259958,32.16179483,119.92259958,0.5100,4762.81,1,658,split_learned,9,1,-1,196.31,196.31,196.31
596,3470.00,32.20489231,119.93509811,32.16179483,119.92259958,32.16179483,119.92259958,0.5567,4939.95,1,681,split_learned,11,1,1,70.86,70.86,70.86
597,3474.00,32.18842229,119.92548362,32.16179483,119.92259958,32.16179483,119.92259958,0.6033,2976.59,1,469,split_learned,13,1,-1,2227.75,178.73,178.73
598,3479.00,32.24995808,119.91371353,32.16179483,119.92259958,32.16179483,119.92259958,0.5800,9849.96,1,1246,split_learned,12,1,-1,5129.83,1614.85,1614.85
599,3483.00,32.20851774,119.93568138,32.16179483,119.92259958,32.16179483,119.92259958,0.5800,5345.17,1,727,split_learned,12,1,1,27.63,27.63,27.63
600,3488.00,32.20851774,119.93568138,32.16179483,119.92259958,32.16179483,119.92259958,0.5800,5345.17,1,727,split_learned,12,1,1,119.64,119.64,119.64
601,3492.00,32.20851774,119.93568138,32.16179483,119.92259958,32.20851774,119.93568138,0.5800,5345.17,1,727,split_learned,12,1,6,220.99,67.43,67.43
602,3496.00,32.19408039,119.92043830,32.20851774,119.93568138,32.20851774,119.93568138,0.6967,2155.13,1,536,split_learned,17,1,7,2339.29,102.51,102.51
603,3500.00,32.21362865,119.92391829,32.20851774,119.93568138,32.20851774,119.93568138,0.5800,1245.57,1,790,split_learned,12,1,-1,1145.61,213.47,213.47
604,3505.00,32.21362865,119.92391829,32.20851774,119.93568138,32.20851774,119.93568138,0.5800,1245.57,1,790,split_learned,12,1,7,1134.78,144.44,144.44
605,3510.00,32.21362865,119.92391829,32.20851774,119.93568138,32.20851774,119.93568138,0.5800,1245.57,1,790,split_learned,12,1,7,1040.74,68.38,68.38
606,3514.00,32.18877636,119.91859401,32.20851774,119.93568138,32.20851774,119.93568138,0.5800,2724.00,1,466,split_learned,12,1,-1,3297.94,1879.38,1879.38
607,3519.00,32.21032510,119.91082381,32.20851774,119.93568138,32.20851774,119.93568138,0.6267,2350.10,1,738,split_learned,14,1,-1,2336.61,2216.09,2216.09
608,3523.00,32.21751158,119.93346938,32.20851774,119.93568138,32.20851774,119.93568138,0.6033,1022.65,1,841,split_learned,13,1,1,44.58,44.58,44.58
609,3528.00,32.21362865,119.92391829,32.20851774,119.93568138,32.20851774,119.93568138,0.5800,1245.57,1,790,split_learned,12,1,-1,1149.02,710.93,710.93
610,3533.00,32.21189640,119.92216846,32.20851774,119.93568138,32.21189599,119.92217011,0.7200,1327.26,0,767,split_learned,18,1,-1,1239.14,1228.23,1228.23
611,3537.00,32.21032510,119.91082381,32.21204076,119.92159108,32.21204076,119.92159108,0.6267,1032.06,1,738,split_learned,14,1,-1,2416.50,1439.47,1439.47
612,3542.00,32.21189640,119.92216846,32.21222173,119.92086730,32.21190713,119.92212556,0.7200,127.80,0,767,split_learned,18,1,-1,1393.52,1253.90,1253.90
613,3547.00,32.21362865,119.92391829,32.21191545,119.92209226,32.21191545,119.92209226,0.5800,256.82,1,790,split_learned,12,1,-1,1321.90,1308.51,1308.51
614,3552.00,32.17249946,119.94669067,32.21192378,119.92205897,32.21192378,119.92205897,0.6267,4964.29,1,272,split_learned,14,1,-1,5773.66,2417.47,2417.47
615,3556.00,32.21189640,119.92216846,32.21193043,119.92203234,32.21189785,119.92216268,0.7200,13.37,0,767,split_learned,18,1,-1,1593.17,1593.17,1593.17
616,3561.00,32.22773339,119.90975869,32.21189406,119.92217781,32.21189406,119.92217781,0.5333,2116.01,1,968,split_learned,10,1,2,2079.12,77.33,77.33
617,3566.00,32.21032510,119.91082381,32.21189028,119.92219295,32.21189028,119.92219295,0.6267,1085.00,1,738,split_learned,14,1,-1,2708.76,2708.76,2708.76
618,3571.00,32.21189640,119.92216846,32.21188649,119.92220808,32.21189603,119.92216993,0.7200,3.89,0,767,split_learned,18,1,6,1883.98,95.55,95.55
619,3576.00,32.21189640,119.92216846,32.21189567,119.92217139,32.21189624,119.92216911,0.7200,0.29,0,767,split_learned,18,1,7,1945.40,44.05,44.05
620,3581.00,32.25005465,119.91035465,32.21189622,119.92216916,32.21189622,119.92216916,0.5800,4391.16,1,1244,split_learned,12,1,-1,3025.46,3025.46,3025.46
621,3585.00,32.23599282,119.90806657,32.21189621,119.92216920,32.21189621,119.92216920,0.6267,2993.35,1,1059,split_learned,14,1,2,2237.56,43.51,43.51
622,3590.00,32.23599282,119.90806657,32.21189620,119.92216925,32.21189620,119.92216925,0.6267,2993.35,1,1059,split_learned,14,1,-1,2210.50,755.33,755.33
623,3594.00,32.22595823,119.92706162,32.21189619,119.92216929,32.21189619,119.92216929,0.5800,1631.81,1,953,split_learned,12,1,-1,720.79,720.79,720.79
624,3599.00,32.23187383,119.92989494,32.21189618,119.92216934,32.21189618,119.92216934,0.5567,2339.95,1,1023,split_learned,11,1,-1,151.19,151.19,151.19
625,3603.00,32.23187383,119.92989494,32.21189617,119.92216938,32.21189617,119.92216938,0.5567,2339.95,1,1023,split_learned,11,1,-1,256.72,256.72,256.72
626,3608.00,32.21189640,119.92216846,32.21189616,119.92216943,32.21189640,119.92216846,0.7200,0.10,0,767,split_learned,18,1,-1,2644.64,1754.00,1754.00
627,3612.00,32.20851774,119.93568138,32.21189643,119.92216835,32.21189643,119.92216835,0.5800,1327.27,1,727,split_learned,12,1,-1,3107.37,1555.22,1555.22
628,3617.00,32.17249946,119.94669067,32.21189646,119.92216821,32.21189646,119.92216821,0.6267,4956.79,1,272,split_learned,14,1,-1,7334.80,1573.08,1573.08
629,3621.00,32.17125485,119.92736594,32.21189649,119.92216809,32.21189649,119.92216809,0.6033,4550.64,1,263,split_learned,13,1,-1,7285.10,1691.55,1691.55
630,3626.00,32.21032510,119.91082381,32.21189653,119.92216795,32.21189653,119.92216795,0.6267,1082.79,1,738,split_learned,14,1,-1,3651.22,1794.76,1794.76
631,3630.00,32.22605479,119.94186091,32.21189656,119.92216784,32.21189656,119.92216784,0.5333,2434.15,1,960,split_learned,10,1,-1,1945.41,254.75,254.75
632,3635.00,32.18671150,119.91910121,32.21189659,119.92216769,32.18685663,119.91911888,1.0000,2818.44,0,443,split_learned,34,1,-1,6094.53,248.51,248.51
633,3639.00,32.18842229,119.92548362,32.18237654,119.91857328,32.18237654,119.91857328,0.6033,936.29,1,469,split_learned,13,1,-1,5928.75,2999.90,2999.90
634,3644.00,32.18842229,119.92548362,32.17677644,119.91789128,32.17677644,119.91789128,0.6033,1480.59,1,469,split_learned,13,1,-1,6034.85,585.09,585.09
635,3648.00,32.24782885,119.92888054,32.17229636,119.91734568,32.17229636,119.91734568,0.6033,8478.19,1,1230,split_learned,13,1,5,476.98,95.35,95.35
636,3653.00,32.21189640,119.92216846,32.16669626,119.91666367,32.21093266,119.92205109,0.7200,5058.33,0,767,split_learned,18,1,-1,3681.91,370.78,370.78
637,3657.00,32.21189640,119.92216846,32.21773495,119.92287953,32.21344411,119.92235695,0.7200,653.39,0,767,split_learned,18,1,-1,3792.33,268.75,268.75
638,3662.00,32.21559694,119.92047634,32.21903905,119.92303835,32.21903905,119.92303835,0.6733,452.84,1,812,split_learned,16,1,-1,3538.70,178.22,178.22
639,3666.00,32.21189640,119.92216846,32.22351500,119.92358347,32.21296226,119.92229827,0.7200,1300.23,0,767,split_learned,18,1,-1,4003.29,220.63,220.63
640,3671.00,32.24782885,119.92888054,32.21322359,119.92233009,32.21322359,119.92233009,0.6033,3901.36,1,1230,split_learned,13,1,-1,236.13,236.13,236.13
641,3675.00,32.15659810,119.94704571,32.21343265,119.92235556,32.21343265,119.92235556,0.6267,6740.74,1,65,split_learned,14,1,-1,10554.86,612.33,612.33
642,3679.00,32.21446554,119.94850959,32.21364172,119.92238102,32.21364172,119.92238102,0.6733,2462.90,1,802,split_learned,16,1,-1,4577.89,4427.95,4427.95
643,3723.00,32.19035839,119.94811651,32.21594143,119.92266109,32.21594143,119.92266109,0.4867,3722.90,1,503,split_learned,8,1,-1,6983.33,2193.00,2193.00
644,3729.00,32.22632303,119.93580818,32.21625503,119.92269929,32.21625503,119.92269929,0.5333,1667.59,1,957,split_learned,10,1,-1,2706.32,2115.07,2115.07
645,3735.00,32.24768936,119.93196746,32.21656863,119.92273748,32.24765197,119.93195637,0.7433,3571.79,0,1231,split_learned,19,1,6,205.15,145.62,145.62
646,3742.00,32.24773228,119.91638201,32.25156591,119.93305324,32.25156591,119.93305324,0.6967,1627.31,1,1224,split_learned,17,1,3,1263.11,74.64,74.64
647,3748.00,32.24768936,119.93196746,32.25492071,119.93399341,32.24801820,119.93205959,0.7433,827.30,0,1231,split_learned,19,1,2,154.53,94.13,94.13
648,3755.00,32.24768936,119.93196746,32.24813109,119.93209155,32.24775933,119.93198711,0.7433,50.54,0,1231,split_learned,19,1,6,186.85,47.04,47.04
649,3762.00,32.18842229,119.92548362,32.24760697,119.93194456,32.24760697,119.93194456,0.6033,6616.49,1,469,split_learned,13,1,3,6331.44,102.68,102.68
650,3769.00,32.24937869,119.94212719,32.24745461,119.93190201,32.24745461,119.93190201,0.6033,986.70,1,1259,split_learned,13,1,-1,1205.77,1205.77,1205.77
651,3776.00,32.19457394,119.93859078,32.24730225,119.93185946,32.24730225,119.93185946,0.5333,5903.86,1,544,split_learned,10,1,-1,5532.95,5532.95,5532.95
652,3783.00,32.17313250,119.95121611,32.24714989,119.93181690,32.24714989,119.93181690,0.5100,8439.81,1,274,split_learned,9,1,6,7999.38,46.18,46.18
653,3790.00,32.19457394,119.93859078,32.24699753,119.93177435,32.24699753,119.93177435,0.5333,5871.01,1,544,split_learned,10,1,-1,5301.30,5301.30,5301.30
654,3797.00,32.15886681,119.95228692,32.24684517,119.93173180,32.24684517,119.93173180,0.6267,9983.31,1,91,split_learned,14,1,-1,9366.51,1344.40,1344.40
655,3803.00,32.24782885,119.92888054,32.24671458,119.93169532,32.24671458,119.93169532,0.6033,292.72,1,1230,split_learned,13,1,-1,982.42,552.21,552.21
656,3810.00,32.24450384,119.93158706,32.24656222,119.93165277,32.24656222,119.93165277,0.5567,229.22,1,1185,split_learned,11,1,-1,663.13,663.13,663.13
657,3817.00,32.15659810,119.94704571,32.24640986,119.93161022,32.24640986,119.93161022,0.6267,10103.01,1,65,split_learned,14,1,-1,9114.31,2495.53,2495.53
658,3824.00,32.15659810,119.94704571,32.24625750,119.93156766,32.15659810,119.94704571,0.6267,10086.81,1,65,split_learned,14,1,-1,9015.09,4525.00,4525.00
659,3831.00,32.24512022,119.93967427,32.15659810,119.94704571,32.15659810,119.94704571,0.6267,9878.72,1,1212,split_learned,14,1,-1,1353.09,1353.09,1353.09
660,3838.00,32.20096645,119.91214821,32.15659810,119.94704571,32.15659810,119.94704571,0.5567,5932.98,1,624,split_learned,11,1,-1,4184.23,752.35,752.35
661,3844.00,32.15229671,119.94866175,32.15659810,119.94704571,32.15659810,119.94704571,0.5333,502.44,1,20,split_learned,10,1,-1,9110.28,1812.46,1812.46
662,3850.00,32.19679382,119.91603965,32.15659810,119.94704571,32.15659810,119.94704571,0.5333,5343.41,1,580,split_learned,10,1,-1,4213.94,1810.09,1810.09
663,3857.00,32.21032510,119.91082381,32.15659810,119.94704571,32.15659810,119.94704571,0.6267,6885.67,1,738,split_learned,14,1,-1,3261.05,1065.46,1065.46
664,3863.00,32.21189640,119.92216846,32.15659810,119.94704571,32.21187785,119.92217680,0.7200,6586.74,0,767,split_learned,18,1,-1,2316.69,2316.69,2316.69
665,3870.00,32.23599282,119.90806657,32.21696667,119.91988748,32.21696667,119.91988748,0.6267,2392.85,1,1059,split_learned,14,1,-1,2522.00,165.86,165.86
666,3877.00,32.22632303,119.93580818,32.22205549,119.91759815,32.22205549,119.91759815,0.5333,1779.88,1,957,split_learned,10,1,-1,295.45,295.45,295.45
667,3883.00,32.15924715,119.91821362,32.22641734,119.91563587,32.22641734,119.91563587,0.6033,7481.33,1,98,split_learned,13,1,-1,7690.98,938.93,938.93
668,3889.00,32.22632303,119.93580818,32.23077918,119.91367359,32.23077918,119.91367359,0.5333,2143.18,1,957,split_learned,10,1,1,71.20,71.20,71.20
669,3895.00,32.22448349,119.94080279,32.23514103,119.91171131,32.23514103,119.91171131,0.4867,2986.09,1,936,split_learned,8,1,-1,480.28,480.28,480.28
670,3901.00,32.23599282,119.90806657,32.23950288,119.90974903,32.23950288,119.90974903,0.6267,421.66,1,1059,split_learned,14,1,2,2802.14,66.62,66.62
671,3907.00,32.22430109,119.93592230,32.24386472,119.90778675,32.24386472,119.90778675,0.4867,3430.27,1,934,split_learned,8,1,1,118.13,118.13,118.13
672,3913.00,32.22430109,119.93592230,32.24822657,119.90582447,32.24822657,119.90582447,0.4867,3889.90,1,934,split_learned,8,1,-1,210.72,210.72,210.72
673,3918.00,32.16089948,119.92081870,32.25186144,119.90418924,32.25186144,119.90418924,0.6033,10246.33,1,99,split_learned,13,1,-1,7026.34,2449.98,2449.98
674,3925.00,32.15918278,119.93752567,32.25695026,119.90189991,32.15918278,119.93752567,0.5100,11389.09,1,107,split_learned,9,1,-1,6770.65,5771.03,5771.03
675,3931.00,32.16752804,119.92545826,32.15918278,119.93752567,32.16752267,119.92546603,0.7433,1468.03,0,193,split_learned,19,1,8,5946.60,63.46,63.46
676,3937.00,32.15437230,119.93599838,32.16842873,119.92415585,32.15591826,119.93469591,0.8600,1921.68,0,37,split_learned,24,1,8,7145.87,60.82,60.82
677,3943.00,32.24641848,119.91081113,32.14633781,119.94222061,32.14633781,119.94222061,0.6733,11527.14,1,1198,split_learned,16,1,2,4047.22,85.45,85.45
678,3950.00,32.21736137,119.93589694,32.13516063,119.95099941,32.13516063,119.95099941,0.6500,9260.51,1,842,split_learned,15,1,1,138.40,138.40,138.40
679,3958.00,32.21736137,119.93589694,32.12238671,119.96103234,32.12238671,119.96103234,0.6500,10834.44,1,842,split_learned,15,1,-1,214.88,214.88,214.88
680,3964.00,32.21736137,119.93589694,32.11280627,119.96855703,32.11280627,119.96855703,0.6500,12038.79,1,842,split_learned,15,1,-1,313.01,313.01,313.01
681,3970.00,32.18038336,119.92015934,32.10322583,119.97608172,32.10322583,119.97608172,0.5100,10075.81,1,352,split_learned,9,1,-1,4129.67,2786.89,2786.89
682,3977.00,32.18842229,119.92548362,32.09204864,119.98486053,32.09204864,119.98486053,0.6033,12098.71,1,469,split_learned,13,1,5,2951.20,90.46,90.46
683,3983.00,32.15751491,119.92997102,32.08246820,119.99238522,32.08246820,119.99238522,0.6733,10215.53,1,80,split_learned,16,1,-1,6033.15,1609.84,1609.84
684,3989.00,32.25315434,119.92520466,32.07288776,119.99990992,32.07288776,119.99990992,0.6267,21265.31,1,1297,split_learned,14,1,-1,4887.31,4360.42,4360.42
685,3996.00,32.21325312,119.94219059,32.06171058,120.00868872,32.21302431,119.94229099,0.7433,17995.08,0,799,split_learned,19,1,-1,579.33,579.33,579.33
686,4002.00,32.21325312,119.94219059,32.22371546,119.94092034,32.21473896,119.94201019,0.7433,1170.80,0,799,split_learned,19,1,-1,617.36,617.36,617.36
687,4008.00,32.21325312,119.94219059,32.21819861,119.94151753,32.21405469,119.94208150,0.7433,554.17,0,799,split_learned,19,1,-1,717.56,717.56,717.56
688,4015.00,32.16009478,119.94345859,32.21474456,119.94196215,32.21474456,119.94196215,0.5100,6085.25,1,109,split_learned,9,1,-1,5240.26,2406.98,2406.98
689,4021.00,32.15886681,119.95228692,32.21533588,119.94185986,32.21533588,119.94185986,0.6267,6362.41,1,91,split_learned,14,1,-1,5475.01,2081.02,2081.02
690,4029.00,32.15886681,119.95228692,32.21612430,119.94172347,32.21612430,119.94172347,0.6267,6451.10,1,91,split_learned,14,1,-1,5366.89,3622.90,3622.90
691,4036.00,32.16179483,119.92259958,32.21681417,119.94160412,32.21681417,119.94160412,0.6267,6381.00,1,123,split_learned,14,1,-1,4964.67,1522.66,1522.66
692,4043.00,32.16179483,119.92259958,32.21750404,119.94148478,32.21750404,119.94148478,0.6267,6451.64,1,123,split_learned,14,1,-1,4869.97,4308.00,4308.00
693,4051.00,32.15886681,119.95228692,32.21829246,119.94134839,32.21829246,119.94134839,0.6267,6695.02,1,91,split_learned,14,1,-1,5030.90,1346.86,1346.86
694,4058.00,32.23599282,119.90806657,32.21898233,119.94122904,32.21898233,119.94122904,0.6267,3652.89,1,1059,split_learned,14,1,-1,4863.50,1540.42,1540.42
695,4064.00,32.24937869,119.94212719,32.21957365,119.94112675,32.21957365,119.94112675,0.6033,3319.24,1,1259,split_learned,13,1,-1,5539.32,3221.82,3221.82
696,4071.00,32.24783958,119.93542778,32.22026352,119.94100740,32.22026352,119.94100740,0.5567,3114.43,1,1233,split_learned,11,1,-1,5469.96,1345.68,1345.68
697,4077.00,32.16508765,119.94800239,32.22085484,119.94090511,32.16508765,119.94800239,0.5567,6243.90,1,181,split_learned,11,1,-1,3708.43,2981.04,2981.04
698,4083.00,32.24782885,119.92888054,32.16508765,119.94800239,32.16508765,119.94800239,0.6033,9385.21,1,1230,split_learned,13,1,-1,5764.35,1448.84,1448.84
699,4090.00,32.17249946,119.94669067,32.16508765,119.94800239,32.16508765,119.94800239,0.6267,834.28,1,272,split_learned,14,1,-1,2677.35,660.52,660.52
700,4096.00,32.19457394,119.93859078,32.16508765,119.94800239,32.16508765,119.94800239,0.5333,3400.03,1,544,split_learned,10,1,-1,321.32,321.32,321.32
701,4103.00,32.16179483,119.92259958,32.16508765,119.94800239,32.16508765,119.94800239,0.6267,2420.75,1,123,split_learned,14,1,-1,4028.28,392.87,392.87
702,4111.00,32.19457394,119.93859078,32.16508765,119.94800239,32.16508765,119.94800239,0.5333,3400.03,1,544,split_learned,10,1,-1,406.33,406.33,406.33
703,4117.00,32.16089948,119.92081870,32.16508765,119.94800239,32.16508765,119.94800239,0.6033,2602.68,1,99,split_learned,13,1,-1,4101.38,634.67,634.67
704,4124.00,32.24937869,119.94212719,32.16508765,119.94800239,32.16508765,119.94800239,0.6033,9399.58,1,1259,split_learned,13,1,-1,6526.62,1545.46,1545.46
705,4130.00,32.15229671,119.94866175,32.16508765,119.94800239,32.16508765,119.94800239,0.5333,1425.24,1,20,split_learned,10,1,-1,4204.61,2248.70,2248.70
706,4137.00,32.25125042,119.94167071,32.16508765,119.94800239,32.16508765,119.94800239,0.5567,9610.16,1,1282,split_learned,11,1,-1,6938.67,1573.81,1573.81
707,4144.00,32.24768936,119.93196746,32.16508765,119.94800239,32.24767550,119.93197015,0.7433,9318.45,0,1231,split_learned,19,1,-1,6737.71,921.40,921.40
708,4151.00,32.25005465,119.91035465,32.25377766,119.93078558,32.25377766,119.93078558,0.5800,1968.62,1,1244,split_learned,12,1,-1,7614.58,1909.44,1909.44
709,4158.00,32.25005465,119.91035465,32.25987982,119.92960101,32.25987982,119.92960101,0.5800,2117.30,1,1244,split_learned,12,1,-1,7716.47,1330.76,1330.76
710,4165.00,32.24782885,119.92888054,32.26598198,119.92841643,32.26598198,119.92841643,0.6033,2021.28,1,1230,split_learned,13,1,-1,7118.68,1230.01,1230.01
711,4172.00,32.24782885,119.92888054,32.27208414,119.92723186,32.27208414,119.92723186,0.6033,2704.56,1,1230,split_learned,13,1,-1,7216.99,3602.13,3602.13
712,4178.00,32.25398050,119.94604399,32.27731456,119.92621651,32.27731456,119.92621651,0.5567,3199.28,1,1307,split_learned,11,1,-1,7797.98,2006.88,2006.88
713,4184.00,32.20931172,119.92985690,32.28254498,119.92520117,32.28254498,119.92520117,0.6267,8164.11,1,724,split_learned,14,1,-1,3217.74,2606.52,2606.52
714,4191.00,32.24937869,119.94212719,32.28864714,119.92401659,32.28864714,119.92401659,0.6033,4692.45,1,1259,split_learned,13,1,-1,7619.71,655.94,655.94
715,4197.00,32.17359867,119.92506518,32.29387757,119.92300125,32.29387757,119.92300125,0.5100,13390.86,1,285,split_learned,9,1,-1,1991.85,349.26,349.26
716,4204.00,32.16179483,119.92259958,32.29997972,119.92181667,32.29997972,119.92181667,0.6267,15382.92,1,123,split_learned,14,1,-1,2854.48,2149.56,2149.56
717,4211.00,32.20098791,119.91844185,32.30608188,119.92063210,32.20098791,119.91844185,0.5100,11700.88,1,627,split_learned,9,1,-1,3554.96,740.29,740.29
718,4217.00,32.24782885,119.92888054,32.20098791,119.91844185,32.20098791,119.91844185,0.6033,5306.23,1,1230,split_learned,13,1,-1,7989.12,3252.57,3252.57
719,4224.00,32.19457394,119.93859078,32.20098791,119.91844185,32.20098791,119.91844185,0.5333,2027.80,1,544,split_learned,10,1,-1,2075.96,649.90,649.90
720,4230.00,32.15886681,119.95228692,32.20098791,119.91844185,32.20098791,119.91844185,0.6267,5670.07,1,91,split_learned,14,1,-1,2026.23,2026.23,2026.23
721,4237.00,32.25407707,119.92200362,32.20098791,119.91844185,32.20098791,119.91844185,0.4867,5919.40,1,1296,split_learned,8,1,-1,9049.58,2985.82,2985.82
722,4244.00,32.24937869,119.94212719,32.20098791,119.91844185,32.20098791,119.91844185,0.6033,5830.60,1,1259,split_learned,13,1,-1,8505.01,806.51,806.51
723,4250.00,32.24937869,119.94212719,32.20098791,119.91844185,32.20098791,119.91844185,0.6033,5830.60,1,1259,split_learned,13,1,-1,8616.23,742.20,742.20
724,4257.00,32.19350100,119.92666854,32.20098791,119.91844185,32.19350218,119.92666725,0.8133,1138.04,0,539,split_learned,22,1,-1,3134.03,693.88,693.88
725,4263.00,32.16067416,119.95262927,32.19300116,119.92721777,32.19300116,119.92721777,0.5800,4322.01,1,114,split_learned,12,1,-1,1296.30,595.97,595.97
726,4270.00,32.16067416,119.95262927,32.19241664,119.92786005,32.19241664,119.92786005,0.5800,4234.35,1,114,split_learned,12,1,-1,1195.84,276.33,276.33
727,4277.00,32.16067416,119.95262927,32.19183212,119.92850233,32.19183212,119.92850233,0.5800,4146.74,1,114,split_learned,12,1,-1,1097.47,169.97,169.97
728,4284.00,32.16067416,119.95262927,32.19124759,119.92914460,32.19124759,119.92914460,0.5800,4059.19,1,114,split_learned,12,1,4,1001.82,78.77,78.77
729,4291.00,32.23599282,119.90806657,32.19066307,119.92978688,32.19066307,119.92978688,0.6267,5445.10,1,1059,split_learned,14,1,-1,8536.74,370.30,370.30
730,4298.00,32.16089948,119.92081870,32.19007855,119.93042916,32.19007855,119.93042916,0.6033,3372.00,1,99,split_learned,13,1,-1,2632.88,1300.99,1300.99
731,4305.00,32.21362865,119.92391829,32.18949403,119.93107143,32.18949403,119.93107143,0.5800,2769.87,1,790,split_learned,12,1,-1,5962.65,2712.85,2712.85
732,4311.00,32.19457394,119.93859078,32.18899301,119.93162196,32.18899301,119.93162196,0.5333,903.81,1,544,split_learned,10,1,-1,3520.75,2988.21,2988.21
733,4319.00,32.19035839,119.94811651,32.18832499,119.93235599,32.18832499,119.93235599,0.4867,1501.73,1,503,split_learned,8,1,-1,3099.52,901.74,901.74
734,4326.00,32.21446554,119.94850959,32.18774047,119.93299827,32.21446554,119.94850959,0.6733,3314.46,1,802,split_learned,16,1,-1,5810.79,315.40,315.40
735,4334.00,32.25066030,119.92698554,32.21446554,119.94850959,32.21446554,119.94850959,0.5800,4510.55,1,1275,split_learned,12,1,-1,10327.82,5527.63,5527.63
736,4341.00,32.24768936,119.93196746,32.21446554,119.94850959,32.24767713,119.93197355,0.7433,4013.32,0,1231,split_learned,19,1,2,9971.03,61.83,61.83
737,4349.00,32.15985873,119.94617079,32.25152328,119.93005856,32.25152328,119.93005856,0.4867,10316.35,1,111,split_learned,8,1,-1,290.64,290.64,290.64
