Frame,Time_Sec,Raw_Lat,Raw_Lng,Predicted_Lat,Predicted_Lng,Filtered_Lat,Filtered_Lng,Match_Confidence,Innovation_M,Outlier_Rejected,Best_Match_Idx,Algorithm,Inliers,Measurement_Valid,Correct_Candidate_Rank,Top1_Min_Dist_M,Top5_Min_Dist_M,Top10_Min_Dist_M
1,4.00,32.16164462,119.92028614,32.15560000,119.92900000,32.15560000,119.92900000,0.6733,1061.37,1,122,split_learned_disk,16,1,-1,968.31,968.31,968.31
2,8.00,32.16947488,119.92534414,32.15560000,119.92900000,32.16947488,119.92534414,1.0000,1582.47,0,216,split_learned_disk,33,1,8,1330.10,84.31,84.31
3,13.00,32.16164462,119.92028614,32.18510644,119.92122541,32.18510644,119.92122541,0.6733,2613.27,1,122,split_learned_disk,16,1,2,767.39,81.17,81.17
4,17.00,32.15603536,119.93871758,32.19761169,119.91793042,32.19761169,119.91793042,0.6500,5025.43,1,38,split_learned_disk,15,1,4,1074.19,137.61,137.61
5,22.00,32.19609160,119.92280246,32.21324326,119.91381170,32.19609160,119.92280246,0.7667,2088.72,0,560,split_learned_disk,20,1,10,3972.53,92.76,92.76
6,26.00,32.16738856,119.93321578,32.20369638,119.92207626,32.20369638,119.92207626,0.5333,4175.77,1,197,split_learned_disk,10,1,7,822.85,81.01,81.01
7,31.00,32.16078627,119.92066085,32.21320235,119.92116852,32.21320235,119.92116852,0.6267,5835.15,1,121,split_learned_disk,14,1,-1,783.80,751.80,751.80
8,36.00,32.25135772,119.90983477,32.22270832,119.92026078,32.22270832,119.92026078,0.6733,3337.04,1,1267,split_learned_disk,16,1,-1,9947.57,181.12,181.12
9,41.00,32.24109299,119.92448190,32.23221430,119.91935303,32.23221430,119.91935303,0.6267,1100.13,1,1136,split_learned_disk,14,1,-1,8511.89,237.83,237.83
10,46.00,32.17077794,119.93146026,32.24172027,119.91844529,32.24172027,119.91844529,0.6733,7991.89,1,242,split_learned_disk,16,1,4,731.39,20.18,20.18
11,51.00,32.16624643,119.91897441,32.25122624,119.91753755,32.25122624,119.91753755,0.6033,9460.92,1,167,split_learned_disk,13,1,-1,787.96,429.12,429.12
12,56.00,32.24787176,119.92455798,32.26073221,119.91662980,32.26073221,119.91662980,0.6733,1614.70,1,1228,split_learned_disk,16,1,4,8976.44,88.96,88.96
13,60.00,32.24088913,119.93372298,32.26833699,119.91590361,32.26833699,119.91590361,0.5800,3486.18,1,1140,split_learned_disk,12,1,5,8096.29,131.38,131.38
14,65.00,32.15374518,119.92399437,32.27784296,119.91499587,32.27784296,119.91499587,0.6967,13840.54,1,8,split_learned_disk,17,1,-1,1868.57,1153.80,1153.80
15,70.00,32.16947488,119.92534414,32.28734894,119.91408812,32.16966985,119.92532552,1.0000,13164.51,0,216,split_learned_disk,33,1,6,169.96,100.84,100.84
16,74.00,32.25341184,119.91032929,32.16421533,119.92584638,32.16421533,119.92584638,0.6267,10036.36,1,1290,split_learned_disk,14,1,-1,9261.82,548.61,548.61
17,79.00,32.17616781,119.93146026,32.15739717,119.92649746,32.15739717,119.92649746,0.6733,2141.20,1,311,split_learned_disk,16,1,6,745.45,31.73,31.73
18,84.00,32.15809429,119.93315238,32.15057901,119.92714854,32.15057901,119.92714854,0.6267,1009.82,1,82,split_learned_disk,14,1,3,1865.12,81.20,81.20
19,89.00,32.20095572,119.95385923,32.14376086,119.92779962,32.20011774,119.95347742,0.7433,6823.74,0,643,split_learned_disk,19,1,5,3981.46,11.64,11.64
20,94.00,32.24787176,119.92455798,32.20988110,119.96168351,32.20988110,119.96168351,0.6733,5487.71,1,1228,split_learned_disk,16,1,-1,8096.61,217.61,217.61
21,99.00,32.17378107,119.91493081,32.21964446,119.96988960,32.21964446,119.96988960,0.6967,7270.92,1,280,split_learned_disk,17,1,9,1012.16,9.25,9.25
22,104.00,32.21347843,119.92984422,32.22940782,119.97809569,32.21399759,119.93141679,0.8600,4878.75,0,793,split_learned_disk,24,1,-1,4115.91,963.69,963.69
23,108.00,32.22467662,119.92721378,32.21734665,119.92446701,32.22266365,119.92645946,0.7667,856.01,0,930,split_learned_disk,20,1,-1,5182.63,387.64,387.64
24,113.00,32.22700971,119.94934647,32.23055341,119.91916002,32.23055341,119.91916002,0.6500,2870.67,1,963,split_learned_disk,15,1,9,5744.21,115.60,115.60
25,117.00,32.22467662,119.92721378,32.23686522,119.91332047,32.22578532,119.92595002,0.7667,1885.12,0,930,split_learned_disk,20,1,2,4960.38,108.86,108.86
26,122.00,32.25318653,119.92324626,32.22804609,119.92506683,32.22804609,119.92506683,0.5567,2803.88,1,1296,split_learned_disk,11,1,5,8039.82,39.94,39.94
27,127.00,32.18607846,119.92272638,32.23030687,119.92418364,32.18981668,119.92284955,0.7200,4925.42,0,445,split_learned_disk,18,1,-1,528.51,240.32,240.32
28,131.00,32.18885146,119.92416490,32.17661199,119.92164833,32.17661199,119.92164833,0.6967,1382.97,1,469,split_learned_disk,17,1,7,658.44,28.48,28.48
29,136.00,32.18607846,119.92272638,32.16010613,119.92014681,32.18349537,119.92246982,0.7200,2901.43,0,445,split_learned_disk,18,1,7,317.00,83.07,83.07
30,141.00,32.18607846,119.92272638,32.17863281,119.92212471,32.18444794,119.92259462,0.7200,830.79,0,445,split_learned_disk,18,1,-1,205.69,194.36,194.36
31,145.00,32.18607846,119.92272638,32.18339708,119.92254796,32.18535038,119.92267793,0.7200,298.96,0,445,split_learned_disk,18,1,1,131.16,131.16,131.16
32,150.00,32.18607846,119.92272638,32.18538325,119.92270920,32.18592687,119.92272263,0.7200,77.41,0,445,split_learned_disk,18,1,1,92.68,92.68,92.68
33,155.00,32.18607846,119.92272638,32.18631059,119.92276257,32.18613003,119.92273442,0.7200,26.06,0,445,split_learned_disk,18,1,-1,157.35,157.35,157.35
34,159.00,32.19667580,119.93102346,32.18634733,119.92275238,32.19400670,119.92888604,0.7900,1388.87,0,586,split_learned_disk,21,1,5,1192.26,112.55,112.55
35,164.00,32.18929137,119.91893637,32.19948833,119.93308069,32.19948833,119.93308069,0.5800,1750.32,1,466,split_learned_disk,12,1,4,339.05,124.42,124.42
36,168.00,32.18885146,119.92416490,32.20387364,119.93643641,32.20387364,119.93643641,0.6967,2032.89,1,469,split_learned_disk,17,1,6,459.92,53.19,53.19
37,173.00,32.25314953,119.94052383,32.20935527,119.94063106,32.20935527,119.94063106,0.6267,4875.19,1,1281,split_learned_disk,14,1,9,6873.47,40.33,40.33
38,178.00,32.18831499,119.95319987,32.21483690,119.94482571,32.21483690,119.94482571,0.6033,3055.98,1,482,split_learned_disk,13,1,-1,3022.67,199.45,199.45
39,182.00,32.17994346,119.91996914,32.21922220,119.94818143,32.21922220,119.94818143,0.6267,5116.74,1,352,split_learned_disk,14,1,7,1585.15,20.94,20.94
40,186.00,32.18520457,119.90660269,32.22360750,119.95153714,32.22360750,119.95153714,0.6967,6015.89,1,414,split_learned_disk,17,1,-1,1789.81,820.37,820.37
41,191.00,32.23636835,119.90829481,32.22908913,119.95573179,32.22908913,119.95573179,0.5567,4541.24,1,1059,split_learned_disk,11,1,-1,4543.74,1626.03,1626.03
42,196.00,32.25314953,119.94052383,32.23457076,119.95992644,32.23457076,119.95992644,0.6267,2760.01,1,1281,split_learned_disk,14,1,-1,6375.43,1559.80,1559.80
43,200.00,32.18831499,119.95319987,32.23895606,119.96328216,32.23895606,119.96328216,0.6033,5716.80,1,482,split_learned_disk,13,1,-1,3243.79,399.38,399.38
44,205.00,32.20767604,119.91354869,32.24443769,119.96747681,32.20767604,119.91354869,0.6733,6523.13,1,694,split_learned_disk,16,1,5,1013.34,139.08,139.08
45,209.00,32.19128593,119.92903970,32.20767604,119.91354869,32.20767604,119.91354869,0.5800,2336.28,1,516,split_learned_disk,12,1,2,1143.40,49.44,49.44
46,214.00,32.21598320,119.91878421,32.20767604,119.91354869,32.20767604,119.91354869,0.6267,1048.04,1,811,split_learned_disk,14,1,9,1647.02,53.69,53.69
47,218.00,32.21019634,119.91114649,32.20767604,119.91354869,32.20767604,119.91354869,0.5800,360.44,1,739,split_learned_disk,12,1,5,1125.79,69.66,69.66
48,223.00,32.17616781,119.93146026,32.20767604,119.91354869,32.20767604,119.91354869,0.6733,3892.19,1,311,split_learned_disk,16,1,-1,3188.57,1374.16,1374.16
49,228.00,32.20137417,119.93124470,32.20767604,119.91354869,32.20767604,119.91354869,0.6967,1808.49,1,633,split_learned_disk,17,1,-1,1205.72,213.41,213.41
50,232.00,32.16748512,119.94618347,32.20767604,119.91354869,32.20767604,119.91354869,0.6733,5428.35,1,203,split_learned_disk,16,1,-1,4965.02,616.42,616.42
51,237.00,32.22061128,119.92605422,32.20767604,119.91354869,32.20767604,119.91354869,0.6267,1860.39,1,883,split_learned_disk,14,1,4,1827.75,119.76,119.76
52,241.00,32.21232558,119.95172331,32.20767604,119.91354869,32.21232337,119.95170523,0.7667,3632.94,0,780,split_learned_disk,20,1,7,3124.12,68.63,68.63
53,245.00,32.18503290,119.94764167,32.21264259,119.95432615,32.18993115,119.94882757,0.7200,3137.34,0,433,split_learned_disk,18,1,-1,3670.78,2947.11,2947.11
54,250.00,32.21598320,119.91878421,32.16838000,119.94678944,32.16838000,119.94678944,0.6267,5919.48,1,811,split_learned_disk,14,1,-1,781.47,190.99,190.99
55,255.00,32.22061128,119.92605422,32.14682885,119.94475132,32.14682885,119.94475132,0.6267,8400.16,1,883,split_learned_disk,14,1,-1,1478.71,175.47,175.47
56,259.00,32.15227525,119.94848423,32.12958793,119.94312083,32.12958793,119.94312083,0.5567,2575.59,1,20,split_learned_disk,11,1,-1,7092.30,160.42,160.42
57,264.00,32.21202515,119.91565357,32.10803678,119.94108270,32.10803678,119.94108270,0.6733,11821.21,1,763,split_learned_disk,16,1,7,242.04,58.50,58.50
58,268.00,32.20858212,119.91860669,32.09079586,119.93945221,32.09079586,119.93945221,0.6733,13258.18,1,719,split_learned_disk,16,1,-1,494.11,272.68,272.68
59,273.00,32.25341184,119.91032929,32.06924471,119.93741408,32.06924471,119.93741408,0.6267,20659.62,1,1290,split_learned_disk,14,1,-1,4467.69,1983.23,1983.23
60,277.00,32.25341184,119.91032929,32.05200379,119.93578359,32.05200379,119.93578359,0.6267,22548.58,1,1290,split_learned_disk,14,1,-1,4344.75,1994.17,1994.17
61,281.00,32.17616781,119.93146026,32.03476287,119.93415309,32.03476287,119.93415309,0.6733,15743.24,1,311,split_learned_disk,16,1,-1,4624.86,882.23,882.23
62,286.00,32.24773228,119.92989494,32.01321172,119.93211497,32.01321172,119.93211497,0.6033,26107.67,1,1230,split_learned_disk,13,1,-1,3717.78,3321.64,3321.64
63,290.00,32.16748512,119.94618347,31.99597080,119.93048447,32.16748512,119.94618347,0.6733,19150.16,1,203,split_learned_disk,16,1,-1,6297.26,2176.62,2176.62
64,295.00,32.24496520,119.93184066,32.16748512,119.94618347,32.16748512,119.94618347,0.6033,8730.25,1,1185,split_learned_disk,13,1,-1,3267.71,168.79,168.79
65,299.00,32.20043590,119.92272069,32.16748512,119.94618347,32.20039540,119.92274953,0.7667,4282.44,0,605,split_learned_disk,20,1,-1,2301.67,154.47,154.47
66,304.00,32.24112999,119.95282647,32.20435261,119.91993178,32.20435261,119.91993178,0.5800,5134.42,1,1171,split_learned_disk,12,1,-1,4152.94,159.82,159.82
67,308.00,32.19032620,119.94812919,32.20751837,119.91767758,32.19114477,119.94667930,0.9533,3448.26,0,503,split_learned_disk,28,1,-1,4677.60,150.85,150.85
68,313.00,32.17612489,119.94537195,32.18624593,119.95954782,32.17821183,119.94829499,0.8133,1747.12,0,318,split_learned_disk,22,1,-1,5941.99,247.31,247.31
69,318.00,32.20095572,119.95385923,32.16802973,119.95376360,32.19363592,119.95383797,0.7433,3665.33,0,643,split_learned_disk,19,1,5,4402.24,138.39,138.39
70,322.00,32.18503290,119.94764167,32.19861365,119.95825098,32.18877610,119.95056587,0.7200,1812.25,0,433,split_learned_disk,18,1,5,5334.55,48.81,48.81
71,327.00,32.21232558,119.95172331,32.18824463,119.95080617,32.20724392,119.95152977,0.7667,2682.08,0,780,split_learned_disk,20,1,6,3753.78,101.97,101.97
72,332.00,32.22588312,119.90986013,32.21893015,119.95223540,32.22436805,119.91909380,0.7667,4065.92,0,945,split_learned_disk,20,1,-1,355.33,355.33,355.33
73,336.00,32.17477891,119.91175513,32.23644360,119.90304108,32.23644360,119.90304108,0.6267,6913.41,1,279,split_learned_disk,14,1,-1,5916.34,918.88,918.88
74,341.00,32.20099864,119.92417758,32.25153803,119.88297517,32.25153803,119.88297517,0.6967,6834.85,1,630,split_learned_disk,17,1,-1,3222.45,1351.67,1351.67
75,345.00,32.20137417,119.93124470,32.26361358,119.86692245,32.26361358,119.86692245,0.6967,9204.02,1,633,split_learned_disk,17,1,8,3576.92,96.13,96.13
76,350.00,32.20003891,119.93687330,32.27870802,119.84685655,32.20191317,119.93472869,0.7900,12189.72,0,612,split_learned_disk,21,1,-1,4048.29,1067.60,1067.60
77,355.00,32.18707630,119.95201495,32.19245006,119.94276264,32.19245006,119.94276264,0.6033,1057.08,1,458,split_learned_disk,13,1,-1,6083.65,768.88,768.88
78,359.00,32.18707630,119.95201495,32.18487957,119.94918980,32.18487957,119.94918980,0.6033,361.41,1,458,split_learned_disk,13,1,-1,6174.54,1821.76,1821.76
79,364.00,32.22263322,119.91016445,32.17541646,119.95722374,32.17541646,119.95722374,0.5567,6875.82,1,899,split_learned_disk,11,1,-1,1182.92,1010.02,1010.02
80,368.00,32.18707630,119.95201495,32.16784597,119.96365090,32.16784597,119.96365090,0.6033,2405.00,1,458,split_learned_disk,13,1,-1,6411.16,1293.23,1293.23
81,372.00,32.19656369,119.93459790,32.16027548,119.97007806,32.16027548,119.97007806,0.5800,5242.89,1,565,split_learned_disk,12,1,-1,4831.20,2781.55,2781.55
82,377.00,32.17077794,119.93146026,32.15081237,119.97811200,32.15081237,119.97811200,0.6733,4924.48,1,242,split_learned_disk,16,1,4,7520.73,111.12,111.12
83,381.00,32.25321871,119.91901245,32.14324188,119.98453916,32.14324188,119.98453916,0.5567,13710.56,1,1294,split_learned_disk,11,1,-1,1903.14,1023.60,1023.60
84,386.00,32.16463221,119.94658923,32.13377877,119.99257310,32.13377877,119.99257310,0.6033,5527.95,1,157,split_learned_disk,13,1,-1,8957.44,1673.21,1673.21
85,390.00,32.20137417,119.93124470,32.12620829,119.99900026,32.12620829,119.99900026,0.6967,10523.68,1,633,split_learned_disk,17,1,3,4646.43,130.28,130.28
86,395.00,32.22560416,119.94710911,32.11674518,120.00703421,32.22560416,119.94710911,0.5100,13368.35,1,962,split_learned_disk,9,1,6,3666.04,94.80,94.80
87,399.00,32.23493061,119.93049090,32.22560416,119.94710911,32.22560416,119.94710911,0.6967,1878.37,1,1069,split_learned_disk,17,1,7,1841.81,82.71,82.71
88,403.00,32.24221366,119.91002497,32.22560416,119.94710911,32.22560416,119.94710911,0.6733,3952.33,1,1152,split_learned_disk,16,1,1,53.77,53.77,53.77
89,448.00,32.24350119,119.92446353,32.22560416,119.94710911,32.22560416,119.94710911,0.6500,2918.81,1,1158,split_learned_disk,15,1,3,938.90,61.45,61.45
90,454.00,32.24109299,119.92448190,32.22560416,119.94710911,32.22560416,119.94710911,0.6267,2741.48,1,1136,split_learned_disk,14,1,-1,1050.06,708.48,708.48
91,461.00,32.24521198,119.91816989,32.22560416,119.94710911,32.22560416,119.94710911,0.6733,3492.16,1,1178,split_learned_disk,16,1,4,473.30,44.98,44.98
92,468.00,32.23709203,119.91879121,32.22560416,119.94710911,32.22560416,119.94710911,0.5333,2958.13,1,1086,split_learned_disk,10,1,9,374.51,94.73,94.73
93,476.00,32.22922478,119.91979861,32.22560416,119.94710911,32.22922427,119.91980246,0.8600,2603.91,0,972,split_learned_disk,24,1,7,1253.73,52.61,52.61
94,482.00,32.16922810,119.93694239,32.22944151,119.91816377,32.22944151,119.91816377,0.5800,6932.42,1,222,split_learned_disk,12,1,9,7982.98,75.53,75.53
95,489.00,32.16922810,119.93694239,32.22969497,119.91625197,32.22969497,119.91625197,0.5800,7007.64,1,222,split_learned_disk,12,1,9,7849.88,70.67,70.67
96,496.00,32.15374518,119.92399437,32.22994842,119.91434016,32.22994842,119.91434016,0.6967,8531.55,1,8,split_learned_disk,17,1,9,9268.69,62.57,62.57
97,502.00,32.22922478,119.91979861,32.23016566,119.91270147,32.22923046,119.91975578,0.8600,676.67,0,972,split_learned_disk,24,1,-1,817.06,162.73,162.73
98,509.00,32.22467662,119.93856542,32.22920433,119.91995286,32.22920433,119.91995286,0.5567,1824.23,1,935,split_learned_disk,11,1,-1,2383.02,229.48,229.48
99,516.00,32.15530576,119.95394799,32.22917820,119.92014995,32.22917820,119.92014995,0.5800,8818.23,1,45,split_learned_disk,12,1,-1,9410.88,700.92,700.92
100,522.00,32.17171140,119.91981129,32.22915580,119.92031888,32.17294128,119.91982216,0.7900,6394.89,0,236,split_learned_disk,21,1,-1,6808.93,203.82,203.82
101,528.00,32.15530576,119.95394799,32.15386088,119.91982269,32.15386088,119.91982269,0.5800,3218.48,1,45,split_learned_disk,12,1,-1,9169.15,312.33,312.33
102,534.00,32.20099864,119.92417758,32.13478047,119.91982322,32.13478047,119.91982322,0.6967,7382.81,1,630,split_learned_disk,17,1,-1,3294.69,459.57,459.57
103,540.00,32.18707630,119.95201495,32.11570007,119.91982375,32.11570007,119.91982375,0.6033,8504.54,1,458,split_learned_disk,13,1,-1,5702.44,380.53,380.53
104,546.00,32.18707630,119.95201495,32.09661966,119.91982428,32.09661966,119.91982428,0.6033,10516.27,1,458,split_learned_disk,13,1,-1,5557.28,234.86,234.86
105,553.00,32.18707630,119.95201495,32.07435919,119.91982490,32.07435919,119.91982490,0.6033,12908.83,1,458,split_learned_disk,13,1,-1,5466.10,388.71,388.71
106,560.00,32.20858212,119.91860669,32.05209872,119.91982552,32.05209872,119.91982552,0.6733,17420.11,1,719,split_learned_disk,16,1,-1,1954.05,152.12,152.12
107,567.00,32.21971592,119.92590206,32.02983824,119.91982614,32.02983824,119.91982614,0.6033,21144.93,1,860,split_learned_disk,13,1,5,992.61,52.28,52.28
108,574.00,32.19114164,119.94471959,32.00757777,119.91982676,32.00757777,119.91982676,0.6033,20568.42,1,501,split_learned_disk,13,1,-1,4520.79,178.74,178.74
109,580.00,32.20776187,119.92720809,31.98849737,119.91982729,31.98849737,119.91982729,0.6967,24418.42,1,699,split_learned_disk,17,1,5,1932.45,69.20,69.20
110,587.00,32.20776187,119.92720809,31.96623689,119.91982791,32.20776187,119.92720809,0.6967,26895.55,1,699,split_learned_disk,17,1,4,1838.76,110.22,110.22
111,594.00,32.18607846,119.92272638,32.20776187,119.92720809,32.18609847,119.92273051,0.7200,2450.44,0,445,split_learned_disk,18,1,5,3830.54,132.12,132.12
112,599.00,32.25135772,119.90983477,32.18406975,119.92231120,32.18406975,119.92231120,0.6733,7582.13,1,1267,split_learned_disk,16,1,4,3585.02,113.16,113.16
113,605.00,32.22063274,119.91116617,32.18163527,119.92180802,32.18163527,119.92180802,0.6733,4455.43,1,876,split_learned_disk,16,1,-1,764.67,764.67,764.67
114,611.00,32.21232558,119.95172331,32.17920080,119.92130484,32.21170984,119.95115788,0.7667,4669.81,0,780,split_learned_disk,20,1,-1,3047.78,890.54,890.54
115,617.00,32.18707630,119.95201495,32.22160492,119.96197692,32.22160492,119.96197692,0.6033,3956.61,1,458,split_learned_disk,13,1,-1,4484.36,445.99,445.99
116,623.00,32.25264524,119.91785858,32.23150000,119.97279597,32.23150000,119.97279597,0.6500,5685.07,1,1271,split_learned_disk,15,1,-1,3943.70,257.73,257.73
117,629.00,32.24475061,119.94283727,32.24139508,119.98361501,32.24465101,119.94404772,0.7200,3859.20,0,1190,split_learned_disk,18,1,-1,3914.03,3358.18,3358.18
118,634.00,32.25341184,119.91032929,32.25390636,119.94079635,32.25390636,119.94079635,0.6267,2870.39,1,1290,split_learned_disk,14,1,5,4443.76,42.78,42.78
119,640.00,32.18886219,119.93195478,32.26501278,119.93689471,32.26501278,119.93689471,0.6267,8489.85,1,472,split_learned_disk,14,1,-1,2928.64,171.77,171.77
120,646.00,32.22700971,119.94934647,32.27611921,119.93299307,32.27611921,119.93299307,0.6500,5679.75,1,963,split_learned_disk,15,1,4,3115.18,121.00,121.00
121,652.00,32.15894673,119.95223051,32.28722563,119.92909142,32.28722563,119.92909142,0.5100,14445.39,1,113,split_learned_disk,9,1,-1,6385.85,156.45,156.45
122,658.00,32.25264524,119.91785858,32.29833205,119.92518978,32.29833205,119.92518978,0.6500,5132.52,1,1271,split_learned_disk,15,1,9,4613.11,121.04,121.04
123,664.00,32.16748512,119.94618347,32.30943848,119.92128814,32.30943848,119.92128814,0.6733,15975.30,1,203,split_learned_disk,16,1,-1,5303.57,1143.74,1143.74
124,670.00,32.25326163,119.94617079,32.32054490,119.91738650,32.32054490,119.91738650,0.6267,7965.62,1,1307,split_learned_disk,14,1,-1,5560.64,2612.65,2612.65
125,676.00,32.20858212,119.91860669,32.33165132,119.91348486,32.33165132,119.91348486,0.6733,13708.56,1,719,split_learned_disk,16,1,7,253.27,67.26,67.26
126,681.00,32.20137417,119.93124470,32.34090668,119.91023349,32.34090668,119.91023349,0.6967,15658.34,1,633,split_learned_disk,17,1,-1,1130.53,155.01,155.01
127,688.00,32.20491377,119.92084406,32.35386417,119.90568158,32.20491377,119.92084406,0.5333,16642.56,1,674,split_learned_disk,10,1,1,45.44,45.44,45.44
128,693.00,32.24056725,119.94648779,32.20491377,119.92084406,32.24052900,119.94646028,0.8133,4646.21,0,1146,split_learned_disk,22,1,3,4669.10,128.55,128.55
129,700.00,32.20003891,119.93687330,32.24579671,119.95024907,32.20454461,119.93819039,0.7900,5247.27,0,612,split_learned_disk,21,1,-1,1361.31,814.75,814.75
130,706.00,32.18886219,119.93195478,32.17818804,119.93241360,32.17818804,119.93241360,0.6267,1189.03,1,472,split_learned_disk,14,1,-1,1762.10,162.16,162.16
131,713.00,32.22061128,119.92605422,32.14743871,119.92567402,32.14743871,119.92567402,0.6267,8145.65,1,883,split_learned_disk,14,1,7,2210.41,109.24,109.24
132,719.00,32.22061128,119.92605422,32.12108214,119.91989723,32.12108214,119.91989723,0.6267,11094.75,1,883,split_learned_disk,14,1,-1,2320.80,767.38,767.38
133,726.00,32.20776187,119.92720809,32.09033281,119.91315765,32.09033281,119.91315765,0.6967,13139.03,1,699,split_learned_disk,17,1,4,837.28,14.13,14.13
134,733.00,32.20776187,119.92720809,32.05958348,119.90641806,32.05958348,119.90641806,0.6967,16611.06,1,699,split_learned_disk,17,1,2,945.84,74.95,74.95
135,739.00,32.17612489,119.94537195,32.03322691,119.90064127,32.17552576,119.94518441,0.8133,16455.96,0,318,split_learned_disk,22,1,-1,3226.90,1208.04,1208.04
136,746.00,32.19032620,119.94812919,32.17683487,119.94847992,32.18879003,119.94816913,0.9533,1502.22,0,503,split_learned_disk,28,1,-1,2487.03,573.76,573.76
137,753.00,32.19032620,119.94812919,32.19981173,119.95121215,32.19159577,119.94854182,0.9533,1095.13,0,503,split_learned_disk,28,1,-1,2459.67,679.02,679.02
138,759.00,32.21701803,119.95241371,32.19580572,119.94944794,32.19580572,119.94944794,0.6033,2377.82,1,850,split_learned_disk,13,1,-1,3722.17,752.00,752.00
139,765.00,32.18831499,119.95319987,32.20001566,119.95035406,32.20001566,119.95035406,0.6033,1329.82,1,482,split_learned_disk,13,1,5,2754.09,124.63,124.63
140,772.00,32.21716824,119.93314670,32.20492726,119.95141119,32.20492726,119.95141119,0.5333,2194.71,1,840,split_learned_disk,10,1,8,2869.28,98.95,98.95
141,779.00,32.18607846,119.92272638,32.20983885,119.95246833,32.18641604,119.92314893,0.7200,3852.90,0,445,split_learned_disk,18,1,4,516.03,138.72,138.72
142,786.00,32.18607846,119.92272638,32.18369819,119.91465595,32.18569638,119.92143090,0.7200,805.05,0,445,split_learned_disk,18,1,8,407.25,102.82,102.82
143,793.00,32.18885146,119.92416490,32.18446171,119.91796669,32.18446171,119.91796669,0.6967,761.36,1,469,split_learned_disk,17,1,1,95.65,95.65,95.65
144,800.00,32.19353319,119.93127706,32.18322703,119.91450248,32.18322703,119.91450248,0.6033,1952.68,1,540,split_learned_disk,13,1,-1,739.20,465.38,465.38
145,807.00,32.25234482,119.92045098,32.18199236,119.91103827,32.25079284,119.92024333,0.7433,7881.66,0,1272,split_learned_disk,19,1,-1,7138.11,567.10,567.10
146,813.00,32.18612138,119.92542022,32.27176516,119.92022156,32.27176516,119.92022156,0.5333,9546.43,1,446,split_learned_disk,10,1,1,39.62,39.62,39.62
147,820.00,32.24773228,119.92989494,32.29623286,119.92019616,32.29623286,119.92019616,0.6033,5475.83,1,1230,split_learned_disk,13,1,6,6957.11,99.19,99.19
148,826.00,32.25314953,119.94052383,32.31720517,119.92017440,32.31720517,119.92017440,0.6267,7383.82,1,1281,split_learned_disk,14,1,-1,7576.21,317.55,317.55
149,833.00,32.25314953,119.94052383,32.34167288,119.92014900,32.34167288,119.92014900,0.6267,10039.57,1,1281,split_learned_disk,14,1,-1,7674.89,288.25,288.25
150,840.00,32.25314953,119.94052383,32.36614058,119.92012360,32.36614058,119.92012360,0.6267,12724.10,1,1281,split_learned_disk,14,1,-1,7784.59,1334.45,1334.45
151,846.00,32.22838788,119.90863717,32.38711289,119.92010183,32.38711289,119.92010183,0.5567,17702.24,1,967,split_learned_disk,11,1,2,5451.33,87.12,87.12
152,853.00,32.22878487,119.91057021,32.41158060,119.92007644,32.41158060,119.92007644,0.6267,20368.51,1,968,split_learned_disk,14,1,3,5526.12,97.58,97.58
153,860.00,32.24013326,119.92881146,32.43604830,119.92005104,32.43604830,119.92005104,0.5800,21824.87,1,1114,split_learned_disk,12,1,-1,6606.83,632.89,632.89
154,866.00,32.15625475,119.92860858,32.45702061,119.92002927,32.15662423,119.92859804,1.0000,33491.01,0,56,split_learned_disk,39,1,4,2481.96,84.32,84.32
155,873.00,32.21429387,119.93302558,32.13343824,119.92993196,32.13343824,119.92993196,0.5333,9005.56,1,795,split_learned_disk,10,1,-1,4076.88,611.56,611.56
156,880.00,32.23578896,119.90679288,32.11025224,119.93126587,32.11025224,119.93126587,0.6267,14163.61,1,1058,split_learned_disk,14,1,3,6823.19,73.20,73.20
157,886.00,32.17824340,119.93421750,32.09037853,119.93240923,32.09037853,119.93240923,0.5567,9782.60,1,335,split_learned_disk,11,1,-1,578.51,277.10,277.10
158,893.00,32.19167219,119.93063038,32.06719254,119.93374315,32.19063089,119.93065642,0.7200,13860.18,0,517,split_learned_disk,18,1,10,1956.32,134.68,134.68
159,899.00,32.19128593,119.92903970,32.20225545,119.93101212,32.20225545,119.93101212,0.5800,1235.18,1,516,split_learned_disk,12,1,7,2064.91,97.61,97.61
160,905.00,32.17616781,119.93146026,32.21388001,119.93136783,32.21388001,119.93136783,0.6733,4198.13,1,311,split_learned_disk,16,1,-1,496.78,496.78,496.78
161,911.00,32.22791579,119.91256665,32.22550457,119.93172353,32.22785675,119.91303574,0.8367,1824.35,0,969,split_learned_disk,23,1,-1,6456.74,889.31,889.31
162,917.00,32.17077794,119.93146026,32.24035597,119.90644234,32.24035597,119.90644234,0.6733,8095.99,1,242,split_learned_disk,16,1,4,231.76,31.84,31.84
163,924.00,32.16025572,119.92017901,32.25493840,119.89875004,32.25493840,119.89875004,0.6500,10731.62,1,98,split_learned_disk,15,1,4,1467.14,102.76,102.76
164,930.00,32.15613673,119.91986201,32.26743762,119.89215665,32.15903838,119.91913972,0.7433,12661.88,0,52,split_learned_disk,19,1,-1,1694.77,211.45,211.45
165,936.00,32.17149682,119.93674650,32.13314717,119.92210259,32.13314717,119.92210259,0.5333,4486.40,1,244,split_learned_disk,10,1,-1,708.34,448.21,448.21
166,943.00,32.16947488,119.92534414,32.10294075,119.92555927,32.16653388,119.92535365,1.0000,7406.61,0,216,split_learned_disk,33,1,-1,435.08,171.21,171.21
167,949.00,32.21684155,119.94174679,32.16993210,119.92822181,32.16993210,119.92822181,0.5567,5375.12,1,822,split_learned_disk,11,1,-1,5658.53,2052.84,2052.84
168,956.00,32.17963230,119.91854329,32.17389669,119.93156800,32.17389669,119.93156800,0.5333,1383.07,1,351,split_learned_disk,10,1,-1,1966.12,747.21,747.21
169,962.00,32.21014270,119.92778438,32.17729490,119.93443616,32.17729490,119.93443616,0.5800,3709.91,1,746,split_learned_disk,12,1,-1,5161.20,648.49,648.49
170,968.00,32.21014270,119.92778438,32.18069312,119.93730432,32.18069312,119.93730432,0.5800,3398.76,1,746,split_learned_disk,12,1,-1,5272.38,924.92,924.92
171,974.00,32.24350119,119.92446353,32.18409134,119.94017249,32.18409134,119.94017249,0.6500,6777.02,1,1158,split_learned_disk,15,1,-1,9008.99,1202.05,1202.05
172,980.00,32.21014270,119.92778438,32.18748955,119.94304065,32.18748955,119.94304065,0.5800,2902.48,1,746,split_learned_disk,12,1,-1,5500.06,1311.26,1311.26
173,986.00,32.23578896,119.90679288,32.19088777,119.94590881,32.19088777,119.94590881,0.6267,6209.66,1,1058,split_learned_disk,14,1,-1,8724.13,933.32,933.32
174,992.00,32.15990165,119.93985179,32.19428598,119.94877697,32.19428598,119.94877697,0.5800,3918.90,1,108,split_learned_disk,12,1,8,850.64,98.89,98.89
175,997.00,32.15893119,119.92787314,32.19711783,119.95116711,32.19711783,119.95116711,0.6500,4783.82,1,79,split_learned_disk,15,1,6,357.35,48.82,48.82
176,1003.00,32.17077794,119.93146026,32.20051605,119.95403527,32.17077794,119.93146026,0.6733,3934.58,1,242,split_learned_disk,16,1,-1,1523.48,193.10,193.10
177,1009.00,32.16164462,119.92028614,32.17077794,119.93146026,32.17077794,119.93146026,0.6733,1463.42,1,122,split_learned_disk,16,1,-1,1227.26,1136.92,1136.92
178,1052.00,32.17616781,119.93146026,32.17077794,119.93146026,32.17077794,119.93146026,0.6733,600.00,1,311,split_learned_disk,16,1,-1,2214.66,2059.69,2059.69
179,1057.00,32.17616781,119.93146026,32.17077794,119.93146026,32.17077794,119.93146026,0.6733,600.00,1,311,split_learned_disk,16,1,-1,2115.67,317.82,317.82
180,1062.00,32.24350119,119.92446353,32.17077794,119.93146026,32.17077794,119.93146026,0.6500,8122.33,1,1158,split_learned_disk,15,1,2,9435.32,45.02,45.02
181,1067.00,32.15809429,119.93315238,32.17077794,119.93146026,32.17077794,119.93146026,0.6267,1420.91,1,82,split_learned_disk,14,1,1,139.06,139.06,139.06
182,1071.00,32.16164462,119.92028614,32.17077794,119.93146026,32.17077794,119.93146026,0.6733,1463.42,1,122,split_learned_disk,16,1,-1,1248.92,247.85,247.85
183,1076.00,32.15809429,119.93315238,32.17077794,119.93146026,32.17077794,119.93146026,0.6267,1420.91,1,82,split_learned_disk,14,1,-1,358.20,358.20,358.20
184,1081.00,32.22962658,119.93617590,32.17077794,119.93146026,32.17077794,119.93146026,0.6267,6566.07,1,1003,split_learned_disk,14,1,-1,7536.95,4024.50,4024.50
185,1085.00,32.24350119,119.92446353,32.17077794,119.93146026,32.17077794,119.93146026,0.6500,8122.33,1,1158,split_learned_disk,15,1,9,8882.86,63.83,63.83
186,1090.00,32.24350119,119.92446353,32.17077794,119.93146026,32.24350119,119.92446353,0.6500,8122.33,1,1158,split_learned_disk,15,1,5,8772.18,96.14,96.14
187,1095.00,32.17077794,119.93146026,32.24350119,119.92446353,32.24350119,119.92446353,0.6733,8122.33,1,242,split_learned_disk,16,1,-1,626.82,501.01,501.01
188,1100.00,32.15999821,119.92296730,32.24350119,119.92446353,32.24350119,119.92446353,0.6033,9296.62,1,100,split_learned_disk,13,1,3,1176.95,112.78,112.78
189,1105.00,32.16164462,119.92028614,32.24350119,119.92446353,32.24350119,119.92446353,0.6733,9120.77,1,122,split_learned_disk,16,1,6,1216.48,52.44,52.44
190,1109.00,32.24787176,119.92455798,32.24350119,119.92446353,32.24350119,119.92446353,0.6733,486.61,1,1228,split_learned_disk,16,1,-1,8899.67,167.33,167.33
191,1114.00,32.15600798,119.95212907,32.24350119,119.92446353,32.24350119,119.92446353,0.6267,10082.35,1,67,split_learned_disk,14,1,-1,2262.77,253.34,253.34
192,1119.00,32.17077794,119.93146026,32.24350119,119.92446353,32.24350119,119.92446353,0.6733,8122.33,1,242,split_learned_disk,16,1,1,82.00,82.00,82.00
193,1123.00,32.17077794,119.93146026,32.24350119,119.92446353,32.24350119,119.92446353,0.6733,8122.33,1,242,split_learned_disk,16,1,1,69.23,69.23,69.23
194,1128.00,32.17077794,119.93146026,32.24350119,119.92446353,32.24350119,119.92446353,0.6733,8122.33,1,242,split_learned_disk,16,1,-1,164.13,164.13,164.13
195,1133.00,32.18363327,119.93502203,32.24350119,119.92446353,32.24350119,119.92446353,0.5567,6738.30,1,405,split_learned_disk,11,1,2,1214.21,82.02,82.02
196,1137.00,32.17616781,119.93146026,32.24350119,119.92446353,32.17616781,119.93146026,0.6733,7524.47,1,311,split_learned_disk,16,1,7,223.31,47.36,47.36
197,1142.00,32.17616781,119.93146026,32.17616781,119.93146026,32.17616781,119.93146026,0.6733,0.00,0,311,split_learned_disk,16,1,1,116.13,101.94,101.94
198,1146.00,32.17616781,119.93146026,32.17616781,119.93146026,32.17616781,119.93146026,0.6733,0.00,0,311,split_learned_disk,16,1,1,44.01,44.01,44.01
199,1151.00,32.17994346,119.91996914,32.17616781,119.93146026,32.17616781,119.93146026,0.6267,1161.15,1,352,split_learned_disk,14,1,-1,911.91,282.22,282.22
200,1155.00,32.16164462,119.92028614,32.17616781,119.93146026,32.17616781,119.93146026,0.6733,1929.16,1,122,split_learned_disk,16,1,6,2009.57,64.25,64.25
201,1160.00,32.24350119,119.92446353,32.17616781,119.93146026,32.17616781,119.93146026,0.6500,7524.47,1,1158,split_learned_disk,15,1,8,7104.54,96.52,96.52
202,1164.00,32.19128593,119.92903970,32.17616781,119.93146026,32.17616781,119.93146026,0.5800,1698.32,1,516,split_learned_disk,12,1,-1,1387.32,1387.32,1387.32
203,1169.00,32.24013326,119.92881146,32.17616781,119.93146026,32.17616781,119.93146026,0.5800,7125.00,1,1114,split_learned_disk,12,1,-1,6453.14,2109.37,2109.37
204,1173.00,32.21598320,119.91878421,32.17616781,119.93146026,32.17616781,119.93146026,0.6267,4590.26,1,811,split_learned_disk,14,1,5,3862.94,68.21,68.21
205,1178.00,32.16748512,119.94618347,32.17616781,119.93146026,32.17616781,119.93146026,0.6733,1690.45,1,203,split_learned_disk,16,1,-1,2400.45,651.83,651.83
206,1183.00,32.17759963,119.93148562,32.17616781,119.93146026,32.17616781,119.93146026,0.6033,159.41,1,334,split_learned_disk,13,1,-1,710.72,510.22,510.22
207,1188.00,32.18585906,119.92964134,32.17616781,119.93146026,32.17616781,119.93146026,0.6033,1092.35,1,425,split_learned_disk,13,1,1,35.92,35.92,35.92
208,1193.00,32.16463221,119.94658923,32.17616781,119.93146026,32.16463221,119.94658923,0.6033,1918.30,1,157,split_learned_disk,13,1,3,3033.40,120.08,120.08
209,1198.00,32.18726943,119.92829158,32.16463221,119.94658923,32.16463221,119.94658923,0.5567,3053.02,1,447,split_learned_disk,11,1,1,74.29,74.29,74.29
210,1203.00,32.17986243,119.93496562,32.16463221,119.94658923,32.16463221,119.94658923,0.5567,2018.23,1,381,split_learned_disk,11,1,5,889.34,111.12,111.12
211,1208.00,32.24773228,119.92989494,32.16463221,119.94658923,32.16463221,119.94658923,0.6033,9383.41,1,1230,split_learned_disk,13,1,-1,6572.73,890.29,890.29
212,1212.00,32.18886219,119.93195478,32.16463221,119.94658923,32.16463221,119.94658923,0.6267,3029.12,1,472,split_learned_disk,14,1,-1,350.42,180.05,180.05
213,1217.00,32.18885146,119.92416490,32.16463221,119.94658923,32.16463221,119.94658923,0.6967,3424.99,1,469,split_learned_disk,17,1,-1,299.91,161.27,161.27
214,1221.00,32.19353319,119.93127706,32.16463221,119.94658923,32.16463221,119.94658923,0.6033,3525.77,1,540,split_learned_disk,13,1,2,332.13,52.69,52.69
215,1226.00,32.19128593,119.92903970,32.16463221,119.94658923,32.16463221,119.94658923,0.5800,3396.52,1,516,split_learned_disk,12,1,1,65.79,65.79,65.79
216,1230.00,32.18885146,119.92416490,32.16463221,119.94658923,32.16463221,119.94658923,0.6967,3424.99,1,469,split_learned_disk,17,1,-1,601.47,175.11,175.11
217,1235.00,32.23636835,119.90829481,32.16463221,119.94658923,32.16463221,119.94658923,0.5567,8762.56,1,1059,split_learned_disk,11,1,-1,4852.91,199.05,199.05
218,1240.00,32.22287999,119.90810461,32.16463221,119.94658923,32.22287999,119.90810461,0.5800,7428.68,1,898,split_learned_disk,12,1,10,3444.12,85.74,85.74
219,1244.00,32.18607846,119.92272638,32.22287999,119.90810461,32.18608770,119.92272271,0.7200,4322.07,0,445,split_learned_disk,18,1,2,1133.37,129.25,129.25
220,1249.00,32.19528689,119.94535359,32.18358041,119.92371889,32.18358041,119.92371889,0.6267,2418.94,1,570,split_learned_disk,14,1,-1,1726.92,223.38,223.38
221,1254.00,32.18885146,119.92416490,32.18107313,119.92471507,32.18107313,119.92471507,0.6967,867.43,1,469,split_learned_disk,17,1,7,1122.69,139.88,139.88
222,1258.00,32.18607846,119.92272638,32.17906730,119.92551201,32.18595836,119.92277409,0.7200,823.41,0,445,split_learned_disk,18,1,7,1458.98,91.01,91.01
223,1263.00,32.20099864,119.92417758,32.18600531,119.92275544,32.18600531,119.92275544,0.6967,1674.42,1,630,split_learned_disk,17,1,1,58.57,58.57,58.57
224,1267.00,32.20099864,119.92417758,32.18604288,119.92274052,32.18604288,119.92274052,0.6967,1670.37,1,630,split_learned_disk,17,1,1,54.05,54.05,54.05
225,1272.00,32.21598320,119.91878421,32.18608983,119.92272186,32.18608983,119.92272186,0.6267,3348.34,1,811,split_learned_disk,14,1,-1,1562.70,1379.65,1379.65
226,1277.00,32.19845688,119.92686573,32.18613678,119.92270321,32.18613678,119.92270321,0.5800,1426.42,1,584,split_learned_disk,12,1,4,664.94,65.44,65.44
227,1281.00,32.20099864,119.92417758,32.18617434,119.92268829,32.18617434,119.92268829,0.6967,1656.19,1,630,split_learned_disk,17,1,3,389.98,105.44,105.44
228,1286.00,32.20099864,119.92417758,32.18622129,119.92266963,32.18622129,119.92266963,0.6967,1651.14,1,630,split_learned_disk,17,1,-1,498.23,498.23,498.23
229,1291.00,32.20099864,119.92417758,32.18626824,119.92265098,32.18626824,119.92265098,0.6967,1646.08,1,630,split_learned_disk,17,1,-1,607.59,607.59,607.59
230,1295.00,32.22063274,119.91116617,32.18630580,119.92263605,32.18630580,119.92263605,0.6733,3971.07,1,876,split_learned_disk,16,1,-1,1975.48,307.50,307.50
231,1300.00,32.20095572,119.95385923,32.18635275,119.92261740,32.20091238,119.95376650,0.7433,3361.98,0,643,split_learned_disk,19,1,3,2824.81,99.62,99.62
232,1305.00,32.24773228,119.92989494,32.20323971,119.95862653,32.20323971,119.95862653,0.6033,5644.10,1,1230,split_learned_disk,13,1,5,4319.77,78.39,78.39
233,1310.00,32.24773228,119.92989494,32.20556704,119.96348656,32.20556704,119.96348656,0.6033,5660.75,1,1230,split_learned_disk,13,1,5,4209.55,33.13,33.13
234,1315.00,32.16748512,119.94618347,32.20789437,119.96834658,32.20789437,119.96834658,0.6733,4959.19,1,203,split_learned_disk,16,1,-1,5410.42,399.74,399.74
235,1319.00,32.18886219,119.93195478,32.20975624,119.97223461,32.20975624,119.97223461,0.6267,4450.37,1,472,split_learned_disk,14,1,6,2772.63,55.72,55.72
236,1324.00,32.19526062,119.94499855,32.21208357,119.97709463,32.19542214,119.94530670,0.7200,3556.34,0,547,split_learned_disk,18,1,10,2946.75,33.19,33.19
237,1328.00,32.17424244,119.95119075,32.19404512,119.94301533,32.19404512,119.94301533,0.5567,2335.07,1,297,split_learned_disk,11,1,-1,5224.65,1207.63,1207.63
238,1333.00,32.18607846,119.92272638,32.19232384,119.94015112,32.18662934,119.92426332,0.7200,1782.51,0,445,split_learned_disk,18,1,3,3179.76,111.00,111.00
239,1337.00,32.21535016,119.92179505,32.18288928,119.91537902,32.18288928,119.91537902,0.5333,3663.74,1,812,split_learned_disk,10,1,1,141.12,127.92,127.92
240,1341.00,32.20003891,119.93687330,32.17914922,119.90649473,32.19781806,119.93364366,0.7900,3687.28,0,612,split_learned_disk,21,1,9,2381.47,91.12,91.12
241,1346.00,32.19032620,119.94812919,32.20316210,119.93710844,32.19261132,119.94616722,0.9533,1766.18,0,503,split_learned_disk,28,1,-1,3986.58,1211.35,1211.35
242,1350.00,32.18707630,119.95201495,32.19151348,119.95355229,32.19151348,119.95355229,0.6033,514.74,1,458,split_learned_disk,13,1,-1,4570.50,614.95,614.95
243,1355.00,32.19032620,119.94812919,32.19014117,119.96278364,32.19031090,119.94934085,0.9533,1380.54,0,503,split_learned_disk,28,1,-1,4219.77,1016.77,1016.77
244,1359.00,32.22063274,119.91116617,32.18928295,119.95119068,32.18928295,119.95119068,0.6733,5137.41,1,876,split_learned_disk,16,1,-1,1015.75,593.79,593.79
245,1364.00,32.22063274,119.91116617,32.18799800,119.95350297,32.18799800,119.95350297,0.6733,5394.59,1,876,split_learned_disk,16,1,-1,1025.22,253.86,253.86
246,1368.00,32.19032620,119.94812919,32.18697005,119.95535280,32.19018489,119.94843334,0.9533,776.25,0,503,split_learned_disk,28,1,-1,4534.30,922.31,922.31
247,1372.00,32.19032620,119.94812919,32.19021087,119.94801475,32.19029848,119.94810169,0.9533,16.76,0,503,split_learned_disk,28,1,-1,4624.57,2417.24,2417.24
248,1377.00,32.24350119,119.92446353,32.19039457,119.94764157,32.19039457,119.94764157,0.6500,6302.09,1,1158,split_learned_disk,15,1,4,1939.72,143.51,143.51
249,1381.00,32.24350119,119.92446353,32.19047143,119.94727348,32.19047143,119.94727348,0.6500,6282.13,1,1158,split_learned_disk,15,1,3,1829.63,79.92,79.92
250,1386.00,32.22922478,119.91979861,32.19056752,119.94681337,32.22779798,119.92079570,0.8600,4999.40,0,972,split_learned_disk,24,1,5,154.58,125.29,125.29
251,1390.00,32.22922478,119.91979861,32.23935845,119.91240255,32.23180006,119.91791904,0.8600,1325.87,0,972,split_learned_disk,24,1,1,30.02,30.02,30.02
252,1395.00,32.22635521,119.92046366,32.24101374,119.91124977,32.24101374,119.91124977,0.5333,1848.24,1,950,split_learned_disk,10,1,-1,359.43,208.14,208.14
253,1399.00,32.17171140,119.91981129,32.24838468,119.90591435,32.17874167,119.91853707,0.7900,8635.07,0,236,split_learned_disk,21,1,-1,6626.05,567.11,567.11
254,1404.00,32.22962658,119.93617590,32.15220523,119.91834746,32.15220523,119.91834746,0.6267,8780.64,1,1003,split_learned_disk,14,1,-1,1579.68,700.26,700.26
255,1409.00,32.25326163,119.94617079,32.12566880,119.91815785,32.12566880,119.91815785,0.6267,14446.66,1,1307,split_learned_disk,14,1,-1,3486.09,153.63,153.63
256,1414.00,32.25203367,119.92391829,32.09913236,119.91796823,32.09913236,119.91796823,0.5333,17030.20,1,1273,split_learned_disk,10,1,-1,2093.01,693.85,693.85
257,1418.00,32.17077794,119.93146026,32.07790322,119.91781655,32.07790322,119.91781655,0.6733,10418.39,1,242,split_learned_disk,16,1,7,7184.04,98.44,98.44
258,1423.00,32.17671501,119.94383199,32.05136678,119.91762694,32.17506900,119.94348788,0.7433,14170.41,0,317,split_learned_disk,19,1,3,7019.59,73.65,73.65
259,1428.00,32.23709203,119.91879121,32.17993297,119.94986277,32.17993297,119.94986277,0.5333,7003.80,1,1086,split_learned_disk,10,1,3,176.61,135.46,135.46
260,1432.00,32.15530576,119.95394799,32.18382415,119.95496269,32.18382415,119.95496269,0.5800,3176.11,1,45,split_learned_disk,12,1,2,9757.60,132.23,132.23
261,1437.00,32.22922478,119.91979861,32.18868812,119.96133758,32.22785377,119.92120352,0.8600,5972.68,0,972,split_learned_disk,24,1,2,1117.24,101.89,101.89
262,1441.00,32.24021318,119.91550141,32.24381812,119.91393174,32.24381812,119.91393174,0.5100,427.67,1,1131,split_learned_disk,9,1,4,300.30,41.44,41.44
263,1446.00,32.20848556,119.94619047,32.26377357,119.90484201,32.26377357,119.90484201,0.5800,7283.52,1,731,split_learned_disk,12,1,5,4360.22,81.31,81.31
264,1450.00,32.24628973,119.91569161,32.27973793,119.89757022,32.27973793,119.89757022,0.5800,4096.07,1,1200,split_learned_disk,12,1,-1,609.01,228.19,228.19
265,1455.00,32.22922478,119.91979861,32.29969338,119.88848049,32.23072546,119.91913167,0.8600,8380.92,0,972,split_learned_disk,24,1,10,1560.76,82.58,82.58
266,1460.00,32.22922478,119.91979861,32.22852279,119.91988959,32.22908280,119.91981701,0.8600,78.61,0,972,split_learned_disk,24,1,-1,1670.67,159.38,159.38
267,1465.00,32.24521198,119.91816989,32.22724971,119.92052704,32.22724971,119.92052704,0.6733,2011.85,1,1178,split_learned_disk,16,1,1,67.80,67.80,67.80
268,1470.00,32.24521198,119.91816989,32.22541663,119.92123706,32.22541663,119.92123706,0.6733,2222.48,1,1178,split_learned_disk,16,1,1,92.60,92.60,92.60
269,1511.00,32.15600798,119.95212907,32.21038534,119.92705925,32.21038534,119.92705925,0.6267,6497.60,1,67,split_learned_disk,14,1,-1,10364.93,2129.35,2129.35
270,1518.00,32.22878487,119.91057021,32.20781902,119.92805329,32.20781902,119.92805329,0.6267,2856.44,1,968,split_learned_disk,14,1,-1,1996.85,709.75,709.75
271,1524.00,32.15809429,119.93315238,32.20561932,119.92890532,32.20561932,119.92890532,0.6267,5305.59,1,82,split_learned_disk,14,1,-1,9605.29,1185.83,1185.83
272,1531.00,32.24232096,119.91802342,32.20305300,119.92989935,32.20305300,119.92989935,0.5567,4512.18,1,1156,split_learned_disk,11,1,1,27.06,27.06,27.06
273,1538.00,32.15809429,119.93315238,32.20048668,119.93089338,32.20048668,119.93089338,0.6267,4723.92,1,82,split_learned_disk,14,1,6,9382.69,123.91,123.91
274,1545.00,32.22922478,119.91979861,32.19792036,119.93188741,32.22920129,119.91980768,0.8600,3666.14,0,972,split_learned_disk,24,1,5,1388.96,121.59,121.59
275,1552.00,32.23709203,119.91879121,32.22987236,119.91955153,32.22987236,119.91955153,0.5333,806.88,1,1086,split_learned_disk,10,1,10,420.62,140.57,140.57
276,1558.00,32.15530576,119.95394799,32.23044757,119.91933198,32.23044757,119.91933198,0.5800,8977.84,1,45,split_learned_disk,12,1,-1,9854.60,358.70,358.70
277,1563.00,32.23709203,119.91879121,32.23092691,119.91914902,32.23092691,119.91914902,0.5333,687.13,1,1086,split_learned_disk,10,1,8,324.33,93.80,93.80
278,1570.00,32.15374518,119.92399437,32.23159798,119.91889287,32.23159798,119.91889287,0.6967,8679.89,1,8,split_learned_disk,17,1,-1,9340.28,255.46,255.46
279,1576.00,32.22153401,119.93987146,32.23217319,119.91867331,32.23217319,119.91867331,0.5800,2321.59,1,889,split_learned_disk,12,1,3,2279.71,40.98,40.98
280,1582.00,32.16093167,119.92922290,32.23274839,119.91845376,32.23274839,119.91845376,0.5567,8058.74,1,103,split_learned_disk,11,1,-1,8363.88,421.08,421.08
281,1589.00,32.19656369,119.93459790,32.23341947,119.91819761,32.23341947,119.91819761,0.5800,4383.99,1,565,split_learned_disk,12,1,-1,4379.08,1598.86,1598.86
282,1595.00,32.15787971,119.94776847,32.23399467,119.91797805,32.23399467,119.91797805,0.5567,8925.70,1,88,split_learned_disk,11,1,-1,8640.08,1197.69,1197.69
283,1602.00,32.19032620,119.94812919,32.23466575,119.91772191,32.19036748,119.94810088,0.9533,5706.73,0,503,split_learned_disk,28,1,-1,5225.04,1488.50,1488.50
284,1608.00,32.19032620,119.94812919,32.18517102,119.95183944,32.18969749,119.94858168,0.9533,671.92,0,503,split_learned_disk,28,1,-1,5127.46,1378.03,1378.03
285,1615.00,32.19032620,119.94812919,32.18804893,119.94976654,32.19004937,119.94832823,0.9533,296.74,0,503,split_learned_disk,28,1,-1,5030.46,711.80,711.80
286,1621.00,32.15603536,119.93871758,32.18992697,119.94841585,32.18992697,119.94841585,0.6500,3881.84,1,38,split_learned_disk,15,1,7,8403.50,129.52,129.52
287,1628.00,32.20858212,119.91860669,32.18978416,119.94851808,32.18978416,119.94851808,0.6733,3509.61,1,719,split_learned_disk,16,1,-1,2196.13,958.83,958.83
288,1635.00,32.18476466,119.92363934,32.18964136,119.94862030,32.18964136,119.94862030,0.6033,2414.91,1,422,split_learned_disk,13,1,9,4647.51,47.61,47.61
289,1641.00,32.22878487,119.91057021,32.18951896,119.94870793,32.18951896,119.94870793,0.6267,5657.89,1,968,split_learned_disk,14,1,10,1231.67,63.89,63.89
290,1648.00,32.19128593,119.92903970,32.18937615,119.94881015,32.18937615,119.94881015,0.5800,1874.39,1,516,split_learned_disk,12,1,-1,3646.53,1452.36,1452.36
291,1654.00,32.18885146,119.92416490,32.18925375,119.94889777,32.18925375,119.94889777,0.6967,2330.16,1,469,split_learned_disk,17,1,-1,3918.50,2428.93,2428.93
292,1661.00,32.18476466,119.92363934,32.18911095,119.94900000,32.18911095,119.94900000,0.6033,2437.37,1,422,split_learned_disk,13,1,-1,4214.48,1703.93,1703.93
293,1667.00,32.18607846,119.92272638,32.18898855,119.94908762,32.18608565,119.92279148,0.7200,2504.16,0,445,split_learned_disk,18,1,3,3903.25,144.79,144.79
294,1673.00,32.25264524,119.91785858,32.18551301,119.91880056,32.18551301,119.91880056,0.6500,7473.69,1,1271,split_learned_disk,15,1,2,3445.36,103.14,103.14
295,1679.00,32.24475061,119.94283727,32.18494036,119.91480964,32.24187451,119.94148950,0.7200,7162.40,0,1190,split_learned_disk,18,1,-1,3209.51,3160.84,3160.84
296,1685.00,32.25341184,119.91032929,32.26989411,119.95089716,32.26989411,119.95089716,0.6267,4238.98,1,1290,split_learned_disk,14,1,-1,4045.56,576.35,576.35
297,1691.00,32.18372983,119.92563578,32.29791371,119.96030482,32.29791371,119.96030482,0.6267,13123.75,1,400,split_learned_disk,14,1,-1,3856.77,199.71,199.71
298,1697.00,32.18885146,119.92416490,32.32593332,119.96971249,32.32593332,119.96971249,0.6967,15851.61,1,469,split_learned_disk,17,1,-1,3145.45,199.09,199.09
299,1703.00,32.24109299,119.92448190,32.35395292,119.97912015,32.35395292,119.97912015,0.6267,13576.88,1,1136,split_learned_disk,14,1,-1,2754.76,870.59,870.59
300,1709.00,32.18607846,119.92272638,32.38197252,119.98852781,32.18785788,119.92332409,0.7200,22670.68,0,445,split_learned_disk,18,1,-1,3139.77,503.87,503.87
301,1715.00,32.24350119,119.92446353,32.16781125,119.91658615,32.16781125,119.91658615,0.6500,8458.41,1,1158,split_learned_disk,15,1,-1,3183.15,2584.49,2584.49
302,1721.00,32.24350119,119.92446353,32.14776461,119.90984822,32.14776461,119.90984822,0.6500,10745.95,1,1158,split_learned_disk,15,1,-1,3301.09,331.62,331.62
303,1728.00,32.22249373,119.94246955,32.12437687,119.90198729,32.12437687,119.90198729,0.6033,11568.88,1,914,split_learned_disk,13,1,-1,1932.17,217.55,217.55
304,1734.00,32.24109299,119.92448190,32.10433024,119.89524936,32.10433024,119.89524936,0.6267,15471.44,1,1136,split_learned_disk,14,1,-1,3312.46,310.47,310.47
305,1741.00,32.24109299,119.92448190,32.08094250,119.88738844,32.08094250,119.88738844,0.6267,18167.12,1,1136,split_learned_disk,14,1,3,3412.61,114.91,114.91
306,1746.00,32.22249373,119.94246955,32.06423697,119.88177349,32.06423697,119.88177349,0.6033,18521.64,1,914,split_learned_disk,13,1,-1,2082.28,1282.72,1282.72
307,1752.00,32.24027275,119.92727149,32.04419034,119.87503555,32.04419034,119.87503555,0.6500,22375.59,1,1113,split_learned_disk,15,1,8,3438.88,39.67,39.67
308,1758.00,32.20767604,119.91354869,32.02414371,119.86829762,32.02414371,119.86829762,0.6733,20870.72,1,694,split_learned_disk,16,1,-1,1181.12,454.95,454.95
309,1764.00,32.18607846,119.92272638,32.00409707,119.86155968,32.18576173,119.92261992,0.7200,21061.57,0,445,split_learned_disk,18,1,10,2176.59,144.59,144.59
310,1770.00,32.16748512,119.94618347,32.19172096,119.92462294,32.19172096,119.92462294,0.6733,3376.90,1,203,split_learned_disk,16,1,-1,4606.69,1443.12,1443.12
311,1776.00,32.25135772,119.90983477,32.19768018,119.92662597,32.19768018,119.92662597,0.6733,6181.17,1,1267,split_learned_disk,16,1,-1,5538.51,347.52,347.52
312,1782.00,32.17378107,119.91493081,32.20363940,119.92862899,32.20363940,119.92862899,0.6967,3565.49,1,280,split_learned_disk,17,1,5,3463.22,76.80,76.80
313,1788.00,32.16463221,119.94658923,32.20959862,119.93063202,32.20959862,119.93063202,0.6033,5226.47,1,157,split_learned_disk,13,1,4,4641.84,117.30,117.30
314,1795.00,32.18607846,119.92272638,32.21655105,119.93296888,32.18625026,119.92278412,0.7200,3526.74,0,445,split_learned_disk,18,1,-1,1666.56,215.42,215.42
315,1801.00,32.18607846,119.92272638,32.18534599,119.92248018,32.18594589,119.92268182,0.7200,84.77,0,445,split_learned_disk,18,1,-1,1560.16,1373.69,1373.69
316,1808.00,32.19667580,119.93102346,32.18539581,119.92249692,32.19512009,119.92984750,0.7900,1490.58,0,586,split_learned_disk,21,1,4,177.93,40.36,40.36
317,1816.00,32.19667580,119.93102346,32.20261510,119.93577687,32.19747572,119.93166366,0.7900,798.51,0,586,split_learned_disk,21,1,1,71.22,71.22,71.22
318,1823.00,32.25314953,119.94052383,32.20067551,119.93416407,32.20067551,119.93416407,0.6267,5872.05,1,1281,split_learned_disk,14,1,-1,6123.97,588.15,588.15
319,1829.00,32.18607846,119.92272638,32.20341819,119.93630728,32.18726636,119.92365677,0.7200,2315.69,0,445,split_learned_disk,18,1,5,1195.88,61.14,61.14
320,1836.00,32.19353319,119.93127706,32.18184883,119.91940788,32.18184883,119.91940788,0.6033,1715.17,1,540,split_learned_disk,13,1,1,144.46,144.46,144.46
321,1842.00,32.18859396,119.92064118,32.17720522,119.91576597,32.17720522,119.91576597,0.6267,1348.40,1,467,split_learned_disk,14,1,2,1067.81,69.11,69.11
322,1849.00,32.18886219,119.93195478,32.17178769,119.91151708,32.17178769,119.91151708,0.6267,2705.36,1,472,split_learned_disk,14,1,-1,536.23,536.23,536.23
323,1855.00,32.19167219,119.93063038,32.16714409,119.90787518,32.19133112,119.93031396,0.7200,3471.28,0,517,split_learned_disk,18,1,1,62.84,62.84,62.84
324,1862.00,32.18929137,119.91893637,32.19374416,119.93332965,32.19374416,119.93332965,0.5800,1443.55,1,466,split_learned_disk,12,1,7,1102.82,114.23,114.23
325,1868.00,32.16748512,119.94618347,32.19581248,119.93591452,32.19581248,119.93591452,0.6733,3298.42,1,203,split_learned_disk,16,1,-1,3016.70,205.19,205.19
326,1874.00,32.22061128,119.92605422,32.19788079,119.93849939,32.19788079,119.93849939,0.6267,2788.72,1,883,split_learned_disk,14,1,-1,3559.65,451.27,451.27
327,1880.00,32.18886219,119.93195478,32.19994911,119.94108426,32.19994911,119.94108426,0.6267,1504.25,1,472,split_learned_disk,14,1,1,51.17,51.17,51.17
328,1887.00,32.19413404,119.93358350,32.20236215,119.94409995,32.20236215,119.94409995,0.6033,1349.17,1,542,split_learned_disk,13,1,-1,777.56,341.27,341.27
329,1893.00,32.18859396,119.92064118,32.20443046,119.94668482,32.20443046,119.94668482,0.6267,3020.94,1,467,split_learned_disk,14,1,-1,988.73,156.31,156.31
330,1899.00,32.18363327,119.93502203,32.20649878,119.94926969,32.20649878,119.94926969,0.5567,2877.53,1,405,split_learned_disk,11,1,4,423.04,63.99,63.99
331,1906.00,32.17239217,119.93299454,32.20891182,119.95228537,32.20891182,119.95228537,0.5333,4452.99,1,265,split_learned_disk,10,1,4,1328.51,88.52,88.52
332,1912.00,32.24773228,119.92989494,32.21098014,119.95487025,32.21098014,119.95487025,0.6033,4719.41,1,1230,split_learned_disk,13,1,-1,7177.03,689.41,689.41
333,1919.00,32.18350451,119.93308898,32.21339317,119.95788593,32.18350451,119.93308898,0.6033,4065.23,1,404,split_learned_disk,13,1,6,171.17,126.68,126.68
334,1926.00,32.16648248,119.94916895,32.18350451,119.93308898,32.18350451,119.93308898,0.5800,2425.86,1,181,split_learned_disk,12,1,-1,2378.42,996.59,996.59
335,1933.00,32.18707630,119.95201495,32.18350451,119.93308898,32.18350451,119.93308898,0.6033,1826.55,1,458,split_learned_disk,13,1,-1,1799.50,708.40,708.40
336,1939.00,32.17616781,119.93146026,32.18350451,119.93308898,32.18350451,119.93308898,0.6733,831.01,1,311,split_learned_disk,16,1,4,408.67,57.81,57.81
337,1946.00,32.23944658,119.90580385,32.18350451,119.93308898,32.18350451,119.93308898,0.5800,6736.99,1,1104,split_learned_disk,12,1,-1,7194.44,1474.66,1474.66
338,1953.00,32.17616781,119.93146026,32.18350451,119.93308898,32.18350451,119.93308898,0.6733,831.01,1,311,split_learned_disk,16,1,-1,215.53,215.53,215.53
339,1960.00,32.17759963,119.93148562,32.18350451,119.93308898,32.18350451,119.93308898,0.6033,674.46,1,334,split_learned_disk,13,1,3,202.11,80.81,80.81
340,1967.00,32.18707630,119.95201495,32.18350451,119.93308898,32.18350451,119.93308898,0.6033,1826.55,1,458,split_learned_disk,13,1,-1,2000.92,281.27,281.27
341,1974.00,32.25321871,119.91901245,32.18350451,119.93308898,32.18350451,119.93308898,0.5567,7873.04,1,1294,split_learned_disk,11,1,8,8880.79,53.66,53.66
342,1981.00,32.24350119,119.92446353,32.18350451,119.93308898,32.18350451,119.93308898,0.6500,6728.07,1,1158,split_learned_disk,15,1,5,7744.76,84.39,84.39
343,1987.00,32.24350119,119.92446353,32.18350451,119.93308898,32.24350119,119.92446353,0.6500,6728.07,1,1158,split_learned_disk,15,1,-1,7855.09,1158.70,1158.70
344,1994.00,32.15893119,119.92787314,32.24350119,119.92446353,32.24350119,119.92446353,0.6500,9419.81,1,79,split_learned_disk,15,1,3,1632.96,104.96,104.96
345,2000.00,32.24350119,119.92446353,32.24350119,119.92446353,32.24350119,119.92446353,0.6500,0.00,0,1158,split_learned_disk,15,1,-1,8077.46,1202.76,1202.76
346,2006.00,32.21513557,119.92894394,32.24350119,119.92446353,32.24350119,119.92446353,0.6033,3185.74,1,816,split_learned_disk,13,1,8,5136.64,112.86,112.86
347,2012.00,32.20137417,119.93124470,32.24350119,119.92446353,32.24350119,119.92446353,0.6967,4732.88,1,633,split_learned_disk,17,1,9,3635.51,69.56,69.56
348,2019.00,32.24350119,119.92446353,32.24350119,119.92446353,32.24350119,119.92446353,0.6500,0.00,0,1158,split_learned_disk,15,1,8,8408.25,147.40,147.40
349,2025.00,32.15625475,119.92860858,32.24350119,119.92446353,32.16923087,119.92799209,1.0000,9720.12,0,56,split_learned_disk,39,1,6,1422.68,50.96,50.96
350,2032.00,32.17665064,119.92366470,32.11267474,119.93067904,32.11267474,119.93067904,0.6733,7152.38,1,307,split_learned_disk,16,1,10,1684.97,53.53,53.53
351,2039.00,32.21014270,119.92778438,32.05611862,119.93336600,32.05611862,119.93336600,0.5800,17154.02,1,746,split_learned_disk,12,1,-1,5132.63,466.28,466.28
352,2046.00,32.15999821,119.92296730,31.99956249,119.93605296,31.99956249,119.93605296,0.6033,17902.19,1,100,split_learned_disk,13,1,-1,1302.20,490.38,490.38
353,2052.00,32.15600798,119.95212907,31.95108581,119.93835607,31.95108581,119.93835607,0.6267,22848.80,1,67,split_learned_disk,14,1,-1,1551.19,1203.56,1203.56
354,2059.00,32.16922810,119.93694239,31.89452969,119.94104302,31.89452969,119.94104302,0.5800,30581.87,1,222,split_learned_disk,12,1,10,792.16,79.05,79.05
355,2066.00,32.22249373,119.94246955,31.83797356,119.94372998,31.83797356,119.94372998,0.6033,42804.95,1,914,split_learned_disk,13,1,9,6916.16,126.63,126.63
356,2073.00,32.20858212,119.91860669,31.78141743,119.94641694,31.78141743,119.94641694,0.6733,47624.07,1,719,split_learned_disk,16,1,-1,5678.28,504.92,504.92
357,2080.00,32.24350119,119.92446353,31.72486131,119.94910389,31.72486131,119.94910389,0.6500,57781.63,1,1158,split_learned_disk,15,1,-1,9415.50,493.03,493.03
358,2087.00,32.22249373,119.94246955,31.66830518,119.95179085,31.66830518,119.95179085,0.6033,61698.52,1,914,split_learned_disk,13,1,-1,7249.36,386.15,386.15
359,2094.00,32.16947488,119.92534414,31.61174906,119.95447781,32.16900330,119.92536877,1.0000,62146.66,0,216,split_learned_disk,33,1,-1,1804.88,1154.16,1154.16
360,2137.00,32.15374518,119.92399437,32.29419943,119.91718673,32.29419943,119.91718673,0.6967,15648.51,1,8,split_learned_disk,17,1,-1,1770.56,317.67,317.67
361,2141.00,32.25341184,119.91032929,32.30584558,119.91642561,32.30584558,119.91642561,0.6267,5865.10,1,1290,split_learned_disk,14,1,-1,10954.11,395.75,395.75
362,2146.00,32.15999821,119.92296730,32.32040327,119.91547421,32.32040327,119.91547421,0.6033,17870.23,1,100,split_learned_disk,13,1,3,1606.29,77.85,77.85
363,2151.00,32.15999821,119.92296730,32.33496096,119.91452281,32.33496096,119.91452281,0.6033,19493.09,1,100,split_learned_disk,13,1,2,1604.76,33.88,33.88
364,2155.00,32.24109299,119.92448190,32.34660711,119.91376169,32.34660711,119.91376169,0.6267,11789.16,1,1136,split_learned_disk,14,1,2,8965.76,55.26,55.26
365,2160.00,32.15600798,119.95212907,32.36116480,119.91281029,32.36116480,119.91281029,0.6267,23136.42,1,67,split_learned_disk,14,1,-1,1192.41,242.75,242.75
366,2165.00,32.22153401,119.93987146,32.37572249,119.91185889,32.37572249,119.91185889,0.5800,17365.90,1,889,split_learned_disk,12,1,-1,6433.39,446.27,446.27
367,2169.00,32.22794798,119.93556726,32.38736864,119.91109777,32.38736864,119.91109777,0.5800,17895.76,1,980,split_learned_disk,12,1,3,7139.00,129.37,129.37
368,2174.00,32.15970852,119.93312134,32.40192633,119.91014637,32.40192633,119.91014637,0.6500,27050.40,1,104,split_learned_disk,15,1,7,916.36,112.18,112.18
369,2178.00,32.15893119,119.92787314,32.41357248,119.90938525,32.15893119,119.92787314,0.6500,28400.11,1,79,split_learned_disk,15,1,7,1423.15,142.53,142.53
370,2182.00,32.24787176,119.92455798,32.15893119,119.92787314,32.15893119,119.92787314,0.6733,9905.79,1,1228,split_learned_disk,16,1,-1,9080.09,398.62,398.62
371,2187.00,32.17418879,119.93428659,32.15893119,119.92787314,32.15893119,119.92787314,0.5100,1802.71,1,290,split_learned_disk,9,1,-1,720.14,287.42,287.42
372,2191.00,32.24787176,119.92455798,32.15893119,119.92787314,32.15893119,119.92787314,0.6733,9905.79,1,1228,split_learned_disk,16,1,3,8859.51,29.14,29.14
373,2195.00,32.22262249,119.93856542,32.15893119,119.92787314,32.15893119,119.92787314,0.5333,7161.29,1,912,split_learned_disk,10,1,5,5875.49,77.15,77.15
374,2200.00,32.24350119,119.92446353,32.15893119,119.92787314,32.15893119,119.92787314,0.6500,9419.81,1,1158,split_learned_disk,15,1,-1,8089.05,164.93,164.93
375,2204.00,32.16924956,119.94327407,32.15893119,119.92787314,32.15893119,119.92787314,0.5800,1850.38,1,225,split_learned_disk,12,1,7,761.88,94.36,94.36
376,2209.00,32.17595322,119.93705082,32.15893119,119.92787314,32.15893119,119.92787314,0.6967,2082.78,1,313,split_learned_disk,17,1,10,362.59,97.64,97.64
377,2213.00,32.17595322,119.93705082,32.15893119,119.92787314,32.15893119,119.92787314,0.6967,2082.78,1,313,split_learned_disk,17,1,8,260.44,83.81,83.81
378,2218.00,32.20043590,119.92272069,32.15893119,119.92787314,32.20042554,119.92272198,0.7667,4645.73,0,605,split_learned_disk,20,1,-1,3115.80,1449.56,1449.56
379,2222.00,32.17595322,119.93705082,32.20252672,119.92246114,32.20252672,119.92246114,0.6967,3261.81,1,313,split_learned_disk,17,1,1,122.05,122.05,122.05
380,2227.00,32.17851644,119.93424286,32.20515319,119.92213508,32.20515319,119.92213508,0.5100,3176.97,1,358,split_learned_disk,9,1,3,382.47,110.86,110.86
381,2231.00,32.17489693,119.95317451,32.20725437,119.92187424,32.20725437,119.92187424,0.6033,4654.82,1,298,split_learned_disk,13,1,5,1623.44,27.91,27.91
382,2236.00,32.20028569,119.91827133,32.20988084,119.92154819,32.20988084,119.92154819,0.6267,1111.84,1,603,split_learned_disk,14,1,5,2925.77,89.11,89.11
383,2240.00,32.24982933,119.91022785,32.21198202,119.92128734,32.21198202,119.92128734,0.5567,4340.05,1,1244,split_learned_disk,11,1,-1,8143.65,2170.47,2170.47
384,2245.00,32.18890511,119.93589694,32.21460849,119.92096129,32.21460849,119.92096129,0.5100,3188.47,1,474,split_learned_disk,9,1,4,862.52,67.95,67.95
385,2249.00,32.16748512,119.94618347,32.21670967,119.92070045,32.21670967,119.92070045,0.6733,5982.37,1,203,split_learned_disk,16,1,7,1964.07,82.80,82.80
386,2254.00,32.18712995,119.93247466,32.21933614,119.92037439,32.21933614,119.92037439,0.6500,3762.01,1,449,split_learned_disk,15,1,-1,560.53,560.53,560.53
387,2258.00,32.20858212,119.91860669,32.22143732,119.92011355,32.22143732,119.92011355,0.6733,1438.06,1,719,split_learned_disk,16,1,2,3139.25,146.61,146.61
388,2263.00,32.17616781,119.93146026,32.22406379,119.91978750,32.17616781,119.93146026,0.6733,5443.97,1,311,split_learned_disk,16,1,-1,1027.66,1027.66,1027.66
389,2267.00,32.17616781,119.93146026,32.17616781,119.93146026,32.17616781,119.93146026,0.6733,0.00,0,311,split_learned_disk,16,1,-1,1109.49,643.98,643.98
390,2272.00,32.21598320,119.91878421,32.17616781,119.93146026,32.17616781,119.93146026,0.6267,4590.26,1,811,split_learned_disk,14,1,4,3513.59,39.59,39.59
391,2276.00,32.21598320,119.91878421,32.17616781,119.93146026,32.17616781,119.93146026,0.6267,4590.26,1,811,split_learned_disk,14,1,3,3412.34,113.05,113.05
392,2280.00,32.18886219,119.93195478,32.17616781,119.93146026,32.17616781,119.93146026,0.6267,1413.91,1,472,split_learned_disk,14,1,6,239.86,42.90,42.90
393,2285.00,32.18886219,119.93195478,32.17616781,119.93146026,32.17616781,119.93146026,0.6267,1413.91,1,472,split_learned_disk,14,1,4,266.55,91.32,91.32
394,2289.00,32.16748512,119.94618347,32.17616781,119.93146026,32.17616781,119.93146026,0.6733,1690.45,1,203,split_learned_disk,16,1,5,2913.04,62.08,62.08
395,2294.00,32.19413404,119.93358350,32.17616781,119.93146026,32.17616781,119.93146026,0.6033,2009.98,1,542,split_learned_disk,13,1,10,265.57,81.24,81.24
396,2299.00,32.21598320,119.91878421,32.17616781,119.93146026,32.17616781,119.93146026,0.6267,4590.26,1,811,split_learned_disk,14,1,-1,2881.67,1317.40,1317.40
397,2303.00,32.21598320,119.91878421,32.17616781,119.93146026,32.17616781,119.93146026,0.6267,4590.26,1,811,split_learned_disk,14,1,2,2783.70,66.36,66.36
398,2308.00,32.17378107,119.91493081,32.17616781,119.93146026,32.17616781,119.93146026,0.6967,1579.51,1,280,split_learned_disk,17,1,-1,2866.50,1528.40,1528.40
399,2312.00,32.19667580,119.93102346,32.17616781,119.93146026,32.19664251,119.93102417,0.7900,2283.32,0,586,split_learned_disk,21,1,2,330.08,52.88,52.88
400,2317.00,32.19661734,119.93139686,32.19945374,119.93096429,32.19945374,119.93096429,0.6967,318.37,1,564,split_learned_disk,17,1,1,99.60,99.60,99.60
401,2321.00,32.19353319,119.93127706,32.20170273,119.93091639,32.20170273,119.93091639,0.6033,910.07,1,540,split_learned_disk,13,1,-1,469.58,209.31,209.31
402,2325.00,32.19667580,119.93102346,32.20395171,119.93086849,32.19689681,119.93101875,0.7900,810.09,0,586,split_learned_disk,21,1,7,273.22,104.87,104.87
403,2330.00,32.25314953,119.94052383,32.19683364,119.93102010,32.19683364,119.93102010,0.6267,6332.68,1,1281,split_learned_disk,14,1,8,5828.74,54.49,54.49
404,2334.00,32.17823267,119.91606501,32.19678310,119.93102117,32.18003782,119.91752040,0.7200,2499.82,0,327,split_learned_disk,18,1,2,2871.60,81.56,81.56
405,2339.00,32.25203367,119.92391829,32.17148456,119.91067668,32.17148456,119.91067668,0.5333,9053.06,1,1273,split_learned_disk,10,1,-1,5609.03,1783.63,1783.63
406,2344.00,32.20137417,119.93124470,32.16293131,119.90383295,32.16293131,119.90383295,0.6967,4998.08,1,633,split_learned_disk,17,1,1,148.88,72.07,72.07
407,2348.00,32.18831499,119.95319987,32.15608870,119.89835797,32.15608870,119.89835797,0.6033,6289.34,1,482,split_learned_disk,13,1,-1,2628.72,165.61,165.61
408,2353.00,32.18831499,119.95319987,32.14753545,119.89151424,32.14753545,119.89151424,0.6033,7373.59,1,482,split_learned_disk,13,1,-1,2772.11,1314.18,1314.18
409,2358.00,32.21598320,119.91878421,32.13898219,119.88467052,32.13898219,119.88467052,0.6267,9154.27,1,811,split_learned_disk,14,1,2,1546.38,98.67,98.67
410,2363.00,32.20973498,119.94513103,32.13042893,119.87782679,32.13042893,119.87782679,0.6500,10868.87,1,755,split_learned_disk,15,1,-1,1591.87,1591.87,1591.87
411,2367.00,32.25132553,119.90734381,32.12358633,119.87235181,32.12358633,119.87235181,0.5333,14596.94,1,1266,split_learned_disk,10,1,-1,5317.25,2135.97,2135.97
412,2372.00,32.15603536,119.93871758,32.11503307,119.86550809,32.11503307,119.86550809,0.6500,8269.73,1,38,split_learned_disk,15,1,-1,6055.44,1312.72,1312.72
413,2376.00,32.21347843,119.92984422,32.10819047,119.86003310,32.21319444,119.92965591,0.8600,13439.35,0,793,split_learned_disk,24,1,-1,490.49,190.56,190.56
414,2381.00,32.24350119,119.92446353,32.22114557,119.93375541,32.22114557,119.93375541,0.6500,2638.06,1,1158,split_learned_disk,15,1,-1,3622.98,169.67,169.67
415,2385.00,32.24350119,119.92446353,32.22750647,119.93703501,32.22750647,119.93703501,0.6500,2138.36,1,1158,split_learned_disk,15,1,3,3513.08,73.98,73.98
416,2389.00,32.21347843,119.92984422,32.23386738,119.94031460,32.21409845,119.93016262,0.8600,2474.72,0,793,split_learned_disk,24,1,-1,158.71,158.71,158.71
417,2394.00,32.21347843,119.92984422,32.21394557,119.93010044,32.21357045,119.92989469,0.8600,57.33,0,793,split_learned_disk,24,1,1,54.40,54.40,54.40
418,2398.00,32.21347843,119.92984422,32.21325222,119.92973749,32.21342208,119.92981763,0.8600,27.11,0,793,split_learned_disk,24,1,1,142.72,99.96,99.96
419,2403.00,32.21347843,119.92984422,32.21314711,119.92967907,32.21341177,119.92981099,0.8600,40.03,0,793,split_learned_disk,24,1,-1,218.42,218.42,218.42
420,2408.00,32.21513557,119.92894394,32.21331202,119.92975977,32.21331202,119.92975977,0.6033,217.06,1,816,split_learned_disk,13,1,1,148.48,148.48,148.48
421,2412.00,32.21736137,119.92731522,32.21323222,119.92971879,32.21692801,119.92756748,0.7433,512.39,0,838,split_learned_disk,19,1,1,74.74,74.74,74.74
422,2417.00,32.21729700,119.92626978,32.21869394,119.92643025,32.21869394,119.92643025,0.6033,156.24,1,837,split_learned_disk,13,1,-1,292.18,292.18,292.18
423,2421.00,32.20858212,119.91860669,32.22010669,119.92552046,32.22010669,119.92552046,0.6733,1438.75,1,719,split_learned_disk,16,1,5,1441.74,23.76,23.76
424,2426.00,32.22061128,119.92605422,32.22187262,119.92438323,32.22187262,119.92438323,0.6267,210.93,1,883,split_learned_disk,14,1,-1,195.29,195.29,195.29
425,2430.00,32.22061128,119.92605422,32.22328537,119.92347344,32.22328537,119.92347344,0.6267,384.33,1,883,split_learned_disk,14,1,2,183.28,40.59,40.59
426,2435.00,32.21684155,119.94174679,32.22505130,119.92233621,32.22505130,119.92233621,0.5567,2044.08,1,822,split_learned_disk,11,1,-1,1599.27,1599.27,1599.27
427,2439.00,32.20858212,119.91860669,32.22646404,119.92142642,32.22646404,119.92142642,0.6733,2008.26,1,719,split_learned_disk,16,1,-1,1822.08,1174.06,1174.06
428,2444.00,32.19167219,119.93063038,32.22822998,119.92028919,32.19190380,119.93056486,0.7200,4184.57,0,517,split_learned_disk,18,1,-1,3571.93,2152.86,2152.86
429,2448.00,32.22467662,119.92721378,32.18748050,119.93130593,32.21589445,119.92817995,0.7667,4158.57,0,930,split_learned_disk,20,1,1,133.74,133.74,133.74
430,2453.00,32.17616781,119.93146026,32.23202593,119.92672329,32.23202593,119.92672329,0.6733,6234.11,1,311,split_learned_disk,16,1,-1,5604.37,660.33,660.33
431,2457.00,32.22742224,119.92463406,32.24493112,119.92555796,32.24493112,119.92555796,0.5567,1951.03,1,975,split_learned_disk,11,1,1,137.82,125.74,125.74
432,2462.00,32.23578896,119.90679288,32.26106260,119.92410129,32.26106260,119.92410129,0.6267,3251.72,1,1058,split_learned_disk,14,1,3,1960.62,9.16,9.16
433,2467.00,32.17994346,119.91996914,32.27719408,119.92264463,32.27719408,119.92264463,0.6267,10828.87,1,352,split_learned_disk,14,1,2,5517.45,96.83,96.83
434,2471.00,32.23061368,119.92597814,32.29009926,119.92147929,32.29009926,119.92147929,0.5800,6635.48,1,998,split_learned_disk,12,1,1,17.14,17.14,17.14
435,2476.00,32.22467662,119.92721378,32.30623074,119.92002263,32.22526953,119.92716150,0.7667,9103.84,0,930,split_learned_disk,20,1,-1,755.53,755.53,755.53
436,2481.00,32.18886219,119.93195478,32.22387372,119.92725033,32.22387372,119.92725033,0.6267,3922.59,1,472,split_learned_disk,14,1,-1,4875.63,2271.49,2271.49
437,2485.00,32.22467662,119.92721378,32.22275706,119.92732139,32.22451683,119.92722274,0.7667,213.92,0,930,split_learned_disk,20,1,-1,995.95,995.95,995.95
438,2490.00,32.22467662,119.92721378,32.22404544,119.92725974,32.22454825,119.92722313,0.7667,70.40,0,930,split_learned_disk,20,1,-1,1102.52,1102.52,1102.52
439,2495.00,32.21673426,119.90617157,32.22439461,119.92723699,32.22439461,119.92723699,0.6733,2159.75,1,805,split_learned_disk,16,1,-1,2747.32,450.30,450.30
440,2499.00,32.24027275,119.92727149,32.22427169,119.92724809,32.22427169,119.92724809,0.6500,1781.24,1,1113,split_learned_disk,15,1,-1,344.04,161.05,161.05
441,2503.00,32.24350119,119.92446353,32.22414878,119.92725918,32.22414878,119.92725918,0.6500,2170.35,1,1158,split_learned_disk,15,1,6,624.65,98.76,98.76
442,2508.00,32.16164462,119.92028614,32.22399513,119.92727305,32.22399513,119.92727305,0.6733,6971.99,1,122,split_learned_disk,16,1,7,8496.72,94.34,94.34
443,2513.00,32.18831499,119.95319987,32.22384149,119.92728691,32.22384149,119.92728691,0.6033,4647.41,1,482,split_learned_disk,13,1,10,6264.63,6.40,6.40
444,2517.00,32.24350119,119.92446353,32.22371858,119.92729801,32.22371858,119.92729801,0.6500,2218.33,1,1158,split_learned_disk,15,1,5,283.09,83.13,83.13
445,2522.00,32.24350119,119.92446353,32.22356493,119.92731187,32.22356493,119.92731187,0.6500,2235.46,1,1158,split_learned_disk,15,1,4,171.78,28.42,28.42
446,2526.00,32.24350119,119.92446353,32.22344202,119.92732297,32.22344202,119.92732297,0.6500,2249.17,1,1158,split_learned_disk,15,1,1,71.63,71.63,71.63
447,2531.00,32.24350119,119.92446353,32.22328838,119.92733683,32.22328838,119.92733683,0.6500,2266.31,1,1158,split_learned_disk,15,1,1,99.41,99.41,99.41
448,2535.00,32.22962658,119.93617590,32.22316546,119.92734793,32.22962658,119.93617590,0.6267,1099.46,1,1003,split_learned_disk,14,1,4,2018.12,103.42,103.42
449,2540.00,32.23213134,119.91171141,32.22962658,119.93617590,32.23212645,119.91175916,0.7200,2321.26,0,1014,split_learned_disk,18,1,9,1835.28,125.50,125.50
450,2544.00,32.17616781,119.93146026,32.23239735,119.90911324,32.23239735,119.90911324,0.6733,6603.94,1,311,split_learned_disk,16,1,-1,7824.63,925.34,925.34
451,2549.00,32.22249373,119.94246955,32.23273597,119.90580583,32.23273597,119.90580583,0.6033,3636.90,1,914,split_learned_disk,13,1,-1,3339.30,2306.13,2306.13
452,2553.00,32.18707630,119.95201495,32.23300687,119.90315990,32.23300687,119.90315990,0.6033,6878.99,1,458,split_learned_disk,13,1,-1,7344.96,185.35,185.35
453,2557.00,32.20858212,119.91860669,32.23327777,119.90051397,32.23327777,119.90051397,0.6733,3234.52,1,719,split_learned_disk,16,1,-1,4501.67,929.12,929.12
454,2602.00,32.18707630,119.95201495,32.23632540,119.87074728,32.23632540,119.87074728,0.6033,9415.77,1,458,split_learned_disk,13,1,-1,7399.44,190.11,190.11
455,2608.00,32.22610844,119.94430115,32.23673175,119.86677839,32.22611713,119.94423775,0.7200,7397.44,0,961,split_learned_disk,18,1,-1,3103.67,2598.95,2598.95
456,2615.00,32.18372983,119.92563578,32.22540077,119.94829443,32.22540077,119.94829443,0.6267,5106.27,1,400,split_learned_disk,14,1,-1,7141.44,959.62,959.62
457,2621.00,32.18372983,119.92563578,32.22478676,119.95177157,32.22478676,119.95177157,0.6267,5191.33,1,400,split_learned_disk,14,1,-1,7029.38,1213.35,1213.35
458,2628.00,32.17616781,119.93146026,32.22407040,119.95582825,32.22407040,119.95582825,0.6733,5805.55,1,311,split_learned_disk,16,1,-1,7742.01,239.63,239.63
459,2635.00,32.22249373,119.94246955,32.22335405,119.95988492,32.22335405,119.95988492,0.6033,1643.24,1,914,split_learned_disk,13,1,-1,2894.78,193.45,193.45
460,2642.00,32.24350119,119.92446353,32.22263770,119.96394159,32.22263770,119.96394159,0.6500,4384.35,1,1158,split_learned_disk,15,1,-1,219.12,213.06,213.06
461,2649.00,32.16164462,119.92028614,32.22192135,119.96799826,32.22192135,119.96799826,0.6733,8076.05,1,122,split_learned_disk,16,1,-1,9003.75,191.53,191.53
462,2656.00,32.24350119,119.92446353,32.22120499,119.97205494,32.22120499,119.97205494,0.6500,5124.14,1,1158,split_learned_disk,15,1,-1,308.35,162.94,162.94
463,2663.00,32.24109299,119.92448190,32.22048864,119.97611161,32.22048864,119.97611161,0.6267,5377.04,1,1136,split_learned_disk,14,1,1,89.95,89.95,89.95
464,2670.00,32.23578896,119.90679288,32.21977229,119.98016828,32.21977229,119.98016828,0.6267,7137.91,1,1058,split_learned_disk,14,1,-1,1941.27,1299.85,1299.85
465,2677.00,32.18607846,119.92272638,32.21905594,119.98422495,32.18611335,119.92279143,0.7200,6858.15,0,445,split_learned_disk,18,1,-1,5757.04,1188.56,1188.56
466,2684.00,32.24098570,119.93755103,32.18092842,119.91851480,32.18092842,119.91851480,0.6033,6921.87,1,1142,split_learned_disk,13,1,9,1171.46,120.68,120.68
467,2690.00,32.17616781,119.93146026,32.17648419,119.91484912,32.17648419,119.91484912,0.6733,1565.09,1,311,split_learned_disk,16,1,-1,6740.42,273.43,273.43
468,2696.00,32.21673426,119.90617157,32.17203997,119.91118344,32.17203997,119.91118344,0.6733,4997.72,1,805,split_learned_disk,16,1,-1,2979.92,1390.41,1390.41
469,2702.00,32.20767604,119.91354869,32.16759574,119.90751777,32.16759574,119.90751777,0.6733,4497.76,1,694,split_learned_disk,16,1,-1,3331.71,2961.02,2961.02
470,2709.00,32.21019634,119.91114649,32.16241081,119.90324114,32.16241081,119.90324114,0.5800,5371.35,1,739,split_learned_disk,12,1,-1,2947.43,2236.97,2236.97
471,2716.00,32.22467662,119.92721378,32.15722588,119.89896452,32.22446661,119.92712583,0.7667,7966.18,0,930,split_learned_disk,20,1,-1,896.23,896.23,896.23
472,2722.00,32.16108188,119.94584111,32.23242124,119.92865295,32.23242124,119.92865295,0.6033,8104.86,1,111,split_learned_disk,13,1,-1,8166.31,196.35,196.35
473,2728.00,32.20095572,119.95385923,32.24037586,119.93018007,32.20310462,119.95256842,0.7433,4922.57,0,643,split_learned_disk,19,1,-1,4013.27,530.65,530.65
474,2734.00,32.23087600,119.94518175,32.19230986,119.96535805,32.19230986,119.96535805,0.6033,4695.04,1,1031,split_learned_disk,13,1,9,1741.15,129.39,129.39
475,2740.00,32.23578896,119.90679288,32.18151510,119.97814768,32.18151510,119.97814768,0.6267,9037.64,1,1058,split_learned_disk,14,1,-1,2202.45,189.04,189.04
476,2747.00,32.15374518,119.92399437,32.16892121,119.99306891,32.16892121,119.99306891,0.6967,6722.26,1,8,split_learned_disk,17,1,-1,8367.01,1289.94,1289.94
477,2754.00,32.23033472,119.95014531,32.15632732,120.00799014,32.15632732,120.00799014,0.6500,9877.33,1,1009,split_learned_disk,15,1,3,1867.49,48.28,48.28
478,2760.00,32.24350119,119.92446353,32.14553256,120.02077977,32.14553256,120.02077977,0.6500,14186.24,1,1158,split_learned_disk,15,1,-1,1959.17,771.90,771.90
479,2766.00,32.18707630,119.95201495,32.13473780,120.03356940,32.13473780,120.03356940,0.6033,9641.59,1,458,split_learned_disk,13,1,-1,4677.99,431.96,431.96
480,2772.00,32.17994346,119.91996914,32.12394304,120.04635903,32.12394304,120.04635903,0.6267,13438.76,1,352,split_learned_disk,14,1,5,4962.25,102.62,102.62
481,2779.00,32.17616781,119.93146026,32.11134915,120.06128026,32.11134915,120.06128026,0.6733,14198.61,1,311,split_learned_disk,16,1,-1,5204.05,2605.86,2605.86
482,2785.00,32.17616781,119.93146026,32.10055439,120.07406989,32.10055439,120.07406989,0.6733,15852.49,1,311,split_learned_disk,16,1,8,5092.77,125.70,125.70
483,2791.00,32.22467662,119.92721378,32.08975963,120.08685951,32.22450219,119.92742017,0.7667,21253.43,0,930,split_learned_disk,20,1,-1,495.61,229.09,229.09
484,2798.00,32.20767604,119.91354869,32.23219840,119.91833237,32.23219840,119.91833237,0.6733,2766.77,1,694,split_learned_disk,16,1,-1,2072.33,940.97,940.97
485,2804.00,32.24216002,119.92007058,32.23879514,119.91054283,32.23879514,119.91054283,0.5100,972.50,1,1157,split_learned_disk,9,1,-1,2780.21,1538.15,1538.15
486,2811.00,32.15386801,119.94416167,32.24649135,119.90145503,32.24649135,119.90145503,0.4867,11067.79,1,41,split_learned_disk,8,1,-1,7154.49,1018.83,1018.83
487,2818.00,32.17994346,119.91996914,32.25418755,119.89236723,32.25418755,119.89236723,0.6267,8664.16,1,352,split_learned_disk,14,1,-1,4254.39,422.55,422.55
488,2824.00,32.15548816,119.94085351,32.26078430,119.88457768,32.26078430,119.88457768,0.5100,12864.49,1,39,split_learned_disk,9,1,-1,6885.96,1062.37,1062.37
489,2831.00,32.15603536,119.93871758,32.26848050,119.87548988,32.26848050,119.87548988,0.6500,13862.05,1,38,split_learned_disk,15,1,-1,6753.51,3222.47,3222.47
490,2838.00,32.24350119,119.92446353,32.27617671,119.86640208,32.27617671,119.86640208,0.6500,6568.29,1,1158,split_learned_disk,15,1,-1,3277.07,1083.39,1083.39
491,2845.00,32.23944658,119.90580385,32.28387291,119.85731428,32.28387291,119.85731428,0.5800,6732.05,1,1104,split_learned_disk,12,1,-1,3796.80,856.68,856.68
492,2852.00,32.23944658,119.90580385,32.29156912,119.84822648,32.29156912,119.84822648,0.5800,7942.37,1,1104,split_learned_disk,12,1,-1,3882.49,3168.19,3168.19
493,2859.00,32.21347843,119.92984422,32.29926532,119.83913868,32.21354006,119.92977906,0.8600,12814.04,0,793,split_learned_disk,24,1,-1,408.55,326.46,326.46
494,2866.00,32.15627621,119.92861426,32.21010126,119.93246470,32.16092379,119.92894673,1.0000,6002.77,0,57,split_learned_disk,33,1,-1,5982.59,184.48,184.48
495,2873.00,32.15627621,119.92861426,32.11457585,119.92856282,32.15105173,119.92860782,1.0000,4642.09,0,57,split_learned_disk,33,1,-1,5876.15,750.08,750.08
496,2880.00,32.21216464,119.90805389,32.13195403,119.92825752,32.13195403,119.92825752,0.5800,9129.60,1,760,split_learned_disk,12,1,-1,2386.94,2022.58,2022.58
497,2887.00,32.18885146,119.92416490,32.11285634,119.92790722,32.11285634,119.92790722,0.6967,8467.12,1,469,split_learned_disk,17,1,9,2174.96,70.01,70.01
498,2894.00,32.17077794,119.93146026,32.09375864,119.92755693,32.09375864,119.92755693,0.6733,8581.67,1,242,split_learned_disk,16,1,6,3934.73,87.40,87.40
499,2901.00,32.25314953,119.94052383,32.07466095,119.92720663,32.07466095,119.92720663,0.6267,19908.91,1,1281,split_learned_disk,14,1,-1,5220.52,227.47,227.47
500,2908.00,32.19167219,119.93063038,32.05556325,119.92685633,32.19067176,119.93060264,0.7200,15155.82,0,517,split_learned_disk,18,1,7,1391.67,126.77,126.77
501,2915.00,32.19128593,119.92903970,32.20597640,119.93120625,32.20597640,119.93120625,0.5800,1648.03,1,516,split_learned_disk,12,1,-1,1367.79,212.87,212.87
502,2922.00,32.19128593,119.92903970,32.22128104,119.93180987,32.22128104,119.93180987,0.5800,3349.24,1,516,split_learned_disk,12,1,5,1270.44,105.47,105.47
503,2928.00,32.18476466,119.92363934,32.23439931,119.93232725,32.23439931,119.93232725,0.6033,5585.60,1,422,split_learned_disk,13,1,8,2066.85,41.46,41.46
504,2935.00,32.18885146,119.92416490,32.24970395,119.93293087,32.24970395,119.93293087,0.6967,6824.24,1,469,split_learned_disk,17,1,8,1526.63,130.76,130.76
505,2941.00,32.18885146,119.92416490,32.26282221,119.93344825,32.26282221,119.93344825,0.6967,8280.72,1,469,split_learned_disk,17,1,-1,1492.00,776.26,776.26
506,2948.00,32.18707630,119.95201495,32.27812685,119.93405187,32.27812685,119.93405187,0.6033,10276.01,1,458,split_learned_disk,13,1,-1,1928.70,1037.38,1037.38
507,2954.00,32.18707630,119.95201495,32.29124512,119.93456925,32.29124512,119.93456925,0.6033,11711.93,1,458,split_learned_disk,13,1,-1,1865.19,1343.32,1343.32
508,2961.00,32.25341184,119.91032929,32.30654976,119.93517287,32.30654976,119.93517287,0.6267,6361.39,1,1290,split_learned_disk,14,1,-1,6773.50,2678.33,2678.33
509,2967.00,32.16748512,119.94618347,32.31966803,119.93569025,32.31966803,119.93569025,0.6733,16969.81,1,203,split_learned_disk,16,1,7,3277.37,132.70,132.70
510,2973.00,32.16748512,119.94618347,32.33278629,119.93620764,32.16748512,119.94618347,0.6733,18425.30,1,203,split_learned_disk,16,1,-1,3171.23,220.21,220.21
511,2979.00,32.22061128,119.92605422,32.16748512,119.94618347,32.16748512,119.94618347,0.6267,6210.52,1,883,split_learned_disk,14,1,8,3259.09,110.66,110.66
512,2985.00,32.19413404,119.93358350,32.16748512,119.94618347,32.16748512,119.94618347,0.6033,3195.17,1,542,split_learned_disk,13,1,9,305.77,27.94,27.94
513,2991.00,32.22061128,119.92605422,32.16748512,119.94618347,32.16748512,119.94618347,0.6267,6210.52,1,883,split_learned_disk,14,1,-1,3471.09,191.98,191.98
514,2997.00,32.22061128,119.92605422,32.16748512,119.94618347,32.16748512,119.94618347,0.6267,6210.52,1,883,split_learned_disk,14,1,7,3595.18,79.74,79.74
515,3004.00,32.22700971,119.94934647,32.16748512,119.94618347,32.16748512,119.94618347,0.6500,6632.97,1,963,split_learned_disk,15,1,-1,4265.51,2251.35,2251.35
516,3010.00,32.20973498,119.94513103,32.16748512,119.94618347,32.16748512,119.94618347,0.6500,4704.30,1,755,split_learned_disk,15,1,-1,2591.63,714.85,714.85
517,3017.00,32.20767604,119.91354869,32.16748512,119.94618347,32.16748512,119.94618347,0.6733,5428.35,1,694,split_learned_disk,16,1,-1,3020.44,466.55,466.55
518,3022.00,32.17616781,119.93146026,32.16748512,119.94618347,32.16748512,119.94618347,0.6733,1690.45,1,311,split_learned_disk,16,1,-1,1252.89,360.27,360.27
519,3028.00,32.18929137,119.91893637,32.16748512,119.94618347,32.16748512,119.94618347,0.5800,3532.68,1,466,split_learned_disk,12,1,-1,1853.78,313.88,313.88
520,3034.00,32.21598320,119.91878421,32.16748512,119.94618347,32.21598320,119.91878421,0.6267,5983.99,1,811,split_learned_disk,14,1,2,3928.53,85.11,85.11
521,3039.00,32.19413404,119.93358350,32.21598320,119.91878421,32.21598320,119.91878421,0.6033,2803.42,1,542,split_learned_disk,13,1,-1,1254.75,184.70,184.70
522,3045.00,32.25321871,119.91901245,32.21598320,119.91878421,32.21598320,119.91878421,0.5567,4145.11,1,1294,split_learned_disk,11,1,-1,8101.27,1419.20,1419.20
523,3050.00,32.24112999,119.95282647,32.21598320,119.91878421,32.21598320,119.91878421,0.5800,4256.62,1,1171,split_learned_disk,12,1,-1,6908.63,905.97,905.97
524,3056.00,32.16748512,119.94618347,32.21598320,119.91878421,32.21598320,119.91878421,0.6733,5983.99,1,203,split_learned_disk,16,1,-1,1634.90,741.25,741.25
525,3062.00,32.24773228,119.92989494,32.21598320,119.91878421,32.21598320,119.91878421,0.6033,3686.01,1,1230,split_learned_disk,13,1,-1,7683.17,511.04,511.04
526,3068.00,32.18886219,119.93195478,32.21598320,119.91878421,32.21598320,119.91878421,0.6267,3264.07,1,472,split_learned_disk,14,1,-1,1343.45,529.17,529.17
527,3074.00,32.16748512,119.94618347,32.21598320,119.91878421,32.21598320,119.91878421,0.6733,5983.99,1,203,split_learned_disk,16,1,-1,1349.11,564.08,564.08
528,3080.00,32.16748512,119.94618347,32.21598320,119.91878421,32.21598320,119.91878421,0.6733,5983.99,1,203,split_learned_disk,16,1,-1,1254.73,1254.73,1254.73
529,3086.00,32.18886219,119.93195478,32.21598320,119.91878421,32.21598320,119.91878421,0.6267,3264.07,1,472,split_learned_disk,14,1,-1,1669.75,1669.75,1669.75
530,3092.00,32.25234482,119.92045098,32.21598320,119.91878421,32.25234253,119.92045087,0.7433,4050.82,0,1272,split_learned_disk,19,1,-1,8762.33,1146.46,1146.46
531,3099.00,32.25234482,119.92045098,32.25435090,119.92054293,32.25244577,119.92045560,0.7433,223.48,0,1272,split_learned_disk,19,1,-1,8871.29,1328.63,1328.63
532,3106.00,32.20973498,119.94513103,32.25265979,119.92046541,32.25265979,119.92046541,0.6500,5313.30,1,755,split_learned_disk,15,1,-1,4239.22,998.19,998.19
533,3112.00,32.25241993,119.94463083,32.25284323,119.92047382,32.25284323,119.92047382,0.5567,2275.97,1,1283,split_learned_disk,11,1,-1,8913.59,856.47,856.47
534,3119.00,32.20284891,119.91103937,32.25305724,119.92048363,32.20392160,119.91124114,0.7200,5659.55,0,646,split_learned_disk,18,1,-1,4628.65,1118.24,1118.24
535,3126.00,32.16748512,119.94618347,32.18546239,119.90773849,32.18546239,119.90773849,0.6733,4137.52,1,203,split_learned_disk,16,1,-1,574.28,574.28,574.28
536,3133.00,32.18350451,119.93308898,32.16700317,119.90423584,32.16700317,119.90423584,0.6033,3280.39,1,404,split_learned_disk,13,1,-1,1774.61,1100.49,1100.49
537,3139.00,32.22438692,119.92471014,32.15118099,119.90123356,32.15118099,119.90123356,0.6033,8444.00,1,929,split_learned_disk,13,1,6,6517.27,116.50,116.50
538,3145.00,32.22061128,119.92605422,32.13535881,119.89823129,32.13535881,119.89823129,0.6267,9845.53,1,883,split_learned_disk,14,1,2,6259.98,54.44,54.44
539,3151.00,32.24797906,119.93291146,32.11953662,119.89522902,32.11953662,119.89522902,0.5567,14732.21,1,1232,split_learned_disk,11,1,-1,9199.50,878.39,878.39
540,3157.00,32.24109299,119.92448190,32.10371444,119.89222674,32.10371444,119.89222674,0.6267,15591.87,1,1136,split_learned_disk,14,1,-1,8614.01,573.29,573.29
541,3164.00,32.17616781,119.93146026,32.08525523,119.88872409,32.08525523,119.88872409,0.6733,10891.62,1,311,split_learned_disk,16,1,-1,1697.40,1697.40,1697.40
542,3170.00,32.16748512,119.94618347,32.06943304,119.88572182,32.06943304,119.88572182,0.6733,12311.63,1,203,split_learned_disk,16,1,-1,635.66,235.49,235.49
543,3177.00,32.16748512,119.94618347,32.05097383,119.88221917,32.05097383,119.88221917,0.6733,14301.20,1,203,split_learned_disk,16,1,2,676.23,113.01,113.01
544,3184.00,32.19167219,119.93063038,32.03251461,119.87871651,32.19147009,119.93056446,0.7200,18379.87,0,517,split_learned_disk,18,1,-1,3739.21,776.62,776.62
545,3191.00,32.17595322,119.93705082,32.19639142,119.93468805,32.19639142,119.93468805,0.6967,2286.04,1,313,split_learned_disk,17,1,-1,1947.27,1947.27,1947.27
546,3198.00,32.16748512,119.94618347,32.20131275,119.93881164,32.20131275,119.93881164,0.6733,3829.18,1,203,split_learned_disk,16,1,-1,984.47,725.38,725.38
547,3204.00,32.22467662,119.92721378,32.20553103,119.94234614,32.22439258,119.92743827,0.7667,2564.01,0,930,split_learned_disk,20,1,-1,7580.84,1858.85,1858.85
548,3247.00,32.15227525,119.94848423,32.29881196,119.91784312,32.29881196,119.91784312,0.5567,16565.84,1,20,split_learned_disk,11,1,-1,642.56,230.42,230.42
549,3251.00,32.24773228,119.92989494,32.30573470,119.91695055,32.30573470,119.91695055,0.6033,6570.95,1,1230,split_learned_disk,13,1,-1,10012.65,439.50,439.50
550,3256.00,32.24773228,119.92989494,32.31438811,119.91583484,32.31438811,119.91583484,0.6033,7537.39,1,1230,split_learned_disk,13,1,2,9902.72,37.82,37.82
551,3260.00,32.24773228,119.92989494,32.32131084,119.91494226,32.32131084,119.91494226,0.6033,8310.98,1,1230,split_learned_disk,13,1,-1,9792.82,520.05,520.05
552,3264.00,32.17424244,119.95119075,32.32823358,119.91404969,32.32823358,119.91404969,0.5567,17495.65,1,297,split_learned_disk,11,1,-1,1421.62,175.48,175.48
553,3269.00,32.16463221,119.94658923,32.33688699,119.91293398,32.33688699,119.91293398,0.6033,19435.69,1,157,split_learned_disk,13,1,1,132.02,87.07,87.07
554,3273.00,32.20858212,119.91860669,32.34380973,119.91204140,32.34380973,119.91204140,0.6733,15066.23,1,719,split_learned_disk,16,1,-1,5528.53,2012.95,2012.95
555,3278.00,32.16463221,119.94658923,32.35246314,119.91092569,32.35246314,119.91092569,0.6033,21177.48,1,157,split_learned_disk,13,1,-1,209.12,184.08,184.08
556,3282.00,32.24496520,119.93184066,32.35938588,119.91003312,32.35938588,119.91003312,0.6033,12901.89,1,1185,split_learned_disk,13,1,-1,8813.52,300.69,300.69
557,3287.00,32.16748512,119.94618347,32.36803929,119.90891740,32.16748512,119.94618347,0.6733,22599.97,1,203,split_learned_disk,16,1,-1,219.01,219.01,219.01
558,3292.00,32.20028569,119.91827133,32.16748512,119.94618347,32.16748512,119.94618347,0.6267,4499.46,1,603,split_learned_disk,14,1,9,4347.33,103.61,103.61
559,3296.00,32.20284891,119.91103937,32.16748512,119.94618347,32.20281447,119.91107359,0.7200,5143.58,0,646,split_learned_disk,18,1,-1,4945.68,1021.88,1021.88
560,3301.00,32.20767604,119.91354869,32.20603558,119.90787250,32.20603558,119.90787250,0.6733,565.00,1,694,split_learned_disk,16,1,-1,4943.21,1382.07,1382.07
561,3306.00,32.24258919,119.94510567,32.20925669,119.90467140,32.20925669,119.90467140,0.6733,5317.40,1,1169,split_learned_disk,16,1,-1,7978.28,596.48,596.48
562,3310.00,32.20973498,119.94513103,32.21183357,119.90211052,32.21183357,119.90211052,0.6500,4059.07,1,755,split_learned_disk,15,1,-1,4275.43,319.48,319.48
563,3315.00,32.16748512,119.94618347,32.21505468,119.89890942,32.21505468,119.89890942,0.6733,6918.89,1,203,split_learned_disk,16,1,-1,719.06,719.06,719.06
564,3320.00,32.21439043,119.91873349,32.21827579,119.89570833,32.21827579,119.89570833,0.5333,2211.58,1,788,split_learned_disk,10,1,3,4995.56,96.31,96.31
565,3324.00,32.16748512,119.94618347,32.22085267,119.89314745,32.22085267,119.89314745,0.6733,7762.19,1,203,split_learned_disk,16,1,-1,924.59,437.34,437.34
566,3329.00,32.18707630,119.95201495,32.22407378,119.88994635,32.22407378,119.88994635,0.6033,7151.58,1,458,split_learned_disk,13,1,-1,1411.94,213.65,213.65
567,3333.00,32.16179483,119.94844619,32.22665067,119.88738548,32.22665067,119.88738548,0.6500,9230.73,1,135,split_learned_disk,15,1,-1,1787.78,349.54,349.54
568,3338.00,32.17811465,119.94175947,32.22987177,119.88418438,32.22987177,119.88418438,0.5800,7912.55,1,339,split_learned_disk,12,1,1,10.17,10.17,10.17
569,3343.00,32.18707630,119.95201495,32.23309288,119.88098328,32.18707630,119.95201495,0.6033,8426.65,1,458,split_learned_disk,13,1,-1,1205.87,984.06,984.06
570,3347.00,32.17616781,119.93146026,32.18707630,119.95201495,32.18707630,119.95201495,0.6733,2285.46,1,311,split_learned_disk,16,1,-1,1076.22,634.62,634.62
571,3352.00,32.18831499,119.95319987,32.18707630,119.95201495,32.18707630,119.95201495,0.6033,177.40,1,482,split_learned_disk,13,1,-1,1333.03,611.60,611.60
572,3357.00,32.20028569,119.91827133,32.18707630,119.95201495,32.18707630,119.95201495,0.6267,3502.16,1,603,split_learned_disk,14,1,-1,3022.02,843.89,843.89
573,3361.00,32.22061128,119.92605422,32.18707630,119.95201495,32.18707630,119.95201495,0.6267,4462.74,1,883,split_learned_disk,14,1,-1,4507.01,1432.47,1432.47
574,3366.00,32.24982933,119.91022785,32.18707630,119.95201495,32.18707630,119.95201495,0.5567,8018.29,1,1244,split_learned_disk,11,1,6,7901.27,112.89,112.89
575,3371.00,32.17616781,119.93146026,32.18707630,119.95201495,32.18707630,119.95201495,0.6733,2285.46,1,311,split_learned_disk,16,1,-1,1315.63,1315.63,1315.63
576,3376.00,32.21216464,119.90805389,32.18707630,119.95201495,32.18707630,119.95201495,0.5800,4994.73,1,760,split_learned_disk,12,1,4,4262.98,122.24,122.24
577,3381.00,32.16748512,119.94618347,32.18707630,119.95201495,32.18707630,119.95201495,0.6733,2249.00,1,203,split_learned_disk,16,1,-1,2263.35,183.63,183.63
578,3385.00,32.18350451,119.93308898,32.18707630,119.95201495,32.18707630,119.95201495,0.6033,1826.55,1,404,split_learned_disk,13,1,-1,781.17,639.11,639.11
579,3390.00,32.20973498,119.94513103,32.18707630,119.95201495,32.20973498,119.94513103,0.6500,2604.38,1,755,split_learned_disk,15,1,-1,2466.77,728.73,728.73
580,3395.00,32.20028569,119.91827133,32.20973498,119.94513103,32.20973498,119.94513103,0.6267,2740.02,1,603,split_learned_disk,14,1,-1,2460.76,671.94,671.94
581,3400.00,32.22061128,119.92605422,32.20973498,119.94513103,32.20973498,119.94513103,0.6267,2166.78,1,883,split_learned_disk,14,1,-1,3627.18,359.80,359.80
582,3404.00,32.25341184,119.91032929,32.20973498,119.94513103,32.20973498,119.94513103,0.6267,5864.00,1,1290,split_learned_disk,14,1,-1,7386.16,2189.94,2189.94
583,3408.00,32.25321871,119.91901245,32.20973498,119.94513103,32.20973498,119.94513103,0.5567,5429.95,1,1294,split_learned_disk,11,1,-1,7024.36,2098.33,2098.33
584,3413.00,32.24773228,119.92989494,32.20973498,119.94513103,32.20973498,119.94513103,0.6033,4466.70,1,1230,split_learned_disk,13,1,9,6116.42,120.34,120.34
585,3417.00,32.25135772,119.90983477,32.20973498,119.94513103,32.20973498,119.94513103,0.6733,5702.87,1,1267,split_learned_disk,16,1,-1,6892.23,1390.11,1390.11
586,3422.00,32.17077794,119.93146026,32.20973498,119.94513103,32.20973498,119.94513103,0.6733,4523.85,1,242,split_learned_disk,16,1,-1,2841.89,1250.58,1250.58
587,3427.00,32.21598320,119.91878421,32.20973498,119.94513103,32.20973498,119.94513103,0.6267,2577.38,1,811,split_learned_disk,14,1,-1,2795.64,1115.51,1115.51
588,3432.00,32.16924956,119.94327407,32.20973498,119.94513103,32.20973498,119.94513103,0.5800,4510.23,1,225,split_learned_disk,12,1,-1,3238.91,978.69,978.69
589,3437.00,32.21598320,119.91878421,32.20973498,119.94513103,32.21598320,119.91878421,0.6267,2577.38,1,811,split_learned_disk,14,1,-1,2630.35,648.25,648.25
590,3442.00,32.17378107,119.91493081,32.21598320,119.91878421,32.21598320,119.91878421,0.6967,4711.94,1,280,split_learned_disk,17,1,9,3577.46,18.12,18.12
591,3446.00,32.17378107,119.91493081,32.21598320,119.91878421,32.21598320,119.91878421,0.6967,4711.94,1,280,split_learned_disk,17,1,-1,3609.33,963.47,963.47
592,3451.00,32.16748512,119.94618347,32.21598320,119.91878421,32.21598320,119.91878421,0.6733,5983.99,1,203,split_learned_disk,16,1,-1,3930.47,839.99,839.99
593,3455.00,32.25341184,119.91032929,32.21598320,119.91878421,32.21598320,119.91878421,0.6267,4241.99,1,1290,split_learned_disk,14,1,-1,6204.33,1127.93,1127.93
594,3460.00,32.17595322,119.93705082,32.21598320,119.91878421,32.21598320,119.91878421,0.6967,4776.79,1,313,split_learned_disk,17,1,-1,3045.06,403.03,403.03
595,3465.00,32.18607846,119.92272638,32.21598320,119.91878421,32.18607997,119.92272618,0.7200,3349.64,0,445,split_learned_disk,18,1,-1,2359.04,196.31,196.31
596,3470.00,32.18612138,119.92542022,32.18488152,119.92288416,32.18488152,119.92288416,0.5333,275.89,1,446,split_learned_disk,10,1,5,2306.80,70.86,70.86
597,3474.00,32.18885146,119.92416490,32.18392276,119.92301055,32.18392276,119.92301055,0.6967,559.33,1,469,split_learned_disk,17,1,-1,2227.75,178.73,178.73
598,3479.00,32.19353319,119.93127706,32.18272431,119.92316854,32.18272431,119.92316854,0.6033,1425.19,1,540,split_learned_disk,13,1,-1,1614.85,1614.85,1614.85
599,3483.00,32.18167570,119.91635665,32.18176555,119.92329492,32.18176555,119.92329492,0.5567,653.63,1,373,split_learned_disk,11,1,5,3512.20,27.63,27.63
600,3488.00,32.17616781,119.93146026,32.18056710,119.92345291,32.18056710,119.92345291,0.6733,899.30,1,311,split_learned_disk,16,1,5,3714.40,119.64,119.64
601,3492.00,32.16924956,119.94327407,32.17960834,119.92357929,32.17960834,119.92357929,0.5800,2184.34,1,225,split_learned_disk,12,1,2,4691.46,67.43,67.43
602,3496.00,32.16924956,119.94327407,32.17864958,119.92370568,32.17864958,119.92370568,0.5800,2119.57,1,225,split_learned_disk,12,1,3,4800.90,102.51,102.51
603,3500.00,32.18831499,119.95319987,32.17769082,119.92383207,32.17769082,119.92383207,0.6033,3008.53,1,482,split_learned_disk,13,1,9,3116.42,137.54,137.54
604,3505.00,32.22467662,119.92721378,32.17649237,119.92399005,32.22462247,119.92721016,0.7667,5372.46,0,930,split_learned_disk,20,1,4,1453.87,144.44,144.44
605,3510.00,32.18929137,119.91893637,32.23013499,119.92781713,32.23013499,119.92781713,0.5800,4623.03,1,466,split_learned_disk,12,1,2,3198.15,68.38,68.38
606,3514.00,32.18929137,119.91893637,32.23454500,119.92830271,32.23454500,119.92830271,0.5800,5114.31,1,466,split_learned_disk,12,1,10,3297.94,51.06,51.06
607,3519.00,32.18612138,119.92542022,32.24005752,119.92890969,32.24005752,119.92890969,0.5333,6013.16,1,446,split_learned_disk,10,1,8,3373.57,78.09,78.09
608,3523.00,32.17616781,119.93146026,32.24446753,119.92939527,32.24446753,119.92939527,0.6733,7605.61,1,311,split_learned_disk,16,1,7,4585.08,44.58,44.58
609,3528.00,32.23578896,119.90679288,32.24998005,119.93000225,32.24998005,119.93000225,0.6267,2697.25,1,1058,split_learned_disk,14,1,-1,3257.77,710.93,710.93
610,3533.00,32.20003891,119.93687330,32.25549257,119.93060922,32.20035255,119.93683787,0.7900,6201.24,0,612,split_learned_disk,21,1,-1,2216.19,1228.23,1228.23
611,3537.00,32.18607846,119.92272638,32.19543001,119.93837766,32.18852179,119.92681567,0.7200,1804.78,0,445,split_learned_disk,18,1,-1,3831.18,1439.47,1439.47
612,3542.00,32.18607846,119.92272638,32.17713016,119.91997302,32.18434489,119.92219296,0.7200,1029.34,0,445,split_learned_disk,18,1,-1,3939.16,1253.90,1253.90
613,3547.00,32.20284891,119.91103937,32.17784519,119.91685554,32.19751155,119.91228090,0.7200,2836.82,0,646,split_learned_disk,18,1,-1,3018.91,1308.51,1308.51
614,3552.00,32.24773228,119.92989494,32.20323818,119.90409949,32.20323818,119.90409949,0.6033,5516.98,1,1230,split_learned_disk,13,1,-1,2785.83,2417.47,2417.47
615,3556.00,32.20284891,119.91103937,32.20781949,119.89755435,32.20336521,119.90963867,0.7200,1385.51,0,646,split_learned_disk,18,1,-1,3116.74,866.00,866.00
616,3561.00,32.17616781,119.93146026,32.20688362,119.90744807,32.20688362,119.90744807,0.6733,4099.69,1,311,split_learned_disk,16,1,10,5458.50,77.33,77.33
617,3566.00,32.16804305,119.91581841,32.21040204,119.90525748,32.17084857,119.91511894,0.9533,4819.19,0,188,split_learned_disk,28,1,-1,6773.82,2708.76,2708.76
618,3571.00,32.17759963,119.93148562,32.15610681,119.91748096,32.15610681,119.91748096,0.6033,2732.16,1,334,split_learned_disk,13,1,4,5481.14,95.55,95.55
619,3576.00,32.17616781,119.93146026,32.14136505,119.91984299,32.14136505,119.91984299,0.6733,4025.82,1,311,split_learned_disk,16,1,7,5792.39,44.05,44.05
620,3581.00,32.17616781,119.93146026,32.12662329,119.92220501,32.12662329,119.92220501,0.6733,5583.77,1,311,split_learned_disk,16,1,-1,5892.57,266.08,266.08
621,3585.00,32.23645418,119.91207913,32.11482988,119.92409464,32.11482988,119.92409464,0.6033,13586.44,1,1060,split_learned_disk,13,1,9,2045.48,43.51,43.51
622,3590.00,32.17477891,119.91175513,32.10008813,119.92645666,32.10008813,119.92645666,0.6267,8429.11,1,279,split_learned_disk,14,1,-1,6554.82,194.36,194.36
623,3594.00,32.23578896,119.90679288,32.08829472,119.92834628,32.08829472,119.92834628,0.6267,16544.10,1,1058,split_learned_disk,14,1,-1,2386.08,332.36,332.36
624,3599.00,32.22249373,119.94246955,32.07355296,119.93070831,32.07355296,119.93070831,0.6033,16617.06,1,914,split_learned_disk,13,1,-1,1608.84,151.19,151.19
625,3603.00,32.17378107,119.91493081,32.06175955,119.93259793,32.06175955,119.93259793,0.6967,12580.79,1,280,split_learned_disk,17,1,-1,6807.94,256.72,256.72
626,3608.00,32.18607846,119.92272638,32.04701779,119.93495995,32.18561577,119.92276708,0.7200,15523.06,0,445,split_learned_disk,18,1,-1,5401.11,1267.15,1267.15
627,3612.00,32.18607846,119.92272638,32.19164289,119.92308898,32.18736423,119.92281016,0.7200,620.37,0,445,split_learned_disk,18,1,-1,5500.56,1555.22,1555.22
628,3617.00,32.22287999,119.92721378,32.19142354,119.92298611,32.19142354,119.92298611,0.5567,3524.30,1,907,split_learned_disk,11,1,-1,1593.60,1573.08,1573.08
629,3621.00,32.22287999,119.92721378,32.19467099,119.92312687,32.19467099,119.92312687,0.5567,3163.74,1,907,split_learned_disk,11,1,-1,1691.55,1691.55,1691.55
630,3626.00,32.21019634,119.91114649,32.19873030,119.92330282,32.19873030,119.92330282,0.5800,1714.76,1,739,split_learned_disk,12,1,-1,3558.67,1794.76,1794.76
631,3630.00,32.22262249,119.93856542,32.20197774,119.92344359,32.20197774,119.92344359,0.5333,2703.80,1,912,split_learned_disk,10,1,5,2079.39,110.46,110.46
632,3635.00,32.18607846,119.92272638,32.20603705,119.92361954,32.18630891,119.92273669,0.7200,2223.38,0,445,split_learned_disk,18,1,-1,6043.89,248.51,248.51
633,3639.00,32.18885146,119.92416490,32.18556967,119.92269904,32.18556967,119.92269904,0.6967,390.55,1,469,split_learned_disk,17,1,-1,5928.75,2999.90,2999.90
634,3644.00,32.18885146,119.92416490,32.18464562,119.92265199,32.18464562,119.92265199,0.6967,489.40,1,469,split_learned_disk,17,1,-1,6034.85,378.69,378.69
635,3648.00,32.24773228,119.92989494,32.18390637,119.92261434,32.18390637,119.92261434,0.6033,7138.12,1,1230,split_learned_disk,13,1,10,476.98,95.35,95.35
636,3653.00,32.24773228,119.92989494,32.18298232,119.92256728,32.18298232,119.92256728,0.6033,7240.94,1,1230,split_learned_disk,13,1,-1,370.78,356.51,356.51
637,3657.00,32.24773228,119.92989494,32.18224308,119.92252964,32.18224308,119.92252964,0.6033,7323.20,1,1230,split_learned_disk,13,1,8,268.75,82.97,82.97
638,3662.00,32.16748512,119.94618347,32.18131903,119.92248258,32.18131903,119.92248258,0.6733,2712.14,1,203,split_learned_disk,16,1,5,9040.19,104.63,104.63
639,3666.00,32.24773228,119.92989494,32.18057978,119.92244493,32.18057978,119.92244493,0.6033,7508.28,1,1230,split_learned_disk,13,1,7,220.63,24.97,24.97
640,3671.00,32.20095572,119.95385923,32.17965573,119.92239787,32.20086989,119.95373245,0.7433,3795.35,0,643,split_learned_disk,19,1,-1,5813.15,236.13,236.13
641,3675.00,32.20095572,119.95385923,32.20314090,119.95814112,32.20147148,119.95486987,0.7433,471.01,0,643,split_learned_disk,19,1,-1,5914.54,612.33,612.33
642,3679.00,32.18707630,119.95201495,32.20268139,119.95719929,32.20268139,119.95719929,0.6033,1804.49,1,458,split_learned_disk,13,1,-1,7446.71,3819.56,3819.56
643,3723.00,32.19032620,119.94812919,32.21599035,119.98282294,32.19038959,119.94821489,0.9533,4340.72,0,503,split_learned_disk,28,1,-1,6983.33,1088.41,1088.41
644,3729.00,32.22759983,119.93722834,32.18899698,119.94737304,32.18899698,119.94737304,0.6967,4402.23,1,957,split_learned_disk,17,1,-1,2706.32,1117.87,1117.87
645,3735.00,32.16108188,119.94584111,32.18760436,119.94653118,32.18760436,119.94653118,0.6033,2953.20,1,111,split_learned_disk,13,1,6,10070.28,145.62,145.62
646,3742.00,32.24773228,119.92989494,32.18597964,119.94554902,32.18597964,119.94554902,0.6033,7030.67,1,1230,split_learned_disk,13,1,1,74.64,74.64,74.64
647,3748.00,32.16748512,119.94618347,32.18458702,119.94470717,32.18458702,119.94470717,0.6733,1908.85,1,203,split_learned_disk,16,1,2,9060.97,94.13,94.13
648,3755.00,32.16748512,119.94618347,32.18296230,119.94372501,32.18296230,119.94372501,0.6733,1738.41,1,203,split_learned_disk,16,1,7,8935.59,47.04,47.04
649,3762.00,32.18885146,119.92416490,32.18133757,119.94274285,32.18133757,119.94274285,0.6967,1939.59,1,469,split_learned_disk,17,1,3,6331.44,102.68,102.68
650,3769.00,32.20776187,119.92720809,32.17971285,119.94176069,32.17971285,119.94176069,0.6967,3410.07,1,699,split_learned_disk,17,1,-1,4232.37,1205.77,1205.77
651,3776.00,32.19032620,119.94812919,32.17808813,119.94077853,32.19030169,119.94811447,0.9533,1528.20,0,503,split_learned_disk,28,1,-1,6120.18,3016.19,3016.19
652,3783.00,32.25321871,119.91901245,32.19090595,119.94847112,32.19090595,119.94847112,0.5567,7471.09,1,1294,split_learned_disk,11,1,2,1678.17,46.18,46.18
653,3790.00,32.18707630,119.95201495,32.19151020,119.94882777,32.19151020,119.94882777,0.6033,577.71,1,458,split_learned_disk,13,1,-1,6319.67,1058.51,1058.51
654,3797.00,32.18707630,119.95201495,32.19211445,119.94918442,32.19211445,119.94918442,0.6033,621.00,1,458,split_learned_disk,13,1,-1,6212.77,1077.58,1077.58
655,3803.00,32.24496520,119.93184066,32.19263239,119.94949012,32.19263239,119.94949012,0.6033,6058.26,1,1185,split_learned_disk,13,1,-1,552.21,552.21,552.21
656,3810.00,32.20003891,119.93687330,32.19323664,119.94984677,32.20000448,119.93693897,0.7900,1437.63,0,612,split_learned_disk,21,1,-1,4352.85,663.13,663.13
657,3817.00,32.20095572,119.95385923,32.20228295,119.93410251,32.20115015,119.95096508,0.7433,1866.85,0,643,split_learned_disk,19,1,-1,4434.14,2495.53,2495.53
658,3824.00,32.19032620,119.94812919,32.20253266,119.96146566,32.19185878,119.94980364,0.9533,1850.55,0,503,split_learned_disk,28,1,-1,5329.75,2252.02,2252.02
659,3831.00,32.20284891,119.91103937,32.18557412,119.95192727,32.19970839,119.91847269,0.7200,4304.86,0,646,split_learned_disk,18,1,-1,4204.35,1353.09,1353.09
660,3838.00,32.23304815,119.92216846,32.20375572,119.89614142,32.20375572,119.89614142,0.6500,4079.65,1,1043,split_learned_disk,15,1,-1,950.82,752.35,752.35
661,3844.00,32.18707630,119.95201495,32.20722486,119.87700034,32.20722486,119.87700034,0.6033,7413.49,1,458,split_learned_disk,13,1,-1,5450.67,1812.46,1812.46
662,3850.00,32.18350451,119.93308898,32.21069401,119.85785925,32.21069401,119.85785925,0.6033,7705.64,1,404,split_learned_disk,13,1,-1,5482.17,1810.09,1810.09
663,3857.00,32.25341184,119.91032929,32.21474134,119.83552799,32.21474134,119.83552799,0.6267,8256.92,1,1290,split_learned_disk,14,1,-1,3303.88,1065.46,1065.46
664,3863.00,32.17679012,119.95037923,32.21821048,119.81638690,32.21821048,119.81638690,0.5567,13437.36,1,320,split_learned_disk,11,1,6,6267.95,80.70,80.70
665,3870.00,32.24350119,119.92446353,32.22225781,119.79405564,32.22225781,119.79405564,0.6500,12509.41,1,1158,split_learned_disk,15,1,-1,1776.49,165.86,165.86
666,3877.00,32.22759983,119.93722834,32.22630514,119.77172437,32.22630514,119.77172437,0.6967,15590.41,1,957,split_learned_disk,17,1,-1,295.45,295.45,295.45
667,3883.00,32.16025572,119.92017901,32.22977428,119.75258328,32.22977428,119.75258328,0.6500,17581.57,1,98,split_learned_disk,15,1,-1,7690.98,739.57,739.57
668,3889.00,32.22759983,119.93722834,32.23324342,119.73344220,32.23324342,119.73344220,0.6967,19206.04,1,957,split_learned_disk,17,1,1,71.20,71.20,71.20
669,3895.00,32.24350119,119.92446353,32.23671256,119.71430111,32.24350119,119.92446353,0.6500,19810.80,1,1158,split_learned_disk,15,1,-1,2200.44,480.28,480.28
670,3901.00,32.24350119,119.92446353,32.24350119,119.92446353,32.24350119,119.92446353,0.6500,0.00,0,1158,split_learned_disk,15,1,9,2296.57,66.62,66.62
671,3907.00,32.24350119,119.92446353,32.24350119,119.92446353,32.24350119,119.92446353,0.6500,0.00,0,1158,split_learned_disk,15,1,8,2384.22,118.13,118.13
672,3913.00,32.24027275,119.92727149,32.24350119,119.92446353,32.24350119,119.92446353,0.6500,446.23,1,1113,split_learned_disk,15,1,5,2080.42,29.02,29.02
673,3918.00,32.16164462,119.92028614,32.24350119,119.92446353,32.24350119,119.92446353,0.6733,9120.77,1,122,split_learned_disk,16,1,3,6830.63,123.36,123.36
674,3925.00,32.16131201,119.94052383,32.24350119,119.92446353,32.24350119,119.92446353,0.6033,9273.53,1,131,split_learned_disk,13,1,-1,6579.00,175.24,175.24
675,3931.00,32.15216796,119.91718085,32.24350119,119.92446353,32.24350119,119.92446353,0.5333,10190.33,1,5,split_learned_disk,10,1,7,7677.83,63.46,63.46
676,3937.00,32.15216796,119.91718085,32.24350119,119.92446353,32.24350119,119.92446353,0.5333,10190.33,1,5,split_learned_disk,10,1,6,7569.76,60.82,60.82
677,3943.00,32.18607846,119.92272638,32.24350119,119.92446353,32.18636232,119.92273496,0.7200,6394.39,0,445,split_learned_disk,18,1,6,3680.08,85.45,85.45
678,3950.00,32.22287999,119.90810461,32.17274860,119.92232312,32.17274860,119.92232312,0.5800,5739.09,1,898,split_learned_disk,12,1,7,2802.04,138.40,138.40
679,3958.00,32.18831499,119.95319987,32.15719006,119.92185244,32.15719006,119.92185244,0.6033,4552.36,1,482,split_learned_disk,13,1,-1,3365.04,214.88,214.88
680,3964.00,32.18831499,119.95319987,32.14552116,119.92149943,32.14552116,119.92149943,0.6033,5622.31,1,482,split_learned_disk,13,1,-1,3265.40,313.01,313.01
681,3970.00,32.18607846,119.92272638,32.13385225,119.92114643,32.18554851,119.92271035,0.7200,5815.73,0,445,split_learned_disk,18,1,-1,3317.71,2786.89,2786.89
682,3977.00,32.18885146,119.92416490,32.18756503,119.92277135,32.18756503,119.92277135,0.6967,194.26,1,469,split_learned_disk,17,1,2,2951.20,90.46,90.46
683,3983.00,32.16164462,119.92028614,32.18929347,119.92282364,32.18929347,119.92282364,0.6733,3087.14,1,122,split_learned_disk,16,1,-1,5807.09,1609.84,1609.84
684,3989.00,32.25322944,119.92538218,32.19102192,119.92287593,32.19102192,119.92287593,0.5800,6928.96,1,1297,split_learned_disk,12,1,-1,4887.31,2077.65,2077.65
685,3996.00,32.25322944,119.92538218,32.19303843,119.92293693,32.19303843,119.92293693,0.5800,6704.42,1,1297,split_learned_disk,12,1,-1,4984.41,579.33,579.33
686,4002.00,32.25322944,119.92538218,32.19476687,119.92298922,32.19476687,119.92298922,0.5800,6511.96,1,1297,split_learned_disk,12,1,-1,5115.75,617.36,617.36
687,4008.00,32.18607846,119.92272638,32.19649532,119.92304151,32.18612817,119.92272788,0.7200,1159.98,0,445,split_learned_disk,18,1,-1,2788.01,717.56,717.56
688,4015.00,32.18607846,119.92272638,32.18573298,119.92271593,32.18603104,119.92272494,0.7200,38.47,0,445,split_learned_disk,18,1,-1,2695.11,2406.98,2406.98
689,4021.00,32.23578896,119.90679288,32.18589627,119.92272087,32.18589627,119.92272087,0.6267,5753.13,1,1058,split_learned_disk,14,1,-1,4519.49,2081.02,2081.02
690,4029.00,32.24112999,119.95282647,32.18571657,119.92271543,32.18571657,119.92271543,0.5800,6789.45,1,1171,split_learned_disk,12,1,-1,4329.79,2204.09,2204.09
691,4036.00,32.24350119,119.92446353,32.18555933,119.92271067,32.18555933,119.92271067,0.6500,6452.20,1,1158,split_learned_disk,15,1,-1,4591.18,1522.66,1522.66
692,4043.00,32.25321871,119.91901245,32.18540210,119.92270592,32.18540210,119.92270592,0.5567,7557.36,1,1294,split_learned_disk,11,1,-1,5949.71,3353.12,3353.12
693,4051.00,32.18831499,119.95319987,32.18522240,119.92270048,32.18522240,119.92270048,0.6033,2893.46,1,482,split_learned_disk,13,1,-1,1907.86,1191.36,1191.36
694,4058.00,32.24258919,119.94510567,32.18506516,119.92269572,32.18506516,119.92269572,0.6733,6742.53,1,1169,split_learned_disk,16,1,-1,4662.74,1540.42,1540.42
695,4064.00,32.17378107,119.91493081,32.18493039,119.92269165,32.18493039,119.92269165,0.6967,1440.43,1,280,split_learned_disk,17,1,-1,3739.57,2646.41,2646.41
696,4071.00,32.25135772,119.90983477,32.18477315,119.92268689,32.18477315,119.92268689,0.6733,7510.41,1,1267,split_learned_disk,16,1,-1,6526.22,1345.68,1345.68
697,4077.00,32.25135772,119.90983477,32.18463838,119.92268281,32.18463838,119.92268281,0.6733,7525.15,1,1267,split_learned_disk,16,1,-1,6626.14,2981.04,2981.04
698,4083.00,32.25341184,119.91032929,32.18450360,119.92267873,32.25341184,119.91032929,0.6267,7758.57,1,1290,split_learned_disk,14,1,-1,6897.33,1448.84,1448.84
699,4090.00,32.24773228,119.92989494,32.25341184,119.91032929,32.25341184,119.91032929,0.6033,1948.43,1,1230,split_learned_disk,13,1,-1,5873.67,660.52,660.52
700,4096.00,32.18707630,119.95201495,32.25341184,119.91032929,32.25341184,119.91032929,0.6033,8363.53,1,458,split_learned_disk,13,1,-1,1287.04,321.32,321.32
701,4103.00,32.16164462,119.92028614,32.25341184,119.91032929,32.25341184,119.91032929,0.6733,10258.49,1,122,split_learned_disk,16,1,-1,4121.18,392.87,392.87
702,4111.00,32.16164462,119.92028614,32.25341184,119.91032929,32.25341184,119.91032929,0.6733,10258.49,1,122,split_learned_disk,16,1,-1,4024.10,406.33,406.33
703,4117.00,32.19032620,119.94812919,32.25341184,119.91032929,32.19034499,119.94811794,0.9533,7873.75,0,503,split_learned_disk,28,1,-1,634.67,560.19,560.19
704,4124.00,32.25326163,119.94617079,32.18427084,119.95175747,32.18427084,119.95175747,0.6267,7698.06,1,1307,split_learned_disk,14,1,-1,6938.58,1545.46,1545.46
705,4130.00,32.20973498,119.94513103,32.17906443,119.95487706,32.17906443,119.95487706,0.6500,3535.51,1,755,split_learned_disk,15,1,-1,2248.70,2248.70,2248.70
706,4137.00,32.25326163,119.94617079,32.17299028,119.95851660,32.17299028,119.95851660,0.6267,9011.16,1,1307,split_learned_disk,14,1,-1,7144.98,1573.81,1573.81
707,4144.00,32.24797906,119.93291146,32.16691614,119.96215613,32.16691614,119.96215613,0.5567,9435.02,1,1232,split_learned_disk,11,1,-1,6708.34,688.77,688.77
708,4151.00,32.16748512,119.94618347,32.16084199,119.96579566,32.16084199,119.96579566,0.6733,1989.90,1,203,split_learned_disk,16,1,-1,2261.01,1909.44,1909.44
709,4158.00,32.24982933,119.91022785,32.15476784,119.96943519,32.15476784,119.96943519,0.5567,11961.92,1,1244,split_learned_disk,11,1,-1,7716.47,1330.76,1330.76
710,4165.00,32.21598320,119.91878421,32.14869369,119.97307472,32.14869369,119.97307472,0.6267,9069.86,1,811,split_learned_disk,14,1,-1,4137.33,1230.01,1230.01
711,4172.00,32.23578896,119.90679288,32.14261955,119.97671425,32.14261955,119.97671425,0.6267,12286.16,1,1058,split_learned_disk,14,1,-1,6717.75,962.31,962.31
712,4178.00,32.25326163,119.94617079,32.13741313,119.97983385,32.13741313,119.97983385,0.6267,13280.36,1,1307,split_learned_disk,14,1,-1,7797.98,451.48,451.48
713,4184.00,32.24258919,119.94510567,32.13220672,119.98295345,32.24258919,119.94510567,0.6733,12794.50,1,1169,split_learned_disk,16,1,-1,6709.80,2606.52,2606.52
714,4191.00,32.23493061,119.93049090,32.24258919,119.94510567,32.24258919,119.94510567,0.6967,1619.26,1,1069,split_learned_disk,17,1,-1,6174.03,655.94,655.94
715,4197.00,32.23578896,119.90679288,32.24258919,119.94510567,32.24258919,119.94510567,0.6267,3687.44,1,1058,split_learned_disk,14,1,-1,7146.43,349.26,349.26
716,4204.00,32.15600798,119.95212907,32.24258919,119.94510567,32.24258919,119.94510567,0.6267,9660.90,1,67,split_learned_disk,14,1,-1,2613.01,990.53,990.53
717,4211.00,32.24238533,119.95264195,32.24258919,119.94510567,32.24258919,119.94510567,0.6267,710.25,1,1172,split_learned_disk,14,1,-1,7188.13,740.29,740.29
718,4217.00,32.24773228,119.92989494,32.24258919,119.94510567,32.24258919,119.94510567,0.6033,1542.94,1,1230,split_learned_disk,13,1,-1,7989.12,2048.19,2048.19
719,4224.00,32.24350119,119.92446353,32.24258919,119.94510567,32.24258919,119.94510567,0.6500,1947.05,1,1158,split_learned_disk,15,1,-1,7649.92,649.90,649.90
720,4230.00,32.25321871,119.91901245,32.24258919,119.94510567,32.24258919,119.94510567,0.5567,2727.87,1,1294,split_learned_disk,11,1,-1,9046.93,2026.23,2026.23
721,4237.00,32.24814592,119.95426499,32.24258919,119.94510567,32.24258919,119.94510567,0.6500,1061.60,1,1218,split_learned_disk,15,1,-1,8010.51,1207.84,1207.84
722,4244.00,32.18712995,119.93247466,32.24258919,119.94510567,32.24258919,119.94510567,0.6500,6287.32,1,449,split_learned_disk,15,1,-1,2028.97,806.51,806.51
723,4250.00,32.25314953,119.94052383,32.24258919,119.94510567,32.25314953,119.94052383,0.6267,1252.30,1,1281,split_learned_disk,14,1,-1,8826.70,742.20,742.20
724,4257.00,32.19413404,119.93358350,32.25314953,119.94052383,32.25314953,119.94052383,0.6033,6602.05,1,542,split_learned_disk,13,1,-1,2818.80,693.88,693.88
725,4263.00,32.16179483,119.94844619,32.25314953,119.94052383,32.25314953,119.94052383,0.6500,10196.95,1,135,split_learned_disk,15,1,-1,989.61,403.86,403.86
726,4270.00,32.16748512,119.94618347,32.25314953,119.94052383,32.25314953,119.94052383,0.6733,9551.05,1,203,split_learned_disk,16,1,-1,276.33,276.33,276.33
727,4277.00,32.16748512,119.94618347,32.25314953,119.94052383,32.25314953,119.94052383,0.6733,9551.05,1,203,split_learned_disk,16,1,-1,169.97,169.97,169.97
728,4284.00,32.16748512,119.94618347,32.25314953,119.94052383,32.25314953,119.94052383,0.6733,9551.05,1,203,split_learned_disk,16,1,1,78.77,78.77,78.77
729,4291.00,32.17378107,119.91493081,32.25314953,119.94052383,32.25314953,119.94052383,0.6967,9158.28,1,280,split_learned_disk,17,1,-1,3274.32,370.30,370.30
730,4298.00,32.20099864,119.92417758,32.25314953,119.94052383,32.25314953,119.94052383,0.6967,6006.16,1,630,split_learned_disk,17,1,-1,4524.23,1051.82,1051.82
731,4305.00,32.18831499,119.95319987,32.25314953,119.94052383,32.25314953,119.94052383,0.6033,7315.48,1,482,split_learned_disk,13,1,-1,2712.85,2319.11,2319.11
732,4311.00,32.19032620,119.94812919,32.25314953,119.94052383,32.19032851,119.94812891,0.9533,7030.09,0,503,split_learned_disk,28,1,-1,2988.21,1820.23,1820.23
733,4319.00,32.19032620,119.94812919,32.18682508,119.94855304,32.19021198,119.94814302,0.9533,391.78,0,503,split_learned_disk,28,1,-1,3099.52,467.55,467.55
734,4326.00,32.16748512,119.94618347,32.18999925,119.94816877,32.18999925,119.94816877,0.6733,2513.24,1,203,split_learned_disk,16,1,-1,660.58,315.40,315.40
735,4334.00,32.20973498,119.94513103,32.18975612,119.94819821,32.18975612,119.94819821,0.6500,2242.73,1,755,split_learned_disk,15,1,-1,5527.63,1938.35,1938.35
736,4341.00,32.16748512,119.94618347,32.18954339,119.94822396,32.18954339,119.94822396,0.6733,2463.04,1,203,split_learned_disk,16,1,8,870.52,61.83,61.83
737,4349.00,32.20973498,119.94513103,32.18930026,119.94825339,32.18930026,119.94825339,0.6500,2293.73,1,755,split_learned_disk,15,1,-1,5750.05,258.20,258.20
