Frame,Time_Sec,Raw_Lat,Raw_Lng,Predicted_Lat,Predicted_Lng,Filtered_Lat,Filtered_Lng,Match_Confidence,Innovation_M,Outlier_Rejected,Best_Match_Idx,Algorithm,Inliers,Measurement_Valid,Correct_Candidate_Rank,Top1_Min_Dist_M,Top5_Min_Dist_M,Top10_Min_Dist_M
1,5.00,29.73713261,116.04711641,29.79960000,116.04100000,29.79960000,116.04100000,0.4400,6978.94,1,96,orb,6,1,-1,7000.24,837.30,837.30
2,10.00,29.81702560,116.04204962,29.79960000,116.04100000,29.79960000,116.04100000,0.4633,1942.47,1,769,orb,7,1,-1,2109.24,907.73,907.73
3,15.00,29.72577343,116.05726766,29.79960000,116.04100000,29.79960000,116.04100000,0.4400,8367.35,1,11,orb,6,1,-1,8154.69,1028.99,1028.99
4,20.00,29.81231175,116.05957767,29.79960000,116.04100000,29.79960000,116.04100000,0.4400,2285.79,1,733,orb,6,1,-1,2525.83,1015.73,1015.73
5,25.00,29.81663930,116.04188892,29.79960000,116.04100000,29.79960000,116.04100000,0.4167,1898.76,1,769,orb,5,1,-1,2342.77,2342.77,2342.77
6,30.00,29.79527298,116.04070918,29.79960000,116.04100000,29.79960000,116.04100000,0.4400,482.50,1,588,orb,6,1,1,100.30,100.30,100.30
7,35.00,29.79469353,116.04075863,29.79960000,116.04100000,29.79960000,116.04100000,0.5100,546.69,1,588,orb,9,1,1,137.89,137.89,137.89
8,40.00,29.72903402,116.04929748,29.79960000,116.04100000,29.79960000,116.04100000,0.4167,7896.21,1,37,orb,5,1,-1,7259.62,904.37,904.37
9,45.00,29.80843951,116.04505896,29.79960000,116.04100000,29.79960000,116.04100000,0.4633,1059.30,1,695,orb,7,1,-1,2654.20,1112.66,1112.66
10,50.00,29.77879219,116.05545745,29.79960000,116.04100000,29.77879219,116.05545745,0.4633,2704.98,1,460,orb,7,1,-1,1954.85,469.15,469.15
11,55.00,29.79310079,116.03325118,29.77879219,116.05545745,29.77879219,116.05545745,0.4633,2672.32,1,570,orb,7,1,-1,732.17,732.17,732.17
12,60.00,29.72523690,116.03545697,29.77879219,116.05545745,29.77879219,116.05545745,0.4633,6267.19,1,1,orb,7,1,-1,7319.83,1337.24,1337.24
13,64.00,29.72843311,116.05289316,29.77879219,116.05545745,29.77879219,116.05545745,0.4400,5611.45,1,39,orb,6,1,-1,6913.21,302.45,302.45
14,70.00,29.74843203,116.03485122,29.77879219,116.05545745,29.77879219,116.05545745,0.4167,3922.61,1,196,orb,5,1,-1,4574.24,4574.24,4574.24
15,74.00,29.73425220,116.03506138,29.77879219,116.05545745,29.77879219,116.05545745,0.4167,5335.52,1,76,orb,5,1,-1,6089.50,841.44,841.44
16,80.00,29.76717085,116.03999218,29.77879219,116.05545745,29.77879219,116.05545745,0.4167,1976.55,1,348,orb,5,1,5,2393.17,98.98,98.98
17,85.00,29.78565214,116.03401763,29.77879219,116.05545745,29.77879219,116.05545745,0.4633,2207.94,1,495,orb,7,1,-1,765.58,310.94,310.94
18,89.00,29.81031125,116.04028887,29.77879219,116.05545745,29.77879219,116.05545745,0.4167,3802.53,1,708,orb,5,1,-1,2577.73,2577.73,2577.73
19,94.00,29.81104555,116.05457974,29.77879219,116.05545745,29.77879219,116.05545745,0.4167,3591.45,1,730,orb,5,1,-1,3136.51,3136.51,3136.51
20,99.00,29.79645796,116.05991145,29.77879219,116.05545745,29.79645796,116.05991145,0.4167,2013.10,1,613,orb,5,1,-1,2321.38,2321.38,2321.38
21,104.00,29.77971502,116.04376093,29.79645796,116.05991145,29.79645796,116.05991145,0.4167,2430.90,1,455,orb,5,1,-1,662.88,662.88,662.88
22,109.00,29.75129098,116.05711931,29.79645796,116.05991145,29.79645796,116.05991145,0.4633,5035.22,1,221,orb,7,1,-1,4004.57,151.44,151.44
23,114.00,29.72531201,116.06332874,29.79645796,116.05991145,29.79645796,116.05991145,0.4167,7926.85,1,14,orb,5,1,3,6768.99,107.14,107.14
24,119.00,29.78342019,116.05131784,29.79645796,116.05991145,29.79645796,116.05991145,0.3933,1672.12,1,503,orb,4,1,-1,933.70,933.70,933.70
25,124.00,29.73719699,116.04716586,29.79645796,116.05991145,29.79645796,116.05991145,0.4633,6710.91,1,96,orb,7,1,-1,5103.38,1457.07,1457.07
26,129.00,29.81657491,116.04639940,29.79645796,116.05991145,29.79645796,116.05991145,0.5100,2592.23,1,771,orb,9,1,-1,4041.59,365.24,365.24
27,134.00,29.81729386,116.04209907,29.79645796,116.05991145,29.79645796,116.05991145,0.4633,2888.30,1,769,orb,7,1,-1,4089.55,506.34,506.34
28,139.00,29.73677850,116.04934692,29.79645796,116.05991145,29.79645796,116.05991145,0.4400,6721.49,1,97,orb,6,1,-1,4884.41,4167.45,4167.45
29,145.00,29.79366951,116.06274772,29.79645796,116.05991145,29.79645796,116.05991145,0.4167,414.08,1,584,orb,5,1,-1,2668.18,2668.18,2668.18
30,150.00,29.79645796,116.05991145,29.79645796,116.05991145,29.79645796,116.05991145,0.3000,0.00,0,-1,orb,0,0,-1,,,
31,155.00,29.79645796,116.05991145,29.79645796,116.05991145,29.79645796,116.05991145,0.3000,0.00,0,-1,orb,0,0,-1,,,
32,160.00,29.79645796,116.05991145,29.79645796,116.05991145,29.79645796,116.05991145,0.3000,0.00,0,-1,orb,0,0,-1,,,
33,165.00,29.79645796,116.05991145,29.79645796,116.05991145,29.79645796,116.05991145,0.3000,0.00,0,-1,orb,0,0,-1,,,
34,170.00,29.79645796,116.05991145,29.79645796,116.05991145,29.79645796,116.05991145,0.3000,0.00,0,-1,orb,0,0,-1,,,
35,176.00,29.79645796,116.05991145,29.79645796,116.05991145,29.79645796,116.05991145,0.3000,0.00,0,-1,orb,0,0,-1,,,
36,181.00,29.74882906,116.04709701,29.79645796,116.05991145,29.74882906,116.04709701,0.4167,5444.72,1,202,orb,5,1,-1,2885.80,2885.80,2885.80
37,186.00,29.81055805,116.06106113,29.74882906,116.04709701,29.74882906,116.04709701,0.3933,7002.89,1,718,orb,4,1,-1,4500.10,4500.10,4500.10
38,191.00,29.74882906,116.04709701,29.74882906,116.04709701,29.74882906,116.04709701,0.3000,0.00,0,-1,orb,0,0,-1,,,
39,196.00,29.74882906,116.04709701,29.74882906,116.04709701,29.74882906,116.04709701,0.3000,0.00,0,-1,orb,0,0,-1,,,
40,200.00,29.74882906,116.04709701,29.74882906,116.04709701,29.74882906,116.04709701,0.3000,0.00,0,-1,orb,0,0,-1,,,
41,205.00,29.74882906,116.04709701,29.74882906,116.04709701,29.74882906,116.04709701,0.3000,0.00,0,-1,orb,0,0,-1,,,
42,210.00,29.74882906,116.04709701,29.74882906,116.04709701,29.74882906,116.04709701,0.3000,0.00,0,-1,orb,0,0,-1,,,
43,216.00,29.74882906,116.04709701,29.74882906,116.04709701,29.74882906,116.04709701,0.3000,0.00,0,-1,orb,0,0,-1,,,
44,221.00,29.74882906,116.04709701,29.74882906,116.04709701,29.74882906,116.04709701,0.3000,0.00,0,-1,orb,0,0,-1,,,
45,228.00,29.74882906,116.04709701,29.74882906,116.04709701,29.74882906,116.04709701,0.3000,0.00,0,-1,orb,0,0,-1,,,
46,233.00,29.74882906,116.04709701,29.74882906,116.04709701,29.74882906,116.04709701,0.3000,0.00,0,-1,orb,0,0,-1,,,
47,238.00,29.74882906,116.04709701,29.74882906,116.04709701,29.74882906,116.04709701,0.3000,0.00,0,-1,orb,0,0,-1,,,
48,243.00,29.72506521,116.04935929,29.74882906,116.04709701,29.74882906,116.04709701,0.4400,2654.41,1,7,orb,6,1,-1,4507.94,1949.60,1949.60
49,248.00,29.78284685,116.04151805,29.74882906,116.04709701,29.74882906,116.04709701,0.6967,3825.04,1,484,orb,17,1,-1,2027.42,1699.66,1699.66
50,253.00,29.74882906,116.04709701,29.74882906,116.04709701,29.74882906,116.04709701,0.3000,0.00,0,-1,orb,0,0,-1,,,
51,258.00,29.74882906,116.04709701,29.74882906,116.04709701,29.74882906,116.04709701,0.0000,0.00,0,-1,orb,0,0,-1,,,
52,263.00,29.74882906,116.04709701,29.74882906,116.04709701,29.74882906,116.04709701,0.3000,0.00,0,-1,orb,0,0,-1,,,
53,269.00,29.74882906,116.04709701,29.74882906,116.04709701,29.74882906,116.04709701,0.3000,0.00,0,-1,orb,0,0,-1,,,
54,274.00,29.74882906,116.04709701,29.74882906,116.04709701,29.74882906,116.04709701,0.3000,0.00,0,-1,orb,0,0,-1,,,
55,280.00,29.74882906,116.04709701,29.74882906,116.04709701,29.74882906,116.04709701,0.3000,0.00,0,-1,orb,0,0,-1,,,
56,285.00,29.74882906,116.04709701,29.74882906,116.04709701,29.74882906,116.04709701,0.3000,0.00,0,-1,orb,0,0,-1,,,
57,290.00,29.74882906,116.04709701,29.74882906,116.04709701,29.74882906,116.04709701,0.3000,0.00,0,-1,orb,0,0,-1,,,
58,295.00,29.74882906,116.04709701,29.74882906,116.04709701,29.74882906,116.04709701,0.3000,0.00,0,-1,orb,0,0,-1,,,
59,300.00,29.74882906,116.04709701,29.74882906,116.04709701,29.74882906,116.04709701,0.3000,0.00,0,-1,orb,0,0,-1,,,
60,305.00,29.74882906,116.04709701,29.74882906,116.04709701,29.74882906,116.04709701,0.3000,0.00,0,-1,orb,0,0,-1,,,
61,310.00,29.74882906,116.04709701,29.74882906,116.04709701,29.74882906,116.04709701,0.3000,0.00,0,-1,orb,0,0,-1,,,
62,315.00,29.74882906,116.04709701,29.74882906,116.04709701,29.74882906,116.04709701,0.3000,0.00,0,-1,orb,0,0,-1,,,
63,320.00,29.74882906,116.04709701,29.74882906,116.04709701,29.74882906,116.04709701,0.3000,0.00,0,-1,orb,0,0,-1,,,
64,324.00,29.74882906,116.04709701,29.74882906,116.04709701,29.74882906,116.04709701,0.3000,0.00,0,-1,orb,0,0,-1,,,
65,329.00,29.81606596,116.04801181,29.74882906,116.04709701,29.74882906,116.04709701,0.5100,7485.33,1,757,orb,9,1,-1,6929.52,2977.06,2977.06
66,334.00,29.81606596,116.04801181,29.74882906,116.04709701,29.74882906,116.04709701,0.6500,7485.33,1,757,orb,15,1,15,7018.13,100.03,100.03
67,338.00,29.77473291,116.04191364,29.74882906,116.04709701,29.77473291,116.04191364,0.7667,2926.79,0,409,orb,20,1,3,2463.00,115.88,115.88
68,343.00,29.78537315,116.03412889,29.77512162,116.04183586,29.78537306,116.03412898,0.7200,1362.69,0,495,orb,18,1,-1,3803.54,170.27,170.27
69,348.00,29.81080948,116.04713409,29.79601312,116.02634441,29.79601312,116.02634441,0.5567,2597.79,1,727,orb,11,1,-1,6852.75,1586.48,1586.48
70,354.00,29.72526909,116.05044012,29.80878119,116.01700293,29.80878119,116.01700293,0.4167,9842.01,1,8,orb,5,1,-1,2851.54,704.97,704.97
71,360.00,29.81011810,116.06099932,29.82154926,116.00766144,29.82154926,116.00766144,0.4400,5308.66,1,718,orb,6,1,-1,7034.46,1242.39,1242.39
72,365.00,29.80709358,116.03698988,29.83218931,115.99987687,29.83218931,115.99987687,0.4867,4545.86,1,676,orb,8,1,-1,6469.77,900.16,900.16
73,370.00,29.75784436,116.06205543,29.84282937,115.99209230,29.84282937,115.99209230,0.4400,11627.72,1,284,orb,6,1,-1,2390.53,2390.53,2390.53
74,376.00,29.74447395,116.04515082,29.85559744,115.98275082,29.85559744,115.98275082,0.5567,13761.50,1,171,orb,11,1,-1,533.60,428.99,428.99
75,382.00,29.78024544,116.03398054,29.86836551,115.97340933,29.86836551,115.97340933,0.4633,11422.89,1,465,orb,7,1,-1,3957.58,707.89,707.89
76,388.00,29.78467566,116.06049247,29.88113358,115.96406785,29.88113358,115.96406785,0.4633,14216.51,1,508,orb,7,1,-1,4768.83,520.74,520.74
77,393.00,29.88113358,115.96406785,29.89177364,115.95628328,29.89177364,115.95628328,0.3000,0.00,0,-1,orb,0,0,-1,,,
78,398.00,29.78880544,116.05807652,29.90241369,115.94849871,29.90241369,115.94849871,0.4633,16494.04,1,537,orb,7,1,-1,5214.59,787.97,787.97
79,404.00,29.72529055,116.04637468,29.91518176,115.93915723,29.72529055,116.04637468,0.4400,23540.95,1,6,orb,6,1,-1,2054.98,677.84,677.84
80,410.00,29.73276677,116.06158035,29.72529055,116.04637468,29.72529055,116.04637468,0.4167,1688.62,1,73,orb,5,1,-1,2204.20,414.87,414.87
81,415.00,29.73220878,116.06269827,29.72529055,116.04637468,29.72529055,116.04637468,0.4400,1755.28,1,74,orb,6,1,-1,2338.47,1140.62,1140.62
82,420.00,29.81134600,116.04762858,29.72529055,116.04637468,29.72529055,116.04637468,0.4633,9580.46,1,727,orb,7,1,-1,7883.30,558.66,558.66
83,426.00,29.74481732,116.06272299,29.72529055,116.04637468,29.72529055,116.04637468,0.4400,2687.10,1,179,orb,6,1,-1,2167.22,1450.86,1450.86
84,431.00,29.73978157,116.04021470,29.72529055,116.04637468,29.72529055,116.04637468,0.4867,1719.45,1,123,orb,8,1,1,98.89,98.89,98.89
85,436.00,29.79001188,116.03348606,29.72529055,116.04637468,29.72529055,116.04637468,0.4867,7311.62,1,540,orb,8,1,-1,8116.18,1126.87,1126.87
86,441.00,29.78422498,116.06002271,29.72529055,116.04637468,29.72529055,116.04637468,0.5100,6691.81,1,508,orb,9,1,-1,5502.69,340.52,340.52
87,446.00,29.75441208,116.05013107,29.72529055,116.04637468,29.72529055,116.04637468,0.4167,3262.07,1,248,orb,5,1,-1,2050.43,978.25,978.25
88,452.00,29.73687508,116.04688153,29.72529055,116.04637468,29.72529055,116.04637468,0.4400,1290.52,1,96,orb,6,1,-1,507.83,507.83,507.83
89,457.00,29.79620654,116.03607508,29.72529055,116.04637468,29.79620654,116.03607508,0.3933,7956.85,1,586,orb,4,1,-1,6627.42,6627.42,6627.42
90,462.00,29.72517251,116.05796526,29.79620654,116.03607508,29.79620654,116.03607508,0.4400,8185.52,1,12,orb,6,1,-1,2033.37,2033.37,2033.37
91,468.00,29.72533347,116.04952532,29.79620654,116.03607508,29.79620654,116.03607508,0.4633,7995.92,1,8,orb,7,1,-1,1372.90,193.24,193.24
92,473.00,29.79358366,116.05599435,29.79620654,116.03607508,29.79620654,116.03607508,0.4400,1946.77,1,581,orb,6,1,-1,6809.98,708.41,708.41
93,478.00,29.79620654,116.03607508,29.79620654,116.03607508,29.79620654,116.03607508,0.3000,0.00,0,-1,orb,0,0,-1,,,
94,484.00,29.79620654,116.03607508,29.79620654,116.03607508,29.79620654,116.03607508,0.3000,0.00,0,-1,orb,0,0,-1,,,
95,489.00,29.79620654,116.03607508,29.79620654,116.03607508,29.79620654,116.03607508,0.3000,0.00,0,-1,orb,0,0,-1,,,
96,494.00,29.79998220,116.05025469,29.79620654,116.03607508,29.79620654,116.03607508,0.4167,1433.15,1,623,orb,5,1,-1,7607.70,7607.70,7607.70
97,500.00,29.80711504,116.03700224,29.79620654,116.03607508,29.79620654,116.03607508,0.6733,1217.63,1,676,orb,16,1,-1,8457.87,185.25,185.25
98,505.00,29.75692154,116.04908732,29.79620654,116.03607508,29.79620654,116.03607508,0.5800,4550.37,1,277,orb,12,1,-1,3198.93,600.57,600.57
99,511.00,29.72514032,116.04956240,29.79620654,116.03607508,29.79620654,116.03607508,0.4400,8017.72,1,8,orb,6,1,-1,986.59,986.59,986.59
100,515.00,29.79620654,116.03607508,29.79620654,116.03607508,29.79620654,116.03607508,0.3000,0.00,0,-1,orb,0,0,-1,,,
101,559.00,29.79620654,116.03607508,29.79620654,116.03607508,29.79620654,116.03607508,0.3000,0.00,0,-1,orb,0,0,-1,,,
102,562.00,29.79620654,116.03607508,29.79620654,116.03607508,29.79620654,116.03607508,0.3000,0.00,0,-1,orb,0,0,-1,,,
103,565.00,29.78648302,116.03377039,29.79620654,116.03607508,29.79620654,116.03607508,0.6033,1105.09,1,510,orb,13,1,-1,6284.50,430.80,430.80
104,568.00,29.77891023,116.05505483,29.79620654,116.03607508,29.79620654,116.03607508,0.4633,2659.07,1,461,orb,7,1,-1,5500.79,2584.39,2584.39
105,571.00,29.74738655,116.04001690,29.79620654,116.03607508,29.74738655,116.04001690,0.4400,5447.97,1,183,orb,6,1,-1,1690.43,893.53,893.53
106,574.00,29.80983911,116.04204962,29.74738655,116.04001690,29.74738655,116.04001690,0.3933,6954.99,1,709,orb,4,1,-1,8587.62,8587.62,8587.62
107,577.00,29.74738655,116.04001690,29.74738655,116.04001690,29.74738655,116.04001690,0.3000,0.00,0,-1,orb,0,0,-1,,,
108,580.00,29.74738655,116.04001690,29.74738655,116.04001690,29.74738655,116.04001690,0.3000,0.00,0,-1,orb,0,0,-1,,,
109,583.00,29.74738655,116.04001690,29.74738655,116.04001690,29.74738655,116.04001690,0.3000,0.00,0,-1,orb,0,0,-1,,,
110,586.00,29.74976724,116.05580892,29.74738655,116.04001690,29.74738655,116.04001690,0.4167,1548.78,1,221,orb,5,1,-1,2116.88,1994.27,1994.27
111,589.00,29.81682172,116.04149333,29.74738655,116.04001690,29.74738655,116.04001690,0.5100,7730.84,1,769,orb,9,1,-1,8986.84,1654.91,1654.91
112,592.00,29.73298138,116.05093461,29.74738655,116.04001690,29.74738655,116.04001690,0.4633,1919.48,1,68,orb,7,1,-1,862.05,862.05,862.05
113,595.00,29.74738655,116.04001690,29.74738655,116.04001690,29.74738655,116.04001690,0.3000,0.00,0,-1,orb,0,0,-1,,,
114,598.00,29.77872781,116.05545042,29.74738655,116.04001690,29.74738655,116.04001690,0.4400,3794.27,1,461,orb,6,1,-1,4736.82,4736.82,4736.82
115,601.00,29.81090605,116.03528390,29.74738655,116.04001690,29.74738655,116.04001690,0.5800,7085.77,1,721,orb,12,1,-1,8104.26,448.11,448.11
116,605.00,29.81087386,116.03530862,29.74738655,116.04001690,29.74738655,116.04001690,0.5333,7082.04,1,721,orb,10,1,-1,8015.53,1123.61,1123.61
117,608.00,29.79726275,116.03584020,29.74738655,116.04001690,29.74738655,116.04001690,0.3933,5566.87,1,601,orb,4,1,-1,6345.52,6345.52,6345.52
118,611.00,29.80247020,116.05006925,29.74738655,116.04001690,29.74738655,116.04001690,0.4400,6208.37,1,653,orb,6,1,-1,6866.39,4856.43,4856.43
119,614.00,29.80210536,116.04995800,29.74738655,116.04001690,29.80210536,116.04995800,0.5100,6166.57,1,653,orb,9,1,-1,6788.89,717.68,717.68
120,617.00,29.80210536,116.04995800,29.80210536,116.04995800,29.80210536,116.04995800,0.3000,0.00,0,-1,orb,0,0,-1,,,
121,620.00,29.80210536,116.04995800,29.80210536,116.04995800,29.80210536,116.04995800,0.3000,0.00,0,-1,orb,0,0,-1,,,
122,623.00,29.80210536,116.04995800,29.80210536,116.04995800,29.80210536,116.04995800,0.3000,0.00,0,-1,orb,0,0,-1,,,
123,626.00,29.78822599,116.03358495,29.80210536,116.04995800,29.80210536,116.04995800,0.5100,2211.37,1,525,orb,9,1,-1,4921.63,377.94,377.94
124,629.00,29.79348709,116.03789764,29.80210536,116.04995800,29.80210536,116.04995800,0.4400,1509.46,1,572,orb,6,1,-1,5373.65,5373.65,5373.65
125,632.00,29.80210536,116.04995800,29.80210536,116.04995800,29.80210536,116.04995800,0.3000,0.00,0,-1,orb,0,0,-1,,,
126,635.00,29.80210536,116.04995800,29.80210536,116.04995800,29.80210536,116.04995800,0.3000,0.00,0,-1,orb,0,0,-1,,,
127,638.00,29.75691081,116.05978783,29.80210536,116.04995800,29.80210536,116.04995800,0.4633,5119.93,1,283,orb,7,1,-1,2041.14,2041.14,2041.14
128,642.00,29.78030520,116.04447794,29.80210536,116.04995800,29.80210536,116.04995800,0.4400,2483.89,1,455,orb,6,1,-1,3441.10,294.48,294.48
129,645.00,29.80121010,116.03498721,29.80210536,116.04995800,29.80210536,116.04995800,0.4633,1450.02,1,631,orb,7,1,-1,5802.87,1329.74,1329.74
130,648.00,29.75700738,116.05288080,29.80210536,116.04995800,29.80210536,116.04995800,0.4400,5028.24,1,279,orb,6,1,-1,6902.29,915.60,915.60
131,651.00,29.74033955,116.03751442,29.80210536,116.04995800,29.80210536,116.04995800,0.4633,6980.11,1,122,orb,7,1,11,1291.67,108.31,108.31
132,654.00,29.80956011,116.03978202,29.80210536,116.04995800,29.80210536,116.04995800,0.4400,1286.66,1,708,orb,6,1,-1,6523.10,1156.83,1156.83
133,658.00,29.75234719,116.03997981,29.80210536,116.04995800,29.80210536,116.04995800,0.5333,5622.37,1,228,orb,10,1,-1,294.38,294.38,294.38
134,661.00,29.80210536,116.04995800,29.80210536,116.04995800,29.80210536,116.04995800,0.3000,0.00,0,-1,orb,0,0,-1,,,
135,664.00,29.79758467,116.05942400,29.80210536,116.04995800,29.79758467,116.05942400,0.4167,1043.97,1,612,orb,5,1,-1,5110.41,5110.41,5110.41
136,667.00,29.81700413,116.05669900,29.79758467,116.05942400,29.79758467,116.05942400,0.4167,2177.75,1,776,orb,5,1,-1,7125.98,7125.98,7125.98
137,670.00,29.81511094,116.05699569,29.79758467,116.05942400,29.79758467,116.05942400,0.3933,1965.08,1,761,orb,4,1,-1,6852.97,6852.97,6852.97
138,673.00,29.79758467,116.05942400,29.79758467,116.05942400,29.79758467,116.05942400,0.3000,0.00,0,-1,orb,0,0,-1,,,
139,676.00,29.79758467,116.05942400,29.79758467,116.05942400,29.79758467,116.05942400,0.3000,0.00,0,-1,orb,0,0,-1,,,
140,679.00,29.79758467,116.05942400,29.79758467,116.05942400,29.79758467,116.05942400,0.3000,0.00,0,-1,orb,0,0,-1,,,
141,683.00,29.79758467,116.05942400,29.79758467,116.05942400,29.79758467,116.05942400,0.3000,0.00,0,-1,orb,0,0,-1,,,
142,686.00,29.79758467,116.05942400,29.79758467,116.05942400,29.79758467,116.05942400,0.3000,0.00,0,-1,orb,0,0,-1,,,
143,689.00,29.79758467,116.05942400,29.79758467,116.05942400,29.79758467,116.05942400,0.3000,0.00,0,-1,orb,0,0,-1,,,
144,692.00,29.79758467,116.05942400,29.79758467,116.05942400,29.79758467,116.05942400,0.3000,0.00,0,-1,orb,0,0,-1,,,
145,695.00,29.79758467,116.05942400,29.79758467,116.05942400,29.79758467,116.05942400,0.3000,0.00,0,-1,orb,0,0,-1,,,
146,698.00,29.79758467,116.05942400,29.79758467,116.05942400,29.79758467,116.05942400,0.3000,0.00,0,-1,orb,0,0,-1,,,
147,701.00,29.79758467,116.05942400,29.79758467,116.05942400,29.79758467,116.05942400,0.3000,0.00,0,-1,orb,0,0,-1,,,
148,704.00,29.79758467,116.05942400,29.79758467,116.05942400,29.79758467,116.05942400,0.3000,0.00,0,-1,orb,0,0,-1,,,
149,707.00,29.79758467,116.05942400,29.79758467,116.05942400,29.79758467,116.05942400,0.3000,0.00,0,-1,orb,0,0,-1,,,
150,710.00,29.79758467,116.05942400,29.79758467,116.05942400,29.79758467,116.05942400,0.3000,0.00,0,-1,orb,0,0,-1,,,
151,713.00,29.79758467,116.05942400,29.79758467,116.05942400,29.79758467,116.05942400,0.3000,0.00,0,-1,orb,0,0,-1,,,
152,716.00,29.79758467,116.05942400,29.79758467,116.05942400,29.79758467,116.05942400,0.0000,0.00,0,-1,orb,0,0,-1,,,
153,719.00,29.79758467,116.05942400,29.79758467,116.05942400,29.79758467,116.05942400,0.3000,0.00,0,-1,orb,0,0,-1,,,
154,722.00,29.79758467,116.05942400,29.79758467,116.05942400,29.79758467,116.05942400,0.0000,0.00,0,-1,orb,0,0,-1,,,
155,726.00,29.73425220,116.05286843,29.79758467,116.05942400,29.79758467,116.05942400,0.4867,7078.57,1,84,orb,8,1,-1,3807.83,3541.27,3541.27
156,729.00,29.79758467,116.05942400,29.79758467,116.05942400,29.79758467,116.05942400,0.3000,0.00,0,-1,orb,0,0,-1,,,
157,732.00,29.79758467,116.05942400,29.79758467,116.05942400,29.79758467,116.05942400,0.3000,0.00,0,-1,orb,0,0,-1,,,
158,735.00,29.79758467,116.05942400,29.79758467,116.05942400,29.79758467,116.05942400,0.3000,0.00,0,-1,orb,0,0,-1,,,
159,739.00,29.79758467,116.05942400,29.79758467,116.05942400,29.79758467,116.05942400,0.3000,0.00,0,-1,orb,0,0,-1,,,
160,742.00,29.79758467,116.05942400,29.79758467,116.05942400,29.79758467,116.05942400,0.3000,0.00,0,-1,orb,0,0,-1,,,
161,745.00,29.79758467,116.05942400,29.79758467,116.05942400,29.79758467,116.05942400,0.3000,0.00,0,-1,orb,0,0,-1,,,
162,748.00,29.79758467,116.05942400,29.79758467,116.05942400,29.79758467,116.05942400,0.3000,0.00,0,-1,orb,0,0,-1,,,
163,751.00,29.79758467,116.05942400,29.79758467,116.05942400,29.79758467,116.05942400,0.3000,0.00,0,-1,orb,0,0,-1,,,
164,754.00,29.79758467,116.05942400,29.79758467,116.05942400,29.79758467,116.05942400,0.0000,0.00,0,-1,orb,0,0,-1,,,
165,757.00,29.79758467,116.05942400,29.79758467,116.05942400,29.79758467,116.05942400,0.0000,0.00,0,-1,orb,0,0,-1,,,
166,760.00,29.79758467,116.05942400,29.79758467,116.05942400,29.79758467,116.05942400,0.3000,0.00,0,-1,orb,0,0,-1,,,
167,763.00,29.79758467,116.05942400,29.79758467,116.05942400,29.79758467,116.05942400,0.0000,0.00,0,-1,orb,0,0,-1,,,
168,766.00,29.79758467,116.05942400,29.79758467,116.05942400,29.79758467,116.05942400,0.3000,0.00,0,-1,orb,0,0,-1,,,
169,769.00,29.79758467,116.05942400,29.79758467,116.05942400,29.79758467,116.05942400,0.0000,0.00,0,-1,orb,0,0,-1,,,
170,772.00,29.78656886,116.04377329,29.79758467,116.05942400,29.79758467,116.05942400,0.4400,1946.99,1,515,orb,6,1,-1,917.33,917.33,917.33
171,775.00,29.79758467,116.05942400,29.79758467,116.05942400,29.79758467,116.05942400,0.3000,0.00,0,-1,orb,0,0,-1,,,
172,778.00,29.78328680,116.04560822,29.79758467,116.05942400,29.79758467,116.05942400,0.4400,2077.38,1,486,orb,6,1,-1,461.81,461.81,461.81
173,781.00,29.81606596,116.04806126,29.79758467,116.05942400,29.79758467,116.05942400,0.4167,2331.98,1,757,orb,5,1,-1,3899.28,3899.28,3899.28
174,784.00,29.81175377,116.04736897,29.79758467,116.05942400,29.79758467,116.05942400,0.4167,1960.80,1,727,orb,5,1,-1,3426.00,3426.00,3426.00
175,787.00,29.79758467,116.05942400,29.79758467,116.05942400,29.79758467,116.05942400,0.3000,0.00,0,-1,orb,0,0,-1,,,
176,790.00,29.73900435,116.05832377,29.79758467,116.05942400,29.79758467,116.05942400,0.4167,6522.03,1,117,orb,5,1,-1,5191.63,5191.63,5191.63
177,793.00,29.72524763,116.04946351,29.79758467,116.05942400,29.79758467,116.05942400,0.4633,8109.87,1,8,orb,7,1,-1,6484.45,996.99,996.99
178,796.00,29.74905440,116.03947296,29.79758467,116.05942400,29.74905440,116.03947296,0.4633,5736.05,1,198,orb,7,1,-1,3934.43,435.75,435.75
179,799.00,29.74955263,116.03390637,29.74905440,116.03947296,29.74905440,116.03947296,0.4867,540.74,1,210,orb,8,1,-1,3915.56,360.65,360.65
180,802.00,29.75058276,116.05941164,29.74905440,116.03947296,29.74905440,116.03947296,0.4400,1934.12,1,222,orb,6,1,-1,4172.66,896.42,896.42
181,805.00,29.77229246,116.03794709,29.74905440,116.03947296,29.74905440,116.03947296,0.4400,2591.06,1,392,orb,6,1,-1,1643.80,1643.80,1643.80
182,808.00,29.74905440,116.03947296,29.74905440,116.03947296,29.74905440,116.03947296,0.0000,0.00,0,-1,orb,0,0,-1,,,
183,811.00,29.77810082,116.03655720,29.74905440,116.03947296,29.74905440,116.03947296,0.4633,3245.70,1,436,orb,7,1,-1,1320.14,1320.14,1320.14
184,814.00,29.75319491,116.05716876,29.74905440,116.03947296,29.74905440,116.03947296,0.4400,1770.93,1,236,orb,6,1,-1,4210.63,2646.97,2646.97
185,817.00,29.74040394,116.05970129,29.74905440,116.03947296,29.74905440,116.03947296,0.4167,2178.95,1,133,orb,5,1,-1,5740.24,1119.54,1119.54
186,821.00,29.74905440,116.03947296,29.74905440,116.03947296,29.74905440,116.03947296,0.3000,0.00,0,-1,orb,0,0,-1,,,
187,824.00,29.74905440,116.03947296,29.74905440,116.03947296,29.74905440,116.03947296,0.3000,0.00,0,-1,orb,0,0,-1,,,
188,827.00,29.79658673,116.06135783,29.74905440,116.03947296,29.74905440,116.03947296,0.4633,5698.22,1,613,orb,7,1,-1,1836.66,1278.21,1278.21
189,830.00,29.79949933,116.05204017,29.74905440,116.03947296,29.74905440,116.03947296,0.4867,5745.33,1,624,orb,8,1,-1,1208.28,1126.61,1126.61
190,833.00,29.73326037,116.03491303,29.74905440,116.03947296,29.74905440,116.03947296,0.4400,1812.56,1,61,orb,6,1,-1,6301.47,718.11,718.11
191,836.00,29.73204782,116.03499957,29.74905440,116.03947296,29.73204782,116.03499957,0.5333,1941.89,1,61,orb,10,1,-1,6794.18,374.81,374.81
192,839.00,29.72539786,116.05653829,29.73204782,116.03499957,29.73204782,116.03499957,0.4867,2208.96,1,11,orb,8,1,-1,7748.02,643.38,643.38
193,842.00,29.79029087,116.05851452,29.73204782,116.03499957,29.73204782,116.03499957,0.4167,6870.23,1,553,orb,5,1,-1,1784.03,1111.44,1111.44
194,845.00,29.73994252,116.04387219,29.73204782,116.03499957,29.73204782,116.03499957,0.4400,1227.76,1,125,orb,6,1,-1,6193.58,1710.67,1710.67
195,848.00,29.73204782,116.03499957,29.73204782,116.03499957,29.73204782,116.03499957,0.0000,0.00,0,-1,orb,0,0,-1,,,
196,851.00,29.78061027,116.03622342,29.73204782,116.03499957,29.73204782,116.03499957,0.4633,5407.27,1,466,orb,7,1,13,1890.74,100.32,100.32
197,855.00,29.81731532,116.04117191,29.73204782,116.03499957,29.73204782,116.03499957,0.4867,9510.70,1,769,orb,8,1,-1,2164.41,816.40,816.40
198,858.00,29.73204782,116.03499957,29.73204782,116.03499957,29.73204782,116.03499957,0.3000,0.00,0,-1,orb,0,0,-1,,,
199,861.00,29.73204782,116.03499957,29.73204782,116.03499957,29.73204782,116.03499957,0.3000,0.00,0,-1,orb,0,0,-1,,,
200,864.00,29.80148910,116.06164748,29.73204782,116.03499957,29.73204782,116.03499957,0.4167,8147.77,1,644,orb,5,1,-1,1912.50,1912.50,1912.50
201,867.00,29.81193618,116.04395872,29.73204782,116.03499957,29.73204782,116.03499957,0.4167,8935.21,1,725,orb,5,1,-1,1255.43,1255.43,1255.43
202,870.00,29.73801713,116.04054848,29.73204782,116.03499957,29.73204782,116.03499957,0.4633,853.84,1,108,orb,7,1,-1,7033.22,1602.74,1602.74
203,874.00,29.73204782,116.03499957,29.73204782,116.03499957,29.73204782,116.03499957,0.3000,0.00,0,-1,orb,0,0,-1,,,
204,877.00,29.81685391,116.04146860,29.73204782,116.03499957,29.73204782,116.03499957,0.4867,9461.29,1,769,orb,8,1,-1,1608.48,1078.16,1078.16
205,880.00,29.73647805,116.05288080,29.73204782,116.03499957,29.73647805,116.05288080,0.4400,1796.82,1,99,orb,6,1,-1,7527.05,1057.97,1057.97
206,927.00,29.77919995,116.05798467,29.73647805,116.05288080,29.73647805,116.05288080,0.4167,4781.31,1,461,orb,5,1,-1,2885.07,2885.07,2885.07
207,932.00,29.80905578,116.05732947,29.73647805,116.05288080,29.73647805,116.05288080,0.4400,8090.78,1,716,orb,6,1,-1,1388.82,1388.82,1388.82
208,938.00,29.73647805,116.05288080,29.73647805,116.05288080,29.73647805,116.05288080,0.3000,0.00,0,-1,orb,0,0,-1,,,
209,943.00,29.73647805,116.05288080,29.73647805,116.05288080,29.73647805,116.05288080,0.0000,0.00,0,-1,orb,0,0,-1,,,
210,949.00,29.73614540,116.03865174,29.73647805,116.05288080,29.73647805,116.05288080,0.4167,1375.41,1,92,orb,5,1,-1,7170.91,1883.59,1883.59
211,954.00,29.79943494,116.05899133,29.73647805,116.05288080,29.73647805,116.05288080,0.5100,7033.19,1,627,orb,9,1,-1,1316.29,1316.29,1316.29
212,959.00,29.73647805,116.05288080,29.73647805,116.05288080,29.73647805,116.05288080,0.0000,0.00,0,-1,orb,0,0,-1,,,
213,963.00,29.81686464,116.04096175,29.73647805,116.05288080,29.73647805,116.05288080,0.4867,9022.44,1,769,orb,8,1,-1,2114.97,961.50,961.50
214,968.00,29.79726275,116.05239867,29.73647805,116.05288080,29.73647805,116.05288080,0.4400,6766.71,1,609,orb,6,1,-1,715.40,715.40,715.40
215,973.00,29.73797421,116.06067791,29.73647805,116.05288080,29.73647805,116.05288080,0.3933,771.60,1,118,orb,4,1,-1,6710.59,6710.59,6710.59
216,977.00,29.80657851,116.03600090,29.73647805,116.05288080,29.73647805,116.05288080,0.4400,7972.22,1,676,orb,6,1,-1,1443.70,1443.70,1443.70
217,982.00,29.80760864,116.05978251,29.73647805,116.05288080,29.73647805,116.05288080,0.4167,7946.29,1,687,orb,5,1,-1,1792.69,1792.69,1792.69
218,987.00,29.73258435,116.03584020,29.73647805,116.05288080,29.73258435,116.03584020,0.4400,1702.68,1,61,orb,6,1,-1,6960.09,597.74,597.74
219,992.00,29.74461344,116.04496006,29.73258435,116.03584020,29.73258435,116.03584020,0.4400,1603.03,1,170,orb,6,1,-1,5426.33,1334.14,1334.14
220,997.00,29.72505448,116.05868227,29.73258435,116.03584020,29.73258435,116.03584020,0.4633,2360.98,1,12,orb,7,1,11,6753.75,99.86,99.86
221,1002.00,29.75357509,116.04807362,29.73258435,116.03584020,29.73258435,116.03584020,0.3933,2618.67,1,247,orb,4,1,-1,4281.41,4281.41,4281.41
222,1008.00,29.76435483,116.03652012,29.73258435,116.03584020,29.73258435,116.03584020,0.4867,3537.30,1,331,orb,8,1,-1,3109.39,363.10,363.10
223,1013.00,29.78419279,116.06007216,29.73258435,116.03584020,29.73258435,116.03584020,0.4633,6203.88,1,508,orb,7,1,-1,1670.01,870.79,870.79
224,1018.00,29.73492823,116.03932462,29.73258435,116.03584020,29.73258435,116.03584020,0.4400,425.96,1,78,orb,6,1,-1,6243.78,6243.78,6243.78
225,1023.00,29.77570328,116.03791001,29.73258435,116.03584020,29.73258435,116.03584020,0.4867,4804.16,1,422,orb,8,1,-1,1691.89,1691.89,1691.89
226,1028.00,29.72745201,116.05516076,29.73258435,116.03584020,29.73258435,116.03584020,0.3933,1952.36,1,25,orb,4,1,-1,6929.72,6929.72,6929.72
227,1034.00,29.72567685,116.05858337,29.73258435,116.03584020,29.73258435,116.03584020,0.4167,2328.25,1,12,orb,5,1,-1,7113.72,1633.93,1633.93
228,1039.00,29.73258435,116.03584020,29.73258435,116.03584020,29.73258435,116.03584020,0.3000,0.00,0,-1,orb,0,0,-1,,,
229,1044.00,29.73258435,116.03584020,29.73258435,116.03584020,29.73258435,116.03584020,0.3000,0.00,0,-1,orb,0,0,-1,,,
230,1049.00,29.74302070,116.04709168,29.73258435,116.03584020,29.74302070,116.04709168,0.3933,1591.14,1,156,orb,4,1,-1,4747.62,4747.62,4747.62
231,1054.00,29.74302070,116.04709168,29.74302070,116.04709168,29.74302070,116.04709168,0.3000,0.00,0,-1,orb,0,0,-1,,,
232,1060.00,29.81670368,116.03741020,29.74302070,116.04709168,29.74302070,116.04709168,0.4400,8255.56,1,766,orb,6,1,-1,3716.55,2430.11,2430.11
233,1065.00,29.72997831,116.04064737,29.74302070,116.04709168,29.74302070,116.04709168,0.3933,1579.78,1,33,orb,4,1,-1,6131.68,6131.68,6131.68
234,1071.00,29.74302070,116.04709168,29.74302070,116.04709168,29.74302070,116.04709168,0.3000,0.00,0,-1,orb,0,0,-1,,,
235,1076.00,29.73827467,116.06122184,29.74302070,116.04709168,29.74302070,116.04709168,0.3933,1464.01,1,118,orb,4,1,-1,5182.95,5182.95,5182.95
236,1081.00,29.74693586,116.05813833,29.74302070,116.04709168,29.74302070,116.04709168,0.4400,1152.96,1,192,orb,6,1,-1,4095.51,324.60,324.60
237,1087.00,29.80708285,116.03730426,29.74302070,116.04709168,29.74302070,116.04709168,0.5333,7193.83,1,677,orb,10,1,-1,2881.85,1381.13,1381.13
238,1092.00,29.74302070,116.04709168,29.74302070,116.04709168,29.74302070,116.04709168,0.3000,0.00,0,-1,orb,0,0,-1,,,
239,1098.00,29.74302070,116.04709168,29.74302070,116.04709168,29.74302070,116.04709168,0.3000,0.00,0,-1,orb,0,0,-1,,,
240,1103.00,29.74302070,116.04709168,29.74302070,116.04709168,29.74302070,116.04709168,0.0000,0.00,0,-1,orb,0,0,-1,,,
241,1108.00,29.75189651,116.04046194,29.74302070,116.04709168,29.74302070,116.04709168,0.4400,1177.56,1,228,orb,6,1,-1,2918.53,2918.53,2918.53
242,1114.00,29.74302070,116.04709168,29.74302070,116.04709168,29.74302070,116.04709168,0.3000,0.00,0,-1,orb,0,0,-1,,,
243,1119.00,29.74302070,116.04709168,29.74302070,116.04709168,29.74302070,116.04709168,0.0000,0.00,0,-1,orb,0,0,-1,,,
244,1124.00,29.74302070,116.04709168,29.74302070,116.04709168,29.74302070,116.04709168,0.3000,0.00,0,-1,orb,0,0,-1,,,
245,1129.00,29.74302070,116.04709168,29.74302070,116.04709168,29.74302070,116.04709168,0.3000,0.00,0,-1,orb,0,0,-1,,,
246,1135.00,29.74302070,116.04709168,29.74302070,116.04709168,29.74302070,116.04709168,0.3000,0.00,0,-1,orb,0,0,-1,,,
247,1141.00,29.74302070,116.04709168,29.74302070,116.04709168,29.74302070,116.04709168,0.3000,0.00,0,-1,orb,0,0,-1,,,
248,1146.00,29.74302070,116.04709168,29.74302070,116.04709168,29.74302070,116.04709168,0.3000,0.00,0,-1,orb,0,0,-1,,,
249,1151.00,29.74302070,116.04709168,29.74302070,116.04709168,29.74302070,116.04709168,0.3000,0.00,0,-1,orb,0,0,-1,,,
250,1156.00,29.74302070,116.04709168,29.74302070,116.04709168,29.74302070,116.04709168,0.3000,0.00,0,-1,orb,0,0,-1,,,
251,1162.00,29.74302070,116.04709168,29.74302070,116.04709168,29.74302070,116.04709168,0.3000,0.00,0,-1,orb,0,0,-1,,,
252,1167.00,29.74302070,116.04709168,29.74302070,116.04709168,29.74302070,116.04709168,0.3000,0.00,0,-1,orb,0,0,-1,,,
253,1172.00,29.74302070,116.04709168,29.74302070,116.04709168,29.74302070,116.04709168,0.3000,0.00,0,-1,orb,0,0,-1,,,
254,1177.00,29.74302070,116.04709168,29.74302070,116.04709168,29.74302070,116.04709168,0.3000,0.00,0,-1,orb,0,0,-1,,,
255,1182.00,29.74302070,116.04709168,29.74302070,116.04709168,29.74302070,116.04709168,0.3000,0.00,0,-1,orb,0,0,-1,,,
256,1188.00,29.74302070,116.04709168,29.74302070,116.04709168,29.74302070,116.04709168,0.3000,0.00,0,-1,orb,0,0,-1,,,
257,1193.00,29.74302070,116.04709168,29.74302070,116.04709168,29.74302070,116.04709168,0.3000,0.00,0,-1,orb,0,0,-1,,,
258,1199.00,29.74302070,116.04709168,29.74302070,116.04709168,29.74302070,116.04709168,0.3000,0.00,0,-1,orb,0,0,-1,,,
259,1204.00,29.74302070,116.04709168,29.74302070,116.04709168,29.74302070,116.04709168,0.3000,0.00,0,-1,orb,0,0,-1,,,
260,1209.00,29.74302070,116.04709168,29.74302070,116.04709168,29.74302070,116.04709168,0.3000,0.00,0,-1,orb,0,0,-1,,,
261,1213.00,29.74302070,116.04709168,29.74302070,116.04709168,29.74302070,116.04709168,0.3000,0.00,0,-1,orb,0,0,-1,,,
262,1219.00,29.74302070,116.04709168,29.74302070,116.04709168,29.74302070,116.04709168,0.3000,0.00,0,-1,orb,0,0,-1,,,
263,1224.00,29.74302070,116.04709168,29.74302070,116.04709168,29.74302070,116.04709168,0.3000,0.00,0,-1,orb,0,0,-1,,,
264,1229.00,29.74302070,116.04709168,29.74302070,116.04709168,29.74302070,116.04709168,0.3000,0.00,0,-1,orb,0,0,-1,,,
265,1234.00,29.74302070,116.04709168,29.74302070,116.04709168,29.74302070,116.04709168,0.3000,0.00,0,-1,orb,0,0,-1,,,
266,1239.00,29.74302070,116.04709168,29.74302070,116.04709168,29.74302070,116.04709168,0.3000,0.00,0,-1,orb,0,0,-1,,,
267,1245.00,29.74302070,116.04709168,29.74302070,116.04709168,29.74302070,116.04709168,0.3000,0.00,0,-1,orb,0,0,-1,,,
268,1250.00,29.74302070,116.04709168,29.74302070,116.04709168,29.74302070,116.04709168,0.3000,0.00,0,-1,orb,0,0,-1,,,
269,1255.00,29.74302070,116.04709168,29.74302070,116.04709168,29.74302070,116.04709168,0.3000,0.00,0,-1,orb,0,0,-1,,,
270,1260.00,29.74302070,116.04709168,29.74302070,116.04709168,29.74302070,116.04709168,0.3000,0.00,0,-1,orb,0,0,-1,,,
271,1265.00,29.74302070,116.04709168,29.74302070,116.04709168,29.74302070,116.04709168,0.3000,0.00,0,-1,orb,0,0,-1,,,
272,1270.00,29.74302070,116.04709168,29.74302070,116.04709168,29.74302070,116.04709168,0.3000,0.00,0,-1,orb,0,0,-1,,,
273,1275.00,29.74302070,116.04709168,29.74302070,116.04709168,29.74302070,116.04709168,0.3000,0.00,0,-1,orb,0,0,-1,,,
274,1281.00,29.81047221,116.05389450,29.74302070,116.04709168,29.74302070,116.04709168,0.4400,7537.42,1,714,orb,6,1,-1,6179.58,1235.43,1235.43
275,1286.00,29.74385769,116.03600090,29.74302070,116.04709168,29.74302070,116.04709168,0.4167,1075.71,1,151,orb,5,1,-1,1478.25,1478.25,1478.25
276,1291.00,29.78550654,116.03399291,29.74302070,116.04709168,29.74302070,116.04709168,0.4867,4895.96,1,510,orb,8,1,-1,3850.01,844.58,844.58
277,1296.00,29.76434410,116.03653248,29.74302070,116.04709168,29.76434410,116.03653248,0.4633,2583.71,1,331,orb,7,1,-1,1641.96,315.37,315.37
278,1301.00,29.77883511,116.05546278,29.76434410,116.03653248,29.76434410,116.03653248,0.5100,2438.88,1,461,orb,9,1,-1,3257.64,349.60,349.60
279,1306.00,29.72807438,116.03339952,29.76434410,116.03653248,29.76434410,116.03653248,0.4400,4048.88,1,15,orb,6,1,-1,2873.88,462.58,462.58
280,1311.00,29.78979727,116.06029468,29.76434410,116.03653248,29.76434410,116.03653248,0.4633,3646.97,1,553,orb,7,1,-1,4669.34,1338.24,1338.24
281,1316.00,29.72541932,116.04620160,29.76434410,116.03653248,29.76434410,116.03653248,0.4167,4432.69,1,6,orb,5,1,-1,2707.75,2707.75,2707.75
282,1322.00,29.80145691,116.04186419,29.76434410,116.03653248,29.76434410,116.03653248,0.3933,4163.40,1,634,orb,4,1,-1,5779.64,5779.64,5779.64
283,1327.00,29.81235468,116.05377620,29.76434410,116.03653248,29.76434410,116.03653248,0.4633,5598.25,1,730,orb,7,1,-1,7109.65,545.96,545.96
284,1332.00,29.80455655,116.06350181,29.76434410,116.03653248,29.76434410,116.03653248,0.5100,5179.74,1,674,orb,9,1,-1,6556.70,154.08,154.08
285,1338.00,29.78434302,116.06008452,29.76434410,116.03653248,29.76434410,116.03653248,0.4400,3183.62,1,508,orb,6,1,-1,4481.34,485.40,485.40
286,1343.00,29.79187288,116.03791001,29.76434410,116.03653248,29.76434410,116.03653248,0.4867,3067.39,1,557,orb,8,1,-1,5141.29,855.40,855.40
287,1349.00,29.78947535,116.04782637,29.76434410,116.03653248,29.78947535,116.04782637,0.5333,3002.93,1,547,orb,10,1,16,4983.32,89.16,89.16
288,1354.00,29.80423463,116.05322694,29.78947535,116.04782637,29.78947535,116.04782637,0.4633,1723.88,1,669,orb,7,1,-1,6689.60,5522.67,5522.67
289,1359.00,29.79324028,116.03394346,29.78947535,116.04782637,29.78947535,116.04782637,0.4633,1405.42,1,570,orb,7,1,-1,5634.68,782.96,782.96
290,1364.00,29.73589860,116.04974784,29.78947535,116.04782637,29.78947535,116.04782637,0.4400,5967.05,1,98,orb,6,1,-1,945.40,656.42,656.42
291,1370.00,29.78101804,116.03792237,29.78947535,116.04782637,29.78947535,116.04782637,0.4167,1342.46,1,467,orb,5,1,-1,4339.48,4339.48,4339.48
292,1376.00,29.73094868,116.05516076,29.78947535,116.04782637,29.78947535,116.04782637,0.4400,6553.62,1,55,orb,6,1,-1,1538.60,1538.60,1538.60
293,1381.00,29.81448857,116.05747782,29.78947535,116.04782637,29.78947535,116.04782637,0.4867,2936.50,1,761,orb,8,1,-1,8327.01,7530.62,7530.62
294,1387.00,29.72992466,116.04080808,29.78947535,116.04782637,29.78947535,116.04782637,0.5100,6663.78,1,33,orb,9,1,-1,1359.52,1359.52,1359.52
295,1392.00,29.79333686,116.05968893,29.78947535,116.04782637,29.78947535,116.04782637,0.4400,1224.20,1,583,orb,6,1,-1,6195.94,765.45,765.45
296,1397.00,29.73714334,116.04708464,29.78947535,116.04782637,29.78947535,116.04782637,0.4633,5826.04,1,97,orb,7,1,-1,444.84,444.84,444.84
297,1403.00,29.74790623,116.05372675,29.78947535,116.04782637,29.74790623,116.05372675,0.5333,4662.46,1,205,orb,10,1,-1,1480.32,393.69,393.69
298,1408.00,29.81076655,116.04709701,29.74790623,116.05372675,29.74790623,116.05372675,0.5333,7026.87,1,727,orb,10,1,-1,8247.67,352.48,352.48
299,1414.00,29.78543753,116.03393110,29.74790623,116.05372675,29.74790623,116.05372675,0.4633,4595.04,1,495,orb,7,1,-1,5429.12,1748.18,1748.18
300,1419.00,29.74790623,116.05372675,29.74790623,116.05372675,29.74790623,116.05372675,0.3000,0.00,0,-1,orb,0,0,-1,,,
301,1424.00,29.74790623,116.05372675,29.74790623,116.05372675,29.74790623,116.05372675,0.3000,0.00,0,-1,orb,0,0,-1,,,
302,1430.00,29.74790623,116.05372675,29.74790623,116.05372675,29.74790623,116.05372675,0.3000,0.00,0,-1,orb,0,0,-1,,,
303,1435.00,29.79452795,116.05419651,29.74790623,116.05372675,29.74790623,116.05372675,0.4400,5190.13,1,580,orb,6,1,-1,6705.12,6705.12,6705.12
304,1440.00,29.74790623,116.05372675,29.74790623,116.05372675,29.74790623,116.05372675,0.3000,0.00,0,-1,orb,0,0,-1,,,
305,1445.00,29.74790623,116.05372675,29.74790623,116.05372675,29.74790623,116.05372675,0.3000,0.00,0,-1,orb,0,0,-1,,,
306,1451.00,29.79041964,116.03351078,29.74790623,116.05372675,29.74790623,116.05372675,0.4867,5119.89,1,540,orb,8,1,-1,8105.19,500.64,500.64
307,1456.00,29.79007626,116.05239867,29.74790623,116.05372675,29.74790623,116.05372675,0.4867,4696.12,1,549,orb,8,1,-1,6592.98,350.60,350.60
308,1460.00,29.81072363,116.06310622,29.74790623,116.05372675,29.74790623,116.05372675,0.4400,7051.32,1,734,orb,6,1,-1,9171.52,3369.52,3369.52
309,1502.00,29.75264765,116.03352314,29.74790623,116.05372675,29.74790623,116.05372675,0.4400,2022.31,1,225,orb,6,1,-1,2669.02,1032.62,1032.62
310,1506.00,29.73377544,116.05086044,29.74790623,116.05372675,29.74790623,116.05372675,0.4400,1597.24,1,68,orb,6,1,-1,328.17,328.17,328.17
311,1509.00,29.73263800,116.04667137,29.74790623,116.05372675,29.74790623,116.05372675,0.5100,1831.29,1,66,orb,9,1,1,79.39,79.39,79.39
312,1512.00,29.73341060,116.04712173,29.74790623,116.05372675,29.73341060,116.04712173,0.4867,1735.28,1,67,orb,8,1,-1,151.81,151.81,151.81
313,1515.00,29.81748701,116.04151805,29.73341060,116.04712173,29.73341060,116.04712173,0.4867,9375.04,1,769,orb,8,1,-1,9232.55,2130.99,2130.99
314,1518.00,29.73261654,116.04239577,29.73341060,116.04712173,29.73341060,116.04712173,0.4400,465.13,1,64,orb,6,1,-1,543.38,543.38,543.38
315,1521.00,29.73341060,116.04712173,29.73341060,116.04712173,29.73341060,116.04712173,0.3000,0.00,0,-1,orb,0,0,-1,,,
316,1524.00,29.73341060,116.04712173,29.73341060,116.04712173,29.73341060,116.04712173,0.3000,0.00,0,-1,orb,0,0,-1,,,
317,1527.00,29.80709358,116.03687862,29.73341060,116.04712173,29.73341060,116.04712173,0.4167,8261.89,1,676,orb,5,1,-1,7783.51,7783.51,7783.51
318,1530.00,29.73175347,116.05302914,29.73341060,116.04712173,29.73341060,116.04712173,0.4167,599.88,1,54,orb,5,1,-1,929.63,929.63,929.63
319,1534.00,29.77390666,116.06274772,29.73341060,116.04712173,29.73341060,116.04712173,0.4167,4754.16,1,419,orb,5,1,-1,4235.39,4235.39,4235.39
320,1537.00,29.73341060,116.04712173,29.73341060,116.04712173,29.73341060,116.04712173,0.3000,0.00,0,-1,orb,0,0,-1,,,
321,1540.00,29.73341060,116.04712173,29.73341060,116.04712173,29.73341060,116.04712173,0.3000,0.00,0,-1,orb,0,0,-1,,,
322,1543.00,29.73341060,116.04712173,29.73341060,116.04712173,29.73341060,116.04712173,0.3000,0.00,0,-1,orb,0,0,-1,,,
323,1547.00,29.78511562,116.03365913,29.73341060,116.04712173,29.73341060,116.04712173,0.4633,5900.97,1,495,orb,7,1,-1,4996.09,512.03,512.03
324,1550.00,29.81177523,116.03939879,29.73341060,116.04712173,29.73341060,116.04712173,0.4633,8755.41,1,723,orb,7,1,-1,7781.47,1113.62,1113.62
325,1553.00,29.79680134,116.06045539,29.73341060,116.04712173,29.73341060,116.04712173,0.5100,7173.31,1,613,orb,9,1,-1,6216.06,539.96,539.96
326,1556.00,29.81631738,116.04757381,29.73341060,116.04712173,29.73341060,116.04712173,0.5100,9229.29,1,771,orb,9,1,-1,8196.38,321.68,321.68
327,1559.00,29.74519289,116.05213906,29.73341060,116.04712173,29.74519289,116.05213906,0.4400,1398.34,1,174,orb,6,1,-1,534.86,523.97,523.97
328,1562.00,29.75707176,116.05275717,29.74519289,116.05213906,29.74519289,116.05213906,0.4400,1323.70,1,279,orb,6,1,-1,1521.26,1521.26,1521.26
329,1565.00,29.73910092,116.04468809,29.74519289,116.05213906,29.74519289,116.05213906,0.4400,989.07,1,110,orb,6,1,-1,893.37,802.53,802.53
330,1568.00,29.80425609,116.05440667,29.74519289,116.05213906,29.74519289,116.05213906,0.5333,6578.56,1,670,orb,10,1,7,6513.28,141.97,141.97
331,1571.00,29.77390666,116.03584020,29.74519289,116.05213906,29.74519289,116.05213906,0.4867,3563.35,1,406,orb,8,1,-1,3183.45,1345.53,1345.53
332,1575.00,29.78050297,116.04476227,29.74519289,116.05213906,29.74519289,116.05213906,0.4400,3994.82,1,470,orb,6,1,-1,3727.73,2001.15,2001.15
333,1578.00,29.77946822,116.04023942,29.74519289,116.05213906,29.74519289,116.05213906,0.4867,3985.02,1,453,orb,8,1,-1,3505.66,455.93,455.93
334,1581.00,29.74213618,116.06077680,29.74519289,116.05213906,29.74519289,116.05213906,0.4167,901.34,1,148,orb,5,1,-1,1565.22,1565.22,1565.22
335,1584.00,29.78029447,116.03370858,29.74519289,116.05213906,29.74519289,116.05213906,0.4633,4294.20,1,450,orb,7,1,-1,3523.62,925.44,925.44
336,1587.00,29.81124943,116.04752968,29.74519289,116.05213906,29.74519289,116.05213906,0.4633,7366.89,1,727,orb,7,1,-1,6795.59,4729.43,4729.43
337,1590.00,29.72556955,116.05373911,29.74519289,116.05213906,29.72556955,116.05373911,0.4167,2189.94,1,10,orb,5,1,-1,2972.36,868.62,868.62
338,1594.00,29.78562457,116.03395582,29.72556955,116.05373911,29.72556955,116.05373911,0.4867,6953.26,1,510,orb,8,1,-1,4045.91,267.87,267.87
339,1597.00,29.81563673,116.06107350,29.72556955,116.05373911,29.72556955,116.05373911,0.4633,10051.30,1,763,orb,7,1,7,7085.09,87.63,87.63
340,1600.00,29.81680025,116.04148096,29.72556955,116.05373911,29.72556955,116.05373911,0.5333,10224.64,1,769,orb,10,1,-1,7098.94,332.15,332.15
341,1603.00,29.77876000,116.05551927,29.72556955,116.05373911,29.72556955,116.05373911,0.6033,5923.66,1,460,orb,13,1,-1,2896.23,942.09,942.09
342,1607.00,29.79049475,116.06241394,29.72556955,116.05373911,29.72556955,116.05373911,0.5800,7275.92,1,554,orb,12,1,-1,4211.46,615.65,615.65
343,1610.00,29.79871599,116.04909264,29.72556955,116.05373911,29.72556955,116.05373911,0.4400,8155.03,1,623,orb,6,1,-1,4859.69,2862.59,2862.59
344,1613.00,29.72556955,116.05373911,29.72556955,116.05373911,29.72556955,116.05373911,0.3000,0.00,0,-1,orb,0,0,-1,,,
345,1616.00,29.72556955,116.05373911,29.72556955,116.05373911,29.72556955,116.05373911,0.3000,0.00,0,-1,orb,0,0,-1,,,
346,1619.00,29.72556955,116.05373911,29.72556955,116.05373911,29.72556955,116.05373911,0.3000,0.00,0,-1,orb,0,0,-1,,,
347,1622.00,29.72556955,116.05373911,29.72556955,116.05373911,29.72556955,116.05373911,0.3000,0.00,0,-1,orb,0,0,-1,,,
348,1625.00,29.72556955,116.05373911,29.72556955,116.05373911,29.72556955,116.05373911,0.3000,0.00,0,-1,orb,0,0,-1,,,
349,1629.00,29.72556955,116.05373911,29.72556955,116.05373911,29.72556955,116.05373911,0.3000,0.00,0,-1,orb,0,0,-1,,,
350,1632.00,29.72556955,116.05373911,29.72556955,116.05373911,29.72556955,116.05373911,0.3000,0.00,0,-1,orb,0,0,-1,,,
351,1635.00,29.72556955,116.05373911,29.72556955,116.05373911,29.72556955,116.05373911,0.3000,0.00,0,-1,orb,0,0,-1,,,
352,1639.00,29.72556955,116.05373911,29.72556955,116.05373911,29.72556955,116.05373911,0.3000,0.00,0,-1,orb,0,0,-1,,,
353,1642.00,29.72556955,116.05373911,29.72556955,116.05373911,29.72556955,116.05373911,0.3000,0.00,0,-1,orb,0,0,-1,,,
354,1645.00,29.72556955,116.05373911,29.72556955,116.05373911,29.72556955,116.05373911,0.3000,0.00,0,-1,orb,0,0,-1,,,
355,1648.00,29.72556955,116.05373911,29.72556955,116.05373911,29.72556955,116.05373911,0.3000,0.00,0,-1,orb,0,0,-1,,,
356,1651.00,29.72556955,116.05373911,29.72556955,116.05373911,29.72556955,116.05373911,0.3000,0.00,0,-1,orb,0,0,-1,,,
357,1654.00,29.72556955,116.05373911,29.72556955,116.05373911,29.72556955,116.05373911,0.3000,0.00,0,-1,orb,0,0,-1,,,
358,1657.00,29.72556955,116.05373911,29.72556955,116.05373911,29.72556955,116.05373911,0.3000,0.00,0,-1,orb,0,0,-1,,,
359,1660.00,29.72556955,116.05373911,29.72556955,116.05373911,29.72556955,116.05373911,0.3000,0.00,0,-1,orb,0,0,-1,,,
360,1663.00,29.72556955,116.05373911,29.72556955,116.05373911,29.72556955,116.05373911,0.3000,0.00,0,-1,orb,0,0,-1,,,
361,1666.00,29.72556955,116.05373911,29.72556955,116.05373911,29.72556955,116.05373911,0.3000,0.00,0,-1,orb,0,0,-1,,,
362,1669.00,29.72556955,116.05373911,29.72556955,116.05373911,29.72556955,116.05373911,0.3000,0.00,0,-1,orb,0,0,-1,,,
363,1672.00,29.72556955,116.05373911,29.72556955,116.05373911,29.72556955,116.05373911,0.3000,0.00,0,-1,orb,0,0,-1,,,
364,1675.00,29.72556955,116.05373911,29.72556955,116.05373911,29.72556955,116.05373911,0.3000,0.00,0,-1,orb,0,0,-1,,,
365,1679.00,29.72556955,116.05373911,29.72556955,116.05373911,29.72556955,116.05373911,0.3000,0.00,0,-1,orb,0,0,-1,,,
366,1682.00,29.72556955,116.05373911,29.72556955,116.05373911,29.72556955,116.05373911,0.3000,0.00,0,-1,orb,0,0,-1,,,
367,1685.00,29.72556955,116.05373911,29.72556955,116.05373911,29.72556955,116.05373911,0.3000,0.00,0,-1,orb,0,0,-1,,,
368,1688.00,29.72556955,116.05373911,29.72556955,116.05373911,29.72556955,116.05373911,0.3000,0.00,0,-1,orb,0,0,-1,,,
369,1691.00,29.72556955,116.05373911,29.72556955,116.05373911,29.72556955,116.05373911,0.3000,0.00,0,-1,orb,0,0,-1,,,
370,1694.00,29.72556955,116.05373911,29.72556955,116.05373911,29.72556955,116.05373911,0.3000,0.00,0,-1,orb,0,0,-1,,,
371,1697.00,29.72556955,116.05373911,29.72556955,116.05373911,29.72556955,116.05373911,0.3000,0.00,0,-1,orb,0,0,-1,,,
372,1700.00,29.72556955,116.05373911,29.72556955,116.05373911,29.72556955,116.05373911,0.3000,0.00,0,-1,orb,0,0,-1,,,
373,1703.00,29.72556955,116.05373911,29.72556955,116.05373911,29.72556955,116.05373911,0.3000,0.00,0,-1,orb,0,0,-1,,,
374,1706.00,29.79177631,116.06254992,29.72556955,116.05373911,29.72556955,116.05373911,0.3933,7419.15,1,569,orb,4,1,-1,2199.98,2199.98,2199.98
375,1710.00,29.78402110,116.05984964,29.72556955,116.05373911,29.72556955,116.05373911,0.4400,6533.56,1,508,orb,6,1,-1,1495.49,488.72,488.72
376,1713.00,29.72841165,116.05306623,29.72556955,116.05373911,29.72556955,116.05373911,0.4400,323.00,1,39,orb,6,1,-1,5602.46,920.26,920.26
377,1716.00,29.72556955,116.05373911,29.72556955,116.05373911,29.72556955,116.05373911,0.3000,0.00,0,-1,orb,0,0,-1,,,
378,1719.00,29.72556955,116.05373911,29.72556955,116.05373911,29.72556955,116.05373911,0.3000,0.00,0,-1,orb,0,0,-1,,,
379,1722.00,29.75023938,116.03384456,29.72556955,116.05373911,29.75023938,116.03384456,0.4167,3352.21,1,210,orb,5,1,-1,3643.51,2989.37,2989.37
380,1726.00,29.73795886,116.04424838,29.75023938,116.03384456,29.75023938,116.03384456,0.4400,1696.91,1,96,orb,6,1,-1,5090.42,881.18,881.18
381,1729.00,29.80048043,116.06394685,29.75023938,116.03384456,29.75023938,116.03384456,0.4400,6303.99,1,644,orb,6,1,-1,2538.80,479.43,479.43
382,1732.00,29.81674660,116.04214852,29.75023938,116.03384456,29.75023938,116.03384456,0.4167,7446.94,1,769,orb,5,1,-1,3784.68,3320.07,3320.07
383,1735.00,29.79783147,116.03783583,29.75023938,116.03384456,29.75023938,116.03384456,0.4167,5311.97,1,602,orb,5,1,-1,1708.37,602.83,602.83
384,1738.00,29.79428115,116.04557113,29.75023938,116.03384456,29.75023938,116.03384456,0.4400,5031.97,1,576,orb,6,1,-1,990.46,990.46,990.46
385,1741.00,29.73942746,116.03342425,29.75023938,116.03384456,29.75023938,116.03384456,0.4400,1204.27,1,120,orb,6,1,-1,5248.63,744.55,744.55
386,1744.00,29.72813877,116.03357259,29.75023938,116.03384456,29.75023938,116.03384456,0.4633,2460.38,1,15,orb,7,1,-1,6691.73,1241.31,1241.31
387,1748.00,29.72874430,116.04980965,29.75023938,116.03384456,29.75023938,116.03384456,0.4633,2847.01,1,38,orb,7,1,-1,6454.44,282.19,282.19
388,1751.00,29.75248669,116.05656301,29.75023938,116.03384456,29.75023938,116.03384456,0.6033,2209.43,1,236,orb,13,1,-1,4031.12,1309.44,1309.44
389,1754.00,29.78611818,116.05708222,29.75023938,116.03384456,29.78611818,116.05708222,0.4867,4581.93,1,521,orb,8,1,-1,943.59,379.97,379.97
390,1757.00,29.79983197,116.05438194,29.78611818,116.05708222,29.78611818,116.05708222,0.4400,1548.76,1,625,orb,6,1,-1,1332.20,1332.20,1332.20
391,1760.00,29.78611818,116.05708222,29.78611818,116.05708222,29.78611818,116.05708222,0.0000,0.00,0,-1,orb,0,0,-1,,,
392,1764.00,29.78539461,116.03333771,29.78611818,116.05708222,29.78611818,116.05708222,0.4167,2295.78,1,495,orb,5,1,-1,1432.82,1432.82,1432.82
393,1767.00,29.78611818,116.05708222,29.78611818,116.05708222,29.78611818,116.05708222,0.3000,0.00,0,-1,orb,0,0,-1,,,
394,1770.00,29.78611818,116.05708222,29.78611818,116.05708222,29.78611818,116.05708222,0.3000,0.00,0,-1,orb,0,0,-1,,,
395,1773.00,29.78062100,116.03393110,29.78611818,116.05708222,29.78611818,116.05708222,0.4633,2319.22,1,465,orb,7,1,-1,1809.69,888.35,888.35
396,1776.00,29.81725094,116.04166640,29.78611818,116.05708222,29.78611818,116.05708222,0.4633,3772.26,1,769,orb,7,1,-1,2684.10,1322.30,1322.30
397,1779.00,29.75189651,116.04041249,29.78611818,116.05708222,29.78611818,116.05708222,0.4633,4136.09,1,228,orb,7,1,-1,2607.46,767.68,767.68
398,1782.00,29.79942421,116.05206489,29.78611818,116.05708222,29.78611818,116.05708222,0.4633,1558.55,1,624,orb,7,1,-1,712.48,712.48,712.48
399,1786.00,29.78356580,116.03983147,29.78611818,116.05708222,29.78611818,116.05708222,0.4167,1690.94,1,483,orb,5,1,-1,1559.08,1559.08,1559.08
400,1789.00,29.77899607,116.05139733,29.78611818,116.05708222,29.78611818,116.05708222,0.4633,964.54,1,459,orb,7,1,2,1952.67,113.19,113.19
401,1792.00,29.74118727,116.04363198,29.78611818,116.05708222,29.78611818,116.05708222,0.4867,5167.80,1,124,orb,8,1,-1,6377.58,885.28,885.28
402,1795.00,29.74535385,116.04037541,29.78611818,116.05708222,29.74535385,116.04037541,0.5333,4816.48,1,168,orb,10,1,-1,1988.90,360.36,360.36
403,1798.00,29.74358942,116.05153332,29.74535385,116.04037541,29.74535385,116.04037541,0.4633,1095.90,1,159,orb,7,1,-1,6137.68,1489.51,1489.51
404,1802.00,29.74535385,116.04037541,29.74535385,116.04037541,29.74535385,116.04037541,0.3000,0.00,0,-1,orb,0,0,-1,,,
405,1805.00,29.74535385,116.04037541,29.74535385,116.04037541,29.74535385,116.04037541,0.3000,0.00,0,-1,orb,0,0,-1,,,
406,1808.00,29.74535385,116.04037541,29.74535385,116.04037541,29.74535385,116.04037541,0.3000,0.00,0,-1,orb,0,0,-1,,,
407,1811.00,29.74535385,116.04037541,29.74535385,116.04037541,29.74535385,116.04037541,0.3000,0.00,0,-1,orb,0,0,-1,,,
408,1815.00,29.72697987,116.04985910,29.74535385,116.04037541,29.74535385,116.04037541,0.3933,2241.29,1,23,orb,4,1,-1,8322.44,8322.44,8322.44
409,1818.00,29.72540859,116.05527202,29.74535385,116.04037541,29.74535385,116.04037541,0.3933,2646.07,1,10,orb,4,1,-1,8624.39,2368.70,2368.70
410,1821.00,29.77534917,116.03357259,29.74535385,116.04037541,29.74535385,116.04037541,0.4400,3403.17,1,420,orb,6,1,-1,3327.42,3327.42,3327.42
411,1824.00,29.77901753,116.05126135,29.74535385,116.04037541,29.74535385,116.04037541,0.4633,3892.27,1,459,orb,7,1,-1,2799.03,1106.94,1106.94
412,1827.00,29.74535385,116.04037541,29.74535385,116.04037541,29.74535385,116.04037541,0.3000,0.00,0,-1,orb,0,0,-1,,,
413,1831.00,29.74535385,116.04037541,29.74535385,116.04037541,29.74535385,116.04037541,0.3000,0.00,0,-1,orb,0,0,-1,,,
414,1834.00,29.78540996,116.03396818,29.74535385,116.04037541,29.74535385,116.04037541,0.4400,4501.82,1,510,orb,6,1,-1,2530.41,2530.41,2530.41
415,1880.00,29.81604450,116.04804889,29.74535385,116.04037541,29.74535385,116.04037541,0.5333,7904.14,1,757,orb,10,1,15,1029.86,76.65,76.65
416,1885.00,29.76120154,116.06145673,29.74535385,116.04037541,29.74535385,116.04037541,0.4867,2694.77,1,313,orb,8,1,-1,5023.09,291.29,291.29
417,1890.00,29.73326037,116.05066264,29.74535385,116.04037541,29.74535385,116.04037541,0.5333,1673.46,1,68,orb,10,1,-1,8017.81,786.48,786.48
418,1895.00,29.73149594,116.04541042,29.74535385,116.04037541,29.73149594,116.04541042,0.4167,1617.56,1,51,orb,5,1,-1,8143.39,8143.39,8143.39
419,1901.00,29.73156032,116.05222560,29.73149594,116.04541042,29.73149594,116.04541042,0.4167,658.57,1,54,orb,5,1,-1,8067.62,2423.12,2423.12
420,1906.00,29.79742371,116.04164167,29.73149594,116.04541042,29.73149594,116.04541042,0.4167,7348.11,1,604,orb,5,1,-1,882.09,882.09,882.09
421,1911.00,29.77451830,116.03395582,29.73149594,116.04541042,29.73149594,116.04541042,0.4633,4915.48,1,405,orb,7,1,-1,3426.10,1138.90,1138.90
422,1916.00,29.75707176,116.05340533,29.73149594,116.04541042,29.73149594,116.04541042,0.4167,2950.05,1,280,orb,5,1,-1,4844.93,2554.95,2554.95
423,1921.00,29.78137214,116.03577839,29.73149594,116.04541042,29.73149594,116.04541042,0.4167,5629.69,1,466,orb,5,1,-1,2487.66,715.45,715.45
424,1926.00,29.72826142,116.05429541,29.73149594,116.04541042,29.73149594,116.04541042,0.4400,930.98,1,40,orb,6,1,-1,7877.92,1155.12,1155.12
425,1931.00,29.78403183,116.05970129,29.73149594,116.04541042,29.73149594,116.04541042,0.4867,6009.11,1,508,orb,8,1,-1,1943.41,695.89,695.89
426,1937.00,29.72548370,116.05730474,29.73149594,116.04541042,29.73149594,116.04541042,0.4633,1329.99,1,11,orb,7,1,-1,8137.00,679.65,679.65
427,1942.00,29.81747628,116.04179002,29.73149594,116.04541042,29.73149594,116.04541042,0.4867,9577.72,1,769,orb,8,1,-1,2274.98,970.31,970.31
428,1947.00,29.77876000,116.05549986,29.73149594,116.04541042,29.77876000,116.05549986,0.4167,5351.00,1,461,orb,5,1,-1,2069.76,1072.70,1072.70
429,1953.00,29.78856936,116.05046484,29.77876000,116.05549986,29.77876000,116.05549986,0.4633,1195.46,1,533,orb,7,1,-1,868.97,868.97,868.97
430,1958.00,29.72969932,116.05270772,29.77876000,116.05549986,29.77876000,116.05549986,0.4633,5468.10,1,39,orb,7,1,-1,7388.81,394.45,394.45
431,1963.00,29.75479838,116.05189182,29.77876000,116.05549986,29.77876000,116.05549986,0.4400,2690.09,1,249,orb,6,1,-1,4515.54,769.97,769.97
432,1969.00,29.73061603,116.04146860,29.77876000,116.05549986,29.77876000,116.05549986,0.4633,5528.22,1,49,orb,7,1,-1,6642.42,784.92,784.92
433,1974.00,29.72525836,116.04969839,29.77876000,116.05549986,29.77876000,116.05549986,0.4867,5982.13,1,8,orb,8,1,-1,7548.83,414.11,414.11
434,1979.00,29.73693946,116.04969307,29.77876000,116.05549986,29.77876000,116.05549986,0.4867,4689.15,1,97,orb,8,1,-1,6270.22,707.06,707.06
435,1985.00,29.78481516,116.05813833,29.77876000,116.05549986,29.77876000,116.05549986,0.5100,720.66,1,507,orb,9,1,-1,2940.27,412.39,412.39
436,1990.00,29.81011810,116.03967076,29.77876000,116.05549986,29.77876000,116.05549986,0.4167,3811.17,1,708,orb,5,1,-1,2271.08,2271.08,2271.08
437,1995.00,29.78521219,116.04783874,29.77876000,116.05549986,29.77876000,116.05549986,0.4400,1031.46,1,502,orb,6,1,-1,628.99,628.99,628.99
438,2000.00,29.73660681,116.04860519,29.77876000,116.05549986,29.73660681,116.04860519,0.4167,4739.55,1,97,orb,5,1,-1,5947.41,730.95,730.95
439,2005.00,29.78720196,116.03410417,29.73660681,116.04860519,29.73660681,116.04860519,0.4167,5803.93,1,510,orb,5,1,-1,1495.99,1495.99,1495.99
440,2010.00,29.81620545,116.05434486,29.73660681,116.04860519,29.73660681,116.04860519,0.4400,8878.26,1,760,orb,6,1,-1,3054.91,3054.91,3054.91
441,2015.00,29.74074732,116.04171584,29.73660681,116.04860519,29.73660681,116.04860519,0.4167,809.69,1,124,orb,5,1,-1,5355.49,436.00,436.00
442,2020.00,29.72544078,116.04639940,29.73660681,116.04860519,29.73660681,116.04860519,0.4633,1261.14,1,6,orb,7,1,-1,6840.68,208.85,208.85
443,2025.00,29.74770846,116.03800890,29.73660681,116.04860519,29.73660681,116.04860519,0.4400,1604.88,1,182,orb,6,1,-1,4487.20,1012.24,1012.24
444,2030.00,29.78297562,116.04005399,29.73660681,116.04860519,29.73660681,116.04860519,0.4633,5227.49,1,483,orb,7,1,-1,911.96,466.77,466.77
445,2036.00,29.72783831,116.05232450,29.73660681,116.04860519,29.73660681,116.04860519,0.4167,1040.17,1,24,orb,5,1,-1,6398.82,675.57,675.57
446,2041.00,29.73054703,116.05419651,29.73660681,116.04860519,29.73660681,116.04860519,0.3933,864.26,1,40,orb,4,1,-1,6135.26,6135.26,6135.26
447,2046.00,29.79652845,116.04583074,29.73660681,116.04860519,29.73660681,116.04860519,0.3933,6675.86,1,591,orb,4,1,-1,1392.21,1392.21,1392.21
448,2051.00,29.81274560,116.05679789,29.73660681,116.04860519,29.81274560,116.05679789,0.4633,8512.66,1,746,orb,7,1,-1,3519.59,930.05,930.05
449,2056.00,29.81274560,116.05679789,29.81274560,116.05679789,29.81274560,116.05679789,0.3000,0.00,0,-1,orb,0,0,-1,,,
450,2061.00,29.81274560,116.05679789,29.81274560,116.05679789,29.81274560,116.05679789,0.3000,0.00,0,-1,orb,0,0,-1,,,
451,2066.00,29.81274560,116.05679789,29.81274560,116.05679789,29.81274560,116.05679789,0.3000,0.00,0,-1,orb,0,0,-1,,,
452,2072.00,29.72778466,116.05148387,29.81274560,116.05679789,29.81274560,116.05679789,0.4867,9471.78,1,24,orb,8,1,-1,5843.02,358.36,358.36
453,2077.00,29.79814266,116.04322936,29.81274560,116.05679789,29.81274560,116.05679789,0.3933,2088.43,1,605,orb,4,1,-1,2097.84,2097.84,2097.84
454,2082.00,29.81274560,116.05679789,29.81274560,116.05679789,29.81274560,116.05679789,0.3000,0.00,0,-1,orb,0,0,-1,,,
455,2087.00,29.81274560,116.05679789,29.81274560,116.05679789,29.81274560,116.05679789,0.3000,0.00,0,-1,orb,0,0,-1,,,
456,2092.00,29.81274560,116.05679789,29.81274560,116.05679789,29.81274560,116.05679789,0.3000,0.00,0,-1,orb,0,0,-1,,,
457,2096.00,29.81274560,116.05679789,29.81274560,116.05679789,29.81274560,116.05679789,0.3000,0.00,0,-1,orb,0,0,-1,,,
458,2101.00,29.81274560,116.05679789,29.81274560,116.05679789,29.81274560,116.05679789,0.3000,0.00,0,-1,orb,0,0,-1,,,
459,2107.00,29.81274560,116.05679789,29.81274560,116.05679789,29.81274560,116.05679789,0.3000,0.00,0,-1,orb,0,0,-1,,,
460,2112.00,29.81274560,116.05679789,29.81274560,116.05679789,29.81274560,116.05679789,0.3000,0.00,0,-1,orb,0,0,-1,,,
461,2117.00,29.81274560,116.05679789,29.81274560,116.05679789,29.81274560,116.05679789,0.3000,0.00,0,-1,orb,0,0,-1,,,
462,2123.00,29.81274560,116.05679789,29.81274560,116.05679789,29.81274560,116.05679789,0.3000,0.00,0,-1,orb,0,0,-1,,,
463,2128.00,29.81274560,116.05679789,29.81274560,116.05679789,29.81274560,116.05679789,0.3000,0.00,0,-1,orb,0,0,-1,,,
464,2133.00,29.81274560,116.05679789,29.81274560,116.05679789,29.81274560,116.05679789,0.3000,0.00,0,-1,orb,0,0,-1,,,
465,2138.00,29.81274560,116.05679789,29.81274560,116.05679789,29.81274560,116.05679789,0.3000,0.00,0,-1,orb,0,0,-1,,,
466,2143.00,29.81274560,116.05679789,29.81274560,116.05679789,29.81274560,116.05679789,0.3000,0.00,0,-1,orb,0,0,-1,,,
467,2148.00,29.81274560,116.05679789,29.81274560,116.05679789,29.81274560,116.05679789,0.3000,0.00,0,-1,orb,0,0,-1,,,
468,2153.00,29.81274560,116.05679789,29.81274560,116.05679789,29.81274560,116.05679789,0.3000,0.00,0,-1,orb,0,0,-1,,,
469,2159.00,29.81274560,116.05679789,29.81274560,116.05679789,29.81274560,116.05679789,0.3000,0.00,0,-1,orb,0,0,-1,,,
470,2164.00,29.81274560,116.05679789,29.81274560,116.05679789,29.81274560,116.05679789,0.3000,0.00,0,-1,orb,0,0,-1,,,
471,2169.00,29.81274560,116.05679789,29.81274560,116.05679789,29.81274560,116.05679789,0.3000,0.00,0,-1,orb,0,0,-1,,,
472,2175.00,29.81274560,116.05679789,29.81274560,116.05679789,29.81274560,116.05679789,0.3000,0.00,0,-1,orb,0,0,-1,,,
473,2180.00,29.81274560,116.05679789,29.81274560,116.05679789,29.81274560,116.05679789,0.3000,0.00,0,-1,orb,0,0,-1,,,
474,2185.00,29.81274560,116.05679789,29.81274560,116.05679789,29.81274560,116.05679789,0.3000,0.00,0,-1,orb,0,0,-1,,,
475,2190.00,29.81274560,116.05679789,29.81274560,116.05679789,29.81274560,116.05679789,0.3000,0.00,0,-1,orb,0,0,-1,,,
476,2195.00,29.74516070,116.04825905,29.81274560,116.05679789,29.81274560,116.05679789,0.4633,7568.66,1,172,orb,7,1,-1,1931.54,1931.54,1931.54
477,2199.00,29.81274560,116.05679789,29.81274560,116.05679789,29.81274560,116.05679789,0.0000,0.00,0,-1,orb,0,0,-1,,,
478,2204.00,29.81274560,116.05679789,29.81274560,116.05679789,29.81274560,116.05679789,0.3000,0.00,0,-1,orb,0,0,-1,,,
479,2209.00,29.81274560,116.05679789,29.81274560,116.05679789,29.81274560,116.05679789,0.0000,0.00,0,-1,orb,0,0,-1,,,
480,2214.00,29.81274560,116.05679789,29.81274560,116.05679789,29.81274560,116.05679789,0.3000,0.00,0,-1,orb,0,0,-1,,,
481,2220.00,29.81274560,116.05679789,29.81274560,116.05679789,29.81274560,116.05679789,0.3000,0.00,0,-1,orb,0,0,-1,,,
482,2225.00,29.81274560,116.05679789,29.81274560,116.05679789,29.81274560,116.05679789,0.3000,0.00,0,-1,orb,0,0,-1,,,
483,2230.00,29.81274560,116.05679789,29.81274560,116.05679789,29.81274560,116.05679789,0.3000,0.00,0,-1,orb,0,0,-1,,,
484,2235.00,29.81274560,116.05679789,29.81274560,116.05679789,29.81274560,116.05679789,0.3000,0.00,0,-1,orb,0,0,-1,,,
485,2240.00,29.73704677,116.04702987,29.81274560,116.05679789,29.81274560,116.05679789,0.4633,8479.49,1,96,orb,7,1,-1,2234.33,2234.33,2234.33
486,2246.00,29.72515105,116.04803653,29.81274560,116.05679789,29.81274560,116.05679789,0.4400,9787.71,1,7,orb,6,1,-1,3340.61,1990.17,1990.17
487,2251.00,29.81156062,116.04795000,29.81274560,116.05679789,29.81274560,116.05679789,0.4400,865.06,1,727,orb,6,1,-1,6338.49,6338.49,6338.49
488,2256.00,29.72431407,116.05280662,29.81274560,116.05679789,29.81274560,116.05679789,0.4867,9851.75,1,9,orb,8,1,-1,3200.88,1049.15,1049.15
489,2262.00,29.81706852,116.03326354,29.81274560,116.05679789,29.81274560,116.05679789,0.4867,2324.42,1,765,orb,8,1,-1,7244.96,1786.02,1786.02
490,2268.00,29.78027763,116.03400527,29.81274560,116.05679789,29.81274560,116.05679789,0.4633,4232.49,1,465,orb,7,1,-1,4423.80,1141.42,1141.42
491,2273.00,29.79005480,116.03341188,29.81274560,116.05679789,29.79005480,116.03341188,0.4633,3389.21,1,540,orb,7,1,-1,4507.88,773.72,773.72
492,2279.00,29.78973288,116.03395582,29.79005480,116.03341188,29.79005480,116.03341188,0.4400,63.61,1,540,orb,6,1,-1,4581.60,531.93,531.93
493,2284.00,29.75188578,116.04044958,29.79005480,116.03341188,29.79005480,116.03341188,0.5100,4303.05,1,228,orb,9,1,-1,898.15,559.27,559.27
494,2290.00,29.76497720,116.03393110,29.79005480,116.03341188,29.79005480,116.03341188,0.5100,2792.09,1,330,orb,9,1,-1,2244.45,610.27,610.27
495,2295.00,29.72842238,116.05290552,29.79005480,116.03341188,29.79005480,116.03341188,0.5100,7114.79,1,39,orb,9,1,-1,2251.47,1206.63,1206.63
496,2301.00,29.81163573,116.04825905,29.79005480,116.03341188,29.79005480,116.03341188,0.4167,2798.15,1,727,orb,5,1,-1,7050.90,7050.90,7050.90
497,2306.00,29.78468639,116.03377039,29.79005480,116.03341188,29.79005480,116.03341188,0.4167,598.61,1,495,orb,5,1,-1,4382.89,4382.89,4382.89
498,2312.00,29.79005480,116.03341188,29.79005480,116.03341188,29.79005480,116.03341188,0.3000,0.00,0,-1,orb,0,0,-1,,,
499,2318.00,29.79005480,116.03341188,29.79005480,116.03341188,29.79005480,116.03341188,0.0000,0.00,0,-1,orb,0,0,-1,,,
500,2323.00,29.72539786,116.05032886,29.79005480,116.03341188,29.79005480,116.03341188,0.4633,7380.90,1,8,orb,7,1,-1,2230.34,2230.34,2230.34
501,2328.00,29.73305649,116.06189472,29.79005480,116.03341188,29.79005480,116.03341188,0.4167,6916.24,1,74,orb,5,1,-1,1893.06,977.11,977.11
502,2333.00,29.72778466,116.05126839,29.79005480,116.03341188,29.79005480,116.03341188,0.4633,7143.42,1,23,orb,7,1,-1,1875.19,543.81,543.81
503,2339.00,29.72546224,116.04755441,29.79005480,116.03341188,29.72546224,116.04755441,0.4167,7319.15,1,7,orb,5,1,12,1994.15,128.60,128.60
504,2344.00,29.77528479,116.03727953,29.72546224,116.04755441,29.72546224,116.04755441,0.3933,5634.41,1,422,orb,4,1,-1,3837.70,3837.70,3837.70
505,2350.00,29.73913773,116.05190418,29.72546224,116.04755441,29.72546224,116.04755441,0.4400,1579.31,1,129,orb,6,1,-1,405.00,405.00,405.00
506,2356.00,29.79343343,116.03582783,29.72546224,116.04755441,29.72546224,116.04755441,0.4167,7650.93,1,571,orb,5,1,-1,5977.72,5977.72,5977.72
507,2362.00,29.81179669,116.03937407,29.72546224,116.04755441,29.72546224,116.04755441,0.4867,9643.20,1,723,orb,8,1,-1,7977.72,1355.69,1355.69
508,2368.00,29.79139001,116.05955999,29.72546224,116.04755441,29.72546224,116.04755441,0.4167,7430.20,1,567,orb,5,1,-1,5881.62,5881.62,5881.62
509,2373.00,29.72807900,116.03363440,29.72546224,116.04755441,29.72546224,116.04755441,0.4867,1376.23,1,30,orb,8,1,-1,1845.81,1164.04,1164.04
510,2379.00,29.79670476,116.06014633,29.72546224,116.04755441,29.72546224,116.04755441,0.4400,8023.51,1,613,orb,6,1,-1,6660.02,876.83,876.83
511,2385.00,29.81675733,116.04002926,29.72546224,116.04755441,29.72546224,116.04755441,0.4167,10188.95,1,768,orb,5,1,-1,8884.51,7746.73,7746.73
512,2390.00,29.72752713,116.05615506,29.72546224,116.04755441,29.72546224,116.04755441,0.5333,862.26,1,26,orb,10,1,-1,1303.03,861.50,861.50
513,2396.00,29.77408908,116.05163221,29.72546224,116.04755441,29.77408908,116.05163221,0.4167,5427.46,1,414,orb,5,1,-1,4210.33,4210.33,4210.33
514,2402.00,29.81606596,116.04797472,29.77408908,116.05163221,29.77408908,116.05163221,0.6267,4686.21,1,757,orb,14,1,12,8875.72,104.00,104.00
515,2408.00,29.81376500,116.03758859,29.77408908,116.05163221,29.77408908,116.05163221,0.5100,4620.49,1,737,orb,9,1,-1,8829.75,359.49,359.49
516,2414.00,29.77408908,116.05163221,29.77408908,116.05163221,29.77408908,116.05163221,0.3000,0.00,0,-1,orb,0,0,-1,,,
517,2420.00,29.77408908,116.05163221,29.77408908,116.05163221,29.77408908,116.05163221,0.3000,0.00,0,-1,orb,0,0,-1,,,
518,2426.00,29.77408908,116.05163221,29.77408908,116.05163221,29.77408908,116.05163221,0.3000,0.00,0,-1,orb,0,0,-1,,,
519,2431.00,29.77408908,116.05163221,29.77408908,116.05163221,29.77408908,116.05163221,0.3000,0.00,0,-1,orb,0,0,-1,,,
520,2472.00,29.75756537,116.06156798,29.77408908,116.05163221,29.77408908,116.05163221,0.4633,2074.90,1,283,orb,7,1,-1,2939.83,2939.83,2939.83
521,2475.00,29.77408908,116.05163221,29.77408908,116.05163221,29.77408908,116.05163221,0.0000,0.00,0,-1,orb,0,0,-1,,,
522,2478.00,29.73490677,116.04785110,29.77408908,116.05163221,29.77408908,116.05163221,0.4633,4377.05,1,82,orb,7,1,-1,265.62,265.62,265.62
523,2481.00,29.77408908,116.05163221,29.77408908,116.05163221,29.77408908,116.05163221,0.3000,0.00,0,-1,orb,0,0,-1,,,
524,2484.00,29.81178596,116.04880299,29.77408908,116.05163221,29.77408908,116.05163221,0.5100,4205.31,1,727,orb,9,1,9,8468.44,91.32,91.32
525,2487.00,29.77464707,116.05199072,29.77408908,116.05163221,29.77408908,116.05163221,0.4867,71.12,1,414,orb,8,1,-1,4188.55,1103.78,1103.78
526,2490.00,29.72646480,116.04714645,29.77408908,116.05163221,29.77408908,116.05163221,0.4867,5319.22,1,22,orb,8,1,-1,1123.22,704.63,704.63
527,2493.00,29.75613359,116.06164748,29.77408908,116.05163221,29.77408908,116.05163221,0.4400,2220.76,1,269,orb,6,1,-1,2326.28,2326.28,2326.28
528,2496.00,29.81596938,116.04691861,29.77408908,116.05163221,29.77408908,116.05163221,0.5567,4684.31,1,756,orb,11,1,-1,8565.22,452.07,452.07
529,2499.00,29.73836051,116.06060373,29.77408908,116.05163221,29.73836051,116.06060373,0.4400,4070.68,1,118,orb,6,1,-1,945.05,714.45,714.45
530,2502.00,29.72551589,116.05779219,29.73836051,116.06060373,29.73836051,116.06060373,0.4400,1455.44,1,12,orb,6,1,-1,1773.88,747.69,747.69
531,2505.00,29.72526909,116.05269536,29.73836051,116.06060373,29.73836051,116.06060373,0.5100,1645.53,1,9,orb,9,1,-1,1697.69,743.00,743.00
532,2508.00,29.77549940,116.03586492,29.73836051,116.06060373,29.73836051,116.06060373,0.4867,4775.63,1,421,orb,8,1,-1,4100.36,1065.27,1065.27
533,2511.00,29.81607669,116.04807362,29.73836051,116.06060373,29.73836051,116.06060373,0.5567,8735.68,1,757,orb,11,1,-1,8156.15,417.02,417.02
534,2514.00,29.74388988,116.03399291,29.73836051,116.06060373,29.73836051,116.06060373,0.4633,2643.98,1,150,orb,7,1,-1,1666.49,281.50,281.50
535,2518.00,29.74490317,116.05060083,29.73836051,116.06060373,29.73836051,116.06060373,0.4167,1210.24,1,173,orb,5,1,-1,206.45,206.45,206.45
536,2521.00,29.73809225,116.05640230,29.73836051,116.06060373,29.73836051,116.06060373,0.4400,407.07,1,116,orb,6,1,-1,866.84,866.84,866.84
537,2524.00,29.77475437,116.03394346,29.73836051,116.06060373,29.73836051,116.06060373,0.5333,4801.03,1,405,orb,10,1,-1,3632.95,791.26,791.26
538,2527.00,29.72519398,116.04953768,29.73836051,116.06060373,29.73836051,116.06060373,0.5333,1814.29,1,8,orb,10,1,-1,2249.84,202.72,202.72
539,2530.00,29.74572942,116.04428014,29.73836051,116.06060373,29.74572942,116.04428014,0.4400,1777.86,1,170,orb,6,1,-1,676.84,676.84,676.84
540,2533.00,29.72677599,116.05716876,29.74572942,116.04428014,29.74572942,116.04428014,0.4400,2450.03,1,26,orb,6,1,-1,2268.77,2183.34,2183.34
541,2536.00,29.74186791,116.04839504,29.74572942,116.04428014,29.74572942,116.04428014,0.4400,585.56,1,142,orb,6,1,-1,732.25,732.25,732.25
542,2539.00,29.76436556,116.03650775,29.74572942,116.04428014,29.74572942,116.04428014,0.4633,2206.33,1,331,orb,7,1,-1,2351.42,173.20,173.20
543,2542.00,29.74031809,116.03632764,29.74572942,116.04428014,29.74572942,116.04428014,0.4867,976.40,1,122,orb,8,1,-1,1636.57,267.64,267.64
544,2545.00,29.72993539,116.04080808,29.74572942,116.04428014,29.74572942,116.04428014,0.4400,1789.91,1,33,orb,6,1,-1,2559.60,738.71,738.71
545,2548.00,29.73301357,116.06194417,29.74572942,116.04428014,29.74572942,116.04428014,0.4867,2217.43,1,74,orb,8,1,-1,2304.48,834.31,834.31
546,2551.00,29.77465780,116.05218851,29.74572942,116.04428014,29.74572942,116.04428014,0.4400,3309.73,1,414,orb,6,1,-1,2520.20,2520.20,2520.20
547,2554.00,29.80265262,116.06067791,29.74572942,116.04428014,29.74572942,116.04428014,0.3933,6531.78,1,658,orb,4,1,-1,5715.67,5715.67,5715.67
548,2557.00,29.74209325,116.03937407,29.74572942,116.04428014,29.74572942,116.04428014,0.4633,623.36,1,138,orb,7,1,-1,1633.92,492.39,492.39
549,2560.00,29.77301140,116.04032596,29.74572942,116.04428014,29.77301140,116.04032596,0.4633,3060.97,1,393,orb,7,1,-1,2339.22,872.76,872.76
550,2563.00,29.78773238,116.03390637,29.77301140,116.04032596,29.77301140,116.04032596,0.5100,1752.21,1,525,orb,9,1,-1,4153.17,328.97,328.97
551,2566.00,29.77850247,116.05517312,29.77301140,116.04032596,29.77301140,116.04032596,0.5100,1559.44,1,460,orb,9,1,-1,2747.47,1141.34,1141.34
552,2570.00,29.77301140,116.04032596,29.77301140,116.04032596,29.77301140,116.04032596,0.3000,0.00,0,-1,orb,0,0,-1,,,
553,2573.00,29.73070188,116.04470046,29.77301140,116.04032596,29.77301140,116.04032596,0.3933,4728.83,1,50,orb,4,1,-1,2916.81,2800.76,2800.76
554,2576.00,29.79007626,116.04825905,29.77301140,116.04032596,29.77301140,116.04032596,0.4167,2048.49,1,547,orb,5,1,-1,3691.56,3691.56,3691.56
555,2579.00,29.77301140,116.04032596,29.77301140,116.04032596,29.77301140,116.04032596,0.3000,0.00,0,-1,orb,0,0,-1,,,
556,2582.00,29.77301140,116.04032596,29.77301140,116.04032596,29.77301140,116.04032596,0.3000,0.00,0,-1,orb,0,0,-1,,,
557,2585.00,29.77301140,116.04032596,29.77301140,116.04032596,29.77301140,116.04032596,0.3000,0.00,0,-1,orb,0,0,-1,,,
558,2588.00,29.77301140,116.04032596,29.77301140,116.04032596,29.77301140,116.04032596,0.3000,0.00,0,-1,orb,0,0,-1,,,
559,2592.00,29.77301140,116.04032596,29.77301140,116.04032596,29.77301140,116.04032596,0.3000,0.00,0,-1,orb,0,0,-1,,,
560,2595.00,29.77301140,116.04032596,29.77301140,116.04032596,29.77301140,116.04032596,0.3000,0.00,0,-1,orb,0,0,-1,,,
561,2598.00,29.77301140,116.04032596,29.77301140,116.04032596,29.77301140,116.04032596,0.3000,0.00,0,-1,orb,0,0,-1,,,
562,2601.00,29.77301140,116.04032596,29.77301140,116.04032596,29.77301140,116.04032596,0.3000,0.00,0,-1,orb,0,0,-1,,,
563,2604.00,29.77301140,116.04032596,29.77301140,116.04032596,29.77301140,116.04032596,0.3000,0.00,0,-1,orb,0,0,-1,,,
564,2607.00,29.77301140,116.04032596,29.77301140,116.04032596,29.77301140,116.04032596,0.3000,0.00,0,-1,orb,0,0,-1,,,
565,2610.00,29.77301140,116.04032596,29.77301140,116.04032596,29.77301140,116.04032596,0.3000,0.00,0,-1,orb,0,0,-1,,,
566,2614.00,29.77301140,116.04032596,29.77301140,116.04032596,29.77301140,116.04032596,0.3000,0.00,0,-1,orb,0,0,-1,,,
567,2617.00,29.77301140,116.04032596,29.77301140,116.04032596,29.77301140,116.04032596,0.3000,0.00,0,-1,orb,0,0,-1,,,
568,2620.00,29.77301140,116.04032596,29.77301140,116.04032596,29.77301140,116.04032596,0.3000,0.00,0,-1,orb,0,0,-1,,,
569,2623.00,29.77301140,116.04032596,29.77301140,116.04032596,29.77301140,116.04032596,0.3000,0.00,0,-1,orb,0,0,-1,,,
570,2626.00,29.77301140,116.04032596,29.77301140,116.04032596,29.77301140,116.04032596,0.3000,0.00,0,-1,orb,0,0,-1,,,
571,2629.00,29.77301140,116.04032596,29.77301140,116.04032596,29.77301140,116.04032596,0.3000,0.00,0,-1,orb,0,0,-1,,,
572,2632.00,29.77301140,116.04032596,29.77301140,116.04032596,29.77301140,116.04032596,0.3000,0.00,0,-1,orb,0,0,-1,,,
573,2635.00,29.77301140,116.04032596,29.77301140,116.04032596,29.77301140,116.04032596,0.3000,0.00,0,-1,orb,0,0,-1,,,
574,2638.00,29.77301140,116.04032596,29.77301140,116.04032596,29.77301140,116.04032596,0.3000,0.00,0,-1,orb,0,0,-1,,,
575,2641.00,29.77301140,116.04032596,29.77301140,116.04032596,29.77301140,116.04032596,0.3000,0.00,0,-1,orb,0,0,-1,,,
576,2645.00,29.77301140,116.04032596,29.77301140,116.04032596,29.77301140,116.04032596,0.3000,0.00,0,-1,orb,0,0,-1,,,
577,2648.00,29.77301140,116.04032596,29.77301140,116.04032596,29.77301140,116.04032596,0.3000,0.00,0,-1,orb,0,0,-1,,,
578,2652.00,29.77301140,116.04032596,29.77301140,116.04032596,29.77301140,116.04032596,0.3000,0.00,0,-1,orb,0,0,-1,,,
579,2655.00,29.77301140,116.04032596,29.77301140,116.04032596,29.77301140,116.04032596,0.3000,0.00,0,-1,orb,0,0,-1,,,
580,2658.00,29.77301140,116.04032596,29.77301140,116.04032596,29.77301140,116.04032596,0.3000,0.00,0,-1,orb,0,0,-1,,,
581,2661.00,29.77301140,116.04032596,29.77301140,116.04032596,29.77301140,116.04032596,0.3000,0.00,0,-1,orb,0,0,-1,,,
582,2665.00,29.77301140,116.04032596,29.77301140,116.04032596,29.77301140,116.04032596,0.3000,0.00,0,-1,orb,0,0,-1,,,
583,2668.00,29.77301140,116.04032596,29.77301140,116.04032596,29.77301140,116.04032596,0.3000,0.00,0,-1,orb,0,0,-1,,,
584,2671.00,29.81606596,116.04795000,29.77301140,116.04032596,29.77301140,116.04032596,0.4400,4849.12,1,757,orb,6,1,-1,4108.35,4108.35,4108.35
585,2675.00,29.78706247,116.04413180,29.77301140,116.04032596,29.77301140,116.04032596,0.4867,1606.81,1,515,orb,8,1,-1,1057.12,1057.12,1057.12
586,2678.00,29.74004983,116.05194127,29.77301140,116.04032596,29.77301140,116.04032596,0.4400,3837.10,1,129,orb,6,1,-1,4458.10,789.69,789.69
587,2681.00,29.77301140,116.04032596,29.77301140,116.04032596,29.77301140,116.04032596,0.3000,0.00,0,-1,orb,0,0,-1,,,
588,2684.00,29.74004983,116.05827432,29.77301140,116.04032596,29.77301140,116.04032596,0.4400,4058.50,1,132,orb,6,1,-1,4670.12,4670.12,4670.12
589,2687.00,29.77301140,116.04032596,29.77301140,116.04032596,29.77301140,116.04032596,0.3000,0.00,0,-1,orb,0,0,-1,,,
590,2690.00,29.77301140,116.04032596,29.77301140,116.04032596,29.77301140,116.04032596,0.3000,0.00,0,-1,orb,0,0,-1,,,
591,2693.00,29.79335832,116.03881777,29.77301140,116.04032596,29.77301140,116.04032596,0.5333,2269.70,1,573,orb,10,1,-1,1570.48,557.62,557.62
592,2697.00,29.73105599,116.03379511,29.77301140,116.04032596,29.73105599,116.03379511,0.4400,4712.92,1,45,orb,6,1,-1,6163.82,374.86,374.86
593,2700.00,29.81603377,116.04699279,29.73105599,116.03379511,29.73105599,116.03379511,0.5100,9545.30,1,756,orb,9,1,-1,3419.10,935.24,935.24
594,2703.00,29.79529444,116.04790055,29.73105599,116.03379511,29.73105599,116.03379511,0.4400,7279.76,1,592,orb,6,1,-1,2921.46,456.15,456.15
595,2706.00,29.80424536,116.04064737,29.73105599,116.03379511,29.73105599,116.03379511,0.4633,8174.30,1,663,orb,7,1,-1,2293.67,784.15,784.15
596,2709.00,29.81718655,116.03580311,29.73105599,116.03379511,29.73105599,116.03379511,0.4167,9590.02,1,766,orb,5,1,-1,3659.55,1641.60,1641.60
597,2712.00,29.81715436,116.03339952,29.73105599,116.03379511,29.73105599,116.03379511,0.4400,9584.55,1,765,orb,6,1,-1,3674.46,1282.80,1282.80
598,2715.00,29.72523690,116.03546933,29.73105599,116.03379511,29.73105599,116.03379511,0.4400,667.68,1,1,orb,6,1,-1,7153.85,3019.25,3019.25
599,2718.00,29.74894710,116.04832086,29.73105599,116.03379511,29.73105599,116.03379511,0.4400,2436.53,1,202,orb,6,1,-1,4488.01,1669.16,1669.16
600,2721.00,29.76333081,116.06289606,29.73105599,116.03379511,29.73105599,116.03379511,0.4400,4562.40,1,329,orb,6,1,-1,3178.83,1207.46,1207.46
601,2724.00,29.75256180,116.04837031,29.73105599,116.03379511,29.73105599,116.03379511,0.4167,2777.56,1,232,orb,5,1,-1,4255.42,849.65,849.65
602,2728.00,29.75106564,116.05934983,29.73105599,116.03379511,29.75106564,116.05934983,0.3933,3325.51,1,222,orb,4,1,-1,4584.42,4584.42,4584.42
603,2731.00,29.80787080,116.04161695,29.75106564,116.05934983,29.75106564,116.05934983,0.4400,6551.59,1,694,orb,6,1,-1,1994.27,388.75,388.75
604,2734.00,29.75190724,116.04041249,29.75106564,116.05934983,29.75106564,116.05934983,0.4867,1832.26,1,228,orb,8,1,-1,4605.73,868.63,868.63
605,2737.00,29.72524763,116.04951296,29.75106564,116.05934983,29.75106564,116.05934983,0.5100,3027.16,1,8,orb,9,1,-1,7559.14,1756.15,1756.15
606,2741.00,29.73992106,116.03701993,29.75106564,116.05934983,29.75106564,116.05934983,0.4633,2488.91,1,122,orb,7,1,-1,6167.88,245.51,245.51
607,2744.00,29.81076655,116.04707228,29.75106564,116.05934983,29.75106564,116.05934983,0.4633,6750.96,1,727,orb,7,1,-1,1903.80,547.31,547.31
608,2747.00,29.78805430,116.03359732,29.75106564,116.05934983,29.75106564,116.05934983,0.4867,4811.09,1,525,orb,8,1,-1,1848.72,838.73,838.73
609,2750.00,29.75036815,116.04043722,29.75106564,116.05934983,29.75106564,116.05934983,0.4633,1829.12,1,213,orb,7,1,-1,5192.06,437.81,437.81
610,2753.00,29.81423714,116.03713119,29.75106564,116.05934983,29.75106564,116.05934983,0.5100,7352.68,1,737,orb,9,1,-1,2233.13,1076.75,1076.75
611,2756.00,29.75106564,116.05934983,29.75106564,116.05934983,29.75106564,116.05934983,0.3000,0.00,0,-1,orb,0,0,-1,,,
612,2759.00,29.78010132,116.04030123,29.75106564,116.05934983,29.75106564,116.05934983,0.3933,3719.59,1,453,orb,4,1,-1,2368.35,2368.35,2368.35
613,2763.00,29.75320564,116.05081631,29.75106564,116.05934983,29.75320564,116.05081631,0.4400,858.29,1,234,orb,6,1,-1,5195.15,5195.15,5195.15
614,2766.00,29.77860977,116.04489825,29.75320564,116.05081631,29.75320564,116.05081631,0.4400,2885.23,1,455,orb,6,1,-1,2366.62,986.41,986.41
615,2769.00,29.73118475,116.05244812,29.75320564,116.05081631,29.75320564,116.05081631,0.4867,2456.43,1,54,orb,8,1,-1,7761.55,736.22,736.22
616,2772.00,29.80264189,116.06277244,29.75320564,116.05081631,29.75320564,116.05081631,0.4167,5623.20,1,659,orb,5,1,-1,1146.61,1146.61,1146.61
617,2776.00,29.80060919,116.05015579,29.75320564,116.05081631,29.75320564,116.05081631,0.4633,5277.35,1,638,orb,7,1,1,133.09,133.09,133.09
618,2779.00,29.81323920,116.05583364,29.75320564,116.05081631,29.75320564,116.05081631,0.4633,6700.50,1,746,orb,7,1,-1,1319.27,1319.27,1319.27
619,2782.00,29.79993928,116.05200308,29.75320564,116.05081631,29.75320564,116.05081631,0.4633,5203.65,1,624,orb,7,1,-1,491.03,491.03,491.03
620,2785.00,29.80690043,116.04885244,29.75320564,116.05081631,29.75320564,116.05081631,0.5100,5980.32,1,682,orb,9,1,-1,364.21,364.21,364.21
621,2789.00,29.78419279,116.05053902,29.75320564,116.05081631,29.75320564,116.05081631,0.5100,3449.59,1,503,orb,9,1,-1,2228.86,432.80,432.80
622,2792.00,29.80686823,116.04882771,29.75320564,116.05081631,29.75320564,116.05081631,0.4867,5976.81,1,682,orb,8,1,-1,281.09,281.09,281.09
623,2795.00,29.81577623,116.05304150,29.75320564,116.05081631,29.81577623,116.05304150,0.4867,6968.68,1,759,orb,8,1,-1,1014.15,1014.15,1014.15
624,2798.00,29.81577623,116.05304150,29.81577623,116.05304150,29.81577623,116.05304150,0.0000,0.00,0,-1,orb,0,0,-1,,,
625,2801.00,29.78544215,116.03402999,29.81577623,116.05304150,29.81577623,116.05304150,0.6967,3844.14,1,510,orb,17,1,-1,2880.58,521.51,521.51
626,2805.00,29.81056267,116.04683740,29.81577623,116.05304150,29.81577623,116.05304150,0.4167,834.40,1,727,orb,5,1,-1,456.11,456.11,456.11
627,2808.00,29.81577623,116.05304150,29.81577623,116.05304150,29.81577623,116.05304150,0.3000,0.00,0,-1,orb,0,0,-1,,,
628,2855.00,29.81577623,116.05304150,29.81577623,116.05304150,29.81577623,116.05304150,0.0000,0.00,0,-1,orb,0,0,-1,,,
629,2860.00,29.78000474,116.03638413,29.81577623,116.05304150,29.81577623,116.05304150,0.5333,4295.07,1,451,orb,10,1,-1,3619.65,596.77,596.77
630,2866.00,29.81577623,116.05304150,29.81577623,116.05304150,29.81577623,116.05304150,0.3000,0.00,0,-1,orb,0,0,-1,,,
631,2871.00,29.79321882,116.03367149,29.81577623,116.05304150,29.81577623,116.05304150,0.5333,3131.89,1,570,orb,10,1,-1,2357.26,373.13,373.13
632,2876.00,29.73556595,116.05013107,29.81577623,116.05304150,29.81577623,116.05304150,0.5100,8933.44,1,98,orb,9,1,-1,2568.03,398.73,398.73
633,2881.00,29.75192870,116.04046194,29.81577623,116.05304150,29.81577623,116.05304150,0.4400,7210.70,1,228,orb,6,1,-1,6027.47,274.93,274.93
634,2886.00,29.78179063,116.04012816,29.81577623,116.05304150,29.81577623,116.05304150,0.3933,3983.73,1,468,orb,4,1,-1,2903.51,1469.57,1469.57
635,2891.00,29.77840127,116.05077390,29.81577623,116.05304150,29.81577623,116.05304150,0.4167,4166.35,1,443,orb,5,1,-1,2950.17,1444.37,1444.37
636,2896.00,29.79383046,116.06217906,29.81577623,116.05304150,29.81577623,116.05304150,0.4400,2597.66,1,584,orb,6,1,-1,1418.71,1284.88,1284.88
637,2901.00,29.78072831,116.04044958,29.81577623,116.05304150,29.78072831,116.04044958,0.4400,4086.86,1,468,orb,6,1,-1,2694.73,404.94,404.94
638,2906.00,29.75680350,116.05884298,29.78072831,116.04044958,29.78072831,116.04044958,0.4633,3201.88,1,282,orb,7,1,-1,4923.86,391.19,391.19
639,2912.00,29.78105023,116.03944824,29.78072831,116.04044958,29.78072831,116.04044958,0.4400,103.18,1,468,orb,6,1,-1,2548.26,2548.26,2548.26
640,2917.00,29.79347636,116.06146909,29.78072831,116.04044958,29.78072831,116.04044958,0.4633,2477.72,1,583,orb,7,1,-1,1046.52,1046.52,1046.52
641,2922.00,29.79061279,116.03359732,29.78072831,116.04044958,29.78072831,116.04044958,0.4633,1284.19,1,540,orb,7,1,-1,2139.29,870.17,870.17
642,2927.00,29.78072831,116.04044958,29.78072831,116.04044958,29.78072831,116.04044958,0.3000,0.00,0,-1,orb,0,0,-1,,,
643,2933.00,29.78072831,116.04044958,29.78072831,116.04044958,29.78072831,116.04044958,0.3000,0.00,0,-1,orb,0,0,-1,,,
644,2938.00,29.79037672,116.03351078,29.78072831,116.04044958,29.78072831,116.04044958,0.4867,1266.15,1,540,orb,8,1,-1,2033.59,815.51,815.51
645,2943.00,29.79445746,116.03942352,29.78072831,116.04044958,29.78072831,116.04044958,0.4167,1531.54,1,588,orb,5,1,-1,1266.84,1266.84,1266.84
646,2948.00,29.78922855,116.03398054,29.78072831,116.04044958,29.78072831,116.04044958,0.4633,1134.07,1,540,orb,7,1,-1,1971.65,347.02,347.02
647,2953.00,29.72541932,116.04997036,29.78072831,116.04044958,29.78072831,116.04044958,0.4400,6225.35,1,8,orb,6,1,-1,7785.79,1401.91,1401.91
648,2959.00,29.72526909,116.04952532,29.78072831,116.04044958,29.78072831,116.04044958,0.3933,6235.69,1,8,orb,4,1,-1,7707.91,1560.66,1560.66
649,2964.00,29.77160570,116.06160507,29.78072831,116.04044958,29.77160570,116.06160507,0.4167,2282.55,1,403,orb,5,1,-1,2536.58,383.78,383.78
650,2969.00,29.81683245,116.04186419,29.77160570,116.06160507,29.77160570,116.06160507,0.4400,5383.88,1,769,orb,6,1,-1,2855.54,2855.54,2855.54
651,2975.00,29.80607417,116.03642122,29.77160570,116.06160507,29.77160570,116.06160507,0.5100,4543.62,1,676,orb,9,1,-1,2256.28,365.84,365.84
652,2980.00,29.78914881,116.03866410,29.77160570,116.06160507,29.77160570,116.06160507,0.4400,2954.26,1,527,orb,6,1,-1,200.49,200.49,200.49
653,2985.00,29.72843311,116.05300442,29.77160570,116.06160507,29.77160570,116.06160507,0.4633,4877.30,1,39,orb,7,1,-1,6914.21,835.02,835.02
654,2990.00,29.75220769,116.04947587,29.77160570,116.06160507,29.77160570,116.06160507,0.4633,2456.94,1,233,orb,7,1,-1,4232.78,569.48,569.48
655,2995.00,29.80782787,116.05517312,29.77160570,116.06160507,29.77160570,116.06160507,0.4400,4079.87,1,700,orb,6,1,-1,2057.92,2042.06,2042.06
656,3000.00,29.73500334,116.03942352,29.77160570,116.06160507,29.77160570,116.06160507,0.4400,4603.92,1,78,orb,6,1,-1,6198.09,1251.89,1251.89
657,3005.00,29.78551265,116.03400527,29.77160570,116.06160507,29.77160570,116.06160507,0.4867,3083.67,1,495,orb,8,1,-1,1898.83,258.26,258.26
658,3011.00,29.72669014,116.04667137,29.77160570,116.06160507,29.77160570,116.06160507,0.4867,5204.06,1,21,orb,8,1,-1,6745.39,767.18,767.18
659,3016.00,29.74720413,116.06336583,29.77160570,116.06160507,29.74720413,116.06336583,0.4633,2721.71,1,194,orb,7,1,-1,4534.20,1503.03,1503.03
660,3021.00,29.78511562,116.04799945,29.74720413,116.06336583,29.74720413,116.06336583,0.4400,4473.89,1,502,orb,6,1,-1,484.38,484.38,484.38
661,3026.00,29.81441956,116.05931274,29.74720413,116.06336583,29.74720413,116.06336583,0.5100,7492.66,1,747,orb,9,1,-1,3167.26,351.00,351.00
662,3031.00,29.74530020,116.03618634,29.74720413,116.06336583,29.74720413,116.06336583,0.5100,2634.82,1,166,orb,9,1,-1,4693.06,682.23,682.23
663,3036.00,29.79244160,116.06242630,29.74720413,116.06336583,29.74720413,116.06336583,0.4633,5036.65,1,569,orb,7,1,-1,1294.18,515.74,515.74
664,3041.00,29.75193943,116.04044958,29.74720413,116.06336583,29.74720413,116.06336583,0.4633,2276.21,1,228,orb,7,1,-1,3657.71,767.67,767.67
665,3046.00,29.78814014,116.03360968,29.74720413,116.06336583,29.74720413,116.06336583,0.5800,5388.26,1,525,orb,12,1,-1,1966.34,447.18,447.18
666,3051.00,29.72740909,116.05615506,29.74720413,116.06336583,29.74720413,116.06336583,0.5100,2311.11,1,26,orb,9,1,-1,6088.29,441.09,441.09
667,3056.00,29.76435483,116.03653248,29.74720413,116.06336583,29.74720413,116.06336583,0.5100,3219.92,1,331,orb,9,1,-1,2447.87,802.87,802.87
668,3061.00,29.79334759,116.05632813,29.74720413,116.06336583,29.74720413,116.06336583,0.4633,5181.51,1,581,orb,7,1,-1,1516.21,1065.21,1065.21
669,3066.00,29.74720413,116.06336583,29.74720413,116.06336583,29.74720413,116.06336583,0.3000,0.00,0,-1,orb,0,0,-1,,,
670,3070.00,29.74720413,116.06336583,29.74720413,116.06336583,29.74720413,116.06336583,0.3000,0.00,0,-1,orb,0,0,-1,,,
671,3075.00,29.74720413,116.06336583,29.74720413,116.06336583,29.74720413,116.06336583,0.3000,0.00,0,-1,orb,0,0,-1,,,
672,3080.00,29.74720413,116.06336583,29.74720413,116.06336583,29.74720413,116.06336583,0.3000,0.00,0,-1,orb,0,0,-1,,,
673,3085.00,29.74720413,116.06336583,29.74720413,116.06336583,29.74720413,116.06336583,0.3000,0.00,0,-1,orb,0,0,-1,,,
674,3090.00,29.74720413,116.06336583,29.74720413,116.06336583,29.74720413,116.06336583,0.3000,0.00,0,-1,orb,0,0,-1,,,
675,3096.00,29.74720413,116.06336583,29.74720413,116.06336583,29.74720413,116.06336583,0.3000,0.00,0,-1,orb,0,0,-1,,,
676,3101.00,29.74720413,116.06336583,29.74720413,116.06336583,29.74720413,116.06336583,0.3000,0.00,0,-1,orb,0,0,-1,,,
677,3105.00,29.74720413,116.06336583,29.74720413,116.06336583,29.74720413,116.06336583,0.3000,0.00,0,-1,orb,0,0,-1,,,
678,3110.00,29.74720413,116.06336583,29.74720413,116.06336583,29.74720413,116.06336583,0.3000,0.00,0,-1,orb,0,0,-1,,,
679,3115.00,29.74720413,116.06336583,29.74720413,116.06336583,29.74720413,116.06336583,0.3000,0.00,0,-1,orb,0,0,-1,,,
680,3120.00,29.74720413,116.06336583,29.74720413,116.06336583,29.74720413,116.06336583,0.3000,0.00,0,-1,orb,0,0,-1,,,
681,3125.00,29.74720413,116.06336583,29.74720413,116.06336583,29.74720413,116.06336583,0.3000,0.00,0,-1,orb,0,0,-1,,,
682,3130.00,29.74720413,116.06336583,29.74720413,116.06336583,29.74720413,116.06336583,0.3000,0.00,0,-1,orb,0,0,-1,,,
683,3135.00,29.74720413,116.06336583,29.74720413,116.06336583,29.74720413,116.06336583,0.3000,0.00,0,-1,orb,0,0,-1,,,
684,3140.00,29.74720413,116.06336583,29.74720413,116.06336583,29.74720413,116.06336583,0.3000,0.00,0,-1,orb,0,0,-1,,,
685,3145.00,29.74720413,116.06336583,29.74720413,116.06336583,29.74720413,116.06336583,0.3000,0.00,0,-1,orb,0,0,-1,,,
686,3151.00,29.74720413,116.06336583,29.74720413,116.06336583,29.74720413,116.06336583,0.3000,0.00,0,-1,orb,0,0,-1,,,
687,3156.00,29.74720413,116.06336583,29.74720413,116.06336583,29.74720413,116.06336583,0.3000,0.00,0,-1,orb,0,0,-1,,,
688,3161.00,29.74720413,116.06336583,29.74720413,116.06336583,29.74720413,116.06336583,0.3000,0.00,0,-1,orb,0,0,-1,,,
689,3166.00,29.74720413,116.06336583,29.74720413,116.06336583,29.74720413,116.06336583,0.3000,0.00,0,-1,orb,0,0,-1,,,
690,3172.00,29.74720413,116.06336583,29.74720413,116.06336583,29.74720413,116.06336583,0.3000,0.00,0,-1,orb,0,0,-1,,,
691,3177.00,29.74720413,116.06336583,29.74720413,116.06336583,29.74720413,116.06336583,0.3000,0.00,0,-1,orb,0,0,-1,,,
692,3182.00,29.74720413,116.06336583,29.74720413,116.06336583,29.74720413,116.06336583,0.3000,0.00,0,-1,orb,0,0,-1,,,
693,3187.00,29.74720413,116.06336583,29.74720413,116.06336583,29.74720413,116.06336583,0.3000,0.00,0,-1,orb,0,0,-1,,,
694,3193.00,29.74720413,116.06336583,29.74720413,116.06336583,29.74720413,116.06336583,0.3000,0.00,0,-1,orb,0,0,-1,,,
695,3198.00,29.74720413,116.06336583,29.74720413,116.06336583,29.74720413,116.06336583,0.3000,0.00,0,-1,orb,0,0,-1,,,
696,3204.00,29.74720413,116.06336583,29.74720413,116.06336583,29.74720413,116.06336583,0.3000,0.00,0,-1,orb,0,0,-1,,,
697,3209.00,29.74720413,116.06336583,29.74720413,116.06336583,29.74720413,116.06336583,0.3000,0.00,0,-1,orb,0,0,-1,,,
698,3214.00,29.74720413,116.06336583,29.74720413,116.06336583,29.74720413,116.06336583,0.3000,0.00,0,-1,orb,0,0,-1,,,
699,3219.00,29.74720413,116.06336583,29.74720413,116.06336583,29.74720413,116.06336583,0.3000,0.00,0,-1,orb,0,0,-1,,,
700,3225.00,29.73294918,116.05600139,29.74720413,116.06336583,29.73294918,116.05600139,0.4867,1739.11,1,70,orb,8,1,-1,2788.36,2788.36,2788.36
701,3230.00,29.73333548,116.05444375,29.73294918,116.05600139,29.73294918,116.05600139,0.4633,156.53,1,70,orb,7,1,-1,2699.42,2699.42,2699.42
702,3235.00,29.75188578,116.04044958,29.73294918,116.05600139,29.73294918,116.05600139,0.4400,2588.81,1,228,orb,6,1,-1,1325.65,337.70,337.70
703,3240.00,29.73058995,116.03445031,29.73294918,116.05600139,29.73294918,116.05600139,0.4167,2098.92,1,30,orb,5,1,-1,3477.82,1272.65,1272.65
704,3245.00,29.80491065,116.03880008,29.73294918,116.05600139,29.73294918,116.05600139,0.4633,8181.37,1,662,orb,7,1,-1,5726.82,347.46,347.46
705,3250.00,29.78665470,116.05797763,29.73294918,116.05600139,29.73294918,116.05600139,0.5100,5981.55,1,522,orb,9,1,-1,3656.39,1895.14,1895.14
706,3255.00,29.80088819,116.05435722,29.73294918,116.05600139,29.73294918,116.05600139,0.4633,7564.64,1,640,orb,7,1,-1,5295.83,1507.19,1507.19
707,3260.00,29.81718655,116.04388455,29.73294918,116.05600139,29.73294918,116.05600139,0.4167,9450.11,1,770,orb,5,1,-1,7223.01,4675.73,4675.73
708,3265.00,29.78925001,116.03399291,29.73294918,116.05600139,29.73294918,116.05600139,0.5800,6618.38,1,540,orb,12,1,67,4638.23,76.51,76.51
709,3271.00,29.72847603,116.05558640,29.73294918,116.05600139,29.73294918,116.05600139,0.4633,499.56,1,41,orb,7,1,6,2495.82,92.75,92.75
710,3276.00,29.72779539,116.05138497,29.73294918,116.05600139,29.72779539,116.05138497,0.4400,726.73,1,24,orb,6,1,-1,2583.89,1584.30,1584.30
711,3282.00,29.79910229,116.04630050,29.72779539,116.05138497,29.72779539,116.05138497,0.4867,7953.07,1,621,orb,8,1,7,5533.96,120.28,120.28
712,3287.00,29.80665362,116.04334062,29.72779539,116.05138497,29.72779539,116.05138497,0.4167,8812.85,1,680,orb,5,1,-1,6430.12,5061.03,5061.03
713,3293.00,29.74434518,116.06010925,29.72779539,116.05138497,29.72779539,116.05138497,0.4167,2026.03,1,178,orb,5,1,-1,820.08,820.08,820.08
714,3299.00,29.79783147,116.03943588,29.72779539,116.05138497,29.72779539,116.05138497,0.5567,7881.45,1,603,orb,11,1,-1,5669.80,531.64,531.64
715,3304.00,29.80017997,116.03572894,29.72779539,116.05138497,29.72779539,116.05138497,0.5333,8198.63,1,631,orb,10,1,-1,6231.05,541.93,541.93
716,3310.00,29.78040639,116.03400527,29.72779539,116.05138497,29.72779539,116.05138497,0.4633,6092.67,1,465,orb,7,1,-1,4305.85,1721.55,1721.55
717,3315.00,29.74203960,116.06243866,29.72779539,116.05138497,29.72779539,116.05138497,0.4400,1911.84,1,149,orb,6,1,-1,1034.01,629.33,629.33
718,3321.00,29.79224845,116.03617398,29.72779539,116.05138497,29.72779539,116.05138497,0.4633,7323.91,1,556,orb,7,1,-1,5506.84,1129.20,1129.20
719,3327.00,29.78678347,116.04447794,29.72779539,116.05138497,29.72779539,116.05138497,0.4633,6600.38,1,515,orb,7,1,12,4806.43,91.58,91.58
720,3333.00,29.78827964,116.03377039,29.72779539,116.05138497,29.78827964,116.03377039,0.4867,6944.90,1,525,orb,8,1,-1,5340.78,4452.64,4452.64
721,3339.00,29.81368988,116.06336583,29.78827964,116.03377039,29.78827964,116.03377039,0.4167,4022.36,1,749,orb,5,1,-1,7941.11,5586.18,5586.18
722,3344.00,29.72838557,116.05103883,29.78827964,116.03377039,29.78827964,116.03377039,0.4167,6873.03,1,24,orb,5,1,-1,1638.05,722.97,722.97
723,3350.00,29.79650088,116.05667427,29.78827964,116.03377039,29.78827964,116.03377039,0.4867,2394.90,1,611,orb,8,1,-1,6250.26,801.77,801.77
724,3356.00,29.79656526,116.05996090,29.78827964,116.03377039,29.78827964,116.03377039,0.4867,2693.56,1,613,orb,8,1,-1,6362.23,546.03,546.03
725,3361.00,29.72512959,116.03548169,29.78827964,116.03377039,29.78827964,116.03377039,0.4400,7031.81,1,1,orb,6,1,-1,2298.73,770.47,770.47
726,3367.00,29.75063641,116.04488589,29.78827964,116.03377039,29.78827964,116.03377039,0.4167,4325.90,1,215,orb,5,1,-1,1545.85,1545.85,1545.85
727,3374.00,29.74555773,116.03629760,29.78827964,116.03377039,29.78827964,116.03377039,0.4167,4762.07,1,166,orb,5,1,-1,1825.54,1825.54,1825.54
728,3380.00,29.74498901,116.05651356,29.78827964,116.03377039,29.78827964,116.03377039,0.4167,5296.54,1,176,orb,5,1,-1,908.45,908.45,908.45
729,3385.00,29.74636714,116.05615506,29.78827964,116.03377039,29.78827964,116.03377039,0.4400,5142.68,1,191,orb,6,1,-1,1170.62,764.47,764.47
730,3390.00,29.80026581,116.04148096,29.78827964,116.03377039,29.80026581,116.04148096,0.5100,1528.22,1,634,orb,9,1,17,7274.87,58.16,58.16
731,3396.00,29.80026581,116.04148096,29.80026581,116.04148096,29.80026581,116.04148096,0.0000,0.00,0,-1,orb,0,0,-1,,,
732,3401.00,29.80026581,116.04148096,29.80026581,116.04148096,29.80026581,116.04148096,0.0000,0.00,0,-1,orb,0,0,-1,,,
733,3407.00,29.80026581,116.04148096,29.80026581,116.04148096,29.80026581,116.04148096,0.3000,0.00,0,-1,orb,0,0,-1,,,
734,3411.00,29.78618256,116.03393110,29.80026581,116.04148096,29.80026581,116.04148096,0.4400,1729.17,1,510,orb,6,1,-1,6183.83,6183.83,6183.83
735,3453.00,29.72523690,116.05715640,29.80026581,116.04148096,29.80026581,116.04148096,0.4400,8488.45,1,11,orb,6,1,-1,991.06,252.17,252.17
736,3457.00,29.74257002,116.05559876,29.80026581,116.04148096,29.80026581,116.04148096,0.4867,6565.97,1,161,orb,8,1,-1,953.87,953.87,953.87
737,3460.00,29.74554700,116.04073391,29.80026581,116.04148096,29.80026581,116.04148096,0.4400,6091.73,1,168,orb,6,1,-1,1799.77,538.16,538.16
738,3463.00,29.73073407,116.05352363,29.80026581,116.04148096,29.80026581,116.04148096,0.4633,7827.25,1,54,orb,7,1,-1,663.11,663.11,663.11
739,3466.00,29.80821417,116.04673318,29.80026581,116.04148096,29.80026581,116.04148096,0.4167,1020.03,1,696,orb,5,1,-1,7954.14,1743.66,1743.66
740,3469.00,29.74871102,116.03519736,29.80026581,116.04148096,29.80026581,116.04148096,0.4167,5771.11,1,196,orb,5,1,-1,2223.00,1273.75,1273.75
741,3472.00,29.80026581,116.04148096,29.80026581,116.04148096,29.80026581,116.04148096,0.0000,0.00,0,-1,orb,0,0,-1,,,
742,3475.00,29.81001080,116.04674554,29.80026581,116.04148096,29.80026581,116.04148096,0.4167,1198.16,1,711,orb,5,1,-1,7909.50,1537.31,1537.31
743,3478.00,29.73711115,116.04714645,29.80026581,116.04148096,29.80026581,116.04148096,0.4167,7051.66,1,97,orb,5,1,-1,772.00,772.00,772.00
744,3480.00,29.74443102,116.04117191,29.80026581,116.04148096,29.74443102,116.04117191,0.4400,6215.60,1,169,orb,6,1,-1,1350.43,1254.76,1254.76
745,3483.00,29.78669763,116.05790345,29.74443102,116.04117191,29.74443102,116.04117191,0.4867,4975.13,1,522,orb,8,1,-1,5041.84,1024.68,1024.68
746,3486.00,29.74443102,116.04117191,29.74443102,116.04117191,29.74443102,116.04117191,0.3000,0.00,0,-1,orb,0,0,-1,,,
747,3489.00,29.74443102,116.04117191,29.74443102,116.04117191,29.74443102,116.04117191,0.3000,0.00,0,-1,orb,0,0,-1,,,
748,3492.00,29.74443102,116.04117191,29.74443102,116.04117191,29.74443102,116.04117191,0.3000,0.00,0,-1,orb,0,0,-1,,,
749,3495.00,29.74443102,116.04117191,29.74443102,116.04117191,29.74443102,116.04117191,0.0000,0.00,0,-1,orb,0,0,-1,,,
750,3498.00,29.79022649,116.06050484,29.74443102,116.04117191,29.74443102,116.04117191,0.4867,5429.44,1,553,orb,8,1,-1,5058.86,977.82,977.82
751,3501.00,29.72843311,116.05278190,29.74443102,116.04117191,29.74443102,116.04117191,0.5100,2104.78,1,39,orb,9,1,-1,1865.91,550.82,550.82
752,3504.00,29.77904972,116.05153332,29.74443102,116.04117191,29.74443102,116.04117191,0.4633,3981.68,1,459,orb,7,1,-1,3681.76,495.97,495.97
753,3507.00,29.79459695,116.05248521,29.74443102,116.04117191,29.74443102,116.04117191,0.4400,5690.46,1,594,orb,6,1,-1,5401.10,809.02,809.02
754,3510.00,29.75239011,116.03346133,29.74443102,116.04117191,29.74443102,116.04117191,0.4167,1157.63,1,225,orb,5,1,-1,2115.59,2115.59,2115.59
755,3513.00,29.75660573,116.05302914,29.74443102,116.04117191,29.74443102,116.04117191,0.4167,1774.69,1,264,orb,5,1,-1,876.23,876.23,876.23
756,3516.00,29.74954801,116.05627868,29.74443102,116.04117191,29.74443102,116.04117191,0.4633,1566.93,1,206,orb,7,1,-1,6991.88,153.55,153.55
757,3519.00,29.73934161,116.03632232,29.74443102,116.04117191,29.74443102,116.04117191,0.4167,735.24,1,121,orb,5,1,-1,2167.71,1894.04,1894.04
758,3522.00,29.78827964,116.04204962,29.74443102,116.04117191,29.78827964,116.04204962,0.4400,4881.96,1,529,orb,6,1,-1,4377.18,2108.63,2108.63
759,3525.00,29.81707925,116.03326354,29.78827964,116.04204962,29.78827964,116.04204962,0.5567,3316.48,1,765,orb,11,1,-1,7598.71,288.04,288.04
760,3528.00,29.78431082,116.04978492,29.78827964,116.04204962,29.78827964,116.04204962,0.4400,868.25,1,503,orb,6,1,-1,3666.54,3666.54,3666.54
761,3531.00,29.80063065,116.04902551,29.78827964,116.04204962,29.78827964,116.04204962,0.4633,1531.26,1,637,orb,7,1,-1,5400.15,479.12,479.12
762,3534.00,29.81700413,116.04621397,29.78827964,116.04204962,29.78827964,116.04204962,0.4867,3222.83,1,771,orb,8,1,-1,7133.78,3117.62,3117.62
763,3537.00,29.73258435,116.05446848,29.78827964,116.04204962,29.78827964,116.04204962,0.4633,6315.06,1,70,orb,7,1,-1,2395.67,251.41,251.41
764,3540.00,29.73255215,116.04775220,29.78827964,116.04204962,29.78827964,116.04204962,0.4167,6228.01,1,67,orb,5,1,-1,2557.39,2557.39,2557.39
765,3543.00,29.80125303,116.03802127,29.78827964,116.04204962,29.78827964,116.04204962,0.4400,1495.73,1,632,orb,6,1,-1,5301.64,2472.56,2472.56
766,3546.00,29.81144258,116.04854338,29.78827964,116.04204962,29.78827964,116.04204962,0.4400,2653.75,1,727,orb,6,1,-1,6194.32,6194.32,6194.32
767,3549.00,29.78827964,116.04204962,29.78827964,116.04204962,29.78827964,116.04204962,0.3000,0.00,0,-1,orb,0,0,-1,,,
768,3552.00,29.78827964,116.04204962,29.78827964,116.04204962,29.78827964,116.04204962,0.3000,0.00,0,-1,orb,0,0,-1,,,
769,3555.00,29.78827964,116.04204962,29.78827964,116.04204962,29.78827964,116.04204962,0.3000,0.00,0,-1,orb,0,0,-1,,,
770,3558.00,29.78827964,116.04204962,29.78827964,116.04204962,29.78827964,116.04204962,0.3000,0.00,0,-1,orb,0,0,-1,,,
771,3561.00,29.78827964,116.04204962,29.78827964,116.04204962,29.78827964,116.04204962,0.3000,0.00,0,-1,orb,0,0,-1,,,
772,3563.00,29.78827964,116.04204962,29.78827964,116.04204962,29.78827964,116.04204962,0.3000,0.00,0,-1,orb,0,0,-1,,,
773,3566.00,29.78827964,116.04204962,29.78827964,116.04204962,29.78827964,116.04204962,0.3000,0.00,0,-1,orb,0,0,-1,,,
774,3569.00,29.78827964,116.04204962,29.78827964,116.04204962,29.78827964,116.04204962,0.3000,0.00,0,-1,orb,0,0,-1,,,
775,3572.00,29.78827964,116.04204962,29.78827964,116.04204962,29.78827964,116.04204962,0.3000,0.00,0,-1,orb,0,0,-1,,,
776,3575.00,29.78827964,116.04204962,29.78827964,116.04204962,29.78827964,116.04204962,0.3000,0.00,0,-1,orb,0,0,-1,,,
777,3578.00,29.78827964,116.04204962,29.78827964,116.04204962,29.78827964,116.04204962,0.3000,0.00,0,-1,orb,0,0,-1,,,
778,3581.00,29.78827964,116.04204962,29.78827964,116.04204962,29.78827964,116.04204962,0.3000,0.00,0,-1,orb,0,0,-1,,,
779,3584.00,29.78827964,116.04204962,29.78827964,116.04204962,29.78827964,116.04204962,0.3000,0.00,0,-1,orb,0,0,-1,,,
780,3587.00,29.78827964,116.04204962,29.78827964,116.04204962,29.78827964,116.04204962,0.3000,0.00,0,-1,orb,0,0,-1,,,
781,3590.00,29.78827964,116.04204962,29.78827964,116.04204962,29.78827964,116.04204962,0.3000,0.00,0,-1,orb,0,0,-1,,,
782,3593.00,29.78827964,116.04204962,29.78827964,116.04204962,29.78827964,116.04204962,0.3000,0.00,0,-1,orb,0,0,-1,,,
783,3596.00,29.78827964,116.04204962,29.78827964,116.04204962,29.78827964,116.04204962,0.3000,0.00,0,-1,orb,0,0,-1,,,
784,3599.00,29.78827964,116.04204962,29.78827964,116.04204962,29.78827964,116.04204962,0.3000,0.00,0,-1,orb,0,0,-1,,,
785,3602.00,29.78827964,116.04204962,29.78827964,116.04204962,29.78827964,116.04204962,0.3000,0.00,0,-1,orb,0,0,-1,,,
786,3605.00,29.78827964,116.04204962,29.78827964,116.04204962,29.78827964,116.04204962,0.3000,0.00,0,-1,orb,0,0,-1,,,
787,3608.00,29.78827964,116.04204962,29.78827964,116.04204962,29.78827964,116.04204962,0.3000,0.00,0,-1,orb,0,0,-1,,,
788,3611.00,29.78827964,116.04204962,29.78827964,116.04204962,29.78827964,116.04204962,0.3000,0.00,0,-1,orb,0,0,-1,,,
789,3615.00,29.78827964,116.04204962,29.78827964,116.04204962,29.78827964,116.04204962,0.3000,0.00,0,-1,orb,0,0,-1,,,
790,3618.00,29.78827964,116.04204962,29.78827964,116.04204962,29.78827964,116.04204962,0.3000,0.00,0,-1,orb,0,0,-1,,,
791,3621.00,29.78827964,116.04204962,29.78827964,116.04204962,29.78827964,116.04204962,0.3000,0.00,0,-1,orb,0,0,-1,,,
792,3624.00,29.78827964,116.04204962,29.78827964,116.04204962,29.78827964,116.04204962,0.3000,0.00,0,-1,orb,0,0,-1,,,
793,3628.00,29.78827964,116.04204962,29.78827964,116.04204962,29.78827964,116.04204962,0.3000,0.00,0,-1,orb,0,0,-1,,,
794,3631.00,29.78827964,116.04204962,29.78827964,116.04204962,29.78827964,116.04204962,0.3000,0.00,0,-1,orb,0,0,-1,,,
795,3634.00,29.78827964,116.04204962,29.78827964,116.04204962,29.78827964,116.04204962,0.3000,0.00,0,-1,orb,0,0,-1,,,
796,3638.00,29.78827964,116.04204962,29.78827964,116.04204962,29.78827964,116.04204962,0.3000,0.00,0,-1,orb,0,0,-1,,,
797,3641.00,29.78827964,116.04204962,29.78827964,116.04204962,29.78827964,116.04204962,0.3000,0.00,0,-1,orb,0,0,-1,,,
798,3644.00,29.78827964,116.04204962,29.78827964,116.04204962,29.78827964,116.04204962,0.3000,0.00,0,-1,orb,0,0,-1,,,
799,3647.00,29.78827964,116.04204962,29.78827964,116.04204962,29.78827964,116.04204962,0.3000,0.00,0,-1,orb,0,0,-1,,,
800,3651.00,29.78827964,116.04204962,29.78827964,116.04204962,29.78827964,116.04204962,0.3000,0.00,0,-1,orb,0,0,-1,,,
801,3654.00,29.78997969,116.03852812,29.78827964,116.04204962,29.78827964,116.04204962,0.4867,389.36,1,542,orb,8,1,-1,1924.41,1317.41,1317.41
802,3657.00,29.73011170,116.05838558,29.78827964,116.04204962,29.73011170,116.05838558,0.4633,6664.88,1,57,orb,7,1,-1,5700.49,982.21,982.21
803,3660.00,29.79334759,116.06137019,29.73011170,116.05838558,29.73011170,116.05838558,0.4867,7045.32,1,583,orb,8,1,-1,1348.88,371.31,371.31
804,3663.00,29.73314233,116.06177110,29.73011170,116.05838558,29.73011170,116.05838558,0.4633,469.93,1,74,orb,7,1,-1,5695.09,513.88,513.88
805,3666.00,29.78555557,116.05742837,29.73011170,116.05838558,29.73011170,116.05838558,0.4167,6172.70,1,506,orb,5,1,-1,162.34,162.34,162.34
806,3669.00,29.78410694,116.05998562,29.73011170,116.05838558,29.73011170,116.05838558,0.4400,6012.74,1,508,orb,6,1,-1,548.79,548.79,548.79
807,3673.00,29.78741657,116.03639650,29.73011170,116.05838558,29.73011170,116.05838558,0.4400,6723.72,1,511,orb,6,1,-1,1854.59,1715.88,1715.88
808,3676.00,29.72832581,116.04171584,29.73011170,116.05838558,29.73011170,116.05838558,0.4400,1622.97,1,34,orb,6,1,-1,6490.27,2905.46,2905.46
809,3679.00,29.72474329,116.05813833,29.73011170,116.05838558,29.73011170,116.05838558,0.5333,598.09,1,12,orb,10,1,-1,6855.29,380.97,380.97
810,3682.00,29.73866097,116.06304441,29.73011170,116.05838558,29.73011170,116.05838558,0.4867,1052.80,1,119,orb,8,1,-1,5574.84,936.22,936.22
811,3685.00,29.73797421,116.04792527,29.73011170,116.05838558,29.73011170,116.05838558,0.4867,1337.04,1,112,orb,8,1,-1,5640.01,1279.96,1279.96
812,3689.00,29.73136717,116.04028887,29.73011170,116.05838558,29.73136717,116.04028887,0.4400,1754.21,1,48,orb,6,1,-1,6640.73,911.41,911.41
813,3692.00,29.78538388,116.03398054,29.73136717,116.04028887,29.73136717,116.04028887,0.4867,6043.96,1,495,orb,8,1,-1,2128.88,1323.42,1323.42
814,3695.00,29.78531950,116.03354787,29.73136717,116.04028887,29.73136717,116.04028887,0.4167,6041.19,1,495,orb,5,1,-1,2151.02,2151.02,2151.02
815,3698.00,29.78468639,116.04825905,29.73136717,116.04028887,29.73136717,116.04028887,0.4867,5985.25,1,502,orb,8,1,-1,3135.44,725.63,725.63
816,3702.00,29.72523690,116.04940170,29.73136717,116.04028887,29.73136717,116.04028887,0.4633,1114.03,1,8,orb,7,1,-1,7416.77,1094.39,1094.39
817,3705.00,29.81293875,116.06386031,29.73136717,116.04028887,29.73136717,116.04028887,0.4167,9361.84,1,749,orb,5,1,-1,2436.90,2436.90,2436.90
818,3708.00,29.75845601,116.05571002,29.73136717,116.04028887,29.73136717,116.04028887,0.4867,3363.60,1,281,orb,8,1,-1,3961.66,655.59,655.59
819,3711.00,29.74692513,116.04745551,29.73136717,116.04028887,29.73136717,116.04028887,0.4167,1865.23,1,187,orb,5,1,-1,5277.14,345.33,345.33
820,3714.00,29.75263692,116.05573475,29.73136717,116.04028887,29.73136717,116.04028887,0.4400,2798.89,1,236,orb,6,1,-1,4717.06,621.68,621.68
821,3717.00,29.79127808,116.03419070,29.73136717,116.04028887,29.73136717,116.04028887,0.4167,6695.26,1,540,orb,5,1,-1,2138.37,697.20,697.20
822,3720.00,29.81756212,116.04442849,29.73136717,116.04028887,29.81756212,116.04442849,0.4400,9603.56,1,770,orb,6,1,-1,2545.56,978.18,978.18
823,3724.00,29.77910338,116.05528438,29.81756212,116.04442849,29.81756212,116.04442849,0.4633,4407.86,1,460,orb,7,1,-1,1960.29,858.74,858.74
824,3727.00,29.74617399,116.04000454,29.81756212,116.04442849,29.81756212,116.04442849,0.4633,7958.42,1,183,orb,7,1,-1,5821.37,479.71,479.71
825,3730.00,29.80892239,116.03875063,29.81756212,116.04442849,29.81756212,116.04442849,0.5100,1107.25,1,692,orb,9,1,-1,1975.65,545.85,545.85
826,3733.00,29.81756212,116.04442849,29.81756212,116.04442849,29.81756212,116.04442849,0.0000,0.00,0,-1,orb,0,0,-1,,,
827,3736.00,29.81206495,116.04496006,29.81756212,116.04442849,29.81756212,116.04442849,0.4867,614.10,1,725,orb,8,1,-1,1694.33,1567.94,1567.94
828,3740.00,29.72834727,116.04176529,29.81756212,116.04442849,29.81756212,116.04442849,0.4633,9934.73,1,34,orb,7,1,-1,8058.13,464.08,464.08
829,3743.00,29.81756212,116.04442849,29.81756212,116.04442849,29.81756212,116.04442849,0.3000,0.00,0,-1,orb,0,0,-1,,,
830,3746.00,29.80063065,116.05779219,29.81756212,116.04442849,29.81756212,116.04442849,0.4167,2284.72,1,642,orb,5,1,-1,367.50,367.50,367.50
831,3749.00,29.78165114,116.04033832,29.81756212,116.04442849,29.81756212,116.04442849,0.4167,4017.10,1,468,orb,5,1,-1,2799.71,1817.58,1817.58
832,3753.00,29.74141723,116.03727953,29.81756212,116.04442849,29.81756212,116.04442849,0.4400,8504.55,1,137,orb,6,1,-1,7067.69,261.49,261.49
833,3756.00,29.79007626,116.04825905,29.81756212,116.04442849,29.81756212,116.04442849,0.4400,3082.03,1,547,orb,6,1,-1,1681.29,1558.15,1558.15
834,3759.00,29.78551727,116.03400527,29.81756212,116.04442849,29.78551727,116.03400527,0.4400,3706.69,1,510,orb,6,1,-1,2884.53,2183.10,2183.10
835,3762.00,29.78551727,116.03400527,29.78551727,116.03400527,29.78551727,116.03400527,0.3000,0.00,0,-1,orb,0,0,-1,,,
836,3765.00,29.72514032,116.04796236,29.78551727,116.03400527,29.78551727,116.03400527,0.4400,6855.13,1,7,orb,6,1,-1,9018.45,889.06,889.06
837,3767.00,29.80517281,116.03825615,29.78551727,116.03400527,29.78551727,116.03400527,0.4867,2226.27,1,677,orb,8,1,-1,1652.96,195.62,195.62
838,3771.00,29.79074156,116.03349842,29.78551727,116.03400527,29.78551727,116.03400527,0.4633,583.63,1,540,orb,7,1,-1,2830.81,379.83,379.83
839,3774.00,29.81726167,116.04109774,29.78551727,116.03400527,29.78551727,116.03400527,0.4167,3599.63,1,769,orb,5,1,-1,1584.11,1584.11,1584.11
840,3777.00,29.79810435,116.04159222,29.78551727,116.03400527,29.78551727,116.03400527,0.5567,1581.39,1,619,orb,11,1,-1,1670.46,940.79,940.79
841,3780.00,29.79960663,116.03362204,29.78551727,116.03400527,29.78551727,116.03400527,0.5567,1568.87,1,615,orb,11,1,-1,2368.79,251.84,251.84
842,3783.00,29.79347636,116.05888007,29.78551727,116.03400527,29.78551727,116.03400527,0.4400,2561.68,1,582,orb,6,1,-1,1894.79,540.01,540.01
843,3786.00,29.78591430,116.03375803,29.78551727,116.03400527,29.78551727,116.03400527,0.4867,50.24,1,510,orb,8,1,-1,3423.11,654.08,654.08
844,3789.00,29.78432156,116.04974784,29.78551727,116.03400527,29.78551727,116.03400527,0.4867,1526.97,1,503,orb,8,1,7,3062.86,59.19,59.19
845,3793.00,29.81043391,116.04955708,29.78551727,116.03400527,29.81043391,116.04955708,0.4167,3154.63,1,727,orb,5,1,-1,660.15,660.15,660.15
846,3839.00,29.79745590,116.03676736,29.81043391,116.04955708,29.81043391,116.04955708,0.5100,1901.18,1,601,orb,9,1,-1,2656.61,1647.43,1647.43
847,3844.00,29.78402110,116.05987436,29.81043391,116.04955708,29.81043391,116.04955708,0.5333,3104.69,1,508,orb,10,1,-1,3028.08,411.35,411.35
848,3849.00,29.78550192,116.03396818,29.81043391,116.04955708,29.81043391,116.04955708,0.4867,3157.85,1,495,orb,8,1,-1,3690.35,3690.35,3690.35
849,3855.00,29.80892701,116.03864470,29.81043391,116.04955708,29.81043391,116.04955708,0.4400,1067.69,1,708,orb,6,1,-1,1645.41,1645.41,1645.41
850,3860.00,29.78543753,116.03396818,29.81043391,116.04955708,29.81043391,116.04955708,0.5333,3164.15,1,495,orb,10,1,-1,3567.90,1660.15,1660.15
851,3866.00,29.81043391,116.04955708,29.81043391,116.04955708,29.81043391,116.04955708,0.3000,0.00,0,-1,orb,0,0,-1,,,
852,3871.00,29.79860869,116.04971075,29.81043391,116.04955708,29.81043391,116.04955708,0.4400,1316.47,1,623,orb,6,1,-1,1204.53,1204.53,1204.53
853,3876.00,29.81043391,116.04955708,29.81043391,116.04955708,29.81043391,116.04955708,0.3000,0.00,0,-1,orb,0,0,-1,,,
854,3882.00,29.81103482,116.04713409,29.81043391,116.04955708,29.81043391,116.04955708,0.4867,243.50,1,727,orb,8,1,-1,1001.58,1001.58,1001.58
855,3887.00,29.79916668,116.04979729,29.81043391,116.04955708,29.81043391,116.04955708,0.4167,1254.48,1,623,orb,5,1,-1,1006.22,1006.22,1006.22
856,3892.00,29.74516070,116.04618924,29.81043391,116.04955708,29.81043391,116.04955708,0.3933,7273.50,1,171,orb,4,1,-1,6775.72,6775.72,6775.72
857,3898.00,29.81043391,116.04955708,29.81043391,116.04955708,29.81043391,116.04955708,0.3000,0.00,0,-1,orb,0,0,-1,,,
858,3903.00,29.73607028,116.04002926,29.81043391,116.04955708,29.73607028,116.04002926,0.4400,8329.20,1,93,orb,6,1,-1,7716.16,1863.01,1863.01
859,3908.00,29.80749523,116.04897606,29.73607028,116.04002926,29.73607028,116.04002926,0.4400,7997.88,1,697,orb,6,1,-1,1001.98,559.15,559.15
860,3913.00,29.72784904,116.05221324,29.73607028,116.04002926,29.73607028,116.04002926,0.4633,1491.18,1,24,orb,7,1,-1,8394.79,480.81,480.81
861,3919.00,29.74483879,116.04032596,29.73607028,116.04002926,29.73607028,116.04002926,0.4400,976.53,1,168,orb,6,1,4,6516.05,104.88,104.88
862,3924.00,29.80265262,116.05446848,29.73607028,116.04002926,29.73607028,116.04002926,0.4400,7542.12,1,655,orb,6,1,-1,306.07,306.07,306.07
863,3930.00,29.75147802,116.06215433,29.73607028,116.04002926,29.73607028,116.04002926,0.4633,2740.88,1,239,orb,7,1,-1,5366.92,1752.24,1752.24
864,3935.00,29.74490317,116.06069027,29.73607028,116.04002926,29.73607028,116.04002926,0.4633,2225.42,1,178,orb,7,1,-1,6070.59,1484.04,1484.04
865,3940.00,29.80444924,116.03791001,29.73607028,116.04002926,29.73607028,116.04002926,0.4400,7614.70,1,662,orb,6,1,-1,1945.30,1522.64,1522.64
866,3946.00,29.73607028,116.04002926,29.73607028,116.04002926,29.73607028,116.04002926,0.3000,0.00,0,-1,orb,0,0,-1,,,
867,3951.00,29.73607028,116.04002926,29.73607028,116.04002926,29.73607028,116.04002926,0.3000,0.00,0,-1,orb,0,0,-1,,,
868,3956.00,29.80651413,116.03676736,29.73607028,116.04002926,29.73607028,116.04002926,0.4867,7848.14,1,676,orb,8,1,-1,2299.16,447.59,447.59
869,3961.00,29.73607028,116.04002926,29.73607028,116.04002926,29.73607028,116.04002926,0.0000,0.00,0,-1,orb,0,0,-1,,,
870,3966.00,29.80415951,116.05333820,29.73607028,116.04002926,29.73607028,116.04002926,0.4400,7688.01,1,669,orb,6,1,-1,1111.31,1111.31,1111.31
871,3971.00,29.77587497,116.04392164,29.73607028,116.04002926,29.77587497,116.04392164,0.5333,4446.99,1,425,orb,10,1,-1,2444.20,368.23,368.23
872,3977.00,29.76338446,116.06191945,29.77587497,116.04392164,29.77587497,116.04392164,0.4167,2226.60,1,329,orb,5,1,-1,3470.39,2391.65,2391.65
873,3982.00,29.72794562,116.05359076,29.77587497,116.04392164,29.77587497,116.04392164,0.4400,5416.68,1,25,orb,6,1,-1,7351.81,256.18,256.18
874,3987.00,29.78550192,116.03395582,29.77587497,116.04392164,29.77587497,116.04392164,0.5567,1440.76,1,495,orb,11,1,-1,2407.25,691.94,691.94
875,3991.00,29.78030520,116.03385692,29.77587497,116.04392164,29.77587497,116.04392164,0.4633,1090.42,1,450,orb,7,1,-1,2641.14,490.91,490.91
876,3997.00,29.78029447,116.03378275,29.77587497,116.04392164,29.77587497,116.04392164,0.4633,1096.29,1,450,orb,7,1,-1,2600.92,624.72,624.72
877,4002.00,29.74509632,116.04576893,29.77587497,116.04392164,29.77587497,116.04392164,0.4633,3430.93,1,171,orb,7,1,-1,5143.24,1844.97,1844.97
878,4007.00,29.79332613,116.05583364,29.77587497,116.04392164,29.77587497,116.04392164,0.4167,2258.05,1,581,orb,5,1,-1,455.21,455.21,455.21
879,4013.00,29.77587497,116.04392164,29.77587497,116.04392164,29.77587497,116.04392164,0.3000,0.00,0,-1,orb,0,0,-1,,,
880,4018.00,29.77587497,116.04392164,29.77587497,116.04392164,29.77587497,116.04392164,0.3000,0.00,0,-1,orb,0,0,-1,,,
881,4024.00,29.77587497,116.04392164,29.77587497,116.04392164,29.77587497,116.04392164,0.3000,0.00,0,-1,orb,0,0,-1,,,
882,4029.00,29.77587497,116.04392164,29.77587497,116.04392164,29.77587497,116.04392164,0.3000,0.00,0,-1,orb,0,0,-1,,,
883,4034.00,29.81070828,116.05241103,29.77587497,116.04392164,29.77587497,116.04392164,0.4167,3963.46,1,714,orb,5,1,-1,2679.78,2679.78,2679.78
884,4039.00,29.78389233,116.04570712,29.77587497,116.04392164,29.77587497,116.04392164,0.4400,909.02,1,501,orb,6,1,-1,1047.63,1047.63,1047.63
885,4044.00,29.73597371,116.06203071,29.77587497,116.04392164,29.73597371,116.06203071,0.4867,4774.05,1,104,orb,8,1,2,5429.99,44.64,44.64
886,4050.00,29.72869065,116.03476469,29.73597371,116.06203071,29.73597371,116.06203071,0.4167,2756.57,1,31,orb,5,1,-1,6445.35,6445.35,6445.35
887,4055.00,29.75436916,116.05328875,29.73597371,116.06203071,29.73597371,116.06203071,0.4167,2215.16,1,249,orb,5,1,-1,3264.95,3264.95,3264.95
888,4060.00,29.73597371,116.06203071,29.73597371,116.06203071,29.73597371,116.06203071,0.3000,0.00,0,-1,orb,0,0,-1,,,
889,4066.00,29.73597371,116.06203071,29.73597371,116.06203071,29.73597371,116.06203071,0.3000,0.00,0,-1,orb,0,0,-1,,,
890,4071.00,29.73597371,116.06203071,29.73597371,116.06203071,29.73597371,116.06203071,0.3000,0.00,0,-1,orb,0,0,-1,,,
891,4076.00,29.73597371,116.06203071,29.73597371,116.06203071,29.73597371,116.06203071,0.3000,0.00,0,-1,orb,0,0,-1,,,
892,4082.00,29.73597371,116.06203071,29.73597371,116.06203071,29.73597371,116.06203071,0.3000,0.00,0,-1,orb,0,0,-1,,,
893,4087.00,29.73597371,116.06203071,29.73597371,116.06203071,29.73597371,116.06203071,0.3000,0.00,0,-1,orb,0,0,-1,,,
894,4093.00,29.73597371,116.06203071,29.73597371,116.06203071,29.73597371,116.06203071,0.3000,0.00,0,-1,orb,0,0,-1,,,
895,4098.00,29.73597371,116.06203071,29.73597371,116.06203071,29.73597371,116.06203071,0.3000,0.00,0,-1,orb,0,0,-1,,,
896,4104.00,29.73597371,116.06203071,29.73597371,116.06203071,29.73597371,116.06203071,0.3000,0.00,0,-1,orb,0,0,-1,,,
897,4109.00,29.73597371,116.06203071,29.73597371,116.06203071,29.73597371,116.06203071,0.3000,0.00,0,-1,orb,0,0,-1,,,
898,4114.00,29.73597371,116.06203071,29.73597371,116.06203071,29.73597371,116.06203071,0.3000,0.00,0,-1,orb,0,0,-1,,,
899,4119.00,29.73597371,116.06203071,29.73597371,116.06203071,29.73597371,116.06203071,0.3000,0.00,0,-1,orb,0,0,-1,,,
900,4124.00,29.73597371,116.06203071,29.73597371,116.06203071,29.73597371,116.06203071,0.3000,0.00,0,-1,orb,0,0,-1,,,
901,4129.00,29.73597371,116.06203071,29.73597371,116.06203071,29.73597371,116.06203071,0.3000,0.00,0,-1,orb,0,0,-1,,,
902,4135.00,29.73597371,116.06203071,29.73597371,116.06203071,29.73597371,116.06203071,0.3000,0.00,0,-1,orb,0,0,-1,,,
903,4140.00,29.73597371,116.06203071,29.73597371,116.06203071,29.73597371,116.06203071,0.3000,0.00,0,-1,orb,0,0,-1,,,
904,4146.00,29.73597371,116.06203071,29.73597371,116.06203071,29.73597371,116.06203071,0.3000,0.00,0,-1,orb,0,0,-1,,,
905,4151.00,29.73597371,116.06203071,29.73597371,116.06203071,29.73597371,116.06203071,0.3000,0.00,0,-1,orb,0,0,-1,,,
906,4156.00,29.73597371,116.06203071,29.73597371,116.06203071,29.73597371,116.06203071,0.3000,0.00,0,-1,orb,0,0,-1,,,
907,4161.00,29.73597371,116.06203071,29.73597371,116.06203071,29.73597371,116.06203071,0.3000,0.00,0,-1,orb,0,0,-1,,,
908,4166.00,29.73597371,116.06203071,29.73597371,116.06203071,29.73597371,116.06203071,0.3000,0.00,0,-1,orb,0,0,-1,,,
909,4171.00,29.73597371,116.06203071,29.73597371,116.06203071,29.73597371,116.06203071,0.3000,0.00,0,-1,orb,0,0,-1,,,
910,4176.00,29.73597371,116.06203071,29.73597371,116.06203071,29.73597371,116.06203071,0.3000,0.00,0,-1,orb,0,0,-1,,,
911,4181.00,29.73597371,116.06203071,29.73597371,116.06203071,29.73597371,116.06203071,0.3000,0.00,0,-1,orb,0,0,-1,,,
912,4186.00,29.73597371,116.06203071,29.73597371,116.06203071,29.73597371,116.06203071,0.3000,0.00,0,-1,orb,0,0,-1,,,
913,4191.00,29.73597371,116.06203071,29.73597371,116.06203071,29.73597371,116.06203071,0.3000,0.00,0,-1,orb,0,0,-1,,,
914,4197.00,29.73597371,116.06203071,29.73597371,116.06203071,29.73597371,116.06203071,0.3000,0.00,0,-1,orb,0,0,-1,,,
915,4203.00,29.73597371,116.06203071,29.73597371,116.06203071,29.73597371,116.06203071,0.3000,0.00,0,-1,orb,0,0,-1,,,
916,4208.00,29.73597371,116.06203071,29.73597371,116.06203071,29.73597371,116.06203071,0.3000,0.00,0,-1,orb,0,0,-1,,,
917,4213.00,29.73597371,116.06203071,29.73597371,116.06203071,29.73597371,116.06203071,0.3000,0.00,0,-1,orb,0,0,-1,,,
918,4218.00,29.73597371,116.06203071,29.73597371,116.06203071,29.73597371,116.06203071,0.3000,0.00,0,-1,orb,0,0,-1,,,
919,4223.00,29.73597371,116.06203071,29.73597371,116.06203071,29.73597371,116.06203071,0.3000,0.00,0,-1,orb,0,0,-1,,,
920,4229.00,29.73597371,116.06203071,29.73597371,116.06203071,29.73597371,116.06203071,0.0000,0.00,0,-1,orb,0,0,-1,,,
921,4234.00,29.73597371,116.06203071,29.73597371,116.06203071,29.73597371,116.06203071,0.3000,0.00,0,-1,orb,0,0,-1,,,
922,4240.00,29.73597371,116.06203071,29.73597371,116.06203071,29.73597371,116.06203071,0.3000,0.00,0,-1,orb,0,0,-1,,,
923,4245.00,29.73597371,116.06203071,29.73597371,116.06203071,29.73597371,116.06203071,0.3000,0.00,0,-1,orb,0,0,-1,,,
924,4250.00,29.79912376,116.03828087,29.73597371,116.06203071,29.73597371,116.06203071,0.4867,7394.96,1,617,orb,8,1,-1,5042.67,1743.42,1743.42
925,4256.00,29.73198955,116.04513846,29.73597371,116.06203071,29.73597371,116.06203071,0.4400,1691.44,1,51,orb,6,1,-1,3005.16,864.05,864.05
926,4262.00,29.81127089,116.04756677,29.73597371,116.06203071,29.73597371,116.06203071,0.4867,8497.80,1,727,orb,8,1,-1,6316.88,559.62,559.62
927,4266.00,29.78043859,116.03656957,29.73597371,116.06203071,29.73597371,116.06203071,0.4400,5527.53,1,466,orb,6,1,-1,3579.50,2948.25,2948.25
928,4271.00,29.81139966,116.04828378,29.73597371,116.06203071,29.73597371,116.06203071,0.4633,8500.84,1,727,orb,7,1,-1,6471.36,415.88,415.88
929,4277.00,29.74962774,116.03386928,29.73597371,116.06203071,29.73597371,116.06203071,0.4633,3116.89,1,210,orb,7,1,-1,2265.38,1100.86,1100.86
930,4283.00,29.74045148,116.05761912,29.73597371,116.06203071,29.73597371,116.06203071,0.4167,655.88,1,147,orb,5,1,-1,1237.93,1237.93,1237.93
931,4288.00,29.72521544,116.05267064,29.73597371,116.06203071,29.72521544,116.05267064,0.4867,1500.76,1,9,orb,8,1,-1,2983.53,571.74,571.74
932,4293.00,29.78263224,116.04010344,29.72521544,116.05267064,29.72521544,116.05267064,0.4400,6505.97,1,483,orb,6,1,-1,3892.23,905.94,905.94
933,4299.00,29.79823312,116.03356023,29.72521544,116.05267064,29.72521544,116.05267064,0.4167,8335.44,1,615,orb,5,1,-1,5863.41,5863.41,5863.41
934,4304.00,29.74015713,116.03713119,29.72521544,116.05267064,29.72521544,116.05267064,0.4867,2240.80,1,122,orb,8,1,-1,7632.64,266.32,266.32
935,4311.00,29.74608353,116.05641467,29.72521544,116.05267064,29.72521544,116.05267064,0.4400,2351.04,1,176,orb,6,1,-1,429.71,429.71,429.71
936,4316.00,29.73258435,116.05446848,29.72521544,116.05267064,29.72521544,116.05267064,0.4400,838.50,1,70,orb,6,1,-1,1766.49,661.72,661.72
937,4322.00,29.81684318,116.04149333,29.72521544,116.05267064,29.72521544,116.05267064,0.4633,10257.02,1,769,orb,7,1,5,7862.31,135.98,135.98
938,4327.00,29.80890093,116.04122136,29.72521544,116.05267064,29.72521544,116.05267064,0.4867,9381.33,1,694,orb,8,1,-1,6958.00,155.52,155.52
939,4332.00,29.79807827,116.04514550,29.72521544,116.05267064,29.72521544,116.05267064,0.4633,8143.62,1,605,orb,7,1,-1,5818.97,561.75,561.75
940,4337.00,29.78789334,116.05060615,29.72521544,116.05267064,29.72521544,116.05267064,0.4400,6980.16,1,534,orb,6,1,10,4782.94,58.46,58.46
941,4343.00,29.79528371,116.04778929,29.72521544,116.05267064,29.79528371,116.04778929,0.4400,7814.25,1,592,orb,6,1,-1,5714.05,3565.52,3565.52
942,4349.00,29.79909156,116.06294551,29.79528371,116.04778929,29.79528371,116.04778929,0.4400,1524.62,1,629,orb,6,1,-1,6154.32,6154.32,6154.32
943,4355.00,29.80277065,116.05419651,29.79528371,116.04778929,29.79528371,116.04778929,0.4400,1038.24,1,655,orb,6,1,-1,6611.66,821.95,821.95
944,4361.00,29.79528371,116.04778929,29.79528371,116.04778929,29.79528371,116.04778929,0.3000,0.00,0,-1,orb,0,0,-1,,,
945,4366.00,29.73688581,116.04974784,29.79528371,116.04778929,29.79528371,116.04778929,0.4167,6503.61,1,98,orb,5,1,-1,906.27,283.41,283.41
946,4372.00,29.78880544,116.05770566,29.79528371,116.04778929,29.79528371,116.04778929,0.4633,1199.25,1,537,orb,7,1,-1,5243.21,1012.90,1012.90
947,4377.00,29.79666184,116.05897896,29.79528371,116.04778929,29.79528371,116.04778929,0.4400,1092.06,1,612,orb,6,1,-1,6320.74,453.16,453.16
948,4383.00,29.73029412,116.04006635,29.79528371,116.04778929,29.79528371,116.04778929,0.4633,7273.03,1,48,orb,7,1,-1,1926.46,406.22,406.22
949,4388.00,29.79066644,116.03367149,29.79528371,116.04778929,29.79528371,116.04778929,0.4167,1457.78,1,540,orb,5,1,-1,6112.83,6096.18,6096.18
950,4393.00,29.79350855,116.06200598,29.79528371,116.04778929,29.79528371,116.04778929,0.4633,1387.86,1,584,orb,7,1,-1,6188.70,765.04,765.04
951,4399.00,29.72539786,116.05239867,29.79528371,116.04778929,29.79528371,116.04778929,0.5100,7792.43,1,9,orb,9,1,-1,1429.26,1429.26,1429.26
952,4404.00,29.78237008,116.04460156,29.79528371,116.04778929,29.78237008,116.04460156,0.4400,1470.17,1,470,orb,6,1,-1,5074.58,894.03,894.03
953,4410.00,29.79366340,116.04065974,29.78237008,116.04460156,29.78237008,116.04460156,0.4167,1313.60,1,588,orb,5,1,-1,6799.40,4759.97,4759.97
954,4416.00,29.77980086,116.04371148,29.78237008,116.04460156,29.78237008,116.04460156,0.4633,298.66,1,455,orb,7,1,-1,8574.44,363.30,363.30
955,4422.00,29.73497115,116.05709459,29.78237008,116.04460156,29.78237008,116.04460156,0.5100,5412.78,1,86,orb,9,1,1,64.55,64.55,64.55
956,4426.00,29.74772992,116.03932462,29.78237008,116.04460156,29.78237008,116.04460156,0.4400,3889.71,1,183,orb,6,1,-1,2172.92,2172.92,2172.92
957,4469.00,29.74859299,116.03398054,29.78237008,116.04460156,29.78237008,116.04460156,0.4633,3897.61,1,195,orb,7,1,-1,2884.73,699.47,699.47
958,4472.00,29.74393280,116.03537043,29.78237008,116.04460156,29.78237008,116.04460156,0.4167,4370.82,1,151,orb,5,1,-1,2398.97,465.84,465.84
959,4475.00,29.78237008,116.04460156,29.78237008,116.04460156,29.78237008,116.04460156,0.3000,0.00,0,-1,orb,0,0,-1,,,
960,4478.00,29.72958590,116.04049903,29.78237008,116.04460156,29.78237008,116.04460156,0.4400,5889.29,1,48,orb,6,1,-1,1963.67,1041.90,1041.90
961,4481.00,29.78653667,116.04356313,29.78237008,116.04460156,29.78237008,116.04460156,0.4633,474.55,1,515,orb,7,1,-1,5617.66,660.00,660.00
962,4484.00,29.75234719,116.06274772,29.78237008,116.04460156,29.78237008,116.04460156,0.4400,3774.18,1,239,orb,6,1,-1,1583.44,1583.44,1583.44
963,4487.00,29.78396745,116.04468809,29.78237008,116.04460156,29.78396745,116.04468809,0.4633,178.01,1,500,orb,7,1,27,5263.74,73.97,73.97
964,4490.00,29.72514032,116.05815070,29.78396745,116.04468809,29.78396745,116.04468809,0.5100,6676.59,1,12,orb,9,1,30,1614.82,40.51,40.51
965,4493.00,29.72921644,116.04428014,29.78396745,116.04468809,29.78396745,116.04468809,0.4400,6095.01,1,35,orb,6,1,-1,1933.26,611.15,611.15
966,4496.00,29.78396745,116.04468809,29.78396745,116.04468809,29.78396745,116.04468809,0.3000,0.00,0,-1,orb,0,0,-1,,,
967,4499.00,29.81314263,116.03769985,29.78396745,116.04468809,29.78396745,116.04468809,0.4400,3317.24,1,737,orb,6,1,-1,8208.83,952.60,952.60
968,4503.00,29.81128162,116.04756677,29.78396745,116.04468809,29.78396745,116.04468809,0.4633,3053.31,1,727,orb,7,1,-1,7743.79,638.67,638.67
969,4506.00,29.73980303,116.04651066,29.78396745,116.04468809,29.78396745,116.04468809,0.3933,4919.54,1,126,orb,4,1,-1,1302.13,1302.13,1302.13
970,4509.00,29.78770630,116.04478699,29.78396745,116.04468809,29.78396745,116.04468809,0.5100,416.32,1,515,orb,9,1,-1,4921.67,194.23,194.23
971,4512.00,29.74498901,116.05918912,29.78396745,116.04468809,29.78396745,116.04468809,0.4867,4559.71,1,177,orb,8,1,1,47.71,47.71,47.71
972,4515.00,29.72847603,116.05301678,29.78396745,116.04468809,29.78396745,116.04468809,0.4400,6229.51,1,39,orb,6,1,-1,1955.84,1955.84,1955.84
973,4518.00,29.75399359,116.05344946,29.78396745,116.04468809,29.78396745,116.04468809,0.4400,3442.41,1,249,orb,6,1,-1,1081.35,841.06,841.06
974,4521.00,29.81517532,116.04762858,29.78396745,116.04468809,29.81517532,116.04762858,0.4400,3485.66,1,757,orb,6,1,-1,7665.83,1237.88,1237.88
975,4524.00,29.81278852,116.06369960,29.81517532,116.04762858,29.81517532,116.04762858,0.4400,1575.47,1,749,orb,6,1,-1,7326.28,1839.73,1839.73
976,4527.00,29.81517532,116.04762858,29.81517532,116.04762858,29.81517532,116.04762858,0.3000,0.00,0,-1,orb,0,0,-1,,,
977,4530.00,29.81517532,116.04762858,29.81517532,116.04762858,29.81517532,116.04762858,0.3000,0.00,0,-1,orb,0,0,-1,,,
978,4533.00,29.77892096,116.05123662,29.81517532,116.04762858,29.81517532,116.04762858,0.4867,4050.87,1,459,orb,8,1,-1,3334.01,887.36,887.36
979,4536.00,29.77570328,116.04411943,29.81517532,116.04762858,29.81517532,116.04762858,0.4400,4407.09,1,425,orb,6,1,-1,7573.72,616.21,616.21
980,4539.00,29.72508667,116.03537043,29.81517532,116.04762858,29.81517532,116.04762858,0.4633,10098.37,1,1,orb,7,1,-1,3649.96,1257.25,1257.25
981,4542.00,29.75162824,116.04744315,29.81517532,116.04762858,29.81517532,116.04762858,0.4167,7074.08,1,232,orb,5,1,-1,1038.59,1038.59,1038.59
982,4545.00,29.74627057,116.05932510,29.81517532,116.04762858,29.81517532,116.04762858,0.4400,7753.29,1,192,orb,6,1,-1,640.40,640.40,640.40
983,4548.00,29.72776320,116.05419651,29.81517532,116.04762858,29.81517532,116.04762858,0.4400,9751.39,1,25,orb,6,1,-1,2791.07,319.45,319.45
984,4551.00,29.72537640,116.04621397,29.81517532,116.04762858,29.81517532,116.04762858,0.4400,9997.35,1,6,orb,6,1,-1,3026.96,162.20,162.20
985,4553.00,29.78690151,116.03398054,29.81517532,116.04762858,29.81517532,116.04762858,0.4867,3412.56,1,510,orb,8,1,-1,4622.14,248.83,248.83
986,4556.00,29.79717691,116.06087570,29.81517532,116.04762858,29.79717691,116.06087570,0.4400,2377.57,1,613,orb,6,1,-1,6987.44,287.85,287.85
987,4559.00,29.77484022,116.05189182,29.79717691,116.06087570,29.79717691,116.06087570,0.5100,2633.70,1,414,orb,9,1,-1,2061.16,167.00,167.00
988,4562.00,29.80666435,116.03791001,29.79717691,116.06087570,29.79717691,116.06087570,0.6033,2457.62,1,677,orb,13,1,-1,5848.57,1431.00,1431.00
989,4565.00,29.81721875,116.03544461,29.79717691,116.06087570,29.79717691,116.06087570,0.5333,3319.05,1,766,orb,10,1,-1,6972.99,479.68,479.68
990,4568.00,29.79717691,116.06087570,29.79717691,116.06087570,29.79717691,116.06087570,0.3000,0.00,0,-1,orb,0,0,-1,,,
991,4571.00,29.79717691,116.06087570,29.79717691,116.06087570,29.79717691,116.06087570,0.3000,0.00,0,-1,orb,0,0,-1,,,
992,4574.00,29.79717691,116.06087570,29.79717691,116.06087570,29.79717691,116.06087570,0.3000,0.00,0,-1,orb,0,0,-1,,,
993,4577.00,29.79717691,116.06087570,29.79717691,116.06087570,29.79717691,116.06087570,0.0000,0.00,0,-1,orb,0,0,-1,,,
994,4580.00,29.79717691,116.06087570,29.79717691,116.06087570,29.79717691,116.06087570,0.3000,0.00,0,-1,orb,0,0,-1,,,
995,4583.00,29.79717691,116.06087570,29.79717691,116.06087570,29.79717691,116.06087570,0.3000,0.00,0,-1,orb,0,0,-1,,,
996,4586.00,29.79717691,116.06087570,29.79717691,116.06087570,29.79717691,116.06087570,0.3000,0.00,0,-1,orb,0,0,-1,,,
997,4589.00,29.79717691,116.06087570,29.79717691,116.06087570,29.79717691,116.06087570,0.3000,0.00,0,-1,orb,0,0,-1,,,
998,4592.00,29.79717691,116.06087570,29.79717691,116.06087570,29.79717691,116.06087570,0.3000,0.00,0,-1,orb,0,0,-1,,,
999,4595.00,29.79717691,116.06087570,29.79717691,116.06087570,29.79717691,116.06087570,0.3000,0.00,0,-1,orb,0,0,-1,,,
1000,4598.00,29.79717691,116.06087570,29.79717691,116.06087570,29.79717691,116.06087570,0.3000,0.00,0,-1,orb,0,0,-1,,,
1001,4601.00,29.79717691,116.06087570,29.79717691,116.06087570,29.79717691,116.06087570,0.3000,0.00,0,-1,orb,0,0,-1,,,
1002,4604.00,29.79717691,116.06087570,29.79717691,116.06087570,29.79717691,116.06087570,0.3000,0.00,0,-1,orb,0,0,-1,,,
1003,4607.00,29.79717691,116.06087570,29.79717691,116.06087570,29.79717691,116.06087570,0.3000,0.00,0,-1,orb,0,0,-1,,,
1004,4610.00,29.79717691,116.06087570,29.79717691,116.06087570,29.79717691,116.06087570,0.3000,0.00,0,-1,orb,0,0,-1,,,
1005,4614.00,29.79717691,116.06087570,29.79717691,116.06087570,29.79717691,116.06087570,0.3000,0.00,0,-1,orb,0,0,-1,,,
1006,4617.00,29.79717691,116.06087570,29.79717691,116.06087570,29.79717691,116.06087570,0.3000,0.00,0,-1,orb,0,0,-1,,,
1007,4620.00,29.79717691,116.06087570,29.79717691,116.06087570,29.79717691,116.06087570,0.3000,0.00,0,-1,orb,0,0,-1,,,
1008,4623.00,29.79717691,116.06087570,29.79717691,116.06087570,29.79717691,116.06087570,0.3000,0.00,0,-1,orb,0,0,-1,,,
1009,4626.00,29.79717691,116.06087570,29.79717691,116.06087570,29.79717691,116.06087570,0.3000,0.00,0,-1,orb,0,0,-1,,,
1010,4629.00,29.79717691,116.06087570,29.79717691,116.06087570,29.79717691,116.06087570,0.3000,0.00,0,-1,orb,0,0,-1,,,
1011,4632.00,29.79717691,116.06087570,29.79717691,116.06087570,29.79717691,116.06087570,0.3000,0.00,0,-1,orb,0,0,-1,,,
1012,4635.00,29.79717691,116.06087570,29.79717691,116.06087570,29.79717691,116.06087570,0.3000,0.00,0,-1,orb,0,0,-1,,,
1013,4638.00,29.79717691,116.06087570,29.79717691,116.06087570,29.79717691,116.06087570,0.3000,0.00,0,-1,orb,0,0,-1,,,
1014,4641.00,29.79717691,116.06087570,29.79717691,116.06087570,29.79717691,116.06087570,0.3000,0.00,0,-1,orb,0,0,-1,,,
1015,4644.00,29.79717691,116.06087570,29.79717691,116.06087570,29.79717691,116.06087570,0.3000,0.00,0,-1,orb,0,0,-1,,,
1016,4647.00,29.79717691,116.06087570,29.79717691,116.06087570,29.79717691,116.06087570,0.3000,0.00,0,-1,orb,0,0,-1,,,
1017,4650.00,29.79717691,116.06087570,29.79717691,116.06087570,29.79717691,116.06087570,0.3000,0.00,0,-1,orb,0,0,-1,,,
1018,4653.00,29.79717691,116.06087570,29.79717691,116.06087570,29.79717691,116.06087570,0.3000,0.00,0,-1,orb,0,0,-1,,,
1019,4656.00,29.79717691,116.06087570,29.79717691,116.06087570,29.79717691,116.06087570,0.3000,0.00,0,-1,orb,0,0,-1,,,
1020,4659.00,29.79717691,116.06087570,29.79717691,116.06087570,29.79717691,116.06087570,0.3000,0.00,0,-1,orb,0,0,-1,,,
1021,4662.00,29.79717691,116.06087570,29.79717691,116.06087570,29.79717691,116.06087570,0.3000,0.00,0,-1,orb,0,0,-1,,,
1022,4665.00,29.79717691,116.06087570,29.79717691,116.06087570,29.79717691,116.06087570,0.3000,0.00,0,-1,orb,0,0,-1,,,
1023,4668.00,29.79717691,116.06087570,29.79717691,116.06087570,29.79717691,116.06087570,0.3000,0.00,0,-1,orb,0,0,-1,,,
1024,4671.00,29.79717691,116.06087570,29.79717691,116.06087570,29.79717691,116.06087570,0.3000,0.00,0,-1,orb,0,0,-1,,,
1025,4674.00,29.79717691,116.06087570,29.79717691,116.06087570,29.79717691,116.06087570,0.3000,0.00,0,-1,orb,0,0,-1,,,
1026,4678.00,29.79717691,116.06087570,29.79717691,116.06087570,29.79717691,116.06087570,0.3000,0.00,0,-1,orb,0,0,-1,,,
1027,4681.00,29.79717691,116.06087570,29.79717691,116.06087570,29.79717691,116.06087570,0.3000,0.00,0,-1,orb,0,0,-1,,,
1028,4684.00,29.78227813,116.04389691,29.79717691,116.06087570,29.79717691,116.06087570,0.4167,2332.88,1,485,orb,5,1,-1,1466.93,1466.93,1466.93
1029,4687.00,29.74431910,116.03362736,29.79717691,116.06087570,29.79717691,116.06087570,0.4167,6446.34,1,151,orb,5,1,-1,5267.50,495.30,495.30
1030,4690.00,29.79540174,116.04174057,29.79717691,116.06087570,29.79717691,116.06087570,0.4400,1859.51,1,589,orb,6,1,-1,1895.24,1895.24,1895.24
1031,4694.00,29.80012632,116.03577839,29.79717691,116.06087570,29.79717691,116.06087570,0.4633,2447.21,1,631,orb,7,1,-1,2680.60,2680.60,2680.60
1032,4697.00,29.79717691,116.06087570,29.79717691,116.06087570,29.79717691,116.06087570,0.3000,0.00,0,-1,orb,0,0,-1,,,
1033,4701.00,29.79717691,116.06087570,29.79717691,116.06087570,29.79717691,116.06087570,0.3000,0.00,0,-1,orb,0,0,-1,,,
1034,4704.00,29.80544718,116.04995800,29.79717691,116.06087570,29.79717691,116.06087570,0.4167,1400.18,1,668,orb,5,1,-1,1833.41,631.89,631.89
1035,4708.00,29.81614569,116.04111010,29.79717691,116.06087570,29.79717691,116.06087570,0.4400,2847.21,1,769,orb,6,1,-1,3376.66,689.50,689.50
1036,4711.00,29.73956695,116.03362204,29.79717691,116.06087570,29.73956695,116.03362204,0.4400,6932.78,1,120,orb,6,1,-1,6222.53,268.76,268.76
1037,4714.00,29.73927723,116.05902841,29.73956695,116.03362204,29.73956695,116.03362204,0.4633,2455.16,1,132,orb,7,1,-1,5803.14,412.24,412.24
1038,4717.00,29.73978157,116.06205543,29.73956695,116.03362204,29.73956695,116.03362204,0.4400,2747.54,1,134,orb,6,1,-1,5892.08,1516.17,1516.17
1039,4720.00,29.79675841,116.06031940,29.73956695,116.03362204,29.73956695,116.03362204,0.4867,6869.34,1,613,orb,8,1,-1,469.98,163.32,163.32
1040,4723.00,29.78551265,116.03406708,29.73956695,116.03362204,29.73956695,116.03362204,0.4867,5114.86,1,495,orb,8,1,-1,2649.18,1467.01,1467.01
1041,4726.00,29.78684785,116.04978492,29.73956695,116.03362204,29.73956695,116.03362204,0.4867,5490.13,1,518,orb,8,1,-1,1248.69,675.22,675.22
1042,4729.00,29.79319736,116.03769985,29.73956695,116.03362204,29.73956695,116.03362204,0.4633,5983.13,1,572,orb,7,1,-1,2048.03,637.88,637.88
1043,4732.00,29.80323207,116.04251939,29.73956695,116.03362204,29.73956695,116.03362204,0.4867,7139.16,1,649,orb,8,1,-1,1788.46,200.71,200.71
1044,4736.00,29.78648302,116.03377039,29.73956695,116.03362204,29.73956695,116.03362204,0.4400,5222.72,1,510,orb,6,1,-1,2699.61,2699.61,2699.61
1045,4739.00,29.75246523,116.05818246,29.73956695,116.03362204,29.73956695,116.03362204,0.5100,2773.76,1,236,orb,9,1,-1,5043.16,638.67,638.67
1046,4742.00,29.80752742,116.04685680,29.73956695,116.03362204,29.80752742,116.04685680,0.4167,7672.68,1,696,orb,5,1,-1,1645.76,1645.76,1645.76
1047,4745.00,29.79912376,116.05886770,29.80752742,116.04685680,29.80752742,116.04685680,0.4400,1490.67,1,627,orb,6,1,1,38.44,38.44,38.44
1048,4748.00,29.80752742,116.04685680,29.80752742,116.04685680,29.80752742,116.04685680,0.3000,0.00,0,-1,orb,0,0,-1,,,
1049,4751.00,29.78019178,116.03386928,29.80752742,116.04685680,29.80752742,116.04685680,0.4633,3291.62,1,465,orb,7,1,-1,3257.36,1484.48,1484.48
1050,4754.00,29.77826639,116.05542569,29.80752742,116.04685680,29.80752742,116.04685680,0.4400,3360.92,1,461,orb,6,1,-1,2449.87,680.93,680.93
1051,4757.00,29.78548045,116.03398054,29.80752742,116.04685680,29.80752742,116.04685680,0.4400,2751.63,1,495,orb,6,1,-1,3100.82,1084.44,1084.44
1052,4760.00,29.72782758,116.05142206,29.80752742,116.04685680,29.80752742,116.04685680,0.4633,8883.15,1,24,orb,7,1,-1,8418.34,607.04,607.04
1053,4763.00,29.79184069,116.03808308,29.80752742,116.04685680,29.80752742,116.04685680,0.5333,1941.16,1,557,orb,10,1,-1,2402.30,2402.30,2402.30
1054,4767.00,29.80231997,116.05030414,29.80752742,116.04685680,29.80752742,116.04685680,0.4167,668.58,1,653,orb,5,1,-1,851.19,851.19,851.19
1055,4770.00,29.80804248,116.05653829,29.80752742,116.04685680,29.80752742,116.04685680,0.3933,937.25,1,701,orb,4,1,-1,441.62,441.62,441.62
1056,4773.00,29.74541824,116.04474991,29.80752742,116.04685680,29.80752742,116.04685680,0.4400,6916.99,1,170,orb,6,1,-1,6858.26,3221.45,3221.45
1057,4776.00,29.73698238,116.04699279,29.80752742,116.04685680,29.73698238,116.04699279,0.4633,7853.08,1,96,orb,7,1,-1,7892.57,1476.66,1476.66
1058,4779.00,29.77839054,116.03713119,29.73698238,116.04699279,29.73698238,116.04699279,0.4167,4707.02,1,437,orb,5,1,-1,3855.42,1516.69,1516.69
1059,4782.00,29.78085708,116.04647357,29.73698238,116.04699279,29.73698238,116.04699279,0.5100,4884.39,1,471,orb,9,1,-1,3199.88,508.34,508.34
1060,4785.00,29.80687896,116.03918331,29.73698238,116.04699279,29.73698238,116.04699279,0.4867,7817.39,1,677,orb,8,1,-1,2050.66,293.15,293.15
1061,4789.00,29.80367202,116.05109532,29.73698238,116.04699279,29.73698238,116.04699279,0.5100,7434.47,1,653,orb,9,1,-1,1096.04,1078.55,1078.55
1062,4792.00,29.79187288,116.03791001,29.73698238,116.04699279,29.73698238,116.04699279,0.4400,6173.12,1,557,orb,6,1,-1,2844.50,2844.50,2844.50
1063,4795.00,29.78408548,116.03372094,29.73698238,116.04699279,29.73698238,116.04699279,0.4400,5398.06,1,495,orb,6,1,-1,3759.89,354.20,354.20
1064,4798.00,29.80147837,116.05794054,29.73698238,116.04699279,29.73698238,116.04699279,0.4400,7257.21,1,642,orb,6,1,-1,1140.99,1140.99,1140.99
1065,4802.00,29.81658564,116.04602853,29.73698238,116.04699279,29.73698238,116.04699279,0.4167,8861.92,1,771,orb,5,1,-1,1363.04,438.86,438.86
1066,4805.00,29.73698238,116.04699279,29.73698238,116.04699279,29.73698238,116.04699279,0.3000,0.00,0,-1,orb,0,0,-1,,,
1067,4808.00,29.79587851,116.05913263,29.73698238,116.04699279,29.73698238,116.04699279,0.4400,6660.43,1,613,orb,6,1,-1,1792.61,1792.61,1792.61
1068,4811.00,29.73698238,116.04699279,29.73698238,116.04699279,29.73698238,116.04699279,0.3000,0.00,0,-1,orb,0,0,-1,,,
1069,4814.00,29.73698238,116.04699279,29.73698238,116.04699279,29.73698238,116.04699279,0.3000,0.00,0,-1,orb,0,0,-1,,,
1070,4817.00,29.73698238,116.04699279,29.73698238,116.04699279,29.73698238,116.04699279,0.3000,0.00,0,-1,orb,0,0,-1,,,
