Frame,Time_Sec,Raw_Lat,Raw_Lng,Predicted_Lat,Predicted_Lng,Filtered_Lat,Filtered_Lng,Match_Confidence,Innovation_M,Outlier_Rejected,Best_Match_Idx,Algorithm,Inliers,Measurement_Valid,Correct_Candidate_Rank,Top1_Min_Dist_M,Top5_Min_Dist_M,Top10_Min_Dist_M
1,7.00,32.34263980,119.81165524,32.30460000,119.89700000,32.30460000,119.89700000,0.5100,9076.77,1,1308,split_learned,9,1,-1,8900.90,2478.10,2478.10
2,14.00,32.34355666,119.86559387,32.30460000,119.89700000,32.30460000,119.89700000,0.4867,5247.39,1,1378,split_learned,8,1,-1,5107.19,684.98,684.98
3,21.00,32.33520655,119.88458874,32.30460000,119.89700000,32.30460000,119.89700000,0.5100,3601.61,1,1162,split_learned,9,1,-1,3348.18,2514.57,2514.57
4,28.00,32.35137615,119.81655486,32.30460000,119.89700000,32.30460000,119.89700000,0.5800,9185.95,1,1535,split_learned,12,1,-1,8821.01,2787.99,2787.99
5,36.00,32.33323827,119.85127009,32.30460000,119.89700000,32.30460000,119.89700000,0.5333,5354.37,1,1101,split_learned,10,1,-1,4943.99,2724.41,2724.41
6,43.00,32.29394861,119.86323928,32.30460000,119.89700000,32.30460000,119.89700000,0.5333,3390.02,1,117,split_learned,10,1,5,3104.86,120.08,120.08
7,50.00,32.33126508,119.85008935,32.30460000,119.89700000,32.30460000,119.89700000,0.4867,5318.37,1,1011,split_learned,8,1,-1,4494.53,1526.31,1526.31
8,57.00,32.33520655,119.88458874,32.30460000,119.89700000,32.30460000,119.89700000,0.5100,3601.61,1,1162,split_learned,9,1,-1,2983.33,1871.78,1871.78
9,64.00,32.29344436,119.88062863,32.30460000,119.89700000,32.30460000,119.89700000,0.4400,1978.38,1,125,split_learned,6,1,-1,1941.98,313.26,313.26
10,71.00,32.29344436,119.88062863,32.30460000,119.89700000,32.29344436,119.88062863,0.4400,1978.38,1,125,split_learned,6,1,-1,1950.19,535.20,535.20
11,79.00,32.30487855,119.85172715,32.29344436,119.88062863,32.29344436,119.88062863,0.4400,3001.99,1,381,split_learned,6,1,-1,3578.33,649.50,649.50
12,86.00,32.33996342,119.85943153,32.29344436,119.88062863,32.29344436,119.88062863,0.5567,5549.15,1,1285,split_learned,11,1,-1,4222.39,2410.55,2410.55
13,93.00,32.33996342,119.85943153,32.29344436,119.88062863,32.29344436,119.88062863,0.5567,5549.15,1,1285,split_learned,11,1,-1,4120.47,2494.30,2494.30
14,100.00,32.30715797,119.83450284,32.29344436,119.88062863,32.29344436,119.88062863,0.5333,4599.80,1,418,split_learned,10,1,-1,4969.78,4899.85,4899.85
15,108.00,32.32113398,119.81864283,32.29344436,119.88062863,32.29344436,119.88062863,0.6033,6595.64,1,771,split_learned,13,1,-1,6308.93,1909.35,1909.35
16,115.00,32.29165846,119.85864437,32.29344436,119.88062863,32.29344436,119.88062863,0.5100,2077.61,1,70,split_learned,9,1,-1,3304.04,1972.08,1972.08
17,122.00,32.31625910,119.85540794,32.29344436,119.88062863,32.29344436,119.88062863,0.4400,3475.51,1,653,split_learned,6,1,-1,2659.36,2659.36,2659.36
18,130.00,32.30646059,119.87608451,32.29344436,119.88062863,32.29344436,119.88062863,0.4400,1510.71,1,438,split_learned,6,1,-1,1007.01,1007.01,1007.01
19,137.00,32.29897370,119.87572902,32.29344436,119.88062863,32.29344436,119.88062863,0.5100,768.97,1,258,split_learned,9,1,-1,1783.96,1783.96,1783.96
20,144.00,32.31001092,119.86280761,32.29344436,119.88062863,32.31001092,119.86280761,0.4867,2492.28,1,522,split_learned,8,1,-1,1751.22,1472.96,1472.96
21,152.00,32.29897370,119.87572902,32.31001092,119.86280761,32.31001092,119.86280761,0.5100,1728.33,1,258,split_learned,9,1,-1,1854.35,432.02,432.02
22,159.00,32.30286735,119.88033662,32.31001092,119.86280761,32.31001092,119.86280761,0.5100,1830.70,1,350,split_learned,9,1,-1,1478.42,1478.42,1478.42
23,166.00,32.30286735,119.88033662,32.31001092,119.86280761,32.31001092,119.86280761,0.5100,1830.70,1,350,split_learned,9,1,-1,1544.44,1544.44,1544.44
24,174.00,32.31587286,119.87030305,32.31001092,119.86280761,32.31001092,119.86280761,0.5100,960.72,1,660,split_learned,9,1,-1,801.68,257.81,257.81
25,181.00,32.30824649,119.86959206,32.31001092,119.86280761,32.31001092,119.86280761,0.4867,667.76,1,480,split_learned,8,1,-1,1255.28,757.44,757.44
26,189.00,32.31259566,119.85798417,32.31001092,119.86280761,32.31001092,119.86280761,0.5333,537.28,1,610,split_learned,10,1,-1,1670.78,1670.78,1670.78
27,196.00,32.32279113,119.86797385,32.31001092,119.86280761,32.31001092,119.86280761,0.5100,1503.41,1,839,split_learned,9,1,-1,823.77,449.25,449.25
28,204.00,32.34777218,119.88050167,32.31001092,119.86280761,32.31001092,119.86280761,0.4867,4521.13,1,1475,split_learned,8,1,-1,3237.20,1038.37,1038.37
29,211.00,32.30992509,119.87995574,32.31001092,119.86280761,32.31001092,119.86280761,0.4867,1613.17,1,530,split_learned,8,1,-1,1228.17,1228.17,1228.17
30,218.00,32.30749547,119.87699863,32.31001092,119.86280761,32.30749547,119.87699863,0.4867,1364.01,1,483,split_learned,8,1,-1,1371.64,513.29,513.29
31,225.00,32.30749547,119.87699863,32.30749547,119.87699863,32.30749547,119.87699863,0.4867,0.00,0,483,split_learned,8,1,-1,1448.17,1448.17,1448.17
32,233.00,32.32307499,119.87956905,32.30749547,119.87699863,32.30749547,119.87699863,0.4633,1751.09,1,889,split_learned,7,1,-1,762.40,762.40,762.40
33,240.00,32.32307499,119.87956905,32.30749547,119.87699863,32.30749547,119.87699863,0.4633,1751.09,1,889,split_learned,7,1,-1,825.88,825.88,825.88
34,247.00,32.32279113,119.86797385,32.30749547,119.87699863,32.30749547,119.87699863,0.5100,1902.62,1,839,split_learned,9,1,-1,230.57,230.57,230.57
35,254.00,32.32279113,119.86797385,32.30749547,119.87699863,32.30749547,119.87699863,0.5100,1902.62,1,839,split_learned,9,1,1,136.89,136.89,136.89
36,262.00,32.29165846,119.85864437,32.30749547,119.87699863,32.30749547,119.87699863,0.5100,2467.64,1,70,split_learned,9,1,2,3585.36,94.35,94.35
37,269.00,32.29165846,119.85864437,32.30749547,119.87699863,32.30749547,119.87699863,0.5100,2467.64,1,70,split_learned,9,1,-1,3618.95,703.83,703.83
38,276.00,32.29165846,119.85864437,32.30749547,119.87699863,32.30749547,119.87699863,0.5100,2467.64,1,70,split_learned,9,1,-1,3655.51,1319.30,1319.30
39,284.00,32.32802006,119.87821057,32.30749547,119.87699863,32.30749547,119.87699863,0.4867,2287.64,1,979,split_learned,8,1,-1,1200.02,981.73,981.73
40,291.00,32.32279113,119.86797385,32.30749547,119.87699863,32.30749547,119.87699863,0.5100,1902.62,1,839,split_learned,9,1,-1,401.22,401.22,401.22
41,298.00,32.29811539,119.87013800,32.30749547,119.87699863,32.29811539,119.87013800,0.5100,1227.54,1,255,split_learned,9,1,-1,3023.17,499.79,499.79
42,306.00,32.29388424,119.86758027,32.29811539,119.87013800,32.29811539,119.87013800,0.5333,528.91,1,119,split_learned,10,1,-1,3656.26,1369.48,1369.48
43,313.00,32.32113398,119.81864283,32.29811539,119.87013800,32.29811539,119.87013800,0.6033,5480.17,1,771,split_learned,13,1,-1,4132.47,1078.53,1078.53
44,320.00,32.33520655,119.88458874,32.29811539,119.87013800,32.29811539,119.87013800,0.5100,4347.01,1,1162,split_learned,9,1,-1,2291.58,810.13,810.13
45,328.00,32.34355666,119.86559387,32.29811539,119.87013800,32.29811539,119.87013800,0.4867,5076.55,1,1378,split_learned,8,1,-1,1839.46,1433.97,1433.97
46,335.00,32.31273513,119.82698202,32.29811539,119.87013800,32.29811539,119.87013800,0.6267,4373.78,1,595,split_learned,14,1,-1,3507.11,897.20,897.20
47,343.00,32.32113398,119.81864283,32.29811539,119.87013800,32.29811539,119.87013800,0.6033,5480.17,1,771,split_learned,13,1,-1,3902.88,1636.98,1636.98
48,350.00,32.32967721,119.85669605,32.29811539,119.87013800,32.29811539,119.87013800,0.4867,3734.08,1,1014,split_learned,8,1,1,101.68,101.68,101.68
49,358.00,32.31259566,119.85798417,32.29811539,119.87013800,32.29811539,119.87013800,0.5333,1976.24,1,610,split_learned,10,1,2,1834.33,103.69,103.69
50,365.00,32.30276006,119.80586108,32.29811539,119.87013800,32.29811539,119.87013800,0.5333,6068.64,1,315,split_learned,10,1,-1,5717.07,3978.63,3978.63
51,372.00,32.33996342,119.85943153,32.29811539,119.87013800,32.33996342,119.85943153,0.5567,4766.15,1,1285,split_learned,11,1,-1,1085.30,261.74,261.74
52,379.00,32.34454372,119.80638163,32.33996342,119.85943153,32.33996342,119.85943153,0.4867,5016.43,1,1350,split_learned,8,1,-1,4821.38,2025.53,2025.53
53,386.00,32.35482992,119.81039252,32.33996342,119.85943153,32.33996342,119.85943153,0.5567,4901.01,1,1622,split_learned,11,1,2,4833.56,145.86,145.86
54,394.00,32.33382835,119.85422720,32.33996342,119.85943153,32.33996342,119.85943153,0.5333,840.30,1,1103,split_learned,10,1,1,110.69,110.69,110.69
55,401.00,32.34794384,119.86966824,32.33996342,119.85943153,32.33996342,119.85943153,0.6267,1310.17,1,1470,split_learned,14,1,-1,2251.48,228.75,228.75
56,408.00,32.29041974,119.85348502,32.33996342,119.85943153,32.33996342,119.85943153,0.6500,5543.50,1,22,split_learned,15,1,-1,4843.87,2470.13,2470.13
57,416.00,32.34794384,119.83143727,32.33996342,119.85943153,32.33996342,119.85943153,0.6267,2779.25,1,1452,split_learned,14,1,-1,2374.74,2253.67,2253.67
58,423.00,32.34327771,119.82920964,32.33996342,119.85943153,32.33996342,119.85943153,0.4633,2866.84,1,1361,split_learned,7,1,-1,2203.89,2203.89,2203.89
59,431.00,32.31940173,119.83244026,32.33996342,119.85943153,32.33996342,119.85943153,0.4633,3418.50,1,732,split_learned,7,1,-1,2523.34,2353.89,2353.89
60,438.00,32.34263980,119.81165524,32.33996342,119.85943153,32.33996342,119.85943153,0.5100,4504.22,1,1308,split_learned,9,1,-1,3527.00,1912.63,1912.63
61,445.00,32.32113398,119.81864283,32.33996342,119.85943153,32.32113398,119.81864283,0.6033,4372.23,1,771,split_learned,13,1,-1,3257.26,1133.63,1133.63
62,452.00,32.32113398,119.81864283,32.32113398,119.81864283,32.32113398,119.81864283,0.6033,0.00,0,771,split_learned,13,1,-1,3208.69,1196.27,1196.27
63,459.00,32.29869475,119.82080698,32.32113398,119.81864283,32.32113398,119.81864283,0.6033,2506.22,1,232,split_learned,13,1,-1,4861.03,947.41,947.41
64,467.00,32.29770279,119.83356333,32.32113398,119.81864283,32.32113398,119.81864283,0.6033,2962.02,1,193,split_learned,13,1,-1,4660.21,689.69,689.69
65,474.00,32.30725453,119.83776466,32.32113398,119.81864283,32.32113398,119.81864283,0.6267,2371.27,1,420,split_learned,14,1,-1,3630.10,439.96,439.96
66,481.00,32.33323827,119.85127009,32.32113398,119.81864283,32.32113398,119.81864283,0.5333,3352.02,1,1101,split_learned,10,1,-1,877.17,178.64,178.64
67,488.00,32.34920402,119.86916040,32.32113398,119.81864283,32.32113398,119.81864283,0.5567,5687.51,1,1515,split_learned,11,1,-1,2751.47,2751.47,2751.47
68,495.00,32.35471191,119.84070327,32.32113398,119.81864283,32.32113398,119.81864283,0.4633,4275.34,1,1636,split_learned,7,1,-1,1677.61,1677.61,1677.61
69,502.00,32.31185046,119.87395845,32.32113398,119.81864283,32.32113398,119.81864283,0.4633,5305.21,1,572,split_learned,7,1,-1,4390.98,4390.98,4390.98
70,509.00,32.29201251,119.88847267,32.32113398,119.81864283,32.32113398,119.81864283,0.4867,7325.32,1,84,split_learned,8,1,-1,7072.65,5344.38,5344.38
71,516.00,32.30276006,119.80586108,32.32113398,119.81864283,32.32113398,119.81864283,0.5333,2372.62,1,315,split_learned,10,1,-1,5372.72,845.18,845.18
72,523.00,32.35469045,119.80616579,32.32113398,119.81864283,32.35469045,119.80616579,0.6267,3915.56,1,1620,split_learned,14,1,-1,3425.41,1227.56,1227.56
73,530.00,32.33996342,119.85943153,32.35469045,119.80616579,32.35469045,119.80616579,0.5567,5272.12,1,1285,split_learned,11,1,-1,1996.42,1408.95,1408.95
74,537.00,32.30725453,119.83776466,32.35469045,119.80616579,32.35469045,119.80616579,0.6267,6059.73,1,420,split_learned,14,1,-1,4089.87,1310.28,1310.28
75,544.00,32.33183861,119.83823442,32.35469045,119.80616579,32.35469045,119.80616579,0.4867,3946.12,1,1050,split_learned,8,1,-1,1347.68,1321.52,1321.52
76,552.00,32.34263980,119.81165524,32.35469045,119.80616579,32.35469045,119.80616579,0.5100,1437.44,1,1308,split_learned,9,1,-1,2238.28,1465.42,1465.42
77,559.00,32.34172786,119.80584839,32.35469045,119.80616579,32.35469045,119.80616579,0.5333,1443.30,1,1305,split_learned,10,1,-1,2747.18,1258.48,1258.48
78,567.00,32.34454372,119.80638163,32.35469045,119.80616579,32.35469045,119.80616579,0.4867,1129.72,1,1350,split_learned,8,1,-1,2643.47,1562.97,1562.97
79,574.00,32.33334556,119.83497841,32.35469045,119.80616579,32.35469045,119.80616579,0.5100,3604.49,1,1094,split_learned,9,1,-1,1388.39,1388.39,1388.39
80,581.00,32.31889748,119.83315705,32.35469045,119.80616579,32.35469045,119.80616579,0.4633,4724.72,1,733,split_learned,7,1,-1,3035.39,1350.65,1350.65
81,588.00,32.33126508,119.85008935,32.35469045,119.80616579,32.35469045,119.80616579,0.4867,4886.00,1,1011,split_learned,8,1,-1,2574.21,2494.92,2494.92
82,595.00,32.34794384,119.83143727,32.35469045,119.80616579,32.34794384,119.83143727,0.6267,2493.12,1,1452,split_learned,14,1,1,59.24,59.24,59.24
83,603.00,32.35469045,119.80616579,32.34794384,119.83143727,32.34794384,119.83143727,0.6267,2493.12,1,1620,split_learned,14,1,-1,2397.63,1081.08,1081.08
84,610.00,32.35469045,119.80616579,32.34794384,119.83143727,32.34794384,119.83143727,0.6267,2493.12,1,1620,split_learned,14,1,-1,2379.94,151.66,151.66
85,617.00,32.35469045,119.80616579,32.34794384,119.83143727,32.34794384,119.83143727,0.6267,2493.12,1,1620,split_learned,14,1,-1,2273.44,2273.44,2273.44
86,625.00,32.35137615,119.81655486,32.34794384,119.83143727,32.34794384,119.83143727,0.5800,1451.20,1,1535,split_learned,12,1,3,1098.90,124.96,124.96
87,632.00,32.33334556,119.83497841,32.34794384,119.83143727,32.34794384,119.83143727,0.5100,1658.87,1,1094,split_learned,9,1,-1,2009.45,1789.67,1789.67
88,639.00,32.33334556,119.83497841,32.34794384,119.83143727,32.34794384,119.83143727,0.5100,1658.87,1,1094,split_learned,9,1,-1,2109.55,1645.94,1645.94
89,647.00,32.33132363,119.81865553,32.34794384,119.83143727,32.34794384,119.83143727,0.4867,2206.54,1,1041,split_learned,8,1,-1,2265.29,2265.29,2265.29
90,654.00,32.31889748,119.83315705,32.34794384,119.83143727,32.34794384,119.83143727,0.4633,3237.49,1,733,split_learned,7,1,-1,3702.48,1724.02,1724.02
91,661.00,32.32923733,119.83726952,32.34794384,119.83143727,32.34794384,119.83143727,0.4867,2153.47,1,1005,split_learned,8,1,-1,2790.56,1810.12,1810.12
92,668.00,32.32923733,119.83726952,32.34794384,119.83143727,32.32923733,119.83726952,0.4867,2153.47,1,1005,split_learned,8,1,-1,2884.19,1737.40,1737.40
93,676.00,32.34794384,119.83143727,32.32923733,119.83726952,32.32923733,119.83726952,0.6267,2153.47,1,1452,split_learned,14,1,-1,1067.00,222.31,222.31
94,683.00,32.33132363,119.81865553,32.32923733,119.83726952,32.32923733,119.83726952,0.4867,1766.37,1,1041,split_learned,8,1,-1,2467.39,2467.39,2467.39
95,690.00,32.32113398,119.81864283,32.32923733,119.83726952,32.32923733,119.83726952,0.6033,1970.79,1,771,split_learned,13,1,-1,3709.64,1584.80,1584.80
96,736.00,32.33923968,119.85328188,32.32923733,119.83726952,32.32923733,119.83726952,0.5800,1873.16,1,1237,split_learned,12,1,-1,3517.78,261.84,261.84
97,739.00,32.35179458,119.81854126,32.32923733,119.83726952,32.32923733,119.83726952,0.5100,3067.47,1,1536,split_learned,9,1,1,142.20,142.20,142.20
98,743.00,32.33681006,119.85506514,32.32923733,119.83726952,32.32923733,119.83726952,0.5100,1874.32,1,1193,split_learned,9,1,-1,3567.69,305.45,305.45
99,747.00,32.32113398,119.81864283,32.32923733,119.83726952,32.32923733,119.83726952,0.6033,1970.79,1,771,split_learned,13,1,-1,3372.61,2692.42,2692.42
100,751.00,32.33213902,119.83000950,32.32923733,119.83726952,32.32923733,119.83726952,0.4867,755.49,1,1046,split_learned,8,1,-1,2212.10,1333.88,1333.88
101,755.00,32.31144277,119.82934930,32.32923733,119.83726952,32.32923733,119.83726952,0.5567,2116.38,1,551,split_learned,11,1,-1,4277.08,822.87,822.87
102,759.00,32.35137615,119.81655486,32.32923733,119.83726952,32.35137615,119.81655486,0.5800,3141.81,1,1535,split_learned,12,1,-1,734.11,734.11,734.11
103,762.00,32.34218919,119.85717851,32.35137615,119.81655486,32.34218929,119.85717809,0.7200,3955.98,0,1329,split_learned,18,1,-1,3091.61,655.24,655.24
104,766.00,32.33213902,119.83000950,32.34203917,119.85784189,32.34203917,119.85784189,0.4867,2840.71,1,1046,split_learned,8,1,-1,1883.50,1883.50,1883.50
105,770.00,32.30715797,119.83450284,32.34188906,119.85850568,32.34188906,119.85850568,0.5333,4477.32,1,418,split_learned,10,1,-1,4656.58,630.18,630.18
106,774.00,32.31455903,119.82385985,32.34173894,119.85916948,32.34173894,119.85916948,0.5100,4493.07,1,593,split_learned,9,1,-1,3765.73,190.33,190.33
107,778.00,32.34794384,119.86966824,32.34158882,119.85983328,32.34158882,119.85983328,0.6267,1164.66,1,1470,split_learned,14,1,-1,3924.87,3123.36,3123.36
108,781.00,32.34154547,119.81199223,32.34147624,119.86033113,32.34147624,119.86033113,0.4633,4547.28,1,1307,split_learned,7,1,-1,1823.35,1786.24,1786.24
109,785.00,32.31889748,119.83315705,32.34132612,119.86099492,32.34132612,119.86099492,0.4633,3618.22,1,733,split_learned,7,1,-1,2998.06,1873.39,1873.39
110,789.00,32.33996342,119.85943153,32.34117600,119.86165872,32.34117600,119.86165872,0.5567,249.23,1,1285,split_learned,11,1,-1,2784.87,1270.82,1270.82
111,793.00,32.34558932,119.82047688,32.34102589,119.86232252,32.34102589,119.86232252,0.6500,3969.10,1,1402,split_learned,15,1,-1,969.50,969.50,969.50
112,796.00,32.34263980,119.81165524,32.34091330,119.86282037,32.34091330,119.86282037,0.5100,4816.98,1,1308,split_learned,9,1,-1,1863.82,1211.32,1211.32
113,800.00,32.31144277,119.82934930,32.34076318,119.86348416,32.31144277,119.82934930,0.5567,4578.70,1,551,split_learned,11,1,-1,3562.43,646.98,646.98
114,804.00,32.29388424,119.86758027,32.31144277,119.82934930,32.31144277,119.82934930,0.5333,4093.26,1,119,split_learned,10,1,-1,6371.66,2148.45,2148.45
115,808.00,32.32825610,119.85064798,32.31144277,119.82934930,32.31144277,119.82934930,0.4867,2741.80,1,966,split_learned,8,1,-1,2250.44,1741.81,1741.81
116,812.00,32.34263980,119.81165524,32.31144277,119.82934930,32.31144277,119.82934930,0.5100,3851.14,1,1308,split_learned,9,1,-1,2135.40,1062.69,1062.69
117,815.00,32.34263980,119.81165524,32.31144277,119.82934930,32.31144277,119.82934930,0.5100,3851.14,1,1308,split_learned,9,1,-1,2230.97,1092.77,1092.77
118,819.00,32.34293439,119.81303912,32.31144277,119.82934930,32.31144277,119.82934930,0.5567,3826.71,1,1353,split_learned,11,1,-1,2348.61,1132.64,1132.64
119,823.00,32.33213902,119.83000950,32.31144277,119.82934930,32.31144277,119.82934930,0.4867,2304.74,1,1046,split_learned,8,1,-1,1291.85,1291.85,1291.85
120,827.00,32.32386892,119.83823442,32.31144277,119.82934930,32.31144277,119.82934930,0.4633,1616.19,1,870,split_learned,7,1,-1,1733.69,1733.69,1733.69
121,830.00,32.32059754,119.86560657,32.31144277,119.82934930,32.31144277,119.82934930,0.5100,3559.75,1,793,split_learned,9,1,-1,3242.04,1265.50,1265.50
122,834.00,32.33213902,119.83000950,32.31144277,119.82934930,32.31144277,119.82934930,0.4867,2304.74,1,1046,split_learned,8,1,-1,1298.92,868.26,868.26
123,838.00,32.30993582,119.84993700,32.31144277,119.82934930,32.30993582,119.84993700,0.5100,1943.95,1,516,split_learned,9,1,-1,3292.16,1684.93,1684.93
124,842.00,32.29201251,119.88847267,32.30993582,119.84993700,32.30993582,119.84993700,0.4867,4137.89,1,84,split_learned,8,1,-1,6739.75,5046.15,5046.15
125,845.00,32.29201251,119.88847267,32.30993582,119.84993700,32.30993582,119.84993700,0.4867,4137.89,1,84,split_learned,8,1,-1,6697.74,1640.26,1640.26
126,849.00,32.32802006,119.87821057,32.30993582,119.84993700,32.30993582,119.84993700,0.4867,3335.69,1,979,split_learned,8,1,-1,3456.64,1806.70,1806.70
127,853.00,32.30663226,119.87868032,32.30993582,119.84993700,32.30993582,119.84993700,0.4400,2728.80,1,439,split_learned,6,1,-1,4633.01,2096.45,2096.45
128,857.00,32.30388077,119.81784298,32.30993582,119.84993700,32.30993582,119.84993700,0.4867,3093.44,1,366,split_learned,8,1,-1,4259.51,3854.52,3854.52
129,861.00,32.29770279,119.83356333,32.30993582,119.84993700,32.30993582,119.84993700,0.6033,2055.95,1,193,split_learned,13,1,-1,4369.92,3389.75,3389.75
130,865.00,32.32113398,119.81864283,32.30993582,119.84993700,32.30993582,119.84993700,0.6033,3196.92,1,771,split_learned,13,1,-1,3003.62,1654.01,1654.01
131,868.00,32.33290077,119.89895061,32.30993582,119.84993700,32.30993582,119.84993700,0.4867,5272.05,1,1079,split_learned,8,1,-1,4945.05,1500.45,1500.45
132,872.00,32.29254896,119.86125288,32.30993582,119.84993700,32.30993582,119.84993700,0.4867,2208.92,1,71,split_learned,8,1,2,4806.64,60.36,60.36
133,876.00,32.29897370,119.87572902,32.30993582,119.84993700,32.29897370,119.87572902,0.5100,2715.87,1,258,split_learned,9,1,-1,4564.95,1748.03,1748.03
134,880.00,32.34920402,119.86916040,32.29897370,119.87572902,32.29897370,119.87572902,0.5567,5625.68,1,1515,split_learned,11,1,-1,2639.56,722.97,722.97
135,884.00,32.32802006,119.87821057,32.29897370,119.87572902,32.29897370,119.87572902,0.4867,3241.86,1,979,split_learned,8,1,-1,2694.27,667.48,667.48
136,887.00,32.32825610,119.85064798,32.29897370,119.87572902,32.29897370,119.87572902,0.4867,4023.99,1,966,split_learned,8,1,-1,411.63,411.63,411.63
137,891.00,32.35120449,119.83576557,32.29897370,119.87572902,32.29897370,119.87572902,0.5100,6923.83,1,1544,split_learned,9,1,-1,2720.07,378.63,378.63
138,895.00,32.35179458,119.81854126,32.29897370,119.87572902,32.29897370,119.87572902,0.5100,7969.68,1,1536,split_learned,9,1,-1,3964.90,2030.80,2030.80
139,899.00,32.35120449,119.83576557,32.29897370,119.87572902,32.29897370,119.87572902,0.5100,6923.83,1,1544,split_learned,9,1,-1,2928.58,397.00,397.00
140,902.00,32.33346357,119.80579760,32.29897370,119.87572902,32.29897370,119.87572902,0.6033,7616.94,1,1080,split_learned,13,1,-1,4542.34,367.34,367.34
141,906.00,32.31713304,119.83294122,32.29897370,119.87572902,32.29897370,119.87572902,0.5333,4504.19,1,688,split_learned,10,1,3,2410.29,81.48,81.48
142,910.00,32.29015152,119.86151950,32.29897370,119.87572902,32.29897370,119.87572902,0.4867,1658.69,1,26,split_learned,8,1,-1,4292.54,1713.45,1713.45
143,914.00,32.34428622,119.88964071,32.29897370,119.87572902,32.34428622,119.88964071,0.5333,5211.19,1,1389,split_learned,10,1,-1,3495.69,1608.18,1608.18
144,917.00,32.34428622,119.88964071,32.34428622,119.88964071,32.34428622,119.88964071,0.5333,0.00,0,1389,split_learned,10,1,-1,3445.12,1062.49,1062.49
145,921.00,32.32802006,119.87821057,32.34428622,119.88964071,32.34428622,119.88964071,0.4867,2105.93,1,979,split_learned,8,1,-1,1904.61,434.80,434.80
146,925.00,32.32307499,119.87956905,32.34428622,119.88964071,32.34428622,119.88964071,0.4633,2544.23,1,889,split_learned,7,1,-1,1821.83,976.02,976.02
147,929.00,32.32825610,119.85064798,32.34428622,119.88964071,32.34428622,119.88964071,0.4867,4079.11,1,966,split_learned,8,1,-1,917.78,917.78,917.78
148,933.00,32.29811539,119.87013800,32.34428622,119.88964071,32.34428622,119.88964071,0.5100,5457.36,1,255,split_learned,9,1,-1,3021.45,985.26,985.26
149,936.00,32.29811539,119.87013800,32.34428622,119.88964071,32.34428622,119.88964071,0.5100,5457.36,1,255,split_learned,9,1,-1,2943.35,1542.96,1542.96
150,940.00,32.32967721,119.85669605,32.34428622,119.88964071,32.34428622,119.88964071,0.4867,3499.91,1,1014,split_learned,8,1,-1,767.64,767.64,767.64
151,944.00,32.30585978,119.81032904,32.34428622,119.88964071,32.34428622,119.88964071,0.5100,8600.19,1,407,split_learned,9,1,-1,5334.90,2613.96,2613.96
152,948.00,32.31713304,119.83294122,32.34428622,119.88964071,32.34428622,119.88964071,0.5333,6130.72,1,688,split_learned,10,1,-1,2944.16,896.20,896.20
153,952.00,32.30790317,119.81084958,32.34428622,119.88964071,32.34428622,119.88964071,0.5100,8446.34,1,452,split_learned,9,1,-1,5405.40,585.96,585.96
154,955.00,32.30778515,119.83405848,32.34428622,119.88964071,32.30778515,119.83405848,0.5800,6621.88,1,463,split_learned,12,1,-1,3428.47,171.13,171.13
155,959.00,32.30832159,119.88012079,32.30778515,119.83405848,32.30778515,119.83405848,0.5333,4333.53,1,485,split_learned,10,1,2,2022.79,119.21,119.21
156,963.00,32.32059754,119.86560657,32.30778515,119.83405848,32.30778515,119.83405848,0.5100,3292.69,1,793,split_learned,9,1,5,154.41,75.34,75.34
157,967.00,32.32279113,119.86797385,32.30778515,119.83405848,32.30778515,119.83405848,0.5100,3601.30,1,839,split_learned,9,1,-1,207.53,207.53,207.53
158,971.00,32.32802006,119.87821057,32.30778515,119.83405848,32.30778515,119.83405848,0.4867,4724.92,1,979,split_learned,8,1,-1,1228.23,1228.23,1228.23
159,974.00,32.32802006,119.87821057,32.30778515,119.83405848,32.30778515,119.83405848,0.4867,4724.92,1,979,split_learned,8,1,-1,1205.98,1205.98,1205.98
160,978.00,32.31587286,119.87030305,32.30778515,119.83405848,32.30778515,119.83405848,0.5100,3526.42,1,660,split_learned,9,1,-1,419.06,173.33,173.33
161,982.00,32.35185895,119.81206152,32.30778515,119.83405848,32.30778515,119.83405848,0.5100,5324.81,1,1533,split_learned,9,1,-1,6612.16,180.37,180.37
162,986.00,32.35185895,119.81206152,32.30778515,119.83405848,32.30778515,119.83405848,0.5100,5324.81,1,1533,split_learned,9,1,3,6727.46,96.99,96.99
163,989.00,32.32802006,119.87821057,32.30778515,119.83405848,32.30778515,119.83405848,0.4867,4724.92,1,979,split_learned,8,1,-1,1259.27,818.28,818.28
164,993.00,32.30646059,119.87608451,32.30778515,119.83405848,32.30646059,119.87608451,0.4400,3956.17,1,438,split_learned,6,1,-1,1200.50,840.36,840.36
165,997.00,32.31007530,119.87199744,32.30646059,119.87608451,32.30646059,119.87608451,0.4633,556.54,1,526,split_learned,7,1,-1,756.71,216.01,216.01
166,1001.00,32.30749547,119.87699863,32.30646059,119.87608451,32.30646059,119.87608451,0.4867,143.76,1,483,split_learned,8,1,-1,879.00,879.00,879.00
167,1004.00,32.34590046,119.88036202,32.30646059,119.87608451,32.30646059,119.87608451,0.4400,4408.85,1,1430,split_learned,6,1,-1,3407.11,983.24,983.24
168,1008.00,32.30824649,119.86959206,32.30646059,119.87608451,32.30646059,119.87608451,0.4867,642.29,1,480,split_learned,8,1,-1,1016.94,452.54,452.54
169,1012.00,32.29201251,119.88847267,32.30646059,119.87608451,32.30646059,119.87608451,0.4867,1986.18,1,84,split_learned,8,1,-1,2695.32,481.19,481.19
170,1016.00,32.31607671,119.88905669,32.30646059,119.87608451,32.30646059,119.87608451,0.4633,1623.28,1,669,split_learned,7,1,-1,1032.39,1032.39,1032.39
171,1020.00,32.32031859,119.84718302,32.30646059,119.87608451,32.30646059,119.87608451,0.4867,3125.96,1,784,split_learned,8,1,-1,3180.81,861.21,861.21
172,1023.00,32.34192097,119.88818066,32.30646059,119.87608451,32.30646059,119.87608451,0.4867,4108.18,1,1344,split_learned,8,1,-1,3386.86,1890.67,1890.67
173,1027.00,32.32113398,119.81864283,32.30646059,119.87608451,32.30646059,119.87608451,0.6033,5645.07,1,771,split_learned,13,1,-1,5937.10,1956.50,1956.50
174,1031.00,32.33945425,119.87408541,32.30646059,119.87608451,32.33945425,119.87408541,0.4867,3677.67,1,1247,split_learned,8,1,-1,3088.56,1063.57,1063.57
175,1035.00,32.34428622,119.88964071,32.33945425,119.87408541,32.33945425,119.87408541,0.5333,1559.03,1,1389,split_learned,10,1,-1,3706.44,1259.90,1259.90
176,1039.00,32.34428622,119.88964071,32.33945425,119.87408541,32.33945425,119.87408541,0.5333,1559.03,1,1389,split_learned,10,1,-1,3757.33,3757.33,3757.33
177,1042.00,32.30276006,119.80586108,32.33945425,119.87408541,32.33945425,119.87408541,0.5333,7607.58,1,315,split_learned,10,1,-1,7391.07,956.22,956.22
178,1046.00,32.35266852,119.87660505,32.33945425,119.87408541,32.33945425,119.87408541,0.4633,1489.99,1,1608,split_learned,7,1,-1,4900.56,917.38,917.38
179,1050.00,32.31642003,119.86574622,32.33945425,119.87408541,32.33945425,119.87408541,0.4633,2681.49,1,658,split_learned,7,1,-1,2050.19,738.32,738.32
180,1054.00,32.32031859,119.84718302,32.33945425,119.87408541,32.33945425,119.87408541,0.4867,3307.91,1,784,split_learned,8,1,-1,3965.85,669.97,669.97
181,1058.00,32.34546057,119.89651985,32.33945425,119.87408541,32.33945425,119.87408541,0.4867,2213.81,1,1438,split_learned,8,1,-1,4317.48,609.19,609.19
182,1061.00,32.31440301,119.85840314,32.33945425,119.87408541,32.33945425,119.87408541,0.5333,3154.87,1,655,split_learned,10,1,-1,2854.19,546.07,546.07
183,1065.00,32.31440301,119.85840314,32.33945425,119.87408541,32.33945425,119.87408541,0.5333,3154.87,1,655,split_learned,10,1,-1,2960.78,499.17,499.17
184,1069.00,32.32113398,119.81864283,32.33945425,119.87408541,32.32113398,119.81864283,0.6033,5600.08,1,771,split_learned,13,1,-1,6891.06,251.52,251.52
185,1073.00,32.32113398,119.81864283,32.32113398,119.81864283,32.32113398,119.81864283,0.6033,0.00,0,771,split_learned,13,1,-1,6903.98,4327.29,4327.29
186,1077.00,32.34263980,119.81165524,32.32113398,119.81864283,32.32113398,119.81864283,0.5100,2482.63,1,1308,split_learned,9,1,-1,8460.59,4548.92,4548.92
187,1080.00,32.33346357,119.80579760,32.32113398,119.81864283,32.32113398,119.81864283,0.6033,1828.65,1,1080,split_learned,13,1,-1,8688.85,3785.48,3785.48
188,1084.00,32.33346357,119.80579760,32.32113398,119.81864283,32.32113398,119.81864283,0.6033,1828.65,1,1080,split_learned,13,1,-1,8796.72,3213.91,3213.91
189,1088.00,32.35464753,119.87986687,32.32113398,119.81864283,32.32113398,119.81864283,0.5800,6862.14,1,1655,split_learned,12,1,-1,5806.82,3264.80,3264.80
190,1092.00,32.35185895,119.81206152,32.32113398,119.81864283,32.32113398,119.81864283,0.5100,3475.88,1,1533,split_learned,9,1,-1,9346.12,1901.96,1901.96
191,1096.00,32.35185895,119.81206152,32.32113398,119.81864283,32.32113398,119.81864283,0.5100,3475.88,1,1533,split_learned,9,1,-1,9461.49,1957.06,1957.06
192,1140.00,32.33126508,119.85008935,32.32113398,119.81864283,32.32113398,119.81864283,0.4867,3165.89,1,1011,split_learned,8,1,-1,5180.54,1124.51,1124.51
193,1147.00,32.34377124,119.81464463,32.32113398,119.81864283,32.32113398,119.81864283,0.5333,2547.89,1,1354,split_learned,10,1,-1,8775.14,1544.20,1544.20
194,1154.00,32.34218919,119.85717851,32.32113398,119.81864283,32.34218449,119.85716989,0.7200,4316.82,0,1329,split_learned,18,1,8,5548.98,120.67,120.67
195,1162.00,32.34293439,119.81303912,32.34438744,119.86120178,32.34438744,119.86120178,0.5567,4533.59,1,1353,split_learned,11,1,-1,8719.81,2439.57,2439.57
196,1169.00,32.32113398,119.81864283,32.34631502,119.86472968,32.34631502,119.86472968,0.6033,5162.71,1,771,split_learned,13,1,-1,7077.57,4694.28,4694.28
197,1177.00,32.34218919,119.85717851,32.34851798,119.86876157,32.34227656,119.85733841,0.7200,1297.55,0,1329,split_learned,18,1,-1,5303.14,1486.26,1486.26
198,1184.00,32.32113398,119.81864283,32.34208078,119.85698011,32.34208078,119.85698011,0.6033,4294.59,1,771,split_learned,13,1,-1,6863.27,2602.72,2602.72
199,1191.00,32.32825610,119.85064798,32.34188500,119.85662181,32.34188500,119.85662181,0.4867,1617.90,1,966,split_learned,8,1,-1,4361.28,3610.27,3610.27
200,1198.00,32.29912390,119.81763984,32.34168922,119.85626351,32.34168922,119.85626351,0.5567,5971.05,1,231,split_learned,11,1,-1,6462.91,4252.51,4252.51
201,1206.00,32.31713304,119.83294122,32.34146548,119.85585402,32.34146548,119.85585402,0.5333,3461.62,1,688,split_learned,10,1,-1,5182.92,4219.79,4219.79
202,1213.00,32.31940173,119.83244026,32.34126970,119.85549572,32.34126970,119.85549572,0.4633,3260.35,1,732,split_learned,7,1,-1,5322.04,1400.28,1400.28
203,1221.00,32.32113398,119.81864283,32.34104595,119.85508623,32.34104595,119.85508623,0.6033,4082.44,1,771,split_learned,13,1,-1,6425.94,2477.20,2477.20
204,1228.00,32.33323827,119.85127009,32.34085017,119.85472793,32.34085017,119.85472793,0.5333,907.65,1,1101,split_learned,10,1,-1,4267.06,2763.14,2763.14
205,1236.00,32.30463179,119.87890885,32.34062642,119.85431845,32.34062642,119.85431845,0.4400,4626.72,1,394,split_learned,6,1,-1,583.87,583.87,583.87
206,1243.00,32.34605648,119.89389283,32.34043065,119.85396015,32.34043065,119.85396015,0.5100,3808.35,1,1391,split_learned,9,1,-1,4084.85,620.76,620.76
207,1250.00,32.31007530,119.87199744,32.34023487,119.85360185,32.31007530,119.87199744,0.4633,3777.10,1,526,split_learned,7,1,-1,963.64,963.64,963.64
208,1257.00,32.32923733,119.83726952,32.31007530,119.87199744,32.31007530,119.87199744,0.4867,3901.63,1,1005,split_learned,8,1,-1,4644.13,579.61,579.61
209,1265.00,32.31007530,119.87199744,32.31007530,119.87199744,32.31007530,119.87199744,0.4633,0.00,0,526,split_learned,7,1,-1,768.35,547.55,547.55
210,1272.00,32.34605648,119.89389283,32.31007530,119.87199744,32.31007530,119.87199744,0.5100,4503.98,1,1391,split_learned,9,1,-1,3967.27,536.24,536.24
211,1280.00,32.30435284,119.88236111,32.31007530,119.87199744,32.31007530,119.87199744,0.4633,1164.59,1,396,split_learned,7,1,-1,787.03,584.76,584.76
212,1287.00,32.33383908,119.87011260,32.31007530,119.87199744,32.31007530,119.87199744,0.4633,2651.32,1,1110,split_learned,7,1,3,2539.56,25.94,25.94
213,1295.00,32.29201251,119.88847267,32.31007530,119.87199744,32.31007530,119.87199744,0.4867,2538.72,1,84,split_learned,8,1,-1,2500.69,886.98,886.98
214,1302.00,32.29201251,119.88847267,32.31007530,119.87199744,32.31007530,119.87199744,0.4867,2538.72,1,84,split_learned,8,1,-1,2593.11,797.68,797.68
215,1310.00,32.32802006,119.87821057,32.31007530,119.87199744,32.31007530,119.87199744,0.4867,2081.36,1,979,split_learned,8,1,-1,1677.19,713.96,713.96
216,1317.00,32.34590046,119.88036202,32.31007530,119.87199744,32.31007530,119.87199744,0.4400,4064.94,1,1430,split_learned,6,1,-1,3629.00,812.32,812.32
217,1325.00,32.32030786,119.86733905,32.31007530,119.87199744,32.31007530,119.87199744,0.4167,1220.48,1,794,split_learned,5,1,-1,945.36,672.69,672.69
218,1332.00,32.32923733,119.83726952,32.31007530,119.87199744,32.31007530,119.87199744,0.4867,3901.63,1,1005,split_learned,8,1,-1,3708.03,168.93,168.93
219,1340.00,32.32279113,119.86797385,32.31007530,119.87199744,32.32279113,119.86797385,0.5100,1465.26,1,839,split_learned,9,1,-1,915.81,743.18,743.18
220,1348.00,32.32279113,119.86797385,32.32279113,119.86797385,32.32279113,119.86797385,0.5100,0.00,0,839,split_learned,9,1,-1,825.59,646.12,646.12
221,1355.00,32.32279113,119.86797385,32.32279113,119.86797385,32.32279113,119.86797385,0.5100,0.00,0,839,split_learned,9,1,3,774.63,130.72,130.72
222,1363.00,32.32279113,119.86797385,32.32279113,119.86797385,32.32279113,119.86797385,0.5100,0.00,0,839,split_learned,9,1,-1,677.28,164.45,164.45
223,1370.00,32.31587286,119.87030305,32.32279113,119.86797385,32.32279113,119.86797385,0.5100,800.70,1,660,split_learned,9,1,-1,227.69,227.69,227.69
224,1377.00,32.33323827,119.85127009,32.32279113,119.86797385,32.32279113,119.86797385,0.5333,1954.89,1,1101,split_learned,10,1,-1,2380.95,317.07,317.07
225,1385.00,32.32279113,119.86797385,32.32279113,119.86797385,32.32279113,119.86797385,0.5100,0.00,0,839,split_learned,9,1,4,474.06,89.48,89.48
226,1392.00,32.32059754,119.86560657,32.32279113,119.86797385,32.32279113,119.86797385,0.5100,330.49,1,793,split_learned,9,1,3,259.76,56.68,56.68
227,1400.00,32.32059754,119.86560657,32.32279113,119.86797385,32.32279113,119.86797385,0.5100,330.49,1,793,split_learned,9,1,-1,157.08,157.08,157.08
228,1408.00,32.32059754,119.86560657,32.32279113,119.86797385,32.32279113,119.86797385,0.5100,330.49,1,793,split_learned,9,1,1,102.16,102.16,102.16
229,1416.00,32.29811539,119.87013800,32.32279113,119.86797385,32.32279113,119.86797385,0.5100,2754.44,1,255,split_learned,9,1,-1,2423.07,579.25,579.25
230,1423.00,32.30336088,119.85297717,32.32279113,119.86797385,32.32279113,119.86797385,0.4633,2582.38,1,337,split_learned,7,1,2,2239.12,36.00,36.00
231,1431.00,32.32652385,119.86367095,32.32279113,119.86797385,32.32279113,119.86797385,0.5800,580.09,1,927,split_learned,12,1,-1,515.61,515.61,515.61
232,1438.00,32.29165846,119.85864437,32.32279113,119.86797385,32.32279113,119.86797385,0.5100,3575.08,1,70,split_learned,9,1,-1,3352.28,2258.54,2258.54
233,1446.00,32.29670010,119.86737132,32.32279113,119.86797385,32.32279113,119.86797385,0.4633,2905.01,1,163,split_learned,7,1,-1,3025.79,204.25,204.25
234,1453.00,32.32117690,119.82055306,32.32279113,119.86797385,32.32279113,119.86797385,0.4867,4464.53,1,772,split_learned,8,1,-1,3695.54,186.02,186.02
235,1461.00,32.32113398,119.81864283,32.32279113,119.86797385,32.32113398,119.81864283,0.6033,4644.27,1,771,split_learned,13,1,-1,3805.33,3266.17,3266.17
236,1468.00,32.31273513,119.82698202,32.32113398,119.81864283,32.32113398,119.81864283,0.6267,1220.47,1,595,split_learned,14,1,-1,3215.15,824.22,824.22
237,1476.00,32.33520655,119.88458874,32.32113398,119.81864283,32.32113398,119.81864283,0.5100,6398.32,1,1162,split_learned,9,1,-1,2761.17,644.34,644.34
238,1484.00,32.33520655,119.88458874,32.32113398,119.81864283,32.32113398,119.81864283,0.5100,6398.32,1,1162,split_learned,9,1,-1,2824.25,820.66,820.66
239,1492.00,32.31713304,119.83294122,32.32113398,119.81864283,32.32113398,119.81864283,0.5333,1416.88,1,688,split_learned,10,1,-1,2311.20,1261.44,1261.44
240,1500.00,32.31144277,119.82934930,32.32113398,119.81864283,32.32113398,119.81864283,0.5567,1475.89,1,551,split_learned,11,1,-1,2896.80,296.56,296.56
241,1507.00,32.32113398,119.81864283,32.32113398,119.81864283,32.32113398,119.81864283,0.6033,0.00,0,771,split_learned,13,1,-1,3480.52,631.35,631.35
242,1515.00,32.31713304,119.83294122,32.32113398,119.81864283,32.32113398,119.81864283,0.5333,1416.88,1,688,split_learned,10,1,4,2224.87,146.39,146.39
243,1522.00,32.32113398,119.81864283,32.32113398,119.81864283,32.32113398,119.81864283,0.6033,0.00,0,771,split_learned,13,1,-1,3320.26,229.73,229.73
244,1530.00,32.32113398,119.81864283,32.32113398,119.81864283,32.32113398,119.81864283,0.6033,0.00,0,771,split_learned,13,1,3,3242.68,137.92,137.92
245,1538.00,32.34794384,119.86966824,32.32113398,119.81864283,32.32113398,119.81864283,0.6267,5652.18,1,1470,split_learned,14,1,4,2749.93,95.71,95.71
246,1545.00,32.33126508,119.85008935,32.32113398,119.81864283,32.32113398,119.81864283,0.4867,3165.89,1,1011,split_learned,8,1,1,61.43,61.43,61.43
247,1553.00,32.30646059,119.87608451,32.32113398,119.81864283,32.32113398,119.81864283,0.4400,5645.07,1,438,split_learned,6,1,-1,3581.81,412.79,412.79
248,1560.00,32.32113398,119.81864283,32.32113398,119.81864283,32.32113398,119.81864283,0.6033,0.00,0,771,split_learned,13,1,4,3044.47,83.28,83.28
249,1568.00,32.32997762,119.84848383,32.32113398,119.81864283,32.32113398,119.81864283,0.4867,2974.79,1,1010,split_learned,8,1,1,127.68,127.68,127.68
250,1576.00,32.30831086,119.85324379,32.32113398,119.81864283,32.32113398,119.81864283,0.5567,3554.19,1,472,split_learned,11,1,-1,2631.42,2631.42,2631.42
251,1583.00,32.29227001,119.85661988,32.32113398,119.81864283,32.32113398,119.81864283,0.4633,4804.92,1,69,split_learned,7,1,-1,4540.57,936.99,936.99
252,1591.00,32.34890362,119.89495242,32.32113398,119.81864283,32.32113398,119.81864283,0.5333,7815.83,1,1527,split_learned,10,1,-1,5005.25,1514.54,1514.54
253,1599.00,32.34839445,119.84718302,32.32113398,119.81864283,32.32113398,119.81864283,0.4867,4051.81,1,1459,split_learned,8,1,-1,1650.31,559.53,559.53
254,1606.00,32.31144277,119.82934930,32.32113398,119.81864283,32.32113398,119.81864283,0.5567,1475.89,1,551,split_learned,11,1,-1,2778.05,1790.07,1790.07
255,1614.00,32.32113398,119.81864283,32.32113398,119.81864283,32.32113398,119.81864283,0.6033,0.00,0,771,split_learned,13,1,-1,2716.96,1171.99,1171.99
256,1621.00,32.29394861,119.86323928,32.32113398,119.81864283,32.32113398,119.81864283,0.5333,5172.84,1,117,split_learned,10,1,-1,4919.37,1416.20,1416.20
257,1628.00,32.30832159,119.88012079,32.32113398,119.81864283,32.32113398,119.81864283,0.5333,5956.56,1,485,split_learned,10,1,-1,4683.46,1524.38,1524.38
258,1636.00,32.32967721,119.85669605,32.32113398,119.81864283,32.32113398,119.81864283,0.4867,3703.87,1,1014,split_learned,8,1,-1,1632.71,1632.71,1632.71
259,1643.00,32.29201251,119.88847267,32.32113398,119.81864283,32.32113398,119.81864283,0.4867,7325.32,1,84,split_learned,8,1,-1,6724.83,1745.67,1745.67
260,1651.00,32.29897370,119.87572902,32.32113398,119.81864283,32.32113398,119.81864283,0.5100,5909.65,1,258,split_learned,9,1,-1,5433.94,2526.09,2526.09
261,1658.00,32.31144277,119.82934930,32.32113398,119.81864283,32.32113398,119.81864283,0.5567,1475.89,1,551,split_learned,11,1,-1,2965.45,489.06,489.06
262,1666.00,32.32825610,119.85064798,32.32113398,119.81864283,32.32113398,119.81864283,0.4867,3113.39,1,966,split_learned,8,1,-1,1599.94,634.24,634.24
263,1674.00,32.35471191,119.84070327,32.32113398,119.81864283,32.32113398,119.81864283,0.4633,4275.34,1,1636,split_learned,7,1,-1,1887.17,1798.53,1798.53
264,1682.00,32.32825610,119.85064798,32.32113398,119.81864283,32.32113398,119.81864283,0.4867,3113.39,1,966,split_learned,8,1,-1,1821.84,1299.10,1299.10
265,1689.00,32.35120449,119.83576557,32.32113398,119.81864283,32.35120449,119.83576557,0.5100,3714.83,1,1544,split_learned,9,1,-1,1345.88,669.47,669.47
266,1697.00,32.29189450,119.84158511,32.35120449,119.83576557,32.35120449,119.83576557,0.6033,6625.05,1,62,split_learned,13,1,-1,5352.79,724.07,724.07
267,1704.00,32.34263980,119.81165524,32.35120449,119.83576557,32.35120449,119.83576557,0.5100,2460.32,1,1308,split_learned,9,1,-1,2054.33,996.60,996.60
268,1711.00,32.34263980,119.81165524,32.35120449,119.83576557,32.35120449,119.83576557,0.5100,2460.32,1,1308,split_learned,9,1,-1,1955.07,1033.17,1033.17
269,1718.00,32.34263980,119.81165524,32.35120449,119.83576557,32.35120449,119.83576557,0.5100,2460.32,1,1308,split_learned,9,1,-1,1856.23,1090.74,1090.74
270,1726.00,32.34263980,119.81165524,32.35120449,119.83576557,32.35120449,119.83576557,0.5100,2460.32,1,1308,split_learned,9,1,-1,1759.72,780.69,780.69
271,1734.00,32.33334556,119.83497841,32.35120449,119.83576557,32.35120449,119.83576557,0.5100,1989.44,1,1094,split_learned,9,1,-1,1093.69,1093.69,1093.69
272,1742.00,32.33334556,119.83497841,32.35120449,119.83576557,32.35120449,119.83576557,0.5100,1989.44,1,1094,split_learned,9,1,-1,1184.27,804.33,804.33
273,1749.00,32.31889748,119.83315705,32.35120449,119.83576557,32.35120449,119.83576557,0.4633,3604.78,1,733,split_learned,7,1,-1,2756.85,2166.19,2166.19
274,1757.00,32.32925879,119.89956003,32.35120449,119.83576557,32.35120449,119.83576557,0.4867,6479.40,1,1034,split_learned,8,1,-1,6906.25,1381.02,1381.02
275,1765.00,32.33334556,119.83497841,32.35120449,119.83576557,32.33334556,119.83497841,0.5100,1989.44,1,1094,split_learned,9,1,-1,1480.63,1380.33,1380.33
276,1772.00,32.35469045,119.80616579,32.33334556,119.83497841,32.33334556,119.83497841,0.6267,3604.49,1,1620,split_learned,14,1,-1,2272.06,1056.52,1056.52
277,1780.00,32.35469045,119.80616579,32.33334556,119.83497841,32.33334556,119.83497841,0.6267,3604.49,1,1620,split_learned,14,1,-1,2162.79,949.70,949.70
278,1787.00,32.35137615,119.81655486,32.33334556,119.83497841,32.33334556,119.83497841,0.5800,2651.87,1,1535,split_learned,12,1,-1,994.64,994.64,994.64
279,1795.00,32.34957953,119.80805062,32.33334556,119.83497841,32.33334556,119.83497841,0.5100,3111.68,1,1486,split_learned,9,1,-1,1539.04,503.63,503.63
280,1803.00,32.32923733,119.83726952,32.33334556,119.83497841,32.33334556,119.83497841,0.4867,505.57,1,1005,split_learned,8,1,-1,2375.73,1315.19,1315.19
281,1810.00,32.32386892,119.83823442,32.33334556,119.83497841,32.33334556,119.83497841,0.4633,1098.51,1,870,split_learned,7,1,-1,2932.05,2932.05,2932.05
282,1818.00,32.32113398,119.81864283,32.33334556,119.83497841,32.33334556,119.83497841,0.6033,2051.68,1,771,split_learned,13,1,-1,3051.32,1933.76,1933.76
283,1825.00,32.33132363,119.81865553,32.33334556,119.83497841,32.33334556,119.83497841,0.4867,1551.92,1,1041,split_learned,8,1,-1,1903.50,1903.50,1903.50
284,1832.00,32.31183973,119.89737049,32.33334556,119.83497841,32.33334556,119.83497841,0.5333,6338.75,1,583,split_learned,10,1,-1,8380.08,1794.76,1794.76
285,1840.00,32.32113398,119.81864283,32.33334556,119.83497841,32.32113398,119.81864283,0.6033,2051.68,1,771,split_learned,13,1,-1,3213.55,3213.55,3213.55
286,1847.00,32.35469045,119.80616579,32.32113398,119.81864283,32.32113398,119.81864283,0.6267,3915.56,1,1620,split_learned,14,1,-1,1339.71,1273.76,1273.76
287,1855.00,32.35469045,119.80616579,32.32113398,119.81864283,32.32113398,119.81864283,0.6267,3915.56,1,1620,split_learned,14,1,-1,1231.36,155.39,155.39
288,1901.00,32.33520655,119.88458874,32.32113398,119.81864283,32.32113398,119.81864283,0.5100,6398.32,1,1162,split_learned,9,1,-1,6634.97,926.03,926.03
289,1905.00,32.32118762,119.82698202,32.32113398,119.81864283,32.32113398,119.81864283,0.4633,784.50,1,775,split_learned,7,1,-1,3236.05,943.09,943.09
290,1908.00,32.30725453,119.83776466,32.32113398,119.81864283,32.32113398,119.81864283,0.6267,2371.27,1,420,split_learned,14,1,-1,4996.07,835.24,835.24
291,1912.00,32.34154547,119.81199223,32.32113398,119.81864283,32.32113398,119.81864283,0.4633,2356.76,1,1307,split_learned,7,1,-1,936.80,886.48,886.48
292,1916.00,32.34263980,119.81165524,32.32113398,119.81864283,32.32113398,119.81864283,0.5100,2482.63,1,1308,split_learned,9,1,-1,812.36,812.36,812.36
293,1920.00,32.33315244,119.89497781,32.32113398,119.81864283,32.32113398,119.81864283,0.5100,7304.46,1,1122,split_learned,9,1,-1,7224.40,548.10,548.10
294,1924.00,32.32113398,119.81864283,32.32113398,119.81864283,32.32113398,119.81864283,0.6033,0.00,0,771,split_learned,13,1,-1,2810.01,1094.47,1094.47
295,1927.00,32.33323827,119.85127009,32.32113398,119.81864283,32.32113398,119.81864283,0.5333,3352.02,1,1101,split_learned,10,1,-1,3005.91,1297.23,1297.23
296,1931.00,32.32966648,119.82546537,32.32113398,119.81864283,32.32113398,119.81864283,0.5100,1146.34,1,999,split_learned,9,1,-1,1714.53,1687.28,1687.28
297,1935.00,32.34154547,119.81199223,32.32113398,119.81864283,32.32113398,119.81864283,0.4633,2356.76,1,1307,split_learned,7,1,-1,1226.81,1226.81,1226.81
298,1939.00,32.34154547,119.81199223,32.32113398,119.81864283,32.32113398,119.81864283,0.4633,2356.76,1,1307,split_learned,7,1,-1,1311.15,1311.15,1311.15
299,1943.00,32.34263980,119.81165524,32.32113398,119.81864283,32.32113398,119.81864283,0.5100,2482.63,1,1308,split_learned,9,1,-1,1199.69,1199.69,1199.69
300,1947.00,32.33213902,119.83000950,32.32113398,119.81864283,32.32113398,119.81864283,0.4867,1626.09,1,1046,split_learned,8,1,-1,1294.47,1294.47,1294.47
301,1951.00,32.35469045,119.80616579,32.32113398,119.81864283,32.32113398,119.81864283,0.6267,3915.56,1,1620,split_learned,14,1,-1,2350.38,1227.91,1227.91
302,1954.00,32.33520655,119.88458874,32.32113398,119.81864283,32.32113398,119.81864283,0.5100,6398.32,1,1162,split_learned,9,1,-1,5466.91,1241.17,1241.17
303,1958.00,32.33132363,119.81865553,32.32113398,119.81864283,32.32113398,119.81864283,0.4867,1134.31,1,1041,split_learned,8,1,-1,1389.71,1389.71,1389.71
304,1962.00,32.34957953,119.80805062,32.32113398,119.81864283,32.34957953,119.80805062,0.5100,3319.63,1,1486,split_learned,9,1,-1,2199.76,1410.02,1410.02
305,1966.00,32.33334556,119.83497841,32.34957953,119.80805062,32.34957953,119.80805062,0.5100,3111.68,1,1094,split_learned,9,1,-1,935.27,837.05,837.05
306,1970.00,32.30824649,119.86959206,32.34957953,119.80805062,32.34957953,119.80805062,0.4867,7395.03,1,480,split_learned,8,1,-1,5118.91,1888.74,1888.74
307,1974.00,32.30824649,119.86959206,32.34957953,119.80805062,32.34957953,119.80805062,0.4867,7395.03,1,480,split_learned,8,1,-1,5012.26,2347.69,2347.69
308,1977.00,32.35266852,119.87660505,32.34957953,119.80805062,32.34957953,119.80805062,0.4633,6458.13,1,1608,split_learned,7,1,-1,4449.02,1916.92,1916.92
309,1981.00,32.34920402,119.86916040,32.34957953,119.80805062,32.34957953,119.80805062,0.5567,5748.80,1,1515,split_learned,11,1,-1,3678.02,1534.15,1534.15
310,1985.00,32.30824649,119.86959206,32.34957953,119.80805062,32.34957953,119.80805062,0.4867,7395.03,1,480,split_learned,8,1,-1,4685.29,3958.68,3958.68
311,1988.00,32.34154547,119.81199223,32.34957953,119.80805062,32.34957953,119.80805062,0.4633,968.17,1,1307,split_learned,7,1,-1,2317.24,2066.25,2066.25
312,1992.00,32.33132363,119.81865553,32.34957953,119.80805062,32.34957953,119.80805062,0.4867,2263.90,1,1041,split_learned,8,1,-1,1632.43,1632.43,1632.43
313,1996.00,32.33520655,119.88458874,32.34957953,119.80805062,32.34957953,119.80805062,0.5100,7375.64,1,1162,split_learned,9,1,-1,4571.86,1084.83,1084.83
314,2000.00,32.33334556,119.83497841,32.34957953,119.80805062,32.33334556,119.83497841,0.5100,3111.68,1,1094,split_learned,9,1,-1,273.20,273.20,273.20
315,2003.00,32.30715797,119.83450284,32.33334556,119.83497841,32.33334556,119.83497841,0.5333,2915.55,1,418,split_learned,10,1,-1,3215.34,729.24,729.24
316,2007.00,32.34293439,119.81303912,32.33334556,119.83497841,32.33334556,119.83497841,0.5567,2323.55,1,1353,split_learned,11,1,-1,2647.10,564.84,564.84
317,2011.00,32.32113398,119.81864283,32.33334556,119.83497841,32.33334556,119.83497841,0.6033,2051.68,1,771,split_learned,13,1,-1,2408.69,1742.43,1742.43
318,2015.00,32.33520655,119.88458874,32.33334556,119.83497841,32.33334556,119.83497841,0.5100,4671.48,1,1162,split_learned,9,1,-1,4198.80,883.00,883.00
319,2019.00,32.32802006,119.87821057,32.33334556,119.83497841,32.33334556,119.83497841,0.4867,4109.86,1,979,split_learned,8,1,-1,3544.05,1000.28,1000.28
320,2022.00,32.31713304,119.83294122,32.33334556,119.83497841,32.33334556,119.83497841,0.5333,1814.92,1,688,split_learned,10,1,4,1874.96,98.91,98.91
321,2026.00,32.32825610,119.85064798,32.33334556,119.83497841,32.33334556,119.83497841,0.4867,1579.18,1,966,split_learned,8,1,-1,914.75,914.75,914.75
322,2030.00,32.29770279,119.83356333,32.33334556,119.83497841,32.33334556,119.83497841,0.6033,3969.99,1,193,split_learned,13,1,-1,3879.19,240.32,240.32
323,2034.00,32.29770279,119.83356333,32.33334556,119.83497841,32.33334556,119.83497841,0.6033,3969.99,1,193,split_learned,13,1,-1,3847.95,368.55,368.55
324,2037.00,32.29943504,119.84241036,32.33334556,119.83497841,32.29943504,119.84241036,0.5567,3839.11,1,242,split_learned,11,1,-1,3475.90,382.47,382.47
325,2041.00,32.32113398,119.81864283,32.29943504,119.84241036,32.29943504,119.84241036,0.6033,3291.46,1,771,split_learned,13,1,-1,2756.96,473.52,473.52
326,2045.00,32.35464753,119.87986687,32.29943504,119.84241036,32.29943504,119.84241036,0.5800,7084.63,1,1655,split_learned,12,1,-1,4312.63,2276.52,2276.52
327,2049.00,32.35464753,119.87986687,32.29943504,119.84241036,32.29943504,119.84241036,0.5800,7084.63,1,1655,split_learned,12,1,-1,4280.32,317.43,317.43
328,2053.00,32.35464753,119.87986687,32.29943504,119.84241036,32.29943504,119.84241036,0.5800,7084.63,1,1655,split_learned,12,1,7,4250.57,52.24,52.24
329,2057.00,32.34794384,119.86966824,32.29943504,119.84241036,32.29943504,119.84241036,0.6267,5977.87,1,1470,split_learned,14,1,5,2956.78,149.88,149.88
330,2061.00,32.34794384,119.86966824,32.29943504,119.84241036,32.29943504,119.84241036,0.6267,5977.87,1,1470,split_learned,14,1,2,2947.29,105.96,105.96
331,2064.00,32.32113398,119.81864283,32.29943504,119.84241036,32.29943504,119.84241036,0.6033,3291.46,1,771,split_learned,13,1,10,3017.72,75.55,75.55
332,2068.00,32.33334556,119.83497841,32.29943504,119.84241036,32.29943504,119.84241036,0.5100,3839.11,1,1094,split_learned,9,1,-1,1648.82,1648.82,1648.82
333,2072.00,32.32825610,119.85064798,32.29943504,119.84241036,32.29943504,119.84241036,0.4867,3300.62,1,966,split_learned,8,1,-1,291.12,291.12,291.12
334,2076.00,32.34263980,119.81165524,32.29943504,119.84241036,32.34263980,119.81165524,0.5100,5612.68,1,1308,split_learned,9,1,-1,4280.18,388.24,388.24
335,2079.00,32.32825610,119.85064798,32.34263980,119.81165524,32.34263980,119.81165524,0.4867,4002.33,1,966,split_learned,8,1,-1,490.51,490.51,490.51
336,2083.00,32.32113398,119.81864283,32.34263980,119.81165524,32.34263980,119.81165524,0.6033,2482.63,1,771,split_learned,13,1,-1,3342.33,324.54,324.54
337,2087.00,32.31179682,119.82675349,32.34263980,119.81165524,32.34263980,119.81165524,0.5567,3715.61,1,550,split_learned,11,1,-1,2925.26,644.69,644.69
338,2091.00,32.33996342,119.85943153,32.34263980,119.81165524,32.34263980,119.81165524,0.5567,4504.22,1,1285,split_learned,11,1,-1,1969.08,748.82,748.82
339,2094.00,32.32845413,119.84830027,32.34263980,119.81165524,32.34263980,119.81165524,0.5333,3791.71,1,1009,split_learned,10,1,-1,1293.38,1014.43,1014.43
340,2098.00,32.32113398,119.81864283,32.34263980,119.81165524,32.34263980,119.81165524,0.6033,2482.63,1,771,split_learned,13,1,-1,3701.05,517.77,517.77
341,2102.00,32.29811539,119.87013800,32.34263980,119.81165524,32.34263980,119.81165524,0.5100,7404.94,1,255,split_learned,9,1,-1,2708.19,972.75,972.75
342,2106.00,32.32049025,119.85893638,32.34263980,119.81165524,32.34263980,119.81165524,0.4633,5085.50,1,790,split_learned,7,1,1,19.86,19.86,19.86
343,2109.00,32.32049025,119.85893638,32.34263980,119.81165524,32.34263980,119.81165524,0.4633,5085.50,1,790,split_learned,7,1,1,94.52,94.52,94.52
344,2113.00,32.32967721,119.85669605,32.34263980,119.81165524,32.32967721,119.85669605,0.4867,4476.00,1,1014,split_learned,8,1,-1,1157.30,1092.96,1092.96
345,2117.00,32.31084777,119.85868246,32.32967721,119.85669605,32.32967721,119.85669605,0.4400,2104.41,1,520,split_learned,6,1,-1,1076.16,202.68,202.68
346,2121.00,32.29568086,119.85694998,32.32967721,119.85669605,32.32967721,119.85669605,0.4633,3784.55,1,159,split_learned,7,1,5,2628.05,125.87,125.87
347,2125.00,32.31625910,119.85540794,32.32967721,119.85669605,32.32967721,119.85669605,0.4400,1498.61,1,653,split_learned,6,1,-1,836.58,836.58,836.58
348,2128.00,32.29811539,119.87013800,32.32967721,119.85669605,32.32967721,119.85669605,0.5100,3734.08,1,255,split_learned,9,1,-1,2141.79,305.75,305.75
349,2132.00,32.30055574,119.84233418,32.32967721,119.85669605,32.32967721,119.85669605,0.6033,3512.06,1,287,split_learned,13,1,-1,2813.85,2054.90,2054.90
350,2136.00,32.30725453,119.83776466,32.32967721,119.85669605,32.32967721,119.85669605,0.6267,3066.28,1,420,split_learned,14,1,-1,2890.39,1981.89,1981.89
351,2139.00,32.30749547,119.87699863,32.32967721,119.85669605,32.32967721,119.85669605,0.4867,3121.69,1,483,split_learned,8,1,-1,1304.44,1304.44,1304.44
352,2143.00,32.29897370,119.87572902,32.32967721,119.85669605,32.32967721,119.85669605,0.5100,3858.48,1,258,split_learned,9,1,-1,2028.47,762.29,762.29
353,2147.00,32.34605648,119.89389283,32.32967721,119.85669605,32.32967721,119.85669605,0.5100,3945.69,1,1391,split_learned,9,1,-1,3989.32,1243.64,1243.64
354,2151.00,32.32307499,119.87956905,32.32967721,119.85669605,32.32307499,119.87956905,0.4633,2273.74,1,889,split_learned,7,1,-1,1378.11,1316.57,1316.57
355,2155.00,32.32279113,119.86797385,32.32307499,119.87956905,32.32307499,119.87956905,0.5100,1091.23,1,839,split_learned,9,1,-1,965.66,965.66,965.66
356,2158.00,32.32279113,119.86797385,32.32307499,119.87956905,32.32307499,119.87956905,0.5100,1091.23,1,839,split_learned,9,1,-1,1019.84,826.09,826.09
357,2162.00,32.32923733,119.83726952,32.32307499,119.87956905,32.32307499,119.87956905,0.4867,4037.85,1,1005,split_learned,8,1,-1,3628.59,456.53,456.53
358,2166.00,32.34590046,119.88036202,32.32307499,119.87956905,32.32307499,119.87956905,0.4400,2542.03,1,1430,split_learned,6,1,-1,3787.51,3787.51,3787.51
359,2170.00,32.30749547,119.87699863,32.32307499,119.87956905,32.32307499,119.87956905,0.4867,1751.09,1,483,split_learned,8,1,-1,516.90,252.88,252.88
360,2174.00,32.31007530,119.87199744,32.32307499,119.87956905,32.32307499,119.87956905,0.4633,1612.92,1,526,split_learned,7,1,-1,266.84,266.84,266.84
361,2177.00,32.34777218,119.88050167,32.32307499,119.87956905,32.32307499,119.87956905,0.4867,2750.69,1,1475,split_learned,8,1,2,4126.82,83.63,83.63
362,2181.00,32.30824649,119.86959206,32.32307499,119.87956905,32.32307499,119.87956905,0.4867,1898.87,1,480,split_learned,8,1,-1,562.14,562.14,562.14
363,2185.00,32.35185895,119.81206152,32.32307499,119.87956905,32.32307499,119.87956905,0.5100,7113.07,1,1533,split_learned,9,1,-1,7557.77,720.60,720.60
364,2189.00,32.32923733,119.83726952,32.32307499,119.87956905,32.32923733,119.83726952,0.4867,4037.85,1,1005,split_learned,8,1,-1,4324.65,162.96,162.96
365,2193.00,32.34590046,119.88036202,32.32923733,119.83726952,32.32923733,119.83726952,0.4400,4457.99,1,1430,split_learned,6,1,-1,4123.18,2978.54,2978.54
366,2197.00,32.29201251,119.88847267,32.32923733,119.83726952,32.32923733,119.83726952,0.4867,6353.93,1,84,split_learned,8,1,-1,2092.38,427.49,427.49
367,2200.00,32.34590046,119.88036202,32.32923733,119.83726952,32.32923733,119.83726952,0.4400,4457.99,1,1430,split_learned,6,1,-1,4230.50,4230.50,4230.50
368,2204.00,32.34939714,119.88003192,32.32923733,119.83726952,32.32923733,119.83726952,0.5567,4606.35,1,1520,split_learned,11,1,-1,4695.53,976.69,976.69
369,2208.00,32.34794384,119.86966824,32.32923733,119.83726952,32.32923733,119.83726952,0.6267,3691.25,1,1470,split_learned,14,1,-1,4673.44,464.98,464.98
370,2212.00,32.29811539,119.87013800,32.32923733,119.83726952,32.32923733,119.83726952,0.5100,4643.59,1,255,split_learned,9,1,-1,1402.39,1402.39,1402.39
371,2215.00,32.31889748,119.83315705,32.32923733,119.83726952,32.32923733,119.83726952,0.4633,1214.31,1,733,split_learned,7,1,-1,4785.40,3604.76,3604.76
372,2219.00,32.32923733,119.83726952,32.32923733,119.83726952,32.32923733,119.83726952,0.4867,0.00,0,1005,split_learned,8,1,-1,5045.30,4749.04,4749.04
373,2223.00,32.30725453,119.83776466,32.32923733,119.83726952,32.32923733,119.83726952,0.6267,2447.57,1,420,split_learned,14,1,-1,4348.55,3251.59,3251.59
374,2227.00,32.34154547,119.81199223,32.32923733,119.83726952,32.32923733,119.83726952,0.4633,2744.35,1,1307,split_learned,7,1,-1,8217.37,3288.77,3288.77
375,2231.00,32.34605648,119.89389283,32.32923733,119.83726952,32.32923733,119.83726952,0.5100,5646.08,1,1391,split_learned,9,1,-1,4545.42,978.65,978.65
376,2234.00,32.30749547,119.87699863,32.32923733,119.83726952,32.32923733,119.83726952,0.4867,4452.60,1,483,split_learned,8,1,-1,1083.77,1083.77,1083.77
377,2238.00,32.32923733,119.83726952,32.32923733,119.83726952,32.32923733,119.83726952,0.4867,0.00,0,1005,split_learned,8,1,-1,5518.39,739.58,739.58
378,2242.00,32.31007530,119.87199744,32.32923733,119.83726952,32.32923733,119.83726952,0.4633,3901.63,1,526,split_learned,7,1,-1,1754.29,892.23,892.23
379,2246.00,32.31007530,119.87199744,32.32923733,119.83726952,32.32923733,119.83726952,0.4633,3901.63,1,526,split_learned,7,1,-1,1863.58,858.55,858.55
380,2250.00,32.31007530,119.87199744,32.32923733,119.83726952,32.32923733,119.83726952,0.4633,3901.63,1,526,split_learned,7,1,-1,1972.88,1434.06,1434.06
381,2254.00,32.34154547,119.81199223,32.32923733,119.83726952,32.32923733,119.83726952,0.4633,2744.35,1,1307,split_learned,7,1,-1,8827.63,1170.25,1170.25
382,2258.00,32.31183973,119.89737049,32.32923733,119.83726952,32.32923733,119.83726952,0.5333,5976.26,1,583,split_learned,10,1,-1,1437.81,976.26,976.26
383,2262.00,32.29034955,119.89540948,32.32923733,119.83726952,32.32923733,119.83726952,0.4633,6975.17,1,87,split_learned,7,1,-1,889.42,889.42,889.42
384,2308.00,32.29201251,119.88847267,32.32923733,119.83726952,32.32923733,119.83726952,0.4867,6353.93,1,84,split_learned,8,1,-1,667.55,667.55,667.55
385,2315.00,32.29201251,119.88847267,32.32923733,119.83726952,32.32923733,119.83726952,0.4867,6353.93,1,84,split_learned,8,1,-1,711.10,711.10,711.10
386,2322.00,32.31001092,119.86280761,32.32923733,119.83726952,32.32923733,119.83726952,0.4867,3217.50,1,522,split_learned,8,1,-1,2715.47,830.21,830.21
387,2330.00,32.31001092,119.86280761,32.32923733,119.83726952,32.31001092,119.86280761,0.4867,3217.50,1,522,split_learned,8,1,-1,2606.36,946.95,946.95
388,2337.00,32.29344436,119.88062863,32.31001092,119.86280761,32.31001092,119.86280761,0.4400,2492.28,1,125,split_learned,6,1,-1,917.27,917.27,917.27
389,2344.00,32.31625910,119.85540794,32.31001092,119.86280761,32.31001092,119.86280761,0.4400,984.04,1,653,split_learned,6,1,-1,3459.22,1217.96,1217.96
390,2352.00,32.30299610,119.84267698,32.31001092,119.86280761,32.31001092,119.86280761,0.4867,2048.39,1,332,split_learned,8,1,-1,4138.56,945.40,945.40
391,2360.00,32.29344436,119.88062863,32.31001092,119.86280761,32.31001092,119.86280761,0.4400,2492.28,1,125,split_learned,6,1,-1,954.56,954.56,954.56
392,2368.00,32.33758253,119.85655640,32.31001092,119.86280761,32.31001092,119.86280761,0.4867,3125.10,1,1194,split_learned,8,1,-1,4653.84,966.94,966.94
393,2377.00,32.29201251,119.88847267,32.31001092,119.86280761,32.31001092,119.86280761,0.4867,3137.41,1,84,split_learned,8,1,-1,1282.74,1282.74,1282.74
394,2384.00,32.31001092,119.86280761,32.31001092,119.86280761,32.31001092,119.86280761,0.0000,0.00,0,-1,split_learned,0,0,-1,,,
395,2392.00,32.32923733,119.83726952,32.31001092,119.86280761,32.31001092,119.86280761,0.4867,3217.50,1,1005,split_learned,8,1,-1,5078.74,196.25,196.25
396,2400.00,32.30781734,119.87058817,32.31001092,119.86280761,32.31001092,119.86280761,0.5567,771.58,1,481,split_learned,11,1,4,978.73,88.52,88.52
397,2407.00,32.30781734,119.87058817,32.31001092,119.86280761,32.31001092,119.86280761,0.5567,771.58,1,481,split_learned,11,1,-1,869.53,593.72,593.72
398,2414.00,32.30781734,119.87058817,32.31001092,119.86280761,32.30781734,119.87058817,0.5567,771.58,1,481,split_learned,11,1,3,760.37,88.72,88.72
399,2421.00,32.32802006,119.87821057,32.30781734,119.87058817,32.30781734,119.87058817,0.4867,2360.51,1,979,split_learned,8,1,-1,2496.91,290.51,290.51
400,2429.00,32.32802006,119.87821057,32.30781734,119.87058817,32.30781734,119.87058817,0.4867,2360.51,1,979,split_learned,8,1,4,2429.09,35.13,35.13
401,2437.00,32.30646059,119.87608451,32.30781734,119.87058817,32.30781734,119.87058817,0.4400,538.65,1,438,split_learned,6,1,1,90.15,90.15,90.15
402,2445.00,32.30749547,119.87699863,32.30781734,119.87058817,32.30781734,119.87058817,0.4867,604.10,1,483,split_learned,8,1,1,117.96,82.69,82.69
403,2453.00,32.30781734,119.87058817,32.30781734,119.87058817,32.30781734,119.87058817,0.5567,0.00,0,481,split_learned,11,1,2,304.37,115.96,115.96
404,2461.00,32.30781734,119.87058817,32.30781734,119.87058817,32.30781734,119.87058817,0.5567,0.00,0,481,split_learned,11,1,3,298.02,98.10,98.10
405,2469.00,32.30781734,119.87058817,32.30781734,119.87058817,32.30781734,119.87058817,0.5567,0.00,0,481,split_learned,11,1,5,212.67,60.55,60.55
406,2478.00,32.30781734,119.87058817,32.30781734,119.87058817,32.30781734,119.87058817,0.5567,0.00,0,481,split_learned,11,1,5,159.81,146.98,146.98
407,2486.00,32.30781734,119.87058817,32.30781734,119.87058817,32.30781734,119.87058817,0.5567,0.00,0,481,split_learned,11,1,3,172.46,32.36,32.36
408,2494.00,32.32923733,119.83726952,32.30781734,119.87058817,32.30781734,119.87058817,0.4867,3938.23,1,1005,split_learned,8,1,2,3803.31,82.96,82.96
409,2501.00,32.32802006,119.87821057,32.30781734,119.87058817,32.30781734,119.87058817,0.4867,2360.51,1,979,split_learned,8,1,-1,2033.41,679.80,679.80
410,2509.00,32.30749547,119.87699863,32.30781734,119.87058817,32.30781734,119.87058817,0.4867,604.10,1,483,split_learned,8,1,-1,670.83,670.83,670.83
411,2517.00,32.30749547,119.87699863,32.30781734,119.87058817,32.30781734,119.87058817,0.4867,604.10,1,483,split_learned,8,1,-1,780.12,780.12,780.12
412,2525.00,32.30646059,119.87608451,32.30781734,119.87058817,32.30781734,119.87058817,0.4400,538.65,1,438,split_learned,6,1,4,1007.74,72.81,72.81
413,2533.00,32.31001092,119.86280761,32.30781734,119.87058817,32.30781734,119.87058817,0.4867,771.58,1,522,split_learned,8,1,-1,468.72,468.72,468.72
414,2540.00,32.29670010,119.86737132,32.30781734,119.87058817,32.30781734,119.87058817,0.4633,1274.03,1,163,split_learned,7,1,-1,1988.95,1988.95,1988.95
415,2548.00,32.30831086,119.85324379,32.30781734,119.87058817,32.30781734,119.87058817,0.5567,1632.52,1,472,split_learned,11,1,-1,1405.19,1063.56,1063.56
416,2556.00,32.31725106,119.83073899,32.30781734,119.87058817,32.30781734,119.87058817,0.5333,3892.96,1,687,split_learned,10,1,-1,3171.97,2095.38,2095.38
417,2563.00,32.30299610,119.84267698,32.30781734,119.87058817,32.30299610,119.84267698,0.4867,2679.92,1,332,split_learned,8,1,-1,2465.96,1332.49,1332.49
418,2572.00,32.29897370,119.87572902,32.30299610,119.84267698,32.30299610,119.84267698,0.5100,3141.31,1,258,split_learned,9,1,-1,2185.78,2185.78,2185.78
419,2580.00,32.31001092,119.86280761,32.30299610,119.84267698,32.30299610,119.84267698,0.4867,2048.39,1,522,split_learned,8,1,-1,673.77,673.77,673.77
420,2588.00,32.33923968,119.85328188,32.30299610,119.84267698,32.30299610,119.84267698,0.5800,4156.14,1,1237,split_learned,12,1,-1,2621.63,2178.51,2178.51
421,2595.00,32.31001092,119.86280761,32.30299610,119.84267698,32.30299610,119.84267698,0.4867,2048.39,1,522,split_learned,8,1,-1,814.38,581.20,581.20
422,2603.00,32.29165846,119.85864437,32.30299610,119.84267698,32.30299610,119.84267698,0.5100,1961.91,1,70,split_learned,9,1,-1,2841.37,488.56,488.56
423,2610.00,32.33758253,119.85655640,32.30299610,119.84267698,32.30299610,119.84267698,0.4867,4065.52,1,1194,split_learned,8,1,-1,2113.12,2113.12,2113.12
424,2618.00,32.31259566,119.85798417,32.30299610,119.84267698,32.30299610,119.84267698,0.5333,1793.16,1,610,split_learned,10,1,-1,562.54,562.54,562.54
425,2626.00,32.31259566,119.85798417,32.30299610,119.84267698,32.30299610,119.84267698,0.5333,1793.16,1,610,split_learned,10,1,-1,626.38,430.23,430.23
426,2633.00,32.30831086,119.85324379,32.30299610,119.84267698,32.30299610,119.84267698,0.5567,1156.78,1,472,split_learned,11,1,-1,1336.56,1336.56,1336.56
427,2641.00,32.29670010,119.86737132,32.30299610,119.84267698,32.29670010,119.86737132,0.4633,2426.44,1,163,split_learned,7,1,3,2870.71,131.20,131.20
428,2648.00,32.31001092,119.86280761,32.29670010,119.86737132,32.29670010,119.86737132,0.4867,1542.70,1,522,split_learned,8,1,-1,1429.97,1415.67,1415.67
429,2656.00,32.32279113,119.86797385,32.29670010,119.86737132,32.29670010,119.86737132,0.5100,2905.01,1,839,split_learned,9,1,4,1192.66,54.50,54.50
430,2663.00,32.33321681,119.88824414,32.29670010,119.86737132,32.29670010,119.86737132,0.5333,4514.42,1,1119,split_learned,10,1,5,3523.12,132.59,132.59
431,2670.00,32.35464753,119.87986687,32.29670010,119.86737132,32.29670010,119.86737132,0.5800,6556.93,1,1655,split_learned,12,1,-1,4454.10,676.49,676.49
432,2677.00,32.32113398,119.81864283,32.29670010,119.86737132,32.29670010,119.86737132,0.6033,5330.17,1,771,split_learned,13,1,-1,3141.99,596.43,596.43
433,2685.00,32.32113398,119.81864283,32.29670010,119.86737132,32.29670010,119.86737132,0.6033,5330.17,1,771,split_learned,13,1,7,3053.67,121.20,121.20
434,2693.00,32.32113398,119.81864283,32.29670010,119.86737132,32.29670010,119.86737132,0.6033,5330.17,1,771,split_learned,13,1,7,3059.38,71.15,71.15
435,2701.00,32.31782460,119.82868329,32.29670010,119.86737132,32.29670010,119.86737132,0.5100,4333.04,1,730,split_learned,9,1,-1,2227.70,1146.21,1146.21
436,2708.00,32.32113398,119.81864283,32.29670010,119.86737132,32.29670010,119.86737132,0.6033,5330.17,1,771,split_learned,13,1,-1,2887.84,156.28,156.28
437,2716.00,32.33315244,119.89497781,32.29670010,119.86737132,32.33315244,119.89497781,0.5100,4817.73,1,1122,split_learned,9,1,3,4530.54,100.80,100.80
438,2724.00,32.33315244,119.89497781,32.33315244,119.89497781,32.33315244,119.89497781,0.5100,0.00,0,1122,split_learned,9,1,4,4610.39,138.26,138.26
439,2731.00,32.35137615,119.81655486,32.33315244,119.89497781,32.33315244,119.89497781,0.5800,7651.15,1,1535,split_learned,12,1,2,3983.85,71.02,71.02
440,2738.00,32.32807371,119.84663709,32.33315244,119.89497781,32.33315244,119.89497781,0.5800,4582.46,1,964,split_learned,12,1,1,117.47,91.53,91.53
441,2746.00,32.29061286,119.83956062,32.33315244,119.89497781,32.33315244,119.89497781,0.5333,7042.86,1,16,split_learned,10,1,-1,4169.35,2194.32,2194.32
442,2753.00,32.30997874,119.81810959,32.33315244,119.89497781,32.33315244,119.89497781,0.5333,7677.43,1,501,split_learned,10,1,-1,3108.69,3108.69,3108.69
443,2761.00,32.29770279,119.83356333,32.33315244,119.89497781,32.33315244,119.89497781,0.6033,6996.44,1,193,split_learned,13,1,-1,3576.48,2514.95,2514.95
444,2768.00,32.34876414,119.81956965,32.33315244,119.89497781,32.33315244,119.89497781,0.5100,7303.49,1,1491,split_learned,9,1,-1,3229.71,692.33,692.33
445,2775.00,32.35120449,119.83576557,32.33315244,119.89497781,32.33315244,119.89497781,0.5100,5921.55,1,1544,split_learned,9,1,-1,2495.75,697.56,697.56
446,2783.00,32.33207465,119.86312502,32.33315244,119.89497781,32.33315244,119.89497781,0.5800,2998.82,1,1062,split_learned,12,1,-1,2107.17,1907.88,1907.88
447,2791.00,32.29316050,119.80947840,32.33315244,119.89497781,32.33315244,119.89497781,0.4867,9192.89,1,47,split_learned,8,1,-1,5123.56,717.27,717.27
448,2798.00,32.31889748,119.83315705,32.33315244,119.89497781,32.31889748,119.83315705,0.4633,6028.14,1,733,split_learned,7,1,-1,1447.36,567.52,567.52
449,2806.00,32.32635219,119.83733300,32.31889748,119.83315705,32.31889748,119.83315705,0.4867,918.14,1,915,split_learned,8,1,-1,619.75,619.75,619.75
450,2813.00,32.33213902,119.83000950,32.31889748,119.83315705,32.31889748,119.83315705,0.4867,1503.49,1,1046,split_learned,8,1,-1,819.97,226.93,226.93
451,2820.00,32.34794384,119.86966824,32.31889748,119.83315705,32.31889748,119.83315705,0.6267,4717.19,1,1470,split_learned,14,1,-1,3505.04,1466.22,1466.22
452,2828.00,32.33132363,119.81865553,32.31889748,119.83315705,32.31889748,119.83315705,0.4867,1942.79,1,1041,split_learned,8,1,-1,1640.00,1014.01,1014.01
453,2835.00,32.33213902,119.83000950,32.31889748,119.83315705,32.31889748,119.83315705,0.4867,1503.49,1,1046,split_learned,8,1,-1,587.91,587.91,587.91
454,2843.00,32.32113398,119.81864283,32.31889748,119.83315705,32.31889748,119.83315705,0.6033,1387.88,1,771,split_learned,13,1,-1,2145.68,1107.36,1107.36
455,2850.00,32.31889748,119.83315705,32.31889748,119.83315705,32.31889748,119.83315705,0.4633,0.00,0,733,split_learned,7,1,-1,1755.22,1616.10,1616.10
456,2857.00,32.34263980,119.81165524,32.31889748,119.83315705,32.31889748,119.83315705,0.5100,3328.17,1,1308,split_learned,9,1,-1,2101.02,435.94,435.94
457,2865.00,32.34154547,119.81199223,32.31889748,119.83315705,32.31889748,119.83315705,0.4633,3212.53,1,1307,split_learned,7,1,-1,2176.46,313.79,313.79
458,2872.00,32.34355666,119.86559387,32.31889748,119.83315705,32.31889748,119.83315705,0.4867,4104.40,1,1378,split_learned,8,1,-1,3355.13,2069.36,2069.36
459,2880.00,32.30725453,119.83776466,32.31889748,119.83315705,32.31889748,119.83315705,0.6267,1366.65,1,420,split_learned,14,1,-1,3448.64,1932.91,1932.91
460,2887.00,32.35266852,119.87660505,32.31889748,119.83315705,32.31889748,119.83315705,0.4633,5553.21,1,1608,split_learned,7,1,-1,4677.28,2071.48,2071.48
461,2894.00,32.31007530,119.87199744,32.31889748,119.83315705,32.31889748,119.83315705,0.4633,3783.43,1,526,split_learned,7,1,-1,5083.70,5083.70,5083.70
462,2902.00,32.35471191,119.84070327,32.31889748,119.83315705,32.31889748,119.83315705,0.4633,4049.57,1,1636,split_learned,7,1,-1,2150.15,2150.15,2150.15
463,2910.00,32.29394861,119.86323928,32.31889748,119.83315705,32.31889748,119.83315705,0.5333,3965.04,1,117,split_learned,10,1,-1,6074.71,4316.11,4316.11
464,2918.00,32.33126508,119.85008935,32.31889748,119.83315705,32.31889748,119.83315705,0.4867,2105.37,1,1011,split_learned,8,1,-1,2465.54,198.52,198.52
465,2925.00,32.33923968,119.85328188,32.31889748,119.83315705,32.33923968,119.85328188,0.5800,2951.61,1,1237,split_learned,12,1,-1,2515.04,984.20,984.20
466,2933.00,32.30594561,119.81329304,32.33923968,119.85328188,32.33923968,119.85328188,0.5333,5280.87,1,408,split_learned,10,1,-1,3983.68,1079.48,1079.48
467,2941.00,32.33213902,119.83000950,32.33923968,119.85328188,32.33923968,119.85328188,0.4867,2327.58,1,1046,split_learned,8,1,-1,1168.28,1168.28,1168.28
468,2949.00,32.29192668,119.86746601,32.33923968,119.85328188,32.33923968,119.85328188,0.5333,5433.27,1,74,split_learned,10,1,-1,6925.76,409.24,409.24
469,2956.00,32.33213902,119.83000950,32.33923968,119.85328188,32.33923968,119.85328188,0.4867,2327.58,1,1046,split_learned,8,1,-1,1309.68,1206.74,1206.74
470,2963.00,32.32118762,119.82698202,32.33923968,119.85328188,32.33923968,119.85328188,0.4633,3187.35,1,775,split_learned,7,1,-1,2471.65,1112.47,1112.47
471,2970.00,32.33213902,119.83000950,32.33923968,119.85328188,32.33923968,119.85328188,0.4867,2327.58,1,1046,split_learned,8,1,-1,1508.29,1022.11,1022.11
472,2977.00,32.33701390,119.82736290,32.33923968,119.85328188,32.33923968,119.85328188,0.5100,2450.78,1,1180,split_learned,9,1,-1,1006.29,884.45,884.45
473,2985.00,32.32825610,119.85064798,32.33923968,119.85328188,32.33923968,119.85328188,0.4867,1247.54,1,966,split_learned,8,1,-1,3473.46,1825.40,1825.40
474,2992.00,32.34417894,119.81054487,32.33923968,119.85328188,32.33923968,119.85328188,0.4633,4057.73,1,1352,split_learned,7,1,-1,831.96,762.38,762.38
475,2999.00,32.33213902,119.83000950,32.33923968,119.85328188,32.33213902,119.83000950,0.4867,2327.58,1,1046,split_learned,8,1,5,1849.26,108.46,108.46
476,3006.00,32.34920402,119.86916040,32.33213902,119.83000950,32.33213902,119.83000950,0.5567,4144.02,1,1515,split_learned,11,1,-1,4976.90,3352.25,3352.25
477,3014.00,32.31183973,119.89737049,32.33213902,119.83000950,32.33213902,119.83000950,0.5333,6727.56,1,583,split_learned,10,1,7,8559.37,62.80,62.80
478,3021.00,32.32113398,119.81864283,32.33213902,119.83000950,32.33213902,119.83000950,0.6033,1626.09,1,771,split_learned,13,1,-1,2911.25,2887.06,2887.06
479,3029.00,32.33996342,119.85943153,32.33213902,119.83000950,32.33213902,119.83000950,0.5567,2901.57,1,1285,split_learned,11,1,-1,4212.89,1354.17,1354.17
480,3076.00,32.32113398,119.81864283,32.33213902,119.83000950,32.33213902,119.83000950,0.6033,1626.09,1,771,split_learned,13,1,4,2819.24,72.92,72.92
481,3080.00,32.32113398,119.81864283,32.33213902,119.83000950,32.33213902,119.83000950,0.6033,1626.09,1,771,split_learned,13,1,-1,2747.98,1539.82,1539.82
482,3083.00,32.29943504,119.84241036,32.33213902,119.83000950,32.33213902,119.83000950,0.5567,3822.94,1,242,split_learned,11,1,-1,5661.70,156.91,156.91
483,3087.00,32.31144277,119.82934930,32.33213902,119.83000950,32.33213902,119.83000950,0.5567,2304.74,1,551,split_learned,11,1,-1,3834.14,1210.80,1210.80
484,3091.00,32.32113398,119.81864283,32.33213902,119.83000950,32.33213902,119.83000950,0.6033,1626.09,1,771,split_learned,13,1,-1,2546.88,2546.88,2546.88
485,3095.00,32.34794384,119.86966824,32.33213902,119.83000950,32.34794384,119.86966824,0.6267,4124.78,1,1470,split_learned,14,1,-1,4985.46,805.31,805.31
486,3099.00,32.34794384,119.86966824,32.34794384,119.86966824,32.34794384,119.86966824,0.6267,0.00,0,1470,split_learned,14,1,-1,4898.15,3003.96,3003.96
487,3103.00,32.31187774,119.82851824,32.34794384,119.86966824,32.34794384,119.86966824,0.5100,5577.09,1,505,split_learned,9,1,-1,3649.53,849.80,849.80
488,3107.00,32.31889748,119.83315705,32.34794384,119.86966824,32.34794384,119.86966824,0.4633,4717.19,1,733,split_learned,7,1,-1,2861.05,539.21,539.21
489,3111.00,32.29175502,119.87385688,32.34794384,119.86966824,32.34794384,119.86966824,0.4867,6267.34,1,77,split_learned,8,1,-1,7452.08,958.91,958.91
490,3115.00,32.35185895,119.81206152,32.34794384,119.86966824,32.34794384,119.86966824,0.5100,5436.61,1,1533,split_learned,9,1,-1,1461.25,1035.60,1035.60
491,3119.00,32.33996342,119.85943153,32.34794384,119.86966824,32.34794384,119.86966824,0.5567,1310.17,1,1285,split_learned,11,1,-1,3488.21,1320.19,1320.19
492,3122.00,32.34794384,119.83143727,32.34794384,119.86966824,32.34794384,119.86966824,0.6267,3596.42,1,1452,split_learned,14,1,-1,1216.61,1216.61,1216.61
493,3126.00,32.29041974,119.85348502,32.34794384,119.86966824,32.34794384,119.86966824,0.6500,6582.06,1,22,split_learned,15,1,-1,6099.67,655.59,655.59
494,3130.00,32.34920402,119.86916040,32.34794384,119.86966824,32.34794384,119.86966824,0.5567,148.19,1,1515,split_learned,11,1,-1,4476.12,1374.24,1374.24
495,3134.00,32.34920402,119.86916040,32.34794384,119.86966824,32.34794384,119.86966824,0.5567,148.19,1,1515,split_learned,11,1,-1,4401.95,1398.03,1398.03
496,3138.00,32.33323827,119.85127009,32.34794384,119.86966824,32.33323827,119.85127009,0.5333,2382.28,1,1101,split_learned,10,1,-1,2353.78,513.39,513.39
497,3142.00,32.33701390,119.82736290,32.33323827,119.85127009,32.33323827,119.85127009,0.5100,2287.91,1,1180,split_learned,9,1,1,20.86,20.86,20.86
498,3146.00,32.30055574,119.84233418,32.33323827,119.85127009,32.33323827,119.85127009,0.6033,3734.07,1,287,split_learned,13,1,-1,4170.01,2485.00,2485.00
499,3150.00,32.35469045,119.80616579,32.33323827,119.85127009,32.33323827,119.85127009,0.6267,4868.86,1,1620,split_learned,14,1,-1,2977.61,1874.07,1874.07
500,3154.00,32.33979758,119.85650561,32.33323827,119.85127009,32.33323827,119.85127009,0.6500,880.76,1,1239,split_learned,15,1,-1,2657.98,2263.06,2263.06
501,3158.00,32.35469045,119.80616579,32.33323827,119.85127009,32.33323827,119.85127009,0.6267,4868.86,1,1620,split_learned,14,1,-1,3189.12,369.20,369.20
502,3162.00,32.35469045,119.80616579,32.33323827,119.85127009,32.33323827,119.85127009,0.6267,4868.86,1,1620,split_learned,14,1,-1,3295.22,260.70,260.70
503,3166.00,32.32113398,119.81864283,32.33323827,119.85127009,32.33323827,119.85127009,0.6033,3352.02,1,771,split_learned,13,1,-1,1851.06,788.74,788.74
504,3169.00,32.35120449,119.83576557,32.33323827,119.85127009,32.33323827,119.85127009,0.5100,2475.34,1,1544,split_learned,9,1,-1,2052.92,858.69,858.69
505,3173.00,32.35120449,119.83576557,32.33323827,119.85127009,32.33323827,119.85127009,0.5100,2475.34,1,1544,split_learned,9,1,8,2094.37,95.15,95.15
506,3177.00,32.35092063,119.82237441,32.33323827,119.85127009,32.35092063,119.82237441,0.4867,3356.10,1,1493,split_learned,8,1,6,2197.01,77.15,77.15
507,3181.00,32.34263980,119.81165524,32.35092063,119.82237441,32.35092063,119.82237441,0.5100,1366.22,1,1308,split_learned,9,1,6,2444.54,135.49,135.49
508,3185.00,32.34794384,119.86966824,32.35092063,119.82237441,32.35092063,119.82237441,0.6267,4461.29,1,1470,split_learned,14,1,-1,3756.09,1084.14,1084.14
509,3189.00,32.33315244,119.89497781,32.35092063,119.82237441,32.35092063,119.82237441,0.5100,7110.50,1,1122,split_learned,9,1,-1,5579.56,1307.45,1307.45
510,3193.00,32.34794384,119.86966824,32.35092063,119.82237441,32.35092063,119.82237441,0.6267,4461.29,1,1470,split_learned,14,1,-1,3652.53,1159.97,1159.97
511,3197.00,32.34920402,119.86916040,32.35092063,119.82237441,32.35092063,119.82237441,0.5567,4405.34,1,1515,split_learned,11,1,-1,3720.60,3720.60,3720.60
512,3200.00,32.35242176,119.87145151,32.35092063,119.82237441,32.35092063,119.82237441,0.4633,4619.74,1,1606,split_learned,7,1,-1,4089.07,3723.54,3723.54
513,3204.00,32.34418966,119.89047177,32.35092063,119.82237441,32.35092063,119.82237441,0.4633,6449.64,1,1390,split_learned,7,1,-1,5191.21,2586.77,2586.77
514,3208.00,32.32113398,119.81864283,32.35092063,119.82237441,32.35092063,119.82237441,0.6033,3334.38,1,771,split_learned,13,1,-1,2158.35,1167.12,1167.12
515,3212.00,32.31713304,119.83294122,32.35092063,119.82237441,32.35092063,119.82237441,0.5333,3890.37,1,688,split_learned,10,1,-1,1339.33,665.51,665.51
516,3216.00,32.30055574,119.84233418,32.35092063,119.82237441,32.30055574,119.84233418,0.6033,5912.67,1,287,split_learned,13,1,2,2886.45,86.68,86.68
517,3220.00,32.29189450,119.84158511,32.30055574,119.84233418,32.30055574,119.84233418,0.6033,966.74,1,62,split_learned,13,1,8,3820.66,89.89,89.89
518,3224.00,32.29189450,119.84158511,32.30055574,119.84233418,32.30055574,119.84233418,0.6033,966.74,1,62,split_learned,13,1,-1,3765.02,3025.22,3025.22
519,3228.00,32.29189450,119.84158511,32.30055574,119.84233418,32.30055574,119.84233418,0.6033,966.74,1,62,split_learned,13,1,-1,3712.79,2508.45,2508.45
520,3232.00,32.29770279,119.83356333,32.30055574,119.84233418,32.30055574,119.84233418,0.6033,884.09,1,193,split_learned,13,1,-1,3236.71,2217.83,2217.83
521,3236.00,32.33346357,119.80579760,32.30055574,119.84233418,32.30055574,119.84233418,0.6033,5023.24,1,1080,split_learned,13,1,-1,3901.07,589.37,589.37
522,3239.00,32.33645601,119.89524443,32.30055574,119.84233418,32.30055574,119.84233418,0.6267,6383.18,1,1212,split_learned,14,1,10,4768.18,94.68,94.68
523,3243.00,32.33645601,119.89524443,32.30055574,119.84233418,32.30055574,119.84233418,0.6267,6383.18,1,1212,split_learned,14,1,6,4785.63,140.82,140.82
524,3247.00,32.35464753,119.87986687,32.30055574,119.84233418,32.30055574,119.84233418,0.5800,6980.29,1,1655,split_learned,12,1,-1,4698.68,629.45,629.45
525,3251.00,32.33996342,119.85943153,32.30055574,119.84233418,32.30055574,119.84233418,0.5567,4672.41,1,1285,split_learned,11,1,-1,2246.51,2087.64,2087.64
526,3255.00,32.31179682,119.82675349,32.30055574,119.84233418,32.31179682,119.82675349,0.5567,1927.21,1,550,split_learned,11,1,-1,2410.07,624.89,624.89
527,3259.00,32.33157039,119.80666094,32.31179682,119.82675349,32.31179682,119.82675349,0.5100,2901.35,1,1035,split_learned,9,1,-1,4395.88,3762.60,3762.60
528,3263.00,32.30276006,119.80586108,32.31179682,119.82675349,32.31179682,119.82675349,0.5333,2207.86,1,315,split_learned,10,1,-1,4681.96,1185.81,1185.81
529,3267.00,32.30831086,119.85324379,32.31179682,119.82675349,32.31179682,119.82675349,0.5567,2522.00,1,472,split_learned,11,1,-1,1331.09,1331.09,1331.09
530,3270.00,32.30993582,119.84993700,32.31179682,119.82675349,32.31179682,119.82675349,0.5100,2190.71,1,516,split_learned,9,1,-1,1097.84,1097.84,1097.84
531,3274.00,32.32020639,119.85016553,32.31179682,119.82675349,32.31179682,119.82675349,0.4867,2393.09,1,741,split_learned,8,1,-1,323.00,323.00,323.00
532,3278.00,32.29201251,119.88847267,32.31179682,119.82675349,32.31179682,119.82675349,0.4867,6209.66,1,84,split_learned,8,1,-1,4341.06,351.75,351.75
533,3282.00,32.29201251,119.88847267,32.31179682,119.82675349,32.31179682,119.82675349,0.4867,6209.66,1,84,split_learned,8,1,-1,4303.41,296.16,296.16
534,3285.00,32.29201251,119.88847267,32.31179682,119.82675349,32.31179682,119.82675349,0.4867,6209.66,1,84,split_learned,8,1,7,4196.43,117.66,117.66
535,3289.00,32.32877108,119.80722538,32.31179682,119.82675349,32.31179682,119.82675349,0.4633,2635.37,1,946,split_learned,7,1,-1,4762.46,275.50,275.50
536,3293.00,32.29201251,119.88847267,32.31179682,119.82675349,32.29201251,119.88847267,0.4867,6209.66,1,84,split_learned,8,1,-1,3982.84,325.32,325.32
537,3297.00,32.29055921,119.88937410,32.29201251,119.88847267,32.29201251,119.88847267,0.5100,182.66,1,39,split_learned,9,1,-1,4008.83,610.30,610.30
538,3301.00,32.32113398,119.81864283,32.29201251,119.88847267,32.29201251,119.88847267,0.6033,7325.32,1,771,split_learned,13,1,-1,3839.04,1603.46,1603.46
539,3305.00,32.32113398,119.81864283,32.29201251,119.88847267,32.29201251,119.88847267,0.6033,7325.32,1,771,split_learned,13,1,-1,3940.79,1254.50,1254.50
540,3309.00,32.32113398,119.81864283,32.29201251,119.88847267,32.29201251,119.88847267,0.6033,7325.32,1,771,split_learned,13,1,-1,4042.94,1632.64,1632.64
541,3313.00,32.32113398,119.81864283,32.29201251,119.88847267,32.29201251,119.88847267,0.6033,7325.32,1,771,split_learned,13,1,-1,4145.45,2208.48,2208.48
542,3317.00,32.31713304,119.83294122,32.29201251,119.88847267,32.29201251,119.88847267,0.5333,5925.28,1,688,split_learned,10,1,-1,2801.94,1636.27,1636.27
543,3321.00,32.31737980,119.82316157,32.29201251,119.88847267,32.29201251,119.88847267,0.4633,6761.76,1,683,split_learned,7,1,-1,3799.97,1608.02,1608.02
544,3325.00,32.31737980,119.82316157,32.29201251,119.88847267,32.29201251,119.88847267,0.4633,6761.76,1,683,split_learned,7,1,-1,3900.60,3900.60,3900.60
545,3329.00,32.34546057,119.89651985,32.29201251,119.88847267,32.29201251,119.88847267,0.4867,5997.80,1,1438,split_learned,8,1,-1,4863.78,1215.73,1215.73
546,3333.00,32.29344436,119.88062863,32.29201251,119.88847267,32.29344436,119.88062863,0.4400,754.91,1,125,split_learned,6,1,-1,2361.68,1148.08,1148.08
547,3337.00,32.30055574,119.84233418,32.29344436,119.88062863,32.29344436,119.88062863,0.6033,3688.35,1,287,split_learned,13,1,6,2583.41,129.05,129.05
548,3341.00,32.30299610,119.84267698,32.29344436,119.88062863,32.29344436,119.88062863,0.4867,3725.12,1,332,split_learned,8,1,-1,2487.08,2299.43,2299.43
549,3345.00,32.30725453,119.83776466,32.29344436,119.88062863,32.29344436,119.88062863,0.6267,4315.37,1,420,split_learned,14,1,-1,2863.71,2863.71,2863.71
550,3348.00,32.34590046,119.88036202,32.29344436,119.88062863,32.29344436,119.88062863,0.4400,5839.47,1,1430,split_learned,6,1,-1,4220.86,737.60,737.60
551,3352.00,32.30749547,119.87699863,32.29344436,119.88062863,32.29344436,119.88062863,0.4867,1601.01,1,483,split_learned,8,1,2,574.49,56.50,56.50
552,3356.00,32.32923733,119.83726952,32.29344436,119.88062863,32.29344436,119.88062863,0.4867,5702.00,1,1005,split_learned,8,1,-1,3941.52,478.35,478.35
553,3360.00,32.32923733,119.83726952,32.29344436,119.88062863,32.29344436,119.88062863,0.4867,5702.00,1,1005,split_learned,8,1,-1,3975.75,742.11,742.11
554,3364.00,32.30781734,119.87058817,32.29344436,119.88062863,32.29344436,119.88062863,0.5567,1857.98,1,481,split_learned,11,1,1,118.74,118.74,118.74
555,3368.00,32.30070595,119.87112141,32.29344436,119.88062863,32.29344436,119.88062863,0.4400,1205.53,1,301,split_learned,6,1,-1,625.24,625.24,625.24
556,3372.00,32.30824649,119.86959206,32.29344436,119.88062863,32.30824649,119.86959206,0.4867,1947.58,1,480,split_learned,8,1,-1,469.90,469.90,469.90
557,3376.00,32.29498349,119.86276953,32.30824649,119.86959206,32.30824649,119.86959206,0.4400,1609.90,1,162,split_learned,6,1,-1,1557.18,1032.26,1032.26
558,3380.00,32.30463179,119.87890885,32.30824649,119.86959206,32.30824649,119.86959206,0.4400,964.40,1,394,split_learned,6,1,-1,305.90,182.62,182.62
559,3384.00,32.30781734,119.87058817,32.30824649,119.86959206,32.30824649,119.86959206,0.5567,105.18,1,481,split_learned,11,1,-1,565.20,407.20,407.20
560,3388.00,32.30781734,119.87058817,32.30824649,119.86959206,32.30824649,119.86959206,0.5567,105.18,1,481,split_learned,11,1,-1,678.90,481.67,481.67
561,3391.00,32.30781734,119.87058817,32.30824649,119.86959206,32.30824649,119.86959206,0.5567,105.18,1,481,split_learned,11,1,-1,785.54,559.39,559.39
562,3395.00,32.31007530,119.87199744,32.30824649,119.86959206,32.30824649,119.86959206,0.4633,304.38,1,526,split_learned,7,1,-1,1035.00,808.91,808.91
563,3399.00,32.30286735,119.88033662,32.30824649,119.86959206,32.30824649,119.86959206,0.5100,1174.81,1,350,split_learned,9,1,1,132.22,132.22,132.22
564,3403.00,32.33321681,119.88824414,32.30824649,119.86959206,32.30824649,119.86959206,0.5333,3287.15,1,1119,split_learned,10,1,-1,3594.10,3569.64,3569.64
565,3407.00,32.32996107,119.85031788,32.30824649,119.86959206,32.30824649,119.86959206,0.4633,3021.70,1,1056,split_learned,7,1,-1,4416.50,894.29,894.29
566,3411.00,32.30103854,119.87409810,32.30824649,119.86959206,32.30103854,119.87409810,0.4400,907.47,1,302,split_learned,6,1,-1,756.71,756.71,756.71
567,3415.00,32.30781734,119.87058817,32.30103854,119.87409810,32.30103854,119.87409810,0.5567,823.69,1,481,split_learned,11,1,-1,1367.00,280.15,280.15
568,3419.00,32.34777218,119.88050167,32.30103854,119.87409810,32.30103854,119.87409810,0.4867,5237.15,1,1475,split_learned,8,1,-1,5336.21,368.10,368.10
569,3423.00,32.30781734,119.87058817,32.30103854,119.87409810,32.30103854,119.87409810,0.5567,823.69,1,481,split_learned,11,1,-1,1510.73,344.90,344.90
570,3427.00,32.30781734,119.87058817,32.30103854,119.87409810,32.30103854,119.87409810,0.5567,823.69,1,481,split_learned,11,1,-1,1625.63,1196.09,1196.09
571,3431.00,32.30781734,119.87058817,32.30103854,119.87409810,32.30103854,119.87409810,0.5567,823.69,1,481,split_learned,11,1,-1,1733.46,1019.22,1019.22
572,3435.00,32.30749547,119.87699863,32.30103854,119.87409810,32.30103854,119.87409810,0.4867,768.83,1,483,split_learned,8,1,-1,1552.26,1552.26,1552.26
573,3438.00,32.30749547,119.87699863,32.30103854,119.87409810,32.30103854,119.87409810,0.4867,768.83,1,483,split_learned,8,1,-1,1594.42,664.23,664.23
574,3442.00,32.30832159,119.88012079,32.30103854,119.87409810,32.30103854,119.87409810,0.5333,989.09,1,485,split_learned,10,1,-1,1465.05,724.83,724.83
575,3446.00,32.30832159,119.88012079,32.30103854,119.87409810,32.30103854,119.87409810,0.5333,989.09,1,485,split_learned,10,1,-1,1570.26,639.31,639.31
576,3492.00,32.30299610,119.84267698,32.30103854,119.87409810,32.30299610,119.84267698,0.4867,2963.83,1,332,split_learned,8,1,-1,4422.52,2125.69,2125.69
577,3499.00,32.30276006,119.80586108,32.30299610,119.84267698,32.30299610,119.84267698,0.5333,3463.40,1,315,split_learned,10,1,-1,7676.95,393.30,393.30
578,3506.00,32.34154547,119.81199223,32.30299610,119.84267698,32.30299610,119.84267698,0.4633,5171.80,1,1307,split_learned,7,1,-1,8838.89,4634.28,4634.28
579,3514.00,32.35469045,119.80616579,32.30299610,119.84267698,32.30299610,119.84267698,0.6267,6701.67,1,1620,split_learned,14,1,-1,9921.01,5098.49,5098.49
580,3521.00,32.34794384,119.83143727,32.30299610,119.84267698,32.30299610,119.84267698,0.6267,5114.08,1,1452,split_learned,14,1,-1,7552.47,5066.80,5066.80
581,3529.00,32.33489542,119.84986082,32.30299610,119.84267698,32.30299610,119.84267698,0.4867,3614.76,1,1146,split_learned,8,1,-1,5289.42,5289.42,5289.42
582,3536.00,32.33701390,119.82736290,32.30299610,119.84267698,32.30299610,119.84267698,0.5100,4051.63,1,1180,split_learned,9,1,-1,6841.67,3364.40,3364.40
583,3544.00,32.33289495,119.89006549,32.30299610,119.84267698,32.30299610,119.84267698,0.4400,5563.32,1,1120,split_learned,6,1,-1,4020.19,1084.38,1084.38
584,3551.00,32.29897370,119.87572902,32.30299610,119.84267698,32.30299610,119.84267698,0.5100,3141.31,1,258,split_learned,9,1,3,468.45,139.67,139.67
585,3559.00,32.32923733,119.83726952,32.30299610,119.84267698,32.30299610,119.84267698,0.4867,2965.13,1,1005,split_learned,8,1,4,5238.31,37.13,37.13
586,3566.00,32.34590046,119.88036202,32.30299610,119.84267698,32.34590046,119.88036202,0.4400,5948.00,1,1430,split_learned,6,1,2,5163.82,48.15,48.15
587,3573.00,32.34777218,119.88050167,32.34590046,119.88036202,32.34590046,119.88036202,0.4867,208.77,1,1475,split_learned,8,1,-1,5298.42,162.58,162.58
588,3581.00,32.34777218,119.88050167,32.34590046,119.88036202,32.34590046,119.88036202,0.4867,208.77,1,1475,split_learned,8,1,-1,5245.88,271.13,271.13
589,3588.00,32.30781734,119.87058817,32.34590046,119.88036202,32.34590046,119.88036202,0.5567,4337.97,1,481,split_learned,11,1,-1,923.85,790.32,790.32
590,3596.00,32.29897370,119.87572902,32.34590046,119.88036202,32.34590046,119.88036202,0.5100,5242.04,1,258,split_learned,9,1,-1,270.17,270.17,270.17
591,3603.00,32.32279113,119.86797385,32.34590046,119.88036202,32.34590046,119.88036202,0.5100,2824.18,1,839,split_learned,9,1,-1,2408.26,474.36,474.36
592,3610.00,32.32279113,119.86797385,32.34590046,119.88036202,32.34590046,119.88036202,0.5100,2824.18,1,839,split_learned,9,1,-1,2315.21,420.07,420.07
593,3618.00,32.32923733,119.83726952,32.34590046,119.88036202,32.34590046,119.88036202,0.4867,4457.99,1,1005,split_learned,8,1,-1,4505.55,321.19,321.19
594,3625.00,32.35185895,119.81206152,32.34590046,119.88036202,32.34590046,119.88036202,0.5100,6459.23,1,1533,split_learned,9,1,-1,7787.92,323.07,323.07
595,3632.00,32.30824649,119.86959206,32.34590046,119.88036202,32.34590046,119.88036202,0.4867,4312.34,1,480,split_learned,8,1,-1,490.52,359.83,359.83
596,3640.00,32.30832159,119.88012079,32.34590046,119.88036202,32.30832159,119.88012079,0.5333,4183.34,1,485,split_learned,10,1,-1,873.58,873.58,873.58
597,3647.00,32.30824649,119.86959206,32.30832159,119.88012079,32.30832159,119.88012079,0.4867,990.48,1,480,split_learned,8,1,-1,340.55,340.55,340.55
598,3654.00,32.30725453,119.83776466,32.30832159,119.88012079,32.30832159,119.88012079,0.6267,3986.24,1,420,split_learned,14,1,2,3028.27,68.25,68.25
599,3662.00,32.32845413,119.84830027,32.30832159,119.88012079,32.30832159,119.88012079,0.5333,3739.40,1,1009,split_learned,10,1,5,3368.56,66.79,66.79
600,3669.00,32.30055574,119.84233418,32.30832159,119.88012079,32.30832159,119.88012079,0.6033,3658.23,1,287,split_learned,13,1,-1,2524.32,980.77,980.77
601,3676.00,32.32113398,119.81864283,32.30832159,119.88012079,32.30832159,119.88012079,0.6033,5956.56,1,771,split_learned,13,1,-1,4871.13,916.15,916.15
602,3684.00,32.32113398,119.81864283,32.30832159,119.88012079,32.30832159,119.88012079,0.6033,5956.56,1,771,split_learned,13,1,-1,4764.64,2550.23,2550.23
603,3691.00,32.32113398,119.81864283,32.30832159,119.88012079,32.30832159,119.88012079,0.6033,5956.56,1,771,split_learned,13,1,-1,4658.27,2190.68,2190.68
604,3699.00,32.30725453,119.83776466,32.30832159,119.88012079,32.30832159,119.88012079,0.6267,3986.24,1,420,split_learned,14,1,-1,2572.85,2330.87,2330.87
605,3706.00,32.31001092,119.86280761,32.30832159,119.88012079,32.30832159,119.88012079,0.4867,1639.49,1,522,split_learned,8,1,1,88.29,88.29,88.29
606,3714.00,32.29394861,119.86323928,32.30832159,119.88012079,32.29394861,119.86323928,0.5333,2254.31,1,117,split_learned,10,1,2,1806.24,63.41,63.41
607,3721.00,32.31001092,119.86280761,32.29394861,119.86323928,32.29394861,119.86323928,0.4867,1788.52,1,522,split_learned,8,1,1,68.19,68.19,68.19
608,3729.00,32.31001092,119.86280761,32.29394861,119.86323928,32.29394861,119.86323928,0.4867,1788.52,1,522,split_learned,8,1,-1,170.80,170.80,170.80
609,3737.00,32.29394861,119.86323928,32.29394861,119.86323928,32.29394861,119.86323928,0.5333,0.00,0,117,split_learned,10,1,-1,1984.24,598.88,598.88
610,3744.00,32.32113398,119.81864283,32.29394861,119.86323928,32.29394861,119.86323928,0.6033,5172.84,1,771,split_learned,13,1,-1,4003.98,1890.32,1890.32
611,3752.00,32.31259566,119.85798417,32.29394861,119.86323928,32.29394861,119.86323928,0.5333,2133.84,1,610,split_learned,10,1,1,145.40,145.40,145.40
612,3760.00,32.31259566,119.85798417,32.29394861,119.86323928,32.29394861,119.86323928,0.5333,2133.84,1,610,split_learned,10,1,1,50.28,50.28,50.28
613,3767.00,32.31259566,119.85798417,32.29394861,119.86323928,32.29394861,119.86323928,0.5333,2133.84,1,610,split_learned,10,1,1,101.39,101.39,101.39
614,3775.00,32.31642003,119.86574622,32.29394861,119.86323928,32.29394861,119.86323928,0.4633,2512.61,1,658,split_learned,7,1,-1,807.26,807.26,807.26
615,3782.00,32.34344447,119.87909241,32.29394861,119.86323928,32.29394861,119.86323928,0.4400,5708.13,1,1340,split_learned,6,1,-1,3839.89,2986.12,2986.12
616,3790.00,32.31001092,119.86280761,32.29394861,119.86323928,32.29394861,119.86323928,0.4867,1788.52,1,522,split_learned,8,1,4,903.48,111.79,111.79
617,3798.00,32.29165846,119.85864437,32.29394861,119.86323928,32.29394861,119.86323928,0.5100,501.83,1,70,split_learned,9,1,5,2667.37,42.98,42.98
618,3805.00,32.33192444,119.85423990,32.29394861,119.86323928,32.29394861,119.86323928,0.5333,4311.40,1,1058,split_learned,10,1,-1,1706.44,510.59,510.59
619,3813.00,32.33192444,119.85423990,32.29394861,119.86323928,32.33192444,119.85423990,0.5333,4311.40,1,1058,split_learned,10,1,-1,1657.92,1194.63,1194.63
620,3821.00,32.35447587,119.87296234,32.33192444,119.85423990,32.33192444,119.85423990,0.4867,3066.62,1,1651,split_learned,8,1,-1,4579.48,1424.13,1424.13
621,3828.00,32.29165846,119.85864437,32.33192444,119.85423990,32.33192444,119.85423990,0.5100,4501.52,1,70,split_learned,9,1,-1,2949.53,2155.31,2155.31
622,3836.00,32.31001092,119.86280761,32.33192444,119.85423990,32.33192444,119.85423990,0.4867,2569.11,1,522,split_learned,8,1,2,1485.99,81.55,81.55
623,3844.00,32.29897370,119.87572902,32.33192444,119.85423990,32.33192444,119.85423990,0.5100,4188.23,1,258,split_learned,9,1,-1,3285.46,1585.67,1585.67
624,3852.00,32.31259566,119.85798417,32.33192444,119.85423990,32.33192444,119.85423990,0.5333,2180.32,1,610,split_learned,10,1,-1,1143.93,1143.93,1143.93
625,3859.00,32.30276006,119.80586108,32.33192444,119.85423990,32.33192444,119.85423990,0.5333,5590.36,1,315,split_learned,10,1,-1,4393.60,1817.99,1817.99
626,3867.00,32.31179682,119.82675349,32.33192444,119.85423990,32.33192444,119.85423990,0.5567,3421.40,1,550,split_learned,11,1,-1,2182.00,681.52,681.52
627,3874.00,32.30725453,119.83776466,32.33192444,119.85423990,32.33192444,119.85423990,0.6267,3153.40,1,420,split_learned,14,1,-1,1834.70,671.57,671.57
628,3882.00,32.33126508,119.85008935,32.33192444,119.85423990,32.33192444,119.85423990,0.4867,397.28,1,1011,split_learned,8,1,2,1020.83,80.05,80.05
629,3890.00,32.34293439,119.81303912,32.33192444,119.85423990,32.34293439,119.81303912,0.5567,4064.96,1,1353,split_learned,11,1,5,3944.94,103.32,103.32
630,3897.00,32.34293439,119.81303912,32.34293439,119.81303912,32.34293439,119.81303912,0.5567,0.00,0,1353,split_learned,11,1,3,3829.78,18.52,18.52
631,3905.00,32.30971052,119.84268967,32.34293439,119.81303912,32.34293439,119.81303912,0.6033,4632.35,1,512,split_learned,13,1,-1,1463.63,348.18,348.18
632,3912.00,32.31185046,119.84206757,32.34293439,119.81303912,32.34293439,119.81303912,0.6267,4407.98,1,557,split_learned,14,1,-1,1310.90,1310.90,1310.90
633,3919.00,32.31185046,119.84206757,32.34293439,119.81303912,32.34293439,119.81303912,0.6267,4407.98,1,557,split_learned,14,1,-1,1363.63,1179.62,1179.62
634,3926.00,32.29041974,119.85348502,32.34293439,119.81303912,32.34293439,119.81303912,0.6500,6975.04,1,22,split_learned,15,1,-1,3974.65,1924.38,1924.38
635,3934.00,32.29041974,119.85348502,32.34293439,119.81303912,32.34293439,119.81303912,0.6500,6975.04,1,22,split_learned,15,1,-1,4065.51,2563.51,2563.51
636,3941.00,32.31713304,119.83294122,32.34293439,119.81303912,32.34293439,119.81303912,0.5333,3428.52,1,688,split_learned,10,1,-1,1119.59,957.50,957.50
637,3949.00,32.35137615,119.81655486,32.34293439,119.81303912,32.34293439,119.81303912,0.5800,996.24,1,1535,split_learned,12,1,-1,3508.95,2073.05,2073.05
638,3957.00,32.34920402,119.86916040,32.34293439,119.81303912,32.34293439,119.81303912,0.5567,5325.31,1,1515,split_learned,11,1,-1,3922.13,488.08,488.08
639,3964.00,32.34920402,119.86916040,32.34293439,119.81303912,32.34293439,119.81303912,0.5567,5325.31,1,1515,split_learned,11,1,-1,3951.88,1788.93,1788.93
640,3972.00,32.33213902,119.83000950,32.34293439,119.81303912,32.33213902,119.83000950,0.4867,1998.18,1,1046,split_learned,8,1,-1,759.02,759.02,759.02
641,3979.00,32.34263980,119.81165524,32.33213902,119.83000950,32.33213902,119.83000950,0.5100,2085.09,1,1308,split_learned,9,1,-1,2725.93,729.35,729.35
642,3987.00,32.34263980,119.81165524,32.33213902,119.83000950,32.33213902,119.83000950,0.5100,2085.09,1,1308,split_learned,9,1,-1,2616.98,620.05,620.05
643,3994.00,32.33132363,119.81865553,32.33213902,119.83000950,32.33213902,119.83000950,0.4867,1071.93,1,1041,split_learned,8,1,-1,1463.91,1143.22,1143.22
644,4002.00,32.32118762,119.82698202,32.33213902,119.83000950,32.33213902,119.83000950,0.4633,1251.93,1,775,split_learned,7,1,3,1138.20,147.02,147.02
645,4010.00,32.33520655,119.88458874,32.33213902,119.83000950,32.33213902,119.83000950,0.5100,5145.65,1,1162,split_learned,9,1,-1,4975.92,365.92,365.92
646,4018.00,32.34154547,119.81199223,32.33213902,119.83000950,32.33213902,119.83000950,0.4633,1992.27,1,1307,split_learned,7,1,-1,2418.97,735.45,735.45
647,4025.00,32.32825610,119.85064798,32.33213902,119.83000950,32.33213902,119.83000950,0.4867,1989.01,1,966,split_learned,8,1,-1,1879.19,160.63,160.63
648,4033.00,32.32825610,119.85064798,32.33213902,119.83000950,32.33213902,119.83000950,0.4867,1989.01,1,966,split_learned,8,1,-1,1982.82,1982.82,1982.82
649,4040.00,32.31183973,119.89737049,32.33213902,119.83000950,32.33213902,119.83000950,0.5333,6727.56,1,583,split_learned,10,1,-1,6827.86,975.73,975.73
650,4048.00,32.31889748,119.83315705,32.33213902,119.83000950,32.31889748,119.83315705,0.4633,1503.49,1,733,split_learned,7,1,-1,1640.11,362.56,362.56
651,4055.00,32.35120449,119.83576557,32.31889748,119.83315705,32.31889748,119.83315705,0.5100,3604.78,1,1544,split_learned,9,1,-1,2117.36,523.44,523.44
652,4063.00,32.31889748,119.83315705,32.31889748,119.83315705,32.31889748,119.83315705,0.4633,0.00,0,733,split_learned,7,1,6,1776.43,135.44,135.44
653,4070.00,32.34355666,119.86559387,32.31889748,119.83315705,32.31889748,119.83315705,0.4867,4104.40,1,1378,split_learned,8,1,-1,3865.05,3865.05,3865.05
654,4078.00,32.34154547,119.81199223,32.31889748,119.83315705,32.31889748,119.83315705,0.4633,3212.53,1,1307,split_learned,7,1,-1,1613.56,1435.48,1435.48
655,4085.00,32.34263980,119.81165524,32.31889748,119.83315705,32.31889748,119.83315705,0.5100,3328.17,1,1308,split_learned,9,1,-1,1335.16,668.27,668.27
656,4092.00,32.34263980,119.81165524,32.31889748,119.83315705,32.31889748,119.83315705,0.5100,3328.17,1,1308,split_learned,9,1,-1,1304.44,706.46,706.46
657,4100.00,32.34462955,119.80893935,32.31889748,119.83315705,32.31889748,119.83315705,0.4867,3659.98,1,1351,split_learned,8,1,-1,1640.58,211.13,211.13
658,4107.00,32.34920402,119.86916040,32.31889748,119.83315705,32.31889748,119.83315705,0.5567,4780.47,1,1515,split_learned,11,1,4,4697.87,112.74,112.74
659,4114.00,32.34920402,119.86916040,32.31889748,119.83315705,32.31889748,119.83315705,0.5567,4780.47,1,1515,split_learned,11,1,-1,4771.97,1803.59,1803.59
660,4122.00,32.34794384,119.86966824,32.31889748,119.83315705,32.31889748,119.83315705,0.6267,4717.19,1,1470,split_learned,14,1,-1,4796.06,4796.06,4796.06
661,4129.00,32.33213902,119.83000950,32.31889748,119.83315705,32.31889748,119.83315705,0.4867,1503.49,1,1046,split_learned,8,1,-1,1178.80,1011.41,1011.41
662,4136.00,32.34920402,119.86916040,32.31889748,119.83315705,32.34920402,119.86916040,0.5567,4780.47,1,1515,split_learned,11,1,-1,4907.93,902.92,902.92
663,4143.00,32.34086464,119.86284570,32.34920402,119.86916040,32.34920402,119.86916040,0.4633,1102.13,1,1287,split_learned,7,1,-1,4264.98,883.40,883.40
664,4149.00,32.33996342,119.85943153,32.34920402,119.86916040,32.34920402,119.86916040,0.5567,1376.86,1,1285,split_learned,11,1,-1,3958.26,979.85,979.85
665,4156.00,32.32113398,119.81864283,32.34920402,119.86916040,32.34920402,119.86916040,0.6033,5687.51,1,771,split_learned,13,1,-1,2236.92,2236.92,2236.92
666,4163.00,32.31273513,119.82698202,32.34920402,119.86916040,32.34920402,119.86916040,0.6267,5676.65,1,595,split_learned,14,1,-1,3253.18,985.12,985.12
667,4170.00,32.31782460,119.82868329,32.34920402,119.86916040,32.34920402,119.86916040,0.5100,5167.28,1,730,split_learned,9,1,-1,2781.19,1998.43,1998.43
668,4177.00,32.32825610,119.85064798,32.34920402,119.86916040,32.34920402,119.86916040,0.4867,2910.43,1,966,split_learned,8,1,-1,3794.52,815.02,815.02
669,4184.00,32.34263980,119.81165524,32.34920402,119.86916040,32.34920402,119.86916040,0.5100,5458.69,1,1308,split_learned,9,1,1,86.53,86.53,86.53
670,4192.00,32.34920402,119.86916040,32.34920402,119.86916040,32.34920402,119.86916040,0.5567,0.00,0,1515,split_learned,11,1,3,5471.89,115.66,115.66
671,4199.00,32.32966648,119.82546537,32.34920402,119.86916040,32.34920402,119.86916040,0.5100,4650.36,1,999,split_learned,9,1,-1,1991.74,239.92,239.92
672,4245.00,32.29549847,119.88953914,32.34920402,119.86916040,32.34920402,119.86916040,0.5100,6278.34,1,174,split_learned,9,1,2,9052.00,19.58,19.58
673,4249.00,32.34920402,119.86916040,32.34920402,119.86916040,32.34920402,119.86916040,0.5567,0.00,0,1515,split_learned,11,1,2,5590.04,101.77,101.77
674,4253.00,32.30725453,119.83776466,32.34920402,119.86916040,32.34920402,119.86916040,0.6267,5525.39,1,420,split_learned,14,1,-1,4626.52,2970.63,2970.63
675,4257.00,32.29015152,119.86151950,32.34920402,119.86916040,32.34920402,119.86916040,0.4867,6612.90,1,26,split_learned,8,1,-1,7282.66,1558.29,1558.29
676,4261.00,32.34263980,119.81165524,32.34920402,119.86916040,32.34920402,119.86916040,0.5100,5458.69,1,1308,split_learned,9,1,-1,252.79,252.79,252.79
677,4265.00,32.35307622,119.83136109,32.34920402,119.86916040,32.34920402,119.86916040,0.5100,3581.84,1,1587,split_learned,9,1,-1,2222.63,468.22,468.22
678,4269.00,32.34920402,119.86916040,32.34920402,119.86916040,32.34920402,119.86916040,0.5567,0.00,0,1515,split_learned,11,1,-1,5274.38,576.38,576.38
679,4273.00,32.34920402,119.86916040,32.34920402,119.86916040,32.34920402,119.86916040,0.5567,0.00,0,1515,split_learned,11,1,-1,5286.86,612.28,612.28
680,4277.00,32.32113398,119.81864283,32.34920402,119.86916040,32.34920402,119.86916040,0.6033,5687.51,1,771,split_learned,13,1,-1,1938.57,1457.32,1457.32
681,4281.00,32.33132363,119.81865553,32.34920402,119.86916040,32.34920402,119.86916040,0.4867,5151.13,1,1041,split_learned,8,1,-1,684.94,684.94,684.94
682,4285.00,32.33132363,119.81865553,32.34920402,119.86916040,32.34920402,119.86916040,0.4867,5151.13,1,1041,split_learned,8,1,-1,614.13,614.13,614.13
683,4289.00,32.34558932,119.82047688,32.34920402,119.86916040,32.34920402,119.86916040,0.6500,4597.34,1,1402,split_learned,15,1,-1,1058.62,175.81,175.81
684,4294.00,32.33299151,119.81541910,32.34920402,119.86916040,32.34920402,119.86916040,0.5100,5367.98,1,1084,split_learned,9,1,-1,524.01,524.01,524.01
685,4298.00,32.32113398,119.81864283,32.34920402,119.86916040,32.34920402,119.86916040,0.6033,5687.51,1,771,split_learned,13,1,-1,1648.48,1648.48,1648.48
686,4302.00,32.33520655,119.88458874,32.34920402,119.86916040,32.34920402,119.86916040,0.5100,2129.42,1,1162,split_learned,9,1,-1,5981.85,1302.22,1302.22
687,4306.00,32.34794384,119.83143727,32.34920402,119.86916040,32.34920402,119.86916040,0.6267,3551.42,1,1452,split_learned,14,1,-1,1724.69,1417.42,1417.42
688,4309.00,32.33132363,119.81865553,32.34920402,119.86916040,32.34920402,119.86916040,0.4867,5151.13,1,1041,split_learned,8,1,-1,485.46,485.46,485.46
689,4313.00,32.31889748,119.83315705,32.34920402,119.86916040,32.31889748,119.83315705,0.4633,4780.47,1,733,split_learned,7,1,-1,1891.99,1347.83,1347.83
690,4317.00,32.34154547,119.81199223,32.31889748,119.83315705,32.31889748,119.83315705,0.4633,3212.53,1,1307,split_learned,7,1,-1,1668.63,1668.63,1668.63
691,4321.00,32.32386892,119.83823442,32.31889748,119.83315705,32.31889748,119.83315705,0.4633,731.03,1,870,split_learned,7,1,-1,1497.05,1160.73,1160.73
692,4325.00,32.34154547,119.81199223,32.31889748,119.83315705,32.31889748,119.83315705,0.4633,3212.53,1,1307,split_learned,7,1,-1,1892.11,1892.11,1892.11
693,4329.00,32.32825610,119.85064798,32.31889748,119.83315705,32.31889748,119.83315705,0.4867,1947.47,1,966,split_learned,8,1,-1,2249.11,1176.38,1176.38
694,4333.00,32.33681006,119.85506514,32.31889748,119.83315705,32.31889748,119.83315705,0.5100,2867.67,1,1193,split_learned,9,1,2,2704.16,121.85,121.85
695,4337.00,32.34263980,119.81165524,32.31889748,119.83315705,32.31889748,119.83315705,0.5100,3328.17,1,1308,split_learned,9,1,-1,1990.70,182.91,182.91
696,4341.00,32.34920402,119.86916040,32.31889748,119.83315705,32.31889748,119.83315705,0.5567,4780.47,1,1515,split_learned,11,1,-1,4417.19,370.73,370.73
697,4345.00,32.34355666,119.86559387,32.31889748,119.83315705,32.31889748,119.83315705,0.4867,4104.40,1,1378,split_learned,8,1,-1,3724.37,1190.64,1190.64
698,4349.00,32.31889748,119.83315705,32.31889748,119.83315705,32.31889748,119.83315705,0.4633,0.00,0,733,split_learned,7,1,-1,1113.25,1113.25,1113.25
699,4353.00,32.32825610,119.85064798,32.31889748,119.83315705,32.31889748,119.83315705,0.4867,1947.47,1,966,split_learned,8,1,-1,1841.24,382.19,382.19
700,4357.00,32.32966648,119.82546537,32.31889748,119.83315705,32.31889748,119.83315705,0.5100,1400.24,1,999,split_learned,9,1,-1,694.15,438.83,438.83
701,4361.00,32.30621383,119.89547296,32.31889748,119.83315705,32.31889748,119.83315705,0.5333,6029.75,1,447,split_learned,10,1,-1,6291.87,926.50,926.50
702,4365.00,32.34894653,119.82646148,32.31889748,119.83315705,32.31889748,119.83315705,0.5100,3403.84,1,1495,split_learned,9,1,-1,2626.39,748.08,748.08
703,4369.00,32.35469045,119.80616579,32.31889748,119.83315705,32.31889748,119.83315705,0.6267,4724.72,1,1620,split_learned,14,1,-1,4211.62,813.91,813.91
704,4373.00,32.35120449,119.83576557,32.31889748,119.83315705,32.31889748,119.83315705,0.5100,3604.78,1,1544,split_learned,9,1,-1,2859.01,753.94,753.94
705,4377.00,32.33126508,119.85008935,32.31889748,119.83315705,32.31889748,119.83315705,0.4867,2105.37,1,1011,split_learned,8,1,-1,1463.95,723.35,723.35
706,4381.00,32.33520655,119.88458874,32.31889748,119.83315705,32.31889748,119.83315705,0.5100,5167.64,1,1162,split_learned,9,1,-1,4629.80,698.59,698.59
707,4385.00,32.33520655,119.88458874,32.31889748,119.83315705,32.31889748,119.83315705,0.5100,5167.64,1,1162,split_learned,9,1,-1,4553.70,701.32,701.32
708,4388.00,32.32113398,119.81864283,32.31889748,119.83315705,32.32113398,119.81864283,0.6033,1387.88,1,771,split_learned,13,1,-1,1936.08,754.30,754.30
709,4392.00,32.31620545,119.82069271,32.32113398,119.81864283,32.32113398,119.81864283,0.5333,581.55,1,637,split_learned,10,1,-1,1911.91,1400.14,1400.14
710,4396.00,32.31179682,119.82675349,32.32113398,119.81864283,32.32113398,119.81864283,0.5567,1289.38,1,550,split_learned,11,1,-1,1690.76,1690.76,1690.76
711,4400.00,32.30594561,119.81329304,32.32113398,119.81864283,32.32113398,119.81864283,0.5333,1764.08,1,408,split_learned,10,1,-1,3206.25,1003.36,1003.36
712,4404.00,32.31144277,119.82934930,32.32113398,119.81864283,32.32113398,119.81864283,0.5567,1475.89,1,551,split_learned,11,1,-1,1605.82,1605.82,1605.82
713,4408.00,32.30257767,119.81522865,32.32113398,119.81864283,32.32113398,119.81864283,0.4867,2090.51,1,319,split_learned,8,1,5,3361.29,113.80,113.80
714,4412.00,32.31187774,119.82851824,32.32113398,119.81864283,32.32113398,119.81864283,0.5100,1387.35,1,505,split_learned,9,1,4,1888.27,118.27,118.27
715,4416.00,32.29943504,119.84241036,32.32113398,119.81864283,32.32113398,119.81864283,0.5567,3291.46,1,242,split_learned,11,1,6,2303.26,105.51,105.51
716,4420.00,32.32113398,119.81864283,32.32113398,119.81864283,32.32113398,119.81864283,0.6033,0.00,0,771,split_learned,13,1,-1,2480.99,176.70,176.70
717,4424.00,32.29684448,119.86317580,32.32113398,119.81864283,32.32113398,119.81864283,0.5100,4986.07,1,207,split_learned,9,1,-1,2888.63,251.02,251.02
718,4427.00,32.30585978,119.81032904,32.32113398,119.81864283,32.32113398,119.81864283,0.5100,1871.57,1,407,split_learned,9,1,-1,3710.23,1795.14,1795.14
719,4431.00,32.29874839,119.84597689,32.32113398,119.81864283,32.32113398,119.81864283,0.6033,3580.73,1,244,split_learned,13,1,-1,2074.42,2074.42,2074.42
720,4435.00,32.32592303,119.80919327,32.32113398,119.81864283,32.32113398,119.81864283,0.4400,1036.54,1,901,split_learned,6,1,-1,3887.14,2320.66,2320.66
721,4439.00,32.34546057,119.89651985,32.32113398,119.81864283,32.32113398,119.81864283,0.4867,7810.44,1,1438,split_learned,8,1,-1,5589.20,155.77,155.77
722,4443.00,32.29670010,119.86737132,32.32113398,119.81864283,32.32113398,119.81864283,0.4633,5330.17,1,163,split_learned,7,1,2,2716.99,117.69,117.69
723,4447.00,32.31563683,119.85250742,32.32113398,119.81864283,32.32113398,119.81864283,0.4633,3243.91,1,652,split_learned,7,1,-1,164.57,164.57,164.57
724,4451.00,32.30831086,119.85324379,32.32113398,119.81864283,32.32113398,119.81864283,0.5567,3554.19,1,472,split_learned,11,1,-1,789.20,789.20,789.20
725,4455.00,32.29201251,119.88847267,32.32113398,119.81864283,32.32113398,119.81864283,0.4867,7325.32,1,84,split_learned,8,1,2,4283.35,105.66,105.66
726,4459.00,32.29201251,119.88847267,32.32113398,119.81864283,32.29201251,119.88847267,0.4867,7325.32,1,84,split_learned,8,1,-1,4174.54,1755.02,1755.02
727,4463.00,32.31607671,119.88905669,32.29201251,119.88847267,32.29201251,119.88847267,0.4633,2679.39,1,669,split_learned,7,1,-1,3283.25,1056.32,1056.32
728,4467.00,32.32182553,119.87975260,32.29201251,119.88847267,32.29201251,119.88847267,0.4633,3418.66,1,845,split_learned,7,1,-1,2604.38,2569.49,2569.49
729,4471.00,32.34546057,119.87506301,32.29201251,119.88847267,32.29201251,119.88847267,0.4400,6082.09,1,1427,split_learned,6,1,-1,4122.31,1922.07,1922.07
730,4475.00,32.30336088,119.85297717,32.29201251,119.88847267,32.29201251,119.88847267,0.4633,3570.08,1,337,split_learned,7,1,-1,1073.70,388.32,388.32
731,4479.00,32.29201251,119.88847267,32.29201251,119.88847267,32.29201251,119.88847267,0.0000,0.00,0,-1,split_learned,0,0,-1,,,
732,4483.00,32.29165846,119.85864437,32.29201251,119.88847267,32.29201251,119.88847267,0.5100,2806.25,1,70,split_learned,9,1,-1,2118.88,745.99,745.99
733,4487.00,32.31273513,119.82698202,32.29201251,119.88847267,32.29201251,119.88847267,0.6267,6227.49,1,595,split_learned,14,1,-1,3013.28,449.72,449.72
734,4491.00,32.31084777,119.85868246,32.29201251,119.88847267,32.29201251,119.88847267,0.4400,3499.96,1,520,split_learned,6,1,1,9.33,9.33,9.33
735,4495.00,32.31084777,119.85868246,32.29201251,119.88847267,32.29201251,119.88847267,0.4400,3499.96,1,520,split_learned,6,1,1,106.56,106.56,106.56
736,4499.00,32.32031859,119.84718302,32.29201251,119.88847267,32.29201251,119.88847267,0.4867,5001.56,1,784,split_learned,8,1,-1,1908.52,830.73,830.73
737,4503.00,32.34344447,119.87909241,32.29201251,119.88847267,32.34344447,119.87909241,0.4400,5793.00,1,1340,split_learned,6,1,-1,4148.58,1453.29,1453.29
738,4507.00,32.35266852,119.87660505,32.34344447,119.87909241,32.34344447,119.87909241,0.4633,1053.14,1,1608,split_learned,7,1,-1,5187.90,163.18,163.18
739,4511.00,32.31259566,119.85798417,32.34344447,119.87909241,32.34344447,119.87909241,0.5333,3966.84,1,610,split_learned,10,1,-1,787.32,297.03,297.03
740,4515.00,32.31259566,119.85798417,32.34344447,119.87909241,32.34344447,119.87909241,0.5333,3966.84,1,610,split_learned,10,1,-1,882.43,882.43,882.43
741,4519.00,32.34892016,119.88760934,32.34344447,119.87909241,32.34344447,119.87909241,0.4633,1006.71,1,1479,split_learned,7,1,-1,5123.66,2312.10,2312.10
742,4523.00,32.32802006,119.87821057,32.34344447,119.87909241,32.34344447,119.87909241,0.4867,1719.05,1,979,split_learned,8,1,-1,2717.14,1350.10,1350.10
743,4527.00,32.30832159,119.88012079,32.34344447,119.87909241,32.34344447,119.87909241,0.5333,3911.08,1,485,split_learned,10,1,-1,1297.06,1256.58,1256.58
744,4531.00,32.29192668,119.86746601,32.34344447,119.87909241,32.34344447,119.87909241,0.5333,5838.32,1,74,split_learned,10,1,-1,1416.19,1259.43,1259.43
745,4535.00,32.29409881,119.85936805,32.34344447,119.87909241,32.34344447,119.87909241,0.4400,5798.07,1,115,split_learned,6,1,-1,1431.48,1274.89,1274.89
746,4539.00,32.30749547,119.87699863,32.34344447,119.87909241,32.34344447,119.87909241,0.4867,4006.69,1,483,split_learned,8,1,-1,830.87,830.87,830.87
747,4543.00,32.30749547,119.87699863,32.34344447,119.87909241,32.30749547,119.87699863,0.4867,4006.69,1,483,split_learned,8,1,-1,795.07,302.15,302.15
748,4547.00,32.30824649,119.86959206,32.30749547,119.87699863,32.30749547,119.87699863,0.4867,701.74,1,480,split_learned,8,1,-1,630.49,197.55,197.55
749,4550.00,32.30749547,119.87699863,32.30749547,119.87699863,32.30749547,119.87699863,0.4867,0.00,0,483,split_learned,8,1,-1,826.70,729.46,729.46
750,4554.00,32.32923733,119.83726952,32.30749547,119.87699863,32.30749547,119.87699863,0.4867,4452.60,1,1005,split_learned,8,1,-1,4487.51,197.10,197.10
751,4558.00,32.34605648,119.89389283,32.30749547,119.87699863,32.30749547,119.87699863,0.5100,4577.36,1,1391,split_learned,9,1,5,5145.36,110.78,110.78
752,4562.00,32.30824649,119.86959206,32.30749547,119.87699863,32.30749547,119.87699863,0.4867,701.74,1,480,split_learned,8,1,4,933.21,41.45,41.45
753,4566.00,32.29897370,119.87572902,32.30749547,119.87699863,32.30749547,119.87699863,0.5100,956.13,1,258,split_learned,9,1,1,137.33,137.33,137.33
754,4570.00,32.29897370,119.87572902,32.30749547,119.87699863,32.30749547,119.87699863,0.5100,956.13,1,258,split_learned,9,1,1,108.28,108.28,108.28
755,4574.00,32.31007530,119.87199744,32.30749547,119.87699863,32.30749547,119.87699863,0.4633,551.19,1,526,split_learned,7,1,-1,1280.86,408.41,408.41
756,4578.00,32.30781734,119.87058817,32.30749547,119.87699863,32.30749547,119.87699863,0.5567,604.10,1,481,split_learned,11,1,-1,1179.84,1112.47,1112.47
757,4582.00,32.30824649,119.86959206,32.30749547,119.87699863,32.30749547,119.87699863,0.4867,701.74,1,480,split_learned,8,1,-1,1382.93,958.92,958.92
758,4586.00,32.29753113,119.88065403,32.30749547,119.87699863,32.30749547,119.87699863,0.4400,1161.31,1,215,split_learned,6,1,1,125.76,125.76,125.76
759,4590.00,32.34920402,119.86916040,32.30749547,119.87699863,32.34920402,119.86916040,0.5567,4701.18,1,1515,split_learned,11,1,5,5918.09,136.51,136.51
760,4595.00,32.29055921,119.88937410,32.34920402,119.86916040,32.34920402,119.86916040,0.5100,6799.63,1,39,split_learned,9,1,-1,1081.39,965.88,965.88
761,4599.00,32.34536402,119.86536534,32.34920402,119.86916040,32.34920402,119.86916040,0.4867,556.94,1,1423,split_learned,8,1,3,5753.43,71.81,71.81
762,4603.00,32.30626748,119.85352311,32.34920402,119.86916040,32.34920402,119.86916040,0.4867,5000.94,1,427,split_learned,8,1,-1,3018.97,230.12,230.12
763,4607.00,32.32592303,119.80919327,32.34920402,119.86916040,32.34920402,119.86916040,0.4400,6208.00,1,901,split_learned,6,1,-1,7865.68,3099.89,3099.89
764,4611.00,32.34920402,119.86916040,32.34920402,119.86916040,32.34920402,119.86916040,0.0000,0.00,0,-1,split_learned,0,0,-1,,,
765,4615.00,32.33838137,119.84275315,32.34920402,119.86916040,32.34920402,119.86916040,0.4633,2760.89,1,1232,split_learned,7,1,-1,6367.30,6367.30,6367.30
766,4619.00,32.34920402,119.86916040,32.34920402,119.86916040,32.34920402,119.86916040,0.0000,0.00,0,-1,split_learned,0,0,-1,,,
767,4623.00,32.29201251,119.88847267,32.34920402,119.86916040,32.34920402,119.86916040,0.4867,6620.69,1,84,split_learned,8,1,-1,278.76,278.76,278.76
