Frame,Time_Sec,Raw_Lat,Raw_Lng,Predicted_Lat,Predicted_Lng,Filtered_Lat,Filtered_Lng,Match_Confidence,Innovation_M,Outlier_Rejected,Best_Match_Idx,Algorithm,Inliers,Measurement_Valid,Correct_Candidate_Rank,Top1_Min_Dist_M,Top5_Min_Dist_M,Top10_Min_Dist_M
1,2.00,30.94357332,120.19653528,30.94530000,120.14500000,30.94530000,120.14500000,0.5100,4925.09,1,1261,split_disk,9,1,-1,4992.78,588.37,588.37
2,4.00,30.94357332,120.19653528,30.94530000,120.14500000,30.94530000,120.14500000,0.5100,4925.09,1,1261,split_disk,9,1,-1,4897.40,3320.76,3320.76
3,6.00,30.94444247,120.23502890,30.94530000,120.14500000,30.94530000,120.14500000,0.4867,8597.79,1,1278,split_disk,8,1,-1,8294.68,4113.91,4113.91
4,8.00,30.94357332,120.19653528,30.94530000,120.14500000,30.94530000,120.14500000,0.5100,4925.09,1,1261,split_disk,9,1,-1,4800.96,4017.78,4017.78
5,10.00,30.94357332,120.19653528,30.94530000,120.14500000,30.94530000,120.14500000,0.5100,4925.09,1,1261,split_disk,9,1,-1,4800.96,4017.78,4017.78
6,12.00,30.94357332,120.19653528,30.94530000,120.14500000,30.94530000,120.14500000,0.5100,4925.09,1,1261,split_disk,9,1,-1,4705.07,3921.64,3921.64
7,13.00,30.94357332,120.19653528,30.94530000,120.14500000,30.94530000,120.14500000,0.5100,4925.09,1,1261,split_disk,9,1,-1,4704.59,3920.50,3920.50
8,15.00,30.94357332,120.19653528,30.94530000,120.14500000,30.94530000,120.14500000,0.5100,4925.09,1,1261,split_disk,9,1,-1,4608.73,3824.38,3824.38
9,17.00,30.94357332,120.19653528,30.94530000,120.14500000,30.94530000,120.14500000,0.5100,4925.09,1,1261,split_disk,9,1,-1,4608.29,3823.27,3823.27
10,19.00,30.94357332,120.19653528,30.94530000,120.14500000,30.94357332,120.19653528,0.5100,4925.09,1,1261,split_disk,9,1,-1,4512.87,4512.87,4512.87
11,21.00,30.94357332,120.19653528,30.94357332,120.19653528,30.94357332,120.19653528,0.5100,0.00,0,1261,split_disk,9,1,-1,4512.46,3727.15,3727.15
12,23.00,30.90805936,120.24741289,30.94357332,120.19653528,30.94357332,120.19653528,0.5567,6263.77,1,165,split_disk,11,1,-1,10105.75,3631.03,3631.03
13,25.00,30.94357332,120.19653528,30.94357332,120.19653528,30.94357332,120.19653528,0.5100,0.00,0,1261,split_disk,9,1,-1,4416.27,3629.97,3629.97
14,27.00,30.94357332,120.19653528,30.94357332,120.19653528,30.94357332,120.19653528,0.5100,0.00,0,1261,split_disk,9,1,-1,4320.82,3534.90,3534.90
15,29.00,30.94357332,120.19653528,30.94357332,120.19653528,30.94357332,120.19653528,0.5100,0.00,0,1261,split_disk,9,1,-1,4320.47,4127.52,4127.52
16,31.00,30.90805936,120.24741289,30.94357332,120.19653528,30.94357332,120.19653528,0.5567,6263.77,1,165,split_disk,11,1,-1,9918.01,7028.77,7028.77
17,33.00,30.94642618,120.22399965,30.94357332,120.19653528,30.94357332,120.19653528,0.5567,2641.85,1,1386,split_disk,11,1,-1,6828.93,6629.11,6629.11
18,35.00,30.94642618,120.22399965,30.94357332,120.19653528,30.94357332,120.19653528,0.5567,2641.85,1,1386,split_disk,11,1,-1,6734.00,6534.20,6534.20
19,37.00,30.90805936,120.24741289,30.94357332,120.19653528,30.94357332,120.19653528,0.5567,6263.77,1,165,split_disk,11,1,-1,9821.91,6534.71,6534.71
20,38.00,30.90805936,120.24741289,30.94357332,120.19653528,30.94357332,120.19653528,0.5567,6263.77,1,165,split_disk,11,1,-1,9730.51,6439.86,6439.86
21,40.00,30.90805936,120.24741289,30.94357332,120.19653528,30.94357332,120.19653528,0.5567,6263.77,1,165,split_disk,11,1,-1,9725.85,3846.04,3846.04
22,42.00,30.90805936,120.24741289,30.94357332,120.19653528,30.94357332,120.19653528,0.5567,6263.77,1,165,split_disk,11,1,-1,9634.51,3937.07,3937.07
23,44.00,30.94357332,120.19653528,30.94357332,120.19653528,30.94357332,120.19653528,0.5100,0.00,0,1261,split_disk,9,1,-1,3937.07,3751.89,3751.89
24,46.00,30.90805936,120.24741289,30.94357332,120.19653528,30.94357332,120.19653528,0.5567,6263.77,1,165,split_disk,11,1,-1,9543.27,3657.85,3657.85
25,48.00,30.94357332,120.19653528,30.94357332,120.19653528,30.94357332,120.19653528,0.5100,0.00,0,1261,split_disk,9,1,-1,3841.30,3658.93,3658.93
26,50.00,30.94357332,120.19653528,30.94357332,120.19653528,30.94357332,120.19653528,0.5100,0.00,0,1261,split_disk,9,1,-1,3745.81,3563.91,3563.91
27,52.00,30.94357332,120.19653528,30.94357332,120.19653528,30.94357332,120.19653528,0.5100,0.00,0,1261,split_disk,9,1,-1,3650.22,2859.22,2859.22
28,53.00,30.90805936,120.24741289,30.94357332,120.19653528,30.94357332,120.19653528,0.5567,6263.77,1,165,split_disk,11,1,-1,9356.30,3471.30,3471.30
29,55.00,30.94357332,120.19653528,30.94357332,120.19653528,30.94357332,120.19653528,0.5100,0.00,0,1261,split_disk,9,1,-1,3554.62,3377.69,3377.69
30,57.00,30.94357332,120.19653528,30.94357332,120.19653528,30.94357332,120.19653528,0.5100,0.00,0,1261,split_disk,9,1,-1,3554.62,2761.49,2761.49
31,59.00,30.90805936,120.24741289,30.94357332,120.19653528,30.94357332,120.19653528,0.5567,6263.77,1,165,split_disk,11,1,-1,9174.46,3284.22,3284.22
32,61.00,30.90805936,120.24741289,30.94357332,120.19653528,30.94357332,120.19653528,0.5567,6263.77,1,165,split_disk,11,1,-1,9169.62,3285.62,3285.62
33,63.00,30.94642618,120.22399965,30.94357332,120.19653528,30.94357332,120.19653528,0.5567,2641.85,1,1386,split_disk,11,1,-1,5978.93,5779.46,5779.46
34,65.00,30.94642618,120.22399965,30.94357332,120.19653528,30.94357332,120.19653528,0.5567,2641.85,1,1386,split_disk,11,1,-1,5979.74,5780.30,5780.30
35,67.00,30.94642618,120.22399965,30.94357332,120.19653528,30.94357332,120.19653528,0.5567,2641.85,1,1386,split_disk,11,1,-1,5885.35,5685.95,5685.95
36,69.00,30.94642618,120.22399965,30.94357332,120.19653528,30.94357332,120.19653528,0.5567,2641.85,1,1386,split_disk,11,1,-1,5885.35,5685.95,5685.95
37,71.00,30.90805936,120.24741289,30.94357332,120.19653528,30.94357332,120.19653528,0.5567,6263.77,1,165,split_disk,11,1,-1,8892.64,5591.67,5591.67
38,73.00,30.90805936,120.24741289,30.94357332,120.19653528,30.94357332,120.19653528,0.5567,6263.77,1,165,split_disk,11,1,-1,8887.71,5592.60,5592.60
39,75.00,30.90805936,120.24741289,30.94357332,120.19653528,30.94357332,120.19653528,0.5567,6263.77,1,165,split_disk,11,1,-1,8797.19,3078.27,3078.27
40,77.00,30.90805936,120.24741289,30.94357332,120.19653528,30.90805936,120.24741289,0.5567,6263.77,1,165,split_disk,11,1,-1,8797.19,2917.44,2917.44
41,79.00,30.90805936,120.24741289,30.90805936,120.24741289,30.90805936,120.24741289,0.5567,0.00,0,165,split_disk,11,1,-1,8706.79,5603.50,5603.50
42,81.00,30.90805936,120.24741289,30.90805936,120.24741289,30.90805936,120.24741289,0.5567,0.00,0,165,split_disk,11,1,-1,8701.80,2827.20,2827.20
43,85.00,30.90805936,120.24741289,30.90805936,120.24741289,30.90805936,120.24741289,0.5567,0.00,0,165,split_disk,11,1,-1,8606.47,2737.50,2737.50
44,89.00,30.94357332,120.19653528,30.90805936,120.24741289,30.90805936,120.24741289,0.5100,6263.77,1,1261,split_disk,9,1,-1,2794.11,2646.11,2646.11
45,93.00,30.94357332,120.19653528,30.90805936,120.24741289,30.90805936,120.24741289,0.5100,6263.77,1,1261,split_disk,9,1,-1,2699.98,2557.48,2557.48
46,96.00,30.90805936,120.24741289,30.90805936,120.24741289,30.90805936,120.24741289,0.5567,0.00,0,165,split_disk,11,1,-1,8331.06,2605.37,2605.37
47,100.00,30.90805936,120.24741289,30.90805936,120.24741289,30.90805936,120.24741289,0.5567,0.00,0,165,split_disk,11,1,-1,8236.05,2511.72,2511.72
48,104.00,30.90805936,120.24741289,30.90805936,120.24741289,30.90805936,120.24741289,0.5567,0.00,0,165,split_disk,11,1,-1,8146.29,2290.22,2290.22
49,108.00,30.90805936,120.24741289,30.90805936,120.24741289,30.90805936,120.24741289,0.5567,0.00,0,165,split_disk,11,1,-1,8051.45,2204.51,2204.51
50,112.00,30.94642618,120.22399965,30.90805936,120.24741289,30.90805936,120.24741289,0.5567,4820.83,1,1386,split_disk,11,1,-1,4859.89,4661.70,4661.70
51,116.00,30.94642618,120.22399965,30.90805936,120.24741289,30.90805936,120.24741289,0.5567,4820.83,1,1386,split_disk,11,1,-1,4673.73,4475.83,4475.83
52,120.00,30.94642618,120.22399965,30.90805936,120.24741289,30.90805936,120.24741289,0.5567,4820.83,1,1386,split_disk,11,1,-1,4582.48,4384.82,4384.82
53,124.00,30.94642618,120.22399965,30.90805936,120.24741289,30.90805936,120.24741289,0.5567,4820.83,1,1386,split_disk,11,1,-1,4489.79,4292.31,4292.31
54,128.00,30.94642618,120.22399965,30.90805936,120.24741289,30.90805936,120.24741289,0.5567,4820.83,1,1386,split_disk,11,1,-1,4399.04,4201.84,4201.84
55,132.00,30.94642618,120.22399965,30.90805936,120.24741289,30.90805936,120.24741289,0.5567,4820.83,1,1386,split_disk,11,1,-1,4306.72,4109.74,4109.74
56,136.00,30.94642618,120.22399965,30.90805936,120.24741289,30.90805936,120.24741289,0.5567,4820.83,1,1386,split_disk,11,1,-1,4216.54,4019.89,4019.89
57,140.00,30.94642618,120.22399965,30.90805936,120.24741289,30.90805936,120.24741289,0.5567,4820.83,1,1386,split_disk,11,1,-1,4124.64,3928.25,3928.25
58,144.00,30.94642618,120.22399965,30.90805936,120.24741289,30.90805936,120.24741289,0.5567,4820.83,1,1386,split_disk,11,1,-1,4035.09,3839.10,3839.10
59,148.00,30.94642618,120.22399965,30.90805936,120.24741289,30.94642618,120.22399965,0.5567,4820.83,1,1386,split_disk,11,1,-1,3943.69,3748.01,3748.01
60,152.00,30.94642618,120.22399965,30.94642618,120.22399965,30.94642618,120.22399965,0.5567,0.00,0,1386,split_disk,11,1,-1,3854.86,3659.65,3659.65
61,156.00,30.94642618,120.22399965,30.94642618,120.22399965,30.94642618,120.22399965,0.5567,0.00,0,1386,split_disk,11,1,-1,3766.49,3571.80,3571.80
62,160.00,30.94642618,120.22399965,30.94642618,120.22399965,30.94642618,120.22399965,0.5567,0.00,0,1386,split_disk,11,1,-1,3676.02,3481.76,3481.76
63,164.00,30.94642618,120.22399965,30.94642618,120.22399965,30.94642618,120.22399965,0.5567,0.00,0,1386,split_disk,11,1,-1,3588.54,3394.89,3394.89
64,168.00,30.94642618,120.22399965,30.94642618,120.22399965,30.94642618,120.22399965,0.5567,0.00,0,1386,split_disk,11,1,-1,3498.78,3305.66,3305.66
65,172.00,30.94642618,120.22399965,30.94642618,120.22399965,30.94642618,120.22399965,0.5567,0.00,0,1386,split_disk,11,1,-1,3412.32,3219.94,3219.94
66,176.00,30.94642618,120.22399965,30.94642618,120.22399965,30.94642618,120.22399965,0.5567,0.00,0,1386,split_disk,11,1,-1,3323.40,3131.66,3131.66
67,180.00,30.94642618,120.22399965,30.94642618,120.22399965,30.94642618,120.22399965,0.5567,0.00,0,1386,split_disk,11,1,-1,3238.12,3047.28,3047.28
68,184.00,30.94642618,120.22399965,30.94642618,120.22399965,30.94642618,120.22399965,0.5567,0.00,0,1386,split_disk,11,1,-1,3153.57,2963.73,2963.73
69,188.00,30.94642618,120.22399965,30.94642618,120.22399965,30.94642618,120.22399965,0.5567,0.00,0,1386,split_disk,11,1,-1,3066.28,2877.32,2877.32
70,192.00,30.94642618,120.22399965,30.94642618,120.22399965,30.94642618,120.22399965,0.5567,0.00,0,1386,split_disk,11,1,-1,2983.23,2795.49,2795.49
71,196.00,30.94642618,120.22399965,30.94642618,120.22399965,30.94642618,120.22399965,0.5567,0.00,0,1386,split_disk,11,1,-1,2897.23,2710.58,2710.58
72,200.00,30.94642618,120.22399965,30.94642618,120.22399965,30.94642618,120.22399965,0.5567,0.00,0,1386,split_disk,11,1,-1,2815.94,2630.77,2630.77
73,204.00,30.94642618,120.22399965,30.94642618,120.22399965,30.94642618,120.22399965,0.5567,0.00,0,1386,split_disk,11,1,-1,2731.48,2547.68,2547.68
74,208.00,30.94642618,120.22399965,30.94642618,120.22399965,30.94642618,120.22399965,0.5567,0.00,0,1386,split_disk,11,1,-1,2652.27,2391.14,2391.14
75,212.00,30.94642618,120.22399965,30.94642618,120.22399965,30.94642618,120.22399965,0.5567,0.00,0,1386,split_disk,11,1,-1,2569.68,2306.52,2306.52
76,216.00,30.94642618,120.22399965,30.94642618,120.22399965,30.94642618,120.22399965,0.5567,0.00,0,1386,split_disk,11,1,-1,2492.93,2227.28,2227.28
77,220.00,30.94642618,120.22399965,30.94642618,120.22399965,30.94642618,120.22399965,0.5567,0.00,0,1386,split_disk,11,1,-1,2412.60,2144.87,2144.87
78,224.00,30.94642618,120.22399965,30.94642618,120.22399965,30.94642618,120.22399965,0.5567,0.00,0,1386,split_disk,11,1,-1,2338.82,2068.62,2068.62
79,228.00,30.94269344,120.22628164,30.94642618,120.22399965,30.94642618,120.22399965,0.5800,469.20,1,1275,split_disk,12,1,-1,2280.13,991.46,991.46
80,232.00,30.94642618,120.22399965,30.94642618,120.22399965,30.94642618,120.22399965,0.5567,0.00,0,1386,split_disk,11,1,-1,2191.04,2024.28,2024.28
81,236.00,30.94642618,120.22399965,30.94642618,120.22399965,30.94642618,120.22399965,0.5567,0.00,0,1386,split_disk,11,1,-1,2123.04,1846.28,1846.28
82,240.00,30.94269344,120.22628164,30.94642618,120.22399965,30.94642618,120.22399965,0.5800,469.20,1,1275,split_disk,12,1,-1,2028.90,1645.24,1645.24
83,244.00,30.94269344,120.22628164,30.94642618,120.22399965,30.94642618,120.22399965,0.5800,469.20,1,1275,split_disk,12,1,-1,1950.65,1742.37,1742.37
84,248.00,30.94269344,120.22628164,30.94642618,120.22399965,30.94642618,120.22399965,0.5800,469.20,1,1275,split_disk,12,1,-1,1789.41,1456.92,1456.92
85,252.00,30.94357332,120.19653528,30.94642618,120.22399965,30.94642618,120.22399965,0.5100,2641.85,1,1261,split_disk,9,1,-1,1567.02,1532.92,1532.92
86,256.00,30.93862807,120.19809884,30.94642618,120.22399965,30.94642618,120.22399965,0.5100,2621.30,1,1149,split_disk,9,1,-1,1488.45,1488.45,1488.45
87,260.00,30.94269344,120.22628164,30.94642618,120.22399965,30.94642618,120.22399965,0.5800,469.20,1,1275,split_disk,12,1,-1,1567.05,1405.27,1405.27
88,264.00,30.94269344,120.22628164,30.94642618,120.22399965,30.94642618,120.22399965,0.5800,469.20,1,1275,split_disk,12,1,-1,1502.54,1208.01,1208.01
89,268.00,30.93862807,120.19809884,30.94642618,120.22399965,30.94642618,120.22399965,0.5100,2621.30,1,1149,split_disk,9,1,-1,1774.89,1774.89,1774.89
90,272.00,30.94269344,120.22628164,30.94642618,120.22399965,30.94642618,120.22399965,0.5800,469.20,1,1275,split_disk,12,1,-1,1377.76,1239.13,1239.13
91,276.00,30.93781863,120.18071852,30.94642618,120.22399965,30.93781863,120.18071852,0.4867,4242.73,1,1085,split_disk,8,1,-1,3506.24,2599.57,2599.57
92,280.00,30.93781863,120.18071852,30.93781863,120.18071852,30.93781863,120.18071852,0.4867,0.00,0,1085,split_disk,8,1,-1,3603.50,2697.43,2697.43
93,284.00,30.93781863,120.18071852,30.93781863,120.18071852,30.93781863,120.18071852,0.4867,0.00,0,1085,split_disk,8,1,-1,3700.81,2795.30,2795.30
94,288.00,30.93781863,120.18071852,30.93781863,120.18071852,30.93781863,120.18071852,0.4867,0.00,0,1085,split_disk,8,1,-1,3796.95,2890.06,2890.06
95,291.00,30.94269344,120.22628164,30.93781863,120.18071852,30.93781863,120.18071852,0.5800,4384.74,1,1275,split_disk,12,1,-1,1157.61,1157.61,1157.61
96,295.00,30.94269344,120.22628164,30.93781863,120.18071852,30.93781863,120.18071852,0.5800,4384.74,1,1275,split_disk,12,1,-1,1127.43,1127.43,1127.43
97,299.00,30.94269344,120.22628164,30.93781863,120.18071852,30.93781863,120.18071852,0.5800,4384.74,1,1275,split_disk,12,1,-1,1115.42,1071.81,1071.81
98,303.00,30.94269344,120.22628164,30.93781863,120.18071852,30.93781863,120.18071852,0.5800,4384.74,1,1275,split_disk,12,1,-1,1101.11,1074.82,1074.82
99,307.00,30.94642618,120.22399965,30.93781863,120.18071852,30.93781863,120.18071852,0.5567,4242.73,1,1386,split_disk,11,1,-1,1497.15,1304.59,1304.59
100,311.00,30.94642618,120.22399965,30.93781863,120.18071852,30.93781863,120.18071852,0.5567,4242.73,1,1386,split_disk,11,1,-1,1514.61,1308.39,1308.39
101,315.00,30.94642618,120.22399965,30.93781863,120.18071852,30.93781863,120.18071852,0.5567,4242.73,1,1386,split_disk,11,1,-1,1548.89,1330.34,1330.34
102,319.00,30.94642618,120.22399965,30.93781863,120.18071852,30.93781863,120.18071852,0.5567,4242.73,1,1386,split_disk,11,1,-1,1588.49,1353.26,1353.26
103,323.00,30.94642618,120.22399965,30.93781863,120.18071852,30.93781863,120.18071852,0.5567,4242.73,1,1386,split_disk,11,1,-1,1622.29,1363.46,1363.46
104,327.00,30.94642618,120.22399965,30.93781863,120.18071852,30.94642618,120.22399965,0.5567,4242.73,1,1386,split_disk,11,1,-1,1671.53,1387.05,1387.05
105,331.00,30.94642618,120.22399965,30.94642618,120.22399965,30.94642618,120.22399965,0.5567,0.00,0,1386,split_disk,11,1,-1,1714.58,1396.65,1396.65
106,334.00,30.94642618,120.22399965,30.94642618,120.22399965,30.94642618,120.22399965,0.5567,0.00,0,1386,split_disk,11,1,-1,1771.99,1423.83,1423.83
107,338.00,30.94642618,120.22399965,30.94642618,120.22399965,30.94642618,120.22399965,0.5567,0.00,0,1386,split_disk,11,1,-1,1822.89,1446.11,1446.11
108,342.00,30.94642618,120.22399965,30.94642618,120.22399965,30.94642618,120.22399965,0.5567,0.00,0,1386,split_disk,11,1,-1,1887.08,1485.21,1485.21
109,346.00,30.94269344,120.22628164,30.94642618,120.22399965,30.94642618,120.22399965,0.5800,469.20,1,1275,split_disk,12,1,-1,1499.23,1401.68,1401.68
110,350.00,30.94269344,120.22628164,30.94642618,120.22399965,30.94642618,120.22399965,0.5800,469.20,1,1275,split_disk,12,1,-1,1570.92,1570.92,1570.92
111,354.00,30.94357332,120.19653528,30.94642618,120.22399965,30.94642618,120.22399965,0.5100,2641.85,1,1261,split_disk,9,1,-1,4013.66,3897.27,3897.27
112,358.00,30.94269344,120.22628164,30.94642618,120.22399965,30.94642618,120.22399965,0.5800,469.20,1,1275,split_disk,12,1,-1,1713.52,1713.52,1713.52
113,362.00,30.94269344,120.22628164,30.94642618,120.22399965,30.94642618,120.22399965,0.5800,469.20,1,1275,split_disk,12,1,-1,1792.60,1792.60,1792.60
114,366.00,30.94269344,120.22628164,30.94642618,120.22399965,30.94642618,120.22399965,0.5800,469.20,1,1275,split_disk,12,1,-1,1865.39,1733.70,1733.70
115,428.00,30.93804396,120.22887634,30.94642618,120.22399965,30.94642618,120.22399965,0.5100,1042.86,1,1108,split_disk,9,1,-1,1574.35,1301.62,1301.62
116,434.00,30.93804396,120.22887634,30.94642618,120.22399965,30.94642618,120.22399965,0.5100,1042.86,1,1108,split_disk,9,1,-1,1488.74,923.50,923.50
117,440.00,30.93804396,120.22887634,30.94642618,120.22399965,30.94642618,120.22399965,0.5100,1042.86,1,1108,split_disk,9,1,-1,1412.68,847.04,847.04
118,447.00,30.93440780,120.21998604,30.94642618,120.22399965,30.93440780,120.21998604,0.5100,1391.70,1,992,split_disk,9,1,-1,1792.46,766.44,766.44
119,453.00,30.94256468,120.21827945,30.93440780,120.21998604,30.93440780,120.21998604,0.4633,922.53,1,1271,split_disk,7,1,-1,2390.56,699.49,699.49
120,459.00,30.94256468,120.21827945,30.93440780,120.21998604,30.93440780,120.21998604,0.4633,922.53,1,1271,split_disk,7,1,-1,2304.51,630.24,630.24
121,465.00,30.94256468,120.21827945,30.93440780,120.21998604,30.93440780,120.21998604,0.4633,922.53,1,1271,split_disk,7,1,-1,2227.15,579.89,579.89
122,471.00,30.94155137,120.22678198,30.93440780,120.21998604,30.93440780,120.21998604,0.5100,1026.42,1,1219,split_disk,9,1,-1,1456.18,519.51,519.51
123,477.00,30.94155137,120.22678198,30.93440780,120.21998604,30.93440780,120.21998604,0.5100,1026.42,1,1219,split_disk,9,1,-1,1408.04,963.17,963.17
124,483.00,30.94305827,120.22074906,30.93440780,120.21998604,30.93440780,120.21998604,0.5100,965.72,1,1272,split_disk,9,1,-1,1805.38,1354.42,1354.42
125,489.00,30.94305827,120.22074906,30.93440780,120.21998604,30.93440780,120.21998604,0.5100,965.72,1,1272,split_disk,9,1,-1,1743.47,1124.24,1124.24
126,495.00,30.93862807,120.19809884,30.93440780,120.21998604,30.93440780,120.21998604,0.5100,2142.26,1,1149,split_disk,9,1,-1,3211.83,2121.74,2121.74
127,501.00,30.93862807,120.19809884,30.93440780,120.21998604,30.93440780,120.21998604,0.5100,2142.26,1,1149,split_disk,9,1,-1,3114.33,1710.90,1710.90
128,507.00,30.94305827,120.22074906,30.93440780,120.21998604,30.94305827,120.22074906,0.5100,965.72,1,1272,split_disk,9,1,-1,1558.15,1219.83,1219.83
129,513.00,30.94305827,120.22074906,30.94305827,120.22074906,30.94305827,120.22074906,0.5100,0.00,0,1272,split_disk,9,1,-1,1500.45,835.69,835.69
130,519.00,30.94155137,120.22678198,30.94305827,120.22074906,30.94305827,120.22074906,0.5100,600.04,1,1219,split_disk,9,1,-1,1194.80,1194.80,1194.80
131,525.00,30.93862807,120.19809884,30.94305827,120.22074906,30.94305827,120.22074906,0.5100,2218.48,1,1149,split_disk,9,1,-1,2732.50,801.13,801.13
132,531.00,30.93862807,120.19809884,30.94305827,120.22074906,30.94305827,120.22074906,0.5100,2218.48,1,1149,split_disk,9,1,-1,2639.31,2639.31,2639.31
133,537.00,30.93862807,120.19809884,30.94305827,120.22074906,30.94305827,120.22074906,0.5100,2218.48,1,1149,split_disk,9,1,-1,2542.25,2542.25,2542.25
134,543.00,30.93862807,120.19809884,30.94305827,120.22074906,30.94305827,120.22074906,0.5100,2218.48,1,1149,split_disk,9,1,-1,2449.43,618.06,618.06
135,549.00,30.93862807,120.19809884,30.94305827,120.22074906,30.94305827,120.22074906,0.5100,2218.48,1,1149,split_disk,9,1,-1,2352.61,1262.18,1262.18
136,555.00,30.93862807,120.19809884,30.94305827,120.22074906,30.94305827,120.22074906,0.5100,2218.48,1,1149,split_disk,9,1,-1,2255.89,2255.89,2255.89
137,561.00,30.93862807,120.19809884,30.94305827,120.22074906,30.94305827,120.22074906,0.5100,2218.48,1,1149,split_disk,9,1,-1,2163.71,2163.71,2163.71
138,567.00,30.93862807,120.19809884,30.94305827,120.22074906,30.94305827,120.22074906,0.5100,2218.48,1,1149,split_disk,9,1,-1,2067.34,2067.34,2067.34
139,573.00,30.93862807,120.19809884,30.94305827,120.22074906,30.93862807,120.19809884,0.5100,2218.48,1,1149,split_disk,9,1,-1,1975.78,1975.78,1975.78
140,579.00,30.93862807,120.19809884,30.93862807,120.19809884,30.93862807,120.19809884,0.5100,0.00,0,1149,split_disk,9,1,-1,1879.87,1635.75,1635.75
141,585.00,30.93862807,120.19809884,30.93862807,120.19809884,30.93862807,120.19809884,0.5100,0.00,0,1149,split_disk,9,1,-1,1789.12,1789.12,1789.12
142,591.00,30.93862807,120.19809884,30.93862807,120.19809884,30.93862807,120.19809884,0.5100,0.00,0,1149,split_disk,9,1,-1,1693.85,1693.85,1693.85
143,597.00,30.94357332,120.19653528,30.93862807,120.19809884,30.93862807,120.19809884,0.5100,570.40,1,1261,split_disk,9,1,-1,1821.55,1815.04,1815.04
144,603.00,30.93862807,120.19809884,30.93862807,120.19809884,30.93862807,120.19809884,0.5100,0.00,0,1149,split_disk,9,1,-1,1509.81,1509.81,1509.81
145,609.00,30.93862807,120.19809884,30.93862807,120.19809884,30.93862807,120.19809884,0.5100,0.00,0,1149,split_disk,9,1,-1,1415.94,1415.94,1415.94
146,615.00,30.93862807,120.19809884,30.93862807,120.19809884,30.93862807,120.19809884,0.5100,0.00,0,1149,split_disk,9,1,-1,1328.58,1328.58,1328.58
147,621.00,30.93862807,120.19809884,30.93862807,120.19809884,30.93862807,120.19809884,0.5100,0.00,0,1149,split_disk,9,1,-1,1236.30,1236.30,1236.30
148,627.00,30.93862807,120.19809884,30.93862807,120.19809884,30.93862807,120.19809884,0.5100,0.00,0,1149,split_disk,9,1,-1,1151.47,1151.47,1151.47
149,633.00,30.94305827,120.22074906,30.93862807,120.19809884,30.93862807,120.19809884,0.5100,2218.48,1,1272,split_disk,9,1,-1,1720.69,1567.17,1567.17
150,639.00,30.93862807,120.19809884,30.93862807,120.19809884,30.93862807,120.19809884,0.5100,0.00,0,1149,split_disk,9,1,-1,973.50,973.50,973.50
151,645.00,30.93862807,120.19809884,30.93862807,120.19809884,30.93862807,120.19809884,0.5100,0.00,0,1149,split_disk,9,1,-1,895.04,895.04,895.04
152,651.00,30.93862807,120.19809884,30.93862807,120.19809884,30.93862807,120.19809884,0.5100,0.00,0,1149,split_disk,9,1,-1,812.15,812.15,812.15
153,657.00,30.93862807,120.19809884,30.93862807,120.19809884,30.93862807,120.19809884,0.5100,0.00,0,1149,split_disk,9,1,-1,741.75,741.75,741.75
154,663.00,30.94269344,120.22628164,30.93862807,120.19809884,30.93862807,120.19809884,0.5800,2729.09,1,1275,split_disk,12,1,-1,2622.42,1388.80,1388.80
155,669.00,30.94269344,120.22628164,30.93862807,120.19809884,30.93862807,120.19809884,0.5800,2729.09,1,1275,split_disk,12,1,-1,2797.14,966.52,966.52
156,675.00,30.94642618,120.22399965,30.93862807,120.19809884,30.93862807,120.19809884,0.5567,2621.30,1,1386,split_disk,11,1,-1,2854.24,2678.87,2678.87
157,681.00,30.94269344,120.22628164,30.93862807,120.19809884,30.93862807,120.19809884,0.5800,2729.09,1,1275,split_disk,12,1,-1,2966.95,918.36,918.36
158,687.00,30.94269344,120.22628164,30.93862807,120.19809884,30.93862807,120.19809884,0.5800,2729.09,1,1275,split_disk,12,1,-1,3051.29,847.16,847.16
159,693.00,30.94269344,120.22628164,30.93862807,120.19809884,30.93862807,120.19809884,0.5800,2729.09,1,1275,split_disk,12,1,-1,3139.54,902.34,902.34
160,699.00,30.94304754,120.22863868,30.93862807,120.19809884,30.93862807,120.19809884,0.5800,2957.59,1,1276,split_disk,12,1,-1,3418.39,2908.78,2908.78
161,705.00,30.94642618,120.22399965,30.93862807,120.19809884,30.93862807,120.19809884,0.5567,2621.30,1,1386,split_disk,11,1,-1,3253.55,2993.95,2993.95
162,711.00,30.94642618,120.22399965,30.93862807,120.19809884,30.93862807,120.19809884,0.5567,2621.30,1,1386,split_disk,11,1,-1,3333.63,3333.63,3333.63
163,717.00,30.94642618,120.22399965,30.93862807,120.19809884,30.94642618,120.22399965,0.5567,2621.30,1,1386,split_disk,11,1,-1,3414.65,3159.02,3159.02
164,723.00,30.94642618,120.22399965,30.94642618,120.22399965,30.94642618,120.22399965,0.5567,0.00,0,1386,split_disk,11,1,-1,3500.32,3313.06,3313.06
165,729.00,30.94642618,120.22399965,30.94642618,120.22399965,30.94642618,120.22399965,0.5567,0.00,0,1386,split_disk,11,1,-1,3582.87,3330.69,3330.69
166,735.00,30.94642618,120.22399965,30.94642618,120.22399965,30.94642618,120.22399965,0.5567,0.00,0,1386,split_disk,11,1,-1,3669.69,3669.69,3669.69
167,741.00,30.94642618,120.22399965,30.94642618,120.22399965,30.94642618,120.22399965,0.5567,0.00,0,1386,split_disk,11,1,-1,3753.57,3563.53,3563.53
168,746.00,30.94642618,120.22399965,30.94642618,120.22399965,30.94642618,120.22399965,0.5567,0.00,0,1386,split_disk,11,1,-1,3838.12,3647.25,3647.25
169,752.00,30.94269344,120.22628164,30.94642618,120.22399965,30.94642618,120.22399965,0.5800,469.20,1,1275,split_disk,12,1,-1,4029.69,625.72,625.72
170,758.00,30.94642618,120.22399965,30.94642618,120.22399965,30.94642618,120.22399965,0.5567,0.00,0,1386,split_disk,11,1,-1,4012.06,3819.88,3819.88
171,764.00,30.94642618,120.22399965,30.94642618,120.22399965,30.94642618,120.22399965,0.5567,0.00,0,1386,split_disk,11,1,-1,4101.15,3908.47,3908.47
172,770.00,30.94642618,120.22399965,30.94642618,120.22399965,30.94642618,120.22399965,0.5567,0.00,0,1386,split_disk,11,1,-1,4187.75,1419.78,1419.78
173,776.00,30.94642618,120.22399965,30.94642618,120.22399965,30.94642618,120.22399965,0.5567,0.00,0,1386,split_disk,11,1,-1,4277.54,4083.83,4083.83
174,782.00,30.94642618,120.22399965,30.94642618,120.22399965,30.94642618,120.22399965,0.5567,0.00,0,1386,split_disk,11,1,-1,4364.99,4170.76,4170.76
175,788.00,30.94642618,120.22399965,30.94642618,120.22399965,30.94642618,120.22399965,0.5567,0.00,0,1386,split_disk,11,1,-1,4455.38,4260.79,4260.79
176,794.00,30.94642618,120.22399965,30.94642618,120.22399965,30.94642618,120.22399965,0.5567,0.00,0,1386,split_disk,11,1,-1,4543.58,4348.54,4348.54
177,800.00,30.94642618,120.22399965,30.94642618,120.22399965,30.94642618,120.22399965,0.5567,0.00,0,1386,split_disk,11,1,-1,4632.18,4436.73,4436.73
178,806.00,30.94642618,120.22399965,30.94642618,120.22399965,30.94642618,120.22399965,0.5567,0.00,0,1386,split_disk,11,1,-1,4723.38,4527.65,4527.65
179,811.00,30.94642618,120.22399965,30.94642618,120.22399965,30.94642618,120.22399965,0.5567,0.00,0,1386,split_disk,11,1,-1,4812.61,4616.53,4616.53
180,817.00,30.94642618,120.22399965,30.94642618,120.22399965,30.94642618,120.22399965,0.5567,0.00,0,1386,split_disk,11,1,-1,4904.25,4707.93,4707.93
181,823.00,30.90805936,120.24741289,30.94642618,120.22399965,30.94642618,120.22399965,0.5567,4820.83,1,165,split_disk,11,1,-1,7929.80,2365.58,2365.58
182,829.00,30.90805936,120.24741289,30.94642618,120.22399965,30.94642618,120.22399965,0.5567,4820.83,1,165,split_disk,11,1,-1,8020.45,4889.25,4889.25
183,835.00,30.90805936,120.24741289,30.94642618,120.22399965,30.94642618,120.22399965,0.5567,4820.83,1,165,split_disk,11,1,-1,8116.06,2460.03,2460.03
184,841.00,30.94642618,120.22399965,30.94642618,120.22399965,30.94642618,120.22399965,0.5567,0.00,0,1386,split_disk,11,1,-1,5268.78,5071.51,5071.51
185,847.00,30.94642618,120.22399965,30.94642618,120.22399965,30.94642618,120.22399965,0.5567,0.00,0,1386,split_disk,11,1,-1,5359.56,5162.05,5162.05
186,853.00,30.94642618,120.22399965,30.94642618,120.22399965,30.94642618,120.22399965,0.5567,0.00,0,1386,split_disk,11,1,-1,5450.59,5252.87,5252.87
187,859.00,30.94642618,120.22399965,30.94642618,120.22399965,30.94642618,120.22399965,0.5567,0.00,0,1386,split_disk,11,1,-1,5543.44,5345.59,5345.59
188,865.00,30.94642618,120.22399965,30.94642618,120.22399965,30.94642618,120.22399965,0.5567,0.00,0,1386,split_disk,11,1,-1,5729.48,5531.37,5531.37
189,871.00,30.94357332,120.19653528,30.94642618,120.22399965,30.94642618,120.22399965,0.5100,2641.85,1,1261,split_disk,9,1,-1,3193.17,2400.02,2400.02
190,876.00,30.94642618,120.22399965,30.94642618,120.22399965,30.94642618,120.22399965,0.5567,0.00,0,1386,split_disk,11,1,-1,5914.51,5716.13,5716.13
191,882.00,30.90805936,120.24741289,30.94642618,120.22399965,30.94642618,120.22399965,0.5567,4820.83,1,165,split_disk,11,1,-1,8951.39,5809.43,5809.43
192,888.00,30.90805936,120.24741289,30.94642618,120.22399965,30.94642618,120.22399965,0.5567,4820.83,1,165,split_disk,11,1,-1,9047.64,3334.68,3334.68
193,894.00,30.90805936,120.24741289,30.94642618,120.22399965,30.94642618,120.22399965,0.5567,4820.83,1,165,split_disk,11,1,-1,9139.40,3425.80,3425.80
194,900.00,30.94642618,120.22399965,30.94642618,120.22399965,30.94642618,120.22399965,0.5567,0.00,0,1386,split_disk,11,1,-1,6286.18,6087.36,6087.36
195,907.00,30.94642618,120.22399965,30.94642618,120.22399965,30.94642618,120.22399965,0.5567,0.00,0,1386,split_disk,11,1,-1,6378.83,6179.90,6179.90
196,913.00,30.94642618,120.22399965,30.94642618,120.22399965,30.94642618,120.22399965,0.5567,0.00,0,1386,split_disk,11,1,-1,6472.72,6273.73,6273.73
197,919.00,30.94642618,120.22399965,30.94642618,120.22399965,30.94642618,120.22399965,0.5567,0.00,0,1386,split_disk,11,1,-1,6565.63,6366.54,6366.54
198,925.00,30.94642618,120.22399965,30.94642618,120.22399965,30.94642618,120.22399965,0.5567,0.00,0,1386,split_disk,11,1,-1,6659.68,6460.54,6460.54
199,931.00,30.94357332,120.19653528,30.94642618,120.22399965,30.94642618,120.22399965,0.5100,2641.85,1,1261,split_disk,9,1,-1,4131.65,3327.62,3327.62
200,937.00,30.94357332,120.19653528,30.94642618,120.22399965,30.94642618,120.22399965,0.5100,2641.85,1,1261,split_disk,9,1,-1,4226.59,3423.19,3423.19
201,944.00,30.94642618,120.22399965,30.94642618,120.22399965,30.94642618,120.22399965,0.5567,0.00,0,1386,split_disk,11,1,-1,6940.40,3518.92,3518.92
202,950.00,30.94642618,120.22399965,30.94642618,120.22399965,30.94642618,120.22399965,0.5567,0.00,0,1386,split_disk,11,1,-1,7033.89,6834.47,6834.47
203,957.00,30.94357332,120.19653528,30.94642618,120.22399965,30.94642618,120.22399965,0.5100,2641.85,1,1261,split_disk,9,1,-1,4511.07,3710.50,3710.50
204,963.00,30.94357332,120.19653528,30.94642618,120.22399965,30.94642618,120.22399965,0.5100,2641.85,1,1261,split_disk,9,1,-1,4606.02,3806.52,3806.52
205,969.00,30.94444247,120.23502890,30.94642618,120.22399965,30.94642618,120.22399965,0.4867,1076.13,1,1278,split_disk,8,1,-1,8100.97,6717.95,6717.95
206,975.00,30.94357332,120.19653528,30.94642618,120.22399965,30.94642618,120.22399965,0.5100,2641.85,1,1261,split_disk,9,1,-1,4796.43,474.28,474.28
207,981.00,30.94642618,120.22399965,30.94642618,120.22399965,30.94642618,120.22399965,0.5567,0.00,0,1386,split_disk,11,1,-1,7505.03,7505.03,7505.03
208,987.00,30.94642618,120.22399965,30.94642618,120.22399965,30.94642618,120.22399965,0.5567,0.00,0,1386,split_disk,11,1,-1,7599.07,7399.39,7399.39
209,993.00,30.94269344,120.22628164,30.94642618,120.22399965,30.94642618,120.22399965,0.5800,469.20,1,1275,split_disk,12,1,-1,7882.53,3487.96,3487.96
210,1059.00,30.93758256,120.19232154,30.94642618,120.22399965,30.94642618,120.22399965,0.4867,3181.24,1,1091,split_disk,8,1,-1,4692.47,1121.93,1121.93
211,1063.00,30.92759081,120.22123689,30.94642618,120.22399965,30.94642618,120.22399965,0.5333,2113.29,1,824,split_disk,10,1,-1,7300.65,7070.47,7070.47
212,1067.00,30.93301892,120.22606900,30.94642618,120.22399965,30.94642618,120.22399965,0.4867,1505.52,1,939,split_disk,8,1,-1,7740.79,6891.91,6891.91
213,1071.00,30.90711509,120.25167667,30.94642618,120.22399965,30.94642618,120.22399965,0.6967,5112.32,1,167,split_disk,17,1,-1,10641.45,4398.61,4398.61
214,1639.00,30.93758256,120.19232154,30.94642618,120.22399965,30.94642618,120.22399965,0.4867,3181.24,1,1091,split_disk,8,1,-1,4692.47,1121.93,1121.93
215,1643.00,30.92759081,120.22123689,30.94642618,120.22399965,30.94642618,120.22399965,0.5333,2113.29,1,824,split_disk,10,1,-1,7302.62,7072.18,7072.18
216,1647.00,30.92804148,120.22620659,30.94642618,120.22399965,30.94642618,120.22399965,0.5800,2057.41,1,827,split_disk,12,1,-1,7795.99,7172.09,7172.09
217,1650.00,30.92804148,120.22620659,30.94642618,120.22399965,30.94642618,120.22399965,0.5800,2057.41,1,827,split_disk,12,1,-1,7699.96,7000.90,7000.90
218,1654.00,30.93660144,120.22158713,30.94642618,120.22399965,30.93660144,120.22158713,0.6267,1117.69,1,1048,split_disk,14,1,-1,6914.46,6714.88,6714.88
219,1658.00,30.93440780,120.21998604,30.93660144,120.22158713,30.93660144,120.22158713,0.5100,288.11,1,992,split_disk,9,1,-1,6833.91,6605.11,6605.11
220,0.00,30.93660144,120.22158713,30.93660144,120.22158713,30.93660144,120.22158713,0.6267,0.00,0,1048,split_disk,14,1,,,,
221,0.00,30.93660144,120.22158713,30.93660144,120.22158713,30.93660144,120.22158713,0.6267,0.00,0,1048,split_disk,14,1,,,,
222,0.00,30.93660144,120.22158713,30.93660144,120.22158713,30.93660144,120.22158713,0.6267,0.00,0,1048,split_disk,14,1,,,,
223,0.00,30.93660144,120.22158713,30.93660144,120.22158713,30.93660144,120.22158713,0.6267,0.00,0,1048,split_disk,14,1,,,,
224,0.00,30.93660144,120.22158713,30.93660144,120.22158713,30.93660144,120.22158713,0.6267,0.00,0,1048,split_disk,14,1,,,,
225,0.00,30.92804148,120.22620659,30.93660144,120.22158713,30.93660144,120.22158713,0.5800,1050.05,1,827,split_disk,12,1,,,,
226,0.00,30.93660144,120.22158713,30.93660144,120.22158713,30.93660144,120.22158713,0.6267,0.00,0,1048,split_disk,14,1,,,,
227,0.00,30.93660144,120.22158713,30.93660144,120.22158713,30.93660144,120.22158713,0.6267,0.00,0,1048,split_disk,14,1,,,,
228,0.00,30.93440780,120.21998604,30.93660144,120.22158713,30.93660144,120.22158713,0.5100,288.11,1,992,split_disk,9,1,,,,
229,0.00,30.93440780,120.21998604,30.93660144,120.22158713,30.93660144,120.22158713,0.5100,288.11,1,992,split_disk,9,1,,,,
230,0.00,30.93660144,120.22158713,30.93660144,120.22158713,30.93660144,120.22158713,0.6267,0.00,0,1048,split_disk,14,1,,,,
231,0.00,30.93660144,120.22158713,30.93660144,120.22158713,30.93660144,120.22158713,0.6267,0.00,0,1048,split_disk,14,1,,,,
232,0.00,30.92759081,120.22123689,30.93660144,120.22158713,30.93660144,120.22158713,0.5333,1003.62,1,824,split_disk,10,1,,,,
233,0.00,30.92759081,120.22123689,30.93660144,120.22158713,30.93660144,120.22158713,0.5333,1003.62,1,824,split_disk,10,1,,,,
234,0.00,30.92804148,120.22620659,30.93660144,120.22158713,30.93660144,120.22158713,0.5800,1050.05,1,827,split_disk,12,1,,,,
235,0.00,30.92804148,120.22620659,30.93660144,120.22158713,30.93660144,120.22158713,0.5800,1050.05,1,827,split_disk,12,1,,,,
236,0.00,30.93660144,120.22158713,30.93660144,120.22158713,30.93660144,120.22158713,0.6267,0.00,0,1048,split_disk,14,1,,,,
237,0.00,30.93440780,120.21998604,30.93660144,120.22158713,30.93660144,120.22158713,0.5100,288.11,1,992,split_disk,9,1,,,,
238,0.00,30.93804396,120.22887634,30.93660144,120.22158713,30.93660144,120.22158713,0.5100,714.36,1,1108,split_disk,9,1,,,,
239,0.00,30.93804396,120.22887634,30.93660144,120.22158713,30.93660144,120.22158713,0.5100,714.36,1,1108,split_disk,9,1,,,,
240,0.00,30.93804396,120.22887634,30.93660144,120.22158713,30.93660144,120.22158713,0.5100,714.36,1,1108,split_disk,9,1,,,,
241,0.00,30.93804396,120.22887634,30.93660144,120.22158713,30.93660144,120.22158713,0.5100,714.36,1,1108,split_disk,9,1,,,,
242,0.00,30.93804396,120.22887634,30.93660144,120.22158713,30.93660144,120.22158713,0.5100,714.36,1,1108,split_disk,9,1,,,,
243,0.00,30.93804396,120.22887634,30.93660144,120.22158713,30.93660144,120.22158713,0.5100,714.36,1,1108,split_disk,9,1,,,,
244,0.00,30.93804396,120.22887634,30.93660144,120.22158713,30.93660144,120.22158713,0.5100,714.36,1,1108,split_disk,9,1,,,,
245,0.00,30.93804396,120.22887634,30.93660144,120.22158713,30.93660144,120.22158713,0.5100,714.36,1,1108,split_disk,9,1,,,,
246,0.00,30.93804396,120.22887634,30.93660144,120.22158713,30.93804396,120.22887634,0.5100,714.36,1,1108,split_disk,9,1,,,,
247,0.00,30.93440780,120.21998604,30.93804396,120.22887634,30.93804396,120.22887634,0.5100,940.53,1,992,split_disk,9,1,,,,
248,0.00,30.93804396,120.22887634,30.93804396,120.22887634,30.93804396,120.22887634,0.5100,0.00,0,1108,split_disk,9,1,,,,
249,0.00,30.92759081,120.22123689,30.93804396,120.22887634,30.93804396,120.22887634,0.5333,1373.42,1,824,split_disk,10,1,,,,
250,0.00,30.93660144,120.22158713,30.93804396,120.22887634,30.93804396,120.22887634,0.6267,714.36,1,1048,split_disk,14,1,,,,
251,0.00,30.92804148,120.22620659,30.93804396,120.22887634,30.93804396,120.22887634,0.5800,1142.29,1,827,split_disk,12,1,,,,
252,0.00,30.92804148,120.22620659,30.93804396,120.22887634,30.93804396,120.22887634,0.5800,1142.29,1,827,split_disk,12,1,,,,
253,0.00,30.93660144,120.22158713,30.93804396,120.22887634,30.93804396,120.22887634,0.6267,714.36,1,1048,split_disk,14,1,,,,
254,0.00,30.92804148,120.22620659,30.93804396,120.22887634,30.93804396,120.22887634,0.5800,1142.29,1,827,split_disk,12,1,,,,
255,0.00,30.92804148,120.22620659,30.93804396,120.22887634,30.93804396,120.22887634,0.5800,1142.29,1,827,split_disk,12,1,,,,
256,0.00,30.93660144,120.22158713,30.93804396,120.22887634,30.93804396,120.22887634,0.6267,714.36,1,1048,split_disk,14,1,,,,
257,0.00,30.93660144,120.22158713,30.93804396,120.22887634,30.93804396,120.22887634,0.6267,714.36,1,1048,split_disk,14,1,,,,
258,0.00,30.93660144,120.22158713,30.93804396,120.22887634,30.93660144,120.22158713,0.6267,714.36,1,1048,split_disk,14,1,,,,
259,0.00,30.92804148,120.22620659,30.93660144,120.22158713,30.93660144,120.22158713,0.5800,1050.05,1,827,split_disk,12,1,,,,
260,1662.00,30.92804148,120.22620659,30.93660144,120.22158713,30.93660144,120.22158713,0.5800,1050.05,1,827,split_disk,12,1,-1,7408.23,6586.69,6586.69
261,1666.00,30.93660144,120.22158713,30.93660144,120.22158713,30.93660144,120.22158713,0.6267,0.00,0,1048,split_disk,14,1,-1,6625.13,6425.48,6425.48
262,1670.00,30.93660144,120.22158713,30.93660144,120.22158713,30.93660144,120.22158713,0.6267,0.00,0,1048,split_disk,14,1,-1,6529.16,6318.63,6318.63
263,1674.00,30.93600054,120.22862617,30.93660144,120.22158713,30.93660144,120.22158713,0.5333,675.51,1,1052,split_disk,10,1,-1,7231.52,6223.28,6223.28
264,1677.00,30.93660144,120.22158713,30.93660144,120.22158713,30.93660144,120.22158713,0.6267,0.00,0,1048,split_disk,14,1,-1,6336.62,6136.91,6136.91
265,1681.00,30.93600054,120.22862617,30.93660144,120.22158713,30.93660144,120.22158713,0.5333,675.51,1,1052,split_disk,10,1,-1,7039.18,6032.67,6032.67
266,1685.00,30.93440780,120.21998604,30.93660144,120.22158713,30.93660144,120.22158713,0.5100,288.11,1,992,split_disk,9,1,-1,6157.33,5937.35,5937.35
267,1689.00,30.93804396,120.22887634,30.93660144,120.22158713,30.93660144,120.22158713,0.5100,714.36,1,1108,split_disk,9,1,-1,6841.60,5863.96,5863.96
268,1693.00,30.94155137,120.22678198,30.93660144,120.22158713,30.93660144,120.22158713,0.5100,741.43,1,1219,split_disk,9,1,-1,6554.41,3163.88,3163.88
269,1697.00,30.94305827,120.22074906,30.93660144,120.22158713,30.93660144,120.22158713,0.5100,723.22,1,1272,split_disk,9,1,-1,5875.98,3070.21,3070.21
270,1701.00,30.93862807,120.19809884,30.93660144,120.22158713,30.93660144,120.22158713,0.5100,2254.32,1,1149,split_disk,9,1,-1,3558.30,1138.05,1138.05
271,1704.00,30.94357332,120.19653528,30.93660144,120.22158713,30.93660144,120.22158713,0.5100,2515.06,1,1261,split_disk,9,1,-1,3508.10,1224.81,1224.81
272,1708.00,30.94357332,120.19653528,30.93660144,120.22158713,30.93660144,120.22158713,0.5100,2515.06,1,1261,split_disk,9,1,-1,3417.85,1313.16,1313.16
273,1712.00,30.93862807,120.19809884,30.93660144,120.22158713,30.93660144,120.22158713,0.5100,2254.32,1,1149,split_disk,9,1,-1,3275.36,1396.25,1396.25
274,1716.00,30.94305827,120.22074906,30.93660144,120.22158713,30.94305827,120.22074906,0.5100,723.22,1,1272,split_disk,9,1,-1,5410.60,2609.96,2609.96
275,1719.00,30.94305827,120.22074906,30.94305827,120.22074906,30.94305827,120.22074906,0.5100,0.00,0,1272,split_disk,9,1,-1,5317.14,5118.70,5118.70
276,1723.00,30.94305827,120.22074906,30.94305827,120.22074906,30.94305827,120.22074906,0.5100,0.00,0,1272,split_disk,9,1,-1,5225.20,5026.93,5026.93
277,1727.00,30.94357332,120.19653528,30.94305827,120.22074906,30.94305827,120.22074906,0.5100,2312.99,1,1261,split_disk,9,1,-1,2966.18,1753.23,1753.23
278,1731.00,30.94155137,120.22678198,30.94305827,120.22074906,30.94305827,120.22074906,0.5100,600.04,1,1219,split_disk,9,1,-1,5613.56,4916.81,4916.81
279,1735.00,30.94305827,120.22074906,30.94305827,120.22074906,30.94305827,120.22074906,0.5100,0.00,0,1272,split_disk,9,1,-1,4949.13,4751.40,4751.40
280,1738.00,30.94305827,120.22074906,30.94305827,120.22074906,30.94305827,120.22074906,0.5100,0.00,0,1272,split_disk,9,1,-1,4856.38,4658.82,4658.82
281,1742.00,30.93804396,120.22887634,30.94305827,120.22074906,30.94305827,120.22074906,0.5100,955.99,1,1108,split_disk,9,1,-1,5506.57,4568.22,4568.22
282,1746.00,30.94305827,120.22074906,30.94305827,120.22074906,30.94305827,120.22074906,0.5100,0.00,0,1272,split_disk,9,1,-1,4673.12,4673.12,4673.12
283,1749.00,30.94357332,120.19653528,30.94305827,120.22074906,30.94305827,120.22074906,0.5100,2312.99,1,1261,split_disk,9,1,-1,2446.20,1626.21,1626.21
284,1753.00,30.94357332,120.19653528,30.94305827,120.22074906,30.94305827,120.22074906,0.5100,2312.99,1,1261,split_disk,9,1,-1,2359.89,1542.09,1542.09
285,1757.00,30.94444247,120.23502890,30.94305827,120.22074906,30.94305827,120.22074906,0.4867,1372.32,1,1278,split_disk,8,1,-1,5489.67,4401.77,4401.77
286,1761.00,30.94357332,120.19653528,30.94305827,120.22074906,30.94305827,120.22074906,0.5100,2312.99,1,1261,split_disk,9,1,-1,2106.06,1299.80,1299.80
287,1764.00,30.94357332,120.19653528,30.94305827,120.22074906,30.94305827,120.22074906,0.5100,2312.99,1,1261,split_disk,9,1,-1,2028.22,1229.45,1229.45
288,1768.00,30.94357332,120.19653528,30.94305827,120.22074906,30.94305827,120.22074906,0.5100,2312.99,1,1261,split_disk,9,1,-1,1952.20,504.59,504.59
289,1772.00,30.93862807,120.19809884,30.94305827,120.22074906,30.94305827,120.22074906,0.5100,2218.48,1,1149,split_disk,9,1,-1,1717.84,299.21,299.21
290,1776.00,30.94087536,120.15981242,30.94305827,120.22074906,30.94305827,120.22074906,0.4633,5824.18,1,1187,split_disk,7,1,-1,2172.87,405.07,405.07
291,1780.00,30.93862807,120.19809884,30.94305827,120.22074906,30.94305827,120.22074906,0.5100,2218.48,1,1149,split_disk,9,1,-1,1547.08,360.27,360.27
292,1783.00,30.93876756,120.19084009,30.94305827,120.22074906,30.93876756,120.19084009,0.4867,2895.80,1,1146,split_disk,8,1,-1,937.60,936.16,936.16
293,1787.00,30.90711509,120.25167667,30.93876756,120.19084009,30.93876756,120.19084009,0.6967,6794.58,1,167,split_disk,17,1,-1,7140.91,4826.18,4826.18
294,1791.00,30.92160611,120.22183730,30.93876756,120.19084009,30.93876756,120.19084009,0.6267,3523.02,1,600,split_disk,14,1,-1,3652.52,3652.52,3652.52
295,1795.00,30.92160611,120.22183730,30.93876756,120.19084009,30.93876756,120.19084009,0.6267,3523.02,1,600,split_disk,14,1,-1,3555.89,3460.17,3460.17
296,1799.00,30.92160611,120.22183730,30.93876756,120.19084009,30.93876756,120.19084009,0.6267,3523.02,1,600,split_disk,14,1,-1,3463.77,3463.77,3463.77
297,1803.00,30.92886771,120.16395111,30.93876756,120.19084009,30.93876756,120.19084009,0.5100,2794.25,1,797,split_disk,9,1,-1,2385.75,2191.83,2191.83
298,1807.00,30.92160611,120.22183730,30.93876756,120.19084009,30.93876756,120.19084009,0.6267,3523.02,1,600,split_disk,14,1,-1,3275.63,2281.59,2281.59
299,1810.00,30.92721525,120.16558266,30.93876756,120.19084009,30.93876756,120.19084009,0.5100,2733.36,1,798,split_disk,9,1,-1,2369.35,2369.35,2369.35
300,1814.00,30.93142618,120.16547714,30.93876756,120.19084009,30.93876756,120.19084009,0.5800,2556.18,1,853,split_disk,12,1,-1,2624.67,2460.20,2460.20
301,1818.00,30.91242985,120.24378705,30.93876756,120.19084009,30.93876756,120.19084009,0.5567,5844.71,1,331,split_disk,11,1,-1,5408.73,5408.73,5408.73
302,1822.00,30.92201386,120.24999508,30.93876756,120.19084009,30.92201386,120.24999508,0.4867,5948.88,1,614,split_disk,8,1,-1,5553.19,5277.44,5277.44
303,1826.00,30.92201386,120.24999508,30.92201386,120.24999508,30.92201386,120.24999508,0.4867,0.00,0,614,split_disk,8,1,-1,5455.13,4873.30,4873.30
304,1830.00,30.91242985,120.24378705,30.92201386,120.24999508,30.92201386,120.24999508,0.5567,1220.54,1,331,split_disk,11,1,-1,5131.02,5083.55,5083.55
305,1834.00,30.92201386,120.24999508,30.92201386,120.24999508,30.92201386,120.24999508,0.4867,0.00,0,614,split_disk,8,1,-1,5261.60,4985.69,4985.69
306,1838.00,30.92201386,120.24999508,30.92201386,120.24999508,30.92201386,120.24999508,0.4867,0.00,0,614,split_disk,8,1,-1,5163.55,4514.39,4514.39
307,1842.00,30.91242985,120.24378705,30.92201386,120.24999508,30.92201386,120.24999508,0.5567,1220.54,1,331,split_disk,11,1,-1,4849.70,2790.22,2790.22
308,1846.00,30.91242985,120.24378705,30.92201386,120.24999508,30.92201386,120.24999508,0.5567,1220.54,1,331,split_disk,11,1,-1,4754.51,1430.64,1430.64
309,1850.00,30.91242985,120.24378705,30.92201386,120.24999508,30.92201386,120.24999508,0.5567,1220.54,1,331,split_disk,11,1,-1,4664.59,3323.24,3323.24
310,1853.00,30.91242985,120.24378705,30.92201386,120.24999508,30.92201386,120.24999508,0.5567,1220.54,1,331,split_disk,11,1,-1,4569.70,3228.56,3228.56
311,1857.00,30.90453516,120.16715873,30.92201386,120.24999508,30.92201386,120.24999508,0.5800,8146.20,1,70,split_disk,12,1,-1,4528.19,3256.87,3256.87
312,1861.00,30.92899647,120.16294498,30.92201386,120.24999508,30.92201386,120.24999508,0.5800,8349.06,1,796,split_disk,12,1,-1,3963.28,3339.22,3339.22
313,1865.00,30.92899647,120.16294498,30.92201386,120.24999508,30.92201386,120.24999508,0.5800,8349.06,1,796,split_disk,12,1,-1,4056.90,1731.78,1731.78
314,1869.00,30.92899647,120.16294498,30.92201386,120.24999508,30.92201386,120.24999508,0.5800,8349.06,1,796,split_disk,12,1,-1,4151.43,1972.75,1972.75
315,1873.00,30.92886771,120.16395111,30.92201386,120.24999508,30.92201386,120.24999508,0.5100,8252.07,1,797,split_disk,9,1,-1,4045.72,2262.39,2262.39
316,1877.00,30.92886771,120.16395111,30.92201386,120.24999508,30.92886771,120.16395111,0.5100,8252.07,1,797,split_disk,9,1,-1,4140.39,2213.22,2213.22
317,1881.00,30.90352185,120.24539358,30.92886771,120.16395111,30.92886771,120.16395111,0.5333,8273.29,1,52,split_disk,10,1,-1,4673.05,2156.81,2156.81
318,1885.00,30.90615543,120.16506436,30.92886771,120.16395111,30.90619463,120.16506244,0.8133,2530.56,0,69,split_disk,22,1,-1,5234.06,3949.64,3949.64
319,1889.00,30.92160611,120.17065948,30.90362253,120.16518852,30.90362253,120.16518852,0.5333,2068.98,1,576,split_disk,10,1,-1,4036.61,4008.14,4008.14
320,1893.00,30.91242985,120.24378705,30.90105043,120.16531459,30.90105043,120.16531459,0.5567,7600.00,1,331,split_disk,11,1,-1,3579.62,2007.84,2007.84
321,1897.00,30.91242985,120.24378705,30.89847834,120.16544066,30.89847834,120.16544066,0.5567,7641.14,1,331,split_disk,11,1,-1,3487.80,1969.53,1969.53
322,1901.00,30.91242985,120.24378705,30.89590624,120.16556673,30.89590624,120.16556673,0.5567,7692.75,1,331,split_disk,11,1,-1,3396.33,3396.33,3396.33
323,1905.00,30.91242985,120.24378705,30.89333414,120.16569281,30.89333414,120.16569281,0.5567,7754.62,1,331,split_disk,11,1,-1,3311.65,1916.89,1916.89
324,1909.00,30.91242985,120.24378705,30.89076205,120.16581888,30.89076205,120.16581888,0.5567,7826.49,1,331,split_disk,11,1,-1,3221.07,363.61,363.61
325,1913.00,30.91006452,120.21558468,30.88818995,120.16594495,30.88818995,120.16594495,0.5333,5329.19,1,262,split_disk,10,1,-1,2082.64,430.34,430.34
326,1917.00,30.91242985,120.24378705,30.88561785,120.16607103,30.88561785,120.16607103,0.5567,7999.15,1,331,split_disk,11,1,-1,3048.07,1867.58,1867.58
327,1921.00,30.91242985,120.24378705,30.88304576,120.16619710,30.88304576,120.16619710,0.5567,8099.32,1,331,split_disk,11,1,-1,2966.00,1868.39,1868.39
328,1925.00,30.91242985,120.24378705,30.88047366,120.16632317,30.91242985,120.24378705,0.5567,8208.28,1,331,split_disk,11,1,-1,2877.74,1863.23,1863.23
329,1929.00,30.91242985,120.24378705,30.91242985,120.24378705,30.91242985,120.24378705,0.5567,0.00,0,331,split_disk,11,1,-1,2797.33,1874.00,1874.00
330,1933.00,30.91006452,120.21558468,30.91242985,120.24378705,30.91242985,120.24378705,0.5333,2706.01,1,262,split_disk,10,1,-1,2070.57,1878.99,1878.99
331,1936.00,30.92201386,120.24999508,30.91242985,120.24378705,30.91242985,120.24378705,0.4867,1220.54,1,614,split_disk,8,1,-1,2652.51,2085.59,2085.59
332,1940.00,30.91242985,120.24378705,30.91242985,120.24378705,30.91242985,120.24378705,0.5567,0.00,0,331,split_disk,11,1,-1,2547.19,1992.88,1992.88
333,1944.00,30.92804148,120.22620659,30.91242985,120.24378705,30.91242985,120.24378705,0.5800,2416.35,1,827,split_disk,12,1,5,160.75,82.76,82.76
334,1948.00,30.92804148,120.22620659,30.91242985,120.24378705,30.91242985,120.24378705,0.5800,2416.35,1,827,split_disk,12,1,1,91.33,91.33,91.33
335,1952.00,30.91242985,120.24378705,30.91242985,120.24378705,30.91242985,120.24378705,0.5567,0.00,0,331,split_disk,11,1,-1,2306.87,1158.84,1158.84
336,1956.00,30.91242985,120.24378705,30.91242985,120.24378705,30.91242985,120.24378705,0.5567,0.00,0,331,split_disk,11,1,-1,2235.11,1122.28,1122.28
337,1960.00,30.91242985,120.24378705,30.91242985,120.24378705,30.91242985,120.24378705,0.5567,0.00,0,331,split_disk,11,1,-1,2156.61,1081.98,1081.98
338,1964.00,30.91242985,120.24378705,30.91242985,120.24378705,30.91242985,120.24378705,0.5567,0.00,0,331,split_disk,11,1,-1,2088.60,1060.43,1060.43
339,1968.00,30.91242985,120.24378705,30.91242985,120.24378705,30.91242985,120.24378705,0.5567,0.00,0,331,split_disk,11,1,-1,2013.82,621.03,621.03
340,1972.00,30.91242985,120.24378705,30.91242985,120.24378705,30.91242985,120.24378705,0.5567,0.00,0,331,split_disk,11,1,-1,1941.12,1020.78,1020.78
341,1976.00,30.92160611,120.22183730,30.91242985,120.24378705,30.91242985,120.24378705,0.6267,2331.74,1,600,split_disk,14,1,-1,1357.49,1357.49,1357.49
342,1980.00,30.92201386,120.24999508,30.91242985,120.24378705,30.91242985,120.24378705,0.4867,1220.54,1,614,split_disk,8,1,-1,1597.13,1060.76,1060.76
343,1984.00,30.92201386,120.24999508,30.91242985,120.24378705,30.91242985,120.24378705,0.4867,1220.54,1,614,split_disk,8,1,-1,1504.32,975.67,975.67
344,1988.00,30.91006452,120.21558468,30.91242985,120.24378705,30.91242985,120.24378705,0.5333,2706.01,1,262,split_disk,10,1,-1,2583.13,1407.58,1407.58
345,1992.00,30.91242985,120.24378705,30.91242985,120.24378705,30.91242985,120.24378705,0.5567,0.00,0,331,split_disk,11,1,-1,1649.28,805.47,805.47
346,1996.00,30.91242985,120.24378705,30.91242985,120.24378705,30.91242985,120.24378705,0.5567,0.00,0,331,split_disk,11,1,-1,1595.76,1219.39,1219.39
347,2000.00,30.91242985,120.24378705,30.91242985,120.24378705,30.91242985,120.24378705,0.5567,0.00,0,331,split_disk,11,1,-1,1546.62,640.13,640.13
348,2004.00,30.91242985,120.24378705,30.91242985,120.24378705,30.91242985,120.24378705,0.5567,0.00,0,331,split_disk,11,1,-1,1513.17,719.52,719.52
349,2008.00,30.90711509,120.25167667,30.91242985,120.24378705,30.91242985,120.24378705,0.6967,957.95,1,167,split_disk,17,1,-1,2296.48,1302.68,1302.68
350,2011.00,30.91067615,120.23636024,30.91242985,120.24378705,30.91242985,120.24378705,0.6033,735.60,1,271,split_disk,13,1,-1,1779.94,1369.08,1369.08
351,2072.00,30.94488708,120.17341680,30.91242985,120.24378705,30.91242985,120.24378705,0.4633,7629.73,1,1305,split_disk,7,1,-1,7105.01,5840.69,5840.69
352,2078.00,30.93539965,120.17498580,30.91242985,120.24378705,30.91242985,120.24378705,0.5100,7050.17,1,1026,split_disk,9,1,-1,6534.25,4651.41,4651.41
353,2085.00,30.94664079,120.16371345,30.91242985,120.24378705,30.91242985,120.24378705,0.4867,8542.48,1,1357,split_disk,8,1,-1,7734.44,4921.45,4921.45
354,2091.00,30.92160611,120.22183730,30.91242985,120.24378705,30.91242985,120.24378705,0.6267,2331.74,1,600,split_disk,14,1,-1,1803.41,1187.67,1187.67
355,2097.00,30.90711509,120.25167667,30.91242985,120.24378705,30.91242985,120.24378705,0.6967,957.95,1,167,split_disk,17,1,-1,2252.41,940.70,940.70
356,2103.00,30.90711509,120.25167667,30.91242985,120.24378705,30.91242985,120.24378705,0.6967,957.95,1,167,split_disk,17,1,-1,2326.83,888.98,888.98
357,2109.00,30.90711509,120.25167667,30.91242985,120.24378705,30.91242985,120.24378705,0.6967,957.95,1,167,split_disk,17,1,-1,2402.94,1528.76,1528.76
358,2115.00,30.92721525,120.16558266,30.91242985,120.24378705,30.92721525,120.16558266,0.5100,7647.31,1,798,split_disk,9,1,-1,6627.07,1735.89,1735.89
359,2121.00,30.92804148,120.22620659,30.92721525,120.16558266,30.92721525,120.16558266,0.5800,5789.98,1,827,split_disk,12,1,-1,862.59,499.68,499.68
360,2127.00,30.93142618,120.16547714,30.92721525,120.16558266,30.92721525,120.16558266,0.5800,468.87,1,853,split_disk,12,1,-1,6650.91,4168.21,4168.21
361,2133.00,30.91242985,120.24378705,30.92721525,120.16558266,30.92721525,120.16558266,0.5567,7647.31,1,331,split_disk,11,1,-1,1725.43,1607.95,1607.95
362,2139.00,30.91242985,120.24378705,30.92721525,120.16558266,30.92721525,120.16558266,0.5567,7647.31,1,331,split_disk,11,1,-1,1795.11,1227.73,1227.73
363,2145.00,30.91242985,120.24378705,30.92721525,120.16558266,30.92721525,120.16558266,0.5567,7647.31,1,331,split_disk,11,1,-1,1875.31,1875.31,1875.31
364,2151.00,30.91242985,120.24378705,30.92721525,120.16558266,30.92721525,120.16558266,0.5567,7647.31,1,331,split_disk,11,1,-1,1949.18,1420.36,1420.36
365,2157.00,30.91242985,120.24378705,30.92721525,120.16558266,30.92721525,120.16558266,0.5567,7647.31,1,331,split_disk,11,1,-1,2032.65,2032.65,2032.65
366,2163.00,30.91945539,120.21829195,30.92721525,120.16558266,30.92721525,120.16558266,0.6267,5107.03,1,543,split_disk,14,1,-1,1056.10,908.35,908.35
367,2169.00,30.90711509,120.25167667,30.92721525,120.16558266,30.92721525,120.16558266,0.6967,8520.55,1,167,split_disk,17,1,-1,3193.87,787.62,787.62
368,2175.00,30.91242985,120.24378705,30.92721525,120.16558266,30.91242985,120.24378705,0.5567,7647.31,1,331,split_disk,11,1,-1,2356.72,1652.48,1652.48
369,2181.00,30.91006452,120.21558468,30.91242985,120.24378705,30.91242985,120.24378705,0.5333,2706.01,1,262,split_disk,10,1,-1,1805.56,1621.12,1621.12
370,2187.00,30.91006452,120.21558468,30.91242985,120.24378705,30.91242985,120.24378705,0.5333,2706.01,1,262,split_disk,10,1,-1,1793.91,1605.37,1605.37
371,2193.00,30.91242985,120.24378705,30.91242985,120.24378705,30.91242985,120.24378705,0.5567,0.00,0,331,split_disk,11,1,-1,2612.46,1584.86,1584.86
372,2200.00,30.93765767,120.18675143,30.91242985,120.24378705,30.91242985,120.24378705,0.5800,6127.98,1,1088,split_disk,12,1,-1,3417.53,2042.13,2042.13
373,2206.00,30.90711509,120.25167667,30.91242985,120.24378705,30.91242985,120.24378705,0.6967,957.95,1,167,split_disk,17,1,-1,3793.92,563.57,563.57
374,2212.00,30.92160611,120.22183730,30.91242985,120.24378705,30.91242985,120.24378705,0.6267,2331.74,1,600,split_disk,14,1,-1,608.65,569.28,569.28
375,2219.00,30.93295454,120.21459106,30.91242985,120.24378705,30.91242985,120.24378705,0.5100,3604.66,1,933,split_disk,9,1,-1,673.62,673.62,673.62
376,2225.00,30.93379617,120.21316509,30.91242985,120.24378705,30.91242985,120.24378705,0.5333,3769.40,1,989,split_disk,10,1,-1,820.58,820.58,820.58
377,2231.00,30.93731431,120.18401914,30.91242985,120.24378705,30.91242985,120.24378705,0.5567,6344.23,1,1087,split_disk,11,1,-1,3126.86,781.40,781.40
378,2238.00,30.91242985,120.24378705,30.91242985,120.24378705,30.91242985,120.24378705,0.5567,0.00,0,331,split_disk,11,1,-1,3241.04,1904.29,1904.29
379,2244.00,30.91242985,120.24378705,30.91242985,120.24378705,30.91242985,120.24378705,0.5567,0.00,0,331,split_disk,11,1,-1,3334.84,1996.81,1996.81
380,2251.00,30.91242985,120.24378705,30.91242985,120.24378705,30.91242985,120.24378705,0.5567,0.00,0,331,split_disk,11,1,-1,3423.44,1713.95,1713.95
381,2256.00,30.92201386,120.24999508,30.91242985,120.24378705,30.91242985,120.24378705,0.4867,1220.54,1,614,split_disk,8,1,-1,3748.73,3160.96,3160.96
382,2262.00,30.92201386,120.24999508,30.91242985,120.24378705,30.91242985,120.24378705,0.4867,1220.54,1,614,split_disk,8,1,-1,3844.64,3592.66,3592.66
383,2269.00,30.91687078,120.14685848,30.91242985,120.24378705,30.91242985,120.24378705,0.5333,9269.33,1,397,split_disk,10,1,-1,6070.95,3979.17,3979.17
384,2275.00,30.93142618,120.16547714,30.91242985,120.24378705,30.91242985,120.24378705,0.5800,7771.41,1,853,split_disk,12,1,-1,4236.67,1909.68,1909.68
385,2281.00,30.93142618,120.16547714,30.91242985,120.24378705,30.91242985,120.24378705,0.5800,7771.41,1,853,split_disk,12,1,-1,4140.69,3933.85,3933.85
386,2288.00,30.93142618,120.16547714,30.91242985,120.24378705,30.91242985,120.24378705,0.5800,7771.41,1,853,split_disk,12,1,-1,4044.09,3838.18,3838.18
387,2294.00,30.92886771,120.16395111,30.91242985,120.24378705,30.91242985,120.24378705,0.5100,7840.41,1,797,split_disk,9,1,-1,3942.65,2080.43,2080.43
388,2300.00,30.90615543,120.16506436,30.91242985,120.24378705,30.90616993,120.16524629,0.8133,7549.96,0,69,split_disk,22,1,-1,4651.16,4052.79,4052.79
389,2307.00,30.93142618,120.16547714,30.90500083,120.15057806,30.90500083,120.15057806,0.5800,3267.68,1,853,split_disk,12,1,-1,3755.72,3751.73,3751.73
390,2313.00,30.93338375,120.17968737,30.90399875,120.13800529,30.90399875,120.13800529,0.6267,5152.09,1,916,split_disk,14,1,-1,2283.55,2283.55,2283.55
391,2320.00,30.90676100,120.22482521,30.90282965,120.12333706,30.90282965,120.12333706,0.5567,9701.43,1,154,split_disk,11,1,-1,3333.72,2127.74,2127.74
392,2327.00,30.90651420,120.22583133,30.90166055,120.10866883,30.90166055,120.10866883,0.5100,11201.41,1,155,split_disk,9,1,-1,3546.76,2216.22,2216.22
393,2333.00,30.90676100,120.22482521,30.90065846,120.09609606,30.90065846,120.09609606,0.5567,12311.68,1,154,split_disk,11,1,-1,3488.78,2310.60,2310.60
394,2340.00,30.90676100,120.22482521,30.89948936,120.08142783,30.89948936,120.08142783,0.5567,13717.56,1,154,split_disk,11,1,-1,3563.81,2400.10,2400.10
395,2346.00,30.90676100,120.22482521,30.89848728,120.06885506,30.89848728,120.06885506,0.5567,14922.74,1,154,split_disk,11,1,-1,3647.56,2495.13,2495.13
396,2353.00,30.92160611,120.22183730,30.89731818,120.05418683,30.89731818,120.05418683,0.6267,16236.39,1,600,split_disk,14,1,-1,2503.09,2503.09,2503.09
397,2359.00,30.92160611,120.22183730,30.89631610,120.04161406,30.89631610,120.04161406,0.6267,17439.06,1,600,split_disk,14,1,-1,2599.95,2599.95,2599.95
398,2366.00,30.93142618,120.16547714,30.89514700,120.02694583,30.93142618,120.16547714,0.5800,13831.70,1,853,split_disk,12,1,-1,2892.26,2698.27,2698.27
399,2372.00,30.92160611,120.22183730,30.93142618,120.16547714,30.93142618,120.16547714,0.6267,5491.98,1,600,split_disk,14,1,-1,2789.91,2789.91,2789.91
400,2379.00,30.92160611,120.22183730,30.93142618,120.16547714,30.93142618,120.16547714,0.6267,5491.98,1,600,split_disk,14,1,-1,2887.05,2887.05,2887.05
401,2386.00,30.92160611,120.22183730,30.93142618,120.16547714,30.93142618,120.16547714,0.6267,5491.98,1,600,split_disk,14,1,-1,3070.08,3070.08,3070.08
402,2392.00,30.92160611,120.22183730,30.93142618,120.16547714,30.93142618,120.16547714,0.6267,5491.98,1,600,split_disk,14,1,-1,3167.50,3167.50,3167.50
403,2399.00,30.92721525,120.16558266,30.93142618,120.16547714,30.93142618,120.16547714,0.5100,468.87,1,798,split_disk,9,1,-1,2136.36,2136.36,2136.36
404,2406.00,30.92721525,120.16558266,30.93142618,120.16547714,30.93142618,120.16547714,0.5100,468.87,1,798,split_disk,9,1,-1,2044.73,2044.73,2044.73
405,2413.00,30.91250496,120.14276982,30.93142618,120.16547714,30.93142618,120.16547714,0.5800,3023.01,1,283,split_disk,12,1,-1,4633.21,1951.96,1951.96
406,2419.00,30.93338375,120.17968737,30.93142618,120.16547714,30.93142618,120.16547714,0.6267,1374.38,1,916,split_disk,14,1,-1,637.10,637.10,637.10
407,2426.00,30.90505022,120.15748039,30.93142618,120.16547714,30.93142618,120.16547714,0.5567,3033.85,1,66,split_disk,11,1,-1,3881.03,2260.69,2260.69
408,2432.00,30.93338375,120.17968737,30.93142618,120.16547714,30.93338375,120.17968737,0.6267,1374.38,1,916,split_disk,14,1,-1,443.65,443.65,443.65
409,2438.00,30.91242985,120.24378705,30.93338375,120.17968737,30.93338375,120.17968737,0.5567,6550.54,1,331,split_disk,11,1,-1,6246.95,4915.06,4915.06
410,2445.00,30.92160611,120.22183730,30.93338375,120.17968737,30.93338375,120.17968737,0.6267,4233.23,1,600,split_disk,14,1,-1,3934.29,3934.29,3934.29
411,2451.00,30.91080491,120.17295398,30.93338375,120.17968737,30.93338375,120.17968737,0.5800,2594.42,1,241,split_disk,12,1,-1,2530.08,2530.08,2530.08
412,2457.00,30.91250496,120.14276982,30.93338375,120.17968737,30.93338375,120.17968737,0.5800,4222.63,1,283,split_disk,12,1,-1,4113.94,344.23,344.23
413,2463.00,30.93142618,120.16547714,30.93338375,120.17968737,30.93338375,120.17968737,0.5800,1374.38,1,853,split_disk,12,1,-1,1386.66,976.18,976.18
414,2469.00,30.91696736,120.23309008,30.93338375,120.17968737,30.93338375,120.17968737,0.5567,5417.22,1,438,split_disk,11,1,-1,5646.11,3246.46,3246.46
415,2476.00,30.91696736,120.23309008,30.93338375,120.17968737,30.93338375,120.17968737,0.5567,5417.22,1,438,split_disk,11,1,-1,5743.62,4891.66,4891.66
416,2482.00,30.93758256,120.19232154,30.93338375,120.17968737,30.93338375,120.17968737,0.4867,1293.87,1,1091,split_disk,8,1,-1,1795.38,1795.38,1795.38
417,2488.00,30.93758256,120.19232154,30.93338375,120.17968737,30.93338375,120.17968737,0.4867,1293.87,1,1091,split_disk,8,1,-1,1881.31,1881.31,1881.31
418,2494.00,30.93604953,120.20516996,30.93338375,120.17968737,30.93604953,120.20516996,0.5100,2451.47,1,984,split_disk,9,1,-1,2913.86,2713.91,2713.91
419,2500.00,30.92886771,120.16395111,30.93604953,120.20516996,30.93604953,120.20516996,0.5100,4016.54,1,797,split_disk,9,1,-1,962.71,962.71,962.71
420,2507.00,30.90615543,120.16506436,30.93604953,120.20516996,30.90615663,120.16506597,0.8133,5073.67,0,69,split_disk,22,1,-1,3246.02,899.84,899.84
421,2513.00,30.90928728,120.14422625,30.90493021,120.16342063,30.90493021,120.16342063,0.5333,1896.04,1,172,split_disk,10,1,-1,3674.16,835.92,835.92
422,2519.00,30.92160611,120.22183730,30.90370380,120.16177529,30.90370380,120.16177529,0.6267,6071.95,1,600,split_disk,14,1,-1,5092.52,3112.41,3112.41
423,2525.00,30.92160611,120.22183730,30.90247739,120.16012995,30.90247739,120.16012995,0.6267,6265.65,1,600,split_disk,14,1,-1,5187.40,4995.29,4995.29
424,2532.00,30.92160611,120.22183730,30.90104658,120.15821039,30.90104658,120.15821039,0.6267,6492.77,1,600,split_disk,14,1,-1,5285.35,2919.14,2919.14
425,2538.00,30.90302826,120.16563269,30.89982017,120.15656505,30.89982017,120.15656505,0.5567,936.66,1,14,split_disk,11,1,-1,3448.54,2018.94,2018.94
426,2543.00,30.93338375,120.17968737,30.89879816,120.15519393,30.89879816,120.15519393,0.6267,4504.87,1,916,split_disk,14,1,-1,1305.53,1305.53,1305.53
427,2549.00,30.91242985,120.24378705,30.89757175,120.15354859,30.89757175,120.15354859,0.5567,8774.57,1,331,split_disk,11,1,-1,7972.45,4781.62,4781.62
428,2555.00,30.93295454,120.21459106,30.89634534,120.15190325,30.89634534,120.15190325,0.5100,7241.87,1,933,split_disk,9,1,-1,4877.62,4877.62,4877.62
429,2561.00,30.92886771,120.16395111,30.89511893,120.15025791,30.89511893,120.15025791,0.5100,3977.97,1,797,split_disk,9,1,-1,744.61,744.61,744.61
430,2567.00,30.92886771,120.16395111,30.89389252,120.14861257,30.92886771,120.16395111,0.5100,4159.85,1,797,split_disk,9,1,-1,781.74,781.74,781.74
431,2573.00,30.92886771,120.16395111,30.92886771,120.16395111,30.92886771,120.16395111,0.5100,0.00,0,797,split_disk,9,1,-1,838.49,838.49,838.49
432,2580.00,30.92886771,120.16395111,30.92886771,120.16395111,30.92886771,120.16395111,0.5100,0.00,0,797,split_disk,9,1,-1,892.72,892.72,892.72
433,2586.00,30.92886771,120.16395111,30.92886771,120.16395111,30.92886771,120.16395111,0.5100,0.00,0,797,split_disk,9,1,-1,962.73,962.73,962.73
434,2592.00,30.90615543,120.16506436,30.92886771,120.16395111,30.90963430,120.16489384,0.8133,2530.56,0,69,split_disk,22,1,-1,3483.11,1090.65,1090.65
435,2598.00,30.90615543,120.16506436,30.89752810,120.16548724,30.90457003,120.16514207,0.8133,961.24,0,69,split_disk,22,1,-1,3526.18,1128.25,1128.25
436,2604.00,30.94305827,120.22074906,30.89724575,120.16550108,30.89724575,120.16550108,0.5100,7337.80,1,1272,split_disk,9,1,-1,6372.01,6372.01,6372.01
437,2611.00,30.90711509,120.25167667,30.88870075,120.16591992,30.88870075,120.16591992,0.6967,8441.95,1,167,split_disk,17,1,-1,9971.05,2865.46,2865.46
438,2617.00,30.92160611,120.22183730,30.88137647,120.16627892,30.88137647,120.16627892,0.6267,6942.93,1,600,split_disk,14,1,-1,6732.14,6732.14,6732.14
439,2622.00,30.92160611,120.22183730,30.87527290,120.16657809,30.87527290,120.16657809,0.6267,7378.97,1,600,split_disk,14,1,-1,6827.40,6827.40,6827.40
440,2628.00,30.92160611,120.22183730,30.86794861,120.16693709,30.86794861,120.16693709,0.6267,7947.58,1,600,split_disk,14,1,-1,6925.43,2917.71,2917.71
441,2635.00,30.93338375,120.17968737,30.85940361,120.16735593,30.85940361,120.16735593,0.6267,8319.23,1,916,split_disk,14,1,-1,2854.09,2646.14,2646.14
442,2641.00,30.92160611,120.17065948,30.85207933,120.16771494,30.85207933,120.16771494,0.5333,7744.83,1,576,split_disk,10,1,-1,2733.40,2733.40,2733.40
443,2647.00,30.93338375,120.17968737,30.84475505,120.16807394,30.84475505,120.16807394,0.6267,9928.28,1,916,split_disk,14,1,-1,3047.96,1767.83,1767.83
444,2653.00,30.92886771,120.16395111,30.83743076,120.16843294,30.83743076,120.16843294,0.5100,10187.75,1,797,split_disk,9,1,-1,1956.14,1956.14,1956.14
445,2659.00,30.92886771,120.16395111,30.83010648,120.16879195,30.92886771,120.16395111,0.5100,11003.81,1,797,split_disk,9,1,-1,2050.10,387.06,387.06
446,2665.00,30.92160611,120.17065948,30.92886771,120.16395111,30.92886771,120.16395111,0.5333,1031.42,1,576,split_disk,10,1,-1,3075.75,3006.75,3006.75
447,2671.00,30.93142618,120.16547714,30.92886771,120.16395111,30.92886771,120.16395111,0.5800,319.93,1,853,split_disk,12,1,-1,2148.25,424.55,424.55
448,2730.00,30.93142618,120.16547714,30.92886771,120.16395111,30.92886771,120.16395111,0.5800,319.93,1,853,split_disk,12,1,-1,2055.71,677.59,677.59
449,2734.00,30.92886771,120.16395111,30.92886771,120.16395111,30.92886771,120.16395111,0.5100,0.00,0,797,split_disk,9,1,-1,2025.94,1111.32,1111.32
450,2738.00,30.93142618,120.16547714,30.92886771,120.16395111,30.92886771,120.16395111,0.5800,319.93,1,853,split_disk,12,1,-1,1862.95,1862.95,1862.95
451,2743.00,30.90711509,120.25167667,30.92886771,120.16395111,30.92886771,120.16395111,0.6967,8720.26,1,167,split_disk,17,1,-1,10561.44,4492.33,4492.33
452,2747.00,30.90711509,120.25167667,30.92886771,120.16395111,30.92886771,120.16395111,0.6967,8720.26,1,167,split_disk,17,1,-1,10463.63,6917.95,6917.95
453,2751.00,30.90711509,120.25167667,30.92886771,120.16395111,30.92886771,120.16395111,0.6967,8720.26,1,167,split_disk,17,1,-1,10369.13,2828.70,2828.70
454,2754.00,30.92721525,120.16558266,30.92886771,120.16395111,30.92886771,120.16395111,0.5100,241.07,1,798,split_disk,9,1,-1,1735.31,1320.09,1320.09
455,2758.00,30.92160611,120.22183730,30.92886771,120.16395111,30.92886771,120.16395111,0.6267,5586.60,1,600,split_disk,14,1,-1,6861.79,6861.79,6861.79
456,2762.00,30.92160611,120.22183730,30.92886771,120.16395111,30.92886771,120.16395111,0.6267,5586.60,1,600,split_disk,14,1,-1,6766.09,6766.09,6766.09
457,2766.00,30.92160611,120.22183730,30.92886771,120.16395111,30.92886771,120.16395111,0.6267,5586.60,1,600,split_disk,14,1,-1,6668.05,2902.18,2902.18
458,2770.00,30.91250496,120.14276982,30.92886771,120.16395111,30.92886771,120.16395111,0.5800,2721.98,1,283,split_disk,12,1,-1,2574.27,1223.21,1223.21
459,2773.00,30.93142618,120.16547714,30.92886771,120.16395111,30.93142618,120.16547714,0.5800,319.93,1,853,split_disk,12,1,-1,998.86,998.86,998.86
460,2777.00,30.92160611,120.22183730,30.93142618,120.16547714,30.93142618,120.16547714,0.6267,5491.98,1,600,split_disk,14,1,-1,6376.27,996.49,996.49
461,2781.00,30.92160611,120.22183730,30.93142618,120.16547714,30.93142618,120.16547714,0.6267,5491.98,1,600,split_disk,14,1,-1,6280.59,1556.92,1556.92
462,2785.00,30.91945539,120.21829195,30.93142618,120.16547714,30.93142618,120.16547714,0.6267,5216.60,1,543,split_disk,14,1,-1,6034.35,822.27,822.27
463,2789.00,30.92072623,120.21945524,30.93142618,120.16547714,30.93142618,120.16547714,0.5800,5290.44,1,599,split_disk,12,1,-1,5891.67,5891.67,5891.67
464,2793.00,30.92886771,120.16395111,30.93142618,120.16547714,30.93142618,120.16547714,0.5100,319.93,1,797,split_disk,9,1,-1,659.13,659.13,659.13
465,2796.00,30.91021475,120.16899041,30.93142618,120.16547714,30.93142618,120.16547714,0.5100,2384.97,1,239,split_disk,9,1,-1,2583.06,589.07,589.07
466,2800.00,30.92899647,120.16294498,30.93142618,120.16547714,30.93142618,120.16547714,0.5800,362.80,1,796,split_disk,12,1,-1,451.99,451.99,451.99
467,2804.00,30.92899647,120.16294498,30.93142618,120.16547714,30.93142618,120.16547714,0.5800,362.80,1,796,split_disk,12,1,-1,427.40,427.40,427.40
468,2808.00,30.90615543,120.16506436,30.93142618,120.16547714,30.90616756,120.16506456,0.8133,2813.42,0,69,split_disk,22,1,-1,3015.49,420.27,420.27
469,2812.00,30.90352185,120.24539358,30.90427963,120.16503372,30.90427963,120.16503372,0.5333,7674.38,1,52,split_disk,10,1,-1,8402.71,393.40,393.40
470,2816.00,30.91242985,120.24378705,30.90239169,120.16500289,30.90239169,120.16500289,0.5567,7605.98,1,331,split_disk,11,1,-1,7788.83,400.62,400.62
471,2820.00,30.91006452,120.21558468,30.90050375,120.16497205,30.90050375,120.16497205,0.5333,4949.02,1,262,split_disk,10,1,-1,5331.91,2925.83,2925.83
472,2824.00,30.91006452,120.21558468,30.89861582,120.16494121,30.89861582,120.16494121,0.5333,5001.28,1,262,split_disk,10,1,-1,5241.45,3584.23,3584.23
473,2827.00,30.91687078,120.14685848,30.89719987,120.16491808,30.89719987,120.16491808,0.5333,2787.35,1,397,split_disk,10,1,-1,2648.65,2027.98,2027.98
474,2831.00,30.90337163,120.15247317,30.89531193,120.16488724,30.89531193,120.16488724,0.4867,1486.72,1,7,split_disk,8,1,-1,3550.60,2124.11,2124.11
475,2835.00,30.92201386,120.24999508,30.89342400,120.16485640,30.89342400,120.16485640,0.4867,8731.00,1,614,split_disk,8,1,-1,7677.76,2254.72,2254.72
476,2839.00,30.92886771,120.16395111,30.89153606,120.16482557,30.89153606,120.16482557,0.5100,4156.60,1,797,split_disk,9,1,-1,746.37,746.37,746.37
477,2843.00,30.92886771,120.16395111,30.88964813,120.16479473,30.88964813,120.16479473,0.5100,4366.67,1,797,split_disk,9,1,-1,832.59,832.59,832.59
478,2847.00,30.93295454,120.21459106,30.88776019,120.16476389,30.93295454,120.21459106,0.5100,6924.74,1,933,split_disk,9,1,-1,3916.60,917.83,917.83
479,2851.00,30.90352185,120.24539358,30.93295454,120.21459106,30.93295454,120.21459106,0.5333,4403.11,1,52,split_disk,10,1,-1,7371.66,1101.13,1101.13
480,2855.00,30.90615543,120.16506436,30.93295454,120.21459106,30.90618403,120.16511721,0.8133,5591.81,0,69,split_disk,22,1,-1,3038.85,994.28,994.28
481,2858.00,30.90615543,120.16506436,30.90411092,120.16128595,30.90562761,120.16408891,0.8133,426.60,0,69,split_disk,22,1,-1,3066.84,1283.25,1283.25
482,2862.00,30.92804148,120.22620659,30.90409611,120.16125859,30.90409611,120.16125859,0.5800,6750.73,1,827,split_disk,12,1,-1,4638.82,4039.28,4039.28
483,2866.00,30.94327288,120.15553613,30.90256462,120.15842828,30.90256462,120.15842828,0.4867,4540.05,1,1241,split_disk,8,1,-1,2680.30,2680.30,2680.30
484,2870.00,30.90352185,120.24539358,30.90103313,120.15559797,30.90103313,120.15559797,0.5333,8579.46,1,52,split_disk,10,1,-1,6900.66,1561.25,1561.25
485,2874.00,30.90453516,120.16715873,30.89950163,120.15276766,30.89950163,120.15276766,0.5800,1484.11,1,70,split_disk,12,1,-1,3087.38,1400.10,1400.10
486,2878.00,30.92899647,120.16294498,30.89797014,120.14993735,30.89797014,120.14993735,0.5800,3670.43,1,796,split_disk,12,1,-1,1948.99,1749.30,1749.30
487,2882.00,30.90352185,120.24539358,30.89643865,120.14710704,30.89643865,120.14710704,0.5333,9418.88,1,52,split_disk,10,1,-1,6618.11,1843.53,1843.53
488,2886.00,30.92899647,120.16294498,30.89490715,120.14427673,30.89490715,120.14427673,0.5800,4192.70,1,796,split_disk,12,1,-1,2138.39,1938.50,1938.50
489,2890.00,30.90615543,120.16506436,30.89337566,120.14144642,30.90610650,120.16497394,0.8133,2666.58,0,69,split_disk,22,1,-1,3337.75,2033.30,2033.30
490,2894.00,30.93122697,120.20287546,30.90650549,120.16571129,30.90650549,120.16571129,0.5567,4490.96,1,927,split_disk,11,1,-1,1516.05,1322.76,1322.76
491,2898.00,30.93142618,120.16547714,30.90690448,120.16644865,30.90690448,120.16644865,0.5800,2731.33,1,853,split_disk,12,1,-1,2231.51,2023.78,2023.78
492,2902.00,30.90615543,120.16506436,30.90730346,120.16718601,30.90619899,120.16514487,0.8133,239.54,0,69,split_disk,22,1,-1,3486.20,1897.44,1897.44
493,2906.00,30.90615543,120.16506436,30.90621042,120.16516599,30.90616899,120.16508942,0.8133,11.47,0,69,split_disk,22,1,-1,3534.15,2414.80,2414.80
494,2910.00,30.93142618,120.16547714,30.90615722,120.16506767,30.90615722,120.16506767,0.5800,2813.21,1,853,split_disk,12,1,-1,2521.83,2510.57,2510.57
495,2914.00,30.92886771,120.16395111,30.90614546,120.16504593,30.90614546,120.16504593,0.5100,2531.60,1,797,split_disk,9,1,-1,2606.25,2406.29,2406.29
496,2918.00,30.91242985,120.24378705,30.90613369,120.16502419,30.90613369,120.16502419,0.5567,7554.00,1,331,split_disk,11,1,-1,5193.60,2702.25,2702.25
497,2922.00,30.91242985,120.24378705,30.90612192,120.16500244,30.90612192,120.16500244,0.5567,7556.19,1,331,split_disk,11,1,-1,5099.87,2791.33,2791.33
498,2926.00,30.92899647,120.16294498,30.90611016,120.16498070,30.90611016,120.16498070,0.5800,2555.11,1,796,split_disk,12,1,-1,3094.10,2702.60,2702.60
499,2930.00,30.92899647,120.16294498,30.90609839,120.16495895,30.90609839,120.16495895,0.5800,2556.26,1,796,split_disk,12,1,-1,3189.94,2314.57,2314.57
500,2934.00,30.92899647,120.16294498,30.90608663,120.16493721,30.90608663,120.16493721,0.5800,2557.41,1,796,split_disk,12,1,-1,3286.25,2216.76,2216.76
501,2938.00,30.90615543,120.16506436,30.90607486,120.16491546,30.90615503,120.16506362,0.8133,16.81,0,69,split_disk,22,1,-1,4011.45,2562.49,2562.49
502,2941.00,30.90615543,120.16506436,30.90615587,120.16506518,30.90615556,120.16506460,0.8133,0.09,0,69,split_disk,22,1,-1,4074.25,1571.30,1571.30
503,2945.00,30.92886771,120.16395111,30.90615646,120.16506627,30.90615646,120.16506627,0.5100,2530.46,1,797,split_disk,9,1,-1,3375.46,2286.01,2286.01
504,2949.00,30.93142618,120.16547714,30.90615736,120.16506794,30.90615736,120.16506794,0.5800,2813.20,1,853,split_disk,12,1,-1,3489.18,2210.89,2210.89
505,2953.00,30.92823462,120.13706213,30.90615827,120.16506961,30.90615827,120.16506961,0.5567,3632.18,1,784,split_disk,11,1,-1,6164.99,3368.58,3368.58
506,2957.00,30.92886771,120.16395111,30.90615917,120.16507127,30.90615917,120.16507127,0.5100,2530.18,1,797,split_disk,9,1,-1,3664.16,2057.44,2057.44
507,2961.00,30.93758256,120.19232154,30.90616007,120.16507294,30.90616007,120.16507294,0.4867,4359.65,1,1091,split_disk,8,1,-1,1582.46,1302.99,1302.99
508,2965.00,30.93758256,120.19232154,30.90616098,120.16507461,30.90616098,120.16507461,0.4867,4359.47,1,1091,split_disk,8,1,-1,1650.25,1351.58,1351.58
509,2968.00,30.93295454,120.21459106,30.90616165,120.16507586,30.90616165,120.16507586,0.5100,5590.51,1,933,split_disk,9,1,-1,1105.40,908.99,908.99
510,2972.00,30.90711509,120.25167667,30.90616256,120.16507753,30.90616256,120.16507753,0.6967,8270.42,1,167,split_disk,17,1,-1,4832.42,1257.12,1257.12
511,2976.00,30.92160611,120.22183730,30.90616346,120.16507920,30.90616346,120.16507920,0.6267,5686.17,1,600,split_disk,14,1,-1,1350.39,1164.90,1164.90
512,2980.00,30.92072623,120.21945524,30.90616436,120.16508087,30.92072623,120.21945524,0.5800,5439.60,1,599,split_disk,12,1,-1,982.73,982.73,982.73
513,2984.00,30.92072623,120.21945524,30.92072623,120.21945524,30.92072623,120.21945524,0.5800,0.00,0,599,split_disk,12,1,-1,893.23,814.66,814.66
514,2988.00,30.92899647,120.16294498,30.92072623,120.21945524,30.92072623,120.21945524,0.5800,5474.39,1,796,split_disk,12,1,-1,4731.44,799.46,799.46
515,2992.00,30.92899647,120.16294498,30.92072623,120.21945524,30.92072623,120.21945524,0.5800,5474.39,1,796,split_disk,12,1,-1,4827.53,713.07,713.07
516,2995.00,30.92899647,120.16294498,30.92072623,120.21945524,30.92072623,120.21945524,0.5800,5474.39,1,796,split_disk,12,1,-1,4924.55,622.66,622.66
517,2999.00,30.92899647,120.16294498,30.92072623,120.21945524,30.92072623,120.21945524,0.5800,5474.39,1,796,split_disk,12,1,-1,5020.65,542.46,542.46
518,3003.00,30.93142618,120.16547714,30.92072623,120.21945524,30.92072623,120.21945524,0.5800,5290.44,1,853,split_disk,12,1,-1,4941.00,3381.99,3381.99
519,3007.00,30.93142618,120.16547714,30.92072623,120.21945524,30.92072623,120.21945524,0.5800,5290.44,1,853,split_disk,12,1,-1,5038.61,3285.57,3285.57
520,3011.00,30.92721525,120.16558266,30.92072623,120.21945524,30.92072623,120.21945524,0.5100,5195.00,1,798,split_disk,9,1,-1,4912.77,3116.93,3116.93
521,3015.00,30.92886771,120.16395111,30.92072623,120.21945524,30.92072623,120.21945524,0.5100,5377.26,1,797,split_disk,9,1,-1,5209.02,987.03,987.03
522,3019.00,30.90615543,120.16506436,30.92072623,120.21945524,30.90619627,120.16521680,0.8133,5441.40,0,69,split_disk,22,1,-1,5674.38,5098.96,5098.96
523,3023.00,30.90615543,120.16506436,30.90416170,120.15762204,30.90572690,120.16346471,0.8133,744.55,0,69,split_disk,22,1,-1,5755.34,5101.65,5101.65
524,3026.00,30.90615543,120.16506436,30.90499482,120.16073194,30.90583404,120.16386467,0.8133,433.43,0,69,split_disk,22,1,-1,5840.72,5272.76,5272.76
525,3030.00,30.92886771,120.16395111,30.90545031,120.16243222,30.90545031,120.16243222,0.5100,2610.86,1,797,split_disk,9,1,-1,5595.77,2643.46,2643.46
526,3034.00,30.92899647,120.16294498,30.90506657,120.16099978,30.90506657,120.16099978,0.5800,2670.35,1,796,split_disk,12,1,-1,5890.87,221.55,221.55
527,3038.00,30.92899647,120.16294498,30.90468283,120.15956733,30.90468283,120.15956733,0.5800,2725.75,1,796,split_disk,12,1,-1,5988.12,246.93,246.93
528,3042.00,30.90615543,120.16506436,30.90429909,120.15813489,30.90610999,120.16489474,0.8133,693.24,0,69,split_disk,22,1,-1,6174.65,5255.22,5255.22
529,3046.00,30.90615543,120.16506436,30.90622850,120.16533712,30.90617354,120.16513198,0.8133,27.29,0,69,split_disk,22,1,-1,6261.75,5350.33,5350.33
530,3050.00,30.90615543,120.16506436,30.90626049,120.16545655,30.90618098,120.16515975,0.8133,39.24,0,69,split_disk,22,1,-1,6345.70,5799.25,5799.25
531,3054.00,30.92886771,120.16395111,30.90621985,120.16530482,30.90621985,120.16530482,0.5100,2524.47,1,797,split_disk,9,1,-1,6176.14,6157.45,6157.45
532,3058.00,30.94369136,120.16313806,30.90625871,120.16544989,30.90625871,120.16544989,0.5100,4172.85,1,1245,split_disk,9,1,-1,6644.70,3564.75,3564.75
533,3062.00,30.93758256,120.19232154,30.90629757,120.16559496,30.90629757,120.16559496,0.4867,4317.72,1,1091,split_disk,8,1,-1,3922.20,1171.65,1171.65
534,3066.00,30.91021475,120.16899041,30.90633643,120.16574003,30.90633643,120.16574003,0.5100,531.73,1,239,split_disk,9,1,-1,6157.49,1781.27,1781.27
535,3070.00,30.91021475,120.16899041,30.90637530,120.16588510,30.90637530,120.16588510,0.5100,520.21,1,239,split_disk,9,1,-1,6248.72,6248.72,6248.72
536,3074.00,30.90615543,120.16506436,30.90641416,120.16603017,30.90615815,120.16507451,0.8133,96.62,0,69,split_disk,22,1,-1,6866.15,6016.58,6016.58
537,3077.00,30.91242985,120.24378705,30.90614789,120.16503621,30.90614789,120.16503621,0.5567,7552.71,1,331,split_disk,11,1,-1,1346.72,1346.72,1346.72
538,3081.00,30.90615543,120.16506436,30.90613421,120.16498515,30.90615306,120.16505553,0.8133,7.92,0,69,split_disk,22,1,-1,7041.76,1557.17,1557.17
539,3085.00,30.93142618,120.16547714,30.90614896,120.16504020,30.90614896,120.16504020,0.5800,2814.17,1,853,split_disk,12,1,-1,6978.05,1470.39,1470.39
540,3089.00,30.92294739,120.24473769,30.90614485,120.16502487,30.90614485,120.16502487,0.4867,7838.57,1,611,split_disk,8,1,-1,602.39,602.39,602.39
541,3093.00,30.90337163,120.15247317,30.90614074,120.16500954,30.90614074,120.16500954,0.4867,1236.20,1,7,split_disk,8,1,-1,8519.11,508.95,508.95
542,3097.00,30.92699597,120.22366898,30.90613664,120.16499421,30.90613664,120.16499421,0.5333,6065.22,1,769,split_disk,10,1,-1,1723.13,1044.84,1044.84
543,3101.00,30.90302826,120.16563269,30.90613253,120.16497888,30.90613253,120.16497888,0.5567,351.16,1,14,split_disk,11,1,-1,7338.47,6685.52,6685.52
544,3105.00,30.92160611,120.17065948,30.90612842,120.16496355,30.90612842,120.16496355,0.5333,1806.79,1,576,split_disk,10,1,-1,6781.16,6781.16,6781.16
545,3109.00,30.92160611,120.17065948,30.90612432,120.16494822,30.90612432,120.16494822,0.5333,1807.67,1,576,split_disk,10,1,-1,6972.48,6972.48,6972.48
546,3113.00,30.91006452,120.21558468,30.90612021,120.16493289,30.90612021,120.16493289,0.5333,4856.85,1,262,split_disk,10,1,-1,2868.61,552.03,552.03
547,3117.00,30.91006452,120.21558468,30.90611610,120.16491756,30.90611610,120.16491756,0.5333,4858.35,1,262,split_disk,10,1,-1,2953.64,224.18,224.18
548,3178.00,30.92201386,120.24999508,30.90605347,120.16468377,30.92201386,120.24999508,0.4867,8338.25,1,614,split_disk,8,1,-1,693.73,448.97,448.97
549,3185.00,30.91006452,120.21558468,30.92201386,120.24999508,30.92201386,120.24999508,0.5333,3545.03,1,262,split_disk,10,1,-1,2686.63,422.66,422.66
550,3191.00,30.93145837,120.19284145,30.92201386,120.24999508,30.92201386,120.24999508,0.5333,5558.20,1,866,split_disk,10,1,-1,5072.78,2793.12,2793.12
551,3197.00,30.93341594,120.20473761,30.92201386,120.24999508,30.92201386,120.24999508,0.5567,4504.37,1,929,split_disk,11,1,-1,3734.97,2705.09,2705.09
552,3203.00,30.92160611,120.22183730,30.92201386,120.24999508,30.92201386,120.24999508,0.6267,2689.30,1,600,split_disk,14,1,-1,1920.15,915.69,915.69
553,3209.00,30.91006452,120.21558468,30.92201386,120.24999508,30.92201386,120.24999508,0.5333,3545.03,1,262,split_disk,10,1,-1,2346.89,542.68,542.68
554,3215.00,30.91006452,120.21558468,30.92201386,120.24999508,30.92201386,120.24999508,0.5333,3545.03,1,262,split_disk,10,1,-1,2266.49,605.58,605.58
555,3221.00,30.93142618,120.16547714,30.92201386,120.24999508,30.92201386,120.24999508,0.5800,8138.72,1,853,split_disk,12,1,-1,7120.08,1216.01,1216.01
556,3227.00,30.93338375,120.17968737,30.92201386,120.24999508,30.92201386,120.24999508,0.6267,6832.26,1,916,split_disk,14,1,-1,5703.54,5703.54,5703.54
557,3234.00,30.91006452,120.21558468,30.92201386,120.24999508,30.92201386,120.24999508,0.5333,3545.03,1,262,split_disk,10,1,-1,2029.51,1238.83,1238.83
558,3239.00,30.91006452,120.21558468,30.92201386,120.24999508,30.91006452,120.21558468,0.5333,3545.03,1,262,split_disk,10,1,-1,1950.26,926.96,926.96
559,3245.00,30.91006452,120.21558468,30.91006452,120.21558468,30.91006452,120.21558468,0.5333,0.00,0,262,split_disk,10,1,-1,1878.23,1013.23,1013.23
560,3251.00,30.92160611,120.22183730,30.91006452,120.21558468,30.91006452,120.21558468,0.6267,1416.78,1,600,split_disk,14,1,-1,1144.83,1103.77,1103.77
561,3257.00,30.92160611,120.22183730,30.91006452,120.21558468,30.91006452,120.21558468,0.6267,1416.78,1,600,split_disk,14,1,-1,1046.81,1025.54,1025.54
562,3263.00,30.92687794,120.25167667,30.91006452,120.21558468,30.91006452,120.21558468,0.4867,3922.00,1,783,split_disk,8,1,-1,2218.87,898.76,898.76
563,3269.00,30.92323571,120.25069556,30.91006452,120.21558468,30.91006452,120.21558468,0.4867,3659.47,1,726,split_disk,8,1,-1,2048.38,1805.25,1805.25
564,3275.00,30.91006452,120.21558468,30.91006452,120.21558468,30.91006452,120.21558468,0.5333,0.00,0,262,split_disk,10,1,-1,1546.08,1418.51,1418.51
565,3281.00,30.91006452,120.21558468,30.91006452,120.21558468,30.91006452,120.21558468,0.5333,0.00,0,262,split_disk,10,1,-1,1485.04,1350.08,1350.08
566,3286.00,30.92721525,120.16558266,30.91006452,120.21558468,30.91006452,120.21558468,0.5100,5142.46,1,798,split_disk,9,1,-1,5821.36,1506.86,1506.86
567,3292.00,30.92434093,120.23891036,30.91006452,120.21558468,30.91006452,120.21558468,0.5567,2736.30,1,721,split_disk,11,1,-1,1440.76,1255.70,1255.70
568,3298.00,30.93142618,120.16547714,30.91006452,120.21558468,30.91006452,120.21558468,0.5800,5343.31,1,853,split_disk,12,1,-1,5858.89,1335.23,1335.23
569,3304.00,30.91081564,120.16416375,30.91006452,120.21558468,30.91006452,120.21558468,0.5333,4911.12,1,237,split_disk,10,1,-1,5771.92,5531.44,5531.44
570,3310.00,30.93341594,120.20473761,30.91006452,120.21558468,30.91006452,120.21558468,0.5567,2798.26,1,929,split_disk,11,1,-1,2006.45,2006.45,2006.45
571,3315.00,30.93122697,120.20287546,30.91006452,120.21558468,30.91006452,120.21558468,0.5567,2650.05,1,927,split_disk,11,1,-1,2246.00,1774.75,1774.75
572,3321.00,30.93122697,120.20287546,30.91006452,120.21558468,30.91006452,120.21558468,0.5567,2650.05,1,927,split_disk,11,1,-1,2154.41,1694.53,1694.53
573,3327.00,30.93142618,120.16547714,30.91006452,120.21558468,30.91006452,120.21558468,0.5800,5343.31,1,853,split_disk,12,1,-1,5375.26,2895.04,2895.04
574,3333.00,30.93142618,120.16547714,30.91006452,120.21558468,30.91006452,120.21558468,0.5800,5343.31,1,853,split_disk,12,1,-1,5277.29,1029.06,1029.06
575,3339.00,30.93379617,120.21316509,30.91006452,120.21558468,30.93379617,120.21316509,0.5333,2651.89,1,989,split_disk,10,1,-1,1395.44,1200.48,1200.48
576,3345.00,30.93915385,120.18277535,30.93379617,120.21316509,30.93379617,120.21316509,0.5100,2962.70,1,1142,split_disk,9,1,-1,3743.58,2372.86,2372.86
577,3350.00,30.92160611,120.22183730,30.93379617,120.21316509,30.93379617,120.21316509,0.6267,1589.74,1,600,split_disk,14,1,-1,507.02,507.02,507.02
578,3357.00,30.90711509,120.25167667,30.93379617,120.21316509,30.93379617,120.21316509,0.6967,4727.24,1,167,split_disk,17,1,-1,3975.22,604.71,604.71
579,3363.00,30.90711509,120.25167667,30.93379617,120.21316509,30.93379617,120.21316509,0.6967,4727.24,1,167,split_disk,17,1,-1,4153.42,1857.87,1857.87
580,3369.00,30.90711509,120.25167667,30.93379617,120.21316509,30.93379617,120.21316509,0.6967,4727.24,1,167,split_disk,17,1,-1,4249.70,893.02,893.02
581,3375.00,30.90398325,120.24795076,30.93379617,120.21316509,30.93379617,120.21316509,0.5100,4695.62,1,53,split_disk,9,1,-1,4168.15,3396.44,3396.44
582,3381.00,30.93967963,120.16485172,30.93379617,120.21316509,30.93379617,120.21316509,0.5100,4659.91,1,1133,split_disk,9,1,-1,4700.88,2549.04,2549.04
583,3387.00,30.92886771,120.16395111,30.93379617,120.21316509,30.93379617,120.21316509,0.5100,4731.58,1,797,split_disk,9,1,-1,4276.04,3947.72,3947.72
584,3393.00,30.94442568,120.20473761,30.93379617,120.21316509,30.93379617,120.21316509,0.5800,1431.02,1,1321,split_disk,12,1,-1,2413.13,2413.13,2413.13
585,3399.00,30.90615543,120.16506436,30.93379617,120.21316509,30.90616069,120.16507351,0.8133,5528.71,0,69,split_disk,22,1,-1,4507.03,3898.82,3898.82
586,3405.00,30.90615543,120.16506436,30.90419799,120.16165800,30.90598778,120.16477261,0.8133,391.53,0,69,split_disk,22,1,-1,4431.80,3818.11,3818.11
587,3412.00,30.90615543,120.16506436,30.90556766,120.16404152,30.90608521,120.16494216,0.8133,117.57,0,69,split_disk,22,1,-1,4352.26,3255.64,3255.64
588,3418.00,30.90453516,120.16715873,30.90605344,120.16488688,30.90605344,120.16488688,0.5800,275.01,1,70,split_disk,12,1,-1,4104.50,3319.84,3319.84
589,3424.00,30.90615543,120.16506436,30.90602167,120.16483160,30.90614663,120.16504905,0.8133,26.75,0,69,split_disk,22,1,-1,4206.22,3068.92,3068.92
590,3430.00,30.91080491,120.17295398,30.90617539,120.16509909,30.90617539,120.16509909,0.5800,910.08,1,241,split_disk,12,1,-1,3137.45,3068.49,3068.49
591,3436.00,30.93106135,120.13631162,30.90620414,120.16514913,30.90620414,120.16514913,0.6500,3903.90,1,840,split_disk,15,1,-1,6103.95,3001.91,3001.91
592,3442.00,30.93142618,120.16547714,30.90623290,120.16519917,30.90623290,120.16519917,0.5800,2804.64,1,853,split_disk,12,1,-1,3436.78,3403.10,3403.10
593,3448.00,30.91242985,120.24378705,30.90626165,120.16524921,30.90626165,120.16524921,0.5567,7531.30,1,331,split_disk,11,1,-1,4530.52,3305.44,3305.44
594,3454.00,30.90398325,120.24795076,30.90629041,120.16529925,30.90629041,120.16529925,0.5100,7896.94,1,53,split_disk,9,1,-1,5366.86,1124.37,1124.37
595,3460.00,30.94369136,120.16313806,30.90631916,120.16534929,30.90631916,120.16534929,0.5100,4165.63,1,1245,split_disk,9,1,-1,3686.08,1058.76,1058.76
596,3466.00,30.93967963,120.16485172,30.90634792,120.16539933,30.90634792,120.16539933,0.5100,3710.86,1,1133,split_disk,9,1,-1,3393.43,1026.36,1026.36
597,3472.00,30.91081564,120.16416375,30.90637667,120.16544937,30.90637667,120.16544937,0.5333,509.17,1,237,split_disk,10,1,-1,3311.69,2246.81,2246.81
598,3478.00,30.93142618,120.16547714,30.90640543,120.16549941,30.90640543,120.16549941,0.5800,2785.31,1,853,split_disk,12,1,-1,2853.11,2801.54,2801.54
599,3484.00,30.92160611,120.22183730,30.90643418,120.16554945,30.92160611,120.22183730,0.6267,5634.28,1,600,split_disk,14,1,-1,2735.49,2735.49,2735.49
600,3490.00,30.93142618,120.16547714,30.92160611,120.22183730,30.92160611,120.22183730,0.5800,5491.98,1,853,split_disk,12,1,-1,2659.29,2327.70,2327.70
601,3496.00,30.90505022,120.15748039,30.92160611,120.22183730,30.92160611,120.22183730,0.5567,6416.12,1,66,split_disk,11,1,-1,3856.41,2697.30,2697.30
602,3502.00,30.90615543,120.16506436,30.92160611,120.22183730,30.90616568,120.16510202,0.8133,5687.79,0,69,split_disk,22,1,-1,3336.37,2637.58,2637.58
603,3508.00,30.92886771,120.16395111,30.90451206,120.15902587,30.90451206,120.15902587,0.5100,2751.76,1,797,split_disk,9,1,-1,2336.87,2144.40,2144.40
604,3514.00,30.90866492,120.17552367,30.90285845,120.15294973,30.90285845,120.15294973,0.5100,2250.51,1,186,split_disk,9,1,-1,2290.05,2290.05,2290.05
605,3520.00,30.92160611,120.22183730,30.90120484,120.14687358,30.90120484,120.14687358,0.6267,7510.23,1,600,split_disk,14,1,-1,3318.99,3122.02,3122.02
606,3527.00,30.92160611,120.22183730,30.89927562,120.13978475,30.89927562,120.13978475,0.6267,8220.43,1,600,split_disk,14,1,-1,3415.00,3312.18,3312.18
607,3533.00,30.92160611,120.22183730,30.89762201,120.13370860,30.89762201,120.13370860,0.6267,8829.16,1,600,split_disk,14,1,-1,3512.87,3357.34,3357.34
608,3539.00,30.93338375,120.17968737,30.89596839,120.12763246,30.89596839,120.12763246,0.6267,6485.24,1,916,split_disk,14,1,-1,743.11,743.11,743.11
609,3545.00,30.93338375,120.17968737,30.89431478,120.12155631,30.89431478,120.12155631,0.6267,7052.02,1,916,split_disk,14,1,-1,671.45,671.45,671.45
610,3551.00,30.93338375,120.17968737,30.89266116,120.11548017,30.89266116,120.11548017,0.6267,7625.27,1,916,split_disk,14,1,-1,617.37,617.37,617.37
611,3557.00,30.92160611,120.22183730,30.89100755,120.10940403,30.89100755,120.10940403,0.6267,11264.12,1,600,split_disk,14,1,-1,3900.64,1362.68,1362.68
612,3563.00,30.90651420,120.22583133,30.88935393,120.10332788,30.90651420,120.22583133,0.5100,11853.34,1,155,split_disk,9,1,-1,5161.33,3198.89,3198.89
613,3569.00,30.93142618,120.16547714,30.90651420,120.22583133,30.90651420,120.22583133,0.5800,6395.97,1,853,split_disk,12,1,-1,1305.76,1112.42,1112.42
614,3575.00,30.93338375,120.17968737,30.90651420,120.22583133,30.90651420,120.22583133,0.6267,5325.78,1,916,split_disk,14,1,-1,546.59,546.59,546.59
615,3581.00,30.92160611,120.22183730,30.90651420,120.22583133,30.90651420,120.22583133,0.6267,1722.78,1,600,split_disk,14,1,-1,4382.57,2925.28,2925.28
616,3587.00,30.92160611,120.22183730,30.90651420,120.22583133,30.90651420,120.22583133,0.6267,1722.78,1,600,split_disk,14,1,-1,4478.59,4478.59,4478.59
617,3593.00,30.93142618,120.16547714,30.90651420,120.22583133,30.90651420,120.22583133,0.5800,6395.97,1,853,split_disk,12,1,-1,919.16,688.08,688.08
618,3599.00,30.93765767,120.18675143,30.90651420,120.22583133,30.90651420,120.22583133,0.5800,5093.77,1,1088,split_disk,12,1,-1,1738.86,1290.52,1290.52
619,3605.00,30.94639399,120.19053989,30.90651420,120.22583133,30.90651420,120.22583133,0.6733,5573.71,1,1370,split_disk,16,1,-1,2767.52,2202.08,2202.08
620,3610.00,30.93731431,120.18401914,30.90651420,120.22583133,30.90651420,120.22583133,0.5567,5262.93,1,1087,split_disk,11,1,-1,1712.12,1712.12,1712.12
621,3616.00,30.93736796,120.16026272,30.90651420,120.22583133,30.90651420,120.22583133,0.6733,7141.59,1,1075,split_disk,16,1,-1,1330.10,1278.77,1278.77
622,3622.00,30.93736796,120.16026272,30.90651420,120.22583133,30.93736796,120.16026272,0.6733,7141.59,1,1075,split_disk,16,1,-1,1250.02,971.53,971.53
623,3628.00,30.94442568,120.20473761,30.93736796,120.16026272,30.93736796,120.16026272,0.5800,4319.16,1,1321,split_disk,12,1,-1,4072.09,1173.14,1173.14
624,3634.00,30.93341594,120.20473761,30.93736796,120.16026272,30.93736796,120.16026272,0.5567,4269.83,1,929,split_disk,11,1,-1,3795.10,1371.88,1371.88
625,3640.00,30.93379617,120.21316509,30.93736796,120.16026272,30.93736796,120.16026272,0.5333,5067.51,1,989,split_disk,10,1,-1,4703.47,1015.99,1015.99
626,3646.00,30.94325142,120.13687450,30.93736796,120.16026272,30.93736796,120.16026272,0.4633,2327.50,1,1232,split_disk,7,1,-1,3018.41,315.34,315.34
627,3652.00,30.92886771,120.16395111,30.93736796,120.16026272,30.93736796,120.16026272,0.5100,1009.68,1,797,split_disk,9,1,-1,152.48,152.48,152.48
628,3657.00,30.94442568,120.20473761,30.93736796,120.16026272,30.93736796,120.16026272,0.5800,4319.16,1,1321,split_disk,12,1,-1,4479.55,1229.89,1229.89
629,3663.00,30.94442568,120.20473761,30.93736796,120.16026272,30.93736796,120.16026272,0.5800,4319.16,1,1321,split_disk,12,1,-1,4560.44,1163.55,1163.55
630,3669.00,30.93915385,120.18277535,30.93736796,120.16026272,30.93736796,120.16026272,0.5100,2159.00,1,1142,split_disk,9,1,-1,2383.45,2383.45,2383.45
631,3675.00,30.93876756,120.19084009,30.93736796,120.16026272,30.93736796,120.16026272,0.4867,2924.12,1,1146,split_disk,8,1,-1,3208.86,1439.95,1439.95
632,3681.00,30.93758256,120.19232154,30.93736796,120.16026272,30.93758256,120.19232154,0.4867,3061.53,1,1091,split_disk,8,1,-1,3434.09,3394.57,3394.57
633,3687.00,30.93604953,120.20516996,30.93758256,120.19232154,30.93758256,120.19232154,0.5100,1238.76,1,984,split_disk,9,1,-1,4455.94,3486.91,3486.91
634,3692.00,30.93758256,120.19232154,30.93758256,120.19232154,30.93758256,120.19232154,0.4867,0.00,0,1091,split_disk,8,1,-1,3613.41,3577.75,3577.75
635,3699.00,30.93758256,120.19232154,30.93758256,120.19232154,30.93758256,120.19232154,0.4867,0.00,0,1091,split_disk,8,1,-1,3704.72,3670.55,3670.55
636,3705.00,30.93758256,120.19232154,30.93758256,120.19232154,30.93758256,120.19232154,0.4867,0.00,0,1091,split_disk,8,1,-1,3794.17,2308.39,2308.39
637,3711.00,30.94357332,120.19653528,30.93758256,120.19232154,30.93758256,120.19232154,0.5100,778.88,1,1261,split_disk,9,1,-1,4417.64,1507.03,1507.03
638,3717.00,30.94304754,120.20560069,30.93758256,120.19232154,30.93758256,120.19232154,0.5800,1406.47,1,1265,split_disk,12,1,-1,5274.82,2607.28,2607.28
639,3723.00,30.93724992,120.20608853,30.93758256,120.19232154,30.93758256,120.19232154,0.5567,1315.19,1,1097,split_disk,11,1,-1,5256.07,4637.26,4637.26
640,3729.00,30.90352185,120.24539358,30.93758256,120.19232154,30.93758256,120.19232154,0.5333,6329.46,1,52,split_disk,10,1,-1,9641.77,1357.89,1357.89
641,3735.00,30.90615543,120.16506436,30.93758256,120.19232154,30.90640009,120.16527656,0.8133,4360.55,0,69,split_disk,22,1,-1,3295.82,428.26,428.26
642,3740.00,30.90615543,120.16506436,30.90009317,120.15980648,30.90491117,120.16398520,0.8133,841.15,0,69,split_disk,22,1,-1,3347.60,404.86,404.86
643,3746.00,30.90453516,120.16715873,30.90127514,120.16083162,30.90127514,120.16083162,0.5800,704.81,1,70,split_disk,12,1,-1,3509.17,414.73,414.73
644,3752.00,30.90615543,120.16506436,30.89763911,120.15767805,30.90569545,120.16466542,0.8133,1181.65,0,69,split_disk,22,1,-1,3466.56,1003.32,1003.32
645,3758.00,30.93142618,120.16547714,30.90596354,120.16489793,30.90596354,120.16489793,0.5800,2835.04,1,853,split_disk,12,1,-1,1898.80,1898.80,1898.80
646,3764.00,30.90711509,120.25167667,30.90623163,120.16513045,30.90623163,120.16513045,0.6967,8265.27,1,167,split_disk,17,1,-1,10764.69,2030.63,2030.63
647,3770.00,30.93142618,120.16547714,30.90649972,120.16536297,30.90649972,120.16536297,0.5800,2774.83,1,853,split_disk,12,1,-1,2092.54,1115.56,1115.56
648,3832.00,30.92721525,120.16558266,30.90926997,120.16776564,30.90926997,120.16776564,0.5100,2008.52,1,798,split_disk,9,1,-1,2283.60,2084.56,2084.56
649,3836.00,30.90711509,120.25167667,30.90944869,120.16792065,30.90944869,120.16792065,0.6967,8002.45,1,167,split_disk,17,1,-1,10696.83,1987.32,1987.32
650,3840.00,30.91696736,120.23309008,30.90962742,120.16807566,30.90962742,120.16807566,0.5567,6262.05,1,438,split_disk,11,1,-1,8628.59,785.29,785.29
651,3844.00,30.93142618,120.16547714,30.90980614,120.16823068,30.90980614,120.16823068,0.5800,2421.06,1,853,split_disk,12,1,-1,1787.51,758.79,758.79
652,3848.00,30.93142618,120.16547714,30.90998487,120.16838569,30.90998487,120.16838569,0.5800,2402.95,1,853,split_disk,12,1,-1,1692.35,465.27,465.27
653,3852.00,30.92072623,120.21945524,30.91016360,120.16854070,30.91016360,120.16854070,0.5800,5002.22,1,599,split_disk,12,1,-1,6858.74,1600.95,1600.95
654,3856.00,30.90928728,120.14422625,30.91034232,120.16869571,30.90928728,120.14422625,0.5333,2339.65,1,172,split_disk,10,1,-1,2322.41,1335.38,1335.38
655,3860.00,30.90928728,120.14422625,30.90928728,120.14422625,30.90928728,120.14422625,0.5333,0.00,0,172,split_disk,10,1,-1,2325.67,796.68,796.68
656,3864.00,30.91006452,120.21558468,30.90928728,120.14422625,30.90928728,120.14422625,0.5333,6814.88,1,262,split_disk,10,1,-1,6640.32,6580.73,6580.73
657,3868.00,30.92160611,120.22183730,30.90928728,120.14422625,30.90928728,120.14422625,0.6267,7537.23,1,600,split_disk,14,1,-1,6669.55,2375.68,2375.68
658,3872.00,30.93379617,120.21316509,30.90928728,120.14422625,30.90928728,120.14422625,0.5333,7126.24,1,989,split_disk,10,1,-1,5945.36,2037.86,2037.86
659,3876.00,30.93379617,120.21316509,30.90928728,120.14422625,30.90928728,120.14422625,0.5333,7126.24,1,989,split_disk,10,1,-1,5851.39,1023.38,1023.38
660,3880.00,30.93341594,120.20473761,30.90928728,120.14422625,30.90928728,120.14422625,0.5567,6372.26,1,929,split_disk,11,1,-1,4943.56,1234.39,1234.39
661,3884.00,30.92899647,120.16294498,30.90928728,120.14422625,30.90928728,120.14422625,0.5800,2830.02,1,796,split_disk,12,1,-1,632.14,632.14,632.14
662,3888.00,30.92072623,120.21945524,30.90928728,120.14422625,30.90928728,120.14422625,0.5800,7295.94,1,599,split_disk,12,1,-1,5986.25,2778.88,2778.88
663,3892.00,30.91006452,120.21558468,30.90928728,120.14422625,30.90928728,120.14422625,0.5333,6814.88,1,262,split_disk,10,1,-1,5967.70,643.27,643.27
664,3896.00,30.94442568,120.20473761,30.90928728,120.14422625,30.90928728,120.14422625,0.5800,6977.95,1,1321,split_disk,12,1,-1,4912.93,1289.31,1289.31
665,3900.00,30.92886771,120.16395111,30.90928728,120.14422625,30.92886771,120.16395111,0.5100,2880.81,1,797,split_disk,9,1,-1,458.29,274.77,274.77
666,3904.00,30.93971182,120.21321513,30.92886771,120.16395111,30.92886771,120.16395111,0.5100,4856.85,1,1157,split_disk,9,1,-1,5315.37,1947.38,1947.38
667,3907.00,30.94664079,120.16371345,30.92886771,120.16395111,30.92886771,120.16395111,0.4867,1978.63,1,1357,split_disk,8,1,-1,2135.40,1793.21,1793.21
668,3911.00,30.90398325,120.24795076,30.92886771,120.16395111,30.92886771,120.16395111,0.5100,8486.35,1,53,split_disk,9,1,-1,8588.93,6650.15,6650.15
669,3915.00,30.91242985,120.24378705,30.92886771,120.16395111,30.92886771,120.16395111,0.5567,7840.41,1,331,split_disk,11,1,-1,7843.01,6552.32,6552.32
670,3919.00,30.92886771,120.16395111,30.92886771,120.16395111,30.92886771,120.16395111,0.5100,0.00,0,797,split_disk,9,1,-1,166.41,166.41,166.41
671,3923.00,30.93967963,120.16485172,30.92886771,120.16395111,30.92886771,120.16395111,0.5100,1206.65,1,1133,split_disk,9,1,-1,1391.85,1391.85,1391.85
672,3927.00,30.93915385,120.18277535,30.92886771,120.16395111,30.92886771,120.16395111,0.5100,2131.33,1,1142,split_disk,9,1,-1,2118.01,1557.09,1557.09
673,3931.00,30.90615543,120.16506436,30.92886771,120.16395111,30.90672314,120.16503654,0.8133,2530.56,0,69,split_disk,22,1,-1,2400.79,383.17,383.17
674,3934.00,30.90615543,120.16506436,30.90105746,120.16531424,30.90462149,120.16513955,0.8133,568.01,0,69,split_disk,22,1,-1,2393.20,411.50,411.50
675,3938.00,30.91242985,120.24378705,30.89922158,120.16540423,30.89922158,120.16540423,0.5567,7628.17,1,331,split_disk,11,1,-1,7261.81,5149.60,5149.60
676,3942.00,30.92008847,120.22221800,30.89382166,120.16566891,30.89382166,120.16566891,0.5333,6140.95,1,545,split_disk,10,1,-1,5051.89,5051.89,5051.89
677,3946.00,30.92899647,120.16294498,30.88842174,120.16593359,30.88842174,120.16593359,0.5800,4525.79,1,796,split_disk,12,1,-1,940.55,940.55,940.55
678,3950.00,30.90453516,120.16715873,30.88302183,120.16619827,30.88302183,120.16619827,0.5800,2396.62,1,70,split_disk,12,1,-1,2366.21,527.08,527.08
679,3954.00,30.90453516,120.16715873,30.87762191,120.16646295,30.87762191,120.16646295,0.5800,2996.72,1,70,split_disk,12,1,-1,2370.55,1738.42,1738.42
680,3958.00,30.90453516,120.16715873,30.87222199,120.16672763,30.87222199,120.16672763,0.5800,3597.34,1,70,split_disk,12,1,-1,2422.38,1790.95,1790.95
681,3962.00,30.90302826,120.16563269,30.86682208,120.16699231,30.86682208,120.16699231,0.5567,4032.56,1,14,split_disk,11,1,-1,2633.10,726.72,726.72
682,3966.00,30.93758256,120.19232154,30.86142216,120.16725699,30.86142216,120.16725699,0.4867,8809.56,1,1091,split_disk,8,1,-1,2058.40,1930.48,1930.48
683,3970.00,30.93758256,120.19232154,30.85602224,120.16752167,30.85602224,120.16752167,0.4867,9383.08,1,1091,split_disk,8,1,-1,2003.86,1869.84,1869.84
684,3974.00,30.93586105,120.17209090,30.85062232,120.16778635,30.93586105,120.17209090,0.4867,9497.67,1,1025,split_disk,8,1,-1,1377.36,1377.36,1377.36
685,3978.00,30.93539965,120.17498580,30.93586105,120.17209090,30.93586105,120.17209090,0.5100,281.18,1,1026,split_disk,9,1,-1,1350.73,1350.73,1350.73
686,3982.00,30.92886771,120.16395111,30.93586105,120.17209090,30.93586105,120.17209090,0.5100,1100.12,1,797,split_disk,9,1,-1,1709.04,1516.74,1516.74
687,3986.00,30.92886771,120.16395111,30.93586105,120.17209090,30.93586105,120.17209090,0.5100,1100.12,1,797,split_disk,9,1,-1,1807.04,1807.04,1807.04
688,3990.00,30.93142618,120.16547714,30.93586105,120.17209090,30.93586105,120.17209090,0.5800,801.64,1,853,split_disk,12,1,-1,1961.85,1709.33,1709.33
689,3994.00,30.91021475,120.16899041,30.93586105,120.17209090,30.93586105,120.17209090,0.5100,2870.26,1,239,split_disk,9,1,-1,2149.15,2139.50,2139.50
690,3998.00,30.90453516,120.16715873,30.93586105,120.17209090,30.93586105,120.17209090,0.5800,3518.86,1,70,split_disk,12,1,-1,2771.97,2203.44,2203.44
691,4001.00,30.90615543,120.16506436,30.93586105,120.17209090,30.90617523,120.16506905,0.8133,3374.22,0,69,split_disk,22,1,-1,2967.84,2267.88,2267.88
692,4005.00,30.90615543,120.16506436,30.90373759,120.16449245,30.90575872,120.16497053,0.8133,274.64,0,69,split_disk,22,1,-1,3021.93,2098.13,2098.13
693,4009.00,30.93122697,120.20287546,30.90489509,120.16476624,30.90489509,120.16476624,0.5567,4672.93,1,927,split_disk,11,1,-1,1603.56,1542.80,1542.80
694,4013.00,30.93379617,120.21316509,30.90403145,120.16456196,30.90403145,120.16456196,0.5333,5702.69,1,989,split_disk,10,1,-1,2664.37,1004.40,1004.40
695,4017.00,30.94664079,120.16371345,30.90316782,120.16435768,30.90316782,120.16435768,0.4867,4839.80,1,1357,split_disk,8,1,-1,3620.82,1367.20,1367.20
696,4021.00,30.93929334,120.15045386,30.90230419,120.16415340,30.90230419,120.16415340,0.5333,4320.46,1,1126,split_disk,10,1,-1,4400.02,4400.02,4400.02
697,4025.00,30.93416100,120.18220703,30.90144056,120.16394911,30.90144056,120.16394911,0.4867,4038.23,1,973,split_disk,8,1,-1,1660.50,1660.50,1660.50
698,4029.00,30.93295454,120.21459106,30.90057692,120.16374483,30.90057692,120.16374483,0.5100,6047.07,1,933,split_disk,9,1,-1,2263.63,1253.96,1253.96
699,4033.00,30.93379617,120.21316509,30.89971329,120.16354055,30.89971329,120.16354055,0.5333,6070.59,1,989,split_disk,10,1,-1,2295.31,1961.89,1961.89
700,4037.00,30.94305827,120.22074906,30.89884966,120.16333627,30.89884966,120.16333627,0.5100,7367.37,1,1272,split_disk,9,1,-1,3324.34,3324.34,3324.34
701,4041.00,30.93379617,120.21316509,30.89798603,120.16313198,30.89798603,120.16313198,0.5333,6222.50,1,989,split_disk,10,1,-1,2159.29,1721.15,1721.15
702,4045.00,30.93295454,120.21459106,30.89712240,120.16292770,30.93295454,120.21459106,0.5100,6344.36,1,933,split_disk,9,1,-1,1970.98,1970.98,1970.98
703,4048.00,30.93338375,120.17968737,30.93295454,120.21459106,30.93295454,120.21459106,0.6267,3333.45,1,916,split_disk,14,1,-1,2195.22,2023.78,2023.78
704,4052.00,30.93338375,120.17968737,30.93295454,120.21459106,30.93295454,120.21459106,0.6267,3333.45,1,916,split_disk,14,1,-1,2282.90,981.55,981.55
705,4056.00,30.93338375,120.17968737,30.93295454,120.21459106,30.93295454,120.21459106,0.6267,3333.45,1,916,split_disk,14,1,-1,2376.73,2376.73,2376.73
706,4060.00,30.91006452,120.21558468,30.93295454,120.21459106,30.93295454,120.21459106,0.5333,2549.88,1,262,split_disk,10,1,-1,1874.80,1724.18,1724.18
707,4064.00,30.93379617,120.21316509,30.93295454,120.21459106,30.93295454,120.21459106,0.5333,165.29,1,989,split_disk,10,1,-1,1815.47,1410.92,1410.92
708,4068.00,30.93600054,120.22862617,30.93295454,120.21459106,30.93295454,120.21459106,0.5333,1382.50,1,1052,split_disk,10,1,-1,2942.46,2027.00,2027.00
709,4072.00,30.92354222,120.22176225,30.93295454,120.21459106,30.93295454,120.21459106,0.5100,1251.72,1,656,split_disk,9,1,-1,1571.79,1374.54,1374.54
710,4076.00,30.91242985,120.24378705,30.93295454,120.21459106,30.93295454,120.21459106,0.5567,3604.66,1,331,split_disk,11,1,-1,3774.87,1481.34,1481.34
711,4080.00,30.92160611,120.22183730,30.93295454,120.21459106,30.93295454,120.21459106,0.6267,1440.41,1,600,split_disk,14,1,-1,1364.02,1364.02,1364.02
712,4084.00,30.91242985,120.24378705,30.93295454,120.21459106,30.91242985,120.24378705,0.5567,3604.66,1,331,split_disk,11,1,-1,3581.59,2286.29,2286.29
713,4088.00,30.93758256,120.19232154,30.91242985,120.24378705,30.91242985,120.24378705,0.4867,5656.32,1,1091,split_disk,8,1,-1,2443.87,1013.11,1013.11
714,4092.00,30.93758256,120.19232154,30.91242985,120.24378705,30.91242985,120.24378705,0.4867,5656.32,1,1091,split_disk,8,1,-1,2521.58,2185.00,2185.00
715,4096.00,30.90615543,120.16506436,30.91242985,120.24378705,30.90615708,120.16508511,0.8133,7549.96,0,69,split_disk,22,1,-1,4806.07,4615.39,4615.39
716,4100.00,30.91242985,120.24378705,30.90577684,120.16031436,30.90577684,120.16031436,0.5567,8005.51,1,331,split_disk,11,1,-1,3103.17,3103.17,3103.17
717,4104.00,30.91242985,120.24378705,30.90539660,120.15554360,30.90539660,120.15554360,0.5567,8463.05,1,331,split_disk,11,1,-1,3005.21,1391.06,1391.06
718,4108.00,30.92886771,120.16395111,30.90501636,120.15077285,30.90501636,120.15077285,0.5100,2938.27,1,797,split_disk,9,1,-1,4904.91,1399.05,1399.05
719,4112.00,30.93379617,120.21316509,30.90463611,120.14600210,30.90463611,120.14600210,0.5333,7188.37,1,989,split_disk,10,1,-1,1624.25,785.39,785.39
720,4116.00,30.93379617,120.21316509,30.90425587,120.14123134,30.90425587,120.14123134,0.5333,7615.82,1,989,split_disk,10,1,-1,1643.82,767.59,767.59
721,4120.00,30.91006452,120.21558468,30.90387563,120.13646059,30.90387563,120.13646059,0.5333,7587.26,1,262,split_disk,10,1,-1,949.43,750.54,750.54
722,4124.00,30.93295454,120.21459106,30.90349539,120.13168984,30.90349539,120.13168984,0.5100,8568.96,1,933,split_disk,9,1,-1,1515.32,756.88,756.88
723,4127.00,30.93929334,120.15045386,30.90321021,120.12811177,30.90321021,120.12811177,0.5333,4548.24,1,1126,split_disk,10,1,-1,7060.59,3890.24,3890.24
724,4131.00,30.93122697,120.20287546,30.90282996,120.12334102,30.90282996,120.12334102,0.5567,8226.69,1,927,split_disk,11,1,-1,2323.47,1420.81,1420.81
725,4135.00,30.93122697,120.20287546,30.90244972,120.11857026,30.93122697,120.20287546,0.5567,8664.63,1,927,split_disk,11,1,-1,2411.21,1481.89,1481.89
726,4139.00,30.94266125,120.14013760,30.93122697,120.20287546,30.93122697,120.20287546,0.5567,6124.84,1,1234,split_disk,11,1,-1,8236.48,7792.90,7792.90
727,4143.00,30.90928728,120.14422625,30.93122697,120.20287546,30.93122697,120.20287546,0.5333,6110.03,1,172,split_disk,10,1,-1,7534.37,1851.28,1851.28
728,4147.00,30.93341594,120.20473761,30.93122697,120.20287546,30.93122697,120.20287546,0.5567,301.66,1,929,split_disk,11,1,-1,2361.06,1933.42,1933.42
729,4151.00,30.94597551,120.19235906,30.93122697,120.20287546,30.93122697,120.20287546,0.5333,1924.59,1,1371,split_disk,10,1,-1,4413.97,3995.72,3995.72
730,4155.00,30.94639399,120.19053989,30.93122697,120.20287546,30.93122697,120.20287546,0.6733,2058.71,1,1370,split_disk,16,1,-1,4638.63,4213.58,4213.58
731,4159.00,30.94149771,120.18459453,30.93122697,120.20287546,30.93122697,120.20287546,0.4633,2086.81,1,1199,split_disk,7,1,-1,4825.12,4825.12,4825.12
732,4163.00,30.90711509,120.25167667,30.93122697,120.20287546,30.93122697,120.20287546,0.6967,5377.96,1,167,split_disk,17,1,-1,2539.39,264.67,264.67
733,4167.00,30.93379617,120.21316509,30.93122697,120.20287546,30.93122697,120.20287546,0.5333,1023.38,1,989,split_disk,10,1,-1,2353.84,1344.96,1344.96
734,4171.00,30.92886771,120.16395111,30.93122697,120.20287546,30.93122697,120.20287546,0.5100,3726.33,1,797,split_disk,9,1,-1,6457.59,1504.99,1504.99
735,4175.00,30.90711509,120.25167667,30.93122697,120.20287546,30.90711509,120.25167667,0.6967,5377.96,1,167,split_disk,17,1,9,2260.43,102.82,102.82
736,4179.00,30.93977620,120.18548263,30.90711509,120.25167667,30.90711509,120.25167667,0.4867,7292.22,1,1143,split_disk,8,1,-1,5171.38,1557.83,1557.83
737,4183.00,30.90711509,120.25167667,30.90711509,120.25167667,30.90711509,120.25167667,0.6967,0.00,0,167,split_disk,17,1,-1,2078.32,254.08,254.08
738,4187.00,30.92721525,120.16558266,30.90711509,120.25167667,30.90711509,120.25167667,0.5100,8520.55,1,798,split_disk,9,1,-1,6649.25,5452.80,5452.80
739,4191.00,30.91081564,120.16416375,30.90711509,120.25167667,30.90711509,120.25167667,0.5333,8367.15,1,237,split_disk,10,1,-1,6836.89,6747.28,6747.28
740,4195.00,30.93142618,120.16547714,30.90711509,120.25167667,30.90711509,120.25167667,0.5800,8665.04,1,853,split_disk,12,1,-1,7083.42,6845.30,6845.30
741,4199.00,30.93915385,120.18277535,30.90711509,120.25167667,30.90711509,120.25167667,0.5100,7484.16,1,1142,split_disk,9,1,-1,5812.31,4250.77,4250.77
742,4203.00,30.93915385,120.18277535,30.90711509,120.25167667,30.90711509,120.25167667,0.5100,7484.16,1,1142,split_disk,9,1,-1,5907.72,2657.66,2657.66
743,4206.00,30.92201386,120.24999508,30.90711509,120.25167667,30.90711509,120.25167667,0.4867,1666.29,1,614,split_disk,8,1,-1,1192.54,748.62,748.62
744,4210.00,30.91006452,120.21558468,30.90711509,120.25167667,30.90711509,120.25167667,0.5333,3462.19,1,262,split_disk,10,1,-1,2348.93,727.25,727.25
745,4214.00,30.90453516,120.16715873,30.90711509,120.25167667,30.90711509,120.25167667,0.5800,8076.10,1,70,split_disk,12,1,-1,7269.34,6714.17,6714.17
746,4218.00,30.92899647,120.16294498,30.90711509,120.25167667,30.90711509,120.25167667,0.5800,8816.55,1,796,split_disk,12,1,-1,7912.76,529.61,529.61
747,4222.00,30.92072623,120.21945524,30.90711509,120.25167667,30.92072623,120.21945524,0.5800,3429.80,1,599,split_disk,12,1,-1,2564.31,307.38,307.38
748,4226.00,30.91242985,120.24378705,30.92072623,120.21945524,30.92072623,120.21945524,0.5567,2500.37,1,331,split_disk,11,1,-1,321.75,321.75,321.75
749,4230.00,30.92433020,120.15592390,30.92072623,120.21945524,30.92072623,120.21945524,0.5333,6080.14,1,681,split_disk,10,1,-1,8733.23,7671.44,7671.44
750,4234.00,30.93736796,120.16026272,30.92072623,120.21945524,30.92072623,120.21945524,0.6733,5948.39,1,1075,split_disk,16,1,-1,8735.60,7766.13,7766.13
751,4238.00,30.90711509,120.25167667,30.92072623,120.21945524,30.92072623,120.21945524,0.6967,3429.80,1,167,split_disk,17,1,-1,893.92,227.41,227.41
752,4301.00,30.94639399,120.19053989,30.92072623,120.21945524,30.92072623,120.21945524,0.6733,3973.53,1,1370,split_disk,16,1,-1,6681.83,1778.82,1778.82
753,4307.00,30.90711509,120.25167667,30.92072623,120.21945524,30.92072623,120.21945524,0.6967,3429.80,1,167,split_disk,17,1,5,712.31,64.83,64.83
754,4313.00,30.91242985,120.24378705,30.92072623,120.21945524,30.92072623,120.21945524,0.5567,2500.37,1,331,split_disk,11,1,5,258.92,143.91,143.91
755,4319.00,30.92886771,120.16395111,30.92072623,120.21945524,30.92072623,120.21945524,0.5100,5377.26,1,797,split_disk,9,1,-1,7971.03,237.87,237.87
756,4325.00,30.93736796,120.16026272,30.92072623,120.21945524,30.92072623,120.21945524,0.6733,5948.39,1,1075,split_disk,16,1,-1,8535.58,7138.81,7138.81
757,4331.00,30.93736796,120.16026272,30.92072623,120.21945524,30.93736796,120.16026272,0.6733,5948.39,1,1075,split_disk,16,1,-1,8441.71,7045.90,7045.90
758,4337.00,30.90614937,120.16442643,30.93736796,120.16026272,30.93736796,120.16026272,0.4633,3497.92,1,125,split_disk,7,1,-1,7503.62,7280.02,7280.02
759,4343.00,30.93142618,120.16547714,30.93736796,120.16026272,30.93736796,120.16026272,0.5800,827.92,1,853,split_disk,12,1,-1,7632.40,7184.97,7184.97
760,4349.00,30.93849463,120.14930308,30.93736796,120.16026272,30.93736796,120.16026272,0.4867,1054.07,1,1070,split_disk,8,1,-1,9101.70,7341.18,7341.18
761,4355.00,30.91006452,120.21558468,30.93736796,120.16026272,30.93736796,120.16026272,0.5333,6094.88,1,262,split_disk,10,1,-1,2208.37,1235.90,1235.90
762,4361.00,30.91006452,120.21558468,30.93736796,120.16026272,30.93736796,120.16026272,0.5333,6094.88,1,262,split_disk,10,1,-1,2116.89,1303.22,1303.22
763,4366.00,30.92201386,120.24999508,30.93736796,120.16026272,30.93736796,120.16026272,0.4867,8737.75,1,614,split_disk,8,1,-1,1488.21,1008.93,1008.93
764,4372.00,30.90615543,120.16506436,30.93736796,120.16026272,30.90615652,120.16506420,0.8133,3504.70,0,69,split_disk,22,1,-1,6967.24,1106.47,1106.47
765,4378.00,30.93341594,120.20473761,30.90496645,120.16524727,30.90496645,120.16524727,0.5567,4924.54,1,929,split_disk,11,1,-1,3466.60,2718.81,2718.81
766,4384.00,30.93341594,120.20473761,30.90377637,120.16543035,30.90377637,120.16543035,0.5567,4997.62,1,929,split_disk,11,1,-1,3383.06,2641.39,2641.39
767,4390.00,30.93341594,120.20473761,30.90258630,120.16561343,30.90258630,120.16561343,0.5567,5073.17,1,929,split_disk,11,1,-1,3293.43,2557.39,2557.39
768,4396.00,30.90615543,120.16506436,30.90139622,120.16579651,30.90613637,120.16506730,0.8133,534.39,0,69,split_disk,22,1,-1,6598.89,1630.31,1630.31
769,4401.00,30.91081564,120.16416375,30.90619216,120.16505871,30.90619216,120.16505871,0.5333,521.73,1,237,split_disk,10,1,-1,6440.08,6240.55,6240.55
770,4407.00,30.92160611,120.22183730,30.90625910,120.16504842,30.90625910,120.16504842,0.6267,5685.76,1,600,split_disk,14,1,-1,1118.35,996.44,996.44
771,4413.00,30.92160611,120.22183730,30.90632605,120.16503812,30.90632605,120.16503812,0.6267,5684.47,1,600,split_disk,14,1,-1,1041.15,911.39,911.39
772,4419.00,30.92160611,120.22183730,30.90639299,120.16502782,30.90639299,120.16502782,0.6267,5683.18,1,600,split_disk,14,1,-1,959.06,821.80,821.80
773,4425.00,30.92160611,120.22183730,30.90645994,120.16501752,30.90645994,120.16501752,0.6267,5681.90,1,600,split_disk,14,1,-1,888.99,741.83,741.83
774,4430.00,30.92160611,120.22183730,30.90651573,120.16500894,30.90651573,120.16500894,0.6267,5680.85,1,600,split_disk,14,1,-1,814.92,658.03,658.03
775,4436.00,30.92160611,120.22183730,30.90658268,120.16499864,30.90658268,120.16499864,0.6267,5679.59,1,600,split_disk,14,1,-1,756.19,587.52,587.52
776,4442.00,30.90711509,120.25167667,30.90664962,120.16498834,30.90664962,120.16498834,0.6967,8278.42,1,167,split_disk,17,1,-1,2900.43,515.59,515.59
777,4448.00,30.92354222,120.22176225,30.90671657,120.16497804,30.90671657,120.16497804,0.5100,5736.95,1,656,split_disk,9,1,-1,849.58,849.58,849.58
778,4454.00,30.90711509,120.25167667,30.90678351,120.16496774,30.90711509,120.25167667,0.6967,8280.30,1,167,split_disk,17,1,-1,3091.92,614.99,614.99
779,4460.00,30.93379617,120.21316509,30.90711509,120.25167667,30.90711509,120.25167667,0.5333,4727.24,1,989,split_disk,10,1,-1,2080.84,2080.84,2080.84
780,4466.00,30.90615543,120.16506436,30.90711509,120.25167667,30.90615620,120.16513379,0.8133,8271.68,0,69,split_disk,22,1,-1,5419.24,4919.10,4919.10
781,4472.00,30.90615543,120.16506436,30.90604514,120.15511022,30.90614240,120.16388851,0.8133,950.64,0,69,split_disk,22,1,-1,5331.40,4827.31,4827.31
782,4478.00,30.90615543,120.16506436,30.90611348,120.16127855,30.90614903,120.16448678,0.8133,361.55,0,69,split_disk,22,1,-1,5241.25,4528.95,4528.95
783,4484.00,30.90453516,120.16715873,30.90614496,120.16411913,30.90614496,120.16411913,0.5800,341.13,1,70,split_disk,12,1,-1,4960.56,4445.98,4445.98
784,4490.00,30.90352185,120.24539358,30.90614088,120.16375148,30.90614088,120.16375148,0.5333,7801.82,1,52,split_disk,10,1,-1,3262.19,3262.19,3262.19
785,4496.00,30.93765767,120.18675143,30.90613681,120.16338383,30.90613681,120.16338383,0.5800,4158.35,1,1088,split_disk,12,1,-1,3465.26,3465.26,3465.26
786,4502.00,30.94639399,120.19053989,30.90613274,120.16301618,30.90613274,120.16301618,0.6733,5195.72,1,1370,split_disk,16,1,-1,3895.99,3518.88,3518.88
787,4508.00,30.94597551,120.19235906,30.90612866,120.16264853,30.90612866,120.16264853,0.5333,5265.50,1,1371,split_disk,10,1,-1,3725.00,2063.75,2063.75
788,4513.00,30.93122697,120.20287546,30.90612527,120.16234216,30.90612527,120.16234216,0.5567,4773.95,1,927,split_disk,11,1,-1,1881.73,1881.73,1881.73
789,4519.00,30.93929334,120.15045386,30.90612120,120.16197451,30.90612120,120.16197451,0.5333,3853.12,1,1126,split_disk,10,1,-1,6303.83,4146.37,4146.37
790,4525.00,30.91081564,120.16416375,30.90611712,120.16160686,30.90611712,120.16160686,0.5333,577.22,1,237,split_disk,10,1,-1,4398.09,4201.59,4201.59
791,4531.00,30.94639399,120.19053989,30.90611305,120.16123922,30.90611305,120.16123922,0.6733,5285.45,1,1370,split_disk,16,1,-1,3580.40,3133.89,3133.89
792,4537.00,30.94664079,120.16371345,30.90610897,120.16087157,30.94664079,120.16371345,0.4867,4520.16,1,1357,split_disk,8,1,-1,5206.78,3337.19,3337.19
793,4543.00,30.94369136,120.16313806,30.94664079,120.16371345,30.94664079,120.16371345,0.5100,332.90,1,1245,split_disk,9,1,-1,4888.35,2098.11,2098.11
794,4549.00,30.93967963,120.16485172,30.94664079,120.16371345,30.94664079,120.16371345,0.5100,782.50,1,1133,split_disk,9,1,-1,4581.00,3520.54,3520.54
795,4555.00,30.92886771,120.16395111,30.94664079,120.16371345,30.94664079,120.16371345,0.5100,1978.63,1,797,split_disk,9,1,-1,4007.28,2144.78,2144.78
796,4561.00,30.93142618,120.16547714,30.94664079,120.16371345,30.94664079,120.16371345,0.5800,1702.04,1,853,split_disk,12,1,-1,3970.25,3664.09,3664.09
797,4566.00,30.90614937,120.16442643,30.94664079,120.16371345,30.94664079,120.16371345,0.4633,4508.02,1,125,split_disk,7,1,-1,3888.17,3508.40,3508.40
798,4572.00,30.93142618,120.16547714,30.94664079,120.16371345,30.94664079,120.16371345,0.5800,1702.04,1,853,split_disk,12,1,-1,3778.97,3488.08,3488.08
799,4578.00,30.92886771,120.16395111,30.94664079,120.16371345,30.94664079,120.16371345,0.5100,1978.63,1,797,split_disk,9,1,-1,3618.90,1711.11,1711.11
800,4584.00,30.90711509,120.25167667,30.94664079,120.16371345,30.94664079,120.16371345,0.6967,9482.62,1,167,split_disk,17,1,-1,5212.91,3034.96,3034.96
801,4590.00,30.91945539,120.21829195,30.94664079,120.16371345,30.94664079,120.16371345,0.6267,6026.83,1,543,split_disk,14,1,-1,1925.85,1335.91,1335.91
802,4595.00,30.90711509,120.25167667,30.94664079,120.16371345,30.90711509,120.25167667,0.6967,9482.62,1,167,split_disk,17,1,-1,5498.29,2800.28,2800.28
803,4601.00,30.92886771,120.16395111,30.90711509,120.25167667,30.90711509,120.25167667,0.5100,8720.26,1,797,split_disk,9,1,-1,3143.31,3143.31,3143.31
804,4607.00,30.94357332,120.19653528,30.90711509,120.25167667,30.90711509,120.25167667,0.5100,6648.25,1,1261,split_disk,9,1,-1,2584.05,2584.05,2584.05
805,4613.00,30.94357332,120.19653528,30.90711509,120.25167667,30.90711509,120.25167667,0.5100,6648.25,1,1261,split_disk,9,1,-1,2575.16,2575.16,2575.16
806,4618.00,30.93915385,120.18277535,30.90711509,120.25167667,30.90711509,120.25167667,0.5100,7484.16,1,1142,split_disk,9,1,-1,2314.89,2134.66,2134.66
807,4624.00,30.93967963,120.16485172,30.90711509,120.25167667,30.90711509,120.25167667,0.5100,9049.14,1,1133,split_disk,9,1,-1,3352.88,1890.30,1890.30
808,4630.00,30.93142618,120.16547714,30.90711509,120.25167667,30.90711509,120.25167667,0.5800,8665.04,1,853,split_disk,12,1,-1,2735.76,2474.91,2474.91
809,4635.00,30.92160611,120.22183730,30.90711509,120.25167667,30.90711509,120.25167667,0.6267,3274.42,1,600,split_disk,14,1,-1,2986.26,2381.90,2381.90
810,4641.00,30.92160611,120.22183730,30.90711509,120.25167667,30.90711509,120.25167667,0.6267,3274.42,1,600,split_disk,14,1,-1,3081.25,3081.25,3081.25
811,4647.00,30.92160611,120.22183730,30.90711509,120.25167667,30.90711509,120.25167667,0.6267,3274.42,1,600,split_disk,14,1,-1,3176.56,3176.56,3176.56
812,4653.00,30.92160611,120.22183730,30.90711509,120.25167667,30.92160611,120.22183730,0.6267,3274.42,1,600,split_disk,14,1,-1,3271.82,3071.83,3071.83
813,4659.00,30.92160611,120.22183730,30.92160611,120.22183730,30.92160611,120.22183730,0.6267,0.00,0,600,split_disk,14,1,-1,3367.27,3167.27,3167.27
814,4665.00,30.92160611,120.22183730,30.92160611,120.22183730,30.92160611,120.22183730,0.6267,0.00,0,600,split_disk,14,1,-1,3462.77,3462.77,3462.77
815,4670.00,30.92160611,120.22183730,30.92160611,120.22183730,30.92160611,120.22183730,0.6267,0.00,0,600,split_disk,14,1,-1,3558.32,3384.85,3384.85
816,4676.00,30.92160611,120.22183730,30.92160611,120.22183730,30.92160611,120.22183730,0.6267,0.00,0,600,split_disk,14,1,-1,3654.02,3482.40,3482.40
817,4682.00,30.91687078,120.14685848,30.92160611,120.22183730,30.92160611,120.22183730,0.5333,7179.44,1,397,split_disk,10,1,-1,3318.72,3318.72,3318.72
818,4688.00,30.91242985,120.24378705,30.92160611,120.22183730,30.92160611,120.22183730,0.5567,2331.74,1,331,split_disk,11,1,-1,6140.32,2377.02,2377.02
819,4694.00,30.91242985,120.24378705,30.92160611,120.22183730,30.92160611,120.22183730,0.5567,2331.74,1,331,split_disk,11,1,-1,6238.24,1618.28,1618.28
820,4701.00,30.91638792,120.22605104,30.92160611,120.22183730,30.92160611,120.22183730,0.5567,706.65,1,434,split_disk,11,1,-1,4492.60,1527.66,1527.66
821,4707.00,30.92699597,120.22366898,30.92160611,120.22183730,30.92160611,120.22183730,0.5333,624.98,1,769,split_disk,10,1,-1,4356.11,4339.31,4339.31
822,4713.00,30.92717839,120.22388707,30.92160611,120.22183730,30.92160611,120.22183730,0.5333,650.46,1,770,split_disk,10,1,-1,4648.92,4433.98,4433.98
823,4719.00,30.93915385,120.18277535,30.92160611,120.22183730,30.92160611,120.22183730,0.5100,4210.73,1,1142,split_disk,9,1,-1,1968.92,1663.20,1663.20
824,4725.00,30.91242985,120.24378705,30.92160611,120.22183730,30.92160611,120.22183730,0.5567,2331.74,1,331,split_disk,11,1,-1,6723.93,4634.18,4634.18
825,4731.00,30.90615543,120.16506436,30.92160611,120.22183730,30.90618229,120.16516304,0.8133,5687.79,0,69,split_disk,22,1,-1,2189.35,1069.77,1069.77
826,4737.00,30.90615543,120.16506436,30.90392724,120.15687697,30.90585500,120.16396045,0.8133,820.25,0,69,split_disk,22,1,-1,2173.16,876.12,876.12
827,4743.00,30.90615543,120.16506436,30.90517025,120.16144433,30.90600057,120.16449532,0.8133,362.67,0,69,split_disk,22,1,-1,2150.77,696.71,696.71
828,4749.00,30.93142618,120.16547714,30.90589594,120.16411087,30.90589594,120.16411087,0.5800,2845.02,1,853,split_disk,12,1,-1,954.94,674.33,674.33
829,4756.00,30.93142618,120.16547714,30.90577387,120.16366235,30.90577387,120.16366235,0.5800,2860.87,1,853,split_disk,12,1,-1,888.80,603.95,603.95
830,4762.00,30.91081564,120.16416375,30.90566925,120.16327790,30.90566925,120.16327790,0.5333,579.11,1,237,split_disk,10,1,-1,1545.94,513.02,513.02
831,4768.00,30.92886771,120.16395111,30.90556462,120.16289345,30.90556462,120.16289345,0.5100,2596.07,1,797,split_disk,9,1,-1,588.74,588.74,588.74
832,4774.00,30.90615543,120.16506436,30.90545999,120.16250900,30.90614991,120.16504407,0.8133,256.01,0,69,split_disk,22,1,-1,2135.35,1111.95,1111.95
833,4780.00,30.90615543,120.16506436,30.90621162,120.16527082,30.90616478,120.16509870,0.8133,20.68,0,69,split_disk,22,1,-1,2149.93,281.78,281.78
834,4786.00,30.93142618,120.16547714,30.90619157,120.16519717,30.90619157,120.16519717,0.5800,2809.24,1,853,split_disk,12,1,-1,643.03,243.99,243.99
835,4792.00,30.93142618,120.16547714,30.90621837,120.16529564,30.90621837,120.16529564,0.5800,2806.19,1,853,split_disk,12,1,-1,623.92,230.48,230.48
836,4798.00,30.90711509,120.25167667,30.90624517,120.16539412,30.90624517,120.16539412,0.6967,8240.07,1,167,split_disk,17,1,-1,8885.06,5672.61,5672.61
837,4805.00,30.92160611,120.22183730,30.90627644,120.16550900,30.90627644,120.16550900,0.6267,5643.24,1,600,split_disk,14,1,-1,5769.43,1461.03,1461.03
838,4811.00,30.93295454,120.21459106,30.90630324,120.16560748,30.90630324,120.16560748,0.5100,5539.18,1,933,split_disk,9,1,-1,5307.10,3529.25,3529.25
839,4817.00,30.93758256,120.19232154,30.90633004,120.16570595,30.90633004,120.16570595,0.4867,4308.55,1,1091,split_disk,8,1,-1,3608.98,3608.98,3608.98
840,4823.00,30.93758256,120.19232154,30.90635684,120.16580442,30.90635684,120.16580442,0.4867,4300.60,1,1091,split_disk,8,1,-1,3693.62,3693.62,3693.62
841,4829.00,30.91006452,120.21558468,30.90638364,120.16590289,30.90638364,120.16590289,0.5333,4762.00,1,262,split_disk,10,1,-1,5977.53,2567.20,2567.20
842,4835.00,30.91006452,120.21558468,30.90641044,120.16600137,30.90641044,120.16600137,0.5333,4752.37,1,262,split_disk,10,1,-1,6075.44,1542.26,1542.26
843,4841.00,30.93736796,120.16026272,30.90643723,120.16609984,30.93736796,120.16026272,0.6733,3488.04,1,1075,split_disk,16,1,-1,1390.57,1292.91,1292.91
844,4847.00,30.91016110,120.15893138,30.93736796,120.16026272,30.93736796,120.16026272,0.5100,3031.34,1,234,split_disk,9,1,-1,1786.48,825.59,825.59
845,4852.00,30.93967963,120.16485172,30.93736796,120.16026272,30.93736796,120.16026272,0.5100,508.19,1,1133,split_disk,9,1,-1,1833.85,1487.71,1487.71
846,4858.00,30.93379617,120.21316509,30.93736796,120.16026272,30.93736796,120.16026272,0.5333,5067.51,1,989,split_disk,10,1,-1,6071.20,4099.17,4099.17
847,4864.00,30.93379617,120.21316509,30.93736796,120.16026272,30.93736796,120.16026272,0.5333,5067.51,1,989,split_disk,10,1,-1,6164.32,1931.53,1931.53
848,4871.00,30.93967963,120.16485172,30.93736796,120.16026272,30.93736796,120.16026272,0.5100,508.19,1,1133,split_disk,9,1,-1,1981.74,1981.74,1981.74
849,4877.00,30.92886771,120.16395111,30.93736796,120.16026272,30.93736796,120.16026272,0.5100,1009.68,1,797,split_disk,9,1,-1,1512.08,1512.08,1512.08
850,4883.00,30.90615543,120.16506436,30.93736796,120.16026272,30.90616476,120.16506293,0.8133,3504.70,0,69,split_disk,22,1,-1,2912.17,1396.50,1396.50
851,4889.00,30.91242985,120.24378705,30.90360629,120.16545652,30.90360629,120.16545652,0.5567,7544.35,1,331,split_disk,11,1,-1,9438.33,4687.70,4687.70
852,4895.00,30.90711509,120.25167667,30.90104782,120.16585010,30.90104782,120.16585010,0.6967,8223.74,1,167,split_disk,17,1,-1,10436.72,4680.51,4680.51
853,4901.00,30.90711509,120.25167667,30.89848935,120.16624369,30.89848935,120.16624369,0.6967,8214.69,1,167,split_disk,17,1,-1,10534.77,7099.56,7099.56
854,4907.00,30.90651420,120.22583133,30.89593087,120.16663728,30.89593087,120.16663728,0.5100,5774.17,1,155,split_disk,9,1,-1,8303.67,533.24,533.24
855,4913.00,30.90786621,120.23196432,30.89337240,120.16703087,30.89337240,120.16703087,0.4867,6407.26,1,158,split_disk,8,1,-1,8979.70,591.89,591.89
856,4918.00,30.92721525,120.16558266,30.89124034,120.16735886,30.89124034,120.16735886,0.5100,4008.32,1,798,split_disk,9,1,-1,2369.87,650.77,650.77
857,4977.00,30.92721525,120.16558266,30.86608204,120.17122913,30.86608204,120.17122913,0.5100,6826.68,1,798,split_disk,9,1,-1,2393.60,450.11,450.11
858,4981.00,30.94266125,120.14013760,30.86437639,120.17149153,30.86437639,120.17149153,0.5567,9214.68,1,1234,split_disk,11,1,-1,1957.48,1957.48,1957.48
859,4985.00,30.90711509,120.25167667,30.86267074,120.17175392,30.86267074,120.17175392,0.6967,9095.51,1,167,split_disk,17,1,-1,10573.61,8418.48,8418.48
860,4989.00,30.90711509,120.25167667,30.86096509,120.17201631,30.90711509,120.25167667,0.6967,9179.40,1,167,split_disk,17,1,-1,10477.75,8322.35,8322.35
861,4993.00,30.90711509,120.25167667,30.90711509,120.25167667,30.90711509,120.25167667,0.6967,0.00,0,167,split_disk,17,1,-1,10379.76,7211.28,7211.28
862,4997.00,30.94597551,120.19235906,30.90711509,120.25167667,30.90711509,120.25167667,0.5333,7127.44,1,1371,split_disk,10,1,-1,5102.08,3587.57,3587.57
863,5001.00,30.94639399,120.19053989,30.90711509,120.25167667,30.90711509,120.25167667,0.6733,7294.10,1,1370,split_disk,16,1,-1,4855.13,3517.23,3517.23
864,5005.00,30.94110070,120.16984643,30.90711509,120.25167667,30.90711509,120.25167667,0.6033,8681.99,1,1192,split_disk,13,1,-1,2801.44,2801.44,2801.44
865,5009.00,30.94347675,120.17175317,30.90711509,120.25167667,30.90711509,120.25167667,0.5333,8639.20,1,1249,split_disk,10,1,-1,3028.43,2657.26,2657.26
866,5012.00,30.91242985,120.24378705,30.90711509,120.25167667,30.90711509,120.25167667,0.5567,957.95,1,331,split_disk,11,1,-1,9004.17,6927.76,6927.76
867,5016.00,30.92160611,120.22183730,30.90711509,120.25167667,30.90711509,120.25167667,0.6267,3274.42,1,600,split_disk,14,1,-1,6620.45,6620.45,6620.45
868,5020.00,30.92160611,120.22183730,30.90711509,120.25167667,30.90711509,120.25167667,0.6267,3274.42,1,600,split_disk,14,1,-1,6524.10,6324.27,6324.27
869,5024.00,30.92160611,120.22183730,30.90711509,120.25167667,30.90711509,120.25167667,0.6267,3274.42,1,600,split_disk,14,1,-1,6428.23,779.04,779.04
870,5028.00,30.93142618,120.16547714,30.90711509,120.25167667,30.90711509,120.25167667,0.5800,8665.04,1,853,split_disk,12,1,-1,1202.28,813.96,813.96
871,5032.00,30.92899647,120.16294498,30.90711509,120.25167667,30.92899647,120.16294498,0.5800,8816.55,1,796,split_disk,12,1,-1,855.19,855.19,855.19
872,5036.00,30.92899647,120.16294498,30.92899647,120.16294498,30.92899647,120.16294498,0.5800,0.00,0,796,split_disk,12,1,-1,803.67,803.67,803.67
873,5040.00,30.92899647,120.16294498,30.92899647,120.16294498,30.92899647,120.16294498,0.5800,0.00,0,796,split_disk,12,1,-1,761.36,761.36,761.36
874,5044.00,30.92899647,120.16294498,30.92899647,120.16294498,30.92899647,120.16294498,0.5800,0.00,0,796,split_disk,12,1,-1,720.05,720.05,720.05
875,5048.00,30.92886771,120.16395111,30.92899647,120.16294498,30.92899647,120.16294498,0.5100,97.14,1,797,split_disk,9,1,-1,793.89,793.89,793.89
876,5052.00,30.92886771,120.16395111,30.92899647,120.16294498,30.92899647,120.16294498,0.5100,97.14,1,797,split_disk,9,1,-1,753.72,753.72,753.72
877,5056.00,30.91016110,120.15893138,30.92899647,120.16294498,30.92899647,120.16294498,0.5100,2131.50,1,234,split_disk,9,1,-1,1356.19,490.92,490.92
878,5060.00,30.94664079,120.16371345,30.92899647,120.16294498,30.92899647,120.16294498,0.4867,1965.54,1,1357,split_disk,8,1,-1,2703.44,1351.36,1351.36
879,5063.00,30.93122697,120.20287546,30.92899647,120.16294498,30.92899647,120.16294498,0.5567,3821.22,1,927,split_disk,11,1,-1,3835.53,1385.41,1385.41
880,5067.00,30.90711509,120.25167667,30.92899647,120.16294498,30.92899647,120.16294498,0.6967,8816.55,1,167,split_disk,17,1,-1,8537.19,6389.81,6389.81
881,5071.00,30.90711509,120.25167667,30.92899647,120.16294498,30.92899647,120.16294498,0.6967,8816.55,1,167,split_disk,17,1,-1,8439.19,758.08,758.08
882,5075.00,30.93142618,120.16547714,30.92899647,120.16294498,30.92899647,120.16294498,0.5800,362.80,1,853,split_disk,12,1,-1,989.66,273.85,273.85
883,5079.00,30.93142618,120.16547714,30.92899647,120.16294498,30.92899647,120.16294498,0.5800,362.80,1,853,split_disk,12,1,-1,1036.21,666.11,666.11
884,5083.00,30.91539001,120.24354939,30.92899647,120.16294498,30.91539001,120.24354939,0.5100,7844.89,1,443,split_disk,9,1,-1,7214.84,6816.26,6816.26
885,5087.00,30.91242985,120.24378705,30.91539001,120.24354939,30.91539001,120.24354939,0.5567,330.31,1,331,split_disk,11,1,-1,7162.40,7097.42,7097.42
886,5091.00,30.91242985,120.24378705,30.91539001,120.24354939,30.91539001,120.24354939,0.5567,330.31,1,331,split_disk,11,1,-1,7064.76,1035.08,1035.08
887,5095.00,30.92886771,120.16395111,30.91539001,120.24354939,30.91539001,120.24354939,0.5100,7747.85,1,797,split_disk,9,1,-1,1101.84,987.79,987.79
888,5099.00,30.92201386,120.24999508,30.91539001,120.24354939,30.91539001,120.24354939,0.4867,960.51,1,614,split_disk,8,1,-1,7409.08,2438.35,2438.35
889,5103.00,30.91006452,120.21558468,30.91539001,120.24354939,30.91539001,120.24354939,0.5333,2735.49,1,262,split_disk,10,1,-1,4168.81,4119.96,4119.96
890,5107.00,30.94357332,120.19653528,30.91539001,120.24354939,30.91539001,120.24354939,0.5100,5477.18,1,1261,split_disk,9,1,-1,3286.91,2173.65,2173.65
891,5111.00,30.91081564,120.16416375,30.91539001,120.24354939,30.91539001,120.24354939,0.5333,7597.97,1,237,split_disk,10,1,-1,1593.93,1340.07,1340.07
892,5115.00,30.93379617,120.21316509,30.91539001,120.24354939,30.91539001,120.24354939,0.5333,3552.07,1,989,split_disk,10,1,-1,3853.76,1314.44,1314.44
893,5119.00,30.94664079,120.16371345,30.91539001,120.24354939,30.91539001,120.24354939,0.4867,8380.10,1,1357,split_disk,8,1,-1,3264.41,1557.38,1557.38
894,5123.00,30.93967963,120.16485172,30.91539001,120.24354939,30.93967963,120.16485172,0.5100,7986.82,1,1133,split_disk,9,1,-1,2620.94,1945.85,1945.85
895,5127.00,30.94664079,120.16371345,30.93967963,120.16485172,30.93967963,120.16485172,0.4867,782.50,1,1357,split_disk,8,1,-1,3378.34,1684.84,1684.84
896,5131.00,30.91081564,120.16416375,30.93967963,120.16485172,30.93967963,120.16485172,0.5333,3213.81,1,237,split_disk,10,1,-1,1924.78,1700.97,1700.97
897,5135.00,30.91081564,120.16416375,30.93967963,120.16485172,30.93967963,120.16485172,0.5333,3213.81,1,237,split_disk,10,1,-1,1996.40,1799.01,1799.01
898,5139.00,30.91081564,120.16416375,30.93967963,120.16485172,30.93967963,120.16485172,0.5333,3213.81,1,237,split_disk,10,1,-1,2075.29,1894.42,1894.42
899,5143.00,30.93731431,120.18401914,30.93967963,120.16485172,30.93967963,120.16485172,0.5567,1849.22,1,1087,split_disk,11,1,-1,2066.79,2066.79,2066.79
900,5147.00,30.91016110,120.15893138,30.93967963,120.16485172,30.93967963,120.16485172,0.5100,3334.28,1,234,split_disk,9,1,-1,2789.86,2012.67,2012.67
901,5151.00,30.93122697,120.20287546,30.93967963,120.16485172,30.93967963,120.16485172,0.5567,3750.99,1,927,split_disk,11,1,-1,2100.90,1842.93,1842.93
902,5155.00,30.93731431,120.18401914,30.93967963,120.16485172,30.93967963,120.16485172,0.5567,1849.22,1,1087,split_disk,11,1,-1,2133.27,2133.27,2133.27
903,5159.00,30.92802002,120.25007014,30.93967963,120.16485172,30.93967963,120.16485172,0.5100,8240.74,1,838,split_disk,9,1,-1,5988.85,4815.85,4815.85
904,5163.00,30.94266125,120.14013760,30.93967963,120.16485172,30.94266125,120.14013760,0.5567,2383.29,1,1234,split_disk,11,1,-1,5374.49,2391.14,2391.14
905,5167.00,30.90711509,120.25167667,30.94266125,120.14013760,30.94266125,120.14013760,0.6967,11362.63,1,167,split_disk,17,1,-1,6017.66,2188.13,2188.13
906,5171.00,30.90786621,120.23196432,30.94266125,120.14013760,30.94266125,120.14013760,0.4867,9586.32,1,158,split_disk,8,1,-1,4174.03,2800.62,2800.62
907,5175.00,30.90711509,120.25167667,30.94266125,120.14013760,30.94266125,120.14013760,0.6967,11362.63,1,167,split_disk,17,1,-1,5823.88,2706.15,2706.15
908,5179.00,30.94305827,120.22074906,30.94266125,120.14013760,30.94266125,120.14013760,0.5100,7698.08,1,1272,split_disk,9,1,-1,3839.15,3839.15,3839.15
909,5183.00,30.93281505,120.21530949,30.94266125,120.14013760,30.94266125,120.14013760,0.6500,7261.70,1,934,split_disk,15,1,-1,2673.09,2554.96,2554.96
910,5187.00,30.94369136,120.16313806,30.94266125,120.14013760,30.94266125,120.14013760,0.5100,2199.41,1,1245,split_disk,9,1,-1,4132.53,2740.04,2740.04
911,5191.00,30.93379617,120.21316509,30.94266125,120.14013760,30.94266125,120.14013760,0.5333,7043.20,1,989,split_disk,10,1,-1,2543.99,2132.49,2132.49
912,5195.00,30.93379617,120.21316509,30.94266125,120.14013760,30.94266125,120.14013760,0.5333,7043.20,1,989,split_disk,10,1,-1,2488.98,1799.17,1799.17
913,5199.00,30.93724992,120.20608853,30.94266125,120.14013760,30.94266125,120.14013760,0.5567,6326.69,1,1097,split_disk,11,1,-1,2422.06,2123.23,2123.23
914,5203.00,30.93724992,120.20608853,30.94266125,120.14013760,30.93724992,120.20608853,0.5567,6326.69,1,1097,split_disk,11,1,-1,2405.91,1969.46,1969.46
915,5207.00,30.93379617,120.21316509,30.93724992,120.20608853,30.93724992,120.20608853,0.5333,777.49,1,989,split_disk,10,1,-1,2358.28,1972.76,1972.76
916,5211.00,30.93379617,120.21316509,30.93724992,120.20608853,30.93724992,120.20608853,0.5333,777.49,1,989,split_disk,10,1,-1,2314.96,1988.68,1988.68
917,5215.00,30.93379617,120.21316509,30.93724992,120.20608853,30.93724992,120.20608853,0.5333,777.49,1,989,split_disk,10,1,-1,2284.52,2284.52,2284.52
918,5219.00,30.93724992,120.20608853,30.93724992,120.20608853,30.93724992,120.20608853,0.5567,0.00,0,1097,split_disk,11,1,-1,2412.62,2213.78,2213.78
919,5223.00,30.93758256,120.19232154,30.93724992,120.20608853,30.93724992,120.20608853,0.4867,1315.19,1,1091,split_disk,8,1,-1,2628.52,2026.06,2026.06
920,5227.00,30.92886771,120.16395111,30.93724992,120.20608853,30.93724992,120.20608853,0.5100,4130.66,1,797,split_disk,9,1,-1,4195.05,4007.67,4007.67
921,5231.00,30.92160611,120.22183730,30.93724992,120.20608853,30.93724992,120.20608853,0.6267,2300.98,1,600,split_disk,14,1,-1,1506.60,1506.60,1506.60
922,5235.00,30.91242985,120.24378705,30.93724992,120.20608853,30.93724992,120.20608853,0.5567,4538.06,1,331,split_disk,11,1,-1,3387.33,2047.75,2047.75
923,5239.00,30.91081564,120.16416375,30.93724992,120.20608853,30.93724992,120.20608853,0.5333,4968.70,1,237,split_disk,10,1,-1,4356.04,4157.55,4157.55
924,5243.00,30.91081564,120.16416375,30.93724992,120.20608853,30.93724992,120.20608853,0.5333,4968.70,1,237,split_disk,10,1,-1,4448.30,4249.63,4249.63
925,5247.00,30.93758256,120.19232154,30.93724992,120.20608853,30.93724992,120.20608853,0.4867,1315.19,1,1091,split_disk,8,1,-1,3041.22,2747.78,2747.78
926,5251.00,30.93758256,120.19232154,30.93724992,120.20608853,30.93724992,120.20608853,0.4867,1315.19,1,1091,split_disk,8,1,-1,3114.18,2807.99,2807.99
927,5255.00,30.93604953,120.20516996,30.93724992,120.20608853,30.93724992,120.20608853,0.5100,159.85,1,984,split_disk,9,1,-1,2338.53,2214.37,2214.37
928,5260.00,30.90614937,120.16442643,30.93724992,120.20608853,30.90614937,120.16442643,0.4633,5273.96,1,125,split_disk,7,1,-1,4873.84,2477.89,2477.89
929,5264.00,30.93758256,120.19232154,30.90614937,120.16442643,30.90614937,120.16442643,0.4867,4397.72,1,1091,split_disk,8,1,-1,3332.12,2990.97,2990.97
930,5268.00,30.92759081,120.22123689,30.90614937,120.16442643,30.90614937,120.16442643,0.5333,5926.94,1,824,split_disk,10,1,-1,1651.11,1651.11,1651.11
931,5272.00,30.90711509,120.25167667,30.90614937,120.16442643,30.90614937,120.16442643,0.6967,8332.61,1,167,split_disk,17,1,-1,3401.49,436.89,436.89
932,5276.00,30.90711509,120.25167667,30.90614937,120.16442643,30.90614937,120.16442643,0.6967,8332.61,1,167,split_disk,17,1,-1,3306.00,1290.92,1290.92
933,5280.00,30.90398325,120.24795076,30.90614937,120.16442643,30.90614937,120.16442643,0.5100,7979.75,1,53,split_disk,9,1,-1,2951.26,1209.62,1209.62
934,5284.00,30.90711509,120.25167667,30.90614937,120.16442643,30.90614937,120.16442643,0.6967,8332.61,1,167,split_disk,17,1,-1,3109.89,1130.97,1130.97
935,5288.00,30.94327288,120.15553613,30.90614937,120.16442643,30.90614937,120.16442643,0.4867,4218.89,1,1241,split_disk,8,1,-1,7080.88,3165.87,3165.87
936,5292.00,30.93915385,120.18277535,30.90614937,120.16442643,30.90614937,120.16442643,0.5100,4070.50,1,1142,split_disk,9,1,-1,4760.24,2722.46,2722.46
937,5296.00,30.93379617,120.21316509,30.90614937,120.16442643,30.90614937,120.16442643,0.5333,5579.80,1,989,split_disk,10,1,-1,2477.27,2477.27,2477.27
938,5300.00,30.93379617,120.21316509,30.90614937,120.16442643,30.93379617,120.21316509,0.5333,5579.80,1,989,split_disk,10,1,-1,2532.67,2532.67,2532.67
939,5304.00,30.93379617,120.21316509,30.93379617,120.21316509,30.93379617,120.21316509,0.5333,0.00,0,989,split_disk,10,1,-1,2580.44,2580.44,2580.44
940,5308.00,30.93758256,120.19232154,30.93379617,120.21316509,30.93379617,120.21316509,0.4867,2034.58,1,1091,split_disk,8,1,-1,4198.68,2733.75,2733.75
941,5312.00,30.93758256,120.19232154,30.93379617,120.21316509,30.93379617,120.21316509,0.4867,2034.58,1,1091,split_disk,8,1,-1,4278.00,2791.61,2791.61
942,5316.00,30.92160611,120.22183730,30.93379617,120.21316509,30.93379617,120.21316509,0.6267,1589.74,1,600,split_disk,14,1,-1,1252.85,747.41,747.41
943,5320.00,30.92160611,120.22183730,30.93379617,120.21316509,30.93379617,120.21316509,0.6267,1589.74,1,600,split_disk,14,1,-1,1320.06,644.43,644.43
944,5325.00,30.90711509,120.25167667,30.93379617,120.21316509,30.93379617,120.21316509,0.6967,4727.24,1,167,split_disk,17,1,-1,2143.09,648.87,648.87
945,5329.00,30.94149771,120.18459453,30.93379617,120.21316509,30.93379617,120.21316509,0.4633,2859.86,1,1199,split_disk,7,1,-1,5500.96,1575.95,1575.95
946,5333.00,30.94668371,120.17174066,30.93379617,120.21316509,30.93379617,120.21316509,0.4400,4207.92,1,1361,split_disk,6,1,-1,6911.75,3628.66,3628.66
947,5337.00,30.93977620,120.18548263,30.93379617,120.21316509,30.93379617,120.21316509,0.4867,2726.05,1,1143,split_disk,8,1,-1,5561.16,5561.16,5561.16
948,5341.00,30.93379617,120.21316509,30.93379617,120.21316509,30.93379617,120.21316509,0.5333,0.00,0,989,split_disk,10,1,-1,3156.76,3156.76,3156.76
949,5345.00,30.93758256,120.19232154,30.93379617,120.21316509,30.93379617,120.21316509,0.4867,2034.58,1,1091,split_disk,8,1,-1,4966.79,3360.77,3360.77
950,5349.00,30.93814054,120.19930510,30.93379617,120.21316509,30.93379617,120.21316509,0.4867,1409.14,1,1094,split_disk,8,1,-1,4576.61,3852.60,3852.60
951,5353.00,30.93724992,120.20608853,30.93379617,120.21316509,30.93379617,120.21316509,0.5567,777.49,1,1097,split_disk,11,1,-1,4218.65,4218.65,4218.65
952,5357.00,30.93379617,120.21316509,30.93379617,120.21316509,30.93379617,120.21316509,0.5333,0.00,0,989,split_disk,10,1,-1,3459.66,3459.66,3459.66
953,5361.00,30.93379617,120.21316509,30.93379617,120.21316509,30.93379617,120.21316509,0.5333,0.00,0,989,split_disk,10,1,-1,3531.90,3531.90,3531.90
954,5365.00,30.93379617,120.21316509,30.93379617,120.21316509,30.93379617,120.21316509,0.5333,0.00,0,989,split_disk,10,1,-1,3613.32,3613.32,3613.32
955,5369.00,30.93724992,120.20608853,30.93379617,120.21316509,30.93379617,120.21316509,0.5567,777.49,1,1097,split_disk,11,1,-1,4614.03,4614.03,4614.03
956,5373.00,30.93915385,120.18277535,30.93379617,120.21316509,30.93379617,120.21316509,0.5100,2962.70,1,1142,split_disk,9,1,-1,6626.82,3980.06,3980.06
957,5378.00,30.93915385,120.18277535,30.93379617,120.21316509,30.93379617,120.21316509,0.5100,2962.70,1,1142,split_disk,9,1,-1,6715.56,5612.41,5612.41
958,5382.00,30.92799856,120.22244315,30.93379617,120.21316509,30.93379617,120.21316509,0.5333,1096.14,1,825,split_disk,10,1,-1,3007.34,2866.90,2866.90
959,5386.00,30.93600054,120.22862617,30.93379617,120.21316509,30.93379617,120.21316509,0.5333,1496.70,1,1052,split_disk,10,1,-1,3341.43,2941.03,2941.03
960,5390.00,30.94442568,120.20473761,30.93379617,120.21316509,30.93379617,120.21316509,0.5800,1431.02,1,1321,split_disk,12,1,-1,5569.77,5569.77,5569.77
961,5394.00,30.93142618,120.16547714,30.93379617,120.21316509,30.93379617,120.21316509,0.5800,4561.57,1,853,split_disk,12,1,-1,8383.72,349.09,349.09
962,5398.00,30.93758256,120.19232154,30.93379617,120.21316509,30.93379617,120.21316509,0.4867,2034.58,1,1091,split_disk,8,1,-1,6207.07,4490.27,4490.27
963,5402.00,30.93724992,120.20608853,30.93379617,120.21316509,30.93379617,120.21316509,0.5567,777.49,1,1097,split_disk,11,1,-1,5299.33,4579.50,4579.50
964,5406.00,30.93724992,120.20608853,30.93379617,120.21316509,30.93724992,120.20608853,0.5567,777.49,1,1097,split_disk,11,1,-1,5382.63,4784.79,4784.79
965,5464.00,30.91242985,120.24378705,30.93724992,120.20608853,30.93724992,120.20608853,0.5567,4538.06,1,331,split_disk,11,1,-1,925.37,925.37,925.37
966,5470.00,30.92294133,120.24271132,30.93724992,120.20608853,30.93724992,120.20608853,0.5567,3842.92,1,667,split_disk,11,1,-1,1935.48,853.50,853.50
967,5476.00,30.91006452,120.21558468,30.93724992,120.20608853,30.93724992,120.20608853,0.5333,3159.23,1,262,split_disk,10,1,-1,3079.78,578.51,578.51
968,5482.00,30.91242985,120.24378705,30.93724992,120.20608853,30.93724992,120.20608853,0.5567,4538.06,1,331,split_disk,11,1,-1,717.08,516.05,516.05
969,5488.00,30.91081564,120.16416375,30.93724992,120.20608853,30.93724992,120.20608853,0.5333,4968.70,1,237,split_disk,10,1,-1,7868.17,7668.44,7668.44
970,5494.00,30.91081564,120.16416375,30.93724992,120.20608853,30.93724992,120.20608853,0.5333,4968.70,1,237,split_disk,10,1,-1,7771.68,7571.93,7571.93
971,5500.00,30.91016110,120.15893138,30.93724992,120.20608853,30.93724992,120.20608853,0.5100,5419.65,1,234,split_disk,9,1,-1,8275.12,7476.00,7476.00
972,5506.00,30.91081564,120.16416375,30.93724992,120.20608853,30.93724992,120.20608853,0.5333,4968.70,1,237,split_disk,10,1,-1,7579.33,7379.54,7379.54
973,5512.00,30.92721525,120.16558266,30.93724992,120.20608853,30.93724992,120.20608853,0.5100,4026.15,1,798,split_disk,9,1,-1,7641.39,748.83,748.83
974,5518.00,30.90711509,120.25167667,30.93724992,120.20608853,30.90711509,120.25167667,0.6967,5495.96,1,167,split_disk,17,1,-1,1023.30,534.55,534.55
975,5523.00,30.90711509,120.25167667,30.90711509,120.25167667,30.90711509,120.25167667,0.6967,0.00,0,167,split_disk,17,1,-1,1119.40,873.38,873.38
976,5529.00,30.90711509,120.25167667,30.90711509,120.25167667,30.90711509,120.25167667,0.6967,0.00,0,167,split_disk,17,1,-1,1216.56,941.62,941.62
977,5535.00,30.93758256,120.19232154,30.90711509,120.25167667,30.90711509,120.25167667,0.4867,6605.33,1,1091,split_disk,8,1,-1,5389.42,3792.37,3792.37
978,5541.00,30.93758256,120.19232154,30.90711509,120.25167667,30.90711509,120.25167667,0.4867,6605.33,1,1091,split_disk,8,1,-1,5306.83,3721.74,3721.74
979,5547.00,30.92899647,120.16294498,30.90711509,120.25167667,30.90711509,120.25167667,0.5800,8816.55,1,796,split_disk,12,1,-1,7442.87,1175.97,1175.97
980,5553.00,30.92899647,120.16294498,30.90711509,120.25167667,30.90711509,120.25167667,0.5800,8816.55,1,796,split_disk,12,1,-1,7348.44,1356.11,1356.11
981,5558.00,30.93295454,120.21459106,30.90711509,120.25167667,30.90711509,120.25167667,0.5100,4562.45,1,933,split_disk,9,1,-1,3219.42,1345.82,1345.82
982,5564.00,30.92160611,120.22183730,30.90711509,120.25167667,30.90711509,120.25167667,0.6267,3274.42,1,600,split_disk,14,1,-1,1838.91,999.75,999.75
983,5570.00,30.92899647,120.16294498,30.90711509,120.25167667,30.90711509,120.25167667,0.5800,8816.55,1,796,split_disk,12,1,-1,7058.57,1089.43,1089.43
984,5576.00,30.92899647,120.16294498,30.90711509,120.25167667,30.90711509,120.25167667,0.5800,8816.55,1,796,split_disk,12,1,-1,6960.84,1026.82,1026.82
985,5581.00,30.90866492,120.17552367,30.90711509,120.25167667,30.90711509,120.25167667,0.5100,7274.24,1,186,split_disk,9,1,-1,5330.55,980.58,980.58
986,5587.00,30.92294739,120.24473769,30.90711509,120.25167667,30.92294739,120.24473769,0.4867,1882.90,1,611,split_disk,8,1,-1,1893.83,1273.38,1273.38
987,5593.00,30.94369136,120.16313806,30.92294739,120.24473769,30.92294739,120.24473769,0.5100,8127.28,1,1245,split_disk,9,1,-1,7162.64,3185.11,3185.11
988,5598.00,30.94369136,120.16313806,30.92294739,120.24473769,30.92294739,120.24473769,0.5100,8127.28,1,1245,split_disk,9,1,-1,7069.39,3125.72,3125.72
989,5604.00,30.93586105,120.17209090,30.92294739,120.24473769,30.92294739,120.24473769,0.4867,7084.74,1,1025,split_disk,8,1,-1,5887.46,5748.30,5748.30
990,5610.00,30.93295454,120.21459106,30.92294739,120.24473769,30.92294739,120.24473769,0.5100,3086.86,1,933,split_disk,9,1,-1,2652.12,884.14,884.14
991,5616.00,30.92721525,120.16558266,30.92294739,120.24473769,30.92294739,120.24473769,0.5100,7573.78,1,798,split_disk,9,1,-1,5913.87,2254.05,2254.05
992,5622.00,30.93379617,120.21316509,30.92294739,120.24473769,30.92294739,120.24473769,0.5333,3247.89,1,989,split_disk,10,1,-1,2739.90,2096.70,2096.70
993,5627.00,30.91006452,120.21558468,30.92294739,120.24473769,30.92294739,120.24473769,0.5333,3131.63,1,262,split_disk,10,1,-1,566.13,566.13,566.13
994,5633.00,30.93379617,120.21316509,30.92294739,120.24473769,30.92294739,120.24473769,0.5333,3247.89,1,989,split_disk,10,1,-1,2653.65,2460.66,2460.66
995,5639.00,30.93379617,120.21316509,30.92294739,120.24473769,30.92294739,120.24473769,0.5333,3247.89,1,989,split_disk,10,1,-1,2609.42,2414.74,2414.74
996,5645.00,30.91250496,120.14276982,30.92294739,120.24473769,30.91250496,120.14276982,0.5800,9806.51,1,283,split_disk,12,1,-1,7280.80,732.82,732.82
997,5650.00,30.91250496,120.14276982,30.91250496,120.14276982,30.91250496,120.14276982,0.5800,0.00,0,283,split_disk,12,1,-1,7089.45,2797.39,2797.39
998,5656.00,30.91250496,120.14276982,30.91250496,120.14276982,30.91250496,120.14276982,0.5800,0.00,0,283,split_disk,12,1,-1,6993.80,1123.90,1123.90
999,5662.00,30.90711509,120.25167667,30.91250496,120.14276982,30.91250496,120.14276982,0.6967,10417.29,1,167,split_disk,17,1,-1,3541.03,1189.76,1189.76
1000,5668.00,30.90711509,120.25167667,30.91250496,120.14276982,30.91250496,120.14276982,0.6967,10417.29,1,167,split_disk,17,1,-1,3637.13,1223.41,1223.41
1001,5673.00,30.90711509,120.25167667,30.91250496,120.14276982,30.91250496,120.14276982,0.6967,10417.29,1,167,split_disk,17,1,-1,3734.86,1971.07,1971.07
1002,5679.00,30.93341594,120.20473761,30.91250496,120.14276982,30.91250496,120.14276982,0.5567,6358.97,1,929,split_disk,11,1,-1,2305.29,2305.29,2305.29
1003,5685.00,30.93341594,120.20473761,30.91250496,120.14276982,30.91250496,120.14276982,0.5567,6358.97,1,929,split_disk,11,1,-1,2270.99,2234.09,2234.09
1004,5691.00,30.93341594,120.20473761,30.91250496,120.14276982,30.91250496,120.14276982,0.5567,6358.97,1,929,split_disk,11,1,-1,2229.36,2001.56,2001.56
1005,5697.00,30.90615543,120.16506436,30.91250496,120.14276982,30.90617430,120.16499811,0.8133,2243.27,0,69,split_disk,22,1,-1,4401.99,2004.74,2004.74
1006,5703.00,30.93724992,120.20608853,30.90502758,120.16902450,30.90502758,120.16902450,0.5567,5039.24,1,1097,split_disk,11,1,-1,2765.53,2356.20,2356.20
1007,5709.00,30.93814054,120.19930510,30.90388086,120.17305088,30.90388086,120.17305088,0.4867,4564.06,1,1094,split_disk,8,1,-1,2841.24,2785.96,2785.96
1008,5715.00,30.90615543,120.16506436,30.90273413,120.17707726,30.90608719,120.16530397,0.8133,1208.74,0,69,split_disk,22,1,-1,4132.35,3848.14,3848.14
1009,5721.00,30.90615543,120.16506436,30.90616962,120.16501455,30.90615801,120.16505532,0.8133,5.01,0,69,split_disk,22,1,-1,4041.51,3325.81,3325.81
1010,5727.00,30.93379617,120.21316509,30.90623240,120.16479412,30.90623240,120.16479412,0.5333,5545.42,1,989,split_disk,10,1,-1,2479.62,2296.26,2296.26
1011,5733.00,30.93379617,120.21316509,30.90630678,120.16453293,30.90630678,120.16453293,0.5333,5561.66,1,989,split_disk,10,1,-1,2497.64,2267.48,2267.48
1012,5738.00,30.93295454,120.21459106,30.90636877,120.16431527,30.90636877,120.16431527,0.5100,5639.94,1,933,split_disk,9,1,-1,2352.63,1351.56,1351.56
1013,5744.00,30.91242985,120.24378705,30.90644316,120.16405408,30.90644316,120.16405408,0.5567,7643.17,1,331,split_disk,11,1,-1,4042.77,3458.81,3458.81
1014,5750.00,30.90711509,120.25167667,30.90651755,120.16379289,30.90651755,120.16379289,0.6967,8392.68,1,167,split_disk,17,1,-1,4995.72,2965.08,2965.08
1015,5756.00,30.90711509,120.25167667,30.90659194,120.16353170,30.90659194,120.16353170,0.6967,8417.56,1,167,split_disk,17,1,-1,5093.52,3550.69,3550.69
1016,5762.00,30.92886771,120.16395111,30.90666633,120.16327050,30.90666633,120.16327050,0.5100,2472.31,1,797,split_disk,9,1,-1,3639.41,2205.92,2205.92
1017,5768.00,30.90711509,120.25167667,30.90674071,120.16300931,30.90674071,120.16300931,0.6967,8467.34,1,167,split_disk,17,1,-1,5287.38,2292.49,2292.49
1018,5774.00,30.90711509,120.25167667,30.90681510,120.16274812,30.90681510,120.16274812,0.6967,8492.25,1,167,split_disk,17,1,-1,5383.44,2146.48,2146.48
1019,5780.00,30.90711509,120.25167667,30.90688949,120.16248693,30.90711509,120.25167667,0.6967,8517.16,1,167,split_disk,17,1,-1,5481.25,2470.57,2470.57
1020,5786.00,30.93142618,120.16547714,30.90711509,120.25167667,30.90711509,120.25167667,0.5800,8665.04,1,853,split_disk,12,1,-1,3360.47,2933.23,2933.23
1021,5792.00,30.91081564,120.16416375,30.90711509,120.25167667,30.90711509,120.25167667,0.5333,8367.15,1,237,split_disk,10,1,-1,2841.05,2082.76,2082.76
1022,5798.00,30.93341594,120.20473761,30.90711509,120.25167667,30.90711509,120.25167667,0.5567,5353.89,1,929,split_disk,11,1,-1,2283.14,2121.70,2121.70
1023,5804.00,30.93341594,120.20473761,30.90711509,120.25167667,30.90711509,120.25167667,0.5567,5353.89,1,929,split_disk,11,1,-1,2329.85,2172.92,2172.92
1024,5810.00,30.90615543,120.16506436,30.90711509,120.25167667,30.90615586,120.16510280,0.8133,8271.68,0,69,split_disk,22,1,-1,2763.47,2376.11,2376.11
1025,5816.00,30.92886771,120.16395111,30.90606568,120.15696394,30.90606568,120.15696394,0.5100,2624.55,1,797,split_disk,9,1,-1,2808.02,2808.02,2808.02
1026,5821.00,30.93915385,120.18277535,30.90599053,120.15018156,30.90599053,120.15018156,0.5100,4828.74,1,1142,split_disk,9,1,-1,2662.06,2625.99,2625.99
1027,5827.00,30.90711509,120.25167667,30.90590035,120.14204270,30.90590035,120.14204270,0.6967,10470.31,1,167,split_disk,17,1,-1,6256.73,2034.89,2034.89
1028,5833.00,30.92886771,120.16395111,30.90581017,120.13390384,30.90581017,120.13390384,0.5100,3849.86,1,797,split_disk,9,1,-1,2535.16,2535.16,2535.16
1029,5839.00,30.92823462,120.13706213,30.90571999,120.12576498,30.90571999,120.12576498,0.5567,2728.65,1,784,split_disk,11,1,-1,4826.92,2080.83,2080.83
1030,5845.00,30.90615543,120.16506436,30.90562982,120.11762612,30.90615390,120.16492601,0.8133,4530.47,0,69,split_disk,22,1,-1,2229.18,2057.73,2057.73
1031,5851.00,30.91021475,120.16899041,30.90616741,120.16614577,30.90616741,120.16614577,0.5100,526.11,1,239,split_disk,9,1,-1,1507.41,1507.41,1507.41
1032,5857.00,30.90615543,120.16506436,30.90618093,120.16736554,30.90615669,120.16517830,0.8133,219.77,0,69,split_disk,22,1,-1,2094.57,1168.32,1168.32
