Frame,Time_Sec,Raw_Lat,Raw_Lng,Predicted_Lat,Predicted_Lng,Filtered_Lat,Filtered_Lng,Match_Confidence,Innovation_M,Outlier_Rejected,Best_Match_Idx,Algorithm,Inliers,Measurement_Valid,Correct_Candidate_Rank,Top1_Min_Dist_M,Top5_Min_Dist_M,Top10_Min_Dist_M
1,2.00,30.94530000,120.14500000,30.94530000,120.14500000,30.94530000,120.14500000,0.0000,0.00,0,-1,split_xfeat,0,0,-1,,,
2,4.00,30.94530000,120.14500000,30.94530000,120.14500000,30.94530000,120.14500000,0.0000,0.00,0,-1,split_xfeat,0,0,-1,,,
3,6.00,30.94530000,120.14500000,30.94530000,120.14500000,30.94530000,120.14500000,0.0000,0.00,0,-1,split_xfeat,0,0,-1,,,
4,8.00,30.94530000,120.14500000,30.94530000,120.14500000,30.94530000,120.14500000,0.0000,0.00,0,-1,split_xfeat,0,0,-1,,,
5,10.00,30.94530000,120.14500000,30.94530000,120.14500000,30.94530000,120.14500000,0.0000,0.00,0,-1,split_xfeat,0,0,-1,,,
6,12.00,30.94530000,120.14500000,30.94530000,120.14500000,30.94530000,120.14500000,0.0000,0.00,0,-1,split_xfeat,0,0,-1,,,
7,13.00,30.94530000,120.14500000,30.94530000,120.14500000,30.94530000,120.14500000,0.0000,0.00,0,-1,split_xfeat,0,0,-1,,,
8,15.00,30.94530000,120.14500000,30.94530000,120.14500000,30.94530000,120.14500000,0.0000,0.00,0,-1,split_xfeat,0,0,-1,,,
9,17.00,30.94530000,120.14500000,30.94530000,120.14500000,30.94530000,120.14500000,0.0000,0.00,0,-1,split_xfeat,0,0,-1,,,
10,19.00,30.94530000,120.14500000,30.94530000,120.14500000,30.94530000,120.14500000,0.0000,0.00,0,-1,split_xfeat,0,0,-1,,,
11,21.00,30.94530000,120.14500000,30.94530000,120.14500000,30.94530000,120.14500000,0.0000,0.00,0,-1,split_xfeat,0,0,-1,,,
12,23.00,30.94530000,120.14500000,30.94530000,120.14500000,30.94530000,120.14500000,0.0000,0.00,0,-1,split_xfeat,0,0,-1,,,
13,25.00,30.94530000,120.14500000,30.94530000,120.14500000,30.94530000,120.14500000,0.0000,0.00,0,-1,split_xfeat,0,0,-1,,,
14,27.00,30.94530000,120.14500000,30.94530000,120.14500000,30.94530000,120.14500000,0.0000,0.00,0,-1,split_xfeat,0,0,-1,,,
15,29.00,30.94530000,120.14500000,30.94530000,120.14500000,30.94530000,120.14500000,0.0000,0.00,0,-1,split_xfeat,0,0,-1,,,
16,31.00,30.94530000,120.14500000,30.94530000,120.14500000,30.94530000,120.14500000,0.0000,0.00,0,-1,split_xfeat,0,0,-1,,,
17,33.00,30.94530000,120.14500000,30.94530000,120.14500000,30.94530000,120.14500000,0.0000,0.00,0,-1,split_xfeat,0,0,-1,,,
18,35.00,30.94530000,120.14500000,30.94530000,120.14500000,30.94530000,120.14500000,0.0000,0.00,0,-1,split_xfeat,0,0,-1,,,
19,37.00,30.94530000,120.14500000,30.94530000,120.14500000,30.94530000,120.14500000,0.0000,0.00,0,-1,split_xfeat,0,0,-1,,,
20,38.00,30.94530000,120.14500000,30.94530000,120.14500000,30.94530000,120.14500000,0.0000,0.00,0,-1,split_xfeat,0,0,-1,,,
21,40.00,30.94530000,120.14500000,30.94530000,120.14500000,30.94530000,120.14500000,0.0000,0.00,0,-1,split_xfeat,0,0,-1,,,
22,42.00,30.94530000,120.14500000,30.94530000,120.14500000,30.94530000,120.14500000,0.0000,0.00,0,-1,split_xfeat,0,0,-1,,,
23,44.00,30.94530000,120.14500000,30.94530000,120.14500000,30.94530000,120.14500000,0.0000,0.00,0,-1,split_xfeat,0,0,-1,,,
24,46.00,30.94530000,120.14500000,30.94530000,120.14500000,30.94530000,120.14500000,0.0000,0.00,0,-1,split_xfeat,0,0,-1,,,
25,48.00,30.94530000,120.14500000,30.94530000,120.14500000,30.94530000,120.14500000,0.0000,0.00,0,-1,split_xfeat,0,0,-1,,,
26,50.00,30.94530000,120.14500000,30.94530000,120.14500000,30.94530000,120.14500000,0.0000,0.00,0,-1,split_xfeat,0,0,-1,,,
27,52.00,30.94530000,120.14500000,30.94530000,120.14500000,30.94530000,120.14500000,0.0000,0.00,0,-1,split_xfeat,0,0,-1,,,
28,53.00,30.94530000,120.14500000,30.94530000,120.14500000,30.94530000,120.14500000,0.0000,0.00,0,-1,split_xfeat,0,0,-1,,,
29,55.00,30.94530000,120.14500000,30.94530000,120.14500000,30.94530000,120.14500000,0.0000,0.00,0,-1,split_xfeat,0,0,-1,,,
30,57.00,30.94530000,120.14500000,30.94530000,120.14500000,30.94530000,120.14500000,0.0000,0.00,0,-1,split_xfeat,0,0,-1,,,
31,59.00,30.94530000,120.14500000,30.94530000,120.14500000,30.94530000,120.14500000,0.0000,0.00,0,-1,split_xfeat,0,0,-1,,,
32,61.00,30.94530000,120.14500000,30.94530000,120.14500000,30.94530000,120.14500000,0.0000,0.00,0,-1,split_xfeat,0,0,-1,,,
33,63.00,30.94530000,120.14500000,30.94530000,120.14500000,30.94530000,120.14500000,0.0000,0.00,0,-1,split_xfeat,0,0,-1,,,
34,65.00,30.94530000,120.14500000,30.94530000,120.14500000,30.94530000,120.14500000,0.0000,0.00,0,-1,split_xfeat,0,0,-1,,,
35,67.00,30.94530000,120.14500000,30.94530000,120.14500000,30.94530000,120.14500000,0.0000,0.00,0,-1,split_xfeat,0,0,-1,,,
36,69.00,30.94530000,120.14500000,30.94530000,120.14500000,30.94530000,120.14500000,0.0000,0.00,0,-1,split_xfeat,0,0,-1,,,
37,71.00,30.94530000,120.14500000,30.94530000,120.14500000,30.94530000,120.14500000,0.0000,0.00,0,-1,split_xfeat,0,0,-1,,,
38,73.00,30.94530000,120.14500000,30.94530000,120.14500000,30.94530000,120.14500000,0.0000,0.00,0,-1,split_xfeat,0,0,-1,,,
39,75.00,30.94530000,120.14500000,30.94530000,120.14500000,30.94530000,120.14500000,0.0000,0.00,0,-1,split_xfeat,0,0,-1,,,
40,77.00,30.94530000,120.14500000,30.94530000,120.14500000,30.94530000,120.14500000,0.0000,0.00,0,-1,split_xfeat,0,0,-1,,,
41,79.00,30.94530000,120.14500000,30.94530000,120.14500000,30.94530000,120.14500000,0.0000,0.00,0,-1,split_xfeat,0,0,-1,,,
42,81.00,30.94530000,120.14500000,30.94530000,120.14500000,30.94530000,120.14500000,0.0000,0.00,0,-1,split_xfeat,0,0,-1,,,
43,85.00,30.94530000,120.14500000,30.94530000,120.14500000,30.94530000,120.14500000,0.0000,0.00,0,-1,split_xfeat,0,0,-1,,,
44,89.00,30.94530000,120.14500000,30.94530000,120.14500000,30.94530000,120.14500000,0.0000,0.00,0,-1,split_xfeat,0,0,-1,,,
45,93.00,30.94530000,120.14500000,30.94530000,120.14500000,30.94530000,120.14500000,0.0000,0.00,0,-1,split_xfeat,0,0,-1,,,
46,96.00,30.94530000,120.14500000,30.94530000,120.14500000,30.94530000,120.14500000,0.0000,0.00,0,-1,split_xfeat,0,0,-1,,,
47,100.00,30.94530000,120.14500000,30.94530000,120.14500000,30.94530000,120.14500000,0.0000,0.00,0,-1,split_xfeat,0,0,-1,,,
48,104.00,30.94530000,120.14500000,30.94530000,120.14500000,30.94530000,120.14500000,0.0000,0.00,0,-1,split_xfeat,0,0,-1,,,
49,108.00,30.94530000,120.14500000,30.94530000,120.14500000,30.94530000,120.14500000,0.0000,0.00,0,-1,split_xfeat,0,0,-1,,,
50,112.00,30.94530000,120.14500000,30.94530000,120.14500000,30.94530000,120.14500000,0.0000,0.00,0,-1,split_xfeat,0,0,-1,,,
51,116.00,30.94530000,120.14500000,30.94530000,120.14500000,30.94530000,120.14500000,0.0000,0.00,0,-1,split_xfeat,0,0,-1,,,
52,120.00,30.94530000,120.14500000,30.94530000,120.14500000,30.94530000,120.14500000,0.0000,0.00,0,-1,split_xfeat,0,0,-1,,,
53,124.00,30.94530000,120.14500000,30.94530000,120.14500000,30.94530000,120.14500000,0.0000,0.00,0,-1,split_xfeat,0,0,-1,,,
54,128.00,30.94530000,120.14500000,30.94530000,120.14500000,30.94530000,120.14500000,0.0000,0.00,0,-1,split_xfeat,0,0,-1,,,
55,132.00,30.94530000,120.14500000,30.94530000,120.14500000,30.94530000,120.14500000,0.0000,0.00,0,-1,split_xfeat,0,0,-1,,,
56,136.00,30.94530000,120.14500000,30.94530000,120.14500000,30.94530000,120.14500000,0.0000,0.00,0,-1,split_xfeat,0,0,-1,,,
57,140.00,30.94530000,120.14500000,30.94530000,120.14500000,30.94530000,120.14500000,0.0000,0.00,0,-1,split_xfeat,0,0,-1,,,
58,144.00,30.94530000,120.14500000,30.94530000,120.14500000,30.94530000,120.14500000,0.0000,0.00,0,-1,split_xfeat,0,0,-1,,,
59,148.00,30.94530000,120.14500000,30.94530000,120.14500000,30.94530000,120.14500000,0.0000,0.00,0,-1,split_xfeat,0,0,-1,,,
60,152.00,30.94530000,120.14500000,30.94530000,120.14500000,30.94530000,120.14500000,0.0000,0.00,0,-1,split_xfeat,0,0,-1,,,
61,156.00,30.94530000,120.14500000,30.94530000,120.14500000,30.94530000,120.14500000,0.0000,0.00,0,-1,split_xfeat,0,0,-1,,,
62,160.00,30.94530000,120.14500000,30.94530000,120.14500000,30.94530000,120.14500000,0.0000,0.00,0,-1,split_xfeat,0,0,-1,,,
63,164.00,30.94530000,120.14500000,30.94530000,120.14500000,30.94530000,120.14500000,0.0000,0.00,0,-1,split_xfeat,0,0,-1,,,
64,168.00,30.94530000,120.14500000,30.94530000,120.14500000,30.94530000,120.14500000,0.0000,0.00,0,-1,split_xfeat,0,0,-1,,,
65,172.00,30.94530000,120.14500000,30.94530000,120.14500000,30.94530000,120.14500000,0.0000,0.00,0,-1,split_xfeat,0,0,-1,,,
66,176.00,30.94530000,120.14500000,30.94530000,120.14500000,30.94530000,120.14500000,0.0000,0.00,0,-1,split_xfeat,0,0,-1,,,
67,180.00,30.94530000,120.14500000,30.94530000,120.14500000,30.94530000,120.14500000,0.0000,0.00,0,-1,split_xfeat,0,0,-1,,,
68,184.00,30.94530000,120.14500000,30.94530000,120.14500000,30.94530000,120.14500000,0.0000,0.00,0,-1,split_xfeat,0,0,-1,,,
69,188.00,30.94530000,120.14500000,30.94530000,120.14500000,30.94530000,120.14500000,0.0000,0.00,0,-1,split_xfeat,0,0,-1,,,
70,192.00,30.94530000,120.14500000,30.94530000,120.14500000,30.94530000,120.14500000,0.0000,0.00,0,-1,split_xfeat,0,0,-1,,,
71,196.00,30.94530000,120.14500000,30.94530000,120.14500000,30.94530000,120.14500000,0.0000,0.00,0,-1,split_xfeat,0,0,-1,,,
72,200.00,30.94530000,120.14500000,30.94530000,120.14500000,30.94530000,120.14500000,0.0000,0.00,0,-1,split_xfeat,0,0,-1,,,
73,204.00,30.94530000,120.14500000,30.94530000,120.14500000,30.94530000,120.14500000,0.0000,0.00,0,-1,split_xfeat,0,0,-1,,,
74,208.00,30.94530000,120.14500000,30.94530000,120.14500000,30.94530000,120.14500000,0.0000,0.00,0,-1,split_xfeat,0,0,-1,,,
75,212.00,30.94530000,120.14500000,30.94530000,120.14500000,30.94530000,120.14500000,0.0000,0.00,0,-1,split_xfeat,0,0,-1,,,
76,216.00,30.94530000,120.14500000,30.94530000,120.14500000,30.94530000,120.14500000,0.0000,0.00,0,-1,split_xfeat,0,0,-1,,,
77,220.00,30.94530000,120.14500000,30.94530000,120.14500000,30.94530000,120.14500000,0.0000,0.00,0,-1,split_xfeat,0,0,-1,,,
78,224.00,30.94530000,120.14500000,30.94530000,120.14500000,30.94530000,120.14500000,0.0000,0.00,0,-1,split_xfeat,0,0,-1,,,
79,228.00,30.94530000,120.14500000,30.94530000,120.14500000,30.94530000,120.14500000,0.0000,0.00,0,-1,split_xfeat,0,0,-1,,,
80,232.00,30.94530000,120.14500000,30.94530000,120.14500000,30.94530000,120.14500000,0.0000,0.00,0,-1,split_xfeat,0,0,-1,,,
81,236.00,30.94530000,120.14500000,30.94530000,120.14500000,30.94530000,120.14500000,0.0000,0.00,0,-1,split_xfeat,0,0,-1,,,
82,240.00,30.94530000,120.14500000,30.94530000,120.14500000,30.94530000,120.14500000,0.0000,0.00,0,-1,split_xfeat,0,0,-1,,,
83,244.00,30.94530000,120.14500000,30.94530000,120.14500000,30.94530000,120.14500000,0.0000,0.00,0,-1,split_xfeat,0,0,-1,,,
84,248.00,30.94530000,120.14500000,30.94530000,120.14500000,30.94530000,120.14500000,0.0000,0.00,0,-1,split_xfeat,0,0,-1,,,
85,252.00,30.94530000,120.14500000,30.94530000,120.14500000,30.94530000,120.14500000,0.0000,0.00,0,-1,split_xfeat,0,0,-1,,,
86,256.00,30.94530000,120.14500000,30.94530000,120.14500000,30.94530000,120.14500000,0.0000,0.00,0,-1,split_xfeat,0,0,-1,,,
87,260.00,30.94530000,120.14500000,30.94530000,120.14500000,30.94530000,120.14500000,0.0000,0.00,0,-1,split_xfeat,0,0,-1,,,
88,264.00,30.94530000,120.14500000,30.94530000,120.14500000,30.94530000,120.14500000,0.0000,0.00,0,-1,split_xfeat,0,0,-1,,,
89,268.00,30.94530000,120.14500000,30.94530000,120.14500000,30.94530000,120.14500000,0.0000,0.00,0,-1,split_xfeat,0,0,-1,,,
90,272.00,30.94530000,120.14500000,30.94530000,120.14500000,30.94530000,120.14500000,0.0000,0.00,0,-1,split_xfeat,0,0,-1,,,
91,276.00,30.94530000,120.14500000,30.94530000,120.14500000,30.94530000,120.14500000,0.0000,0.00,0,-1,split_xfeat,0,0,-1,,,
92,280.00,30.94530000,120.14500000,30.94530000,120.14500000,30.94530000,120.14500000,0.0000,0.00,0,-1,split_xfeat,0,0,-1,,,
93,284.00,30.94530000,120.14500000,30.94530000,120.14500000,30.94530000,120.14500000,0.0000,0.00,0,-1,split_xfeat,0,0,-1,,,
94,288.00,30.94530000,120.14500000,30.94530000,120.14500000,30.94530000,120.14500000,0.0000,0.00,0,-1,split_xfeat,0,0,-1,,,
95,291.00,30.94530000,120.14500000,30.94530000,120.14500000,30.94530000,120.14500000,0.0000,0.00,0,-1,split_xfeat,0,0,-1,,,
96,295.00,30.94530000,120.14500000,30.94530000,120.14500000,30.94530000,120.14500000,0.0000,0.00,0,-1,split_xfeat,0,0,-1,,,
97,299.00,30.94530000,120.14500000,30.94530000,120.14500000,30.94530000,120.14500000,0.0000,0.00,0,-1,split_xfeat,0,0,-1,,,
98,303.00,30.94530000,120.14500000,30.94530000,120.14500000,30.94530000,120.14500000,0.0000,0.00,0,-1,split_xfeat,0,0,-1,,,
99,307.00,30.94530000,120.14500000,30.94530000,120.14500000,30.94530000,120.14500000,0.0000,0.00,0,-1,split_xfeat,0,0,-1,,,
100,311.00,30.94530000,120.14500000,30.94530000,120.14500000,30.94530000,120.14500000,0.0000,0.00,0,-1,split_xfeat,0,0,-1,,,
101,315.00,30.94530000,120.14500000,30.94530000,120.14500000,30.94530000,120.14500000,0.0000,0.00,0,-1,split_xfeat,0,0,-1,,,
102,319.00,30.94530000,120.14500000,30.94530000,120.14500000,30.94530000,120.14500000,0.0000,0.00,0,-1,split_xfeat,0,0,-1,,,
103,323.00,30.94530000,120.14500000,30.94530000,120.14500000,30.94530000,120.14500000,0.0000,0.00,0,-1,split_xfeat,0,0,-1,,,
104,327.00,30.94530000,120.14500000,30.94530000,120.14500000,30.94530000,120.14500000,0.0000,0.00,0,-1,split_xfeat,0,0,-1,,,
105,331.00,30.94530000,120.14500000,30.94530000,120.14500000,30.94530000,120.14500000,0.0000,0.00,0,-1,split_xfeat,0,0,-1,,,
106,334.00,30.94530000,120.14500000,30.94530000,120.14500000,30.94530000,120.14500000,0.0000,0.00,0,-1,split_xfeat,0,0,-1,,,
107,338.00,30.94530000,120.14500000,30.94530000,120.14500000,30.94530000,120.14500000,0.0000,0.00,0,-1,split_xfeat,0,0,-1,,,
108,342.00,30.94530000,120.14500000,30.94530000,120.14500000,30.94530000,120.14500000,0.0000,0.00,0,-1,split_xfeat,0,0,-1,,,
109,346.00,30.94530000,120.14500000,30.94530000,120.14500000,30.94530000,120.14500000,0.0000,0.00,0,-1,split_xfeat,0,0,-1,,,
110,350.00,30.94530000,120.14500000,30.94530000,120.14500000,30.94530000,120.14500000,0.0000,0.00,0,-1,split_xfeat,0,0,-1,,,
111,354.00,30.94530000,120.14500000,30.94530000,120.14500000,30.94530000,120.14500000,0.0000,0.00,0,-1,split_xfeat,0,0,-1,,,
112,358.00,30.94530000,120.14500000,30.94530000,120.14500000,30.94530000,120.14500000,0.0000,0.00,0,-1,split_xfeat,0,0,-1,,,
113,362.00,30.94530000,120.14500000,30.94530000,120.14500000,30.94530000,120.14500000,0.0000,0.00,0,-1,split_xfeat,0,0,-1,,,
114,366.00,30.94530000,120.14500000,30.94530000,120.14500000,30.94530000,120.14500000,0.0000,0.00,0,-1,split_xfeat,0,0,-1,,,
115,428.00,30.94530000,120.14500000,30.94530000,120.14500000,30.94530000,120.14500000,0.0000,0.00,0,-1,split_xfeat,0,0,-1,,,
116,434.00,30.94530000,120.14500000,30.94530000,120.14500000,30.94530000,120.14500000,0.0000,0.00,0,-1,split_xfeat,0,0,-1,,,
117,440.00,30.94530000,120.14500000,30.94530000,120.14500000,30.94530000,120.14500000,0.0000,0.00,0,-1,split_xfeat,0,0,-1,,,
118,447.00,30.94530000,120.14500000,30.94530000,120.14500000,30.94530000,120.14500000,0.0000,0.00,0,-1,split_xfeat,0,0,-1,,,
119,453.00,30.94530000,120.14500000,30.94530000,120.14500000,30.94530000,120.14500000,0.0000,0.00,0,-1,split_xfeat,0,0,-1,,,
120,459.00,30.94530000,120.14500000,30.94530000,120.14500000,30.94530000,120.14500000,0.0000,0.00,0,-1,split_xfeat,0,0,-1,,,
121,465.00,30.94530000,120.14500000,30.94530000,120.14500000,30.94530000,120.14500000,0.0000,0.00,0,-1,split_xfeat,0,0,-1,,,
122,471.00,30.94530000,120.14500000,30.94530000,120.14500000,30.94530000,120.14500000,0.0000,0.00,0,-1,split_xfeat,0,0,-1,,,
123,477.00,30.94530000,120.14500000,30.94530000,120.14500000,30.94530000,120.14500000,0.0000,0.00,0,-1,split_xfeat,0,0,-1,,,
124,483.00,30.94530000,120.14500000,30.94530000,120.14500000,30.94530000,120.14500000,0.0000,0.00,0,-1,split_xfeat,0,0,-1,,,
125,489.00,30.94530000,120.14500000,30.94530000,120.14500000,30.94530000,120.14500000,0.0000,0.00,0,-1,split_xfeat,0,0,-1,,,
126,495.00,30.94530000,120.14500000,30.94530000,120.14500000,30.94530000,120.14500000,0.0000,0.00,0,-1,split_xfeat,0,0,-1,,,
127,501.00,30.94530000,120.14500000,30.94530000,120.14500000,30.94530000,120.14500000,0.0000,0.00,0,-1,split_xfeat,0,0,-1,,,
128,507.00,30.94530000,120.14500000,30.94530000,120.14500000,30.94530000,120.14500000,0.0000,0.00,0,-1,split_xfeat,0,0,-1,,,
129,513.00,30.94530000,120.14500000,30.94530000,120.14500000,30.94530000,120.14500000,0.0000,0.00,0,-1,split_xfeat,0,0,-1,,,
130,519.00,30.94530000,120.14500000,30.94530000,120.14500000,30.94530000,120.14500000,0.0000,0.00,0,-1,split_xfeat,0,0,-1,,,
131,525.00,30.94530000,120.14500000,30.94530000,120.14500000,30.94530000,120.14500000,0.0000,0.00,0,-1,split_xfeat,0,0,-1,,,
132,531.00,30.94530000,120.14500000,30.94530000,120.14500000,30.94530000,120.14500000,0.0000,0.00,0,-1,split_xfeat,0,0,-1,,,
133,537.00,30.94530000,120.14500000,30.94530000,120.14500000,30.94530000,120.14500000,0.0000,0.00,0,-1,split_xfeat,0,0,-1,,,
134,543.00,30.94530000,120.14500000,30.94530000,120.14500000,30.94530000,120.14500000,0.0000,0.00,0,-1,split_xfeat,0,0,-1,,,
135,549.00,30.94530000,120.14500000,30.94530000,120.14500000,30.94530000,120.14500000,0.0000,0.00,0,-1,split_xfeat,0,0,-1,,,
136,555.00,30.94530000,120.14500000,30.94530000,120.14500000,30.94530000,120.14500000,0.0000,0.00,0,-1,split_xfeat,0,0,-1,,,
137,561.00,30.94530000,120.14500000,30.94530000,120.14500000,30.94530000,120.14500000,0.0000,0.00,0,-1,split_xfeat,0,0,-1,,,
138,567.00,30.94530000,120.14500000,30.94530000,120.14500000,30.94530000,120.14500000,0.0000,0.00,0,-1,split_xfeat,0,0,-1,,,
139,573.00,30.94530000,120.14500000,30.94530000,120.14500000,30.94530000,120.14500000,0.0000,0.00,0,-1,split_xfeat,0,0,-1,,,
140,579.00,30.94530000,120.14500000,30.94530000,120.14500000,30.94530000,120.14500000,0.0000,0.00,0,-1,split_xfeat,0,0,-1,,,
141,585.00,30.94530000,120.14500000,30.94530000,120.14500000,30.94530000,120.14500000,0.0000,0.00,0,-1,split_xfeat,0,0,-1,,,
142,591.00,30.94530000,120.14500000,30.94530000,120.14500000,30.94530000,120.14500000,0.0000,0.00,0,-1,split_xfeat,0,0,-1,,,
143,597.00,30.94530000,120.14500000,30.94530000,120.14500000,30.94530000,120.14500000,0.0000,0.00,0,-1,split_xfeat,0,0,-1,,,
144,603.00,30.94530000,120.14500000,30.94530000,120.14500000,30.94530000,120.14500000,0.0000,0.00,0,-1,split_xfeat,0,0,-1,,,
145,609.00,30.94530000,120.14500000,30.94530000,120.14500000,30.94530000,120.14500000,0.0000,0.00,0,-1,split_xfeat,0,0,-1,,,
146,615.00,30.94530000,120.14500000,30.94530000,120.14500000,30.94530000,120.14500000,0.0000,0.00,0,-1,split_xfeat,0,0,-1,,,
147,621.00,30.94530000,120.14500000,30.94530000,120.14500000,30.94530000,120.14500000,0.0000,0.00,0,-1,split_xfeat,0,0,-1,,,
148,627.00,30.94530000,120.14500000,30.94530000,120.14500000,30.94530000,120.14500000,0.0000,0.00,0,-1,split_xfeat,0,0,-1,,,
149,633.00,30.94530000,120.14500000,30.94530000,120.14500000,30.94530000,120.14500000,0.0000,0.00,0,-1,split_xfeat,0,0,-1,,,
150,639.00,30.94530000,120.14500000,30.94530000,120.14500000,30.94530000,120.14500000,0.0000,0.00,0,-1,split_xfeat,0,0,-1,,,
151,645.00,30.94530000,120.14500000,30.94530000,120.14500000,30.94530000,120.14500000,0.0000,0.00,0,-1,split_xfeat,0,0,-1,,,
152,651.00,30.94530000,120.14500000,30.94530000,120.14500000,30.94530000,120.14500000,0.0000,0.00,0,-1,split_xfeat,0,0,-1,,,
153,657.00,30.94530000,120.14500000,30.94530000,120.14500000,30.94530000,120.14500000,0.0000,0.00,0,-1,split_xfeat,0,0,-1,,,
154,663.00,30.94530000,120.14500000,30.94530000,120.14500000,30.94530000,120.14500000,0.0000,0.00,0,-1,split_xfeat,0,0,-1,,,
155,669.00,30.94530000,120.14500000,30.94530000,120.14500000,30.94530000,120.14500000,0.0000,0.00,0,-1,split_xfeat,0,0,-1,,,
156,675.00,30.94530000,120.14500000,30.94530000,120.14500000,30.94530000,120.14500000,0.0000,0.00,0,-1,split_xfeat,0,0,-1,,,
157,681.00,30.94530000,120.14500000,30.94530000,120.14500000,30.94530000,120.14500000,0.0000,0.00,0,-1,split_xfeat,0,0,-1,,,
158,687.00,30.94530000,120.14500000,30.94530000,120.14500000,30.94530000,120.14500000,0.0000,0.00,0,-1,split_xfeat,0,0,-1,,,
159,693.00,30.94530000,120.14500000,30.94530000,120.14500000,30.94530000,120.14500000,0.0000,0.00,0,-1,split_xfeat,0,0,-1,,,
160,699.00,30.94530000,120.14500000,30.94530000,120.14500000,30.94530000,120.14500000,0.0000,0.00,0,-1,split_xfeat,0,0,-1,,,
161,705.00,30.94530000,120.14500000,30.94530000,120.14500000,30.94530000,120.14500000,0.0000,0.00,0,-1,split_xfeat,0,0,-1,,,
162,711.00,30.94530000,120.14500000,30.94530000,120.14500000,30.94530000,120.14500000,0.0000,0.00,0,-1,split_xfeat,0,0,-1,,,
163,717.00,30.94530000,120.14500000,30.94530000,120.14500000,30.94530000,120.14500000,0.0000,0.00,0,-1,split_xfeat,0,0,-1,,,
164,723.00,30.94530000,120.14500000,30.94530000,120.14500000,30.94530000,120.14500000,0.0000,0.00,0,-1,split_xfeat,0,0,-1,,,
165,729.00,30.94530000,120.14500000,30.94530000,120.14500000,30.94530000,120.14500000,0.0000,0.00,0,-1,split_xfeat,0,0,-1,,,
166,735.00,30.94530000,120.14500000,30.94530000,120.14500000,30.94530000,120.14500000,0.0000,0.00,0,-1,split_xfeat,0,0,-1,,,
167,741.00,30.94530000,120.14500000,30.94530000,120.14500000,30.94530000,120.14500000,0.0000,0.00,0,-1,split_xfeat,0,0,-1,,,
168,746.00,30.94530000,120.14500000,30.94530000,120.14500000,30.94530000,120.14500000,0.0000,0.00,0,-1,split_xfeat,0,0,-1,,,
169,752.00,30.94530000,120.14500000,30.94530000,120.14500000,30.94530000,120.14500000,0.0000,0.00,0,-1,split_xfeat,0,0,-1,,,
170,758.00,30.94530000,120.14500000,30.94530000,120.14500000,30.94530000,120.14500000,0.0000,0.00,0,-1,split_xfeat,0,0,-1,,,
171,764.00,30.94530000,120.14500000,30.94530000,120.14500000,30.94530000,120.14500000,0.0000,0.00,0,-1,split_xfeat,0,0,-1,,,
172,770.00,30.94530000,120.14500000,30.94530000,120.14500000,30.94530000,120.14500000,0.0000,0.00,0,-1,split_xfeat,0,0,-1,,,
173,776.00,30.94530000,120.14500000,30.94530000,120.14500000,30.94530000,120.14500000,0.0000,0.00,0,-1,split_xfeat,0,0,-1,,,
174,782.00,30.94530000,120.14500000,30.94530000,120.14500000,30.94530000,120.14500000,0.0000,0.00,0,-1,split_xfeat,0,0,-1,,,
175,788.00,30.94530000,120.14500000,30.94530000,120.14500000,30.94530000,120.14500000,0.0000,0.00,0,-1,split_xfeat,0,0,-1,,,
176,794.00,30.94530000,120.14500000,30.94530000,120.14500000,30.94530000,120.14500000,0.0000,0.00,0,-1,split_xfeat,0,0,-1,,,
177,800.00,30.94530000,120.14500000,30.94530000,120.14500000,30.94530000,120.14500000,0.0000,0.00,0,-1,split_xfeat,0,0,-1,,,
178,806.00,30.94530000,120.14500000,30.94530000,120.14500000,30.94530000,120.14500000,0.0000,0.00,0,-1,split_xfeat,0,0,-1,,,
179,811.00,30.94530000,120.14500000,30.94530000,120.14500000,30.94530000,120.14500000,0.0000,0.00,0,-1,split_xfeat,0,0,-1,,,
180,817.00,30.94530000,120.14500000,30.94530000,120.14500000,30.94530000,120.14500000,0.0000,0.00,0,-1,split_xfeat,0,0,-1,,,
181,823.00,30.94530000,120.14500000,30.94530000,120.14500000,30.94530000,120.14500000,0.0000,0.00,0,-1,split_xfeat,0,0,-1,,,
182,829.00,30.94530000,120.14500000,30.94530000,120.14500000,30.94530000,120.14500000,0.0000,0.00,0,-1,split_xfeat,0,0,-1,,,
183,835.00,30.94530000,120.14500000,30.94530000,120.14500000,30.94530000,120.14500000,0.0000,0.00,0,-1,split_xfeat,0,0,-1,,,
184,841.00,30.94530000,120.14500000,30.94530000,120.14500000,30.94530000,120.14500000,0.0000,0.00,0,-1,split_xfeat,0,0,-1,,,
185,847.00,30.94530000,120.14500000,30.94530000,120.14500000,30.94530000,120.14500000,0.0000,0.00,0,-1,split_xfeat,0,0,-1,,,
186,853.00,30.94530000,120.14500000,30.94530000,120.14500000,30.94530000,120.14500000,0.0000,0.00,0,-1,split_xfeat,0,0,-1,,,
187,859.00,30.94530000,120.14500000,30.94530000,120.14500000,30.94530000,120.14500000,0.0000,0.00,0,-1,split_xfeat,0,0,-1,,,
188,865.00,30.94530000,120.14500000,30.94530000,120.14500000,30.94530000,120.14500000,0.0000,0.00,0,-1,split_xfeat,0,0,-1,,,
189,871.00,30.94530000,120.14500000,30.94530000,120.14500000,30.94530000,120.14500000,0.0000,0.00,0,-1,split_xfeat,0,0,-1,,,
190,876.00,30.94530000,120.14500000,30.94530000,120.14500000,30.94530000,120.14500000,0.0000,0.00,0,-1,split_xfeat,0,0,-1,,,
191,882.00,30.94530000,120.14500000,30.94530000,120.14500000,30.94530000,120.14500000,0.0000,0.00,0,-1,split_xfeat,0,0,-1,,,
192,888.00,30.94530000,120.14500000,30.94530000,120.14500000,30.94530000,120.14500000,0.0000,0.00,0,-1,split_xfeat,0,0,-1,,,
193,894.00,30.94530000,120.14500000,30.94530000,120.14500000,30.94530000,120.14500000,0.0000,0.00,0,-1,split_xfeat,0,0,-1,,,
194,900.00,30.94530000,120.14500000,30.94530000,120.14500000,30.94530000,120.14500000,0.0000,0.00,0,-1,split_xfeat,0,0,-1,,,
195,907.00,30.94530000,120.14500000,30.94530000,120.14500000,30.94530000,120.14500000,0.0000,0.00,0,-1,split_xfeat,0,0,-1,,,
196,913.00,30.94530000,120.14500000,30.94530000,120.14500000,30.94530000,120.14500000,0.0000,0.00,0,-1,split_xfeat,0,0,-1,,,
197,919.00,30.94530000,120.14500000,30.94530000,120.14500000,30.94530000,120.14500000,0.0000,0.00,0,-1,split_xfeat,0,0,-1,,,
198,925.00,30.94530000,120.14500000,30.94530000,120.14500000,30.94530000,120.14500000,0.0000,0.00,0,-1,split_xfeat,0,0,-1,,,
199,931.00,30.94530000,120.14500000,30.94530000,120.14500000,30.94530000,120.14500000,0.0000,0.00,0,-1,split_xfeat,0,0,-1,,,
200,937.00,30.94530000,120.14500000,30.94530000,120.14500000,30.94530000,120.14500000,0.0000,0.00,0,-1,split_xfeat,0,0,-1,,,
201,944.00,30.94530000,120.14500000,30.94530000,120.14500000,30.94530000,120.14500000,0.0000,0.00,0,-1,split_xfeat,0,0,-1,,,
202,950.00,30.94530000,120.14500000,30.94530000,120.14500000,30.94530000,120.14500000,0.0000,0.00,0,-1,split_xfeat,0,0,-1,,,
203,957.00,30.94530000,120.14500000,30.94530000,120.14500000,30.94530000,120.14500000,0.0000,0.00,0,-1,split_xfeat,0,0,-1,,,
204,963.00,30.94530000,120.14500000,30.94530000,120.14500000,30.94530000,120.14500000,0.0000,0.00,0,-1,split_xfeat,0,0,-1,,,
205,969.00,30.94530000,120.14500000,30.94530000,120.14500000,30.94530000,120.14500000,0.0000,0.00,0,-1,split_xfeat,0,0,-1,,,
206,975.00,30.94530000,120.14500000,30.94530000,120.14500000,30.94530000,120.14500000,0.0000,0.00,0,-1,split_xfeat,0,0,-1,,,
207,981.00,30.94530000,120.14500000,30.94530000,120.14500000,30.94530000,120.14500000,0.0000,0.00,0,-1,split_xfeat,0,0,-1,,,
208,987.00,30.94530000,120.14500000,30.94530000,120.14500000,30.94530000,120.14500000,0.0000,0.00,0,-1,split_xfeat,0,0,-1,,,
209,993.00,30.94530000,120.14500000,30.94530000,120.14500000,30.94530000,120.14500000,0.0000,0.00,0,-1,split_xfeat,0,0,-1,,,
210,1059.00,30.94530000,120.14500000,30.94530000,120.14500000,30.94530000,120.14500000,0.0000,0.00,0,-1,split_xfeat,0,0,-1,,,
211,1063.00,30.94530000,120.14500000,30.94530000,120.14500000,30.94530000,120.14500000,0.0000,0.00,0,-1,split_xfeat,0,0,-1,,,
212,1067.00,30.94530000,120.14500000,30.94530000,120.14500000,30.94530000,120.14500000,0.0000,0.00,0,-1,split_xfeat,0,0,-1,,,
213,1071.00,30.94530000,120.14500000,30.94530000,120.14500000,30.94530000,120.14500000,0.0000,0.00,0,-1,split_xfeat,0,0,-1,,,
214,1639.00,30.94530000,120.14500000,30.94530000,120.14500000,30.94530000,120.14500000,0.0000,0.00,0,-1,split_xfeat,0,0,-1,,,
215,1643.00,30.94530000,120.14500000,30.94530000,120.14500000,30.94530000,120.14500000,0.0000,0.00,0,-1,split_xfeat,0,0,-1,,,
216,1647.00,30.94530000,120.14500000,30.94530000,120.14500000,30.94530000,120.14500000,0.0000,0.00,0,-1,split_xfeat,0,0,-1,,,
217,1650.00,30.94530000,120.14500000,30.94530000,120.14500000,30.94530000,120.14500000,0.0000,0.00,0,-1,split_xfeat,0,0,-1,,,
218,1654.00,30.94530000,120.14500000,30.94530000,120.14500000,30.94530000,120.14500000,0.0000,0.00,0,-1,split_xfeat,0,0,-1,,,
219,1658.00,30.94530000,120.14500000,30.94530000,120.14500000,30.94530000,120.14500000,0.0000,0.00,0,-1,split_xfeat,0,0,-1,,,
220,0.00,30.94530000,120.14500000,30.94530000,120.14500000,30.94530000,120.14500000,0.0000,0.00,0,-1,split_xfeat,0,0,,,,
221,0.00,30.94530000,120.14500000,30.94530000,120.14500000,30.94530000,120.14500000,0.0000,0.00,0,-1,split_xfeat,0,0,,,,
222,0.00,30.94530000,120.14500000,30.94530000,120.14500000,30.94530000,120.14500000,0.0000,0.00,0,-1,split_xfeat,0,0,,,,
223,0.00,30.94530000,120.14500000,30.94530000,120.14500000,30.94530000,120.14500000,0.0000,0.00,0,-1,split_xfeat,0,0,,,,
224,0.00,30.94530000,120.14500000,30.94530000,120.14500000,30.94530000,120.14500000,0.0000,0.00,0,-1,split_xfeat,0,0,,,,
225,0.00,30.94530000,120.14500000,30.94530000,120.14500000,30.94530000,120.14500000,0.0000,0.00,0,-1,split_xfeat,0,0,,,,
226,0.00,30.94530000,120.14500000,30.94530000,120.14500000,30.94530000,120.14500000,0.0000,0.00,0,-1,split_xfeat,0,0,,,,
227,0.00,30.94530000,120.14500000,30.94530000,120.14500000,30.94530000,120.14500000,0.0000,0.00,0,-1,split_xfeat,0,0,,,,
228,0.00,30.94530000,120.14500000,30.94530000,120.14500000,30.94530000,120.14500000,0.0000,0.00,0,-1,split_xfeat,0,0,,,,
229,0.00,30.94530000,120.14500000,30.94530000,120.14500000,30.94530000,120.14500000,0.0000,0.00,0,-1,split_xfeat,0,0,,,,
230,0.00,30.94530000,120.14500000,30.94530000,120.14500000,30.94530000,120.14500000,0.0000,0.00,0,-1,split_xfeat,0,0,,,,
231,0.00,30.94530000,120.14500000,30.94530000,120.14500000,30.94530000,120.14500000,0.0000,0.00,0,-1,split_xfeat,0,0,,,,
232,0.00,30.94530000,120.14500000,30.94530000,120.14500000,30.94530000,120.14500000,0.0000,0.00,0,-1,split_xfeat,0,0,,,,
233,0.00,30.94530000,120.14500000,30.94530000,120.14500000,30.94530000,120.14500000,0.0000,0.00,0,-1,split_xfeat,0,0,,,,
234,0.00,30.94530000,120.14500000,30.94530000,120.14500000,30.94530000,120.14500000,0.0000,0.00,0,-1,split_xfeat,0,0,,,,
235,0.00,30.94530000,120.14500000,30.94530000,120.14500000,30.94530000,120.14500000,0.0000,0.00,0,-1,split_xfeat,0,0,,,,
236,0.00,30.94530000,120.14500000,30.94530000,120.14500000,30.94530000,120.14500000,0.0000,0.00,0,-1,split_xfeat,0,0,,,,
237,0.00,30.94530000,120.14500000,30.94530000,120.14500000,30.94530000,120.14500000,0.0000,0.00,0,-1,split_xfeat,0,0,,,,
238,0.00,30.94530000,120.14500000,30.94530000,120.14500000,30.94530000,120.14500000,0.0000,0.00,0,-1,split_xfeat,0,0,,,,
239,0.00,30.94530000,120.14500000,30.94530000,120.14500000,30.94530000,120.14500000,0.0000,0.00,0,-1,split_xfeat,0,0,,,,
240,0.00,30.94530000,120.14500000,30.94530000,120.14500000,30.94530000,120.14500000,0.0000,0.00,0,-1,split_xfeat,0,0,,,,
241,0.00,30.94530000,120.14500000,30.94530000,120.14500000,30.94530000,120.14500000,0.0000,0.00,0,-1,split_xfeat,0,0,,,,
242,0.00,30.94530000,120.14500000,30.94530000,120.14500000,30.94530000,120.14500000,0.0000,0.00,0,-1,split_xfeat,0,0,,,,
243,0.00,30.94530000,120.14500000,30.94530000,120.14500000,30.94530000,120.14500000,0.0000,0.00,0,-1,split_xfeat,0,0,,,,
244,0.00,30.94530000,120.14500000,30.94530000,120.14500000,30.94530000,120.14500000,0.0000,0.00,0,-1,split_xfeat,0,0,,,,
245,0.00,30.94530000,120.14500000,30.94530000,120.14500000,30.94530000,120.14500000,0.0000,0.00,0,-1,split_xfeat,0,0,,,,
246,0.00,30.94530000,120.14500000,30.94530000,120.14500000,30.94530000,120.14500000,0.0000,0.00,0,-1,split_xfeat,0,0,,,,
247,0.00,30.94530000,120.14500000,30.94530000,120.14500000,30.94530000,120.14500000,0.0000,0.00,0,-1,split_xfeat,0,0,,,,
248,0.00,30.94530000,120.14500000,30.94530000,120.14500000,30.94530000,120.14500000,0.0000,0.00,0,-1,split_xfeat,0,0,,,,
249,0.00,30.94530000,120.14500000,30.94530000,120.14500000,30.94530000,120.14500000,0.0000,0.00,0,-1,split_xfeat,0,0,,,,
250,0.00,30.94530000,120.14500000,30.94530000,120.14500000,30.94530000,120.14500000,0.0000,0.00,0,-1,split_xfeat,0,0,,,,
251,0.00,30.94530000,120.14500000,30.94530000,120.14500000,30.94530000,120.14500000,0.0000,0.00,0,-1,split_xfeat,0,0,,,,
252,0.00,30.94530000,120.14500000,30.94530000,120.14500000,30.94530000,120.14500000,0.0000,0.00,0,-1,split_xfeat,0,0,,,,
253,0.00,30.94530000,120.14500000,30.94530000,120.14500000,30.94530000,120.14500000,0.0000,0.00,0,-1,split_xfeat,0,0,,,,
254,0.00,30.94530000,120.14500000,30.94530000,120.14500000,30.94530000,120.14500000,0.0000,0.00,0,-1,split_xfeat,0,0,,,,
255,0.00,30.94530000,120.14500000,30.94530000,120.14500000,30.94530000,120.14500000,0.0000,0.00,0,-1,split_xfeat,0,0,,,,
256,0.00,30.94530000,120.14500000,30.94530000,120.14500000,30.94530000,120.14500000,0.0000,0.00,0,-1,split_xfeat,0,0,,,,
257,0.00,30.94530000,120.14500000,30.94530000,120.14500000,30.94530000,120.14500000,0.0000,0.00,0,-1,split_xfeat,0,0,,,,
258,0.00,30.94530000,120.14500000,30.94530000,120.14500000,30.94530000,120.14500000,0.0000,0.00,0,-1,split_xfeat,0,0,,,,
259,0.00,30.94530000,120.14500000,30.94530000,120.14500000,30.94530000,120.14500000,0.0000,0.00,0,-1,split_xfeat,0,0,,,,
260,1662.00,30.94530000,120.14500000,30.94530000,120.14500000,30.94530000,120.14500000,0.0000,0.00,0,-1,split_xfeat,0,0,-1,,,
261,1666.00,30.94530000,120.14500000,30.94530000,120.14500000,30.94530000,120.14500000,0.0000,0.00,0,-1,split_xfeat,0,0,-1,,,
262,1670.00,30.94530000,120.14500000,30.94530000,120.14500000,30.94530000,120.14500000,0.0000,0.00,0,-1,split_xfeat,0,0,-1,,,
263,1674.00,30.94530000,120.14500000,30.94530000,120.14500000,30.94530000,120.14500000,0.0000,0.00,0,-1,split_xfeat,0,0,-1,,,
264,1677.00,30.94530000,120.14500000,30.94530000,120.14500000,30.94530000,120.14500000,0.0000,0.00,0,-1,split_xfeat,0,0,-1,,,
265,1681.00,30.94530000,120.14500000,30.94530000,120.14500000,30.94530000,120.14500000,0.0000,0.00,0,-1,split_xfeat,0,0,-1,,,
266,1685.00,30.94530000,120.14500000,30.94530000,120.14500000,30.94530000,120.14500000,0.0000,0.00,0,-1,split_xfeat,0,0,-1,,,
267,1689.00,30.94530000,120.14500000,30.94530000,120.14500000,30.94530000,120.14500000,0.0000,0.00,0,-1,split_xfeat,0,0,-1,,,
268,1693.00,30.94530000,120.14500000,30.94530000,120.14500000,30.94530000,120.14500000,0.0000,0.00,0,-1,split_xfeat,0,0,-1,,,
269,1697.00,30.94530000,120.14500000,30.94530000,120.14500000,30.94530000,120.14500000,0.0000,0.00,0,-1,split_xfeat,0,0,-1,,,
270,1701.00,30.94530000,120.14500000,30.94530000,120.14500000,30.94530000,120.14500000,0.0000,0.00,0,-1,split_xfeat,0,0,-1,,,
271,1704.00,30.94530000,120.14500000,30.94530000,120.14500000,30.94530000,120.14500000,0.0000,0.00,0,-1,split_xfeat,0,0,-1,,,
272,1708.00,30.94530000,120.14500000,30.94530000,120.14500000,30.94530000,120.14500000,0.0000,0.00,0,-1,split_xfeat,0,0,-1,,,
273,1712.00,30.94530000,120.14500000,30.94530000,120.14500000,30.94530000,120.14500000,0.0000,0.00,0,-1,split_xfeat,0,0,-1,,,
274,1716.00,30.94530000,120.14500000,30.94530000,120.14500000,30.94530000,120.14500000,0.0000,0.00,0,-1,split_xfeat,0,0,-1,,,
275,1719.00,30.94530000,120.14500000,30.94530000,120.14500000,30.94530000,120.14500000,0.0000,0.00,0,-1,split_xfeat,0,0,-1,,,
276,1723.00,30.94530000,120.14500000,30.94530000,120.14500000,30.94530000,120.14500000,0.0000,0.00,0,-1,split_xfeat,0,0,-1,,,
277,1727.00,30.94530000,120.14500000,30.94530000,120.14500000,30.94530000,120.14500000,0.0000,0.00,0,-1,split_xfeat,0,0,-1,,,
278,1731.00,30.94530000,120.14500000,30.94530000,120.14500000,30.94530000,120.14500000,0.0000,0.00,0,-1,split_xfeat,0,0,-1,,,
279,1735.00,30.94530000,120.14500000,30.94530000,120.14500000,30.94530000,120.14500000,0.0000,0.00,0,-1,split_xfeat,0,0,-1,,,
280,1738.00,30.94530000,120.14500000,30.94530000,120.14500000,30.94530000,120.14500000,0.0000,0.00,0,-1,split_xfeat,0,0,-1,,,
281,1742.00,30.94530000,120.14500000,30.94530000,120.14500000,30.94530000,120.14500000,0.0000,0.00,0,-1,split_xfeat,0,0,-1,,,
282,1746.00,30.94530000,120.14500000,30.94530000,120.14500000,30.94530000,120.14500000,0.0000,0.00,0,-1,split_xfeat,0,0,-1,,,
283,1749.00,30.94530000,120.14500000,30.94530000,120.14500000,30.94530000,120.14500000,0.0000,0.00,0,-1,split_xfeat,0,0,-1,,,
284,1753.00,30.94530000,120.14500000,30.94530000,120.14500000,30.94530000,120.14500000,0.0000,0.00,0,-1,split_xfeat,0,0,-1,,,
285,1757.00,30.94530000,120.14500000,30.94530000,120.14500000,30.94530000,120.14500000,0.0000,0.00,0,-1,split_xfeat,0,0,-1,,,
286,1761.00,30.94530000,120.14500000,30.94530000,120.14500000,30.94530000,120.14500000,0.0000,0.00,0,-1,split_xfeat,0,0,-1,,,
287,1764.00,30.94530000,120.14500000,30.94530000,120.14500000,30.94530000,120.14500000,0.0000,0.00,0,-1,split_xfeat,0,0,-1,,,
288,1768.00,30.94530000,120.14500000,30.94530000,120.14500000,30.94530000,120.14500000,0.0000,0.00,0,-1,split_xfeat,0,0,-1,,,
289,1772.00,30.94530000,120.14500000,30.94530000,120.14500000,30.94530000,120.14500000,0.0000,0.00,0,-1,split_xfeat,0,0,-1,,,
290,1776.00,30.94530000,120.14500000,30.94530000,120.14500000,30.94530000,120.14500000,0.0000,0.00,0,-1,split_xfeat,0,0,-1,,,
291,1780.00,30.94530000,120.14500000,30.94530000,120.14500000,30.94530000,120.14500000,0.0000,0.00,0,-1,split_xfeat,0,0,-1,,,
292,1783.00,30.94530000,120.14500000,30.94530000,120.14500000,30.94530000,120.14500000,0.0000,0.00,0,-1,split_xfeat,0,0,-1,,,
293,1787.00,30.94530000,120.14500000,30.94530000,120.14500000,30.94530000,120.14500000,0.0000,0.00,0,-1,split_xfeat,0,0,-1,,,
294,1791.00,30.94530000,120.14500000,30.94530000,120.14500000,30.94530000,120.14500000,0.0000,0.00,0,-1,split_xfeat,0,0,-1,,,
295,1795.00,30.94530000,120.14500000,30.94530000,120.14500000,30.94530000,120.14500000,0.0000,0.00,0,-1,split_xfeat,0,0,-1,,,
296,1799.00,30.94530000,120.14500000,30.94530000,120.14500000,30.94530000,120.14500000,0.0000,0.00,0,-1,split_xfeat,0,0,-1,,,
297,1803.00,30.94530000,120.14500000,30.94530000,120.14500000,30.94530000,120.14500000,0.0000,0.00,0,-1,split_xfeat,0,0,-1,,,
298,1807.00,30.94530000,120.14500000,30.94530000,120.14500000,30.94530000,120.14500000,0.0000,0.00,0,-1,split_xfeat,0,0,-1,,,
299,1810.00,30.94530000,120.14500000,30.94530000,120.14500000,30.94530000,120.14500000,0.0000,0.00,0,-1,split_xfeat,0,0,-1,,,
300,1814.00,30.94530000,120.14500000,30.94530000,120.14500000,30.94530000,120.14500000,0.0000,0.00,0,-1,split_xfeat,0,0,-1,,,
301,1818.00,30.94530000,120.14500000,30.94530000,120.14500000,30.94530000,120.14500000,0.0000,0.00,0,-1,split_xfeat,0,0,-1,,,
302,1822.00,30.94530000,120.14500000,30.94530000,120.14500000,30.94530000,120.14500000,0.0000,0.00,0,-1,split_xfeat,0,0,-1,,,
303,1826.00,30.94530000,120.14500000,30.94530000,120.14500000,30.94530000,120.14500000,0.0000,0.00,0,-1,split_xfeat,0,0,-1,,,
304,1830.00,30.94530000,120.14500000,30.94530000,120.14500000,30.94530000,120.14500000,0.0000,0.00,0,-1,split_xfeat,0,0,-1,,,
305,1834.00,30.94530000,120.14500000,30.94530000,120.14500000,30.94530000,120.14500000,0.0000,0.00,0,-1,split_xfeat,0,0,-1,,,
306,1838.00,30.94530000,120.14500000,30.94530000,120.14500000,30.94530000,120.14500000,0.0000,0.00,0,-1,split_xfeat,0,0,-1,,,
307,1842.00,30.94530000,120.14500000,30.94530000,120.14500000,30.94530000,120.14500000,0.0000,0.00,0,-1,split_xfeat,0,0,-1,,,
308,1846.00,30.94530000,120.14500000,30.94530000,120.14500000,30.94530000,120.14500000,0.0000,0.00,0,-1,split_xfeat,0,0,-1,,,
309,1850.00,30.94530000,120.14500000,30.94530000,120.14500000,30.94530000,120.14500000,0.0000,0.00,0,-1,split_xfeat,0,0,-1,,,
310,1853.00,30.94530000,120.14500000,30.94530000,120.14500000,30.94530000,120.14500000,0.0000,0.00,0,-1,split_xfeat,0,0,-1,,,
311,1857.00,30.94530000,120.14500000,30.94530000,120.14500000,30.94530000,120.14500000,0.0000,0.00,0,-1,split_xfeat,0,0,-1,,,
312,1861.00,30.94530000,120.14500000,30.94530000,120.14500000,30.94530000,120.14500000,0.0000,0.00,0,-1,split_xfeat,0,0,-1,,,
313,1865.00,30.94530000,120.14500000,30.94530000,120.14500000,30.94530000,120.14500000,0.0000,0.00,0,-1,split_xfeat,0,0,-1,,,
314,1869.00,30.94530000,120.14500000,30.94530000,120.14500000,30.94530000,120.14500000,0.0000,0.00,0,-1,split_xfeat,0,0,-1,,,
315,1873.00,30.94530000,120.14500000,30.94530000,120.14500000,30.94530000,120.14500000,0.0000,0.00,0,-1,split_xfeat,0,0,-1,,,
316,1877.00,30.94530000,120.14500000,30.94530000,120.14500000,30.94530000,120.14500000,0.0000,0.00,0,-1,split_xfeat,0,0,-1,,,
317,1881.00,30.94530000,120.14500000,30.94530000,120.14500000,30.94530000,120.14500000,0.0000,0.00,0,-1,split_xfeat,0,0,-1,,,
318,1885.00,30.94530000,120.14500000,30.94530000,120.14500000,30.94530000,120.14500000,0.0000,0.00,0,-1,split_xfeat,0,0,-1,,,
319,1889.00,30.94530000,120.14500000,30.94530000,120.14500000,30.94530000,120.14500000,0.0000,0.00,0,-1,split_xfeat,0,0,-1,,,
320,1893.00,30.94530000,120.14500000,30.94530000,120.14500000,30.94530000,120.14500000,0.0000,0.00,0,-1,split_xfeat,0,0,-1,,,
321,1897.00,30.94530000,120.14500000,30.94530000,120.14500000,30.94530000,120.14500000,0.0000,0.00,0,-1,split_xfeat,0,0,-1,,,
322,1901.00,30.94530000,120.14500000,30.94530000,120.14500000,30.94530000,120.14500000,0.0000,0.00,0,-1,split_xfeat,0,0,-1,,,
323,1905.00,30.94530000,120.14500000,30.94530000,120.14500000,30.94530000,120.14500000,0.0000,0.00,0,-1,split_xfeat,0,0,-1,,,
324,1909.00,30.94530000,120.14500000,30.94530000,120.14500000,30.94530000,120.14500000,0.0000,0.00,0,-1,split_xfeat,0,0,-1,,,
325,1913.00,30.94530000,120.14500000,30.94530000,120.14500000,30.94530000,120.14500000,0.0000,0.00,0,-1,split_xfeat,0,0,-1,,,
326,1917.00,30.94530000,120.14500000,30.94530000,120.14500000,30.94530000,120.14500000,0.0000,0.00,0,-1,split_xfeat,0,0,-1,,,
327,1921.00,30.94530000,120.14500000,30.94530000,120.14500000,30.94530000,120.14500000,0.0000,0.00,0,-1,split_xfeat,0,0,-1,,,
328,1925.00,30.94530000,120.14500000,30.94530000,120.14500000,30.94530000,120.14500000,0.0000,0.00,0,-1,split_xfeat,0,0,-1,,,
329,1929.00,30.94530000,120.14500000,30.94530000,120.14500000,30.94530000,120.14500000,0.0000,0.00,0,-1,split_xfeat,0,0,-1,,,
330,1933.00,30.94530000,120.14500000,30.94530000,120.14500000,30.94530000,120.14500000,0.0000,0.00,0,-1,split_xfeat,0,0,-1,,,
331,1936.00,30.94530000,120.14500000,30.94530000,120.14500000,30.94530000,120.14500000,0.0000,0.00,0,-1,split_xfeat,0,0,-1,,,
332,1940.00,30.94530000,120.14500000,30.94530000,120.14500000,30.94530000,120.14500000,0.0000,0.00,0,-1,split_xfeat,0,0,-1,,,
333,1944.00,30.94530000,120.14500000,30.94530000,120.14500000,30.94530000,120.14500000,0.0000,0.00,0,-1,split_xfeat,0,0,-1,,,
334,1948.00,30.94530000,120.14500000,30.94530000,120.14500000,30.94530000,120.14500000,0.0000,0.00,0,-1,split_xfeat,0,0,-1,,,
335,1952.00,30.94530000,120.14500000,30.94530000,120.14500000,30.94530000,120.14500000,0.0000,0.00,0,-1,split_xfeat,0,0,-1,,,
336,1956.00,30.94530000,120.14500000,30.94530000,120.14500000,30.94530000,120.14500000,0.0000,0.00,0,-1,split_xfeat,0,0,-1,,,
337,1960.00,30.94530000,120.14500000,30.94530000,120.14500000,30.94530000,120.14500000,0.0000,0.00,0,-1,split_xfeat,0,0,-1,,,
338,1964.00,30.94530000,120.14500000,30.94530000,120.14500000,30.94530000,120.14500000,0.0000,0.00,0,-1,split_xfeat,0,0,-1,,,
339,1968.00,30.94530000,120.14500000,30.94530000,120.14500000,30.94530000,120.14500000,0.0000,0.00,0,-1,split_xfeat,0,0,-1,,,
340,1972.00,30.94530000,120.14500000,30.94530000,120.14500000,30.94530000,120.14500000,0.0000,0.00,0,-1,split_xfeat,0,0,-1,,,
341,1976.00,30.94530000,120.14500000,30.94530000,120.14500000,30.94530000,120.14500000,0.0000,0.00,0,-1,split_xfeat,0,0,-1,,,
342,1980.00,30.94530000,120.14500000,30.94530000,120.14500000,30.94530000,120.14500000,0.0000,0.00,0,-1,split_xfeat,0,0,-1,,,
343,1984.00,30.94530000,120.14500000,30.94530000,120.14500000,30.94530000,120.14500000,0.0000,0.00,0,-1,split_xfeat,0,0,-1,,,
344,1988.00,30.94530000,120.14500000,30.94530000,120.14500000,30.94530000,120.14500000,0.0000,0.00,0,-1,split_xfeat,0,0,-1,,,
345,1992.00,30.94530000,120.14500000,30.94530000,120.14500000,30.94530000,120.14500000,0.0000,0.00,0,-1,split_xfeat,0,0,-1,,,
346,1996.00,30.94530000,120.14500000,30.94530000,120.14500000,30.94530000,120.14500000,0.0000,0.00,0,-1,split_xfeat,0,0,-1,,,
347,2000.00,30.94530000,120.14500000,30.94530000,120.14500000,30.94530000,120.14500000,0.0000,0.00,0,-1,split_xfeat,0,0,-1,,,
348,2004.00,30.94530000,120.14500000,30.94530000,120.14500000,30.94530000,120.14500000,0.0000,0.00,0,-1,split_xfeat,0,0,-1,,,
349,2008.00,30.94530000,120.14500000,30.94530000,120.14500000,30.94530000,120.14500000,0.0000,0.00,0,-1,split_xfeat,0,0,-1,,,
350,2011.00,30.94530000,120.14500000,30.94530000,120.14500000,30.94530000,120.14500000,0.0000,0.00,0,-1,split_xfeat,0,0,-1,,,
351,2072.00,30.94530000,120.14500000,30.94530000,120.14500000,30.94530000,120.14500000,0.0000,0.00,0,-1,split_xfeat,0,0,-1,,,
352,2078.00,30.94530000,120.14500000,30.94530000,120.14500000,30.94530000,120.14500000,0.0000,0.00,0,-1,split_xfeat,0,0,-1,,,
353,2085.00,30.94530000,120.14500000,30.94530000,120.14500000,30.94530000,120.14500000,0.0000,0.00,0,-1,split_xfeat,0,0,-1,,,
354,2091.00,30.94530000,120.14500000,30.94530000,120.14500000,30.94530000,120.14500000,0.0000,0.00,0,-1,split_xfeat,0,0,-1,,,
355,2097.00,30.94530000,120.14500000,30.94530000,120.14500000,30.94530000,120.14500000,0.0000,0.00,0,-1,split_xfeat,0,0,-1,,,
356,2103.00,30.94530000,120.14500000,30.94530000,120.14500000,30.94530000,120.14500000,0.0000,0.00,0,-1,split_xfeat,0,0,-1,,,
357,2109.00,30.94530000,120.14500000,30.94530000,120.14500000,30.94530000,120.14500000,0.0000,0.00,0,-1,split_xfeat,0,0,-1,,,
358,2115.00,30.94530000,120.14500000,30.94530000,120.14500000,30.94530000,120.14500000,0.0000,0.00,0,-1,split_xfeat,0,0,-1,,,
359,2121.00,30.94530000,120.14500000,30.94530000,120.14500000,30.94530000,120.14500000,0.0000,0.00,0,-1,split_xfeat,0,0,-1,,,
360,2127.00,30.94530000,120.14500000,30.94530000,120.14500000,30.94530000,120.14500000,0.0000,0.00,0,-1,split_xfeat,0,0,-1,,,
361,2133.00,30.94530000,120.14500000,30.94530000,120.14500000,30.94530000,120.14500000,0.0000,0.00,0,-1,split_xfeat,0,0,-1,,,
362,2139.00,30.94530000,120.14500000,30.94530000,120.14500000,30.94530000,120.14500000,0.0000,0.00,0,-1,split_xfeat,0,0,-1,,,
363,2145.00,30.94530000,120.14500000,30.94530000,120.14500000,30.94530000,120.14500000,0.0000,0.00,0,-1,split_xfeat,0,0,-1,,,
364,2151.00,30.94530000,120.14500000,30.94530000,120.14500000,30.94530000,120.14500000,0.0000,0.00,0,-1,split_xfeat,0,0,-1,,,
365,2157.00,30.94530000,120.14500000,30.94530000,120.14500000,30.94530000,120.14500000,0.0000,0.00,0,-1,split_xfeat,0,0,-1,,,
366,2163.00,30.94530000,120.14500000,30.94530000,120.14500000,30.94530000,120.14500000,0.0000,0.00,0,-1,split_xfeat,0,0,-1,,,
367,2169.00,30.94530000,120.14500000,30.94530000,120.14500000,30.94530000,120.14500000,0.0000,0.00,0,-1,split_xfeat,0,0,-1,,,
368,2175.00,30.94530000,120.14500000,30.94530000,120.14500000,30.94530000,120.14500000,0.0000,0.00,0,-1,split_xfeat,0,0,-1,,,
369,2181.00,30.94530000,120.14500000,30.94530000,120.14500000,30.94530000,120.14500000,0.0000,0.00,0,-1,split_xfeat,0,0,-1,,,
370,2187.00,30.94530000,120.14500000,30.94530000,120.14500000,30.94530000,120.14500000,0.0000,0.00,0,-1,split_xfeat,0,0,-1,,,
371,2193.00,30.94530000,120.14500000,30.94530000,120.14500000,30.94530000,120.14500000,0.0000,0.00,0,-1,split_xfeat,0,0,-1,,,
372,2200.00,30.94530000,120.14500000,30.94530000,120.14500000,30.94530000,120.14500000,0.0000,0.00,0,-1,split_xfeat,0,0,-1,,,
373,2206.00,30.94530000,120.14500000,30.94530000,120.14500000,30.94530000,120.14500000,0.0000,0.00,0,-1,split_xfeat,0,0,-1,,,
374,2212.00,30.94530000,120.14500000,30.94530000,120.14500000,30.94530000,120.14500000,0.0000,0.00,0,-1,split_xfeat,0,0,-1,,,
375,2219.00,30.94530000,120.14500000,30.94530000,120.14500000,30.94530000,120.14500000,0.0000,0.00,0,-1,split_xfeat,0,0,-1,,,
376,2225.00,30.94530000,120.14500000,30.94530000,120.14500000,30.94530000,120.14500000,0.0000,0.00,0,-1,split_xfeat,0,0,-1,,,
377,2231.00,30.94530000,120.14500000,30.94530000,120.14500000,30.94530000,120.14500000,0.0000,0.00,0,-1,split_xfeat,0,0,-1,,,
378,2238.00,30.94530000,120.14500000,30.94530000,120.14500000,30.94530000,120.14500000,0.0000,0.00,0,-1,split_xfeat,0,0,-1,,,
379,2244.00,30.94530000,120.14500000,30.94530000,120.14500000,30.94530000,120.14500000,0.0000,0.00,0,-1,split_xfeat,0,0,-1,,,
380,2251.00,30.94530000,120.14500000,30.94530000,120.14500000,30.94530000,120.14500000,0.0000,0.00,0,-1,split_xfeat,0,0,-1,,,
381,2256.00,30.94530000,120.14500000,30.94530000,120.14500000,30.94530000,120.14500000,0.0000,0.00,0,-1,split_xfeat,0,0,-1,,,
382,2262.00,30.94530000,120.14500000,30.94530000,120.14500000,30.94530000,120.14500000,0.0000,0.00,0,-1,split_xfeat,0,0,-1,,,
383,2269.00,30.94530000,120.14500000,30.94530000,120.14500000,30.94530000,120.14500000,0.0000,0.00,0,-1,split_xfeat,0,0,-1,,,
384,2275.00,30.94530000,120.14500000,30.94530000,120.14500000,30.94530000,120.14500000,0.0000,0.00,0,-1,split_xfeat,0,0,-1,,,
385,2281.00,30.94530000,120.14500000,30.94530000,120.14500000,30.94530000,120.14500000,0.0000,0.00,0,-1,split_xfeat,0,0,-1,,,
386,2288.00,30.94530000,120.14500000,30.94530000,120.14500000,30.94530000,120.14500000,0.0000,0.00,0,-1,split_xfeat,0,0,-1,,,
387,2294.00,30.94530000,120.14500000,30.94530000,120.14500000,30.94530000,120.14500000,0.0000,0.00,0,-1,split_xfeat,0,0,-1,,,
388,2300.00,30.94530000,120.14500000,30.94530000,120.14500000,30.94530000,120.14500000,0.0000,0.00,0,-1,split_xfeat,0,0,-1,,,
389,2307.00,30.94530000,120.14500000,30.94530000,120.14500000,30.94530000,120.14500000,0.0000,0.00,0,-1,split_xfeat,0,0,-1,,,
390,2313.00,30.94530000,120.14500000,30.94530000,120.14500000,30.94530000,120.14500000,0.0000,0.00,0,-1,split_xfeat,0,0,-1,,,
391,2320.00,30.94530000,120.14500000,30.94530000,120.14500000,30.94530000,120.14500000,0.0000,0.00,0,-1,split_xfeat,0,0,-1,,,
392,2327.00,30.94530000,120.14500000,30.94530000,120.14500000,30.94530000,120.14500000,0.0000,0.00,0,-1,split_xfeat,0,0,-1,,,
393,2333.00,30.94530000,120.14500000,30.94530000,120.14500000,30.94530000,120.14500000,0.0000,0.00,0,-1,split_xfeat,0,0,-1,,,
394,2340.00,30.94530000,120.14500000,30.94530000,120.14500000,30.94530000,120.14500000,0.0000,0.00,0,-1,split_xfeat,0,0,-1,,,
395,2346.00,30.94530000,120.14500000,30.94530000,120.14500000,30.94530000,120.14500000,0.0000,0.00,0,-1,split_xfeat,0,0,-1,,,
396,2353.00,30.94530000,120.14500000,30.94530000,120.14500000,30.94530000,120.14500000,0.0000,0.00,0,-1,split_xfeat,0,0,-1,,,
397,2359.00,30.94530000,120.14500000,30.94530000,120.14500000,30.94530000,120.14500000,0.0000,0.00,0,-1,split_xfeat,0,0,-1,,,
398,2366.00,30.94530000,120.14500000,30.94530000,120.14500000,30.94530000,120.14500000,0.0000,0.00,0,-1,split_xfeat,0,0,-1,,,
399,2372.00,30.94530000,120.14500000,30.94530000,120.14500000,30.94530000,120.14500000,0.0000,0.00,0,-1,split_xfeat,0,0,-1,,,
400,2379.00,30.94530000,120.14500000,30.94530000,120.14500000,30.94530000,120.14500000,0.0000,0.00,0,-1,split_xfeat,0,0,-1,,,
401,2386.00,30.94530000,120.14500000,30.94530000,120.14500000,30.94530000,120.14500000,0.0000,0.00,0,-1,split_xfeat,0,0,-1,,,
402,2392.00,30.94530000,120.14500000,30.94530000,120.14500000,30.94530000,120.14500000,0.0000,0.00,0,-1,split_xfeat,0,0,-1,,,
403,2399.00,30.94530000,120.14500000,30.94530000,120.14500000,30.94530000,120.14500000,0.0000,0.00,0,-1,split_xfeat,0,0,-1,,,
404,2406.00,30.94530000,120.14500000,30.94530000,120.14500000,30.94530000,120.14500000,0.0000,0.00,0,-1,split_xfeat,0,0,-1,,,
405,2413.00,30.94530000,120.14500000,30.94530000,120.14500000,30.94530000,120.14500000,0.0000,0.00,0,-1,split_xfeat,0,0,-1,,,
406,2419.00,30.94530000,120.14500000,30.94530000,120.14500000,30.94530000,120.14500000,0.0000,0.00,0,-1,split_xfeat,0,0,-1,,,
407,2426.00,30.94530000,120.14500000,30.94530000,120.14500000,30.94530000,120.14500000,0.0000,0.00,0,-1,split_xfeat,0,0,-1,,,
408,2432.00,30.94530000,120.14500000,30.94530000,120.14500000,30.94530000,120.14500000,0.0000,0.00,0,-1,split_xfeat,0,0,-1,,,
409,2438.00,30.94530000,120.14500000,30.94530000,120.14500000,30.94530000,120.14500000,0.0000,0.00,0,-1,split_xfeat,0,0,-1,,,
410,2445.00,30.94530000,120.14500000,30.94530000,120.14500000,30.94530000,120.14500000,0.0000,0.00,0,-1,split_xfeat,0,0,-1,,,
411,2451.00,30.94530000,120.14500000,30.94530000,120.14500000,30.94530000,120.14500000,0.0000,0.00,0,-1,split_xfeat,0,0,-1,,,
412,2457.00,30.94530000,120.14500000,30.94530000,120.14500000,30.94530000,120.14500000,0.0000,0.00,0,-1,split_xfeat,0,0,-1,,,
413,2463.00,30.94530000,120.14500000,30.94530000,120.14500000,30.94530000,120.14500000,0.0000,0.00,0,-1,split_xfeat,0,0,-1,,,
414,2469.00,30.94530000,120.14500000,30.94530000,120.14500000,30.94530000,120.14500000,0.0000,0.00,0,-1,split_xfeat,0,0,-1,,,
415,2476.00,30.94530000,120.14500000,30.94530000,120.14500000,30.94530000,120.14500000,0.0000,0.00,0,-1,split_xfeat,0,0,-1,,,
416,2482.00,30.94530000,120.14500000,30.94530000,120.14500000,30.94530000,120.14500000,0.0000,0.00,0,-1,split_xfeat,0,0,-1,,,
417,2488.00,30.94530000,120.14500000,30.94530000,120.14500000,30.94530000,120.14500000,0.0000,0.00,0,-1,split_xfeat,0,0,-1,,,
418,2494.00,30.94530000,120.14500000,30.94530000,120.14500000,30.94530000,120.14500000,0.0000,0.00,0,-1,split_xfeat,0,0,-1,,,
419,2500.00,30.94530000,120.14500000,30.94530000,120.14500000,30.94530000,120.14500000,0.0000,0.00,0,-1,split_xfeat,0,0,-1,,,
420,2507.00,30.94530000,120.14500000,30.94530000,120.14500000,30.94530000,120.14500000,0.0000,0.00,0,-1,split_xfeat,0,0,-1,,,
421,2513.00,30.94530000,120.14500000,30.94530000,120.14500000,30.94530000,120.14500000,0.0000,0.00,0,-1,split_xfeat,0,0,-1,,,
422,2519.00,30.94530000,120.14500000,30.94530000,120.14500000,30.94530000,120.14500000,0.0000,0.00,0,-1,split_xfeat,0,0,-1,,,
423,2525.00,30.94530000,120.14500000,30.94530000,120.14500000,30.94530000,120.14500000,0.0000,0.00,0,-1,split_xfeat,0,0,-1,,,
424,2532.00,30.94530000,120.14500000,30.94530000,120.14500000,30.94530000,120.14500000,0.0000,0.00,0,-1,split_xfeat,0,0,-1,,,
425,2538.00,30.94530000,120.14500000,30.94530000,120.14500000,30.94530000,120.14500000,0.0000,0.00,0,-1,split_xfeat,0,0,-1,,,
426,2543.00,30.94530000,120.14500000,30.94530000,120.14500000,30.94530000,120.14500000,0.0000,0.00,0,-1,split_xfeat,0,0,-1,,,
427,2549.00,30.94530000,120.14500000,30.94530000,120.14500000,30.94530000,120.14500000,0.0000,0.00,0,-1,split_xfeat,0,0,-1,,,
428,2555.00,30.94530000,120.14500000,30.94530000,120.14500000,30.94530000,120.14500000,0.0000,0.00,0,-1,split_xfeat,0,0,-1,,,
429,2561.00,30.94530000,120.14500000,30.94530000,120.14500000,30.94530000,120.14500000,0.0000,0.00,0,-1,split_xfeat,0,0,-1,,,
430,2567.00,30.94530000,120.14500000,30.94530000,120.14500000,30.94530000,120.14500000,0.0000,0.00,0,-1,split_xfeat,0,0,-1,,,
431,2573.00,30.94530000,120.14500000,30.94530000,120.14500000,30.94530000,120.14500000,0.0000,0.00,0,-1,split_xfeat,0,0,-1,,,
432,2580.00,30.94530000,120.14500000,30.94530000,120.14500000,30.94530000,120.14500000,0.0000,0.00,0,-1,split_xfeat,0,0,-1,,,
433,2586.00,30.94530000,120.14500000,30.94530000,120.14500000,30.94530000,120.14500000,0.0000,0.00,0,-1,split_xfeat,0,0,-1,,,
434,2592.00,30.94530000,120.14500000,30.94530000,120.14500000,30.94530000,120.14500000,0.0000,0.00,0,-1,split_xfeat,0,0,-1,,,
435,2598.00,30.94530000,120.14500000,30.94530000,120.14500000,30.94530000,120.14500000,0.0000,0.00,0,-1,split_xfeat,0,0,-1,,,
436,2604.00,30.94530000,120.14500000,30.94530000,120.14500000,30.94530000,120.14500000,0.0000,0.00,0,-1,split_xfeat,0,0,-1,,,
437,2611.00,30.94530000,120.14500000,30.94530000,120.14500000,30.94530000,120.14500000,0.0000,0.00,0,-1,split_xfeat,0,0,-1,,,
438,2617.00,30.94530000,120.14500000,30.94530000,120.14500000,30.94530000,120.14500000,0.0000,0.00,0,-1,split_xfeat,0,0,-1,,,
439,2622.00,30.94530000,120.14500000,30.94530000,120.14500000,30.94530000,120.14500000,0.0000,0.00,0,-1,split_xfeat,0,0,-1,,,
440,2628.00,30.94530000,120.14500000,30.94530000,120.14500000,30.94530000,120.14500000,0.0000,0.00,0,-1,split_xfeat,0,0,-1,,,
441,2635.00,30.94530000,120.14500000,30.94530000,120.14500000,30.94530000,120.14500000,0.0000,0.00,0,-1,split_xfeat,0,0,-1,,,
442,2641.00,30.94530000,120.14500000,30.94530000,120.14500000,30.94530000,120.14500000,0.0000,0.00,0,-1,split_xfeat,0,0,-1,,,
443,2647.00,30.94530000,120.14500000,30.94530000,120.14500000,30.94530000,120.14500000,0.0000,0.00,0,-1,split_xfeat,0,0,-1,,,
444,2653.00,30.94530000,120.14500000,30.94530000,120.14500000,30.94530000,120.14500000,0.0000,0.00,0,-1,split_xfeat,0,0,-1,,,
445,2659.00,30.94530000,120.14500000,30.94530000,120.14500000,30.94530000,120.14500000,0.0000,0.00,0,-1,split_xfeat,0,0,-1,,,
446,2665.00,30.94530000,120.14500000,30.94530000,120.14500000,30.94530000,120.14500000,0.0000,0.00,0,-1,split_xfeat,0,0,-1,,,
447,2671.00,30.94530000,120.14500000,30.94530000,120.14500000,30.94530000,120.14500000,0.0000,0.00,0,-1,split_xfeat,0,0,-1,,,
448,2730.00,30.94530000,120.14500000,30.94530000,120.14500000,30.94530000,120.14500000,0.0000,0.00,0,-1,split_xfeat,0,0,-1,,,
449,2734.00,30.94530000,120.14500000,30.94530000,120.14500000,30.94530000,120.14500000,0.0000,0.00,0,-1,split_xfeat,0,0,-1,,,
450,2738.00,30.94530000,120.14500000,30.94530000,120.14500000,30.94530000,120.14500000,0.0000,0.00,0,-1,split_xfeat,0,0,-1,,,
451,2743.00,30.94530000,120.14500000,30.94530000,120.14500000,30.94530000,120.14500000,0.0000,0.00,0,-1,split_xfeat,0,0,-1,,,
452,2747.00,30.94530000,120.14500000,30.94530000,120.14500000,30.94530000,120.14500000,0.0000,0.00,0,-1,split_xfeat,0,0,-1,,,
453,2751.00,30.94530000,120.14500000,30.94530000,120.14500000,30.94530000,120.14500000,0.0000,0.00,0,-1,split_xfeat,0,0,-1,,,
454,2754.00,30.94530000,120.14500000,30.94530000,120.14500000,30.94530000,120.14500000,0.0000,0.00,0,-1,split_xfeat,0,0,-1,,,
455,2758.00,30.94530000,120.14500000,30.94530000,120.14500000,30.94530000,120.14500000,0.0000,0.00,0,-1,split_xfeat,0,0,-1,,,
456,2762.00,30.94530000,120.14500000,30.94530000,120.14500000,30.94530000,120.14500000,0.0000,0.00,0,-1,split_xfeat,0,0,-1,,,
457,2766.00,30.94530000,120.14500000,30.94530000,120.14500000,30.94530000,120.14500000,0.0000,0.00,0,-1,split_xfeat,0,0,-1,,,
458,2770.00,30.94530000,120.14500000,30.94530000,120.14500000,30.94530000,120.14500000,0.0000,0.00,0,-1,split_xfeat,0,0,-1,,,
459,2773.00,30.94530000,120.14500000,30.94530000,120.14500000,30.94530000,120.14500000,0.0000,0.00,0,-1,split_xfeat,0,0,-1,,,
460,2777.00,30.94530000,120.14500000,30.94530000,120.14500000,30.94530000,120.14500000,0.0000,0.00,0,-1,split_xfeat,0,0,-1,,,
461,2781.00,30.94530000,120.14500000,30.94530000,120.14500000,30.94530000,120.14500000,0.0000,0.00,0,-1,split_xfeat,0,0,-1,,,
462,2785.00,30.94530000,120.14500000,30.94530000,120.14500000,30.94530000,120.14500000,0.0000,0.00,0,-1,split_xfeat,0,0,-1,,,
463,2789.00,30.94530000,120.14500000,30.94530000,120.14500000,30.94530000,120.14500000,0.0000,0.00,0,-1,split_xfeat,0,0,-1,,,
464,2793.00,30.94530000,120.14500000,30.94530000,120.14500000,30.94530000,120.14500000,0.0000,0.00,0,-1,split_xfeat,0,0,-1,,,
465,2796.00,30.94530000,120.14500000,30.94530000,120.14500000,30.94530000,120.14500000,0.0000,0.00,0,-1,split_xfeat,0,0,-1,,,
466,2800.00,30.94530000,120.14500000,30.94530000,120.14500000,30.94530000,120.14500000,0.0000,0.00,0,-1,split_xfeat,0,0,-1,,,
467,2804.00,30.94530000,120.14500000,30.94530000,120.14500000,30.94530000,120.14500000,0.0000,0.00,0,-1,split_xfeat,0,0,-1,,,
468,2808.00,30.94530000,120.14500000,30.94530000,120.14500000,30.94530000,120.14500000,0.0000,0.00,0,-1,split_xfeat,0,0,-1,,,
469,2812.00,30.94530000,120.14500000,30.94530000,120.14500000,30.94530000,120.14500000,0.0000,0.00,0,-1,split_xfeat,0,0,-1,,,
470,2816.00,30.94530000,120.14500000,30.94530000,120.14500000,30.94530000,120.14500000,0.0000,0.00,0,-1,split_xfeat,0,0,-1,,,
471,2820.00,30.94530000,120.14500000,30.94530000,120.14500000,30.94530000,120.14500000,0.0000,0.00,0,-1,split_xfeat,0,0,-1,,,
472,2824.00,30.94530000,120.14500000,30.94530000,120.14500000,30.94530000,120.14500000,0.0000,0.00,0,-1,split_xfeat,0,0,-1,,,
473,2827.00,30.94530000,120.14500000,30.94530000,120.14500000,30.94530000,120.14500000,0.0000,0.00,0,-1,split_xfeat,0,0,-1,,,
474,2831.00,30.94530000,120.14500000,30.94530000,120.14500000,30.94530000,120.14500000,0.0000,0.00,0,-1,split_xfeat,0,0,-1,,,
475,2835.00,30.94530000,120.14500000,30.94530000,120.14500000,30.94530000,120.14500000,0.0000,0.00,0,-1,split_xfeat,0,0,-1,,,
476,2839.00,30.94530000,120.14500000,30.94530000,120.14500000,30.94530000,120.14500000,0.0000,0.00,0,-1,split_xfeat,0,0,-1,,,
477,2843.00,30.94530000,120.14500000,30.94530000,120.14500000,30.94530000,120.14500000,0.0000,0.00,0,-1,split_xfeat,0,0,-1,,,
478,2847.00,30.94530000,120.14500000,30.94530000,120.14500000,30.94530000,120.14500000,0.0000,0.00,0,-1,split_xfeat,0,0,-1,,,
479,2851.00,30.94530000,120.14500000,30.94530000,120.14500000,30.94530000,120.14500000,0.0000,0.00,0,-1,split_xfeat,0,0,-1,,,
480,2855.00,30.94530000,120.14500000,30.94530000,120.14500000,30.94530000,120.14500000,0.0000,0.00,0,-1,split_xfeat,0,0,-1,,,
481,2858.00,30.94530000,120.14500000,30.94530000,120.14500000,30.94530000,120.14500000,0.0000,0.00,0,-1,split_xfeat,0,0,-1,,,
482,2862.00,30.94530000,120.14500000,30.94530000,120.14500000,30.94530000,120.14500000,0.0000,0.00,0,-1,split_xfeat,0,0,-1,,,
483,2866.00,30.94530000,120.14500000,30.94530000,120.14500000,30.94530000,120.14500000,0.0000,0.00,0,-1,split_xfeat,0,0,-1,,,
484,2870.00,30.94530000,120.14500000,30.94530000,120.14500000,30.94530000,120.14500000,0.0000,0.00,0,-1,split_xfeat,0,0,-1,,,
485,2874.00,30.94530000,120.14500000,30.94530000,120.14500000,30.94530000,120.14500000,0.0000,0.00,0,-1,split_xfeat,0,0,-1,,,
486,2878.00,30.94530000,120.14500000,30.94530000,120.14500000,30.94530000,120.14500000,0.0000,0.00,0,-1,split_xfeat,0,0,-1,,,
487,2882.00,30.94530000,120.14500000,30.94530000,120.14500000,30.94530000,120.14500000,0.0000,0.00,0,-1,split_xfeat,0,0,-1,,,
488,2886.00,30.94530000,120.14500000,30.94530000,120.14500000,30.94530000,120.14500000,0.0000,0.00,0,-1,split_xfeat,0,0,-1,,,
489,2890.00,30.94530000,120.14500000,30.94530000,120.14500000,30.94530000,120.14500000,0.0000,0.00,0,-1,split_xfeat,0,0,-1,,,
490,2894.00,30.94530000,120.14500000,30.94530000,120.14500000,30.94530000,120.14500000,0.0000,0.00,0,-1,split_xfeat,0,0,-1,,,
491,2898.00,30.94530000,120.14500000,30.94530000,120.14500000,30.94530000,120.14500000,0.0000,0.00,0,-1,split_xfeat,0,0,-1,,,
492,2902.00,30.94530000,120.14500000,30.94530000,120.14500000,30.94530000,120.14500000,0.0000,0.00,0,-1,split_xfeat,0,0,-1,,,
493,2906.00,30.94530000,120.14500000,30.94530000,120.14500000,30.94530000,120.14500000,0.0000,0.00,0,-1,split_xfeat,0,0,-1,,,
494,2910.00,30.94530000,120.14500000,30.94530000,120.14500000,30.94530000,120.14500000,0.0000,0.00,0,-1,split_xfeat,0,0,-1,,,
495,2914.00,30.94530000,120.14500000,30.94530000,120.14500000,30.94530000,120.14500000,0.0000,0.00,0,-1,split_xfeat,0,0,-1,,,
496,2918.00,30.94530000,120.14500000,30.94530000,120.14500000,30.94530000,120.14500000,0.0000,0.00,0,-1,split_xfeat,0,0,-1,,,
497,2922.00,30.94530000,120.14500000,30.94530000,120.14500000,30.94530000,120.14500000,0.0000,0.00,0,-1,split_xfeat,0,0,-1,,,
498,2926.00,30.94530000,120.14500000,30.94530000,120.14500000,30.94530000,120.14500000,0.0000,0.00,0,-1,split_xfeat,0,0,-1,,,
499,2930.00,30.94530000,120.14500000,30.94530000,120.14500000,30.94530000,120.14500000,0.0000,0.00,0,-1,split_xfeat,0,0,-1,,,
500,2934.00,30.94530000,120.14500000,30.94530000,120.14500000,30.94530000,120.14500000,0.0000,0.00,0,-1,split_xfeat,0,0,-1,,,
501,2938.00,30.94530000,120.14500000,30.94530000,120.14500000,30.94530000,120.14500000,0.0000,0.00,0,-1,split_xfeat,0,0,-1,,,
502,2941.00,30.94530000,120.14500000,30.94530000,120.14500000,30.94530000,120.14500000,0.0000,0.00,0,-1,split_xfeat,0,0,-1,,,
503,2945.00,30.94530000,120.14500000,30.94530000,120.14500000,30.94530000,120.14500000,0.0000,0.00,0,-1,split_xfeat,0,0,-1,,,
504,2949.00,30.94530000,120.14500000,30.94530000,120.14500000,30.94530000,120.14500000,0.0000,0.00,0,-1,split_xfeat,0,0,-1,,,
505,2953.00,30.94530000,120.14500000,30.94530000,120.14500000,30.94530000,120.14500000,0.0000,0.00,0,-1,split_xfeat,0,0,-1,,,
506,2957.00,30.94530000,120.14500000,30.94530000,120.14500000,30.94530000,120.14500000,0.0000,0.00,0,-1,split_xfeat,0,0,-1,,,
507,2961.00,30.94530000,120.14500000,30.94530000,120.14500000,30.94530000,120.14500000,0.0000,0.00,0,-1,split_xfeat,0,0,-1,,,
508,2965.00,30.94530000,120.14500000,30.94530000,120.14500000,30.94530000,120.14500000,0.0000,0.00,0,-1,split_xfeat,0,0,-1,,,
509,2968.00,30.94530000,120.14500000,30.94530000,120.14500000,30.94530000,120.14500000,0.0000,0.00,0,-1,split_xfeat,0,0,-1,,,
510,2972.00,30.94530000,120.14500000,30.94530000,120.14500000,30.94530000,120.14500000,0.0000,0.00,0,-1,split_xfeat,0,0,-1,,,
511,2976.00,30.94530000,120.14500000,30.94530000,120.14500000,30.94530000,120.14500000,0.0000,0.00,0,-1,split_xfeat,0,0,-1,,,
512,2980.00,30.94530000,120.14500000,30.94530000,120.14500000,30.94530000,120.14500000,0.0000,0.00,0,-1,split_xfeat,0,0,-1,,,
513,2984.00,30.94530000,120.14500000,30.94530000,120.14500000,30.94530000,120.14500000,0.0000,0.00,0,-1,split_xfeat,0,0,-1,,,
514,2988.00,30.94530000,120.14500000,30.94530000,120.14500000,30.94530000,120.14500000,0.0000,0.00,0,-1,split_xfeat,0,0,-1,,,
515,2992.00,30.94530000,120.14500000,30.94530000,120.14500000,30.94530000,120.14500000,0.0000,0.00,0,-1,split_xfeat,0,0,-1,,,
516,2995.00,30.94530000,120.14500000,30.94530000,120.14500000,30.94530000,120.14500000,0.0000,0.00,0,-1,split_xfeat,0,0,-1,,,
517,2999.00,30.94530000,120.14500000,30.94530000,120.14500000,30.94530000,120.14500000,0.0000,0.00,0,-1,split_xfeat,0,0,-1,,,
518,3003.00,30.94530000,120.14500000,30.94530000,120.14500000,30.94530000,120.14500000,0.0000,0.00,0,-1,split_xfeat,0,0,-1,,,
519,3007.00,30.94530000,120.14500000,30.94530000,120.14500000,30.94530000,120.14500000,0.0000,0.00,0,-1,split_xfeat,0,0,-1,,,
520,3011.00,30.94530000,120.14500000,30.94530000,120.14500000,30.94530000,120.14500000,0.0000,0.00,0,-1,split_xfeat,0,0,-1,,,
521,3015.00,30.94530000,120.14500000,30.94530000,120.14500000,30.94530000,120.14500000,0.0000,0.00,0,-1,split_xfeat,0,0,-1,,,
522,3019.00,30.94530000,120.14500000,30.94530000,120.14500000,30.94530000,120.14500000,0.0000,0.00,0,-1,split_xfeat,0,0,-1,,,
523,3023.00,30.94530000,120.14500000,30.94530000,120.14500000,30.94530000,120.14500000,0.0000,0.00,0,-1,split_xfeat,0,0,-1,,,
524,3026.00,30.94530000,120.14500000,30.94530000,120.14500000,30.94530000,120.14500000,0.0000,0.00,0,-1,split_xfeat,0,0,-1,,,
525,3030.00,30.94530000,120.14500000,30.94530000,120.14500000,30.94530000,120.14500000,0.0000,0.00,0,-1,split_xfeat,0,0,-1,,,
526,3034.00,30.94530000,120.14500000,30.94530000,120.14500000,30.94530000,120.14500000,0.0000,0.00,0,-1,split_xfeat,0,0,-1,,,
527,3038.00,30.94530000,120.14500000,30.94530000,120.14500000,30.94530000,120.14500000,0.0000,0.00,0,-1,split_xfeat,0,0,-1,,,
528,3042.00,30.94530000,120.14500000,30.94530000,120.14500000,30.94530000,120.14500000,0.0000,0.00,0,-1,split_xfeat,0,0,-1,,,
529,3046.00,30.94530000,120.14500000,30.94530000,120.14500000,30.94530000,120.14500000,0.0000,0.00,0,-1,split_xfeat,0,0,-1,,,
530,3050.00,30.94530000,120.14500000,30.94530000,120.14500000,30.94530000,120.14500000,0.0000,0.00,0,-1,split_xfeat,0,0,-1,,,
531,3054.00,30.94530000,120.14500000,30.94530000,120.14500000,30.94530000,120.14500000,0.0000,0.00,0,-1,split_xfeat,0,0,-1,,,
532,3058.00,30.94530000,120.14500000,30.94530000,120.14500000,30.94530000,120.14500000,0.0000,0.00,0,-1,split_xfeat,0,0,-1,,,
533,3062.00,30.94530000,120.14500000,30.94530000,120.14500000,30.94530000,120.14500000,0.0000,0.00,0,-1,split_xfeat,0,0,-1,,,
534,3066.00,30.94530000,120.14500000,30.94530000,120.14500000,30.94530000,120.14500000,0.0000,0.00,0,-1,split_xfeat,0,0,-1,,,
535,3070.00,30.94530000,120.14500000,30.94530000,120.14500000,30.94530000,120.14500000,0.0000,0.00,0,-1,split_xfeat,0,0,-1,,,
536,3074.00,30.94530000,120.14500000,30.94530000,120.14500000,30.94530000,120.14500000,0.0000,0.00,0,-1,split_xfeat,0,0,-1,,,
537,3077.00,30.94530000,120.14500000,30.94530000,120.14500000,30.94530000,120.14500000,0.0000,0.00,0,-1,split_xfeat,0,0,-1,,,
538,3081.00,30.94530000,120.14500000,30.94530000,120.14500000,30.94530000,120.14500000,0.0000,0.00,0,-1,split_xfeat,0,0,-1,,,
539,3085.00,30.94530000,120.14500000,30.94530000,120.14500000,30.94530000,120.14500000,0.0000,0.00,0,-1,split_xfeat,0,0,-1,,,
540,3089.00,30.94530000,120.14500000,30.94530000,120.14500000,30.94530000,120.14500000,0.0000,0.00,0,-1,split_xfeat,0,0,-1,,,
541,3093.00,30.94530000,120.14500000,30.94530000,120.14500000,30.94530000,120.14500000,0.0000,0.00,0,-1,split_xfeat,0,0,-1,,,
542,3097.00,30.94530000,120.14500000,30.94530000,120.14500000,30.94530000,120.14500000,0.0000,0.00,0,-1,split_xfeat,0,0,-1,,,
543,3101.00,30.94530000,120.14500000,30.94530000,120.14500000,30.94530000,120.14500000,0.0000,0.00,0,-1,split_xfeat,0,0,-1,,,
544,3105.00,30.94530000,120.14500000,30.94530000,120.14500000,30.94530000,120.14500000,0.0000,0.00,0,-1,split_xfeat,0,0,-1,,,
545,3109.00,30.94530000,120.14500000,30.94530000,120.14500000,30.94530000,120.14500000,0.0000,0.00,0,-1,split_xfeat,0,0,-1,,,
546,3113.00,30.94530000,120.14500000,30.94530000,120.14500000,30.94530000,120.14500000,0.0000,0.00,0,-1,split_xfeat,0,0,-1,,,
547,3117.00,30.94530000,120.14500000,30.94530000,120.14500000,30.94530000,120.14500000,0.0000,0.00,0,-1,split_xfeat,0,0,-1,,,
548,3178.00,30.94530000,120.14500000,30.94530000,120.14500000,30.94530000,120.14500000,0.0000,0.00,0,-1,split_xfeat,0,0,-1,,,
549,3185.00,30.94530000,120.14500000,30.94530000,120.14500000,30.94530000,120.14500000,0.0000,0.00,0,-1,split_xfeat,0,0,-1,,,
550,3191.00,30.94530000,120.14500000,30.94530000,120.14500000,30.94530000,120.14500000,0.0000,0.00,0,-1,split_xfeat,0,0,-1,,,
551,3197.00,30.94530000,120.14500000,30.94530000,120.14500000,30.94530000,120.14500000,0.0000,0.00,0,-1,split_xfeat,0,0,-1,,,
552,3203.00,30.94530000,120.14500000,30.94530000,120.14500000,30.94530000,120.14500000,0.0000,0.00,0,-1,split_xfeat,0,0,-1,,,
553,3209.00,30.94530000,120.14500000,30.94530000,120.14500000,30.94530000,120.14500000,0.0000,0.00,0,-1,split_xfeat,0,0,-1,,,
554,3215.00,30.94530000,120.14500000,30.94530000,120.14500000,30.94530000,120.14500000,0.0000,0.00,0,-1,split_xfeat,0,0,-1,,,
555,3221.00,30.94530000,120.14500000,30.94530000,120.14500000,30.94530000,120.14500000,0.0000,0.00,0,-1,split_xfeat,0,0,-1,,,
556,3227.00,30.94530000,120.14500000,30.94530000,120.14500000,30.94530000,120.14500000,0.0000,0.00,0,-1,split_xfeat,0,0,-1,,,
557,3234.00,30.94530000,120.14500000,30.94530000,120.14500000,30.94530000,120.14500000,0.0000,0.00,0,-1,split_xfeat,0,0,-1,,,
558,3239.00,30.94530000,120.14500000,30.94530000,120.14500000,30.94530000,120.14500000,0.0000,0.00,0,-1,split_xfeat,0,0,-1,,,
559,3245.00,30.94530000,120.14500000,30.94530000,120.14500000,30.94530000,120.14500000,0.0000,0.00,0,-1,split_xfeat,0,0,-1,,,
560,3251.00,30.94530000,120.14500000,30.94530000,120.14500000,30.94530000,120.14500000,0.0000,0.00,0,-1,split_xfeat,0,0,-1,,,
561,3257.00,30.94530000,120.14500000,30.94530000,120.14500000,30.94530000,120.14500000,0.0000,0.00,0,-1,split_xfeat,0,0,-1,,,
562,3263.00,30.94530000,120.14500000,30.94530000,120.14500000,30.94530000,120.14500000,0.0000,0.00,0,-1,split_xfeat,0,0,-1,,,
563,3269.00,30.94530000,120.14500000,30.94530000,120.14500000,30.94530000,120.14500000,0.0000,0.00,0,-1,split_xfeat,0,0,-1,,,
564,3275.00,30.94530000,120.14500000,30.94530000,120.14500000,30.94530000,120.14500000,0.0000,0.00,0,-1,split_xfeat,0,0,-1,,,
565,3281.00,30.94530000,120.14500000,30.94530000,120.14500000,30.94530000,120.14500000,0.0000,0.00,0,-1,split_xfeat,0,0,-1,,,
566,3286.00,30.94530000,120.14500000,30.94530000,120.14500000,30.94530000,120.14500000,0.0000,0.00,0,-1,split_xfeat,0,0,-1,,,
567,3292.00,30.94530000,120.14500000,30.94530000,120.14500000,30.94530000,120.14500000,0.0000,0.00,0,-1,split_xfeat,0,0,-1,,,
568,3298.00,30.94530000,120.14500000,30.94530000,120.14500000,30.94530000,120.14500000,0.0000,0.00,0,-1,split_xfeat,0,0,-1,,,
569,3304.00,30.94530000,120.14500000,30.94530000,120.14500000,30.94530000,120.14500000,0.0000,0.00,0,-1,split_xfeat,0,0,-1,,,
570,3310.00,30.94530000,120.14500000,30.94530000,120.14500000,30.94530000,120.14500000,0.0000,0.00,0,-1,split_xfeat,0,0,-1,,,
571,3315.00,30.94530000,120.14500000,30.94530000,120.14500000,30.94530000,120.14500000,0.0000,0.00,0,-1,split_xfeat,0,0,-1,,,
572,3321.00,30.94530000,120.14500000,30.94530000,120.14500000,30.94530000,120.14500000,0.0000,0.00,0,-1,split_xfeat,0,0,-1,,,
573,3327.00,30.94530000,120.14500000,30.94530000,120.14500000,30.94530000,120.14500000,0.0000,0.00,0,-1,split_xfeat,0,0,-1,,,
574,3333.00,30.94530000,120.14500000,30.94530000,120.14500000,30.94530000,120.14500000,0.0000,0.00,0,-1,split_xfeat,0,0,-1,,,
575,3339.00,30.94530000,120.14500000,30.94530000,120.14500000,30.94530000,120.14500000,0.0000,0.00,0,-1,split_xfeat,0,0,-1,,,
576,3345.00,30.94530000,120.14500000,30.94530000,120.14500000,30.94530000,120.14500000,0.0000,0.00,0,-1,split_xfeat,0,0,-1,,,
577,3350.00,30.94530000,120.14500000,30.94530000,120.14500000,30.94530000,120.14500000,0.0000,0.00,0,-1,split_xfeat,0,0,-1,,,
578,3357.00,30.94530000,120.14500000,30.94530000,120.14500000,30.94530000,120.14500000,0.0000,0.00,0,-1,split_xfeat,0,0,-1,,,
579,3363.00,30.94530000,120.14500000,30.94530000,120.14500000,30.94530000,120.14500000,0.0000,0.00,0,-1,split_xfeat,0,0,-1,,,
580,3369.00,30.94530000,120.14500000,30.94530000,120.14500000,30.94530000,120.14500000,0.0000,0.00,0,-1,split_xfeat,0,0,-1,,,
581,3375.00,30.94530000,120.14500000,30.94530000,120.14500000,30.94530000,120.14500000,0.0000,0.00,0,-1,split_xfeat,0,0,-1,,,
582,3381.00,30.94530000,120.14500000,30.94530000,120.14500000,30.94530000,120.14500000,0.0000,0.00,0,-1,split_xfeat,0,0,-1,,,
583,3387.00,30.94530000,120.14500000,30.94530000,120.14500000,30.94530000,120.14500000,0.0000,0.00,0,-1,split_xfeat,0,0,-1,,,
584,3393.00,30.94530000,120.14500000,30.94530000,120.14500000,30.94530000,120.14500000,0.0000,0.00,0,-1,split_xfeat,0,0,-1,,,
585,3399.00,30.94530000,120.14500000,30.94530000,120.14500000,30.94530000,120.14500000,0.0000,0.00,0,-1,split_xfeat,0,0,-1,,,
586,3405.00,30.94530000,120.14500000,30.94530000,120.14500000,30.94530000,120.14500000,0.0000,0.00,0,-1,split_xfeat,0,0,-1,,,
587,3412.00,30.94530000,120.14500000,30.94530000,120.14500000,30.94530000,120.14500000,0.0000,0.00,0,-1,split_xfeat,0,0,-1,,,
588,3418.00,30.94530000,120.14500000,30.94530000,120.14500000,30.94530000,120.14500000,0.0000,0.00,0,-1,split_xfeat,0,0,-1,,,
589,3424.00,30.94530000,120.14500000,30.94530000,120.14500000,30.94530000,120.14500000,0.0000,0.00,0,-1,split_xfeat,0,0,-1,,,
590,3430.00,30.94530000,120.14500000,30.94530000,120.14500000,30.94530000,120.14500000,0.0000,0.00,0,-1,split_xfeat,0,0,-1,,,
591,3436.00,30.94530000,120.14500000,30.94530000,120.14500000,30.94530000,120.14500000,0.0000,0.00,0,-1,split_xfeat,0,0,-1,,,
592,3442.00,30.94530000,120.14500000,30.94530000,120.14500000,30.94530000,120.14500000,0.0000,0.00,0,-1,split_xfeat,0,0,-1,,,
593,3448.00,30.94530000,120.14500000,30.94530000,120.14500000,30.94530000,120.14500000,0.0000,0.00,0,-1,split_xfeat,0,0,-1,,,
594,3454.00,30.94530000,120.14500000,30.94530000,120.14500000,30.94530000,120.14500000,0.0000,0.00,0,-1,split_xfeat,0,0,-1,,,
595,3460.00,30.94530000,120.14500000,30.94530000,120.14500000,30.94530000,120.14500000,0.0000,0.00,0,-1,split_xfeat,0,0,-1,,,
596,3466.00,30.94530000,120.14500000,30.94530000,120.14500000,30.94530000,120.14500000,0.0000,0.00,0,-1,split_xfeat,0,0,-1,,,
597,3472.00,30.94530000,120.14500000,30.94530000,120.14500000,30.94530000,120.14500000,0.0000,0.00,0,-1,split_xfeat,0,0,-1,,,
598,3478.00,30.94530000,120.14500000,30.94530000,120.14500000,30.94530000,120.14500000,0.0000,0.00,0,-1,split_xfeat,0,0,-1,,,
599,3484.00,30.94530000,120.14500000,30.94530000,120.14500000,30.94530000,120.14500000,0.0000,0.00,0,-1,split_xfeat,0,0,-1,,,
600,3490.00,30.94530000,120.14500000,30.94530000,120.14500000,30.94530000,120.14500000,0.0000,0.00,0,-1,split_xfeat,0,0,-1,,,
601,3496.00,30.94530000,120.14500000,30.94530000,120.14500000,30.94530000,120.14500000,0.0000,0.00,0,-1,split_xfeat,0,0,-1,,,
602,3502.00,30.94530000,120.14500000,30.94530000,120.14500000,30.94530000,120.14500000,0.0000,0.00,0,-1,split_xfeat,0,0,-1,,,
603,3508.00,30.94530000,120.14500000,30.94530000,120.14500000,30.94530000,120.14500000,0.0000,0.00,0,-1,split_xfeat,0,0,-1,,,
604,3514.00,30.94530000,120.14500000,30.94530000,120.14500000,30.94530000,120.14500000,0.0000,0.00,0,-1,split_xfeat,0,0,-1,,,
605,3520.00,30.94530000,120.14500000,30.94530000,120.14500000,30.94530000,120.14500000,0.0000,0.00,0,-1,split_xfeat,0,0,-1,,,
606,3527.00,30.94530000,120.14500000,30.94530000,120.14500000,30.94530000,120.14500000,0.0000,0.00,0,-1,split_xfeat,0,0,-1,,,
607,3533.00,30.94530000,120.14500000,30.94530000,120.14500000,30.94530000,120.14500000,0.0000,0.00,0,-1,split_xfeat,0,0,-1,,,
608,3539.00,30.94530000,120.14500000,30.94530000,120.14500000,30.94530000,120.14500000,0.0000,0.00,0,-1,split_xfeat,0,0,-1,,,
609,3545.00,30.94530000,120.14500000,30.94530000,120.14500000,30.94530000,120.14500000,0.0000,0.00,0,-1,split_xfeat,0,0,-1,,,
610,3551.00,30.94530000,120.14500000,30.94530000,120.14500000,30.94530000,120.14500000,0.0000,0.00,0,-1,split_xfeat,0,0,-1,,,
611,3557.00,30.94530000,120.14500000,30.94530000,120.14500000,30.94530000,120.14500000,0.0000,0.00,0,-1,split_xfeat,0,0,-1,,,
612,3563.00,30.94530000,120.14500000,30.94530000,120.14500000,30.94530000,120.14500000,0.0000,0.00,0,-1,split_xfeat,0,0,-1,,,
613,3569.00,30.94530000,120.14500000,30.94530000,120.14500000,30.94530000,120.14500000,0.0000,0.00,0,-1,split_xfeat,0,0,-1,,,
614,3575.00,30.94530000,120.14500000,30.94530000,120.14500000,30.94530000,120.14500000,0.0000,0.00,0,-1,split_xfeat,0,0,-1,,,
615,3581.00,30.94530000,120.14500000,30.94530000,120.14500000,30.94530000,120.14500000,0.0000,0.00,0,-1,split_xfeat,0,0,-1,,,
616,3587.00,30.94530000,120.14500000,30.94530000,120.14500000,30.94530000,120.14500000,0.0000,0.00,0,-1,split_xfeat,0,0,-1,,,
617,3593.00,30.94530000,120.14500000,30.94530000,120.14500000,30.94530000,120.14500000,0.0000,0.00,0,-1,split_xfeat,0,0,-1,,,
618,3599.00,30.94530000,120.14500000,30.94530000,120.14500000,30.94530000,120.14500000,0.0000,0.00,0,-1,split_xfeat,0,0,-1,,,
619,3605.00,30.94530000,120.14500000,30.94530000,120.14500000,30.94530000,120.14500000,0.0000,0.00,0,-1,split_xfeat,0,0,-1,,,
620,3610.00,30.94530000,120.14500000,30.94530000,120.14500000,30.94530000,120.14500000,0.0000,0.00,0,-1,split_xfeat,0,0,-1,,,
621,3616.00,30.94530000,120.14500000,30.94530000,120.14500000,30.94530000,120.14500000,0.0000,0.00,0,-1,split_xfeat,0,0,-1,,,
622,3622.00,30.94530000,120.14500000,30.94530000,120.14500000,30.94530000,120.14500000,0.0000,0.00,0,-1,split_xfeat,0,0,-1,,,
623,3628.00,30.94530000,120.14500000,30.94530000,120.14500000,30.94530000,120.14500000,0.0000,0.00,0,-1,split_xfeat,0,0,-1,,,
624,3634.00,30.94530000,120.14500000,30.94530000,120.14500000,30.94530000,120.14500000,0.0000,0.00,0,-1,split_xfeat,0,0,-1,,,
625,3640.00,30.94530000,120.14500000,30.94530000,120.14500000,30.94530000,120.14500000,0.0000,0.00,0,-1,split_xfeat,0,0,-1,,,
626,3646.00,30.94530000,120.14500000,30.94530000,120.14500000,30.94530000,120.14500000,0.0000,0.00,0,-1,split_xfeat,0,0,-1,,,
627,3652.00,30.94530000,120.14500000,30.94530000,120.14500000,30.94530000,120.14500000,0.0000,0.00,0,-1,split_xfeat,0,0,-1,,,
628,3657.00,30.94530000,120.14500000,30.94530000,120.14500000,30.94530000,120.14500000,0.0000,0.00,0,-1,split_xfeat,0,0,-1,,,
629,3663.00,30.94530000,120.14500000,30.94530000,120.14500000,30.94530000,120.14500000,0.0000,0.00,0,-1,split_xfeat,0,0,-1,,,
630,3669.00,30.94530000,120.14500000,30.94530000,120.14500000,30.94530000,120.14500000,0.0000,0.00,0,-1,split_xfeat,0,0,-1,,,
631,3675.00,30.94530000,120.14500000,30.94530000,120.14500000,30.94530000,120.14500000,0.0000,0.00,0,-1,split_xfeat,0,0,-1,,,
632,3681.00,30.94530000,120.14500000,30.94530000,120.14500000,30.94530000,120.14500000,0.0000,0.00,0,-1,split_xfeat,0,0,-1,,,
633,3687.00,30.94530000,120.14500000,30.94530000,120.14500000,30.94530000,120.14500000,0.0000,0.00,0,-1,split_xfeat,0,0,-1,,,
634,3692.00,30.94530000,120.14500000,30.94530000,120.14500000,30.94530000,120.14500000,0.0000,0.00,0,-1,split_xfeat,0,0,-1,,,
635,3699.00,30.94530000,120.14500000,30.94530000,120.14500000,30.94530000,120.14500000,0.0000,0.00,0,-1,split_xfeat,0,0,-1,,,
636,3705.00,30.94530000,120.14500000,30.94530000,120.14500000,30.94530000,120.14500000,0.0000,0.00,0,-1,split_xfeat,0,0,-1,,,
637,3711.00,30.94530000,120.14500000,30.94530000,120.14500000,30.94530000,120.14500000,0.0000,0.00,0,-1,split_xfeat,0,0,-1,,,
638,3717.00,30.94530000,120.14500000,30.94530000,120.14500000,30.94530000,120.14500000,0.0000,0.00,0,-1,split_xfeat,0,0,-1,,,
639,3723.00,30.94530000,120.14500000,30.94530000,120.14500000,30.94530000,120.14500000,0.0000,0.00,0,-1,split_xfeat,0,0,-1,,,
640,3729.00,30.94530000,120.14500000,30.94530000,120.14500000,30.94530000,120.14500000,0.0000,0.00,0,-1,split_xfeat,0,0,-1,,,
641,3735.00,30.94530000,120.14500000,30.94530000,120.14500000,30.94530000,120.14500000,0.0000,0.00,0,-1,split_xfeat,0,0,-1,,,
642,3740.00,30.94530000,120.14500000,30.94530000,120.14500000,30.94530000,120.14500000,0.0000,0.00,0,-1,split_xfeat,0,0,-1,,,
643,3746.00,30.94530000,120.14500000,30.94530000,120.14500000,30.94530000,120.14500000,0.0000,0.00,0,-1,split_xfeat,0,0,-1,,,
644,3752.00,30.94530000,120.14500000,30.94530000,120.14500000,30.94530000,120.14500000,0.0000,0.00,0,-1,split_xfeat,0,0,-1,,,
645,3758.00,30.94530000,120.14500000,30.94530000,120.14500000,30.94530000,120.14500000,0.0000,0.00,0,-1,split_xfeat,0,0,-1,,,
646,3764.00,30.94530000,120.14500000,30.94530000,120.14500000,30.94530000,120.14500000,0.0000,0.00,0,-1,split_xfeat,0,0,-1,,,
647,3770.00,30.94530000,120.14500000,30.94530000,120.14500000,30.94530000,120.14500000,0.0000,0.00,0,-1,split_xfeat,0,0,-1,,,
648,3832.00,30.94530000,120.14500000,30.94530000,120.14500000,30.94530000,120.14500000,0.0000,0.00,0,-1,split_xfeat,0,0,-1,,,
649,3836.00,30.94530000,120.14500000,30.94530000,120.14500000,30.94530000,120.14500000,0.0000,0.00,0,-1,split_xfeat,0,0,-1,,,
650,3840.00,30.94530000,120.14500000,30.94530000,120.14500000,30.94530000,120.14500000,0.0000,0.00,0,-1,split_xfeat,0,0,-1,,,
651,3844.00,30.94530000,120.14500000,30.94530000,120.14500000,30.94530000,120.14500000,0.0000,0.00,0,-1,split_xfeat,0,0,-1,,,
652,3848.00,30.94530000,120.14500000,30.94530000,120.14500000,30.94530000,120.14500000,0.0000,0.00,0,-1,split_xfeat,0,0,-1,,,
653,3852.00,30.94530000,120.14500000,30.94530000,120.14500000,30.94530000,120.14500000,0.0000,0.00,0,-1,split_xfeat,0,0,-1,,,
654,3856.00,30.94530000,120.14500000,30.94530000,120.14500000,30.94530000,120.14500000,0.0000,0.00,0,-1,split_xfeat,0,0,-1,,,
655,3860.00,30.94530000,120.14500000,30.94530000,120.14500000,30.94530000,120.14500000,0.0000,0.00,0,-1,split_xfeat,0,0,-1,,,
656,3864.00,30.94530000,120.14500000,30.94530000,120.14500000,30.94530000,120.14500000,0.0000,0.00,0,-1,split_xfeat,0,0,-1,,,
657,3868.00,30.94530000,120.14500000,30.94530000,120.14500000,30.94530000,120.14500000,0.0000,0.00,0,-1,split_xfeat,0,0,-1,,,
658,3872.00,30.94530000,120.14500000,30.94530000,120.14500000,30.94530000,120.14500000,0.0000,0.00,0,-1,split_xfeat,0,0,-1,,,
659,3876.00,30.94530000,120.14500000,30.94530000,120.14500000,30.94530000,120.14500000,0.0000,0.00,0,-1,split_xfeat,0,0,-1,,,
660,3880.00,30.94530000,120.14500000,30.94530000,120.14500000,30.94530000,120.14500000,0.0000,0.00,0,-1,split_xfeat,0,0,-1,,,
661,3884.00,30.94530000,120.14500000,30.94530000,120.14500000,30.94530000,120.14500000,0.0000,0.00,0,-1,split_xfeat,0,0,-1,,,
662,3888.00,30.94530000,120.14500000,30.94530000,120.14500000,30.94530000,120.14500000,0.0000,0.00,0,-1,split_xfeat,0,0,-1,,,
663,3892.00,30.94530000,120.14500000,30.94530000,120.14500000,30.94530000,120.14500000,0.0000,0.00,0,-1,split_xfeat,0,0,-1,,,
664,3896.00,30.94530000,120.14500000,30.94530000,120.14500000,30.94530000,120.14500000,0.0000,0.00,0,-1,split_xfeat,0,0,-1,,,
665,3900.00,30.94530000,120.14500000,30.94530000,120.14500000,30.94530000,120.14500000,0.0000,0.00,0,-1,split_xfeat,0,0,-1,,,
666,3904.00,30.94530000,120.14500000,30.94530000,120.14500000,30.94530000,120.14500000,0.0000,0.00,0,-1,split_xfeat,0,0,-1,,,
667,3907.00,30.94530000,120.14500000,30.94530000,120.14500000,30.94530000,120.14500000,0.0000,0.00,0,-1,split_xfeat,0,0,-1,,,
668,3911.00,30.94530000,120.14500000,30.94530000,120.14500000,30.94530000,120.14500000,0.0000,0.00,0,-1,split_xfeat,0,0,-1,,,
669,3915.00,30.94530000,120.14500000,30.94530000,120.14500000,30.94530000,120.14500000,0.0000,0.00,0,-1,split_xfeat,0,0,-1,,,
670,3919.00,30.94530000,120.14500000,30.94530000,120.14500000,30.94530000,120.14500000,0.0000,0.00,0,-1,split_xfeat,0,0,-1,,,
671,3923.00,30.94530000,120.14500000,30.94530000,120.14500000,30.94530000,120.14500000,0.0000,0.00,0,-1,split_xfeat,0,0,-1,,,
672,3927.00,30.94530000,120.14500000,30.94530000,120.14500000,30.94530000,120.14500000,0.0000,0.00,0,-1,split_xfeat,0,0,-1,,,
673,3931.00,30.94530000,120.14500000,30.94530000,120.14500000,30.94530000,120.14500000,0.0000,0.00,0,-1,split_xfeat,0,0,-1,,,
674,3934.00,30.94530000,120.14500000,30.94530000,120.14500000,30.94530000,120.14500000,0.0000,0.00,0,-1,split_xfeat,0,0,-1,,,
675,3938.00,30.94530000,120.14500000,30.94530000,120.14500000,30.94530000,120.14500000,0.0000,0.00,0,-1,split_xfeat,0,0,-1,,,
676,3942.00,30.94530000,120.14500000,30.94530000,120.14500000,30.94530000,120.14500000,0.0000,0.00,0,-1,split_xfeat,0,0,-1,,,
677,3946.00,30.94530000,120.14500000,30.94530000,120.14500000,30.94530000,120.14500000,0.0000,0.00,0,-1,split_xfeat,0,0,-1,,,
678,3950.00,30.94530000,120.14500000,30.94530000,120.14500000,30.94530000,120.14500000,0.0000,0.00,0,-1,split_xfeat,0,0,-1,,,
679,3954.00,30.94530000,120.14500000,30.94530000,120.14500000,30.94530000,120.14500000,0.0000,0.00,0,-1,split_xfeat,0,0,-1,,,
680,3958.00,30.94530000,120.14500000,30.94530000,120.14500000,30.94530000,120.14500000,0.0000,0.00,0,-1,split_xfeat,0,0,-1,,,
681,3962.00,30.94530000,120.14500000,30.94530000,120.14500000,30.94530000,120.14500000,0.0000,0.00,0,-1,split_xfeat,0,0,-1,,,
682,3966.00,30.94530000,120.14500000,30.94530000,120.14500000,30.94530000,120.14500000,0.0000,0.00,0,-1,split_xfeat,0,0,-1,,,
683,3970.00,30.94530000,120.14500000,30.94530000,120.14500000,30.94530000,120.14500000,0.0000,0.00,0,-1,split_xfeat,0,0,-1,,,
684,3974.00,30.94530000,120.14500000,30.94530000,120.14500000,30.94530000,120.14500000,0.0000,0.00,0,-1,split_xfeat,0,0,-1,,,
685,3978.00,30.94530000,120.14500000,30.94530000,120.14500000,30.94530000,120.14500000,0.0000,0.00,0,-1,split_xfeat,0,0,-1,,,
686,3982.00,30.94530000,120.14500000,30.94530000,120.14500000,30.94530000,120.14500000,0.0000,0.00,0,-1,split_xfeat,0,0,-1,,,
687,3986.00,30.94530000,120.14500000,30.94530000,120.14500000,30.94530000,120.14500000,0.0000,0.00,0,-1,split_xfeat,0,0,-1,,,
688,3990.00,30.94530000,120.14500000,30.94530000,120.14500000,30.94530000,120.14500000,0.0000,0.00,0,-1,split_xfeat,0,0,-1,,,
689,3994.00,30.94530000,120.14500000,30.94530000,120.14500000,30.94530000,120.14500000,0.0000,0.00,0,-1,split_xfeat,0,0,-1,,,
690,3998.00,30.94530000,120.14500000,30.94530000,120.14500000,30.94530000,120.14500000,0.0000,0.00,0,-1,split_xfeat,0,0,-1,,,
691,4001.00,30.94530000,120.14500000,30.94530000,120.14500000,30.94530000,120.14500000,0.0000,0.00,0,-1,split_xfeat,0,0,-1,,,
692,4005.00,30.94530000,120.14500000,30.94530000,120.14500000,30.94530000,120.14500000,0.0000,0.00,0,-1,split_xfeat,0,0,-1,,,
693,4009.00,30.94530000,120.14500000,30.94530000,120.14500000,30.94530000,120.14500000,0.0000,0.00,0,-1,split_xfeat,0,0,-1,,,
694,4013.00,30.94530000,120.14500000,30.94530000,120.14500000,30.94530000,120.14500000,0.0000,0.00,0,-1,split_xfeat,0,0,-1,,,
695,4017.00,30.94530000,120.14500000,30.94530000,120.14500000,30.94530000,120.14500000,0.0000,0.00,0,-1,split_xfeat,0,0,-1,,,
696,4021.00,30.94530000,120.14500000,30.94530000,120.14500000,30.94530000,120.14500000,0.0000,0.00,0,-1,split_xfeat,0,0,-1,,,
697,4025.00,30.94530000,120.14500000,30.94530000,120.14500000,30.94530000,120.14500000,0.0000,0.00,0,-1,split_xfeat,0,0,-1,,,
698,4029.00,30.94530000,120.14500000,30.94530000,120.14500000,30.94530000,120.14500000,0.0000,0.00,0,-1,split_xfeat,0,0,-1,,,
699,4033.00,30.94530000,120.14500000,30.94530000,120.14500000,30.94530000,120.14500000,0.0000,0.00,0,-1,split_xfeat,0,0,-1,,,
700,4037.00,30.94530000,120.14500000,30.94530000,120.14500000,30.94530000,120.14500000,0.0000,0.00,0,-1,split_xfeat,0,0,-1,,,
701,4041.00,30.94530000,120.14500000,30.94530000,120.14500000,30.94530000,120.14500000,0.0000,0.00,0,-1,split_xfeat,0,0,-1,,,
702,4045.00,30.94530000,120.14500000,30.94530000,120.14500000,30.94530000,120.14500000,0.0000,0.00,0,-1,split_xfeat,0,0,-1,,,
703,4048.00,30.94530000,120.14500000,30.94530000,120.14500000,30.94530000,120.14500000,0.0000,0.00,0,-1,split_xfeat,0,0,-1,,,
704,4052.00,30.94530000,120.14500000,30.94530000,120.14500000,30.94530000,120.14500000,0.0000,0.00,0,-1,split_xfeat,0,0,-1,,,
705,4056.00,30.94530000,120.14500000,30.94530000,120.14500000,30.94530000,120.14500000,0.0000,0.00,0,-1,split_xfeat,0,0,-1,,,
706,4060.00,30.94530000,120.14500000,30.94530000,120.14500000,30.94530000,120.14500000,0.0000,0.00,0,-1,split_xfeat,0,0,-1,,,
707,4064.00,30.94530000,120.14500000,30.94530000,120.14500000,30.94530000,120.14500000,0.0000,0.00,0,-1,split_xfeat,0,0,-1,,,
708,4068.00,30.94530000,120.14500000,30.94530000,120.14500000,30.94530000,120.14500000,0.0000,0.00,0,-1,split_xfeat,0,0,-1,,,
709,4072.00,30.94530000,120.14500000,30.94530000,120.14500000,30.94530000,120.14500000,0.0000,0.00,0,-1,split_xfeat,0,0,-1,,,
710,4076.00,30.94530000,120.14500000,30.94530000,120.14500000,30.94530000,120.14500000,0.0000,0.00,0,-1,split_xfeat,0,0,-1,,,
711,4080.00,30.94530000,120.14500000,30.94530000,120.14500000,30.94530000,120.14500000,0.0000,0.00,0,-1,split_xfeat,0,0,-1,,,
712,4084.00,30.94530000,120.14500000,30.94530000,120.14500000,30.94530000,120.14500000,0.0000,0.00,0,-1,split_xfeat,0,0,-1,,,
713,4088.00,30.94530000,120.14500000,30.94530000,120.14500000,30.94530000,120.14500000,0.0000,0.00,0,-1,split_xfeat,0,0,-1,,,
714,4092.00,30.94530000,120.14500000,30.94530000,120.14500000,30.94530000,120.14500000,0.0000,0.00,0,-1,split_xfeat,0,0,-1,,,
715,4096.00,30.94530000,120.14500000,30.94530000,120.14500000,30.94530000,120.14500000,0.0000,0.00,0,-1,split_xfeat,0,0,-1,,,
716,4100.00,30.94530000,120.14500000,30.94530000,120.14500000,30.94530000,120.14500000,0.0000,0.00,0,-1,split_xfeat,0,0,-1,,,
717,4104.00,30.94530000,120.14500000,30.94530000,120.14500000,30.94530000,120.14500000,0.0000,0.00,0,-1,split_xfeat,0,0,-1,,,
718,4108.00,30.94530000,120.14500000,30.94530000,120.14500000,30.94530000,120.14500000,0.0000,0.00,0,-1,split_xfeat,0,0,-1,,,
719,4112.00,30.94530000,120.14500000,30.94530000,120.14500000,30.94530000,120.14500000,0.0000,0.00,0,-1,split_xfeat,0,0,-1,,,
720,4116.00,30.94530000,120.14500000,30.94530000,120.14500000,30.94530000,120.14500000,0.0000,0.00,0,-1,split_xfeat,0,0,-1,,,
721,4120.00,30.94530000,120.14500000,30.94530000,120.14500000,30.94530000,120.14500000,0.0000,0.00,0,-1,split_xfeat,0,0,-1,,,
722,4124.00,30.94530000,120.14500000,30.94530000,120.14500000,30.94530000,120.14500000,0.0000,0.00,0,-1,split_xfeat,0,0,-1,,,
723,4127.00,30.94530000,120.14500000,30.94530000,120.14500000,30.94530000,120.14500000,0.0000,0.00,0,-1,split_xfeat,0,0,-1,,,
724,4131.00,30.94530000,120.14500000,30.94530000,120.14500000,30.94530000,120.14500000,0.0000,0.00,0,-1,split_xfeat,0,0,-1,,,
725,4135.00,30.94530000,120.14500000,30.94530000,120.14500000,30.94530000,120.14500000,0.0000,0.00,0,-1,split_xfeat,0,0,-1,,,
726,4139.00,30.94530000,120.14500000,30.94530000,120.14500000,30.94530000,120.14500000,0.0000,0.00,0,-1,split_xfeat,0,0,-1,,,
727,4143.00,30.94530000,120.14500000,30.94530000,120.14500000,30.94530000,120.14500000,0.0000,0.00,0,-1,split_xfeat,0,0,-1,,,
728,4147.00,30.94530000,120.14500000,30.94530000,120.14500000,30.94530000,120.14500000,0.0000,0.00,0,-1,split_xfeat,0,0,-1,,,
729,4151.00,30.94530000,120.14500000,30.94530000,120.14500000,30.94530000,120.14500000,0.0000,0.00,0,-1,split_xfeat,0,0,-1,,,
730,4155.00,30.94530000,120.14500000,30.94530000,120.14500000,30.94530000,120.14500000,0.0000,0.00,0,-1,split_xfeat,0,0,-1,,,
731,4159.00,30.94530000,120.14500000,30.94530000,120.14500000,30.94530000,120.14500000,0.0000,0.00,0,-1,split_xfeat,0,0,-1,,,
732,4163.00,30.94530000,120.14500000,30.94530000,120.14500000,30.94530000,120.14500000,0.0000,0.00,0,-1,split_xfeat,0,0,-1,,,
733,4167.00,30.94530000,120.14500000,30.94530000,120.14500000,30.94530000,120.14500000,0.0000,0.00,0,-1,split_xfeat,0,0,-1,,,
734,4171.00,30.94530000,120.14500000,30.94530000,120.14500000,30.94530000,120.14500000,0.0000,0.00,0,-1,split_xfeat,0,0,-1,,,
735,4175.00,30.94530000,120.14500000,30.94530000,120.14500000,30.94530000,120.14500000,0.0000,0.00,0,-1,split_xfeat,0,0,-1,,,
736,4179.00,30.94530000,120.14500000,30.94530000,120.14500000,30.94530000,120.14500000,0.0000,0.00,0,-1,split_xfeat,0,0,-1,,,
737,4183.00,30.94530000,120.14500000,30.94530000,120.14500000,30.94530000,120.14500000,0.0000,0.00,0,-1,split_xfeat,0,0,-1,,,
738,4187.00,30.94530000,120.14500000,30.94530000,120.14500000,30.94530000,120.14500000,0.0000,0.00,0,-1,split_xfeat,0,0,-1,,,
739,4191.00,30.94530000,120.14500000,30.94530000,120.14500000,30.94530000,120.14500000,0.0000,0.00,0,-1,split_xfeat,0,0,-1,,,
740,4195.00,30.94530000,120.14500000,30.94530000,120.14500000,30.94530000,120.14500000,0.0000,0.00,0,-1,split_xfeat,0,0,-1,,,
741,4199.00,30.94530000,120.14500000,30.94530000,120.14500000,30.94530000,120.14500000,0.0000,0.00,0,-1,split_xfeat,0,0,-1,,,
742,4203.00,30.94530000,120.14500000,30.94530000,120.14500000,30.94530000,120.14500000,0.0000,0.00,0,-1,split_xfeat,0,0,-1,,,
743,4206.00,30.94530000,120.14500000,30.94530000,120.14500000,30.94530000,120.14500000,0.0000,0.00,0,-1,split_xfeat,0,0,-1,,,
744,4210.00,30.94530000,120.14500000,30.94530000,120.14500000,30.94530000,120.14500000,0.0000,0.00,0,-1,split_xfeat,0,0,-1,,,
745,4214.00,30.94530000,120.14500000,30.94530000,120.14500000,30.94530000,120.14500000,0.0000,0.00,0,-1,split_xfeat,0,0,-1,,,
746,4218.00,30.94530000,120.14500000,30.94530000,120.14500000,30.94530000,120.14500000,0.0000,0.00,0,-1,split_xfeat,0,0,-1,,,
747,4222.00,30.94530000,120.14500000,30.94530000,120.14500000,30.94530000,120.14500000,0.0000,0.00,0,-1,split_xfeat,0,0,-1,,,
748,4226.00,30.94530000,120.14500000,30.94530000,120.14500000,30.94530000,120.14500000,0.0000,0.00,0,-1,split_xfeat,0,0,-1,,,
749,4230.00,30.94530000,120.14500000,30.94530000,120.14500000,30.94530000,120.14500000,0.0000,0.00,0,-1,split_xfeat,0,0,-1,,,
750,4234.00,30.94530000,120.14500000,30.94530000,120.14500000,30.94530000,120.14500000,0.0000,0.00,0,-1,split_xfeat,0,0,-1,,,
751,4238.00,30.94530000,120.14500000,30.94530000,120.14500000,30.94530000,120.14500000,0.0000,0.00,0,-1,split_xfeat,0,0,-1,,,
752,4301.00,30.94530000,120.14500000,30.94530000,120.14500000,30.94530000,120.14500000,0.0000,0.00,0,-1,split_xfeat,0,0,-1,,,
753,4307.00,30.94530000,120.14500000,30.94530000,120.14500000,30.94530000,120.14500000,0.0000,0.00,0,-1,split_xfeat,0,0,-1,,,
754,4313.00,30.94530000,120.14500000,30.94530000,120.14500000,30.94530000,120.14500000,0.0000,0.00,0,-1,split_xfeat,0,0,-1,,,
755,4319.00,30.94530000,120.14500000,30.94530000,120.14500000,30.94530000,120.14500000,0.0000,0.00,0,-1,split_xfeat,0,0,-1,,,
756,4325.00,30.94530000,120.14500000,30.94530000,120.14500000,30.94530000,120.14500000,0.0000,0.00,0,-1,split_xfeat,0,0,-1,,,
757,4331.00,30.94530000,120.14500000,30.94530000,120.14500000,30.94530000,120.14500000,0.0000,0.00,0,-1,split_xfeat,0,0,-1,,,
758,4337.00,30.94530000,120.14500000,30.94530000,120.14500000,30.94530000,120.14500000,0.0000,0.00,0,-1,split_xfeat,0,0,-1,,,
759,4343.00,30.94530000,120.14500000,30.94530000,120.14500000,30.94530000,120.14500000,0.0000,0.00,0,-1,split_xfeat,0,0,-1,,,
760,4349.00,30.94530000,120.14500000,30.94530000,120.14500000,30.94530000,120.14500000,0.0000,0.00,0,-1,split_xfeat,0,0,-1,,,
761,4355.00,30.94530000,120.14500000,30.94530000,120.14500000,30.94530000,120.14500000,0.0000,0.00,0,-1,split_xfeat,0,0,-1,,,
762,4361.00,30.94530000,120.14500000,30.94530000,120.14500000,30.94530000,120.14500000,0.0000,0.00,0,-1,split_xfeat,0,0,-1,,,
763,4366.00,30.94530000,120.14500000,30.94530000,120.14500000,30.94530000,120.14500000,0.0000,0.00,0,-1,split_xfeat,0,0,-1,,,
764,4372.00,30.94530000,120.14500000,30.94530000,120.14500000,30.94530000,120.14500000,0.0000,0.00,0,-1,split_xfeat,0,0,-1,,,
765,4378.00,30.94530000,120.14500000,30.94530000,120.14500000,30.94530000,120.14500000,0.0000,0.00,0,-1,split_xfeat,0,0,-1,,,
766,4384.00,30.94530000,120.14500000,30.94530000,120.14500000,30.94530000,120.14500000,0.0000,0.00,0,-1,split_xfeat,0,0,-1,,,
767,4390.00,30.94530000,120.14500000,30.94530000,120.14500000,30.94530000,120.14500000,0.0000,0.00,0,-1,split_xfeat,0,0,-1,,,
768,4396.00,30.94530000,120.14500000,30.94530000,120.14500000,30.94530000,120.14500000,0.0000,0.00,0,-1,split_xfeat,0,0,-1,,,
769,4401.00,30.94530000,120.14500000,30.94530000,120.14500000,30.94530000,120.14500000,0.0000,0.00,0,-1,split_xfeat,0,0,-1,,,
770,4407.00,30.94530000,120.14500000,30.94530000,120.14500000,30.94530000,120.14500000,0.0000,0.00,0,-1,split_xfeat,0,0,-1,,,
771,4413.00,30.94530000,120.14500000,30.94530000,120.14500000,30.94530000,120.14500000,0.0000,0.00,0,-1,split_xfeat,0,0,-1,,,
772,4419.00,30.94530000,120.14500000,30.94530000,120.14500000,30.94530000,120.14500000,0.0000,0.00,0,-1,split_xfeat,0,0,-1,,,
773,4425.00,30.94530000,120.14500000,30.94530000,120.14500000,30.94530000,120.14500000,0.0000,0.00,0,-1,split_xfeat,0,0,-1,,,
774,4430.00,30.94530000,120.14500000,30.94530000,120.14500000,30.94530000,120.14500000,0.0000,0.00,0,-1,split_xfeat,0,0,-1,,,
775,4436.00,30.94530000,120.14500000,30.94530000,120.14500000,30.94530000,120.14500000,0.0000,0.00,0,-1,split_xfeat,0,0,-1,,,
776,4442.00,30.94530000,120.14500000,30.94530000,120.14500000,30.94530000,120.14500000,0.0000,0.00,0,-1,split_xfeat,0,0,-1,,,
777,4448.00,30.94530000,120.14500000,30.94530000,120.14500000,30.94530000,120.14500000,0.0000,0.00,0,-1,split_xfeat,0,0,-1,,,
778,4454.00,30.94530000,120.14500000,30.94530000,120.14500000,30.94530000,120.14500000,0.0000,0.00,0,-1,split_xfeat,0,0,-1,,,
779,4460.00,30.94530000,120.14500000,30.94530000,120.14500000,30.94530000,120.14500000,0.0000,0.00,0,-1,split_xfeat,0,0,-1,,,
780,4466.00,30.94530000,120.14500000,30.94530000,120.14500000,30.94530000,120.14500000,0.0000,0.00,0,-1,split_xfeat,0,0,-1,,,
781,4472.00,30.94530000,120.14500000,30.94530000,120.14500000,30.94530000,120.14500000,0.0000,0.00,0,-1,split_xfeat,0,0,-1,,,
782,4478.00,30.94530000,120.14500000,30.94530000,120.14500000,30.94530000,120.14500000,0.0000,0.00,0,-1,split_xfeat,0,0,-1,,,
783,4484.00,30.94530000,120.14500000,30.94530000,120.14500000,30.94530000,120.14500000,0.0000,0.00,0,-1,split_xfeat,0,0,-1,,,
784,4490.00,30.94530000,120.14500000,30.94530000,120.14500000,30.94530000,120.14500000,0.0000,0.00,0,-1,split_xfeat,0,0,-1,,,
785,4496.00,30.94530000,120.14500000,30.94530000,120.14500000,30.94530000,120.14500000,0.0000,0.00,0,-1,split_xfeat,0,0,-1,,,
786,4502.00,30.94530000,120.14500000,30.94530000,120.14500000,30.94530000,120.14500000,0.0000,0.00,0,-1,split_xfeat,0,0,-1,,,
787,4508.00,30.94530000,120.14500000,30.94530000,120.14500000,30.94530000,120.14500000,0.0000,0.00,0,-1,split_xfeat,0,0,-1,,,
788,4513.00,30.94530000,120.14500000,30.94530000,120.14500000,30.94530000,120.14500000,0.0000,0.00,0,-1,split_xfeat,0,0,-1,,,
789,4519.00,30.94530000,120.14500000,30.94530000,120.14500000,30.94530000,120.14500000,0.0000,0.00,0,-1,split_xfeat,0,0,-1,,,
790,4525.00,30.94530000,120.14500000,30.94530000,120.14500000,30.94530000,120.14500000,0.0000,0.00,0,-1,split_xfeat,0,0,-1,,,
791,4531.00,30.94530000,120.14500000,30.94530000,120.14500000,30.94530000,120.14500000,0.0000,0.00,0,-1,split_xfeat,0,0,-1,,,
792,4537.00,30.94530000,120.14500000,30.94530000,120.14500000,30.94530000,120.14500000,0.0000,0.00,0,-1,split_xfeat,0,0,-1,,,
793,4543.00,30.94530000,120.14500000,30.94530000,120.14500000,30.94530000,120.14500000,0.0000,0.00,0,-1,split_xfeat,0,0,-1,,,
794,4549.00,30.94530000,120.14500000,30.94530000,120.14500000,30.94530000,120.14500000,0.0000,0.00,0,-1,split_xfeat,0,0,-1,,,
795,4555.00,30.94530000,120.14500000,30.94530000,120.14500000,30.94530000,120.14500000,0.0000,0.00,0,-1,split_xfeat,0,0,-1,,,
796,4561.00,30.94530000,120.14500000,30.94530000,120.14500000,30.94530000,120.14500000,0.0000,0.00,0,-1,split_xfeat,0,0,-1,,,
797,4566.00,30.94530000,120.14500000,30.94530000,120.14500000,30.94530000,120.14500000,0.0000,0.00,0,-1,split_xfeat,0,0,-1,,,
798,4572.00,30.94530000,120.14500000,30.94530000,120.14500000,30.94530000,120.14500000,0.0000,0.00,0,-1,split_xfeat,0,0,-1,,,
799,4578.00,30.94530000,120.14500000,30.94530000,120.14500000,30.94530000,120.14500000,0.0000,0.00,0,-1,split_xfeat,0,0,-1,,,
800,4584.00,30.94530000,120.14500000,30.94530000,120.14500000,30.94530000,120.14500000,0.0000,0.00,0,-1,split_xfeat,0,0,-1,,,
801,4590.00,30.94530000,120.14500000,30.94530000,120.14500000,30.94530000,120.14500000,0.0000,0.00,0,-1,split_xfeat,0,0,-1,,,
802,4595.00,30.94530000,120.14500000,30.94530000,120.14500000,30.94530000,120.14500000,0.0000,0.00,0,-1,split_xfeat,0,0,-1,,,
803,4601.00,30.94530000,120.14500000,30.94530000,120.14500000,30.94530000,120.14500000,0.0000,0.00,0,-1,split_xfeat,0,0,-1,,,
804,4607.00,30.94530000,120.14500000,30.94530000,120.14500000,30.94530000,120.14500000,0.0000,0.00,0,-1,split_xfeat,0,0,-1,,,
805,4613.00,30.94530000,120.14500000,30.94530000,120.14500000,30.94530000,120.14500000,0.0000,0.00,0,-1,split_xfeat,0,0,-1,,,
806,4618.00,30.94530000,120.14500000,30.94530000,120.14500000,30.94530000,120.14500000,0.0000,0.00,0,-1,split_xfeat,0,0,-1,,,
807,4624.00,30.94530000,120.14500000,30.94530000,120.14500000,30.94530000,120.14500000,0.0000,0.00,0,-1,split_xfeat,0,0,-1,,,
808,4630.00,30.94530000,120.14500000,30.94530000,120.14500000,30.94530000,120.14500000,0.0000,0.00,0,-1,split_xfeat,0,0,-1,,,
809,4635.00,30.94530000,120.14500000,30.94530000,120.14500000,30.94530000,120.14500000,0.0000,0.00,0,-1,split_xfeat,0,0,-1,,,
810,4641.00,30.94530000,120.14500000,30.94530000,120.14500000,30.94530000,120.14500000,0.0000,0.00,0,-1,split_xfeat,0,0,-1,,,
811,4647.00,30.94530000,120.14500000,30.94530000,120.14500000,30.94530000,120.14500000,0.0000,0.00,0,-1,split_xfeat,0,0,-1,,,
812,4653.00,30.94530000,120.14500000,30.94530000,120.14500000,30.94530000,120.14500000,0.0000,0.00,0,-1,split_xfeat,0,0,-1,,,
813,4659.00,30.94530000,120.14500000,30.94530000,120.14500000,30.94530000,120.14500000,0.0000,0.00,0,-1,split_xfeat,0,0,-1,,,
814,4665.00,30.94530000,120.14500000,30.94530000,120.14500000,30.94530000,120.14500000,0.0000,0.00,0,-1,split_xfeat,0,0,-1,,,
815,4670.00,30.94530000,120.14500000,30.94530000,120.14500000,30.94530000,120.14500000,0.0000,0.00,0,-1,split_xfeat,0,0,-1,,,
816,4676.00,30.94530000,120.14500000,30.94530000,120.14500000,30.94530000,120.14500000,0.0000,0.00,0,-1,split_xfeat,0,0,-1,,,
817,4682.00,30.94530000,120.14500000,30.94530000,120.14500000,30.94530000,120.14500000,0.0000,0.00,0,-1,split_xfeat,0,0,-1,,,
818,4688.00,30.94530000,120.14500000,30.94530000,120.14500000,30.94530000,120.14500000,0.0000,0.00,0,-1,split_xfeat,0,0,-1,,,
819,4694.00,30.94530000,120.14500000,30.94530000,120.14500000,30.94530000,120.14500000,0.0000,0.00,0,-1,split_xfeat,0,0,-1,,,
820,4701.00,30.94530000,120.14500000,30.94530000,120.14500000,30.94530000,120.14500000,0.0000,0.00,0,-1,split_xfeat,0,0,-1,,,
821,4707.00,30.94530000,120.14500000,30.94530000,120.14500000,30.94530000,120.14500000,0.0000,0.00,0,-1,split_xfeat,0,0,-1,,,
822,4713.00,30.94530000,120.14500000,30.94530000,120.14500000,30.94530000,120.14500000,0.0000,0.00,0,-1,split_xfeat,0,0,-1,,,
823,4719.00,30.94530000,120.14500000,30.94530000,120.14500000,30.94530000,120.14500000,0.0000,0.00,0,-1,split_xfeat,0,0,-1,,,
824,4725.00,30.94530000,120.14500000,30.94530000,120.14500000,30.94530000,120.14500000,0.0000,0.00,0,-1,split_xfeat,0,0,-1,,,
825,4731.00,30.94530000,120.14500000,30.94530000,120.14500000,30.94530000,120.14500000,0.0000,0.00,0,-1,split_xfeat,0,0,-1,,,
826,4737.00,30.94530000,120.14500000,30.94530000,120.14500000,30.94530000,120.14500000,0.0000,0.00,0,-1,split_xfeat,0,0,-1,,,
827,4743.00,30.94530000,120.14500000,30.94530000,120.14500000,30.94530000,120.14500000,0.0000,0.00,0,-1,split_xfeat,0,0,-1,,,
828,4749.00,30.94530000,120.14500000,30.94530000,120.14500000,30.94530000,120.14500000,0.0000,0.00,0,-1,split_xfeat,0,0,-1,,,
829,4756.00,30.94530000,120.14500000,30.94530000,120.14500000,30.94530000,120.14500000,0.0000,0.00,0,-1,split_xfeat,0,0,-1,,,
830,4762.00,30.94530000,120.14500000,30.94530000,120.14500000,30.94530000,120.14500000,0.0000,0.00,0,-1,split_xfeat,0,0,-1,,,
831,4768.00,30.94530000,120.14500000,30.94530000,120.14500000,30.94530000,120.14500000,0.0000,0.00,0,-1,split_xfeat,0,0,-1,,,
832,4774.00,30.94530000,120.14500000,30.94530000,120.14500000,30.94530000,120.14500000,0.0000,0.00,0,-1,split_xfeat,0,0,-1,,,
833,4780.00,30.94530000,120.14500000,30.94530000,120.14500000,30.94530000,120.14500000,0.0000,0.00,0,-1,split_xfeat,0,0,-1,,,
834,4786.00,30.94530000,120.14500000,30.94530000,120.14500000,30.94530000,120.14500000,0.0000,0.00,0,-1,split_xfeat,0,0,-1,,,
835,4792.00,30.94530000,120.14500000,30.94530000,120.14500000,30.94530000,120.14500000,0.0000,0.00,0,-1,split_xfeat,0,0,-1,,,
836,4798.00,30.94530000,120.14500000,30.94530000,120.14500000,30.94530000,120.14500000,0.0000,0.00,0,-1,split_xfeat,0,0,-1,,,
837,4805.00,30.94530000,120.14500000,30.94530000,120.14500000,30.94530000,120.14500000,0.0000,0.00,0,-1,split_xfeat,0,0,-1,,,
838,4811.00,30.94530000,120.14500000,30.94530000,120.14500000,30.94530000,120.14500000,0.0000,0.00,0,-1,split_xfeat,0,0,-1,,,
839,4817.00,30.94530000,120.14500000,30.94530000,120.14500000,30.94530000,120.14500000,0.0000,0.00,0,-1,split_xfeat,0,0,-1,,,
840,4823.00,30.94530000,120.14500000,30.94530000,120.14500000,30.94530000,120.14500000,0.0000,0.00,0,-1,split_xfeat,0,0,-1,,,
841,4829.00,30.94530000,120.14500000,30.94530000,120.14500000,30.94530000,120.14500000,0.0000,0.00,0,-1,split_xfeat,0,0,-1,,,
842,4835.00,30.94530000,120.14500000,30.94530000,120.14500000,30.94530000,120.14500000,0.0000,0.00,0,-1,split_xfeat,0,0,-1,,,
843,4841.00,30.94530000,120.14500000,30.94530000,120.14500000,30.94530000,120.14500000,0.0000,0.00,0,-1,split_xfeat,0,0,-1,,,
844,4847.00,30.94530000,120.14500000,30.94530000,120.14500000,30.94530000,120.14500000,0.0000,0.00,0,-1,split_xfeat,0,0,-1,,,
845,4852.00,30.94530000,120.14500000,30.94530000,120.14500000,30.94530000,120.14500000,0.0000,0.00,0,-1,split_xfeat,0,0,-1,,,
846,4858.00,30.94530000,120.14500000,30.94530000,120.14500000,30.94530000,120.14500000,0.0000,0.00,0,-1,split_xfeat,0,0,-1,,,
847,4864.00,30.94530000,120.14500000,30.94530000,120.14500000,30.94530000,120.14500000,0.0000,0.00,0,-1,split_xfeat,0,0,-1,,,
848,4871.00,30.94530000,120.14500000,30.94530000,120.14500000,30.94530000,120.14500000,0.0000,0.00,0,-1,split_xfeat,0,0,-1,,,
849,4877.00,30.94530000,120.14500000,30.94530000,120.14500000,30.94530000,120.14500000,0.0000,0.00,0,-1,split_xfeat,0,0,-1,,,
850,4883.00,30.94530000,120.14500000,30.94530000,120.14500000,30.94530000,120.14500000,0.0000,0.00,0,-1,split_xfeat,0,0,-1,,,
851,4889.00,30.94530000,120.14500000,30.94530000,120.14500000,30.94530000,120.14500000,0.0000,0.00,0,-1,split_xfeat,0,0,-1,,,
852,4895.00,30.94530000,120.14500000,30.94530000,120.14500000,30.94530000,120.14500000,0.0000,0.00,0,-1,split_xfeat,0,0,-1,,,
853,4901.00,30.94530000,120.14500000,30.94530000,120.14500000,30.94530000,120.14500000,0.0000,0.00,0,-1,split_xfeat,0,0,-1,,,
854,4907.00,30.94530000,120.14500000,30.94530000,120.14500000,30.94530000,120.14500000,0.0000,0.00,0,-1,split_xfeat,0,0,-1,,,
855,4913.00,30.94530000,120.14500000,30.94530000,120.14500000,30.94530000,120.14500000,0.0000,0.00,0,-1,split_xfeat,0,0,-1,,,
856,4918.00,30.94530000,120.14500000,30.94530000,120.14500000,30.94530000,120.14500000,0.0000,0.00,0,-1,split_xfeat,0,0,-1,,,
857,4977.00,30.94530000,120.14500000,30.94530000,120.14500000,30.94530000,120.14500000,0.0000,0.00,0,-1,split_xfeat,0,0,-1,,,
858,4981.00,30.94530000,120.14500000,30.94530000,120.14500000,30.94530000,120.14500000,0.0000,0.00,0,-1,split_xfeat,0,0,-1,,,
859,4985.00,30.94530000,120.14500000,30.94530000,120.14500000,30.94530000,120.14500000,0.0000,0.00,0,-1,split_xfeat,0,0,-1,,,
860,4989.00,30.94530000,120.14500000,30.94530000,120.14500000,30.94530000,120.14500000,0.0000,0.00,0,-1,split_xfeat,0,0,-1,,,
861,4993.00,30.94530000,120.14500000,30.94530000,120.14500000,30.94530000,120.14500000,0.0000,0.00,0,-1,split_xfeat,0,0,-1,,,
862,4997.00,30.94530000,120.14500000,30.94530000,120.14500000,30.94530000,120.14500000,0.0000,0.00,0,-1,split_xfeat,0,0,-1,,,
863,5001.00,30.94530000,120.14500000,30.94530000,120.14500000,30.94530000,120.14500000,0.0000,0.00,0,-1,split_xfeat,0,0,-1,,,
864,5005.00,30.94530000,120.14500000,30.94530000,120.14500000,30.94530000,120.14500000,0.0000,0.00,0,-1,split_xfeat,0,0,-1,,,
865,5009.00,30.94530000,120.14500000,30.94530000,120.14500000,30.94530000,120.14500000,0.0000,0.00,0,-1,split_xfeat,0,0,-1,,,
866,5012.00,30.94530000,120.14500000,30.94530000,120.14500000,30.94530000,120.14500000,0.0000,0.00,0,-1,split_xfeat,0,0,-1,,,
867,5016.00,30.94530000,120.14500000,30.94530000,120.14500000,30.94530000,120.14500000,0.0000,0.00,0,-1,split_xfeat,0,0,-1,,,
868,5020.00,30.94530000,120.14500000,30.94530000,120.14500000,30.94530000,120.14500000,0.0000,0.00,0,-1,split_xfeat,0,0,-1,,,
869,5024.00,30.94530000,120.14500000,30.94530000,120.14500000,30.94530000,120.14500000,0.0000,0.00,0,-1,split_xfeat,0,0,-1,,,
870,5028.00,30.94530000,120.14500000,30.94530000,120.14500000,30.94530000,120.14500000,0.0000,0.00,0,-1,split_xfeat,0,0,-1,,,
871,5032.00,30.94530000,120.14500000,30.94530000,120.14500000,30.94530000,120.14500000,0.0000,0.00,0,-1,split_xfeat,0,0,-1,,,
872,5036.00,30.94530000,120.14500000,30.94530000,120.14500000,30.94530000,120.14500000,0.0000,0.00,0,-1,split_xfeat,0,0,-1,,,
873,5040.00,30.94530000,120.14500000,30.94530000,120.14500000,30.94530000,120.14500000,0.0000,0.00,0,-1,split_xfeat,0,0,-1,,,
874,5044.00,30.94530000,120.14500000,30.94530000,120.14500000,30.94530000,120.14500000,0.0000,0.00,0,-1,split_xfeat,0,0,-1,,,
875,5048.00,30.94530000,120.14500000,30.94530000,120.14500000,30.94530000,120.14500000,0.0000,0.00,0,-1,split_xfeat,0,0,-1,,,
876,5052.00,30.94530000,120.14500000,30.94530000,120.14500000,30.94530000,120.14500000,0.0000,0.00,0,-1,split_xfeat,0,0,-1,,,
877,5056.00,30.94530000,120.14500000,30.94530000,120.14500000,30.94530000,120.14500000,0.0000,0.00,0,-1,split_xfeat,0,0,-1,,,
878,5060.00,30.94530000,120.14500000,30.94530000,120.14500000,30.94530000,120.14500000,0.0000,0.00,0,-1,split_xfeat,0,0,-1,,,
879,5063.00,30.94530000,120.14500000,30.94530000,120.14500000,30.94530000,120.14500000,0.0000,0.00,0,-1,split_xfeat,0,0,-1,,,
880,5067.00,30.94530000,120.14500000,30.94530000,120.14500000,30.94530000,120.14500000,0.0000,0.00,0,-1,split_xfeat,0,0,-1,,,
881,5071.00,30.94530000,120.14500000,30.94530000,120.14500000,30.94530000,120.14500000,0.0000,0.00,0,-1,split_xfeat,0,0,-1,,,
882,5075.00,30.94530000,120.14500000,30.94530000,120.14500000,30.94530000,120.14500000,0.0000,0.00,0,-1,split_xfeat,0,0,-1,,,
883,5079.00,30.94530000,120.14500000,30.94530000,120.14500000,30.94530000,120.14500000,0.0000,0.00,0,-1,split_xfeat,0,0,-1,,,
884,5083.00,30.94530000,120.14500000,30.94530000,120.14500000,30.94530000,120.14500000,0.0000,0.00,0,-1,split_xfeat,0,0,-1,,,
885,5087.00,30.94530000,120.14500000,30.94530000,120.14500000,30.94530000,120.14500000,0.0000,0.00,0,-1,split_xfeat,0,0,-1,,,
886,5091.00,30.94530000,120.14500000,30.94530000,120.14500000,30.94530000,120.14500000,0.0000,0.00,0,-1,split_xfeat,0,0,-1,,,
887,5095.00,30.94530000,120.14500000,30.94530000,120.14500000,30.94530000,120.14500000,0.0000,0.00,0,-1,split_xfeat,0,0,-1,,,
888,5099.00,30.94530000,120.14500000,30.94530000,120.14500000,30.94530000,120.14500000,0.0000,0.00,0,-1,split_xfeat,0,0,-1,,,
889,5103.00,30.94530000,120.14500000,30.94530000,120.14500000,30.94530000,120.14500000,0.0000,0.00,0,-1,split_xfeat,0,0,-1,,,
890,5107.00,30.94530000,120.14500000,30.94530000,120.14500000,30.94530000,120.14500000,0.0000,0.00,0,-1,split_xfeat,0,0,-1,,,
891,5111.00,30.94530000,120.14500000,30.94530000,120.14500000,30.94530000,120.14500000,0.0000,0.00,0,-1,split_xfeat,0,0,-1,,,
892,5115.00,30.94530000,120.14500000,30.94530000,120.14500000,30.94530000,120.14500000,0.0000,0.00,0,-1,split_xfeat,0,0,-1,,,
893,5119.00,30.94530000,120.14500000,30.94530000,120.14500000,30.94530000,120.14500000,0.0000,0.00,0,-1,split_xfeat,0,0,-1,,,
894,5123.00,30.94530000,120.14500000,30.94530000,120.14500000,30.94530000,120.14500000,0.0000,0.00,0,-1,split_xfeat,0,0,-1,,,
895,5127.00,30.94530000,120.14500000,30.94530000,120.14500000,30.94530000,120.14500000,0.0000,0.00,0,-1,split_xfeat,0,0,-1,,,
896,5131.00,30.94530000,120.14500000,30.94530000,120.14500000,30.94530000,120.14500000,0.0000,0.00,0,-1,split_xfeat,0,0,-1,,,
897,5135.00,30.94530000,120.14500000,30.94530000,120.14500000,30.94530000,120.14500000,0.0000,0.00,0,-1,split_xfeat,0,0,-1,,,
898,5139.00,30.94530000,120.14500000,30.94530000,120.14500000,30.94530000,120.14500000,0.0000,0.00,0,-1,split_xfeat,0,0,-1,,,
899,5143.00,30.94530000,120.14500000,30.94530000,120.14500000,30.94530000,120.14500000,0.0000,0.00,0,-1,split_xfeat,0,0,-1,,,
900,5147.00,30.94530000,120.14500000,30.94530000,120.14500000,30.94530000,120.14500000,0.0000,0.00,0,-1,split_xfeat,0,0,-1,,,
901,5151.00,30.94530000,120.14500000,30.94530000,120.14500000,30.94530000,120.14500000,0.0000,0.00,0,-1,split_xfeat,0,0,-1,,,
902,5155.00,30.94530000,120.14500000,30.94530000,120.14500000,30.94530000,120.14500000,0.0000,0.00,0,-1,split_xfeat,0,0,-1,,,
903,5159.00,30.94530000,120.14500000,30.94530000,120.14500000,30.94530000,120.14500000,0.0000,0.00,0,-1,split_xfeat,0,0,-1,,,
904,5163.00,30.94530000,120.14500000,30.94530000,120.14500000,30.94530000,120.14500000,0.0000,0.00,0,-1,split_xfeat,0,0,-1,,,
905,5167.00,30.94530000,120.14500000,30.94530000,120.14500000,30.94530000,120.14500000,0.0000,0.00,0,-1,split_xfeat,0,0,-1,,,
906,5171.00,30.94530000,120.14500000,30.94530000,120.14500000,30.94530000,120.14500000,0.0000,0.00,0,-1,split_xfeat,0,0,-1,,,
907,5175.00,30.94530000,120.14500000,30.94530000,120.14500000,30.94530000,120.14500000,0.0000,0.00,0,-1,split_xfeat,0,0,-1,,,
908,5179.00,30.94530000,120.14500000,30.94530000,120.14500000,30.94530000,120.14500000,0.0000,0.00,0,-1,split_xfeat,0,0,-1,,,
909,5183.00,30.94530000,120.14500000,30.94530000,120.14500000,30.94530000,120.14500000,0.0000,0.00,0,-1,split_xfeat,0,0,-1,,,
910,5187.00,30.94530000,120.14500000,30.94530000,120.14500000,30.94530000,120.14500000,0.0000,0.00,0,-1,split_xfeat,0,0,-1,,,
911,5191.00,30.94530000,120.14500000,30.94530000,120.14500000,30.94530000,120.14500000,0.0000,0.00,0,-1,split_xfeat,0,0,-1,,,
912,5195.00,30.94530000,120.14500000,30.94530000,120.14500000,30.94530000,120.14500000,0.0000,0.00,0,-1,split_xfeat,0,0,-1,,,
913,5199.00,30.94530000,120.14500000,30.94530000,120.14500000,30.94530000,120.14500000,0.0000,0.00,0,-1,split_xfeat,0,0,-1,,,
914,5203.00,30.94530000,120.14500000,30.94530000,120.14500000,30.94530000,120.14500000,0.0000,0.00,0,-1,split_xfeat,0,0,-1,,,
915,5207.00,30.94530000,120.14500000,30.94530000,120.14500000,30.94530000,120.14500000,0.0000,0.00,0,-1,split_xfeat,0,0,-1,,,
916,5211.00,30.94530000,120.14500000,30.94530000,120.14500000,30.94530000,120.14500000,0.0000,0.00,0,-1,split_xfeat,0,0,-1,,,
917,5215.00,30.94530000,120.14500000,30.94530000,120.14500000,30.94530000,120.14500000,0.0000,0.00,0,-1,split_xfeat,0,0,-1,,,
918,5219.00,30.94530000,120.14500000,30.94530000,120.14500000,30.94530000,120.14500000,0.0000,0.00,0,-1,split_xfeat,0,0,-1,,,
919,5223.00,30.94530000,120.14500000,30.94530000,120.14500000,30.94530000,120.14500000,0.0000,0.00,0,-1,split_xfeat,0,0,-1,,,
920,5227.00,30.94530000,120.14500000,30.94530000,120.14500000,30.94530000,120.14500000,0.0000,0.00,0,-1,split_xfeat,0,0,-1,,,
921,5231.00,30.94530000,120.14500000,30.94530000,120.14500000,30.94530000,120.14500000,0.0000,0.00,0,-1,split_xfeat,0,0,-1,,,
922,5235.00,30.94530000,120.14500000,30.94530000,120.14500000,30.94530000,120.14500000,0.0000,0.00,0,-1,split_xfeat,0,0,-1,,,
923,5239.00,30.94530000,120.14500000,30.94530000,120.14500000,30.94530000,120.14500000,0.0000,0.00,0,-1,split_xfeat,0,0,-1,,,
924,5243.00,30.94530000,120.14500000,30.94530000,120.14500000,30.94530000,120.14500000,0.0000,0.00,0,-1,split_xfeat,0,0,-1,,,
925,5247.00,30.94530000,120.14500000,30.94530000,120.14500000,30.94530000,120.14500000,0.0000,0.00,0,-1,split_xfeat,0,0,-1,,,
926,5251.00,30.94530000,120.14500000,30.94530000,120.14500000,30.94530000,120.14500000,0.0000,0.00,0,-1,split_xfeat,0,0,-1,,,
927,5255.00,30.94530000,120.14500000,30.94530000,120.14500000,30.94530000,120.14500000,0.0000,0.00,0,-1,split_xfeat,0,0,-1,,,
928,5260.00,30.94530000,120.14500000,30.94530000,120.14500000,30.94530000,120.14500000,0.0000,0.00,0,-1,split_xfeat,0,0,-1,,,
929,5264.00,30.94530000,120.14500000,30.94530000,120.14500000,30.94530000,120.14500000,0.0000,0.00,0,-1,split_xfeat,0,0,-1,,,
930,5268.00,30.94530000,120.14500000,30.94530000,120.14500000,30.94530000,120.14500000,0.0000,0.00,0,-1,split_xfeat,0,0,-1,,,
931,5272.00,30.94530000,120.14500000,30.94530000,120.14500000,30.94530000,120.14500000,0.0000,0.00,0,-1,split_xfeat,0,0,-1,,,
932,5276.00,30.94530000,120.14500000,30.94530000,120.14500000,30.94530000,120.14500000,0.0000,0.00,0,-1,split_xfeat,0,0,-1,,,
933,5280.00,30.94530000,120.14500000,30.94530000,120.14500000,30.94530000,120.14500000,0.0000,0.00,0,-1,split_xfeat,0,0,-1,,,
934,5284.00,30.94530000,120.14500000,30.94530000,120.14500000,30.94530000,120.14500000,0.0000,0.00,0,-1,split_xfeat,0,0,-1,,,
935,5288.00,30.94530000,120.14500000,30.94530000,120.14500000,30.94530000,120.14500000,0.0000,0.00,0,-1,split_xfeat,0,0,-1,,,
936,5292.00,30.94530000,120.14500000,30.94530000,120.14500000,30.94530000,120.14500000,0.0000,0.00,0,-1,split_xfeat,0,0,-1,,,
937,5296.00,30.94530000,120.14500000,30.94530000,120.14500000,30.94530000,120.14500000,0.0000,0.00,0,-1,split_xfeat,0,0,-1,,,
938,5300.00,30.94530000,120.14500000,30.94530000,120.14500000,30.94530000,120.14500000,0.0000,0.00,0,-1,split_xfeat,0,0,-1,,,
939,5304.00,30.94530000,120.14500000,30.94530000,120.14500000,30.94530000,120.14500000,0.0000,0.00,0,-1,split_xfeat,0,0,-1,,,
940,5308.00,30.94530000,120.14500000,30.94530000,120.14500000,30.94530000,120.14500000,0.0000,0.00,0,-1,split_xfeat,0,0,-1,,,
941,5312.00,30.94530000,120.14500000,30.94530000,120.14500000,30.94530000,120.14500000,0.0000,0.00,0,-1,split_xfeat,0,0,-1,,,
942,5316.00,30.94530000,120.14500000,30.94530000,120.14500000,30.94530000,120.14500000,0.0000,0.00,0,-1,split_xfeat,0,0,-1,,,
943,5320.00,30.94530000,120.14500000,30.94530000,120.14500000,30.94530000,120.14500000,0.0000,0.00,0,-1,split_xfeat,0,0,-1,,,
944,5325.00,30.94530000,120.14500000,30.94530000,120.14500000,30.94530000,120.14500000,0.0000,0.00,0,-1,split_xfeat,0,0,-1,,,
945,5329.00,30.94530000,120.14500000,30.94530000,120.14500000,30.94530000,120.14500000,0.0000,0.00,0,-1,split_xfeat,0,0,-1,,,
946,5333.00,30.94530000,120.14500000,30.94530000,120.14500000,30.94530000,120.14500000,0.0000,0.00,0,-1,split_xfeat,0,0,-1,,,
947,5337.00,30.94530000,120.14500000,30.94530000,120.14500000,30.94530000,120.14500000,0.0000,0.00,0,-1,split_xfeat,0,0,-1,,,
948,5341.00,30.94530000,120.14500000,30.94530000,120.14500000,30.94530000,120.14500000,0.0000,0.00,0,-1,split_xfeat,0,0,-1,,,
949,5345.00,30.94530000,120.14500000,30.94530000,120.14500000,30.94530000,120.14500000,0.0000,0.00,0,-1,split_xfeat,0,0,-1,,,
950,5349.00,30.94530000,120.14500000,30.94530000,120.14500000,30.94530000,120.14500000,0.0000,0.00,0,-1,split_xfeat,0,0,-1,,,
951,5353.00,30.94530000,120.14500000,30.94530000,120.14500000,30.94530000,120.14500000,0.0000,0.00,0,-1,split_xfeat,0,0,-1,,,
952,5357.00,30.94530000,120.14500000,30.94530000,120.14500000,30.94530000,120.14500000,0.0000,0.00,0,-1,split_xfeat,0,0,-1,,,
953,5361.00,30.94530000,120.14500000,30.94530000,120.14500000,30.94530000,120.14500000,0.0000,0.00,0,-1,split_xfeat,0,0,-1,,,
954,5365.00,30.94530000,120.14500000,30.94530000,120.14500000,30.94530000,120.14500000,0.0000,0.00,0,-1,split_xfeat,0,0,-1,,,
955,5369.00,30.94530000,120.14500000,30.94530000,120.14500000,30.94530000,120.14500000,0.0000,0.00,0,-1,split_xfeat,0,0,-1,,,
956,5373.00,30.94530000,120.14500000,30.94530000,120.14500000,30.94530000,120.14500000,0.0000,0.00,0,-1,split_xfeat,0,0,-1,,,
957,5378.00,30.94530000,120.14500000,30.94530000,120.14500000,30.94530000,120.14500000,0.0000,0.00,0,-1,split_xfeat,0,0,-1,,,
958,5382.00,30.94530000,120.14500000,30.94530000,120.14500000,30.94530000,120.14500000,0.0000,0.00,0,-1,split_xfeat,0,0,-1,,,
959,5386.00,30.94530000,120.14500000,30.94530000,120.14500000,30.94530000,120.14500000,0.0000,0.00,0,-1,split_xfeat,0,0,-1,,,
960,5390.00,30.94530000,120.14500000,30.94530000,120.14500000,30.94530000,120.14500000,0.0000,0.00,0,-1,split_xfeat,0,0,-1,,,
961,5394.00,30.94530000,120.14500000,30.94530000,120.14500000,30.94530000,120.14500000,0.0000,0.00,0,-1,split_xfeat,0,0,-1,,,
962,5398.00,30.94530000,120.14500000,30.94530000,120.14500000,30.94530000,120.14500000,0.0000,0.00,0,-1,split_xfeat,0,0,-1,,,
963,5402.00,30.94530000,120.14500000,30.94530000,120.14500000,30.94530000,120.14500000,0.0000,0.00,0,-1,split_xfeat,0,0,-1,,,
964,5406.00,30.94530000,120.14500000,30.94530000,120.14500000,30.94530000,120.14500000,0.0000,0.00,0,-1,split_xfeat,0,0,-1,,,
965,5464.00,30.94530000,120.14500000,30.94530000,120.14500000,30.94530000,120.14500000,0.0000,0.00,0,-1,split_xfeat,0,0,-1,,,
966,5470.00,30.94530000,120.14500000,30.94530000,120.14500000,30.94530000,120.14500000,0.0000,0.00,0,-1,split_xfeat,0,0,-1,,,
967,5476.00,30.94530000,120.14500000,30.94530000,120.14500000,30.94530000,120.14500000,0.0000,0.00,0,-1,split_xfeat,0,0,-1,,,
968,5482.00,30.94530000,120.14500000,30.94530000,120.14500000,30.94530000,120.14500000,0.0000,0.00,0,-1,split_xfeat,0,0,-1,,,
969,5488.00,30.94530000,120.14500000,30.94530000,120.14500000,30.94530000,120.14500000,0.0000,0.00,0,-1,split_xfeat,0,0,-1,,,
970,5494.00,30.94530000,120.14500000,30.94530000,120.14500000,30.94530000,120.14500000,0.0000,0.00,0,-1,split_xfeat,0,0,-1,,,
971,5500.00,30.94530000,120.14500000,30.94530000,120.14500000,30.94530000,120.14500000,0.0000,0.00,0,-1,split_xfeat,0,0,-1,,,
972,5506.00,30.94530000,120.14500000,30.94530000,120.14500000,30.94530000,120.14500000,0.0000,0.00,0,-1,split_xfeat,0,0,-1,,,
973,5512.00,30.94530000,120.14500000,30.94530000,120.14500000,30.94530000,120.14500000,0.0000,0.00,0,-1,split_xfeat,0,0,-1,,,
974,5518.00,30.94530000,120.14500000,30.94530000,120.14500000,30.94530000,120.14500000,0.0000,0.00,0,-1,split_xfeat,0,0,-1,,,
975,5523.00,30.94530000,120.14500000,30.94530000,120.14500000,30.94530000,120.14500000,0.0000,0.00,0,-1,split_xfeat,0,0,-1,,,
976,5529.00,30.94530000,120.14500000,30.94530000,120.14500000,30.94530000,120.14500000,0.0000,0.00,0,-1,split_xfeat,0,0,-1,,,
977,5535.00,30.94530000,120.14500000,30.94530000,120.14500000,30.94530000,120.14500000,0.0000,0.00,0,-1,split_xfeat,0,0,-1,,,
978,5541.00,30.94530000,120.14500000,30.94530000,120.14500000,30.94530000,120.14500000,0.0000,0.00,0,-1,split_xfeat,0,0,-1,,,
979,5547.00,30.94530000,120.14500000,30.94530000,120.14500000,30.94530000,120.14500000,0.0000,0.00,0,-1,split_xfeat,0,0,-1,,,
980,5553.00,30.94530000,120.14500000,30.94530000,120.14500000,30.94530000,120.14500000,0.0000,0.00,0,-1,split_xfeat,0,0,-1,,,
981,5558.00,30.94530000,120.14500000,30.94530000,120.14500000,30.94530000,120.14500000,0.0000,0.00,0,-1,split_xfeat,0,0,-1,,,
982,5564.00,30.94530000,120.14500000,30.94530000,120.14500000,30.94530000,120.14500000,0.0000,0.00,0,-1,split_xfeat,0,0,-1,,,
983,5570.00,30.94530000,120.14500000,30.94530000,120.14500000,30.94530000,120.14500000,0.0000,0.00,0,-1,split_xfeat,0,0,-1,,,
984,5576.00,30.94530000,120.14500000,30.94530000,120.14500000,30.94530000,120.14500000,0.0000,0.00,0,-1,split_xfeat,0,0,-1,,,
985,5581.00,30.94530000,120.14500000,30.94530000,120.14500000,30.94530000,120.14500000,0.0000,0.00,0,-1,split_xfeat,0,0,-1,,,
986,5587.00,30.94530000,120.14500000,30.94530000,120.14500000,30.94530000,120.14500000,0.0000,0.00,0,-1,split_xfeat,0,0,-1,,,
987,5593.00,30.94530000,120.14500000,30.94530000,120.14500000,30.94530000,120.14500000,0.0000,0.00,0,-1,split_xfeat,0,0,-1,,,
988,5598.00,30.94530000,120.14500000,30.94530000,120.14500000,30.94530000,120.14500000,0.0000,0.00,0,-1,split_xfeat,0,0,-1,,,
989,5604.00,30.94530000,120.14500000,30.94530000,120.14500000,30.94530000,120.14500000,0.0000,0.00,0,-1,split_xfeat,0,0,-1,,,
990,5610.00,30.94530000,120.14500000,30.94530000,120.14500000,30.94530000,120.14500000,0.0000,0.00,0,-1,split_xfeat,0,0,-1,,,
991,5616.00,30.94530000,120.14500000,30.94530000,120.14500000,30.94530000,120.14500000,0.0000,0.00,0,-1,split_xfeat,0,0,-1,,,
992,5622.00,30.94530000,120.14500000,30.94530000,120.14500000,30.94530000,120.14500000,0.0000,0.00,0,-1,split_xfeat,0,0,-1,,,
993,5627.00,30.94530000,120.14500000,30.94530000,120.14500000,30.94530000,120.14500000,0.0000,0.00,0,-1,split_xfeat,0,0,-1,,,
994,5633.00,30.94530000,120.14500000,30.94530000,120.14500000,30.94530000,120.14500000,0.0000,0.00,0,-1,split_xfeat,0,0,-1,,,
995,5639.00,30.94530000,120.14500000,30.94530000,120.14500000,30.94530000,120.14500000,0.0000,0.00,0,-1,split_xfeat,0,0,-1,,,
996,5645.00,30.94530000,120.14500000,30.94530000,120.14500000,30.94530000,120.14500000,0.0000,0.00,0,-1,split_xfeat,0,0,-1,,,
997,5650.00,30.94530000,120.14500000,30.94530000,120.14500000,30.94530000,120.14500000,0.0000,0.00,0,-1,split_xfeat,0,0,-1,,,
998,5656.00,30.94530000,120.14500000,30.94530000,120.14500000,30.94530000,120.14500000,0.0000,0.00,0,-1,split_xfeat,0,0,-1,,,
999,5662.00,30.94530000,120.14500000,30.94530000,120.14500000,30.94530000,120.14500000,0.0000,0.00,0,-1,split_xfeat,0,0,-1,,,
1000,5668.00,30.94530000,120.14500000,30.94530000,120.14500000,30.94530000,120.14500000,0.0000,0.00,0,-1,split_xfeat,0,0,-1,,,
1001,5673.00,30.94530000,120.14500000,30.94530000,120.14500000,30.94530000,120.14500000,0.0000,0.00,0,-1,split_xfeat,0,0,-1,,,
1002,5679.00,30.94530000,120.14500000,30.94530000,120.14500000,30.94530000,120.14500000,0.0000,0.00,0,-1,split_xfeat,0,0,-1,,,
1003,5685.00,30.94530000,120.14500000,30.94530000,120.14500000,30.94530000,120.14500000,0.0000,0.00,0,-1,split_xfeat,0,0,-1,,,
1004,5691.00,30.94530000,120.14500000,30.94530000,120.14500000,30.94530000,120.14500000,0.0000,0.00,0,-1,split_xfeat,0,0,-1,,,
1005,5697.00,30.94530000,120.14500000,30.94530000,120.14500000,30.94530000,120.14500000,0.0000,0.00,0,-1,split_xfeat,0,0,-1,,,
1006,5703.00,30.94530000,120.14500000,30.94530000,120.14500000,30.94530000,120.14500000,0.0000,0.00,0,-1,split_xfeat,0,0,-1,,,
1007,5709.00,30.94530000,120.14500000,30.94530000,120.14500000,30.94530000,120.14500000,0.0000,0.00,0,-1,split_xfeat,0,0,-1,,,
1008,5715.00,30.94530000,120.14500000,30.94530000,120.14500000,30.94530000,120.14500000,0.0000,0.00,0,-1,split_xfeat,0,0,-1,,,
1009,5721.00,30.94530000,120.14500000,30.94530000,120.14500000,30.94530000,120.14500000,0.0000,0.00,0,-1,split_xfeat,0,0,-1,,,
1010,5727.00,30.94530000,120.14500000,30.94530000,120.14500000,30.94530000,120.14500000,0.0000,0.00,0,-1,split_xfeat,0,0,-1,,,
1011,5733.00,30.94530000,120.14500000,30.94530000,120.14500000,30.94530000,120.14500000,0.0000,0.00,0,-1,split_xfeat,0,0,-1,,,
1012,5738.00,30.94530000,120.14500000,30.94530000,120.14500000,30.94530000,120.14500000,0.0000,0.00,0,-1,split_xfeat,0,0,-1,,,
1013,5744.00,30.94530000,120.14500000,30.94530000,120.14500000,30.94530000,120.14500000,0.0000,0.00,0,-1,split_xfeat,0,0,-1,,,
1014,5750.00,30.94530000,120.14500000,30.94530000,120.14500000,30.94530000,120.14500000,0.0000,0.00,0,-1,split_xfeat,0,0,-1,,,
1015,5756.00,30.94530000,120.14500000,30.94530000,120.14500000,30.94530000,120.14500000,0.0000,0.00,0,-1,split_xfeat,0,0,-1,,,
1016,5762.00,30.94530000,120.14500000,30.94530000,120.14500000,30.94530000,120.14500000,0.0000,0.00,0,-1,split_xfeat,0,0,-1,,,
1017,5768.00,30.94530000,120.14500000,30.94530000,120.14500000,30.94530000,120.14500000,0.0000,0.00,0,-1,split_xfeat,0,0,-1,,,
1018,5774.00,30.94530000,120.14500000,30.94530000,120.14500000,30.94530000,120.14500000,0.0000,0.00,0,-1,split_xfeat,0,0,-1,,,
1019,5780.00,30.94530000,120.14500000,30.94530000,120.14500000,30.94530000,120.14500000,0.0000,0.00,0,-1,split_xfeat,0,0,-1,,,
1020,5786.00,30.94530000,120.14500000,30.94530000,120.14500000,30.94530000,120.14500000,0.0000,0.00,0,-1,split_xfeat,0,0,-1,,,
1021,5792.00,30.94530000,120.14500000,30.94530000,120.14500000,30.94530000,120.14500000,0.0000,0.00,0,-1,split_xfeat,0,0,-1,,,
1022,5798.00,30.94530000,120.14500000,30.94530000,120.14500000,30.94530000,120.14500000,0.0000,0.00,0,-1,split_xfeat,0,0,-1,,,
1023,5804.00,30.94530000,120.14500000,30.94530000,120.14500000,30.94530000,120.14500000,0.0000,0.00,0,-1,split_xfeat,0,0,-1,,,
1024,5810.00,30.94530000,120.14500000,30.94530000,120.14500000,30.94530000,120.14500000,0.0000,0.00,0,-1,split_xfeat,0,0,-1,,,
1025,5816.00,30.94530000,120.14500000,30.94530000,120.14500000,30.94530000,120.14500000,0.0000,0.00,0,-1,split_xfeat,0,0,-1,,,
1026,5821.00,30.94530000,120.14500000,30.94530000,120.14500000,30.94530000,120.14500000,0.0000,0.00,0,-1,split_xfeat,0,0,-1,,,
1027,5827.00,30.94530000,120.14500000,30.94530000,120.14500000,30.94530000,120.14500000,0.0000,0.00,0,-1,split_xfeat,0,0,-1,,,
1028,5833.00,30.94530000,120.14500000,30.94530000,120.14500000,30.94530000,120.14500000,0.0000,0.00,0,-1,split_xfeat,0,0,-1,,,
1029,5839.00,30.94530000,120.14500000,30.94530000,120.14500000,30.94530000,120.14500000,0.0000,0.00,0,-1,split_xfeat,0,0,-1,,,
1030,5845.00,30.94530000,120.14500000,30.94530000,120.14500000,30.94530000,120.14500000,0.0000,0.00,0,-1,split_xfeat,0,0,-1,,,
1031,5851.00,30.94530000,120.14500000,30.94530000,120.14500000,30.94530000,120.14500000,0.0000,0.00,0,-1,split_xfeat,0,0,-1,,,
1032,5857.00,30.94530000,120.14500000,30.94530000,120.14500000,30.94530000,120.14500000,0.0000,0.00,0,-1,split_xfeat,0,0,-1,,,
