Frame,Time_Sec,Raw_Lat,Raw_Lng,Predicted_Lat,Predicted_Lng,Filtered_Lat,Filtered_Lng,Match_Confidence,Innovation_M,Outlier_Rejected,Best_Match_Idx,Algorithm,Inliers,Measurement_Valid,Correct_Candidate_Rank,Top1_Min_Dist_M,Top5_Min_Dist_M,Top10_Min_Dist_M
1,2.00,30.94530000,120.14500000,30.94530000,120.14500000,30.94530000,120.14500000,0.3000,0.00,0,-1,orb,0,0,-1,,,
2,4.00,30.94530000,120.14500000,30.94530000,120.14500000,30.94530000,120.14500000,0.3000,0.00,0,-1,orb,0,0,-1,,,
3,6.00,30.94530000,120.14500000,30.94530000,120.14500000,30.94530000,120.14500000,0.3000,0.00,0,-1,orb,0,0,-1,,,
4,8.00,30.94530000,120.14500000,30.94530000,120.14500000,30.94530000,120.14500000,0.3000,0.00,0,-1,orb,0,0,-1,,,
5,10.00,30.94530000,120.14500000,30.94530000,120.14500000,30.94530000,120.14500000,0.3000,0.00,0,-1,orb,0,0,-1,,,
6,12.00,30.94530000,120.14500000,30.94530000,120.14500000,30.94530000,120.14500000,0.3000,0.00,0,-1,orb,0,0,-1,,,
7,13.00,30.94530000,120.14500000,30.94530000,120.14500000,30.94530000,120.14500000,0.3000,0.00,0,-1,orb,0,0,-1,,,
8,15.00,30.94530000,120.14500000,30.94530000,120.14500000,30.94530000,120.14500000,0.3000,0.00,0,-1,orb,0,0,-1,,,
9,17.00,30.94530000,120.14500000,30.94530000,120.14500000,30.94530000,120.14500000,0.3000,0.00,0,-1,orb,0,0,-1,,,
10,19.00,30.94530000,120.14500000,30.94530000,120.14500000,30.94530000,120.14500000,0.3000,0.00,0,-1,orb,0,0,-1,,,
11,21.00,30.94530000,120.14500000,30.94530000,120.14500000,30.94530000,120.14500000,0.3000,0.00,0,-1,orb,0,0,-1,,,
12,23.00,30.94530000,120.14500000,30.94530000,120.14500000,30.94530000,120.14500000,0.3000,0.00,0,-1,orb,0,0,-1,,,
13,25.00,30.94530000,120.14500000,30.94530000,120.14500000,30.94530000,120.14500000,0.3000,0.00,0,-1,orb,0,0,-1,,,
14,27.00,30.94530000,120.14500000,30.94530000,120.14500000,30.94530000,120.14500000,0.3000,0.00,0,-1,orb,0,0,-1,,,
15,29.00,30.94530000,120.14500000,30.94530000,120.14500000,30.94530000,120.14500000,0.3000,0.00,0,-1,orb,0,0,-1,,,
16,31.00,30.94530000,120.14500000,30.94530000,120.14500000,30.94530000,120.14500000,0.3000,0.00,0,-1,orb,0,0,-1,,,
17,33.00,30.94530000,120.14500000,30.94530000,120.14500000,30.94530000,120.14500000,0.3000,0.00,0,-1,orb,0,0,-1,,,
18,35.00,30.94530000,120.14500000,30.94530000,120.14500000,30.94530000,120.14500000,0.3000,0.00,0,-1,orb,0,0,-1,,,
19,37.00,30.94530000,120.14500000,30.94530000,120.14500000,30.94530000,120.14500000,0.3000,0.00,0,-1,orb,0,0,-1,,,
20,38.00,30.94530000,120.14500000,30.94530000,120.14500000,30.94530000,120.14500000,0.3000,0.00,0,-1,orb,0,0,-1,,,
21,40.00,30.94530000,120.14500000,30.94530000,120.14500000,30.94530000,120.14500000,0.3000,0.00,0,-1,orb,0,0,-1,,,
22,42.00,30.94530000,120.14500000,30.94530000,120.14500000,30.94530000,120.14500000,0.3000,0.00,0,-1,orb,0,0,-1,,,
23,44.00,30.94530000,120.14500000,30.94530000,120.14500000,30.94530000,120.14500000,0.3000,0.00,0,-1,orb,0,0,-1,,,
24,46.00,30.94530000,120.14500000,30.94530000,120.14500000,30.94530000,120.14500000,0.3000,0.00,0,-1,orb,0,0,-1,,,
25,48.00,30.94530000,120.14500000,30.94530000,120.14500000,30.94530000,120.14500000,0.3000,0.00,0,-1,orb,0,0,-1,,,
26,50.00,30.94530000,120.14500000,30.94530000,120.14500000,30.94530000,120.14500000,0.3000,0.00,0,-1,orb,0,0,-1,,,
27,52.00,30.94530000,120.14500000,30.94530000,120.14500000,30.94530000,120.14500000,0.3000,0.00,0,-1,orb,0,0,-1,,,
28,53.00,30.94530000,120.14500000,30.94530000,120.14500000,30.94530000,120.14500000,0.3000,0.00,0,-1,orb,0,0,-1,,,
29,55.00,30.94530000,120.14500000,30.94530000,120.14500000,30.94530000,120.14500000,0.3000,0.00,0,-1,orb,0,0,-1,,,
30,57.00,30.94530000,120.14500000,30.94530000,120.14500000,30.94530000,120.14500000,0.3000,0.00,0,-1,orb,0,0,-1,,,
31,59.00,30.94530000,120.14500000,30.94530000,120.14500000,30.94530000,120.14500000,0.3000,0.00,0,-1,orb,0,0,-1,,,
32,61.00,30.94530000,120.14500000,30.94530000,120.14500000,30.94530000,120.14500000,0.3000,0.00,0,-1,orb,0,0,-1,,,
33,63.00,30.94530000,120.14500000,30.94530000,120.14500000,30.94530000,120.14500000,0.3000,0.00,0,-1,orb,0,0,-1,,,
34,65.00,30.94530000,120.14500000,30.94530000,120.14500000,30.94530000,120.14500000,0.3000,0.00,0,-1,orb,0,0,-1,,,
35,67.00,30.94530000,120.14500000,30.94530000,120.14500000,30.94530000,120.14500000,0.3000,0.00,0,-1,orb,0,0,-1,,,
36,69.00,30.94530000,120.14500000,30.94530000,120.14500000,30.94530000,120.14500000,0.3000,0.00,0,-1,orb,0,0,-1,,,
37,71.00,30.94530000,120.14500000,30.94530000,120.14500000,30.94530000,120.14500000,0.3000,0.00,0,-1,orb,0,0,-1,,,
38,73.00,30.94530000,120.14500000,30.94530000,120.14500000,30.94530000,120.14500000,0.3000,0.00,0,-1,orb,0,0,-1,,,
39,75.00,30.94530000,120.14500000,30.94530000,120.14500000,30.94530000,120.14500000,0.3000,0.00,0,-1,orb,0,0,-1,,,
40,77.00,30.94530000,120.14500000,30.94530000,120.14500000,30.94530000,120.14500000,0.3000,0.00,0,-1,orb,0,0,-1,,,
41,79.00,30.94530000,120.14500000,30.94530000,120.14500000,30.94530000,120.14500000,0.3000,0.00,0,-1,orb,0,0,-1,,,
42,81.00,30.94530000,120.14500000,30.94530000,120.14500000,30.94530000,120.14500000,0.3000,0.00,0,-1,orb,0,0,-1,,,
43,85.00,30.94530000,120.14500000,30.94530000,120.14500000,30.94530000,120.14500000,0.3000,0.00,0,-1,orb,0,0,-1,,,
44,89.00,30.94530000,120.14500000,30.94530000,120.14500000,30.94530000,120.14500000,0.3000,0.00,0,-1,orb,0,0,-1,,,
45,93.00,30.94530000,120.14500000,30.94530000,120.14500000,30.94530000,120.14500000,0.3000,0.00,0,-1,orb,0,0,-1,,,
46,96.00,30.94530000,120.14500000,30.94530000,120.14500000,30.94530000,120.14500000,0.3000,0.00,0,-1,orb,0,0,-1,,,
47,100.00,30.94530000,120.14500000,30.94530000,120.14500000,30.94530000,120.14500000,0.3000,0.00,0,-1,orb,0,0,-1,,,
48,104.00,30.94530000,120.14500000,30.94530000,120.14500000,30.94530000,120.14500000,0.3000,0.00,0,-1,orb,0,0,-1,,,
49,108.00,30.94530000,120.14500000,30.94530000,120.14500000,30.94530000,120.14500000,0.3000,0.00,0,-1,orb,0,0,-1,,,
50,112.00,30.94530000,120.14500000,30.94530000,120.14500000,30.94530000,120.14500000,0.3000,0.00,0,-1,orb,0,0,-1,,,
51,116.00,30.94530000,120.14500000,30.94530000,120.14500000,30.94530000,120.14500000,0.3000,0.00,0,-1,orb,0,0,-1,,,
52,120.00,30.94530000,120.14500000,30.94530000,120.14500000,30.94530000,120.14500000,0.3000,0.00,0,-1,orb,0,0,-1,,,
53,124.00,30.94530000,120.14500000,30.94530000,120.14500000,30.94530000,120.14500000,0.3000,0.00,0,-1,orb,0,0,-1,,,
54,128.00,30.94530000,120.14500000,30.94530000,120.14500000,30.94530000,120.14500000,0.3000,0.00,0,-1,orb,0,0,-1,,,
55,132.00,30.94530000,120.14500000,30.94530000,120.14500000,30.94530000,120.14500000,0.3000,0.00,0,-1,orb,0,0,-1,,,
56,136.00,30.94530000,120.14500000,30.94530000,120.14500000,30.94530000,120.14500000,0.3000,0.00,0,-1,orb,0,0,-1,,,
57,140.00,30.94530000,120.14500000,30.94530000,120.14500000,30.94530000,120.14500000,0.3000,0.00,0,-1,orb,0,0,-1,,,
58,144.00,30.94530000,120.14500000,30.94530000,120.14500000,30.94530000,120.14500000,0.3000,0.00,0,-1,orb,0,0,-1,,,
59,148.00,30.94530000,120.14500000,30.94530000,120.14500000,30.94530000,120.14500000,0.3000,0.00,0,-1,orb,0,0,-1,,,
60,152.00,30.94530000,120.14500000,30.94530000,120.14500000,30.94530000,120.14500000,0.3000,0.00,0,-1,orb,0,0,-1,,,
61,156.00,30.94530000,120.14500000,30.94530000,120.14500000,30.94530000,120.14500000,0.3000,0.00,0,-1,orb,0,0,-1,,,
62,160.00,30.94530000,120.14500000,30.94530000,120.14500000,30.94530000,120.14500000,0.3000,0.00,0,-1,orb,0,0,-1,,,
63,164.00,30.94530000,120.14500000,30.94530000,120.14500000,30.94530000,120.14500000,0.3000,0.00,0,-1,orb,0,0,-1,,,
64,168.00,30.94530000,120.14500000,30.94530000,120.14500000,30.94530000,120.14500000,0.3000,0.00,0,-1,orb,0,0,-1,,,
65,172.00,30.94530000,120.14500000,30.94530000,120.14500000,30.94530000,120.14500000,0.3000,0.00,0,-1,orb,0,0,-1,,,
66,176.00,30.94530000,120.14500000,30.94530000,120.14500000,30.94530000,120.14500000,0.3000,0.00,0,-1,orb,0,0,-1,,,
67,180.00,30.94530000,120.14500000,30.94530000,120.14500000,30.94530000,120.14500000,0.3000,0.00,0,-1,orb,0,0,-1,,,
68,184.00,30.94530000,120.14500000,30.94530000,120.14500000,30.94530000,120.14500000,0.3000,0.00,0,-1,orb,0,0,-1,,,
69,188.00,30.94530000,120.14500000,30.94530000,120.14500000,30.94530000,120.14500000,0.3000,0.00,0,-1,orb,0,0,-1,,,
70,192.00,30.94530000,120.14500000,30.94530000,120.14500000,30.94530000,120.14500000,0.3000,0.00,0,-1,orb,0,0,-1,,,
71,196.00,30.94530000,120.14500000,30.94530000,120.14500000,30.94530000,120.14500000,0.3000,0.00,0,-1,orb,0,0,-1,,,
72,200.00,30.94530000,120.14500000,30.94530000,120.14500000,30.94530000,120.14500000,0.3000,0.00,0,-1,orb,0,0,-1,,,
73,204.00,30.94530000,120.14500000,30.94530000,120.14500000,30.94530000,120.14500000,0.3000,0.00,0,-1,orb,0,0,-1,,,
74,208.00,30.94530000,120.14500000,30.94530000,120.14500000,30.94530000,120.14500000,0.3000,0.00,0,-1,orb,0,0,-1,,,
75,212.00,30.94530000,120.14500000,30.94530000,120.14500000,30.94530000,120.14500000,0.3000,0.00,0,-1,orb,0,0,-1,,,
76,216.00,30.94530000,120.14500000,30.94530000,120.14500000,30.94530000,120.14500000,0.3000,0.00,0,-1,orb,0,0,-1,,,
77,220.00,30.94530000,120.14500000,30.94530000,120.14500000,30.94530000,120.14500000,0.3000,0.00,0,-1,orb,0,0,-1,,,
78,224.00,30.94530000,120.14500000,30.94530000,120.14500000,30.94530000,120.14500000,0.3000,0.00,0,-1,orb,0,0,-1,,,
79,228.00,30.94530000,120.14500000,30.94530000,120.14500000,30.94530000,120.14500000,0.3000,0.00,0,-1,orb,0,0,-1,,,
80,232.00,30.94530000,120.14500000,30.94530000,120.14500000,30.94530000,120.14500000,0.3000,0.00,0,-1,orb,0,0,-1,,,
81,236.00,30.94530000,120.14500000,30.94530000,120.14500000,30.94530000,120.14500000,0.3000,0.00,0,-1,orb,0,0,-1,,,
82,240.00,30.94530000,120.14500000,30.94530000,120.14500000,30.94530000,120.14500000,0.3000,0.00,0,-1,orb,0,0,-1,,,
83,244.00,30.94530000,120.14500000,30.94530000,120.14500000,30.94530000,120.14500000,0.3000,0.00,0,-1,orb,0,0,-1,,,
84,248.00,30.94530000,120.14500000,30.94530000,120.14500000,30.94530000,120.14500000,0.3000,0.00,0,-1,orb,0,0,-1,,,
85,252.00,30.94530000,120.14500000,30.94530000,120.14500000,30.94530000,120.14500000,0.3000,0.00,0,-1,orb,0,0,-1,,,
86,256.00,30.94530000,120.14500000,30.94530000,120.14500000,30.94530000,120.14500000,0.3000,0.00,0,-1,orb,0,0,-1,,,
87,260.00,30.94530000,120.14500000,30.94530000,120.14500000,30.94530000,120.14500000,0.3000,0.00,0,-1,orb,0,0,-1,,,
88,264.00,30.94530000,120.14500000,30.94530000,120.14500000,30.94530000,120.14500000,0.3000,0.00,0,-1,orb,0,0,-1,,,
89,268.00,30.94530000,120.14500000,30.94530000,120.14500000,30.94530000,120.14500000,0.3000,0.00,0,-1,orb,0,0,-1,,,
90,272.00,30.94530000,120.14500000,30.94530000,120.14500000,30.94530000,120.14500000,0.3000,0.00,0,-1,orb,0,0,-1,,,
91,276.00,30.94530000,120.14500000,30.94530000,120.14500000,30.94530000,120.14500000,0.3000,0.00,0,-1,orb,0,0,-1,,,
92,280.00,30.94530000,120.14500000,30.94530000,120.14500000,30.94530000,120.14500000,0.3000,0.00,0,-1,orb,0,0,-1,,,
93,284.00,30.94530000,120.14500000,30.94530000,120.14500000,30.94530000,120.14500000,0.3000,0.00,0,-1,orb,0,0,-1,,,
94,288.00,30.94530000,120.14500000,30.94530000,120.14500000,30.94530000,120.14500000,0.3000,0.00,0,-1,orb,0,0,-1,,,
95,291.00,30.94530000,120.14500000,30.94530000,120.14500000,30.94530000,120.14500000,0.3000,0.00,0,-1,orb,0,0,-1,,,
96,295.00,30.94530000,120.14500000,30.94530000,120.14500000,30.94530000,120.14500000,0.3000,0.00,0,-1,orb,0,0,-1,,,
97,299.00,30.94530000,120.14500000,30.94530000,120.14500000,30.94530000,120.14500000,0.3000,0.00,0,-1,orb,0,0,-1,,,
98,303.00,30.94530000,120.14500000,30.94530000,120.14500000,30.94530000,120.14500000,0.3000,0.00,0,-1,orb,0,0,-1,,,
99,307.00,30.94530000,120.14500000,30.94530000,120.14500000,30.94530000,120.14500000,0.3000,0.00,0,-1,orb,0,0,-1,,,
100,311.00,30.94530000,120.14500000,30.94530000,120.14500000,30.94530000,120.14500000,0.3000,0.00,0,-1,orb,0,0,-1,,,
101,315.00,30.94530000,120.14500000,30.94530000,120.14500000,30.94530000,120.14500000,0.3000,0.00,0,-1,orb,0,0,-1,,,
102,319.00,30.94530000,120.14500000,30.94530000,120.14500000,30.94530000,120.14500000,0.3000,0.00,0,-1,orb,0,0,-1,,,
103,323.00,30.94530000,120.14500000,30.94530000,120.14500000,30.94530000,120.14500000,0.3000,0.00,0,-1,orb,0,0,-1,,,
104,327.00,30.94530000,120.14500000,30.94530000,120.14500000,30.94530000,120.14500000,0.3000,0.00,0,-1,orb,0,0,-1,,,
105,331.00,30.94530000,120.14500000,30.94530000,120.14500000,30.94530000,120.14500000,0.3000,0.00,0,-1,orb,0,0,-1,,,
106,334.00,30.94530000,120.14500000,30.94530000,120.14500000,30.94530000,120.14500000,0.3000,0.00,0,-1,orb,0,0,-1,,,
107,338.00,30.94530000,120.14500000,30.94530000,120.14500000,30.94530000,120.14500000,0.3000,0.00,0,-1,orb,0,0,-1,,,
108,342.00,30.94530000,120.14500000,30.94530000,120.14500000,30.94530000,120.14500000,0.3000,0.00,0,-1,orb,0,0,-1,,,
109,346.00,30.94530000,120.14500000,30.94530000,120.14500000,30.94530000,120.14500000,0.3000,0.00,0,-1,orb,0,0,-1,,,
110,350.00,30.94530000,120.14500000,30.94530000,120.14500000,30.94530000,120.14500000,0.3000,0.00,0,-1,orb,0,0,-1,,,
111,354.00,30.94530000,120.14500000,30.94530000,120.14500000,30.94530000,120.14500000,0.3000,0.00,0,-1,orb,0,0,-1,,,
112,358.00,30.94530000,120.14500000,30.94530000,120.14500000,30.94530000,120.14500000,0.3000,0.00,0,-1,orb,0,0,-1,,,
113,362.00,30.94530000,120.14500000,30.94530000,120.14500000,30.94530000,120.14500000,0.3000,0.00,0,-1,orb,0,0,-1,,,
114,366.00,30.94530000,120.14500000,30.94530000,120.14500000,30.94530000,120.14500000,0.3000,0.00,0,-1,orb,0,0,-1,,,
115,428.00,30.90910486,120.22616906,30.94530000,120.14500000,30.94530000,120.14500000,0.4633,8735.89,1,211,orb,7,1,-1,2562.01,2562.01,2562.01
116,434.00,30.90370426,120.15083456,30.94530000,120.14500000,30.94530000,120.14500000,0.5333,4663.84,1,7,orb,10,1,4,8928.93,116.69,116.69
117,440.00,30.90377938,120.14131339,30.94530000,120.14500000,30.94530000,120.14500000,0.5567,4635.46,1,2,orb,11,1,-1,9795.68,189.63,189.63
118,447.00,30.92930765,120.21614756,30.94530000,120.14500000,30.94530000,120.14500000,0.5800,7023.57,1,822,orb,12,1,46,2094.00,106.96,106.96
119,453.00,30.93110427,120.18405666,30.94530000,120.14500000,30.94530000,120.14500000,0.4167,4050.66,1,863,orb,5,1,-1,5001.52,5001.52,5001.52
120,459.00,30.94530000,120.14500000,30.94530000,120.14500000,30.94530000,120.14500000,0.3000,0.00,0,-1,orb,0,0,-1,,,
121,465.00,30.94530000,120.14500000,30.94530000,120.14500000,30.94530000,120.14500000,0.3000,0.00,0,-1,orb,0,0,-1,,,
122,471.00,30.94530000,120.14500000,30.94530000,120.14500000,30.94530000,120.14500000,0.3000,0.00,0,-1,orb,0,0,-1,,,
123,477.00,30.94530000,120.14500000,30.94530000,120.14500000,30.94530000,120.14500000,0.3000,0.00,0,-1,orb,0,0,-1,,,
124,483.00,30.94530000,120.14500000,30.94530000,120.14500000,30.94530000,120.14500000,0.3000,0.00,0,-1,orb,0,0,-1,,,
125,489.00,30.94530000,120.14500000,30.94530000,120.14500000,30.94530000,120.14500000,0.3000,0.00,0,-1,orb,0,0,-1,,,
126,495.00,30.94530000,120.14500000,30.94530000,120.14500000,30.94530000,120.14500000,0.3000,0.00,0,-1,orb,0,0,-1,,,
127,501.00,30.94530000,120.14500000,30.94530000,120.14500000,30.94530000,120.14500000,0.3000,0.00,0,-1,orb,0,0,-1,,,
128,507.00,30.94530000,120.14500000,30.94530000,120.14500000,30.94530000,120.14500000,0.3000,0.00,0,-1,orb,0,0,-1,,,
129,513.00,30.94530000,120.14500000,30.94530000,120.14500000,30.94530000,120.14500000,0.3000,0.00,0,-1,orb,0,0,-1,,,
130,519.00,30.94530000,120.14500000,30.94530000,120.14500000,30.94530000,120.14500000,0.3000,0.00,0,-1,orb,0,0,-1,,,
131,525.00,30.94530000,120.14500000,30.94530000,120.14500000,30.94530000,120.14500000,0.3000,0.00,0,-1,orb,0,0,-1,,,
132,531.00,30.94530000,120.14500000,30.94530000,120.14500000,30.94530000,120.14500000,0.3000,0.00,0,-1,orb,0,0,-1,,,
133,537.00,30.94530000,120.14500000,30.94530000,120.14500000,30.94530000,120.14500000,0.3000,0.00,0,-1,orb,0,0,-1,,,
134,543.00,30.94530000,120.14500000,30.94530000,120.14500000,30.94530000,120.14500000,0.3000,0.00,0,-1,orb,0,0,-1,,,
135,549.00,30.94530000,120.14500000,30.94530000,120.14500000,30.94530000,120.14500000,0.3000,0.00,0,-1,orb,0,0,-1,,,
136,555.00,30.94530000,120.14500000,30.94530000,120.14500000,30.94530000,120.14500000,0.3000,0.00,0,-1,orb,0,0,-1,,,
137,561.00,30.94530000,120.14500000,30.94530000,120.14500000,30.94530000,120.14500000,0.3000,0.00,0,-1,orb,0,0,-1,,,
138,567.00,30.94530000,120.14500000,30.94530000,120.14500000,30.94530000,120.14500000,0.3000,0.00,0,-1,orb,0,0,-1,,,
139,573.00,30.94530000,120.14500000,30.94530000,120.14500000,30.94530000,120.14500000,0.3000,0.00,0,-1,orb,0,0,-1,,,
140,579.00,30.94530000,120.14500000,30.94530000,120.14500000,30.94530000,120.14500000,0.3000,0.00,0,-1,orb,0,0,-1,,,
141,585.00,30.94530000,120.14500000,30.94530000,120.14500000,30.94530000,120.14500000,0.3000,0.00,0,-1,orb,0,0,-1,,,
142,591.00,30.94530000,120.14500000,30.94530000,120.14500000,30.94530000,120.14500000,0.3000,0.00,0,-1,orb,0,0,-1,,,
143,597.00,30.94530000,120.14500000,30.94530000,120.14500000,30.94530000,120.14500000,0.3000,0.00,0,-1,orb,0,0,-1,,,
144,603.00,30.94530000,120.14500000,30.94530000,120.14500000,30.94530000,120.14500000,0.3000,0.00,0,-1,orb,0,0,-1,,,
145,609.00,30.94530000,120.14500000,30.94530000,120.14500000,30.94530000,120.14500000,0.3000,0.00,0,-1,orb,0,0,-1,,,
146,615.00,30.94530000,120.14500000,30.94530000,120.14500000,30.94530000,120.14500000,0.3000,0.00,0,-1,orb,0,0,-1,,,
147,621.00,30.94530000,120.14500000,30.94530000,120.14500000,30.94530000,120.14500000,0.3000,0.00,0,-1,orb,0,0,-1,,,
148,627.00,30.94530000,120.14500000,30.94530000,120.14500000,30.94530000,120.14500000,0.3000,0.00,0,-1,orb,0,0,-1,,,
149,633.00,30.94530000,120.14500000,30.94530000,120.14500000,30.94530000,120.14500000,0.3000,0.00,0,-1,orb,0,0,-1,,,
150,639.00,30.94530000,120.14500000,30.94530000,120.14500000,30.94530000,120.14500000,0.3000,0.00,0,-1,orb,0,0,-1,,,
151,645.00,30.94530000,120.14500000,30.94530000,120.14500000,30.94530000,120.14500000,0.3000,0.00,0,-1,orb,0,0,-1,,,
152,651.00,30.94530000,120.14500000,30.94530000,120.14500000,30.94530000,120.14500000,0.3000,0.00,0,-1,orb,0,0,-1,,,
153,657.00,30.94530000,120.14500000,30.94530000,120.14500000,30.94530000,120.14500000,0.3000,0.00,0,-1,orb,0,0,-1,,,
154,663.00,30.94530000,120.14500000,30.94530000,120.14500000,30.94530000,120.14500000,0.3000,0.00,0,-1,orb,0,0,-1,,,
155,669.00,30.94530000,120.14500000,30.94530000,120.14500000,30.94530000,120.14500000,0.3000,0.00,0,-1,orb,0,0,-1,,,
156,675.00,30.94530000,120.14500000,30.94530000,120.14500000,30.94530000,120.14500000,0.3000,0.00,0,-1,orb,0,0,-1,,,
157,681.00,30.94530000,120.14500000,30.94530000,120.14500000,30.94530000,120.14500000,0.3000,0.00,0,-1,orb,0,0,-1,,,
158,687.00,30.94530000,120.14500000,30.94530000,120.14500000,30.94530000,120.14500000,0.3000,0.00,0,-1,orb,0,0,-1,,,
159,693.00,30.94530000,120.14500000,30.94530000,120.14500000,30.94530000,120.14500000,0.3000,0.00,0,-1,orb,0,0,-1,,,
160,699.00,30.94530000,120.14500000,30.94530000,120.14500000,30.94530000,120.14500000,0.3000,0.00,0,-1,orb,0,0,-1,,,
161,705.00,30.94530000,120.14500000,30.94530000,120.14500000,30.94530000,120.14500000,0.3000,0.00,0,-1,orb,0,0,-1,,,
162,711.00,30.94530000,120.14500000,30.94530000,120.14500000,30.94530000,120.14500000,0.3000,0.00,0,-1,orb,0,0,-1,,,
163,717.00,30.94530000,120.14500000,30.94530000,120.14500000,30.94530000,120.14500000,0.3000,0.00,0,-1,orb,0,0,-1,,,
164,723.00,30.94530000,120.14500000,30.94530000,120.14500000,30.94530000,120.14500000,0.3000,0.00,0,-1,orb,0,0,-1,,,
165,729.00,30.94530000,120.14500000,30.94530000,120.14500000,30.94530000,120.14500000,0.3000,0.00,0,-1,orb,0,0,-1,,,
166,735.00,30.94530000,120.14500000,30.94530000,120.14500000,30.94530000,120.14500000,0.3000,0.00,0,-1,orb,0,0,-1,,,
167,741.00,30.94530000,120.14500000,30.94530000,120.14500000,30.94530000,120.14500000,0.3000,0.00,0,-1,orb,0,0,-1,,,
168,746.00,30.94530000,120.14500000,30.94530000,120.14500000,30.94530000,120.14500000,0.3000,0.00,0,-1,orb,0,0,-1,,,
169,752.00,30.94530000,120.14500000,30.94530000,120.14500000,30.94530000,120.14500000,0.3000,0.00,0,-1,orb,0,0,-1,,,
170,758.00,30.94530000,120.14500000,30.94530000,120.14500000,30.94530000,120.14500000,0.3000,0.00,0,-1,orb,0,0,-1,,,
171,764.00,30.94530000,120.14500000,30.94530000,120.14500000,30.94530000,120.14500000,0.3000,0.00,0,-1,orb,0,0,-1,,,
172,770.00,30.94530000,120.14500000,30.94530000,120.14500000,30.94530000,120.14500000,0.3000,0.00,0,-1,orb,0,0,-1,,,
173,776.00,30.94530000,120.14500000,30.94530000,120.14500000,30.94530000,120.14500000,0.3000,0.00,0,-1,orb,0,0,-1,,,
174,782.00,30.94530000,120.14500000,30.94530000,120.14500000,30.94530000,120.14500000,0.3000,0.00,0,-1,orb,0,0,-1,,,
175,788.00,30.94530000,120.14500000,30.94530000,120.14500000,30.94530000,120.14500000,0.3000,0.00,0,-1,orb,0,0,-1,,,
176,794.00,30.94530000,120.14500000,30.94530000,120.14500000,30.94530000,120.14500000,0.3000,0.00,0,-1,orb,0,0,-1,,,
177,800.00,30.94530000,120.14500000,30.94530000,120.14500000,30.94530000,120.14500000,0.3000,0.00,0,-1,orb,0,0,-1,,,
178,806.00,30.94530000,120.14500000,30.94530000,120.14500000,30.94530000,120.14500000,0.3000,0.00,0,-1,orb,0,0,-1,,,
179,811.00,30.94530000,120.14500000,30.94530000,120.14500000,30.94530000,120.14500000,0.3000,0.00,0,-1,orb,0,0,-1,,,
180,817.00,30.94530000,120.14500000,30.94530000,120.14500000,30.94530000,120.14500000,0.3000,0.00,0,-1,orb,0,0,-1,,,
181,823.00,30.94530000,120.14500000,30.94530000,120.14500000,30.94530000,120.14500000,0.3000,0.00,0,-1,orb,0,0,-1,,,
182,829.00,30.94530000,120.14500000,30.94530000,120.14500000,30.94530000,120.14500000,0.3000,0.00,0,-1,orb,0,0,-1,,,
183,835.00,30.94530000,120.14500000,30.94530000,120.14500000,30.94530000,120.14500000,0.3000,0.00,0,-1,orb,0,0,-1,,,
184,841.00,30.94530000,120.14500000,30.94530000,120.14500000,30.94530000,120.14500000,0.3000,0.00,0,-1,orb,0,0,-1,,,
185,847.00,30.94530000,120.14500000,30.94530000,120.14500000,30.94530000,120.14500000,0.3000,0.00,0,-1,orb,0,0,-1,,,
186,853.00,30.94530000,120.14500000,30.94530000,120.14500000,30.94530000,120.14500000,0.3000,0.00,0,-1,orb,0,0,-1,,,
187,859.00,30.94530000,120.14500000,30.94530000,120.14500000,30.94530000,120.14500000,0.3000,0.00,0,-1,orb,0,0,-1,,,
188,865.00,30.94530000,120.14500000,30.94530000,120.14500000,30.94530000,120.14500000,0.3000,0.00,0,-1,orb,0,0,-1,,,
189,871.00,30.94530000,120.14500000,30.94530000,120.14500000,30.94530000,120.14500000,0.3000,0.00,0,-1,orb,0,0,-1,,,
190,876.00,30.94530000,120.14500000,30.94530000,120.14500000,30.94530000,120.14500000,0.3000,0.00,0,-1,orb,0,0,-1,,,
191,882.00,30.94530000,120.14500000,30.94530000,120.14500000,30.94530000,120.14500000,0.3000,0.00,0,-1,orb,0,0,-1,,,
192,888.00,30.94530000,120.14500000,30.94530000,120.14500000,30.94530000,120.14500000,0.3000,0.00,0,-1,orb,0,0,-1,,,
193,894.00,30.94530000,120.14500000,30.94530000,120.14500000,30.94530000,120.14500000,0.3000,0.00,0,-1,orb,0,0,-1,,,
194,900.00,30.94530000,120.14500000,30.94530000,120.14500000,30.94530000,120.14500000,0.3000,0.00,0,-1,orb,0,0,-1,,,
195,907.00,30.94530000,120.14500000,30.94530000,120.14500000,30.94530000,120.14500000,0.3000,0.00,0,-1,orb,0,0,-1,,,
196,913.00,30.94530000,120.14500000,30.94530000,120.14500000,30.94530000,120.14500000,0.3000,0.00,0,-1,orb,0,0,-1,,,
197,919.00,30.94530000,120.14500000,30.94530000,120.14500000,30.94530000,120.14500000,0.3000,0.00,0,-1,orb,0,0,-1,,,
198,925.00,30.94530000,120.14500000,30.94530000,120.14500000,30.94530000,120.14500000,0.3000,0.00,0,-1,orb,0,0,-1,,,
199,931.00,30.94530000,120.14500000,30.94530000,120.14500000,30.94530000,120.14500000,0.3000,0.00,0,-1,orb,0,0,-1,,,
200,937.00,30.94530000,120.14500000,30.94530000,120.14500000,30.94530000,120.14500000,0.3000,0.00,0,-1,orb,0,0,-1,,,
201,944.00,30.94530000,120.14500000,30.94530000,120.14500000,30.94530000,120.14500000,0.3000,0.00,0,-1,orb,0,0,-1,,,
202,950.00,30.94530000,120.14500000,30.94530000,120.14500000,30.94530000,120.14500000,0.3000,0.00,0,-1,orb,0,0,-1,,,
203,957.00,30.94530000,120.14500000,30.94530000,120.14500000,30.94530000,120.14500000,0.3000,0.00,0,-1,orb,0,0,-1,,,
204,963.00,30.94530000,120.14500000,30.94530000,120.14500000,30.94530000,120.14500000,0.3000,0.00,0,-1,orb,0,0,-1,,,
205,969.00,30.94530000,120.14500000,30.94530000,120.14500000,30.94530000,120.14500000,0.3000,0.00,0,-1,orb,0,0,-1,,,
206,975.00,30.94530000,120.14500000,30.94530000,120.14500000,30.94530000,120.14500000,0.3000,0.00,0,-1,orb,0,0,-1,,,
207,981.00,30.94530000,120.14500000,30.94530000,120.14500000,30.94530000,120.14500000,0.3000,0.00,0,-1,orb,0,0,-1,,,
208,987.00,30.94530000,120.14500000,30.94530000,120.14500000,30.94530000,120.14500000,0.3000,0.00,0,-1,orb,0,0,-1,,,
209,993.00,30.94530000,120.14500000,30.94530000,120.14500000,30.94530000,120.14500000,0.3000,0.00,0,-1,orb,0,0,-1,,,
210,1059.00,30.90476050,120.20728228,30.94530000,120.14500000,30.94530000,120.14500000,0.4167,7465.92,1,90,orb,5,1,-1,7228.30,4789.93,4789.93
211,1063.00,30.94530000,120.14500000,30.94530000,120.14500000,30.94530000,120.14500000,0.3000,0.00,0,-1,orb,0,0,-1,,,
212,1067.00,30.94530000,120.14500000,30.94530000,120.14500000,30.94530000,120.14500000,0.3000,0.00,0,-1,orb,0,0,-1,,,
213,1071.00,30.90531847,120.19931761,30.94530000,120.14500000,30.94530000,120.14500000,0.4400,6834.79,1,86,orb,6,1,-1,6307.14,4063.41,4063.41
214,1639.00,30.94530000,120.14500000,30.94530000,120.14500000,30.94530000,120.14500000,0.3000,0.00,0,-1,orb,0,0,-1,,,
215,1643.00,30.94530000,120.14500000,30.94530000,120.14500000,30.94530000,120.14500000,0.3000,0.00,0,-1,orb,0,0,-1,,,
216,1647.00,30.94530000,120.14500000,30.94530000,120.14500000,30.94530000,120.14500000,0.3000,0.00,0,-1,orb,0,0,-1,,,
217,1650.00,30.94530000,120.14500000,30.94530000,120.14500000,30.94530000,120.14500000,0.3000,0.00,0,-1,orb,0,0,-1,,,
218,1654.00,30.94530000,120.14500000,30.94530000,120.14500000,30.94530000,120.14500000,0.3000,0.00,0,-1,orb,0,0,-1,,,
219,1658.00,30.94530000,120.14500000,30.94530000,120.14500000,30.94530000,120.14500000,0.3000,0.00,0,-1,orb,0,0,-1,,,
220,0.00,30.94530000,120.14500000,30.94530000,120.14500000,30.94530000,120.14500000,0.3000,0.00,0,-1,orb,0,0,,,,
221,0.00,30.94530000,120.14500000,30.94530000,120.14500000,30.94530000,120.14500000,0.3000,0.00,0,-1,orb,0,0,,,,
222,0.00,30.94530000,120.14500000,30.94530000,120.14500000,30.94530000,120.14500000,0.3000,0.00,0,-1,orb,0,0,,,,
223,0.00,30.94530000,120.14500000,30.94530000,120.14500000,30.94530000,120.14500000,0.3000,0.00,0,-1,orb,0,0,,,,
224,0.00,30.94530000,120.14500000,30.94530000,120.14500000,30.94530000,120.14500000,0.3000,0.00,0,-1,orb,0,0,,,,
225,0.00,30.94530000,120.14500000,30.94530000,120.14500000,30.94530000,120.14500000,0.3000,0.00,0,-1,orb,0,0,,,,
226,0.00,30.94530000,120.14500000,30.94530000,120.14500000,30.94530000,120.14500000,0.3000,0.00,0,-1,orb,0,0,,,,
227,0.00,30.94530000,120.14500000,30.94530000,120.14500000,30.94530000,120.14500000,0.3000,0.00,0,-1,orb,0,0,,,,
228,0.00,30.94530000,120.14500000,30.94530000,120.14500000,30.94530000,120.14500000,0.3000,0.00,0,-1,orb,0,0,,,,
229,0.00,30.94530000,120.14500000,30.94530000,120.14500000,30.94530000,120.14500000,0.3000,0.00,0,-1,orb,0,0,,,,
230,0.00,30.94530000,120.14500000,30.94530000,120.14500000,30.94530000,120.14500000,0.3000,0.00,0,-1,orb,0,0,,,,
231,0.00,30.94530000,120.14500000,30.94530000,120.14500000,30.94530000,120.14500000,0.0000,0.00,0,-1,orb,0,0,,,,
232,0.00,30.94530000,120.14500000,30.94530000,120.14500000,30.94530000,120.14500000,0.3000,0.00,0,-1,orb,0,0,,,,
233,0.00,30.94530000,120.14500000,30.94530000,120.14500000,30.94530000,120.14500000,0.0000,0.00,0,-1,orb,0,0,,,,
234,0.00,30.92782687,120.23396568,30.94530000,120.14500000,30.94530000,120.14500000,0.3933,8715.55,1,830,orb,4,1,,,,
235,0.00,30.94530000,120.14500000,30.94530000,120.14500000,30.94530000,120.14500000,0.3000,0.00,0,-1,orb,0,0,,,,
236,0.00,30.94530000,120.14500000,30.94530000,120.14500000,30.94530000,120.14500000,0.3000,0.00,0,-1,orb,0,0,,,,
237,0.00,30.94437203,120.13672440,30.94530000,120.14500000,30.94530000,120.14500000,0.5333,797.00,1,1288,orb,10,1,,,,
238,0.00,30.90462101,120.19562922,30.94530000,120.14500000,30.90462101,120.19562922,0.4400,6624.32,1,84,orb,6,1,,,,
239,0.00,30.91686472,120.17039681,30.90462101,120.19562922,30.90462101,120.19562922,0.5100,2768.33,1,464,orb,9,1,,,,
240,0.00,30.92793418,120.23374052,30.90462101,120.19562922,30.90462101,120.19562922,0.5100,4469.96,1,830,orb,9,1,,,,
241,0.00,30.90927654,120.23030775,30.90462101,120.19562922,30.90462101,120.19562922,0.4867,3351.91,1,213,orb,8,1,,,,
242,0.00,30.90462101,120.19562922,30.90462101,120.19562922,30.90462101,120.19562922,0.3000,0.00,0,-1,orb,0,0,,,,
243,0.00,30.90462101,120.19562922,30.90462101,120.19562922,30.90462101,120.19562922,0.0000,0.00,0,-1,orb,0,0,,,,
244,0.00,30.90462101,120.19562922,30.90462101,120.19562922,30.90462101,120.19562922,0.0000,0.00,0,-1,orb,0,0,,,,
245,0.00,30.93161326,120.20204990,30.90462101,120.19562922,30.90462101,120.19562922,0.4167,3066.70,1,927,orb,5,1,,,,
246,0.00,30.90462101,120.19562922,30.90462101,120.19562922,30.90462101,120.19562922,0.0000,0.00,0,-1,orb,0,0,,,,
247,0.00,30.91233328,120.19272181,30.90462101,120.19562922,30.90462101,120.19562922,0.4867,902.31,1,307,orb,8,1,,,,
248,0.00,30.90462101,120.19562922,30.90462101,120.19562922,30.90462101,120.19562922,0.0000,0.00,0,-1,orb,0,0,,,,
249,0.00,30.91472006,120.16835248,30.90462101,120.19562922,30.90462101,120.19562922,0.4400,2837.03,1,351,orb,6,1,,,,
250,0.00,30.90462101,120.19562922,30.90462101,120.19562922,30.90462101,120.19562922,0.0000,0.00,0,-1,orb,0,0,,,,
251,0.00,30.91236547,120.19269679,30.90462101,120.19562922,30.90462101,120.19562922,0.4633,906.45,1,307,orb,7,1,,,,
252,0.00,30.90462101,120.19562922,30.90462101,120.19562922,30.90462101,120.19562922,0.0000,0.00,0,-1,orb,0,0,,,,
253,0.00,30.93554987,120.18558270,30.90462101,120.19562922,30.90462101,120.19562922,0.4867,3574.17,1,1031,orb,8,1,,,,
254,0.00,30.90462101,120.19562922,30.90462101,120.19562922,30.90462101,120.19562922,0.0000,0.00,0,-1,orb,0,0,,,,
255,0.00,30.92829900,120.24965029,30.90462101,120.19562922,30.90462101,120.19562922,0.3933,5793.09,1,839,orb,4,1,,,,
256,0.00,30.90462101,120.19562922,30.90462101,120.19562922,30.90462101,120.19562922,0.0000,0.00,0,-1,orb,0,0,,,,
257,0.00,30.90462101,120.19562922,30.90462101,120.19562922,30.90462101,120.19562922,0.0000,0.00,0,-1,orb,0,0,,,,
258,0.00,30.93196736,120.15306652,30.90462101,120.19562922,30.93196736,120.15306652,0.4400,5078.12,1,904,orb,6,1,,,,
259,0.00,30.93765767,120.14905291,30.93196736,120.15306652,30.93196736,120.15306652,0.5100,740.37,1,1070,orb,9,1,,,,
260,1662.00,30.93833368,120.15696755,30.93196736,120.15306652,30.93196736,120.15306652,0.4400,800.64,1,1074,orb,6,1,-1,738.60,738.60,738.60
261,1666.00,30.93196736,120.15306652,30.93196736,120.15306652,30.93196736,120.15306652,0.3000,0.00,0,-1,orb,0,0,-1,,,
262,1670.00,30.93196736,120.15306652,30.93196736,120.15306652,30.93196736,120.15306652,0.3000,0.00,0,-1,orb,0,0,-1,,,
263,1674.00,30.93196736,120.15306652,30.93196736,120.15306652,30.93196736,120.15306652,0.3000,0.00,0,-1,orb,0,0,-1,,,
264,1677.00,30.93196736,120.15306652,30.93196736,120.15306652,30.93196736,120.15306652,0.3000,0.00,0,-1,orb,0,0,-1,,,
265,1681.00,30.93196736,120.15306652,30.93196736,120.15306652,30.93196736,120.15306652,0.3000,0.00,0,-1,orb,0,0,-1,,,
266,1685.00,30.93196736,120.15306652,30.93196736,120.15306652,30.93196736,120.15306652,0.3000,0.00,0,-1,orb,0,0,-1,,,
267,1689.00,30.93196736,120.15306652,30.93196736,120.15306652,30.93196736,120.15306652,0.3000,0.00,0,-1,orb,0,0,-1,,,
268,1693.00,30.91170625,120.19325967,30.93196736,120.15306652,30.93196736,120.15306652,0.4633,4451.86,1,251,orb,7,1,-1,4534.20,1061.77,1061.77
269,1697.00,30.91396895,120.19164063,30.93196736,120.15306652,30.93196736,120.15306652,0.4400,4193.25,1,362,orb,6,1,-1,4040.00,1849.92,1849.92
270,1701.00,30.91215086,120.16979640,30.93196736,120.15306652,30.93196736,120.15306652,0.4167,2723.72,1,296,orb,5,1,-1,2994.35,1245.97,1245.97
271,1704.00,30.91872106,120.14987141,30.93196736,120.15306652,30.93196736,120.15306652,0.4633,1505.81,1,455,orb,7,1,-1,2407.33,1475.00,1475.00
272,1708.00,30.91550804,120.21731629,30.93196736,120.15306652,30.93196736,120.15306652,0.5333,6403.24,1,431,orb,10,1,-1,5873.47,436.42,436.42
273,1712.00,30.91129850,120.17979289,30.93196736,120.15306652,30.93196736,120.15306652,0.5100,3436.24,1,245,orb,9,1,-1,2821.55,1281.19,1281.19
274,1716.00,30.93189225,120.20179973,30.93196736,120.15306652,30.93196736,120.15306652,0.4867,4653.76,1,927,orb,8,1,-1,3616.29,558.90,558.90
275,1719.00,30.90515285,120.16296294,30.93196736,120.15306652,30.90515285,120.16296294,0.4400,3131.02,1,13,orb,6,1,-1,3751.06,1087.41,1087.41
276,1723.00,30.90819279,120.15229099,30.90515285,120.16296294,30.90515285,120.16296294,0.4167,1073.83,1,176,orb,5,1,-1,3355.77,1620.01,1620.01
277,1727.00,30.92006701,120.16688898,30.90515285,120.16296294,30.90515285,120.16296294,0.5100,1702.05,1,519,orb,9,1,-1,1917.59,1316.55,1316.55
278,1731.00,30.91509562,120.18372600,30.90515285,120.16296294,30.90515285,120.16296294,0.4400,2270.77,1,358,orb,6,1,-1,2854.98,2854.98,2854.98
279,1735.00,30.92232503,120.15872418,30.90515285,120.16296294,30.90515285,120.16296294,0.4400,1953.99,1,571,orb,6,1,-1,1900.37,1900.37,1900.37
280,1738.00,30.91144267,120.17984292,30.90515285,120.16296294,30.90515285,120.16296294,0.4633,1757.45,1,301,orb,7,1,-1,1818.35,1818.35,1818.35
281,1742.00,30.92776249,120.23371551,30.90515285,120.16296294,30.90515285,120.16296294,0.5100,7210.05,1,830,orb,9,1,-1,5963.31,1945.70,1945.70
282,1746.00,30.90358623,120.20634414,30.90515285,120.16296294,30.90515285,120.16296294,0.4167,4146.33,1,34,orb,5,1,-1,4977.08,2303.78,2303.78
283,1749.00,30.90370426,120.15503579,30.90515285,120.16296294,30.90515285,120.16296294,0.4400,773.98,1,9,orb,6,1,-1,3979.52,2118.74,2118.74
284,1753.00,30.90531847,120.19512888,30.90515285,120.16296294,30.90515285,120.16296294,0.6500,3071.72,1,84,orb,15,1,4,3947.77,18.95,18.95
285,1757.00,30.90352185,120.20769506,30.90515285,120.16296294,30.90352185,120.20769506,0.4400,4275.53,1,34,orb,6,1,3,4681.08,39.47,39.47
286,1761.00,30.92906085,120.21775409,30.90352185,120.20769506,30.90352185,120.20769506,0.4400,3000.90,1,823,orb,6,1,-1,4003.96,2418.86,2418.86
287,1764.00,30.90352185,120.20769506,30.90352185,120.20769506,30.90352185,120.20769506,0.3000,0.00,0,-1,orb,0,0,-1,,,
288,1768.00,30.91406552,120.19190331,30.90352185,120.20769506,30.90352185,120.20769506,0.4167,1910.96,1,362,orb,5,1,-1,2580.82,2580.82,2580.82
289,1772.00,30.93666582,120.17711769,30.90352185,120.20769506,30.90352185,120.20769506,0.4400,4705.24,1,1027,orb,6,1,-1,367.98,367.98,367.98
290,1776.00,30.92838485,120.22208041,30.90352185,120.20769506,30.90352185,120.20769506,0.4867,3089.91,1,825,orb,8,1,-1,4007.67,753.69,753.69
291,1780.00,30.92231430,120.15872418,30.90352185,120.20769506,30.90352185,120.20769506,0.4867,5123.04,1,571,orb,8,1,-1,2601.84,1510.96,1510.96
292,1783.00,30.90569403,120.20168716,30.90352185,120.20769506,30.90352185,120.20769506,0.4167,622.60,1,87,orb,5,1,-1,3693.79,2400.51,2400.51
293,1787.00,30.92857799,120.22533806,30.90352185,120.20769506,30.90352185,120.20769506,0.5100,3258.60,1,826,orb,9,1,-1,3914.98,1953.23,1953.23
294,1791.00,30.91887595,120.18323817,30.90352185,120.20769506,30.90352185,120.20769506,0.4633,2894.13,1,526,orb,7,1,-1,1631.78,1631.78,1631.78
295,1795.00,30.91270884,120.22905146,30.90352185,120.20769506,30.90352185,120.20769506,0.5100,2281.48,1,324,orb,9,1,-1,4722.80,271.85,271.85
296,1799.00,30.92232503,120.15871167,30.90352185,120.20769506,30.92232503,120.15871167,0.5567,5124.62,1,571,orb,11,1,-1,2965.31,177.21,177.21
297,1803.00,30.93120084,120.20052387,30.92232503,120.15871167,30.92232503,120.15871167,0.5567,4113.27,1,871,orb,11,1,-1,1330.25,378.69,378.69
298,1807.00,30.91430158,120.19094016,30.92232503,120.15871167,30.92232503,120.15871167,0.5100,3204.63,1,362,orb,9,1,-1,2156.27,778.50,778.50
299,1810.00,30.92062498,120.17715522,30.92232503,120.15871167,30.92232503,120.15871167,0.5567,1771.39,1,523,orb,11,1,-1,2011.33,344.16,344.16
300,1814.00,30.92776249,120.22393711,30.92232503,120.15871167,30.92232503,120.15871167,0.4400,6258.01,1,826,orb,6,1,-1,3235.52,1838.15,1838.15
301,1818.00,30.90985598,120.22975194,30.92232503,120.15871167,30.92232503,120.15871167,0.4400,6924.50,1,212,orb,6,1,-1,4414.96,854.96,854.96
302,1822.00,30.93621515,120.21193382,30.92232503,120.15871167,30.92232503,120.15871167,0.4400,5312.43,1,1044,orb,6,1,-1,1831.21,1831.21,1831.21
303,1826.00,30.90860054,120.19672291,30.92232503,120.15871167,30.92232503,120.15871167,0.4400,3938.29,1,197,orb,6,1,-1,2677.00,2069.03,2069.03
304,1830.00,30.92334908,120.21084013,30.92232503,120.15871167,30.92232503,120.15871167,0.4167,4979.28,1,651,orb,5,1,-1,1758.74,1023.64,1023.64
305,1834.00,30.90379011,120.22255573,30.92232503,120.15871167,30.92232503,120.15871167,0.4633,6436.43,1,41,orb,7,1,-1,4091.51,701.47,701.47
306,1838.00,30.90680392,120.23632816,30.92232503,120.15871167,30.90680392,120.23632816,0.4400,7610.67,1,160,orb,6,1,-1,4739.47,2770.92,2770.92
307,1842.00,30.90369353,120.21396564,30.90680392,120.23632816,30.90680392,120.23632816,0.4400,2163.39,1,37,orb,6,1,-1,3538.35,1521.62,1521.62
308,1846.00,30.92781614,120.23453400,30.90680392,120.23632816,30.90680392,120.23632816,0.4400,2345.35,1,831,orb,6,1,-1,3450.25,3450.25,3450.25
309,1850.00,30.92423363,120.18577577,30.90680392,120.23632816,30.90680392,120.23632816,0.4633,5202.80,1,696,orb,7,1,-1,1475.40,536.40,536.40
310,1853.00,30.90488926,120.19455349,30.90680392,120.23632816,30.90680392,120.23632816,0.4867,3994.94,1,84,orb,8,1,-1,2989.83,691.40,691.40
311,1857.00,30.93688510,120.14791464,30.90680392,120.23632816,30.90680392,120.23632816,0.4867,9082.82,1,1070,orb,8,1,-1,5100.92,309.77,309.77
312,1861.00,30.91749781,120.19131541,30.90680392,120.23632816,30.90680392,120.23632816,0.4167,4460.27,1,474,orb,5,1,-1,1893.80,1111.97,1111.97
313,1865.00,30.91309512,120.19197836,30.90680392,120.23632816,30.90680392,120.23632816,0.4633,4292.67,1,306,orb,7,1,-1,2697.52,762.18,762.18
314,1869.00,30.91034351,120.19547912,30.90680392,120.23632816,30.90680392,120.23632816,0.4633,3920.71,1,252,orb,7,1,-1,2130.87,266.71,266.71
315,1873.00,30.93702459,120.18147447,30.90680392,120.23632816,30.90680392,120.23632816,0.5333,6225.48,1,1086,orb,10,1,-1,2361.17,993.26,993.26
316,1877.00,30.90661077,120.23463407,30.90680392,120.23632816,30.90661077,120.23463407,0.4633,163.20,1,159,orb,7,1,-1,3749.83,2146.70,2146.70
317,1881.00,30.90612324,120.22244315,30.90661077,120.23463407,30.90661077,120.23463407,0.4400,1165.43,1,97,orb,6,1,-1,3130.47,800.12,800.12
318,1885.00,30.90373645,120.15966232,30.90661077,120.23463407,30.90661077,120.23463407,0.4167,7166.53,1,11,orb,5,1,-1,5679.15,271.39,271.39
319,1889.00,30.91443035,120.22751292,30.90661077,120.23463407,30.90661077,120.23463407,0.4167,1104.61,1,380,orb,5,1,-1,2451.32,1641.06,1641.06
320,1893.00,30.91212940,120.24499331,30.90661077,120.23463407,30.90661077,120.23463407,0.4167,1164.48,1,332,orb,5,1,-1,3748.23,2594.46,2594.46
321,1897.00,30.92666333,120.18723926,30.90661077,120.23463407,30.90661077,120.23463407,0.4400,5046.49,1,752,orb,6,1,-1,2530.57,621.21,621.21
322,1901.00,30.93736796,120.18154952,30.90661077,120.23463407,30.90661077,120.23463407,0.5567,6117.24,1,1086,orb,11,1,-1,3126.92,234.23,234.23
323,1905.00,30.93737869,120.18157454,30.90661077,120.23463407,30.90661077,120.23463407,0.5800,6115.93,1,1086,orb,12,1,-1,3221.76,153.36,153.36
324,1909.00,30.91595871,120.16199434,30.90661077,120.23463407,30.90661077,120.23463407,0.4400,7014.31,1,404,orb,6,1,-1,5403.13,2192.70,2192.70
325,1913.00,30.92307009,120.19397266,30.90661077,120.23463407,30.90661077,120.23463407,0.4400,4293.53,1,643,orb,6,1,-1,2387.67,1992.11,1992.11
326,1917.00,30.90953407,120.17650477,30.90661077,120.23463407,30.90953407,120.17650477,0.4633,5560.56,1,187,orb,7,1,-1,4579.69,1474.39,1474.39
327,1921.00,30.90343601,120.16153153,30.90953407,120.17650477,30.90953407,120.17650477,0.4867,1582.82,1,12,orb,8,1,-1,6175.19,1135.70,1135.70
328,1925.00,30.93190298,120.20171217,30.90953407,120.17650477,30.90953407,120.17650477,0.4633,3463.39,1,927,orb,7,1,-1,1814.21,1308.15,1308.15
329,1929.00,30.90370426,120.20024324,30.90953407,120.17650477,30.90953407,120.17650477,0.4633,2357.96,1,30,orb,7,1,-1,1846.98,1086.59,1086.59
330,1933.00,30.91109463,120.24055441,30.90953407,120.17650477,30.90953407,120.17650477,0.4400,6118.85,1,274,orb,6,1,-1,2707.45,966.08,966.08
331,1936.00,30.90850397,120.15172266,30.90953407,120.17650477,30.90953407,120.17650477,0.4167,2369.33,1,175,orb,5,1,-1,7196.33,757.70,757.70
332,1940.00,30.90376865,120.20044337,30.90953407,120.17650477,30.90953407,120.17650477,0.4167,2374.39,1,30,orb,5,1,-1,3628.20,162.47,162.47
333,1944.00,30.91115901,120.18298800,30.90953407,120.17650477,30.90953407,120.17650477,0.3933,645.00,1,246,orb,4,1,-1,4491.24,4491.24,4491.24
334,1948.00,30.90363988,120.19497878,30.90953407,120.17650477,30.90953407,120.17650477,0.4400,1882.23,1,28,orb,6,1,-1,4014.47,2747.04,2747.04
335,1952.00,30.90382230,120.15893682,30.90953407,120.17650477,30.90953407,120.17650477,0.4167,1794.09,1,11,orb,5,1,-1,6987.36,6987.36,6987.36
336,1956.00,30.93875683,120.21367794,30.90953407,120.17650477,30.93875683,120.21367794,0.4400,4814.96,1,1157,orb,6,1,-1,1872.19,1872.19,1872.19
337,1960.00,30.91296636,120.16675845,30.93875683,120.21367794,30.93875683,120.21367794,0.4400,5321.46,1,294,orb,6,1,-1,6261.12,316.04,316.04
338,1964.00,30.93589324,120.17710518,30.93875683,120.21367794,30.93875683,120.21367794,0.4867,3507.01,1,1027,orb,8,1,-1,5215.75,490.95,490.95
339,1968.00,30.91596944,120.16210692,30.93875683,120.21367794,30.93875683,120.21367794,0.4400,5539.67,1,404,orb,6,1,-1,6739.77,1175.05,1175.05
340,1972.00,30.93257898,120.15995001,30.93875683,120.21367794,30.93875683,120.21367794,0.6500,5176.60,1,907,orb,15,1,-1,6945.79,202.47,202.47
341,1976.00,30.91755146,120.14298247,30.93875683,120.21367794,30.93875683,120.21367794,0.4867,7151.83,1,451,orb,8,1,-1,8674.60,1894.56,1894.56
342,1980.00,30.91221524,120.15463008,30.93875683,120.21367794,30.93875683,120.21367794,0.4633,6365.94,1,288,orb,7,1,-1,7872.20,2627.13,2627.13
343,1984.00,30.90626273,120.13616152,30.93875683,120.21367794,30.93875683,120.21367794,0.4633,8238.92,1,56,orb,7,1,-1,9701.18,796.55,796.55
344,1988.00,30.90329651,120.21410323,30.93875683,120.21367794,30.93875683,120.21367794,0.4167,3947.65,1,37,orb,5,1,-1,3302.82,2586.80,2586.80
345,1992.00,30.91554023,120.24294898,30.93875683,120.21367794,30.93875683,120.21367794,0.4400,3806.94,1,443,orb,6,1,-1,1285.14,1285.14,1285.14
346,1996.00,30.90352185,120.25167667,30.93875683,120.21367794,30.90352185,120.25167667,0.3933,5343.42,1,55,orb,4,1,-1,2832.48,2832.48,2832.48
347,2000.00,30.92930765,120.21613505,30.90352185,120.25167667,30.90352185,120.25167667,0.4400,4445.12,1,822,orb,6,1,-1,2211.13,2211.13,2211.13
348,2004.00,30.91920859,120.16686397,30.90352185,120.25167667,30.90352185,120.25167667,0.4633,8285.26,1,519,orb,7,1,-1,6918.44,309.18,309.18
349,2008.00,30.91696130,120.23395861,30.90352185,120.25167667,30.90352185,120.25167667,0.4867,2258.55,1,495,orb,8,1,-1,1035.68,885.40,885.40
350,2011.00,30.91096586,120.19431583,30.90352185,120.25167667,30.90352185,120.25167667,0.4633,5539.97,1,252,orb,7,1,-1,4769.20,361.46,361.46
351,2072.00,30.91099806,120.19432834,30.90352185,120.25167667,30.90352185,120.25167667,0.5100,5539.32,1,252,orb,9,1,-1,4680.41,323.21,323.21
352,2078.00,30.91392602,120.19159060,30.90352185,120.25167667,30.90352185,120.25167667,0.4400,5853.61,1,362,orb,6,1,-1,4881.99,1110.89,1110.89
353,2085.00,30.91416209,120.19156558,30.90352185,120.25167667,30.90352185,120.25167667,0.4633,5861.21,1,362,orb,7,1,-1,4790.84,770.15,770.15
354,2091.00,30.90369353,120.15103470,30.90352185,120.25167667,30.90352185,120.25167667,0.4167,9610.77,1,7,orb,5,1,-1,8679.22,2223.99,2223.99
355,2097.00,30.93224635,120.18894586,30.90352185,120.25167667,30.90352185,120.25167667,0.4400,6790.44,1,921,orb,6,1,-1,4792.10,4792.10,4792.10
356,2103.00,30.90995722,120.17902987,30.90352185,120.25167667,30.90995722,120.17902987,0.5800,6974.26,1,245,orb,12,1,-1,5591.71,1318.39,1318.39
357,2109.00,30.91447327,120.18368141,30.90995722,120.17902987,30.90995722,120.17902987,0.4867,670.85,1,359,orb,8,1,-1,5020.42,1397.53,1397.53
358,2115.00,30.92687794,120.21188378,30.90995722,120.17902987,30.90995722,120.17902987,0.4400,3659.38,1,764,orb,6,1,-1,2229.03,1482.72,1482.72
359,2121.00,30.90356477,120.15454796,30.90995722,120.17902987,30.90995722,120.17902987,0.4400,2443.79,1,9,orb,6,1,-1,7860.02,494.87,494.87
360,2127.00,30.90369353,120.24456257,30.90995722,120.17902987,30.90995722,120.17902987,0.4400,6296.74,1,51,orb,6,1,-1,2523.69,2523.69,2523.69
361,2133.00,30.91331440,120.22315614,30.90995722,120.17902987,30.90995722,120.17902987,0.4633,4230.35,1,377,orb,7,1,-1,1470.54,325.43,325.43
362,2139.00,30.92231430,120.15872418,30.90995722,120.17902987,30.90995722,120.17902987,0.5333,2377.45,1,571,orb,10,1,-1,6834.85,1684.63,1684.63
363,2145.00,30.93663363,120.17714271,30.90995722,120.17902987,30.90995722,120.17902987,0.4167,2975.08,1,1027,orb,5,1,-1,5273.11,1650.92,1650.92
364,2151.00,30.91903691,120.15281635,30.90995722,120.17902987,30.90995722,120.17902987,0.5333,2699.60,1,512,orb,10,1,-1,7258.60,1684.91,1684.91
365,2157.00,30.92883552,120.21651030,30.90995722,120.17902987,30.90995722,120.17902987,0.4167,4150.53,1,822,orb,5,1,-1,1202.89,1202.89,1202.89
366,2163.00,30.92424436,120.18580079,30.90995722,120.17902987,30.92424436,120.18580079,0.4867,1716.85,1,696,orb,8,1,-1,3843.68,3730.74,3730.74
367,2169.00,30.91310585,120.19195335,30.92424436,120.18580079,30.92424436,120.18580079,0.4633,1372.09,1,306,orb,7,1,-1,3647.18,1097.72,1097.72
368,2175.00,30.92753249,120.22027374,30.92424436,120.18580079,30.92424436,120.18580079,0.4400,3312.26,1,768,orb,6,1,-1,380.35,380.35,380.35
369,2181.00,30.92424436,120.18580079,30.92424436,120.18580079,30.92424436,120.18580079,0.3000,0.00,0,-1,orb,0,0,-1,,,
370,2187.00,30.91250496,120.16580781,30.92424436,120.18580079,30.92424436,120.18580079,0.5800,2313.64,1,294,orb,12,1,-1,5572.36,970.97,970.97
371,2193.00,30.91293417,120.16683351,30.92424436,120.18580079,30.92424436,120.18580079,0.4400,2205.88,1,294,orb,6,1,-1,5483.53,1717.14,1717.14
372,2200.00,30.90822498,120.25083860,30.92424436,120.18580079,30.92424436,120.18580079,0.5800,6461.69,1,223,orb,12,1,-1,3591.25,262.69,262.69
373,2206.00,30.90353258,120.22313112,30.92424436,120.18580079,30.92424436,120.18580079,0.4167,4245.47,1,41,orb,5,1,-1,2577.92,1539.59,1539.59
374,2212.00,30.90697560,120.21785416,30.92424436,120.18580079,30.92424436,120.18580079,0.4633,3614.51,1,151,orb,7,1,-1,2169.12,295.32,295.32
375,2219.00,30.93583959,120.18242512,30.92424436,120.18580079,30.92424436,120.18580079,0.4867,1330.43,1,1030,orb,8,1,-1,3439.79,226.69,226.69
376,2225.00,30.91416209,120.19156558,30.92424436,120.18580079,30.92424436,120.18580079,0.6033,1250.10,1,362,orb,13,1,-1,2773.75,197.67,197.67
377,2231.00,30.90968429,120.23946073,30.92424436,120.18580079,30.90968429,120.23946073,0.4400,5374.46,1,217,orb,6,1,-1,3066.04,904.19,904.19
378,2238.00,30.92908231,120.14102570,30.90968429,120.23946073,30.90968429,120.23946073,0.4867,9644.84,1,786,orb,8,1,-1,7004.01,257.13,257.13
379,2244.00,30.91743343,120.18894586,30.90968429,120.23946073,30.90968429,120.23946073,0.4167,4900.41,1,473,orb,5,1,-1,2537.71,2537.71,2537.71
380,2251.00,30.94285440,120.19404771,30.90968429,120.23946073,30.90968429,120.23946073,0.4167,5695.74,1,1259,orb,5,1,-1,2505.11,2505.11,2505.11
381,2256.00,30.91552950,120.16841502,30.90968429,120.23946073,30.90968429,120.23946073,0.4167,6815.60,1,407,orb,5,1,-1,4313.49,4090.71,4090.71
382,2262.00,30.93406443,120.15952472,30.90968429,120.23946073,30.90968429,120.23946073,0.4400,8101.56,1,963,orb,6,1,-1,4870.29,2498.96,2498.96
383,2269.00,30.90968429,120.23946073,30.90968429,120.23946073,30.90968429,120.23946073,0.3000,0.00,0,-1,orb,0,0,-1,,,
384,2275.00,30.90882587,120.16869021,30.90968429,120.23946073,30.90968429,120.23946073,0.4400,6758.87,1,183,orb,6,1,-1,4390.05,2162.31,2162.31
385,2281.00,30.91260153,120.20213746,30.90968429,120.23946073,30.90968429,120.23946073,0.4400,3578.93,1,311,orb,6,1,-1,1837.50,1837.50,1837.50
386,2288.00,30.91286979,120.20230007,30.90968429,120.23946073,30.90968429,120.23946073,0.4633,3566.31,1,311,orb,7,1,-1,1833.68,603.20,603.20
387,2294.00,30.90894391,120.16870272,30.90968429,120.23946073,30.90968429,120.23946073,0.3933,6757.50,1,183,orb,4,1,-1,4165.79,4165.79,4165.79
388,2300.00,30.90818206,120.16831495,30.90968429,120.23946073,30.90818206,120.16831495,0.4400,6796.09,1,183,orb,6,1,-1,4096.88,4096.88,4096.88
389,2307.00,30.90818206,120.16831495,30.90818206,120.16831495,30.90818206,120.16831495,0.0000,0.00,0,-1,orb,0,0,-1,,,
390,2313.00,30.92686721,120.18715170,30.90818206,120.16831495,30.90818206,120.16831495,0.5100,2749.95,1,752,orb,9,1,-1,1477.01,1477.01,1477.01
391,2320.00,30.90480342,120.20723224,30.90818206,120.16831495,30.90818206,120.16831495,0.4867,3735.37,1,90,orb,8,1,-1,2745.11,688.71,688.71
392,2327.00,30.90474977,120.20723224,30.90818206,120.16831495,30.90818206,120.16831495,0.4633,3735.97,1,90,orb,7,1,-1,2779.65,346.55,346.55
393,2333.00,30.90818206,120.16831495,30.90818206,120.16831495,30.90818206,120.16831495,0.3000,0.00,0,-1,orb,0,0,-1,,,
394,2340.00,30.90818206,120.16831495,30.90818206,120.16831495,30.90818206,120.16831495,0.3000,0.00,0,-1,orb,0,0,-1,,,
395,2346.00,30.90818206,120.16831495,30.90818206,120.16831495,30.90818206,120.16831495,0.0000,0.00,0,-1,orb,0,0,-1,,,
396,2353.00,30.90818206,120.16831495,30.90818206,120.16831495,30.90818206,120.16831495,0.3000,0.00,0,-1,orb,0,0,-1,,,
397,2359.00,30.91876398,120.18963383,30.90818206,120.16831495,30.90818206,120.16831495,0.4633,2352.08,1,473,orb,7,1,-1,1490.56,472.21,472.21
398,2366.00,30.91865668,120.18959630,30.90818206,120.16831495,30.90818206,120.16831495,0.4867,2343.01,1,473,orb,8,1,-1,1466.04,646.43,646.43
399,2372.00,30.91959488,120.15766802,30.90818206,120.16831495,30.90818206,120.16831495,0.4633,1627.22,1,514,orb,7,1,-1,3603.51,1340.25,1340.25
400,2379.00,30.91695663,120.15883676,30.90818206,120.16831495,30.90818206,120.16831495,0.4633,1331.67,1,403,orb,7,1,-1,3501.38,2027.88,2027.88
401,2386.00,30.92808440,120.25058298,30.90818206,120.16831495,30.90818206,120.16831495,0.4167,8162.57,1,838,orb,5,1,-1,5694.70,4510.37,4510.37
402,2392.00,30.93943284,120.19546661,30.90818206,120.16831495,30.90818206,120.16831495,0.4400,4338.79,1,1148,orb,6,1,-1,1108.28,1108.28,1108.28
403,2399.00,30.92303790,120.21817938,30.90818206,120.16831495,30.92303790,120.21817938,0.4167,5040.77,1,655,orb,5,1,-1,3009.27,3009.27,3009.27
404,2406.00,30.92303790,120.21817938,30.92303790,120.21817938,30.92303790,120.21817938,0.3000,0.00,0,-1,orb,0,0,-1,,,
405,2413.00,30.92931838,120.21612254,30.92303790,120.21817938,30.92303790,120.21817938,0.4867,726.21,1,822,orb,8,1,-1,2887.74,290.76,290.76
406,2419.00,30.91663472,120.21227154,30.92303790,120.21817938,30.92303790,120.21817938,0.4633,909.05,1,428,orb,7,1,-1,3093.33,2200.05,2200.05
407,2426.00,30.91889274,120.13611148,30.92303790,120.21817938,30.92303790,120.21817938,0.4167,7850.60,1,448,orb,5,1,-1,4790.45,1486.24,1486.24
408,2432.00,30.93635464,120.17170313,30.92303790,120.21817938,30.92303790,120.21817938,0.3933,4679.25,1,1025,orb,4,1,-1,1131.24,1131.24,1131.24
409,2438.00,30.90324286,120.16301297,30.92303790,120.21817938,30.92303790,120.21817938,0.4400,5710.39,1,13,orb,6,1,-1,3629.08,2946.32,2946.32
410,2445.00,30.91128777,120.18358840,30.92303790,120.21817938,30.92303790,120.21817938,0.4400,3552.80,1,246,orb,6,1,-1,2397.10,607.69,607.69
411,2451.00,30.91645230,120.18413171,30.92303790,120.21817938,30.92303790,120.21817938,0.4867,3332.99,1,415,orb,8,1,-1,1868.41,1460.59,1460.59
412,2457.00,30.91526125,120.16687103,30.92303790,120.21817938,30.92303790,120.21817938,0.3933,4975.55,1,406,orb,4,1,-1,2218.28,2218.28,2218.28
413,2463.00,30.93447218,120.18268779,30.92303790,120.21817938,30.92303790,120.21817938,0.4400,3620.39,1,974,orb,6,1,-1,461.43,461.43,461.43
414,2469.00,30.90711509,120.22386206,30.92303790,120.21817938,30.90711509,120.22386206,0.4167,1853.74,1,154,orb,5,1,-1,5357.90,5357.90,5357.90
415,2476.00,30.92839558,120.24140499,30.90711509,120.22386206,30.90711509,120.22386206,0.4867,2901.44,1,834,orb,8,1,-1,6245.29,490.70,490.70
416,2482.00,30.93119011,120.21532200,30.90711509,120.22386206,30.90711509,120.22386206,0.4400,2801.37,1,878,orb,6,1,-1,3933.10,2546.75,2546.75
417,2488.00,30.90711509,120.22386206,30.90711509,120.22386206,30.90711509,120.22386206,0.3000,0.00,0,-1,orb,0,0,-1,,,
418,2494.00,30.93757183,120.15331669,30.90711509,120.22386206,30.90711509,120.22386206,0.4167,7541.76,1,1072,orb,5,1,-1,1942.75,1942.75,1942.75
419,2500.00,30.91313805,120.19190331,30.90711509,120.22386206,30.90711509,120.22386206,0.4400,3124.66,1,306,orb,6,1,-1,2964.09,251.85,251.85
420,2507.00,30.90385449,120.21020220,30.90711509,120.22386206,30.90711509,120.22386206,0.5567,1354.00,1,35,orb,11,1,-1,5008.15,532.24,532.24
421,2513.00,30.91753000,120.18321315,30.90711509,120.22386206,30.90711509,120.22386206,0.4867,4051.19,1,470,orb,8,1,-1,2147.94,731.69,731.69
422,2519.00,30.90359696,120.20976440,30.90711509,120.22386206,30.90711509,120.22386206,0.4633,1402.06,1,35,orb,7,1,-1,4242.07,641.64,641.64
423,2525.00,30.92838485,120.24966986,30.90711509,120.22386206,30.90711509,120.22386206,0.4867,3417.60,1,838,orb,8,1,-1,7814.90,548.42,548.42
424,2532.00,30.94179816,120.19926757,30.90711509,120.22386206,30.90711509,120.22386206,0.5800,4519.16,1,1206,orb,12,1,-1,3178.99,606.51,606.51
425,2538.00,30.90593010,120.23024521,30.90711509,120.22386206,30.90593010,120.23024521,0.4400,623.67,1,101,orb,6,1,-1,6983.22,546.42,546.42
426,2543.00,30.92086572,120.15872418,30.90593010,120.23024521,30.90593010,120.23024521,0.4400,7029.32,1,571,orb,6,1,-1,1560.93,1560.93,1560.93
427,2549.00,30.93477263,120.20533802,30.90593010,120.23024521,30.90593010,120.23024521,0.4400,3995.77,1,985,orb,6,1,-1,3973.72,3973.72,3973.72
428,2555.00,30.90487853,120.20390660,30.90593010,120.23024521,30.90593010,120.23024521,0.4400,2517.91,1,88,orb,6,1,-1,5087.22,303.60,303.60
429,2561.00,30.91376507,120.19169067,30.90593010,120.23024521,30.90593010,120.23024521,0.4400,3783.64,1,362,orb,6,1,-1,3612.45,361.56,361.56
430,2567.00,30.92187436,120.25193934,30.90593010,120.23024521,30.90593010,120.23024521,0.4633,2728.03,1,615,orb,7,1,-1,8794.57,1170.68,1170.68
431,2573.00,30.91808797,120.13626158,30.90593010,120.23024521,30.90593010,120.23024521,0.4167,9076.39,1,448,orb,5,1,-1,2980.37,1555.16,1555.16
432,2580.00,30.92660968,120.18731432,30.90593010,120.23024521,30.90593010,120.23024521,0.4633,4701.77,1,752,orb,7,1,-1,2822.37,977.12,977.12
433,2586.00,30.93062141,120.18760201,30.90593010,120.23024521,30.90593010,120.23024521,0.4867,4913.02,1,864,orb,8,1,-1,2808.95,319.45,319.45
434,2592.00,30.91724028,120.13814330,30.90593010,120.23024521,30.90593010,120.23024521,0.4867,8884.88,1,449,orb,8,1,-1,2604.67,389.33,389.33
435,2598.00,30.92928619,120.21617257,30.90593010,120.23024521,30.92928619,120.21617257,0.4633,2926.77,1,822,orb,7,1,-1,5890.37,1832.28,1832.28
436,2604.00,30.91127704,120.18360091,30.92928619,120.21617257,30.92928619,120.21617257,0.4633,3700.51,1,246,orb,7,1,-1,3944.07,496.01,496.01
437,2611.00,30.91237620,120.18098119,30.92928619,120.21617257,30.92928619,120.21617257,0.4867,3851.88,1,301,orb,8,1,-1,3735.79,2018.49,2018.49
438,2617.00,30.91251102,120.18233049,30.92928619,120.21617257,30.92928619,120.21617257,0.4167,3732.47,1,247,orb,5,1,-1,4246.52,2919.73,2919.73
439,2622.00,30.91142727,120.16185675,30.92928619,120.21617257,30.92928619,120.21617257,0.4400,5554.81,1,236,orb,6,1,-1,3065.95,1240.49,1240.49
440,2628.00,30.91963780,120.23226452,30.92928619,120.21617257,30.92928619,120.21617257,0.4400,1874.84,1,550,orb,6,1,-1,8138.23,2112.73,2112.73
441,2635.00,30.90382230,120.22470013,30.92928619,120.21617257,30.92928619,120.21617257,0.4400,2949.29,1,42,orb,6,1,-1,8111.83,3681.52,3681.52
442,2641.00,30.92173487,120.18061845,30.92928619,120.21617257,30.92928619,120.21617257,0.4633,3497.74,1,581,orb,7,1,-1,3559.86,2501.07,2501.07
443,2647.00,30.93400005,120.15047181,30.92928619,120.21617257,30.92928619,120.21617257,0.4400,6295.96,1,959,orb,6,1,-1,535.33,535.33,535.33
444,2653.00,30.92086572,120.18747693,30.92928619,120.21617257,30.92928619,120.21617257,0.4167,2896.16,1,584,orb,5,1,-1,4280.32,4280.32,4280.32
445,2659.00,30.92804148,120.20245562,30.92928619,120.21617257,30.92804148,120.20245562,0.3933,1317.20,1,816,orb,4,1,-1,5676.65,5676.65,5676.65
446,2665.00,30.92351003,120.24031675,30.92804148,120.20245562,30.92804148,120.20245562,0.4167,3650.55,1,666,orb,5,1,-1,9422.11,9422.11,9422.11
447,2671.00,30.90358623,120.19459102,30.92804148,120.20245562,30.92804148,120.20245562,0.4167,2824.05,1,28,orb,5,1,-1,6285.84,579.27,579.27
448,2730.00,30.90352185,120.19512888,30.92804148,120.20245562,30.92804148,120.20245562,0.4633,2817.77,1,28,orb,7,1,-1,6119.88,1219.86,1219.86
449,2734.00,30.92172414,120.17443543,30.92804148,120.20245562,30.92804148,120.20245562,0.4400,2766.64,1,578,orb,6,1,-1,3272.21,3082.95,3082.95
450,2738.00,30.90729751,120.22936962,30.92804148,120.20245562,30.92804148,120.20245562,0.4167,3455.16,1,157,orb,5,1,-1,8763.67,1391.66,1391.66
451,2743.00,30.90627813,120.16575778,30.92804148,120.20245562,30.92804148,120.20245562,0.4633,4260.35,1,126,orb,7,1,-1,3644.57,1789.06,1789.06
452,2747.00,30.91982627,120.19085966,30.92804148,120.20245562,30.92804148,120.20245562,0.4400,1436.16,1,473,orb,6,1,-1,4421.75,543.57,543.57
453,2751.00,30.91569046,120.16837749,30.92804148,120.20245562,30.92804148,120.20245562,0.4167,3532.80,1,407,orb,5,1,-1,2818.92,1313.20,1313.20
454,2754.00,30.93119011,120.16496974,30.92804148,120.20245562,30.92804148,120.20245562,0.4167,3596.81,1,854,orb,5,1,-1,1669.56,1669.56,1669.56
455,2758.00,30.91859229,120.13619904,30.92804148,120.20245562,30.91859229,120.13619904,0.4400,6413.98,1,448,orb,6,1,-1,2245.24,2245.24,2245.24
456,2762.00,30.92417998,120.14543958,30.91859229,120.13619904,30.91859229,120.13619904,0.4867,1079.62,1,676,orb,8,1,-1,1181.72,970.59,970.59
457,2766.00,30.93554987,120.18247515,30.91859229,120.13619904,30.91859229,120.13619904,0.4867,4805.42,1,1030,orb,8,1,-1,2925.15,1186.61,1186.61
458,2770.00,30.90591937,120.22431236,30.91859229,120.13619904,30.91859229,120.13619904,0.4633,8531.78,1,98,orb,7,1,-1,7528.45,563.07,563.07
459,2773.00,30.91288052,120.16738388,30.91859229,120.13619904,30.91859229,120.13619904,0.4633,3045.10,1,294,orb,7,1,-1,2625.07,2262.82,2262.82
460,2777.00,30.92908231,120.21519691,30.91859229,120.13619904,30.91859229,120.13619904,0.5100,7633.70,1,822,orb,9,1,-1,5857.80,1056.92,1056.92
461,2781.00,30.92910377,120.13931910,30.91859229,120.13619904,30.91859229,120.13619904,0.4633,1207.47,1,785,orb,7,1,-1,1747.99,1747.99,1747.99
462,2785.00,30.93336696,120.20260572,30.91859229,120.13619904,30.91859229,120.13619904,0.4400,6551.28,1,984,orb,6,1,-1,4441.91,2006.18,2006.18
463,2789.00,30.91017183,120.18218745,30.91859229,120.13619904,30.91859229,120.13619904,0.4167,4490.56,1,246,orb,5,1,-1,3430.85,1678.47,1678.47
464,2793.00,30.93144158,120.21016467,30.91859229,120.13619904,30.91859229,120.13619904,0.5100,7206.69,1,931,orb,9,1,-1,4850.79,555.90,555.90
465,2796.00,30.92424436,120.18580079,30.91859229,120.13619904,30.92424436,120.18580079,0.5100,4778.30,1,696,orb,9,1,-1,2698.82,531.57,531.57
466,2800.00,30.90679319,120.23074555,30.92424436,120.18580079,30.92424436,120.18580079,0.4400,4711.16,1,157,orb,6,1,-1,7242.62,1621.25,1621.25
467,2804.00,30.93586105,120.21165863,30.92424436,120.18580079,30.92424436,120.18580079,0.4633,2787.41,1,1044,orb,7,1,-1,4778.30,4778.30,4778.30
468,2808.00,30.91947685,120.23088314,30.92424436,120.18580079,30.92424436,120.18580079,0.4400,4337.70,1,549,orb,6,1,-1,6621.04,3167.03,3167.03
469,2812.00,30.91157143,120.16220698,30.92424436,120.18580079,30.92424436,120.18580079,0.5100,2658.30,1,292,orb,9,1,-1,2204.21,541.18,541.18
470,2816.00,30.93004197,120.21007711,30.92424436,120.18580079,30.92424436,120.18580079,0.4867,2406.42,1,875,orb,8,1,-1,4280.98,781.87,781.87
471,2820.00,30.92190655,120.16655832,30.92424436,120.18580079,30.92424436,120.18580079,0.4400,1855.89,1,574,orb,6,1,-1,1159.20,1076.13,1076.13
472,2824.00,30.90371499,120.15453545,30.92424436,120.18580079,30.92424436,120.18580079,0.4867,3759.91,1,9,orb,8,1,-1,3339.17,663.87,663.87
473,2827.00,30.90367207,120.19449095,30.92424436,120.18580079,30.92424436,120.18580079,0.5100,2435.83,1,28,orb,9,1,-1,4059.71,922.03,922.03
474,2831.00,30.91424793,120.18368141,30.92424436,120.18580079,30.92424436,120.18580079,0.4633,1131.06,1,359,orb,7,1,-1,2429.18,1590.37,1590.37
475,2835.00,30.93067506,120.18767706,30.92424436,120.18580079,30.93067506,120.18767706,0.4633,737.95,1,864,orb,7,1,-1,1602.33,785.75,785.75
476,2839.00,30.93926115,120.19527898,30.93067506,120.18767706,30.93067506,120.18767706,0.4633,1200.23,1,1148,orb,7,1,-1,2484.78,1053.92,1053.92
477,2843.00,30.93734650,120.18154952,30.93067506,120.18767706,30.93067506,120.18767706,0.5100,945.49,1,1086,orb,9,1,-1,1251.68,1096.92,1096.92
478,2847.00,30.92687794,120.18675143,30.93067506,120.18767706,30.93067506,120.18767706,0.4167,431.84,1,752,orb,5,1,-1,1383.86,1383.86,1383.86
479,2851.00,30.90368280,120.22314363,30.93067506,120.18767706,30.93067506,120.18767706,0.5100,4527.64,1,41,orb,9,1,-1,5440.93,678.28,678.28
480,2855.00,30.90379011,120.22520046,30.93067506,120.18767706,30.93067506,120.18767706,0.5333,4668.72,1,42,orb,10,1,-1,5515.94,469.90,469.90
481,2858.00,30.93275067,120.19919252,30.93067506,120.18767706,30.93067506,120.18767706,0.4400,1123.67,1,926,orb,6,1,-1,2141.33,2141.33,2141.33
482,2862.00,30.91118047,120.18360091,30.93067506,120.18767706,30.93067506,120.18767706,0.4867,2204.77,1,246,orb,8,1,-1,2213.13,651.25,651.25
483,2866.00,30.90370426,120.14135092,30.93067506,120.18767706,30.93067506,120.18767706,0.4167,5346.51,1,2,orb,5,1,-1,4706.14,1649.64,1649.64
484,2870.00,30.90474977,120.20734482,30.93067506,120.18767706,30.93067506,120.18767706,0.4167,3443.33,1,90,orb,5,1,-1,3805.59,1380.67,1380.67
485,2874.00,30.90332870,120.22712515,30.93067506,120.18767706,30.90332870,120.22712515,0.4167,4843.34,1,44,orb,5,1,-1,5408.58,2497.92,2497.92
486,2878.00,30.92422290,120.18578828,30.90332870,120.22712515,30.90332870,120.22712515,0.5100,4581.74,1,696,orb,9,1,-1,677.43,677.43,677.43
487,2882.00,30.92082280,120.19363493,30.90332870,120.22712515,30.90332870,120.22712515,0.5333,3744.41,1,587,orb,10,1,-1,1301.52,198.14,198.14
488,2886.00,30.92343492,120.24745042,30.90332870,120.22712515,30.90332870,120.22712515,0.5100,2962.59,1,669,orb,9,1,-1,6099.61,986.25,986.25
489,2890.00,30.90363988,120.19456600,30.90332870,120.22712515,30.90332870,120.22712515,0.4400,3109.41,1,28,orb,6,1,-1,3007.16,1300.30,1300.30
490,2894.00,30.93823711,120.16385104,30.90332870,120.22712515,30.90332870,120.22712515,0.4167,7184.06,1,1077,orb,5,1,-1,2336.29,2336.29,2336.29
491,2898.00,30.90978087,120.23040782,30.90332870,120.22712515,30.90332870,120.22712515,0.4167,783.68,1,213,orb,5,1,-1,4726.82,1726.26,1726.26
492,2902.00,30.94368063,120.21133341,30.90332870,120.22712515,30.90332870,120.22712515,0.4400,4738.35,1,1268,orb,6,1,-1,2784.39,2784.39,2784.39
493,2906.00,30.91608748,120.16372596,30.90332870,120.22712515,30.90332870,120.22712515,0.4167,6218.64,1,405,orb,5,1,-1,2781.52,380.85,380.85
494,2910.00,30.93563572,120.18237508,30.90332870,120.22712515,30.90332870,120.22712515,0.4633,5585.34,1,1030,orb,7,1,-1,1101.30,1101.30,1101.30
495,2914.00,30.93574302,120.18226250,30.90332870,120.22712515,30.93574302,120.18226250,0.4633,5601.26,1,1030,orb,7,1,-1,1173.24,497.36,497.36
496,2918.00,30.90976408,120.20384406,30.93574302,120.18226250,30.93574302,120.18226250,0.4167,3551.18,1,256,orb,5,1,-1,2216.44,407.92,407.92
497,2922.00,30.93664436,120.17694257,30.93574302,120.18226250,30.93574302,120.18226250,0.5100,517.84,1,1027,orb,9,1,-1,1826.16,552.54,552.54
498,2926.00,30.93320601,120.20097417,30.93574302,120.18226250,30.93574302,120.18226250,0.4633,1809.04,1,983,orb,7,1,-1,1001.47,1001.47,1001.47
499,2930.00,30.91920859,120.16690149,30.93574302,120.18226250,30.93574302,120.18226250,0.4633,2353.64,1,519,orb,7,1,-1,2733.35,2733.35,2733.35
500,2934.00,30.93574302,120.18226250,30.93574302,120.18226250,30.93574302,120.18226250,0.3000,0.00,0,-1,orb,0,0,-1,,,
501,2938.00,30.93574302,120.18226250,30.93574302,120.18226250,30.93574302,120.18226250,0.3000,0.00,0,-1,orb,0,0,-1,,,
502,2941.00,30.93574302,120.18226250,30.93574302,120.18226250,30.93574302,120.18226250,0.3000,0.00,0,-1,orb,0,0,-1,,,
503,2945.00,30.91077272,120.15369194,30.93574302,120.18226250,30.93574302,120.18226250,0.4633,3894.93,1,232,orb,7,1,-1,4726.82,3463.90,3463.90
504,2949.00,30.90491072,120.19456600,30.93574302,120.18226250,30.93574302,120.18226250,0.4633,3627.78,1,84,orb,7,1,-1,2436.15,2020.52,2020.52
505,2953.00,30.93055703,120.18783967,30.93574302,120.18226250,30.93574302,120.18226250,0.4633,785.45,1,864,orb,7,1,-1,1427.27,1427.27,1427.27
506,2957.00,30.91250496,120.18046835,30.93574302,120.18226250,30.93574302,120.18226250,0.4167,2592.53,1,301,orb,5,1,-1,2579.71,1365.48,1365.48
507,2961.00,30.91594798,120.19919252,30.93574302,120.18226250,30.93574302,120.18226250,0.4867,2733.05,1,422,orb,8,1,-1,1188.86,645.47,645.47
508,2965.00,30.93574302,120.18226250,30.93574302,120.18226250,30.93574302,120.18226250,0.0000,0.00,0,-1,orb,0,0,-1,,,
509,2968.00,30.90322140,120.16307551,30.93574302,120.18226250,30.90322140,120.16307551,0.3933,4057.56,1,13,orb,4,1,-1,4669.66,4669.66,4669.66
510,2972.00,30.90367207,120.15095965,30.90322140,120.16307551,30.90322140,120.16307551,0.5567,1158.09,1,7,orb,11,1,-1,5795.55,1925.26,1925.26
511,2976.00,30.93580740,120.18223749,30.90322140,120.16307551,30.90322140,120.16307551,0.4400,4062.88,1,1030,orb,6,1,-1,2593.31,1939.17,1939.17
512,2980.00,30.92658822,120.18725177,30.90322140,120.16307551,30.90322140,120.16307551,0.4167,3477.97,1,752,orb,5,1,-1,2130.14,2130.14,2130.14
513,2984.00,30.91484883,120.21326516,30.90322140,120.16307551,30.90322140,120.16307551,0.4867,4964.54,1,373,orb,8,1,-1,1292.56,1121.19,1121.19
514,2988.00,30.94414203,120.20289342,30.90322140,120.16307551,30.90322140,120.16307551,0.4167,5933.70,1,1264,orb,5,1,-1,2111.73,2111.73,2111.73
515,2992.00,30.91862449,120.16398863,30.90322140,120.16307551,30.90322140,120.16307551,0.4400,1716.89,1,461,orb,6,1,-1,4680.34,3235.57,3235.57
516,2995.00,30.90322140,120.16307551,30.90322140,120.16307551,30.90322140,120.16307551,0.3000,0.00,0,-1,orb,0,0,-1,,,
517,2999.00,30.92588609,120.18644578,30.90322140,120.16307551,30.90322140,120.16307551,0.4167,3368.43,1,695,orb,5,1,-1,2802.26,2043.94,2043.94
518,3003.00,30.91692911,120.18878325,30.90322140,120.16307551,30.90322140,120.16307551,0.4167,2890.55,1,473,orb,5,1,-1,2606.73,1054.96,1054.96
519,3007.00,30.91770168,120.14003753,30.90322140,120.16307551,30.90322140,120.16307551,0.4867,2727.34,1,450,orb,8,1,-1,7229.44,617.20,617.20
520,3011.00,30.91070834,120.22444996,30.90322140,120.16307551,30.91070834,120.22444996,0.5567,5919.88,1,266,orb,11,1,-1,1671.94,158.72,158.72
521,3015.00,30.93676239,120.18099915,30.91070834,120.22444996,30.91070834,120.22444996,0.4633,5062.48,1,1030,orb,7,1,-1,3628.50,291.20,291.20
522,3019.00,30.92790198,120.24480568,30.91070834,120.22444996,30.91070834,120.22444996,0.4400,2728.00,1,836,orb,6,1,-1,2573.60,2573.60,2573.60
523,3023.00,30.90372572,120.13926907,30.91070834,120.22444996,30.91070834,120.22444996,0.4400,8171.36,1,1,orb,6,1,-1,8096.12,2817.18,2817.18
524,3026.00,30.91503124,120.21312757,30.91070834,120.22444996,30.91070834,120.22444996,0.4867,1183.48,1,373,orb,8,1,-1,1242.67,1242.67,1242.67
525,3030.00,30.92528519,120.13672440,30.91070834,120.22444996,30.91070834,120.22444996,0.4633,8533.02,1,672,orb,7,1,-1,8167.94,1749.04,1749.04
526,3034.00,30.93337769,120.20656385,30.91070834,120.22444996,30.91070834,120.22444996,0.4400,3047.24,1,985,orb,6,1,-1,2042.07,2042.07,2042.07
527,3038.00,30.90351112,120.24434993,30.91070834,120.22444996,30.91070834,120.22444996,0.4167,2062.33,1,51,orb,5,1,-1,2862.71,1207.97,1207.97
528,3042.00,30.92023263,120.19676043,30.91070834,120.22444996,30.91070834,120.22444996,0.5333,2848.84,1,589,orb,10,1,-1,2657.86,1138.75,1138.75
529,3046.00,30.93224635,120.21005210,30.91070834,120.22444996,30.91070834,120.22444996,0.4633,2763.86,1,931,orb,7,1,-1,4962.40,1704.30,1704.30
530,3050.00,30.91077272,120.15274130,30.91070834,120.22444996,30.91077272,120.15274130,0.4867,6847.78,1,232,orb,8,1,-1,6651.95,307.83,307.83
531,3054.00,30.91235474,120.21061498,30.91077272,120.15274130,30.91077272,120.15274130,0.4167,5529.42,1,315,orb,5,1,-1,2070.52,2070.52,2070.52
532,3058.00,30.90455195,120.16288789,30.91077272,120.15274130,30.91077272,120.15274130,0.4633,1190.97,1,13,orb,7,1,-1,6579.16,1545.36,1545.36
533,3062.00,30.93294848,120.20696956,30.91077272,120.15274130,30.91077272,120.15274130,0.4867,5736.80,1,986,orb,8,1,-1,2500.40,607.13,607.13
534,3066.00,30.94703780,120.20551314,30.91077272,120.15274130,30.91077272,120.15274130,0.4400,6457.04,1,1377,orb,6,1,-1,3653.24,939.55,939.55
535,3070.00,30.92487744,120.20107424,30.91077272,120.15274130,30.91077272,120.15274130,0.4167,4875.29,1,703,orb,5,1,-1,2941.06,2941.06,2941.06
536,3074.00,30.92931838,120.21612254,30.91077272,120.15274130,30.91077272,120.15274130,0.5100,6394.97,1,822,orb,9,1,-1,1788.48,1788.48,1788.48
537,3077.00,30.92065717,120.16660835,30.91077272,120.15274130,30.91077272,120.15274130,0.4400,1721.72,1,518,orb,6,1,-1,6515.44,6515.44,6515.44
538,3081.00,30.92446969,120.23092067,30.91077272,120.15274130,30.91077272,120.15274130,0.4167,7619.81,1,717,orb,5,1,-1,570.06,570.06,570.06
539,3085.00,30.91267665,120.18140648,30.91077272,120.15274130,30.91077272,120.15274130,0.4633,2745.56,1,301,orb,7,1,-1,5392.59,1513.02,1513.02
540,3089.00,30.91415136,120.16481964,30.91077272,120.15274130,30.91415136,120.16481964,0.4633,1213.19,1,350,orb,7,1,-1,6841.69,793.16,793.16
541,3093.00,30.91793775,120.14465154,30.91415136,120.16481964,30.91415136,120.16481964,0.4867,1971.53,1,452,orb,8,1,-1,8900.67,2489.07,2489.07
542,3097.00,30.93697094,120.17814883,30.91415136,120.16481964,30.91415136,120.16481964,0.4867,2841.33,1,1084,orb,8,1,-1,6082.57,1278.52,1278.52
543,3101.00,30.93600054,120.17701762,30.91415136,120.16481964,30.91415136,120.16481964,0.4867,2696.79,1,1027,orb,8,1,-1,6314.66,1148.19,1148.19
544,3105.00,30.93586105,120.17209090,30.91415136,120.16481964,30.91415136,120.16481964,0.3933,2514.50,1,1025,orb,4,1,-1,6796.20,6796.20,6796.20
545,3109.00,30.90381157,120.19441590,30.91415136,120.16481964,30.91415136,120.16481964,0.4400,3051.67,1,28,orb,6,1,-1,4942.48,2731.43,2731.43
546,3113.00,30.93579667,120.19304703,30.91415136,120.16481964,30.91415136,120.16481964,0.5100,3615.52,1,1035,orb,9,1,-1,5169.75,337.86,337.86
547,3117.00,30.91288052,120.17849907,30.91415136,120.16481964,30.91415136,120.16481964,0.4633,1313.95,1,300,orb,7,1,-1,6418.35,998.96,998.96
548,3178.00,30.90487853,120.19455349,30.91415136,120.16481964,30.91415136,120.16481964,0.4633,3021.23,1,84,orb,7,1,-1,4859.94,4859.94,4859.94
549,3185.00,30.90367207,120.14577731,30.91415136,120.16481964,30.91415136,120.16481964,0.4633,2160.45,1,4,orb,7,1,-1,9503.40,318.42,318.42
550,3191.00,30.93159180,120.19900490,30.91415136,120.16481964,30.93159180,120.19900490,0.4633,3798.19,1,926,orb,7,1,8,4378.51,75.93,75.93
551,3197.00,30.92806294,120.23484672,30.93159180,120.19900490,30.93159180,120.19900490,0.4867,3445.16,1,831,orb,8,1,-1,1322.48,1322.48,1322.48
552,3203.00,30.90572622,120.15072198,30.93159180,120.19900490,30.93159180,120.19900490,0.4400,5435.96,1,63,orb,6,1,-1,8605.26,891.50,891.50
553,3209.00,30.91802359,120.21230201,30.93159180,120.19900490,30.93159180,120.19900490,0.4633,1973.26,1,485,orb,7,1,-1,2389.87,1386.74,1386.74
554,3215.00,30.90855762,120.17426031,30.93159180,120.19900490,30.93159180,120.19900490,0.4400,3486.91,1,186,orb,6,1,-1,6186.72,1136.52,1136.52
555,3221.00,30.90905121,120.17340973,30.93159180,120.19900490,30.93159180,120.19900490,0.4633,3502.89,1,186,orb,7,1,-1,6096.62,3599.58,3599.58
556,3227.00,30.92326323,120.24973241,30.93159180,120.19900490,30.93159180,120.19900490,0.4167,4932.12,1,670,orb,5,1,-1,1389.80,1389.80,1389.80
557,3234.00,30.91411917,120.19144050,30.93159180,120.19900490,30.93159180,120.19900490,0.4400,2074.86,1,362,orb,6,1,-1,4239.85,3346.06,3346.06
558,3239.00,30.93067506,120.18764498,30.93159180,120.19900490,30.93159180,120.19900490,0.4400,1089.60,1,865,orb,6,1,-1,4493.94,4493.94,4493.94
559,3245.00,30.91786264,120.19051487,30.93159180,120.19900490,30.93159180,120.19900490,0.4167,1730.06,1,474,orb,5,1,-1,4019.53,4019.53,4019.53
560,3251.00,30.91272424,120.19192833,30.93159180,120.19900490,30.91272424,120.19192833,0.4400,2206.37,1,362,orb,6,1,-1,3961.85,322.62,322.62
561,3257.00,30.92722131,120.21125836,30.91272424,120.19192833,30.91272424,120.19192833,0.4167,2451.89,1,764,orb,5,1,-1,1997.20,1997.20,1997.20
562,3263.00,30.91272424,120.19192833,30.91272424,120.19192833,30.91272424,120.19192833,0.3000,0.00,0,-1,orb,0,0,-1,,,
563,3269.00,30.91303074,120.16654581,30.91272424,120.19192833,30.91272424,120.19192833,0.4400,2424.13,1,294,orb,6,1,-1,6090.40,6090.40,6090.40
564,3275.00,30.90321067,120.16312555,30.91272424,120.19192833,30.91272424,120.19192833,0.4400,2947.35,1,13,orb,6,1,-1,6410.40,3597.39,3597.39
565,3281.00,30.90564038,120.16680143,30.91272424,120.19192833,30.91272424,120.19192833,0.4400,2525.74,1,71,orb,6,1,-1,5881.63,5881.63,5881.63
566,3286.00,30.91621624,120.24678747,30.91272424,120.19192833,30.91272424,120.19192833,0.3933,5253.15,1,445,orb,4,1,-1,2107.12,2107.12,2107.12
567,3292.00,30.91272424,120.19192833,30.91272424,120.19192833,30.91272424,120.19192833,0.3000,0.00,0,-1,orb,0,0,-1,,,
568,3298.00,30.91291271,120.17941219,30.91272424,120.19192833,30.91272424,120.19192833,0.5100,1195.41,1,300,orb,9,1,-1,7015.77,992.11,992.11
569,3304.00,30.90489999,120.19455349,30.91272424,120.19192833,30.91272424,120.19192833,0.6033,906.35,1,84,orb,13,1,-1,3170.79,1052.55,1052.55
570,3310.00,30.92530665,120.15135992,30.91272424,120.19192833,30.91272424,120.19192833,0.4867,4119.49,1,679,orb,8,1,-1,6781.28,1314.94,1314.94
571,3315.00,30.90332870,120.16470162,30.91272424,120.19192833,30.91272424,120.19192833,0.4167,2802.49,1,13,orb,5,1,-1,5809.99,1754.42,1754.42
572,3321.00,30.93698167,120.14806474,30.91272424,120.19192833,30.93698167,120.14806474,0.4633,4983.70,1,1070,orb,7,1,-1,7015.49,598.14,598.14
573,3327.00,30.90357550,120.24434993,30.93698167,120.14806474,30.93698167,120.14806474,0.4400,9918.26,1,51,orb,6,1,-1,3057.01,2765.68,2765.68
574,3333.00,30.93967963,120.15385455,30.93698167,120.14806474,30.93698167,120.14806474,0.4167,629.20,1,1128,orb,5,1,-1,6495.61,3421.53,3421.53
575,3339.00,30.90370426,120.22323119,30.93698167,120.14806474,30.93698167,120.14806474,0.4400,8077.52,1,41,orb,6,1,-1,7700.85,1038.51,1038.51
576,3345.00,30.94176597,120.19926757,30.93698167,120.14806474,30.93698167,120.14806474,0.4867,4918.51,1,1206,orb,8,1,-1,2679.22,1297.61,1297.61
577,3350.00,30.90485707,120.20720723,30.93698167,120.14806474,30.93698167,120.14806474,0.4400,6684.76,1,90,orb,6,1,-1,1994.11,1994.11,1994.11
578,3357.00,30.91601236,120.16209441,30.93698167,120.14806474,30.93698167,120.14806474,0.4400,2691.45,1,404,orb,6,1,-1,5049.51,1262.44,1262.44
579,3363.00,30.92013139,120.15412974,30.93698167,120.14806474,30.93698167,120.14806474,0.5100,1963.15,1,512,orb,9,1,-1,5619.19,1128.64,1128.64
580,3369.00,30.90361842,120.22205539,30.93698167,120.14806474,30.93698167,120.14806474,0.4167,7982.35,1,41,orb,5,1,-1,2384.61,1324.58,1324.58
581,3375.00,30.93585032,120.17690505,30.93698167,120.14806474,30.93698167,120.14806474,0.5333,2756.97,1,1027,orb,10,1,-1,3537.74,688.99,688.99
582,3381.00,30.91168479,120.22533806,30.93698167,120.14806474,30.91168479,120.22533806,0.4633,7898.25,1,266,orb,7,1,-1,2004.67,1972.43,1972.43
583,3387.00,30.90613397,120.23453400,30.91168479,120.22533806,30.91168479,120.22533806,0.4400,1073.77,1,103,orb,6,1,-1,3237.85,968.75,968.75
584,3393.00,30.90358623,120.22146749,30.91168479,120.22533806,30.91168479,120.22533806,0.4167,974.36,1,41,orb,5,1,-1,2636.07,1059.25,1059.25
585,3399.00,30.91168479,120.22533806,30.91168479,120.22533806,30.91168479,120.22533806,0.3000,0.00,0,-1,orb,0,0,-1,,,
586,3405.00,30.92886771,120.13981238,30.91168479,120.22533806,30.91168479,120.22533806,0.4400,8388.23,1,786,orb,6,1,-1,6169.59,688.62,688.62
587,3412.00,30.91607675,120.22599394,30.91168479,120.22533806,30.91168479,120.22533806,0.4167,492.91,1,435,orb,5,1,-1,2309.15,2309.15,2309.15
588,3418.00,30.90505022,120.20713217,30.91168479,120.22533806,30.91168479,120.22533806,0.4167,1888.93,1,90,orb,5,1,-1,2105.65,1006.09,1006.09
589,3424.00,30.91985240,120.19061494,30.91168479,120.22533806,30.91168479,120.22533806,0.4633,3438.26,1,530,orb,7,1,-1,1318.31,1035.49,1035.49
590,3430.00,30.90332870,120.14916549,30.91168479,120.22533806,30.91168479,120.22533806,0.4867,7333.29,1,6,orb,8,1,-1,5464.04,910.09,910.09
591,3436.00,30.92171341,120.17796120,30.91168479,120.22533806,30.91168479,120.22533806,0.4167,4659.93,1,580,orb,5,1,-1,2088.75,1288.66,1288.66
592,3442.00,30.90413347,120.16173166,30.91168479,120.22533806,30.91168479,120.22533806,0.4633,6131.95,1,12,orb,7,1,-1,4259.61,876.37,876.37
593,3448.00,30.91664545,120.20602598,30.91168479,120.22533806,30.91664545,120.20602598,0.4633,1925.10,1,425,orb,7,1,-1,1192.70,913.65,913.65
594,3454.00,30.93598981,120.17698010,30.91664545,120.20602598,30.91664545,120.20602598,0.4400,3511.51,1,1027,orb,6,1,-1,2336.42,2245.23,2245.23
595,3460.00,30.91978802,120.23387812,30.91664545,120.20602598,30.91664545,120.20602598,0.4867,2682.63,1,550,orb,8,1,-1,3564.29,828.46,828.46
596,3466.00,30.91733686,120.16691400,30.91664545,120.20602598,30.91664545,120.20602598,0.4633,3735.77,1,463,orb,7,1,-1,2705.87,901.49,901.49
597,3472.00,30.90365061,120.19451597,30.91664545,120.20602598,30.91664545,120.20602598,0.6733,1816.79,1,28,orb,16,1,-1,2415.62,839.29,839.29
598,3478.00,30.91210794,120.16059339,30.91664545,120.20602598,30.91664545,120.20602598,0.4633,4367.87,1,292,orb,7,1,-1,3322.77,618.97,618.97
599,3484.00,30.94180889,120.19944269,30.91664545,120.20602598,30.91664545,120.20602598,0.4400,2870.87,1,1206,orb,6,1,-1,1887.51,1887.51,1887.51
600,3490.00,30.91147019,120.23825992,30.91664545,120.20602598,30.91664545,120.20602598,0.4867,3131.61,1,273,orb,8,1,-1,4888.00,569.58,569.58
601,3496.00,30.91094440,120.18317562,30.91664545,120.20602598,30.91664545,120.20602598,0.4400,2272.50,1,246,orb,6,1,-1,1823.96,747.42,747.42
602,3502.00,30.91789483,120.18884580,30.91664545,120.20602598,30.91664545,120.20602598,0.4867,1646.50,1,473,orb,8,1,-1,902.39,902.39,902.39
603,3508.00,30.91532096,120.14460151,30.91664545,120.20602598,30.91532096,120.14460151,0.4400,5867.55,1,340,orb,6,1,-1,4323.55,916.96,916.96
604,3514.00,30.90496437,120.18311308,30.91532096,120.14460151,30.91532096,120.14460151,0.3933,3854.12,1,78,orb,4,1,-1,2373.79,2373.79,2373.79
605,3520.00,30.93051411,120.14525195,30.91532096,120.14460151,30.91532096,120.14460151,0.4167,1692.44,1,844,orb,5,1,-1,3953.04,3953.04,3953.04
606,3527.00,30.91532096,120.14460151,30.91532096,120.14460151,30.91532096,120.14460151,0.3000,0.00,0,-1,orb,0,0,-1,,,
607,3533.00,30.91532096,120.14460151,30.91532096,120.14460151,30.91532096,120.14460151,0.3000,0.00,0,-1,orb,0,0,-1,,,
608,3539.00,30.90505022,120.17459804,30.91532096,120.14460151,30.91532096,120.14460151,0.4633,3084.25,1,74,orb,7,1,-1,2545.65,965.40,965.40
609,3545.00,30.91519686,120.17427282,30.91532096,120.14460151,30.91532096,120.14460151,0.4867,2833.48,1,410,orb,8,1,-1,1434.17,231.06,231.06
610,3551.00,30.92068936,120.16381352,30.91532096,120.14460151,30.91532096,120.14460151,0.4167,1929.52,1,517,orb,5,1,-1,1850.32,1850.32,1850.32
611,3557.00,30.93586105,120.19304703,30.91532096,120.14460151,30.91532096,120.14460151,0.4400,5160.49,1,1035,orb,6,1,-1,1560.92,1560.92,1560.92
612,3563.00,30.90616616,120.20812035,30.91532096,120.14460151,30.91532096,120.14460151,0.4167,6150.71,1,90,orb,5,1,-1,3760.11,1027.69,1027.69
613,3569.00,30.91120193,120.18346332,30.91532096,120.14460151,30.91532096,120.14460151,0.4400,3739.31,1,246,orb,6,1,-1,1964.69,947.42,947.42
614,3575.00,30.93600054,120.17701762,30.91532096,120.14460151,30.91532096,120.14460151,0.4867,3857.71,1,1027,orb,8,1,-1,897.75,897.75,897.75
615,3581.00,30.93041753,120.18758950,30.91532096,120.14460151,30.93041753,120.18758950,0.4400,4435.79,1,864,orb,6,1,-1,1155.42,1155.42,1155.42
616,3587.00,30.93603274,120.18209989,30.93041753,120.18758950,30.93041753,120.18758950,0.5100,815.81,1,1030,orb,9,1,-1,1189.56,961.02,961.02
617,3593.00,30.91368996,120.19169067,30.93041753,120.18758950,30.93041753,120.18758950,0.4633,1902.85,1,362,orb,7,1,-1,2315.88,846.16,846.16
618,3599.00,30.90367207,120.14020014,30.93041753,120.18758950,30.93041753,120.18758950,0.4400,5416.99,1,2,orb,6,1,-1,1632.55,1623.58,1623.58
619,3605.00,30.90989890,120.22980197,30.93041753,120.18758950,30.93041753,120.18758950,0.4867,4633.22,1,212,orb,8,1,-1,5924.48,952.65,952.65
620,3610.00,30.91649522,120.23344032,30.93041753,120.18758950,30.93041753,120.18758950,0.4400,4644.70,1,438,orb,6,1,-1,6164.03,811.00,811.00
621,3616.00,30.93127595,120.16572025,30.93041753,120.18758950,30.93041753,120.18758950,0.5100,2090.58,1,854,orb,9,1,-1,351.45,351.45,351.45
622,3622.00,30.92410486,120.18580079,30.93041753,120.18758950,30.93041753,120.18758950,0.4633,723.19,1,696,orb,7,1,-1,1845.69,956.74,956.74
623,3628.00,30.90338236,120.20741987,30.93041753,120.18758950,30.93041753,120.18758950,0.4167,3555.77,1,34,orb,5,1,-1,4830.83,1844.03,1844.03
624,3634.00,30.91237620,120.15924954,30.93041753,120.18758950,30.93041753,120.18758950,0.4400,3370.11,1,291,orb,6,1,-1,1979.80,1979.80,1979.80
625,3640.00,30.90499656,120.20735733,30.93041753,120.18758950,30.90499656,120.20735733,0.4633,3401.71,1,90,orb,7,1,-1,4891.77,1109.84,1109.84
626,3646.00,30.91804505,120.24674994,30.90499656,120.20735733,30.90499656,120.20735733,0.4633,4032.48,1,501,orb,7,1,-1,8080.22,1033.13,1033.13
627,3652.00,30.90361842,120.19450346,30.90499656,120.20735733,30.90499656,120.20735733,0.5567,1237.02,1,28,orb,11,1,-1,4246.88,968.43,968.43
628,3657.00,30.91166800,120.17953021,30.90499656,120.20735733,30.90499656,120.20735733,0.4400,2759.16,1,301,orb,6,1,-1,2627.42,2268.69,2268.69
629,3663.00,30.90499656,120.20735733,30.90499656,120.20735733,30.90499656,120.20735733,0.3000,0.00,0,-1,orb,0,0,-1,,,
630,3669.00,30.91944465,120.16563975,30.90499656,120.20735733,30.90499656,120.20735733,0.4400,4296.22,1,517,orb,6,1,-1,1233.04,1011.17,1011.17
631,3675.00,30.90635325,120.16455696,30.90499656,120.20735733,30.90499656,120.20735733,0.4867,4089.99,1,126,orb,8,1,-1,2683.16,882.50,882.50
632,3681.00,30.93620442,120.17704264,30.90499656,120.20735733,30.90499656,120.20735733,0.5800,4522.11,1,1027,orb,12,1,-1,1837.72,753.99,753.99
633,3687.00,30.93786155,120.14964081,30.90499656,120.20735733,30.90499656,120.20735733,0.4867,6615.34,1,1070,orb,8,1,-1,1076.43,666.66,666.66
634,3692.00,30.92505519,120.18069894,30.90499656,120.20735733,30.90499656,120.20735733,0.4400,3386.25,1,638,orb,6,1,-1,2678.05,672.88,672.88
635,3699.00,30.90384376,120.21020220,30.90499656,120.20735733,30.90499656,120.20735733,0.4633,300.45,1,35,orb,7,1,-1,6066.27,3472.65,3472.65
636,3705.00,30.92360660,120.13668687,30.90499656,120.20735733,30.92360660,120.13668687,0.4400,7059.46,1,616,orb,6,1,-1,1895.55,1325.31,1325.31
637,3711.00,30.91986313,120.19027721,30.92360660,120.13668687,30.92360660,120.13668687,0.4867,5134.52,1,530,orb,8,1,-1,3850.39,1020.96,1020.96
638,3717.00,30.91178136,120.24277386,30.92360660,120.13668687,30.92360660,120.13668687,0.5100,10215.89,1,275,orb,9,1,-1,7955.15,488.93,488.93
639,3723.00,30.91105171,120.19354737,30.92360660,120.13668687,30.92360660,120.13668687,0.5100,5606.85,1,251,orb,9,1,-1,4644.71,1383.40,1383.40
640,3729.00,30.90514679,120.15778060,30.92360660,120.13668687,30.92360660,120.13668687,0.4167,2877.56,1,66,orb,5,1,-1,3042.94,3042.94,3042.94
641,3735.00,30.93321674,120.15173517,30.92360660,120.13668687,30.92360660,120.13668687,0.4400,1791.52,1,959,orb,6,1,-1,299.78,299.78,299.78
642,3740.00,30.92360660,120.13668687,30.92360660,120.13668687,30.92360660,120.13668687,0.3000,0.00,0,-1,orb,0,0,-1,,,
643,3746.00,30.91114828,120.18365095,30.92360660,120.13668687,30.92360660,120.13668687,0.4400,4694.35,1,246,orb,6,1,-1,4167.01,645.22,645.22
644,3752.00,30.92469503,120.18993403,30.92360660,120.13668687,30.92360660,120.13668687,0.4400,5086.25,1,697,orb,6,1,-1,4174.05,521.48,521.48
645,3758.00,30.92754789,120.22793276,30.92360660,120.13668687,30.92360660,120.13668687,0.4633,8724.52,1,827,orb,7,1,-1,7895.25,733.08,733.08
646,3764.00,30.94487635,120.15579881,30.92360660,120.13668687,30.92360660,120.13668687,0.4633,2989.51,1,1297,orb,7,1,-1,1784.76,1359.01,1359.01
647,3770.00,30.90338236,120.20857065,30.92360660,120.13668687,30.90338236,120.20857065,0.4400,7224.27,1,34,orb,6,1,-1,7079.92,3506.61,3506.61
648,3832.00,30.93714262,120.15951221,30.90338236,120.20857065,30.90338236,120.20857065,0.4867,6005.95,1,1075,orb,8,1,-1,1848.76,917.32,917.32
649,3836.00,30.90366134,120.19447844,30.90338236,120.20857065,30.90338236,120.20857065,0.5100,1346.09,1,28,orb,9,1,-1,5808.03,293.54,293.54
650,3840.00,30.90892245,120.15391709,30.90338236,120.20857065,30.90338236,120.20857065,0.4400,5255.42,1,176,orb,6,1,-1,2539.24,750.17,750.17
651,3844.00,30.92867456,120.13858110,30.90338236,120.20857065,30.90338236,120.20857065,0.4400,7252.44,1,785,orb,6,1,-1,633.18,633.18,633.18
652,3848.00,30.93894997,120.15331669,30.90338236,120.20857065,30.90338236,120.20857065,0.4633,6596.79,1,1128,orb,7,1,-1,1259.32,723.67,723.67
653,3852.00,30.94347675,120.16553262,30.90338236,120.20857065,30.90338236,120.20857065,0.4400,6067.32,1,1246,orb,6,1,-1,2323.91,2323.91,2323.91
654,3856.00,30.91958415,120.15184775,30.90338236,120.20857065,30.90338236,120.20857065,0.4633,5709.10,1,511,orb,7,1,-1,1143.23,1103.72,1103.72
655,3860.00,30.91159895,120.13953174,30.90338236,120.20857065,30.90338236,120.20857065,0.4167,6655.98,1,225,orb,5,1,-1,2316.44,2316.44,2316.44
656,3864.00,30.92644873,120.14905291,30.90338236,120.20857065,30.90338236,120.20857065,0.4167,6236.73,1,734,orb,5,1,-1,284.39,284.39,284.39
657,3868.00,30.91128777,120.18358840,30.90338236,120.20857065,30.91128777,120.18358840,0.4400,2542.80,1,246,orb,6,1,-1,3649.93,2219.90,2219.90
658,3872.00,30.90860054,120.13885629,30.91128777,120.18358840,30.91128777,120.18358840,0.4633,4282.13,1,169,orb,7,1,-1,2577.36,2233.83,2233.83
659,3876.00,30.91128777,120.18358840,30.91128777,120.18358840,30.91128777,120.18358840,0.3000,0.00,0,-1,orb,0,0,-1,,,
660,3880.00,30.91128777,120.18358840,30.91128777,120.18358840,30.91128777,120.18358840,0.3000,0.00,0,-1,orb,0,0,-1,,,
661,3884.00,30.91128777,120.18358840,30.91128777,120.18358840,30.91128777,120.18358840,0.3000,0.00,0,-1,orb,0,0,-1,,,
662,3888.00,30.91128777,120.18358840,30.91128777,120.18358840,30.91128777,120.18358840,0.3000,0.00,0,-1,orb,0,0,-1,,,
663,3892.00,30.90379011,120.19452848,30.91128777,120.18358840,30.91128777,120.18358840,0.5333,1337.18,1,28,orb,10,1,-1,4561.20,387.91,387.91
664,3896.00,30.92376756,120.13671189,30.91128777,120.18358840,30.91128777,120.18358840,0.4867,4687.07,1,616,orb,8,1,-1,2629.28,976.17,976.17
665,3900.00,30.90350039,120.21708569,30.91128777,120.18358840,30.91128777,120.18358840,0.5100,3314.19,1,38,orb,9,1,-1,6088.37,659.99,659.99
666,3904.00,30.90446005,120.22160508,30.91128777,120.18358840,30.91128777,120.18358840,0.6033,3709.09,1,97,orb,13,1,-1,2690.93,906.69,906.69
667,3907.00,30.90357550,120.19451597,30.91128777,120.18358840,30.91128777,120.18358840,0.5800,1351.30,1,28,orb,12,1,-1,4219.75,286.54,286.54
668,3911.00,30.92182071,120.17832395,30.91128777,120.18358840,30.91128777,120.18358840,0.4400,1275.76,1,580,orb,6,1,-1,491.55,491.55,491.55
669,3915.00,30.92531738,120.13676192,30.91128777,120.18358840,30.91128777,120.18358840,0.4400,4736.56,1,672,orb,6,1,-1,2543.89,650.56,650.56
670,3919.00,30.90715802,120.23123338,30.91128777,120.18358840,30.91128777,120.18358840,0.4633,4573.00,1,157,orb,7,1,-1,6753.48,773.47,773.47
671,3923.00,30.92416925,120.20043086,30.91128777,120.18358840,30.92416925,120.20043086,0.5567,2154.78,1,702,orb,11,1,-1,3284.09,710.03,710.03
672,3927.00,30.90339309,120.22296851,30.92416925,120.20043086,30.92416925,120.20043086,0.4167,3159.29,1,41,orb,5,1,-1,5973.03,1211.17,1211.17
673,3931.00,30.91798067,120.18839549,30.92416925,120.20043086,30.92416925,120.20043086,0.4400,1339.97,1,473,orb,6,1,-1,2304.95,1221.21,1221.21
674,3934.00,30.92861018,120.21679800,30.92416925,120.20043086,30.92416925,120.20043086,0.4167,1639.29,1,822,orb,5,1,-1,4597.04,1070.93,1070.93
675,3938.00,30.91902618,120.15282886,30.92416925,120.20043086,30.92416925,120.20043086,0.5333,4581.64,1,512,orb,10,1,-1,1679.95,1455.02,1455.02
676,3942.00,30.91712831,120.16693357,30.92416925,120.20043086,30.92416925,120.20043086,0.4167,3293.43,1,406,orb,5,1,-1,1193.67,1193.67,1193.67
677,3946.00,30.91070834,120.17627962,30.92416925,120.20043086,30.92416925,120.20043086,0.4633,2750.36,1,243,orb,7,1,-1,1786.04,316.82,316.82
678,3950.00,30.91133069,120.18362593,30.92416925,120.20043086,30.92416925,120.20043086,0.4633,2148.93,1,246,orb,7,1,-1,1969.11,794.23,794.23
679,3954.00,30.91942319,120.23412122,30.92416925,120.20043086,30.92416925,120.20043086,0.3933,3260.34,1,551,orb,4,1,-1,5950.90,5950.90,5950.90
680,3958.00,30.90361842,120.18676394,30.92416925,120.20043086,30.92416925,120.20043086,0.4633,2633.81,1,24,orb,7,1,-1,2701.82,1105.72,1105.72
681,3962.00,30.91295563,120.16673344,30.92416925,120.20043086,30.91295563,120.16673344,0.5333,3451.56,1,294,orb,10,1,-1,1743.55,1008.01,1008.01
682,3966.00,30.90755503,120.15292892,30.91295563,120.16673344,30.91295563,120.16673344,0.4633,1448.87,1,120,orb,7,1,-1,3040.62,1290.10,1290.10
683,3970.00,30.91700422,120.16702658,30.91295563,120.16673344,30.91295563,120.16673344,0.4633,451.56,1,463,orb,7,1,-1,1254.26,1209.13,1209.13
684,3974.00,30.91295563,120.16673344,30.91295563,120.16673344,30.91295563,120.16673344,0.3000,0.00,0,-1,orb,0,0,-1,,,
685,3978.00,30.91295563,120.16673344,30.91295563,120.16673344,30.91295563,120.16673344,0.3000,0.00,0,-1,orb,0,0,-1,,,
686,3982.00,30.91295563,120.16673344,30.91295563,120.16673344,30.91295563,120.16673344,0.3000,0.00,0,-1,orb,0,0,-1,,,
687,3986.00,30.92569294,120.14463903,30.91295563,120.16673344,30.91295563,120.16673344,0.4867,2542.07,1,676,orb,8,1,-1,3546.85,1265.85,1265.85
688,3990.00,30.91581922,120.15726775,30.91295563,120.16673344,30.91295563,120.16673344,0.4633,958.48,1,402,orb,7,1,-1,2610.79,764.92,764.92
689,3994.00,30.92893209,120.21448393,30.91295563,120.16673344,30.91295563,120.16673344,0.4633,4894.47,1,822,orb,7,1,-1,3102.99,840.71,840.71
690,3998.00,30.91080491,120.17933007,30.91295563,120.16673344,30.91295563,120.16673344,0.4167,1226.50,1,245,orb,5,1,-1,1541.61,808.59,808.59
691,4001.00,30.91429085,120.23670342,30.91295563,120.16673344,30.91295563,120.16673344,0.4400,6683.40,1,384,orb,6,1,-1,4987.56,592.56,592.56
692,4005.00,30.91261226,120.16079352,30.91295563,120.16673344,30.91295563,120.16673344,0.4400,568.52,1,292,orb,6,1,-1,2725.36,1877.54,1877.54
693,4009.00,30.92834192,120.24175523,30.91295563,120.16673344,30.91295563,120.16673344,0.5100,7366.07,1,834,orb,9,1,-1,5112.08,1448.82,1448.82
694,4013.00,30.91295563,120.16673344,30.91295563,120.16673344,30.91295563,120.16673344,0.3000,0.00,0,-1,orb,0,0,-1,,,
695,4017.00,30.92062498,120.17715522,30.91295563,120.16673344,30.92062498,120.17715522,0.6033,1311.24,1,523,orb,13,1,-1,1367.20,405.83,405.83
696,4021.00,30.94642618,120.21537203,30.92062498,120.17715522,30.92062498,120.17715522,0.5100,4644.17,1,1382,orb,9,1,-1,3549.64,426.29,426.29
697,4025.00,30.93061068,120.18782716,30.92062498,120.17715522,30.92062498,120.17715522,0.4633,1508.07,1,864,orb,7,1,-1,980.59,980.59,980.59
698,4029.00,30.91525052,120.20313108,30.92062498,120.17715522,30.92062498,120.17715522,0.5333,2551.68,1,424,orb,10,1,-1,1250.27,526.42,526.42
699,4033.00,30.91032205,120.16758946,30.92062498,120.17715522,30.92062498,120.17715522,0.5100,1466.24,1,239,orb,9,1,-1,2821.96,599.77,599.77
700,4037.00,30.91188261,120.21511642,30.92062498,120.17715522,30.92062498,120.17715522,0.4867,3753.45,1,317,orb,8,1,-1,2126.60,712.75,712.75
701,4041.00,30.92589076,120.13604894,30.92062498,120.17715522,30.92062498,120.17715522,0.4867,3968.95,1,728,orb,8,1,-1,5705.99,1019.67,1019.67
702,4045.00,30.91279468,120.18818285,30.92062498,120.17715522,30.92062498,120.17715522,0.4633,1367.03,1,305,orb,7,1,-1,3750.07,1224.60,1224.60
703,4048.00,30.92840631,120.24964485,30.92062498,120.17715522,30.92062498,120.17715522,0.3933,6976.34,1,838,orb,4,1,-1,4981.55,4981.55,4981.55
704,4052.00,30.93641902,120.18325068,30.92062498,120.17715522,30.92062498,120.17715522,0.4867,1852.04,1,1030,orb,8,1,-1,2208.90,1067.26,1067.26
705,4056.00,30.90531847,120.20769506,30.92062498,120.17715522,30.90531847,120.20769506,0.4633,3377.67,1,90,orb,7,1,-1,1966.08,1146.30,1146.30
706,4060.00,30.93675633,120.14816481,30.90531847,120.20769506,30.90531847,120.20769506,0.4167,6675.68,1,1070,orb,5,1,-1,5276.68,4074.07,4074.07
707,4064.00,30.90822498,120.21356536,30.90531847,120.20769506,30.90531847,120.20769506,0.4633,647.25,1,205,orb,7,1,-1,1800.29,1125.93,1125.93
708,4068.00,30.93709970,120.17841151,30.90531847,120.20769506,30.90531847,120.20769506,0.4867,4509.61,1,1084,orb,8,1,-1,2981.06,1400.83,1400.83
709,4072.00,30.90453516,120.20774509,30.90531847,120.20769506,30.90531847,120.20769506,0.4633,87.33,1,90,orb,7,1,-1,1791.89,218.98,218.98
710,4076.00,30.90701852,120.24359942,30.90531847,120.20769506,30.90531847,120.20769506,0.4167,3433.89,1,163,orb,5,1,-1,3966.25,1074.97,1074.97
711,4080.00,30.91845280,120.14188172,30.90531847,120.20769506,30.90531847,120.20769506,0.4867,6452.64,1,451,orb,8,1,-1,6046.79,2840.81,2840.81
712,4084.00,30.91021475,120.17811131,30.90531847,120.20769506,30.90531847,120.20769506,0.4400,2877.18,1,244,orb,6,1,-1,2947.07,1130.69,1130.69
713,4088.00,30.93331331,120.20696956,30.90531847,120.20769506,30.90531847,120.20769506,0.4633,3117.16,1,986,orb,7,1,-1,1515.13,1312.52,1312.52
714,4092.00,30.94369136,120.17868670,30.90531847,120.20769506,30.90531847,120.20769506,0.4167,5091.25,1,1252,orb,5,1,-1,3941.24,3140.97,3140.97
715,4096.00,30.91866741,120.18950875,30.90531847,120.20769506,30.91866741,120.18950875,0.4400,2285.67,1,473,orb,6,1,-1,2129.80,1772.50,1772.50
716,4100.00,30.91856477,120.19381549,30.91866741,120.18950875,30.91866741,120.18950875,0.4167,411.43,1,532,orb,5,1,-1,1611.46,1611.46,1611.46
717,4104.00,30.91378653,120.19169067,30.91866741,120.18950875,30.91866741,120.18950875,0.4400,581.92,1,362,orb,6,1,-1,2193.71,540.32,540.32
718,4108.00,30.94469394,120.17650477,30.91866741,120.18950875,30.91866741,120.18950875,0.5100,3152.19,1,1307,orb,9,1,-1,4561.77,1813.26,1813.26
719,4112.00,30.90352185,120.22803827,30.91866741,120.18950875,30.91866741,120.18950875,0.4167,4047.25,1,44,orb,5,1,-1,2204.55,1897.70,1897.70
720,4116.00,30.91866741,120.18950875,30.91866741,120.18950875,30.91866741,120.18950875,0.3000,0.00,0,-1,orb,0,0,-1,,,
721,4120.00,30.92704962,120.18947122,30.91866741,120.18950875,30.91866741,120.18950875,0.4167,933.12,1,753,orb,5,1,-1,2821.16,2821.16,2821.16
722,4124.00,30.90956626,120.17656732,30.91866741,120.18950875,30.91866741,120.18950875,0.4167,1598.04,1,187,orb,5,1,-1,4142.35,1423.83,1423.83
723,4127.00,30.91139507,120.18370098,30.91866741,120.18950875,30.91866741,120.18950875,0.4633,981.31,1,246,orb,7,1,-1,3597.07,729.08,729.08
724,4131.00,30.91063323,120.16776458,30.91866741,120.18950875,30.91866741,120.18950875,0.4867,2260.87,1,239,orb,8,1,-1,5055.94,1241.61,1241.61
725,4135.00,30.94325142,120.20290592,30.91866741,120.18950875,30.91866741,120.18950875,0.4867,3020.97,1,1264,orb,8,1,-1,3193.32,1105.17,1105.17
726,4139.00,30.91135215,120.22675696,30.91866741,120.18950875,30.91135215,120.22675696,0.4633,3649.02,1,267,orb,7,1,-1,959.93,959.93,959.93
727,4143.00,30.90670734,120.21489126,30.91135215,120.22675696,30.91135215,120.22675696,0.4167,1245.51,1,149,orb,5,1,-1,1514.11,1514.11,1514.11
728,4147.00,30.91304147,120.19205341,30.91135215,120.22675696,30.91135215,120.22675696,0.4633,3319.33,1,306,orb,7,1,-1,3217.88,1571.52,1571.52
729,4151.00,30.91431231,120.19166565,30.91135215,120.22675696,30.91135215,120.22675696,0.4867,3367.19,1,362,orb,8,1,-1,3278.48,929.33,929.33
730,4155.00,30.90387595,120.23125840,30.91135215,120.22675696,30.91135215,120.22675696,0.4867,936.71,1,45,orb,8,1,-1,1652.46,1463.09,1463.09
731,4159.00,30.91128777,120.18360091,30.91135215,120.22675696,30.91135215,120.22675696,0.4867,4121.17,1,246,orb,8,1,-1,4312.31,986.27,986.27
732,4163.00,30.90347893,120.22184275,30.91135215,120.22675696,30.91135215,120.22675696,0.4167,994.18,1,41,orb,5,1,-1,1646.76,1646.76,1646.76
733,4167.00,30.92835265,120.23440892,30.91135215,120.22675696,30.91135215,120.22675696,0.4633,2028.67,1,831,orb,7,1,-1,1386.75,1386.75,1386.75
734,4171.00,30.91803432,120.18848305,30.91135215,120.22675696,30.91135215,120.22675696,0.4867,3729.87,1,473,orb,8,1,-1,3930.76,1217.07,1217.07
735,4175.00,30.92524227,120.13658680,30.91135215,120.22675696,30.91135215,120.22675696,0.4633,8748.48,1,672,orb,7,1,-1,9070.22,1510.51,1510.51
736,4179.00,30.90466393,120.15212838,30.91135215,120.22675696,30.90466393,120.15212838,0.4633,7165.40,1,64,orb,7,1,-1,7630.69,1578.20,1578.20
737,4183.00,30.90367207,120.14113828,30.90466393,120.15212838,30.90466393,120.15212838,0.5100,1055.29,1,2,orb,9,1,-1,8937.70,533.25,533.25
738,4187.00,30.90485707,120.19928008,30.90466393,120.15212838,30.90466393,120.15212838,0.4400,4502.78,1,86,orb,6,1,-1,3542.09,665.35,665.35
739,4191.00,30.92978445,120.21530949,30.90466393,120.15212838,30.90466393,120.15212838,0.4633,6649.99,1,878,orb,7,1,-1,2391.77,1446.47,1446.47
740,4195.00,30.92901793,120.14123834,30.90466393,120.15212838,30.90466393,120.15212838,0.4167,2903.70,1,786,orb,5,1,-1,9208.28,9208.28,9208.28
741,4199.00,30.90466393,120.15212838,30.90466393,120.15212838,30.90466393,120.15212838,0.3000,0.00,0,-1,orb,0,0,-1,,,
742,4203.00,30.91563681,120.16096864,30.90466393,120.15212838,30.90466393,120.15212838,0.4167,1484.83,1,404,orb,5,1,-1,7293.99,7293.99,7293.99
743,4206.00,30.92775176,120.23705366,30.90466393,120.15212838,30.90466393,120.15212838,0.4633,8507.41,1,832,orb,7,1,-1,1445.66,859.39,859.39
744,4210.00,30.90444932,120.15901187,30.90466393,120.15212838,30.90466393,120.15212838,0.4167,657.77,1,67,orb,5,1,-1,7769.71,5746.11,5746.11
745,4214.00,30.91126631,120.16208190,30.90466393,120.15212838,30.90466393,120.15212838,0.4400,1201.52,1,236,orb,6,1,-1,7599.18,1577.28,1577.28
746,4218.00,30.90904048,120.17330966,30.90466393,120.15212838,30.90466393,120.15212838,0.4167,2080.54,1,186,orb,5,1,-1,6609.79,6609.79,6609.79
747,4222.00,30.93837660,120.16387606,30.90466393,120.15212838,30.93837660,120.16387606,0.4400,3916.98,1,1077,orb,6,1,-1,8064.22,3733.13,3733.13
748,4226.00,30.90442786,120.20726977,30.93837660,120.16387606,30.93837660,120.16387606,0.4867,5608.36,1,90,orb,8,1,-1,3721.87,3721.87,3721.87
749,4230.00,30.90720094,120.15151002,30.93837660,120.16387606,30.93837660,120.16387606,0.4167,3665.88,1,119,orb,5,1,-1,9098.22,5605.96,5605.96
750,4234.00,30.94216299,120.18859563,30.93837660,120.16387606,30.93837660,120.16387606,0.4633,2397.92,1,1201,orb,7,1,-1,6290.96,576.44,576.44
751,4238.00,30.91368996,120.19161562,30.93837660,120.16387606,30.93837660,120.16387606,0.4400,3816.96,1,362,orb,6,1,-1,1894.73,1894.73,1894.73
752,4301.00,30.90374718,120.21003959,30.93837660,120.16387606,30.93837660,120.16387606,0.5333,5856.13,1,35,orb,10,1,-1,3766.21,978.70,978.70
753,4307.00,30.92234649,120.19885479,30.93837660,120.16387606,30.93837660,120.16387606,0.4633,3787.05,1,590,orb,7,1,-1,4671.80,875.05,875.05
754,4313.00,30.91377580,120.22649428,30.93837660,120.16387606,30.93837660,120.16387606,0.4167,6576.96,1,379,orb,5,1,-1,1871.22,1871.22,1871.22
755,4319.00,30.93837660,120.16387606,30.93837660,120.16387606,30.93837660,120.16387606,0.3000,0.00,0,-1,orb,0,0,-1,,,
756,4325.00,30.90484634,120.20719472,30.93837660,120.16387606,30.93837660,120.16387606,0.4167,5571.75,1,90,orb,5,1,-1,3560.42,3560.42,3560.42
757,4331.00,30.93765767,120.14905291,30.93837660,120.16387606,30.93837660,120.16387606,0.4167,1417.79,1,1070,orb,5,1,-1,9391.77,9391.77,9391.77
758,4337.00,30.90492145,120.20720723,30.93837660,120.16387606,30.90492145,120.20720723,0.5567,5567.04,1,90,orb,11,1,-1,3382.90,534.82,534.82
759,4343.00,30.90491072,120.20716970,30.90492145,120.20720723,30.90491072,120.20716970,0.5333,3.78,0,90,orb,10,1,-1,3293.39,593.17,593.17
760,4349.00,30.93329791,120.13808076,30.90491071,120.20716965,30.90491071,120.20716965,0.4400,7315.35,1,897,orb,6,1,-1,9914.82,9914.82,9914.82
761,4355.00,30.91892960,120.17331673,30.90491069,120.20716960,30.90491069,120.20716960,0.4633,3589.73,1,521,orb,7,1,-1,6428.94,2906.46,2906.46
762,4361.00,30.91351360,120.17324712,30.90491068,120.20716954,30.90491068,120.20716954,0.4867,3378.00,1,298,orb,8,1,-1,6094.96,1029.58,1029.58
763,4366.00,30.91221057,120.17560416,30.90491067,120.20716950,30.90491067,120.20716950,0.4400,3121.93,1,243,orb,6,1,-1,5807.39,5807.39,5807.39
764,4372.00,30.90491067,120.20716950,30.90491065,120.20716945,30.90491065,120.20716945,0.3000,0.00,0,-1,orb,0,0,-1,,,
765,4378.00,30.90491065,120.20716945,30.90491064,120.20716940,30.90491064,120.20716940,0.0000,0.00,0,-1,orb,0,0,-1,,,
766,4384.00,30.90329651,120.18582581,30.90491062,120.20716935,30.90491062,120.20716935,0.3933,2046.09,1,24,orb,4,1,-1,4663.11,4663.11,4663.11
767,4390.00,30.92362806,120.23515943,30.90491061,120.20716929,30.90491061,120.20716929,0.4167,3389.09,1,663,orb,5,1,-1,1016.87,1016.87,1016.87
768,4396.00,30.91108390,120.19595444,30.90491059,120.20716924,30.90491059,120.20716924,0.4400,1272.48,1,252,orb,6,1,-1,3544.89,3544.89,3544.89
769,4401.00,30.90491059,120.20716924,30.90491058,120.20716920,30.90491058,120.20716920,0.3000,0.00,0,-1,orb,0,0,-1,,,
770,4407.00,30.90491058,120.20716920,30.90491056,120.20716915,30.90491056,120.20716915,0.3000,0.00,0,-1,orb,0,0,-1,,,
771,4413.00,30.90667515,120.24106726,30.90491055,120.20716910,30.90491055,120.20716910,0.4400,3243.04,1,162,orb,6,1,-1,1530.07,1530.07,1530.07
772,4419.00,30.91273030,120.18068099,30.90491053,120.20716904,30.90491053,120.20716904,0.4167,2675.06,1,301,orb,5,1,-1,4452.90,4452.90,4452.90
773,4425.00,30.91877471,120.13671189,30.90491052,120.20716899,30.91877471,120.13671189,0.4400,6903.01,1,448,orb,6,1,-1,8553.28,2732.31,2732.31
774,4430.00,30.93796885,120.16401365,30.91877471,120.13671189,30.91877471,120.13671189,0.5100,3370.87,1,1077,orb,9,1,-1,6355.41,1191.87,1191.87
775,4436.00,30.91296636,120.16658334,30.91877471,120.13671189,30.91877471,120.13671189,0.4400,2924.92,1,294,orb,6,1,-1,5567.02,1078.09,1078.09
776,4442.00,30.91300928,120.19218394,30.91877471,120.13671189,30.91877471,120.13671189,0.4167,5336.01,1,307,orb,5,1,-1,2883.56,2883.56,2883.56
777,4448.00,30.91185042,120.20550063,30.91877471,120.13671189,30.91877471,120.13671189,0.4633,6614.01,1,313,orb,7,1,-1,1608.43,655.53,655.53
778,4454.00,30.90561892,120.22118686,30.91877471,120.13671189,30.91877471,120.13671189,0.4867,8198.75,1,96,orb,8,1,-1,1191.16,1191.16,1191.16
779,4460.00,30.90346820,120.15967482,30.91877471,120.13671189,30.91877471,120.13671189,0.4400,2777.02,1,11,orb,6,1,-1,5942.37,2046.95,2046.95
780,4466.00,30.93057849,120.18428182,30.91877471,120.13671189,30.91877471,120.13671189,0.4400,4728.89,1,863,orb,6,1,-1,3639.25,321.23,321.23
781,4472.00,30.90814987,120.19744840,30.91877471,120.13671189,30.91877471,120.13671189,0.4167,5919.37,1,197,orb,5,1,-1,2156.40,1459.83,1459.83
782,4478.00,30.90374718,120.23866019,30.91877471,120.13671189,30.91877471,120.13671189,0.4400,9878.18,1,49,orb,6,1,-1,2564.70,1347.06,1347.06
783,4484.00,30.93601128,120.17700511,30.91877471,120.13671189,30.93601128,120.17700511,0.4633,4299.66,1,1027,orb,7,1,-1,4346.24,521.92,521.92
784,4490.00,30.94201744,120.21160859,30.93601128,120.17700511,30.93601128,120.17700511,0.4400,3371.40,1,1268,orb,6,1,-1,2925.92,772.41,772.41
785,4496.00,30.91092294,120.18105625,30.93601128,120.17700511,30.93601128,120.17700511,0.5567,2819.50,1,245,orb,11,1,-1,3280.19,632.68,632.68
786,4502.00,30.92417998,120.14542707,30.93601128,120.17700511,30.93601128,120.17700511,0.5100,3290.60,1,676,orb,9,1,-1,6565.48,1310.64,1310.64
787,4508.00,30.90363988,120.20881376,30.93601128,120.17700511,30.93601128,120.17700511,0.5333,4713.02,1,35,orb,10,1,-1,1559.27,331.10,331.10
788,4513.00,30.92936130,120.21582234,30.93601128,120.17700511,30.93601128,120.17700511,0.5800,3780.03,1,822,orb,12,1,-1,1334.94,732.42,732.42
789,4519.00,30.90375791,120.22160508,30.93601128,120.17700511,30.93601128,120.17700511,0.5800,5570.53,1,41,orb,12,1,-1,1970.59,380.51,380.51
790,4525.00,30.93574302,120.18225000,30.93601128,120.17700511,30.93574302,120.18224999,0.8367,501.75,0,1030,orb,23,1,-1,3220.46,514.70,514.70
791,4531.00,30.93737869,120.18158705,30.93573413,120.18242409,30.93573413,120.18242409,0.5333,199.76,1,1086,orb,10,1,-1,3269.44,1436.98,1436.98
792,4537.00,30.93573413,120.18242409,30.93572523,120.18259818,30.93572523,120.18259818,0.0000,0.00,0,-1,orb,0,0,-1,,,
793,4543.00,30.91729393,120.13816832,30.93571634,120.18277228,30.93571634,120.18277228,0.5100,4727.42,1,449,orb,9,1,-1,5849.52,639.72,639.72
794,4549.00,30.91430158,120.23492177,30.93570745,120.18294637,30.93570745,120.18294637,0.4867,5505.74,1,383,orb,8,1,-1,2895.33,1154.97,1154.97
795,4555.00,30.92820243,120.23909798,30.93569855,120.18312047,30.93569855,120.18312047,0.4167,5410.28,1,833,orb,5,1,-1,3535.45,3535.45,3535.45
796,4561.00,30.93569855,120.18312047,30.93568966,120.18329457,30.93568966,120.18329457,0.3000,0.00,0,-1,orb,0,0,-1,,,
797,4566.00,30.93568966,120.18329457,30.93568225,120.18343965,30.93568225,120.18343965,0.3000,0.00,0,-1,orb,0,0,-1,,,
798,4572.00,30.91157143,120.16220698,30.93567336,120.18361374,30.93567336,120.18361374,0.5567,3373.05,1,292,orb,11,1,-1,3831.65,310.62,310.62
799,4578.00,30.93773279,120.14935311,30.93566446,120.18378784,30.93566446,120.18378784,0.5567,3296.38,1,1070,orb,11,1,-1,5276.93,360.06,360.06
800,4584.00,30.92421217,120.18578828,30.93565557,120.18396193,30.93565557,120.18396193,0.5567,1285.76,1,696,orb,11,1,-1,1329.70,1329.70,1329.70
801,4590.00,30.92422290,120.18576326,30.93564668,120.18413603,30.93564668,120.18413603,0.5333,1281.15,1,696,orb,10,1,-1,1235.38,874.24,874.24
802,4595.00,30.92666333,120.15222300,30.93563927,120.18428111,30.93563927,120.18428111,0.4633,3220.31,1,735,orb,7,1,-1,4357.08,1787.25,1787.25
803,4601.00,30.92887844,120.13982488,30.93563038,120.18445520,30.92887844,120.13982488,0.5100,4327.72,1,786,orb,9,1,-1,5278.85,844.34,844.34
804,4607.00,30.91098733,120.19429081,30.92887844,120.13982488,30.92887844,120.13982488,0.4400,5569.47,1,252,orb,6,1,-1,1039.95,1039.95,1039.95
805,4613.00,30.90637004,120.21351533,30.92887844,120.13982488,30.92887844,120.13982488,0.4400,7469.81,1,93,orb,6,1,-1,2599.53,867.56,867.56
806,4618.00,30.91294490,120.19175321,30.92887844,120.13982488,30.92887844,120.13982488,0.4400,5266.54,1,306,orb,6,1,-1,873.63,516.03,516.03
807,4624.00,30.91109463,120.19424078,30.92887844,120.13982488,30.92887844,120.13982488,0.4633,5560.75,1,252,orb,7,1,-1,1159.13,531.44,531.44
808,4630.00,30.92063571,120.17716772,30.92887844,120.13982488,30.92887844,120.13982488,0.5100,3682.19,1,523,orb,9,1,-1,1315.02,775.84,775.84
809,4635.00,30.91602309,120.15998754,30.92887844,120.13982488,30.92887844,120.13982488,0.4633,2398.99,1,403,orb,7,1,-1,2862.98,1387.74,1387.74
810,4641.00,30.90950188,120.24269881,30.92887844,120.13982488,30.92887844,120.13982488,0.4400,10057.91,1,219,orb,6,1,-1,5449.53,1374.65,1374.65
811,4647.00,30.93807615,120.17989296,30.92887844,120.13982488,30.92887844,120.13982488,0.4633,3960.90,1,1085,orb,7,1,-1,1945.88,1945.88,1945.88
812,4653.00,30.90360769,120.20074902,30.92887844,120.13982488,30.92887844,120.13982488,0.4167,6462.35,1,31,orb,5,1,-1,2466.33,2466.33,2466.33
813,4659.00,30.92867456,120.23492177,30.92887844,120.13982488,30.92867456,120.23492177,0.4400,9081.25,1,831,orb,6,1,-1,4835.54,3155.56,3155.56
814,4665.00,30.90365061,120.19450346,30.92867456,120.23492177,30.92867456,120.23492177,0.4400,4759.98,1,28,orb,6,1,-1,2275.83,913.43,913.43
815,4670.00,30.94176597,120.19929259,30.92867456,120.23492177,30.92867456,120.23492177,0.5333,3701.36,1,1206,orb,10,1,-1,2676.73,1273.84,1273.84
816,4676.00,30.91330973,120.19187123,30.92867456,120.23492177,30.92867456,120.23492177,0.4633,4452.70,1,307,orb,7,1,-1,1484.65,1484.65,1484.65
817,4682.00,30.91665618,120.15301648,30.92867456,120.23492177,30.92867456,120.23492177,0.5100,7935.10,1,400,orb,9,1,-1,2733.67,259.86,259.86
818,4688.00,30.91121266,120.17966780,30.92867456,120.23492177,30.92867456,120.23492177,0.4633,5623.12,1,245,orb,7,1,-1,1280.03,174.33,174.33
819,4694.00,30.93771133,120.17391007,30.92867456,120.23492177,30.92867456,120.23492177,0.4167,5912.49,1,1082,orb,5,1,-1,1759.62,1759.62,1759.62
820,4701.00,30.91588360,120.14377050,30.92867456,120.23492177,30.92867456,120.23492177,0.5100,8820.13,1,395,orb,9,1,-1,3438.94,1383.07,1383.07
821,4707.00,30.90358623,120.21390309,30.92867456,120.23492177,30.92867456,120.23492177,0.4167,3439.28,1,37,orb,5,1,-1,4126.41,4126.41,4126.41
822,4713.00,30.93102916,120.21336523,30.92867456,120.23492177,30.92867456,120.23492177,0.4400,2075.15,1,877,orb,6,1,-1,3725.88,1583.27,1583.27
823,4719.00,30.91960561,120.23624060,30.92867456,120.23492177,30.91960561,120.23624060,0.4633,1017.38,1,552,orb,7,1,-1,5933.64,1570.24,1570.24
824,4725.00,30.90954480,120.20805780,30.91960561,120.23624060,30.91960561,120.23624060,0.4633,2915.04,1,202,orb,7,1,-1,3589.35,617.76,617.76
825,4731.00,30.91298782,120.19186579,30.91960561,120.23624060,30.91960561,120.23624060,0.4633,4301.11,1,306,orb,7,1,-1,2092.63,1055.67,1055.67
826,4737.00,30.91969145,120.13982488,30.91960561,120.23624060,30.91960561,120.23624060,0.4867,9207.17,1,506,orb,8,1,-1,3021.22,727.60,727.60
827,4743.00,30.91178136,120.22555070,30.91960561,120.23624060,30.91960561,120.23624060,0.4167,1341.91,1,266,orb,5,1,-1,5302.09,1568.36,1568.36
828,4749.00,30.91116974,120.18366346,30.91960561,120.23624060,30.91960561,120.23624060,0.4633,5107.89,1,246,orb,7,1,-1,1887.62,1887.62,1887.62
829,4756.00,30.92315593,120.23901042,30.91960561,120.23624060,30.91960561,120.23624060,0.4167,475.56,1,665,orb,5,1,-1,6695.51,6695.51,6695.51
830,4762.00,30.92867456,120.21607251,30.91960561,120.23624060,30.91960561,120.23624060,0.4633,2174.50,1,822,orb,7,1,-1,4618.82,4618.82,4618.82
831,4768.00,30.93571083,120.18228752,30.91960561,120.23624060,30.91960561,120.23624060,0.4167,5455.24,1,1030,orb,5,1,-1,1973.25,1973.25,1973.25
832,4774.00,30.91296636,120.16683351,30.91960561,120.23624060,30.91960561,120.23624060,0.4167,6669.07,1,294,orb,5,1,-1,1324.28,1324.28,1324.28
833,4780.00,30.93763621,120.19077755,30.91960561,120.23624060,30.93763621,120.19077755,0.4633,4783.00,1,1090,orb,7,1,-1,2872.13,974.52,974.52
834,4786.00,30.92895355,120.13914398,30.93763621,120.19077755,30.93763621,120.19077755,0.4400,5024.56,1,785,orb,6,1,-1,2467.36,2077.53,2077.53
835,4792.00,30.93538892,120.19236613,30.93763621,120.19077755,30.93763621,120.19077755,0.4167,292.57,1,1034,orb,5,1,-1,2933.90,2933.90,2933.90
836,4798.00,30.90366134,120.19456600,30.93763621,120.19077755,30.93763621,120.19077755,0.4633,3799.35,1,28,orb,7,1,-1,4042.09,4042.09,4042.09
837,4805.00,30.90374718,120.23867270,30.93763621,120.19077755,30.93763621,120.19077755,0.4867,5928.82,1,49,orb,8,1,-1,7930.69,554.77,554.77
838,4811.00,30.93822638,120.16370094,30.93763621,120.19077755,30.93763621,120.19077755,0.4633,2586.50,1,1077,orb,7,1,-1,1447.42,879.21,879.21
839,4817.00,30.91123412,120.18343830,30.93763621,120.19077755,30.93763621,120.19077755,0.4400,3021.49,1,246,orb,6,1,-1,2865.86,2865.86,2865.86
840,4823.00,30.90367207,120.19450346,30.93763621,120.19077755,30.93763621,120.19077755,0.4400,3797.59,1,28,orb,6,1,-1,4392.96,4392.96,4392.96
841,4829.00,30.90360769,120.19501631,30.93763621,120.19077755,30.93763621,120.19077755,0.4400,3809.62,1,28,orb,6,1,-1,4484.70,2221.37,2221.37
842,4835.00,30.90286730,120.20031122,30.93763621,120.19077755,30.93763621,120.19077755,0.4867,3976.11,1,31,orb,8,1,-1,5089.67,253.62,253.62
843,4841.00,30.92115544,120.15906191,30.93763621,120.19077755,30.92115544,120.15906191,0.4167,3541.01,1,571,orb,5,1,-1,736.15,736.15,736.15
844,4847.00,30.91356120,120.19176572,30.92115544,120.15906191,30.92115544,120.15906191,0.4167,3235.43,1,362,orb,5,1,-1,3861.43,3861.43,3861.43
845,4852.00,30.91127704,120.22137993,30.92115544,120.15906191,30.92115544,120.15906191,0.4633,6051.77,1,265,orb,7,1,-1,3620.54,761.88,761.88
846,4858.00,30.90356477,120.14091312,30.92115544,120.15906191,30.92115544,120.15906191,0.4867,2614.99,1,2,orb,8,1,-1,2751.75,1244.90,1244.90
847,4864.00,30.93893924,120.16554513,30.92115544,120.15906191,30.92115544,120.15906191,0.6967,2074.24,1,1134,orb,17,1,-1,2072.35,310.19,310.19
848,4871.00,30.91129850,120.18360091,30.92115544,120.15906191,30.92115544,120.15906191,0.5100,2587.52,1,246,orb,9,1,-1,3677.12,451.68,451.68
849,4877.00,30.90850397,120.19706063,30.92115544,120.15906191,30.92115544,120.15906191,0.4400,3892.39,1,197,orb,6,1,-1,1223.62,648.47,648.47
850,4883.00,30.92561783,120.20053638,30.92115544,120.15906191,30.92115544,120.15906191,0.4400,3991.61,1,703,orb,6,1,-1,5201.39,2188.84,2188.84
851,4889.00,30.92115544,120.15906191,30.92115544,120.15906191,30.92115544,120.15906191,0.0000,0.00,0,-1,orb,0,0,-1,,,
852,4895.00,30.92115544,120.15906191,30.92115544,120.15906191,30.92115544,120.15906191,0.3000,0.00,0,-1,orb,0,0,-1,,,
853,4901.00,30.91308439,120.19167816,30.92115544,120.15906191,30.92115544,120.15906191,0.4633,3241.67,1,306,orb,7,1,-1,4791.06,4791.06,4791.06
854,4907.00,30.92115544,120.15906191,30.92115544,120.15906191,30.92115544,120.15906191,0.3000,0.00,0,-1,orb,0,0,-1,,,
855,4913.00,30.91414530,120.16293792,30.92115544,120.15906191,30.92115544,120.15906191,0.4167,863.70,1,405,orb,5,1,-1,2460.66,2460.66,2460.66
856,4918.00,30.91089075,120.19406566,30.92115544,120.15906191,30.91089075,120.19406566,0.4400,3532.58,1,252,orb,6,1,-1,5519.68,4684.37,4684.37
857,4977.00,30.92610536,120.22629415,30.91089075,120.19406566,30.91089075,120.19406566,0.4867,3512.90,1,771,orb,8,1,-1,8170.25,2629.16,2629.16
858,4981.00,30.91166333,120.16317558,30.91089075,120.19406566,30.91089075,120.19406566,0.4867,2951.08,1,237,orb,8,1,-1,2647.79,1965.64,1965.64
859,4985.00,30.92356368,120.16985894,30.91089075,120.19406566,30.91089075,120.19406566,0.4633,2708.09,1,632,orb,7,1,-1,2587.76,2492.30,2492.30
860,4989.00,30.91388310,120.19164063,30.91089075,120.19406566,30.91089075,120.19406566,0.4400,405.70,1,362,orb,6,1,6,4643.80,83.58,83.58
861,4993.00,30.90366134,120.19451597,30.91089075,120.19406566,30.91089075,120.19406566,0.4633,805.93,1,28,orb,7,1,-1,5350.92,839.42,839.42
862,4997.00,30.92832046,120.24408725,30.91089075,120.19406566,30.91089075,120.19406566,0.4400,5155.81,1,835,orb,6,1,-1,9301.03,2774.27,2774.27
863,5001.00,30.91731539,120.13819334,30.91089075,120.19406566,30.91089075,120.19406566,0.4867,5383.22,1,449,orb,8,1,-1,1104.64,1104.64,1104.64
864,5005.00,30.91888668,120.18321315,30.91089075,120.19406566,30.91089075,120.19406566,0.4867,1366.13,1,526,orb,8,1,-1,3345.47,3003.23,3003.23
865,5009.00,30.90818206,120.15164761,30.91089075,120.19406566,30.91089075,120.19406566,0.4633,4061.90,1,175,orb,7,1,-1,1736.31,1112.01,1112.01
866,5012.00,30.91089075,120.19406566,30.91089075,120.19406566,30.91089075,120.19406566,0.0000,0.00,0,-1,orb,0,0,-1,,,
867,5016.00,30.91089075,120.19406566,30.91089075,120.19406566,30.91089075,120.19406566,0.3000,0.00,0,-1,orb,0,0,-1,,,
868,5020.00,30.94006592,120.20911396,30.91089075,120.19406566,30.94006592,120.20911396,0.4167,3551.50,1,1155,orb,5,1,-1,5783.83,5783.83,5783.83
869,5024.00,30.93689583,120.18194979,30.94006592,120.20911396,30.94006592,120.20911396,0.4867,2617.92,1,1086,orb,8,1,-1,3217.06,1394.54,1394.54
870,5028.00,30.91598017,120.16196932,30.94006592,120.20911396,30.94006592,120.20911396,0.4867,5239.98,1,404,orb,8,1,-1,1107.59,1107.59,1107.59
871,5032.00,30.94072514,120.19869218,30.94006592,120.20911396,30.94006592,120.20911396,0.4633,997.92,1,1206,orb,7,1,-1,4670.68,621.03,621.03
872,5036.00,30.91443035,120.16196226,30.94006592,120.20911396,30.94006592,120.20911396,0.4167,5330.90,1,349,orb,5,1,-1,1243.37,1243.37,1243.37
873,5040.00,30.93642975,120.17699261,30.94006592,120.20911396,30.94006592,120.20911396,0.4167,3094.00,1,1027,orb,5,1,-1,2325.43,2325.43,2325.43
874,5044.00,30.94006592,120.20911396,30.94006592,120.20911396,30.94006592,120.20911396,0.3000,0.00,0,-1,orb,0,0,-1,,,
875,5048.00,30.94006592,120.20911396,30.94006592,120.20911396,30.94006592,120.20911396,0.0000,0.00,0,-1,orb,0,0,-1,,,
876,5052.00,30.93966890,120.16392609,30.94006592,120.20911396,30.94006592,120.20911396,0.4167,4315.42,1,1133,orb,5,1,-1,1898.50,1898.50,1898.50
877,5056.00,30.91941246,120.16398863,30.94006592,120.20911396,30.94006592,120.20911396,0.4400,4884.20,1,517,orb,6,1,-1,406.07,406.07,406.07
878,5060.00,30.91953050,120.16937817,30.94006592,120.20911396,30.94006592,120.20911396,0.4167,4429.94,1,519,orb,5,1,-1,639.21,639.21,639.21
879,5063.00,30.92343492,120.16940864,30.94006592,120.20911396,30.94006592,120.20911396,0.4633,4219.49,1,632,orb,7,1,-1,678.95,678.95,678.95
880,5067.00,30.91230109,120.18105625,30.94006592,120.20911396,30.91230109,120.18105625,0.5100,4090.46,1,301,orb,9,1,-1,1901.07,395.28,395.28
881,5071.00,30.93573229,120.18226250,30.91230109,120.18105625,30.91230109,120.18105625,0.5567,2610.90,1,1030,orb,11,1,-1,2286.52,650.45,650.45
882,5075.00,30.91230109,120.18105625,30.91230109,120.18105625,30.91230109,120.18105625,0.3000,0.00,0,-1,orb,0,0,-1,,,
883,5079.00,30.90342528,120.16258224,30.91230109,120.18105625,30.91230109,120.18105625,0.4167,2022.01,1,12,orb,5,1,-1,2077.03,2077.03,2077.03
884,5083.00,30.93581813,120.18252518,30.91230109,120.18105625,30.91230109,120.18105625,0.4867,2621.67,1,1030,orb,8,1,-1,2127.30,848.31,848.31
885,5087.00,30.92653457,120.15221594,30.91230109,120.18105625,30.91230109,120.18105625,0.4400,3177.35,1,736,orb,6,1,-1,1627.91,1627.91,1627.91
886,5091.00,30.90362915,120.23851008,30.91230109,120.18105625,30.91230109,120.18105625,0.4633,5570.80,1,49,orb,7,1,-1,6883.65,1724.14,1724.14
887,5095.00,30.93227854,120.18942119,30.91230109,120.18105625,30.91230109,120.18105625,0.4633,2363.00,1,921,orb,7,1,-1,2116.02,604.42,604.42
888,5099.00,30.93653706,120.16063798,30.91230109,120.18105625,30.91230109,120.18105625,0.3933,3328.78,1,1019,orb,4,1,-1,2056.75,2056.75,2056.75
889,5103.00,30.90528628,120.24828848,30.91230109,120.18105625,30.91230109,120.18105625,0.4867,6467.62,1,109,orb,8,1,-1,7223.56,361.59,361.59
890,5107.00,30.92747277,120.13492318,30.91230109,120.18105625,30.91230109,120.18105625,0.4633,4718.10,1,784,orb,7,1,-1,3788.71,1763.29,1763.29
891,5111.00,30.91230109,120.18105625,30.91230109,120.18105625,30.91230109,120.18105625,0.3000,0.00,0,-1,orb,0,0,-1,,,
892,5115.00,30.93126522,120.13637416,30.91230109,120.18105625,30.93126522,120.13637416,0.3933,4760.57,1,840,orb,4,1,-1,4034.21,2690.58,2690.58
893,5119.00,30.93126522,120.13637416,30.93126522,120.13637416,30.93126522,120.13637416,0.0000,0.00,0,-1,orb,0,0,-1,,,
894,5123.00,30.92836339,120.24342430,30.93126522,120.13637416,30.93126522,120.13637416,0.4633,10227.80,1,835,orb,7,1,-1,6217.43,966.35,966.35
895,5127.00,30.91001087,120.16193180,30.93126522,120.13637416,30.93126522,120.13637416,0.6033,3399.22,1,236,orb,13,1,-1,2020.62,355.28,355.28
896,5131.00,30.93251460,120.17339722,30.93126522,120.13637416,30.93126522,120.13637416,0.5567,3538.23,1,914,orb,11,1,-1,1553.10,523.37,523.37
897,5135.00,30.90581206,120.20669438,30.93126522,120.13637416,30.93126522,120.13637416,0.4633,7288.50,1,90,orb,7,1,-1,2911.71,2253.97,2253.97
898,5139.00,30.90367207,120.21397814,30.93126522,120.13637416,30.93126522,120.13637416,0.4633,8022.12,1,37,orb,7,1,-1,2825.55,794.12,794.12
899,5143.00,30.91173238,120.22911400,30.93126522,120.13637416,30.93126522,120.13637416,0.5333,9119.17,1,324,orb,10,1,-1,4325.51,429.43,429.43
900,5147.00,30.92961276,120.20982694,30.93126522,120.13637416,30.93126522,120.13637416,0.6500,7016.75,1,875,orb,15,1,-1,2689.71,771.58,771.58
901,5151.00,30.93604347,120.17685501,30.93126522,120.13637416,30.93126522,120.13637416,0.4633,3902.12,1,1027,orb,7,1,-1,2113.94,970.74,970.74
902,5155.00,30.92926473,120.21580983,30.93126522,120.13637416,30.93126522,120.13637416,0.4167,7588.93,1,822,orb,5,1,-1,2994.23,214.08,214.08
903,5159.00,30.90374718,120.14571476,30.93126522,120.13637416,30.90374718,120.14571476,0.5100,3190.53,1,4,orb,9,1,-1,4443.89,737.07,737.07
904,5163.00,30.91295563,120.16160658,30.90374718,120.14571476,30.90374718,120.14571476,0.5100,1831.35,1,292,orb,9,1,-1,2831.51,481.74,481.74
905,5167.00,30.90492145,120.20718221,30.90374718,120.14571476,30.90374718,120.14571476,0.5333,5871.26,1,90,orb,10,1,-1,2216.22,443.16,443.16
906,5171.00,30.90483561,120.20720723,30.90374718,120.14571476,30.90374718,120.14571476,0.5100,5873.44,1,90,orb,9,1,-1,2129.48,1588.30,1588.30
907,5175.00,30.90374718,120.14571476,30.90374718,120.14571476,30.90374718,120.14571476,0.3000,0.00,0,-1,orb,0,0,-1,,,
908,5179.00,30.90374718,120.14571476,30.90374718,120.14571476,30.90374718,120.14571476,0.3000,0.00,0,-1,orb,0,0,-1,,,
909,5183.00,30.90376865,120.22330624,30.90374718,120.14571476,30.90374718,120.14571476,0.4400,7409.56,1,41,orb,6,1,-1,3123.06,960.62,960.62
910,5187.00,30.91176457,120.24806333,30.90374718,120.14571476,30.90374718,120.14571476,0.4400,9814.39,1,333,orb,6,1,-1,5041.84,3034.95,3034.95
911,5191.00,30.92130566,120.19659782,30.90374718,120.14571476,30.90374718,120.14571476,0.4400,5237.45,1,589,orb,6,1,-1,491.43,491.43,491.43
912,5195.00,30.90885807,120.19647274,30.90374718,120.14571476,30.90374718,120.14571476,0.4167,4880.38,1,197,orb,5,1,-1,911.77,911.77,911.77
913,5199.00,30.93019220,120.20315609,30.90374718,120.14571476,30.90374718,120.14571476,0.4400,6225.36,1,872,orb,6,1,-1,1599.64,1479.53,1479.53
914,5203.00,30.91371142,120.19166565,30.90374718,120.14571476,30.90374718,120.14571476,0.4867,4526.08,1,362,orb,8,1,-1,818.38,377.84,377.84
915,5207.00,30.93027804,120.18792723,30.90374718,120.14571476,30.93027804,120.18792723,0.5100,4997.21,1,864,orb,9,1,-1,1996.25,896.00,896.00
916,5211.00,30.92589682,120.22718225,30.93027804,120.18792723,30.93027804,120.18792723,0.4400,3780.23,1,715,orb,6,1,-1,2619.72,1267.53,1267.53
917,5215.00,30.91707466,120.16144397,30.93027804,120.18792723,30.93027804,120.18792723,0.3933,2925.09,1,404,orb,4,1,-1,3856.22,3856.22,3856.22
918,5219.00,30.91318097,120.19180324,30.93027804,120.18792723,30.93027804,120.18792723,0.4633,1938.90,1,306,orb,7,1,-1,1219.20,972.40,972.40
919,5223.00,30.92842777,120.25121385,30.93027804,120.18792723,30.93027804,120.18792723,0.4633,6047.03,1,839,orb,7,1,-1,4766.47,2958.90,2958.90
920,5227.00,30.91144873,120.22119230,30.93027804,120.18792723,30.93027804,120.18792723,0.4400,3805.85,1,265,orb,6,1,-1,1751.60,1576.76,1576.76
921,5231.00,30.90493218,120.20720723,30.93027804,120.18792723,30.93027804,120.18792723,0.4633,3369.07,1,90,orb,7,1,-1,1166.95,840.80,840.80
922,5235.00,30.93027804,120.18792723,30.93027804,120.18792723,30.93027804,120.18792723,0.3000,0.00,0,-1,orb,0,0,-1,,,
923,5239.00,30.90361842,120.20671939,30.93027804,120.18792723,30.93027804,120.18792723,0.4400,3468.13,1,34,orb,6,1,-1,1328.13,853.77,853.77
924,5243.00,30.91107784,120.19392262,30.93027804,120.18792723,30.93027804,120.18792723,0.4633,2212.72,1,307,orb,7,1,-1,1647.65,484.07,484.07
925,5247.00,30.91790556,120.19040229,30.93027804,120.18792723,30.93027804,120.18792723,0.4867,1397.44,1,474,orb,8,1,-1,1940.70,1940.70,1940.70
926,5251.00,30.91143194,120.19248415,30.93027804,120.18792723,30.91143194,120.19248415,0.4867,2142.60,1,307,orb,8,1,-1,1830.62,503.40,503.40
927,5255.00,30.92769811,120.22423731,30.91143194,120.19248415,30.91143194,120.19248415,0.4400,3531.77,1,826,orb,6,1,-1,1901.47,1901.47,1901.47
928,5260.00,30.92828827,120.23442143,30.91143194,120.19248415,30.91143194,120.19248415,0.4167,4422.59,1,831,orb,5,1,-1,2538.99,2305.05,2305.05
929,5264.00,30.90686830,120.21362791,30.91143194,120.19248415,30.91143194,120.19248415,0.4167,2082.04,1,149,orb,5,1,-1,816.81,816.81,816.81
930,5268.00,30.91143194,120.19248415,30.91143194,120.19248415,30.91143194,120.19248415,0.0000,0.00,0,-1,orb,0,0,-1,,,
931,5272.00,30.91143194,120.19248415,30.91143194,120.19248415,30.91143194,120.19248415,0.3000,0.00,0,-1,orb,0,0,-1,,,
932,5276.00,30.91520760,120.17431034,30.91143194,120.19248415,30.91143194,120.19248415,0.4400,1785.67,1,410,orb,6,1,-1,4190.58,1269.95,1269.95
933,5280.00,30.91088002,120.18404415,30.91143194,120.19248415,30.91143194,120.19248415,0.4633,808.31,1,247,orb,7,1,-1,3297.57,2500.85,2500.85
934,5284.00,30.92805221,120.13647423,30.91143194,120.19248415,30.91143194,120.19248415,0.4400,5659.60,1,784,orb,6,1,-1,8149.69,1130.97,1130.97
935,5288.00,30.90348966,120.19370292,30.91143194,120.19248415,30.91143194,120.19248415,0.4167,891.76,1,28,orb,5,1,-1,2708.77,2708.77,2708.77
936,5292.00,30.93331331,120.14679594,30.91143194,120.19248415,30.91143194,120.19248415,0.4167,4996.88,1,957,orb,5,1,-1,7529.62,7529.62,7529.62
937,5296.00,30.91143194,120.19248415,30.91143194,120.19248415,30.91143194,120.19248415,0.3000,0.00,0,-1,orb,0,0,-1,,,
938,5300.00,30.91143194,120.19248415,30.91143194,120.19248415,30.91143194,120.19248415,0.3000,0.00,0,-1,orb,0,0,-1,,,
939,5304.00,30.90324286,120.19897988,30.91143194,120.19248415,30.91143194,120.19248415,0.4400,1102.64,1,30,orb,6,1,-1,2665.48,2665.48,2665.48
940,5308.00,30.93844565,120.14902789,30.91143194,120.19248415,30.93844565,120.14902789,0.4167,5124.86,1,1126,orb,5,1,-1,7928.66,3356.57,3356.57
941,5312.00,30.92763979,120.18411921,30.93844565,120.14902789,30.93844565,120.14902789,0.4167,3560.39,1,751,orb,5,1,-1,4344.68,3690.88,3690.88
942,5316.00,30.93844565,120.14902789,30.93844565,120.14902789,30.93844565,120.14902789,0.3000,0.00,0,-1,orb,0,0,-1,,,
943,5320.00,30.94105777,120.16413874,30.93844565,120.14902789,30.93844565,120.14902789,0.4633,1472.01,1,1189,orb,7,1,-1,7018.23,7018.23,7018.23
944,5325.00,30.90362915,120.14143848,30.93844565,120.14902789,30.93844565,120.14902789,0.4633,3942.95,1,2,orb,7,1,-1,6401.62,671.52,671.52
945,5329.00,30.90860054,120.23049538,30.93844565,120.14902789,30.93844565,120.14902789,0.4633,8459.41,1,213,orb,7,1,-1,333.63,333.63,333.63
946,5333.00,30.91189334,120.22870122,30.93844565,120.14902789,30.93844565,120.14902789,0.5100,8162.35,1,324,orb,9,1,-1,330.44,289.84,289.84
947,5337.00,30.93603274,120.17700511,30.93844565,120.14902789,30.93844565,120.14902789,0.4867,2685.14,1,1027,orb,8,1,-1,6052.46,3817.81,3817.81
948,5341.00,30.91479985,120.16549510,30.93844565,120.14902789,30.93844565,120.14902789,0.4633,3066.20,1,406,orb,7,1,-1,6532.06,2028.37,2028.37
949,5345.00,30.93427903,120.14370090,30.93844565,120.14902789,30.93844565,120.14902789,0.4400,688.41,1,956,orb,6,1,-1,8972.76,3322.29,3322.29
950,5349.00,30.93844565,120.14902789,30.93844565,120.14902789,30.93844565,120.14902789,0.3000,0.00,0,-1,orb,0,0,-1,,,
951,5353.00,30.93844565,120.14902789,30.93844565,120.14902789,30.93844565,120.14902789,0.3000,0.00,0,-1,orb,0,0,-1,,,
952,5357.00,30.93844565,120.14902789,30.93844565,120.14902789,30.93844565,120.14902789,0.3000,0.00,0,-1,orb,0,0,-1,,,
953,5361.00,30.93190298,120.19953025,30.93844565,120.14902789,30.93844565,120.14902789,0.4167,4877.38,1,926,orb,5,1,-1,4486.02,2901.64,2901.64
954,5365.00,30.92953765,120.16128136,30.93844565,120.14902789,30.92953765,120.16128136,0.4167,1533.81,1,852,orb,5,1,-1,7808.13,7808.13,7808.13
955,5369.00,30.93783542,120.19099564,30.92953765,120.16128136,30.92953765,120.16128136,0.3933,2984.11,1,1035,orb,4,1,-1,5467.88,5467.88,5467.88
956,5373.00,30.91036497,120.16763949,30.92953765,120.16128136,30.92953765,120.16128136,0.4633,2218.99,1,239,orb,7,1,-1,7171.65,2196.51,2196.51
957,5378.00,30.92424436,120.18577577,30.92953765,120.16128136,30.92953765,120.16128136,0.4867,2412.16,1,696,orb,8,1,-1,5715.64,3374.60,3374.60
958,5382.00,30.92891063,120.17343475,30.92953765,120.16128136,30.92953765,120.16128136,0.4633,1162.68,1,802,orb,7,1,-1,7078.01,2416.84,2416.84
959,5386.00,30.92806294,120.13627409,30.92953765,120.16128136,30.92953765,120.16128136,0.4167,2393.69,1,784,orb,5,1,-1,10666.89,10666.89,10666.89
960,5390.00,30.91142727,120.16185675,30.92953765,120.16128136,30.92953765,120.16128136,0.4633,2016.80,1,236,orb,7,1,-1,8154.34,1699.50,1699.50
961,5394.00,30.92541396,120.19737335,30.92953765,120.16128136,30.92953765,120.16128136,0.5100,3477.02,1,701,orb,9,1,-1,5153.55,870.34,870.34
962,5398.00,30.92976905,120.16149400,30.92953765,120.16128136,30.92976905,120.16149400,0.5567,32.80,0,796,orb,11,1,-1,8618.62,1762.70,1762.70
963,5402.00,30.92976905,120.16149400,30.92977060,120.16149543,30.92977060,120.16149543,0.0000,0.00,0,-1,orb,0,0,-1,,,
964,5406.00,30.93294848,120.20147451,30.92977216,120.16149686,30.92977216,120.16149686,0.4400,3833.98,1,983,orb,6,1,-1,5496.26,5496.26,5496.26
965,5464.00,30.91385091,120.19157809,30.92979471,120.16151758,30.92979471,120.16151758,0.5567,3374.99,1,362,orb,11,1,-1,5706.36,273.58,273.58
966,5470.00,30.92589682,120.20099919,30.92979704,120.16151973,30.92979704,120.16151973,0.4633,3794.99,1,703,orb,7,1,-1,4988.40,1194.59,1194.59
967,5476.00,30.91541147,120.17606698,30.92979938,120.16152187,30.92979938,120.16152187,0.4400,2120.04,1,411,orb,6,1,-1,6926.67,1665.57,1665.57
968,5482.00,30.90489999,120.19454098,30.92980171,120.16152402,30.92980171,120.16152402,0.4400,4198.25,1,84,orb,6,1,-1,4956.53,1569.46,1569.46
969,5488.00,30.91210794,120.19919252,30.92980404,120.16152616,30.92980404,120.16152616,0.4167,4101.04,1,310,orb,5,1,-1,4498.33,327.40,327.40
970,5494.00,30.93334550,120.19338476,30.92980637,120.16152830,30.92980637,120.16152830,0.4167,3067.52,1,979,orb,5,1,-1,5788.13,5788.13,5788.13
971,5500.00,30.91371142,120.19165314,30.92980871,120.16153045,30.92980871,120.16153045,0.5100,3389.05,1,362,orb,9,1,-1,5124.84,1573.92,1573.92
972,5506.00,30.92910377,120.21210893,30.92981104,120.16153259,30.92981104,120.16153259,0.4400,4830.40,1,820,orb,6,1,-1,3785.92,3785.92,3785.92
973,5512.00,30.91118047,120.19441590,30.92981337,120.16153474,30.91118047,120.19441590,0.4167,3763.21,1,252,orb,5,1,-1,4488.44,4488.44,4488.44
974,5518.00,30.91550804,120.18281288,30.91118047,120.19441590,30.91118047,120.19441590,0.4400,1208.22,1,414,orb,6,1,-1,5654.57,2420.04,2420.04
975,5523.00,30.92018504,120.24862621,30.91118047,120.19441590,30.91118047,120.19441590,0.4400,5272.94,1,557,orb,6,1,-1,1484.99,697.61,697.61
976,5529.00,30.91118047,120.19441590,30.91118047,120.19441590,30.91118047,120.19441590,0.3000,0.00,0,-1,orb,0,0,-1,,,
977,5535.00,30.90877222,120.24041682,30.91118047,120.19441590,30.91118047,120.19441590,0.4400,4401.01,1,218,orb,6,1,-1,311.30,311.30,311.30
978,5541.00,30.90486780,120.19455349,30.91118047,120.19441590,30.91118047,120.19441590,0.4867,702.85,1,84,orb,8,1,-1,4014.11,2245.83,2245.83
979,5547.00,30.91118047,120.19441590,30.91118047,120.19441590,30.91118047,120.19441590,0.3000,0.00,0,-1,orb,0,0,-1,,,
980,5553.00,30.91118047,120.19441590,30.91118047,120.19441590,30.91118047,120.19441590,0.3000,0.00,0,-1,orb,0,0,-1,,,
981,5558.00,30.91118047,120.19441590,30.91118047,120.19441590,30.91118047,120.19441590,0.3000,0.00,0,-1,orb,0,0,-1,,,
982,5564.00,30.91290198,120.16679598,30.91118047,120.19441590,30.91118047,120.19441590,0.5333,2644.50,1,294,orb,10,1,-1,6427.67,2099.40,2099.40
983,5570.00,30.91118047,120.19441590,30.91118047,120.19441590,30.91118047,120.19441590,0.0000,0.00,0,-1,orb,0,0,-1,,,
984,5576.00,30.93838733,120.14747140,30.91118047,120.19441590,30.91118047,120.19441590,0.6967,5410.14,1,1069,orb,17,1,-1,8615.90,1427.00,1427.00
985,5581.00,30.92370317,120.14924054,30.91118047,120.19441590,30.91118047,120.19441590,0.4167,4533.64,1,622,orb,5,1,-1,7878.68,7878.68,7878.68
986,5587.00,30.91140580,120.22116729,30.91118047,120.19441590,30.91118047,120.19441590,0.5333,2554.73,1,265,orb,10,1,-1,644.36,375.88,375.88
987,5593.00,30.92829900,120.24348684,30.91118047,120.19441590,30.91118047,120.19441590,0.4633,5058.66,1,835,orb,7,1,-1,2550.01,2550.01,2550.01
988,5598.00,30.90672881,120.14035024,30.91118047,120.19441590,30.90672881,120.14035024,0.4400,5186.70,1,114,orb,6,1,-1,8250.21,2987.62,2987.62
989,5604.00,30.90690049,120.16632066,30.90672881,120.14035024,30.90672881,120.14035024,0.4167,2480.10,1,126,orb,5,1,-1,5758.27,5758.27,5758.27
990,5610.00,30.90672881,120.14035024,30.90672881,120.14035024,30.90672881,120.14035024,0.3000,0.00,0,-1,orb,0,0,-1,,,
991,5616.00,30.93036388,120.21345279,30.90672881,120.14035024,30.90672881,120.14035024,0.4400,7460.25,1,877,orb,6,1,-1,2420.43,2420.43,2420.43
992,5622.00,30.90672881,120.14035024,30.90672881,120.14035024,30.90672881,120.14035024,0.3000,0.00,0,-1,orb,0,0,-1,,,
993,5627.00,30.94193765,120.19928008,30.90672881,120.14035024,30.90672881,120.14035024,0.5333,6857.88,1,1206,orb,10,1,-1,4022.74,1491.48,1491.48
994,5633.00,30.90672881,120.14035024,30.90672881,120.14035024,30.90672881,120.14035024,0.3000,0.00,0,-1,orb,0,0,-1,,,
995,5639.00,30.90672881,120.14035024,30.90672881,120.14035024,30.90672881,120.14035024,0.3000,0.00,0,-1,orb,0,0,-1,,,
996,5645.00,30.90672881,120.14035024,30.90672881,120.14035024,30.90672881,120.14035024,0.0000,0.00,0,-1,orb,0,0,-1,,,
997,5650.00,30.93883194,120.14328267,30.90672881,120.14035024,30.90672881,120.14035024,0.4400,3584.68,1,1123,orb,6,1,-1,7741.55,6895.63,6895.63
998,5656.00,30.90672881,120.14035024,30.90672881,120.14035024,30.90672881,120.14035024,0.3000,0.00,0,-1,orb,0,0,-1,,,
999,5662.00,30.91054739,120.17719274,30.90672881,120.14035024,30.90672881,120.14035024,0.3933,3543.84,1,243,orb,4,1,-1,3699.58,3699.58,3699.58
1000,5668.00,30.90672881,120.14035024,30.90672881,120.14035024,30.90672881,120.14035024,0.3000,0.00,0,-1,orb,0,0,-1,,,
1001,5673.00,30.92980591,120.20947671,30.90672881,120.14035024,30.90672881,120.14035024,0.4867,7083.45,1,875,orb,8,1,-1,2067.93,1094.34,1094.34
1002,5679.00,30.91386164,120.19161562,30.90672881,120.14035024,30.90672881,120.14035024,0.5800,4959.53,1,362,orb,12,1,-1,2023.40,879.21,879.21
1003,5685.00,30.90672881,120.14035024,30.90672881,120.14035024,30.90672881,120.14035024,0.0000,0.00,0,-1,orb,0,0,-1,,,
1004,5691.00,30.92054987,120.18975892,30.90672881,120.14035024,30.90672881,120.14035024,0.4167,4962.77,1,529,orb,5,1,-1,2168.88,2168.88,2168.88
1005,5697.00,30.90937312,120.18447489,30.90672881,120.14035024,30.90672881,120.14035024,0.4167,4223.93,1,192,orb,5,1,-1,2166.06,2166.06,2166.06
1006,5703.00,30.90341455,120.19676043,30.90672881,120.14035024,30.90341455,120.19676043,0.4400,5399.48,1,29,orb,6,1,-1,1465.94,1004.47,1004.47
1007,5709.00,30.90341455,120.19676043,30.90341455,120.19676043,30.90341455,120.19676043,0.3000,0.00,0,-1,orb,0,0,-1,,,
1008,5715.00,30.91939100,120.23454651,30.90341455,120.19676043,30.90341455,120.19676043,0.3933,4022.85,1,551,orb,4,1,-1,2854.84,2854.84,2854.84
1009,5721.00,30.90355404,120.23974843,30.90341455,120.19676043,30.90341455,120.19676043,0.4400,4105.14,1,49,orb,6,1,-1,3434.42,1236.88,1236.88
1010,5727.00,30.90551162,120.22097966,30.90341455,120.19676043,30.90341455,120.19676043,0.4633,2324.55,1,97,orb,7,1,-1,1975.35,1364.57,1364.57
1011,5733.00,30.93735723,120.18156909,30.90341455,120.19676043,30.90341455,120.19676043,0.4633,4047.41,1,1085,orb,7,1,-1,3426.71,2431.74,2431.74
1012,5738.00,30.90357550,120.19512888,30.90341455,120.19676043,30.90341455,120.19676043,0.4633,156.83,1,28,orb,7,1,-1,1318.96,1318.96,1318.96
1013,5744.00,30.90341455,120.19676043,30.90341455,120.19676043,30.90341455,120.19676043,0.3000,0.00,0,-1,orb,0,0,-1,,,
1014,5750.00,30.93351719,120.15162260,30.90341455,120.19676043,30.90341455,120.19676043,0.4633,5459.77,1,959,orb,7,1,-1,5167.49,497.90,497.90
1015,5756.00,30.90382230,120.21017718,30.90341455,120.19676043,30.90341455,120.19676043,0.4633,1282.03,1,35,orb,7,1,-1,1581.50,817.97,817.97
1016,5762.00,30.93322747,120.20096166,30.90341455,120.19676043,30.90341455,120.19676043,0.4867,3342.94,1,983,orb,8,1,-1,2213.16,408.89,408.89
1017,5768.00,30.94421108,120.17709267,30.90341455,120.19676043,30.90341455,120.19676043,0.4633,4914.51,1,1307,orb,7,1,-1,3905.17,860.74,860.74
1018,5774.00,30.90341455,120.19676043,30.90341455,120.19676043,30.90341455,120.19676043,0.3000,0.00,0,-1,orb,0,0,-1,,,
1019,5780.00,30.90851003,120.18077399,30.90341455,120.19676043,30.90851003,120.18077399,0.4167,1628.59,1,134,orb,5,1,-1,1470.25,1470.25,1470.25
1020,5786.00,30.93714262,120.15996252,30.90851003,120.18077399,30.90851003,120.18077399,0.4633,3756.21,1,1075,orb,7,1,-1,4140.57,2864.40,2864.40
1021,5792.00,30.91160362,120.16221949,30.90851003,120.18077399,30.90851003,120.18077399,0.6033,1805.01,1,292,orb,13,1,-1,3011.68,220.67,220.67
1022,5798.00,30.93900363,120.16543256,30.90851003,120.18077399,30.93900357,120.16543258,0.9300,3697.19,0,1134,orb,27,1,-1,3664.19,158.73,158.73
1023,5804.00,30.91449473,120.17580430,30.93953097,120.16516725,30.93953097,120.16516725,0.5100,2966.37,1,355,orb,9,1,-1,1412.03,216.22,216.22
1024,5810.00,30.93142012,120.21027725,30.94005836,120.16490191,30.94005836,120.16490191,0.4867,4438.51,1,931,orb,8,1,-1,2640.61,268.04,268.04
1025,5816.00,30.90675027,120.20010564,30.94058575,120.16463658,30.94058575,120.16463658,0.4400,5065.52,1,142,orb,6,1,-1,1380.39,702.33,702.33
1026,5821.00,30.92635216,120.22763256,30.94102525,120.16441547,30.94102525,120.16441547,0.4633,6253.96,1,771,orb,7,1,-1,2271.08,351.17,351.17
1027,5827.00,30.91035424,120.18086862,30.94155264,120.16415013,30.94155264,120.16415013,0.4400,3822.39,1,245,orb,6,1,-1,865.61,426.21,426.21
1028,5833.00,30.94185181,120.19925506,30.94208003,120.16388480,30.94208003,120.16388480,0.6033,3377.76,1,1206,orb,13,1,-1,3054.84,219.01,219.01
1029,5839.00,30.93586105,120.18256271,30.94260742,120.16361947,30.94260742,120.16361947,0.4400,1958.67,1,1030,orb,6,1,-1,2167.80,2167.71,2167.71
1030,5845.00,30.91168479,120.22532555,30.94313482,120.16335413,30.94313482,120.16335413,0.5100,6875.97,1,266,orb,9,1,-1,4012.21,545.74,545.74
1031,5851.00,30.90363988,120.19480366,30.94366221,120.16308880,30.94366221,120.16308880,0.4167,5387.20,1,28,orb,5,1,-1,1938.22,1938.22,1938.22
1032,5857.00,30.90348966,120.15973737,30.94418960,120.16282346,30.90348966,120.15973737,0.4167,4540.29,1,11,orb,5,1,-1,2534.47,1515.09,1515.09
