Frame,Time_Sec,Raw_Lat,Raw_Lng,Predicted_Lat,Predicted_Lng,Filtered_Lat,Filtered_Lng,Match_Confidence,Innovation_M,Outlier_Rejected,Best_Match_Idx,Algorithm,Inliers,Measurement_Valid,Correct_Candidate_Rank,Top1_Min_Dist_M,Top5_Min_Dist_M,Top10_Min_Dist_M
1,3.00,29.76100000,115.97500000,29.76100000,115.97500000,29.76100000,115.97500000,0.0000,0.00,0,-1,split_deit,0,0,-1,,,
2,7.00,29.76100000,115.97500000,29.76100000,115.97500000,29.76100000,115.97500000,0.0000,0.00,0,-1,split_deit,0,0,-1,,,
3,10.00,29.76100000,115.97500000,29.76100000,115.97500000,29.76100000,115.97500000,0.0000,0.00,0,-1,split_deit,0,0,-1,,,
4,14.00,29.76100000,115.97500000,29.76100000,115.97500000,29.76100000,115.97500000,0.0000,0.00,0,-1,split_deit,0,0,-1,,,
5,17.00,29.76100000,115.97500000,29.76100000,115.97500000,29.76100000,115.97500000,0.0000,0.00,0,-1,split_deit,0,0,-1,,,
6,21.00,29.76100000,115.97500000,29.76100000,115.97500000,29.76100000,115.97500000,0.0000,0.00,0,-1,split_deit,0,0,-1,,,
7,24.00,29.70644058,115.99478636,29.76100000,115.97500000,29.76100000,115.97500000,0.4633,6367.56,1,25,split_deit,7,1,-1,5920.54,5920.54,5920.54
8,28.00,29.76100000,115.97500000,29.76100000,115.97500000,29.76100000,115.97500000,0.0000,0.00,0,-1,split_deit,0,0,-1,,,
9,31.00,29.76100000,115.97500000,29.76100000,115.97500000,29.76100000,115.97500000,0.0000,0.00,0,-1,split_deit,0,0,-1,,,
10,34.00,29.76100000,115.97500000,29.76100000,115.97500000,29.76100000,115.97500000,0.0000,0.00,0,-1,split_deit,0,0,-1,,,
11,38.00,29.76100000,115.97500000,29.76100000,115.97500000,29.76100000,115.97500000,0.0000,0.00,0,-1,split_deit,0,0,-1,,,
12,41.00,29.76100000,115.97500000,29.76100000,115.97500000,29.76100000,115.97500000,0.0000,0.00,0,-1,split_deit,0,0,-1,,,
13,44.00,29.76100000,115.97500000,29.76100000,115.97500000,29.76100000,115.97500000,0.0000,0.00,0,-1,split_deit,0,0,-1,,,
14,48.00,29.76100000,115.97500000,29.76100000,115.97500000,29.76100000,115.97500000,0.0000,0.00,0,-1,split_deit,0,0,-1,,,
15,51.00,29.76100000,115.97500000,29.76100000,115.97500000,29.76100000,115.97500000,0.0000,0.00,0,-1,split_deit,0,0,-1,,,
16,55.00,29.76100000,115.97500000,29.76100000,115.97500000,29.76100000,115.97500000,0.0000,0.00,0,-1,split_deit,0,0,-1,,,
17,58.00,29.76100000,115.97500000,29.76100000,115.97500000,29.76100000,115.97500000,0.0000,0.00,0,-1,split_deit,0,0,-1,,,
18,62.00,29.76100000,115.97500000,29.76100000,115.97500000,29.76100000,115.97500000,0.0000,0.00,0,-1,split_deit,0,0,-1,,,
19,65.00,29.76100000,115.97500000,29.76100000,115.97500000,29.76100000,115.97500000,0.0000,0.00,0,-1,split_deit,0,0,-1,,,
20,69.00,29.76100000,115.97500000,29.76100000,115.97500000,29.76100000,115.97500000,0.0000,0.00,0,-1,split_deit,0,0,-1,,,
21,72.00,29.76100000,115.97500000,29.76100000,115.97500000,29.76100000,115.97500000,0.0000,0.00,0,-1,split_deit,0,0,-1,,,
22,75.00,29.76100000,115.97500000,29.76100000,115.97500000,29.76100000,115.97500000,0.0000,0.00,0,-1,split_deit,0,0,-1,,,
23,78.00,29.76100000,115.97500000,29.76100000,115.97500000,29.76100000,115.97500000,0.0000,0.00,0,-1,split_deit,0,0,-1,,,
24,82.00,29.76100000,115.97500000,29.76100000,115.97500000,29.76100000,115.97500000,0.0000,0.00,0,-1,split_deit,0,0,-1,,,
25,85.00,29.76100000,115.97500000,29.76100000,115.97500000,29.76100000,115.97500000,0.0000,0.00,0,-1,split_deit,0,0,-1,,,
26,89.00,29.76100000,115.97500000,29.76100000,115.97500000,29.76100000,115.97500000,0.0000,0.00,0,-1,split_deit,0,0,-1,,,
27,92.00,29.76100000,115.97500000,29.76100000,115.97500000,29.76100000,115.97500000,0.0000,0.00,0,-1,split_deit,0,0,-1,,,
28,96.00,29.76100000,115.97500000,29.76100000,115.97500000,29.76100000,115.97500000,0.0000,0.00,0,-1,split_deit,0,0,-1,,,
29,99.00,29.76100000,115.97500000,29.76100000,115.97500000,29.76100000,115.97500000,0.0000,0.00,0,-1,split_deit,0,0,-1,,,
30,102.00,29.76100000,115.97500000,29.76100000,115.97500000,29.76100000,115.97500000,0.0000,0.00,0,-1,split_deit,0,0,-1,,,
31,106.00,29.76100000,115.97500000,29.76100000,115.97500000,29.76100000,115.97500000,0.0000,0.00,0,-1,split_deit,0,0,-1,,,
32,110.00,29.76100000,115.97500000,29.76100000,115.97500000,29.76100000,115.97500000,0.0000,0.00,0,-1,split_deit,0,0,-1,,,
33,113.00,29.76100000,115.97500000,29.76100000,115.97500000,29.76100000,115.97500000,0.0000,0.00,0,-1,split_deit,0,0,-1,,,
34,116.00,29.76100000,115.97500000,29.76100000,115.97500000,29.76100000,115.97500000,0.0000,0.00,0,-1,split_deit,0,0,-1,,,
35,119.00,29.76100000,115.97500000,29.76100000,115.97500000,29.76100000,115.97500000,0.0000,0.00,0,-1,split_deit,0,0,-1,,,
36,123.00,29.76100000,115.97500000,29.76100000,115.97500000,29.76100000,115.97500000,0.0000,0.00,0,-1,split_deit,0,0,-1,,,
37,126.00,29.76100000,115.97500000,29.76100000,115.97500000,29.76100000,115.97500000,0.0000,0.00,0,-1,split_deit,0,0,-1,,,
38,129.00,29.76100000,115.97500000,29.76100000,115.97500000,29.76100000,115.97500000,0.0000,0.00,0,-1,split_deit,0,0,-1,,,
39,133.00,29.76100000,115.97500000,29.76100000,115.97500000,29.76100000,115.97500000,0.0000,0.00,0,-1,split_deit,0,0,-1,,,
40,136.00,29.76100000,115.97500000,29.76100000,115.97500000,29.76100000,115.97500000,0.0000,0.00,0,-1,split_deit,0,0,-1,,,
41,139.00,29.76100000,115.97500000,29.76100000,115.97500000,29.76100000,115.97500000,0.0000,0.00,0,-1,split_deit,0,0,-1,,,
42,143.00,29.76100000,115.97500000,29.76100000,115.97500000,29.76100000,115.97500000,0.0000,0.00,0,-1,split_deit,0,0,-1,,,
43,146.00,29.76100000,115.97500000,29.76100000,115.97500000,29.76100000,115.97500000,0.0000,0.00,0,-1,split_deit,0,0,-1,,,
44,150.00,29.76100000,115.97500000,29.76100000,115.97500000,29.76100000,115.97500000,0.0000,0.00,0,-1,split_deit,0,0,-1,,,
45,153.00,29.76100000,115.97500000,29.76100000,115.97500000,29.76100000,115.97500000,0.0000,0.00,0,-1,split_deit,0,0,-1,,,
46,157.00,29.76100000,115.97500000,29.76100000,115.97500000,29.76100000,115.97500000,0.0000,0.00,0,-1,split_deit,0,0,-1,,,
47,160.00,29.76100000,115.97500000,29.76100000,115.97500000,29.76100000,115.97500000,0.0000,0.00,0,-1,split_deit,0,0,-1,,,
48,164.00,29.76100000,115.97500000,29.76100000,115.97500000,29.76100000,115.97500000,0.0000,0.00,0,-1,split_deit,0,0,-1,,,
49,167.00,29.76100000,115.97500000,29.76100000,115.97500000,29.76100000,115.97500000,0.0000,0.00,0,-1,split_deit,0,0,-1,,,
50,170.00,29.72561322,115.99339697,29.76100000,115.97500000,29.76100000,115.97500000,0.4167,4322.02,1,167,split_deit,5,1,-1,1778.63,1778.63,1778.63
51,174.00,29.75429479,115.99183455,29.76100000,115.97500000,29.76100000,115.97500000,0.4167,1790.25,1,374,split_deit,5,1,-1,3671.68,3671.68,3671.68
52,177.00,29.72425657,115.99519420,29.76100000,115.97500000,29.76100000,115.97500000,0.4167,4532.16,1,155,split_deit,5,1,-1,1978.25,1978.25,1978.25
53,180.00,29.76100000,115.97500000,29.76100000,115.97500000,29.76100000,115.97500000,0.0000,0.00,0,-1,split_deit,0,0,-1,,,
54,184.00,29.76100000,115.97500000,29.76100000,115.97500000,29.76100000,115.97500000,0.0000,0.00,0,-1,split_deit,0,0,-1,,,
55,187.00,29.76100000,115.97500000,29.76100000,115.97500000,29.76100000,115.97500000,0.0000,0.00,0,-1,split_deit,0,0,-1,,,
56,190.00,29.76100000,115.97500000,29.76100000,115.97500000,29.76100000,115.97500000,0.0000,0.00,0,-1,split_deit,0,0,-1,,,
57,193.00,29.72596734,115.99290262,29.76100000,115.97500000,29.76100000,115.97500000,0.3933,4266.52,1,167,split_deit,4,1,-1,1874.78,1874.78,1874.78
58,196.00,29.76100000,115.97500000,29.76100000,115.97500000,29.76100000,115.97500000,0.0000,0.00,0,-1,split_deit,0,0,-1,,,
59,200.00,29.76100000,115.97500000,29.76100000,115.97500000,29.76100000,115.97500000,0.0000,0.00,0,-1,split_deit,0,0,-1,,,
60,203.00,29.76100000,115.97500000,29.76100000,115.97500000,29.76100000,115.97500000,0.0000,0.00,0,-1,split_deit,0,0,-1,,,
61,206.00,29.76100000,115.97500000,29.76100000,115.97500000,29.76100000,115.97500000,0.0000,0.00,0,-1,split_deit,0,0,-1,,,
62,210.00,29.76100000,115.97500000,29.76100000,115.97500000,29.76100000,115.97500000,0.0000,0.00,0,-1,split_deit,0,0,-1,,,
63,213.00,29.75234793,115.98036429,29.76100000,115.97500000,29.76100000,115.97500000,0.3933,1093.85,1,356,split_deit,4,1,-1,4102.36,4102.36,4102.36
64,216.00,29.72062040,115.99530543,29.76100000,115.97500000,29.76100000,115.97500000,0.3933,4904.87,1,129,split_deit,4,1,-1,2053.39,2053.39,2053.39
65,220.00,29.73222023,115.99286554,29.76100000,115.97500000,29.76100000,115.97500000,0.3933,3639.53,1,219,split_deit,4,1,-1,2697.49,2697.49,2697.49
66,223.00,29.72870830,115.99195814,29.76100000,115.97500000,29.76100000,115.97500000,0.4167,3950.80,1,179,split_deit,5,1,-1,2181.69,1467.35,1467.35
67,226.00,29.76100000,115.97500000,29.76100000,115.97500000,29.76100000,115.97500000,0.0000,0.00,0,-1,split_deit,0,0,-1,,,
68,230.00,29.76100000,115.97500000,29.76100000,115.97500000,29.76100000,115.97500000,0.0000,0.00,0,-1,split_deit,0,0,-1,,,
69,233.00,29.76100000,115.97500000,29.76100000,115.97500000,29.76100000,115.97500000,0.0000,0.00,0,-1,split_deit,0,0,-1,,,
70,237.00,29.76100000,115.97500000,29.76100000,115.97500000,29.76100000,115.97500000,0.0000,0.00,0,-1,split_deit,0,0,-1,,,
71,240.00,29.76100000,115.97500000,29.76100000,115.97500000,29.76100000,115.97500000,0.0000,0.00,0,-1,split_deit,0,0,-1,,,
72,243.00,29.76100000,115.97500000,29.76100000,115.97500000,29.76100000,115.97500000,0.0000,0.00,0,-1,split_deit,0,0,-1,,,
73,247.00,29.76100000,115.97500000,29.76100000,115.97500000,29.76100000,115.97500000,0.0000,0.00,0,-1,split_deit,0,0,-1,,,
74,250.00,29.76100000,115.97500000,29.76100000,115.97500000,29.76100000,115.97500000,0.0000,0.00,0,-1,split_deit,0,0,-1,,,
75,253.00,29.76100000,115.97500000,29.76100000,115.97500000,29.76100000,115.97500000,0.0000,0.00,0,-1,split_deit,0,0,-1,,,
76,257.00,29.76100000,115.97500000,29.76100000,115.97500000,29.76100000,115.97500000,0.0000,0.00,0,-1,split_deit,0,0,-1,,,
77,260.00,29.76100000,115.97500000,29.76100000,115.97500000,29.76100000,115.97500000,0.0000,0.00,0,-1,split_deit,0,0,-1,,,
78,263.00,29.76100000,115.97500000,29.76100000,115.97500000,29.76100000,115.97500000,0.0000,0.00,0,-1,split_deit,0,0,-1,,,
79,311.00,29.76100000,115.97500000,29.76100000,115.97500000,29.76100000,115.97500000,0.0000,0.00,0,-1,split_deit,0,0,-1,,,
80,316.00,29.76100000,115.97500000,29.76100000,115.97500000,29.76100000,115.97500000,0.0000,0.00,0,-1,split_deit,0,0,-1,,,
81,321.00,29.76100000,115.97500000,29.76100000,115.97500000,29.76100000,115.97500000,0.0000,0.00,0,-1,split_deit,0,0,-1,,,
82,326.00,29.76100000,115.97500000,29.76100000,115.97500000,29.76100000,115.97500000,0.0000,0.00,0,-1,split_deit,0,0,-1,,,
83,332.00,29.76100000,115.97500000,29.76100000,115.97500000,29.76100000,115.97500000,0.0000,0.00,0,-1,split_deit,0,0,-1,,,
84,337.00,29.76100000,115.97500000,29.76100000,115.97500000,29.76100000,115.97500000,0.0000,0.00,0,-1,split_deit,0,0,-1,,,
85,342.00,29.76100000,115.97500000,29.76100000,115.97500000,29.76100000,115.97500000,0.0000,0.00,0,-1,split_deit,0,0,-1,,,
86,346.00,29.76100000,115.97500000,29.76100000,115.97500000,29.76100000,115.97500000,0.0000,0.00,0,-1,split_deit,0,0,-1,,,
87,351.00,29.76100000,115.97500000,29.76100000,115.97500000,29.76100000,115.97500000,0.0000,0.00,0,-1,split_deit,0,0,-1,,,
88,356.00,29.76100000,115.97500000,29.76100000,115.97500000,29.76100000,115.97500000,0.0000,0.00,0,-1,split_deit,0,0,-1,,,
89,361.00,29.71298321,115.98741205,29.76100000,115.97500000,29.71298321,115.98741205,0.4400,5478.22,1,73,split_deit,6,1,-1,985.34,985.34,985.34
90,366.00,29.73315383,115.99290262,29.71298321,115.98741205,29.71298321,115.98741205,0.3933,2307.26,1,219,split_deit,4,1,-1,2671.71,2671.71,2671.71
91,371.00,29.71298321,115.98741205,29.71298321,115.98741205,29.71298321,115.98741205,0.0000,0.00,0,-1,split_deit,0,0,-1,,,
92,376.00,29.71298321,115.98741205,29.71298321,115.98741205,29.71298321,115.98741205,0.0000,0.00,0,-1,split_deit,0,0,-1,,,
93,381.00,29.71298321,115.98741205,29.71298321,115.98741205,29.71298321,115.98741205,0.0000,0.00,0,-1,split_deit,0,0,-1,,,
94,386.00,29.71298321,115.98741205,29.71298321,115.98741205,29.71298321,115.98741205,0.0000,0.00,0,-1,split_deit,0,0,-1,,,
95,391.00,29.71298321,115.98741205,29.71298321,115.98741205,29.71298321,115.98741205,0.0000,0.00,0,-1,split_deit,0,0,-1,,,
96,396.00,29.71298321,115.98741205,29.71298321,115.98741205,29.71298321,115.98741205,0.0000,0.00,0,-1,split_deit,0,0,-1,,,
97,402.00,29.71298321,115.98741205,29.71298321,115.98741205,29.71298321,115.98741205,0.0000,0.00,0,-1,split_deit,0,0,-1,,,
98,407.00,29.71298321,115.98741205,29.71298321,115.98741205,29.71298321,115.98741205,0.0000,0.00,0,-1,split_deit,0,0,-1,,,
99,412.00,29.71298321,115.98741205,29.71298321,115.98741205,29.71298321,115.98741205,0.0000,0.00,0,-1,split_deit,0,0,-1,,,
100,417.00,29.71298321,115.98741205,29.71298321,115.98741205,29.71298321,115.98741205,0.0000,0.00,0,-1,split_deit,0,0,-1,,,
101,423.00,29.71298321,115.98741205,29.71298321,115.98741205,29.71298321,115.98741205,0.0000,0.00,0,-1,split_deit,0,0,-1,,,
102,427.00,29.71298321,115.98741205,29.71298321,115.98741205,29.71298321,115.98741205,0.0000,0.00,0,-1,split_deit,0,0,-1,,,
103,432.00,29.71298321,115.98741205,29.71298321,115.98741205,29.71298321,115.98741205,0.0000,0.00,0,-1,split_deit,0,0,-1,,,
104,437.00,29.71298321,115.98741205,29.71298321,115.98741205,29.71298321,115.98741205,0.0000,0.00,0,-1,split_deit,0,0,-1,,,
105,442.00,29.71298321,115.98741205,29.71298321,115.98741205,29.71298321,115.98741205,0.0000,0.00,0,-1,split_deit,0,0,-1,,,
106,447.00,29.71298321,115.98741205,29.71298321,115.98741205,29.71298321,115.98741205,0.0000,0.00,0,-1,split_deit,0,0,-1,,,
107,452.00,29.71298321,115.98741205,29.71298321,115.98741205,29.71298321,115.98741205,0.0000,0.00,0,-1,split_deit,0,0,-1,,,
108,457.00,29.71298321,115.98741205,29.71298321,115.98741205,29.71298321,115.98741205,0.0000,0.00,0,-1,split_deit,0,0,-1,,,
109,463.00,29.71298321,115.98741205,29.71298321,115.98741205,29.71298321,115.98741205,0.0000,0.00,0,-1,split_deit,0,0,-1,,,
110,468.00,29.71298321,115.98741205,29.71298321,115.98741205,29.71298321,115.98741205,0.0000,0.00,0,-1,split_deit,0,0,-1,,,
111,473.00,29.71298321,115.98741205,29.71298321,115.98741205,29.71298321,115.98741205,0.0000,0.00,0,-1,split_deit,0,0,-1,,,
112,478.00,29.71298321,115.98741205,29.71298321,115.98741205,29.71298321,115.98741205,0.0000,0.00,0,-1,split_deit,0,0,-1,,,
113,484.00,29.71298321,115.98741205,29.71298321,115.98741205,29.71298321,115.98741205,0.0000,0.00,0,-1,split_deit,0,0,-1,,,
114,489.00,29.71298321,115.98741205,29.71298321,115.98741205,29.71298321,115.98741205,0.0000,0.00,0,-1,split_deit,0,0,-1,,,
115,494.00,29.71298321,115.98741205,29.71298321,115.98741205,29.71298321,115.98741205,0.0000,0.00,0,-1,split_deit,0,0,-1,,,
116,499.00,29.71298321,115.98741205,29.71298321,115.98741205,29.71298321,115.98741205,0.0000,0.00,0,-1,split_deit,0,0,-1,,,
117,504.00,29.71298321,115.98741205,29.71298321,115.98741205,29.71298321,115.98741205,0.0000,0.00,0,-1,split_deit,0,0,-1,,,
118,509.00,29.71298321,115.98741205,29.71298321,115.98741205,29.71298321,115.98741205,0.0000,0.00,0,-1,split_deit,0,0,-1,,,
119,513.00,29.71298321,115.98741205,29.71298321,115.98741205,29.71298321,115.98741205,0.0000,0.00,0,-1,split_deit,0,0,-1,,,
120,518.00,29.71298321,115.98741205,29.71298321,115.98741205,29.71298321,115.98741205,0.0000,0.00,0,-1,split_deit,0,0,-1,,,
121,523.00,29.71298321,115.98741205,29.71298321,115.98741205,29.71298321,115.98741205,0.0000,0.00,0,-1,split_deit,0,0,-1,,,
122,529.00,29.71298321,115.98741205,29.71298321,115.98741205,29.71298321,115.98741205,0.0000,0.00,0,-1,split_deit,0,0,-1,,,
123,534.00,29.71298321,115.98741205,29.71298321,115.98741205,29.71298321,115.98741205,0.0000,0.00,0,-1,split_deit,0,0,-1,,,
124,539.00,29.71298321,115.98741205,29.71298321,115.98741205,29.71298321,115.98741205,0.0000,0.00,0,-1,split_deit,0,0,-1,,,
125,544.00,29.71298321,115.98741205,29.71298321,115.98741205,29.71298321,115.98741205,0.0000,0.00,0,-1,split_deit,0,0,-1,,,
126,549.00,29.71298321,115.98741205,29.71298321,115.98741205,29.71298321,115.98741205,0.0000,0.00,0,-1,split_deit,0,0,-1,,,
127,554.00,29.71298321,115.98741205,29.71298321,115.98741205,29.71298321,115.98741205,0.0000,0.00,0,-1,split_deit,0,0,-1,,,
128,560.00,29.71298321,115.98741205,29.71298321,115.98741205,29.71298321,115.98741205,0.0000,0.00,0,-1,split_deit,0,0,-1,,,
129,565.00,29.72268530,115.98773338,29.71298321,115.98741205,29.71298321,115.98741205,0.3933,1080.48,1,138,split_deit,4,1,-1,2359.28,2359.28,2359.28
130,570.00,29.71298321,115.98741205,29.71298321,115.98741205,29.71298321,115.98741205,0.0000,0.00,0,-1,split_deit,0,0,-1,,,
131,575.00,29.71298321,115.98741205,29.71298321,115.98741205,29.71298321,115.98741205,0.0000,0.00,0,-1,split_deit,0,0,-1,,,
132,581.00,29.71298321,115.98741205,29.71298321,115.98741205,29.71298321,115.98741205,0.0000,0.00,0,-1,split_deit,0,0,-1,,,
133,586.00,29.71298321,115.98741205,29.71298321,115.98741205,29.71298321,115.98741205,0.0000,0.00,0,-1,split_deit,0,0,-1,,,
134,592.00,29.71298321,115.98741205,29.71298321,115.98741205,29.71298321,115.98741205,0.0000,0.00,0,-1,split_deit,0,0,-1,,,
135,597.00,29.71298321,115.98741205,29.71298321,115.98741205,29.71298321,115.98741205,0.0000,0.00,0,-1,split_deit,0,0,-1,,,
136,602.00,29.71298321,115.98741205,29.71298321,115.98741205,29.71298321,115.98741205,0.0000,0.00,0,-1,split_deit,0,0,-1,,,
137,608.00,29.71298321,115.98741205,29.71298321,115.98741205,29.71298321,115.98741205,0.0000,0.00,0,-1,split_deit,0,0,-1,,,
138,613.00,29.71298321,115.98741205,29.71298321,115.98741205,29.71298321,115.98741205,0.0000,0.00,0,-1,split_deit,0,0,-1,,,
139,618.00,29.71298321,115.98741205,29.71298321,115.98741205,29.71298321,115.98741205,0.0000,0.00,0,-1,split_deit,0,0,-1,,,
140,623.00,29.71298321,115.98741205,29.71298321,115.98741205,29.71298321,115.98741205,0.0000,0.00,0,-1,split_deit,0,0,-1,,,
141,628.00,29.71298321,115.98741205,29.71298321,115.98741205,29.71298321,115.98741205,0.0000,0.00,0,-1,split_deit,0,0,-1,,,
142,633.00,29.71298321,115.98741205,29.71298321,115.98741205,29.71298321,115.98741205,0.0000,0.00,0,-1,split_deit,0,0,-1,,,
143,638.00,29.71298321,115.98741205,29.71298321,115.98741205,29.71298321,115.98741205,0.0000,0.00,0,-1,split_deit,0,0,-1,,,
144,642.00,29.71298321,115.98741205,29.71298321,115.98741205,29.71298321,115.98741205,0.0000,0.00,0,-1,split_deit,0,0,-1,,,
145,647.00,29.71298321,115.98741205,29.71298321,115.98741205,29.71298321,115.98741205,0.0000,0.00,0,-1,split_deit,0,0,-1,,,
146,652.00,29.75376897,115.99001260,29.71298321,115.98741205,29.71298321,115.98741205,0.3933,4547.22,1,373,split_deit,4,1,-1,1188.97,1188.97,1188.97
147,657.00,29.71298321,115.98741205,29.71298321,115.98741205,29.71298321,115.98741205,0.0000,0.00,0,-1,split_deit,0,0,-1,,,
148,662.00,29.71298321,115.98741205,29.71298321,115.98741205,29.71298321,115.98741205,0.0000,0.00,0,-1,split_deit,0,0,-1,,,
149,668.00,29.75494938,115.98339739,29.71298321,115.98741205,29.71298321,115.98741205,0.4167,4687.76,1,370,split_deit,5,1,-1,600.46,600.46,600.46
150,673.00,29.71298321,115.98741205,29.71298321,115.98741205,29.71298321,115.98741205,0.0000,0.00,0,-1,split_deit,0,0,-1,,,
151,678.00,29.71298321,115.98741205,29.71298321,115.98741205,29.71298321,115.98741205,0.0000,0.00,0,-1,split_deit,0,0,-1,,,
152,683.00,29.71298321,115.98741205,29.71298321,115.98741205,29.71298321,115.98741205,0.0000,0.00,0,-1,split_deit,0,0,-1,,,
153,689.00,29.71298321,115.98741205,29.71298321,115.98741205,29.71298321,115.98741205,0.0000,0.00,0,-1,split_deit,0,0,-1,,,
154,695.00,29.71298321,115.98741205,29.71298321,115.98741205,29.71298321,115.98741205,0.0000,0.00,0,-1,split_deit,0,0,-1,,,
155,700.00,29.71298321,115.98741205,29.71298321,115.98741205,29.71298321,115.98741205,0.0000,0.00,0,-1,split_deit,0,0,-1,,,
156,706.00,29.71298321,115.98741205,29.71298321,115.98741205,29.71298321,115.98741205,0.0000,0.00,0,-1,split_deit,0,0,-1,,,
157,711.00,29.71298321,115.98741205,29.71298321,115.98741205,29.71298321,115.98741205,0.0000,0.00,0,-1,split_deit,0,0,-1,,,
158,716.00,29.71298321,115.98741205,29.71298321,115.98741205,29.71298321,115.98741205,0.0000,0.00,0,-1,split_deit,0,0,-1,,,
159,721.00,29.71298321,115.98741205,29.71298321,115.98741205,29.71298321,115.98741205,0.0000,0.00,0,-1,split_deit,0,0,-1,,,
160,725.00,29.71298321,115.98741205,29.71298321,115.98741205,29.71298321,115.98741205,0.0000,0.00,0,-1,split_deit,0,0,-1,,,
161,772.00,29.71298321,115.98741205,29.71298321,115.98741205,29.71298321,115.98741205,0.0000,0.00,0,-1,split_deit,0,0,-1,,,
162,775.00,29.71298321,115.98741205,29.71298321,115.98741205,29.71298321,115.98741205,0.0000,0.00,0,-1,split_deit,0,0,-1,,,
163,778.00,29.71298321,115.98741205,29.71298321,115.98741205,29.71298321,115.98741205,0.0000,0.00,0,-1,split_deit,0,0,-1,,,
164,782.00,29.71298321,115.98741205,29.71298321,115.98741205,29.71298321,115.98741205,0.0000,0.00,0,-1,split_deit,0,0,-1,,,
165,785.00,29.76516037,115.97301470,29.71298321,115.98741205,29.71298321,115.98741205,0.4400,5972.75,1,443,split_deit,6,1,-1,892.05,892.05,892.05
166,789.00,29.71298321,115.98741205,29.71298321,115.98741205,29.71298321,115.98741205,0.0000,0.00,0,-1,split_deit,0,0,-1,,,
167,792.00,29.71298321,115.98741205,29.71298321,115.98741205,29.71298321,115.98741205,0.0000,0.00,0,-1,split_deit,0,0,-1,,,
168,796.00,29.71298321,115.98741205,29.71298321,115.98741205,29.71298321,115.98741205,0.0000,0.00,0,-1,split_deit,0,0,-1,,,
169,799.00,29.71298321,115.98741205,29.71298321,115.98741205,29.71298321,115.98741205,0.0000,0.00,0,-1,split_deit,0,0,-1,,,
170,803.00,29.71298321,115.98741205,29.71298321,115.98741205,29.71298321,115.98741205,0.0000,0.00,0,-1,split_deit,0,0,-1,,,
171,807.00,29.71298321,115.98741205,29.71298321,115.98741205,29.71298321,115.98741205,0.0000,0.00,0,-1,split_deit,0,0,-1,,,
172,810.00,29.71298321,115.98741205,29.71298321,115.98741205,29.71298321,115.98741205,0.0000,0.00,0,-1,split_deit,0,0,-1,,,
173,814.00,29.71298321,115.98741205,29.71298321,115.98741205,29.71298321,115.98741205,0.0000,0.00,0,-1,split_deit,0,0,-1,,,
174,817.00,29.75504596,115.99261837,29.71298321,115.98741205,29.71298321,115.98741205,0.4167,4709.39,1,375,split_deit,5,1,-1,1401.33,1401.33,1401.33
175,821.00,29.71298321,115.98741205,29.71298321,115.98741205,29.71298321,115.98741205,0.0000,0.00,0,-1,split_deit,0,0,-1,,,
176,824.00,29.71298321,115.98741205,29.71298321,115.98741205,29.71298321,115.98741205,0.0000,0.00,0,-1,split_deit,0,0,-1,,,
177,828.00,29.71298321,115.98741205,29.71298321,115.98741205,29.71298321,115.98741205,0.0000,0.00,0,-1,split_deit,0,0,-1,,,
178,831.00,29.71298321,115.98741205,29.71298321,115.98741205,29.71298321,115.98741205,0.0000,0.00,0,-1,split_deit,0,0,-1,,,
179,835.00,29.71298321,115.98741205,29.71298321,115.98741205,29.71298321,115.98741205,0.0000,0.00,0,-1,split_deit,0,0,-1,,,
180,838.00,29.71298321,115.98741205,29.71298321,115.98741205,29.71298321,115.98741205,0.0000,0.00,0,-1,split_deit,0,0,-1,,,
181,842.00,29.71298321,115.98741205,29.71298321,115.98741205,29.71298321,115.98741205,0.0000,0.00,0,-1,split_deit,0,0,-1,,,
182,846.00,29.71298321,115.98741205,29.71298321,115.98741205,29.71298321,115.98741205,0.0000,0.00,0,-1,split_deit,0,0,-1,,,
183,849.00,29.71298321,115.98741205,29.71298321,115.98741205,29.71298321,115.98741205,0.0000,0.00,0,-1,split_deit,0,0,-1,,,
184,853.00,29.71298321,115.98741205,29.71298321,115.98741205,29.71298321,115.98741205,0.0000,0.00,0,-1,split_deit,0,0,-1,,,
185,856.00,29.71298321,115.98741205,29.71298321,115.98741205,29.71298321,115.98741205,0.0000,0.00,0,-1,split_deit,0,0,-1,,,
186,859.00,29.71298321,115.98741205,29.71298321,115.98741205,29.71298321,115.98741205,0.0000,0.00,0,-1,split_deit,0,0,-1,,,
187,863.00,29.71298321,115.98741205,29.71298321,115.98741205,29.71298321,115.98741205,0.0000,0.00,0,-1,split_deit,0,0,-1,,,
188,866.00,29.71298321,115.98741205,29.71298321,115.98741205,29.71298321,115.98741205,0.0000,0.00,0,-1,split_deit,0,0,-1,,,
189,870.00,29.71298321,115.98741205,29.71298321,115.98741205,29.71298321,115.98741205,0.0000,0.00,0,-1,split_deit,0,0,-1,,,
190,873.00,29.71298321,115.98741205,29.71298321,115.98741205,29.71298321,115.98741205,0.0000,0.00,0,-1,split_deit,0,0,-1,,,
191,877.00,29.71298321,115.98741205,29.71298321,115.98741205,29.71298321,115.98741205,0.0000,0.00,0,-1,split_deit,0,0,-1,,,
192,880.00,29.71298321,115.98741205,29.71298321,115.98741205,29.71298321,115.98741205,0.0000,0.00,0,-1,split_deit,0,0,-1,,,
193,883.00,29.71298321,115.98741205,29.71298321,115.98741205,29.71298321,115.98741205,0.0000,0.00,0,-1,split_deit,0,0,-1,,,
194,887.00,29.71298321,115.98741205,29.71298321,115.98741205,29.71298321,115.98741205,0.0000,0.00,0,-1,split_deit,0,0,-1,,,
195,890.00,29.71298321,115.98741205,29.71298321,115.98741205,29.71298321,115.98741205,0.0000,0.00,0,-1,split_deit,0,0,-1,,,
196,894.00,29.71298321,115.98741205,29.71298321,115.98741205,29.71298321,115.98741205,0.0000,0.00,0,-1,split_deit,0,0,-1,,,
197,897.00,29.71298321,115.98741205,29.71298321,115.98741205,29.71298321,115.98741205,0.0000,0.00,0,-1,split_deit,0,0,-1,,,
198,901.00,29.71298321,115.98741205,29.71298321,115.98741205,29.71298321,115.98741205,0.0000,0.00,0,-1,split_deit,0,0,-1,,,
199,904.00,29.71298321,115.98741205,29.71298321,115.98741205,29.71298321,115.98741205,0.0000,0.00,0,-1,split_deit,0,0,-1,,,
200,908.00,29.71298321,115.98741205,29.71298321,115.98741205,29.71298321,115.98741205,0.0000,0.00,0,-1,split_deit,0,0,-1,,,
201,911.00,29.71298321,115.98741205,29.71298321,115.98741205,29.71298321,115.98741205,0.0000,0.00,0,-1,split_deit,0,0,-1,,,
202,915.00,29.71298321,115.98741205,29.71298321,115.98741205,29.71298321,115.98741205,0.0000,0.00,0,-1,split_deit,0,0,-1,,,
203,918.00,29.71298321,115.98741205,29.71298321,115.98741205,29.71298321,115.98741205,0.0000,0.00,0,-1,split_deit,0,0,-1,,,
204,922.00,29.71298321,115.98741205,29.71298321,115.98741205,29.71298321,115.98741205,0.0000,0.00,0,-1,split_deit,0,0,-1,,,
205,925.00,29.71298321,115.98741205,29.71298321,115.98741205,29.71298321,115.98741205,0.0000,0.00,0,-1,split_deit,0,0,-1,,,
206,929.00,29.71298321,115.98741205,29.71298321,115.98741205,29.71298321,115.98741205,0.0000,0.00,0,-1,split_deit,0,0,-1,,,
207,932.00,29.71298321,115.98741205,29.71298321,115.98741205,29.71298321,115.98741205,0.0000,0.00,0,-1,split_deit,0,0,-1,,,
208,936.00,29.71298321,115.98741205,29.71298321,115.98741205,29.71298321,115.98741205,0.0000,0.00,0,-1,split_deit,0,0,-1,,,
209,939.00,29.71298321,115.98741205,29.71298321,115.98741205,29.71298321,115.98741205,0.0000,0.00,0,-1,split_deit,0,0,-1,,,
210,943.00,29.71298321,115.98741205,29.71298321,115.98741205,29.71298321,115.98741205,0.0000,0.00,0,-1,split_deit,0,0,-1,,,
211,947.00,29.71298321,115.98741205,29.71298321,115.98741205,29.71298321,115.98741205,0.0000,0.00,0,-1,split_deit,0,0,-1,,,
212,950.00,29.71298321,115.98741205,29.71298321,115.98741205,29.71298321,115.98741205,0.0000,0.00,0,-1,split_deit,0,0,-1,,,
213,954.00,29.71298321,115.98741205,29.71298321,115.98741205,29.71298321,115.98741205,0.0000,0.00,0,-1,split_deit,0,0,-1,,,
214,957.00,29.71298321,115.98741205,29.71298321,115.98741205,29.71298321,115.98741205,0.0000,0.00,0,-1,split_deit,0,0,-1,,,
215,961.00,29.71298321,115.98741205,29.71298321,115.98741205,29.71298321,115.98741205,0.0000,0.00,0,-1,split_deit,0,0,-1,,,
216,964.00,29.71298321,115.98741205,29.71298321,115.98741205,29.71298321,115.98741205,0.0000,0.00,0,-1,split_deit,0,0,-1,,,
217,968.00,29.71298321,115.98741205,29.71298321,115.98741205,29.71298321,115.98741205,0.0000,0.00,0,-1,split_deit,0,0,-1,,,
218,971.00,29.71298321,115.98741205,29.71298321,115.98741205,29.71298321,115.98741205,0.0000,0.00,0,-1,split_deit,0,0,-1,,,
219,975.00,29.71298321,115.98741205,29.71298321,115.98741205,29.71298321,115.98741205,0.0000,0.00,0,-1,split_deit,0,0,-1,,,
220,979.00,29.71298321,115.98741205,29.71298321,115.98741205,29.71298321,115.98741205,0.0000,0.00,0,-1,split_deit,0,0,-1,,,
221,982.00,29.71298321,115.98741205,29.71298321,115.98741205,29.71298321,115.98741205,0.0000,0.00,0,-1,split_deit,0,0,-1,,,
222,986.00,29.71298321,115.98741205,29.71298321,115.98741205,29.71298321,115.98741205,0.0000,0.00,0,-1,split_deit,0,0,-1,,,
223,989.00,29.71298321,115.98741205,29.71298321,115.98741205,29.71298321,115.98741205,0.0000,0.00,0,-1,split_deit,0,0,-1,,,
224,992.00,29.71298321,115.98741205,29.71298321,115.98741205,29.71298321,115.98741205,0.0000,0.00,0,-1,split_deit,0,0,-1,,,
225,996.00,29.71298321,115.98741205,29.71298321,115.98741205,29.71298321,115.98741205,0.0000,0.00,0,-1,split_deit,0,0,-1,,,
226,1000.00,29.71298321,115.98741205,29.71298321,115.98741205,29.71298321,115.98741205,0.0000,0.00,0,-1,split_deit,0,0,-1,,,
227,1003.00,29.71298321,115.98741205,29.71298321,115.98741205,29.71298321,115.98741205,0.0000,0.00,0,-1,split_deit,0,0,-1,,,
228,1007.00,29.71298321,115.98741205,29.71298321,115.98741205,29.71298321,115.98741205,0.0000,0.00,0,-1,split_deit,0,0,-1,,,
229,1010.00,29.75830655,115.98368164,29.71298321,115.98741205,29.71298321,115.98741205,0.4167,5058.26,1,396,split_deit,5,1,-1,4944.10,4944.10,4944.10
230,1014.00,29.71298321,115.98741205,29.71298321,115.98741205,29.71298321,115.98741205,0.0000,0.00,0,-1,split_deit,0,0,-1,,,
231,1017.00,29.71298321,115.98741205,29.71298321,115.98741205,29.71298321,115.98741205,0.0000,0.00,0,-1,split_deit,0,0,-1,,,
232,1021.00,29.71298321,115.98741205,29.71298321,115.98741205,29.71298321,115.98741205,0.0000,0.00,0,-1,split_deit,0,0,-1,,,
233,1024.00,29.71298321,115.98741205,29.71298321,115.98741205,29.71298321,115.98741205,0.0000,0.00,0,-1,split_deit,0,0,-1,,,
234,1028.00,29.72563468,115.99132784,29.71298321,115.98741205,29.71298321,115.98741205,0.3933,1458.34,1,166,split_deit,4,1,-1,2090.95,2090.95,2090.95
235,1031.00,29.71298321,115.98741205,29.71298321,115.98741205,29.71298321,115.98741205,0.0000,0.00,0,-1,split_deit,0,0,-1,,,
236,1035.00,29.71298321,115.98741205,29.71298321,115.98741205,29.71298321,115.98741205,0.0000,0.00,0,-1,split_deit,0,0,-1,,,
237,1039.00,29.71298321,115.98741205,29.71298321,115.98741205,29.71298321,115.98741205,0.0000,0.00,0,-1,split_deit,0,0,-1,,,
238,1042.00,29.71298321,115.98741205,29.71298321,115.98741205,29.71298321,115.98741205,0.0000,0.00,0,-1,split_deit,0,0,-1,,,
239,1046.00,29.71298321,115.98741205,29.71298321,115.98741205,29.71298321,115.98741205,0.0000,0.00,0,-1,split_deit,0,0,-1,,,
240,1094.00,29.71298321,115.98741205,29.71298321,115.98741205,29.71298321,115.98741205,0.0000,0.00,0,-1,split_deit,0,0,-1,,,
241,1099.00,29.71298321,115.98741205,29.71298321,115.98741205,29.71298321,115.98741205,0.0000,0.00,0,-1,split_deit,0,0,-1,,,
242,1104.00,29.75874652,115.99151322,29.71298321,115.98741205,29.71298321,115.98741205,0.3933,5109.77,1,400,split_deit,4,1,-1,5608.13,5608.13,5608.13
243,1109.00,29.71298321,115.98741205,29.71298321,115.98741205,29.71298321,115.98741205,0.0000,0.00,0,-1,split_deit,0,0,-1,,,
244,1114.00,29.71298321,115.98741205,29.71298321,115.98741205,29.71298321,115.98741205,0.0000,0.00,0,-1,split_deit,0,0,-1,,,
245,1120.00,29.71298321,115.98741205,29.71298321,115.98741205,29.71298321,115.98741205,0.0000,0.00,0,-1,split_deit,0,0,-1,,,
246,1125.00,29.71298321,115.98741205,29.71298321,115.98741205,29.71298321,115.98741205,0.0000,0.00,0,-1,split_deit,0,0,-1,,,
247,1130.00,29.72446046,115.99301385,29.71298321,115.98741205,29.72446046,115.99301385,0.4167,1387.65,1,154,split_deit,5,1,-1,1781.15,1781.15,1781.15
248,1135.00,29.72446046,115.99301385,29.72446046,115.99301385,29.72446046,115.99301385,0.0000,0.00,0,-1,split_deit,0,0,-1,,,
249,1140.00,29.72446046,115.99301385,29.72446046,115.99301385,29.72446046,115.99301385,0.0000,0.00,0,-1,split_deit,0,0,-1,,,
250,1145.00,29.72446046,115.99301385,29.72446046,115.99301385,29.72446046,115.99301385,0.0000,0.00,0,-1,split_deit,0,0,-1,,,
251,1150.00,29.72446046,115.99301385,29.72446046,115.99301385,29.72446046,115.99301385,0.0000,0.00,0,-1,split_deit,0,0,-1,,,
252,1155.00,29.72446046,115.99301385,29.72446046,115.99301385,29.72446046,115.99301385,0.0000,0.00,0,-1,split_deit,0,0,-1,,,
253,1160.00,29.72446046,115.99301385,29.72446046,115.99301385,29.72446046,115.99301385,0.0000,0.00,0,-1,split_deit,0,0,-1,,,
254,1165.00,29.72446046,115.99301385,29.72446046,115.99301385,29.72446046,115.99301385,0.0000,0.00,0,-1,split_deit,0,0,-1,,,
255,1170.00,29.72446046,115.99301385,29.72446046,115.99301385,29.72446046,115.99301385,0.0000,0.00,0,-1,split_deit,0,0,-1,,,
256,1175.00,29.72446046,115.99301385,29.72446046,115.99301385,29.72446046,115.99301385,0.0000,0.00,0,-1,split_deit,0,0,-1,,,
257,1180.00,29.72446046,115.99301385,29.72446046,115.99301385,29.72446046,115.99301385,0.0000,0.00,0,-1,split_deit,0,0,-1,,,
258,1185.00,29.72446046,115.99301385,29.72446046,115.99301385,29.72446046,115.99301385,0.0000,0.00,0,-1,split_deit,0,0,-1,,,
259,1190.00,29.72446046,115.99301385,29.72446046,115.99301385,29.72446046,115.99301385,0.0000,0.00,0,-1,split_deit,0,0,-1,,,
260,1195.00,29.72446046,115.99301385,29.72446046,115.99301385,29.72446046,115.99301385,0.0000,0.00,0,-1,split_deit,0,0,-1,,,
261,1200.00,29.72446046,115.99301385,29.72446046,115.99301385,29.72446046,115.99301385,0.0000,0.00,0,-1,split_deit,0,0,-1,,,
262,1205.00,29.72446046,115.99301385,29.72446046,115.99301385,29.72446046,115.99301385,0.0000,0.00,0,-1,split_deit,0,0,-1,,,
263,1210.00,29.72446046,115.99301385,29.72446046,115.99301385,29.72446046,115.99301385,0.0000,0.00,0,-1,split_deit,0,0,-1,,,
264,1215.00,29.72446046,115.99301385,29.72446046,115.99301385,29.72446046,115.99301385,0.0000,0.00,0,-1,split_deit,0,0,-1,,,
265,1221.00,29.72446046,115.99301385,29.72446046,115.99301385,29.72446046,115.99301385,0.0000,0.00,0,-1,split_deit,0,0,-1,,,
266,1226.00,29.72446046,115.99301385,29.72446046,115.99301385,29.72446046,115.99301385,0.0000,0.00,0,-1,split_deit,0,0,-1,,,
267,1231.00,29.72446046,115.99301385,29.72446046,115.99301385,29.72446046,115.99301385,0.0000,0.00,0,-1,split_deit,0,0,-1,,,
268,1237.00,29.72446046,115.99301385,29.72446046,115.99301385,29.72446046,115.99301385,0.0000,0.00,0,-1,split_deit,0,0,-1,,,
269,1242.00,29.72446046,115.99301385,29.72446046,115.99301385,29.72446046,115.99301385,0.0000,0.00,0,-1,split_deit,0,0,-1,,,
270,1247.00,29.72446046,115.99301385,29.72446046,115.99301385,29.72446046,115.99301385,0.0000,0.00,0,-1,split_deit,0,0,-1,,,
271,1252.00,29.72344101,115.97375622,29.72446046,115.99301385,29.72446046,115.99301385,0.4167,1864.88,1,144,split_deit,5,1,-1,992.91,992.91,992.91
272,1258.00,29.72446046,115.99301385,29.72446046,115.99301385,29.72446046,115.99301385,0.0000,0.00,0,-1,split_deit,0,0,-1,,,
273,1263.00,29.72446046,115.99301385,29.72446046,115.99301385,29.72446046,115.99301385,0.0000,0.00,0,-1,split_deit,0,0,-1,,,
274,1268.00,29.72446046,115.99301385,29.72446046,115.99301385,29.72446046,115.99301385,0.0000,0.00,0,-1,split_deit,0,0,-1,,,
275,1273.00,29.72446046,115.99301385,29.72446046,115.99301385,29.72446046,115.99301385,0.0000,0.00,0,-1,split_deit,0,0,-1,,,
276,1278.00,29.72446046,115.99301385,29.72446046,115.99301385,29.72446046,115.99301385,0.0000,0.00,0,-1,split_deit,0,0,-1,,,
277,1283.00,29.72446046,115.99301385,29.72446046,115.99301385,29.72446046,115.99301385,0.0000,0.00,0,-1,split_deit,0,0,-1,,,
278,1288.00,29.72446046,115.99301385,29.72446046,115.99301385,29.72446046,115.99301385,0.0000,0.00,0,-1,split_deit,0,0,-1,,,
279,1293.00,29.72446046,115.99301385,29.72446046,115.99301385,29.72446046,115.99301385,0.0000,0.00,0,-1,split_deit,0,0,-1,,,
280,1298.00,29.72446046,115.99301385,29.72446046,115.99301385,29.72446046,115.99301385,0.0000,0.00,0,-1,split_deit,0,0,-1,,,
281,1303.00,29.72446046,115.99301385,29.72446046,115.99301385,29.72446046,115.99301385,0.0000,0.00,0,-1,split_deit,0,0,-1,,,
282,1307.00,29.72446046,115.99301385,29.72446046,115.99301385,29.72446046,115.99301385,0.0000,0.00,0,-1,split_deit,0,0,-1,,,
283,1312.00,29.72446046,115.99301385,29.72446046,115.99301385,29.72446046,115.99301385,0.0000,0.00,0,-1,split_deit,0,0,-1,,,
284,1317.00,29.72446046,115.99301385,29.72446046,115.99301385,29.72446046,115.99301385,0.0000,0.00,0,-1,split_deit,0,0,-1,,,
285,1322.00,29.72446046,115.99301385,29.72446046,115.99301385,29.72446046,115.99301385,0.0000,0.00,0,-1,split_deit,0,0,-1,,,
286,1327.00,29.72446046,115.99301385,29.72446046,115.99301385,29.72446046,115.99301385,0.0000,0.00,0,-1,split_deit,0,0,-1,,,
287,1332.00,29.72446046,115.99301385,29.72446046,115.99301385,29.72446046,115.99301385,0.0000,0.00,0,-1,split_deit,0,0,-1,,,
288,1337.00,29.72446046,115.99301385,29.72446046,115.99301385,29.72446046,115.99301385,0.0000,0.00,0,-1,split_deit,0,0,-1,,,
289,1342.00,29.72446046,115.99301385,29.72446046,115.99301385,29.72446046,115.99301385,0.0000,0.00,0,-1,split_deit,0,0,-1,,,
290,1347.00,29.72446046,115.99301385,29.72446046,115.99301385,29.72446046,115.99301385,0.0000,0.00,0,-1,split_deit,0,0,-1,,,
291,1353.00,29.72446046,115.99301385,29.72446046,115.99301385,29.72446046,115.99301385,0.0000,0.00,0,-1,split_deit,0,0,-1,,,
292,1358.00,29.72446046,115.99301385,29.72446046,115.99301385,29.72446046,115.99301385,0.0000,0.00,0,-1,split_deit,0,0,-1,,,
293,1364.00,29.72446046,115.99301385,29.72446046,115.99301385,29.72446046,115.99301385,0.0000,0.00,0,-1,split_deit,0,0,-1,,,
294,1369.00,29.72446046,115.99301385,29.72446046,115.99301385,29.72446046,115.99301385,0.0000,0.00,0,-1,split_deit,0,0,-1,,,
295,1373.00,29.72446046,115.99301385,29.72446046,115.99301385,29.72446046,115.99301385,0.0000,0.00,0,-1,split_deit,0,0,-1,,,
296,1378.00,29.72446046,115.99301385,29.72446046,115.99301385,29.72446046,115.99301385,0.0000,0.00,0,-1,split_deit,0,0,-1,,,
297,1383.00,29.72446046,115.99301385,29.72446046,115.99301385,29.72446046,115.99301385,0.0000,0.00,0,-1,split_deit,0,0,-1,,,
298,1388.00,29.72446046,115.99301385,29.72446046,115.99301385,29.72446046,115.99301385,0.0000,0.00,0,-1,split_deit,0,0,-1,,,
299,1392.00,29.72446046,115.99301385,29.72446046,115.99301385,29.72446046,115.99301385,0.0000,0.00,0,-1,split_deit,0,0,-1,,,
300,1398.00,29.72446046,115.99301385,29.72446046,115.99301385,29.72446046,115.99301385,0.0000,0.00,0,-1,split_deit,0,0,-1,,,
301,1403.00,29.72446046,115.99301385,29.72446046,115.99301385,29.72446046,115.99301385,0.0000,0.00,0,-1,split_deit,0,0,-1,,,
302,1408.00,29.72446046,115.99301385,29.72446046,115.99301385,29.72446046,115.99301385,0.0000,0.00,0,-1,split_deit,0,0,-1,,,
303,1412.00,29.72446046,115.99301385,29.72446046,115.99301385,29.72446046,115.99301385,0.0000,0.00,0,-1,split_deit,0,0,-1,,,
304,1417.00,29.72446046,115.99301385,29.72446046,115.99301385,29.72446046,115.99301385,0.0000,0.00,0,-1,split_deit,0,0,-1,,,
305,1423.00,29.72446046,115.99301385,29.72446046,115.99301385,29.72446046,115.99301385,0.0000,0.00,0,-1,split_deit,0,0,-1,,,
306,1428.00,29.72446046,115.99301385,29.72446046,115.99301385,29.72446046,115.99301385,0.0000,0.00,0,-1,split_deit,0,0,-1,,,
307,1433.00,29.72446046,115.99301385,29.72446046,115.99301385,29.72446046,115.99301385,0.0000,0.00,0,-1,split_deit,0,0,-1,,,
308,1438.00,29.72446046,115.99301385,29.72446046,115.99301385,29.72446046,115.99301385,0.0000,0.00,0,-1,split_deit,0,0,-1,,,
309,1443.00,29.72446046,115.99301385,29.72446046,115.99301385,29.72446046,115.99301385,0.0000,0.00,0,-1,split_deit,0,0,-1,,,
310,1447.00,29.72446046,115.99301385,29.72446046,115.99301385,29.72446046,115.99301385,0.0000,0.00,0,-1,split_deit,0,0,-1,,,
311,1452.00,29.72446046,115.99301385,29.72446046,115.99301385,29.72446046,115.99301385,0.0000,0.00,0,-1,split_deit,0,0,-1,,,
312,1457.00,29.72446046,115.99301385,29.72446046,115.99301385,29.72446046,115.99301385,0.0000,0.00,0,-1,split_deit,0,0,-1,,,
313,1462.00,29.72446046,115.99301385,29.72446046,115.99301385,29.72446046,115.99301385,0.0000,0.00,0,-1,split_deit,0,0,-1,,,
314,1467.00,29.72446046,115.99301385,29.72446046,115.99301385,29.72446046,115.99301385,0.0000,0.00,0,-1,split_deit,0,0,-1,,,
315,1472.00,29.72446046,115.99301385,29.72446046,115.99301385,29.72446046,115.99301385,0.0000,0.00,0,-1,split_deit,0,0,-1,,,
316,1477.00,29.72446046,115.99301385,29.72446046,115.99301385,29.72446046,115.99301385,0.0000,0.00,0,-1,split_deit,0,0,-1,,,
317,1482.00,29.72446046,115.99301385,29.72446046,115.99301385,29.72446046,115.99301385,0.0000,0.00,0,-1,split_deit,0,0,-1,,,
318,1486.00,29.72446046,115.99301385,29.72446046,115.99301385,29.72446046,115.99301385,0.0000,0.00,0,-1,split_deit,0,0,-1,,,
319,1491.00,29.72446046,115.99301385,29.72446046,115.99301385,29.72446046,115.99301385,0.0000,0.00,0,-1,split_deit,0,0,-1,,,
320,1496.00,29.72446046,115.99301385,29.72446046,115.99301385,29.72446046,115.99301385,0.0000,0.00,0,-1,split_deit,0,0,-1,,,
321,1501.00,29.72446046,115.99301385,29.72446046,115.99301385,29.72446046,115.99301385,0.0000,0.00,0,-1,split_deit,0,0,-1,,,
322,1552.00,29.72446046,115.99301385,29.72446046,115.99301385,29.72446046,115.99301385,0.0000,0.00,0,-1,split_deit,0,0,-1,,,
323,1555.00,29.72446046,115.99301385,29.72446046,115.99301385,29.72446046,115.99301385,0.0000,0.00,0,-1,split_deit,0,0,-1,,,
324,1559.00,29.72446046,115.99301385,29.72446046,115.99301385,29.72446046,115.99301385,0.0000,0.00,0,-1,split_deit,0,0,-1,,,
325,1562.00,29.72446046,115.99301385,29.72446046,115.99301385,29.72446046,115.99301385,0.0000,0.00,0,-1,split_deit,0,0,-1,,,
326,1566.00,29.72446046,115.99301385,29.72446046,115.99301385,29.72446046,115.99301385,0.0000,0.00,0,-1,split_deit,0,0,-1,,,
327,1569.00,29.72446046,115.99301385,29.72446046,115.99301385,29.72446046,115.99301385,0.0000,0.00,0,-1,split_deit,0,0,-1,,,
328,1573.00,29.72446046,115.99301385,29.72446046,115.99301385,29.72446046,115.99301385,0.0000,0.00,0,-1,split_deit,0,0,-1,,,
329,1577.00,29.72446046,115.99301385,29.72446046,115.99301385,29.72446046,115.99301385,0.0000,0.00,0,-1,split_deit,0,0,-1,,,
330,1580.00,29.75225135,115.98368164,29.72446046,115.99301385,29.72446046,115.99301385,0.3933,3222.51,1,357,split_deit,4,1,-1,680.85,680.85,680.85
331,1584.00,29.72446046,115.99301385,29.72446046,115.99301385,29.72446046,115.99301385,0.0000,0.00,0,-1,split_deit,0,0,-1,,,
332,1588.00,29.72446046,115.99301385,29.72446046,115.99301385,29.72446046,115.99301385,0.0000,0.00,0,-1,split_deit,0,0,-1,,,
333,1591.00,29.72446046,115.99301385,29.72446046,115.99301385,29.72446046,115.99301385,0.0000,0.00,0,-1,split_deit,0,0,-1,,,
334,1595.00,29.72446046,115.99301385,29.72446046,115.99301385,29.72446046,115.99301385,0.0000,0.00,0,-1,split_deit,0,0,-1,,,
335,1598.00,29.72446046,115.99301385,29.72446046,115.99301385,29.72446046,115.99301385,0.0000,0.00,0,-1,split_deit,0,0,-1,,,
336,1602.00,29.75426260,115.99190870,29.72446046,115.99301385,29.72446046,115.99301385,0.4167,3319.29,1,374,split_deit,5,1,-1,804.97,804.97,804.97
337,1605.00,29.72446046,115.99301385,29.72446046,115.99301385,29.72446046,115.99301385,0.0000,0.00,0,-1,split_deit,0,0,-1,,,
338,1609.00,29.75326007,115.98643572,29.72446046,115.99301385,29.72446046,115.99301385,0.4167,3268.42,1,359,split_deit,5,1,-1,407.60,407.60,407.60
339,1613.00,29.72446046,115.99301385,29.72446046,115.99301385,29.72446046,115.99301385,0.0000,0.00,0,-1,split_deit,0,0,-1,,,
340,1617.00,29.72446046,115.99301385,29.72446046,115.99301385,29.72446046,115.99301385,0.0000,0.00,0,-1,split_deit,0,0,-1,,,
341,1620.00,29.72446046,115.99301385,29.72446046,115.99301385,29.72446046,115.99301385,0.0000,0.00,0,-1,split_deit,0,0,-1,,,
342,1624.00,29.72446046,115.99301385,29.72446046,115.99301385,29.72446046,115.99301385,0.0000,0.00,0,-1,split_deit,0,0,-1,,,
343,1627.00,29.72446046,115.99301385,29.72446046,115.99301385,29.72446046,115.99301385,0.0000,0.00,0,-1,split_deit,0,0,-1,,,
344,1630.00,29.72446046,115.99301385,29.72446046,115.99301385,29.72446046,115.99301385,0.0000,0.00,0,-1,split_deit,0,0,-1,,,
345,1633.00,29.72446046,115.99301385,29.72446046,115.99301385,29.72446046,115.99301385,0.0000,0.00,0,-1,split_deit,0,0,-1,,,
346,1637.00,29.72446046,115.99301385,29.72446046,115.99301385,29.72446046,115.99301385,0.0000,0.00,0,-1,split_deit,0,0,-1,,,
347,1640.00,29.72446046,115.99301385,29.72446046,115.99301385,29.72446046,115.99301385,0.0000,0.00,0,-1,split_deit,0,0,-1,,,
348,1644.00,29.72446046,115.99301385,29.72446046,115.99301385,29.72446046,115.99301385,0.0000,0.00,0,-1,split_deit,0,0,-1,,,
349,1647.00,29.72446046,115.99301385,29.72446046,115.99301385,29.72446046,115.99301385,0.0000,0.00,0,-1,split_deit,0,0,-1,,,
350,1651.00,29.72446046,115.99301385,29.72446046,115.99301385,29.72446046,115.99301385,0.0000,0.00,0,-1,split_deit,0,0,-1,,,
351,1654.00,29.72446046,115.99301385,29.72446046,115.99301385,29.72446046,115.99301385,0.0000,0.00,0,-1,split_deit,0,0,-1,,,
352,1658.00,29.72446046,115.99301385,29.72446046,115.99301385,29.72446046,115.99301385,0.0000,0.00,0,-1,split_deit,0,0,-1,,,
353,1661.00,29.72446046,115.99301385,29.72446046,115.99301385,29.72446046,115.99301385,0.0000,0.00,0,-1,split_deit,0,0,-1,,,
354,1664.00,29.72446046,115.99301385,29.72446046,115.99301385,29.72446046,115.99301385,0.0000,0.00,0,-1,split_deit,0,0,-1,,,
355,1668.00,29.72446046,115.99301385,29.72446046,115.99301385,29.72446046,115.99301385,0.0000,0.00,0,-1,split_deit,0,0,-1,,,
356,1671.00,29.72446046,115.99301385,29.72446046,115.99301385,29.72446046,115.99301385,0.0000,0.00,0,-1,split_deit,0,0,-1,,,
357,1674.00,29.72446046,115.99301385,29.72446046,115.99301385,29.72446046,115.99301385,0.0000,0.00,0,-1,split_deit,0,0,-1,,,
358,1678.00,29.72446046,115.99301385,29.72446046,115.99301385,29.72446046,115.99301385,0.0000,0.00,0,-1,split_deit,0,0,-1,,,
359,1681.00,29.72446046,115.99301385,29.72446046,115.99301385,29.72446046,115.99301385,0.0000,0.00,0,-1,split_deit,0,0,-1,,,
360,1685.00,29.72446046,115.99301385,29.72446046,115.99301385,29.72446046,115.99301385,0.0000,0.00,0,-1,split_deit,0,0,-1,,,
361,1689.00,29.72446046,115.99301385,29.72446046,115.99301385,29.72446046,115.99301385,0.0000,0.00,0,-1,split_deit,0,0,-1,,,
362,1692.00,29.72446046,115.99301385,29.72446046,115.99301385,29.72446046,115.99301385,0.0000,0.00,0,-1,split_deit,0,0,-1,,,
363,1696.00,29.72446046,115.99301385,29.72446046,115.99301385,29.72446046,115.99301385,0.0000,0.00,0,-1,split_deit,0,0,-1,,,
364,1699.00,29.72446046,115.99301385,29.72446046,115.99301385,29.72446046,115.99301385,0.0000,0.00,0,-1,split_deit,0,0,-1,,,
365,1703.00,29.72446046,115.99301385,29.72446046,115.99301385,29.72446046,115.99301385,0.0000,0.00,0,-1,split_deit,0,0,-1,,,
366,1706.00,29.72446046,115.99301385,29.72446046,115.99301385,29.72446046,115.99301385,0.0000,0.00,0,-1,split_deit,0,0,-1,,,
367,1709.00,29.72446046,115.99301385,29.72446046,115.99301385,29.72446046,115.99301385,0.0000,0.00,0,-1,split_deit,0,0,-1,,,
368,1713.00,29.72446046,115.99301385,29.72446046,115.99301385,29.72446046,115.99301385,0.0000,0.00,0,-1,split_deit,0,0,-1,,,
369,1716.00,29.72446046,115.99301385,29.72446046,115.99301385,29.72446046,115.99301385,0.0000,0.00,0,-1,split_deit,0,0,-1,,,
370,1720.00,29.72446046,115.99301385,29.72446046,115.99301385,29.72446046,115.99301385,0.0000,0.00,0,-1,split_deit,0,0,-1,,,
371,1723.00,29.72446046,115.99301385,29.72446046,115.99301385,29.72446046,115.99301385,0.0000,0.00,0,-1,split_deit,0,0,-1,,,
372,1726.00,29.72446046,115.99301385,29.72446046,115.99301385,29.72446046,115.99301385,0.0000,0.00,0,-1,split_deit,0,0,-1,,,
373,1730.00,29.75804900,115.98476207,29.72446046,115.99301385,29.72446046,115.99301385,0.4167,3823.20,1,397,split_deit,5,1,-1,3342.98,3342.98,3342.98
374,1733.00,29.72446046,115.99301385,29.72446046,115.99301385,29.72446046,115.99301385,0.0000,0.00,0,-1,split_deit,0,0,-1,,,
375,1737.00,29.72446046,115.99301385,29.72446046,115.99301385,29.72446046,115.99301385,0.0000,0.00,0,-1,split_deit,0,0,-1,,,
376,1740.00,29.72446046,115.99301385,29.72446046,115.99301385,29.72446046,115.99301385,0.0000,0.00,0,-1,split_deit,0,0,-1,,,
377,1743.00,29.72446046,115.99301385,29.72446046,115.99301385,29.72446046,115.99301385,0.0000,0.00,0,-1,split_deit,0,0,-1,,,
378,1747.00,29.72446046,115.99301385,29.72446046,115.99301385,29.72446046,115.99301385,0.0000,0.00,0,-1,split_deit,0,0,-1,,,
379,1750.00,29.72446046,115.99301385,29.72446046,115.99301385,29.72446046,115.99301385,0.0000,0.00,0,-1,split_deit,0,0,-1,,,
380,1754.00,29.72446046,115.99301385,29.72446046,115.99301385,29.72446046,115.99301385,0.0000,0.00,0,-1,split_deit,0,0,-1,,,
381,1757.00,29.72446046,115.99301385,29.72446046,115.99301385,29.72446046,115.99301385,0.0000,0.00,0,-1,split_deit,0,0,-1,,,
382,1761.00,29.72446046,115.99301385,29.72446046,115.99301385,29.72446046,115.99301385,0.0000,0.00,0,-1,split_deit,0,0,-1,,,
383,1765.00,29.72446046,115.99301385,29.72446046,115.99301385,29.72446046,115.99301385,0.0000,0.00,0,-1,split_deit,0,0,-1,,,
384,1768.00,29.72446046,115.99301385,29.72446046,115.99301385,29.72446046,115.99301385,0.0000,0.00,0,-1,split_deit,0,0,-1,,,
385,1772.00,29.72446046,115.99301385,29.72446046,115.99301385,29.72446046,115.99301385,0.0000,0.00,0,-1,split_deit,0,0,-1,,,
386,1775.00,29.72446046,115.99301385,29.72446046,115.99301385,29.72446046,115.99301385,0.0000,0.00,0,-1,split_deit,0,0,-1,,,
387,1779.00,29.72446046,115.99301385,29.72446046,115.99301385,29.72446046,115.99301385,0.0000,0.00,0,-1,split_deit,0,0,-1,,,
388,1782.00,29.72446046,115.99301385,29.72446046,115.99301385,29.72446046,115.99301385,0.0000,0.00,0,-1,split_deit,0,0,-1,,,
389,1786.00,29.72446046,115.99301385,29.72446046,115.99301385,29.72446046,115.99301385,0.0000,0.00,0,-1,split_deit,0,0,-1,,,
390,1789.00,29.70963678,115.99461334,29.72446046,115.99301385,29.72446046,115.99301385,0.4400,1657.40,1,51,split_deit,6,1,-1,1401.81,1401.81,1401.81
391,1793.00,29.72446046,115.99301385,29.72446046,115.99301385,29.72446046,115.99301385,0.0000,0.00,0,-1,split_deit,0,0,-1,,,
392,1797.00,29.72388098,115.98456433,29.72446046,115.99301385,29.72446046,115.99301385,0.3933,819.27,1,150,split_deit,4,1,-1,1059.53,1059.53,1059.53
393,1800.00,29.72446046,115.99301385,29.72446046,115.99301385,29.72446046,115.99301385,0.0000,0.00,0,-1,split_deit,0,0,-1,,,
394,1803.00,29.72793566,115.99167389,29.72446046,115.99301385,29.72446046,115.99301385,0.3933,407.97,1,179,split_deit,4,1,-1,1786.94,1786.94,1786.94
395,1807.00,29.72446046,115.99301385,29.72446046,115.99301385,29.72446046,115.99301385,0.0000,0.00,0,-1,split_deit,0,0,-1,,,
396,1810.00,29.72446046,115.99301385,29.72446046,115.99301385,29.72446046,115.99301385,0.0000,0.00,0,-1,split_deit,0,0,-1,,,
397,1813.00,29.72446046,115.99301385,29.72446046,115.99301385,29.72446046,115.99301385,0.0000,0.00,0,-1,split_deit,0,0,-1,,,
398,1817.00,29.75258401,115.97891310,29.72446046,115.99301385,29.72446046,115.99301385,0.3933,3414.54,1,355,split_deit,4,1,-1,4734.70,4734.70,4734.70
399,1820.00,29.72446046,115.99301385,29.72446046,115.99301385,29.72446046,115.99301385,0.0000,0.00,0,-1,split_deit,0,0,-1,,,
400,1824.00,29.72446046,115.99301385,29.72446046,115.99301385,29.72446046,115.99301385,0.0000,0.00,0,-1,split_deit,0,0,-1,,,
401,1827.00,29.72446046,115.99301385,29.72446046,115.99301385,29.72446046,115.99301385,0.0000,0.00,0,-1,split_deit,0,0,-1,,,
402,1873.00,29.72446046,115.99301385,29.72446046,115.99301385,29.72446046,115.99301385,0.0000,0.00,0,-1,split_deit,0,0,-1,,,
403,1878.00,29.72446046,115.99301385,29.72446046,115.99301385,29.72446046,115.99301385,0.0000,0.00,0,-1,split_deit,0,0,-1,,,
404,1883.00,29.72446046,115.99301385,29.72446046,115.99301385,29.72446046,115.99301385,0.0000,0.00,0,-1,split_deit,0,0,-1,,,
405,1889.00,29.72446046,115.99301385,29.72446046,115.99301385,29.72446046,115.99301385,0.0000,0.00,0,-1,split_deit,0,0,-1,,,
406,1894.00,29.72446046,115.99301385,29.72446046,115.99301385,29.72446046,115.99301385,0.0000,0.00,0,-1,split_deit,0,0,-1,,,
407,1899.00,29.72446046,115.99301385,29.72446046,115.99301385,29.72446046,115.99301385,0.0000,0.00,0,-1,split_deit,0,0,-1,,,
408,1904.00,29.72446046,115.99301385,29.72446046,115.99301385,29.72446046,115.99301385,0.0000,0.00,0,-1,split_deit,0,0,-1,,,
409,1910.00,29.72446046,115.99301385,29.72446046,115.99301385,29.72446046,115.99301385,0.0000,0.00,0,-1,split_deit,0,0,-1,,,
410,1915.00,29.72446046,115.99301385,29.72446046,115.99301385,29.72446046,115.99301385,0.0000,0.00,0,-1,split_deit,0,0,-1,,,
411,1920.00,29.72446046,115.99301385,29.72446046,115.99301385,29.72446046,115.99301385,0.0000,0.00,0,-1,split_deit,0,0,-1,,,
412,1925.00,29.72446046,115.99301385,29.72446046,115.99301385,29.72446046,115.99301385,0.0000,0.00,0,-1,split_deit,0,0,-1,,,
413,1931.00,29.72446046,115.99301385,29.72446046,115.99301385,29.72446046,115.99301385,0.0000,0.00,0,-1,split_deit,0,0,-1,,,
414,1935.00,29.72446046,115.99301385,29.72446046,115.99301385,29.72446046,115.99301385,0.0000,0.00,0,-1,split_deit,0,0,-1,,,
415,1940.00,29.72446046,115.99301385,29.72446046,115.99301385,29.72446046,115.99301385,0.0000,0.00,0,-1,split_deit,0,0,-1,,,
416,1945.00,29.72446046,115.99301385,29.72446046,115.99301385,29.72446046,115.99301385,0.0000,0.00,0,-1,split_deit,0,0,-1,,,
417,1950.00,29.72446046,115.99301385,29.72446046,115.99301385,29.72446046,115.99301385,0.0000,0.00,0,-1,split_deit,0,0,-1,,,
418,1955.00,29.72446046,115.99301385,29.72446046,115.99301385,29.72446046,115.99301385,0.0000,0.00,0,-1,split_deit,0,0,-1,,,
419,1960.00,29.72446046,115.99301385,29.72446046,115.99301385,29.72446046,115.99301385,0.0000,0.00,0,-1,split_deit,0,0,-1,,,
420,1966.00,29.72446046,115.99301385,29.72446046,115.99301385,29.72446046,115.99301385,0.0000,0.00,0,-1,split_deit,0,0,-1,,,
421,1971.00,29.72446046,115.99301385,29.72446046,115.99301385,29.72446046,115.99301385,0.0000,0.00,0,-1,split_deit,0,0,-1,,,
422,1976.00,29.72446046,115.99301385,29.72446046,115.99301385,29.72446046,115.99301385,0.0000,0.00,0,-1,split_deit,0,0,-1,,,
423,1981.00,29.70667047,115.97999353,29.72446046,115.99301385,29.70667047,115.97999353,0.4167,2346.45,1,31,split_deit,5,1,-1,1793.78,1793.78,1793.78
424,1987.00,29.70667047,115.97999353,29.70667047,115.97999353,29.70667047,115.97999353,0.0000,0.00,0,-1,split_deit,0,0,-1,,,
425,1992.00,29.75774853,115.98547888,29.70667047,115.97999353,29.70667047,115.97999353,0.4400,5710.68,1,397,split_deit,6,1,-1,3692.93,3692.93,3692.93
426,1997.00,29.70667047,115.97999353,29.70667047,115.97999353,29.70667047,115.97999353,0.0000,0.00,0,-1,split_deit,0,0,-1,,,
427,2002.00,29.75427333,115.99182219,29.70667047,115.97999353,29.70667047,115.97999353,0.4633,5421.09,1,374,split_deit,7,1,-1,3196.14,3196.14,3196.14
428,2007.00,29.70667047,115.97999353,29.70667047,115.97999353,29.70667047,115.97999353,0.0000,0.00,0,-1,split_deit,0,0,-1,,,
429,2013.00,29.72743130,115.99132784,29.70667047,115.97999353,29.70667047,115.97999353,0.3933,2557.62,1,179,split_deit,4,1,-1,611.93,611.93,611.93
430,2018.00,29.70667047,115.97999353,29.70667047,115.97999353,29.70667047,115.97999353,0.0000,0.00,0,-1,split_deit,0,0,-1,,,
431,2023.00,29.70667047,115.97999353,29.70667047,115.97999353,29.70667047,115.97999353,0.0000,0.00,0,-1,split_deit,0,0,-1,,,
432,2029.00,29.70667047,115.97999353,29.70667047,115.97999353,29.70667047,115.97999353,0.0000,0.00,0,-1,split_deit,0,0,-1,,,
433,2034.00,29.70667047,115.97999353,29.70667047,115.97999353,29.70667047,115.97999353,0.0000,0.00,0,-1,split_deit,0,0,-1,,,
434,2039.00,29.70667047,115.97999353,29.70667047,115.97999353,29.70667047,115.97999353,0.0000,0.00,0,-1,split_deit,0,0,-1,,,
435,2044.00,29.70667047,115.97999353,29.70667047,115.97999353,29.70667047,115.97999353,0.0000,0.00,0,-1,split_deit,0,0,-1,,,
436,2049.00,29.70667047,115.97999353,29.70667047,115.97999353,29.70667047,115.97999353,0.0000,0.00,0,-1,split_deit,0,0,-1,,,
437,2054.00,29.70667047,115.97999353,29.70667047,115.97999353,29.70667047,115.97999353,0.0000,0.00,0,-1,split_deit,0,0,-1,,,
438,2060.00,29.70667047,115.97999353,29.70667047,115.97999353,29.70667047,115.97999353,0.0000,0.00,0,-1,split_deit,0,0,-1,,,
439,2065.00,29.70667047,115.97999353,29.70667047,115.97999353,29.70667047,115.97999353,0.0000,0.00,0,-1,split_deit,0,0,-1,,,
440,2070.00,29.70667047,115.97999353,29.70667047,115.97999353,29.70667047,115.97999353,0.0000,0.00,0,-1,split_deit,0,0,-1,,,
441,2075.00,29.70667047,115.97999353,29.70667047,115.97999353,29.70667047,115.97999353,0.0000,0.00,0,-1,split_deit,0,0,-1,,,
442,2080.00,29.70667047,115.97999353,29.70667047,115.97999353,29.70667047,115.97999353,0.0000,0.00,0,-1,split_deit,0,0,-1,,,
443,2085.00,29.70667047,115.97999353,29.70667047,115.97999353,29.70667047,115.97999353,0.0000,0.00,0,-1,split_deit,0,0,-1,,,
444,2090.00,29.70667047,115.97999353,29.70667047,115.97999353,29.70667047,115.97999353,0.0000,0.00,0,-1,split_deit,0,0,-1,,,
445,2095.00,29.70667047,115.97999353,29.70667047,115.97999353,29.70667047,115.97999353,0.0000,0.00,0,-1,split_deit,0,0,-1,,,
446,2100.00,29.70667047,115.97999353,29.70667047,115.97999353,29.70667047,115.97999353,0.0000,0.00,0,-1,split_deit,0,0,-1,,,
447,2106.00,29.70667047,115.97999353,29.70667047,115.97999353,29.70667047,115.97999353,0.0000,0.00,0,-1,split_deit,0,0,-1,,,
448,2112.00,29.70667047,115.97999353,29.70667047,115.97999353,29.70667047,115.97999353,0.0000,0.00,0,-1,split_deit,0,0,-1,,,
449,2117.00,29.70667047,115.97999353,29.70667047,115.97999353,29.70667047,115.97999353,0.0000,0.00,0,-1,split_deit,0,0,-1,,,
450,2121.00,29.70667047,115.97999353,29.70667047,115.97999353,29.70667047,115.97999353,0.0000,0.00,0,-1,split_deit,0,0,-1,,,
451,2126.00,29.70667047,115.97999353,29.70667047,115.97999353,29.70667047,115.97999353,0.0000,0.00,0,-1,split_deit,0,0,-1,,,
452,2131.00,29.70667047,115.97999353,29.70667047,115.97999353,29.70667047,115.97999353,0.0000,0.00,0,-1,split_deit,0,0,-1,,,
453,2137.00,29.70667047,115.97999353,29.70667047,115.97999353,29.70667047,115.97999353,0.0000,0.00,0,-1,split_deit,0,0,-1,,,
454,2141.00,29.70667047,115.97999353,29.70667047,115.97999353,29.70667047,115.97999353,0.0000,0.00,0,-1,split_deit,0,0,-1,,,
455,2146.00,29.70667047,115.97999353,29.70667047,115.97999353,29.70667047,115.97999353,0.0000,0.00,0,-1,split_deit,0,0,-1,,,
456,2152.00,29.70667047,115.97999353,29.70667047,115.97999353,29.70667047,115.97999353,0.0000,0.00,0,-1,split_deit,0,0,-1,,,
457,2157.00,29.70667047,115.97999353,29.70667047,115.97999353,29.70667047,115.97999353,0.0000,0.00,0,-1,split_deit,0,0,-1,,,
458,2162.00,29.70667047,115.97999353,29.70667047,115.97999353,29.70667047,115.97999353,0.0000,0.00,0,-1,split_deit,0,0,-1,,,
459,2168.00,29.70667047,115.97999353,29.70667047,115.97999353,29.70667047,115.97999353,0.0000,0.00,0,-1,split_deit,0,0,-1,,,
460,2173.00,29.70667047,115.97999353,29.70667047,115.97999353,29.70667047,115.97999353,0.0000,0.00,0,-1,split_deit,0,0,-1,,,
461,2178.00,29.70667047,115.97999353,29.70667047,115.97999353,29.70667047,115.97999353,0.0000,0.00,0,-1,split_deit,0,0,-1,,,
462,2183.00,29.70667047,115.97999353,29.70667047,115.97999353,29.70667047,115.97999353,0.0000,0.00,0,-1,split_deit,0,0,-1,,,
463,2187.00,29.75061570,115.98948118,29.70667047,115.97999353,29.70667047,115.97999353,0.4633,4977.20,1,347,split_deit,7,1,-1,429.87,429.87,429.87
464,2192.00,29.70667047,115.97999353,29.70667047,115.97999353,29.70667047,115.97999353,0.0000,0.00,0,-1,split_deit,0,0,-1,,,
465,2197.00,29.70667047,115.97999353,29.70667047,115.97999353,29.70667047,115.97999353,0.0000,0.00,0,-1,split_deit,0,0,-1,,,
466,2202.00,29.70667047,115.97999353,29.70667047,115.97999353,29.70667047,115.97999353,0.0000,0.00,0,-1,split_deit,0,0,-1,,,
467,2208.00,29.70667047,115.97999353,29.70667047,115.97999353,29.70667047,115.97999353,0.0000,0.00,0,-1,split_deit,0,0,-1,,,
468,2213.00,29.70667047,115.97999353,29.70667047,115.97999353,29.70667047,115.97999353,0.0000,0.00,0,-1,split_deit,0,0,-1,,,
469,2218.00,29.70667047,115.97999353,29.70667047,115.97999353,29.70667047,115.97999353,0.0000,0.00,0,-1,split_deit,0,0,-1,,,
470,2223.00,29.70667047,115.97999353,29.70667047,115.97999353,29.70667047,115.97999353,0.0000,0.00,0,-1,split_deit,0,0,-1,,,
471,2228.00,29.70667047,115.97999353,29.70667047,115.97999353,29.70667047,115.97999353,0.0000,0.00,0,-1,split_deit,0,0,-1,,,
472,2233.00,29.70667047,115.97999353,29.70667047,115.97999353,29.70667047,115.97999353,0.0000,0.00,0,-1,split_deit,0,0,-1,,,
473,2238.00,29.70667047,115.97999353,29.70667047,115.97999353,29.70667047,115.97999353,0.0000,0.00,0,-1,split_deit,0,0,-1,,,
474,2243.00,29.70667047,115.97999353,29.70667047,115.97999353,29.70667047,115.97999353,0.0000,0.00,0,-1,split_deit,0,0,-1,,,
475,2248.00,29.70667047,115.97999353,29.70667047,115.97999353,29.70667047,115.97999353,0.0000,0.00,0,-1,split_deit,0,0,-1,,,
476,2253.00,29.70667047,115.97999353,29.70667047,115.97999353,29.70667047,115.97999353,0.0000,0.00,0,-1,split_deit,0,0,-1,,,
477,2258.00,29.70667047,115.97999353,29.70667047,115.97999353,29.70667047,115.97999353,0.0000,0.00,0,-1,split_deit,0,0,-1,,,
478,2263.00,29.70667047,115.97999353,29.70667047,115.97999353,29.70667047,115.97999353,0.0000,0.00,0,-1,split_deit,0,0,-1,,,
479,2268.00,29.70667047,115.97999353,29.70667047,115.97999353,29.70667047,115.97999353,0.0000,0.00,0,-1,split_deit,0,0,-1,,,
480,2273.00,29.70667047,115.97999353,29.70667047,115.97999353,29.70667047,115.97999353,0.0000,0.00,0,-1,split_deit,0,0,-1,,,
481,2278.00,29.70667047,115.97999353,29.70667047,115.97999353,29.70667047,115.97999353,0.0000,0.00,0,-1,split_deit,0,0,-1,,,
482,2283.00,29.70667047,115.97999353,29.70667047,115.97999353,29.70667047,115.97999353,0.0000,0.00,0,-1,split_deit,0,0,-1,,,
483,2288.00,29.70667047,115.97999353,29.70667047,115.97999353,29.70667047,115.97999353,0.0000,0.00,0,-1,split_deit,0,0,-1,,,
484,2292.00,29.75260548,115.98280418,29.70667047,115.97999353,29.70667047,115.97999353,0.4167,5120.70,1,357,split_deit,5,1,-1,1593.69,1593.69,1593.69
485,2342.00,29.70667047,115.97999353,29.70667047,115.97999353,29.70667047,115.97999353,0.0000,0.00,0,-1,split_deit,0,0,-1,,,
486,2345.00,29.70667047,115.97999353,29.70667047,115.97999353,29.70667047,115.97999353,0.0000,0.00,0,-1,split_deit,0,0,-1,,,
487,2348.00,29.70667047,115.97999353,29.70667047,115.97999353,29.70667047,115.97999353,0.0000,0.00,0,-1,split_deit,0,0,-1,,,
488,2351.00,29.70667047,115.97999353,29.70667047,115.97999353,29.70667047,115.97999353,0.0000,0.00,0,-1,split_deit,0,0,-1,,,
489,2355.00,29.70667047,115.97999353,29.70667047,115.97999353,29.70667047,115.97999353,0.0000,0.00,0,-1,split_deit,0,0,-1,,,
490,2358.00,29.70667047,115.97999353,29.70667047,115.97999353,29.70667047,115.97999353,0.0000,0.00,0,-1,split_deit,0,0,-1,,,
491,2362.00,29.70667047,115.97999353,29.70667047,115.97999353,29.70667047,115.97999353,0.0000,0.00,0,-1,split_deit,0,0,-1,,,
492,2365.00,29.70667047,115.97999353,29.70667047,115.97999353,29.70667047,115.97999353,0.0000,0.00,0,-1,split_deit,0,0,-1,,,
493,2369.00,29.70667047,115.97999353,29.70667047,115.97999353,29.70667047,115.97999353,0.0000,0.00,0,-1,split_deit,0,0,-1,,,
494,2372.00,29.70667047,115.97999353,29.70667047,115.97999353,29.70667047,115.97999353,0.0000,0.00,0,-1,split_deit,0,0,-1,,,
495,2376.00,29.70667047,115.97999353,29.70667047,115.97999353,29.70667047,115.97999353,0.0000,0.00,0,-1,split_deit,0,0,-1,,,
496,2379.00,29.70667047,115.97999353,29.70667047,115.97999353,29.70667047,115.97999353,0.0000,0.00,0,-1,split_deit,0,0,-1,,,
497,2383.00,29.70667047,115.97999353,29.70667047,115.97999353,29.70667047,115.97999353,0.0000,0.00,0,-1,split_deit,0,0,-1,,,
498,2386.00,29.70667047,115.97999353,29.70667047,115.97999353,29.70667047,115.97999353,0.0000,0.00,0,-1,split_deit,0,0,-1,,,
499,2390.00,29.70667047,115.97999353,29.70667047,115.97999353,29.70667047,115.97999353,0.0000,0.00,0,-1,split_deit,0,0,-1,,,
500,2393.00,29.70667047,115.97999353,29.70667047,115.97999353,29.70667047,115.97999353,0.0000,0.00,0,-1,split_deit,0,0,-1,,,
501,2397.00,29.70667047,115.97999353,29.70667047,115.97999353,29.70667047,115.97999353,0.0000,0.00,0,-1,split_deit,0,0,-1,,,
502,2400.00,29.70667047,115.97999353,29.70667047,115.97999353,29.70667047,115.97999353,0.0000,0.00,0,-1,split_deit,0,0,-1,,,
503,2404.00,29.70667047,115.97999353,29.70667047,115.97999353,29.70667047,115.97999353,0.0000,0.00,0,-1,split_deit,0,0,-1,,,
504,2407.00,29.70667047,115.97999353,29.70667047,115.97999353,29.70667047,115.97999353,0.0000,0.00,0,-1,split_deit,0,0,-1,,,
505,2410.00,29.70667047,115.97999353,29.70667047,115.97999353,29.70667047,115.97999353,0.0000,0.00,0,-1,split_deit,0,0,-1,,,
506,2414.00,29.72459377,115.99353291,29.70667047,115.97999353,29.70667047,115.97999353,0.4167,2386.13,1,167,split_deit,5,1,-1,2955.86,2955.86,2955.86
507,2417.00,29.70667047,115.97999353,29.70667047,115.97999353,29.70667047,115.97999353,0.0000,0.00,0,-1,split_deit,0,0,-1,,,
508,2420.00,29.70667047,115.97999353,29.70667047,115.97999353,29.70667047,115.97999353,0.0000,0.00,0,-1,split_deit,0,0,-1,,,
509,2424.00,29.70667047,115.97999353,29.70667047,115.97999353,29.70667047,115.97999353,0.0000,0.00,0,-1,split_deit,0,0,-1,,,
510,2427.00,29.70667047,115.97999353,29.70667047,115.97999353,29.70667047,115.97999353,0.0000,0.00,0,-1,split_deit,0,0,-1,,,
511,2430.00,29.70667047,115.97999353,29.70667047,115.97999353,29.70667047,115.97999353,0.0000,0.00,0,-1,split_deit,0,0,-1,,,
512,2434.00,29.74974194,115.98817116,29.70667047,115.97999353,29.70667047,115.97999353,0.4167,4859.44,1,334,split_deit,5,1,-1,288.26,288.26,288.26
513,2437.00,29.70667047,115.97999353,29.70667047,115.97999353,29.70667047,115.97999353,0.0000,0.00,0,-1,split_deit,0,0,-1,,,
514,2441.00,29.70667047,115.97999353,29.70667047,115.97999353,29.70667047,115.97999353,0.0000,0.00,0,-1,split_deit,0,0,-1,,,
515,2444.00,29.70667047,115.97999353,29.70667047,115.97999353,29.70667047,115.97999353,0.0000,0.00,0,-1,split_deit,0,0,-1,,,
516,2447.00,29.70667047,115.97999353,29.70667047,115.97999353,29.70667047,115.97999353,0.0000,0.00,0,-1,split_deit,0,0,-1,,,
517,2451.00,29.70667047,115.97999353,29.70667047,115.97999353,29.70667047,115.97999353,0.0000,0.00,0,-1,split_deit,0,0,-1,,,
518,2454.00,29.70667047,115.97999353,29.70667047,115.97999353,29.70667047,115.97999353,0.0000,0.00,0,-1,split_deit,0,0,-1,,,
519,2458.00,29.70667047,115.97999353,29.70667047,115.97999353,29.70667047,115.97999353,0.0000,0.00,0,-1,split_deit,0,0,-1,,,
520,2461.00,29.70667047,115.97999353,29.70667047,115.97999353,29.70667047,115.97999353,0.0000,0.00,0,-1,split_deit,0,0,-1,,,
521,2464.00,29.70667047,115.97999353,29.70667047,115.97999353,29.70667047,115.97999353,0.0000,0.00,0,-1,split_deit,0,0,-1,,,
522,2468.00,29.70667047,115.97999353,29.70667047,115.97999353,29.70667047,115.97999353,0.0000,0.00,0,-1,split_deit,0,0,-1,,,
523,2471.00,29.70667047,115.97999353,29.70667047,115.97999353,29.70667047,115.97999353,0.0000,0.00,0,-1,split_deit,0,0,-1,,,
524,2474.00,29.70667047,115.97999353,29.70667047,115.97999353,29.70667047,115.97999353,0.0000,0.00,0,-1,split_deit,0,0,-1,,,
525,2477.00,29.70667047,115.97999353,29.70667047,115.97999353,29.70667047,115.97999353,0.0000,0.00,0,-1,split_deit,0,0,-1,,,
526,2481.00,29.70667047,115.97999353,29.70667047,115.97999353,29.70667047,115.97999353,0.0000,0.00,0,-1,split_deit,0,0,-1,,,
527,2484.00,29.70667047,115.97999353,29.70667047,115.97999353,29.70667047,115.97999353,0.0000,0.00,0,-1,split_deit,0,0,-1,,,
528,2487.00,29.70667047,115.97999353,29.70667047,115.97999353,29.70667047,115.97999353,0.0000,0.00,0,-1,split_deit,0,0,-1,,,
529,2490.00,29.70667047,115.97999353,29.70667047,115.97999353,29.70667047,115.97999353,0.0000,0.00,0,-1,split_deit,0,0,-1,,,
530,2493.00,29.70667047,115.97999353,29.70667047,115.97999353,29.70667047,115.97999353,0.0000,0.00,0,-1,split_deit,0,0,-1,,,
531,2496.00,29.70667047,115.97999353,29.70667047,115.97999353,29.70667047,115.97999353,0.0000,0.00,0,-1,split_deit,0,0,-1,,,
532,2500.00,29.70667047,115.97999353,29.70667047,115.97999353,29.70667047,115.97999353,0.0000,0.00,0,-1,split_deit,0,0,-1,,,
533,2503.00,29.70667047,115.97999353,29.70667047,115.97999353,29.70667047,115.97999353,0.0000,0.00,0,-1,split_deit,0,0,-1,,,
534,2506.00,29.70667047,115.97999353,29.70667047,115.97999353,29.70667047,115.97999353,0.0000,0.00,0,-1,split_deit,0,0,-1,,,
535,2510.00,29.70667047,115.97999353,29.70667047,115.97999353,29.70667047,115.97999353,0.0000,0.00,0,-1,split_deit,0,0,-1,,,
536,2513.00,29.70667047,115.97999353,29.70667047,115.97999353,29.70667047,115.97999353,0.0000,0.00,0,-1,split_deit,0,0,-1,,,
537,2516.00,29.70667047,115.97999353,29.70667047,115.97999353,29.70667047,115.97999353,0.0000,0.00,0,-1,split_deit,0,0,-1,,,
538,2520.00,29.70667047,115.97999353,29.70667047,115.97999353,29.70667047,115.97999353,0.0000,0.00,0,-1,split_deit,0,0,-1,,,
539,2523.00,29.70667047,115.97999353,29.70667047,115.97999353,29.70667047,115.97999353,0.0000,0.00,0,-1,split_deit,0,0,-1,,,
540,2527.00,29.70667047,115.97999353,29.70667047,115.97999353,29.70667047,115.97999353,0.0000,0.00,0,-1,split_deit,0,0,-1,,,
541,2530.00,29.70667047,115.97999353,29.70667047,115.97999353,29.70667047,115.97999353,0.0000,0.00,0,-1,split_deit,0,0,-1,,,
542,2533.00,29.70667047,115.97999353,29.70667047,115.97999353,29.70667047,115.97999353,0.0000,0.00,0,-1,split_deit,0,0,-1,,,
543,2536.00,29.70667047,115.97999353,29.70667047,115.97999353,29.70667047,115.97999353,0.0000,0.00,0,-1,split_deit,0,0,-1,,,
544,2540.00,29.75424113,115.99255658,29.70667047,115.97999353,29.70667047,115.97999353,0.4167,5433.01,1,375,split_deit,5,1,-1,3383.29,3383.29,3383.29
545,2543.00,29.70667047,115.97999353,29.70667047,115.97999353,29.70667047,115.97999353,0.0000,0.00,0,-1,split_deit,0,0,-1,,,
546,2546.00,29.70667047,115.97999353,29.70667047,115.97999353,29.70667047,115.97999353,0.0000,0.00,0,-1,split_deit,0,0,-1,,,
547,2549.00,29.70667047,115.97999353,29.70667047,115.97999353,29.70667047,115.97999353,0.0000,0.00,0,-1,split_deit,0,0,-1,,,
548,2553.00,29.70667047,115.97999353,29.70667047,115.97999353,29.70667047,115.97999353,0.0000,0.00,0,-1,split_deit,0,0,-1,,,
549,2556.00,29.70667047,115.97999353,29.70667047,115.97999353,29.70667047,115.97999353,0.0000,0.00,0,-1,split_deit,0,0,-1,,,
550,2560.00,29.70667047,115.97999353,29.70667047,115.97999353,29.70667047,115.97999353,0.0000,0.00,0,-1,split_deit,0,0,-1,,,
551,2563.00,29.70667047,115.97999353,29.70667047,115.97999353,29.70667047,115.97999353,0.0000,0.00,0,-1,split_deit,0,0,-1,,,
552,2566.00,29.70667047,115.97999353,29.70667047,115.97999353,29.70667047,115.97999353,0.0000,0.00,0,-1,split_deit,0,0,-1,,,
553,2569.00,29.70667047,115.97999353,29.70667047,115.97999353,29.70667047,115.97999353,0.0000,0.00,0,-1,split_deit,0,0,-1,,,
554,2573.00,29.70667047,115.97999353,29.70667047,115.97999353,29.70667047,115.97999353,0.0000,0.00,0,-1,split_deit,0,0,-1,,,
555,2576.00,29.70667047,115.97999353,29.70667047,115.97999353,29.70667047,115.97999353,0.0000,0.00,0,-1,split_deit,0,0,-1,,,
556,2579.00,29.70667047,115.97999353,29.70667047,115.97999353,29.70667047,115.97999353,0.0000,0.00,0,-1,split_deit,0,0,-1,,,
557,2582.00,29.70667047,115.97999353,29.70667047,115.97999353,29.70667047,115.97999353,0.0000,0.00,0,-1,split_deit,0,0,-1,,,
558,2586.00,29.70667047,115.97999353,29.70667047,115.97999353,29.70667047,115.97999353,0.0000,0.00,0,-1,split_deit,0,0,-1,,,
559,2589.00,29.70667047,115.97999353,29.70667047,115.97999353,29.70667047,115.97999353,0.0000,0.00,0,-1,split_deit,0,0,-1,,,
560,2592.00,29.75329227,115.98277946,29.70667047,115.97999353,29.70667047,115.97999353,0.4400,5196.92,1,357,split_deit,6,1,-1,4411.90,4411.90,4411.90
561,2596.00,29.70667047,115.97999353,29.70667047,115.97999353,29.70667047,115.97999353,0.0000,0.00,0,-1,split_deit,0,0,-1,,,
562,2599.00,29.70667047,115.97999353,29.70667047,115.97999353,29.70667047,115.97999353,0.0000,0.00,0,-1,split_deit,0,0,-1,,,
563,2603.00,29.70667047,115.97999353,29.70667047,115.97999353,29.70667047,115.97999353,0.0000,0.00,0,-1,split_deit,0,0,-1,,,
564,2606.00,29.70667047,115.97999353,29.70667047,115.97999353,29.70667047,115.97999353,0.0000,0.00,0,-1,split_deit,0,0,-1,,,
565,2610.00,29.70667047,115.97999353,29.70667047,115.97999353,29.70667047,115.97999353,0.0000,0.00,0,-1,split_deit,0,0,-1,,,
566,2659.00,29.70667047,115.97999353,29.70667047,115.97999353,29.70667047,115.97999353,0.0000,0.00,0,-1,split_deit,0,0,-1,,,
567,2664.00,29.70667047,115.97999353,29.70667047,115.97999353,29.70667047,115.97999353,0.0000,0.00,0,-1,split_deit,0,0,-1,,,
568,2670.00,29.70667047,115.97999353,29.70667047,115.97999353,29.70667047,115.97999353,0.0000,0.00,0,-1,split_deit,0,0,-1,,,
569,2675.00,29.70667047,115.97999353,29.70667047,115.97999353,29.70667047,115.97999353,0.0000,0.00,0,-1,split_deit,0,0,-1,,,
570,2680.00,29.72467508,115.99513241,29.70667047,115.97999353,29.72467508,115.99513241,0.4167,2481.61,1,155,split_deit,5,1,-1,1388.51,1388.51,1388.51
571,2686.00,29.72468581,115.99499646,29.72467508,115.99513241,29.72468581,115.99499646,0.4400,13.19,0,155,split_deit,6,1,-1,1319.39,1319.39,1319.39
572,2691.00,29.70812989,115.99085821,29.72468583,115.99499621,29.72468583,115.99499621,0.4167,1885.91,1,36,split_deit,5,1,-1,750.48,750.48,750.48
573,2696.00,29.72468583,115.99499621,29.72468585,115.99499595,29.72468585,115.99499595,0.0000,0.00,0,-1,split_deit,0,0,-1,,,
574,2701.00,29.72468585,115.99499595,29.72468587,115.99499570,29.72468587,115.99499570,0.0000,0.00,0,-1,split_deit,0,0,-1,,,
575,2707.00,29.72468587,115.99499570,29.72468590,115.99499540,29.72468590,115.99499540,0.0000,0.00,0,-1,split_deit,0,0,-1,,,
576,2712.00,29.72468590,115.99499540,29.72468592,115.99499514,29.72468592,115.99499514,0.0000,0.00,0,-1,split_deit,0,0,-1,,,
577,2717.00,29.72468592,115.99499514,29.72468594,115.99499489,29.72468594,115.99499489,0.0000,0.00,0,-1,split_deit,0,0,-1,,,
578,2723.00,29.72468594,115.99499489,29.72468596,115.99499459,29.72468596,115.99499459,0.0000,0.00,0,-1,split_deit,0,0,-1,,,
579,2729.00,29.72468596,115.99499459,29.72468598,115.99499428,29.72468598,115.99499428,0.0000,0.00,0,-1,split_deit,0,0,-1,,,
580,2734.00,29.72468598,115.99499428,29.72468600,115.99499403,29.72468600,115.99499403,0.0000,0.00,0,-1,split_deit,0,0,-1,,,
581,2740.00,29.72468600,115.99499403,29.72468603,115.99499372,29.72468603,115.99499372,0.0000,0.00,0,-1,split_deit,0,0,-1,,,
582,2745.00,29.72468603,115.99499372,29.72468605,115.99499347,29.72468605,115.99499347,0.0000,0.00,0,-1,split_deit,0,0,-1,,,
583,2751.00,29.72233117,115.98920929,29.72468607,115.99499317,29.72468607,115.99499317,0.4167,617.48,1,139,split_deit,5,1,1,29.55,29.55,29.55
584,2756.00,29.72468607,115.99499317,29.72468609,115.99499291,29.72468609,115.99499291,0.0000,0.00,0,-1,split_deit,0,0,-1,,,
585,2761.00,29.74950586,115.98873966,29.72468611,115.99499266,29.72468611,115.99499266,0.4167,2828.27,1,334,split_deit,5,1,-1,2848.87,2848.87,2848.87
586,2767.00,29.72468611,115.99499266,29.72468614,115.99499236,29.72468614,115.99499236,0.0000,0.00,0,-1,split_deit,0,0,-1,,,
587,2772.00,29.72468614,115.99499236,29.72468616,115.99499210,29.72468616,115.99499210,0.0000,0.00,0,-1,split_deit,0,0,-1,,,
588,2778.00,29.72468616,115.99499210,29.72468618,115.99499180,29.72468618,115.99499180,0.0000,0.00,0,-1,split_deit,0,0,-1,,,
589,2783.00,29.72468618,115.99499180,29.72468620,115.99499155,29.72468620,115.99499155,0.0000,0.00,0,-1,split_deit,0,0,-1,,,
590,2789.00,29.74954879,115.98848012,29.72468622,115.99499124,29.72468622,115.99499124,0.4400,2838.36,1,334,split_deit,6,1,-1,2459.27,2459.27,2459.27
591,2795.00,29.72468622,115.99499124,29.72468625,115.99499094,29.72468625,115.99499094,0.0000,0.00,0,-1,split_deit,0,0,-1,,,
592,2800.00,29.72468625,115.99499094,29.72468627,115.99499069,29.72468627,115.99499069,0.0000,0.00,0,-1,split_deit,0,0,-1,,,
593,2805.00,29.72468627,115.99499069,29.72468629,115.99499043,29.72468629,115.99499043,0.0000,0.00,0,-1,split_deit,0,0,-1,,,
594,2811.00,29.72468629,115.99499043,29.72468631,115.99499013,29.72468631,115.99499013,0.0000,0.00,0,-1,split_deit,0,0,-1,,,
595,2816.00,29.72468631,115.99499013,29.72468633,115.99498987,29.72468633,115.99498987,0.0000,0.00,0,-1,split_deit,0,0,-1,,,
596,2822.00,29.72468633,115.99498987,29.72468636,115.99498957,29.72468636,115.99498957,0.0000,0.00,0,-1,split_deit,0,0,-1,,,
597,2828.00,29.72468636,115.99498957,29.72468638,115.99498927,29.72468638,115.99498927,0.0000,0.00,0,-1,split_deit,0,0,-1,,,
598,2833.00,29.72468638,115.99498927,29.72468640,115.99498901,29.72468640,115.99498901,0.0000,0.00,0,-1,split_deit,0,0,-1,,,
599,2839.00,29.72468640,115.99498901,29.72468642,115.99498871,29.72468642,115.99498871,0.0000,0.00,0,-1,split_deit,0,0,-1,,,
600,2844.00,29.72468642,115.99498871,29.72468644,115.99498846,29.72468644,115.99498846,0.0000,0.00,0,-1,split_deit,0,0,-1,,,
601,2850.00,29.72468644,115.99498846,29.72468647,115.99498815,29.72468647,115.99498815,0.0000,0.00,0,-1,split_deit,0,0,-1,,,
602,2856.00,29.72468647,115.99498815,29.72468649,115.99498785,29.72468649,115.99498785,0.0000,0.00,0,-1,split_deit,0,0,-1,,,
603,2862.00,29.72468649,115.99498785,29.72468652,115.99498754,29.72468652,115.99498754,0.0000,0.00,0,-1,split_deit,0,0,-1,,,
604,2868.00,29.72468652,115.99498754,29.72468654,115.99498724,29.72468654,115.99498724,0.0000,0.00,0,-1,split_deit,0,0,-1,,,
605,2873.00,29.72468654,115.99498724,29.72468656,115.99498699,29.72468656,115.99498699,0.0000,0.00,0,-1,split_deit,0,0,-1,,,
606,2879.00,29.72468656,115.99498699,29.72468658,115.99498668,29.72468658,115.99498668,0.0000,0.00,0,-1,split_deit,0,0,-1,,,
607,2885.00,29.72468658,115.99498668,29.72468661,115.99498638,29.72468661,115.99498638,0.0000,0.00,0,-1,split_deit,0,0,-1,,,
608,2890.00,29.72468661,115.99498638,29.72468663,115.99498613,29.72468663,115.99498613,0.0000,0.00,0,-1,split_deit,0,0,-1,,,
609,2896.00,29.72468663,115.99498613,29.72468665,115.99498582,29.72468665,115.99498582,0.0000,0.00,0,-1,split_deit,0,0,-1,,,
610,2901.00,29.72468665,115.99498582,29.72468667,115.99498557,29.72468667,115.99498557,0.0000,0.00,0,-1,split_deit,0,0,-1,,,
611,2907.00,29.72468667,115.99498557,29.72468670,115.99498526,29.72468670,115.99498526,0.0000,0.00,0,-1,split_deit,0,0,-1,,,
612,2913.00,29.72468670,115.99498526,29.72468672,115.99498496,29.72468672,115.99498496,0.0000,0.00,0,-1,split_deit,0,0,-1,,,
613,2918.00,29.72468672,115.99498496,29.72468674,115.99498471,29.72468674,115.99498471,0.0000,0.00,0,-1,split_deit,0,0,-1,,,
614,2924.00,29.72468674,115.99498471,29.72468676,115.99498440,29.72468676,115.99498440,0.0000,0.00,0,-1,split_deit,0,0,-1,,,
615,2929.00,29.72468676,115.99498440,29.72468678,115.99498415,29.72468678,115.99498415,0.0000,0.00,0,-1,split_deit,0,0,-1,,,
616,2934.00,29.72468678,115.99498415,29.72468680,115.99498390,29.72468680,115.99498390,0.0000,0.00,0,-1,split_deit,0,0,-1,,,
617,2940.00,29.72468680,115.99498390,29.72468683,115.99498359,29.72468683,115.99498359,0.0000,0.00,0,-1,split_deit,0,0,-1,,,
618,2946.00,29.72468683,115.99498359,29.72468685,115.99498329,29.72468685,115.99498329,0.0000,0.00,0,-1,split_deit,0,0,-1,,,
619,2951.00,29.72468685,115.99498329,29.72468687,115.99498303,29.72468687,115.99498303,0.0000,0.00,0,-1,split_deit,0,0,-1,,,
620,2956.00,29.72468687,115.99498303,29.72468689,115.99498278,29.72468689,115.99498278,0.0000,0.00,0,-1,split_deit,0,0,-1,,,
621,2962.00,29.72468689,115.99498278,29.72468692,115.99498248,29.72468692,115.99498248,0.0000,0.00,0,-1,split_deit,0,0,-1,,,
622,2968.00,29.72468692,115.99498248,29.72468694,115.99498217,29.72468694,115.99498217,0.0000,0.00,0,-1,split_deit,0,0,-1,,,
623,2974.00,29.72468694,115.99498217,29.72468696,115.99498187,29.72468696,115.99498187,0.0000,0.00,0,-1,split_deit,0,0,-1,,,
624,2979.00,29.74899077,115.98925872,29.72468698,115.99498162,29.72468698,115.99498162,0.4167,2761.47,1,334,split_deit,5,1,2,247.20,52.30,52.30
625,2984.00,29.72468698,115.99498162,29.72468700,115.99498136,29.72468700,115.99498136,0.0000,0.00,0,-1,split_deit,0,0,-1,,,
626,2989.00,29.75012207,115.98927108,29.72468702,115.99498111,29.72468702,115.99498111,0.3933,2884.72,1,347,split_deit,4,1,-1,203.32,203.32,203.32
627,2995.00,29.72468702,115.99498111,29.72468705,115.99498081,29.72468705,115.99498081,0.0000,0.00,0,-1,split_deit,0,0,-1,,,
628,3000.00,29.72468705,115.99498081,29.72468707,115.99498055,29.72468707,115.99498055,0.0000,0.00,0,-1,split_deit,0,0,-1,,,
629,3006.00,29.72468707,115.99498055,29.72468709,115.99498025,29.72468709,115.99498025,0.0000,0.00,0,-1,split_deit,0,0,-1,,,
630,3011.00,29.72468709,115.99498025,29.72468711,115.99497999,29.72468711,115.99497999,0.0000,0.00,0,-1,split_deit,0,0,-1,,,
631,3017.00,29.72468711,115.99497999,29.72468714,115.99497969,29.72468714,115.99497969,0.0000,0.00,0,-1,split_deit,0,0,-1,,,
632,3022.00,29.72468714,115.99497969,29.72468716,115.99497944,29.72468716,115.99497944,0.0000,0.00,0,-1,split_deit,0,0,-1,,,
633,3027.00,29.72468716,115.99497944,29.72468718,115.99497918,29.72468718,115.99497918,0.0000,0.00,0,-1,split_deit,0,0,-1,,,
634,3032.00,29.75709393,115.99348348,29.72468720,115.99497893,29.72468720,115.99497893,0.3933,3610.41,1,401,split_deit,4,1,-1,426.56,426.56,426.56
635,3037.00,29.72468720,115.99497893,29.72468722,115.99497868,29.72468722,115.99497868,0.0000,0.00,0,-1,split_deit,0,0,-1,,,
636,3042.00,29.72468722,115.99497868,29.72468724,115.99497842,29.72468724,115.99497842,0.0000,0.00,0,-1,split_deit,0,0,-1,,,
637,3048.00,29.72468724,115.99497842,29.72468726,115.99497812,29.72468726,115.99497812,0.0000,0.00,0,-1,split_deit,0,0,-1,,,
638,3053.00,29.72468726,115.99497812,29.72468728,115.99497787,29.72468728,115.99497787,0.0000,0.00,0,-1,split_deit,0,0,-1,,,
639,3059.00,29.72468728,115.99497787,29.72468730,115.99497756,29.72468730,115.99497756,0.0000,0.00,0,-1,split_deit,0,0,-1,,,
640,3066.00,29.72468730,115.99497756,29.72468733,115.99497721,29.72468733,115.99497721,0.0000,0.00,0,-1,split_deit,0,0,-1,,,
641,3072.00,29.72468733,115.99497721,29.72468736,115.99497690,29.72468736,115.99497690,0.0000,0.00,0,-1,split_deit,0,0,-1,,,
642,3078.00,29.72468736,115.99497690,29.72468738,115.99497660,29.72468738,115.99497660,0.0000,0.00,0,-1,split_deit,0,0,-1,,,
643,3084.00,29.72468738,115.99497660,29.72468740,115.99497630,29.72468740,115.99497630,0.0000,0.00,0,-1,split_deit,0,0,-1,,,
644,3089.00,29.72468740,115.99497630,29.72468742,115.99497604,29.72468742,115.99497604,0.0000,0.00,0,-1,split_deit,0,0,-1,,,
645,3095.00,29.72468742,115.99497604,29.72468745,115.99497574,29.72468745,115.99497574,0.0000,0.00,0,-1,split_deit,0,0,-1,,,
646,3101.00,29.72468745,115.99497574,29.72468747,115.99497543,29.72468747,115.99497543,0.0000,0.00,0,-1,split_deit,0,0,-1,,,
647,3107.00,29.72468747,115.99497543,29.72468750,115.99497513,29.72468750,115.99497513,0.0000,0.00,0,-1,split_deit,0,0,-1,,,
648,3114.00,29.72468750,115.99497513,29.72468752,115.99497478,29.72468752,115.99497478,0.0000,0.00,0,-1,split_deit,0,0,-1,,,
649,3120.00,29.75427333,115.98754800,29.72468755,115.99497447,29.72468755,115.99497447,0.4167,3370.81,1,372,split_deit,5,1,-1,1636.81,1636.81,1636.81
650,3169.00,29.72468755,115.99497447,29.72468774,115.99497199,29.72468774,115.99497199,0.0000,0.00,0,-1,split_deit,0,0,-1,,,
651,3172.00,29.72468774,115.99497199,29.72468776,115.99497184,29.72468776,115.99497184,0.0000,0.00,0,-1,split_deit,0,0,-1,,,
652,3175.00,29.72468776,115.99497184,29.72468777,115.99497169,29.72468777,115.99497169,0.0000,0.00,0,-1,split_deit,0,0,-1,,,
653,3178.00,29.72468777,115.99497169,29.72468778,115.99497153,29.72468778,115.99497153,0.0000,0.00,0,-1,split_deit,0,0,-1,,,
654,3181.00,29.72468778,115.99497153,29.72468779,115.99497138,29.72468779,115.99497138,0.0000,0.00,0,-1,split_deit,0,0,-1,,,
655,3184.00,29.72468779,115.99497138,29.72468780,115.99497123,29.72468780,115.99497123,0.0000,0.00,0,-1,split_deit,0,0,-1,,,
656,3187.00,29.72468780,115.99497123,29.72468782,115.99497108,29.72468782,115.99497108,0.0000,0.00,0,-1,split_deit,0,0,-1,,,
657,3190.00,29.72468782,115.99497108,29.72468783,115.99497093,29.72468783,115.99497093,0.0000,0.00,0,-1,split_deit,0,0,-1,,,
658,3194.00,29.75617726,115.98512047,29.72468784,115.99497072,29.72468784,115.99497072,0.3933,3632.41,1,384,split_deit,4,1,-1,948.59,948.59,948.59
659,3197.00,29.72468784,115.99497072,29.72468786,115.99497057,29.72468786,115.99497057,0.0000,0.00,0,-1,split_deit,0,0,-1,,,
660,3200.00,29.72468786,115.99497057,29.72468787,115.99497042,29.72468787,115.99497042,0.0000,0.00,0,-1,split_deit,0,0,-1,,,
661,3203.00,29.72468787,115.99497042,29.72468788,115.99497027,29.72468788,115.99497027,0.0000,0.00,0,-1,split_deit,0,0,-1,,,
662,3206.00,29.72468788,115.99497027,29.72468789,115.99497011,29.72468789,115.99497011,0.0000,0.00,0,-1,split_deit,0,0,-1,,,
663,3210.00,29.72468789,115.99497011,29.72468791,115.99496991,29.72468791,115.99496991,0.0000,0.00,0,-1,split_deit,0,0,-1,,,
664,3213.00,29.72468791,115.99496991,29.72468792,115.99496976,29.72468792,115.99496976,0.0000,0.00,0,-1,split_deit,0,0,-1,,,
665,3216.00,29.72548444,115.99226710,29.72468793,115.99496961,29.72548444,115.99226710,0.3933,275.86,1,166,split_deit,4,1,-1,3603.05,3603.05,3603.05
666,3220.00,29.72548444,115.99226710,29.72548444,115.99226710,29.72548444,115.99226710,0.0000,0.00,0,-1,split_deit,0,0,-1,,,
667,3223.00,29.72548444,115.99226710,29.72548444,115.99226710,29.72548444,115.99226710,0.0000,0.00,0,-1,split_deit,0,0,-1,,,
668,3227.00,29.72548444,115.99226710,29.72548444,115.99226710,29.72548444,115.99226710,0.0000,0.00,0,-1,split_deit,0,0,-1,,,
669,3230.00,29.72548444,115.99226710,29.72548444,115.99226710,29.72548444,115.99226710,0.0000,0.00,0,-1,split_deit,0,0,-1,,,
670,3233.00,29.72548444,115.99226710,29.72548444,115.99226710,29.72548444,115.99226710,0.0000,0.00,0,-1,split_deit,0,0,-1,,,
671,3237.00,29.72548444,115.99226710,29.72548444,115.99226710,29.72548444,115.99226710,0.0000,0.00,0,-1,split_deit,0,0,-1,,,
672,3240.00,29.72548444,115.99226710,29.72548444,115.99226710,29.72548444,115.99226710,0.0000,0.00,0,-1,split_deit,0,0,-1,,,
673,3244.00,29.72548444,115.99226710,29.72548444,115.99226710,29.72548444,115.99226710,0.0000,0.00,0,-1,split_deit,0,0,-1,,,
674,3247.00,29.72548444,115.99226710,29.72548444,115.99226710,29.72548444,115.99226710,0.0000,0.00,0,-1,split_deit,0,0,-1,,,
675,3251.00,29.72548444,115.99226710,29.72548444,115.99226710,29.72548444,115.99226710,0.0000,0.00,0,-1,split_deit,0,0,-1,,,
676,3254.00,29.72548444,115.99226710,29.72548444,115.99226710,29.72548444,115.99226710,0.0000,0.00,0,-1,split_deit,0,0,-1,,,
677,3257.00,29.72548444,115.99226710,29.72548444,115.99226710,29.72548444,115.99226710,0.0000,0.00,0,-1,split_deit,0,0,-1,,,
678,3260.00,29.75253489,115.98238398,29.72548444,115.99226710,29.72548444,115.99226710,0.4167,3159.15,1,370,split_deit,5,1,-1,995.08,995.08,995.08
679,3263.00,29.72548444,115.99226710,29.72548444,115.99226710,29.72548444,115.99226710,0.0000,0.00,0,-1,split_deit,0,0,-1,,,
680,3266.00,29.72548444,115.99226710,29.72548444,115.99226710,29.72548444,115.99226710,0.0000,0.00,0,-1,split_deit,0,0,-1,,,
681,3270.00,29.72548444,115.99226710,29.72548444,115.99226710,29.72548444,115.99226710,0.0000,0.00,0,-1,split_deit,0,0,-1,,,
682,3273.00,29.72548444,115.99226710,29.72548444,115.99226710,29.72548444,115.99226710,0.0000,0.00,0,-1,split_deit,0,0,-1,,,
683,3276.00,29.72548444,115.99226710,29.72548444,115.99226710,29.72548444,115.99226710,0.0000,0.00,0,-1,split_deit,0,0,-1,,,
684,3279.00,29.72548444,115.99226710,29.72548444,115.99226710,29.72548444,115.99226710,0.0000,0.00,0,-1,split_deit,0,0,-1,,,
685,3282.00,29.72548444,115.99226710,29.72548444,115.99226710,29.72548444,115.99226710,0.0000,0.00,0,-1,split_deit,0,0,-1,,,
686,3285.00,29.72548444,115.99226710,29.72548444,115.99226710,29.72548444,115.99226710,0.0000,0.00,0,-1,split_deit,0,0,-1,,,
687,3288.00,29.72548444,115.99226710,29.72548444,115.99226710,29.72548444,115.99226710,0.0000,0.00,0,-1,split_deit,0,0,-1,,,
688,3291.00,29.72548444,115.99226710,29.72548444,115.99226710,29.72548444,115.99226710,0.0000,0.00,0,-1,split_deit,0,0,-1,,,
689,3295.00,29.72548444,115.99226710,29.72548444,115.99226710,29.72548444,115.99226710,0.0000,0.00,0,-1,split_deit,0,0,-1,,,
690,3298.00,29.72548444,115.99226710,29.72548444,115.99226710,29.72548444,115.99226710,0.0000,0.00,0,-1,split_deit,0,0,-1,,,
691,3302.00,29.72548444,115.99226710,29.72548444,115.99226710,29.72548444,115.99226710,0.0000,0.00,0,-1,split_deit,0,0,-1,,,
692,3305.00,29.72548444,115.99226710,29.72548444,115.99226710,29.72548444,115.99226710,0.0000,0.00,0,-1,split_deit,0,0,-1,,,
693,3309.00,29.72548444,115.99226710,29.72548444,115.99226710,29.72548444,115.99226710,0.0000,0.00,0,-1,split_deit,0,0,-1,,,
694,3312.00,29.72548444,115.99226710,29.72548444,115.99226710,29.72548444,115.99226710,0.0000,0.00,0,-1,split_deit,0,0,-1,,,
695,3315.00,29.72548444,115.99226710,29.72548444,115.99226710,29.72548444,115.99226710,0.0000,0.00,0,-1,split_deit,0,0,-1,,,
696,3319.00,29.72548444,115.99226710,29.72548444,115.99226710,29.72548444,115.99226710,0.0000,0.00,0,-1,split_deit,0,0,-1,,,
697,3322.00,29.72548444,115.99226710,29.72548444,115.99226710,29.72548444,115.99226710,0.0000,0.00,0,-1,split_deit,0,0,-1,,,
698,3325.00,29.72548444,115.99226710,29.72548444,115.99226710,29.72548444,115.99226710,0.0000,0.00,0,-1,split_deit,0,0,-1,,,
699,3328.00,29.72548444,115.99226710,29.72548444,115.99226710,29.72548444,115.99226710,0.0000,0.00,0,-1,split_deit,0,0,-1,,,
700,3332.00,29.72548444,115.99226710,29.72548444,115.99226710,29.72548444,115.99226710,0.0000,0.00,0,-1,split_deit,0,0,-1,,,
701,3335.00,29.72548444,115.99226710,29.72548444,115.99226710,29.72548444,115.99226710,0.0000,0.00,0,-1,split_deit,0,0,-1,,,
702,3339.00,29.72548444,115.99226710,29.72548444,115.99226710,29.72548444,115.99226710,0.0000,0.00,0,-1,split_deit,0,0,-1,,,
703,3342.00,29.72875576,115.99220531,29.72548444,115.99226710,29.72548444,115.99226710,0.4400,364.21,1,192,split_deit,6,1,-1,188.81,188.81,188.81
704,3346.00,29.72548444,115.99226710,29.72548444,115.99226710,29.72548444,115.99226710,0.0000,0.00,0,-1,split_deit,0,0,-1,,,
705,3349.00,29.72548444,115.99226710,29.72548444,115.99226710,29.72548444,115.99226710,0.0000,0.00,0,-1,split_deit,0,0,-1,,,
706,3352.00,29.72548444,115.99226710,29.72548444,115.99226710,29.72548444,115.99226710,0.0000,0.00,0,-1,split_deit,0,0,-1,,,
707,3355.00,29.72548444,115.99226710,29.72548444,115.99226710,29.72548444,115.99226710,0.0000,0.00,0,-1,split_deit,0,0,-1,,,
708,3358.00,29.72548444,115.99226710,29.72548444,115.99226710,29.72548444,115.99226710,0.0000,0.00,0,-1,split_deit,0,0,-1,,,
709,3361.00,29.72548444,115.99226710,29.72548444,115.99226710,29.72548444,115.99226710,0.0000,0.00,0,-1,split_deit,0,0,-1,,,
710,3365.00,29.72548444,115.99226710,29.72548444,115.99226710,29.72548444,115.99226710,0.0000,0.00,0,-1,split_deit,0,0,-1,,,
711,3368.00,29.72548444,115.99226710,29.72548444,115.99226710,29.72548444,115.99226710,0.0000,0.00,0,-1,split_deit,0,0,-1,,,
712,3371.00,29.72548444,115.99226710,29.72548444,115.99226710,29.72548444,115.99226710,0.0000,0.00,0,-1,split_deit,0,0,-1,,,
713,3375.00,29.72548444,115.99226710,29.72548444,115.99226710,29.72548444,115.99226710,0.0000,0.00,0,-1,split_deit,0,0,-1,,,
714,3378.00,29.72548444,115.99226710,29.72548444,115.99226710,29.72548444,115.99226710,0.0000,0.00,0,-1,split_deit,0,0,-1,,,
715,3382.00,29.76667799,115.98432952,29.72548444,115.99226710,29.72548444,115.99226710,0.4400,4649.41,1,462,split_deit,6,1,-1,4992.54,4992.54,4992.54
716,3385.00,29.72548444,115.99226710,29.72548444,115.99226710,29.72548444,115.99226710,0.0000,0.00,0,-1,split_deit,0,0,-1,,,
717,3389.00,29.72548444,115.99226710,29.72548444,115.99226710,29.72548444,115.99226710,0.0000,0.00,0,-1,split_deit,0,0,-1,,,
718,3392.00,29.72023408,115.99127841,29.72548444,115.99226710,29.72023408,115.99127841,0.7667,592.23,0,127,split_deit,20,1,1,32.08,32.08,32.08
719,3396.00,29.72023408,115.99127841,29.72020399,115.99127272,29.72020399,115.99127272,0.0000,0.00,0,-1,split_deit,0,0,-1,,,
720,3399.00,29.72020399,115.99127272,29.72018142,115.99126846,29.72018142,115.99126846,0.0000,0.00,0,-1,split_deit,0,0,-1,,,
721,3403.00,29.72018142,115.99126846,29.72015132,115.99126277,29.72015132,115.99126277,0.0000,0.00,0,-1,split_deit,0,0,-1,,,
722,3406.00,29.72015132,115.99126277,29.72012875,115.99125851,29.72012875,115.99125851,0.0000,0.00,0,-1,split_deit,0,0,-1,,,
723,3410.00,29.72012875,115.99125851,29.72009865,115.99125283,29.72009865,115.99125283,0.0000,0.00,0,-1,split_deit,0,0,-1,,,
724,3413.00,29.72009865,115.99125283,29.72007608,115.99124856,29.72007608,115.99124856,0.0000,0.00,0,-1,split_deit,0,0,-1,,,
725,3417.00,29.72007608,115.99124856,29.72004599,115.99124288,29.72004599,115.99124288,0.0000,0.00,0,-1,split_deit,0,0,-1,,,
726,3420.00,29.72004599,115.99124288,29.72002342,115.99123861,29.72002342,115.99123861,0.0000,0.00,0,-1,split_deit,0,0,-1,,,
727,3423.00,29.72002342,115.99123861,29.72000084,115.99123435,29.72000084,115.99123435,0.0000,0.00,0,-1,split_deit,0,0,-1,,,
728,3427.00,29.72000084,115.99123435,29.71997075,115.99122866,29.71997075,115.99122866,0.0000,0.00,0,-1,split_deit,0,0,-1,,,
729,3430.00,29.72072771,115.99441560,29.71994818,115.99122440,29.71994818,115.99122440,0.4633,320.43,1,129,split_deit,7,1,-1,974.16,974.16,974.16
730,3434.00,29.71994818,115.99122440,29.71991808,115.99121871,29.71991808,115.99121871,0.0000,0.00,0,-1,split_deit,0,0,-1,,,
731,3483.00,29.71991808,115.99121871,29.71954942,115.99114907,29.71954942,115.99114907,0.0000,0.00,0,-1,split_deit,0,0,-1,,,
732,3489.00,29.71954942,115.99114907,29.71950428,115.99114054,29.71950428,115.99114054,0.0000,0.00,0,-1,split_deit,0,0,-1,,,
733,3494.00,29.71950428,115.99114054,29.71946666,115.99113343,29.71946666,115.99113343,0.0000,0.00,0,-1,split_deit,0,0,-1,,,
734,3499.00,29.71946666,115.99113343,29.71942904,115.99112633,29.71942904,115.99112633,0.0000,0.00,0,-1,split_deit,0,0,-1,,,
735,3505.00,29.71942904,115.99112633,29.71938390,115.99111780,29.71938390,115.99111780,0.0000,0.00,0,-1,split_deit,0,0,-1,,,
736,3509.00,29.71938390,115.99111780,29.71935380,115.99111211,29.71935380,115.99111211,0.0000,0.00,0,-1,split_deit,0,0,-1,,,
737,3514.00,29.71935380,115.99111211,29.71931618,115.99110501,29.71931618,115.99110501,0.0000,0.00,0,-1,split_deit,0,0,-1,,,
738,3520.00,29.71931618,115.99110501,29.71927104,115.99109648,29.71927104,115.99109648,0.0000,0.00,0,-1,split_deit,0,0,-1,,,
739,3525.00,29.71927104,115.99109648,29.71923342,115.99108937,29.71923342,115.99108937,0.0000,0.00,0,-1,split_deit,0,0,-1,,,
740,3530.00,29.71923342,115.99108937,29.71919580,115.99108226,29.71919580,115.99108226,0.0000,0.00,0,-1,split_deit,0,0,-1,,,
741,3535.00,29.71919580,115.99108226,29.71915818,115.99107516,29.71915818,115.99107516,0.0000,0.00,0,-1,split_deit,0,0,-1,,,
742,3541.00,29.71915818,115.99107516,29.71911304,115.99106663,29.71911304,115.99106663,0.0000,0.00,0,-1,split_deit,0,0,-1,,,
743,3546.00,29.71911304,115.99106663,29.71907542,115.99105952,29.71907542,115.99105952,0.0000,0.00,0,-1,split_deit,0,0,-1,,,
744,3551.00,29.71907542,115.99105952,29.71903780,115.99105242,29.71903780,115.99105242,0.0000,0.00,0,-1,split_deit,0,0,-1,,,
745,3557.00,29.71903780,115.99105242,29.71899266,115.99104389,29.71899266,115.99104389,0.0000,0.00,0,-1,split_deit,0,0,-1,,,
746,3562.00,29.71899266,115.99104389,29.71895504,115.99103678,29.71895504,115.99103678,0.0000,0.00,0,-1,split_deit,0,0,-1,,,
747,3567.00,29.71895504,115.99103678,29.71891742,115.99102968,29.71891742,115.99102968,0.0000,0.00,0,-1,split_deit,0,0,-1,,,
748,3573.00,29.75330300,115.98721431,29.71887228,115.99102115,29.71887228,115.99102115,0.4167,3850.45,1,359,split_deit,5,1,-1,3220.20,3220.20,3220.20
749,3579.00,29.71887228,115.99102115,29.71882714,115.99101262,29.71882714,115.99101262,0.0000,0.00,0,-1,split_deit,0,0,-1,,,
750,3584.00,29.72798932,115.99047509,29.71878952,115.99100551,29.71878952,115.99100551,0.4167,1025.40,1,179,split_deit,5,1,-1,268.97,268.97,268.97
751,3590.00,29.71878952,115.99100551,29.71874437,115.99099698,29.71874437,115.99099698,0.0000,0.00,0,-1,split_deit,0,0,-1,,,
752,3595.00,29.71874437,115.99099698,29.71870676,115.99098988,29.71870676,115.99098988,0.0000,0.00,0,-1,split_deit,0,0,-1,,,
753,3601.00,29.71870676,115.99098988,29.71866161,115.99098135,29.71866161,115.99098135,0.0000,0.00,0,-1,split_deit,0,0,-1,,,
754,3607.00,29.71866161,115.99098135,29.71861647,115.99097282,29.71861647,115.99097282,0.0000,0.00,0,-1,split_deit,0,0,-1,,,
755,3612.00,29.72521617,115.99105595,29.71857885,115.99096571,29.71857885,115.99096571,0.3933,738.92,1,166,split_deit,4,1,-1,418.25,418.25,418.25
756,3618.00,29.71857885,115.99096571,29.71853371,115.99095719,29.71853371,115.99095719,0.0000,0.00,0,-1,split_deit,0,0,-1,,,
757,3624.00,29.71853371,115.99095719,29.71848857,115.99094866,29.71848857,115.99094866,0.0000,0.00,0,-1,split_deit,0,0,-1,,,
758,3629.00,29.71848857,115.99094866,29.71845095,115.99094155,29.71845095,115.99094155,0.0000,0.00,0,-1,split_deit,0,0,-1,,,
759,3635.00,29.71845095,115.99094155,29.71840581,115.99093302,29.71840581,115.99093302,0.0000,0.00,0,-1,split_deit,0,0,-1,,,
760,3640.00,29.71840581,115.99093302,29.71836819,115.99092592,29.71836819,115.99092592,0.0000,0.00,0,-1,split_deit,0,0,-1,,,
761,3646.00,29.71836819,115.99092592,29.71832304,115.99091739,29.71832304,115.99091739,0.0000,0.00,0,-1,split_deit,0,0,-1,,,
762,3651.00,29.73417782,115.99340933,29.71828542,115.99091028,29.71828542,115.99091028,0.5567,1785.56,1,232,split_deit,11,1,1,69.24,69.24,69.24
763,3657.00,29.73477876,115.99328574,29.71824028,115.99090175,29.71824028,115.99090175,0.4633,1855.43,1,232,split_deit,7,1,1,43.40,43.40,43.40
764,3662.00,29.71824028,115.99090175,29.71820266,115.99089465,29.71820266,115.99089465,0.0000,0.00,0,-1,split_deit,0,0,-1,,,
765,3667.00,29.71820266,115.99089465,29.71816504,115.99088754,29.71816504,115.99088754,0.0000,0.00,0,-1,split_deit,0,0,-1,,,
766,3672.00,29.71816504,115.99088754,29.71812743,115.99088043,29.71812743,115.99088043,0.0000,0.00,0,-1,split_deit,0,0,-1,,,
767,3678.00,29.71812743,115.99088043,29.71808228,115.99087191,29.71808228,115.99087191,0.0000,0.00,0,-1,split_deit,0,0,-1,,,
768,3684.00,29.71808228,115.99087191,29.71803714,115.99086338,29.71803714,115.99086338,0.0000,0.00,0,-1,split_deit,0,0,-1,,,
769,3690.00,29.71803714,115.99086338,29.71799200,115.99085485,29.71799200,115.99085485,0.0000,0.00,0,-1,split_deit,0,0,-1,,,
770,3695.00,29.71799200,115.99085485,29.71795438,115.99084774,29.71795438,115.99084774,0.0000,0.00,0,-1,split_deit,0,0,-1,,,
771,3701.00,29.71795438,115.99084774,29.71790924,115.99083922,29.71790924,115.99083922,0.0000,0.00,0,-1,split_deit,0,0,-1,,,
772,3706.00,29.71790924,115.99083922,29.71787162,115.99083211,29.71787162,115.99083211,0.0000,0.00,0,-1,split_deit,0,0,-1,,,
773,3713.00,29.71787162,115.99083211,29.71781895,115.99082216,29.71781895,115.99082216,0.0000,0.00,0,-1,split_deit,0,0,-1,,,
774,3718.00,29.71781895,115.99082216,29.71778133,115.99081505,29.71778133,115.99081505,0.0000,0.00,0,-1,split_deit,0,0,-1,,,
775,3724.00,29.71778133,115.99081505,29.71773619,115.99080652,29.71773619,115.99080652,0.0000,0.00,0,-1,split_deit,0,0,-1,,,
776,3730.00,29.71773619,115.99080652,29.71769105,115.99079800,29.71769105,115.99079800,0.0000,0.00,0,-1,split_deit,0,0,-1,,,
777,3736.00,29.71769105,115.99079800,29.71764590,115.99078947,29.71764590,115.99078947,0.0000,0.00,0,-1,split_deit,0,0,-1,,,
778,3743.00,29.71764590,115.99078947,29.71759324,115.99077952,29.71759324,115.99077952,0.0000,0.00,0,-1,split_deit,0,0,-1,,,
779,3748.00,29.71759324,115.99077952,29.71755562,115.99077241,29.71755562,115.99077241,0.0000,0.00,0,-1,split_deit,0,0,-1,,,
780,3754.00,29.71755562,115.99077241,29.71751048,115.99076388,29.71751048,115.99076388,0.0000,0.00,0,-1,split_deit,0,0,-1,,,
781,3759.00,29.71751048,115.99076388,29.71747286,115.99075678,29.71747286,115.99075678,0.0000,0.00,0,-1,split_deit,0,0,-1,,,
782,3764.00,29.71747286,115.99075678,29.71743524,115.99074967,29.71743524,115.99074967,0.0000,0.00,0,-1,split_deit,0,0,-1,,,
783,3770.00,29.71743524,115.99074967,29.71739010,115.99074114,29.71739010,115.99074114,0.0000,0.00,0,-1,split_deit,0,0,-1,,,
784,3775.00,29.71739010,115.99074114,29.71735248,115.99073404,29.71735248,115.99073404,0.0000,0.00,0,-1,split_deit,0,0,-1,,,
785,3782.00,29.71735248,115.99073404,29.71729981,115.99072409,29.71729981,115.99072409,0.0000,0.00,0,-1,split_deit,0,0,-1,,,
786,3788.00,29.71729981,115.99072409,29.71725467,115.99071556,29.71725467,115.99071556,0.0000,0.00,0,-1,split_deit,0,0,-1,,,
787,3794.00,29.71725467,115.99071556,29.71720953,115.99070703,29.71720953,115.99070703,0.0000,0.00,0,-1,split_deit,0,0,-1,,,
788,3799.00,29.71720953,115.99070703,29.71717191,115.99069992,29.71717191,115.99069992,0.0000,0.00,0,-1,split_deit,0,0,-1,,,
789,3805.00,29.71717191,115.99069992,29.71712676,115.99069140,29.71712676,115.99069140,0.0000,0.00,0,-1,split_deit,0,0,-1,,,
790,3811.00,29.71712676,115.99069140,29.71708162,115.99068287,29.71708162,115.99068287,0.0000,0.00,0,-1,split_deit,0,0,-1,,,
791,3818.00,29.71708162,115.99068287,29.71702895,115.99067292,29.71702895,115.99067292,0.0000,0.00,0,-1,split_deit,0,0,-1,,,
792,3824.00,29.75507816,115.99347112,29.71698381,115.99066439,29.71698381,115.99066439,0.3933,4249.33,1,375,split_deit,4,1,1,130.38,130.38,130.38
793,3830.00,29.71698381,115.99066439,29.71693867,115.99065586,29.71693867,115.99065586,0.0000,0.00,0,-1,split_deit,0,0,-1,,,
794,3836.00,29.71693867,115.99065586,29.71689353,115.99064733,29.71689353,115.99064733,0.0000,0.00,0,-1,split_deit,0,0,-1,,,
795,3842.00,29.71689353,115.99064733,29.71684838,115.99063881,29.71684838,115.99063881,0.0000,0.00,0,-1,split_deit,0,0,-1,,,
796,3848.00,29.71684838,115.99063881,29.71680324,115.99063028,29.71680324,115.99063028,0.0000,0.00,0,-1,split_deit,0,0,-1,,,
797,3853.00,29.71680324,115.99063028,29.71676562,115.99062317,29.71676562,115.99062317,0.0000,0.00,0,-1,split_deit,0,0,-1,,,
798,3859.00,29.71676562,115.99062317,29.71672048,115.99061464,29.71672048,115.99061464,0.0000,0.00,0,-1,split_deit,0,0,-1,,,
799,3864.00,29.71672048,115.99061464,29.71668286,115.99060754,29.71668286,115.99060754,0.0000,0.00,0,-1,split_deit,0,0,-1,,,
800,3870.00,29.75619872,115.99185927,29.71663772,115.99059901,29.71663772,115.99059901,0.4167,4405.62,1,387,split_deit,5,1,-1,582.02,582.02,582.02
801,3877.00,29.71663772,115.99059901,29.71658505,115.99058906,29.71658505,115.99058906,0.0000,0.00,0,-1,split_deit,0,0,-1,,,
802,3883.00,29.71658505,115.99058906,29.71653991,115.99058053,29.71653991,115.99058053,0.0000,0.00,0,-1,split_deit,0,0,-1,,,
803,3889.00,29.71653991,115.99058053,29.71649477,115.99057200,29.71649477,115.99057200,0.0000,0.00,0,-1,split_deit,0,0,-1,,,
804,3895.00,29.71649477,115.99057200,29.71644962,115.99056348,29.71644962,115.99056348,0.0000,0.00,0,-1,split_deit,0,0,-1,,,
805,3902.00,29.71644962,115.99056348,29.71639696,115.99055353,29.71639696,115.99055353,0.0000,0.00,0,-1,split_deit,0,0,-1,,,
806,3907.00,29.71639696,115.99055353,29.71635934,115.99054642,29.71635934,115.99054642,0.0000,0.00,0,-1,split_deit,0,0,-1,,,
807,3913.00,29.71635934,115.99054642,29.71631420,115.99053789,29.71631420,115.99053789,0.0000,0.00,0,-1,split_deit,0,0,-1,,,
808,3918.00,29.71631420,115.99053789,29.71627658,115.99053078,29.71627658,115.99053078,0.0000,0.00,0,-1,split_deit,0,0,-1,,,
809,3924.00,29.71627658,115.99053078,29.71623143,115.99052226,29.71623143,115.99052226,0.0000,0.00,0,-1,split_deit,0,0,-1,,,
810,3931.00,29.71623143,115.99052226,29.71617877,115.99051231,29.71617877,115.99051231,0.0000,0.00,0,-1,split_deit,0,0,-1,,,
811,3937.00,29.71617877,115.99051231,29.71613363,115.99050378,29.71613363,115.99050378,0.0000,0.00,0,-1,split_deit,0,0,-1,,,
812,3943.00,29.71613363,115.99050378,29.71608848,115.99049525,29.71608848,115.99049525,0.0000,0.00,0,-1,split_deit,0,0,-1,,,
813,3949.00,29.71608848,115.99049525,29.71604334,115.99048672,29.71604334,115.99048672,0.0000,0.00,0,-1,split_deit,0,0,-1,,,
814,3954.00,29.71604334,115.99048672,29.71600572,115.99047962,29.71600572,115.99047962,0.0000,0.00,0,-1,split_deit,0,0,-1,,,
815,3959.00,29.71600572,115.99047962,29.71596810,115.99047251,29.71596810,115.99047251,0.0000,0.00,0,-1,split_deit,0,0,-1,,,
816,3963.00,29.71596810,115.99047251,29.71593801,115.99046682,29.71593801,115.99046682,0.0000,0.00,0,-1,split_deit,0,0,-1,,,
