Frame,Time_Sec,Raw_Lat,Raw_Lng,Predicted_Lat,Predicted_Lng,Filtered_Lat,Filtered_Lng,Match_Confidence,Innovation_M,Outlier_Rejected,Best_Match_Idx,Algorithm,Inliers,Measurement_Valid,Correct_Candidate_Rank,Top1_Min_Dist_M,Top5_Min_Dist_M,Top10_Min_Dist_M
1,7.00,32.33485250,119.86070695,32.30460000,119.89700000,32.30460000,119.89700000,0.4867,4795.59,1,1151,split_xfeat,8,1,-1,4684.86,3960.91,3960.91
2,14.00,32.34059642,119.86107513,32.30460000,119.89700000,32.30460000,119.89700000,0.5333,5241.94,1,1286,split_xfeat,10,1,-1,5019.88,3884.72,3884.72
3,21.00,32.33996342,119.85943153,32.30460000,119.89700000,32.30460000,119.89700000,0.5567,5290.28,1,1285,split_xfeat,11,1,-1,5045.26,3829.96,3829.96
4,28.00,32.33996342,119.85943153,32.30460000,119.89700000,32.30460000,119.89700000,0.5567,5290.28,1,1285,split_xfeat,11,1,-1,5003.15,4017.63,4017.63
5,36.00,32.33996342,119.85943153,32.30460000,119.89700000,32.30460000,119.89700000,0.5567,5290.28,1,1285,split_xfeat,11,1,-1,4899.52,2946.18,2946.18
6,43.00,32.29000132,119.81255666,32.30460000,119.89700000,32.30460000,119.89700000,0.6733,8108.18,1,3,split_xfeat,16,1,-1,7743.61,3802.01,3802.01
7,50.00,32.34059642,119.86107513,32.30460000,119.89700000,32.30460000,119.89700000,0.5333,5241.94,1,1286,split_xfeat,10,1,-1,4558.86,3687.09,3687.09
8,57.00,32.30725453,119.83776466,32.30460000,119.89700000,32.30460000,119.89700000,0.6267,5580.14,1,420,split_xfeat,14,1,-1,4915.94,3997.50,3997.50
9,64.00,32.30725453,119.83776466,32.30460000,119.89700000,32.30460000,119.89700000,0.6267,5580.14,1,420,split_xfeat,14,1,-1,4919.21,3956.75,3956.75
10,71.00,32.30725453,119.83776466,32.30460000,119.89700000,32.30725453,119.83776466,0.6267,5580.14,1,420,split_xfeat,14,1,-1,4829.30,3851.90,3851.90
11,79.00,32.33485250,119.86070695,32.30725453,119.83776466,32.30725453,119.83776466,0.4867,3754.50,1,1151,split_xfeat,8,1,-1,3739.07,3739.07,3739.07
12,86.00,32.34059642,119.86107513,32.30725453,119.83776466,32.30725453,119.83776466,0.5333,4310.99,1,1286,split_xfeat,10,1,-1,4100.96,3785.92,3785.92
13,93.00,32.34059642,119.86107513,32.30725453,119.83776466,32.30725453,119.83776466,0.5333,4310.99,1,1286,split_xfeat,10,1,-1,4000.65,3530.59,3530.59
14,100.00,32.29000132,119.81255666,32.30725453,119.83776466,32.30725453,119.83776466,0.6733,3051.56,1,3,split_xfeat,16,1,-1,7338.23,3640.18,3640.18
15,108.00,32.29000132,119.81255666,32.30725453,119.83776466,32.30725453,119.83776466,0.6733,3051.56,1,3,split_xfeat,16,1,-1,7268.08,4214.15,4214.15
16,115.00,32.29000132,119.81255666,32.30725453,119.83776466,32.30725453,119.83776466,0.6733,3051.56,1,3,split_xfeat,16,1,-1,7202.81,4065.40,4065.40
17,122.00,32.33485250,119.86070695,32.30725453,119.83776466,32.30725453,119.83776466,0.4867,3754.50,1,1151,split_xfeat,8,1,-1,3169.16,3169.16,3169.16
18,130.00,32.30725453,119.83776466,32.30725453,119.83776466,32.30725453,119.83776466,0.6267,0.00,0,420,split_xfeat,14,1,-1,4240.36,3066.07,3066.07
19,137.00,32.30725453,119.83776466,32.30725453,119.83776466,32.30725453,119.83776466,0.6267,0.00,0,420,split_xfeat,14,1,-1,4251.73,3023.42,3023.42
20,144.00,32.30725453,119.83776466,32.30725453,119.83776466,32.30725453,119.83776466,0.6267,0.00,0,420,split_xfeat,14,1,-1,4172.14,2920.33,2920.33
21,152.00,32.30725453,119.83776466,32.30725453,119.83776466,32.30725453,119.83776466,0.6267,0.00,0,420,split_xfeat,14,1,-1,4096.68,2809.05,2809.05
22,159.00,32.30725453,119.83776466,32.30725453,119.83776466,32.30725453,119.83776466,0.6267,0.00,0,420,split_xfeat,14,1,-1,4020.12,2706.85,2706.85
23,166.00,32.30725453,119.83776466,32.30725453,119.83776466,32.30725453,119.83776466,0.6267,0.00,0,420,split_xfeat,14,1,-1,3945.11,2605.23,2605.23
24,174.00,32.30725453,119.83776466,32.30725453,119.83776466,32.30725453,119.83776466,0.6267,0.00,0,420,split_xfeat,14,1,-1,3961.39,2561.20,2561.20
25,181.00,32.30725453,119.83776466,32.30725453,119.83776466,32.30725453,119.83776466,0.6267,0.00,0,420,split_xfeat,14,1,-1,3892.67,2450.81,2450.81
26,189.00,32.30725453,119.83776466,32.30725453,119.83776466,32.30725453,119.83776466,0.6267,0.00,0,420,split_xfeat,14,1,-1,3822.39,3758.71,3758.71
27,196.00,32.30725453,119.83776466,32.30725453,119.83776466,32.30725453,119.83776466,0.6267,0.00,0,420,split_xfeat,14,1,-1,3753.96,2249.71,2249.71
28,204.00,32.30725453,119.83776466,32.30725453,119.83776466,32.30725453,119.83776466,0.6267,0.00,0,420,split_xfeat,14,1,-1,3687.51,2150.44,2150.44
29,211.00,32.30725453,119.83776466,32.30725453,119.83776466,32.30725453,119.83776466,0.6267,0.00,0,420,split_xfeat,14,1,-1,3709.27,2104.55,2104.55
30,218.00,32.30725453,119.83776466,32.30725453,119.83776466,32.30725453,119.83776466,0.6267,0.00,0,420,split_xfeat,14,1,-1,3650.82,1996.33,1996.33
31,225.00,32.30725453,119.83776466,32.30725453,119.83776466,32.30725453,119.83776466,0.6267,0.00,0,420,split_xfeat,14,1,-1,3590.16,1898.36,1898.36
32,233.00,32.30725453,119.83776466,32.30725453,119.83776466,32.30725453,119.83776466,0.6267,0.00,0,420,split_xfeat,14,1,-1,3531.83,1801.68,1801.68
33,240.00,32.30725453,119.83776466,32.30725453,119.83776466,32.30725453,119.83776466,0.6267,0.00,0,420,split_xfeat,14,1,-1,3475.97,1706.54,1706.54
34,247.00,32.30725453,119.83776466,32.30725453,119.83776466,32.30725453,119.83776466,0.6267,0.00,0,420,split_xfeat,14,1,-1,3503.65,1658.08,1658.08
35,254.00,32.30725453,119.83776466,32.30725453,119.83776466,32.30725453,119.83776466,0.6267,0.00,0,420,split_xfeat,14,1,-1,3457.57,1554.00,1554.00
36,262.00,32.30725453,119.83776466,32.30725453,119.83776466,32.30725453,119.83776466,0.6267,0.00,0,420,split_xfeat,14,1,-1,3408.59,1461.62,1461.62
37,269.00,32.30725453,119.83776466,32.30725453,119.83776466,32.30725453,119.83776466,0.6267,0.00,0,420,split_xfeat,14,1,-1,3362.46,1371.74,1371.74
38,276.00,32.30725453,119.83776466,32.30725453,119.83776466,32.30725453,119.83776466,0.6267,0.00,0,420,split_xfeat,14,1,-1,3319.29,1284.87,1284.87
39,284.00,32.30725453,119.83776466,32.30725453,119.83776466,32.30725453,119.83776466,0.6267,0.00,0,420,split_xfeat,14,1,-1,3353.07,1232.91,1232.91
40,291.00,32.30725453,119.83776466,32.30725453,119.83776466,32.30725453,119.83776466,0.6267,0.00,0,420,split_xfeat,14,1,-1,3321.41,1138.07,1138.07
41,298.00,32.34059642,119.86107513,32.30725453,119.83776466,32.30725453,119.83776466,0.5333,4310.99,1,1286,split_xfeat,10,1,-1,1646.05,911.21,911.21
42,306.00,32.33996342,119.85943153,32.30725453,119.83776466,32.30725453,119.83776466,0.5567,4172.81,1,1285,split_xfeat,11,1,-1,1612.04,593.81,593.81
43,313.00,32.34059642,119.86107513,32.30725453,119.83776466,32.30725453,119.83776466,0.5333,4310.99,1,1286,split_xfeat,10,1,-1,1515.41,322.41,322.41
44,320.00,32.29834652,119.81034173,32.30725453,119.83776466,32.30725453,119.83776466,0.6033,2763.73,1,182,split_xfeat,13,1,-1,5910.66,2203.77,2203.77
45,328.00,32.29834652,119.81034173,32.30725453,119.83776466,32.30725453,119.83776466,0.6033,2763.73,1,182,split_xfeat,13,1,-1,5871.83,2139.77,2139.77
46,335.00,32.32075847,119.84053822,32.30725453,119.83776466,32.30725453,119.83776466,0.5100,1525.73,1,781,split_xfeat,9,1,-1,2075.55,353.99,353.99
47,343.00,32.29022662,119.81015129,32.30725453,119.83776466,32.30725453,119.83776466,0.5100,3215.69,1,2,split_xfeat,9,1,-1,6305.44,221.98,221.98
48,350.00,32.30725453,119.83776466,32.30725453,119.83776466,32.30725453,119.83776466,0.6267,0.00,0,420,split_xfeat,14,1,-1,3200.08,693.01,693.01
49,358.00,32.30725453,119.83776466,32.30725453,119.83776466,32.30725453,119.83776466,0.6267,0.00,0,420,split_xfeat,14,1,-1,3245.05,643.34,643.34
50,365.00,32.30725453,119.83776466,32.30725453,119.83776466,32.30725453,119.83776466,0.6267,0.00,0,420,split_xfeat,14,1,-1,3246.22,228.56,228.56
51,372.00,32.33192444,119.85423990,32.30725453,119.83776466,32.30725453,119.83776466,0.5333,3153.40,1,1058,split_xfeat,10,1,1,119.82,119.82,119.82
52,379.00,32.33382835,119.85422720,32.30725453,119.83776466,32.30725453,119.83776466,0.5333,3339.05,1,1103,split_xfeat,10,1,-1,191.07,191.07,191.07
53,386.00,32.33192444,119.85423990,32.30725453,119.83776466,32.30725453,119.83776466,0.5333,3153.40,1,1058,split_xfeat,10,1,1,108.86,108.86,108.86
54,394.00,32.33192444,119.85423990,32.30725453,119.83776466,32.30725453,119.83776466,0.5333,3153.40,1,1058,split_xfeat,10,1,1,143.67,143.67,143.67
55,401.00,32.33192444,119.85423990,32.30725453,119.83776466,32.30725453,119.83776466,0.5333,3153.40,1,1058,split_xfeat,10,1,-1,254.35,172.01,172.01
56,408.00,32.33192444,119.85423990,32.30725453,119.83776466,32.30725453,119.83776466,0.5333,3153.40,1,1058,split_xfeat,10,1,-1,360.31,269.17,269.17
57,416.00,32.33382835,119.85422720,32.30725453,119.83776466,32.30725453,119.83776466,0.5333,3339.05,1,1103,split_xfeat,10,1,-1,373.12,187.96,187.96
58,423.00,32.33382835,119.85422720,32.30725453,119.83776466,32.30725453,119.83776466,0.5333,3339.05,1,1103,split_xfeat,10,1,-1,483.16,303.19,303.19
59,431.00,32.34049986,119.85642944,32.30725453,119.83776466,32.30725453,119.83776466,0.6500,4096.26,1,1284,split_xfeat,15,1,-1,872.96,504.98,504.98
60,438.00,32.33996342,119.85943153,32.30725453,119.83776466,32.33996342,119.85943153,0.5567,4172.81,1,1285,split_xfeat,11,1,-1,1082.48,613.99,613.99
61,445.00,32.32075847,119.84053822,32.33996342,119.85943153,32.33996342,119.85943153,0.5100,2780.18,1,781,split_xfeat,9,1,-1,1891.42,905.34,905.34
62,452.00,32.32660968,119.83931940,32.33996342,119.85943153,32.33996342,119.85943153,0.5333,2406.10,1,916,split_xfeat,10,1,6,1361.42,65.02,65.02
63,459.00,32.32660968,119.83931940,32.33996342,119.85943153,32.33996342,119.85943153,0.5333,2406.10,1,916,split_xfeat,10,1,7,1368.50,53.44,53.44
64,467.00,32.32660968,119.83931940,32.33996342,119.85943153,32.33996342,119.85943153,0.5333,2406.10,1,916,split_xfeat,10,1,7,1429.49,93.98,93.98
65,474.00,32.32660968,119.83931940,32.33996342,119.85943153,32.33996342,119.85943153,0.5333,2406.10,1,916,split_xfeat,10,1,2,1447.10,82.87,82.87
66,481.00,32.32660968,119.83931940,32.33996342,119.85943153,32.33996342,119.85943153,0.5333,2406.10,1,916,split_xfeat,10,1,-1,1472.64,223.03,223.03
67,488.00,32.30725453,119.83776466,32.33996342,119.85943153,32.33996342,119.85943153,0.6267,4172.81,1,420,split_xfeat,14,1,-1,3710.14,1477.06,1477.06
68,495.00,32.30725453,119.83776466,32.33996342,119.85943153,32.33996342,119.85943153,0.6267,4172.81,1,420,split_xfeat,14,1,-1,3754.30,1281.11,1281.11
69,502.00,32.30725453,119.83776466,32.33996342,119.85943153,32.33996342,119.85943153,0.6267,4172.81,1,420,split_xfeat,14,1,-1,3820.73,1018.19,1018.19
70,509.00,32.33192444,119.85423990,32.33996342,119.85943153,32.33192444,119.85423990,0.5333,1019.49,1,1058,split_xfeat,10,1,-1,1675.22,936.13,936.13
71,516.00,32.33382835,119.85422720,32.33192444,119.85423990,32.33192444,119.85423990,0.5333,211.95,1,1103,split_xfeat,10,1,-1,1666.09,1502.68,1502.68
72,523.00,32.33382835,119.85422720,32.33192444,119.85423990,32.33192444,119.85423990,0.5333,211.95,1,1103,split_xfeat,10,1,-1,1775.29,1411.91,1411.91
73,530.00,32.34049986,119.85642944,32.33192444,119.85423990,32.33192444,119.85423990,0.6500,976.58,1,1284,split_xfeat,15,1,-1,1797.95,1599.87,1599.87
74,537.00,32.33996342,119.85943153,32.33192444,119.85423990,32.33192444,119.85423990,0.5567,1019.49,1,1285,split_xfeat,11,1,-1,2003.71,1921.58,1921.58
75,544.00,32.33382835,119.85422720,32.33192444,119.85423990,32.33192444,119.85423990,0.5333,211.95,1,1103,split_xfeat,10,1,-1,2030.64,1545.07,1545.07
76,552.00,32.33192444,119.85423990,32.33192444,119.85423990,32.33192444,119.85423990,0.5333,0.00,0,1058,split_xfeat,10,1,-1,2258.07,2258.07,2258.07
77,559.00,32.33192444,119.85423990,32.33192444,119.85423990,32.33192444,119.85423990,0.5333,0.00,0,1058,split_xfeat,10,1,-1,2366.43,2366.43,2366.43
78,567.00,32.33192444,119.85423990,32.33192444,119.85423990,32.33192444,119.85423990,0.5333,0.00,0,1058,split_xfeat,10,1,-1,2474.86,2474.86,2474.86
79,574.00,32.33382835,119.85422720,32.33192444,119.85423990,32.33192444,119.85423990,0.5333,211.95,1,1103,split_xfeat,10,1,-1,2395.78,2235.21,2235.21
80,581.00,32.32652385,119.86367095,32.33192444,119.85423990,32.33192444,119.85423990,0.5800,1071.70,1,927,split_xfeat,12,1,-1,3624.15,2504.75,2504.75
81,588.00,32.33996342,119.85943153,32.33192444,119.85423990,32.33192444,119.85423990,0.5567,1019.49,1,1285,split_xfeat,11,1,-1,2639.02,2613.76,2613.76
82,595.00,32.33382835,119.85422720,32.33192444,119.85423990,32.33192444,119.85423990,0.5333,211.95,1,1103,split_xfeat,10,1,-1,2729.12,2567.42,2567.42
83,603.00,32.31173244,119.89938228,32.33192444,119.85423990,32.33192444,119.85423990,0.5100,4804.78,1,584,split_xfeat,9,1,-1,7668.99,2792.37,2792.37
84,610.00,32.31173244,119.89938228,32.33192444,119.85423990,32.33192444,119.85423990,0.5100,4804.78,1,584,split_xfeat,9,1,-1,7698.26,2709.92,2709.92
85,617.00,32.31173244,119.89938228,32.33192444,119.85423990,32.33192444,119.85423990,0.5100,4804.78,1,584,split_xfeat,9,1,-1,7807.53,2937.83,2937.83
86,625.00,32.31173244,119.89938228,32.33192444,119.85423990,32.33192444,119.85423990,0.5100,4804.78,1,584,split_xfeat,9,1,-1,7916.81,2429.20,2429.20
87,632.00,32.33382835,119.85422720,32.33192444,119.85423990,32.33192444,119.85423990,0.5333,211.95,1,1103,split_xfeat,10,1,-1,3196.96,2538.47,2538.47
88,639.00,32.33975466,119.85503975,32.33192444,119.85423990,32.33975466,119.85503975,0.5800,874.90,1,1238,split_xfeat,12,1,-1,3008.09,2653.19,2653.19
89,647.00,32.33192444,119.85423990,32.33975466,119.85503975,32.33975466,119.85503975,0.5333,874.90,1,1058,split_xfeat,10,1,-1,3465.50,3184.62,3184.62
90,654.00,32.33382835,119.85422720,32.33975466,119.85503975,32.33975466,119.85503975,0.5333,664.13,1,1103,split_xfeat,10,1,-1,3453.48,3293.06,3293.06
91,661.00,32.33996342,119.85943153,32.33975466,119.85503975,32.33975466,119.85503975,0.5567,413.79,1,1285,split_xfeat,11,1,-1,3535.40,3535.40,3535.40
92,668.00,32.33192444,119.85423990,32.33975466,119.85503975,32.33975466,119.85503975,0.5333,874.90,1,1058,split_xfeat,10,1,-1,3790.56,3790.56,3790.56
93,676.00,32.31173244,119.89938228,32.33975466,119.85503975,32.33975466,119.85503975,0.5100,5208.73,1,584,split_xfeat,9,1,-1,8613.78,4031.41,4031.41
94,683.00,32.33192444,119.85423990,32.33975466,119.85503975,32.33975466,119.85503975,0.5333,874.90,1,1058,split_xfeat,10,1,-1,3940.16,3940.16,3940.16
95,690.00,32.33996342,119.85943153,32.33975466,119.85503975,32.33975466,119.85503975,0.5567,413.79,1,1285,split_xfeat,11,1,-1,3884.49,3884.49,3884.49
96,736.00,32.33192444,119.85423990,32.33975466,119.85503975,32.33975466,119.85503975,0.5333,874.90,1,1058,split_xfeat,10,1,-1,4094.25,4094.25,4094.25
97,739.00,32.33192444,119.85423990,32.33975466,119.85503975,32.33975466,119.85503975,0.5333,874.90,1,1058,split_xfeat,10,1,-1,3985.22,3985.22,3985.22
98,743.00,32.33192444,119.85423990,32.33975466,119.85503975,32.33192444,119.85423990,0.5333,874.90,1,1058,split_xfeat,10,1,-1,3876.21,3876.21,3876.21
99,747.00,32.32026495,119.89466041,32.33192444,119.85423990,32.33192444,119.85423990,0.4633,4017.81,1,807,split_xfeat,7,1,-1,7662.79,2909.89,2909.89
100,751.00,32.31173244,119.89938228,32.33192444,119.85423990,32.33192444,119.85423990,0.5100,4804.78,1,584,split_xfeat,9,1,-1,8463.03,2903.57,2903.57
101,755.00,32.33382835,119.85422720,32.33192444,119.85423990,32.33192444,119.85423990,0.5333,211.95,1,1103,split_xfeat,10,1,-1,3511.69,2873.01,2873.01
102,759.00,32.31173244,119.89938228,32.33192444,119.85423990,32.33192444,119.85423990,0.5100,4804.78,1,584,split_xfeat,9,1,-1,8238.77,3316.72,3316.72
103,762.00,32.31173244,119.89938228,32.33192444,119.85423990,32.33192444,119.85423990,0.5100,4804.78,1,584,split_xfeat,9,1,-1,8129.46,3519.10,3519.10
104,766.00,32.33192444,119.85423990,32.33192444,119.85423990,32.33192444,119.85423990,0.5333,0.00,0,1058,split_xfeat,10,1,-1,3286.75,3286.75,3286.75
105,770.00,32.33192444,119.85423990,32.33192444,119.85423990,32.33192444,119.85423990,0.5333,0.00,0,1058,split_xfeat,10,1,-1,3255.61,2519.28,2519.28
106,774.00,32.33382835,119.85422720,32.33192444,119.85423990,32.33192444,119.85423990,0.5333,211.95,1,1103,split_xfeat,10,1,-1,3040.02,2869.63,2869.63
107,778.00,32.33382835,119.85422720,32.33192444,119.85423990,32.33192444,119.85423990,0.5333,211.95,1,1103,split_xfeat,10,1,-1,2930.72,2760.39,2760.39
108,781.00,32.33192444,119.85423990,32.33192444,119.85423990,32.33192444,119.85423990,0.5333,0.00,0,1058,split_xfeat,10,1,-1,2928.20,2821.42,2821.42
109,785.00,32.33382835,119.85422720,32.33192444,119.85423990,32.33192444,119.85423990,0.5333,211.95,1,1103,split_xfeat,10,1,-1,2712.11,2712.11,2712.11
110,789.00,32.33382835,119.85422720,32.33192444,119.85423990,32.33192444,119.85423990,0.5333,211.95,1,1103,split_xfeat,10,1,-1,2684.23,2066.06,2066.06
111,793.00,32.31173244,119.89938228,32.33192444,119.85423990,32.33192444,119.85423990,0.5100,4804.78,1,584,split_xfeat,9,1,-1,7406.79,2397.04,2397.04
112,796.00,32.31173244,119.89938228,32.33192444,119.85423990,32.33192444,119.85423990,0.5100,4804.78,1,584,split_xfeat,9,1,-1,7297.50,2287.75,2287.75
113,800.00,32.31173244,119.89938228,32.33192444,119.85423990,32.33192444,119.85423990,0.5100,4804.78,1,584,split_xfeat,9,1,-1,7188.21,2178.47,2178.47
114,804.00,32.33192444,119.85423990,32.33192444,119.85423990,32.33192444,119.85423990,0.5333,0.00,0,1058,split_xfeat,10,1,-1,2418.65,2418.65,2418.65
115,808.00,32.31173244,119.89938228,32.33192444,119.85423990,32.33192444,119.85423990,0.5100,4804.78,1,584,split_xfeat,9,1,-1,7046.24,2110.75,2110.75
116,812.00,32.31173244,119.89938228,32.33192444,119.85423990,32.33192444,119.85423990,0.5100,4804.78,1,584,split_xfeat,9,1,-1,6936.98,1925.50,1925.50
117,815.00,32.33382835,119.85422720,32.33192444,119.85423990,32.33192444,119.85423990,0.5333,211.95,1,1103,split_xfeat,10,1,-1,1991.71,1816.20,1816.20
118,819.00,32.33996342,119.85943153,32.33192444,119.85423990,32.33192444,119.85423990,0.5567,1019.49,1,1285,split_xfeat,11,1,-1,2077.47,1653.52,1653.52
119,823.00,32.33996342,119.85943153,32.33192444,119.85423990,32.33192444,119.85423990,0.5567,1019.49,1,1285,split_xfeat,11,1,-1,1982.64,1773.52,1773.52
120,827.00,32.33382835,119.85422720,32.33192444,119.85423990,32.33192444,119.85423990,0.5333,211.95,1,1103,split_xfeat,10,1,-1,1744.40,1744.40,1744.40
121,830.00,32.32652385,119.86367095,32.33192444,119.85423990,32.33192444,119.85423990,0.5800,1071.70,1,927,split_xfeat,12,1,-1,2724.31,973.23,973.23
122,834.00,32.32652385,119.86367095,32.33192444,119.85423990,32.33192444,119.85423990,0.5800,1071.70,1,927,split_xfeat,12,1,-1,2615.09,999.08,999.08
123,838.00,32.33382835,119.85422720,32.33192444,119.85423990,32.33192444,119.85423990,0.5333,211.95,1,1103,split_xfeat,10,1,-1,1418.51,901.04,901.04
124,842.00,32.34416821,119.83408387,32.33192444,119.85423990,32.34416821,119.83408387,0.4400,2335.14,1,1363,split_xfeat,6,1,-1,1058.35,1058.35,1058.35
125,845.00,32.30725453,119.83776466,32.34416821,119.83408387,32.34416821,119.83408387,0.6267,4123.79,1,420,split_xfeat,14,1,-1,3466.60,1369.58,1369.58
126,849.00,32.32652385,119.86367095,32.34416821,119.83408387,32.34416821,119.83408387,0.5800,3406.55,1,927,split_xfeat,12,1,-1,2251.53,1305.97,1305.97
127,853.00,32.32660968,119.83931940,32.34416821,119.83408387,32.34416821,119.83408387,0.5333,2015.71,1,916,split_xfeat,10,1,4,1195.46,69.57,69.57
128,857.00,32.32660968,119.83931940,32.34416821,119.83408387,32.34416821,119.83408387,0.5333,2015.71,1,916,split_xfeat,10,1,-1,1167.45,153.93,153.93
129,861.00,32.32660968,119.83931940,32.34416821,119.83408387,32.34416821,119.83408387,0.5333,2015.71,1,916,split_xfeat,10,1,-1,1160.06,191.97,191.97
130,865.00,32.32660968,119.83931940,32.34416821,119.83408387,32.34416821,119.83408387,0.5333,2015.71,1,916,split_xfeat,10,1,-1,1111.91,247.09,247.09
131,868.00,32.30725453,119.83776466,32.34416821,119.83408387,32.34416821,119.83408387,0.6267,4123.79,1,420,split_xfeat,14,1,-1,3217.27,1339.81,1339.81
132,872.00,32.30725453,119.83776466,32.34416821,119.83408387,32.34416821,119.83408387,0.6267,4123.79,1,420,split_xfeat,14,1,-1,3190.66,876.41,876.41
133,876.00,32.30725453,119.83776466,32.34416821,119.83408387,32.34416821,119.83408387,0.6267,4123.79,1,420,split_xfeat,14,1,-1,3167.61,1167.32,1167.32
134,880.00,32.30725453,119.83776466,32.34416821,119.83408387,32.30725453,119.83776466,0.6267,4123.79,1,420,split_xfeat,14,1,-1,3137.81,1624.89,1624.89
135,884.00,32.33996342,119.85943153,32.30725453,119.83776466,32.30725453,119.83776466,0.5567,4172.81,1,1285,split_xfeat,11,1,-1,1265.94,458.47,458.47
136,887.00,32.33192444,119.85423990,32.30725453,119.83776466,32.30725453,119.83776466,0.5333,3153.40,1,1058,split_xfeat,10,1,-1,359.85,213.49,213.49
137,891.00,32.31173244,119.89938228,32.30725453,119.83776466,32.30725453,119.83776466,0.5100,5817.81,1,584,split_xfeat,9,1,-1,4957.99,307.05,307.05
138,895.00,32.31173244,119.89938228,32.30725453,119.83776466,32.30725453,119.83776466,0.5100,5817.81,1,584,split_xfeat,9,1,-1,4849.09,197.76,197.76
139,899.00,32.33382835,119.85422720,32.30725453,119.83776466,32.30725453,119.83776466,0.5333,3339.05,1,1103,split_xfeat,10,1,5,376.53,83.68,83.68
140,902.00,32.33996342,119.85943153,32.30725453,119.83776466,32.30725453,119.83776466,0.5567,4172.81,1,1285,split_xfeat,11,1,-1,1313.96,431.15,431.15
141,906.00,32.29000132,119.81255666,32.30725453,119.83776466,32.30725453,119.83776466,0.6733,3051.56,1,3,split_xfeat,16,1,-1,5898.90,513.65,513.65
142,910.00,32.32113398,119.81864283,32.30725453,119.83776466,32.30725453,119.83776466,0.6033,2371.27,1,771,split_xfeat,13,1,-1,3615.52,507.76,507.76
143,914.00,32.32075847,119.84053822,32.30725453,119.83776466,32.30725453,119.83776466,0.5100,1525.73,1,781,split_xfeat,9,1,-1,1792.07,444.02,444.02
144,917.00,32.29834652,119.81034173,32.30725453,119.83776466,32.29834652,119.81034173,0.6033,2763.73,1,182,split_xfeat,13,1,-1,5604.34,396.54,396.54
145,921.00,32.32113398,119.81864283,32.29834652,119.81034173,32.29834652,119.81034173,0.6033,2654.17,1,771,split_xfeat,13,1,-1,3761.94,595.38,595.38
146,925.00,32.29000132,119.81255666,32.29834652,119.81034173,32.29834652,119.81034173,0.6733,952.07,1,3,split_xfeat,16,1,-1,5961.91,423.36,423.36
147,929.00,32.29000132,119.81255666,32.29834652,119.81034173,32.29834652,119.81034173,0.6733,952.07,1,3,split_xfeat,16,1,-1,5987.13,450.43,450.43
148,933.00,32.29000132,119.81255666,32.29834652,119.81034173,32.29834652,119.81034173,0.6733,952.07,1,3,split_xfeat,16,1,-1,6021.67,492.03,492.03
149,936.00,32.34059642,119.86107513,32.29834652,119.81034173,32.29834652,119.81034173,0.5333,6700.57,1,1286,split_xfeat,10,1,-1,1748.94,751.09,751.09
150,940.00,32.33207465,119.86312502,32.29834652,119.81034173,32.29834652,119.81034173,0.5800,6225.11,1,1062,split_xfeat,12,1,4,812.65,124.98,124.98
151,944.00,32.34059642,119.86107513,32.29834652,119.81034173,32.29834652,119.81034173,0.5333,6700.57,1,1286,split_xfeat,10,1,-1,1866.32,1030.14,1030.14
152,948.00,32.33485250,119.86070695,32.29834652,119.81034173,32.29834652,119.81034173,0.4867,6241.99,1,1151,split_xfeat,8,1,-1,1340.40,1129.51,1129.51
153,952.00,32.30725453,119.83776466,32.29834652,119.81034173,32.29834652,119.81034173,0.6267,2763.73,1,420,split_xfeat,14,1,-1,3138.16,1239.36,1239.36
154,955.00,32.30725453,119.83776466,32.29834652,119.81034173,32.30725453,119.83776466,0.6267,2763.73,1,420,split_xfeat,14,1,-1,3184.12,1505.98,1505.98
155,959.00,32.30725453,119.83776466,32.30725453,119.83776466,32.30725453,119.83776466,0.6267,0.00,0,420,split_xfeat,14,1,-1,3153.64,1384.98,1384.98
156,963.00,32.30725453,119.83776466,32.30725453,119.83776466,32.30725453,119.83776466,0.6267,0.00,0,420,split_xfeat,14,1,-1,3204.08,1487.24,1487.24
157,967.00,32.30725453,119.83776466,32.30725453,119.83776466,32.30725453,119.83776466,0.6267,0.00,0,420,split_xfeat,14,1,-1,3257.41,1726.53,1726.53
158,971.00,32.30725453,119.83776466,32.30725453,119.83776466,32.30725453,119.83776466,0.6267,0.00,0,420,split_xfeat,14,1,-1,3308.33,1824.49,1824.49
159,974.00,32.30725453,119.83776466,32.30725453,119.83776466,32.30725453,119.83776466,0.6267,0.00,0,420,split_xfeat,14,1,-1,3367.29,1914.34,1914.34
160,978.00,32.30725453,119.83776466,32.30725453,119.83776466,32.30725453,119.83776466,0.6267,0.00,0,420,split_xfeat,14,1,-1,3343.30,1964.68,1964.68
161,982.00,32.30725453,119.83776466,32.30725453,119.83776466,32.30725453,119.83776466,0.6267,0.00,0,420,split_xfeat,14,1,-1,3406.08,2055.72,2055.72
162,986.00,32.30725453,119.83776466,32.30725453,119.83776466,32.30725453,119.83776466,0.6267,0.00,0,420,split_xfeat,14,1,-1,3466.99,2158.27,2158.27
163,989.00,32.30725453,119.83776466,32.30725453,119.83776466,32.30725453,119.83776466,0.6267,0.00,0,420,split_xfeat,14,1,-1,3534.50,2252.37,2252.37
164,993.00,32.30725453,119.83776466,32.30725453,119.83776466,32.30725453,119.83776466,0.6267,0.00,0,420,split_xfeat,14,1,-1,3604.07,2347.79,2347.79
165,997.00,32.30725453,119.83776466,32.30725453,119.83776466,32.30725453,119.83776466,0.6267,0.00,0,420,split_xfeat,14,1,-1,3586.17,2395.75,2395.75
166,1001.00,32.30725453,119.83776466,32.30725453,119.83776466,32.30725453,119.83776466,0.6267,0.00,0,420,split_xfeat,14,1,-1,3658.87,2491.71,2491.71
167,1004.00,32.30725453,119.83776466,32.30725453,119.83776466,32.30725453,119.83776466,0.6267,0.00,0,420,split_xfeat,14,1,-1,3733.35,2588.74,2588.74
168,1008.00,32.30725453,119.83776466,32.30725453,119.83776466,32.30725453,119.83776466,0.6267,0.00,0,420,split_xfeat,14,1,-1,3806.72,2695.98,2695.98
169,1012.00,32.30725453,119.83776466,32.30725453,119.83776466,32.30725453,119.83776466,0.6267,0.00,0,420,split_xfeat,14,1,-1,3884.69,2794.69,2794.69
170,1016.00,32.29834652,119.81034173,32.30725453,119.83776466,32.30725453,119.83776466,0.6033,2763.73,1,182,split_xfeat,13,1,-1,6640.02,3580.41,3580.41
171,1020.00,32.29834652,119.81034173,32.30725453,119.83776466,32.30725453,119.83776466,0.6033,2763.73,1,182,split_xfeat,13,1,-1,6715.46,2939.73,2939.73
172,1023.00,32.33485250,119.86070695,32.30725453,119.83776466,32.30725453,119.83776466,0.4867,3754.50,1,1151,split_xfeat,8,1,-1,3048.46,3048.46,3048.46
173,1027.00,32.34059642,119.86107513,32.30725453,119.83776466,32.30725453,119.83776466,0.5333,4310.99,1,1286,split_xfeat,10,1,-1,3649.76,2688.42,2688.42
174,1031.00,32.34059642,119.86107513,32.30725453,119.83776466,32.30725453,119.83776466,0.5333,4310.99,1,1286,split_xfeat,10,1,-1,3746.00,3249.48,3249.48
175,1035.00,32.30725453,119.83776466,32.30725453,119.83776466,32.30725453,119.83776466,0.6267,0.00,0,420,split_xfeat,14,1,-1,4192.69,3294.10,3294.10
176,1039.00,32.30725453,119.83776466,32.30725453,119.83776466,32.30725453,119.83776466,0.6267,0.00,0,420,split_xfeat,14,1,-1,4277.91,3403.89,3403.89
177,1042.00,32.30725453,119.83776466,32.30725453,119.83776466,32.30725453,119.83776466,0.6267,0.00,0,420,split_xfeat,14,1,-1,4365.59,3505.24,3505.24
178,1046.00,32.32075847,119.84053822,32.30725453,119.83776466,32.30725453,119.83776466,0.5100,1525.73,1,781,split_xfeat,9,1,-1,4413.06,3158.62,3158.62
179,1050.00,32.30725453,119.83776466,32.30725453,119.83776466,32.30725453,119.83776466,0.6267,0.00,0,420,split_xfeat,14,1,-1,4543.77,2717.39,2717.39
180,1054.00,32.30725453,119.83776466,32.30725453,119.83776466,32.30725453,119.83776466,0.6267,0.00,0,420,split_xfeat,14,1,-1,4540.23,2752.23,2752.23
181,1058.00,32.29834652,119.81034173,32.30725453,119.83776466,32.30725453,119.83776466,0.6033,2763.73,1,182,split_xfeat,13,1,-1,7324.74,3417.62,3417.62
182,1061.00,32.29834652,119.81034173,32.30725453,119.83776466,32.30725453,119.83776466,0.6033,2763.73,1,182,split_xfeat,13,1,-1,7408.82,6494.08,6494.08
183,1065.00,32.29022662,119.81015129,32.30725453,119.83776466,32.30725453,119.83776466,0.5100,3215.69,1,2,split_xfeat,9,1,-1,7650.16,3629.99,3629.99
184,1069.00,32.29834652,119.81034173,32.30725453,119.83776466,32.30725453,119.83776466,0.6033,2763.73,1,182,split_xfeat,13,1,-1,7578.90,4905.22,4905.22
185,1073.00,32.29834652,119.81034173,32.30725453,119.83776466,32.30725453,119.83776466,0.6033,2763.73,1,182,split_xfeat,13,1,-1,7571.56,4982.84,4982.84
186,1077.00,32.34059642,119.86107513,32.30725453,119.83776466,32.30725453,119.83776466,0.5333,4310.99,1,1286,split_xfeat,10,1,-1,4799.45,3889.06,3889.06
187,1080.00,32.33996342,119.85943153,32.30725453,119.83776466,32.30725453,119.83776466,0.5567,4172.81,1,1285,split_xfeat,11,1,-1,5020.62,3995.52,3995.52
188,1084.00,32.33996342,119.85943153,32.30725453,119.83776466,32.30725453,119.83776466,0.5567,4172.81,1,1285,split_xfeat,11,1,-1,5122.61,4102.14,4102.14
189,1088.00,32.33996342,119.85943153,32.30725453,119.83776466,32.30725453,119.83776466,0.5567,4172.81,1,1285,split_xfeat,11,1,-1,5224.90,4208.89,4208.89
190,1092.00,32.34059642,119.86107513,32.30725453,119.83776466,32.34059642,119.86107513,0.5333,4310.99,1,1286,split_xfeat,10,1,-1,5145.95,4246.94,4246.94
191,1096.00,32.33485250,119.86070695,32.34059642,119.86107513,32.34059642,119.86107513,0.4867,640.35,1,1151,split_xfeat,8,1,-1,4791.92,4185.28,4185.28
192,1140.00,32.29022662,119.81015129,32.34059642,119.86107513,32.34059642,119.86107513,0.5100,7374.87,1,2,split_xfeat,9,1,-1,7978.29,3599.39,3599.39
193,1147.00,32.34218919,119.85717851,32.34059642,119.86107513,32.34218866,119.85717981,0.7200,407.19,0,1329,split_xfeat,18,1,-1,5658.71,4329.46,4329.46
194,1154.00,32.33996342,119.85943153,32.34233527,119.85682113,32.34233527,119.85682113,0.5567,360.58,1,1285,split_xfeat,11,1,-1,5269.45,4216.23,4216.23
195,1162.00,32.29000132,119.81255666,32.34250283,119.85641121,32.34250283,119.85641121,0.6733,7153.81,1,3,split_xfeat,16,1,-1,7532.94,4111.26,4111.26
196,1169.00,32.29000132,119.81255666,32.34264944,119.85605253,32.34264944,119.85605253,0.6733,7147.78,1,3,split_xfeat,16,1,-1,7543.42,4070.72,4070.72
197,1177.00,32.29000132,119.81255666,32.34281700,119.85564261,32.34281700,119.85564261,0.6733,7141.13,1,3,split_xfeat,16,1,-1,7462.14,3965.70,3965.70
198,1184.00,32.29000132,119.81255666,32.34296362,119.85528393,32.34296362,119.85528393,0.6733,7135.51,1,3,split_xfeat,16,1,-1,7383.94,3852.73,3852.73
199,1191.00,32.29000132,119.81255666,32.34311023,119.85492525,32.34311023,119.85492525,0.6733,7130.09,1,3,split_xfeat,16,1,-1,7304.24,3748.13,3748.13
200,1198.00,32.29834652,119.81034173,32.34325684,119.85456657,32.34325684,119.85456657,0.6033,6504.00,1,182,split_xfeat,13,1,-1,7280.44,4521.02,4521.02
201,1206.00,32.29834652,119.81034173,32.34342440,119.85415665,32.34342440,119.85415665,0.6033,6493.80,1,182,split_xfeat,13,1,-1,7287.40,4510.05,4510.05
202,1213.00,32.29834652,119.81034173,32.34357101,119.85379797,32.34357101,119.85379797,0.6033,6485.10,1,182,split_xfeat,13,1,-1,7201.58,4407.22,4407.22
203,1221.00,32.34059642,119.86107513,32.34373857,119.85338805,32.34059642,119.86107513,0.5333,803.28,1,1286,split_xfeat,10,1,-1,4358.78,3385.72,3385.72
204,1228.00,32.29000132,119.81255666,32.34059642,119.86107513,32.34059642,119.86107513,0.6733,7249.40,1,3,split_xfeat,16,1,-1,7011.40,3435.81,3435.81
205,1236.00,32.30725453,119.83776466,32.34059642,119.86107513,32.34059642,119.86107513,0.6267,4310.99,1,420,split_xfeat,14,1,-1,4254.00,3657.51,3657.51
206,1243.00,32.30725453,119.83776466,32.34059642,119.86107513,32.34059642,119.86107513,0.6267,4310.99,1,420,split_xfeat,14,1,-1,4256.60,3611.55,3611.55
207,1250.00,32.30725453,119.83776466,32.34059642,119.86107513,32.34059642,119.86107513,0.6267,4310.99,1,420,split_xfeat,14,1,-1,4166.08,3188.21,3188.21
208,1257.00,32.30725453,119.83776466,32.34059642,119.86107513,32.34059642,119.86107513,0.6267,4310.99,1,420,split_xfeat,14,1,-1,4077.41,3335.20,3335.20
209,1265.00,32.30725453,119.83776466,32.34059642,119.86107513,32.34059642,119.86107513,0.6267,4310.99,1,420,split_xfeat,14,1,-1,3988.96,3230.64,3230.64
210,1272.00,32.30725453,119.83776466,32.34059642,119.86107513,32.34059642,119.86107513,0.6267,4310.99,1,420,split_xfeat,14,1,-1,3901.57,3126.41,3126.41
211,1280.00,32.30725453,119.83776466,32.34059642,119.86107513,32.34059642,119.86107513,0.6267,4310.99,1,420,split_xfeat,14,1,-1,3908.53,3084.98,3084.98
212,1287.00,32.33485250,119.86070695,32.34059642,119.86107513,32.34059642,119.86107513,0.4867,640.35,1,1151,split_xfeat,8,1,-1,3056.86,3056.86,3056.86
213,1295.00,32.32075847,119.84053822,32.34059642,119.86107513,32.32075847,119.84053822,0.5100,2934.14,1,781,split_xfeat,9,1,-1,3616.18,2961.04,2961.04
214,1302.00,32.30725453,119.83776466,32.32075847,119.84053822,32.32075847,119.84053822,0.6267,1525.73,1,420,split_xfeat,14,1,-1,3658.59,2866.18,2866.18
215,1310.00,32.30725453,119.83776466,32.32075847,119.84053822,32.32075847,119.84053822,0.6267,1525.73,1,420,split_xfeat,14,1,-1,3577.53,2772.39,2772.39
216,1317.00,32.30725453,119.83776466,32.32075847,119.84053822,32.32075847,119.84053822,0.6267,1525.73,1,420,split_xfeat,14,1,-1,3589.61,2619.09,2619.09
217,1325.00,32.30725453,119.83776466,32.32075847,119.84053822,32.32075847,119.84053822,0.6267,1525.73,1,420,split_xfeat,14,1,-1,3514.00,2620.27,2620.27
218,1332.00,32.30725453,119.83776466,32.32075847,119.84053822,32.32075847,119.84053822,0.6267,1525.73,1,420,split_xfeat,14,1,-1,3437.56,2528.27,2528.27
219,1340.00,32.30725453,119.83776466,32.32075847,119.84053822,32.32075847,119.84053822,0.6267,1525.73,1,420,split_xfeat,14,1,-1,3362.95,2437.71,2437.71
220,1348.00,32.30725453,119.83776466,32.32075847,119.84053822,32.32075847,119.84053822,0.6267,1525.73,1,420,split_xfeat,14,1,-1,3290.27,2348.74,2348.74
221,1355.00,32.30725453,119.83776466,32.32075847,119.84053822,32.32075847,119.84053822,0.6267,1525.73,1,420,split_xfeat,14,1,-1,3308.28,2297.65,2297.65
222,1363.00,32.30725453,119.83776466,32.32075847,119.84053822,32.32075847,119.84053822,0.6267,1525.73,1,420,split_xfeat,14,1,-1,3243.00,2199.53,2199.53
223,1370.00,32.30725453,119.83776466,32.32075847,119.84053822,32.30725453,119.83776466,0.6267,1525.73,1,420,split_xfeat,14,1,-1,3176.27,2113.60,2113.60
224,1377.00,32.30725453,119.83776466,32.30725453,119.83776466,32.30725453,119.83776466,0.6267,0.00,0,420,split_xfeat,14,1,-1,3111.96,2029.92,2029.92
225,1385.00,32.30725453,119.83776466,32.30725453,119.83776466,32.30725453,119.83776466,0.6267,0.00,0,420,split_xfeat,14,1,-1,3050.21,1948.78,1948.78
226,1392.00,32.33485250,119.86070695,32.30725453,119.83776466,32.30725453,119.83776466,0.4867,3754.50,1,1151,split_xfeat,8,1,-1,1895.41,1895.41,1895.41
227,1400.00,32.33485250,119.86070695,32.30725453,119.83776466,32.30725453,119.83776466,0.4867,3754.50,1,1151,split_xfeat,8,1,-1,1805.77,1805.77,1805.77
228,1408.00,32.34059642,119.86107513,32.30725453,119.83776466,32.30725453,119.83776466,0.5333,4310.99,1,1286,split_xfeat,10,1,-1,2320.46,1673.89,1673.89
229,1416.00,32.34059642,119.86107513,32.30725453,119.83776466,32.30725453,119.83776466,0.5333,4310.99,1,1286,split_xfeat,10,1,-1,2252.56,1264.82,1264.82
230,1423.00,32.30725453,119.83776466,32.30725453,119.83776466,32.30725453,119.83776466,0.6267,0.00,0,420,split_xfeat,14,1,-1,2869.22,1590.49,1590.49
231,1431.00,32.30725453,119.83776466,32.30725453,119.83776466,32.30725453,119.83776466,0.6267,0.00,0,420,split_xfeat,14,1,-1,2907.42,1524.09,1524.09
232,1438.00,32.30725453,119.83776466,32.30725453,119.83776466,32.30725453,119.83776466,0.6267,0.00,0,420,split_xfeat,14,1,-1,2864.77,1484.72,1484.72
233,1446.00,32.30725453,119.83776466,32.30725453,119.83776466,32.30725453,119.83776466,0.6267,0.00,0,420,split_xfeat,14,1,-1,2825.71,1403.49,1403.49
234,1453.00,32.29000132,119.81255666,32.30725453,119.83776466,32.30725453,119.83776466,0.6733,3051.56,1,3,split_xfeat,16,1,-1,5785.47,1773.60,1773.60
235,1461.00,32.29000132,119.81255666,32.30725453,119.83776466,32.30725453,119.83776466,0.6733,3051.56,1,3,split_xfeat,16,1,-1,5748.57,722.38,722.38
236,1468.00,32.29000132,119.81255666,32.30725453,119.83776466,32.30725453,119.83776466,0.6733,3051.56,1,3,split_xfeat,16,1,-1,5791.88,658.67,658.67
237,1476.00,32.29000132,119.81255666,32.30725453,119.83776466,32.30725453,119.83776466,0.6733,3051.56,1,3,split_xfeat,16,1,-1,5757.74,644.34,644.34
238,1484.00,32.32113398,119.81864283,32.30725453,119.83776466,32.30725453,119.83776466,0.6033,2371.27,1,771,split_xfeat,13,1,-1,3637.33,816.06,816.06
239,1492.00,32.32113398,119.81864283,32.30725453,119.83776466,32.30725453,119.83776466,0.6033,2371.27,1,771,split_xfeat,13,1,-1,3552.19,2020.46,2020.46
240,1500.00,32.32113398,119.81864283,32.30725453,119.83776466,32.30725453,119.83776466,0.6033,2371.27,1,771,split_xfeat,13,1,-1,3468.40,1537.38,1537.38
241,1507.00,32.32113398,119.81864283,32.30725453,119.83776466,32.30725453,119.83776466,0.6033,2371.27,1,771,split_xfeat,13,1,-1,3480.52,1898.63,1898.63
242,1515.00,32.32113398,119.81864283,32.30725453,119.83776466,32.30725453,119.83776466,0.6033,2371.27,1,771,split_xfeat,13,1,-1,3399.58,574.73,574.73
243,1522.00,32.32113398,119.81864283,32.30725453,119.83776466,32.32113398,119.81864283,0.6033,2371.27,1,771,split_xfeat,13,1,-1,3320.26,683.89,683.89
244,1530.00,32.33996342,119.85943153,32.32113398,119.81864283,32.32113398,119.81864283,0.5567,4372.23,1,1285,split_xfeat,11,1,-1,1522.10,627.81,627.81
245,1538.00,32.33996342,119.85943153,32.32113398,119.81864283,32.32113398,119.81864283,0.5567,4372.23,1,1285,split_xfeat,11,1,-1,1517.11,966.37,966.37
246,1545.00,32.34059642,119.86107513,32.32113398,119.81864283,32.32113398,119.81864283,0.5333,4541.71,1,1286,split_xfeat,10,1,-1,1573.07,1419.85,1419.85
247,1553.00,32.34059642,119.86107513,32.32113398,119.81864283,32.32113398,119.81864283,0.5333,4541.71,1,1286,split_xfeat,10,1,-1,1590.06,1446.38,1446.38
248,1560.00,32.34292948,119.85946961,32.32113398,119.81864283,32.32113398,119.81864283,0.6033,4542.80,1,1330,split_xfeat,13,1,-1,1637.33,819.49,819.49
249,1568.00,32.30725453,119.83776466,32.32113398,119.81864283,32.32113398,119.81864283,0.6267,2371.27,1,420,split_xfeat,14,1,-1,2884.36,1146.93,1146.93
250,1576.00,32.30725453,119.83776466,32.32113398,119.81864283,32.32113398,119.81864283,0.6267,2371.27,1,420,split_xfeat,14,1,-1,2907.59,1759.33,1759.33
251,1583.00,32.33485250,119.86070695,32.32113398,119.81864283,32.32113398,119.81864283,0.4867,4241.47,1,1151,split_xfeat,8,1,-1,1382.87,1382.87,1382.87
252,1591.00,32.33109341,119.86241403,32.32113398,119.81864283,32.32113398,119.81864283,0.5567,4264.24,1,1017,split_xfeat,11,1,-1,1657.22,502.19,502.19
253,1599.00,32.33109341,119.86241403,32.32113398,119.81864283,32.33109341,119.86241403,0.5567,4264.24,1,1017,split_xfeat,11,1,-1,1760.18,452.04,452.04
254,1606.00,32.32660968,119.83931940,32.33109341,119.86241403,32.33109341,119.86241403,0.5333,2229.13,1,916,split_xfeat,10,1,-1,895.49,390.40,390.40
255,1614.00,32.32314518,119.83939557,32.33109341,119.86241403,32.33109341,119.86241403,0.5567,2339.16,1,826,split_xfeat,11,1,-1,1297.98,352.67,352.67
256,1621.00,32.30725453,119.83776466,32.33109341,119.86241403,32.33109341,119.86241403,0.6267,3524.08,1,420,split_xfeat,14,1,-1,3170.22,1559.25,1559.25
257,1628.00,32.30725453,119.83776466,32.33109341,119.86241403,32.33109341,119.86241403,0.6267,3524.08,1,420,split_xfeat,14,1,-1,3212.35,902.26,902.26
258,1636.00,32.33485250,119.86070695,32.33109341,119.86241403,32.33109341,119.86241403,0.4867,448.22,1,1151,split_xfeat,8,1,-1,1900.93,1520.10,1520.10
259,1643.00,32.33485250,119.86070695,32.33109341,119.86241403,32.33109341,119.86241403,0.4867,448.22,1,1151,split_xfeat,8,1,-1,1997.56,1305.68,1305.68
260,1651.00,32.34732157,119.85120661,32.33109341,119.86241403,32.33109341,119.86241403,0.4633,2091.66,1,1461,split_xfeat,7,1,-1,1645.33,1238.77,1238.77
261,1658.00,32.29022662,119.81015129,32.33109341,119.86241403,32.33109341,119.86241403,0.5100,6698.28,1,2,split_xfeat,9,1,-1,5883.89,1183.35,1183.35
262,1666.00,32.33681006,119.85506514,32.33109341,119.86241403,32.33109341,119.86241403,0.5100,939.62,1,1193,split_xfeat,9,1,-1,1584.54,1122.56,1122.56
263,1674.00,32.33996342,119.85943153,32.33109341,119.86241403,32.33996342,119.85943153,0.5567,1026.50,1,1285,split_xfeat,11,1,-1,2093.77,2093.77,2093.77
264,1682.00,32.33996342,119.85943153,32.33996342,119.85943153,32.33996342,119.85943153,0.5567,0.00,0,1285,split_xfeat,11,1,-1,2179.97,1862.07,1862.07
265,1689.00,32.33382835,119.85422720,32.33996342,119.85943153,32.33996342,119.85943153,0.5333,840.30,1,1103,split_xfeat,10,1,-1,1976.76,1789.32,1789.32
266,1697.00,32.33382835,119.85422720,32.33996342,119.85943153,32.33996342,119.85943153,0.5333,840.30,1,1103,split_xfeat,10,1,-1,1995.92,1469.08,1469.08
267,1704.00,32.33382835,119.85422720,32.33996342,119.85943153,32.33996342,119.85943153,0.5333,840.30,1,1103,split_xfeat,10,1,-1,2103.73,1567.84,1567.84
268,1711.00,32.33382835,119.85422720,32.33996342,119.85943153,32.33996342,119.85943153,0.5333,840.30,1,1103,split_xfeat,10,1,-1,2211.69,2027.40,2027.40
269,1718.00,32.31173244,119.89938228,32.33996342,119.85943153,32.33996342,119.85943153,0.5100,4899.02,1,584,split_xfeat,9,1,-1,7148.83,2065.53,2065.53
270,1726.00,32.31173244,119.89938228,32.33996342,119.85943153,32.33996342,119.85943153,0.5100,4899.02,1,584,split_xfeat,9,1,-1,7257.96,2249.33,2249.33
271,1734.00,32.31173244,119.89938228,32.33996342,119.85943153,32.33996342,119.85943153,0.5100,4899.02,1,584,split_xfeat,9,1,-1,7283.78,2313.43,2313.43
272,1742.00,32.33382835,119.85422720,32.33996342,119.85943153,32.33996342,119.85943153,0.5333,840.30,1,1103,split_xfeat,10,1,-1,2563.05,2382.26,2382.26
273,1749.00,32.33996342,119.85943153,32.33996342,119.85943153,32.33996342,119.85943153,0.5567,0.00,0,1285,split_xfeat,11,1,-1,2847.68,2279.69,2279.69
274,1757.00,32.33192444,119.85423990,32.33996342,119.85943153,32.33996342,119.85943153,0.5333,1019.49,1,1058,split_xfeat,10,1,-1,2875.52,2875.52,2875.52
275,1765.00,32.33192444,119.85423990,32.33996342,119.85943153,32.33996342,119.85943153,0.5333,1019.49,1,1058,split_xfeat,10,1,-1,2984.76,2984.76,2984.76
276,1772.00,32.31173244,119.89938228,32.33996342,119.85943153,32.33996342,119.85943153,0.5100,4899.02,1,584,split_xfeat,9,1,-1,7752.08,3115.71,3115.71
277,1780.00,32.33192444,119.85423990,32.33996342,119.85943153,32.33996342,119.85943153,0.5333,1019.49,1,1058,split_xfeat,10,1,-1,3121.20,3121.20,3121.20
278,1787.00,32.33192444,119.85423990,32.33996342,119.85943153,32.33996342,119.85943153,0.5333,1019.49,1,1058,split_xfeat,10,1,-1,3230.49,3230.49,3230.49
279,1795.00,32.33192444,119.85423990,32.33996342,119.85943153,32.33996342,119.85943153,0.5333,1019.49,1,1058,split_xfeat,10,1,-1,3339.78,3339.78,3339.78
280,1803.00,32.33192444,119.85423990,32.33996342,119.85943153,32.33996342,119.85943153,0.5333,1019.49,1,1058,split_xfeat,10,1,-1,3454.61,2794.73,2794.73
281,1810.00,32.33192444,119.85423990,32.33996342,119.85943153,32.33996342,119.85943153,0.5333,1019.49,1,1058,split_xfeat,10,1,-1,3482.72,2793.77,2793.77
282,1818.00,32.33192444,119.85423990,32.33996342,119.85943153,32.33996342,119.85943153,0.5333,1019.49,1,1058,split_xfeat,10,1,-1,3592.03,3592.03,3592.03
283,1825.00,32.33996342,119.85943153,32.33996342,119.85943153,32.33996342,119.85943153,0.5567,0.00,0,1285,split_xfeat,11,1,-1,3690.99,2983.23,2983.23
284,1832.00,32.33382835,119.85422720,32.33996342,119.85943153,32.33996342,119.85943153,0.5333,840.30,1,1103,split_xfeat,10,1,-1,3717.70,3079.96,3079.96
285,1840.00,32.33192444,119.85423990,32.33996342,119.85943153,32.33996342,119.85943153,0.5333,1019.49,1,1058,split_xfeat,10,1,-1,3925.64,3925.64,3925.64
286,1847.00,32.31173244,119.89938228,32.33996342,119.85943153,32.33996342,119.85943153,0.5100,4899.02,1,584,split_xfeat,9,1,-1,8690.78,3737.58,3737.58
287,1855.00,32.31173244,119.89938228,32.33996342,119.85943153,32.33996342,119.85943153,0.5100,4899.02,1,584,split_xfeat,9,1,-1,8800.06,3789.28,3789.28
288,1901.00,32.33192444,119.85423990,32.33996342,119.85943153,32.33996342,119.85943153,0.5333,1019.49,1,1058,split_xfeat,10,1,-1,4138.58,4138.58,4138.58
289,1905.00,32.33192444,119.85423990,32.33996342,119.85943153,32.33996342,119.85943153,0.5333,1019.49,1,1058,split_xfeat,10,1,-1,4029.39,4029.39,4029.39
290,1908.00,32.33192444,119.85423990,32.33996342,119.85943153,32.33996342,119.85943153,0.5333,1019.49,1,1058,split_xfeat,10,1,-1,3920.20,3920.20,3920.20
291,1912.00,32.33382835,119.85422720,32.33996342,119.85943153,32.33996342,119.85943153,0.5333,840.30,1,1103,split_xfeat,10,1,-1,3807.22,3626.20,3626.20
292,1916.00,32.33192444,119.85423990,32.33996342,119.85943153,32.33996342,119.85943153,0.5333,1019.49,1,1058,split_xfeat,10,1,-1,3780.30,3780.30,3780.30
293,1920.00,32.33192444,119.85423990,32.33996342,119.85943153,32.33192444,119.85423990,0.5333,1019.49,1,1058,split_xfeat,10,1,-1,3671.22,3671.22,3671.22
294,1924.00,32.33192444,119.85423990,32.33192444,119.85423990,32.33192444,119.85423990,0.5333,0.00,0,1058,split_xfeat,10,1,-1,3562.16,3562.16,3562.16
295,1927.00,32.33192444,119.85423990,32.33192444,119.85423990,32.33192444,119.85423990,0.5333,0.00,0,1058,split_xfeat,10,1,-1,3453.12,3453.12,3453.12
296,1931.00,32.33192444,119.85423990,32.33192444,119.85423990,32.33192444,119.85423990,0.5333,0.00,0,1058,split_xfeat,10,1,-1,3428.56,3428.56,3428.56
297,1935.00,32.33192444,119.85423990,32.33192444,119.85423990,32.33192444,119.85423990,0.5333,0.00,0,1058,split_xfeat,10,1,-1,3314.87,3314.87,3314.87
298,1939.00,32.33192444,119.85423990,32.33192444,119.85423990,32.33192444,119.85423990,0.5333,0.00,0,1058,split_xfeat,10,1,-1,3206.03,3206.03,3206.03
299,1943.00,32.33192444,119.85423990,32.33192444,119.85423990,32.33192444,119.85423990,0.5333,0.00,0,1058,split_xfeat,10,1,-1,3097.22,3097.22,3097.22
300,1947.00,32.33192444,119.85423990,32.33192444,119.85423990,32.33192444,119.85423990,0.5333,0.00,0,1058,split_xfeat,10,1,-1,2988.44,2988.44,2988.44
301,1951.00,32.33192444,119.85423990,32.33192444,119.85423990,32.33192444,119.85423990,0.5333,0.00,0,1058,split_xfeat,10,1,-1,2965.47,2965.47,2965.47
302,1954.00,32.33192444,119.85423990,32.33192444,119.85423990,32.33192444,119.85423990,0.5333,0.00,0,1058,split_xfeat,10,1,-1,2852.51,2852.51,2852.51
303,1958.00,32.33192444,119.85423990,32.33192444,119.85423990,32.33192444,119.85423990,0.5333,0.00,0,1058,split_xfeat,10,1,-1,2744.10,2432.85,2432.85
304,1962.00,32.33192444,119.85423990,32.33192444,119.85423990,32.33192444,119.85423990,0.5333,0.00,0,1058,split_xfeat,10,1,-1,2635.76,2635.76,2635.76
305,1966.00,32.31173244,119.89938228,32.33192444,119.85423990,32.33192444,119.85423990,0.5100,4804.78,1,584,split_xfeat,9,1,-1,7262.15,2610.57,2610.57
306,1970.00,32.33192444,119.85423990,32.33192444,119.85423990,32.33192444,119.85423990,0.5333,0.00,0,1058,split_xfeat,10,1,-1,2502.71,2502.71,2502.71
307,1974.00,32.33192444,119.85423990,32.33192444,119.85423990,32.33192444,119.85423990,0.5333,0.00,0,1058,split_xfeat,10,1,-1,2394.98,2331.98,2331.98
308,1977.00,32.33382835,119.85422720,32.33192444,119.85423990,32.33192444,119.85423990,0.5333,211.95,1,1103,split_xfeat,10,1,-1,2226.36,2034.17,2034.17
309,1981.00,32.33192444,119.85423990,32.33192444,119.85423990,32.33192444,119.85423990,0.5333,0.00,0,1058,split_xfeat,10,1,-1,2180.00,1928.19,1928.19
310,1985.00,32.33996342,119.85943153,32.33192444,119.85423990,32.33192444,119.85423990,0.5567,1019.49,1,1285,split_xfeat,11,1,-1,2382.39,2013.69,2013.69
311,1988.00,32.30725453,119.83776466,32.33192444,119.85423990,32.33192444,119.85423990,0.6267,3153.40,1,420,split_xfeat,14,1,-1,3429.61,2558.94,2558.94
312,1992.00,32.34292948,119.85946961,32.33192444,119.85423990,32.33192444,119.85423990,0.6033,1320.17,1,1330,split_xfeat,13,1,-1,2354.87,1898.36,1898.36
313,1996.00,32.34292948,119.85946961,32.33192444,119.85423990,32.33192444,119.85423990,0.6033,1320.17,1,1330,split_xfeat,13,1,-1,2281.02,777.31,777.31
314,2000.00,32.33382835,119.85422720,32.33192444,119.85423990,32.33192444,119.85423990,0.5333,211.95,1,1103,split_xfeat,10,1,-1,1694.34,1694.34,1694.34
315,2003.00,32.33975466,119.85503975,32.33192444,119.85423990,32.33192444,119.85423990,0.5800,874.90,1,1238,split_xfeat,12,1,-1,1635.35,1252.30,1252.30
316,2007.00,32.33192444,119.85423990,32.33192444,119.85423990,32.33192444,119.85423990,0.5333,0.00,0,1058,split_xfeat,10,1,-1,1614.93,1587.28,1587.28
317,2011.00,32.34292948,119.85946961,32.33192444,119.85423990,32.33192444,119.85423990,0.6033,1320.17,1,1330,split_xfeat,13,1,-1,2107.04,1468.36,1468.36
318,2015.00,32.32652385,119.86367095,32.33192444,119.85423990,32.33192444,119.85423990,0.5800,1071.70,1,927,split_xfeat,12,1,-1,2339.22,1394.53,1394.53
319,2019.00,32.29834652,119.81034173,32.33192444,119.85423990,32.33192444,119.85423990,0.6033,5570.00,1,182,split_xfeat,13,1,-1,4903.52,1358.02,1358.02
320,2022.00,32.29834652,119.81034173,32.33192444,119.85423990,32.33192444,119.85423990,0.6033,5570.00,1,182,split_xfeat,13,1,-1,4915.47,1908.56,1908.56
321,2026.00,32.31459613,119.83996690,32.33192444,119.85423990,32.33192444,119.85423990,0.4633,2350.27,1,646,split_xfeat,7,1,-1,1842.12,1811.38,1811.38
322,2030.00,32.29022662,119.81015129,32.33192444,119.85423990,32.33192444,119.85423990,0.5100,6224.76,1,2,split_xfeat,9,1,-1,5520.52,633.77,633.77
323,2034.00,32.33109341,119.86241403,32.33192444,119.85423990,32.33192444,119.85423990,0.5567,774.49,1,1017,split_xfeat,11,1,-1,1822.21,551.42,551.42
324,2037.00,32.32660968,119.83931940,32.33192444,119.85423990,32.33192444,119.85423990,0.5333,1523.18,1,916,split_xfeat,10,1,-1,665.28,540.61,540.61
325,2041.00,32.29000132,119.81255666,32.33192444,119.85423990,32.33192444,119.85423990,0.6733,6095.52,1,3,split_xfeat,16,1,-1,5421.45,543.47,543.47
326,2045.00,32.29000132,119.81255666,32.33192444,119.85423990,32.29000132,119.81255666,0.6733,6095.52,1,3,split_xfeat,16,1,-1,5376.39,1431.23,1431.23
327,2049.00,32.34059642,119.86107513,32.29000132,119.81255666,32.29000132,119.81255666,0.5333,7249.40,1,1286,split_xfeat,10,1,-1,1873.32,1340.79,1340.79
328,2053.00,32.33485250,119.86070695,32.29000132,119.81255666,32.29000132,119.81255666,0.4867,6741.30,1,1151,split_xfeat,8,1,-1,1460.65,1253.36,1253.36
329,2057.00,32.34292948,119.85946961,32.29000132,119.81255666,32.29000132,119.81255666,0.6033,7361.45,1,1330,split_xfeat,13,1,-1,1880.81,403.57,403.57
330,2061.00,32.33382835,119.85422720,32.29000132,119.81255666,32.29000132,119.81255666,0.5333,6258.53,1,1103,split_xfeat,10,1,-1,826.93,539.24,539.24
331,2064.00,32.33996342,119.85943153,32.29000132,119.81255666,32.29000132,119.81255666,0.5567,7097.72,1,1285,split_xfeat,11,1,-1,1766.92,571.23,571.23
332,2068.00,32.32314518,119.83939557,32.29000132,119.81255666,32.29000132,119.81255666,0.5567,4470.72,1,826,split_xfeat,11,1,-1,1113.60,784.94,784.94
333,2072.00,32.32314518,119.83939557,32.29000132,119.81255666,32.29000132,119.81255666,0.5567,4470.72,1,826,split_xfeat,11,1,-1,1184.71,680.57,680.57
334,2076.00,32.32314518,119.83939557,32.29000132,119.81255666,32.29000132,119.81255666,0.5567,4470.72,1,826,split_xfeat,11,1,-1,1261.29,578.02,578.02
335,2079.00,32.34218919,119.85717851,32.29000132,119.81255666,32.34216058,119.85715404,0.7200,7167.35,0,1329,split_xfeat,18,1,-1,1989.04,972.68,972.68
336,2083.00,32.29000132,119.81255666,32.34610842,119.86052954,32.34610842,119.86052954,0.6733,7705.60,1,3,split_xfeat,16,1,-1,5436.06,929.51,929.51
337,2087.00,32.29000132,119.81255666,32.35005627,119.86390504,32.35005627,119.86390504,0.6733,8247.79,1,3,split_xfeat,16,1,-1,5466.42,1129.38,1129.38
338,2091.00,32.29000132,119.81255666,32.35400412,119.86728053,32.35400412,119.86728053,0.6733,8789.98,1,3,split_xfeat,16,1,-1,5498.78,1238.34,1238.34
339,2094.00,32.29000132,119.81255666,32.35696500,119.86981216,32.35696500,119.86981216,0.6733,9196.62,1,3,split_xfeat,16,1,-1,5525.89,1352.37,1352.37
340,2098.00,32.32075847,119.84053822,32.36091285,119.87318766,32.36091285,119.87318766,0.5100,5423.47,1,781,split_xfeat,9,1,-1,1703.73,920.82,920.82
341,2102.00,32.34059642,119.86107513,32.36486070,119.87656315,32.36486070,119.87656315,0.5333,3068.99,1,1286,split_xfeat,10,1,-1,2147.05,1165.41,1165.41
342,2106.00,32.30725453,119.83776466,32.36880854,119.87993865,32.36880854,119.87993865,0.6267,7917.85,1,420,split_xfeat,14,1,-1,2567.31,1594.98,1594.98
343,2109.00,32.30725453,119.83776466,32.37176943,119.88247027,32.37176943,119.88247027,0.6267,8322.52,1,420,split_xfeat,14,1,-1,2607.26,1242.29,1242.29
344,2113.00,32.29022662,119.81015129,32.37571727,119.88584577,32.37571727,119.88584577,0.5100,11885.85,1,2,split_xfeat,9,1,-1,5813.39,1540.64,1540.64
345,2117.00,32.30725453,119.83776466,32.37966512,119.88922127,32.30725453,119.83776466,0.6267,9402.48,1,420,split_xfeat,14,1,-1,2692.71,2591.24,2591.24
346,2121.00,32.30725453,119.83776466,32.30725453,119.83776466,32.30725453,119.83776466,0.6267,0.00,0,420,split_xfeat,14,1,-1,2663.35,1816.80,1816.80
347,2125.00,32.30725453,119.83776466,32.30725453,119.83776466,32.30725453,119.83776466,0.6267,0.00,0,420,split_xfeat,14,1,-1,2716.48,1878.53,1878.53
348,2128.00,32.33207465,119.86312502,32.30725453,119.83776466,32.30725453,119.83776466,0.5800,3650.40,1,1062,split_xfeat,12,1,-1,1527.87,729.31,729.31
349,2132.00,32.32660968,119.83931940,32.30725453,119.83776466,32.30725453,119.83776466,0.5333,2159.57,1,916,split_xfeat,10,1,-1,2558.02,808.80,808.80
350,2136.00,32.32660968,119.83931940,32.30725453,119.83776466,32.30725453,119.83776466,0.5333,2159.57,1,916,split_xfeat,10,1,-1,2666.37,885.44,885.44
351,2139.00,32.32660968,119.83931940,32.30725453,119.83776466,32.30725453,119.83776466,0.5333,2159.57,1,916,split_xfeat,10,1,-1,2688.75,2507.76,2507.76
352,2143.00,32.32314518,119.83939557,32.30725453,119.83776466,32.30725453,119.83776466,0.5567,1775.59,1,826,split_xfeat,11,1,-1,2656.55,2656.55,2656.55
353,2147.00,32.30725453,119.83776466,32.30725453,119.83776466,32.30725453,119.83776466,0.6267,0.00,0,420,split_xfeat,14,1,-1,3005.15,2306.42,2306.42
354,2151.00,32.30725453,119.83776466,32.30725453,119.83776466,32.30725453,119.83776466,0.6267,0.00,0,420,split_xfeat,14,1,-1,3076.94,2387.16,2387.16
355,2155.00,32.30725453,119.83776466,32.30725453,119.83776466,32.30725453,119.83776466,0.6267,0.00,0,420,split_xfeat,14,1,-1,3147.82,2480.59,2480.59
356,2158.00,32.30725453,119.83776466,32.30725453,119.83776466,32.30725453,119.83776466,0.6267,0.00,0,420,split_xfeat,14,1,-1,3133.05,2533.13,2533.13
357,2162.00,32.30725453,119.83776466,32.30725453,119.83776466,32.30725453,119.83776466,0.6267,0.00,0,420,split_xfeat,14,1,-1,3210.58,2617.42,2617.42
358,2166.00,32.30725453,119.83776466,32.30725453,119.83776466,32.30725453,119.83776466,0.6267,0.00,0,420,split_xfeat,14,1,-1,3289.92,2703.51,2703.51
359,2170.00,32.30725453,119.83776466,32.30725453,119.83776466,32.30725453,119.83776466,0.6267,0.00,0,420,split_xfeat,14,1,-1,3368.85,2645.40,2645.40
360,2174.00,32.30725453,119.83776466,32.30725453,119.83776466,32.30725453,119.83776466,0.6267,0.00,0,420,split_xfeat,14,1,-1,3451.65,2890.53,2890.53
361,2177.00,32.30725453,119.83776466,32.30725453,119.83776466,32.30725453,119.83776466,0.6267,0.00,0,420,split_xfeat,14,1,-1,3442.87,2941.22,2941.22
362,2181.00,32.30725453,119.83776466,32.30725453,119.83776466,32.30725453,119.83776466,0.6267,0.00,0,420,split_xfeat,14,1,-1,3528.20,2899.03,2899.03
363,2185.00,32.30725453,119.83776466,32.30725453,119.83776466,32.30725453,119.83776466,0.6267,0.00,0,420,split_xfeat,14,1,-1,3613.59,2963.71,2963.71
364,2189.00,32.30725453,119.83776466,32.30725453,119.83776466,32.30725453,119.83776466,0.6267,0.00,0,420,split_xfeat,14,1,-1,3701.62,3173.22,3173.22
365,2193.00,32.30725453,119.83776466,32.30725453,119.83776466,32.30725453,119.83776466,0.6267,0.00,0,420,split_xfeat,14,1,-1,3790.75,3781.10,3781.10
366,2197.00,32.30725453,119.83776466,32.30725453,119.83776466,32.30725453,119.83776466,0.6267,0.00,0,420,split_xfeat,14,1,-1,3787.00,3366.83,3366.83
367,2200.00,32.30725453,119.83776466,32.30725453,119.83776466,32.30725453,119.83776466,0.6267,0.00,0,420,split_xfeat,14,1,-1,3878.05,3460.60,3460.60
368,2204.00,32.30725453,119.83776466,32.30725453,119.83776466,32.30725453,119.83776466,0.6267,0.00,0,420,split_xfeat,14,1,-1,3969.71,3564.92,3564.92
369,2208.00,32.29834652,119.81034173,32.30725453,119.83776466,32.30725453,119.83776466,0.6033,2763.73,1,182,split_xfeat,13,1,-1,6744.47,4162.21,4162.21
370,2212.00,32.29000132,119.81255666,32.30725453,119.83776466,32.30725453,119.83776466,0.6733,3051.56,1,3,split_xfeat,16,1,-1,6797.29,3259.28,3259.28
371,2215.00,32.33996342,119.85943153,32.30725453,119.83776466,32.30725453,119.83776466,0.5567,4172.81,1,1285,split_xfeat,11,1,-1,4423.64,3303.97,3303.97
372,2219.00,32.34059642,119.86107513,32.30725453,119.83776466,32.30725453,119.83776466,0.5333,4310.99,1,1286,split_xfeat,10,1,-1,4422.21,3404.79,3404.79
373,2223.00,32.30725453,119.83776466,32.30725453,119.83776466,32.30725453,119.83776466,0.6267,0.00,0,420,split_xfeat,14,1,-1,4348.55,4007.07,4007.07
374,2227.00,32.29000132,119.81255666,32.30725453,119.83776466,32.30725453,119.83776466,0.6733,3051.56,1,3,split_xfeat,16,1,-1,7014.24,3616.66,3616.66
375,2231.00,32.29000132,119.81255666,32.30725453,119.83776466,32.30725453,119.83776466,0.6733,3051.56,1,3,split_xfeat,16,1,-1,7093.98,3718.82,3718.82
376,2234.00,32.33485250,119.86070695,32.30725453,119.83776466,32.30725453,119.83776466,0.4867,3754.50,1,1151,split_xfeat,8,1,-1,4249.39,3762.33,3762.33
377,2238.00,32.30725453,119.83776466,32.30725453,119.83776466,32.30725453,119.83776466,0.6267,0.00,0,420,split_xfeat,14,1,-1,4644.74,4022.13,4022.13
378,2242.00,32.30725453,119.83776466,32.30725453,119.83776466,32.30725453,119.83776466,0.6267,0.00,0,420,split_xfeat,14,1,-1,4744.66,4301.06,4301.06
379,2246.00,32.30725453,119.83776466,32.30725453,119.83776466,32.30725453,119.83776466,0.6267,0.00,0,420,split_xfeat,14,1,-1,4844.05,4369.29,4369.29
380,2250.00,32.33382835,119.85422720,32.30725453,119.83776466,32.30725453,119.83776466,0.5333,3339.05,1,1103,split_xfeat,10,1,-1,4879.18,4181.75,4181.75
381,2254.00,32.33975466,119.85503975,32.30725453,119.83776466,32.30725453,119.83776466,0.5800,3966.13,1,1238,split_xfeat,12,1,-1,5379.42,638.50,638.50
382,2258.00,32.33975466,119.85503975,32.30725453,119.83776466,32.30725453,119.83776466,0.5800,3966.13,1,1238,split_xfeat,12,1,-1,5490.04,1520.86,1520.86
383,2262.00,32.29000132,119.81255666,32.30725453,119.83776466,32.30725453,119.83776466,0.6733,3051.56,1,3,split_xfeat,16,1,-1,7568.46,5663.27,5663.27
384,2308.00,32.30725453,119.83776466,32.30725453,119.83776466,32.30725453,119.83776466,0.6267,0.00,0,420,split_xfeat,14,1,-1,5095.16,5019.68,5019.68
385,2315.00,32.30725453,119.83776466,32.30725453,119.83776466,32.30725453,119.83776466,0.6267,0.00,0,420,split_xfeat,14,1,-1,4990.38,4911.91,4911.91
386,2322.00,32.30725453,119.83776466,32.30725453,119.83776466,32.30725453,119.83776466,0.6267,0.00,0,420,split_xfeat,14,1,-1,4887.98,4813.83,4813.83
387,2330.00,32.30725453,119.83776466,32.30725453,119.83776466,32.30725453,119.83776466,0.6267,0.00,0,420,split_xfeat,14,1,-1,4785.88,4785.88,4785.88
388,2337.00,32.32113398,119.81864283,32.30725453,119.83776466,32.30725453,119.83776466,0.6033,2371.27,1,771,split_xfeat,13,1,-1,6836.27,6836.27,6836.27
389,2344.00,32.32113398,119.81864283,32.30725453,119.83776466,32.30725453,119.83776466,0.6033,2371.27,1,771,split_xfeat,13,1,-1,6817.49,6753.40,6753.40
390,2352.00,32.29000132,119.81255666,32.30725453,119.83776466,32.30725453,119.83776466,0.6733,3051.56,1,3,split_xfeat,16,1,-1,7032.63,4475.10,4475.10
391,2360.00,32.30725453,119.83776466,32.30725453,119.83776466,32.30725453,119.83776466,0.6267,0.00,0,420,split_xfeat,14,1,-1,4472.91,4369.31,4369.31
392,2368.00,32.30725453,119.83776466,32.30725453,119.83776466,32.30725453,119.83776466,0.6267,0.00,0,420,split_xfeat,14,1,-1,4372.90,4273.63,4273.63
393,2377.00,32.30725453,119.83776466,32.30725453,119.83776466,32.30725453,119.83776466,0.6267,0.00,0,420,split_xfeat,14,1,-1,4273.35,4178.62,4178.62
394,2384.00,32.30725453,119.83776466,32.30725453,119.83776466,32.30725453,119.83776466,0.6267,0.00,0,420,split_xfeat,14,1,-1,4267.97,4130.21,4130.21
395,2392.00,32.30725453,119.83776466,32.30725453,119.83776466,32.30725453,119.83776466,0.6267,0.00,0,420,split_xfeat,14,1,-1,4168.66,3908.66,3908.66
396,2400.00,32.30725453,119.83776466,32.30725453,119.83776466,32.30725453,119.83776466,0.6267,0.00,0,420,split_xfeat,14,1,-1,4070.89,3279.79,3279.79
397,2407.00,32.30725453,119.83776466,32.30725453,119.83776466,32.30725453,119.83776466,0.6267,0.00,0,420,split_xfeat,14,1,-1,3973.74,2837.87,2837.87
398,2414.00,32.30725453,119.83776466,32.30725453,119.83776466,32.30725453,119.83776466,0.6267,0.00,0,420,split_xfeat,14,1,-1,3877.22,3746.39,3746.39
399,2421.00,32.30333942,119.84505696,32.30725453,119.83776466,32.30725453,119.83776466,0.4633,812.73,1,333,split_xfeat,7,1,-1,3288.36,2706.06,2706.06
400,2429.00,32.31563683,119.85250742,32.30725453,119.83776466,32.30725453,119.83776466,0.4633,1671.55,1,652,split_xfeat,7,1,-1,2593.10,2593.10,2593.10
401,2437.00,32.31563683,119.85250742,32.30725453,119.83776466,32.30725453,119.83776466,0.4633,1671.55,1,652,split_xfeat,7,1,-1,2484.71,2484.71,2484.71
402,2445.00,32.30725453,119.83776466,32.30725453,119.83776466,32.30725453,119.83776466,0.6267,0.00,0,420,split_xfeat,14,1,-1,3592.99,2376.39,2376.39
403,2453.00,32.30725453,119.83776466,32.30725453,119.83776466,32.30725453,119.83776466,0.6267,0.00,0,420,split_xfeat,14,1,-1,3500.70,2797.09,2797.09
404,2461.00,32.30725453,119.83776466,32.30725453,119.83776466,32.30725453,119.83776466,0.6267,0.00,0,420,split_xfeat,14,1,-1,3503.97,3264.38,3264.38
405,2469.00,32.30725453,119.83776466,32.30725453,119.83776466,32.30725453,119.83776466,0.6267,0.00,0,420,split_xfeat,14,1,-1,3413.86,2742.38,2742.38
406,2478.00,32.30725453,119.83776466,32.30725453,119.83776466,32.30725453,119.83776466,0.6267,0.00,0,420,split_xfeat,14,1,-1,3324.90,2671.80,2671.80
407,2486.00,32.30725453,119.83776466,32.30725453,119.83776466,32.30725453,119.83776466,0.6267,0.00,0,420,split_xfeat,14,1,-1,3237.18,2603.88,2603.88
408,2494.00,32.30725453,119.83776466,32.30725453,119.83776466,32.30725453,119.83776466,0.6267,0.00,0,420,split_xfeat,14,1,-1,3150.82,2538.86,2538.86
409,2501.00,32.30725453,119.83776466,32.30725453,119.83776466,32.30725453,119.83776466,0.6267,0.00,0,420,split_xfeat,14,1,-1,3158.85,2869.02,2869.02
410,2509.00,32.30725453,119.83776466,32.30725453,119.83776466,32.30725453,119.83776466,0.6267,0.00,0,420,split_xfeat,14,1,-1,3077.15,2776.37,2776.37
411,2517.00,32.30725453,119.83776466,32.30725453,119.83776466,32.30725453,119.83776466,0.6267,0.00,0,420,split_xfeat,14,1,-1,2995.40,2649.25,2649.25
412,2525.00,32.32314518,119.83939557,32.30725453,119.83776466,32.30725453,119.83776466,0.5567,1775.59,1,826,split_xfeat,11,1,-1,2874.68,2618.12,2618.12
413,2533.00,32.30725453,119.83776466,32.30725453,119.83776466,32.30725453,119.83776466,0.6267,0.00,0,420,split_xfeat,14,1,-1,2837.45,2542.36,2542.36
414,2540.00,32.30725453,119.83776466,32.30725453,119.83776466,32.30725453,119.83776466,0.6267,0.00,0,420,split_xfeat,14,1,-1,2855.06,2477.16,2477.16
415,2548.00,32.29723072,119.81549527,32.30725453,119.83776466,32.30725453,119.83776466,0.4633,2373.55,1,184,split_xfeat,7,1,-1,5188.30,4657.93,4657.93
416,2556.00,32.29834652,119.81034173,32.30725453,119.83776466,32.30725453,119.83776466,0.6033,2763.73,1,182,split_xfeat,13,1,-1,5494.39,2460.45,2460.45
417,2563.00,32.29834652,119.81034173,32.30725453,119.83776466,32.30725453,119.83776466,0.6033,2763.73,1,182,split_xfeat,13,1,-1,5425.94,2354.53,2354.53
418,2572.00,32.30725453,119.83776466,32.30725453,119.83776466,32.30725453,119.83776466,0.6267,0.00,0,420,split_xfeat,14,1,-1,2573.98,2200.24,2200.24
419,2580.00,32.30725453,119.83776466,32.30725453,119.83776466,32.30725453,119.83776466,0.6267,0.00,0,420,split_xfeat,14,1,-1,2600.81,1818.31,1818.31
420,2588.00,32.30725453,119.83776466,32.30725453,119.83776466,32.30725453,119.83776466,0.6267,0.00,0,420,split_xfeat,14,1,-1,2539.67,1737.49,1737.49
421,2595.00,32.30725453,119.83776466,32.30725453,119.83776466,32.30725453,119.83776466,0.6267,0.00,0,420,split_xfeat,14,1,-1,2481.83,2015.71,2015.71
422,2603.00,32.30725453,119.83776466,32.30725453,119.83776466,32.30725453,119.83776466,0.6267,0.00,0,420,split_xfeat,14,1,-1,2427.53,1963.22,1963.22
423,2610.00,32.30725453,119.83776466,32.30725453,119.83776466,32.30725453,119.83776466,0.6267,0.00,0,420,split_xfeat,14,1,-1,2377.03,1904.31,1904.31
424,2618.00,32.30725453,119.83776466,32.30725453,119.83776466,32.30725453,119.83776466,0.6267,0.00,0,420,split_xfeat,14,1,-1,2414.09,1849.15,1849.15
425,2626.00,32.30725453,119.83776466,32.30725453,119.83776466,32.30725453,119.83776466,0.6267,0.00,0,420,split_xfeat,14,1,-1,2369.92,1807.13,1807.13
426,2633.00,32.30725453,119.83776466,32.30725453,119.83776466,32.30725453,119.83776466,0.6267,0.00,0,420,split_xfeat,14,1,-1,2330.04,1770.87,1770.87
427,2641.00,32.30725453,119.83776466,32.30725453,119.83776466,32.30725453,119.83776466,0.6267,0.00,0,420,split_xfeat,14,1,-1,2294.68,1740.73,1740.73
428,2648.00,32.30725453,119.83776466,32.30725453,119.83776466,32.30725453,119.83776466,0.6267,0.00,0,420,split_xfeat,14,1,-1,2271.86,1648.94,1648.94
429,2656.00,32.34794384,119.86966824,32.30725453,119.83776466,32.30725453,119.83776466,0.6267,5433.59,1,1470,split_xfeat,14,1,-1,3256.54,1389.91,1389.91
430,2663.00,32.30114583,119.81268362,32.30725453,119.83776466,32.30725453,119.83776466,0.5100,2455.44,1,273,split_xfeat,9,1,-1,4550.92,1153.45,1153.45
431,2670.00,32.32845413,119.84830027,32.30725453,119.83776466,32.30725453,119.83776466,0.5333,2559.61,1,1009,split_xfeat,10,1,-1,1046.46,1044.87,1044.87
432,2677.00,32.34292948,119.85946961,32.30725453,119.83776466,32.30725453,119.83776466,0.6033,4465.47,1,1330,split_xfeat,13,1,-1,2280.41,1269.57,1269.57
433,2685.00,32.34059642,119.86107513,32.30725453,119.83776466,32.30725453,119.83776466,0.5333,4310.99,1,1286,split_xfeat,10,1,-1,2141.41,1196.37,1196.37
434,2693.00,32.32652385,119.86367095,32.30725453,119.83776466,32.30725453,119.83776466,0.5800,3246.59,1,927,split_xfeat,12,1,-1,1188.21,761.98,761.98
435,2701.00,32.33975466,119.85503975,32.30725453,119.83776466,32.30725453,119.83776466,0.5800,3966.13,1,1238,split_xfeat,12,1,-1,1665.98,853.79,853.79
436,2708.00,32.32005619,119.81888406,32.30725453,119.83776466,32.30725453,119.83776466,0.4867,2277.15,1,726,split_xfeat,8,1,-1,2925.86,1206.95,1206.95
437,2716.00,32.30725453,119.83776466,32.30725453,119.83776466,32.30725453,119.83776466,0.6267,0.00,0,420,split_xfeat,14,1,-1,2315.81,912.73,912.73
438,2724.00,32.34059642,119.86107513,32.30725453,119.83776466,32.30725453,119.83776466,0.5333,4310.99,1,1286,split_xfeat,10,1,-1,2103.60,1474.91,1474.91
439,2731.00,32.33996342,119.85943153,32.30725453,119.83776466,32.30725453,119.83776466,0.5567,4172.81,1,1285,split_xfeat,11,1,-1,1937.25,1779.11,1779.11
440,2738.00,32.33996342,119.85943153,32.30725453,119.83776466,32.30725453,119.83776466,0.5567,4172.81,1,1285,split_xfeat,11,1,-1,1950.36,1799.58,1799.58
441,2746.00,32.29000132,119.81255666,32.30725453,119.83776466,32.30725453,119.83776466,0.6733,3051.56,1,3,split_xfeat,16,1,-1,5159.26,1545.81,1545.81
442,2753.00,32.29000132,119.81255666,32.30725453,119.83776466,32.30725453,119.83776466,0.6733,3051.56,1,3,split_xfeat,16,1,-1,5149.01,1818.22,1818.22
443,2761.00,32.29000132,119.81255666,32.30725453,119.83776466,32.30725453,119.83776466,0.6733,3051.56,1,3,split_xfeat,16,1,-1,5150.28,1763.31,1763.31
444,2768.00,32.33109341,119.86241403,32.30725453,119.83776466,32.30725453,119.83776466,0.5567,3524.08,1,1017,split_xfeat,11,1,-1,1913.95,332.01,332.01
445,2775.00,32.29000132,119.81255666,32.30725453,119.83776466,32.30725453,119.83776466,0.6733,3051.56,1,3,split_xfeat,16,1,-1,5191.60,375.93,375.93
446,2783.00,32.32660968,119.83931940,32.30725453,119.83776466,32.30725453,119.83776466,0.5333,2159.57,1,916,split_xfeat,10,1,-1,442.88,442.88,442.88
447,2791.00,32.32660968,119.83931940,32.30725453,119.83776466,32.32660968,119.83931940,0.5333,2159.57,1,916,split_xfeat,10,1,-1,487.23,487.23,487.23
448,2798.00,32.33996342,119.85943153,32.32660968,119.83931940,32.32660968,119.83931940,0.5567,2406.10,1,1285,split_xfeat,11,1,-1,2158.89,1489.28,1489.28
449,2806.00,32.33192444,119.85423990,32.32660968,119.83931940,32.32660968,119.83931940,0.5333,1523.18,1,1058,split_xfeat,10,1,-1,1488.60,1108.57,1108.57
450,2813.00,32.34292948,119.85946961,32.32660968,119.83931940,32.32660968,119.83931940,0.6033,2625.56,1,1330,split_xfeat,13,1,-1,2284.38,1583.99,1583.99
451,2820.00,32.33382835,119.85422720,32.32660968,119.83931940,32.32660968,119.83931940,0.5333,1616.30,1,1103,split_xfeat,10,1,-1,1678.57,1678.57,1678.57
452,2828.00,32.33382835,119.85422720,32.32660968,119.83931940,32.32660968,119.83931940,0.5333,1616.30,1,1103,split_xfeat,10,1,-1,1770.82,1501.29,1501.29
453,2835.00,32.33382835,119.85422720,32.32660968,119.83931940,32.32660968,119.83931940,0.5333,1616.30,1,1103,split_xfeat,10,1,-1,1865.36,1665.42,1665.42
454,2843.00,32.34292948,119.85946961,32.32660968,119.83931940,32.32660968,119.83931940,0.6033,2625.56,1,1330,split_xfeat,13,1,-1,2437.46,1867.48,1867.48
455,2850.00,32.33996342,119.85943153,32.32660968,119.83931940,32.32660968,119.83931940,0.5567,2406.10,1,1285,split_xfeat,11,1,-1,2445.58,1965.02,1965.02
456,2857.00,32.33382835,119.85422720,32.32660968,119.83931940,32.32660968,119.83931940,0.5333,1616.30,1,1103,split_xfeat,10,1,-1,2063.75,1762.09,1762.09
457,2865.00,32.33382835,119.85422720,32.32660968,119.83931940,32.33382835,119.85422720,0.5333,1616.30,1,1103,split_xfeat,10,1,-1,2164.88,1776.64,1776.64
458,2872.00,32.33382835,119.85422720,32.33382835,119.85422720,32.33382835,119.85422720,0.5333,0.00,0,1103,split_xfeat,10,1,-1,2265.72,1860.41,1860.41
459,2880.00,32.33192444,119.85423990,32.33382835,119.85422720,32.33382835,119.85422720,0.5333,211.95,1,1058,split_xfeat,10,1,-1,2317.12,2077.78,2077.78
460,2887.00,32.33996342,119.85943153,32.33382835,119.85422720,32.33382835,119.85422720,0.5567,840.30,1,1285,split_xfeat,11,1,-1,2758.25,2377.07,2377.07
461,2894.00,32.30725453,119.83776466,32.33382835,119.85422720,32.33382835,119.85422720,0.6267,3339.05,1,420,split_xfeat,14,1,-1,3596.74,3030.92,3030.92
462,2902.00,32.30725453,119.83776466,32.33382835,119.85422720,32.33382835,119.85422720,0.6267,3339.05,1,420,split_xfeat,14,1,-1,3684.21,1019.99,1019.99
463,2910.00,32.33996342,119.85943153,32.33382835,119.85422720,32.33382835,119.85422720,0.5567,840.30,1,1285,split_xfeat,11,1,-1,3022.65,2690.37,2690.37
464,2918.00,32.33192444,119.85423990,32.33382835,119.85422720,32.33382835,119.85422720,0.5333,211.95,1,1058,split_xfeat,10,1,-1,2760.74,2760.74,2760.74
465,2925.00,32.33192444,119.85423990,32.33382835,119.85422720,32.33382835,119.85422720,0.5333,211.95,1,1058,split_xfeat,10,1,-1,2867.72,2867.72,2867.72
466,2933.00,32.31173244,119.89938228,32.33382835,119.85422720,32.33382835,119.85422720,0.5100,4908.54,1,584,split_xfeat,9,1,-1,7701.97,2688.43,2688.43
467,2941.00,32.33192444,119.85423990,32.33382835,119.85422720,32.33382835,119.85422720,0.5333,211.95,1,1058,split_xfeat,10,1,-1,3085.95,3085.95,3085.95
468,2949.00,32.31173244,119.89938228,32.33382835,119.85422720,32.31173244,119.89938228,0.5100,4908.54,1,584,split_xfeat,9,1,-1,7919.39,2906.53,2906.53
469,2956.00,32.33382835,119.85422720,32.31173244,119.89938228,32.31173244,119.89938228,0.5333,4908.54,1,1103,split_xfeat,10,1,-1,3146.12,3146.12,3146.12
470,2963.00,32.33192444,119.85423990,32.31173244,119.89938228,32.31173244,119.89938228,0.5333,4804.78,1,1058,split_xfeat,10,1,-1,3321.17,3321.17,3321.17
471,2970.00,32.33192444,119.85423990,32.31173244,119.89938228,32.31173244,119.89938228,0.5333,4804.78,1,1058,split_xfeat,10,1,-1,3433.33,3433.33,3433.33
472,2977.00,32.31173244,119.89938228,32.31173244,119.89938228,32.31173244,119.89938228,0.5100,0.00,0,584,split_xfeat,9,1,-1,8274.04,3622.17,3622.17
473,2985.00,32.33192444,119.85423990,32.31173244,119.89938228,32.31173244,119.89938228,0.5333,4804.78,1,1058,split_xfeat,10,1,-1,3649.66,3649.66,3649.66
474,2992.00,32.33192444,119.85423990,32.31173244,119.89938228,32.31173244,119.89938228,0.5333,4804.78,1,1058,split_xfeat,10,1,-1,3671.39,3671.39,3671.39
475,2999.00,32.33192444,119.85423990,32.31173244,119.89938228,32.31173244,119.89938228,0.5333,4804.78,1,1058,split_xfeat,10,1,-1,3779.85,3510.13,3510.13
476,3006.00,32.33996342,119.85943153,32.31173244,119.89938228,32.31173244,119.89938228,0.5567,4899.02,1,1285,split_xfeat,11,1,-1,3998.69,3366.12,3366.12
477,3014.00,32.29022662,119.81015129,32.31173244,119.89938228,32.31173244,119.89938228,0.5100,8728.75,1,2,split_xfeat,9,1,-1,6258.94,1859.54,1859.54
478,3021.00,32.33975466,119.85503975,32.31173244,119.89938228,32.31173244,119.89938228,0.5800,5208.73,1,1238,split_xfeat,12,1,-1,3850.67,1949.34,1949.34
479,3029.00,32.33192444,119.85423990,32.31173244,119.89938228,32.31173244,119.89938228,0.5333,4804.78,1,1058,split_xfeat,10,1,-1,4133.26,4052.82,4052.82
480,3076.00,32.31173244,119.89938228,32.31173244,119.89938228,32.31173244,119.89938228,0.5100,0.00,0,584,split_xfeat,9,1,-1,8964.79,3616.91,3616.91
481,3080.00,32.31173244,119.89938228,32.31173244,119.89938228,32.31173244,119.89938228,0.5100,0.00,0,584,split_xfeat,9,1,-1,8856.04,3842.98,3842.98
482,3083.00,32.33192444,119.85423990,32.31173244,119.89938228,32.31173244,119.89938228,0.5333,4804.78,1,1058,split_xfeat,10,1,-1,4019.55,3951.47,3951.47
483,3087.00,32.33109341,119.86241403,32.31173244,119.89938228,32.31173244,119.89938228,0.5567,4091.34,1,1017,split_xfeat,11,1,-1,4816.30,3569.89,3569.89
484,3091.00,32.29000132,119.81255666,32.31173244,119.89938228,32.31173244,119.89938228,0.6733,8518.47,1,3,split_xfeat,16,1,-1,5944.54,3483.46,3483.46
485,3095.00,32.33996342,119.85943153,32.31173244,119.89938228,32.31173244,119.89938228,0.5567,4899.02,1,1285,split_xfeat,11,1,-1,3967.92,3398.35,3398.35
486,3099.00,32.33382835,119.85422720,32.31173244,119.89938228,32.31173244,119.89938228,0.5333,4908.54,1,1103,split_xfeat,10,1,-1,3611.96,3378.38,3378.38
487,3103.00,32.33382835,119.85422720,32.31173244,119.89938228,32.31173244,119.89938228,0.5333,4908.54,1,1103,split_xfeat,10,1,-1,3506.08,3269.64,3269.64
488,3107.00,32.33996342,119.85943153,32.31173244,119.89938228,32.31173244,119.89938228,0.5567,4899.02,1,1285,split_xfeat,11,1,-1,3771.64,3491.13,3491.13
489,3111.00,32.29000132,119.81255666,32.31173244,119.89938228,32.31173244,119.89938228,0.6733,8518.47,1,3,split_xfeat,16,1,-1,5702.22,3579.78,3579.78
490,3115.00,32.32113398,119.81864283,32.31173244,119.89938228,32.31173244,119.89938228,0.6033,7666.99,1,771,split_xfeat,13,1,-1,2200.11,2200.11,2200.11
491,3119.00,32.33192444,119.85423990,32.31173244,119.89938228,32.33192444,119.85423990,0.5333,4804.78,1,1058,split_xfeat,10,1,-1,3229.07,3229.07,3229.07
492,3122.00,32.33192444,119.85423990,32.33192444,119.85423990,32.33192444,119.85423990,0.5333,0.00,0,1058,split_xfeat,10,1,-1,3119.78,3119.78,3119.78
493,3126.00,32.33192444,119.85423990,32.33192444,119.85423990,32.33192444,119.85423990,0.5333,0.00,0,1058,split_xfeat,10,1,-1,3104.58,3104.58,3104.58
494,3130.00,32.30725453,119.83776466,32.33192444,119.85423990,32.33192444,119.85423990,0.6267,3153.40,1,420,split_xfeat,14,1,-1,3785.58,2952.36,2952.36
495,3134.00,32.30725453,119.83776466,32.33192444,119.85423990,32.33192444,119.85423990,0.6267,3153.40,1,420,split_xfeat,14,1,-1,3701.65,2849.74,2849.74
496,3138.00,32.33192444,119.85423990,32.33192444,119.85423990,32.33192444,119.85423990,0.5333,0.00,0,1058,split_xfeat,10,1,-1,2786.96,2550.46,2550.46
497,3142.00,32.33996342,119.85943153,32.33192444,119.85423990,32.33192444,119.85423990,0.5567,1019.49,1,1285,split_xfeat,11,1,-1,3045.35,2646.09,2646.09
498,3146.00,32.31173244,119.89938228,32.33192444,119.85423990,32.33192444,119.85423990,0.5100,4804.78,1,584,split_xfeat,9,1,-1,7340.64,2438.73,2438.73
499,3150.00,32.31173244,119.89938228,32.33192444,119.85423990,32.33192444,119.85423990,0.5100,4804.78,1,584,split_xfeat,9,1,-1,7232.65,2324.29,2324.29
500,3154.00,32.31173244,119.89938228,32.33192444,119.85423990,32.33192444,119.85423990,0.5100,4804.78,1,584,split_xfeat,9,1,-1,7124.71,2066.34,2066.34
501,3158.00,32.31173244,119.89938228,32.33192444,119.85423990,32.33192444,119.85423990,0.5100,4804.78,1,584,split_xfeat,9,1,-1,7016.81,2013.15,2013.15
502,3162.00,32.31173244,119.89938228,32.33192444,119.85423990,32.33192444,119.85423990,0.5100,4804.78,1,584,split_xfeat,9,1,-1,6908.95,1907.58,1907.58
503,3166.00,32.31173244,119.89938228,32.33192444,119.85423990,32.33192444,119.85423990,0.5100,4804.78,1,584,split_xfeat,9,1,-1,6889.01,1893.78,1893.78
504,3169.00,32.33382835,119.85422720,32.33192444,119.85423990,32.33192444,119.85423990,0.5333,211.95,1,1103,split_xfeat,10,1,-1,2147.19,1787.20,1787.20
505,3173.00,32.31173244,119.89938228,32.33192444,119.85423990,32.33192444,119.85423990,0.5100,4804.78,1,584,split_xfeat,9,1,-1,6669.84,1683.87,1683.87
506,3177.00,32.31173244,119.89938228,32.33192444,119.85423990,32.31173244,119.89938228,0.5100,4804.78,1,584,split_xfeat,9,1,-1,6562.31,1581.34,1581.34
507,3181.00,32.33192444,119.85423990,32.31173244,119.89938228,32.31173244,119.89938228,0.5333,4804.78,1,1058,split_xfeat,10,1,-1,1864.88,1864.88,1864.88
508,3185.00,32.33192444,119.85423990,32.31173244,119.89938228,32.31173244,119.89938228,0.5333,4804.78,1,1058,split_xfeat,10,1,-1,1865.73,1697.20,1697.20
509,3189.00,32.33382835,119.85422720,32.31173244,119.89938228,32.31173244,119.89938228,0.5333,4908.54,1,1103,split_xfeat,10,1,-1,1798.20,1772.93,1772.93
510,3193.00,32.33382835,119.85422720,32.31173244,119.89938228,32.31173244,119.89938228,0.5333,4908.54,1,1103,split_xfeat,10,1,-1,1716.72,1521.98,1521.98
511,3197.00,32.30725453,119.83776466,32.31173244,119.89938228,32.31173244,119.89938228,0.6267,5817.81,1,420,split_xfeat,14,1,-1,2575.94,1582.82,1582.82
512,3200.00,32.30725453,119.83776466,32.31173244,119.89938228,32.31173244,119.89938228,0.6267,5817.81,1,420,split_xfeat,14,1,-1,2522.68,2196.41,2196.41
513,3204.00,32.34292948,119.85946961,32.31173244,119.89938228,32.31173244,119.89938228,0.6033,5114.47,1,1330,split_xfeat,13,1,-1,2441.02,1528.38,1528.38
514,3208.00,32.29000132,119.81255666,32.31173244,119.89938228,32.31173244,119.89938228,0.6733,8518.47,1,3,split_xfeat,16,1,-1,4940.64,277.38,277.38
515,3212.00,32.29000132,119.81255666,32.31173244,119.89938228,32.31173244,119.89938228,0.6733,8518.47,1,3,split_xfeat,16,1,-1,4944.16,174.01,174.01
516,3216.00,32.29000132,119.81255666,32.31173244,119.89938228,32.29000132,119.81255666,0.6733,8518.47,1,3,split_xfeat,16,1,9,4950.10,86.68,86.68
517,3220.00,32.29000132,119.81255666,32.29000132,119.81255666,32.29000132,119.81255666,0.6733,0.00,0,3,split_xfeat,16,1,-1,4949.40,200.55,200.55
518,3224.00,32.29000132,119.81255666,32.29000132,119.81255666,32.29000132,119.81255666,0.6733,0.00,0,3,split_xfeat,16,1,-1,4904.30,251.78,251.78
519,3228.00,32.29000132,119.81255666,32.29000132,119.81255666,32.29000132,119.81255666,0.6733,0.00,0,3,split_xfeat,16,1,-1,4915.91,203.59,203.59
520,3232.00,32.29000132,119.81255666,32.29000132,119.81255666,32.29000132,119.81255666,0.6733,0.00,0,3,split_xfeat,16,1,-1,4929.91,1619.44,1619.44
521,3236.00,32.34049986,119.85642944,32.29000132,119.81255666,32.29000132,119.81255666,0.6500,6973.85,1,1284,split_xfeat,15,1,-1,2076.49,2020.55,2020.55
522,3239.00,32.34049986,119.85642944,32.29000132,119.81255666,32.29000132,119.81255666,0.6500,6973.85,1,1284,split_xfeat,15,1,-1,2090.97,2019.57,2019.57
523,3243.00,32.33996342,119.85943153,32.29000132,119.81255666,32.29000132,119.81255666,0.5567,7097.72,1,1285,split_xfeat,11,1,-1,2235.58,1520.25,1520.25
524,3247.00,32.29834652,119.81034173,32.29000132,119.81255666,32.29000132,119.81255666,0.6033,952.07,1,182,split_xfeat,13,1,-1,4539.39,1467.14,1467.14
525,3251.00,32.34059642,119.86107513,32.29000132,119.81255666,32.29000132,119.81255666,0.5333,7249.40,1,1286,split_xfeat,10,1,-1,2337.94,1420.47,1420.47
526,3255.00,32.32845413,119.84830027,32.29000132,119.81255666,32.29000132,119.81255666,0.5333,5443.27,1,1009,split_xfeat,10,1,-1,967.61,890.69,890.69
527,3259.00,32.32845413,119.84830027,32.29000132,119.81255666,32.29000132,119.81255666,0.5333,5443.27,1,1009,split_xfeat,10,1,-1,1055.43,993.16,993.16
528,3263.00,32.35120449,119.83576557,32.29000132,119.81255666,32.29000132,119.81255666,0.5100,7154.41,1,1544,split_xfeat,9,1,-1,3706.18,2985.40,2985.40
529,3267.00,32.29041974,119.85348502,32.29000132,119.81255666,32.29000132,119.81255666,0.6500,3850.44,1,22,split_xfeat,15,1,-1,3330.12,1878.92,1878.92
530,3270.00,32.30725453,119.83776466,32.29000132,119.81255666,32.30725453,119.83776466,0.6267,3051.56,1,420,split_xfeat,14,1,-1,2052.44,1890.78,1890.78
531,3274.00,32.30725453,119.83776466,32.30725453,119.83776466,32.30725453,119.83776466,0.6267,0.00,0,420,split_xfeat,14,1,-1,2080.66,1334.94,1334.94
532,3278.00,32.30725453,119.83776466,32.30725453,119.83776466,32.30725453,119.83776466,0.6267,0.00,0,420,split_xfeat,14,1,-1,2107.00,1938.52,1938.52
533,3282.00,32.30725453,119.83776466,32.30725453,119.83776466,32.30725453,119.83776466,0.6267,0.00,0,420,split_xfeat,14,1,-1,2071.74,1991.67,1991.67
534,3285.00,32.30725453,119.83776466,32.30725453,119.83776466,32.30725453,119.83776466,0.6267,0.00,0,420,split_xfeat,14,1,-1,2112.81,2001.99,2001.99
535,3289.00,32.30725453,119.83776466,32.30725453,119.83776466,32.30725453,119.83776466,0.6267,0.00,0,420,split_xfeat,14,1,-1,2158.64,2054.02,2054.02
536,3293.00,32.30725453,119.83776466,32.30725453,119.83776466,32.30725453,119.83776466,0.6267,0.00,0,420,split_xfeat,14,1,-1,2208.93,2093.07,2093.07
537,3297.00,32.34059642,119.86107513,32.30725453,119.83776466,32.30725453,119.83776466,0.5333,4310.99,1,1286,split_xfeat,10,1,-1,2745.90,1750.37,1750.37
538,3301.00,32.34059642,119.86107513,32.30725453,119.83776466,32.30725453,119.83776466,0.5333,4310.99,1,1286,split_xfeat,10,1,-1,2801.40,1607.14,1607.14
539,3305.00,32.34059642,119.86107513,32.30725453,119.83776466,32.30725453,119.83776466,0.5333,4310.99,1,1286,split_xfeat,10,1,-1,2851.64,1653.27,1653.27
540,3309.00,32.29834652,119.81034173,32.30725453,119.83776466,32.30725453,119.83776466,0.6033,2763.73,1,182,split_xfeat,13,1,-1,5142.83,1983.26,1983.26
541,3313.00,32.29834652,119.81034173,32.30725453,119.83776466,32.30725453,119.83776466,0.6033,2763.73,1,182,split_xfeat,13,1,-1,5210.49,2075.43,2075.43
542,3317.00,32.29834652,119.81034173,32.30725453,119.83776466,32.30725453,119.83776466,0.6033,2763.73,1,182,split_xfeat,13,1,-1,5275.79,2169.30,2169.30
543,3321.00,32.29834652,119.81034173,32.30725453,119.83776466,32.30725453,119.83776466,0.6033,2763.73,1,182,split_xfeat,13,1,-1,5257.35,2170.72,2170.72
544,3325.00,32.29465089,119.81119818,32.30725453,119.83776466,32.30725453,119.83776466,0.4400,2866.04,1,138,split_xfeat,6,1,-1,5207.18,3554.82,3554.82
545,3329.00,32.30725453,119.83776466,32.30725453,119.83776466,32.30725453,119.83776466,0.6267,0.00,0,420,split_xfeat,14,1,-1,2627.98,2589.22,2589.22
546,3333.00,32.30725453,119.83776466,32.30725453,119.83776466,32.30725453,119.83776466,0.6267,0.00,0,420,split_xfeat,14,1,-1,2705.52,2672.89,2672.89
547,3337.00,32.29834652,119.81034173,32.30725453,119.83776466,32.30725453,119.83776466,0.6033,2763.73,1,182,split_xfeat,13,1,-1,5547.33,5011.49,5011.49
548,3341.00,32.29022662,119.81015129,32.30725453,119.83776466,32.30725453,119.83776466,0.5100,3215.69,1,2,split_xfeat,9,1,-1,5790.92,2740.81,2740.81
549,3345.00,32.32314518,119.83939557,32.30725453,119.83776466,32.30725453,119.83776466,0.5567,1775.59,1,826,split_xfeat,11,1,-1,3001.13,3001.13,3001.13
550,3348.00,32.32314518,119.83939557,32.30725453,119.83776466,32.30725453,119.83776466,0.5567,1775.59,1,826,split_xfeat,11,1,-1,3110.36,2913.48,2913.48
551,3352.00,32.30725453,119.83776466,32.30725453,119.83776466,32.30725453,119.83776466,0.6267,0.00,0,420,split_xfeat,14,1,-1,3037.87,3037.87,3037.87
552,3356.00,32.30725453,119.83776466,32.30725453,119.83776466,32.30725453,119.83776466,0.6267,0.00,0,420,split_xfeat,14,1,-1,3127.70,3121.70,3121.70
553,3360.00,32.30725453,119.83776466,32.30725453,119.83776466,32.30725453,119.83776466,0.6267,0.00,0,420,split_xfeat,14,1,-1,3124.74,3122.31,3122.31
554,3364.00,32.30725453,119.83776466,32.30725453,119.83776466,32.30725453,119.83776466,0.6267,0.00,0,420,split_xfeat,14,1,-1,3216.82,3216.82,3216.82
555,3368.00,32.30725453,119.83776466,32.30725453,119.83776466,32.30725453,119.83776466,0.6267,0.00,0,420,split_xfeat,14,1,-1,3309.87,3309.87,3309.87
556,3372.00,32.30725453,119.83776466,32.30725453,119.83776466,32.30725453,119.83776466,0.6267,0.00,0,420,split_xfeat,14,1,-1,3404.15,3404.15,3404.15
557,3376.00,32.30725453,119.83776466,32.30725453,119.83776466,32.30725453,119.83776466,0.6267,0.00,0,420,split_xfeat,14,1,-1,3499.29,3499.29,3499.29
558,3380.00,32.30725453,119.83776466,32.30725453,119.83776466,32.30725453,119.83776466,0.6267,0.00,0,420,split_xfeat,14,1,-1,3501.26,3501.26,3501.26
559,3384.00,32.30725453,119.83776466,32.30725453,119.83776466,32.30725453,119.83776466,0.6267,0.00,0,420,split_xfeat,14,1,-1,3598.02,3500.60,3500.60
560,3388.00,32.30725453,119.83776466,32.30725453,119.83776466,32.30725453,119.83776466,0.6267,0.00,0,420,split_xfeat,14,1,-1,3696.28,2904.48,2904.48
561,3391.00,32.30725453,119.83776466,32.30725453,119.83776466,32.30725453,119.83776466,0.6267,0.00,0,420,split_xfeat,14,1,-1,3794.53,3794.53,3794.53
562,3395.00,32.30725453,119.83776466,32.30725453,119.83776466,32.30725453,119.83776466,0.6267,0.00,0,420,split_xfeat,14,1,-1,3893.37,3893.37,3893.37
563,3399.00,32.30725453,119.83776466,32.30725453,119.83776466,32.30725453,119.83776466,0.6267,0.00,0,420,split_xfeat,14,1,-1,3899.27,3647.81,3647.81
564,3403.00,32.29191595,119.81720236,32.30725453,119.83776466,32.30725453,119.83776466,0.5100,2580.13,1,50,split_xfeat,9,1,-1,6069.48,4029.00,4029.00
565,3407.00,32.30725453,119.83776466,32.30725453,119.83776466,32.30725453,119.83776466,0.6267,0.00,0,420,split_xfeat,14,1,-1,4101.28,3087.47,3087.47
566,3411.00,32.30725453,119.83776466,32.30725453,119.83776466,32.30725453,119.83776466,0.6267,0.00,0,420,split_xfeat,14,1,-1,4202.32,3196.77,3196.77
567,3415.00,32.30725453,119.83776466,32.30725453,119.83776466,32.30725453,119.83776466,0.6267,0.00,0,420,split_xfeat,14,1,-1,4303.76,4303.76,4303.76
568,3419.00,32.30725453,119.83776466,32.30725453,119.83776466,32.30725453,119.83776466,0.6267,0.00,0,420,split_xfeat,14,1,-1,4312.83,4312.83,4312.83
569,3423.00,32.30725453,119.83776466,32.30725453,119.83776466,32.30725453,119.83776466,0.6267,0.00,0,420,split_xfeat,14,1,-1,4415.14,4415.14,4415.14
570,3427.00,32.30725453,119.83776466,32.30725453,119.83776466,32.30725453,119.83776466,0.6267,0.00,0,420,split_xfeat,14,1,-1,4519.86,4519.86,4519.86
571,3431.00,32.30725453,119.83776466,32.30725453,119.83776466,32.30725453,119.83776466,0.6267,0.00,0,420,split_xfeat,14,1,-1,4622.89,4192.33,4192.33
572,3435.00,32.32113398,119.81864283,32.30725453,119.83776466,32.30725453,119.83776466,0.6033,2371.27,1,771,split_xfeat,13,1,-1,6919.45,4311.88,4311.88
573,3438.00,32.33485250,119.86070695,32.30725453,119.83776466,32.30725453,119.83776466,0.4867,3754.50,1,1151,split_xfeat,8,1,-1,4867.84,4358.00,4358.00
574,3442.00,32.33382835,119.85422720,32.30725453,119.83776466,32.30725453,119.83776466,0.5333,3339.05,1,1103,split_xfeat,10,1,-1,5133.13,4456.86,4456.86
575,3446.00,32.33975466,119.85503975,32.30725453,119.83776466,32.30725453,119.83776466,0.5800,3966.13,1,1238,split_xfeat,12,1,-1,5729.27,1730.51,1730.51
576,3492.00,32.33192444,119.85423990,32.30725453,119.83776466,32.30725453,119.83776466,0.5333,3153.40,1,1058,split_xfeat,10,1,-1,5186.62,1951.77,1951.77
577,3499.00,32.31173244,119.89938228,32.30725453,119.83776466,32.30725453,119.83776466,0.5100,5817.81,1,584,split_xfeat,9,1,-1,2212.45,1937.87,1937.87
578,3506.00,32.31173244,119.89938228,32.30725453,119.83776466,32.30725453,119.83776466,0.5100,5817.81,1,584,split_xfeat,9,1,-1,2217.83,1940.06,1940.06
579,3514.00,32.31173244,119.89938228,32.30725453,119.83776466,32.30725453,119.83776466,0.5100,5817.81,1,584,split_xfeat,9,1,-1,2228.57,1948.39,1948.39
580,3521.00,32.31173244,119.89938228,32.30725453,119.83776466,32.30725453,119.83776466,0.5100,5817.81,1,584,split_xfeat,9,1,-1,2244.59,1962.78,1962.78
581,3529.00,32.31173244,119.89938228,32.30725453,119.83776466,32.31173244,119.89938228,0.5100,5817.81,1,584,split_xfeat,9,1,-1,2202.51,1920.32,1920.32
582,3536.00,32.33382835,119.85422720,32.31173244,119.89938228,32.31173244,119.89938228,0.5333,4908.54,1,1103,split_xfeat,10,1,-1,4787.12,1934.69,1934.69
583,3544.00,32.35024472,119.83728221,32.31173244,119.89938228,32.31173244,119.89938228,0.4633,7246.14,1,1500,split_xfeat,7,1,-1,7079.35,6556.84,6556.84
584,3551.00,32.29834652,119.81034173,32.31173244,119.89938228,32.31173244,119.89938228,0.6033,8507.63,1,182,split_xfeat,13,1,-1,6663.58,4209.98,4209.98
585,3559.00,32.32113398,119.81864283,32.31173244,119.89938228,32.31173244,119.89938228,0.6033,7666.99,1,771,split_xfeat,13,1,-1,6255.16,4097.17,4097.17
586,3566.00,32.30725453,119.83776466,32.31173244,119.89938228,32.31173244,119.89938228,0.6267,5817.81,1,420,split_xfeat,14,1,-1,4041.16,4041.16,4041.16
587,3573.00,32.30725453,119.83776466,32.31173244,119.89938228,32.31173244,119.89938228,0.6267,5817.81,1,420,split_xfeat,14,1,-1,3936.45,3936.45,3936.45
588,3581.00,32.30725453,119.83776466,32.31173244,119.89938228,32.31173244,119.89938228,0.6267,5817.81,1,420,split_xfeat,14,1,-1,3834.20,3834.20,3834.20
589,3588.00,32.30860054,119.83702829,32.31173244,119.89938228,32.31173244,119.89938228,0.4633,5876.04,1,465,split_xfeat,7,1,-1,3768.91,3751.39,3751.39
590,3596.00,32.33485250,119.86070695,32.31173244,119.89938228,32.31173244,119.89938228,0.4867,4456.53,1,1151,split_xfeat,8,1,-1,3981.25,2994.87,2994.87
591,3603.00,32.30725453,119.83776466,32.31173244,119.89938228,32.30725453,119.83776466,0.6267,5817.81,1,420,split_xfeat,14,1,-1,3623.23,3623.23,3623.23
592,3610.00,32.30725453,119.83776466,32.30725453,119.83776466,32.30725453,119.83776466,0.6267,0.00,0,420,split_xfeat,14,1,-1,3521.64,3521.64,3521.64
593,3618.00,32.30725453,119.83776466,32.30725453,119.83776466,32.30725453,119.83776466,0.6267,0.00,0,420,split_xfeat,14,1,-1,3422.04,3422.04,3422.04
594,3625.00,32.30725453,119.83776466,32.30725453,119.83776466,32.30725453,119.83776466,0.6267,0.00,0,420,split_xfeat,14,1,-1,3323.06,3323.06,3323.06
595,3632.00,32.30725453,119.83776466,32.30725453,119.83776466,32.30725453,119.83776466,0.6267,0.00,0,420,split_xfeat,14,1,-1,3224.75,3224.75,3224.75
596,3640.00,32.30725453,119.83776466,32.30725453,119.83776466,32.30725453,119.83776466,0.6267,0.00,0,420,split_xfeat,14,1,-1,3221.08,3221.08,3221.08
597,3647.00,32.32660968,119.83931940,32.30725453,119.83776466,32.30725453,119.83776466,0.5333,2159.57,1,916,split_xfeat,10,1,-1,3729.58,3386.62,3386.62
598,3654.00,32.32660968,119.83931940,32.30725453,119.83776466,32.30725453,119.83776466,0.5333,2159.57,1,916,split_xfeat,10,1,-1,3621.32,3299.30,3299.30
599,3662.00,32.33975466,119.85503975,32.30725453,119.83776466,32.30725453,119.83776466,0.5800,3966.13,1,1238,split_xfeat,12,1,-1,3845.38,2516.05,2516.05
600,3669.00,32.29022662,119.81015129,32.30725453,119.83776466,32.30725453,119.83776466,0.5100,3215.69,1,2,split_xfeat,9,1,-1,5745.13,2630.01,2630.01
601,3676.00,32.32314518,119.83939557,32.30725453,119.83776466,32.30725453,119.83776466,0.5567,1775.59,1,826,split_xfeat,11,1,-1,3131.09,2565.28,2565.28
602,3684.00,32.32113398,119.81864283,32.30725453,119.83776466,32.30725453,119.83776466,0.6033,2371.27,1,771,split_xfeat,13,1,-1,4764.64,1860.97,1860.97
603,3691.00,32.32113398,119.81864283,32.30725453,119.83776466,32.30725453,119.83776466,0.6033,2371.27,1,771,split_xfeat,13,1,-1,4658.27,2651.48,2651.48
604,3699.00,32.29834652,119.81034173,32.30725453,119.83776466,32.30725453,119.83776466,0.6033,2763.73,1,182,split_xfeat,13,1,-1,5314.39,2413.37,2413.37
605,3706.00,32.29834652,119.81034173,32.30725453,119.83776466,32.30725453,119.83776466,0.6033,2763.73,1,182,split_xfeat,13,1,-1,5237.10,2467.08,2467.08
606,3714.00,32.33485250,119.86070695,32.30725453,119.83776466,32.33485250,119.86070695,0.4867,3754.50,1,1151,split_xfeat,8,1,-1,2807.23,2678.27,2678.27
607,3721.00,32.33485250,119.86070695,32.33485250,119.86070695,32.33485250,119.86070695,0.4867,0.00,0,1151,split_xfeat,8,1,-1,2744.42,2744.42,2744.42
608,3729.00,32.29834652,119.81034173,32.33485250,119.86070695,32.33485250,119.86070695,0.6033,6241.99,1,182,split_xfeat,13,1,-1,5105.47,2684.59,2684.59
609,3737.00,32.29834652,119.81034173,32.33485250,119.86070695,32.33485250,119.86070695,0.6033,6241.99,1,182,split_xfeat,13,1,-1,5032.83,1994.05,1994.05
610,3744.00,32.29834652,119.81034173,32.33485250,119.86070695,32.33485250,119.86070695,0.6033,6241.99,1,182,split_xfeat,13,1,-1,4965.20,1893.78,1893.78
611,3752.00,32.29834652,119.81034173,32.33485250,119.86070695,32.33485250,119.86070695,0.6033,6241.99,1,182,split_xfeat,13,1,-1,4980.08,1890.51,1890.51
612,3760.00,32.32075847,119.84053822,32.33485250,119.86070695,32.33485250,119.86070695,0.5100,2461.97,1,781,split_xfeat,9,1,-1,1984.04,1984.04,1984.04
613,3767.00,32.30725453,119.83776466,32.33485250,119.86070695,32.33485250,119.86070695,0.6267,3754.50,1,420,split_xfeat,14,1,-1,2062.72,1993.10,1993.10
614,3775.00,32.33485250,119.86070695,32.33485250,119.86070695,32.33485250,119.86070695,0.4867,0.00,0,1151,split_xfeat,8,1,-1,2371.62,1978.34,1978.34
615,3782.00,32.32005619,119.81888406,32.33485250,119.86070695,32.33485250,119.86070695,0.4867,4265.19,1,726,split_xfeat,8,1,-1,3543.68,1854.90,1854.90
616,3790.00,32.30725453,119.83776466,32.33485250,119.86070695,32.33485250,119.86070695,0.6267,3754.50,1,420,split_xfeat,14,1,-1,1973.46,1881.74,1881.74
617,3798.00,32.30725453,119.83776466,32.33485250,119.86070695,32.33485250,119.86070695,0.6267,3754.50,1,420,split_xfeat,14,1,-1,1922.02,1821.62,1821.62
618,3805.00,32.29639969,119.81418757,32.33485250,119.86070695,32.33485250,119.86070695,0.6500,6121.57,1,139,split_xfeat,15,1,-1,4373.27,3336.43,3336.43
619,3813.00,32.32113398,119.81864283,32.33485250,119.86070695,32.33485250,119.86070695,0.6033,4241.47,1,771,split_xfeat,13,1,-1,3259.50,1641.64,1641.64
620,3821.00,32.32113398,119.81864283,32.33485250,119.86070695,32.33485250,119.86070695,0.6033,4241.47,1,771,split_xfeat,13,1,-1,3157.57,1197.02,1197.02
621,3828.00,32.30725453,119.83776466,32.33485250,119.86070695,32.33485250,119.86070695,0.6267,3754.50,1,420,split_xfeat,14,1,-1,1844.49,1712.53,1712.53
622,3836.00,32.34794384,119.86966824,32.33485250,119.86070695,32.33485250,119.86070695,0.6267,1683.58,1,1470,split_xfeat,14,1,-1,3714.22,1817.91,1817.91
623,3844.00,32.34794384,119.86966824,32.33485250,119.86070695,32.33485250,119.86070695,0.6267,1683.58,1,1470,split_xfeat,14,1,-1,3711.38,1648.47,1648.47
624,3852.00,32.30725453,119.83776466,32.33485250,119.86070695,32.30725453,119.83776466,0.6267,3754.50,1,420,split_xfeat,14,1,-1,1783.76,1783.76,1783.76
625,3859.00,32.34059642,119.86107513,32.30725453,119.83776466,32.30725453,119.83776466,0.5333,4310.99,1,1286,split_xfeat,10,1,-1,2607.55,1987.76,1987.76
626,3867.00,32.34059642,119.86107513,32.30725453,119.83776466,32.30725453,119.83776466,0.5333,4310.99,1,1286,split_xfeat,10,1,-1,2558.74,1940.57,1940.57
627,3874.00,32.34059642,119.86107513,32.30725453,119.83776466,32.30725453,119.83776466,0.5333,4310.99,1,1286,split_xfeat,10,1,-1,2558.07,2352.22,2352.22
628,3882.00,32.33996342,119.85943153,32.30725453,119.83776466,32.30725453,119.83776466,0.5567,4172.81,1,1285,split_xfeat,11,1,-1,2456.05,1703.60,1703.60
629,3890.00,32.29000132,119.81255666,32.30725453,119.83776466,32.30725453,119.83776466,0.6733,3051.56,1,3,split_xfeat,16,1,-1,4681.96,1849.80,1849.80
630,3897.00,32.29000132,119.81255666,32.30725453,119.83776466,32.30725453,119.83776466,0.6733,3051.56,1,3,split_xfeat,16,1,-1,4671.92,1904.04,1904.04
631,3905.00,32.33109341,119.86241403,32.30725453,119.83776466,32.30725453,119.83776466,0.5567,3524.08,1,1017,split_xfeat,11,1,-1,1965.95,392.35,392.35
632,3912.00,32.29000132,119.81255666,32.30725453,119.83776466,32.30725453,119.83776466,0.6733,3051.56,1,3,split_xfeat,16,1,-1,4699.77,1930.71,1930.71
633,3919.00,32.33109341,119.86241403,32.30725453,119.83776466,32.30725453,119.83776466,0.5567,3524.08,1,1017,split_xfeat,11,1,-1,2104.86,1636.27,1636.27
634,3926.00,32.32660968,119.83931940,32.30725453,119.83776466,32.32660968,119.83931940,0.5333,2159.57,1,916,split_xfeat,10,1,6,206.34,101.42,101.42
635,3934.00,32.33109341,119.86241403,32.32660968,119.83931940,32.32660968,119.83931940,0.5567,2229.13,1,1017,split_xfeat,11,1,2,2253.87,86.25,86.25
636,3941.00,32.34292948,119.85946961,32.32660968,119.83931940,32.32660968,119.83931940,0.6033,2625.56,1,1330,split_xfeat,13,1,7,2583.29,141.84,141.84
637,3949.00,32.33382835,119.85422720,32.32660968,119.83931940,32.32660968,119.83931940,0.5333,1616.30,1,1103,split_xfeat,10,1,-1,1691.16,1518.09,1518.09
638,3957.00,32.33975466,119.85503975,32.32660968,119.83931940,32.32660968,119.83931940,0.5800,2080.43,1,1238,split_xfeat,12,1,-1,2078.22,1571.50,1571.50
639,3964.00,32.34292948,119.85946961,32.32660968,119.83931940,32.32660968,119.83931940,0.6033,2625.56,1,1330,split_xfeat,13,1,-1,2671.26,1744.11,1744.11
640,3972.00,32.33192444,119.85423990,32.32660968,119.83931940,32.32660968,119.83931940,0.5333,1523.18,1,1058,split_xfeat,10,1,-1,1820.95,1784.95,1784.95
641,3979.00,32.31173244,119.89938228,32.32660968,119.83931940,32.32660968,119.83931940,0.5100,5887.88,1,584,split_xfeat,9,1,-1,6245.27,1670.61,1670.61
642,3987.00,32.33016001,119.85304065,32.32660968,119.83931940,32.32660968,119.83931940,0.5800,1349.92,1,1012,split_xfeat,12,1,-1,1668.69,1668.69,1668.69
643,3994.00,32.33016001,119.85304065,32.32660968,119.83931940,32.32660968,119.83931940,0.5800,1349.92,1,1012,split_xfeat,12,1,-1,1759.86,1759.86,1759.86
644,4002.00,32.31173244,119.89938228,32.32660968,119.83931940,32.31173244,119.89938228,0.5100,5887.88,1,584,split_xfeat,9,1,-1,6564.49,1652.99,1652.99
645,4010.00,32.33382835,119.85422720,32.31173244,119.89938228,32.31173244,119.89938228,0.5333,4908.54,1,1103,split_xfeat,10,1,-1,2173.05,1748.27,1748.27
646,4018.00,32.33382835,119.85422720,32.31173244,119.89938228,32.31173244,119.89938228,0.5333,4908.54,1,1103,split_xfeat,10,1,-1,2165.17,1751.22,1751.22
647,4025.00,32.33016001,119.85304065,32.31173244,119.89938228,32.31173244,119.89938228,0.5800,4817.92,1,1012,split_xfeat,12,1,-1,2048.73,1849.55,1849.55
648,4033.00,32.31173244,119.89938228,32.31173244,119.89938228,32.31173244,119.89938228,0.5100,0.00,0,584,split_xfeat,9,1,-1,6905.82,2141.81,2141.81
649,4040.00,32.33382835,119.85422720,32.31173244,119.89938228,32.31173244,119.89938228,0.5333,4908.54,1,1103,split_xfeat,10,1,-1,2431.39,2231.58,2231.58
650,4048.00,32.33382835,119.85422720,32.31173244,119.89938228,32.31173244,119.89938228,0.5333,4908.54,1,1103,split_xfeat,10,1,-1,2523.76,2323.79,2323.79
651,4055.00,32.33382835,119.85422720,32.31173244,119.89938228,32.31173244,119.89938228,0.5333,4908.54,1,1103,split_xfeat,10,1,-1,2523.37,2162.57,2162.57
652,4063.00,32.33382835,119.85422720,32.31173244,119.89938228,32.31173244,119.89938228,0.5333,4908.54,1,1103,split_xfeat,10,1,-1,2618.24,2265.79,2265.79
653,4070.00,32.33996342,119.85943153,32.31173244,119.89938228,32.31173244,119.89938228,0.5567,4899.02,1,1285,split_xfeat,11,1,-1,3184.64,2008.61,2008.61
654,4078.00,32.34049986,119.85642944,32.31173244,119.89938228,32.31173244,119.89938228,0.6500,5155.75,1,1284,split_xfeat,15,1,-1,3067.21,2811.86,2811.86
655,4085.00,32.33382835,119.85422720,32.31173244,119.89938228,32.31173244,119.89938228,0.5333,4908.54,1,1103,split_xfeat,10,1,-1,2909.86,2710.62,2710.62
656,4092.00,32.33382835,119.85422720,32.31173244,119.89938228,32.31173244,119.89938228,0.5333,4908.54,1,1103,split_xfeat,10,1,-1,2915.05,2595.65,2595.65
657,4100.00,32.33382835,119.85422720,32.31173244,119.89938228,32.31173244,119.89938228,0.5333,4908.54,1,1103,split_xfeat,10,1,-1,3014.69,2605.24,2605.24
658,4107.00,32.33382835,119.85422720,32.31173244,119.89938228,32.33382835,119.85422720,0.5333,4908.54,1,1103,split_xfeat,10,1,-1,3114.98,3114.98,3114.98
659,4114.00,32.33382835,119.85422720,32.33382835,119.85422720,32.33382835,119.85422720,0.5333,0.00,0,1103,split_xfeat,10,1,-1,3215.85,2785.05,2785.05
660,4122.00,32.33382835,119.85422720,32.33382835,119.85422720,32.33382835,119.85422720,0.5333,0.00,0,1103,split_xfeat,10,1,-1,3319.03,3121.79,3121.79
661,4129.00,32.33382835,119.85422720,32.33382835,119.85422720,32.33382835,119.85422720,0.5333,0.00,0,1103,split_xfeat,10,1,-1,3328.42,2953.95,2953.95
662,4136.00,32.34292948,119.85946961,32.33382835,119.85422720,32.33382835,119.85422720,0.6033,1126.79,1,1330,split_xfeat,13,1,-1,3786.70,3431.07,3431.07
663,4143.00,32.33382835,119.85422720,32.33382835,119.85422720,32.33382835,119.85422720,0.5333,0.00,0,1103,split_xfeat,10,1,-1,3536.34,3340.67,3340.67
664,4149.00,32.33382835,119.85422720,32.33382835,119.85422720,32.33382835,119.85422720,0.5333,0.00,0,1103,split_xfeat,10,1,-1,3639.86,3558.28,3558.28
665,4156.00,32.33996342,119.85943153,32.33382835,119.85422720,32.33382835,119.85422720,0.5567,840.30,1,1285,split_xfeat,11,1,-1,4052.26,3538.63,3538.63
666,4163.00,32.33192444,119.85423990,32.33382835,119.85422720,32.33382835,119.85422720,0.5333,211.95,1,1058,split_xfeat,10,1,-1,3808.06,3526.82,3526.82
667,4170.00,32.31173244,119.89938228,32.33382835,119.85422720,32.33382835,119.85422720,0.5100,4908.54,1,584,split_xfeat,9,1,-1,8617.34,3362.89,3362.89
668,4177.00,32.31173244,119.89938228,32.33382835,119.85422720,32.33382835,119.85422720,0.5100,4908.54,1,584,split_xfeat,9,1,-1,8729.97,3714.58,3714.58
669,4184.00,32.33382835,119.85422720,32.33382835,119.85422720,32.33382835,119.85422720,0.5333,0.00,0,1103,split_xfeat,10,1,-1,4073.77,3227.37,3227.37
670,4192.00,32.33382835,119.85422720,32.33382835,119.85422720,32.33382835,119.85422720,0.5333,0.00,0,1103,split_xfeat,10,1,-1,4179.16,3290.96,3290.96
671,4199.00,32.33382835,119.85422720,32.33382835,119.85422720,32.33382835,119.85422720,0.5333,0.00,0,1103,split_xfeat,10,1,-1,4194.32,3269.57,3269.57
672,4245.00,32.33016001,119.85304065,32.33382835,119.85422720,32.33382835,119.85422720,0.5800,423.34,1,1012,split_xfeat,12,1,-1,4250.22,4136.74,4136.74
673,4249.00,32.33996342,119.85943153,32.33382835,119.85422720,32.33382835,119.85422720,0.5567,840.30,1,1285,split_xfeat,11,1,-1,4524.53,4227.03,4227.03
674,4253.00,32.34292948,119.85946961,32.33382835,119.85422720,32.33382835,119.85422720,0.6033,1126.79,1,1330,split_xfeat,13,1,-1,4524.19,4215.08,4215.08
675,4257.00,32.34049986,119.85642944,32.33382835,119.85422720,32.33382835,119.85422720,0.6500,771.03,1,1284,split_xfeat,15,1,-1,4228.54,4111.62,4111.62
676,4261.00,32.31173244,119.89938228,32.33382835,119.85422720,32.33382835,119.85422720,0.5100,4908.54,1,584,split_xfeat,9,1,-1,8725.14,3363.62,3363.62
677,4265.00,32.31173244,119.89938228,32.33382835,119.85422720,32.33382835,119.85422720,0.5100,4908.54,1,584,split_xfeat,9,1,-1,8617.33,3310.11,3310.11
678,4269.00,32.33382835,119.85422720,32.33382835,119.85422720,32.33382835,119.85422720,0.5333,0.00,0,1103,split_xfeat,10,1,-1,3801.31,3259.38,3259.38
679,4273.00,32.34292948,119.85946961,32.33382835,119.85422720,32.33382835,119.85422720,0.6033,1126.79,1,1330,split_xfeat,13,1,-1,4166.60,3792.27,3792.27
680,4277.00,32.34292948,119.85946961,32.33382835,119.85422720,32.33382835,119.85422720,0.6033,1126.79,1,1330,split_xfeat,13,1,-1,4080.28,3689.33,3689.33
681,4281.00,32.33996342,119.85943153,32.33382835,119.85422720,32.33382835,119.85422720,0.5567,840.30,1,1285,split_xfeat,11,1,-1,3972.16,3390.36,3390.36
682,4285.00,32.33382835,119.85422720,32.33382835,119.85422720,32.33382835,119.85422720,0.5333,0.00,0,1103,split_xfeat,10,1,-1,3488.33,3166.79,3166.79
683,4289.00,32.30725453,119.83776466,32.33382835,119.85422720,32.33382835,119.85422720,0.6267,3339.05,1,420,split_xfeat,14,1,-1,3793.37,2556.64,2556.64
684,4294.00,32.33192444,119.85423990,32.33382835,119.85422720,32.33382835,119.85422720,0.5333,211.95,1,1058,split_xfeat,10,1,-1,3406.79,3383.26,3383.26
685,4298.00,32.33192444,119.85423990,32.33382835,119.85422720,32.33382835,119.85422720,0.5333,211.95,1,1058,split_xfeat,10,1,-1,3305.84,3305.84,3305.84
686,4302.00,32.31173244,119.89938228,32.33382835,119.85422720,32.33382835,119.85422720,0.5100,4908.54,1,584,split_xfeat,9,1,-1,7822.41,2812.17,2812.17
687,4306.00,32.33382835,119.85422720,32.33382835,119.85422720,32.33382835,119.85422720,0.5333,0.00,0,1103,split_xfeat,10,1,-1,3090.15,2737.87,2737.87
688,4309.00,32.33382835,119.85422720,32.33382835,119.85422720,32.33382835,119.85422720,0.5333,0.00,0,1103,split_xfeat,10,1,-1,2994.42,2635.17,2635.17
689,4313.00,32.33382835,119.85422720,32.33382835,119.85422720,32.33382835,119.85422720,0.5333,0.00,0,1103,split_xfeat,10,1,-1,2993.72,2793.72,2793.72
690,4317.00,32.33996342,119.85943153,32.33382835,119.85422720,32.33382835,119.85422720,0.5567,840.30,1,1285,split_xfeat,11,1,-1,3406.27,2675.62,2675.62
691,4321.00,32.34049986,119.85642944,32.33382835,119.85422720,32.33382835,119.85422720,0.6500,771.03,1,1284,split_xfeat,15,1,-1,3141.00,2807.81,2807.81
692,4325.00,32.33979758,119.85650561,32.33382835,119.85422720,32.33382835,119.85422720,0.6500,698.21,1,1239,split_xfeat,15,1,-1,3011.10,2517.11,2517.11
693,4329.00,32.31173244,119.89938228,32.33382835,119.85422720,32.33382835,119.85422720,0.5100,4908.54,1,584,split_xfeat,9,1,-1,7156.34,2427.75,2427.75
694,4333.00,32.31173244,119.89938228,32.33382835,119.85422720,32.33382835,119.85422720,0.5100,4908.54,1,584,split_xfeat,9,1,-1,7139.62,2433.51,2433.51
695,4337.00,32.33382835,119.85422720,32.33382835,119.85422720,32.33382835,119.85422720,0.5333,0.00,0,1103,split_xfeat,10,1,-1,2545.50,2347.38,2347.38
696,4341.00,32.33382835,119.85422720,32.33382835,119.85422720,32.33382835,119.85422720,0.5333,0.00,0,1103,split_xfeat,10,1,-1,2462.29,2265.21,2265.21
697,4345.00,32.33382835,119.85422720,32.33382835,119.85422720,32.33382835,119.85422720,0.5333,0.00,0,1103,split_xfeat,10,1,-1,2379.60,1936.06,1936.06
698,4349.00,32.33996342,119.85943153,32.33382835,119.85422720,32.33382835,119.85422720,0.5567,840.30,1,1285,split_xfeat,11,1,-1,2949.58,2104.66,2104.66
699,4353.00,32.33382835,119.85422720,32.33382835,119.85422720,32.33382835,119.85422720,0.5333,0.00,0,1103,split_xfeat,10,1,-1,2314.96,1849.91,1849.91
700,4357.00,32.33382835,119.85422720,32.33382835,119.85422720,32.33382835,119.85422720,0.5333,0.00,0,1103,split_xfeat,10,1,-1,2239.18,1762.88,1762.88
701,4361.00,32.33382835,119.85422720,32.33382835,119.85422720,32.33382835,119.85422720,0.5333,0.00,0,1103,split_xfeat,10,1,-1,2166.26,1977.74,1977.74
702,4365.00,32.31173244,119.89938228,32.33382835,119.85422720,32.33382835,119.85422720,0.5100,4908.54,1,584,split_xfeat,9,1,-1,6376.90,1597.06,1597.06
703,4369.00,32.31173244,119.89938228,32.33382835,119.85422720,32.33382835,119.85422720,0.5100,4908.54,1,584,split_xfeat,9,1,-1,6271.69,1519.17,1519.17
704,4373.00,32.31173244,119.89938228,32.33382835,119.85422720,32.33382835,119.85422720,0.5100,4908.54,1,584,split_xfeat,9,1,-1,6257.74,1534.86,1534.86
705,4377.00,32.33996342,119.85943153,32.33382835,119.85422720,32.33382835,119.85422720,0.5567,840.30,1,1285,split_xfeat,11,1,-1,2765.83,1843.85,1843.85
706,4381.00,32.34292948,119.85946961,32.33382835,119.85422720,32.33382835,119.85422720,0.6033,1126.79,1,1330,split_xfeat,13,1,-1,2869.84,1774.43,1774.43
707,4385.00,32.34292948,119.85946961,32.33382835,119.85422720,32.33382835,119.85422720,0.6033,1126.79,1,1330,split_xfeat,13,1,-1,2842.13,1705.79,1705.79
708,4388.00,32.34292948,119.85946961,32.33382835,119.85422720,32.33382835,119.85422720,0.6033,1126.79,1,1330,split_xfeat,13,1,-1,2818.39,320.44,320.44
709,4392.00,32.32660968,119.83931940,32.33382835,119.85422720,32.33382835,119.85422720,0.5333,1616.30,1,916,split_xfeat,10,1,-1,358.80,172.22,172.22
710,4396.00,32.32660968,119.83931940,32.33382835,119.85422720,32.33382835,119.85422720,0.5333,1616.30,1,916,split_xfeat,10,1,-1,414.53,214.56,214.56
711,4400.00,32.32660968,119.83931940,32.33382835,119.85422720,32.32660968,119.83931940,0.5333,1616.30,1,916,split_xfeat,10,1,-1,480.58,287.92,287.92
712,4404.00,32.29000132,119.81255666,32.32660968,119.83931940,32.32660968,119.83931940,0.6733,4790.18,1,3,split_xfeat,16,1,-1,4458.07,1932.77,1932.77
713,4408.00,32.33109341,119.86241403,32.32660968,119.83931940,32.32660968,119.83931940,0.5567,2229.13,1,1017,split_xfeat,11,1,-1,2149.45,477.81,477.81
714,4412.00,32.32660968,119.83931940,32.32660968,119.83931940,32.32660968,119.83931940,0.5333,0.00,0,916,split_xfeat,10,1,-1,699.08,523.32,523.32
715,4416.00,32.29000132,119.81255666,32.32660968,119.83931940,32.32660968,119.83931940,0.6733,4790.18,1,3,split_xfeat,16,1,-1,4444.68,632.22,632.22
716,4420.00,32.34059642,119.86107513,32.32660968,119.83931940,32.32660968,119.83931940,0.5333,2571.53,1,1286,split_xfeat,10,1,-1,2809.03,1915.11,1915.11
717,4424.00,32.34059642,119.86107513,32.32660968,119.83931940,32.32660968,119.83931940,0.5333,2571.53,1,1286,split_xfeat,10,1,-1,2806.87,1915.74,1915.74
718,4427.00,32.29834652,119.81034173,32.32660968,119.83931940,32.32660968,119.83931940,0.6033,4162.90,1,182,split_xfeat,13,1,-1,4174.20,3271.53,3271.53
719,4431.00,32.29834652,119.81034173,32.32660968,119.83931940,32.32660968,119.83931940,0.6033,4162.90,1,182,split_xfeat,13,1,-1,4143.40,2344.47,2344.47
720,4435.00,32.32113398,119.81864283,32.32660968,119.83931940,32.32660968,119.83931940,0.6033,2038.34,1,771,split_xfeat,13,1,-1,2785.98,854.05,854.05
721,4439.00,32.30725453,119.83776466,32.32660968,119.83931940,32.32660968,119.83931940,0.6267,2159.57,1,420,split_xfeat,14,1,-1,1559.41,963.20,963.20
722,4443.00,32.30725453,119.83776466,32.32660968,119.83931940,32.32660968,119.83931940,0.6267,2159.57,1,420,split_xfeat,14,1,-1,1585.41,1454.44,1454.44
723,4447.00,32.30725453,119.83776466,32.32660968,119.83931940,32.32660968,119.83931940,0.6267,2159.57,1,420,split_xfeat,14,1,-1,1618.39,1618.39,1618.39
724,4451.00,32.30725453,119.83776466,32.32660968,119.83931940,32.30725453,119.83776466,0.6267,2159.57,1,420,split_xfeat,14,1,-1,1576.32,1576.32,1576.32
725,4455.00,32.30725453,119.83776466,32.30725453,119.83776466,32.30725453,119.83776466,0.6267,0.00,0,420,split_xfeat,14,1,-1,1619.19,1619.19,1619.19
726,4459.00,32.30725453,119.83776466,32.30725453,119.83776466,32.30725453,119.83776466,0.6267,0.00,0,420,split_xfeat,14,1,-1,1668.13,1668.13,1668.13
727,4463.00,32.30725453,119.83776466,32.30725453,119.83776466,32.30725453,119.83776466,0.6267,0.00,0,420,split_xfeat,14,1,-1,1722.63,1722.63,1722.63
728,4467.00,32.30725453,119.83776466,32.30725453,119.83776466,32.30725453,119.83776466,0.6267,0.00,0,420,split_xfeat,14,1,-1,1782.17,1707.64,1707.64
729,4471.00,32.30725453,119.83776466,32.30725453,119.83776466,32.30725453,119.83776466,0.6267,0.00,0,420,split_xfeat,14,1,-1,1755.10,1496.79,1496.79
730,4475.00,32.30725453,119.83776466,32.30725453,119.83776466,32.30725453,119.83776466,0.6267,0.00,0,420,split_xfeat,14,1,-1,1822.19,1570.04,1570.04
731,4479.00,32.30725453,119.83776466,32.30725453,119.83776466,32.30725453,119.83776466,0.6267,0.00,0,420,split_xfeat,14,1,-1,1893.22,1547.00,1547.00
732,4483.00,32.30725453,119.83776466,32.30725453,119.83776466,32.30725453,119.83776466,0.6267,0.00,0,420,split_xfeat,14,1,-1,1967.76,1513.81,1513.81
733,4487.00,32.32075847,119.84053822,32.30725453,119.83776466,32.30725453,119.83776466,0.5100,1525.73,1,781,split_xfeat,9,1,-1,2130.16,1602.91,1602.91
734,4491.00,32.30725453,119.83776466,32.30725453,119.83776466,32.30725453,119.83776466,0.6267,0.00,0,420,split_xfeat,14,1,-1,2031.42,2002.27,2002.27
735,4495.00,32.30725453,119.83776466,32.30725453,119.83776466,32.30725453,119.83776466,0.6267,0.00,0,420,split_xfeat,14,1,-1,2114.17,2091.50,2091.50
736,4499.00,32.30860054,119.83702829,32.30725453,119.83776466,32.30725453,119.83776466,0.4633,165.08,1,465,split_xfeat,7,1,-1,2182.56,2182.56,2182.56
737,4503.00,32.33485250,119.86070695,32.30725453,119.83776466,32.30725453,119.83776466,0.4867,3754.50,1,1151,split_xfeat,8,1,-1,2973.92,2374.16,2374.16
738,4507.00,32.30725453,119.83776466,32.30725453,119.83776466,32.30725453,119.83776466,0.6267,0.00,0,420,split_xfeat,14,1,-1,2374.54,2369.46,2369.46
739,4511.00,32.30725453,119.83776466,32.30725453,119.83776466,32.30725453,119.83776466,0.6267,0.00,0,420,split_xfeat,14,1,-1,2371.44,2371.05,2371.05
740,4515.00,32.30725453,119.83776466,32.30725453,119.83776466,32.30725453,119.83776466,0.6267,0.00,0,420,split_xfeat,14,1,-1,2463.69,2268.24,2268.24
741,4519.00,32.30725453,119.83776466,32.30725453,119.83776466,32.30725453,119.83776466,0.6267,0.00,0,420,split_xfeat,14,1,-1,2557.28,2557.28,2557.28
742,4523.00,32.30725453,119.83776466,32.30725453,119.83776466,32.30725453,119.83776466,0.6267,0.00,0,420,split_xfeat,14,1,-1,2652.08,2652.08,2652.08
743,4527.00,32.30725453,119.83776466,32.30725453,119.83776466,32.30725453,119.83776466,0.6267,0.00,0,420,split_xfeat,14,1,-1,2748.45,2748.45,2748.45
744,4531.00,32.30725453,119.83776466,32.30725453,119.83776466,32.30725453,119.83776466,0.6267,0.00,0,420,split_xfeat,14,1,-1,2751.63,2751.63,2751.63
745,4535.00,32.30725453,119.83776466,32.30725453,119.83776466,32.30725453,119.83776466,0.6267,0.00,0,420,split_xfeat,14,1,-1,2849.65,2849.65,2849.65
746,4539.00,32.32005619,119.81888406,32.30725453,119.83776466,32.30725453,119.83776466,0.4867,2277.15,1,726,split_xfeat,8,1,-1,5028.28,2975.22,2975.22
747,4543.00,32.32005619,119.81888406,32.30725453,119.83776466,32.30725453,119.83776466,0.4867,2277.15,1,726,split_xfeat,8,1,-1,5135.65,3569.58,3569.58
748,4547.00,32.30725453,119.83776466,32.30725453,119.83776466,32.30725453,119.83776466,0.6267,0.00,0,420,split_xfeat,14,1,-1,3149.64,2521.77,2521.77
749,4550.00,32.30725453,119.83776466,32.30725453,119.83776466,32.30725453,119.83776466,0.6267,0.00,0,420,split_xfeat,14,1,-1,3157.52,2325.10,2325.10
750,4554.00,32.30725453,119.83776466,32.30725453,119.83776466,32.30725453,119.83776466,0.6267,0.00,0,420,split_xfeat,14,1,-1,3259.14,2416.78,2416.78
751,4558.00,32.30725453,119.83776466,32.30725453,119.83776466,32.30725453,119.83776466,0.6267,0.00,0,420,split_xfeat,14,1,-1,3361.24,3361.24,3361.24
752,4562.00,32.30725453,119.83776466,32.30725453,119.83776466,32.30725453,119.83776466,0.6267,0.00,0,420,split_xfeat,14,1,-1,3463.79,3463.79,3463.79
753,4566.00,32.30725453,119.83776466,32.30725453,119.83776466,32.30725453,119.83776466,0.6267,0.00,0,420,split_xfeat,14,1,-1,3568.92,3568.92,3568.92
754,4570.00,32.30725453,119.83776466,32.30725453,119.83776466,32.30725453,119.83776466,0.6267,0.00,0,420,split_xfeat,14,1,-1,3580.38,3580.38,3580.38
755,4574.00,32.30725453,119.83776466,32.30725453,119.83776466,32.30725453,119.83776466,0.6267,0.00,0,420,split_xfeat,14,1,-1,3684.32,3684.32,3684.32
756,4578.00,32.30725453,119.83776466,32.30725453,119.83776466,32.30725453,119.83776466,0.6267,0.00,0,420,split_xfeat,14,1,-1,3788.56,3788.56,3788.56
757,4582.00,32.30725453,119.83776466,32.30725453,119.83776466,32.30725453,119.83776466,0.6267,0.00,0,420,split_xfeat,14,1,-1,3895.75,3895.75,3895.75
758,4586.00,32.30725453,119.83776466,32.30725453,119.83776466,32.30725453,119.83776466,0.6267,0.00,0,420,split_xfeat,14,1,-1,4000.61,4000.61,4000.61
759,4590.00,32.29834652,119.81034173,32.30725453,119.83776466,32.30725453,119.83776466,0.6033,2763.73,1,182,split_xfeat,13,1,-1,6474.48,4115.14,4115.14
760,4595.00,32.33485250,119.86070695,32.30725453,119.83776466,32.30725453,119.83776466,0.4867,3754.50,1,1151,split_xfeat,8,1,-1,4657.56,4657.56,4657.56
761,4599.00,32.30725453,119.83776466,32.30725453,119.83776466,32.30725453,119.83776466,0.6267,0.00,0,420,split_xfeat,14,1,-1,4226.01,4226.01,4226.01
762,4603.00,32.30725453,119.83776466,32.30725453,119.83776466,32.30725453,119.83776466,0.6267,0.00,0,420,split_xfeat,14,1,-1,4335.01,4335.01,4335.01
763,4607.00,32.30725453,119.83776466,32.30725453,119.83776466,32.30725453,119.83776466,0.6267,0.00,0,420,split_xfeat,14,1,-1,4441.09,4441.09,4441.09
764,4611.00,32.30725453,119.83776466,32.30725453,119.83776466,32.30725453,119.83776466,0.6267,0.00,0,420,split_xfeat,14,1,-1,4457.54,4457.54,4457.54
765,4615.00,32.30725453,119.83776466,32.30725453,119.83776466,32.30725453,119.83776466,0.6267,0.00,0,420,split_xfeat,14,1,-1,4564.08,3633.39,3633.39
766,4619.00,32.30725453,119.83776466,32.30725453,119.83776466,32.30725453,119.83776466,0.6267,0.00,0,420,split_xfeat,14,1,-1,4670.74,3543.12,3543.12
767,4623.00,32.31721887,119.83966219,32.30725453,119.83776466,32.30725453,119.83776466,0.5567,1123.50,1,691,split_xfeat,11,1,-1,5116.15,5116.15,5116.15
